Representation,Level,Band,Channel,Feature,Window_Length_s,Baseline_Median_LZC,Modulation_Median_LZC,Delta_LZC_ModMinusBase,Baseline_N_Windows,Modulation_N_Windows,Baseline_Sequence_Length_Min,Baseline_Sequence_Length_Median,Baseline_Sequence_Length_Max,Modulation_Sequence_Length_Min,Modulation_Sequence_Length_Median,Modulation_Sequence_Length_Max,Baseline_Distinct_LZC_Values,Modulation_Distinct_LZC_Values,LZC_Normalization
FFT-derived POW,Band,Theta,ALL_CHANNELS_MEDIAN,BandMedian.Theta,10,0.6321928095,0.6321928095,0,181,181,80,80,81,80,80,81,10,10,c(n)*log2(n)/n; not assumed bounded 0..1
FFT-derived POW,Band,Theta,ALL_CHANNELS_MEDIAN,BandMedian.Theta,30,0.4941806622,0.4941806622,0,60,60,240,240,241,240,240,241,11,13,c(n)*log2(n)/n; not assumed bounded 0..1
FFT-derived POW,Band,Theta,ALL_CHANNELS_MEDIAN,BandMedian.Theta,60,0.4639005519,0.501012596,0.03711204415,30,30,480,480,481,480,480,481,11,12,c(n)*log2(n)/n; not assumed bounded 0..1
FFT-derived POW,Band,Theta,ALL_CHANNELS_MEDIAN,BandMedian.Theta,120,0.4747051744,0.4643854967,-0.0103196777,15,15,960,960,961,960,960,961,10,11,c(n)*log2(n)/n; not assumed bounded 0..1
FFT-derived POW,Band,Alpha,ALL_CHANNELS_MEDIAN,BandMedian.Alpha,10,0.6321928095,0.6321928095,0,181,181,80,80,81,80,80,81,11,13,c(n)*log2(n)/n; not assumed bounded 0..1
FFT-derived POW,Band,Alpha,ALL_CHANNELS_MEDIAN,BandMedian.Alpha,30,0.4612352847,0.4612352847,0,60,60,240,240,241,240,240,241,15,16,c(n)*log2(n)/n; not assumed bounded 0..1
FFT-derived POW,Band,Alpha,ALL_CHANNELS_MEDIAN,BandMedian.Alpha,60,0.3989544746,0.4453445298,0.04639005519,30,30,480,480,481,480,480,481,15,14,c(n)*log2(n)/n; not assumed bounded 0..1
FFT-derived POW,Band,Alpha,ALL_CHANNELS_MEDIAN,BandMedian.Alpha,120,0.3611887196,0.3921477527,0.03095903311,15,15,960,960,961,960,960,961,11,9,c(n)*log2(n)/n; not assumed bounded 0..1
FFT-derived POW,Band,BetaL,ALL_CHANNELS_MEDIAN,BandMedian.BetaL,10,0.6321928095,0.6321928095,0,181,181,80,80,81,80,80,81,11,12,c(n)*log2(n)/n; not assumed bounded 0..1
FFT-derived POW,Band,BetaL,ALL_CHANNELS_MEDIAN,BandMedian.BetaL,30,0.4941806622,0.5271260397,0.03294537748,60,60,240,240,241,240,240,241,13,12,c(n)*log2(n)/n; not assumed bounded 0..1
FFT-derived POW,Band,BetaL,ALL_CHANNELS_MEDIAN,BandMedian.BetaL,60,0.4639005519,0.4731785629,0.009278011037,30,30,480,480,481,480,480,481,12,12,c(n)*log2(n)/n; not assumed bounded 0..1
FFT-derived POW,Band,BetaL,ALL_CHANNELS_MEDIAN,BandMedian.BetaL,120,0.4643854967,0.4850248521,0.02063935541,15,15,960,960,961,960,960,961,11,11,c(n)*log2(n)/n; not assumed bounded 0..1
FFT-derived POW,Band,BetaH,ALL_CHANNELS_MEDIAN,BandMedian.BetaH,10,0.6321928095,0.6321928095,0,181,181,80,80,81,80,80,81,10,11,c(n)*log2(n)/n; not assumed bounded 0..1
FFT-derived POW,Band,BetaH,ALL_CHANNELS_MEDIAN,BandMedian.BetaH,30,0.4941806622,0.5435987284,0.04941806622,60,60,240,240,241,240,240,241,13,15,c(n)*log2(n)/n; not assumed bounded 0..1
FFT-derived POW,Band,BetaH,ALL_CHANNELS_MEDIAN,BandMedian.BetaH,60,0.4639005519,0.501012596,0.03711204415,30,30,480,480,481,480,480,481,13,14,c(n)*log2(n)/n; not assumed bounded 0..1
FFT-derived POW,Band,BetaH,ALL_CHANNELS_MEDIAN,BandMedian.BetaH,120,0.4437461413,0.4643854967,0.02063935541,15,15,960,960,961,960,960,961,10,8,c(n)*log2(n)/n; not assumed bounded 0..1
FFT-derived POW,Band,Gamma,ALL_CHANNELS_MEDIAN,BandMedian.Gamma,10,0.6321928095,0.6321928095,0,181,181,80,80,81,80,80,81,10,12,c(n)*log2(n)/n; not assumed bounded 0..1
FFT-derived POW,Band,Gamma,ALL_CHANNELS_MEDIAN,BandMedian.Gamma,30,0.5271260397,0.5600714172,0.03294537748,60,60,240,240,241,240,240,241,12,13,c(n)*log2(n)/n; not assumed bounded 0..1
FFT-derived POW,Band,Gamma,ALL_CHANNELS_MEDIAN,BandMedian.Gamma,60,0.5195686181,0.501012596,-0.01855602207,30,30,480,480,481,480,480,481,11,14,c(n)*log2(n)/n; not assumed bounded 0..1
FFT-derived POW,Band,Gamma,ALL_CHANNELS_MEDIAN,BandMedian.Gamma,120,0.4850248521,0.4953445298,0.0103196777,15,15,960,960,961,960,960,961,10,9,c(n)*log2(n)/n; not assumed bounded 0..1
FFT-derived POW,Feature,Theta,Cz,POW.Cz.Theta,10,0.6321928095,0.6321928095,0,181,181,80,80,81,80,80,81,11,8,c(n)*log2(n)/n; not assumed bounded 0..1
FFT-derived POW,Feature,Theta,Cz,POW.Cz.Theta,30,0.4941806622,0.4941806622,0,60,60,240,240,241,240,240,241,12,11,c(n)*log2(n)/n; not assumed bounded 0..1
FFT-derived POW,Feature,Theta,Cz,POW.Cz.Theta,60,0.4820362081,0.4727581971,-0.009278011037,30,30,480,480,481,480,480,481,10,9,c(n)*log2(n)/n; not assumed bounded 0..1
FFT-derived POW,Feature,Theta,Cz,POW.Cz.Theta,120,0.4639725993,0.4437461413,-0.02022645805,15,15,960,960,961,960,960,961,11,10,c(n)*log2(n)/n; not assumed bounded 0..1
FFT-derived POW,Feature,Alpha,Cz,POW.Cz.Alpha,10,0.5531687083,0.5531687083,0,181,181,80,80,81,80,80,81,9,10,c(n)*log2(n)/n; not assumed bounded 0..1
FFT-derived POW,Feature,Alpha,Cz,POW.Cz.Alpha,30,0.4612352847,0.4941806622,0.03294537748,60,60,240,240,241,240,240,241,11,12,c(n)*log2(n)/n; not assumed bounded 0..1
FFT-derived POW,Feature,Alpha,Cz,POW.Cz.Alpha,60,0.4639005519,0.4453445298,-0.01855602207,30,30,480,480,481,480,480,481,12,12,c(n)*log2(n)/n; not assumed bounded 0..1
FFT-derived POW,Feature,Alpha,Cz,POW.Cz.Alpha,120,0.4231067859,0.4334264636,0.0103196777,15,15,960,960,961,960,960,961,10,11,c(n)*log2(n)/n; not assumed bounded 0..1
FFT-derived POW,Feature,BetaL,Cz,POW.Cz.BetaL,10,0.5531687083,0.6321928095,0.07902410119,181,181,80,80,81,80,80,81,11,10,c(n)*log2(n)/n; not assumed bounded 0..1
FFT-derived POW,Feature,BetaL,Cz,POW.Cz.BetaL,30,0.4941806622,0.4941806622,0,60,60,240,240,241,240,240,241,12,12,c(n)*log2(n)/n; not assumed bounded 0..1
FFT-derived POW,Feature,BetaL,Cz,POW.Cz.BetaL,60,0.4453445298,0.4639005519,0.01855602207,30,30,480,480,481,480,480,481,14,13,c(n)*log2(n)/n; not assumed bounded 0..1
FFT-derived POW,Feature,BetaL,Cz,POW.Cz.BetaL,120,0.4231067859,0.4433515949,0.02024480904,15,15,960,960,961,960,960,961,11,10,c(n)*log2(n)/n; not assumed bounded 0..1
FFT-derived POW,Feature,BetaH,Cz,POW.Cz.BetaH,10,0.6321928095,0.6321928095,0,181,181,80,80,81,80,80,81,10,10,c(n)*log2(n)/n; not assumed bounded 0..1
FFT-derived POW,Feature,BetaH,Cz,POW.Cz.BetaH,30,0.4941806622,0.4941806622,0,60,60,240,240,241,240,240,241,13,13,c(n)*log2(n)/n; not assumed bounded 0..1
FFT-derived POW,Feature,BetaH,Cz,POW.Cz.BetaH,60,0.4453445298,0.4824565739,0.03711204415,30,30,480,480,481,480,480,481,14,11,c(n)*log2(n)/n; not assumed bounded 0..1
FFT-derived POW,Feature,BetaH,Cz,POW.Cz.BetaH,120,0.4024674304,0.4643854967,0.06191806622,15,15,960,960,961,960,960,961,11,11,c(n)*log2(n)/n; not assumed bounded 0..1
FFT-derived POW,Feature,Gamma,Cz,POW.Cz.Gamma,10,0.6321928095,0.6321928095,0,181,181,80,80,81,80,80,81,10,10,c(n)*log2(n)/n; not assumed bounded 0..1
FFT-derived POW,Feature,Gamma,Cz,POW.Cz.Gamma,30,0.5271260397,0.4941806622,-0.03294537748,60,60,240,240,241,240,240,241,11,11,c(n)*log2(n)/n; not assumed bounded 0..1
FFT-derived POW,Feature,Gamma,Cz,POW.Cz.Gamma,60,0.4639005519,0.463496354,-0.0004041978668,30,30,480,480,481,480,480,481,14,11,c(n)*log2(n)/n; not assumed bounded 0..1
FFT-derived POW,Feature,Gamma,Cz,POW.Cz.Gamma,120,0.4334264636,0.4433515949,0.009925131336,15,15,960,960,961,960,960,961,10,10,c(n)*log2(n)/n; not assumed bounded 0..1
FFT-derived POW,Feature,Theta,Fz,POW.Fz.Theta,10,0.6321928095,0.6321928095,0,181,181,80,80,81,80,80,81,11,10,c(n)*log2(n)/n; not assumed bounded 0..1
FFT-derived POW,Feature,Theta,Fz,POW.Fz.Theta,30,0.4941806622,0.510653351,0.01647268874,60,60,240,240,241,240,240,241,11,11,c(n)*log2(n)/n; not assumed bounded 0..1
FFT-derived POW,Feature,Theta,Fz,POW.Fz.Theta,60,0.4824565739,0.4731785629,-0.009278011037,30,30,480,480,481,480,480,481,10,12,c(n)*log2(n)/n; not assumed bounded 0..1
FFT-derived POW,Feature,Theta,Fz,POW.Fz.Theta,120,0.4433515949,0.4643854967,0.02103390178,15,15,960,960,961,960,960,961,11,8,c(n)*log2(n)/n; not assumed bounded 0..1
FFT-derived POW,Feature,Alpha,Fz,POW.Fz.Alpha,10,0.6321928095,0.6321928095,0,181,181,80,80,81,80,80,81,9,11,c(n)*log2(n)/n; not assumed bounded 0..1
FFT-derived POW,Feature,Alpha,Fz,POW.Fz.Alpha,30,0.4777079735,0.4612352847,-0.01647268874,60,60,240,240,241,240,240,241,13,13,c(n)*log2(n)/n; not assumed bounded 0..1
FFT-derived POW,Feature,Alpha,Fz,POW.Fz.Alpha,60,0.4360665187,0.4453445298,0.009278011037,30,30,480,480,481,480,480,481,11,13,c(n)*log2(n)/n; not assumed bounded 0..1
FFT-derived POW,Feature,Alpha,Fz,POW.Fz.Alpha,120,0.4231067859,0.4231067859,0,15,15,960,960,961,960,960,961,12,9,c(n)*log2(n)/n; not assumed bounded 0..1
FFT-derived POW,Feature,BetaL,Fz,POW.Fz.BetaL,10,0.5531687083,0.6321928095,0.07902410119,181,181,80,80,81,80,80,81,10,10,c(n)*log2(n)/n; not assumed bounded 0..1
FFT-derived POW,Feature,BetaL,Fz,POW.Fz.BetaL,30,0.4941806622,0.5271260397,0.03294537748,60,60,240,240,241,240,240,241,11,13,c(n)*log2(n)/n; not assumed bounded 0..1
FFT-derived POW,Feature,BetaL,Fz,POW.Fz.BetaL,60,0.4453445298,0.4824565739,0.03711204415,30,30,480,480,481,480,480,481,11,12,c(n)*log2(n)/n; not assumed bounded 0..1
FFT-derived POW,Feature,BetaL,Fz,POW.Fz.BetaL,120,0.4231067859,0.4437461413,0.02063935541,15,15,960,960,961,960,960,961,10,9,c(n)*log2(n)/n; not assumed bounded 0..1
FFT-derived POW,Feature,BetaH,Fz,POW.Fz.BetaH,10,0.6321928095,0.6321928095,0,181,181,80,80,81,80,80,81,9,11,c(n)*log2(n)/n; not assumed bounded 0..1
FFT-derived POW,Feature,BetaH,Fz,POW.Fz.BetaH,30,0.4941806622,0.4941806622,0,60,60,240,240,241,240,240,241,11,13,c(n)*log2(n)/n; not assumed bounded 0..1
FFT-derived POW,Feature,BetaH,Fz,POW.Fz.BetaH,60,0.4639005519,0.4639005519,0,30,30,480,480,481,480,480,481,11,14,c(n)*log2(n)/n; not assumed bounded 0..1
FFT-derived POW,Feature,BetaH,Fz,POW.Fz.BetaH,120,0.454065819,0.454065819,0,15,15,960,960,961,960,960,961,11,9,c(n)*log2(n)/n; not assumed bounded 0..1
FFT-derived POW,Feature,Gamma,Fz,POW.Fz.Gamma,10,0.6321928095,0.6321928095,0,181,181,80,80,81,80,80,81,10,12,c(n)*log2(n)/n; not assumed bounded 0..1
FFT-derived POW,Feature,Gamma,Fz,POW.Fz.Gamma,30,0.5271260397,0.4941806622,-0.03294537748,60,60,240,240,241,240,240,241,12,12,c(n)*log2(n)/n; not assumed bounded 0..1
FFT-derived POW,Feature,Gamma,Fz,POW.Fz.Gamma,60,0.4824565739,0.4639005519,-0.01855602207,30,30,480,480,481,480,480,481,12,13,c(n)*log2(n)/n; not assumed bounded 0..1
FFT-derived POW,Feature,Gamma,Fz,POW.Fz.Gamma,120,0.4437461413,0.4536620971,0.009915955839,15,15,960,960,961,960,960,961,8,11,c(n)*log2(n)/n; not assumed bounded 0..1
FFT-derived POW,Feature,Theta,Fp1,POW.Fp1.Theta,10,0.6321928095,0.6321928095,0,181,181,80,80,81,80,80,81,10,11,c(n)*log2(n)/n; not assumed bounded 0..1
FFT-derived POW,Feature,Theta,Fp1,POW.Fp1.Theta,30,0.510653351,0.5271260397,0.01647268874,60,60,240,240,241,240,240,241,13,12,c(n)*log2(n)/n; not assumed bounded 0..1
FFT-derived POW,Feature,Theta,Fp1,POW.Fp1.Theta,60,0.4824565739,0.4824565739,0,30,30,480,480,481,480,480,481,12,12,c(n)*log2(n)/n; not assumed bounded 0..1
FFT-derived POW,Feature,Theta,Fp1,POW.Fp1.Theta,120,0.4639725993,0.4643854967,0.0004128973613,15,15,960,960,961,960,960,961,9,9,c(n)*log2(n)/n; not assumed bounded 0..1
FFT-derived POW,Feature,Alpha,Fp1,POW.Fp1.Alpha,10,0.5531687083,0.5531687083,0,181,181,80,80,81,80,80,81,10,10,c(n)*log2(n)/n; not assumed bounded 0..1
FFT-derived POW,Feature,Alpha,Fp1,POW.Fp1.Alpha,30,0.4612352847,0.4612352847,0,60,60,240,240,241,240,240,241,11,13,c(n)*log2(n)/n; not assumed bounded 0..1
FFT-derived POW,Feature,Alpha,Fp1,POW.Fp1.Alpha,60,0.4356784888,0.4267885077,-0.008889981085,30,30,480,480,481,480,480,481,14,13,c(n)*log2(n)/n; not assumed bounded 0..1
FFT-derived POW,Feature,Alpha,Fp1,POW.Fp1.Alpha,120,0.4024674304,0.4127871082,0.0103196777,15,15,960,960,961,960,960,961,13,9,c(n)*log2(n)/n; not assumed bounded 0..1
FFT-derived POW,Feature,BetaL,Fp1,POW.Fp1.BetaL,10,0.6321928095,0.6321928095,0,181,181,80,80,81,80,80,81,11,11,c(n)*log2(n)/n; not assumed bounded 0..1
FFT-derived POW,Feature,BetaL,Fp1,POW.Fp1.BetaL,30,0.4941806622,0.5271260397,0.03294537748,60,60,240,240,241,240,240,241,11,12,c(n)*log2(n)/n; not assumed bounded 0..1
FFT-derived POW,Feature,BetaL,Fp1,POW.Fp1.BetaL,60,0.4820362081,0.4824565739,0.0004203657814,30,30,480,480,481,480,480,481,10,10,c(n)*log2(n)/n; not assumed bounded 0..1
FFT-derived POW,Feature,BetaL,Fp1,POW.Fp1.BetaL,120,0.4437461413,0.4643854967,0.02063935541,15,15,960,960,961,960,960,961,12,10,c(n)*log2(n)/n; not assumed bounded 0..1
FFT-derived POW,Feature,BetaH,Fp1,POW.Fp1.BetaH,10,0.6321928095,0.6321928095,0,181,181,80,80,81,80,80,81,9,11,c(n)*log2(n)/n; not assumed bounded 0..1
FFT-derived POW,Feature,BetaH,Fp1,POW.Fp1.BetaH,30,0.5271260397,0.5271260397,0,60,60,240,240,241,240,240,241,11,13,c(n)*log2(n)/n; not assumed bounded 0..1
FFT-derived POW,Feature,BetaH,Fp1,POW.Fp1.BetaH,60,0.4731785629,0.4824565739,0.009278011037,30,30,480,480,481,480,480,481,11,11,c(n)*log2(n)/n; not assumed bounded 0..1
FFT-derived POW,Feature,BetaH,Fp1,POW.Fp1.BetaH,120,0.454065819,0.4437461413,-0.0103196777,15,15,960,960,961,960,960,961,10,10,c(n)*log2(n)/n; not assumed bounded 0..1
FFT-derived POW,Feature,Gamma,Fp1,POW.Fp1.Gamma,10,0.6321928095,0.6321928095,0,181,181,80,80,81,80,80,81,11,11,c(n)*log2(n)/n; not assumed bounded 0..1
FFT-derived POW,Feature,Gamma,Fp1,POW.Fp1.Gamma,30,0.4941806622,0.4941806622,0,60,60,240,240,241,240,240,241,12,11,c(n)*log2(n)/n; not assumed bounded 0..1
FFT-derived POW,Feature,Gamma,Fp1,POW.Fp1.Gamma,60,0.4639005519,0.4546225408,-0.009278011037,30,30,480,480,481,480,480,481,11,13,c(n)*log2(n)/n; not assumed bounded 0..1
FFT-derived POW,Feature,Gamma,Fp1,POW.Fp1.Gamma,120,0.454065819,0.4330410927,-0.02102472628,15,15,960,960,961,960,960,961,10,10,c(n)*log2(n)/n; not assumed bounded 0..1
FFT-derived POW,Feature,Theta,F7,POW.F7.Theta,10,0.6321928095,0.6321928095,0,181,181,80,80,81,80,80,81,10,11,c(n)*log2(n)/n; not assumed bounded 0..1
FFT-derived POW,Feature,Theta,F7,POW.F7.Theta,30,0.4941806622,0.4941806622,0,60,60,240,240,241,240,240,241,12,13,c(n)*log2(n)/n; not assumed bounded 0..1
FFT-derived POW,Feature,Theta,F7,POW.F7.Theta,60,0.4639005519,0.4639005519,0,30,30,480,480,481,480,480,481,12,13,c(n)*log2(n)/n; not assumed bounded 0..1
FFT-derived POW,Feature,Theta,F7,POW.F7.Theta,120,0.4437461413,0.454065819,0.0103196777,15,15,960,960,961,960,960,961,10,11,c(n)*log2(n)/n; not assumed bounded 0..1
FFT-derived POW,Feature,Alpha,F7,POW.F7.Alpha,10,0.6321928095,0.5531687083,-0.07902410119,181,181,80,80,81,80,80,81,11,11,c(n)*log2(n)/n; not assumed bounded 0..1
FFT-derived POW,Feature,Alpha,F7,POW.F7.Alpha,30,0.4777079735,0.444762596,-0.03294537748,60,60,240,240,241,240,240,241,14,12,c(n)*log2(n)/n; not assumed bounded 0..1
FFT-derived POW,Feature,Alpha,F7,POW.F7.Alpha,60,0.4267885077,0.4267885077,0,30,30,480,480,481,480,480,481,15,12,c(n)*log2(n)/n; not assumed bounded 0..1
FFT-derived POW,Feature,Alpha,F7,POW.F7.Alpha,120,0.4227305905,0.3917990839,-0.03093150662,15,15,960,960,961,960,960,961,9,12,c(n)*log2(n)/n; not assumed bounded 0..1
FFT-derived POW,Feature,BetaL,F7,POW.F7.BetaL,10,0.6321928095,0.6321928095,0,181,181,80,80,81,80,80,81,9,9,c(n)*log2(n)/n; not assumed bounded 0..1
FFT-derived POW,Feature,BetaL,F7,POW.F7.BetaL,30,0.4941806622,0.5271260397,0.03294537748,60,60,240,240,241,240,240,241,13,12,c(n)*log2(n)/n; not assumed bounded 0..1
FFT-derived POW,Feature,BetaL,F7,POW.F7.BetaL,60,0.4639005519,0.501012596,0.03711204415,30,30,480,480,481,480,480,481,13,13,c(n)*log2(n)/n; not assumed bounded 0..1
FFT-derived POW,Feature,BetaL,F7,POW.F7.BetaL,120,0.4330410927,0.4437461413,0.01070504857,15,15,960,960,961,960,960,961,11,10,c(n)*log2(n)/n; not assumed bounded 0..1
FFT-derived POW,Feature,BetaH,F7,POW.F7.BetaH,10,0.6321928095,0.6321928095,0,181,181,80,80,81,80,80,81,10,9,c(n)*log2(n)/n; not assumed bounded 0..1
FFT-derived POW,Feature,BetaH,F7,POW.F7.BetaH,30,0.4941806622,0.4941806622,0,60,60,240,240,241,240,240,241,11,11,c(n)*log2(n)/n; not assumed bounded 0..1
FFT-derived POW,Feature,BetaH,F7,POW.F7.BetaH,60,0.4824565739,0.4824565739,0,30,30,480,480,481,480,480,481,12,13,c(n)*log2(n)/n; not assumed bounded 0..1
FFT-derived POW,Feature,BetaH,F7,POW.F7.BetaH,120,0.4437461413,0.4643854967,0.02063935541,15,15,960,960,961,960,960,961,11,12,c(n)*log2(n)/n; not assumed bounded 0..1
FFT-derived POW,Feature,Gamma,F7,POW.F7.Gamma,10,0.6321928095,0.6321928095,0,181,181,80,80,81,80,80,81,9,10,c(n)*log2(n)/n; not assumed bounded 0..1
FFT-derived POW,Feature,Gamma,F7,POW.F7.Gamma,30,0.4941806622,0.4941806622,0,60,60,240,240,241,240,240,241,13,11,c(n)*log2(n)/n; not assumed bounded 0..1
FFT-derived POW,Feature,Gamma,F7,POW.F7.Gamma,60,0.4639005519,0.4453445298,-0.01855602207,30,30,480,480,481,480,480,481,13,11,c(n)*log2(n)/n; not assumed bounded 0..1
FFT-derived POW,Feature,Gamma,F7,POW.F7.Gamma,120,0.4231067859,0.4334264636,0.0103196777,15,15,960,960,961,960,960,961,12,10,c(n)*log2(n)/n; not assumed bounded 0..1
FFT-derived POW,Feature,Theta,F3,POW.F3.Theta,10,0.6321928095,0.6321928095,0,181,181,80,80,81,80,80,81,11,12,c(n)*log2(n)/n; not assumed bounded 0..1
FFT-derived POW,Feature,Theta,F3,POW.F3.Theta,30,0.4941806622,0.5271260397,0.03294537748,60,60,240,240,241,240,240,241,12,10,c(n)*log2(n)/n; not assumed bounded 0..1
FFT-derived POW,Feature,Theta,F3,POW.F3.Theta,60,0.4639005519,0.4824565739,0.01855602207,30,30,480,480,481,480,480,481,9,12,c(n)*log2(n)/n; not assumed bounded 0..1
FFT-derived POW,Feature,Theta,F3,POW.F3.Theta,120,0.454065819,0.4747051744,0.02063935541,15,15,960,960,961,960,960,961,8,10,c(n)*log2(n)/n; not assumed bounded 0..1
FFT-derived POW,Feature,Alpha,F3,POW.F3.Alpha,10,0.5531687083,0.6321928095,0.07902410119,181,181,80,80,81,80,80,81,11,10,c(n)*log2(n)/n; not assumed bounded 0..1
FFT-derived POW,Feature,Alpha,F3,POW.F3.Alpha,30,0.4777079735,0.4612352847,-0.01647268874,60,60,240,240,241,240,240,241,13,11,c(n)*log2(n)/n; not assumed bounded 0..1
FFT-derived POW,Feature,Alpha,F3,POW.F3.Alpha,60,0.4267885077,0.4267885077,0,30,30,480,480,481,480,480,481,14,12,c(n)*log2(n)/n; not assumed bounded 0..1
FFT-derived POW,Feature,Alpha,F3,POW.F3.Alpha,120,0.4231067859,0.4334264636,0.0103196777,15,15,960,960,961,960,960,961,9,10,c(n)*log2(n)/n; not assumed bounded 0..1
FFT-derived POW,Feature,BetaL,F3,POW.F3.BetaL,10,0.6321928095,0.6321928095,0,181,181,80,80,81,80,80,81,10,10,c(n)*log2(n)/n; not assumed bounded 0..1
FFT-derived POW,Feature,BetaL,F3,POW.F3.BetaL,30,0.4941806622,0.4941806622,0,60,60,240,240,241,240,240,241,12,11,c(n)*log2(n)/n; not assumed bounded 0..1
FFT-derived POW,Feature,BetaL,F3,POW.F3.BetaL,60,0.4546225408,0.4824565739,0.02783403311,30,30,480,480,481,480,480,481,14,11,c(n)*log2(n)/n; not assumed bounded 0..1
FFT-derived POW,Feature,BetaL,F3,POW.F3.BetaL,120,0.454065819,0.454065819,0,15,15,960,960,961,960,960,961,10,10,c(n)*log2(n)/n; not assumed bounded 0..1
FFT-derived POW,Feature,BetaH,F3,POW.F3.BetaH,10,0.6321928095,0.6321928095,0,181,181,80,80,81,80,80,81,9,10,c(n)*log2(n)/n; not assumed bounded 0..1
FFT-derived POW,Feature,BetaH,F3,POW.F3.BetaH,30,0.5271260397,0.4941806622,-0.03294537748,60,60,240,240,241,240,240,241,12,11,c(n)*log2(n)/n; not assumed bounded 0..1
FFT-derived POW,Feature,BetaH,F3,POW.F3.BetaH,60,0.4639005519,0.4731785629,0.009278011037,30,30,480,480,481,480,480,481,9,12,c(n)*log2(n)/n; not assumed bounded 0..1
FFT-derived POW,Feature,BetaH,F3,POW.F3.BetaH,120,0.454065819,0.4437461413,-0.0103196777,15,15,960,960,961,960,960,961,10,10,c(n)*log2(n)/n; not assumed bounded 0..1
FFT-derived POW,Feature,Gamma,F3,POW.F3.Gamma,10,0.6321928095,0.6321928095,0,181,181,80,80,81,80,80,81,10,10,c(n)*log2(n)/n; not assumed bounded 0..1
FFT-derived POW,Feature,Gamma,F3,POW.F3.Gamma,30,0.5271260397,0.4941806622,-0.03294537748,60,60,240,240,241,240,240,241,11,12,c(n)*log2(n)/n; not assumed bounded 0..1
FFT-derived POW,Feature,Gamma,F3,POW.F3.Gamma,60,0.4639005519,0.4639005519,0,30,30,480,480,481,480,480,481,13,11,c(n)*log2(n)/n; not assumed bounded 0..1
FFT-derived POW,Feature,Gamma,F3,POW.F3.Gamma,120,0.4433515949,0.4437461413,0.0003945463675,15,15,960,960,961,960,960,961,9,8,c(n)*log2(n)/n; not assumed bounded 0..1
FFT-derived POW,Feature,Theta,FC1,POW.FC1.Theta,10,0.6321928095,0.6321928095,0,181,181,80,80,81,80,80,81,11,11,c(n)*log2(n)/n; not assumed bounded 0..1
FFT-derived POW,Feature,Theta,FC1,POW.FC1.Theta,30,0.4941806622,0.5271260397,0.03294537748,60,60,240,240,241,240,240,241,10,12,c(n)*log2(n)/n; not assumed bounded 0..1
FFT-derived POW,Feature,Theta,FC1,POW.FC1.Theta,60,0.4731785629,0.501012596,0.02783403311,30,30,480,480,481,480,480,481,10,11,c(n)*log2(n)/n; not assumed bounded 0..1
FFT-derived POW,Feature,Theta,FC1,POW.FC1.Theta,120,0.4437461413,0.4643854967,0.02063935541,15,15,960,960,961,960,960,961,9,9,c(n)*log2(n)/n; not assumed bounded 0..1
FFT-derived POW,Feature,Alpha,FC1,POW.FC1.Alpha,10,0.6321928095,0.6321928095,0,181,181,80,80,81,80,80,81,11,10,c(n)*log2(n)/n; not assumed bounded 0..1
FFT-derived POW,Feature,Alpha,FC1,POW.FC1.Alpha,30,0.4941806622,0.4941806622,0,60,60,240,240,241,240,240,241,11,13,c(n)*log2(n)/n; not assumed bounded 0..1
FFT-derived POW,Feature,Alpha,FC1,POW.FC1.Alpha,60,0.4453445298,0.4453445298,0,30,30,480,480,481,480,480,481,12,10,c(n)*log2(n)/n; not assumed bounded 0..1
FFT-derived POW,Feature,Alpha,FC1,POW.FC1.Alpha,120,0.4334264636,0.454065819,0.02063935541,15,15,960,960,961,960,960,961,10,10,c(n)*log2(n)/n; not assumed bounded 0..1
FFT-derived POW,Feature,BetaL,FC1,POW.FC1.BetaL,10,0.6321928095,0.6321928095,0,181,181,80,80,81,80,80,81,10,10,c(n)*log2(n)/n; not assumed bounded 0..1
FFT-derived POW,Feature,BetaL,FC1,POW.FC1.BetaL,30,0.4941806622,0.5271260397,0.03294537748,60,60,240,240,241,240,240,241,11,13,c(n)*log2(n)/n; not assumed bounded 0..1
FFT-derived POW,Feature,BetaL,FC1,POW.FC1.BetaL,60,0.4546225408,0.4731785629,0.01855602207,30,30,480,480,481,480,480,481,11,13,c(n)*log2(n)/n; not assumed bounded 0..1
FFT-derived POW,Feature,BetaL,FC1,POW.FC1.BetaL,120,0.4334264636,0.454065819,0.02063935541,15,15,960,960,961,960,960,961,11,10,c(n)*log2(n)/n; not assumed bounded 0..1
FFT-derived POW,Feature,BetaH,FC1,POW.FC1.BetaH,10,0.6321928095,0.6321928095,0,181,181,80,80,81,80,80,81,10,11,c(n)*log2(n)/n; not assumed bounded 0..1
FFT-derived POW,Feature,BetaH,FC1,POW.FC1.BetaH,30,0.4941806622,0.4941806622,0,60,60,240,240,241,240,240,241,12,12,c(n)*log2(n)/n; not assumed bounded 0..1
FFT-derived POW,Feature,BetaH,FC1,POW.FC1.BetaH,60,0.4824565739,0.4824565739,0,30,30,480,480,481,480,480,481,11,12,c(n)*log2(n)/n; not assumed bounded 0..1
FFT-derived POW,Feature,BetaH,FC1,POW.FC1.BetaH,120,0.454065819,0.4643854967,0.0103196777,15,15,960,960,961,960,960,961,13,10,c(n)*log2(n)/n; not assumed bounded 0..1
FFT-derived POW,Feature,Gamma,FC1,POW.FC1.Gamma,10,0.6321928095,0.6321928095,0,181,181,80,80,81,80,80,81,9,10,c(n)*log2(n)/n; not assumed bounded 0..1
FFT-derived POW,Feature,Gamma,FC1,POW.FC1.Gamma,30,0.5262315455,0.5271260397,0.0008944941696,60,60,240,240,241,240,240,241,12,11,c(n)*log2(n)/n; not assumed bounded 0..1
FFT-derived POW,Feature,Gamma,FC1,POW.FC1.Gamma,60,0.4824565739,0.501012596,0.01855602207,30,30,480,480,481,480,480,481,12,13,c(n)*log2(n)/n; not assumed bounded 0..1
FFT-derived POW,Feature,Gamma,FC1,POW.FC1.Gamma,120,0.4747051744,0.4747051744,0,15,15,960,960,961,960,960,961,13,10,c(n)*log2(n)/n; not assumed bounded 0..1
FFT-derived POW,Feature,Theta,C3,POW.C3.Theta,10,0.6321928095,0.6321928095,0,181,181,80,80,81,80,80,81,11,10,c(n)*log2(n)/n; not assumed bounded 0..1
FFT-derived POW,Feature,Theta,C3,POW.C3.Theta,30,0.4941806622,0.5271260397,0.03294537748,60,60,240,240,241,240,240,241,9,11,c(n)*log2(n)/n; not assumed bounded 0..1
FFT-derived POW,Feature,Theta,C3,POW.C3.Theta,60,0.4731785629,0.4824565739,0.009278011037,30,30,480,480,481,480,480,481,11,12,c(n)*log2(n)/n; not assumed bounded 0..1
FFT-derived POW,Feature,Theta,C3,POW.C3.Theta,120,0.4334264636,0.4536620971,0.02023563354,15,15,960,960,961,960,960,961,9,9,c(n)*log2(n)/n; not assumed bounded 0..1
FFT-derived POW,Feature,Alpha,C3,POW.C3.Alpha,10,0.5531687083,0.6321928095,0.07902410119,181,181,80,80,81,80,80,81,9,10,c(n)*log2(n)/n; not assumed bounded 0..1
FFT-derived POW,Feature,Alpha,C3,POW.C3.Alpha,30,0.4612352847,0.4941806622,0.03294537748,60,60,240,240,241,240,240,241,14,12,c(n)*log2(n)/n; not assumed bounded 0..1
FFT-derived POW,Feature,Alpha,C3,POW.C3.Alpha,60,0.4267885077,0.4453445298,0.01855602207,30,30,480,480,481,480,480,481,12,11,c(n)*log2(n)/n; not assumed bounded 0..1
FFT-derived POW,Feature,Alpha,C3,POW.C3.Alpha,120,0.4127871082,0.4231067859,0.0103196777,15,15,960,960,961,960,960,961,11,8,c(n)*log2(n)/n; not assumed bounded 0..1
FFT-derived POW,Feature,BetaL,C3,POW.C3.BetaL,10,0.6321928095,0.6321928095,0,181,181,80,80,81,80,80,81,11,10,c(n)*log2(n)/n; not assumed bounded 0..1
FFT-derived POW,Feature,BetaL,C3,POW.C3.BetaL,30,0.4941806622,0.4941806622,0,60,60,240,240,241,240,240,241,12,12,c(n)*log2(n)/n; not assumed bounded 0..1
FFT-derived POW,Feature,BetaL,C3,POW.C3.BetaL,60,0.463496354,0.4639005519,0.0004041978668,30,30,480,480,481,480,480,481,10,14,c(n)*log2(n)/n; not assumed bounded 0..1
FFT-derived POW,Feature,BetaL,C3,POW.C3.BetaL,120,0.4437461413,0.4334264636,-0.0103196777,15,15,960,960,961,960,960,961,9,13,c(n)*log2(n)/n; not assumed bounded 0..1
FFT-derived POW,Feature,BetaH,C3,POW.C3.BetaH,10,0.6321928095,0.6321928095,0,181,181,80,80,81,80,80,81,11,9,c(n)*log2(n)/n; not assumed bounded 0..1
FFT-derived POW,Feature,BetaH,C3,POW.C3.BetaH,30,0.4941806622,0.510653351,0.01647268874,60,60,240,240,241,240,240,241,11,11,c(n)*log2(n)/n; not assumed bounded 0..1
FFT-derived POW,Feature,BetaH,C3,POW.C3.BetaH,60,0.4639005519,0.491734585,0.02783403311,30,30,480,480,481,480,480,481,10,12,c(n)*log2(n)/n; not assumed bounded 0..1
FFT-derived POW,Feature,BetaH,C3,POW.C3.BetaH,120,0.4536620971,0.4639725993,0.01031050221,15,15,960,960,961,960,960,961,11,11,c(n)*log2(n)/n; not assumed bounded 0..1
FFT-derived POW,Feature,Gamma,C3,POW.C3.Gamma,10,0.6321928095,0.6321928095,0,181,181,80,80,81,80,80,81,11,9,c(n)*log2(n)/n; not assumed bounded 0..1
FFT-derived POW,Feature,Gamma,C3,POW.C3.Gamma,30,0.5271260397,0.5271260397,0,60,60,240,240,241,240,240,241,12,11,c(n)*log2(n)/n; not assumed bounded 0..1
FFT-derived POW,Feature,Gamma,C3,POW.C3.Gamma,60,0.4824565739,0.4824565739,0,30,30,480,480,481,480,480,481,12,13,c(n)*log2(n)/n; not assumed bounded 0..1
FFT-derived POW,Feature,Gamma,C3,POW.C3.Gamma,120,0.454065819,0.4643854967,0.0103196777,15,15,960,960,961,960,960,961,9,7,c(n)*log2(n)/n; not assumed bounded 0..1
FFT-derived POW,Feature,Theta,FC5,POW.FC5.Theta,10,0.6321928095,0.6321928095,0,181,181,80,80,81,80,80,81,11,10,c(n)*log2(n)/n; not assumed bounded 0..1
FFT-derived POW,Feature,Theta,FC5,POW.FC5.Theta,30,0.4941806622,0.5271260397,0.03294537748,60,60,240,240,241,240,240,241,12,10,c(n)*log2(n)/n; not assumed bounded 0..1
FFT-derived POW,Feature,Theta,FC5,POW.FC5.Theta,60,0.4639005519,0.4824565739,0.01855602207,30,30,480,480,481,480,480,481,11,10,c(n)*log2(n)/n; not assumed bounded 0..1
FFT-derived POW,Feature,Theta,FC5,POW.FC5.Theta,120,0.4334264636,0.454065819,0.02063935541,15,15,960,960,961,960,960,961,9,10,c(n)*log2(n)/n; not assumed bounded 0..1
FFT-derived POW,Feature,Alpha,FC5,POW.FC5.Alpha,10,0.6321928095,0.5531687083,-0.07902410119,181,181,80,80,81,80,80,81,11,10,c(n)*log2(n)/n; not assumed bounded 0..1
FFT-derived POW,Feature,Alpha,FC5,POW.FC5.Alpha,30,0.4941806622,0.4941806622,0,60,60,240,240,241,240,240,241,13,12,c(n)*log2(n)/n; not assumed bounded 0..1
FFT-derived POW,Feature,Alpha,FC5,POW.FC5.Alpha,60,0.4639005519,0.4453445298,-0.01855602207,30,30,480,480,481,480,480,481,14,14,c(n)*log2(n)/n; not assumed bounded 0..1
FFT-derived POW,Feature,Alpha,FC5,POW.FC5.Alpha,120,0.4433515949,0.4231067859,-0.02024480904,15,15,960,960,961,960,960,961,9,10,c(n)*log2(n)/n; not assumed bounded 0..1
FFT-derived POW,Feature,BetaL,FC5,POW.FC5.BetaL,10,0.6321928095,0.6321928095,0,181,181,80,80,81,80,80,81,11,10,c(n)*log2(n)/n; not assumed bounded 0..1
FFT-derived POW,Feature,BetaL,FC5,POW.FC5.BetaL,30,0.4941806622,0.4941806622,0,60,60,240,240,241,240,240,241,11,13,c(n)*log2(n)/n; not assumed bounded 0..1
FFT-derived POW,Feature,BetaL,FC5,POW.FC5.BetaL,60,0.4639005519,0.4824565739,0.01855602207,30,30,480,480,481,480,480,481,10,14,c(n)*log2(n)/n; not assumed bounded 0..1
FFT-derived POW,Feature,BetaL,FC5,POW.FC5.BetaL,120,0.4643854967,0.454065819,-0.0103196777,15,15,960,960,961,960,960,961,11,11,c(n)*log2(n)/n; not assumed bounded 0..1
FFT-derived POW,Feature,BetaH,FC5,POW.FC5.BetaH,10,0.6321928095,0.6321928095,0,181,181,80,80,81,80,80,81,7,9,c(n)*log2(n)/n; not assumed bounded 0..1
FFT-derived POW,Feature,BetaH,FC5,POW.FC5.BetaH,30,0.5271260397,0.4941806622,-0.03294537748,60,60,240,240,241,240,240,241,12,12,c(n)*log2(n)/n; not assumed bounded 0..1
FFT-derived POW,Feature,BetaH,FC5,POW.FC5.BetaH,60,0.4731785629,0.4912980513,0.01811948838,30,30,480,480,481,480,480,481,12,12,c(n)*log2(n)/n; not assumed bounded 0..1
FFT-derived POW,Feature,BetaH,FC5,POW.FC5.BetaH,120,0.4437461413,0.4437461413,0,15,15,960,960,961,960,960,961,10,10,c(n)*log2(n)/n; not assumed bounded 0..1
FFT-derived POW,Feature,Gamma,FC5,POW.FC5.Gamma,10,0.6321928095,0.6321928095,0,181,181,80,80,81,80,80,81,10,9,c(n)*log2(n)/n; not assumed bounded 0..1
FFT-derived POW,Feature,Gamma,FC5,POW.FC5.Gamma,30,0.4941806622,0.4612352847,-0.03294537748,60,60,240,240,241,240,240,241,13,11,c(n)*log2(n)/n; not assumed bounded 0..1
FFT-derived POW,Feature,Gamma,FC5,POW.FC5.Gamma,60,0.4639005519,0.4546225408,-0.009278011037,30,30,480,480,481,480,480,481,10,10,c(n)*log2(n)/n; not assumed bounded 0..1
FFT-derived POW,Feature,Gamma,FC5,POW.FC5.Gamma,120,0.454065819,0.4433515949,-0.01071422407,15,15,960,960,961,960,960,961,11,9,c(n)*log2(n)/n; not assumed bounded 0..1
FFT-derived POW,Feature,Theta,FT9,POW.FT9.Theta,10,0.6321928095,0.5531687083,-0.07902410119,181,181,80,80,81,80,80,81,11,10,c(n)*log2(n)/n; not assumed bounded 0..1
FFT-derived POW,Feature,Theta,FT9,POW.FT9.Theta,30,0.4941806622,0.4612352847,-0.03294537748,60,60,240,240,241,240,240,241,11,12,c(n)*log2(n)/n; not assumed bounded 0..1
FFT-derived POW,Feature,Theta,FT9,POW.FT9.Theta,60,0.4453445298,0.4360665187,-0.009278011037,30,30,480,480,481,480,480,481,11,13,c(n)*log2(n)/n; not assumed bounded 0..1
FFT-derived POW,Feature,Theta,FT9,POW.FT9.Theta,120,0.4334264636,0.4231067859,-0.0103196777,15,15,960,960,961,960,960,961,9,11,c(n)*log2(n)/n; not assumed bounded 0..1
FFT-derived POW,Feature,Alpha,FT9,POW.FT9.Alpha,10,0.6321928095,0.5531687083,-0.07902410119,181,181,80,80,81,80,80,81,11,10,c(n)*log2(n)/n; not assumed bounded 0..1
FFT-derived POW,Feature,Alpha,FT9,POW.FT9.Alpha,30,0.4941806622,0.4612352847,-0.03294537748,60,60,240,240,241,240,240,241,13,13,c(n)*log2(n)/n; not assumed bounded 0..1
FFT-derived POW,Feature,Alpha,FT9,POW.FT9.Alpha,60,0.4360665187,0.4360665187,0,30,30,480,480,481,480,480,481,12,12,c(n)*log2(n)/n; not assumed bounded 0..1
FFT-derived POW,Feature,Alpha,FT9,POW.FT9.Alpha,120,0.4231067859,0.4024674304,-0.02063935541,15,15,960,960,961,960,960,961,9,10,c(n)*log2(n)/n; not assumed bounded 0..1
FFT-derived POW,Feature,BetaL,FT9,POW.FT9.BetaL,10,0.6321928095,0.6321928095,0,181,181,80,80,81,80,80,81,9,10,c(n)*log2(n)/n; not assumed bounded 0..1
FFT-derived POW,Feature,BetaL,FT9,POW.FT9.BetaL,30,0.510653351,0.5271260397,0.01647268874,60,60,240,240,241,240,240,241,12,13,c(n)*log2(n)/n; not assumed bounded 0..1
FFT-derived POW,Feature,BetaL,FT9,POW.FT9.BetaL,60,0.4453445298,0.4824565739,0.03711204415,30,30,480,480,481,480,480,481,13,11,c(n)*log2(n)/n; not assumed bounded 0..1
FFT-derived POW,Feature,BetaL,FT9,POW.FT9.BetaL,120,0.4437461413,0.4747051744,0.03095903311,15,15,960,960,961,960,960,961,9,9,c(n)*log2(n)/n; not assumed bounded 0..1
FFT-derived POW,Feature,BetaH,FT9,POW.FT9.BetaH,10,0.6321928095,0.6321928095,0,181,181,80,80,81,80,80,81,11,10,c(n)*log2(n)/n; not assumed bounded 0..1
FFT-derived POW,Feature,BetaH,FT9,POW.FT9.BetaH,30,0.5271260397,0.4941806622,-0.03294537748,60,60,240,240,241,240,240,241,10,12,c(n)*log2(n)/n; not assumed bounded 0..1
FFT-derived POW,Feature,BetaH,FT9,POW.FT9.BetaH,60,0.4824565739,0.4824565739,0,30,30,480,480,481,480,480,481,11,10,c(n)*log2(n)/n; not assumed bounded 0..1
FFT-derived POW,Feature,BetaH,FT9,POW.FT9.BetaH,120,0.4643854967,0.4643854967,0,15,15,960,960,961,960,960,961,9,11,c(n)*log2(n)/n; not assumed bounded 0..1
FFT-derived POW,Feature,Gamma,FT9,POW.FT9.Gamma,10,0.6321928095,0.6321928095,0,181,181,80,80,81,80,80,81,11,11,c(n)*log2(n)/n; not assumed bounded 0..1
FFT-derived POW,Feature,Gamma,FT9,POW.FT9.Gamma,30,0.5271260397,0.510653351,-0.01647268874,60,60,240,240,241,240,240,241,11,12,c(n)*log2(n)/n; not assumed bounded 0..1
FFT-derived POW,Feature,Gamma,FT9,POW.FT9.Gamma,60,0.491734585,0.4824565739,-0.009278011037,30,30,480,480,481,480,480,481,11,12,c(n)*log2(n)/n; not assumed bounded 0..1
FFT-derived POW,Feature,Gamma,FT9,POW.FT9.Gamma,120,0.4747051744,0.4643854967,-0.0103196777,15,15,960,960,961,960,960,961,9,9,c(n)*log2(n)/n; not assumed bounded 0..1
FFT-derived POW,Feature,Theta,T7,POW.T7.Theta,10,0.6321928095,0.6321928095,0,181,181,80,80,81,80,80,81,11,11,c(n)*log2(n)/n; not assumed bounded 0..1
FFT-derived POW,Feature,Theta,T7,POW.T7.Theta,30,0.5271260397,0.510653351,-0.01647268874,60,60,240,240,241,240,240,241,12,14,c(n)*log2(n)/n; not assumed bounded 0..1
FFT-derived POW,Feature,Theta,T7,POW.T7.Theta,60,0.4824565739,0.4639005519,-0.01855602207,30,30,480,480,481,480,480,481,11,12,c(n)*log2(n)/n; not assumed bounded 0..1
FFT-derived POW,Feature,Theta,T7,POW.T7.Theta,120,0.4643854967,0.454065819,-0.0103196777,15,15,960,960,961,960,960,961,11,9,c(n)*log2(n)/n; not assumed bounded 0..1
FFT-derived POW,Feature,Alpha,T7,POW.T7.Alpha,10,0.5531687083,0.6321928095,0.07902410119,181,181,80,80,81,80,80,81,11,9,c(n)*log2(n)/n; not assumed bounded 0..1
FFT-derived POW,Feature,Alpha,T7,POW.T7.Alpha,30,0.4941806622,0.4777079735,-0.01647268874,60,60,240,240,241,240,240,241,13,12,c(n)*log2(n)/n; not assumed bounded 0..1
FFT-derived POW,Feature,Alpha,T7,POW.T7.Alpha,60,0.4453445298,0.4360665187,-0.009278011037,30,30,480,480,481,480,480,481,13,12,c(n)*log2(n)/n; not assumed bounded 0..1
FFT-derived POW,Feature,Alpha,T7,POW.T7.Alpha,120,0.4231067859,0.4334264636,0.0103196777,15,15,960,960,961,960,960,961,11,11,c(n)*log2(n)/n; not assumed bounded 0..1
FFT-derived POW,Feature,BetaL,T7,POW.T7.BetaL,10,0.6321928095,0.6321928095,0,181,181,80,80,81,80,80,81,11,10,c(n)*log2(n)/n; not assumed bounded 0..1
FFT-derived POW,Feature,BetaL,T7,POW.T7.BetaL,30,0.4941806622,0.5271260397,0.03294537748,60,60,240,240,241,240,240,241,12,10,c(n)*log2(n)/n; not assumed bounded 0..1
FFT-derived POW,Feature,BetaL,T7,POW.T7.BetaL,60,0.4546225408,0.4824565739,0.02783403311,30,30,480,480,481,480,480,481,11,13,c(n)*log2(n)/n; not assumed bounded 0..1
FFT-derived POW,Feature,BetaL,T7,POW.T7.BetaL,120,0.4334264636,0.454065819,0.02063935541,15,15,960,960,961,960,960,961,9,9,c(n)*log2(n)/n; not assumed bounded 0..1
FFT-derived POW,Feature,BetaH,T7,POW.T7.BetaH,10,0.6321928095,0.6321928095,0,181,181,80,80,81,80,80,81,9,9,c(n)*log2(n)/n; not assumed bounded 0..1
FFT-derived POW,Feature,BetaH,T7,POW.T7.BetaH,30,0.4941806622,0.4941806622,0,60,60,240,240,241,240,240,241,12,9,c(n)*log2(n)/n; not assumed bounded 0..1
FFT-derived POW,Feature,BetaH,T7,POW.T7.BetaH,60,0.4639005519,0.4824565739,0.01855602207,30,30,480,480,481,480,480,481,10,11,c(n)*log2(n)/n; not assumed bounded 0..1
FFT-derived POW,Feature,BetaH,T7,POW.T7.BetaH,120,0.4437461413,0.4437461413,0,15,15,960,960,961,960,960,961,10,9,c(n)*log2(n)/n; not assumed bounded 0..1
FFT-derived POW,Feature,Gamma,T7,POW.T7.Gamma,10,0.6321928095,0.6321928095,0,181,181,80,80,81,80,80,81,10,10,c(n)*log2(n)/n; not assumed bounded 0..1
FFT-derived POW,Feature,Gamma,T7,POW.T7.Gamma,30,0.4941806622,0.5271260397,0.03294537748,60,60,240,240,241,240,240,241,12,14,c(n)*log2(n)/n; not assumed bounded 0..1
FFT-derived POW,Feature,Gamma,T7,POW.T7.Gamma,60,0.4731785629,0.501012596,0.02783403311,30,30,480,480,481,480,480,481,11,14,c(n)*log2(n)/n; not assumed bounded 0..1
FFT-derived POW,Feature,Gamma,T7,POW.T7.Gamma,120,0.4639725993,0.4747051744,0.01073257507,15,15,960,960,961,960,960,961,10,9,c(n)*log2(n)/n; not assumed bounded 0..1
FFT-derived POW,Feature,Theta,CP5,POW.CP5.Theta,10,0.6321928095,0.6321928095,0,181,181,80,80,81,80,80,81,11,10,c(n)*log2(n)/n; not assumed bounded 0..1
FFT-derived POW,Feature,Theta,CP5,POW.CP5.Theta,30,0.510653351,0.4941806622,-0.01647268874,60,60,240,240,241,240,240,241,12,13,c(n)*log2(n)/n; not assumed bounded 0..1
FFT-derived POW,Feature,Theta,CP5,POW.CP5.Theta,60,0.4731785629,0.4639005519,-0.009278011037,30,30,480,480,481,480,480,481,10,11,c(n)*log2(n)/n; not assumed bounded 0..1
FFT-derived POW,Feature,Theta,CP5,POW.CP5.Theta,120,0.4437461413,0.454065819,0.0103196777,15,15,960,960,961,960,960,961,10,10,c(n)*log2(n)/n; not assumed bounded 0..1
FFT-derived POW,Feature,Alpha,CP5,POW.CP5.Alpha,10,0.5531687083,0.6321928095,0.07902410119,181,181,80,80,81,80,80,81,10,9,c(n)*log2(n)/n; not assumed bounded 0..1
FFT-derived POW,Feature,Alpha,CP5,POW.CP5.Alpha,30,0.4439799136,0.4941806622,0.05020074862,60,60,240,240,241,240,240,241,14,12,c(n)*log2(n)/n; not assumed bounded 0..1
FFT-derived POW,Feature,Alpha,CP5,POW.CP5.Alpha,60,0.3989544746,0.4639005519,0.06494607726,30,30,480,480,481,480,480,481,14,13,c(n)*log2(n)/n; not assumed bounded 0..1
FFT-derived POW,Feature,Alpha,CP5,POW.CP5.Alpha,120,0.3921477527,0.4437461413,0.05159838852,15,15,960,960,961,960,960,961,9,10,c(n)*log2(n)/n; not assumed bounded 0..1
FFT-derived POW,Feature,BetaL,CP5,POW.CP5.BetaL,10,0.6321928095,0.6321928095,0,181,181,80,80,81,80,80,81,10,10,c(n)*log2(n)/n; not assumed bounded 0..1
FFT-derived POW,Feature,BetaL,CP5,POW.CP5.BetaL,30,0.4941806622,0.4941806622,0,60,60,240,240,241,240,240,241,10,11,c(n)*log2(n)/n; not assumed bounded 0..1
FFT-derived POW,Feature,BetaL,CP5,POW.CP5.BetaL,60,0.4639005519,0.4639005519,0,30,30,480,480,481,480,480,481,11,13,c(n)*log2(n)/n; not assumed bounded 0..1
FFT-derived POW,Feature,BetaL,CP5,POW.CP5.BetaL,120,0.454065819,0.4437461413,-0.0103196777,15,15,960,960,961,960,960,961,9,13,c(n)*log2(n)/n; not assumed bounded 0..1
FFT-derived POW,Feature,BetaH,CP5,POW.CP5.BetaH,10,0.6321928095,0.6321928095,0,181,181,80,80,81,80,80,81,10,9,c(n)*log2(n)/n; not assumed bounded 0..1
FFT-derived POW,Feature,BetaH,CP5,POW.CP5.BetaH,30,0.4941806622,0.4941806622,0,60,60,240,240,241,240,240,241,12,12,c(n)*log2(n)/n; not assumed bounded 0..1
FFT-derived POW,Feature,BetaH,CP5,POW.CP5.BetaH,60,0.4727581971,0.4639005519,-0.008857645256,30,30,480,480,481,480,480,481,13,11,c(n)*log2(n)/n; not assumed bounded 0..1
FFT-derived POW,Feature,BetaH,CP5,POW.CP5.BetaH,120,0.4437461413,0.4334264636,-0.0103196777,15,15,960,960,961,960,960,961,11,8,c(n)*log2(n)/n; not assumed bounded 0..1
FFT-derived POW,Feature,Gamma,CP5,POW.CP5.Gamma,10,0.6321928095,0.6321928095,0,181,181,80,80,81,80,80,81,9,11,c(n)*log2(n)/n; not assumed bounded 0..1
FFT-derived POW,Feature,Gamma,CP5,POW.CP5.Gamma,30,0.5271260397,0.4941806622,-0.03294537748,60,60,240,240,241,240,240,241,11,12,c(n)*log2(n)/n; not assumed bounded 0..1
FFT-derived POW,Feature,Gamma,CP5,POW.CP5.Gamma,60,0.4824565739,0.4639005519,-0.01855602207,30,30,480,480,481,480,480,481,9,12,c(n)*log2(n)/n; not assumed bounded 0..1
FFT-derived POW,Feature,Gamma,CP5,POW.CP5.Gamma,120,0.4747051744,0.454065819,-0.02063935541,15,15,960,960,961,960,960,961,9,11,c(n)*log2(n)/n; not assumed bounded 0..1
FFT-derived POW,Feature,Theta,CP1,POW.CP1.Theta,10,0.6321928095,0.6321928095,0,181,181,80,80,81,80,80,81,10,9,c(n)*log2(n)/n; not assumed bounded 0..1
FFT-derived POW,Feature,Theta,CP1,POW.CP1.Theta,30,0.4941806622,0.4941806622,0,60,60,240,240,241,240,240,241,12,12,c(n)*log2(n)/n; not assumed bounded 0..1
FFT-derived POW,Feature,Theta,CP1,POW.CP1.Theta,60,0.4824565739,0.4639005519,-0.01855602207,30,30,480,480,481,480,480,481,13,13,c(n)*log2(n)/n; not assumed bounded 0..1
FFT-derived POW,Feature,Theta,CP1,POW.CP1.Theta,120,0.454065819,0.4437461413,-0.0103196777,15,15,960,960,961,960,960,961,11,9,c(n)*log2(n)/n; not assumed bounded 0..1
FFT-derived POW,Feature,Alpha,CP1,POW.CP1.Alpha,10,0.5531687083,0.5531687083,0,181,181,80,80,81,80,80,81,10,9,c(n)*log2(n)/n; not assumed bounded 0..1
FFT-derived POW,Feature,Alpha,CP1,POW.CP1.Alpha,30,0.4282899073,0.4282899073,0,60,60,240,240,241,240,240,241,13,13,c(n)*log2(n)/n; not assumed bounded 0..1
FFT-derived POW,Feature,Alpha,CP1,POW.CP1.Alpha,60,0.3618424304,0.3896764636,0.02783403311,30,30,480,480,481,480,480,481,13,12,c(n)*log2(n)/n; not assumed bounded 0..1
FFT-derived POW,Feature,Alpha,CP1,POW.CP1.Alpha,120,0.3405493642,0.3715083973,0.03095903311,15,15,960,960,961,960,960,961,10,11,c(n)*log2(n)/n; not assumed bounded 0..1
FFT-derived POW,Feature,BetaL,CP1,POW.CP1.BetaL,10,0.6321928095,0.6321928095,0,181,181,80,80,81,80,80,81,11,10,c(n)*log2(n)/n; not assumed bounded 0..1
FFT-derived POW,Feature,BetaL,CP1,POW.CP1.BetaL,30,0.4941806622,0.5271260397,0.03294537748,60,60,240,240,241,240,240,241,12,12,c(n)*log2(n)/n; not assumed bounded 0..1
FFT-derived POW,Feature,BetaL,CP1,POW.CP1.BetaL,60,0.4639005519,0.4639005519,0,30,30,480,480,481,480,480,481,11,12,c(n)*log2(n)/n; not assumed bounded 0..1
FFT-derived POW,Feature,BetaL,CP1,POW.CP1.BetaL,120,0.4437461413,0.4643854967,0.02063935541,15,15,960,960,961,960,960,961,11,11,c(n)*log2(n)/n; not assumed bounded 0..1
FFT-derived POW,Feature,BetaH,CP1,POW.CP1.BetaH,10,0.6321928095,0.6321928095,0,181,181,80,80,81,80,80,81,11,10,c(n)*log2(n)/n; not assumed bounded 0..1
FFT-derived POW,Feature,BetaH,CP1,POW.CP1.BetaH,30,0.4933420739,0.4941806622,0.000838588284,60,60,240,240,241,240,240,241,12,10,c(n)*log2(n)/n; not assumed bounded 0..1
FFT-derived POW,Feature,BetaH,CP1,POW.CP1.BetaH,60,0.4453445298,0.4453445298,0,30,30,480,480,481,480,480,481,12,11,c(n)*log2(n)/n; not assumed bounded 0..1
FFT-derived POW,Feature,BetaH,CP1,POW.CP1.BetaH,120,0.4231067859,0.4334264636,0.0103196777,15,15,960,960,961,960,960,961,9,10,c(n)*log2(n)/n; not assumed bounded 0..1
FFT-derived POW,Feature,Gamma,CP1,POW.CP1.Gamma,10,0.6321928095,0.6321928095,0,181,181,80,80,81,80,80,81,11,12,c(n)*log2(n)/n; not assumed bounded 0..1
FFT-derived POW,Feature,Gamma,CP1,POW.CP1.Gamma,30,0.4941806622,0.4941806622,0,60,60,240,240,241,240,240,241,11,13,c(n)*log2(n)/n; not assumed bounded 0..1
FFT-derived POW,Feature,Gamma,CP1,POW.CP1.Gamma,60,0.4824565739,0.4639005519,-0.01855602207,30,30,480,480,481,480,480,481,12,11,c(n)*log2(n)/n; not assumed bounded 0..1
FFT-derived POW,Feature,Gamma,CP1,POW.CP1.Gamma,120,0.454065819,0.4643854967,0.0103196777,15,15,960,960,961,960,960,961,10,10,c(n)*log2(n)/n; not assumed bounded 0..1
FFT-derived POW,Feature,Theta,P3,POW.P3.Theta,10,0.6321928095,0.6321928095,0,181,181,80,80,81,80,80,81,10,10,c(n)*log2(n)/n; not assumed bounded 0..1
FFT-derived POW,Feature,Theta,P3,POW.P3.Theta,30,0.4941806622,0.4612352847,-0.03294537748,60,60,240,240,241,240,240,241,12,11,c(n)*log2(n)/n; not assumed bounded 0..1
FFT-derived POW,Feature,Theta,P3,POW.P3.Theta,60,0.4639005519,0.4639005519,0,30,30,480,480,481,480,480,481,12,12,c(n)*log2(n)/n; not assumed bounded 0..1
FFT-derived POW,Feature,Theta,P3,POW.P3.Theta,120,0.4437461413,0.4334264636,-0.0103196777,15,15,960,960,961,960,960,961,9,12,c(n)*log2(n)/n; not assumed bounded 0..1
FFT-derived POW,Feature,Alpha,P3,POW.P3.Alpha,10,0.5531687083,0.5531687083,0,181,181,80,80,81,80,80,81,10,9,c(n)*log2(n)/n; not assumed bounded 0..1
FFT-derived POW,Feature,Alpha,P3,POW.P3.Alpha,30,0.4118172185,0.4282899073,0.01647268874,60,60,240,240,241,240,240,241,14,13,c(n)*log2(n)/n; not assumed bounded 0..1
FFT-derived POW,Feature,Alpha,P3,POW.P3.Alpha,60,0.3525644194,0.3711204415,0.01855602207,30,30,480,480,481,480,480,481,14,13,c(n)*log2(n)/n; not assumed bounded 0..1
FFT-derived POW,Feature,Alpha,P3,POW.P3.Alpha,120,0.3402465728,0.3715083973,0.03126182451,15,15,960,960,961,960,960,961,12,10,c(n)*log2(n)/n; not assumed bounded 0..1
FFT-derived POW,Feature,BetaL,P3,POW.P3.BetaL,10,0.6321928095,0.6321928095,0,181,181,80,80,81,80,80,81,10,10,c(n)*log2(n)/n; not assumed bounded 0..1
FFT-derived POW,Feature,BetaL,P3,POW.P3.BetaL,30,0.4941806622,0.4941806622,0,60,60,240,240,241,240,240,241,12,13,c(n)*log2(n)/n; not assumed bounded 0..1
FFT-derived POW,Feature,BetaL,P3,POW.P3.BetaL,60,0.4639005519,0.4639005519,0,30,30,480,480,481,480,480,481,12,11,c(n)*log2(n)/n; not assumed bounded 0..1
FFT-derived POW,Feature,BetaL,P3,POW.P3.BetaL,120,0.4437461413,0.454065819,0.0103196777,15,15,960,960,961,960,960,961,9,11,c(n)*log2(n)/n; not assumed bounded 0..1
FFT-derived POW,Feature,BetaH,P3,POW.P3.BetaH,10,0.6321928095,0.5531687083,-0.07902410119,181,181,80,80,81,80,80,81,10,10,c(n)*log2(n)/n; not assumed bounded 0..1
FFT-derived POW,Feature,BetaH,P3,POW.P3.BetaH,30,0.4941806622,0.4777079735,-0.01647268874,60,60,240,240,241,240,240,241,11,12,c(n)*log2(n)/n; not assumed bounded 0..1
FFT-derived POW,Feature,BetaH,P3,POW.P3.BetaH,60,0.4360665187,0.4360665187,0,30,30,480,480,481,480,480,481,12,14,c(n)*log2(n)/n; not assumed bounded 0..1
FFT-derived POW,Feature,BetaH,P3,POW.P3.BetaH,120,0.4124200883,0.4127871082,0.0003670198767,15,15,960,960,961,960,960,961,10,10,c(n)*log2(n)/n; not assumed bounded 0..1
FFT-derived POW,Feature,Gamma,P3,POW.P3.Gamma,10,0.6321928095,0.6321928095,0,181,181,80,80,81,80,80,81,9,10,c(n)*log2(n)/n; not assumed bounded 0..1
FFT-derived POW,Feature,Gamma,P3,POW.P3.Gamma,30,0.5271260397,0.4941806622,-0.03294537748,60,60,240,240,241,240,240,241,12,13,c(n)*log2(n)/n; not assumed bounded 0..1
FFT-derived POW,Feature,Gamma,P3,POW.P3.Gamma,60,0.501012596,0.4546225408,-0.04639005519,30,30,480,480,481,480,480,481,13,11,c(n)*log2(n)/n; not assumed bounded 0..1
FFT-derived POW,Feature,Gamma,P3,POW.P3.Gamma,120,0.454065819,0.4231067859,-0.03095903311,15,15,960,960,961,960,960,961,11,12,c(n)*log2(n)/n; not assumed bounded 0..1
FFT-derived POW,Feature,Theta,P7,POW.P7.Theta,10,0.6321928095,0.6321928095,0,181,181,80,80,81,80,80,81,9,10,c(n)*log2(n)/n; not assumed bounded 0..1
FFT-derived POW,Feature,Theta,P7,POW.P7.Theta,30,0.4941806622,0.4941806622,0,60,60,240,240,241,240,240,241,15,12,c(n)*log2(n)/n; not assumed bounded 0..1
FFT-derived POW,Feature,Theta,P7,POW.P7.Theta,60,0.4639005519,0.4639005519,0,30,30,480,480,481,480,480,481,12,11,c(n)*log2(n)/n; not assumed bounded 0..1
FFT-derived POW,Feature,Theta,P7,POW.P7.Theta,120,0.4334264636,0.454065819,0.02063935541,15,15,960,960,961,960,960,961,9,9,c(n)*log2(n)/n; not assumed bounded 0..1
FFT-derived POW,Feature,Alpha,P7,POW.P7.Alpha,10,0.5531687083,0.5531687083,0,181,181,80,80,81,80,80,81,10,9,c(n)*log2(n)/n; not assumed bounded 0..1
FFT-derived POW,Feature,Alpha,P7,POW.P7.Alpha,30,0.4282899073,0.4282899073,0,60,60,240,240,241,240,240,241,13,13,c(n)*log2(n)/n; not assumed bounded 0..1
FFT-derived POW,Feature,Alpha,P7,POW.P7.Alpha,60,0.3711204415,0.3989544746,0.02783403311,30,30,480,480,481,480,480,481,13,11,c(n)*log2(n)/n; not assumed bounded 0..1
FFT-derived POW,Feature,Alpha,P7,POW.P7.Alpha,120,0.3508690419,0.381828075,0.03095903311,15,15,960,960,961,960,960,961,12,9,c(n)*log2(n)/n; not assumed bounded 0..1
FFT-derived POW,Feature,BetaL,P7,POW.P7.BetaL,10,0.6321928095,0.6321928095,0,181,181,80,80,81,80,80,81,10,11,c(n)*log2(n)/n; not assumed bounded 0..1
FFT-derived POW,Feature,BetaL,P7,POW.P7.BetaL,30,0.4777079735,0.4941806622,0.01647268874,60,60,240,240,241,240,240,241,12,11,c(n)*log2(n)/n; not assumed bounded 0..1
FFT-derived POW,Feature,BetaL,P7,POW.P7.BetaL,60,0.4546225408,0.4639005519,0.009278011037,30,30,480,480,481,480,480,481,10,9,c(n)*log2(n)/n; not assumed bounded 0..1
FFT-derived POW,Feature,BetaL,P7,POW.P7.BetaL,120,0.4127871082,0.454065819,0.04127871082,15,15,960,960,961,960,960,961,10,9,c(n)*log2(n)/n; not assumed bounded 0..1
FFT-derived POW,Feature,BetaH,P7,POW.P7.BetaH,10,0.6321928095,0.6321928095,0,181,181,80,80,81,80,80,81,10,10,c(n)*log2(n)/n; not assumed bounded 0..1
FFT-derived POW,Feature,BetaH,P7,POW.P7.BetaH,30,0.4941806622,0.4941806622,0,60,60,240,240,241,240,240,241,13,11,c(n)*log2(n)/n; not assumed bounded 0..1
FFT-derived POW,Feature,BetaH,P7,POW.P7.BetaH,60,0.4453445298,0.4639005519,0.01855602207,30,30,480,480,481,480,480,481,13,9,c(n)*log2(n)/n; not assumed bounded 0..1
FFT-derived POW,Feature,BetaH,P7,POW.P7.BetaH,120,0.4231067859,0.4231067859,0,15,15,960,960,961,960,960,961,13,8,c(n)*log2(n)/n; not assumed bounded 0..1
FFT-derived POW,Feature,Gamma,P7,POW.P7.Gamma,10,0.6321928095,0.6321928095,0,181,181,80,80,81,80,80,81,10,11,c(n)*log2(n)/n; not assumed bounded 0..1
FFT-derived POW,Feature,Gamma,P7,POW.P7.Gamma,30,0.5271260397,0.5271260397,0,60,60,240,240,241,240,240,241,12,13,c(n)*log2(n)/n; not assumed bounded 0..1
FFT-derived POW,Feature,Gamma,P7,POW.P7.Gamma,60,0.4824565739,0.4639005519,-0.01855602207,30,30,480,480,481,480,480,481,11,12,c(n)*log2(n)/n; not assumed bounded 0..1
FFT-derived POW,Feature,Gamma,P7,POW.P7.Gamma,120,0.4747051744,0.4334264636,-0.04127871082,15,15,960,960,961,960,960,961,10,11,c(n)*log2(n)/n; not assumed bounded 0..1
FFT-derived POW,Feature,Theta,PO9,POW.PO9.Theta,10,0.5531687083,0.6321928095,0.07902410119,181,181,80,80,81,80,80,81,11,10,c(n)*log2(n)/n; not assumed bounded 0..1
FFT-derived POW,Feature,Theta,PO9,POW.PO9.Theta,30,0.4941806622,0.510653351,0.01647268874,60,60,240,240,241,240,240,241,13,11,c(n)*log2(n)/n; not assumed bounded 0..1
FFT-derived POW,Feature,Theta,PO9,POW.PO9.Theta,60,0.4453445298,0.4824565739,0.03711204415,30,30,480,480,481,480,480,481,13,12,c(n)*log2(n)/n; not assumed bounded 0..1
FFT-derived POW,Feature,Theta,PO9,POW.PO9.Theta,120,0.4334264636,0.4643854967,0.03095903311,15,15,960,960,961,960,960,961,11,10,c(n)*log2(n)/n; not assumed bounded 0..1
FFT-derived POW,Feature,Alpha,PO9,POW.PO9.Alpha,10,0.5531687083,0.5531687083,0,181,181,80,80,81,80,80,81,11,11,c(n)*log2(n)/n; not assumed bounded 0..1
FFT-derived POW,Feature,Alpha,PO9,POW.PO9.Alpha,30,0.4612352847,0.4612352847,0,60,60,240,240,241,240,240,241,15,13,c(n)*log2(n)/n; not assumed bounded 0..1
FFT-derived POW,Feature,Alpha,PO9,POW.PO9.Alpha,60,0.3800589263,0.4082324856,0.02817355932,30,30,480,480,481,480,480,481,15,12,c(n)*log2(n)/n; not assumed bounded 0..1
FFT-derived POW,Feature,Alpha,PO9,POW.PO9.Alpha,120,0.3508690419,0.3921477527,0.04127871082,15,15,960,960,961,960,960,961,12,10,c(n)*log2(n)/n; not assumed bounded 0..1
FFT-derived POW,Feature,BetaL,PO9,POW.PO9.BetaL,10,0.6321928095,0.6321928095,0,181,181,80,80,81,80,80,81,12,8,c(n)*log2(n)/n; not assumed bounded 0..1
FFT-derived POW,Feature,BetaL,PO9,POW.PO9.BetaL,30,0.4941806622,0.5271260397,0.03294537748,60,60,240,240,241,240,240,241,12,12,c(n)*log2(n)/n; not assumed bounded 0..1
FFT-derived POW,Feature,BetaL,PO9,POW.PO9.BetaL,60,0.4453445298,0.491734585,0.04639005519,30,30,480,480,481,480,480,481,11,12,c(n)*log2(n)/n; not assumed bounded 0..1
FFT-derived POW,Feature,BetaL,PO9,POW.PO9.BetaL,120,0.4334264636,0.4850248521,0.05159838852,15,15,960,960,961,960,960,961,9,10,c(n)*log2(n)/n; not assumed bounded 0..1
FFT-derived POW,Feature,BetaH,PO9,POW.PO9.BetaH,10,0.6321928095,0.6321928095,0,181,181,80,80,81,80,80,81,10,11,c(n)*log2(n)/n; not assumed bounded 0..1
FFT-derived POW,Feature,BetaH,PO9,POW.PO9.BetaH,30,0.4941806622,0.510653351,0.01647268874,60,60,240,240,241,240,240,241,13,12,c(n)*log2(n)/n; not assumed bounded 0..1
FFT-derived POW,Feature,BetaH,PO9,POW.PO9.BetaH,60,0.4546225408,0.4731785629,0.01855602207,30,30,480,480,481,480,480,481,11,14,c(n)*log2(n)/n; not assumed bounded 0..1
FFT-derived POW,Feature,BetaH,PO9,POW.PO9.BetaH,120,0.4334264636,0.4437461413,0.0103196777,15,15,960,960,961,960,960,961,9,9,c(n)*log2(n)/n; not assumed bounded 0..1
FFT-derived POW,Feature,Gamma,PO9,POW.PO9.Gamma,10,0.6321928095,0.6321928095,0,181,181,80,80,81,80,80,81,11,11,c(n)*log2(n)/n; not assumed bounded 0..1
FFT-derived POW,Feature,Gamma,PO9,POW.PO9.Gamma,30,0.5271260397,0.4941806622,-0.03294537748,60,60,240,240,241,240,240,241,12,12,c(n)*log2(n)/n; not assumed bounded 0..1
FFT-derived POW,Feature,Gamma,PO9,POW.PO9.Gamma,60,0.501012596,0.4639005519,-0.03711204415,30,30,480,480,481,480,480,481,11,12,c(n)*log2(n)/n; not assumed bounded 0..1
FFT-derived POW,Feature,Gamma,PO9,POW.PO9.Gamma,120,0.454065819,0.454065819,0,15,15,960,960,961,960,960,961,11,11,c(n)*log2(n)/n; not assumed bounded 0..1
FFT-derived POW,Feature,Theta,O1,POW.O1.Theta,10,0.6321928095,0.6321928095,0,181,181,80,80,81,80,80,81,10,11,c(n)*log2(n)/n; not assumed bounded 0..1
FFT-derived POW,Feature,Theta,O1,POW.O1.Theta,30,0.5271260397,0.4941806622,-0.03294537748,60,60,240,240,241,240,240,241,14,13,c(n)*log2(n)/n; not assumed bounded 0..1
FFT-derived POW,Feature,Theta,O1,POW.O1.Theta,60,0.4639005519,0.4639005519,0,30,30,480,480,481,480,480,481,14,13,c(n)*log2(n)/n; not assumed bounded 0..1
FFT-derived POW,Feature,Theta,O1,POW.O1.Theta,120,0.454065819,0.454065819,0,15,15,960,960,961,960,960,961,11,11,c(n)*log2(n)/n; not assumed bounded 0..1
FFT-derived POW,Feature,Alpha,O1,POW.O1.Alpha,10,0.5531687083,0.5531687083,0,181,181,80,80,81,80,80,81,11,10,c(n)*log2(n)/n; not assumed bounded 0..1
FFT-derived POW,Feature,Alpha,O1,POW.O1.Alpha,30,0.4282899073,0.4282899073,0,60,60,240,240,241,240,240,241,13,16,c(n)*log2(n)/n; not assumed bounded 0..1
FFT-derived POW,Feature,Alpha,O1,POW.O1.Alpha,60,0.3711204415,0.3803984525,0.009278011037,30,30,480,480,481,480,480,481,13,11,c(n)*log2(n)/n; not assumed bounded 0..1
FFT-derived POW,Feature,Alpha,O1,POW.O1.Alpha,120,0.3199100088,0.3508690419,0.03095903311,15,15,960,960,961,960,960,961,11,11,c(n)*log2(n)/n; not assumed bounded 0..1
FFT-derived POW,Feature,BetaL,O1,POW.O1.BetaL,10,0.6321928095,0.6321928095,0,181,181,80,80,81,80,80,81,11,11,c(n)*log2(n)/n; not assumed bounded 0..1
FFT-derived POW,Feature,BetaL,O1,POW.O1.BetaL,30,0.4941806622,0.5271260397,0.03294537748,60,60,240,240,241,240,240,241,13,12,c(n)*log2(n)/n; not assumed bounded 0..1
FFT-derived POW,Feature,BetaL,O1,POW.O1.BetaL,60,0.4639005519,0.501012596,0.03711204415,30,30,480,480,481,480,480,481,12,15,c(n)*log2(n)/n; not assumed bounded 0..1
FFT-derived POW,Feature,BetaL,O1,POW.O1.BetaL,120,0.454065819,0.4437461413,-0.0103196777,15,15,960,960,961,960,960,961,10,10,c(n)*log2(n)/n; not assumed bounded 0..1
FFT-derived POW,Feature,BetaH,O1,POW.O1.BetaH,10,0.6321928095,0.5531687083,-0.07902410119,181,181,80,80,81,80,80,81,10,11,c(n)*log2(n)/n; not assumed bounded 0..1
FFT-derived POW,Feature,BetaH,O1,POW.O1.BetaH,30,0.4612352847,0.4941806622,0.03294537748,60,60,240,240,241,240,240,241,13,12,c(n)*log2(n)/n; not assumed bounded 0..1
FFT-derived POW,Feature,BetaH,O1,POW.O1.BetaH,60,0.4267885077,0.4546225408,0.02783403311,30,30,480,480,481,480,480,481,14,12,c(n)*log2(n)/n; not assumed bounded 0..1
FFT-derived POW,Feature,BetaH,O1,POW.O1.BetaH,120,0.4024674304,0.4231067859,0.02063935541,15,15,960,960,961,960,960,961,9,10,c(n)*log2(n)/n; not assumed bounded 0..1
FFT-derived POW,Feature,Gamma,O1,POW.O1.Gamma,10,0.6321928095,0.6321928095,0,181,181,80,80,81,80,80,81,10,12,c(n)*log2(n)/n; not assumed bounded 0..1
FFT-derived POW,Feature,Gamma,O1,POW.O1.Gamma,30,0.4777079735,0.4941806622,0.01647268874,60,60,240,240,241,240,240,241,12,13,c(n)*log2(n)/n; not assumed bounded 0..1
FFT-derived POW,Feature,Gamma,O1,POW.O1.Gamma,60,0.4639005519,0.4453445298,-0.01855602207,30,30,480,480,481,480,480,481,11,14,c(n)*log2(n)/n; not assumed bounded 0..1
FFT-derived POW,Feature,Gamma,O1,POW.O1.Gamma,120,0.4437461413,0.4024674304,-0.04127871082,15,15,960,960,961,960,960,961,10,11,c(n)*log2(n)/n; not assumed bounded 0..1
FFT-derived POW,Feature,Theta,Pz,POW.Pz.Theta,10,0.6321928095,0.6321928095,0,181,181,80,80,81,80,80,81,11,11,c(n)*log2(n)/n; not assumed bounded 0..1
FFT-derived POW,Feature,Theta,Pz,POW.Pz.Theta,30,0.5097588568,0.5271260397,0.01736718291,60,60,240,240,241,240,240,241,13,13,c(n)*log2(n)/n; not assumed bounded 0..1
FFT-derived POW,Feature,Theta,Pz,POW.Pz.Theta,60,0.4824565739,0.501012596,0.01855602207,30,30,480,480,481,480,480,481,13,11,c(n)*log2(n)/n; not assumed bounded 0..1
FFT-derived POW,Feature,Theta,Pz,POW.Pz.Theta,120,0.4643854967,0.4643854967,0,15,15,960,960,961,960,960,961,10,9,c(n)*log2(n)/n; not assumed bounded 0..1
FFT-derived POW,Feature,Alpha,Pz,POW.Pz.Alpha,10,0.5531687083,0.5531687083,0,181,181,80,80,81,80,80,81,10,9,c(n)*log2(n)/n; not assumed bounded 0..1
FFT-derived POW,Feature,Alpha,Pz,POW.Pz.Alpha,30,0.4282899073,0.4282899073,0,60,60,240,240,241,240,240,241,15,13,c(n)*log2(n)/n; not assumed bounded 0..1
FFT-derived POW,Feature,Alpha,Pz,POW.Pz.Alpha,60,0.3525644194,0.3803984525,0.02783403311,30,30,480,480,481,480,480,481,16,12,c(n)*log2(n)/n; not assumed bounded 0..1
FFT-derived POW,Feature,Alpha,Pz,POW.Pz.Alpha,120,0.3302296865,0.3611887196,0.03095903311,15,15,960,960,961,960,960,961,12,10,c(n)*log2(n)/n; not assumed bounded 0..1
FFT-derived POW,Feature,BetaL,Pz,POW.Pz.BetaL,10,0.6321928095,0.6321928095,0,181,181,80,80,81,80,80,81,11,11,c(n)*log2(n)/n; not assumed bounded 0..1
FFT-derived POW,Feature,BetaL,Pz,POW.Pz.BetaL,30,0.4941806622,0.5271260397,0.03294537748,60,60,240,240,241,240,240,241,11,13,c(n)*log2(n)/n; not assumed bounded 0..1
FFT-derived POW,Feature,BetaL,Pz,POW.Pz.BetaL,60,0.4639005519,0.491734585,0.02783403311,30,30,480,480,481,480,480,481,12,14,c(n)*log2(n)/n; not assumed bounded 0..1
FFT-derived POW,Feature,BetaL,Pz,POW.Pz.BetaL,120,0.4334264636,0.4643854967,0.03095903311,15,15,960,960,961,960,960,961,10,11,c(n)*log2(n)/n; not assumed bounded 0..1
FFT-derived POW,Feature,BetaH,Pz,POW.Pz.BetaH,10,0.6321928095,0.6321928095,0,181,181,80,80,81,80,80,81,9,10,c(n)*log2(n)/n; not assumed bounded 0..1
FFT-derived POW,Feature,BetaH,Pz,POW.Pz.BetaH,30,0.4941806622,0.4941806622,0,60,60,240,240,241,240,240,241,12,12,c(n)*log2(n)/n; not assumed bounded 0..1
FFT-derived POW,Feature,BetaH,Pz,POW.Pz.BetaH,60,0.4453445298,0.4267885077,-0.01855602207,30,30,480,480,481,480,480,481,9,14,c(n)*log2(n)/n; not assumed bounded 0..1
FFT-derived POW,Feature,BetaH,Pz,POW.Pz.BetaH,120,0.4231067859,0.4231067859,0,15,15,960,960,961,960,960,961,10,13,c(n)*log2(n)/n; not assumed bounded 0..1
FFT-derived POW,Feature,Gamma,Pz,POW.Pz.Gamma,10,0.6321928095,0.6321928095,0,181,181,80,80,81,80,80,81,9,11,c(n)*log2(n)/n; not assumed bounded 0..1
FFT-derived POW,Feature,Gamma,Pz,POW.Pz.Gamma,30,0.5271260397,0.4941806622,-0.03294537748,60,60,240,240,241,240,240,241,11,13,c(n)*log2(n)/n; not assumed bounded 0..1
FFT-derived POW,Feature,Gamma,Pz,POW.Pz.Gamma,60,0.4824565739,0.4820362081,-0.0004203657814,30,30,480,480,481,480,480,481,11,11,c(n)*log2(n)/n; not assumed bounded 0..1
FFT-derived POW,Feature,Gamma,Pz,POW.Pz.Gamma,120,0.4639725993,0.4231067859,-0.04086581345,15,15,960,960,961,960,960,961,11,10,c(n)*log2(n)/n; not assumed bounded 0..1
FFT-derived POW,Feature,Theta,Oz,POW.Oz.Theta,10,0.6321928095,0.6321928095,0,181,181,80,80,81,80,80,81,11,11,c(n)*log2(n)/n; not assumed bounded 0..1
FFT-derived POW,Feature,Theta,Oz,POW.Oz.Theta,30,0.4941806622,0.4941806622,0,60,60,240,240,241,240,240,241,12,13,c(n)*log2(n)/n; not assumed bounded 0..1
FFT-derived POW,Feature,Theta,Oz,POW.Oz.Theta,60,0.4731785629,0.4727581971,-0.0004203657814,30,30,480,480,481,480,480,481,13,12,c(n)*log2(n)/n; not assumed bounded 0..1
FFT-derived POW,Feature,Theta,Oz,POW.Oz.Theta,120,0.4437461413,0.4643854967,0.02063935541,15,15,960,960,961,960,960,961,10,11,c(n)*log2(n)/n; not assumed bounded 0..1
FFT-derived POW,Feature,Alpha,Oz,POW.Oz.Alpha,10,0.5531687083,0.5531687083,0,181,181,80,80,81,80,80,81,11,11,c(n)*log2(n)/n; not assumed bounded 0..1
FFT-derived POW,Feature,Alpha,Oz,POW.Oz.Alpha,30,0.4282899073,0.4282899073,0,60,60,240,240,241,240,240,241,14,14,c(n)*log2(n)/n; not assumed bounded 0..1
FFT-derived POW,Feature,Alpha,Oz,POW.Oz.Alpha,60,0.3525644194,0.3711204415,0.01855602207,30,30,480,480,481,480,480,481,14,12,c(n)*log2(n)/n; not assumed bounded 0..1
FFT-derived POW,Feature,Alpha,Oz,POW.Oz.Alpha,120,0.3402465728,0.3405493642,0.0003027913983,15,15,960,960,961,960,960,961,11,11,c(n)*log2(n)/n; not assumed bounded 0..1
FFT-derived POW,Feature,BetaL,Oz,POW.Oz.BetaL,10,0.6321928095,0.6321928095,0,181,181,80,80,81,80,80,81,10,11,c(n)*log2(n)/n; not assumed bounded 0..1
FFT-derived POW,Feature,BetaL,Oz,POW.Oz.BetaL,30,0.4941806622,0.5271260397,0.03294537748,60,60,240,240,241,240,240,241,13,13,c(n)*log2(n)/n; not assumed bounded 0..1
FFT-derived POW,Feature,BetaL,Oz,POW.Oz.BetaL,60,0.4546225408,0.4824565739,0.02783403311,30,30,480,480,481,480,480,481,10,15,c(n)*log2(n)/n; not assumed bounded 0..1
FFT-derived POW,Feature,BetaL,Oz,POW.Oz.BetaL,120,0.4334264636,0.4536620971,0.02023563354,15,15,960,960,961,960,960,961,9,9,c(n)*log2(n)/n; not assumed bounded 0..1
FFT-derived POW,Feature,BetaH,Oz,POW.Oz.BetaH,10,0.6321928095,0.626158025,-0.006034784512,181,181,80,80,81,80,80,81,12,11,c(n)*log2(n)/n; not assumed bounded 0..1
FFT-derived POW,Feature,BetaH,Oz,POW.Oz.BetaH,30,0.4612352847,0.4941806622,0.03294537748,60,60,240,240,241,240,240,241,14,13,c(n)*log2(n)/n; not assumed bounded 0..1
FFT-derived POW,Feature,BetaH,Oz,POW.Oz.BetaH,60,0.4267885077,0.4639005519,0.03711204415,30,30,480,480,481,480,480,481,13,16,c(n)*log2(n)/n; not assumed bounded 0..1
FFT-derived POW,Feature,BetaH,Oz,POW.Oz.BetaH,120,0.3921477527,0.4231067859,0.03095903311,15,15,960,960,961,960,960,961,10,11,c(n)*log2(n)/n; not assumed bounded 0..1
FFT-derived POW,Feature,Gamma,Oz,POW.Oz.Gamma,10,0.6321928095,0.6321928095,0,181,181,80,80,81,80,80,81,10,10,c(n)*log2(n)/n; not assumed bounded 0..1
FFT-derived POW,Feature,Gamma,Oz,POW.Oz.Gamma,30,0.4941806622,0.4941806622,0,60,60,240,240,241,240,240,241,12,12,c(n)*log2(n)/n; not assumed bounded 0..1
FFT-derived POW,Feature,Gamma,Oz,POW.Oz.Gamma,60,0.4639005519,0.4639005519,0,30,30,480,480,481,480,480,481,9,13,c(n)*log2(n)/n; not assumed bounded 0..1
FFT-derived POW,Feature,Gamma,Oz,POW.Oz.Gamma,120,0.4334264636,0.4334264636,0,15,15,960,960,961,960,960,961,12,10,c(n)*log2(n)/n; not assumed bounded 0..1
FFT-derived POW,Feature,Theta,O2,POW.O2.Theta,10,0.6321928095,0.6321928095,0,181,181,80,80,81,80,80,81,9,11,c(n)*log2(n)/n; not assumed bounded 0..1
FFT-derived POW,Feature,Theta,O2,POW.O2.Theta,30,0.5262315455,0.4941806622,-0.03205088331,60,60,240,240,241,240,240,241,14,12,c(n)*log2(n)/n; not assumed bounded 0..1
FFT-derived POW,Feature,Theta,O2,POW.O2.Theta,60,0.4824565739,0.4820362081,-0.0004203657814,30,30,480,480,481,480,480,481,13,10,c(n)*log2(n)/n; not assumed bounded 0..1
FFT-derived POW,Feature,Theta,O2,POW.O2.Theta,120,0.4334264636,0.4643854967,0.03095903311,15,15,960,960,961,960,960,961,9,9,c(n)*log2(n)/n; not assumed bounded 0..1
FFT-derived POW,Feature,Alpha,O2,POW.O2.Alpha,10,0.5531687083,0.5531687083,0,181,181,80,80,81,80,80,81,10,11,c(n)*log2(n)/n; not assumed bounded 0..1
FFT-derived POW,Feature,Alpha,O2,POW.O2.Alpha,30,0.4282899073,0.4282899073,0,60,60,240,240,241,240,240,241,13,13,c(n)*log2(n)/n; not assumed bounded 0..1
FFT-derived POW,Feature,Alpha,O2,POW.O2.Alpha,60,0.3525644194,0.3896764636,0.03711204415,30,30,480,480,481,480,480,481,16,14,c(n)*log2(n)/n; not assumed bounded 0..1
FFT-derived POW,Feature,Alpha,O2,POW.O2.Alpha,120,0.3405493642,0.381828075,0.04127871082,15,15,960,960,961,960,960,961,12,12,c(n)*log2(n)/n; not assumed bounded 0..1
FFT-derived POW,Feature,BetaL,O2,POW.O2.BetaL,10,0.6321928095,0.6321928095,0,181,181,80,80,81,80,80,81,10,11,c(n)*log2(n)/n; not assumed bounded 0..1
FFT-derived POW,Feature,BetaL,O2,POW.O2.BetaL,30,0.4941806622,0.5271260397,0.03294537748,60,60,240,240,241,240,240,241,12,12,c(n)*log2(n)/n; not assumed bounded 0..1
FFT-derived POW,Feature,BetaL,O2,POW.O2.BetaL,60,0.4824565739,0.4824565739,0,30,30,480,480,481,480,480,481,12,11,c(n)*log2(n)/n; not assumed bounded 0..1
FFT-derived POW,Feature,BetaL,O2,POW.O2.BetaL,120,0.454065819,0.454065819,0,15,15,960,960,961,960,960,961,8,10,c(n)*log2(n)/n; not assumed bounded 0..1
FFT-derived POW,Feature,BetaH,O2,POW.O2.BetaH,10,0.5531687083,0.5531687083,0,181,181,80,80,81,80,80,81,11,10,c(n)*log2(n)/n; not assumed bounded 0..1
FFT-derived POW,Feature,BetaH,O2,POW.O2.BetaH,30,0.4612352847,0.4941806622,0.03294537748,60,60,240,240,241,240,240,241,14,15,c(n)*log2(n)/n; not assumed bounded 0..1
FFT-derived POW,Feature,BetaH,O2,POW.O2.BetaH,60,0.4267885077,0.4453445298,0.01855602207,30,30,480,480,481,480,480,481,12,17,c(n)*log2(n)/n; not assumed bounded 0..1
FFT-derived POW,Feature,BetaH,O2,POW.O2.BetaH,120,0.3921477527,0.4231067859,0.03095903311,15,15,960,960,961,960,960,961,9,10,c(n)*log2(n)/n; not assumed bounded 0..1
FFT-derived POW,Feature,Gamma,O2,POW.O2.Gamma,10,0.6321928095,0.6321928095,0,181,181,80,80,81,80,80,81,10,10,c(n)*log2(n)/n; not assumed bounded 0..1
FFT-derived POW,Feature,Gamma,O2,POW.O2.Gamma,30,0.4941806622,0.4933420739,-0.000838588284,60,60,240,240,241,240,240,241,11,13,c(n)*log2(n)/n; not assumed bounded 0..1
FFT-derived POW,Feature,Gamma,O2,POW.O2.Gamma,60,0.4824565739,0.4453445298,-0.03711204415,30,30,480,480,481,480,480,481,9,12,c(n)*log2(n)/n; not assumed bounded 0..1
FFT-derived POW,Feature,Gamma,O2,POW.O2.Gamma,120,0.4437461413,0.4231067859,-0.02063935541,15,15,960,960,961,960,960,961,11,10,c(n)*log2(n)/n; not assumed bounded 0..1
FFT-derived POW,Feature,Theta,PO10,POW.PO10.Theta,10,0.6321928095,0.6321928095,0,181,181,80,80,81,80,80,81,10,9,c(n)*log2(n)/n; not assumed bounded 0..1
FFT-derived POW,Feature,Theta,PO10,POW.PO10.Theta,30,0.4941806622,0.5271260397,0.03294537748,60,60,240,240,241,240,240,241,12,11,c(n)*log2(n)/n; not assumed bounded 0..1
FFT-derived POW,Feature,Theta,PO10,POW.PO10.Theta,60,0.4546225408,0.4824565739,0.02783403311,30,30,480,480,481,480,480,481,12,10,c(n)*log2(n)/n; not assumed bounded 0..1
FFT-derived POW,Feature,Theta,PO10,POW.PO10.Theta,120,0.4437461413,0.4643854967,0.02063935541,15,15,960,960,961,960,960,961,12,10,c(n)*log2(n)/n; not assumed bounded 0..1
FFT-derived POW,Feature,Alpha,PO10,POW.PO10.Alpha,10,0.5531687083,0.5531687083,0,181,181,80,80,81,80,80,81,10,10,c(n)*log2(n)/n; not assumed bounded 0..1
FFT-derived POW,Feature,Alpha,PO10,POW.PO10.Alpha,30,0.4282899073,0.4612352847,0.03294537748,60,60,240,240,241,240,240,241,13,12,c(n)*log2(n)/n; not assumed bounded 0..1
FFT-derived POW,Feature,Alpha,PO10,POW.PO10.Alpha,60,0.3896764636,0.4360665187,0.04639005519,30,30,480,480,481,480,480,481,15,14,c(n)*log2(n)/n; not assumed bounded 0..1
FFT-derived POW,Feature,Alpha,PO10,POW.PO10.Alpha,120,0.3405493642,0.4024674304,0.06191806622,15,15,960,960,961,960,960,961,11,8,c(n)*log2(n)/n; not assumed bounded 0..1
FFT-derived POW,Feature,BetaL,PO10,POW.PO10.BetaL,10,0.6321928095,0.6321928095,0,181,181,80,80,81,80,80,81,10,11,c(n)*log2(n)/n; not assumed bounded 0..1
FFT-derived POW,Feature,BetaL,PO10,POW.PO10.BetaL,30,0.5271260397,0.5271260397,0,60,60,240,240,241,240,240,241,10,11,c(n)*log2(n)/n; not assumed bounded 0..1
FFT-derived POW,Feature,BetaL,PO10,POW.PO10.BetaL,60,0.4824565739,0.4824565739,0,30,30,480,480,481,480,480,481,11,11,c(n)*log2(n)/n; not assumed bounded 0..1
FFT-derived POW,Feature,BetaL,PO10,POW.PO10.BetaL,120,0.454065819,0.454065819,0,15,15,960,960,961,960,960,961,10,10,c(n)*log2(n)/n; not assumed bounded 0..1
FFT-derived POW,Feature,BetaH,PO10,POW.PO10.BetaH,10,0.6321928095,0.6321928095,0,181,181,80,80,81,80,80,81,12,11,c(n)*log2(n)/n; not assumed bounded 0..1
FFT-derived POW,Feature,BetaH,PO10,POW.PO10.BetaH,30,0.4941806622,0.5271260397,0.03294537748,60,60,240,240,241,240,240,241,12,13,c(n)*log2(n)/n; not assumed bounded 0..1
FFT-derived POW,Feature,BetaH,PO10,POW.PO10.BetaH,60,0.4639005519,0.4824565739,0.01855602207,30,30,480,480,481,480,480,481,12,11,c(n)*log2(n)/n; not assumed bounded 0..1
FFT-derived POW,Feature,BetaH,PO10,POW.PO10.BetaH,120,0.4334264636,0.454065819,0.02063935541,15,15,960,960,961,960,960,961,9,9,c(n)*log2(n)/n; not assumed bounded 0..1
FFT-derived POW,Feature,Gamma,PO10,POW.PO10.Gamma,10,0.6321928095,0.6321928095,0,181,181,80,80,81,80,80,81,9,10,c(n)*log2(n)/n; not assumed bounded 0..1
FFT-derived POW,Feature,Gamma,PO10,POW.PO10.Gamma,30,0.4941806622,0.5271260397,0.03294537748,60,60,240,240,241,240,240,241,11,13,c(n)*log2(n)/n; not assumed bounded 0..1
FFT-derived POW,Feature,Gamma,PO10,POW.PO10.Gamma,60,0.4639005519,0.4731785629,0.009278011037,30,30,480,480,481,480,480,481,12,14,c(n)*log2(n)/n; not assumed bounded 0..1
FFT-derived POW,Feature,Gamma,PO10,POW.PO10.Gamma,120,0.4231067859,0.454065819,0.03095903311,15,15,960,960,961,960,960,961,9,9,c(n)*log2(n)/n; not assumed bounded 0..1
FFT-derived POW,Feature,Theta,P8,POW.P8.Theta,10,0.6321928095,0.6321928095,0,181,181,80,80,81,80,80,81,10,9,c(n)*log2(n)/n; not assumed bounded 0..1
FFT-derived POW,Feature,Theta,P8,POW.P8.Theta,30,0.4941806622,0.5271260397,0.03294537748,60,60,240,240,241,240,240,241,13,11,c(n)*log2(n)/n; not assumed bounded 0..1
FFT-derived POW,Feature,Theta,P8,POW.P8.Theta,60,0.4639005519,0.4731785629,0.009278011037,30,30,480,480,481,480,480,481,14,11,c(n)*log2(n)/n; not assumed bounded 0..1
FFT-derived POW,Feature,Theta,P8,POW.P8.Theta,120,0.4334264636,0.454065819,0.02063935541,15,15,960,960,961,960,960,961,13,10,c(n)*log2(n)/n; not assumed bounded 0..1
FFT-derived POW,Feature,Alpha,P8,POW.P8.Alpha,10,0.5531687083,0.6321928095,0.07902410119,181,181,80,80,81,80,80,81,10,11,c(n)*log2(n)/n; not assumed bounded 0..1
FFT-derived POW,Feature,Alpha,P8,POW.P8.Alpha,30,0.4282899073,0.4777079735,0.04941806622,60,60,240,240,241,240,240,241,14,12,c(n)*log2(n)/n; not assumed bounded 0..1
FFT-derived POW,Feature,Alpha,P8,POW.P8.Alpha,60,0.3800589263,0.4453445298,0.06528560347,30,30,480,480,481,480,480,481,13,12,c(n)*log2(n)/n; not assumed bounded 0..1
FFT-derived POW,Feature,Alpha,P8,POW.P8.Alpha,120,0.3405493642,0.4330410927,0.09249172846,15,15,960,960,961,960,960,961,12,11,c(n)*log2(n)/n; not assumed bounded 0..1
FFT-derived POW,Feature,BetaL,P8,POW.P8.BetaL,10,0.6321928095,0.6321928095,0,181,181,80,80,81,80,80,81,10,11,c(n)*log2(n)/n; not assumed bounded 0..1
FFT-derived POW,Feature,BetaL,P8,POW.P8.BetaL,30,0.4941806622,0.5271260397,0.03294537748,60,60,240,240,241,240,240,241,11,14,c(n)*log2(n)/n; not assumed bounded 0..1
FFT-derived POW,Feature,BetaL,P8,POW.P8.BetaL,60,0.4824565739,0.4824565739,0,30,30,480,480,481,480,480,481,9,12,c(n)*log2(n)/n; not assumed bounded 0..1
FFT-derived POW,Feature,BetaL,P8,POW.P8.BetaL,120,0.4334264636,0.4643854967,0.03095903311,15,15,960,960,961,960,960,961,8,9,c(n)*log2(n)/n; not assumed bounded 0..1
FFT-derived POW,Feature,BetaH,P8,POW.P8.BetaH,10,0.6321928095,0.6321928095,0,181,181,80,80,81,80,80,81,12,11,c(n)*log2(n)/n; not assumed bounded 0..1
FFT-derived POW,Feature,BetaH,P8,POW.P8.BetaH,30,0.4612352847,0.4941806622,0.03294537748,60,60,240,240,241,240,240,241,13,12,c(n)*log2(n)/n; not assumed bounded 0..1
FFT-derived POW,Feature,BetaH,P8,POW.P8.BetaH,60,0.4267885077,0.4727581971,0.0459696894,30,30,480,480,481,480,480,481,14,12,c(n)*log2(n)/n; not assumed bounded 0..1
FFT-derived POW,Feature,BetaH,P8,POW.P8.BetaH,120,0.3921477527,0.454065819,0.06191806622,15,15,960,960,961,960,960,961,10,11,c(n)*log2(n)/n; not assumed bounded 0..1
FFT-derived POW,Feature,Gamma,P8,POW.P8.Gamma,10,0.6321928095,0.6321928095,0,181,181,80,80,81,80,80,81,11,11,c(n)*log2(n)/n; not assumed bounded 0..1
FFT-derived POW,Feature,Gamma,P8,POW.P8.Gamma,30,0.4941806622,0.4941806622,0,60,60,240,240,241,240,240,241,11,12,c(n)*log2(n)/n; not assumed bounded 0..1
FFT-derived POW,Feature,Gamma,P8,POW.P8.Gamma,60,0.4639005519,0.4639005519,0,30,30,480,480,481,480,480,481,12,13,c(n)*log2(n)/n; not assumed bounded 0..1
FFT-derived POW,Feature,Gamma,P8,POW.P8.Gamma,120,0.4334264636,0.4437461413,0.0103196777,15,15,960,960,961,960,960,961,11,10,c(n)*log2(n)/n; not assumed bounded 0..1
FFT-derived POW,Feature,Theta,P4,POW.P4.Theta,10,0.6321928095,0.6321928095,0,181,181,80,80,81,80,80,81,11,9,c(n)*log2(n)/n; not assumed bounded 0..1
FFT-derived POW,Feature,Theta,P4,POW.P4.Theta,30,0.5271260397,0.5271260397,0,60,60,240,240,241,240,240,241,12,12,c(n)*log2(n)/n; not assumed bounded 0..1
FFT-derived POW,Feature,Theta,P4,POW.P4.Theta,60,0.4731785629,0.4824565739,0.009278011037,30,30,480,480,481,480,480,481,11,11,c(n)*log2(n)/n; not assumed bounded 0..1
FFT-derived POW,Feature,Theta,P4,POW.P4.Theta,120,0.454065819,0.4643854967,0.0103196777,15,15,960,960,961,960,960,961,10,10,c(n)*log2(n)/n; not assumed bounded 0..1
FFT-derived POW,Feature,Alpha,P4,POW.P4.Alpha,10,0.5531687083,0.5531687083,0,181,181,80,80,81,80,80,81,10,10,c(n)*log2(n)/n; not assumed bounded 0..1
FFT-derived POW,Feature,Alpha,P4,POW.P4.Alpha,30,0.4282899073,0.4612352847,0.03294537748,60,60,240,240,241,240,240,241,14,13,c(n)*log2(n)/n; not assumed bounded 0..1
FFT-derived POW,Feature,Alpha,P4,POW.P4.Alpha,60,0.3711204415,0.4082324856,0.03711204415,30,30,480,480,481,480,480,481,17,12,c(n)*log2(n)/n; not assumed bounded 0..1
FFT-derived POW,Feature,Alpha,P4,POW.P4.Alpha,120,0.3302296865,0.3715083973,0.04127871082,15,15,960,960,961,960,960,961,12,10,c(n)*log2(n)/n; not assumed bounded 0..1
FFT-derived POW,Feature,BetaL,P4,POW.P4.BetaL,10,0.6321928095,0.6321928095,0,181,181,80,80,81,80,80,81,10,11,c(n)*log2(n)/n; not assumed bounded 0..1
FFT-derived POW,Feature,BetaL,P4,POW.P4.BetaL,30,0.4941806622,0.510653351,0.01647268874,60,60,240,240,241,240,240,241,14,12,c(n)*log2(n)/n; not assumed bounded 0..1
FFT-derived POW,Feature,BetaL,P4,POW.P4.BetaL,60,0.4639005519,0.4731785629,0.009278011037,30,30,480,480,481,480,480,481,10,12,c(n)*log2(n)/n; not assumed bounded 0..1
FFT-derived POW,Feature,BetaL,P4,POW.P4.BetaL,120,0.4334264636,0.4643854967,0.03095903311,15,15,960,960,961,960,960,961,8,9,c(n)*log2(n)/n; not assumed bounded 0..1
FFT-derived POW,Feature,BetaH,P4,POW.P4.BetaH,10,0.6321928095,0.6321928095,0,181,181,80,80,81,80,80,81,9,10,c(n)*log2(n)/n; not assumed bounded 0..1
FFT-derived POW,Feature,BetaH,P4,POW.P4.BetaH,30,0.4941806622,0.4941806622,0,60,60,240,240,241,240,240,241,11,13,c(n)*log2(n)/n; not assumed bounded 0..1
FFT-derived POW,Feature,BetaH,P4,POW.P4.BetaH,60,0.4546225408,0.4453445298,-0.009278011037,30,30,480,480,481,480,480,481,12,13,c(n)*log2(n)/n; not assumed bounded 0..1
FFT-derived POW,Feature,BetaH,P4,POW.P4.BetaH,120,0.4127871082,0.4231067859,0.0103196777,15,15,960,960,961,960,960,961,9,11,c(n)*log2(n)/n; not assumed bounded 0..1
FFT-derived POW,Feature,Gamma,P4,POW.P4.Gamma,10,0.6321928095,0.6321928095,0,181,181,80,80,81,80,80,81,9,9,c(n)*log2(n)/n; not assumed bounded 0..1
FFT-derived POW,Feature,Gamma,P4,POW.P4.Gamma,30,0.5271260397,0.5097588568,-0.01736718291,60,60,240,240,241,240,240,241,12,12,c(n)*log2(n)/n; not assumed bounded 0..1
FFT-derived POW,Feature,Gamma,P4,POW.P4.Gamma,60,0.4731785629,0.4824565739,0.009278011037,30,30,480,480,481,480,480,481,12,13,c(n)*log2(n)/n; not assumed bounded 0..1
FFT-derived POW,Feature,Gamma,P4,POW.P4.Gamma,120,0.4437461413,0.454065819,0.0103196777,15,15,960,960,961,960,960,961,11,10,c(n)*log2(n)/n; not assumed bounded 0..1
FFT-derived POW,Feature,Theta,CP2,POW.CP2.Theta,10,0.6321928095,0.6321928095,0,181,181,80,80,81,80,80,81,10,9,c(n)*log2(n)/n; not assumed bounded 0..1
FFT-derived POW,Feature,Theta,CP2,POW.CP2.Theta,30,0.4941806622,0.5271260397,0.03294537748,60,60,240,240,241,240,240,241,11,12,c(n)*log2(n)/n; not assumed bounded 0..1
FFT-derived POW,Feature,Theta,CP2,POW.CP2.Theta,60,0.4824565739,0.501012596,0.01855602207,30,30,480,480,481,480,480,481,13,13,c(n)*log2(n)/n; not assumed bounded 0..1
FFT-derived POW,Feature,Theta,CP2,POW.CP2.Theta,120,0.4334264636,0.4643854967,0.03095903311,15,15,960,960,961,960,960,961,8,9,c(n)*log2(n)/n; not assumed bounded 0..1
FFT-derived POW,Feature,Alpha,CP2,POW.CP2.Alpha,10,0.5531687083,0.6321928095,0.07902410119,181,181,80,80,81,80,80,81,12,10,c(n)*log2(n)/n; not assumed bounded 0..1
FFT-derived POW,Feature,Alpha,CP2,POW.CP2.Alpha,30,0.4282899073,0.4612352847,0.03294537748,60,60,240,240,241,240,240,241,14,14,c(n)*log2(n)/n; not assumed bounded 0..1
FFT-derived POW,Feature,Alpha,CP2,POW.CP2.Alpha,60,0.3618424304,0.4175104967,0.05566806622,30,30,480,480,481,480,480,481,15,13,c(n)*log2(n)/n; not assumed bounded 0..1
FFT-derived POW,Feature,Alpha,CP2,POW.CP2.Alpha,120,0.3405493642,0.3921477527,0.05159838852,15,15,960,960,961,960,960,961,12,11,c(n)*log2(n)/n; not assumed bounded 0..1
FFT-derived POW,Feature,BetaL,CP2,POW.CP2.BetaL,10,0.6321928095,0.6321928095,0,181,181,80,80,81,80,80,81,12,11,c(n)*log2(n)/n; not assumed bounded 0..1
FFT-derived POW,Feature,BetaL,CP2,POW.CP2.BetaL,30,0.4941806622,0.4941806622,0,60,60,240,240,241,240,240,241,12,14,c(n)*log2(n)/n; not assumed bounded 0..1
FFT-derived POW,Feature,BetaL,CP2,POW.CP2.BetaL,60,0.463496354,0.4824565739,0.01896021994,30,30,480,480,481,480,480,481,13,14,c(n)*log2(n)/n; not assumed bounded 0..1
FFT-derived POW,Feature,BetaL,CP2,POW.CP2.BetaL,120,0.4334264636,0.4643854967,0.03095903311,15,15,960,960,961,960,960,961,11,10,c(n)*log2(n)/n; not assumed bounded 0..1
FFT-derived POW,Feature,BetaH,CP2,POW.CP2.BetaH,10,0.6321928095,0.6321928095,0,181,181,80,80,81,80,80,81,12,11,c(n)*log2(n)/n; not assumed bounded 0..1
FFT-derived POW,Feature,BetaH,CP2,POW.CP2.BetaH,30,0.4941806622,0.4941806622,0,60,60,240,240,241,240,240,241,11,13,c(n)*log2(n)/n; not assumed bounded 0..1
FFT-derived POW,Feature,BetaH,CP2,POW.CP2.BetaH,60,0.4453445298,0.4546225408,0.009278011037,30,30,480,480,481,480,480,481,13,14,c(n)*log2(n)/n; not assumed bounded 0..1
FFT-derived POW,Feature,BetaH,CP2,POW.CP2.BetaH,120,0.4334264636,0.4334264636,0,15,15,960,960,961,960,960,961,8,11,c(n)*log2(n)/n; not assumed bounded 0..1
FFT-derived POW,Feature,Gamma,CP2,POW.CP2.Gamma,10,0.6321928095,0.6321928095,0,181,181,80,80,81,80,80,81,9,10,c(n)*log2(n)/n; not assumed bounded 0..1
FFT-derived POW,Feature,Gamma,CP2,POW.CP2.Gamma,30,0.5262315455,0.4941806622,-0.03205088331,60,60,240,240,241,240,240,241,12,10,c(n)*log2(n)/n; not assumed bounded 0..1
FFT-derived POW,Feature,Gamma,CP2,POW.CP2.Gamma,60,0.4824565739,0.4639005519,-0.01855602207,30,30,480,480,481,480,480,481,13,11,c(n)*log2(n)/n; not assumed bounded 0..1
FFT-derived POW,Feature,Gamma,CP2,POW.CP2.Gamma,120,0.454065819,0.4643854967,0.0103196777,15,15,960,960,961,960,960,961,10,11,c(n)*log2(n)/n; not assumed bounded 0..1
FFT-derived POW,Feature,Theta,CP6,POW.CP6.Theta,10,0.6321928095,0.6321928095,0,181,181,80,80,81,80,80,81,10,8,c(n)*log2(n)/n; not assumed bounded 0..1
FFT-derived POW,Feature,Theta,CP6,POW.CP6.Theta,30,0.4941806622,0.5271260397,0.03294537748,60,60,240,240,241,240,240,241,12,12,c(n)*log2(n)/n; not assumed bounded 0..1
FFT-derived POW,Feature,Theta,CP6,POW.CP6.Theta,60,0.4546225408,0.4639005519,0.009278011037,30,30,480,480,481,480,480,481,15,13,c(n)*log2(n)/n; not assumed bounded 0..1
FFT-derived POW,Feature,Theta,CP6,POW.CP6.Theta,120,0.4334264636,0.454065819,0.02063935541,15,15,960,960,961,960,960,961,10,10,c(n)*log2(n)/n; not assumed bounded 0..1
FFT-derived POW,Feature,Alpha,CP6,POW.CP6.Alpha,10,0.5531687083,0.6321928095,0.07902410119,181,181,80,80,81,80,80,81,9,10,c(n)*log2(n)/n; not assumed bounded 0..1
FFT-derived POW,Feature,Alpha,CP6,POW.CP6.Alpha,30,0.4612352847,0.4941806622,0.03294537748,60,60,240,240,241,240,240,241,12,13,c(n)*log2(n)/n; not assumed bounded 0..1
FFT-derived POW,Feature,Alpha,CP6,POW.CP6.Alpha,60,0.4267885077,0.4546225408,0.02783403311,30,30,480,480,481,480,480,481,13,9,c(n)*log2(n)/n; not assumed bounded 0..1
FFT-derived POW,Feature,Alpha,CP6,POW.CP6.Alpha,120,0.381828075,0.4231067859,0.04127871082,15,15,960,960,961,960,960,961,12,11,c(n)*log2(n)/n; not assumed bounded 0..1
FFT-derived POW,Feature,BetaL,CP6,POW.CP6.BetaL,10,0.6321928095,0.6321928095,0,181,181,80,80,81,80,80,81,11,10,c(n)*log2(n)/n; not assumed bounded 0..1
FFT-derived POW,Feature,BetaL,CP6,POW.CP6.BetaL,30,0.4941806622,0.4941806622,0,60,60,240,240,241,240,240,241,13,11,c(n)*log2(n)/n; not assumed bounded 0..1
FFT-derived POW,Feature,BetaL,CP6,POW.CP6.BetaL,60,0.501012596,0.4639005519,-0.03711204415,30,30,480,480,481,480,480,481,11,14,c(n)*log2(n)/n; not assumed bounded 0..1
FFT-derived POW,Feature,BetaL,CP6,POW.CP6.BetaL,120,0.4643854967,0.454065819,-0.0103196777,15,15,960,960,961,960,960,961,9,11,c(n)*log2(n)/n; not assumed bounded 0..1
FFT-derived POW,Feature,BetaH,CP6,POW.CP6.BetaH,10,0.6321928095,0.6321928095,0,181,181,80,80,81,80,80,81,10,10,c(n)*log2(n)/n; not assumed bounded 0..1
FFT-derived POW,Feature,BetaH,CP6,POW.CP6.BetaH,30,0.4941806622,0.4941806622,0,60,60,240,240,241,240,240,241,11,13,c(n)*log2(n)/n; not assumed bounded 0..1
FFT-derived POW,Feature,BetaH,CP6,POW.CP6.BetaH,60,0.4453445298,0.4639005519,0.01855602207,30,30,480,480,481,480,480,481,12,12,c(n)*log2(n)/n; not assumed bounded 0..1
FFT-derived POW,Feature,BetaH,CP6,POW.CP6.BetaH,120,0.4334264636,0.454065819,0.02063935541,15,15,960,960,961,960,960,961,12,11,c(n)*log2(n)/n; not assumed bounded 0..1
FFT-derived POW,Feature,Gamma,CP6,POW.CP6.Gamma,10,0.6321928095,0.6321928095,0,181,181,80,80,81,80,80,81,10,9,c(n)*log2(n)/n; not assumed bounded 0..1
FFT-derived POW,Feature,Gamma,CP6,POW.CP6.Gamma,30,0.5271260397,0.5271260397,0,60,60,240,240,241,240,240,241,10,13,c(n)*log2(n)/n; not assumed bounded 0..1
FFT-derived POW,Feature,Gamma,CP6,POW.CP6.Gamma,60,0.4820362081,0.4824565739,0.0004203657814,30,30,480,480,481,480,480,481,12,13,c(n)*log2(n)/n; not assumed bounded 0..1
FFT-derived POW,Feature,Gamma,CP6,POW.CP6.Gamma,120,0.4747051744,0.4643854967,-0.0103196777,15,15,960,960,961,960,960,961,10,11,c(n)*log2(n)/n; not assumed bounded 0..1
FFT-derived POW,Feature,Theta,T8,POW.T8.Theta,10,0.626158025,0.6321928095,0.006034784512,181,181,80,80,81,80,80,81,10,9,c(n)*log2(n)/n; not assumed bounded 0..1
FFT-derived POW,Feature,Theta,T8,POW.T8.Theta,30,0.4941806622,0.510653351,0.01647268874,60,60,240,240,241,240,240,241,10,13,c(n)*log2(n)/n; not assumed bounded 0..1
FFT-derived POW,Feature,Theta,T8,POW.T8.Theta,60,0.4639005519,0.4639005519,0,30,30,480,480,481,480,480,481,11,14,c(n)*log2(n)/n; not assumed bounded 0..1
FFT-derived POW,Feature,Theta,T8,POW.T8.Theta,120,0.4437461413,0.454065819,0.0103196777,15,15,960,960,961,960,960,961,9,12,c(n)*log2(n)/n; not assumed bounded 0..1
FFT-derived POW,Feature,Alpha,T8,POW.T8.Alpha,10,0.6321928095,0.6321928095,0,181,181,80,80,81,80,80,81,11,10,c(n)*log2(n)/n; not assumed bounded 0..1
FFT-derived POW,Feature,Alpha,T8,POW.T8.Alpha,30,0.4941806622,0.4941806622,0,60,60,240,240,241,240,240,241,11,14,c(n)*log2(n)/n; not assumed bounded 0..1
FFT-derived POW,Feature,Alpha,T8,POW.T8.Alpha,60,0.4453445298,0.4639005519,0.01855602207,30,30,480,480,481,480,480,481,11,12,c(n)*log2(n)/n; not assumed bounded 0..1
FFT-derived POW,Feature,Alpha,T8,POW.T8.Alpha,120,0.4334264636,0.454065819,0.02063935541,15,15,960,960,961,960,960,961,9,11,c(n)*log2(n)/n; not assumed bounded 0..1
FFT-derived POW,Feature,BetaL,T8,POW.T8.BetaL,10,0.6321928095,0.6321928095,0,181,181,80,80,81,80,80,81,10,9,c(n)*log2(n)/n; not assumed bounded 0..1
FFT-derived POW,Feature,BetaL,T8,POW.T8.BetaL,30,0.510653351,0.5271260397,0.01647268874,60,60,240,240,241,240,240,241,13,11,c(n)*log2(n)/n; not assumed bounded 0..1
FFT-derived POW,Feature,BetaL,T8,POW.T8.BetaL,60,0.4727581971,0.4820362081,0.009278011037,30,30,480,480,481,480,480,481,13,15,c(n)*log2(n)/n; not assumed bounded 0..1
FFT-derived POW,Feature,BetaL,T8,POW.T8.BetaL,120,0.4437461413,0.4643854967,0.02063935541,15,15,960,960,961,960,960,961,8,8,c(n)*log2(n)/n; not assumed bounded 0..1
FFT-derived POW,Feature,BetaH,T8,POW.T8.BetaH,10,0.6321928095,0.6321928095,0,181,181,80,80,81,80,80,81,9,10,c(n)*log2(n)/n; not assumed bounded 0..1
FFT-derived POW,Feature,BetaH,T8,POW.T8.BetaH,30,0.4941806622,0.4941806622,0,60,60,240,240,241,240,240,241,10,12,c(n)*log2(n)/n; not assumed bounded 0..1
FFT-derived POW,Feature,BetaH,T8,POW.T8.BetaH,60,0.4639005519,0.4824565739,0.01855602207,30,30,480,480,481,480,480,481,11,11,c(n)*log2(n)/n; not assumed bounded 0..1
FFT-derived POW,Feature,BetaH,T8,POW.T8.BetaH,120,0.4334264636,0.4437461413,0.0103196777,15,15,960,960,961,960,960,961,9,9,c(n)*log2(n)/n; not assumed bounded 0..1
FFT-derived POW,Feature,Gamma,T8,POW.T8.Gamma,10,0.6321928095,0.6321928095,0,181,181,80,80,81,80,80,81,10,11,c(n)*log2(n)/n; not assumed bounded 0..1
FFT-derived POW,Feature,Gamma,T8,POW.T8.Gamma,30,0.5271260397,0.5271260397,0,60,60,240,240,241,240,240,241,13,12,c(n)*log2(n)/n; not assumed bounded 0..1
FFT-derived POW,Feature,Gamma,T8,POW.T8.Gamma,60,0.4639005519,0.4639005519,0,30,30,480,480,481,480,480,481,13,11,c(n)*log2(n)/n; not assumed bounded 0..1
FFT-derived POW,Feature,Gamma,T8,POW.T8.Gamma,120,0.4643854967,0.454065819,-0.0103196777,15,15,960,960,961,960,960,961,10,9,c(n)*log2(n)/n; not assumed bounded 0..1
FFT-derived POW,Feature,Theta,FT10,POW.FT10.Theta,10,0.5531687083,0.6321928095,0.07902410119,181,181,80,80,81,80,80,81,10,10,c(n)*log2(n)/n; not assumed bounded 0..1
FFT-derived POW,Feature,Theta,FT10,POW.FT10.Theta,30,0.4941806622,0.4941806622,0,60,60,240,240,241,240,240,241,12,10,c(n)*log2(n)/n; not assumed bounded 0..1
FFT-derived POW,Feature,Theta,FT10,POW.FT10.Theta,60,0.4639005519,0.4639005519,0,30,30,480,480,481,480,480,481,13,13,c(n)*log2(n)/n; not assumed bounded 0..1
FFT-derived POW,Feature,Theta,FT10,POW.FT10.Theta,120,0.4231067859,0.4437461413,0.02063935541,15,15,960,960,961,960,960,961,11,9,c(n)*log2(n)/n; not assumed bounded 0..1
FFT-derived POW,Feature,Alpha,FT10,POW.FT10.Alpha,10,0.6321928095,0.6321928095,0,181,181,80,80,81,80,80,81,10,11,c(n)*log2(n)/n; not assumed bounded 0..1
FFT-derived POW,Feature,Alpha,FT10,POW.FT10.Alpha,30,0.4941806622,0.4941806622,0,60,60,240,240,241,240,240,241,12,12,c(n)*log2(n)/n; not assumed bounded 0..1
FFT-derived POW,Feature,Alpha,FT10,POW.FT10.Alpha,60,0.463496354,0.4546225408,-0.00887381317,30,30,480,480,481,480,480,481,12,13,c(n)*log2(n)/n; not assumed bounded 0..1
FFT-derived POW,Feature,Alpha,FT10,POW.FT10.Alpha,120,0.4334264636,0.4334264636,0,15,15,960,960,961,960,960,961,9,10,c(n)*log2(n)/n; not assumed bounded 0..1
FFT-derived POW,Feature,BetaL,FT10,POW.FT10.BetaL,10,0.6321928095,0.6321928095,0,181,181,80,80,81,80,80,81,10,10,c(n)*log2(n)/n; not assumed bounded 0..1
FFT-derived POW,Feature,BetaL,FT10,POW.FT10.BetaL,30,0.5271260397,0.4941806622,-0.03294537748,60,60,240,240,241,240,240,241,11,14,c(n)*log2(n)/n; not assumed bounded 0..1
FFT-derived POW,Feature,BetaL,FT10,POW.FT10.BetaL,60,0.4820362081,0.4639005519,-0.01813565629,30,30,480,480,481,480,480,481,11,14,c(n)*log2(n)/n; not assumed bounded 0..1
FFT-derived POW,Feature,BetaL,FT10,POW.FT10.BetaL,120,0.4437461413,0.4231067859,-0.02063935541,15,15,960,960,961,960,960,961,11,11,c(n)*log2(n)/n; not assumed bounded 0..1
FFT-derived POW,Feature,BetaH,FT10,POW.FT10.BetaH,10,0.6321928095,0.6321928095,0,181,181,80,80,81,80,80,81,10,11,c(n)*log2(n)/n; not assumed bounded 0..1
FFT-derived POW,Feature,BetaH,FT10,POW.FT10.BetaH,30,0.4941806622,0.4941806622,0,60,60,240,240,241,240,240,241,11,13,c(n)*log2(n)/n; not assumed bounded 0..1
FFT-derived POW,Feature,BetaH,FT10,POW.FT10.BetaH,60,0.4824565739,0.4824565739,0,30,30,480,480,481,480,480,481,11,12,c(n)*log2(n)/n; not assumed bounded 0..1
FFT-derived POW,Feature,BetaH,FT10,POW.FT10.BetaH,120,0.4437461413,0.454065819,0.0103196777,15,15,960,960,961,960,960,961,11,10,c(n)*log2(n)/n; not assumed bounded 0..1
FFT-derived POW,Feature,Gamma,FT10,POW.FT10.Gamma,10,0.6321928095,0.6321928095,0,181,181,80,80,81,80,80,81,10,11,c(n)*log2(n)/n; not assumed bounded 0..1
FFT-derived POW,Feature,Gamma,FT10,POW.FT10.Gamma,30,0.5271260397,0.4941806622,-0.03294537748,60,60,240,240,241,240,240,241,12,11,c(n)*log2(n)/n; not assumed bounded 0..1
FFT-derived POW,Feature,Gamma,FT10,POW.FT10.Gamma,60,0.4824565739,0.4824565739,0,30,30,480,480,481,480,480,481,11,14,c(n)*log2(n)/n; not assumed bounded 0..1
FFT-derived POW,Feature,Gamma,FT10,POW.FT10.Gamma,120,0.454065819,0.4643854967,0.0103196777,15,15,960,960,961,960,960,961,9,12,c(n)*log2(n)/n; not assumed bounded 0..1
FFT-derived POW,Feature,Theta,FC6,POW.FC6.Theta,10,0.6321928095,0.6321928095,0,181,181,80,80,81,80,80,81,9,9,c(n)*log2(n)/n; not assumed bounded 0..1
FFT-derived POW,Feature,Theta,FC6,POW.FC6.Theta,30,0.4941806622,0.5271260397,0.03294537748,60,60,240,240,241,240,240,241,11,12,c(n)*log2(n)/n; not assumed bounded 0..1
FFT-derived POW,Feature,Theta,FC6,POW.FC6.Theta,60,0.4824565739,0.4824565739,0,30,30,480,480,481,480,480,481,11,11,c(n)*log2(n)/n; not assumed bounded 0..1
FFT-derived POW,Feature,Theta,FC6,POW.FC6.Theta,120,0.4437461413,0.4643854967,0.02063935541,15,15,960,960,961,960,960,961,10,12,c(n)*log2(n)/n; not assumed bounded 0..1
FFT-derived POW,Feature,Alpha,FC6,POW.FC6.Alpha,10,0.6321928095,0.5531687083,-0.07902410119,181,181,80,80,81,80,80,81,9,10,c(n)*log2(n)/n; not assumed bounded 0..1
FFT-derived POW,Feature,Alpha,FC6,POW.FC6.Alpha,30,0.4941806622,0.4612352847,-0.03294537748,60,60,240,240,241,240,240,241,12,14,c(n)*log2(n)/n; not assumed bounded 0..1
FFT-derived POW,Feature,Alpha,FC6,POW.FC6.Alpha,60,0.4639005519,0.4639005519,0,30,30,480,480,481,480,480,481,11,13,c(n)*log2(n)/n; not assumed bounded 0..1
FFT-derived POW,Feature,Alpha,FC6,POW.FC6.Alpha,120,0.4334264636,0.4334264636,0,15,15,960,960,961,960,960,961,10,10,c(n)*log2(n)/n; not assumed bounded 0..1
FFT-derived POW,Feature,BetaL,FC6,POW.FC6.BetaL,10,0.6321928095,0.6321928095,0,181,181,80,80,81,80,80,81,11,10,c(n)*log2(n)/n; not assumed bounded 0..1
FFT-derived POW,Feature,BetaL,FC6,POW.FC6.BetaL,30,0.4941806622,0.4941806622,0,60,60,240,240,241,240,240,241,11,12,c(n)*log2(n)/n; not assumed bounded 0..1
FFT-derived POW,Feature,BetaL,FC6,POW.FC6.BetaL,60,0.4824565739,0.4824565739,0,30,30,480,480,481,480,480,481,13,12,c(n)*log2(n)/n; not assumed bounded 0..1
FFT-derived POW,Feature,BetaL,FC6,POW.FC6.BetaL,120,0.4437461413,0.4433515949,-0.0003945463675,15,15,960,960,961,960,960,961,11,8,c(n)*log2(n)/n; not assumed bounded 0..1
FFT-derived POW,Feature,BetaH,FC6,POW.FC6.BetaH,10,0.6321928095,0.6321928095,0,181,181,80,80,81,80,80,81,10,9,c(n)*log2(n)/n; not assumed bounded 0..1
FFT-derived POW,Feature,BetaH,FC6,POW.FC6.BetaH,30,0.4941806622,0.510653351,0.01647268874,60,60,240,240,241,240,240,241,14,12,c(n)*log2(n)/n; not assumed bounded 0..1
FFT-derived POW,Feature,BetaH,FC6,POW.FC6.BetaH,60,0.4639005519,0.4824565739,0.01855602207,30,30,480,480,481,480,480,481,14,14,c(n)*log2(n)/n; not assumed bounded 0..1
FFT-derived POW,Feature,BetaH,FC6,POW.FC6.BetaH,120,0.4334264636,0.454065819,0.02063935541,15,15,960,960,961,960,960,961,11,9,c(n)*log2(n)/n; not assumed bounded 0..1
FFT-derived POW,Feature,Gamma,FC6,POW.FC6.Gamma,10,0.6321928095,0.6321928095,0,181,181,80,80,81,80,80,81,10,11,c(n)*log2(n)/n; not assumed bounded 0..1
FFT-derived POW,Feature,Gamma,FC6,POW.FC6.Gamma,30,0.510653351,0.5271260397,0.01647268874,60,60,240,240,241,240,240,241,11,12,c(n)*log2(n)/n; not assumed bounded 0..1
FFT-derived POW,Feature,Gamma,FC6,POW.FC6.Gamma,60,0.491734585,0.4824565739,-0.009278011037,30,30,480,480,481,480,480,481,12,12,c(n)*log2(n)/n; not assumed bounded 0..1
FFT-derived POW,Feature,Gamma,FC6,POW.FC6.Gamma,120,0.4643854967,0.4437461413,-0.02063935541,15,15,960,960,961,960,960,961,9,7,c(n)*log2(n)/n; not assumed bounded 0..1
FFT-derived POW,Feature,Theta,C4,POW.C4.Theta,10,0.6321928095,0.6321928095,0,181,181,80,80,81,80,80,81,9,10,c(n)*log2(n)/n; not assumed bounded 0..1
FFT-derived POW,Feature,Theta,C4,POW.C4.Theta,30,0.4941806622,0.510653351,0.01647268874,60,60,240,240,241,240,240,241,11,9,c(n)*log2(n)/n; not assumed bounded 0..1
FFT-derived POW,Feature,Theta,C4,POW.C4.Theta,60,0.4824565739,0.4639005519,-0.01855602207,30,30,480,480,481,480,480,481,11,11,c(n)*log2(n)/n; not assumed bounded 0..1
FFT-derived POW,Feature,Theta,C4,POW.C4.Theta,120,0.454065819,0.4437461413,-0.0103196777,15,15,960,960,961,960,960,961,9,11,c(n)*log2(n)/n; not assumed bounded 0..1
FFT-derived POW,Feature,Alpha,C4,POW.C4.Alpha,10,0.6321928095,0.6321928095,0,181,181,80,80,81,80,80,81,10,10,c(n)*log2(n)/n; not assumed bounded 0..1
FFT-derived POW,Feature,Alpha,C4,POW.C4.Alpha,30,0.4941806622,0.4941806622,0,60,60,240,240,241,240,240,241,12,12,c(n)*log2(n)/n; not assumed bounded 0..1
FFT-derived POW,Feature,Alpha,C4,POW.C4.Alpha,60,0.4267885077,0.4546225408,0.02783403311,30,30,480,480,481,480,480,481,11,12,c(n)*log2(n)/n; not assumed bounded 0..1
FFT-derived POW,Feature,Alpha,C4,POW.C4.Alpha,120,0.4127871082,0.4334264636,0.02063935541,15,15,960,960,961,960,960,961,9,11,c(n)*log2(n)/n; not assumed bounded 0..1
FFT-derived POW,Feature,BetaL,C4,POW.C4.BetaL,10,0.6321928095,0.6321928095,0,181,181,80,80,81,80,80,81,10,10,c(n)*log2(n)/n; not assumed bounded 0..1
FFT-derived POW,Feature,BetaL,C4,POW.C4.BetaL,30,0.5271260397,0.4941806622,-0.03294537748,60,60,240,240,241,240,240,241,11,14,c(n)*log2(n)/n; not assumed bounded 0..1
FFT-derived POW,Feature,BetaL,C4,POW.C4.BetaL,60,0.4824565739,0.4639005519,-0.01855602207,30,30,480,480,481,480,480,481,12,13,c(n)*log2(n)/n; not assumed bounded 0..1
FFT-derived POW,Feature,BetaL,C4,POW.C4.BetaL,120,0.4643854967,0.4437461413,-0.02063935541,15,15,960,960,961,960,960,961,11,11,c(n)*log2(n)/n; not assumed bounded 0..1
FFT-derived POW,Feature,BetaH,C4,POW.C4.BetaH,10,0.6321928095,0.6321928095,0,181,181,80,80,81,80,80,81,10,9,c(n)*log2(n)/n; not assumed bounded 0..1
FFT-derived POW,Feature,BetaH,C4,POW.C4.BetaH,30,0.510653351,0.5271260397,0.01647268874,60,60,240,240,241,240,240,241,12,12,c(n)*log2(n)/n; not assumed bounded 0..1
FFT-derived POW,Feature,BetaH,C4,POW.C4.BetaH,60,0.4639005519,0.4824565739,0.01855602207,30,30,480,480,481,480,480,481,10,13,c(n)*log2(n)/n; not assumed bounded 0..1
FFT-derived POW,Feature,BetaH,C4,POW.C4.BetaH,120,0.4437461413,0.4437461413,0,15,15,960,960,961,960,960,961,10,10,c(n)*log2(n)/n; not assumed bounded 0..1
FFT-derived POW,Feature,Gamma,C4,POW.C4.Gamma,10,0.6321928095,0.6321928095,0,181,181,80,80,81,80,80,81,10,10,c(n)*log2(n)/n; not assumed bounded 0..1
FFT-derived POW,Feature,Gamma,C4,POW.C4.Gamma,30,0.5271260397,0.5271260397,0,60,60,240,240,241,240,240,241,11,11,c(n)*log2(n)/n; not assumed bounded 0..1
FFT-derived POW,Feature,Gamma,C4,POW.C4.Gamma,60,0.501012596,0.4912980513,-0.009714544733,30,30,480,480,481,480,480,481,13,12,c(n)*log2(n)/n; not assumed bounded 0..1
FFT-derived POW,Feature,Gamma,C4,POW.C4.Gamma,120,0.4643854967,0.4742831015,0.009897604846,15,15,960,960,961,960,960,961,10,10,c(n)*log2(n)/n; not assumed bounded 0..1
FFT-derived POW,Feature,Theta,FC2,POW.FC2.Theta,10,0.6321928095,0.6321928095,0,181,181,80,80,81,80,80,81,8,10,c(n)*log2(n)/n; not assumed bounded 0..1
FFT-derived POW,Feature,Theta,FC2,POW.FC2.Theta,30,0.4941806622,0.5262315455,0.03205088331,60,60,240,240,241,240,240,241,11,12,c(n)*log2(n)/n; not assumed bounded 0..1
FFT-derived POW,Feature,Theta,FC2,POW.FC2.Theta,60,0.4824565739,0.4820362081,-0.0004203657814,30,30,480,480,481,480,480,481,8,11,c(n)*log2(n)/n; not assumed bounded 0..1
FFT-derived POW,Feature,Theta,FC2,POW.FC2.Theta,120,0.454065819,0.4639725993,0.009906780342,15,15,960,960,961,960,960,961,10,11,c(n)*log2(n)/n; not assumed bounded 0..1
FFT-derived POW,Feature,Alpha,FC2,POW.FC2.Alpha,10,0.6321928095,0.6321928095,0,181,181,80,80,81,80,80,81,9,10,c(n)*log2(n)/n; not assumed bounded 0..1
FFT-derived POW,Feature,Alpha,FC2,POW.FC2.Alpha,30,0.4941806622,0.4612352847,-0.03294537748,60,60,240,240,241,240,240,241,12,13,c(n)*log2(n)/n; not assumed bounded 0..1
FFT-derived POW,Feature,Alpha,FC2,POW.FC2.Alpha,60,0.4639005519,0.4546225408,-0.009278011037,30,30,480,480,481,480,480,481,12,13,c(n)*log2(n)/n; not assumed bounded 0..1
FFT-derived POW,Feature,Alpha,FC2,POW.FC2.Alpha,120,0.4437461413,0.4334264636,-0.0103196777,15,15,960,960,961,960,960,961,11,11,c(n)*log2(n)/n; not assumed bounded 0..1
FFT-derived POW,Feature,BetaL,FC2,POW.FC2.BetaL,10,0.6321928095,0.6321928095,0,181,181,80,80,81,80,80,81,11,9,c(n)*log2(n)/n; not assumed bounded 0..1
FFT-derived POW,Feature,BetaL,FC2,POW.FC2.BetaL,30,0.4941806622,0.4941806622,0,60,60,240,240,241,240,240,241,11,12,c(n)*log2(n)/n; not assumed bounded 0..1
FFT-derived POW,Feature,BetaL,FC2,POW.FC2.BetaL,60,0.4639005519,0.4639005519,0,30,30,480,480,481,480,480,481,10,11,c(n)*log2(n)/n; not assumed bounded 0..1
FFT-derived POW,Feature,BetaL,FC2,POW.FC2.BetaL,120,0.4334264636,0.454065819,0.02063935541,15,15,960,960,961,960,960,961,9,11,c(n)*log2(n)/n; not assumed bounded 0..1
FFT-derived POW,Feature,BetaH,FC2,POW.FC2.BetaH,10,0.6321928095,0.6321928095,0,181,181,80,80,81,80,80,81,9,11,c(n)*log2(n)/n; not assumed bounded 0..1
FFT-derived POW,Feature,BetaH,FC2,POW.FC2.BetaH,30,0.5271260397,0.5271260397,0,60,60,240,240,241,240,240,241,11,11,c(n)*log2(n)/n; not assumed bounded 0..1
FFT-derived POW,Feature,BetaH,FC2,POW.FC2.BetaH,60,0.4824565739,0.4824565739,0,30,30,480,480,481,480,480,481,12,12,c(n)*log2(n)/n; not assumed bounded 0..1
FFT-derived POW,Feature,BetaH,FC2,POW.FC2.BetaH,120,0.454065819,0.4747051744,0.02063935541,15,15,960,960,961,960,960,961,10,9,c(n)*log2(n)/n; not assumed bounded 0..1
FFT-derived POW,Feature,Gamma,FC2,POW.FC2.Gamma,10,0.6321928095,0.6321928095,0,181,181,80,80,81,80,80,81,11,9,c(n)*log2(n)/n; not assumed bounded 0..1
FFT-derived POW,Feature,Gamma,FC2,POW.FC2.Gamma,30,0.5271260397,0.5271260397,0,60,60,240,240,241,240,240,241,12,12,c(n)*log2(n)/n; not assumed bounded 0..1
FFT-derived POW,Feature,Gamma,FC2,POW.FC2.Gamma,60,0.4824565739,0.4824565739,0,30,30,480,480,481,480,480,481,10,11,c(n)*log2(n)/n; not assumed bounded 0..1
FFT-derived POW,Feature,Gamma,FC2,POW.FC2.Gamma,120,0.4643854967,0.4643854967,0,15,15,960,960,961,960,960,961,8,12,c(n)*log2(n)/n; not assumed bounded 0..1
FFT-derived POW,Feature,Theta,F4,POW.F4.Theta,10,0.6321928095,0.6321928095,0,181,181,80,80,81,80,80,81,11,10,c(n)*log2(n)/n; not assumed bounded 0..1
FFT-derived POW,Feature,Theta,F4,POW.F4.Theta,30,0.510653351,0.5271260397,0.01647268874,60,60,240,240,241,240,240,241,10,12,c(n)*log2(n)/n; not assumed bounded 0..1
FFT-derived POW,Feature,Theta,F4,POW.F4.Theta,60,0.4824565739,0.4824565739,0,30,30,480,480,481,480,480,481,11,14,c(n)*log2(n)/n; not assumed bounded 0..1
FFT-derived POW,Feature,Theta,F4,POW.F4.Theta,120,0.454065819,0.4747051744,0.02063935541,15,15,960,960,961,960,960,961,10,9,c(n)*log2(n)/n; not assumed bounded 0..1
FFT-derived POW,Feature,Alpha,F4,POW.F4.Alpha,10,0.6321928095,0.6321928095,0,181,181,80,80,81,80,80,81,9,11,c(n)*log2(n)/n; not assumed bounded 0..1
FFT-derived POW,Feature,Alpha,F4,POW.F4.Alpha,30,0.4933420739,0.4612352847,-0.0321067892,60,60,240,240,241,240,240,241,12,11,c(n)*log2(n)/n; not assumed bounded 0..1
FFT-derived POW,Feature,Alpha,F4,POW.F4.Alpha,60,0.4453445298,0.4356784888,-0.009666040989,30,30,480,480,481,480,480,481,12,11,c(n)*log2(n)/n; not assumed bounded 0..1
FFT-derived POW,Feature,Alpha,F4,POW.F4.Alpha,120,0.4227305905,0.4024674304,-0.02026316003,15,15,960,960,961,960,960,961,13,12,c(n)*log2(n)/n; not assumed bounded 0..1
FFT-derived POW,Feature,BetaL,F4,POW.F4.BetaL,10,0.6321928095,0.6321928095,0,181,181,80,80,81,80,80,81,13,10,c(n)*log2(n)/n; not assumed bounded 0..1
FFT-derived POW,Feature,BetaL,F4,POW.F4.BetaL,30,0.4941806622,0.5271260397,0.03294537748,60,60,240,240,241,240,240,241,11,11,c(n)*log2(n)/n; not assumed bounded 0..1
FFT-derived POW,Feature,BetaL,F4,POW.F4.BetaL,60,0.4639005519,0.4824565739,0.01855602207,30,30,480,480,481,480,480,481,13,10,c(n)*log2(n)/n; not assumed bounded 0..1
FFT-derived POW,Feature,BetaL,F4,POW.F4.BetaL,120,0.4334264636,0.454065819,0.02063935541,15,15,960,960,961,960,960,961,11,9,c(n)*log2(n)/n; not assumed bounded 0..1
FFT-derived POW,Feature,BetaH,F4,POW.F4.BetaH,10,0.6321928095,0.6321928095,0,181,181,80,80,81,80,80,81,10,10,c(n)*log2(n)/n; not assumed bounded 0..1
FFT-derived POW,Feature,BetaH,F4,POW.F4.BetaH,30,0.4941806622,0.4941806622,0,60,60,240,240,241,240,240,241,12,11,c(n)*log2(n)/n; not assumed bounded 0..1
FFT-derived POW,Feature,BetaH,F4,POW.F4.BetaH,60,0.4639005519,0.4731785629,0.009278011037,30,30,480,480,481,480,480,481,13,13,c(n)*log2(n)/n; not assumed bounded 0..1
FFT-derived POW,Feature,BetaH,F4,POW.F4.BetaH,120,0.4437461413,0.454065819,0.0103196777,15,15,960,960,961,960,960,961,8,12,c(n)*log2(n)/n; not assumed bounded 0..1
FFT-derived POW,Feature,Gamma,F4,POW.F4.Gamma,10,0.6321928095,0.6321928095,0,181,181,80,80,81,80,80,81,11,10,c(n)*log2(n)/n; not assumed bounded 0..1
FFT-derived POW,Feature,Gamma,F4,POW.F4.Gamma,30,0.5271260397,0.4941806622,-0.03294537748,60,60,240,240,241,240,240,241,11,13,c(n)*log2(n)/n; not assumed bounded 0..1
FFT-derived POW,Feature,Gamma,F4,POW.F4.Gamma,60,0.4824565739,0.4639005519,-0.01855602207,30,30,480,480,481,480,480,481,12,12,c(n)*log2(n)/n; not assumed bounded 0..1
FFT-derived POW,Feature,Gamma,F4,POW.F4.Gamma,120,0.4437461413,0.4437461413,0,15,15,960,960,961,960,960,961,10,8,c(n)*log2(n)/n; not assumed bounded 0..1
FFT-derived POW,Feature,Theta,F8,POW.F8.Theta,10,0.6321928095,0.6321928095,0,181,181,80,80,81,80,80,81,8,10,c(n)*log2(n)/n; not assumed bounded 0..1
FFT-derived POW,Feature,Theta,F8,POW.F8.Theta,30,0.4941806622,0.5271260397,0.03294537748,60,60,240,240,241,240,240,241,11,14,c(n)*log2(n)/n; not assumed bounded 0..1
FFT-derived POW,Feature,Theta,F8,POW.F8.Theta,60,0.4639005519,0.4546225408,-0.009278011037,30,30,480,480,481,480,480,481,14,12,c(n)*log2(n)/n; not assumed bounded 0..1
FFT-derived POW,Feature,Theta,F8,POW.F8.Theta,120,0.4437461413,0.4437461413,0,15,15,960,960,961,960,960,961,10,12,c(n)*log2(n)/n; not assumed bounded 0..1
FFT-derived POW,Feature,Alpha,F8,POW.F8.Alpha,10,0.6321928095,0.5531687083,-0.07902410119,181,181,80,80,81,80,80,81,10,10,c(n)*log2(n)/n; not assumed bounded 0..1
FFT-derived POW,Feature,Alpha,F8,POW.F8.Alpha,30,0.4941806622,0.4612352847,-0.03294537748,60,60,240,240,241,240,240,241,12,12,c(n)*log2(n)/n; not assumed bounded 0..1
FFT-derived POW,Feature,Alpha,F8,POW.F8.Alpha,60,0.4453445298,0.4267885077,-0.01855602207,30,30,480,480,481,480,480,481,11,13,c(n)*log2(n)/n; not assumed bounded 0..1
FFT-derived POW,Feature,Alpha,F8,POW.F8.Alpha,120,0.4334264636,0.4127871082,-0.02063935541,15,15,960,960,961,960,960,961,11,11,c(n)*log2(n)/n; not assumed bounded 0..1
FFT-derived POW,Feature,BetaL,F8,POW.F8.BetaL,10,0.6321928095,0.6321928095,0,181,181,80,80,81,80,80,81,9,10,c(n)*log2(n)/n; not assumed bounded 0..1
FFT-derived POW,Feature,BetaL,F8,POW.F8.BetaL,30,0.4941806622,0.4941806622,0,60,60,240,240,241,240,240,241,12,13,c(n)*log2(n)/n; not assumed bounded 0..1
FFT-derived POW,Feature,BetaL,F8,POW.F8.BetaL,60,0.4731785629,0.4820362081,0.008857645256,30,30,480,480,481,480,480,481,11,13,c(n)*log2(n)/n; not assumed bounded 0..1
FFT-derived POW,Feature,BetaL,F8,POW.F8.BetaL,120,0.454065819,0.454065819,0,15,15,960,960,961,960,960,961,10,10,c(n)*log2(n)/n; not assumed bounded 0..1
FFT-derived POW,Feature,BetaH,F8,POW.F8.BetaH,10,0.6321928095,0.6321928095,0,181,181,80,80,81,80,80,81,9,10,c(n)*log2(n)/n; not assumed bounded 0..1
FFT-derived POW,Feature,BetaH,F8,POW.F8.BetaH,30,0.4941806622,0.5271260397,0.03294537748,60,60,240,240,241,240,240,241,10,12,c(n)*log2(n)/n; not assumed bounded 0..1
FFT-derived POW,Feature,BetaH,F8,POW.F8.BetaH,60,0.4731785629,0.4824565739,0.009278011037,30,30,480,480,481,480,480,481,12,12,c(n)*log2(n)/n; not assumed bounded 0..1
FFT-derived POW,Feature,BetaH,F8,POW.F8.BetaH,120,0.4437461413,0.4643854967,0.02063935541,15,15,960,960,961,960,960,961,11,8,c(n)*log2(n)/n; not assumed bounded 0..1
FFT-derived POW,Feature,Gamma,F8,POW.F8.Gamma,10,0.6321928095,0.6321928095,0,181,181,80,80,81,80,80,81,11,11,c(n)*log2(n)/n; not assumed bounded 0..1
FFT-derived POW,Feature,Gamma,F8,POW.F8.Gamma,30,0.4941806622,0.4941806622,0,60,60,240,240,241,240,240,241,12,11,c(n)*log2(n)/n; not assumed bounded 0..1
FFT-derived POW,Feature,Gamma,F8,POW.F8.Gamma,60,0.4639005519,0.4731785629,0.009278011037,30,30,480,480,481,480,480,481,12,11,c(n)*log2(n)/n; not assumed bounded 0..1
FFT-derived POW,Feature,Gamma,F8,POW.F8.Gamma,120,0.4231067859,0.4334264636,0.0103196777,15,15,960,960,961,960,960,961,9,10,c(n)*log2(n)/n; not assumed bounded 0..1
FFT-derived POW,Feature,Theta,Fp2,POW.Fp2.Theta,10,0.6321928095,0.6321928095,0,181,181,80,80,81,80,80,81,11,10,c(n)*log2(n)/n; not assumed bounded 0..1
FFT-derived POW,Feature,Theta,Fp2,POW.Fp2.Theta,30,0.4941806622,0.5271260397,0.03294537748,60,60,240,240,241,240,240,241,11,12,c(n)*log2(n)/n; not assumed bounded 0..1
FFT-derived POW,Feature,Theta,Fp2,POW.Fp2.Theta,60,0.4639005519,0.4824565739,0.01855602207,30,30,480,480,481,480,480,481,12,13,c(n)*log2(n)/n; not assumed bounded 0..1
FFT-derived POW,Feature,Theta,Fp2,POW.Fp2.Theta,120,0.4643854967,0.454065819,-0.0103196777,15,15,960,960,961,960,960,961,11,7,c(n)*log2(n)/n; not assumed bounded 0..1
FFT-derived POW,Feature,Alpha,Fp2,POW.Fp2.Alpha,10,0.6321928095,0.5531687083,-0.07902410119,181,181,80,80,81,80,80,81,10,9,c(n)*log2(n)/n; not assumed bounded 0..1
FFT-derived POW,Feature,Alpha,Fp2,POW.Fp2.Alpha,30,0.4777079735,0.4612352847,-0.01647268874,60,60,240,240,241,240,240,241,12,12,c(n)*log2(n)/n; not assumed bounded 0..1
FFT-derived POW,Feature,Alpha,Fp2,POW.Fp2.Alpha,60,0.4453445298,0.4175104967,-0.02783403311,30,30,480,480,481,480,480,481,13,13,c(n)*log2(n)/n; not assumed bounded 0..1
FFT-derived POW,Feature,Alpha,Fp2,POW.Fp2.Alpha,120,0.4127871082,0.4124200883,-0.0003670198767,15,15,960,960,961,960,960,961,10,10,c(n)*log2(n)/n; not assumed bounded 0..1
FFT-derived POW,Feature,BetaL,Fp2,POW.Fp2.BetaL,10,0.6321928095,0.6321928095,0,181,181,80,80,81,80,80,81,10,10,c(n)*log2(n)/n; not assumed bounded 0..1
FFT-derived POW,Feature,BetaL,Fp2,POW.Fp2.BetaL,30,0.4941806622,0.4941806622,0,60,60,240,240,241,240,240,241,11,14,c(n)*log2(n)/n; not assumed bounded 0..1
FFT-derived POW,Feature,BetaL,Fp2,POW.Fp2.BetaL,60,0.4546225408,0.4824565739,0.02783403311,30,30,480,480,481,480,480,481,11,13,c(n)*log2(n)/n; not assumed bounded 0..1
FFT-derived POW,Feature,BetaL,Fp2,POW.Fp2.BetaL,120,0.4437461413,0.4643854967,0.02063935541,15,15,960,960,961,960,960,961,11,9,c(n)*log2(n)/n; not assumed bounded 0..1
FFT-derived POW,Feature,BetaH,Fp2,POW.Fp2.BetaH,10,0.6321928095,0.6321928095,0,181,181,80,80,81,80,80,81,10,11,c(n)*log2(n)/n; not assumed bounded 0..1
FFT-derived POW,Feature,BetaH,Fp2,POW.Fp2.BetaH,30,0.4941806622,0.4941806622,0,60,60,240,240,241,240,240,241,12,13,c(n)*log2(n)/n; not assumed bounded 0..1
FFT-derived POW,Feature,BetaH,Fp2,POW.Fp2.BetaH,60,0.4824565739,0.4639005519,-0.01855602207,30,30,480,480,481,480,480,481,11,14,c(n)*log2(n)/n; not assumed bounded 0..1
FFT-derived POW,Feature,BetaH,Fp2,POW.Fp2.BetaH,120,0.454065819,0.4536620971,-0.0004037218644,15,15,960,960,961,960,960,961,10,12,c(n)*log2(n)/n; not assumed bounded 0..1
FFT-derived POW,Feature,Gamma,Fp2,POW.Fp2.Gamma,10,0.6321928095,0.6321928095,0,181,181,80,80,81,80,80,81,12,11,c(n)*log2(n)/n; not assumed bounded 0..1
FFT-derived POW,Feature,Gamma,Fp2,POW.Fp2.Gamma,30,0.4941806622,0.5271260397,0.03294537748,60,60,240,240,241,240,240,241,11,11,c(n)*log2(n)/n; not assumed bounded 0..1
FFT-derived POW,Feature,Gamma,Fp2,POW.Fp2.Gamma,60,0.463496354,0.4453445298,-0.01815182421,30,30,480,480,481,480,480,481,10,12,c(n)*log2(n)/n; not assumed bounded 0..1
FFT-derived POW,Feature,Gamma,Fp2,POW.Fp2.Gamma,120,0.4231067859,0.4334264636,0.0103196777,15,15,960,960,961,960,960,961,11,12,c(n)*log2(n)/n; not assumed bounded 0..1
