Session,Representation,Level,Band,Channel,Feature,Window_Index,Window_Start_s,Window_End_s,N_Samples,Observed_LZC,Surrogate_LZC_Median,Surrogate_LZC_Mean,Surrogate_LZC_SD,Observed_to_MedianSurrogate_Ratio,Observed_vs_Surrogate_Z,Surrogate_Method,Surrogate_Iterations,Random_Seed
BASELINE_EC,FFT-derived POW,Band,Theta,ALL_CHANNELS_MEDIAN,BandMedian.Theta,0,0,10,81,0.3130790125,0.7435626547,0.7239952164,0.08750824428,0.4210526316,-4.695742753,phase_randomized,20,1906
BASELINE_EC,FFT-derived POW,Band,Theta,ALL_CHANNELS_MEDIAN,BandMedian.Theta,1,10,20,80,0.6321928095,0.6321928095,0.6598512449,0.08218426539,1,-0.3365417368,phase_randomized,20,1906
BASELINE_EC,FFT-derived POW,Band,Theta,ALL_CHANNELS_MEDIAN,BandMedian.Theta,2,20,30,80,0.3160964047,0.6321928095,0.6045343741,0.1236922835,0.5,-2.331899462,phase_randomized,20,1906
BASELINE_EC,FFT-derived POW,Band,Theta,ALL_CHANNELS_MEDIAN,BandMedian.Theta,3,30,40,80,0.7112169107,0.6321928095,0.6361440145,0.1040663863,1.125,0.7213942831,phase_randomized,20,1906
BASELINE_EC,FFT-derived POW,Band,Theta,ALL_CHANNELS_MEDIAN,BandMedian.Theta,4,40,50,80,0.7902410119,0.7112169107,0.6796072702,0.09385343266,1.111111111,1.178792704,phase_randomized,20,1906
BASELINE_EC,FFT-derived POW,Band,Theta,ALL_CHANNELS_MEDIAN,BandMedian.Theta,5,50,60,80,0.6321928095,0.6321928095,0.6479976297,0.09455123731,1,-0.167156144,phase_randomized,20,1906
BASELINE_EC,FFT-derived POW,Band,Theta,ALL_CHANNELS_MEDIAN,BandMedian.Theta,6,60,70,80,0.5531687083,0.6321928095,0.6163879893,0.09796573251,0.875,-0.6453203516,phase_randomized,20,1906
BASELINE_EC,FFT-derived POW,Band,Theta,ALL_CHANNELS_MEDIAN,BandMedian.Theta,7,70,80,80,0.6321928095,0.7112169107,0.7191193208,0.07648790497,0.8888888889,-1.136473948,phase_randomized,20,1906
BASELINE_EC,FFT-derived POW,Band,Theta,ALL_CHANNELS_MEDIAN,BandMedian.Theta,8,80,90,80,0.5531687083,0.6717048601,0.667753655,0.1008586361,0.8235294118,-1.136094549,phase_randomized,20,1906
BASELINE_EC,FFT-derived POW,Band,Theta,ALL_CHANNELS_MEDIAN,BandMedian.Theta,9,90,100,80,0.3160964047,0.7112169107,0.7072657056,0.113145294,0.4444444444,-3.457229964,phase_randomized,20,1906
BASELINE_EC,FFT-derived POW,Band,Theta,ALL_CHANNELS_MEDIAN,BandMedian.Theta,10,100,110,80,0.4741446071,0.6321928095,0.6282416044,0.09754545716,0.75,-1.579745503,phase_randomized,20,1906
BASELINE_EC,FFT-derived POW,Band,Theta,ALL_CHANNELS_MEDIAN,BandMedian.Theta,11,110,120,80,0.6321928095,0.6321928095,0.6519488348,0.1021538242,1,-0.1933948676,phase_randomized,20,1906
BASELINE_EC,FFT-derived POW,Band,Theta,ALL_CHANNELS_MEDIAN,BandMedian.Theta,12,120,130,80,0.3160964047,0.6717048601,0.6519488348,0.09550239395,0.4705882353,-3.516691217,phase_randomized,20,1906
BASELINE_EC,FFT-derived POW,Band,Theta,ALL_CHANNELS_MEDIAN,BandMedian.Theta,13,130,140,80,0.5531687083,0.869265113,0.869265113,0.105711497,0.6363636364,-2.990180006,phase_randomized,20,1906
BASELINE_EC,FFT-derived POW,Band,Theta,ALL_CHANNELS_MEDIAN,BandMedian.Theta,14,140,150,80,0.6321928095,0.869265113,0.932484394,0.1322326132,0.7272727273,-2.270934358,phase_randomized,20,1906
BASELINE_EC,FFT-derived POW,Band,Theta,ALL_CHANNELS_MEDIAN,BandMedian.Theta,15,150,160,80,0.4741446071,0.5531687083,0.5255102729,0.1096040129,0.8571428571,-0.4686476747,phase_randomized,20,1906
BASELINE_EC,FFT-derived POW,Band,Theta,ALL_CHANNELS_MEDIAN,BandMedian.Theta,16,160,170,80,0.5531687083,0.5531687083,0.5729247336,0.05660894645,1,-0.3489912202,phase_randomized,20,1906
BASELINE_EC,FFT-derived POW,Band,Theta,ALL_CHANNELS_MEDIAN,BandMedian.Theta,17,170,180,80,0.5531687083,0.6321928095,0.6479976297,0.06067248399,0.875,-1.562964217,phase_randomized,20,1906
BASELINE_EC,FFT-derived POW,Band,Theta,ALL_CHANNELS_MEDIAN,BandMedian.Theta,18,180,190,80,0.5531687083,0.5926807589,0.6203391943,0.1065630863,0.9333333333,-0.6303354033,phase_randomized,20,1906
BASELINE_EC,FFT-derived POW,Band,Theta,ALL_CHANNELS_MEDIAN,BandMedian.Theta,19,190,200,80,0.7112169107,0.7112169107,0.7033145006,0.08844458388,1,0.08934871727,phase_randomized,20,1906
BASELINE_EC,FFT-derived POW,Band,Theta,ALL_CHANNELS_MEDIAN,BandMedian.Theta,20,200,210,80,0.6321928095,0.5531687083,0.596631964,0.1040663863,1.142857143,0.3417130815,phase_randomized,20,1906
BASELINE_EC,FFT-derived POW,Band,Theta,ALL_CHANNELS_MEDIAN,BandMedian.Theta,21,210,220,80,0.6321928095,0.6321928095,0.6163879893,0.08732261984,1,0.1809934272,phase_randomized,20,1906
BASELINE_EC,FFT-derived POW,Band,Theta,ALL_CHANNELS_MEDIAN,BandMedian.Theta,22,220,230,80,0.5531687083,0.7112169107,0.6914608854,0.1199145254,0.7777777778,-1.153256259,phase_randomized,20,1906
BASELINE_EC,FFT-derived POW,Band,Theta,ALL_CHANNELS_MEDIAN,BandMedian.Theta,23,230,240,80,0.7112169107,0.7112169107,0.7191193208,0.09208578982,1,-0.08581573915,phase_randomized,20,1906
BASELINE_EC,FFT-derived POW,Band,Theta,ALL_CHANNELS_MEDIAN,BandMedian.Theta,24,240,250,80,0.7112169107,0.7112169107,0.734924141,0.09279688756,1,-0.2554744128,phase_randomized,20,1906
BASELINE_EC,FFT-derived POW,Band,Theta,ALL_CHANNELS_MEDIAN,BandMedian.Theta,25,250,260,80,0.7112169107,0.6717048601,0.6954120904,0.09455123731,1.058823529,0.167156144,phase_randomized,20,1906
BASELINE_EC,FFT-derived POW,Band,Theta,ALL_CHANNELS_MEDIAN,BandMedian.Theta,26,260,270,80,0.5531687083,0.5926807589,0.5768759387,0.1090779707,0.9333333333,-0.2173420554,phase_randomized,20,1906
BASELINE_EC,FFT-derived POW,Band,Theta,ALL_CHANNELS_MEDIAN,BandMedian.Theta,27,270,280,80,0.7112169107,0.7112169107,0.7072657056,0.1268408409,1,0.03115088982,phase_randomized,20,1906
BASELINE_EC,FFT-derived POW,Band,Theta,ALL_CHANNELS_MEDIAN,BandMedian.Theta,28,280,290,80,0.7112169107,0.6321928095,0.6282416044,0.05999151423,1.125,1.383117384,phase_randomized,20,1906
BASELINE_EC,FFT-derived POW,Band,Theta,ALL_CHANNELS_MEDIAN,BandMedian.Theta,29,290,300,80,0.6321928095,0.5531687083,0.5808271437,0.08218426539,1.142857143,0.6250060827,phase_randomized,20,1906
BASELINE_EC,FFT-derived POW,Band,Theta,ALL_CHANNELS_MEDIAN,BandMedian.Theta,30,300,310,80,0.5531687083,0.6321928095,0.66380245,0.05378040897,0.875,-2.057138348,phase_randomized,20,1906
BASELINE_EC,FFT-derived POW,Band,Theta,ALL_CHANNELS_MEDIAN,BandMedian.Theta,31,310,320,80,0.7112169107,0.7112169107,0.7112169107,0.1307327619,1,0,phase_randomized,20,1906
BASELINE_EC,FFT-derived POW,Band,Theta,ALL_CHANNELS_MEDIAN,BandMedian.Theta,32,320,330,80,0.5531687083,0.5531687083,0.5255102729,0.08218426539,1,0.3365417368,phase_randomized,20,1906
BASELINE_EC,FFT-derived POW,Band,Theta,ALL_CHANNELS_MEDIAN,BandMedian.Theta,33,330,340,80,0.4741446071,0.7507289613,0.7270217309,0.1012651619,0.6315789474,-2.497177894,phase_randomized,20,1906
BASELINE_EC,FFT-derived POW,Band,Theta,ALL_CHANNELS_MEDIAN,BandMedian.Theta,34,340,350,80,0.5531687083,0.7112169107,0.730972936,0.09888405089,0.7777777778,-1.79810825,phase_randomized,20,1906
BASELINE_EC,FFT-derived POW,Band,Theta,ALL_CHANNELS_MEDIAN,BandMedian.Theta,35,350,360,80,0.6321928095,0.7112169107,0.6756560651,0.1160138174,0.8888888889,-0.374638613,phase_randomized,20,1906
BASELINE_EC,FFT-derived POW,Band,Theta,ALL_CHANNELS_MEDIAN,BandMedian.Theta,36,360,370,80,0.5531687083,0.6321928095,0.6796072702,0.09729242053,0.875,-1.299572579,phase_randomized,20,1906
BASELINE_EC,FFT-derived POW,Band,Theta,ALL_CHANNELS_MEDIAN,BandMedian.Theta,37,370,380,80,0.4741446071,0.6321928095,0.6400952196,0.1054001222,0.75,-1.574482163,phase_randomized,20,1906
BASELINE_EC,FFT-derived POW,Band,Theta,ALL_CHANNELS_MEDIAN,BandMedian.Theta,38,380,390,80,0.7902410119,0.6321928095,0.6914608854,0.1226248004,1.25,0.8055477043,phase_randomized,20,1906
BASELINE_EC,FFT-derived POW,Band,Theta,ALL_CHANNELS_MEDIAN,BandMedian.Theta,39,390,400,80,0.3951205059,0.5531687083,0.5492175032,0.09754545716,0.7142857143,-1.579745503,phase_randomized,20,1906
BASELINE_EC,FFT-derived POW,Band,Theta,ALL_CHANNELS_MEDIAN,BandMedian.Theta,40,400,410,80,0.6321928095,0.6321928095,0.6124367842,0.1199145254,1,0.1647508942,phase_randomized,20,1906
BASELINE_EC,FFT-derived POW,Band,Theta,ALL_CHANNELS_MEDIAN,BandMedian.Theta,41,410,420,80,0.7112169107,0.6717048601,0.6559000398,0.1284501521,1.058823529,0.4306485427,phase_randomized,20,1906
BASELINE_EC,FFT-derived POW,Band,Theta,ALL_CHANNELS_MEDIAN,BandMedian.Theta,42,420,430,80,0.7112169107,0.7112169107,0.6914608854,0.08056869224,1,0.2452072231,phase_randomized,20,1906
BASELINE_EC,FFT-derived POW,Band,Theta,ALL_CHANNELS_MEDIAN,BandMedian.Theta,43,430,440,80,0.869265113,0.869265113,0.802094627,0.1154458149,1,0.5818356088,phase_randomized,20,1906
BASELINE_EC,FFT-derived POW,Band,Theta,ALL_CHANNELS_MEDIAN,BandMedian.Theta,44,440,450,80,0.6321928095,0.6321928095,0.6361440145,0.09411571571,1,-0.04198241526,phase_randomized,20,1906
BASELINE_EC,FFT-derived POW,Band,Theta,ALL_CHANNELS_MEDIAN,BandMedian.Theta,45,450,460,80,0.5531687083,0.6717048601,0.6796072702,0.1038292427,0.8235294118,-1.217754831,phase_randomized,20,1906
BASELINE_EC,FFT-derived POW,Band,Theta,ALL_CHANNELS_MEDIAN,BandMedian.Theta,46,460,470,80,0.7112169107,0.7507289613,0.7704849866,0.09888405089,0.9473684211,-0.5993694165,phase_randomized,20,1906
BASELINE_EC,FFT-derived POW,Band,Theta,ALL_CHANNELS_MEDIAN,BandMedian.Theta,47,470,480,80,0.4741446071,0.6321928095,0.6124367842,0.09550239395,0.75,-1.448049325,phase_randomized,20,1906
BASELINE_EC,FFT-derived POW,Band,Theta,ALL_CHANNELS_MEDIAN,BandMedian.Theta,48,480,490,80,0.7112169107,0.7112169107,0.7151681157,0.1071781742,1,-0.03686576198,phase_randomized,20,1906
BASELINE_EC,FFT-derived POW,Band,Theta,ALL_CHANNELS_MEDIAN,BandMedian.Theta,49,490,500,80,0.5531687083,0.7902410119,0.7823386017,0.09896711185,0.7,-2.315616665,phase_randomized,20,1906
BASELINE_EC,FFT-derived POW,Band,Theta,ALL_CHANNELS_MEDIAN,BandMedian.Theta,50,500,510,80,0.5531687083,0.5531687083,0.5729247336,0.1021538242,1,-0.1933948676,phase_randomized,20,1906
BASELINE_EC,FFT-derived POW,Band,Theta,ALL_CHANNELS_MEDIAN,BandMedian.Theta,51,510,520,80,0.6321928095,0.6321928095,0.66380245,0.09385343266,1,-0.3367979154,phase_randomized,20,1906
BASELINE_EC,FFT-derived POW,Band,Theta,ALL_CHANNELS_MEDIAN,BandMedian.Theta,52,520,530,80,0.6321928095,0.6321928095,0.6242903994,0.09208578982,1,0.08581573915,phase_randomized,20,1906
BASELINE_EC,FFT-derived POW,Band,Theta,ALL_CHANNELS_MEDIAN,BandMedian.Theta,53,530,540,80,0.7902410119,0.6321928095,0.6717048601,0.1072548122,1.25,1.105182596,phase_randomized,20,1906
BASELINE_EC,FFT-derived POW,Band,Theta,ALL_CHANNELS_MEDIAN,BandMedian.Theta,54,540,550,80,0.6321928095,0.7902410119,0.7744361916,0.1044604293,0.8,-1.36169632,phase_randomized,20,1906
BASELINE_EC,FFT-derived POW,Band,Theta,ALL_CHANNELS_MEDIAN,BandMedian.Theta,55,550,560,80,0.5531687083,0.6321928095,0.6361440145,0.05423682798,0.875,-1.529870188,phase_randomized,20,1906
BASELINE_EC,FFT-derived POW,Band,Theta,ALL_CHANNELS_MEDIAN,BandMedian.Theta,56,560,570,80,0.5531687083,0.6321928095,0.6361440145,0.09411571571,0.875,-0.8816307205,phase_randomized,20,1906
BASELINE_EC,FFT-derived POW,Band,Theta,ALL_CHANNELS_MEDIAN,BandMedian.Theta,57,570,580,80,0.5531687083,0.7112169107,0.6954120904,0.08347389811,0.7777777778,-1.704046239,phase_randomized,20,1906
BASELINE_EC,FFT-derived POW,Band,Theta,ALL_CHANNELS_MEDIAN,BandMedian.Theta,58,580,590,80,0.7112169107,0.7112169107,0.6835584753,0.09341465778,1,0.296082393,phase_randomized,20,1906
BASELINE_EC,FFT-derived POW,Band,Theta,ALL_CHANNELS_MEDIAN,BandMedian.Theta,59,590,600,80,0.5531687083,0.6321928095,0.6361440145,0.09411571571,0.875,-0.8816307205,phase_randomized,20,1906
BASELINE_EC,FFT-derived POW,Band,Theta,ALL_CHANNELS_MEDIAN,BandMedian.Theta,60,600,610,80,0.6321928095,0.6321928095,0.6598512449,0.08982733447,1,-0.3079066698,phase_randomized,20,1906
BASELINE_EC,FFT-derived POW,Band,Theta,ALL_CHANNELS_MEDIAN,BandMedian.Theta,61,610,620,80,0.6321928095,0.6321928095,0.6321928095,0.08503429293,1,1.305617988e-15,phase_randomized,20,1906
BASELINE_EC,FFT-derived POW,Band,Theta,ALL_CHANNELS_MEDIAN,BandMedian.Theta,62,620,630,80,0.6321928095,0.6321928095,0.6163879893,0.09796573251,1,0.1613300879,phase_randomized,20,1906
BASELINE_EC,FFT-derived POW,Band,Theta,ALL_CHANNELS_MEDIAN,BandMedian.Theta,63,630,640,80,0.5531687083,0.7112169107,0.730972936,0.1226248004,0.7777777778,-1.449985868,phase_randomized,20,1906
BASELINE_EC,FFT-derived POW,Band,Theta,ALL_CHANNELS_MEDIAN,BandMedian.Theta,64,640,650,80,0.6321928095,0.7902410119,0.7704849866,0.09888405089,0.8,-1.398528639,phase_randomized,20,1906
BASELINE_EC,FFT-derived POW,Band,Theta,ALL_CHANNELS_MEDIAN,BandMedian.Theta,65,650,660,80,0.4741446071,0.7507289613,0.7270217309,0.09796573251,0.6315789474,-2.581281406,phase_randomized,20,1906
BASELINE_EC,FFT-derived POW,Band,Theta,ALL_CHANNELS_MEDIAN,BandMedian.Theta,66,660,670,80,0.7112169107,0.7112169107,0.7072657056,0.07463930996,1,0.05293732031,phase_randomized,20,1906
BASELINE_EC,FFT-derived POW,Band,Theta,ALL_CHANNELS_MEDIAN,BandMedian.Theta,67,670,680,80,0.5531687083,0.7112169107,0.734924141,0.1177711701,0.7777777778,-1.543293088,phase_randomized,20,1906
BASELINE_EC,FFT-derived POW,Band,Theta,ALL_CHANNELS_MEDIAN,BandMedian.Theta,68,680,690,80,0.6321928095,0.6321928095,0.6242903994,0.08067061346,1,0.09795896894,phase_randomized,20,1906
BASELINE_EC,FFT-derived POW,Band,Theta,ALL_CHANNELS_MEDIAN,BandMedian.Theta,69,690,700,80,0.5531687083,0.6321928095,0.6756560651,0.07463930996,0.875,-1.64105693,phase_randomized,20,1906
BASELINE_EC,FFT-derived POW,Band,Theta,ALL_CHANNELS_MEDIAN,BandMedian.Theta,70,700,710,80,0.3951205059,0.6321928095,0.6084855791,0.1090779707,0.625,-1.956078499,phase_randomized,20,1906
BASELINE_EC,FFT-derived POW,Band,Theta,ALL_CHANNELS_MEDIAN,BandMedian.Theta,71,710,720,80,0.5531687083,0.6321928095,0.6124367842,0.09550239395,0.875,-0.6205925677,phase_randomized,20,1906
BASELINE_EC,FFT-derived POW,Band,Theta,ALL_CHANNELS_MEDIAN,BandMedian.Theta,72,720,730,80,0.869265113,0.7902410119,0.7902410119,0.1202566503,1.1,0.6571287407,phase_randomized,20,1906
BASELINE_EC,FFT-derived POW,Band,Theta,ALL_CHANNELS_MEDIAN,BandMedian.Theta,73,730,740,80,0.6321928095,0.5531687083,0.5689735285,0.1044604293,1.142857143,0.6051983644,phase_randomized,20,1906
BASELINE_EC,FFT-derived POW,Band,Theta,ALL_CHANNELS_MEDIAN,BandMedian.Theta,74,740,750,80,0.5531687083,0.7112169107,0.7230705259,0.08982733447,0.7777777778,-1.891426686,phase_randomized,20,1906
BASELINE_EC,FFT-derived POW,Band,Theta,ALL_CHANNELS_MEDIAN,BandMedian.Theta,75,750,760,80,0.6321928095,0.7507289613,0.7112169107,0.09593162036,0.8421052632,-0.823754471,phase_randomized,20,1906
BASELINE_EC,FFT-derived POW,Band,Theta,ALL_CHANNELS_MEDIAN,BandMedian.Theta,76,760,770,80,0.6321928095,0.6321928095,0.6440464247,0.09341465778,1,-0.1268924541,phase_randomized,20,1906
BASELINE_EC,FFT-derived POW,Band,Theta,ALL_CHANNELS_MEDIAN,BandMedian.Theta,77,770,780,80,0.6321928095,0.6321928095,0.6321928095,0.08881542233,1,1.250034054e-15,phase_randomized,20,1906
BASELINE_EC,FFT-derived POW,Band,Theta,ALL_CHANNELS_MEDIAN,BandMedian.Theta,78,780,790,80,0.7112169107,0.6717048601,0.6875096803,0.1149465103,1.058823529,0.2062457598,phase_randomized,20,1906
BASELINE_EC,FFT-derived POW,Band,Theta,ALL_CHANNELS_MEDIAN,BandMedian.Theta,79,790,800,80,0.7112169107,0.6321928095,0.6124367842,0.08835163106,1.125,1.118033989,phase_randomized,20,1906
BASELINE_EC,FFT-derived POW,Band,Theta,ALL_CHANNELS_MEDIAN,BandMedian.Theta,80,800,810,80,0.5531687083,0.6321928095,0.6519488348,0.08056869224,0.875,-1.226036116,phase_randomized,20,1906
BASELINE_EC,FFT-derived POW,Band,Theta,ALL_CHANNELS_MEDIAN,BandMedian.Theta,81,810,820,80,0.7112169107,0.6321928095,0.6559000398,0.1090779707,1.125,0.5071314627,phase_randomized,20,1906
BASELINE_EC,FFT-derived POW,Band,Theta,ALL_CHANNELS_MEDIAN,BandMedian.Theta,82,820,830,80,0.6321928095,0.6321928095,0.6084855791,0.1060219573,1,0.2236067977,phase_randomized,20,1906
BASELINE_EC,FFT-derived POW,Band,Theta,ALL_CHANNELS_MEDIAN,BandMedian.Theta,83,830,840,80,0.7112169107,0.7902410119,0.7704849866,0.1083978797,0.9,-0.5467641621,phase_randomized,20,1906
BASELINE_EC,FFT-derived POW,Band,Theta,ALL_CHANNELS_MEDIAN,BandMedian.Theta,84,840,850,80,0.5531687083,0.6321928095,0.6361440145,0.1008586361,0.875,-0.8226891561,phase_randomized,20,1906
BASELINE_EC,FFT-derived POW,Band,Theta,ALL_CHANNELS_MEDIAN,BandMedian.Theta,85,850,860,80,0.6321928095,0.6321928095,0.6559000398,0.1090779707,1,-0.2173420554,phase_randomized,20,1906
BASELINE_EC,FFT-derived POW,Band,Theta,ALL_CHANNELS_MEDIAN,BandMedian.Theta,86,860,870,80,0.6321928095,0.6321928095,0.6400952196,0.1199830285,1,-0.06586273258,phase_randomized,20,1906
BASELINE_EC,FFT-derived POW,Band,Theta,ALL_CHANNELS_MEDIAN,BandMedian.Theta,87,870,880,80,0.7112169107,0.5531687083,0.5768759387,0.06332317466,1.285714286,2.121513533,phase_randomized,20,1906
BASELINE_EC,FFT-derived POW,Band,Theta,ALL_CHANNELS_MEDIAN,BandMedian.Theta,88,880,890,80,0.6321928095,0.5531687083,0.6045343741,0.08982733447,1.142857143,0.3079066698,phase_randomized,20,1906
BASELINE_EC,FFT-derived POW,Band,Theta,ALL_CHANNELS_MEDIAN,BandMedian.Theta,89,890,900,80,0.7902410119,0.6717048601,0.6756560651,0.07463930996,1.176470588,1.535182289,phase_randomized,20,1906
BASELINE_EC,FFT-derived POW,Band,Theta,ALL_CHANNELS_MEDIAN,BandMedian.Theta,90,900,910,80,0.6321928095,0.6321928095,0.6598512449,0.09341465778,1,-0.296082393,phase_randomized,20,1906
BASELINE_EC,FFT-derived POW,Band,Theta,ALL_CHANNELS_MEDIAN,BandMedian.Theta,91,910,920,80,0.4741446071,0.6321928095,0.6361440145,0.09754545716,0.75,-1.660758093,phase_randomized,20,1906
BASELINE_EC,FFT-derived POW,Band,Theta,ALL_CHANNELS_MEDIAN,BandMedian.Theta,92,920,930,80,0.7112169107,0.7112169107,0.7151681157,0.09055616861,1,-0.04363264392,phase_randomized,20,1906
BASELINE_EC,FFT-derived POW,Band,Theta,ALL_CHANNELS_MEDIAN,BandMedian.Theta,93,930,940,80,0.6321928095,0.5531687083,0.6124367842,0.1199145254,1.142857143,0.1647508942,phase_randomized,20,1906
BASELINE_EC,FFT-derived POW,Band,Theta,ALL_CHANNELS_MEDIAN,BandMedian.Theta,94,940,950,80,0.4741446071,0.6717048601,0.6717048601,0.1041453142,0.7058823529,-1.896967277,phase_randomized,20,1906
BASELINE_EC,FFT-derived POW,Band,Theta,ALL_CHANNELS_MEDIAN,BandMedian.Theta,95,950,960,80,0.4741446071,0.869265113,0.8732163181,0.1160138174,0.5454545455,-3.439863628,phase_randomized,20,1906
BASELINE_EC,FFT-derived POW,Band,Theta,ALL_CHANNELS_MEDIAN,BandMedian.Theta,96,960,970,80,0.869265113,0.6321928095,0.6598512449,0.09341465778,1.375,2.24176669,phase_randomized,20,1906
BASELINE_EC,FFT-derived POW,Band,Theta,ALL_CHANNELS_MEDIAN,BandMedian.Theta,97,970,980,80,0.6321928095,0.7112169107,0.6875096803,0.07734254496,0.8888888889,-0.7152191703,phase_randomized,20,1906
BASELINE_EC,FFT-derived POW,Band,Theta,ALL_CHANNELS_MEDIAN,BandMedian.Theta,98,980,990,80,0.7112169107,0.6717048601,0.6796072702,0.1099782168,1.058823529,0.2874172849,phase_randomized,20,1906
BASELINE_EC,FFT-derived POW,Band,Theta,ALL_CHANNELS_MEDIAN,BandMedian.Theta,99,990,1000,80,0.5531687083,0.6321928095,0.6203391943,0.06422507607,0.875,-1.045860747,phase_randomized,20,1906
BASELINE_EC,FFT-derived POW,Band,Theta,ALL_CHANNELS_MEDIAN,BandMedian.Theta,100,1000,1010,80,0.5531687083,0.7112169107,0.6756560651,0.1008586361,0.7777777778,-1.214445897,phase_randomized,20,1906
BASELINE_EC,FFT-derived POW,Band,Theta,ALL_CHANNELS_MEDIAN,BandMedian.Theta,101,1010,1020,80,0.5531687083,0.6717048601,0.6361440145,0.1102021293,0.8235294118,-0.7529374142,phase_randomized,20,1906
BASELINE_EC,FFT-derived POW,Band,Theta,ALL_CHANNELS_MEDIAN,BandMedian.Theta,102,1020,1030,80,0.7112169107,0.6321928095,0.6203391943,0.1125628176,1.125,0.8073511154,phase_randomized,20,1906
BASELINE_EC,FFT-derived POW,Band,Theta,ALL_CHANNELS_MEDIAN,BandMedian.Theta,103,1030,1040,80,0.5531687083,0.7112169107,0.6993632955,0.09341465778,0.7777777778,-1.565006934,phase_randomized,20,1906
BASELINE_EC,FFT-derived POW,Band,Theta,ALL_CHANNELS_MEDIAN,BandMedian.Theta,104,1040,1050,80,0.5531687083,0.5926807589,0.6163879893,0.1105743091,0.9333333333,-0.5717357085,phase_randomized,20,1906
BASELINE_EC,FFT-derived POW,Band,Theta,ALL_CHANNELS_MEDIAN,BandMedian.Theta,105,1050,1060,80,0.5531687083,0.869265113,0.8337042675,0.1268408409,0.6363636364,-2.211713177,phase_randomized,20,1906
BASELINE_EC,FFT-derived POW,Band,Theta,ALL_CHANNELS_MEDIAN,BandMedian.Theta,106,1060,1070,80,0.5531687083,0.5531687083,0.5768759387,0.06831670893,1,-0.3470195026,phase_randomized,20,1906
BASELINE_EC,FFT-derived POW,Band,Theta,ALL_CHANNELS_MEDIAN,BandMedian.Theta,107,1070,1080,80,0.7112169107,0.6321928095,0.6440464247,0.08609066005,1.125,0.7802296552,phase_randomized,20,1906
BASELINE_EC,FFT-derived POW,Band,Theta,ALL_CHANNELS_MEDIAN,BandMedian.Theta,108,1080,1090,80,0.7112169107,0.6321928095,0.667753655,0.08298025748,1.125,0.5237782693,phase_randomized,20,1906
BASELINE_EC,FFT-derived POW,Band,Theta,ALL_CHANNELS_MEDIAN,BandMedian.Theta,109,1090,1100,80,0.7112169107,0.7112169107,0.7112169107,0.09929866089,1,0,phase_randomized,20,1906
BASELINE_EC,FFT-derived POW,Band,Theta,ALL_CHANNELS_MEDIAN,BandMedian.Theta,110,1100,1110,80,0.7112169107,0.6717048601,0.6598512449,0.1034327951,1.058823529,0.4966090854,phase_randomized,20,1906
BASELINE_EC,FFT-derived POW,Band,Theta,ALL_CHANNELS_MEDIAN,BandMedian.Theta,111,1110,1120,80,0.5531687083,0.6717048601,0.6796072702,0.1006139323,0.8235294118,-1.256670513,phase_randomized,20,1906
BASELINE_EC,FFT-derived POW,Band,Theta,ALL_CHANNELS_MEDIAN,BandMedian.Theta,112,1120,1130,80,0.3160964047,0.5926807589,0.600583169,0.08656656561,0.5333333333,-3.286335345,phase_randomized,20,1906
BASELINE_EC,FFT-derived POW,Band,Theta,ALL_CHANNELS_MEDIAN,BandMedian.Theta,113,1130,1140,80,0.7902410119,0.7902410119,0.7783873967,0.1236922835,1,0.09583148475,phase_randomized,20,1906
BASELINE_EC,FFT-derived POW,Band,Theta,ALL_CHANNELS_MEDIAN,BandMedian.Theta,114,1140,1150,80,0.7112169107,0.7112169107,0.7151681157,0.08298025748,1,-0.0476162063,phase_randomized,20,1906
BASELINE_EC,FFT-derived POW,Band,Theta,ALL_CHANNELS_MEDIAN,BandMedian.Theta,115,1150,1160,80,0.6321928095,0.6321928095,0.6479976297,0.09100872599,1,-0.1736626908,phase_randomized,20,1906
BASELINE_EC,FFT-derived POW,Band,Theta,ALL_CHANNELS_MEDIAN,BandMedian.Theta,116,1160,1170,80,0.7112169107,0.869265113,0.8495090878,0.0845497631,0.8181818182,-1.635630568,phase_randomized,20,1906
BASELINE_EC,FFT-derived POW,Band,Theta,ALL_CHANNELS_MEDIAN,BandMedian.Theta,117,1170,1180,80,0.6321928095,0.6321928095,0.6400952196,0.1253420267,1,-0.06304677151,phase_randomized,20,1906
BASELINE_EC,FFT-derived POW,Band,Theta,ALL_CHANNELS_MEDIAN,BandMedian.Theta,118,1180,1190,80,0.4741446071,0.7112169107,0.7270217309,0.1394901746,0.6666666667,-1.812866925,phase_randomized,20,1906
BASELINE_EC,FFT-derived POW,Band,Theta,ALL_CHANNELS_MEDIAN,BandMedian.Theta,119,1190,1200,80,0.4741446071,0.6321928095,0.6203391943,0.08982733447,0.75,-1.627506683,phase_randomized,20,1906
BASELINE_EC,FFT-derived POW,Band,Theta,ALL_CHANNELS_MEDIAN,BandMedian.Theta,120,1200,1210,80,0.7112169107,0.7902410119,0.7783873967,0.1210059202,0.9,-0.555100824,phase_randomized,20,1906
BASELINE_EC,FFT-derived POW,Band,Theta,ALL_CHANNELS_MEDIAN,BandMedian.Theta,121,1210,1220,80,0.3951205059,0.5531687083,0.5373638881,0.09796573251,0.7142857143,-1.451970791,phase_randomized,20,1906
BASELINE_EC,FFT-derived POW,Band,Theta,ALL_CHANNELS_MEDIAN,BandMedian.Theta,122,1220,1230,80,0.7112169107,0.6321928095,0.6479976297,0.1105743091,1.125,0.5717357085,phase_randomized,20,1906
BASELINE_EC,FFT-derived POW,Band,Theta,ALL_CHANNELS_MEDIAN,BandMedian.Theta,123,1230,1240,80,0.5531687083,0.5531687083,0.6084855791,0.09627362366,1,-0.5745797107,phase_randomized,20,1906
BASELINE_EC,FFT-derived POW,Band,Theta,ALL_CHANNELS_MEDIAN,BandMedian.Theta,124,1240,1250,80,0.4741446071,0.7112169107,0.6914608854,0.1401366461,0.6666666667,-1.550745535,phase_randomized,20,1906
BASELINE_EC,FFT-derived POW,Band,Theta,ALL_CHANNELS_MEDIAN,BandMedian.Theta,125,1250,1260,80,0.5531687083,0.7112169107,0.6954120904,0.07943892871,0.7777777778,-1.790600458,phase_randomized,20,1906
BASELINE_EC,FFT-derived POW,Band,Theta,ALL_CHANNELS_MEDIAN,BandMedian.Theta,126,1260,1270,80,0.7112169107,0.7902410119,0.7546801663,0.1008586361,0.9,-0.4309324151,phase_randomized,20,1906
BASELINE_EC,FFT-derived POW,Band,Theta,ALL_CHANNELS_MEDIAN,BandMedian.Theta,127,1270,1280,80,0.5531687083,0.5926807589,0.600583169,0.09385343266,0.9333333333,-0.5051968731,phase_randomized,20,1906
BASELINE_EC,FFT-derived POW,Band,Theta,ALL_CHANNELS_MEDIAN,BandMedian.Theta,128,1280,1290,80,0.4741446071,0.5531687083,0.600583169,0.1099782168,0.8571428571,-1.14966914,phase_randomized,20,1906
BASELINE_EC,FFT-derived POW,Band,Theta,ALL_CHANNELS_MEDIAN,BandMedian.Theta,129,1290,1300,80,0.5531687083,0.6321928095,0.6045343741,0.07375335204,0.875,-0.696451949,phase_randomized,20,1906
BASELINE_EC,FFT-derived POW,Band,Theta,ALL_CHANNELS_MEDIAN,BandMedian.Theta,130,1300,1310,80,0.7112169107,0.6321928095,0.667753655,0.08298025748,1.125,0.5237782693,phase_randomized,20,1906
BASELINE_EC,FFT-derived POW,Band,Theta,ALL_CHANNELS_MEDIAN,BandMedian.Theta,131,1310,1320,80,0.3951205059,0.4741446071,0.5018030425,0.1125628176,0.8333333333,-0.9477600051,phase_randomized,20,1906
BASELINE_EC,FFT-derived POW,Band,Theta,ALL_CHANNELS_MEDIAN,BandMedian.Theta,132,1320,1330,80,0.7902410119,0.6717048601,0.66380245,0.09385343266,1.176470588,1.347191662,phase_randomized,20,1906
BASELINE_EC,FFT-derived POW,Band,Theta,ALL_CHANNELS_MEDIAN,BandMedian.Theta,133,1330,1340,80,0.7112169107,0.7112169107,0.7467777562,0.1040663863,1,-0.3417130815,phase_randomized,20,1906
BASELINE_EC,FFT-derived POW,Band,Theta,ALL_CHANNELS_MEDIAN,BandMedian.Theta,134,1340,1350,80,0.5531687083,1.106337417,1.098435006,0.07648790497,0.5,-7.128791126,phase_randomized,20,1906
BASELINE_EC,FFT-derived POW,Band,Theta,ALL_CHANNELS_MEDIAN,BandMedian.Theta,135,1350,1360,80,0.3160964047,0.869265113,0.869265113,0.1117569557,0.3636363636,-4.949747468,phase_randomized,20,1906
BASELINE_EC,FFT-derived POW,Band,Theta,ALL_CHANNELS_MEDIAN,BandMedian.Theta,136,1360,1370,80,0.7902410119,0.6321928095,0.6361440145,0.09754545716,1.25,1.579745503,phase_randomized,20,1906
BASELINE_EC,FFT-derived POW,Band,Theta,ALL_CHANNELS_MEDIAN,BandMedian.Theta,137,1370,1380,80,0.7112169107,0.6717048601,0.6440464247,0.1236922835,1.058823529,0.5430450802,phase_randomized,20,1906
BASELINE_EC,FFT-derived POW,Band,Theta,ALL_CHANNELS_MEDIAN,BandMedian.Theta,138,1380,1390,80,0.7112169107,0.7112169107,0.6993632955,0.09341465778,1,0.1268924541,phase_randomized,20,1906
BASELINE_EC,FFT-derived POW,Band,Theta,ALL_CHANNELS_MEDIAN,BandMedian.Theta,139,1390,1400,80,0.5531687083,0.6321928095,0.6084855791,0.0729693154,0.875,-0.7580840046,phase_randomized,20,1906
BASELINE_EC,FFT-derived POW,Band,Theta,ALL_CHANNELS_MEDIAN,BandMedian.Theta,140,1400,1410,80,0.7112169107,0.6717048601,0.667753655,0.09754545716,1.058823529,0.4455692445,phase_randomized,20,1906
BASELINE_EC,FFT-derived POW,Band,Theta,ALL_CHANNELS_MEDIAN,BandMedian.Theta,141,1410,1420,80,0.6321928095,0.6321928095,0.66380245,0.0902835453,1,-0.3501151884,phase_randomized,20,1906
BASELINE_EC,FFT-derived POW,Band,Theta,ALL_CHANNELS_MEDIAN,BandMedian.Theta,142,1420,1430,80,0.5531687083,0.7507289613,0.7191193208,0.127937375,0.7368421053,-1.297123788,phase_randomized,20,1906
BASELINE_EC,FFT-derived POW,Band,Theta,ALL_CHANNELS_MEDIAN,BandMedian.Theta,143,1430,1440,80,0.7112169107,0.6717048601,0.66380245,0.1038292427,1.058823529,0.4566580618,phase_randomized,20,1906
BASELINE_EC,FFT-derived POW,Band,Theta,ALL_CHANNELS_MEDIAN,BandMedian.Theta,144,1440,1450,80,0.7902410119,0.7112169107,0.7467777562,0.08298025748,1.111111111,0.5237782693,phase_randomized,20,1906
BASELINE_EC,FFT-derived POW,Band,Theta,ALL_CHANNELS_MEDIAN,BandMedian.Theta,145,1450,1460,80,0.6321928095,0.7112169107,0.734924141,0.0996291066,0.8888888889,-1.031137737,phase_randomized,20,1906
BASELINE_EC,FFT-derived POW,Band,Theta,ALL_CHANNELS_MEDIAN,BandMedian.Theta,146,1460,1470,80,0.7112169107,0.7902410119,0.802094627,0.08982733447,0.9,-1.011693344,phase_randomized,20,1906
BASELINE_EC,FFT-derived POW,Band,Theta,ALL_CHANNELS_MEDIAN,BandMedian.Theta,147,1470,1480,80,0.5531687083,0.869265113,0.8297530625,0.09064686084,0.6363636364,-3.05122926,phase_randomized,20,1906
BASELINE_EC,FFT-derived POW,Band,Theta,ALL_CHANNELS_MEDIAN,BandMedian.Theta,148,1480,1490,80,0.5531687083,0.7112169107,0.6835584753,0.1065630863,0.7777777778,-1.223592254,phase_randomized,20,1906
BASELINE_EC,FFT-derived POW,Band,Theta,ALL_CHANNELS_MEDIAN,BandMedian.Theta,149,1490,1500,80,0.7902410119,0.6321928095,0.6479976297,0.1105743091,1.25,1.286405344,phase_randomized,20,1906
BASELINE_EC,FFT-derived POW,Band,Theta,ALL_CHANNELS_MEDIAN,BandMedian.Theta,150,1500,1510,80,0.6321928095,0.5531687083,0.600583169,0.08268265847,1.142857143,0.3823007274,phase_randomized,20,1906
BASELINE_EC,FFT-derived POW,Band,Theta,ALL_CHANNELS_MEDIAN,BandMedian.Theta,151,1510,1520,80,0.7112169107,0.7112169107,0.7072657056,0.08298025748,1,0.0476162063,phase_randomized,20,1906
BASELINE_EC,FFT-derived POW,Band,Theta,ALL_CHANNELS_MEDIAN,BandMedian.Theta,152,1520,1530,80,0.5531687083,0.7902410119,0.802094627,0.08218426539,0.7,-3.028875632,phase_randomized,20,1906
BASELINE_EC,FFT-derived POW,Band,Theta,ALL_CHANNELS_MEDIAN,BandMedian.Theta,153,1530,1540,80,0.4741446071,0.7112169107,0.7072657056,0.0700976342,0.6666666667,-3.325662858,phase_randomized,20,1906
BASELINE_EC,FFT-derived POW,Band,Theta,ALL_CHANNELS_MEDIAN,BandMedian.Theta,154,1540,1550,80,0.4741446071,0.5531687083,0.5136566577,0.09762965697,0.8571428571,-0.4047136067,phase_randomized,20,1906
BASELINE_EC,FFT-derived POW,Band,Theta,ALL_CHANNELS_MEDIAN,BandMedian.Theta,155,1550,1560,80,0.5531687083,0.6717048601,0.6835584753,0.1002047645,0.8235294118,-1.301233206,phase_randomized,20,1906
BASELINE_EC,FFT-derived POW,Band,Theta,ALL_CHANNELS_MEDIAN,BandMedian.Theta,156,1560,1570,80,0.6321928095,0.6717048601,0.6717048601,0.08307922026,0.9411764706,-0.4755948656,phase_randomized,20,1906
BASELINE_EC,FFT-derived POW,Band,Theta,ALL_CHANNELS_MEDIAN,BandMedian.Theta,157,1570,1580,80,0.5531687083,0.7112169107,0.730972936,0.1021538242,0.7777777778,-1.740553808,phase_randomized,20,1906
BASELINE_EC,FFT-derived POW,Band,Theta,ALL_CHANNELS_MEDIAN,BandMedian.Theta,158,1580,1590,80,0.6321928095,0.7112169107,0.7467777562,0.1294061327,0.8888888889,-0.8854676692,phase_randomized,20,1906
BASELINE_EC,FFT-derived POW,Band,Theta,ALL_CHANNELS_MEDIAN,BandMedian.Theta,159,1590,1600,80,0.6321928095,0.6321928095,0.6163879893,0.07068130485,1,0.2236067977,phase_randomized,20,1906
BASELINE_EC,FFT-derived POW,Band,Theta,ALL_CHANNELS_MEDIAN,BandMedian.Theta,160,1600,1610,81,0.5478882719,0.6652929015,0.6652929015,0.1121371378,0.8235294118,-1.046973661,phase_randomized,20,1906
BASELINE_EC,FFT-derived POW,Band,Theta,ALL_CHANNELS_MEDIAN,BandMedian.Theta,161,1610,1620,80,0.6321928095,0.5926807589,0.5887295538,0.1102021293,1.066666667,0.3943957884,phase_randomized,20,1906
BASELINE_EC,FFT-derived POW,Band,Theta,ALL_CHANNELS_MEDIAN,BandMedian.Theta,162,1620,1630,80,0.5531687083,0.4741446071,0.5255102729,0.08982733447,1.166666667,0.3079066698,phase_randomized,20,1906
BASELINE_EC,FFT-derived POW,Band,Theta,ALL_CHANNELS_MEDIAN,BandMedian.Theta,163,1630,1640,80,0.6321928095,0.6321928095,0.600583169,0.1006139323,1,0.3141676283,phase_randomized,20,1906
BASELINE_EC,FFT-derived POW,Band,Theta,ALL_CHANNELS_MEDIAN,BandMedian.Theta,164,1640,1650,80,0.6321928095,0.7112169107,0.7072657056,0.113145294,0.8888888889,-0.663508781,phase_randomized,20,1906
BASELINE_EC,FFT-derived POW,Band,Theta,ALL_CHANNELS_MEDIAN,BandMedian.Theta,165,1650,1660,80,0.6321928095,0.5531687083,0.5768759387,0.1028752018,1.142857143,0.5377085035,phase_randomized,20,1906
BASELINE_EC,FFT-derived POW,Band,Theta,ALL_CHANNELS_MEDIAN,BandMedian.Theta,166,1660,1670,80,0.6321928095,0.7112169107,0.734924141,0.08541993796,0.8888888889,-1.202662212,phase_randomized,20,1906
BASELINE_EC,FFT-derived POW,Band,Theta,ALL_CHANNELS_MEDIAN,BandMedian.Theta,167,1670,1680,80,0.7112169107,0.5531687083,0.5847783488,0.09729242053,1.285714286,1.299572579,phase_randomized,20,1906
BASELINE_EC,FFT-derived POW,Band,Theta,ALL_CHANNELS_MEDIAN,BandMedian.Theta,168,1680,1690,80,0.6321928095,0.6321928095,0.6598512449,0.1096040129,1,-0.2523487479,phase_randomized,20,1906
BASELINE_EC,FFT-derived POW,Band,Theta,ALL_CHANNELS_MEDIAN,BandMedian.Theta,169,1690,1700,80,0.5531687083,0.6321928095,0.6321928095,0.138069185,0.875,-0.5723514715,phase_randomized,20,1906
BASELINE_EC,FFT-derived POW,Band,Theta,ALL_CHANNELS_MEDIAN,BandMedian.Theta,170,1700,1710,80,0.7902410119,0.869265113,0.8495090878,0.08056869224,0.9090909091,-0.7356216694,phase_randomized,20,1906
BASELINE_EC,FFT-derived POW,Band,Theta,ALL_CHANNELS_MEDIAN,BandMedian.Theta,171,1710,1720,80,0.6321928095,0.6321928095,0.6400952196,0.08464689095,1,-0.0933573582,phase_randomized,20,1906
BASELINE_EC,FFT-derived POW,Band,Theta,ALL_CHANNELS_MEDIAN,BandMedian.Theta,172,1720,1730,80,0.5531687083,0.7112169107,0.7586313714,0.1006139323,0.7777777778,-2.042089584,phase_randomized,20,1906
BASELINE_EC,FFT-derived POW,Band,Theta,ALL_CHANNELS_MEDIAN,BandMedian.Theta,173,1730,1740,80,0.6321928095,0.6321928095,0.6875096803,0.08918471882,1,-0.6202505492,phase_randomized,20,1906
BASELINE_EC,FFT-derived POW,Band,Theta,ALL_CHANNELS_MEDIAN,BandMedian.Theta,174,1740,1750,80,0.7112169107,0.7902410119,0.7428265511,0.1129272175,0.9,-0.2799116208,phase_randomized,20,1906
BASELINE_EC,FFT-derived POW,Band,Theta,ALL_CHANNELS_MEDIAN,BandMedian.Theta,175,1750,1760,80,0.5531687083,0.7112169107,0.6717048601,0.07021475648,0.7777777778,-1.688194302,phase_randomized,20,1906
BASELINE_EC,FFT-derived POW,Band,Theta,ALL_CHANNELS_MEDIAN,BandMedian.Theta,176,1760,1770,80,0.5531687083,0.7507289613,0.7388753461,0.1034327951,0.7368421053,-1.795432847,phase_randomized,20,1906
BASELINE_EC,FFT-derived POW,Band,Theta,ALL_CHANNELS_MEDIAN,BandMedian.Theta,177,1770,1780,80,0.6321928095,0.7902410119,0.7665337815,0.0996291066,0.8,-1.348410887,phase_randomized,20,1906
BASELINE_EC,FFT-derived POW,Band,Theta,ALL_CHANNELS_MEDIAN,BandMedian.Theta,178,1780,1790,80,0.5531687083,0.7112169107,0.66380245,0.1038292427,0.7777777778,-1.065535477,phase_randomized,20,1906
BASELINE_EC,FFT-derived POW,Band,Theta,ALL_CHANNELS_MEDIAN,BandMedian.Theta,179,1790,1800,80,0.6321928095,0.7112169107,0.7507289613,0.1041453142,0.8888888889,-1.138180366,phase_randomized,20,1906
BASELINE_EC,FFT-derived POW,Band,Theta,ALL_CHANNELS_MEDIAN,BandMedian.Theta,180,1800,1810,80,0.3951205059,0.5926807589,0.600583169,0.1006139323,0.6666666667,-2.042089584,phase_randomized,20,1906
MODULATION_DATASET,FFT-derived POW,Band,Theta,ALL_CHANNELS_MEDIAN,BandMedian.Theta,0,0,10,81,0.4696185187,0.626158025,0.6418119756,0.1207219886,0.75,-1.426363654,phase_randomized,20,1906
MODULATION_DATASET,FFT-derived POW,Band,Theta,ALL_CHANNELS_MEDIAN,BandMedian.Theta,1,10,20,80,0.4741446071,0.6321928095,0.6717048601,0.09420298111,0.75,-2.097176232,phase_randomized,20,1906
MODULATION_DATASET,FFT-derived POW,Band,Theta,ALL_CHANNELS_MEDIAN,BandMedian.Theta,2,20,30,80,0.6321928095,0.6321928095,0.6321928095,0.102555216,1,0,phase_randomized,20,1906
MODULATION_DATASET,FFT-derived POW,Band,Theta,ALL_CHANNELS_MEDIAN,BandMedian.Theta,3,30,40,80,0.5531687083,0.6717048601,0.667753655,0.09055616861,0.8235294118,-1.265346674,phase_randomized,20,1906
MODULATION_DATASET,FFT-derived POW,Band,Theta,ALL_CHANNELS_MEDIAN,BandMedian.Theta,4,40,50,80,0.7112169107,0.6717048601,0.6717048601,0.1160846223,1.058823529,0.3403728229,phase_randomized,20,1906
MODULATION_DATASET,FFT-derived POW,Band,Theta,ALL_CHANNELS_MEDIAN,BandMedian.Theta,5,50,60,80,0.6321928095,0.6321928095,0.6242903994,0.08464689095,1,0.0933573582,phase_randomized,20,1906
MODULATION_DATASET,FFT-derived POW,Band,Theta,ALL_CHANNELS_MEDIAN,BandMedian.Theta,6,60,70,80,0.4741446071,0.6321928095,0.6796072702,0.1317345601,0.75,-1.559671683,phase_randomized,20,1906
MODULATION_DATASET,FFT-derived POW,Band,Theta,ALL_CHANNELS_MEDIAN,BandMedian.Theta,7,70,80,80,0.4741446071,0.5531687083,0.596631964,0.1188131058,0.8571428571,-1.030924628,phase_randomized,20,1906
MODULATION_DATASET,FFT-derived POW,Band,Theta,ALL_CHANNELS_MEDIAN,BandMedian.Theta,8,80,90,80,0.7902410119,0.7112169107,0.7033145006,0.1054001222,1.111111111,0.8247287523,phase_randomized,20,1906
MODULATION_DATASET,FFT-derived POW,Band,Theta,ALL_CHANNELS_MEDIAN,BandMedian.Theta,9,90,100,80,0.3951205059,0.7112169107,0.734924141,0.07734254496,0.5555555556,-4.393489189,phase_randomized,20,1906
MODULATION_DATASET,FFT-derived POW,Band,Theta,ALL_CHANNELS_MEDIAN,BandMedian.Theta,10,100,110,80,0.6321928095,0.6321928095,0.6440464247,0.07808268187,1,-0.1518085047,phase_randomized,20,1906
MODULATION_DATASET,FFT-derived POW,Band,Theta,ALL_CHANNELS_MEDIAN,BandMedian.Theta,11,110,120,80,0.6321928095,0.5531687083,0.5808271437,0.1002047645,1.142857143,0.5126070205,phase_randomized,20,1906
MODULATION_DATASET,FFT-derived POW,Band,Theta,ALL_CHANNELS_MEDIAN,BandMedian.Theta,12,120,130,80,0.6321928095,0.6321928095,0.6559000398,0.1060219573,1,-0.2236067977,phase_randomized,20,1906
MODULATION_DATASET,FFT-derived POW,Band,Theta,ALL_CHANNELS_MEDIAN,BandMedian.Theta,13,130,140,80,0.4741446071,0.6321928095,0.6203391943,0.08609066005,0.75,-1.698146897,phase_randomized,20,1906
MODULATION_DATASET,FFT-derived POW,Band,Theta,ALL_CHANNELS_MEDIAN,BandMedian.Theta,14,140,150,80,0.7902410119,0.7902410119,0.7665337815,0.07734254496,1,0.3065225015,phase_randomized,20,1906
MODULATION_DATASET,FFT-derived POW,Band,Theta,ALL_CHANNELS_MEDIAN,BandMedian.Theta,15,150,160,80,0.7902410119,0.7112169107,0.6954120904,0.1075608179,1.111111111,0.8816307205,phase_randomized,20,1906
MODULATION_DATASET,FFT-derived POW,Band,Theta,ALL_CHANNELS_MEDIAN,BandMedian.Theta,16,160,170,80,0.869265113,0.7112169107,0.6954120904,0.09455123731,1.222222222,1.838717584,phase_randomized,20,1906
MODULATION_DATASET,FFT-derived POW,Band,Theta,ALL_CHANNELS_MEDIAN,BandMedian.Theta,17,170,180,80,0.6321928095,0.6321928095,0.6796072702,0.1413626097,1,-0.3354101966,phase_randomized,20,1906
MODULATION_DATASET,FFT-derived POW,Band,Theta,ALL_CHANNELS_MEDIAN,BandMedian.Theta,18,180,190,80,0.5531687083,0.5531687083,0.6045343741,0.08982733447,1,-0.5718266725,phase_randomized,20,1906
MODULATION_DATASET,FFT-derived POW,Band,Theta,ALL_CHANNELS_MEDIAN,BandMedian.Theta,19,190,200,80,0.6321928095,0.7902410119,0.7862898068,0.1242225851,0.8,-1.240490988,phase_randomized,20,1906
MODULATION_DATASET,FFT-derived POW,Band,Theta,ALL_CHANNELS_MEDIAN,BandMedian.Theta,20,200,210,80,0.7112169107,0.5926807589,0.6084855791,0.1177711701,1.2,0.872296093,phase_randomized,20,1906
MODULATION_DATASET,FFT-derived POW,Band,Theta,ALL_CHANNELS_MEDIAN,BandMedian.Theta,21,210,220,80,0.9482892142,0.7112169107,0.6835584753,0.1034327951,1.333333333,2.559446825,phase_randomized,20,1906
MODULATION_DATASET,FFT-derived POW,Band,Theta,ALL_CHANNELS_MEDIAN,BandMedian.Theta,22,220,230,80,0.6321928095,0.5926807589,0.6045343741,0.08218426539,1.066666667,0.3365417368,phase_randomized,20,1906
MODULATION_DATASET,FFT-derived POW,Band,Theta,ALL_CHANNELS_MEDIAN,BandMedian.Theta,23,230,240,80,0.6321928095,0.7112169107,0.6993632955,0.096869224,0.8888888889,-0.6934141024,phase_randomized,20,1906
MODULATION_DATASET,FFT-derived POW,Band,Theta,ALL_CHANNELS_MEDIAN,BandMedian.Theta,24,240,250,80,0.7112169107,0.7902410119,0.798143422,0.108473656,0.9,-0.8013605749,phase_randomized,20,1906
MODULATION_DATASET,FFT-derived POW,Band,Theta,ALL_CHANNELS_MEDIAN,BandMedian.Theta,25,250,260,80,0.6321928095,0.6321928095,0.6400952196,0.1172116839,1,-0.06741998625,phase_randomized,20,1906
MODULATION_DATASET,FFT-derived POW,Band,Theta,ALL_CHANNELS_MEDIAN,BandMedian.Theta,26,260,270,80,0.5531687083,0.5531687083,0.5729247336,0.09199651613,1,-0.2147475375,phase_randomized,20,1906
MODULATION_DATASET,FFT-derived POW,Band,Theta,ALL_CHANNELS_MEDIAN,BandMedian.Theta,27,270,280,80,0.4741446071,0.6321928095,0.596631964,0.1040663863,0.75,-1.177011725,phase_randomized,20,1906
MODULATION_DATASET,FFT-derived POW,Band,Theta,ALL_CHANNELS_MEDIAN,BandMedian.Theta,28,280,290,80,0.7112169107,0.6321928095,0.6479976297,0.1012651619,1.125,0.6242944736,phase_randomized,20,1906
MODULATION_DATASET,FFT-derived POW,Band,Theta,ALL_CHANNELS_MEDIAN,BandMedian.Theta,29,290,300,80,0.5531687083,0.6321928095,0.6479976297,0.1075608179,0.875,-0.8816307205,phase_randomized,20,1906
MODULATION_DATASET,FFT-derived POW,Band,Theta,ALL_CHANNELS_MEDIAN,BandMedian.Theta,30,300,310,80,0.5531687083,0.6717048601,0.6717048601,0.1072548122,0.8235294118,-1.105182596,phase_randomized,20,1906
MODULATION_DATASET,FFT-derived POW,Band,Theta,ALL_CHANNELS_MEDIAN,BandMedian.Theta,31,310,320,80,0.7112169107,0.7112169107,0.7388753461,0.09341465778,1,-0.296082393,phase_randomized,20,1906
MODULATION_DATASET,FFT-derived POW,Band,Theta,ALL_CHANNELS_MEDIAN,BandMedian.Theta,32,320,330,80,0.3951205059,0.6321928095,0.6282416044,0.09754545716,0.625,-2.389871402,phase_randomized,20,1906
MODULATION_DATASET,FFT-derived POW,Band,Theta,ALL_CHANNELS_MEDIAN,BandMedian.Theta,33,330,340,80,0.6321928095,0.6321928095,0.6479976297,0.07518773254,1,-0.2102047728,phase_randomized,20,1906
MODULATION_DATASET,FFT-derived POW,Band,Theta,ALL_CHANNELS_MEDIAN,BandMedian.Theta,34,340,350,80,0.6321928095,0.6321928095,0.66380245,0.05957919654,1,-0.5305482838,phase_randomized,20,1906
MODULATION_DATASET,FFT-derived POW,Band,Theta,ALL_CHANNELS_MEDIAN,BandMedian.Theta,35,350,360,80,0.7112169107,0.7112169107,0.6875096803,0.05790057149,1,0.4094472601,phase_randomized,20,1906
MODULATION_DATASET,FFT-derived POW,Band,Theta,ALL_CHANNELS_MEDIAN,BandMedian.Theta,36,360,370,80,0.6321928095,0.7112169107,0.6993632955,0.1182585492,0.8888888889,-0.5679968719,phase_randomized,20,1906
MODULATION_DATASET,FFT-derived POW,Band,Theta,ALL_CHANNELS_MEDIAN,BandMedian.Theta,37,370,380,80,0.6321928095,0.7112169107,0.7507289613,0.1216155257,0.8888888889,-0.9746794345,phase_randomized,20,1906
MODULATION_DATASET,FFT-derived POW,Band,Theta,ALL_CHANNELS_MEDIAN,BandMedian.Theta,38,380,390,80,0.7112169107,0.7112169107,0.7625825764,0.1314223185,1,-0.3908443128,phase_randomized,20,1906
MODULATION_DATASET,FFT-derived POW,Band,Theta,ALL_CHANNELS_MEDIAN,BandMedian.Theta,39,390,400,80,0.4741446071,0.5531687083,0.5413150931,0.09341465778,0.8571428571,-0.7190572401,phase_randomized,20,1906
MODULATION_DATASET,FFT-derived POW,Band,Theta,ALL_CHANNELS_MEDIAN,BandMedian.Theta,40,400,410,80,0.7902410119,0.7112169107,0.6875096803,0.09627362366,1.111111111,1.067076606,phase_randomized,20,1906
MODULATION_DATASET,FFT-derived POW,Band,Theta,ALL_CHANNELS_MEDIAN,BandMedian.Theta,41,410,420,80,0.7112169107,0.7112169107,0.7230705259,0.08609066005,1,-0.1376875862,phase_randomized,20,1906
MODULATION_DATASET,FFT-derived POW,Band,Theta,ALL_CHANNELS_MEDIAN,BandMedian.Theta,42,420,430,80,0.5531687083,0.6321928095,0.6124367842,0.07638040259,0.875,-0.7759591974,phase_randomized,20,1906
MODULATION_DATASET,FFT-derived POW,Band,Theta,ALL_CHANNELS_MEDIAN,BandMedian.Theta,43,430,440,80,0.5531687083,0.6717048601,0.7072657056,0.1391953313,0.8235294118,-1.107055789,phase_randomized,20,1906
MODULATION_DATASET,FFT-derived POW,Band,Theta,ALL_CHANNELS_MEDIAN,BandMedian.Theta,44,440,450,80,0.5531687083,0.6717048601,0.66380245,0.1069479308,0.8235294118,-1.034463601,phase_randomized,20,1906
MODULATION_DATASET,FFT-derived POW,Band,Theta,ALL_CHANNELS_MEDIAN,BandMedian.Theta,45,450,460,80,0.7112169107,0.7112169107,0.7112169107,0.07251748867,1,0,phase_randomized,20,1906
MODULATION_DATASET,FFT-derived POW,Band,Theta,ALL_CHANNELS_MEDIAN,BandMedian.Theta,46,460,470,80,0.7112169107,0.7902410119,0.8178994473,0.09341465778,0.9,-1.142032087,phase_randomized,20,1906
MODULATION_DATASET,FFT-derived POW,Band,Theta,ALL_CHANNELS_MEDIAN,BandMedian.Theta,47,470,480,80,0.3951205059,0.6321928095,0.6163879893,0.1105743091,0.625,-2.00107498,phase_randomized,20,1906
MODULATION_DATASET,FFT-derived POW,Band,Theta,ALL_CHANNELS_MEDIAN,BandMedian.Theta,48,480,490,80,0.6321928095,0.7112169107,0.667753655,0.09411571571,0.8888888889,-0.3778417373,phase_randomized,20,1906
MODULATION_DATASET,FFT-derived POW,Band,Theta,ALL_CHANNELS_MEDIAN,BandMedian.Theta,49,490,500,80,0.6321928095,0.7112169107,0.7112169107,0.102555216,0.8888888889,-0.7705517504,phase_randomized,20,1906
MODULATION_DATASET,FFT-derived POW,Band,Theta,ALL_CHANNELS_MEDIAN,BandMedian.Theta,50,500,510,80,0.7902410119,0.7112169107,0.7428265511,0.06974508729,1.111111111,0.6798250967,phase_randomized,20,1906
MODULATION_DATASET,FFT-derived POW,Band,Theta,ALL_CHANNELS_MEDIAN,BandMedian.Theta,51,510,520,80,0.6321928095,0.6717048601,0.6796072702,0.115801143,0.9411764706,-0.4094472601,phase_randomized,20,1906
MODULATION_DATASET,FFT-derived POW,Band,Theta,ALL_CHANNELS_MEDIAN,BandMedian.Theta,52,520,530,80,0.7902410119,0.6321928095,0.6559000398,0.1028752018,1.25,1.305863509,phase_randomized,20,1906
MODULATION_DATASET,FFT-derived POW,Band,Theta,ALL_CHANNELS_MEDIAN,BandMedian.Theta,53,530,540,80,0.869265113,0.7112169107,0.730972936,0.1226248004,1.222222222,1.127766786,phase_randomized,20,1906
MODULATION_DATASET,FFT-derived POW,Band,Theta,ALL_CHANNELS_MEDIAN,BandMedian.Theta,54,540,550,80,0.7902410119,0.7112169107,0.7191193208,0.09896711185,1.111111111,0.7186396545,phase_randomized,20,1906
MODULATION_DATASET,FFT-derived POW,Band,Theta,ALL_CHANNELS_MEDIAN,BandMedian.Theta,55,550,560,80,0.5531687083,0.7112169107,0.6993632955,0.096869224,0.7777777778,-1.509195399,phase_randomized,20,1906
MODULATION_DATASET,FFT-derived POW,Band,Theta,ALL_CHANNELS_MEDIAN,BandMedian.Theta,56,560,570,80,0.6321928095,0.6321928095,0.6440464247,0.06915351522,1,-0.171410161,phase_randomized,20,1906
MODULATION_DATASET,FFT-derived POW,Band,Theta,ALL_CHANNELS_MEDIAN,BandMedian.Theta,57,570,580,80,0.869265113,0.7112169107,0.6796072702,0.09729242053,1.222222222,1.949358869,phase_randomized,20,1906
MODULATION_DATASET,FFT-derived POW,Band,Theta,ALL_CHANNELS_MEDIAN,BandMedian.Theta,58,580,590,80,0.4741446071,0.7112169107,0.6875096803,0.08918471882,0.6666666667,-2.392394976,phase_randomized,20,1906
MODULATION_DATASET,FFT-derived POW,Band,Theta,ALL_CHANNELS_MEDIAN,BandMedian.Theta,59,590,600,80,0.7112169107,0.6321928095,0.6598512449,0.1065630863,1.125,0.4820211908,phase_randomized,20,1906
MODULATION_DATASET,FFT-derived POW,Band,Theta,ALL_CHANNELS_MEDIAN,BandMedian.Theta,60,600,610,80,0.7112169107,0.6321928095,0.6598512449,0.09341465778,1.125,0.5498673012,phase_randomized,20,1906
MODULATION_DATASET,FFT-derived POW,Band,Theta,ALL_CHANNELS_MEDIAN,BandMedian.Theta,61,610,620,80,0.6321928095,0.7112169107,0.7112169107,0.07691641199,0.8888888889,-1.027402334,phase_randomized,20,1906
MODULATION_DATASET,FFT-derived POW,Band,Theta,ALL_CHANNELS_MEDIAN,BandMedian.Theta,62,620,630,80,0.5531687083,0.7902410119,0.7704849866,0.09888405089,0.7,-2.197687861,phase_randomized,20,1906
MODULATION_DATASET,FFT-derived POW,Band,Theta,ALL_CHANNELS_MEDIAN,BandMedian.Theta,63,630,640,80,0.7112169107,0.7112169107,0.7151681157,0.07463930996,1,-0.05293732031,phase_randomized,20,1906
MODULATION_DATASET,FFT-derived POW,Band,Theta,ALL_CHANNELS_MEDIAN,BandMedian.Theta,64,640,650,80,0.6321928095,0.6321928095,0.6321928095,0.1202566503,1,0,phase_randomized,20,1906
MODULATION_DATASET,FFT-derived POW,Band,Theta,ALL_CHANNELS_MEDIAN,BandMedian.Theta,65,650,660,80,0.7112169107,0.7112169107,0.7428265511,0.07430831361,1,-0.4253849797,phase_randomized,20,1906
MODULATION_DATASET,FFT-derived POW,Band,Theta,ALL_CHANNELS_MEDIAN,BandMedian.Theta,66,660,670,80,0.7112169107,0.7112169107,0.6914608854,0.1143013424,1,0.172841586,phase_randomized,20,1906
MODULATION_DATASET,FFT-derived POW,Band,Theta,ALL_CHANNELS_MEDIAN,BandMedian.Theta,67,670,680,80,0.6321928095,0.7112169107,0.6835584753,0.08609066005,0.8888888889,-0.5966462069,phase_randomized,20,1906
MODULATION_DATASET,FFT-derived POW,Band,Theta,ALL_CHANNELS_MEDIAN,BandMedian.Theta,68,680,690,80,0.7112169107,0.7902410119,0.8297530625,0.07474931637,0.9,-1.58578242,phase_randomized,20,1906
MODULATION_DATASET,FFT-derived POW,Band,Theta,ALL_CHANNELS_MEDIAN,BandMedian.Theta,69,690,700,80,0.6321928095,0.869265113,0.8337042675,0.1160138174,0.7272727273,-1.736960842,phase_randomized,20,1906
MODULATION_DATASET,FFT-derived POW,Band,Theta,ALL_CHANNELS_MEDIAN,BandMedian.Theta,70,700,710,80,0.6321928095,0.6717048601,0.6796072702,0.08656656561,0.9411764706,-0.5477225575,phase_randomized,20,1906
MODULATION_DATASET,FFT-derived POW,Band,Theta,ALL_CHANNELS_MEDIAN,BandMedian.Theta,71,710,720,80,0.5531687083,0.6321928095,0.6400952196,0.1329761951,0.875,-0.6536997935,phase_randomized,20,1906
MODULATION_DATASET,FFT-derived POW,Band,Theta,ALL_CHANNELS_MEDIAN,BandMedian.Theta,72,720,730,80,0.4741446071,0.5926807589,0.5847783488,0.1292155024,0.8,-0.856195577,phase_randomized,20,1906
MODULATION_DATASET,FFT-derived POW,Band,Theta,ALL_CHANNELS_MEDIAN,BandMedian.Theta,73,730,740,80,0.7112169107,0.6717048601,0.6796072702,0.121344968,1.058823529,0.2604940361,phase_randomized,20,1906
MODULATION_DATASET,FFT-derived POW,Band,Theta,ALL_CHANNELS_MEDIAN,BandMedian.Theta,74,740,750,80,0.7112169107,0.6321928095,0.6282416044,0.1071781742,1.125,0.7741810016,phase_randomized,20,1906
MODULATION_DATASET,FFT-derived POW,Band,Theta,ALL_CHANNELS_MEDIAN,BandMedian.Theta,75,750,760,80,0.7902410119,0.7112169107,0.6756560651,0.1102021293,1.111111111,1.039770715,phase_randomized,20,1906
MODULATION_DATASET,FFT-derived POW,Band,Theta,ALL_CHANNELS_MEDIAN,BandMedian.Theta,76,760,770,80,0.5531687083,0.869265113,0.8811187282,0.1034327951,0.6363636364,-3.170658007,phase_randomized,20,1906
MODULATION_DATASET,FFT-derived POW,Band,Theta,ALL_CHANNELS_MEDIAN,BandMedian.Theta,77,770,780,80,0.6321928095,0.8297530625,0.8060458321,0.1218854828,0.7619047619,-1.426363654,phase_randomized,20,1906
MODULATION_DATASET,FFT-derived POW,Band,Theta,ALL_CHANNELS_MEDIAN,BandMedian.Theta,78,780,790,80,0.4741446071,0.5531687083,0.5650223235,0.1387222787,0.8571428571,-0.6551054178,phase_randomized,20,1906
MODULATION_DATASET,FFT-derived POW,Band,Theta,ALL_CHANNELS_MEDIAN,BandMedian.Theta,79,790,800,80,0.6321928095,0.6717048601,0.6796072702,0.08656656561,0.9411764706,-0.5477225575,phase_randomized,20,1906
MODULATION_DATASET,FFT-derived POW,Band,Theta,ALL_CHANNELS_MEDIAN,BandMedian.Theta,80,800,810,80,0.5531687083,0.7902410119,0.798143422,0.1022342286,0.7,-2.39621032,phase_randomized,20,1906
MODULATION_DATASET,FFT-derived POW,Band,Theta,ALL_CHANNELS_MEDIAN,BandMedian.Theta,81,810,820,80,0.6321928095,0.7507289613,0.7428265511,0.115801143,0.8421052632,-0.9553769403,phase_randomized,20,1906
MODULATION_DATASET,FFT-derived POW,Band,Theta,ALL_CHANNELS_MEDIAN,BandMedian.Theta,82,820,830,80,0.5531687083,0.5531687083,0.5768759387,0.120529651,1,-0.1966921015,phase_randomized,20,1906
MODULATION_DATASET,FFT-derived POW,Band,Theta,ALL_CHANNELS_MEDIAN,BandMedian.Theta,83,830,840,80,0.7112169107,0.6321928095,0.6163879893,0.1105743091,1.125,0.8576035628,phase_randomized,20,1906
MODULATION_DATASET,FFT-derived POW,Band,Theta,ALL_CHANNELS_MEDIAN,BandMedian.Theta,84,840,850,80,0.869265113,0.7112169107,0.7270217309,0.113507824,1.222222222,1.253159273,phase_randomized,20,1906
MODULATION_DATASET,FFT-derived POW,Band,Theta,ALL_CHANNELS_MEDIAN,BandMedian.Theta,85,850,860,80,0.7902410119,0.7112169107,0.7388753461,0.07808268187,1.111111111,0.6578368537,phase_randomized,20,1906
MODULATION_DATASET,FFT-derived POW,Band,Theta,ALL_CHANNELS_MEDIAN,BandMedian.Theta,86,860,870,80,0.4741446071,0.7112169107,0.7428265511,0.1129272175,0.6666666667,-2.379248777,phase_randomized,20,1906
MODULATION_DATASET,FFT-derived POW,Band,Theta,ALL_CHANNELS_MEDIAN,BandMedian.Theta,87,870,880,80,0.5531687083,0.7112169107,0.7112169107,0.07691641199,0.7777777778,-2.054804668,phase_randomized,20,1906
MODULATION_DATASET,FFT-derived POW,Band,Theta,ALL_CHANNELS_MEDIAN,BandMedian.Theta,88,880,890,80,0.7112169107,0.6321928095,0.6598512449,0.06422507607,1.125,0.799775865,phase_randomized,20,1906
MODULATION_DATASET,FFT-derived POW,Band,Theta,ALL_CHANNELS_MEDIAN,BandMedian.Theta,89,890,900,80,0.7112169107,0.7112169107,0.6598512449,0.08218426539,1,0.6250060827,phase_randomized,20,1906
MODULATION_DATASET,FFT-derived POW,Band,Theta,ALL_CHANNELS_MEDIAN,BandMedian.Theta,90,900,910,80,0.4741446071,0.6321928095,0.6282416044,0.1391953313,0.75,-1.107055789,phase_randomized,20,1906
MODULATION_DATASET,FFT-derived POW,Band,Theta,ALL_CHANNELS_MEDIAN,BandMedian.Theta,91,910,920,80,0.6321928095,0.5531687083,0.5413150931,0.096869224,1.142857143,0.9381484914,phase_randomized,20,1906
MODULATION_DATASET,FFT-derived POW,Band,Theta,ALL_CHANNELS_MEDIAN,BandMedian.Theta,92,920,930,80,0.7112169107,0.7112169107,0.7112169107,0.09593162036,1,1.157306653e-15,phase_randomized,20,1906
MODULATION_DATASET,FFT-derived POW,Band,Theta,ALL_CHANNELS_MEDIAN,BandMedian.Theta,93,930,940,80,0.869265113,0.7112169107,0.730972936,0.07638040259,1.222222222,1.810571461,phase_randomized,20,1906
MODULATION_DATASET,FFT-derived POW,Band,Theta,ALL_CHANNELS_MEDIAN,BandMedian.Theta,94,940,950,80,0.5531687083,0.6321928095,0.6400952196,0.08464689095,0.875,-1.02693094,phase_randomized,20,1906
MODULATION_DATASET,FFT-derived POW,Band,Theta,ALL_CHANNELS_MEDIAN,BandMedian.Theta,95,950,960,80,0.7112169107,0.869265113,0.8297530625,0.1041453142,0.8181818182,-1.138180366,phase_randomized,20,1906
MODULATION_DATASET,FFT-derived POW,Band,Theta,ALL_CHANNELS_MEDIAN,BandMedian.Theta,96,960,970,80,0.6321928095,0.7902410119,0.7902410119,0.153832824,0.8,-1.027402334,phase_randomized,20,1906
MODULATION_DATASET,FFT-derived POW,Band,Theta,ALL_CHANNELS_MEDIAN,BandMedian.Theta,97,970,980,80,0.5531687083,0.7112169107,0.7230705259,0.09341465778,0.7777777778,-1.818791843,phase_randomized,20,1906
MODULATION_DATASET,FFT-derived POW,Band,Theta,ALL_CHANNELS_MEDIAN,BandMedian.Theta,98,980,990,80,0.5531687083,0.6321928095,0.6203391943,0.1338998658,0.875,-0.5016471494,phase_randomized,20,1906
MODULATION_DATASET,FFT-derived POW,Band,Theta,ALL_CHANNELS_MEDIAN,BandMedian.Theta,99,990,1000,80,0.6321928095,0.7112169107,0.7151681157,0.09055616861,0.8888888889,-0.9162855223,phase_randomized,20,1906
MODULATION_DATASET,FFT-derived POW,Band,Theta,ALL_CHANNELS_MEDIAN,BandMedian.Theta,100,1000,1010,80,0.5531687083,0.7112169107,0.734924141,0.1028752018,0.7777777778,-1.766756512,phase_randomized,20,1906
MODULATION_DATASET,FFT-derived POW,Band,Theta,ALL_CHANNELS_MEDIAN,BandMedian.Theta,101,1010,1020,80,0.7112169107,0.5926807589,0.5847783488,0.09729242053,1.2,1.299572579,phase_randomized,20,1906
MODULATION_DATASET,FFT-derived POW,Band,Theta,ALL_CHANNELS_MEDIAN,BandMedian.Theta,102,1020,1030,80,0.6321928095,0.6717048601,0.6914608854,0.09888405089,0.9411764706,-0.5993694165,phase_randomized,20,1906
MODULATION_DATASET,FFT-derived POW,Band,Theta,ALL_CHANNELS_MEDIAN,BandMedian.Theta,103,1030,1040,80,0.5531687083,0.7112169107,0.6875096803,0.1028752018,0.7777777778,-1.305863509,phase_randomized,20,1906
MODULATION_DATASET,FFT-derived POW,Band,Theta,ALL_CHANNELS_MEDIAN,BandMedian.Theta,104,1040,1050,80,0.3951205059,0.6717048601,0.667753655,0.1160138174,0.5882352941,-2.350005845,phase_randomized,20,1906
MODULATION_DATASET,FFT-derived POW,Band,Theta,ALL_CHANNELS_MEDIAN,BandMedian.Theta,105,1050,1060,80,0.5531687083,0.7507289613,0.7467777562,0.1319215504,0.7368421053,-1.467607433,phase_randomized,20,1906
MODULATION_DATASET,FFT-derived POW,Band,Theta,ALL_CHANNELS_MEDIAN,BandMedian.Theta,106,1060,1070,80,0.6321928095,0.7112169107,0.667753655,0.1188131058,0.8888888889,-0.2993006983,phase_randomized,20,1906
MODULATION_DATASET,FFT-derived POW,Band,Theta,ALL_CHANNELS_MEDIAN,BandMedian.Theta,107,1070,1080,80,0.5531687083,0.5531687083,0.5689735285,0.09100872599,1,-0.1736626908,phase_randomized,20,1906
MODULATION_DATASET,FFT-derived POW,Band,Theta,ALL_CHANNELS_MEDIAN,BandMedian.Theta,108,1080,1090,80,0.6321928095,0.7112169107,0.734924141,0.1177711701,0.8888888889,-0.872296093,phase_randomized,20,1906
MODULATION_DATASET,FFT-derived POW,Band,Theta,ALL_CHANNELS_MEDIAN,BandMedian.Theta,109,1090,1100,80,0.7112169107,0.7507289613,0.7546801663,0.09754545716,0.9473684211,-0.4455692445,phase_randomized,20,1906
MODULATION_DATASET,FFT-derived POW,Band,Theta,ALL_CHANNELS_MEDIAN,BandMedian.Theta,110,1100,1110,80,0.7112169107,0.7507289613,0.734924141,0.09627362366,0.9473684211,-0.2462484475,phase_randomized,20,1906
MODULATION_DATASET,FFT-derived POW,Band,Theta,ALL_CHANNELS_MEDIAN,BandMedian.Theta,111,1110,1120,80,0.4741446071,0.6321928095,0.5808271437,0.1363323965,0.75,-0.7825178704,phase_randomized,20,1906
MODULATION_DATASET,FFT-derived POW,Band,Theta,ALL_CHANNELS_MEDIAN,BandMedian.Theta,112,1120,1130,80,0.6321928095,0.6321928095,0.66380245,0.1186054509,1,-0.2665108579,phase_randomized,20,1906
MODULATION_DATASET,FFT-derived POW,Band,Theta,ALL_CHANNELS_MEDIAN,BandMedian.Theta,113,1130,1140,80,0.7112169107,0.6321928095,0.66380245,0.0902835453,1.125,0.5251727826,phase_randomized,20,1906
MODULATION_DATASET,FFT-derived POW,Band,Theta,ALL_CHANNELS_MEDIAN,BandMedian.Theta,114,1140,1150,80,0.6321928095,0.7112169107,0.7467777562,0.1268408409,0.8888888889,-0.9033758048,phase_randomized,20,1906
MODULATION_DATASET,FFT-derived POW,Band,Theta,ALL_CHANNELS_MEDIAN,BandMedian.Theta,115,1150,1160,80,0.7112169107,0.7112169107,0.7467777562,0.09754545716,1,-0.3645566546,phase_randomized,20,1906
MODULATION_DATASET,FFT-derived POW,Band,Theta,ALL_CHANNELS_MEDIAN,BandMedian.Theta,116,1160,1170,80,0.6321928095,0.6321928095,0.6479976297,0.1297232274,1,-0.1218349293,phase_randomized,20,1906
MODULATION_DATASET,FFT-derived POW,Band,Theta,ALL_CHANNELS_MEDIAN,BandMedian.Theta,117,1170,1180,80,0.7112169107,0.7902410119,0.802094627,0.08982733447,0.9,-1.011693344,phase_randomized,20,1906
MODULATION_DATASET,FFT-derived POW,Band,Theta,ALL_CHANNELS_MEDIAN,BandMedian.Theta,118,1180,1190,80,0.6321928095,0.5926807589,0.6163879893,0.1322326132,1.066666667,0.1195228609,phase_randomized,20,1906
MODULATION_DATASET,FFT-derived POW,Band,Theta,ALL_CHANNELS_MEDIAN,BandMedian.Theta,119,1190,1200,80,0.4741446071,0.7112169107,0.667753655,0.1391953313,0.6666666667,-1.390916247,phase_randomized,20,1906
MODULATION_DATASET,FFT-derived POW,Band,Theta,ALL_CHANNELS_MEDIAN,BandMedian.Theta,120,1200,1210,80,0.6321928095,0.7507289613,0.7270217309,0.1044604293,0.8421052632,-0.9077975466,phase_randomized,20,1906
MODULATION_DATASET,FFT-derived POW,Band,Theta,ALL_CHANNELS_MEDIAN,BandMedian.Theta,121,1210,1220,80,0.7902410119,0.7902410119,0.8139482422,0.1149465103,1,-0.2062457598,phase_randomized,20,1906
MODULATION_DATASET,FFT-derived POW,Band,Theta,ALL_CHANNELS_MEDIAN,BandMedian.Theta,122,1220,1230,80,0.4741446071,0.6321928095,0.6756560651,0.09055616861,0.75,-2.22526484,phase_randomized,20,1906
MODULATION_DATASET,FFT-derived POW,Band,Theta,ALL_CHANNELS_MEDIAN,BandMedian.Theta,123,1230,1240,80,0.6321928095,0.5926807589,0.6242903994,0.1143732074,1.066666667,0.0690931932,phase_randomized,20,1906
MODULATION_DATASET,FFT-derived POW,Band,Theta,ALL_CHANNELS_MEDIAN,BandMedian.Theta,124,1240,1250,80,0.5531687083,0.6321928095,0.6440464247,0.1034327951,0.875,-0.8786160742,phase_randomized,20,1906
MODULATION_DATASET,FFT-derived POW,Band,Theta,ALL_CHANNELS_MEDIAN,BandMedian.Theta,125,1250,1260,80,0.7112169107,0.6321928095,0.66380245,0.1129272175,1.125,0.4198674312,phase_randomized,20,1906
MODULATION_DATASET,FFT-derived POW,Band,Theta,ALL_CHANNELS_MEDIAN,BandMedian.Theta,126,1260,1270,80,0.9482892142,0.869265113,0.8337042675,0.1268408409,1.090909091,0.9033758048,phase_randomized,20,1906
MODULATION_DATASET,FFT-derived POW,Band,Theta,ALL_CHANNELS_MEDIAN,BandMedian.Theta,127,1270,1280,80,0.6321928095,0.7112169107,0.7467777562,0.1268408409,0.8888888889,-0.9033758048,phase_randomized,20,1906
MODULATION_DATASET,FFT-derived POW,Band,Theta,ALL_CHANNELS_MEDIAN,BandMedian.Theta,128,1280,1290,80,0.7112169107,0.6321928095,0.6479976297,0.1163674111,1.125,0.5432730723,phase_randomized,20,1906
MODULATION_DATASET,FFT-derived POW,Band,Theta,ALL_CHANNELS_MEDIAN,BandMedian.Theta,129,1290,1300,80,0.7112169107,0.7112169107,0.7546801663,0.1160138174,1,-0.374638613,phase_randomized,20,1906
MODULATION_DATASET,FFT-derived POW,Band,Theta,ALL_CHANNELS_MEDIAN,BandMedian.Theta,130,1300,1310,80,0.5531687083,0.7112169107,0.7546801663,0.1102021293,0.7777777778,-1.828562292,phase_randomized,20,1906
MODULATION_DATASET,FFT-derived POW,Band,Theta,ALL_CHANNELS_MEDIAN,BandMedian.Theta,131,1310,1320,80,0.5531687083,0.5531687083,0.5847783488,0.1069479308,1,-0.295561029,phase_randomized,20,1906
MODULATION_DATASET,FFT-derived POW,Band,Theta,ALL_CHANNELS_MEDIAN,BandMedian.Theta,132,1320,1330,80,0.7902410119,0.7112169107,0.7151681157,0.0700976342,1.111111111,1.070976175,phase_randomized,20,1906
MODULATION_DATASET,FFT-derived POW,Band,Theta,ALL_CHANNELS_MEDIAN,BandMedian.Theta,133,1330,1340,80,0.5531687083,0.6321928095,0.6282416044,0.113145294,0.875,-0.663508781,phase_randomized,20,1906
MODULATION_DATASET,FFT-derived POW,Band,Theta,ALL_CHANNELS_MEDIAN,BandMedian.Theta,134,1340,1350,80,0.7902410119,0.7112169107,0.7586313714,0.1099782168,1.111111111,0.2874172849,phase_randomized,20,1906
MODULATION_DATASET,FFT-derived POW,Band,Theta,ALL_CHANNELS_MEDIAN,BandMedian.Theta,135,1350,1360,80,0.7902410119,0.6321928095,0.6717048601,0.1188822435,1.25,0.9970887857,phase_randomized,20,1906
MODULATION_DATASET,FFT-derived POW,Band,Theta,ALL_CHANNELS_MEDIAN,BandMedian.Theta,136,1360,1370,80,0.869265113,0.6321928095,0.6598512449,0.1236922835,1.375,1.693022897,phase_randomized,20,1906
MODULATION_DATASET,FFT-derived POW,Band,Theta,ALL_CHANNELS_MEDIAN,BandMedian.Theta,137,1370,1380,80,0.7112169107,0.7112169107,0.730972936,0.1171415603,1,-0.1686508635,phase_randomized,20,1906
MODULATION_DATASET,FFT-derived POW,Band,Theta,ALL_CHANNELS_MEDIAN,BandMedian.Theta,138,1380,1390,80,0.6321928095,0.6321928095,0.66380245,0.1038292427,1,-0.3044387078,phase_randomized,20,1906
MODULATION_DATASET,FFT-derived POW,Band,Theta,ALL_CHANNELS_MEDIAN,BandMedian.Theta,139,1390,1400,80,0.6321928095,0.7902410119,0.7665337815,0.08918471882,0.8,-1.506322762,phase_randomized,20,1906
MODULATION_DATASET,FFT-derived POW,Band,Theta,ALL_CHANNELS_MEDIAN,BandMedian.Theta,140,1400,1410,80,0.6321928095,0.869265113,0.8455578827,0.133469615,0.7272727273,-1.598604096,phase_randomized,20,1906
MODULATION_DATASET,FFT-derived POW,Band,Theta,ALL_CHANNELS_MEDIAN,BandMedian.Theta,141,1410,1420,80,0.6321928095,0.6321928095,0.6045343741,0.07375335204,1,0.3750125879,phase_randomized,20,1906
MODULATION_DATASET,FFT-derived POW,Band,Theta,ALL_CHANNELS_MEDIAN,BandMedian.Theta,142,1420,1430,80,0.7902410119,0.869265113,0.8771675232,0.1114624704,0.9090909091,-0.7798724628,phase_randomized,20,1906
MODULATION_DATASET,FFT-derived POW,Band,Theta,ALL_CHANNELS_MEDIAN,BandMedian.Theta,143,1430,1440,80,0.5531687083,0.5926807589,0.6084855791,0.09279688756,0.9333333333,-0.5961069631,phase_randomized,20,1906
MODULATION_DATASET,FFT-derived POW,Band,Theta,ALL_CHANNELS_MEDIAN,BandMedian.Theta,144,1440,1450,80,0.4741446071,0.7112169107,0.6835584753,0.1034327951,0.6666666667,-2.024637041,phase_randomized,20,1906
MODULATION_DATASET,FFT-derived POW,Band,Theta,ALL_CHANNELS_MEDIAN,BandMedian.Theta,145,1450,1460,80,0.7112169107,0.7112169107,0.6717048601,0.1294696138,1,0.3051839689,phase_randomized,20,1906
MODULATION_DATASET,FFT-derived POW,Band,Theta,ALL_CHANNELS_MEDIAN,BandMedian.Theta,146,1460,1470,80,0.5531687083,0.7112169107,0.6954120904,0.08732261984,0.7777777778,-1.628940845,phase_randomized,20,1906
MODULATION_DATASET,FFT-derived POW,Band,Theta,ALL_CHANNELS_MEDIAN,BandMedian.Theta,147,1470,1480,80,0.7112169107,0.5926807589,0.6163879893,0.1012651619,1.2,0.9364417104,phase_randomized,20,1906
MODULATION_DATASET,FFT-derived POW,Band,Theta,ALL_CHANNELS_MEDIAN,BandMedian.Theta,148,1480,1490,80,0.7112169107,0.6321928095,0.6203391943,0.08982733447,1.125,1.011693344,phase_randomized,20,1906
MODULATION_DATASET,FFT-derived POW,Band,Theta,ALL_CHANNELS_MEDIAN,BandMedian.Theta,149,1490,1500,80,0.869265113,0.7902410119,0.798143422,0.08844458388,1.1,0.8041384554,phase_randomized,20,1906
MODULATION_DATASET,FFT-derived POW,Band,Theta,ALL_CHANNELS_MEDIAN,BandMedian.Theta,150,1500,1510,80,0.4741446071,0.6321928095,0.6163879893,0.09796573251,0.75,-1.451970791,phase_randomized,20,1906
MODULATION_DATASET,FFT-derived POW,Band,Theta,ALL_CHANNELS_MEDIAN,BandMedian.Theta,151,1510,1520,80,0.6321928095,0.869265113,0.865313908,0.08685085723,0.7272727273,-2.684154261,phase_randomized,20,1906
MODULATION_DATASET,FFT-derived POW,Band,Theta,ALL_CHANNELS_MEDIAN,BandMedian.Theta,152,1520,1530,80,0.7112169107,0.6321928095,0.6440464247,0.09341465778,1.125,0.7190572401,phase_randomized,20,1906
MODULATION_DATASET,FFT-derived POW,Band,Theta,ALL_CHANNELS_MEDIAN,BandMedian.Theta,153,1530,1540,80,0.5531687083,0.869265113,0.8455578827,0.1309839298,0.6363636364,-2.232252269,phase_randomized,20,1906
MODULATION_DATASET,FFT-derived POW,Band,Theta,ALL_CHANNELS_MEDIAN,BandMedian.Theta,154,1540,1550,80,0.5531687083,0.6717048601,0.6875096803,0.0729693154,0.8235294118,-1.841061154,phase_randomized,20,1906
MODULATION_DATASET,FFT-derived POW,Band,Theta,ALL_CHANNELS_MEDIAN,BandMedian.Theta,155,1550,1560,80,0.6321928095,0.7507289613,0.7507289613,0.09762965697,0.8421052632,-1.21414082,phase_randomized,20,1906
MODULATION_DATASET,FFT-derived POW,Band,Theta,ALL_CHANNELS_MEDIAN,BandMedian.Theta,156,1560,1570,80,0.6321928095,0.6321928095,0.6796072702,0.08656656561,1,-0.5477225575,phase_randomized,20,1906
MODULATION_DATASET,FFT-derived POW,Band,Theta,ALL_CHANNELS_MEDIAN,BandMedian.Theta,157,1570,1580,80,0.5531687083,0.6321928095,0.6559000398,0.08148139377,0.875,-1.260794972,phase_randomized,20,1906
MODULATION_DATASET,FFT-derived POW,Band,Theta,ALL_CHANNELS_MEDIAN,BandMedian.Theta,158,1580,1590,81,0.7826975312,0.626158025,0.6418119756,0.1152565914,1.25,1.222364413,phase_randomized,20,1906
MODULATION_DATASET,FFT-derived POW,Band,Theta,ALL_CHANNELS_MEDIAN,BandMedian.Theta,159,1590,1600,80,0.7902410119,0.5926807589,0.5887295538,0.09411571571,1.333333333,2.141103178,phase_randomized,20,1906
MODULATION_DATASET,FFT-derived POW,Band,Theta,ALL_CHANNELS_MEDIAN,BandMedian.Theta,160,1600,1610,80,0.5531687083,0.6321928095,0.6717048601,0.07474931637,0.875,-1.58578242,phase_randomized,20,1906
MODULATION_DATASET,FFT-derived POW,Band,Theta,ALL_CHANNELS_MEDIAN,BandMedian.Theta,161,1610,1620,80,0.6321928095,0.7112169107,0.7112169107,0.09593162036,0.8888888889,-0.823754471,phase_randomized,20,1906
MODULATION_DATASET,FFT-derived POW,Band,Theta,ALL_CHANNELS_MEDIAN,BandMedian.Theta,162,1620,1630,80,0.4741446071,0.7112169107,0.6914608854,0.1021538242,0.6666666667,-2.127343543,phase_randomized,20,1906
MODULATION_DATASET,FFT-derived POW,Band,Theta,ALL_CHANNELS_MEDIAN,BandMedian.Theta,163,1630,1640,80,0.6321928095,0.6717048601,0.6835584753,0.1125628176,0.9411764706,-0.4563288913,phase_randomized,20,1906
MODULATION_DATASET,FFT-derived POW,Band,Theta,ALL_CHANNELS_MEDIAN,BandMedian.Theta,164,1640,1650,80,0.7112169107,0.6321928095,0.6598512449,0.08218426539,1.125,0.6250060827,phase_randomized,20,1906
MODULATION_DATASET,FFT-derived POW,Band,Theta,ALL_CHANNELS_MEDIAN,BandMedian.Theta,165,1650,1660,80,0.7112169107,0.869265113,0.865313908,0.08685085723,0.8181818182,-1.774271461,phase_randomized,20,1906
MODULATION_DATASET,FFT-derived POW,Band,Theta,ALL_CHANNELS_MEDIAN,BandMedian.Theta,166,1660,1670,80,0.6321928095,0.7112169107,0.7270217309,0.09100872599,0.8888888889,-1.041976145,phase_randomized,20,1906
MODULATION_DATASET,FFT-derived POW,Band,Theta,ALL_CHANNELS_MEDIAN,BandMedian.Theta,167,1670,1680,80,0.869265113,0.7902410119,0.7902410119,0.105711497,1.1,0.7475450016,phase_randomized,20,1906
MODULATION_DATASET,FFT-derived POW,Band,Theta,ALL_CHANNELS_MEDIAN,BandMedian.Theta,168,1680,1690,80,0.6321928095,0.7112169107,0.6954120904,0.1271643325,0.8888888889,-0.4971463281,phase_randomized,20,1906
MODULATION_DATASET,FFT-derived POW,Band,Theta,ALL_CHANNELS_MEDIAN,BandMedian.Theta,169,1690,1700,80,0.6321928095,0.7112169107,0.6835584753,0.08609066005,0.8888888889,-0.5966462069,phase_randomized,20,1906
MODULATION_DATASET,FFT-derived POW,Band,Theta,ALL_CHANNELS_MEDIAN,BandMedian.Theta,170,1700,1710,80,0.4741446071,0.5531687083,0.6045343741,0.1182585492,0.8571428571,-1.102582163,phase_randomized,20,1906
MODULATION_DATASET,FFT-derived POW,Band,Theta,ALL_CHANNELS_MEDIAN,BandMedian.Theta,171,1710,1720,80,0.7112169107,0.7112169107,0.6875096803,0.08148139377,1,0.2909526858,phase_randomized,20,1906
MODULATION_DATASET,FFT-derived POW,Band,Theta,ALL_CHANNELS_MEDIAN,BandMedian.Theta,172,1720,1730,80,0.7112169107,0.6321928095,0.6756560651,0.09411571571,1.125,0.3778417373,phase_randomized,20,1906
MODULATION_DATASET,FFT-derived POW,Band,Theta,ALL_CHANNELS_MEDIAN,BandMedian.Theta,173,1730,1740,80,0.6321928095,0.7112169107,0.6993632955,0.08218426539,0.8888888889,-0.8173156466,phase_randomized,20,1906
MODULATION_DATASET,FFT-derived POW,Band,Theta,ALL_CHANNELS_MEDIAN,BandMedian.Theta,174,1740,1750,80,0.5531687083,0.6321928095,0.6559000398,0.1232263975,0.875,-0.8336795817,phase_randomized,20,1906
MODULATION_DATASET,FFT-derived POW,Band,Theta,ALL_CHANNELS_MEDIAN,BandMedian.Theta,175,1750,1760,80,0.7112169107,0.7902410119,0.8218506523,0.07860708455,0.9,-1.407427108,phase_randomized,20,1906
MODULATION_DATASET,FFT-derived POW,Band,Theta,ALL_CHANNELS_MEDIAN,BandMedian.Theta,176,1760,1770,80,0.5531687083,0.5136566577,0.4859982223,0.1210059202,1.076923077,0.555100824,phase_randomized,20,1906
MODULATION_DATASET,FFT-derived POW,Band,Theta,ALL_CHANNELS_MEDIAN,BandMedian.Theta,177,1770,1780,80,0.7902410119,0.7112169107,0.7428265511,0.1006139323,1.111111111,0.4712514425,phase_randomized,20,1906
MODULATION_DATASET,FFT-derived POW,Band,Theta,ALL_CHANNELS_MEDIAN,BandMedian.Theta,178,1780,1790,80,0.7112169107,0.6321928095,0.6242903994,0.1054001222,1.125,0.8247287523,phase_randomized,20,1906
MODULATION_DATASET,FFT-derived POW,Band,Theta,ALL_CHANNELS_MEDIAN,BandMedian.Theta,179,1790,1800,80,0.5531687083,0.6321928095,0.6282416044,0.08298025748,0.875,-0.9047079197,phase_randomized,20,1906
MODULATION_DATASET,FFT-derived POW,Band,Theta,ALL_CHANNELS_MEDIAN,BandMedian.Theta,180,1800,1810,80,0.5531687083,0.6321928095,0.6400952196,0.08844458388,0.875,-0.9828358899,phase_randomized,20,1906
BASELINE_EC,FFT-derived POW,Band,Alpha,ALL_CHANNELS_MEDIAN,BandMedian.Alpha,0,0,10,81,0.2348092594,0.4696185187,0.5087533953,0.08611545122,0.5,-3.181126407,phase_randomized,20,1906
BASELINE_EC,FFT-derived POW,Band,Alpha,ALL_CHANNELS_MEDIAN,BandMedian.Alpha,1,10,20,80,0.4741446071,0.5531687083,0.5887295538,0.1160138174,0.8571428571,-0.9876836161,phase_randomized,20,1906
BASELINE_EC,FFT-derived POW,Band,Alpha,ALL_CHANNELS_MEDIAN,BandMedian.Alpha,2,20,30,80,0.4741446071,0.7112169107,0.730972936,0.09199651613,0.6666666667,-2.791717987,phase_randomized,20,1906
BASELINE_EC,FFT-derived POW,Band,Alpha,ALL_CHANNELS_MEDIAN,BandMedian.Alpha,3,30,40,80,0.6321928095,0.6717048601,0.6479976297,0.1105743091,0.9411764706,-0.1429339271,phase_randomized,20,1906
BASELINE_EC,FFT-derived POW,Band,Alpha,ALL_CHANNELS_MEDIAN,BandMedian.Alpha,4,40,50,80,0.5531687083,0.4741446071,0.5215590678,0.08656656561,1.166666667,0.3651483717,phase_randomized,20,1906
BASELINE_EC,FFT-derived POW,Band,Alpha,ALL_CHANNELS_MEDIAN,BandMedian.Alpha,5,50,60,80,0.5531687083,0.6321928095,0.6361440145,0.08685085723,0.875,-0.9553769403,phase_randomized,20,1906
BASELINE_EC,FFT-derived POW,Band,Alpha,ALL_CHANNELS_MEDIAN,BandMedian.Alpha,6,60,70,80,0.7112169107,0.5531687083,0.5926807589,0.1009400723,1.285714286,1.174322042,phase_randomized,20,1906
BASELINE_EC,FFT-derived POW,Band,Alpha,ALL_CHANNELS_MEDIAN,BandMedian.Alpha,7,70,80,80,0.4741446071,0.5531687083,0.5452662982,0.07648790497,0.8571428571,-0.9298423208,phase_randomized,20,1906
BASELINE_EC,FFT-derived POW,Band,Alpha,ALL_CHANNELS_MEDIAN,BandMedian.Alpha,8,80,90,80,0.6321928095,0.6321928095,0.6203391943,0.08218426539,1,0.1442321729,phase_randomized,20,1906
BASELINE_EC,FFT-derived POW,Band,Alpha,ALL_CHANNELS_MEDIAN,BandMedian.Alpha,9,90,100,80,0.6321928095,0.6321928095,0.6163879893,0.09796573251,1,0.1613300879,phase_randomized,20,1906
BASELINE_EC,FFT-derived POW,Band,Alpha,ALL_CHANNELS_MEDIAN,BandMedian.Alpha,10,100,110,80,0.6321928095,0.6321928095,0.6400952196,0.08844458388,1,-0.08934871727,phase_randomized,20,1906
BASELINE_EC,FFT-derived POW,Band,Alpha,ALL_CHANNELS_MEDIAN,BandMedian.Alpha,11,110,120,80,0.4741446071,0.5926807589,0.5887295538,0.09411571571,0.8,-1.217490043,phase_randomized,20,1906
BASELINE_EC,FFT-derived POW,Band,Alpha,ALL_CHANNELS_MEDIAN,BandMedian.Alpha,12,120,130,80,0.6321928095,0.6321928095,0.6203391943,0.1034327951,1,0.1146020966,phase_randomized,20,1906
BASELINE_EC,FFT-derived POW,Band,Alpha,ALL_CHANNELS_MEDIAN,BandMedian.Alpha,13,130,140,80,0.6321928095,0.6321928095,0.5926807589,0.1009400723,1,0.3914406806,phase_randomized,20,1906
BASELINE_EC,FFT-derived POW,Band,Alpha,ALL_CHANNELS_MEDIAN,BandMedian.Alpha,14,140,150,80,0.5531687083,0.5531687083,0.5531687083,0.08881542233,1,0,phase_randomized,20,1906
BASELINE_EC,FFT-derived POW,Band,Alpha,ALL_CHANNELS_MEDIAN,BandMedian.Alpha,15,150,160,80,0.6321928095,0.6321928095,0.6084855791,0.1149465103,1,0.2062457598,phase_randomized,20,1906
BASELINE_EC,FFT-derived POW,Band,Alpha,ALL_CHANNELS_MEDIAN,BandMedian.Alpha,16,160,170,80,0.5531687083,0.7507289613,0.7270217309,0.1297232274,0.7368421053,-1.340184222,phase_randomized,20,1906
BASELINE_EC,FFT-derived POW,Band,Alpha,ALL_CHANNELS_MEDIAN,BandMedian.Alpha,17,170,180,80,0.7112169107,0.6321928095,0.6203391943,0.096869224,1.125,0.9381484914,phase_randomized,20,1906
BASELINE_EC,FFT-derived POW,Band,Alpha,ALL_CHANNELS_MEDIAN,BandMedian.Alpha,18,180,190,80,0.6321928095,0.6321928095,0.6717048601,0.1188822435,1,-0.3323629286,phase_randomized,20,1906
BASELINE_EC,FFT-derived POW,Band,Alpha,ALL_CHANNELS_MEDIAN,BandMedian.Alpha,19,190,200,80,0.6321928095,0.7902410119,0.8178994473,0.08218426539,0.8,-2.259637376,phase_randomized,20,1906
BASELINE_EC,FFT-derived POW,Band,Alpha,ALL_CHANNELS_MEDIAN,BandMedian.Alpha,20,200,210,80,0.3951205059,0.5926807589,0.6124367842,0.08056869224,0.6666666667,-2.697279455,phase_randomized,20,1906
BASELINE_EC,FFT-derived POW,Band,Alpha,ALL_CHANNELS_MEDIAN,BandMedian.Alpha,21,210,220,80,0.6321928095,0.6321928095,0.6519488348,0.09888405089,1,-0.1997898055,phase_randomized,20,1906
BASELINE_EC,FFT-derived POW,Band,Alpha,ALL_CHANNELS_MEDIAN,BandMedian.Alpha,22,220,230,80,0.7902410119,0.5531687083,0.5729247336,0.09888405089,1.428571429,2.197687861,phase_randomized,20,1906
BASELINE_EC,FFT-derived POW,Band,Alpha,ALL_CHANNELS_MEDIAN,BandMedian.Alpha,23,230,240,80,0.7902410119,0.7112169107,0.7230705259,0.09341465778,1.111111111,0.7190572401,phase_randomized,20,1906
BASELINE_EC,FFT-derived POW,Band,Alpha,ALL_CHANNELS_MEDIAN,BandMedian.Alpha,24,240,250,80,0.7112169107,0.7112169107,0.7625825764,0.1034327951,1,-0.4966090854,phase_randomized,20,1906
BASELINE_EC,FFT-derived POW,Band,Alpha,ALL_CHANNELS_MEDIAN,BandMedian.Alpha,25,250,260,80,0.7112169107,0.7902410119,0.7586313714,0.07860708455,0.9,-0.6031830462,phase_randomized,20,1906
BASELINE_EC,FFT-derived POW,Band,Alpha,ALL_CHANNELS_MEDIAN,BandMedian.Alpha,26,260,270,80,0.7112169107,0.6717048601,0.6875096803,0.1258653777,1.058823529,0.1883538649,phase_randomized,20,1906
BASELINE_EC,FFT-derived POW,Band,Alpha,ALL_CHANNELS_MEDIAN,BandMedian.Alpha,27,270,280,80,0.7902410119,0.6321928095,0.6440464247,0.07808268187,1.25,1.872304891,phase_randomized,20,1906
BASELINE_EC,FFT-derived POW,Band,Alpha,ALL_CHANNELS_MEDIAN,BandMedian.Alpha,28,280,290,80,0.6321928095,0.6321928095,0.6124367842,0.07638040259,1,0.2586530658,phase_randomized,20,1906
BASELINE_EC,FFT-derived POW,Band,Alpha,ALL_CHANNELS_MEDIAN,BandMedian.Alpha,29,290,300,80,0.5531687083,0.4741446071,0.5176078628,0.07463930996,1.166666667,0.4764358828,phase_randomized,20,1906
BASELINE_EC,FFT-derived POW,Band,Alpha,ALL_CHANNELS_MEDIAN,BandMedian.Alpha,30,300,310,80,0.6321928095,0.6321928095,0.6203391943,0.1034327951,1,0.1146020966,phase_randomized,20,1906
BASELINE_EC,FFT-derived POW,Band,Alpha,ALL_CHANNELS_MEDIAN,BandMedian.Alpha,31,310,320,80,0.5531687083,0.5531687083,0.596631964,0.08685085723,1,-0.5004355402,phase_randomized,20,1906
BASELINE_EC,FFT-derived POW,Band,Alpha,ALL_CHANNELS_MEDIAN,BandMedian.Alpha,32,320,330,80,0.7902410119,0.7112169107,0.7270217309,0.113507824,1.111111111,0.5569596768,phase_randomized,20,1906
BASELINE_EC,FFT-derived POW,Band,Alpha,ALL_CHANNELS_MEDIAN,BandMedian.Alpha,33,330,340,80,0.5531687083,0.5531687083,0.5689735285,0.1218854828,1,-0.1296694231,phase_randomized,20,1906
BASELINE_EC,FFT-derived POW,Band,Alpha,ALL_CHANNELS_MEDIAN,BandMedian.Alpha,34,340,350,80,0.5531687083,0.5531687083,0.5887295538,0.1071781742,1,-0.3317918578,phase_randomized,20,1906
BASELINE_EC,FFT-derived POW,Band,Alpha,ALL_CHANNELS_MEDIAN,BandMedian.Alpha,35,350,360,80,0.6321928095,0.6321928095,0.6084855791,0.09279688756,1,0.2554744128,phase_randomized,20,1906
BASELINE_EC,FFT-derived POW,Band,Alpha,ALL_CHANNELS_MEDIAN,BandMedian.Alpha,36,360,370,80,0.5531687083,0.6321928095,0.6598512449,0.1002047645,0.875,-1.06464535,phase_randomized,20,1906
BASELINE_EC,FFT-derived POW,Band,Alpha,ALL_CHANNELS_MEDIAN,BandMedian.Alpha,37,370,380,80,0.6321928095,0.7507289613,0.7191193208,0.09896711185,0.8421052632,-0.8783373555,phase_randomized,20,1906
BASELINE_EC,FFT-derived POW,Band,Alpha,ALL_CHANNELS_MEDIAN,BandMedian.Alpha,38,380,390,80,0.4741446071,0.6321928095,0.6321928095,0.11749176,0.75,-1.345185418,phase_randomized,20,1906
BASELINE_EC,FFT-derived POW,Band,Alpha,ALL_CHANNELS_MEDIAN,BandMedian.Alpha,39,390,400,80,0.4741446071,0.5531687083,0.5097054527,0.06524055526,0.8571428571,-0.5450726989,phase_randomized,20,1906
BASELINE_EC,FFT-derived POW,Band,Alpha,ALL_CHANNELS_MEDIAN,BandMedian.Alpha,40,400,410,80,0.6321928095,0.7507289613,0.7467777562,0.1071781742,0.8421052632,-1.069107097,phase_randomized,20,1906
BASELINE_EC,FFT-derived POW,Band,Alpha,ALL_CHANNELS_MEDIAN,BandMedian.Alpha,41,410,420,80,0.3951205059,0.6717048601,0.6756560651,0.1319215504,0.5882352941,-2.126533219,phase_randomized,20,1906
BASELINE_EC,FFT-derived POW,Band,Alpha,ALL_CHANNELS_MEDIAN,BandMedian.Alpha,42,420,430,80,0.4741446071,0.6321928095,0.6321928095,0.08107701711,0.75,-1.949358869,phase_randomized,20,1906
BASELINE_EC,FFT-derived POW,Band,Alpha,ALL_CHANNELS_MEDIAN,BandMedian.Alpha,43,430,440,80,0.5531687083,0.6321928095,0.6084855791,0.1028752018,0.875,-0.5377085035,phase_randomized,20,1906
BASELINE_EC,FFT-derived POW,Band,Alpha,ALL_CHANNELS_MEDIAN,BandMedian.Alpha,44,440,450,80,0.7112169107,0.7112169107,0.734924141,0.1177711701,1,-0.2012990984,phase_randomized,20,1906
BASELINE_EC,FFT-derived POW,Band,Alpha,ALL_CHANNELS_MEDIAN,BandMedian.Alpha,45,450,460,80,0.3951205059,0.5531687083,0.5413150931,0.1065630863,0.7142857143,-1.371906466,phase_randomized,20,1906
BASELINE_EC,FFT-derived POW,Band,Alpha,ALL_CHANNELS_MEDIAN,BandMedian.Alpha,46,460,470,80,0.5531687083,0.7902410119,0.7665337815,0.1429808771,0.7,-1.492263004,phase_randomized,20,1906
BASELINE_EC,FFT-derived POW,Band,Alpha,ALL_CHANNELS_MEDIAN,BandMedian.Alpha,47,470,480,80,0.3951205059,0.5531687083,0.5492175032,0.1040663863,0.7142857143,-1.480756686,phase_randomized,20,1906
BASELINE_EC,FFT-derived POW,Band,Alpha,ALL_CHANNELS_MEDIAN,BandMedian.Alpha,48,480,490,80,0.5531687083,0.869265113,0.8337042675,0.1008586361,0.6363636364,-2.781472861,phase_randomized,20,1906
BASELINE_EC,FFT-derived POW,Band,Alpha,ALL_CHANNELS_MEDIAN,BandMedian.Alpha,49,490,500,80,0.6321928095,0.869265113,0.8416066776,0.1263215313,0.7272727273,-1.657784433,phase_randomized,20,1906
BASELINE_EC,FFT-derived POW,Band,Alpha,ALL_CHANNELS_MEDIAN,BandMedian.Alpha,50,500,510,80,0.7902410119,0.7112169107,0.667753655,0.1188131058,1.111111111,1.030924628,phase_randomized,20,1906
BASELINE_EC,FFT-derived POW,Band,Alpha,ALL_CHANNELS_MEDIAN,BandMedian.Alpha,51,510,520,80,0.6321928095,0.6321928095,0.667753655,0.07892005361,1,-0.4505932765,phase_randomized,20,1906
BASELINE_EC,FFT-derived POW,Band,Alpha,ALL_CHANNELS_MEDIAN,BandMedian.Alpha,52,520,530,80,0.7112169107,0.6717048601,0.6914608854,0.1199145254,1.058823529,0.1647508942,phase_randomized,20,1906
BASELINE_EC,FFT-derived POW,Band,Alpha,ALL_CHANNELS_MEDIAN,BandMedian.Alpha,53,530,540,80,0.6321928095,0.7112169107,0.7112169107,0.105711497,0.8888888889,-0.7475450016,phase_randomized,20,1906
BASELINE_EC,FFT-derived POW,Band,Alpha,ALL_CHANNELS_MEDIAN,BandMedian.Alpha,54,540,550,80,0.4741446071,0.6717048601,0.667753655,0.1215479427,0.7058823529,-1.592861579,phase_randomized,20,1906
BASELINE_EC,FFT-derived POW,Band,Alpha,ALL_CHANNELS_MEDIAN,BandMedian.Alpha,55,550,560,80,0.9482892142,0.6321928095,0.6598512449,0.1034327951,1.5,2.788651018,phase_randomized,20,1906
BASELINE_EC,FFT-derived POW,Band,Alpha,ALL_CHANNELS_MEDIAN,BandMedian.Alpha,56,560,570,80,0.5531687083,0.7902410119,0.7823386017,0.108473656,0.7,-2.112677879,phase_randomized,20,1906
BASELINE_EC,FFT-derived POW,Band,Alpha,ALL_CHANNELS_MEDIAN,BandMedian.Alpha,57,570,580,80,0.6321928095,0.7112169107,0.7033145006,0.09558839343,0.8888888889,-0.7440410757,phase_randomized,20,1906
BASELINE_EC,FFT-derived POW,Band,Alpha,ALL_CHANNELS_MEDIAN,BandMedian.Alpha,58,580,590,80,0.4741446071,0.6321928095,0.6479976297,0.1191583931,0.75,-1.459007781,phase_randomized,20,1906
BASELINE_EC,FFT-derived POW,Band,Alpha,ALL_CHANNELS_MEDIAN,BandMedian.Alpha,59,590,600,80,0.3160964047,0.4741446071,0.5255102729,0.1002047645,0.6666666667,-2.089859391,phase_randomized,20,1906
BASELINE_EC,FFT-derived POW,Band,Alpha,ALL_CHANNELS_MEDIAN,BandMedian.Alpha,60,600,610,80,0.3951205059,0.6321928095,0.6242903994,0.1401952684,0.625,-1.634647845,phase_randomized,20,1906
BASELINE_EC,FFT-derived POW,Band,Alpha,ALL_CHANNELS_MEDIAN,BandMedian.Alpha,61,610,620,80,0.7112169107,0.6321928095,0.6479976297,0.07943892871,1.125,0.7958224258,phase_randomized,20,1906
BASELINE_EC,FFT-derived POW,Band,Alpha,ALL_CHANNELS_MEDIAN,BandMedian.Alpha,62,620,630,80,0.5531687083,0.6321928095,0.6519488348,0.1171415603,0.875,-0.8432543177,phase_randomized,20,1906
BASELINE_EC,FFT-derived POW,Band,Alpha,ALL_CHANNELS_MEDIAN,BandMedian.Alpha,63,630,640,80,0.2370723036,0.4741446071,0.4583397869,0.09796573251,0.5,-2.258621231,phase_randomized,20,1906
BASELINE_EC,FFT-derived POW,Band,Alpha,ALL_CHANNELS_MEDIAN,BandMedian.Alpha,64,640,650,80,0.5531687083,0.7112169107,0.734924141,0.1177711701,0.7777777778,-1.543293088,phase_randomized,20,1906
BASELINE_EC,FFT-derived POW,Band,Alpha,ALL_CHANNELS_MEDIAN,BandMedian.Alpha,65,650,660,80,0.6321928095,0.6321928095,0.6242903994,0.1226917902,1,0.06440862998,phase_randomized,20,1906
BASELINE_EC,FFT-derived POW,Band,Alpha,ALL_CHANNELS_MEDIAN,BandMedian.Alpha,66,660,670,80,0.7902410119,0.6321928095,0.6519488348,0.1083978797,1.25,1.275783045,phase_randomized,20,1906
BASELINE_EC,FFT-derived POW,Band,Alpha,ALL_CHANNELS_MEDIAN,BandMedian.Alpha,67,670,680,80,0.5531687083,0.7112169107,0.7151681157,0.08298025748,0.7777777778,-1.952264458,phase_randomized,20,1906
BASELINE_EC,FFT-derived POW,Band,Alpha,ALL_CHANNELS_MEDIAN,BandMedian.Alpha,68,680,690,80,0.5531687083,0.5531687083,0.5650223235,0.1096040129,1,-0.1081494634,phase_randomized,20,1906
BASELINE_EC,FFT-derived POW,Band,Alpha,ALL_CHANNELS_MEDIAN,BandMedian.Alpha,69,690,700,80,0.7112169107,0.7112169107,0.7191193208,0.08067061346,1,-0.09795896894,phase_randomized,20,1906
BASELINE_EC,FFT-derived POW,Band,Alpha,ALL_CHANNELS_MEDIAN,BandMedian.Alpha,70,700,710,80,0.7112169107,0.7507289613,0.7704849866,0.1329143889,0.9473684211,-0.4459116609,phase_randomized,20,1906
BASELINE_EC,FFT-derived POW,Band,Alpha,ALL_CHANNELS_MEDIAN,BandMedian.Alpha,71,710,720,80,0.5531687083,0.7112169107,0.6479976297,0.1105743091,0.7777777778,-0.8576035628,phase_randomized,20,1906
BASELINE_EC,FFT-derived POW,Band,Alpha,ALL_CHANNELS_MEDIAN,BandMedian.Alpha,72,720,730,80,0.4741446071,0.5136566577,0.533412683,0.08835163106,0.9230769231,-0.6708203932,phase_randomized,20,1906
BASELINE_EC,FFT-derived POW,Band,Alpha,ALL_CHANNELS_MEDIAN,BandMedian.Alpha,73,730,740,80,0.4741446071,0.5531687083,0.5650223235,0.1154458149,0.8571428571,-0.7871893531,phase_randomized,20,1906
BASELINE_EC,FFT-derived POW,Band,Alpha,ALL_CHANNELS_MEDIAN,BandMedian.Alpha,74,740,750,80,0.7112169107,0.7112169107,0.6796072702,0.1006139323,1,0.3141676283,phase_randomized,20,1906
BASELINE_EC,FFT-derived POW,Band,Alpha,ALL_CHANNELS_MEDIAN,BandMedian.Alpha,75,750,760,80,0.6321928095,0.6321928095,0.6598512449,0.08609066005,1,-0.3212710345,phase_randomized,20,1906
BASELINE_EC,FFT-derived POW,Band,Alpha,ALL_CHANNELS_MEDIAN,BandMedian.Alpha,76,760,770,80,0.7902410119,0.7112169107,0.734924141,0.07734254496,1.111111111,0.7152191703,phase_randomized,20,1906
BASELINE_EC,FFT-derived POW,Band,Alpha,ALL_CHANNELS_MEDIAN,BandMedian.Alpha,77,770,780,80,0.5531687083,0.6321928095,0.6242903994,0.1199830285,0.875,-0.5927645933,phase_randomized,20,1906
BASELINE_EC,FFT-derived POW,Band,Alpha,ALL_CHANNELS_MEDIAN,BandMedian.Alpha,78,780,790,80,0.6321928095,0.7112169107,0.7191193208,0.09208578982,0.8888888889,-0.9439731306,phase_randomized,20,1906
BASELINE_EC,FFT-derived POW,Band,Alpha,ALL_CHANNELS_MEDIAN,BandMedian.Alpha,79,790,800,80,0.6321928095,0.5531687083,0.5689735285,0.08732261984,1.142857143,0.7239737088,phase_randomized,20,1906
BASELINE_EC,FFT-derived POW,Band,Alpha,ALL_CHANNELS_MEDIAN,BandMedian.Alpha,80,800,810,80,0.7112169107,0.6321928095,0.6440464247,0.07375335204,1.125,0.9107448563,phase_randomized,20,1906
BASELINE_EC,FFT-derived POW,Band,Alpha,ALL_CHANNELS_MEDIAN,BandMedian.Alpha,81,810,820,80,0.4741446071,0.5531687083,0.6084855791,0.08148139377,0.8571428571,-1.648731886,phase_randomized,20,1906
BASELINE_EC,FFT-derived POW,Band,Alpha,ALL_CHANNELS_MEDIAN,BandMedian.Alpha,82,820,830,80,0.6321928095,0.7112169107,0.7270217309,0.08347389811,0.8888888889,-1.136030826,phase_randomized,20,1906
BASELINE_EC,FFT-derived POW,Band,Alpha,ALL_CHANNELS_MEDIAN,BandMedian.Alpha,83,830,840,80,0.4741446071,0.7112169107,0.7033145006,0.07206282908,0.6666666667,-3.180140113,phase_randomized,20,1906
BASELINE_EC,FFT-derived POW,Band,Alpha,ALL_CHANNELS_MEDIAN,BandMedian.Alpha,84,840,850,80,0.7112169107,0.7902410119,0.7665337815,0.09279688756,0.9,-0.5961069631,phase_randomized,20,1906
BASELINE_EC,FFT-derived POW,Band,Alpha,ALL_CHANNELS_MEDIAN,BandMedian.Alpha,85,850,860,80,0.4741446071,0.7902410119,0.8060458321,0.1322326132,0.6,-2.50998008,phase_randomized,20,1906
BASELINE_EC,FFT-derived POW,Band,Alpha,ALL_CHANNELS_MEDIAN,BandMedian.Alpha,86,860,870,80,0.7112169107,0.7507289613,0.734924141,0.1090779707,0.9473684211,-0.2173420554,phase_randomized,20,1906
BASELINE_EC,FFT-derived POW,Band,Alpha,ALL_CHANNELS_MEDIAN,BandMedian.Alpha,87,870,880,80,0.4741446071,0.5531687083,0.5610711184,0.07648790497,0.8571428571,-1.136473948,phase_randomized,20,1906
BASELINE_EC,FFT-derived POW,Band,Alpha,ALL_CHANNELS_MEDIAN,BandMedian.Alpha,88,880,890,80,0.5531687083,0.6321928095,0.6519488348,0.09888405089,0.875,-0.9989490276,phase_randomized,20,1906
BASELINE_EC,FFT-derived POW,Band,Alpha,ALL_CHANNELS_MEDIAN,BandMedian.Alpha,89,890,900,80,0.6321928095,0.5531687083,0.5452662982,0.1054001222,1.142857143,0.8247287523,phase_randomized,20,1906
BASELINE_EC,FFT-derived POW,Band,Alpha,ALL_CHANNELS_MEDIAN,BandMedian.Alpha,90,900,910,80,0.7112169107,0.5531687083,0.5452662982,0.07206282908,1.285714286,2.302860082,phase_randomized,20,1906
BASELINE_EC,FFT-derived POW,Band,Alpha,ALL_CHANNELS_MEDIAN,BandMedian.Alpha,91,910,920,80,0.5531687083,0.6321928095,0.596631964,0.1160138174,0.875,-0.374638613,phase_randomized,20,1906
BASELINE_EC,FFT-derived POW,Band,Alpha,ALL_CHANNELS_MEDIAN,BandMedian.Alpha,92,920,930,80,0.4741446071,0.7112169107,0.7230705259,0.1096040129,0.6666666667,-2.271138731,phase_randomized,20,1906
BASELINE_EC,FFT-derived POW,Band,Alpha,ALL_CHANNELS_MEDIAN,BandMedian.Alpha,93,930,940,80,0.5531687083,0.6321928095,0.6796072702,0.0902835453,0.875,-1.400460754,phase_randomized,20,1906
BASELINE_EC,FFT-derived POW,Band,Alpha,ALL_CHANNELS_MEDIAN,BandMedian.Alpha,94,940,950,80,0.6321928095,0.6321928095,0.6400952196,0.1054001222,1,-0.07497534111,phase_randomized,20,1906
BASELINE_EC,FFT-derived POW,Band,Alpha,ALL_CHANNELS_MEDIAN,BandMedian.Alpha,95,950,960,80,0.3951205059,0.6321928095,0.6361440145,0.06524055526,0.625,-3.694381626,phase_randomized,20,1906
BASELINE_EC,FFT-derived POW,Band,Alpha,ALL_CHANNELS_MEDIAN,BandMedian.Alpha,96,960,970,80,0.5531687083,0.5531687083,0.5808271437,0.08982733447,1,-0.3079066698,phase_randomized,20,1906
BASELINE_EC,FFT-derived POW,Band,Alpha,ALL_CHANNELS_MEDIAN,BandMedian.Alpha,97,970,980,80,0.5531687083,0.5531687083,0.5610711184,0.09208578982,1,-0.08581573915,phase_randomized,20,1906
BASELINE_EC,FFT-derived POW,Band,Alpha,ALL_CHANNELS_MEDIAN,BandMedian.Alpha,98,980,990,80,0.6321928095,0.869265113,0.8574114979,0.1065630863,0.7272727273,-2.113477529,phase_randomized,20,1906
BASELINE_EC,FFT-derived POW,Band,Alpha,ALL_CHANNELS_MEDIAN,BandMedian.Alpha,99,990,1000,80,0.6321928095,0.7112169107,0.7507289613,0.09762965697,0.8888888889,-1.21414082,phase_randomized,20,1906
BASELINE_EC,FFT-derived POW,Band,Alpha,ALL_CHANNELS_MEDIAN,BandMedian.Alpha,100,1000,1010,80,0.7112169107,0.5531687083,0.5926807589,0.1009400723,1.285714286,1.174322042,phase_randomized,20,1906
BASELINE_EC,FFT-derived POW,Band,Alpha,ALL_CHANNELS_MEDIAN,BandMedian.Alpha,101,1010,1020,80,0.5531687083,0.6321928095,0.5926807589,0.09762965697,0.875,-0.4047136067,phase_randomized,20,1906
BASELINE_EC,FFT-derived POW,Band,Alpha,ALL_CHANNELS_MEDIAN,BandMedian.Alpha,102,1020,1030,80,0.5531687083,0.7112169107,0.6954120904,0.09100872599,0.7777777778,-1.562964217,phase_randomized,20,1906
BASELINE_EC,FFT-derived POW,Band,Alpha,ALL_CHANNELS_MEDIAN,BandMedian.Alpha,103,1030,1040,80,0.3951205059,0.5531687083,0.5571199134,0.1268408409,0.7142857143,-1.277186483,phase_randomized,20,1906
BASELINE_EC,FFT-derived POW,Band,Alpha,ALL_CHANNELS_MEDIAN,BandMedian.Alpha,104,1040,1050,80,0.3951205059,0.6321928095,0.6045343741,0.1314223185,0.625,-1.593442199,phase_randomized,20,1906
BASELINE_EC,FFT-derived POW,Band,Alpha,ALL_CHANNELS_MEDIAN,BandMedian.Alpha,105,1050,1060,80,0.6321928095,0.9482892142,0.9403868041,0.127937375,0.6666666667,-2.408944177,phase_randomized,20,1906
BASELINE_EC,FFT-derived POW,Band,Alpha,ALL_CHANNELS_MEDIAN,BandMedian.Alpha,106,1060,1070,80,0.7112169107,0.5531687083,0.5650223235,0.1210059202,1.285714286,1.208160617,phase_randomized,20,1906
BASELINE_EC,FFT-derived POW,Band,Alpha,ALL_CHANNELS_MEDIAN,BandMedian.Alpha,107,1070,1080,80,0.6321928095,0.6321928095,0.6914608854,0.1304181218,1,-0.4544466296,phase_randomized,20,1906
BASELINE_EC,FFT-derived POW,Band,Alpha,ALL_CHANNELS_MEDIAN,BandMedian.Alpha,108,1080,1090,80,0.7902410119,0.7112169107,0.6835584753,0.1125628176,1.111111111,0.9477600051,phase_randomized,20,1906
BASELINE_EC,FFT-derived POW,Band,Alpha,ALL_CHANNELS_MEDIAN,BandMedian.Alpha,109,1090,1100,80,0.4741446071,0.6321928095,0.6835584753,0.1338998658,0.75,-1.56395876,phase_randomized,20,1906
BASELINE_EC,FFT-derived POW,Band,Alpha,ALL_CHANNELS_MEDIAN,BandMedian.Alpha,110,1100,1110,80,0.7112169107,0.7902410119,0.8060458321,0.124552877,0.9,-0.7613547248,phase_randomized,20,1906
BASELINE_EC,FFT-derived POW,Band,Alpha,ALL_CHANNELS_MEDIAN,BandMedian.Alpha,111,1110,1120,80,0.3951205059,0.5926807589,0.6084855791,0.08541993796,0.6666666667,-2.497836902,phase_randomized,20,1906
BASELINE_EC,FFT-derived POW,Band,Alpha,ALL_CHANNELS_MEDIAN,BandMedian.Alpha,112,1120,1130,80,0.3951205059,0.6321928095,0.6440464247,0.1263215313,0.625,-1.970573949,phase_randomized,20,1906
BASELINE_EC,FFT-derived POW,Band,Alpha,ALL_CHANNELS_MEDIAN,BandMedian.Alpha,113,1130,1140,80,0.7112169107,0.5531687083,0.5215590678,0.08656656561,1.285714286,2.19089023,phase_randomized,20,1906
BASELINE_EC,FFT-derived POW,Band,Alpha,ALL_CHANNELS_MEDIAN,BandMedian.Alpha,114,1140,1150,80,0.7112169107,0.7902410119,0.798143422,0.09208578982,0.9,-0.9439731306,phase_randomized,20,1906
BASELINE_EC,FFT-derived POW,Band,Alpha,ALL_CHANNELS_MEDIAN,BandMedian.Alpha,115,1150,1160,80,0.7112169107,0.6717048601,0.667753655,0.1040663863,1.058823529,0.4176493218,phase_randomized,20,1906
BASELINE_EC,FFT-derived POW,Band,Alpha,ALL_CHANNELS_MEDIAN,BandMedian.Alpha,116,1160,1170,80,0.3951205059,0.5531687083,0.5413150931,0.08218426539,0.7142857143,-1.778863466,phase_randomized,20,1906
BASELINE_EC,FFT-derived POW,Band,Alpha,ALL_CHANNELS_MEDIAN,BandMedian.Alpha,117,1170,1180,80,0.5531687083,0.6321928095,0.6519488348,0.09550239395,0.875,-1.034320946,phase_randomized,20,1906
BASELINE_EC,FFT-derived POW,Band,Alpha,ALL_CHANNELS_MEDIAN,BandMedian.Alpha,118,1180,1190,80,0.5531687083,0.6321928095,0.6519488348,0.08056869224,0.875,-1.226036116,phase_randomized,20,1906
BASELINE_EC,FFT-derived POW,Band,Alpha,ALL_CHANNELS_MEDIAN,BandMedian.Alpha,119,1190,1200,80,0.7902410119,0.6321928095,0.6282416044,0.1160138174,1.25,1.396380285,phase_randomized,20,1906
BASELINE_EC,FFT-derived POW,Band,Alpha,ALL_CHANNELS_MEDIAN,BandMedian.Alpha,120,1200,1210,80,0.4741446071,0.5136566577,0.5413150931,0.1034327951,0.9230769231,-0.6494118809,phase_randomized,20,1906
BASELINE_EC,FFT-derived POW,Band,Alpha,ALL_CHANNELS_MEDIAN,BandMedian.Alpha,121,1210,1220,80,0.6321928095,0.7112169107,0.6914608854,0.1143013424,0.8888888889,-0.5185247579,phase_randomized,20,1906
BASELINE_EC,FFT-derived POW,Band,Alpha,ALL_CHANNELS_MEDIAN,BandMedian.Alpha,122,1220,1230,80,0.4741446071,0.6321928095,0.596631964,0.07463930996,0.75,-1.64105693,phase_randomized,20,1906
BASELINE_EC,FFT-derived POW,Band,Alpha,ALL_CHANNELS_MEDIAN,BandMedian.Alpha,123,1230,1240,80,0.5531687083,0.6321928095,0.6598512449,0.1210059202,0.875,-0.8816307205,phase_randomized,20,1906
BASELINE_EC,FFT-derived POW,Band,Alpha,ALL_CHANNELS_MEDIAN,BandMedian.Alpha,124,1240,1250,80,0.6321928095,0.7112169107,0.6796072702,0.1240239877,0.8888888889,-0.3823007274,phase_randomized,20,1906
BASELINE_EC,FFT-derived POW,Band,Alpha,ALL_CHANNELS_MEDIAN,BandMedian.Alpha,125,1250,1260,80,0.5531687083,0.7112169107,0.7191193208,0.08844458388,0.7777777778,-1.876323063,phase_randomized,20,1906
BASELINE_EC,FFT-derived POW,Band,Alpha,ALL_CHANNELS_MEDIAN,BandMedian.Alpha,126,1260,1270,80,0.3951205059,0.6321928095,0.6163879893,0.09455123731,0.625,-2.340186016,phase_randomized,20,1906
BASELINE_EC,FFT-derived POW,Band,Alpha,ALL_CHANNELS_MEDIAN,BandMedian.Alpha,127,1270,1280,80,0.4741446071,0.6321928095,0.6321928095,0.1356677986,0.75,-1.164964745,phase_randomized,20,1906
BASELINE_EC,FFT-derived POW,Band,Alpha,ALL_CHANNELS_MEDIAN,BandMedian.Alpha,128,1280,1290,80,0.5531687083,0.7902410119,0.7783873967,0.1236922835,0.7,-1.82079821,phase_randomized,20,1906
BASELINE_EC,FFT-derived POW,Band,Alpha,ALL_CHANNELS_MEDIAN,BandMedian.Alpha,129,1290,1300,80,0.6321928095,0.6321928095,0.6242903994,0.08067061346,1,0.09795896894,phase_randomized,20,1906
BASELINE_EC,FFT-derived POW,Band,Alpha,ALL_CHANNELS_MEDIAN,BandMedian.Alpha,130,1300,1310,80,0.3951205059,0.5531687083,0.5610711184,0.1143732074,0.7142857143,-1.450957057,phase_randomized,20,1906
BASELINE_EC,FFT-derived POW,Band,Alpha,ALL_CHANNELS_MEDIAN,BandMedian.Alpha,131,1310,1320,80,0.4741446071,0.7112169107,0.7191193208,0.1143732074,0.6666666667,-2.141888989,phase_randomized,20,1906
BASELINE_EC,FFT-derived POW,Band,Alpha,ALL_CHANNELS_MEDIAN,BandMedian.Alpha,132,1320,1330,80,0.4741446071,0.5531687083,0.5255102729,0.08982733447,0.8571428571,-0.5718266725,phase_randomized,20,1906
BASELINE_EC,FFT-derived POW,Band,Alpha,ALL_CHANNELS_MEDIAN,BandMedian.Alpha,133,1330,1340,80,0.6321928095,0.6321928095,0.6321928095,0.08503429293,1,0,phase_randomized,20,1906
BASELINE_EC,FFT-derived POW,Band,Alpha,ALL_CHANNELS_MEDIAN,BandMedian.Alpha,134,1340,1350,80,0.4741446071,0.7112169107,0.7033145006,0.1022342286,0.6666666667,-2.241616106,phase_randomized,20,1906
BASELINE_EC,FFT-derived POW,Band,Alpha,ALL_CHANNELS_MEDIAN,BandMedian.Alpha,135,1350,1360,80,0.3160964047,0.5531687083,0.5650223235,0.1363323965,0.5714285714,-1.825875031,phase_randomized,20,1906
BASELINE_EC,FFT-derived POW,Band,Alpha,ALL_CHANNELS_MEDIAN,BandMedian.Alpha,136,1360,1370,80,0.6321928095,0.6321928095,0.6282416044,0.07892005361,1,0.05006591961,phase_randomized,20,1906
BASELINE_EC,FFT-derived POW,Band,Alpha,ALL_CHANNELS_MEDIAN,BandMedian.Alpha,137,1370,1380,80,0.5531687083,0.7902410119,0.734924141,0.1090779707,0.7,-1.666289092,phase_randomized,20,1906
BASELINE_EC,FFT-derived POW,Band,Alpha,ALL_CHANNELS_MEDIAN,BandMedian.Alpha,138,1380,1390,80,0.7112169107,0.7112169107,0.6796072702,0.08268265847,1,0.3823007274,phase_randomized,20,1906
BASELINE_EC,FFT-derived POW,Band,Alpha,ALL_CHANNELS_MEDIAN,BandMedian.Alpha,139,1390,1400,80,0.5531687083,0.5531687083,0.5887295538,0.09411571571,1,-0.3778417373,phase_randomized,20,1906
BASELINE_EC,FFT-derived POW,Band,Alpha,ALL_CHANNELS_MEDIAN,BandMedian.Alpha,140,1400,1410,80,0.5531687083,0.6717048601,0.6519488348,0.1329143889,0.8235294118,-0.7431861015,phase_randomized,20,1906
BASELINE_EC,FFT-derived POW,Band,Alpha,ALL_CHANNELS_MEDIAN,BandMedian.Alpha,141,1410,1420,80,0.5531687083,0.5136566577,0.5255102729,0.05888558504,1.076923077,0.4696978963,phase_randomized,20,1906
BASELINE_EC,FFT-derived POW,Band,Alpha,ALL_CHANNELS_MEDIAN,BandMedian.Alpha,142,1420,1430,80,0.6321928095,0.6321928095,0.6242903994,0.08464689095,1,0.0933573582,phase_randomized,20,1906
BASELINE_EC,FFT-derived POW,Band,Alpha,ALL_CHANNELS_MEDIAN,BandMedian.Alpha,143,1430,1440,80,0.6321928095,0.6321928095,0.5847783488,0.09385343266,1,0.5051968731,phase_randomized,20,1906
BASELINE_EC,FFT-derived POW,Band,Alpha,ALL_CHANNELS_MEDIAN,BandMedian.Alpha,144,1440,1450,80,0.6321928095,0.6321928095,0.6321928095,0.1229593844,1,9.029184961e-16,phase_randomized,20,1906
BASELINE_EC,FFT-derived POW,Band,Alpha,ALL_CHANNELS_MEDIAN,BandMedian.Alpha,145,1450,1460,80,0.5531687083,0.6321928095,0.6282416044,0.08298025748,0.875,-0.9047079197,phase_randomized,20,1906
BASELINE_EC,FFT-derived POW,Band,Alpha,ALL_CHANNELS_MEDIAN,BandMedian.Alpha,146,1460,1470,80,0.6321928095,0.6321928095,0.6519488348,0.0845497631,1,-0.2336615098,phase_randomized,20,1906
BASELINE_EC,FFT-derived POW,Band,Alpha,ALL_CHANNELS_MEDIAN,BandMedian.Alpha,147,1470,1480,80,0.6321928095,0.6717048601,0.6717048601,0.09762965697,0.9411764706,-0.4047136067,phase_randomized,20,1906
BASELINE_EC,FFT-derived POW,Band,Alpha,ALL_CHANNELS_MEDIAN,BandMedian.Alpha,148,1480,1490,80,0.3951205059,0.5531687083,0.5413150931,0.1065630863,0.7142857143,-1.371906466,phase_randomized,20,1906
BASELINE_EC,FFT-derived POW,Band,Alpha,ALL_CHANNELS_MEDIAN,BandMedian.Alpha,149,1490,1500,80,0.6321928095,0.5531687083,0.5452662982,0.09896711185,1.142857143,0.8783373555,phase_randomized,20,1906
BASELINE_EC,FFT-derived POW,Band,Alpha,ALL_CHANNELS_MEDIAN,BandMedian.Alpha,150,1500,1510,80,0.6321928095,0.5531687083,0.5887295538,0.1040663863,1.142857143,0.4176493218,phase_randomized,20,1906
BASELINE_EC,FFT-derived POW,Band,Alpha,ALL_CHANNELS_MEDIAN,BandMedian.Alpha,151,1510,1520,80,0.5531687083,0.6321928095,0.6242903994,0.108473656,0.875,-0.6556586522,phase_randomized,20,1906
BASELINE_EC,FFT-derived POW,Band,Alpha,ALL_CHANNELS_MEDIAN,BandMedian.Alpha,152,1520,1530,80,0.7112169107,0.5531687083,0.600583169,0.09385343266,1.285714286,1.178792704,phase_randomized,20,1906
BASELINE_EC,FFT-derived POW,Band,Alpha,ALL_CHANNELS_MEDIAN,BandMedian.Alpha,153,1530,1540,80,0.3160964047,0.7507289613,0.7467777562,0.1188131058,0.4210526316,-3.624864013,phase_randomized,20,1906
BASELINE_EC,FFT-derived POW,Band,Alpha,ALL_CHANNELS_MEDIAN,BandMedian.Alpha,154,1540,1550,80,0.3951205059,0.5136566577,0.4899494274,0.09100872599,0.7692307692,-1.041976145,phase_randomized,20,1906
BASELINE_EC,FFT-derived POW,Band,Alpha,ALL_CHANNELS_MEDIAN,BandMedian.Alpha,155,1550,1560,80,0.7902410119,0.6321928095,0.6440464247,0.096869224,1.25,1.509195399,phase_randomized,20,1906
BASELINE_EC,FFT-derived POW,Band,Alpha,ALL_CHANNELS_MEDIAN,BandMedian.Alpha,156,1560,1570,80,0.7112169107,0.6321928095,0.6479976297,0.1012651619,1.125,0.6242944736,phase_randomized,20,1906
BASELINE_EC,FFT-derived POW,Band,Alpha,ALL_CHANNELS_MEDIAN,BandMedian.Alpha,157,1570,1580,80,0.7112169107,0.7507289613,0.7388753461,0.1263215313,0.9473684211,-0.218952661,phase_randomized,20,1906
BASELINE_EC,FFT-derived POW,Band,Alpha,ALL_CHANNELS_MEDIAN,BandMedian.Alpha,158,1580,1590,80,0.7112169107,0.6321928095,0.6084855791,0.1359098466,1.125,0.7558785042,phase_randomized,20,1906
BASELINE_EC,FFT-derived POW,Band,Alpha,ALL_CHANNELS_MEDIAN,BandMedian.Alpha,159,1590,1600,80,0.4741446071,0.5531687083,0.5847783488,0.1006139323,0.8571428571,-1.099586699,phase_randomized,20,1906
BASELINE_EC,FFT-derived POW,Band,Alpha,ALL_CHANNELS_MEDIAN,BandMedian.Alpha,160,1600,1610,81,0.7044277781,0.626158025,0.626158025,0.06220249235,1.125,1.258305739,phase_randomized,20,1906
BASELINE_EC,FFT-derived POW,Band,Alpha,ALL_CHANNELS_MEDIAN,BandMedian.Alpha,161,1610,1620,80,0.7112169107,0.7112169107,0.6954120904,0.08347389811,1,0.189338471,phase_randomized,20,1906
BASELINE_EC,FFT-derived POW,Band,Alpha,ALL_CHANNELS_MEDIAN,BandMedian.Alpha,162,1620,1630,80,0.6321928095,0.5136566577,0.5018030425,0.08609066005,1.230769231,1.514563448,phase_randomized,20,1906
BASELINE_EC,FFT-derived POW,Band,Alpha,ALL_CHANNELS_MEDIAN,BandMedian.Alpha,163,1630,1640,80,0.6321928095,0.6717048601,0.6835584753,0.1065630863,0.9411764706,-0.4820211908,phase_randomized,20,1906
BASELINE_EC,FFT-derived POW,Band,Alpha,ALL_CHANNELS_MEDIAN,BandMedian.Alpha,164,1640,1650,80,0.4741446071,0.6321928095,0.6440464247,0.1096040129,0.75,-1.550142308,phase_randomized,20,1906
BASELINE_EC,FFT-derived POW,Band,Alpha,ALL_CHANNELS_MEDIAN,BandMedian.Alpha,165,1650,1660,80,0.4741446071,0.5531687083,0.596631964,0.1188131058,0.8571428571,-1.030924628,phase_randomized,20,1906
BASELINE_EC,FFT-derived POW,Band,Alpha,ALL_CHANNELS_MEDIAN,BandMedian.Alpha,166,1660,1670,80,0.5531687083,0.6321928095,0.6519488348,0.06722551122,0.875,-1.469384534,phase_randomized,20,1906
BASELINE_EC,FFT-derived POW,Band,Alpha,ALL_CHANNELS_MEDIAN,BandMedian.Alpha,167,1670,1680,80,0.7112169107,0.7112169107,0.6875096803,0.08918471882,1,0.2658216639,phase_randomized,20,1906
BASELINE_EC,FFT-derived POW,Band,Alpha,ALL_CHANNELS_MEDIAN,BandMedian.Alpha,168,1680,1690,80,0.4741446071,0.6321928095,0.6282416044,0.09055616861,0.75,-1.701673113,phase_randomized,20,1906
BASELINE_EC,FFT-derived POW,Band,Alpha,ALL_CHANNELS_MEDIAN,BandMedian.Alpha,169,1690,1700,80,0.6321928095,0.6321928095,0.6400952196,0.09896711185,1,-0.0798488505,phase_randomized,20,1906
BASELINE_EC,FFT-derived POW,Band,Alpha,ALL_CHANNELS_MEDIAN,BandMedian.Alpha,170,1700,1710,80,0.7902410119,0.7112169107,0.7072657056,0.08298025748,1.111111111,0.9999403323,phase_randomized,20,1906
BASELINE_EC,FFT-derived POW,Band,Alpha,ALL_CHANNELS_MEDIAN,BandMedian.Alpha,171,1710,1720,80,0.7112169107,0.7902410119,0.7546801663,0.07892005361,0.9,-0.5507251157,phase_randomized,20,1906
BASELINE_EC,FFT-derived POW,Band,Alpha,ALL_CHANNELS_MEDIAN,BandMedian.Alpha,172,1720,1730,80,0.7112169107,0.6321928095,0.6045343741,0.1065630863,1.125,1.001120935,phase_randomized,20,1906
BASELINE_EC,FFT-derived POW,Band,Alpha,ALL_CHANNELS_MEDIAN,BandMedian.Alpha,173,1730,1740,80,0.6321928095,0.6321928095,0.6835584753,0.07375335204,1,-0.696451949,phase_randomized,20,1906
BASELINE_EC,FFT-derived POW,Band,Alpha,ALL_CHANNELS_MEDIAN,BandMedian.Alpha,174,1740,1750,80,0.7112169107,0.7902410119,0.802094627,0.1002047645,0.9,-0.9069201132,phase_randomized,20,1906
BASELINE_EC,FFT-derived POW,Band,Alpha,ALL_CHANNELS_MEDIAN,BandMedian.Alpha,175,1750,1760,80,0.5531687083,0.6321928095,0.5926807589,0.1294696138,0.875,-0.3051839689,phase_randomized,20,1906
BASELINE_EC,FFT-derived POW,Band,Alpha,ALL_CHANNELS_MEDIAN,BandMedian.Alpha,176,1760,1770,80,0.6321928095,0.6321928095,0.600583169,0.07860708455,1,0.4021220308,phase_randomized,20,1906
BASELINE_EC,FFT-derived POW,Band,Alpha,ALL_CHANNELS_MEDIAN,BandMedian.Alpha,177,1770,1780,80,0.6321928095,0.7112169107,0.6954120904,0.07518773254,0.8888888889,-0.8408190912,phase_randomized,20,1906
BASELINE_EC,FFT-derived POW,Band,Alpha,ALL_CHANNELS_MEDIAN,BandMedian.Alpha,178,1780,1790,80,0.5531687083,0.7902410119,0.8060458321,0.1218854828,0.7,-2.07471077,phase_randomized,20,1906
BASELINE_EC,FFT-derived POW,Band,Alpha,ALL_CHANNELS_MEDIAN,BandMedian.Alpha,179,1790,1800,80,0.3951205059,0.7112169107,0.6993632955,0.08982733447,0.5555555556,-3.386973368,phase_randomized,20,1906
BASELINE_EC,FFT-derived POW,Band,Alpha,ALL_CHANNELS_MEDIAN,BandMedian.Alpha,180,1800,1810,80,0.7112169107,0.6321928095,0.6479976297,0.07943892871,1.125,0.7958224258,phase_randomized,20,1906
MODULATION_DATASET,FFT-derived POW,Band,Alpha,ALL_CHANNELS_MEDIAN,BandMedian.Alpha,0,0,10,81,0.3130790125,0.5478882719,0.5870231484,0.114976502,0.5714285714,-2.38260976,phase_randomized,20,1906
MODULATION_DATASET,FFT-derived POW,Band,Alpha,ALL_CHANNELS_MEDIAN,BandMedian.Alpha,1,10,20,80,0.6321928095,0.6321928095,0.6519488348,0.1377713007,1,-0.1433972474,phase_randomized,20,1906
MODULATION_DATASET,FFT-derived POW,Band,Alpha,ALL_CHANNELS_MEDIAN,BandMedian.Alpha,2,20,30,80,0.6321928095,0.5926807589,0.5689735285,0.09455123731,1.066666667,0.6686245759,phase_randomized,20,1906
MODULATION_DATASET,FFT-derived POW,Band,Alpha,ALL_CHANNELS_MEDIAN,BandMedian.Alpha,3,30,40,80,0.5531687083,0.5531687083,0.5808271437,0.08609066005,1,-0.3212710345,phase_randomized,20,1906
MODULATION_DATASET,FFT-derived POW,Band,Alpha,ALL_CHANNELS_MEDIAN,BandMedian.Alpha,4,40,50,80,0.6321928095,0.7112169107,0.6954120904,0.07943892871,0.8888888889,-0.7958224258,phase_randomized,20,1906
MODULATION_DATASET,FFT-derived POW,Band,Alpha,ALL_CHANNELS_MEDIAN,BandMedian.Alpha,5,50,60,80,0.4741446071,0.7902410119,0.7823386017,0.1054001222,0.6,-2.924038303,phase_randomized,20,1906
MODULATION_DATASET,FFT-derived POW,Band,Alpha,ALL_CHANNELS_MEDIAN,BandMedian.Alpha,6,60,70,80,0.7112169107,0.6321928095,0.6084855791,0.120529651,1.125,0.85233244,phase_randomized,20,1906
MODULATION_DATASET,FFT-derived POW,Band,Alpha,ALL_CHANNELS_MEDIAN,BandMedian.Alpha,7,70,80,80,0.5531687083,0.7902410119,0.7744361916,0.1508119695,0.7,-1.467174549,phase_randomized,20,1906
MODULATION_DATASET,FFT-derived POW,Band,Alpha,ALL_CHANNELS_MEDIAN,BandMedian.Alpha,8,80,90,80,0.7902410119,0.7112169107,0.7230705259,0.09341465778,1.111111111,0.7190572401,phase_randomized,20,1906
MODULATION_DATASET,FFT-derived POW,Band,Alpha,ALL_CHANNELS_MEDIAN,BandMedian.Alpha,9,90,100,80,0.3951205059,0.5531687083,0.5650223235,0.1034327951,0.7142857143,-1.642630052,phase_randomized,20,1906
MODULATION_DATASET,FFT-derived POW,Band,Alpha,ALL_CHANNELS_MEDIAN,BandMedian.Alpha,10,100,110,80,0.3951205059,0.5136566577,0.5413150931,0.08218426539,0.7692307692,-1.778863466,phase_randomized,20,1906
MODULATION_DATASET,FFT-derived POW,Band,Alpha,ALL_CHANNELS_MEDIAN,BandMedian.Alpha,11,110,120,80,0.3951205059,0.6321928095,0.6321928095,0.08503429293,0.625,-2.787961132,phase_randomized,20,1906
MODULATION_DATASET,FFT-derived POW,Band,Alpha,ALL_CHANNELS_MEDIAN,BandMedian.Alpha,12,120,130,80,0.3160964047,0.4741446071,0.4622909919,0.096869224,0.6666666667,-1.509195399,phase_randomized,20,1906
MODULATION_DATASET,FFT-derived POW,Band,Alpha,ALL_CHANNELS_MEDIAN,BandMedian.Alpha,13,130,140,80,0.2370723036,0.7112169107,0.6993632955,0.1125628176,0.3333333333,-4.106960022,phase_randomized,20,1906
MODULATION_DATASET,FFT-derived POW,Band,Alpha,ALL_CHANNELS_MEDIAN,BandMedian.Alpha,14,140,150,80,0.7112169107,0.6717048601,0.6598512449,0.096869224,1.058823529,0.530257843,phase_randomized,20,1906
MODULATION_DATASET,FFT-derived POW,Band,Alpha,ALL_CHANNELS_MEDIAN,BandMedian.Alpha,15,150,160,80,0.9482892142,0.7112169107,0.6835584753,0.1002047645,1.333333333,2.641897721,phase_randomized,20,1906
MODULATION_DATASET,FFT-derived POW,Band,Alpha,ALL_CHANNELS_MEDIAN,BandMedian.Alpha,16,160,170,80,0.7112169107,0.6321928095,0.6519488348,0.08056869224,1.125,0.7356216694,phase_randomized,20,1906
MODULATION_DATASET,FFT-derived POW,Band,Alpha,ALL_CHANNELS_MEDIAN,BandMedian.Alpha,17,170,180,80,0.6321928095,0.6321928095,0.6519488348,0.1226248004,1,-0.1611095409,phase_randomized,20,1906
MODULATION_DATASET,FFT-derived POW,Band,Alpha,ALL_CHANNELS_MEDIAN,BandMedian.Alpha,18,180,190,80,0.5531687083,0.5531687083,0.5531687083,0.1229593844,1,0,phase_randomized,20,1906
MODULATION_DATASET,FFT-derived POW,Band,Alpha,ALL_CHANNELS_MEDIAN,BandMedian.Alpha,19,190,200,80,0.3951205059,0.5136566577,0.5255102729,0.1288971587,0.7692307692,-1.011579838,phase_randomized,20,1906
MODULATION_DATASET,FFT-derived POW,Band,Alpha,ALL_CHANNELS_MEDIAN,BandMedian.Alpha,20,200,210,80,0.6321928095,0.6321928095,0.6242903994,0.1054001222,1,0.07497534111,phase_randomized,20,1906
MODULATION_DATASET,FFT-derived POW,Band,Alpha,ALL_CHANNELS_MEDIAN,BandMedian.Alpha,21,210,220,80,0.869265113,0.6321928095,0.6440464247,0.09341465778,1.375,2.410956628,phase_randomized,20,1906
MODULATION_DATASET,FFT-derived POW,Band,Alpha,ALL_CHANNELS_MEDIAN,BandMedian.Alpha,22,220,230,80,0.4741446071,0.5531687083,0.5768759387,0.1177711701,0.8571428571,-0.872296093,phase_randomized,20,1906
MODULATION_DATASET,FFT-derived POW,Band,Alpha,ALL_CHANNELS_MEDIAN,BandMedian.Alpha,23,230,240,80,0.4741446071,0.5531687083,0.5610711184,0.07648790497,0.8571428571,-1.136473948,phase_randomized,20,1906
MODULATION_DATASET,FFT-derived POW,Band,Alpha,ALL_CHANNELS_MEDIAN,BandMedian.Alpha,24,240,250,80,0.7112169107,0.7112169107,0.7230705259,0.1034327951,1,-0.1146020966,phase_randomized,20,1906
MODULATION_DATASET,FFT-derived POW,Band,Alpha,ALL_CHANNELS_MEDIAN,BandMedian.Alpha,25,250,260,80,0.7112169107,0.7902410119,0.8139482422,0.1177711701,0.9,-0.872296093,phase_randomized,20,1906
MODULATION_DATASET,FFT-derived POW,Band,Alpha,ALL_CHANNELS_MEDIAN,BandMedian.Alpha,26,260,270,80,0.3160964047,0.5531687083,0.5729247336,0.1171415603,0.5714285714,-2.192461226,phase_randomized,20,1906
MODULATION_DATASET,FFT-derived POW,Band,Alpha,ALL_CHANNELS_MEDIAN,BandMedian.Alpha,27,270,280,80,0.3951205059,0.5531687083,0.5057542476,0.0902835453,0.7142857143,-1.225403159,phase_randomized,20,1906
MODULATION_DATASET,FFT-derived POW,Band,Alpha,ALL_CHANNELS_MEDIAN,BandMedian.Alpha,28,280,290,80,1.027313315,0.6321928095,0.6400952196,0.1022342286,1.625,3.787558248,phase_randomized,20,1906
MODULATION_DATASET,FFT-derived POW,Band,Alpha,ALL_CHANNELS_MEDIAN,BandMedian.Alpha,29,290,300,80,0.869265113,0.6321928095,0.6796072702,0.07430831361,1.375,2.552309878,phase_randomized,20,1906
MODULATION_DATASET,FFT-derived POW,Band,Alpha,ALL_CHANNELS_MEDIAN,BandMedian.Alpha,30,300,310,80,0.7112169107,0.5926807589,0.596631964,0.09055616861,1.2,1.265346674,phase_randomized,20,1906
MODULATION_DATASET,FFT-derived POW,Band,Alpha,ALL_CHANNELS_MEDIAN,BandMedian.Alpha,31,310,320,80,0.4741446071,0.6321928095,0.6203391943,0.06422507607,0.75,-2.276285154,phase_randomized,20,1906
MODULATION_DATASET,FFT-derived POW,Band,Alpha,ALL_CHANNELS_MEDIAN,BandMedian.Alpha,32,320,330,80,0.6321928095,0.5531687083,0.5808271437,0.1096040129,1.142857143,0.4686476747,phase_randomized,20,1906
MODULATION_DATASET,FFT-derived POW,Band,Alpha,ALL_CHANNELS_MEDIAN,BandMedian.Alpha,33,330,340,80,0.6321928095,0.5531687083,0.5531687083,0.108776233,1.142857143,0.7264831573,phase_randomized,20,1906
MODULATION_DATASET,FFT-derived POW,Band,Alpha,ALL_CHANNELS_MEDIAN,BandMedian.Alpha,34,340,350,80,0.7112169107,0.7112169107,0.730972936,0.09888405089,1,-0.1997898055,phase_randomized,20,1906
MODULATION_DATASET,FFT-derived POW,Band,Alpha,ALL_CHANNELS_MEDIAN,BandMedian.Alpha,35,350,360,80,0.4741446071,0.4741446071,0.4820470172,0.1054001222,1,-0.07497534111,phase_randomized,20,1906
MODULATION_DATASET,FFT-derived POW,Band,Alpha,ALL_CHANNELS_MEDIAN,BandMedian.Alpha,36,360,370,80,0.6321928095,0.6321928095,0.6519488348,0.1278731333,1,-0.1544970768,phase_randomized,20,1906
MODULATION_DATASET,FFT-derived POW,Band,Alpha,ALL_CHANNELS_MEDIAN,BandMedian.Alpha,37,370,380,80,0.7112169107,0.6321928095,0.6519488348,0.1053221347,1.125,0.5627314339,phase_randomized,20,1906
MODULATION_DATASET,FFT-derived POW,Band,Alpha,ALL_CHANNELS_MEDIAN,BandMedian.Alpha,38,380,390,80,0.4741446071,0.6717048601,0.6875096803,0.1149465103,0.7058823529,-1.856211838,phase_randomized,20,1906
MODULATION_DATASET,FFT-derived POW,Band,Alpha,ALL_CHANNELS_MEDIAN,BandMedian.Alpha,39,390,400,80,0.5531687083,0.6717048601,0.6717048601,0.1132178929,0.8235294118,-1.046973661,phase_randomized,20,1906
MODULATION_DATASET,FFT-derived POW,Band,Alpha,ALL_CHANNELS_MEDIAN,BandMedian.Alpha,40,400,410,80,0.5531687083,0.5531687083,0.5887295538,0.1188131058,1,-0.2993006983,phase_randomized,20,1906
MODULATION_DATASET,FFT-derived POW,Band,Alpha,ALL_CHANNELS_MEDIAN,BandMedian.Alpha,41,410,420,80,0.5531687083,0.6321928095,0.6321928095,0.09593162036,0.875,-0.823754471,phase_randomized,20,1906
MODULATION_DATASET,FFT-derived POW,Band,Alpha,ALL_CHANNELS_MEDIAN,BandMedian.Alpha,42,420,430,80,0.3951205059,0.5531687083,0.5255102729,0.1002047645,0.7142857143,-1.301233206,phase_randomized,20,1906
MODULATION_DATASET,FFT-derived POW,Band,Alpha,ALL_CHANNELS_MEDIAN,BandMedian.Alpha,43,430,440,80,0.5531687083,0.5531687083,0.5729247336,0.1053221347,1,-0.1875771446,phase_randomized,20,1906
MODULATION_DATASET,FFT-derived POW,Band,Alpha,ALL_CHANNELS_MEDIAN,BandMedian.Alpha,44,440,450,80,0.6321928095,0.7112169107,0.7507289613,0.07902410119,0.8888888889,-1.5,phase_randomized,20,1906
MODULATION_DATASET,FFT-derived POW,Band,Alpha,ALL_CHANNELS_MEDIAN,BandMedian.Alpha,45,450,460,80,0.6321928095,0.7112169107,0.7270217309,0.09100872599,0.8888888889,-1.041976145,phase_randomized,20,1906
MODULATION_DATASET,FFT-derived POW,Band,Alpha,ALL_CHANNELS_MEDIAN,BandMedian.Alpha,46,460,470,80,0.6321928095,0.7507289613,0.7507289613,0.08307922026,0.8421052632,-1.426784597,phase_randomized,20,1906
MODULATION_DATASET,FFT-derived POW,Band,Alpha,ALL_CHANNELS_MEDIAN,BandMedian.Alpha,47,470,480,80,0.869265113,0.7902410119,0.8060458321,0.134695257,1.1,0.4693504608,phase_randomized,20,1906
MODULATION_DATASET,FFT-derived POW,Band,Alpha,ALL_CHANNELS_MEDIAN,BandMedian.Alpha,48,480,490,80,0.5531687083,0.5531687083,0.5650223235,0.1236922835,1,-0.09583148475,phase_randomized,20,1906
MODULATION_DATASET,FFT-derived POW,Band,Alpha,ALL_CHANNELS_MEDIAN,BandMedian.Alpha,49,490,500,80,0.6321928095,0.6321928095,0.6084855791,0.1060219573,1,0.2236067977,phase_randomized,20,1906
MODULATION_DATASET,FFT-derived POW,Band,Alpha,ALL_CHANNELS_MEDIAN,BandMedian.Alpha,50,500,510,80,0.5531687083,0.7902410119,0.7507289613,0.1188822435,0.7,-1.661814643,phase_randomized,20,1906
MODULATION_DATASET,FFT-derived POW,Band,Alpha,ALL_CHANNELS_MEDIAN,BandMedian.Alpha,51,510,520,80,0.5531687083,0.5531687083,0.5571199134,0.1438403171,1,-0.02746938508,phase_randomized,20,1906
MODULATION_DATASET,FFT-derived POW,Band,Alpha,ALL_CHANNELS_MEDIAN,BandMedian.Alpha,52,520,530,80,0.7112169107,0.7112169107,0.6717048601,0.09420298111,1,0.4194352464,phase_randomized,20,1906
MODULATION_DATASET,FFT-derived POW,Band,Alpha,ALL_CHANNELS_MEDIAN,BandMedian.Alpha,53,530,540,80,0.7112169107,0.7112169107,0.6914608854,0.1226248004,1,0.1611095409,phase_randomized,20,1906
MODULATION_DATASET,FFT-derived POW,Band,Alpha,ALL_CHANNELS_MEDIAN,BandMedian.Alpha,54,540,550,80,0.6321928095,0.7112169107,0.7112169107,0.07691641199,0.8888888889,-1.027402334,phase_randomized,20,1906
MODULATION_DATASET,FFT-derived POW,Band,Alpha,ALL_CHANNELS_MEDIAN,BandMedian.Alpha,55,550,560,80,0.6321928095,0.7112169107,0.6835584753,0.1002047645,0.8888888889,-0.5126070205,phase_randomized,20,1906
MODULATION_DATASET,FFT-derived POW,Band,Alpha,ALL_CHANNELS_MEDIAN,BandMedian.Alpha,56,560,570,80,0.5531687083,0.5136566577,0.5136566577,0.1041453142,1.076923077,0.3793934553,phase_randomized,20,1906
MODULATION_DATASET,FFT-derived POW,Band,Alpha,ALL_CHANNELS_MEDIAN,BandMedian.Alpha,57,570,580,80,0.7112169107,0.7112169107,0.667753655,0.113145294,1,0.3841366627,phase_randomized,20,1906
MODULATION_DATASET,FFT-derived POW,Band,Alpha,ALL_CHANNELS_MEDIAN,BandMedian.Alpha,58,580,590,80,0.4741446071,0.7112169107,0.7151681157,0.1040663863,0.6666666667,-2.31605533,phase_randomized,20,1906
MODULATION_DATASET,FFT-derived POW,Band,Alpha,ALL_CHANNELS_MEDIAN,BandMedian.Alpha,59,590,600,80,0.3951205059,0.5926807589,0.5689735285,0.1297232274,0.6666666667,-1.340184222,phase_randomized,20,1906
MODULATION_DATASET,FFT-derived POW,Band,Alpha,ALL_CHANNELS_MEDIAN,BandMedian.Alpha,60,600,610,80,0.7902410119,0.6321928095,0.6321928095,0.138069185,1.25,1.144702943,phase_randomized,20,1906
MODULATION_DATASET,FFT-derived POW,Band,Alpha,ALL_CHANNELS_MEDIAN,BandMedian.Alpha,61,610,620,80,0.7112169107,0.7902410119,0.8139482422,0.1309839298,0.9,-0.7843048512,phase_randomized,20,1906
MODULATION_DATASET,FFT-derived POW,Band,Alpha,ALL_CHANNELS_MEDIAN,BandMedian.Alpha,62,620,630,80,0.5531687083,0.5531687083,0.596631964,0.1438403171,1,-0.3021632359,phase_randomized,20,1906
MODULATION_DATASET,FFT-derived POW,Band,Alpha,ALL_CHANNELS_MEDIAN,BandMedian.Alpha,63,630,640,80,0.5531687083,0.6321928095,0.6559000398,0.1149465103,0.875,-0.8937316258,phase_randomized,20,1906
MODULATION_DATASET,FFT-derived POW,Band,Alpha,ALL_CHANNELS_MEDIAN,BandMedian.Alpha,64,640,650,80,0.7902410119,0.7112169107,0.7072657056,0.1071781742,1.111111111,0.7741810016,phase_randomized,20,1906
MODULATION_DATASET,FFT-derived POW,Band,Alpha,ALL_CHANNELS_MEDIAN,BandMedian.Alpha,65,650,660,80,0.7112169107,0.7112169107,0.7072657056,0.1188131058,1,0.03325563315,phase_randomized,20,1906
MODULATION_DATASET,FFT-derived POW,Band,Alpha,ALL_CHANNELS_MEDIAN,BandMedian.Alpha,66,660,670,80,0.4741446071,0.7507289613,0.7586313714,0.121344968,0.6315789474,-2.344446325,phase_randomized,20,1906
MODULATION_DATASET,FFT-derived POW,Band,Alpha,ALL_CHANNELS_MEDIAN,BandMedian.Alpha,67,670,680,80,0.5531687083,0.7507289613,0.7270217309,0.1271643325,0.7368421053,-1.367152402,phase_randomized,20,1906
MODULATION_DATASET,FFT-derived POW,Band,Alpha,ALL_CHANNELS_MEDIAN,BandMedian.Alpha,68,680,690,80,0.7112169107,0.7112169107,0.6993632955,0.06915351522,1,0.171410161,phase_randomized,20,1906
MODULATION_DATASET,FFT-derived POW,Band,Alpha,ALL_CHANNELS_MEDIAN,BandMedian.Alpha,69,690,700,80,0.5531687083,0.5531687083,0.5650223235,0.096869224,1,-0.1223671945,phase_randomized,20,1906
MODULATION_DATASET,FFT-derived POW,Band,Alpha,ALL_CHANNELS_MEDIAN,BandMedian.Alpha,70,700,710,80,0.5531687083,0.6321928095,0.6479976297,0.09100872599,0.875,-1.041976145,phase_randomized,20,1906
MODULATION_DATASET,FFT-derived POW,Band,Alpha,ALL_CHANNELS_MEDIAN,BandMedian.Alpha,71,710,720,80,0.4741446071,0.5531687083,0.5650223235,0.1210059202,0.8571428571,-0.7510187619,phase_randomized,20,1906
MODULATION_DATASET,FFT-derived POW,Band,Alpha,ALL_CHANNELS_MEDIAN,BandMedian.Alpha,72,720,730,80,0.3951205059,0.5531687083,0.5689735285,0.113507824,0.7142857143,-1.531639111,phase_randomized,20,1906
MODULATION_DATASET,FFT-derived POW,Band,Alpha,ALL_CHANNELS_MEDIAN,BandMedian.Alpha,73,730,740,80,0.7902410119,0.7507289613,0.7507289613,0.06536638094,1.052631579,0.6044705248,phase_randomized,20,1906
MODULATION_DATASET,FFT-derived POW,Band,Alpha,ALL_CHANNELS_MEDIAN,BandMedian.Alpha,74,740,750,80,0.7112169107,0.4741446071,0.533412683,0.1143013424,1.5,1.555574274,phase_randomized,20,1906
MODULATION_DATASET,FFT-derived POW,Band,Alpha,ALL_CHANNELS_MEDIAN,BandMedian.Alpha,75,750,760,80,0.6321928095,0.7112169107,0.7072657056,0.05999151423,0.8888888889,-1.251391919,phase_randomized,20,1906
MODULATION_DATASET,FFT-derived POW,Band,Alpha,ALL_CHANNELS_MEDIAN,BandMedian.Alpha,76,760,770,80,0.7902410119,0.7112169107,0.6835584753,0.1096040129,1.111111111,0.9733451704,phase_randomized,20,1906
MODULATION_DATASET,FFT-derived POW,Band,Alpha,ALL_CHANNELS_MEDIAN,BandMedian.Alpha,77,770,780,80,0.6321928095,0.7112169107,0.7270217309,0.1105743091,0.8888888889,-0.8576035628,phase_randomized,20,1906
MODULATION_DATASET,FFT-derived POW,Band,Alpha,ALL_CHANNELS_MEDIAN,BandMedian.Alpha,78,780,790,80,0.5531687083,0.6321928095,0.6361440145,0.113145294,0.875,-0.7333518106,phase_randomized,20,1906
MODULATION_DATASET,FFT-derived POW,Band,Alpha,ALL_CHANNELS_MEDIAN,BandMedian.Alpha,79,790,800,80,0.5531687083,0.6321928095,0.6361440145,0.1268408409,0.875,-0.6541686863,phase_randomized,20,1906
MODULATION_DATASET,FFT-derived POW,Band,Alpha,ALL_CHANNELS_MEDIAN,BandMedian.Alpha,80,800,810,80,0.4741446071,0.5926807589,0.5887295538,0.09055616861,0.8,-1.265346674,phase_randomized,20,1906
MODULATION_DATASET,FFT-derived POW,Band,Alpha,ALL_CHANNELS_MEDIAN,BandMedian.Alpha,81,810,820,80,0.4741446071,0.6321928095,0.6321928095,0.1356677986,0.75,-1.164964745,phase_randomized,20,1906
MODULATION_DATASET,FFT-derived POW,Band,Alpha,ALL_CHANNELS_MEDIAN,BandMedian.Alpha,82,820,830,80,0.3951205059,0.4741446071,0.5018030425,0.07375335204,0.8333333333,-1.446477125,phase_randomized,20,1906
MODULATION_DATASET,FFT-derived POW,Band,Alpha,ALL_CHANNELS_MEDIAN,BandMedian.Alpha,83,830,840,80,0.7112169107,0.6321928095,0.6440464247,0.05301097863,1.125,1.267105187,phase_randomized,20,1906
MODULATION_DATASET,FFT-derived POW,Band,Alpha,ALL_CHANNELS_MEDIAN,BandMedian.Alpha,84,840,850,80,0.5531687083,0.6321928095,0.6717048601,0.1102766657,0.875,-1.074897858,phase_randomized,20,1906
MODULATION_DATASET,FFT-derived POW,Band,Alpha,ALL_CHANNELS_MEDIAN,BandMedian.Alpha,85,850,860,80,0.5531687083,0.5531687083,0.5413150931,0.09341465778,1,0.1268924541,phase_randomized,20,1906
MODULATION_DATASET,FFT-derived POW,Band,Alpha,ALL_CHANNELS_MEDIAN,BandMedian.Alpha,86,860,870,80,0.3951205059,0.5531687083,0.5926807589,0.1392543499,0.7142857143,-1.418700766,phase_randomized,20,1906
MODULATION_DATASET,FFT-derived POW,Band,Alpha,ALL_CHANNELS_MEDIAN,BandMedian.Alpha,87,870,880,80,0.6321928095,0.7902410119,0.7744361916,0.1463883657,0.8,-0.9716850205,phase_randomized,20,1906
MODULATION_DATASET,FFT-derived POW,Band,Alpha,ALL_CHANNELS_MEDIAN,BandMedian.Alpha,88,880,890,80,0.5531687083,0.5531687083,0.5531687083,0.08107701711,1,0,phase_randomized,20,1906
MODULATION_DATASET,FFT-derived POW,Band,Alpha,ALL_CHANNELS_MEDIAN,BandMedian.Alpha,89,890,900,80,0.5531687083,0.6321928095,0.66380245,0.08656656561,0.875,-1.278019301,phase_randomized,20,1906
MODULATION_DATASET,FFT-derived POW,Band,Alpha,ALL_CHANNELS_MEDIAN,BandMedian.Alpha,90,900,910,80,0.5531687083,0.5926807589,0.6242903994,0.1304811105,0.9333333333,-0.5450726989,phase_randomized,20,1906
MODULATION_DATASET,FFT-derived POW,Band,Alpha,ALL_CHANNELS_MEDIAN,BandMedian.Alpha,91,910,920,80,0.5531687083,0.7112169107,0.6914608854,0.09199651613,0.7777777778,-1.503232762,phase_randomized,20,1906
MODULATION_DATASET,FFT-derived POW,Band,Alpha,ALL_CHANNELS_MEDIAN,BandMedian.Alpha,92,920,930,80,0.4741446071,0.6321928095,0.6400952196,0.09896711185,0.75,-1.676825861,phase_randomized,20,1906
MODULATION_DATASET,FFT-derived POW,Band,Alpha,ALL_CHANNELS_MEDIAN,BandMedian.Alpha,93,930,940,80,0.5531687083,0.7902410119,0.7744361916,0.1218854828,0.7,-1.815371924,phase_randomized,20,1906
MODULATION_DATASET,FFT-derived POW,Band,Alpha,ALL_CHANNELS_MEDIAN,BandMedian.Alpha,94,940,950,80,0.6321928095,0.6717048601,0.6914608854,0.1053221347,0.9411764706,-0.5627314339,phase_randomized,20,1906
MODULATION_DATASET,FFT-derived POW,Band,Alpha,ALL_CHANNELS_MEDIAN,BandMedian.Alpha,95,950,960,80,0.7112169107,0.7112169107,0.7467777562,0.1071781742,1,-0.3317918578,phase_randomized,20,1906
MODULATION_DATASET,FFT-derived POW,Band,Alpha,ALL_CHANNELS_MEDIAN,BandMedian.Alpha,96,960,970,80,0.6321928095,0.8297530625,0.802094627,0.1210059202,0.7619047619,-1.404078555,phase_randomized,20,1906
MODULATION_DATASET,FFT-derived POW,Band,Alpha,ALL_CHANNELS_MEDIAN,BandMedian.Alpha,97,970,980,80,0.6321928095,0.6321928095,0.6440464247,0.1002047645,1,-0.1182939278,phase_randomized,20,1906
MODULATION_DATASET,FFT-derived POW,Band,Alpha,ALL_CHANNELS_MEDIAN,BandMedian.Alpha,98,980,990,80,0.7112169107,0.6321928095,0.6242903994,0.06734762851,1.125,1.290713767,phase_randomized,20,1906
MODULATION_DATASET,FFT-derived POW,Band,Alpha,ALL_CHANNELS_MEDIAN,BandMedian.Alpha,99,990,1000,80,0.7112169107,0.5531687083,0.5689735285,0.1191583931,1.285714286,1.193733639,phase_randomized,20,1906
MODULATION_DATASET,FFT-derived POW,Band,Alpha,ALL_CHANNELS_MEDIAN,BandMedian.Alpha,100,1000,1010,80,0.6321928095,0.5926807589,0.600583169,0.1038292427,1.066666667,0.3044387078,phase_randomized,20,1906
MODULATION_DATASET,FFT-derived POW,Band,Alpha,ALL_CHANNELS_MEDIAN,BandMedian.Alpha,101,1010,1020,80,0.4741446071,0.7112169107,0.6835584753,0.1002047645,0.6666666667,-2.089859391,phase_randomized,20,1906
MODULATION_DATASET,FFT-derived POW,Band,Alpha,ALL_CHANNELS_MEDIAN,BandMedian.Alpha,102,1020,1030,80,0.3951205059,0.5926807589,0.6321928095,0.1332231335,0.6666666667,-1.779513042,phase_randomized,20,1906
MODULATION_DATASET,FFT-derived POW,Band,Alpha,ALL_CHANNELS_MEDIAN,BandMedian.Alpha,103,1030,1040,80,0.4741446071,0.6321928095,0.6203391943,0.1182585492,0.75,-1.236228486,phase_randomized,20,1906
MODULATION_DATASET,FFT-derived POW,Band,Alpha,ALL_CHANNELS_MEDIAN,BandMedian.Alpha,104,1040,1050,80,0.5531687083,0.5531687083,0.5847783488,0.09729242053,1,-0.3248931448,phase_randomized,20,1906
MODULATION_DATASET,FFT-derived POW,Band,Alpha,ALL_CHANNELS_MEDIAN,BandMedian.Alpha,105,1050,1060,80,0.4741446071,0.6321928095,0.6400952196,0.09558839343,0.75,-1.736095843,phase_randomized,20,1906
MODULATION_DATASET,FFT-derived POW,Band,Alpha,ALL_CHANNELS_MEDIAN,BandMedian.Alpha,106,1060,1070,80,0.7112169107,0.6321928095,0.6479976297,0.113507824,1.125,0.5569596768,phase_randomized,20,1906
MODULATION_DATASET,FFT-derived POW,Band,Alpha,ALL_CHANNELS_MEDIAN,BandMedian.Alpha,107,1070,1080,80,0.5531687083,0.7112169107,0.6954120904,0.09455123731,0.7777777778,-1.504405296,phase_randomized,20,1906
MODULATION_DATASET,FFT-derived POW,Band,Alpha,ALL_CHANNELS_MEDIAN,BandMedian.Alpha,108,1080,1090,80,0.7902410119,0.6321928095,0.6124367842,0.1083978797,1.25,1.640292486,phase_randomized,20,1906
MODULATION_DATASET,FFT-derived POW,Band,Alpha,ALL_CHANNELS_MEDIAN,BandMedian.Alpha,109,1090,1100,80,0.6321928095,0.7902410119,0.7704849866,0.1304181218,0.8,-1.060375469,phase_randomized,20,1906
MODULATION_DATASET,FFT-derived POW,Band,Alpha,ALL_CHANNELS_MEDIAN,BandMedian.Alpha,110,1100,1110,80,0.7112169107,0.7902410119,0.798143422,0.1199830285,0.9,-0.7244900584,phase_randomized,20,1906
MODULATION_DATASET,FFT-derived POW,Band,Alpha,ALL_CHANNELS_MEDIAN,BandMedian.Alpha,111,1110,1120,80,0.5531687083,0.6321928095,0.6559000398,0.08918471882,0.875,-1.151893877,phase_randomized,20,1906
MODULATION_DATASET,FFT-derived POW,Band,Alpha,ALL_CHANNELS_MEDIAN,BandMedian.Alpha,112,1120,1130,80,0.6321928095,0.6321928095,0.5808271437,0.1154458149,1,0.4449331126,phase_randomized,20,1906
MODULATION_DATASET,FFT-derived POW,Band,Alpha,ALL_CHANNELS_MEDIAN,BandMedian.Alpha,113,1130,1140,80,0.6321928095,0.6717048601,0.7112169107,0.11749176,0.9411764706,-0.6725927091,phase_randomized,20,1906
MODULATION_DATASET,FFT-derived POW,Band,Alpha,ALL_CHANNELS_MEDIAN,BandMedian.Alpha,114,1140,1150,80,0.5531687083,0.7112169107,0.7033145006,0.1514643675,0.7777777778,-0.9912944852,phase_randomized,20,1906
MODULATION_DATASET,FFT-derived POW,Band,Alpha,ALL_CHANNELS_MEDIAN,BandMedian.Alpha,115,1150,1160,80,0.6321928095,0.6321928095,0.6084855791,0.09627362366,1,0.2462484475,phase_randomized,20,1906
MODULATION_DATASET,FFT-derived POW,Band,Alpha,ALL_CHANNELS_MEDIAN,BandMedian.Alpha,116,1160,1170,80,0.3951205059,0.7112169107,0.6796072702,0.08268265847,0.5555555556,-3.440706546,phase_randomized,20,1906
MODULATION_DATASET,FFT-derived POW,Band,Alpha,ALL_CHANNELS_MEDIAN,BandMedian.Alpha,117,1170,1180,80,0.3160964047,0.5531687083,0.5057542476,0.1006139323,0.5714285714,-1.88500577,phase_randomized,20,1906
MODULATION_DATASET,FFT-derived POW,Band,Alpha,ALL_CHANNELS_MEDIAN,BandMedian.Alpha,118,1180,1190,80,0.5531687083,0.6321928095,0.6242903994,0.07648790497,0.875,-0.9298423208,phase_randomized,20,1906
MODULATION_DATASET,FFT-derived POW,Band,Alpha,ALL_CHANNELS_MEDIAN,BandMedian.Alpha,119,1190,1200,80,0.7112169107,0.7112169107,0.6756560651,0.1160138174,1,0.3065225015,phase_randomized,20,1906
MODULATION_DATASET,FFT-derived POW,Band,Alpha,ALL_CHANNELS_MEDIAN,BandMedian.Alpha,120,1200,1210,80,0.6321928095,0.6321928095,0.6400952196,0.08067061346,1,-0.09795896894,phase_randomized,20,1906
MODULATION_DATASET,FFT-derived POW,Band,Alpha,ALL_CHANNELS_MEDIAN,BandMedian.Alpha,121,1210,1220,80,0.4741446071,0.5926807589,0.6361440145,0.1505393026,0.8,-1.076126996,phase_randomized,20,1906
MODULATION_DATASET,FFT-derived POW,Band,Alpha,ALL_CHANNELS_MEDIAN,BandMedian.Alpha,122,1220,1230,80,0.5531687083,0.7112169107,0.730972936,0.09550239395,0.7777777778,-1.861777703,phase_randomized,20,1906
MODULATION_DATASET,FFT-derived POW,Band,Alpha,ALL_CHANNELS_MEDIAN,BandMedian.Alpha,123,1230,1240,80,0.7112169107,0.6321928095,0.6282416044,0.1188131058,1.125,0.6983682961,phase_randomized,20,1906
MODULATION_DATASET,FFT-derived POW,Band,Alpha,ALL_CHANNELS_MEDIAN,BandMedian.Alpha,124,1240,1250,80,0.7902410119,0.7112169107,0.734924141,0.08148139377,1.111111111,0.6788896001,phase_randomized,20,1906
MODULATION_DATASET,FFT-derived POW,Band,Alpha,ALL_CHANNELS_MEDIAN,BandMedian.Alpha,125,1250,1260,80,0.4741446071,0.6321928095,0.6203391943,0.096869224,0.75,-1.509195399,phase_randomized,20,1906
MODULATION_DATASET,FFT-derived POW,Band,Alpha,ALL_CHANNELS_MEDIAN,BandMedian.Alpha,126,1260,1270,80,0.6321928095,0.5531687083,0.5452662982,0.09896711185,1.142857143,0.8783373555,phase_randomized,20,1906
MODULATION_DATASET,FFT-derived POW,Band,Alpha,ALL_CHANNELS_MEDIAN,BandMedian.Alpha,127,1270,1280,80,0.5531687083,0.7112169107,0.6756560651,0.1294061327,0.7777777778,-0.946534405,phase_randomized,20,1906
MODULATION_DATASET,FFT-derived POW,Band,Alpha,ALL_CHANNELS_MEDIAN,BandMedian.Alpha,128,1280,1290,80,0.7112169107,0.7112169107,0.7230705259,0.08609066005,1,-0.1376875862,phase_randomized,20,1906
MODULATION_DATASET,FFT-derived POW,Band,Alpha,ALL_CHANNELS_MEDIAN,BandMedian.Alpha,129,1290,1300,80,0.5531687083,0.6321928095,0.6084855791,0.0996291066,0.875,-0.5552280123,phase_randomized,20,1906
MODULATION_DATASET,FFT-derived POW,Band,Alpha,ALL_CHANNELS_MEDIAN,BandMedian.Alpha,130,1300,1310,80,0.5531687083,0.4741446071,0.5057542476,0.07860708455,1.166666667,0.6031830462,phase_randomized,20,1906
MODULATION_DATASET,FFT-derived POW,Band,Alpha,ALL_CHANNELS_MEDIAN,BandMedian.Alpha,131,1310,1320,80,0.6321928095,0.6321928095,0.6361440145,0.1391953313,1,-0.02838604586,phase_randomized,20,1906
MODULATION_DATASET,FFT-derived POW,Band,Alpha,ALL_CHANNELS_MEDIAN,BandMedian.Alpha,132,1320,1330,80,0.5531687083,0.5926807589,0.6321928095,0.1580482024,0.9333333333,-0.5,phase_randomized,20,1906
MODULATION_DATASET,FFT-derived POW,Band,Alpha,ALL_CHANNELS_MEDIAN,BandMedian.Alpha,133,1330,1340,80,0.3160964047,0.3951205059,0.3951205059,0.08503429293,0.8,-0.9293203773,phase_randomized,20,1906
MODULATION_DATASET,FFT-derived POW,Band,Alpha,ALL_CHANNELS_MEDIAN,BandMedian.Alpha,134,1340,1350,80,0.6321928095,0.5531687083,0.5926807589,0.08307922026,1.142857143,0.4755948656,phase_randomized,20,1906
MODULATION_DATASET,FFT-derived POW,Band,Alpha,ALL_CHANNELS_MEDIAN,BandMedian.Alpha,135,1350,1360,80,0.5531687083,0.6321928095,0.6163879893,0.1012651619,0.875,-0.6242944736,phase_randomized,20,1906
MODULATION_DATASET,FFT-derived POW,Band,Alpha,ALL_CHANNELS_MEDIAN,BandMedian.Alpha,136,1360,1370,80,0.7902410119,0.6321928095,0.6440464247,0.06915351522,1.25,2.114058653,phase_randomized,20,1906
MODULATION_DATASET,FFT-derived POW,Band,Alpha,ALL_CHANNELS_MEDIAN,BandMedian.Alpha,137,1370,1380,80,0.7112169107,0.5531687083,0.5571199134,0.09055616861,1.285714286,1.701673113,phase_randomized,20,1906
MODULATION_DATASET,FFT-derived POW,Band,Alpha,ALL_CHANNELS_MEDIAN,BandMedian.Alpha,138,1380,1390,80,0.7112169107,0.6321928095,0.6598512449,0.08218426539,1.125,0.6250060827,phase_randomized,20,1906
MODULATION_DATASET,FFT-derived POW,Band,Alpha,ALL_CHANNELS_MEDIAN,BandMedian.Alpha,139,1390,1400,80,0.6321928095,0.6321928095,0.6559000398,0.1359098466,1,-0.174433501,phase_randomized,20,1906
MODULATION_DATASET,FFT-derived POW,Band,Alpha,ALL_CHANNELS_MEDIAN,BandMedian.Alpha,140,1400,1410,80,0.7112169107,0.5531687083,0.5847783488,0.1006139323,1.285714286,1.256670513,phase_randomized,20,1906
MODULATION_DATASET,FFT-derived POW,Band,Alpha,ALL_CHANNELS_MEDIAN,BandMedian.Alpha,141,1410,1420,80,0.3951205059,0.5531687083,0.5176078628,0.09754545716,0.7142857143,-1.255695144,phase_randomized,20,1906
MODULATION_DATASET,FFT-derived POW,Band,Alpha,ALL_CHANNELS_MEDIAN,BandMedian.Alpha,142,1420,1430,80,0.6321928095,0.5531687083,0.5571199134,0.1071781742,1.142857143,0.7004494776,phase_randomized,20,1906
MODULATION_DATASET,FFT-derived POW,Band,Alpha,ALL_CHANNELS_MEDIAN,BandMedian.Alpha,143,1430,1440,80,0.6321928095,0.6321928095,0.6242903994,0.09558839343,1,0.08267123063,phase_randomized,20,1906
MODULATION_DATASET,FFT-derived POW,Band,Alpha,ALL_CHANNELS_MEDIAN,BandMedian.Alpha,144,1440,1450,80,0.4741446071,0.6321928095,0.6361440145,0.08685085723,0.75,-1.865259741,phase_randomized,20,1906
MODULATION_DATASET,FFT-derived POW,Band,Alpha,ALL_CHANNELS_MEDIAN,BandMedian.Alpha,145,1450,1460,80,0.4741446071,0.7507289613,0.734924141,0.1452614177,0.6315789474,-1.795242935,phase_randomized,20,1906
MODULATION_DATASET,FFT-derived POW,Band,Alpha,ALL_CHANNELS_MEDIAN,BandMedian.Alpha,146,1460,1470,80,0.4741446071,0.5531687083,0.5452662982,0.08464689095,0.8571428571,-0.8402162238,phase_randomized,20,1906
MODULATION_DATASET,FFT-derived POW,Band,Alpha,ALL_CHANNELS_MEDIAN,BandMedian.Alpha,147,1470,1480,80,0.4741446071,0.869265113,0.8613627029,0.09558839343,0.5454545455,-4.050890301,phase_randomized,20,1906
MODULATION_DATASET,FFT-derived POW,Band,Alpha,ALL_CHANNELS_MEDIAN,BandMedian.Alpha,148,1480,1490,80,0.7112169107,0.8297530625,0.8376554726,0.07860708455,0.8571428571,-1.608488123,phase_randomized,20,1906
MODULATION_DATASET,FFT-derived POW,Band,Alpha,ALL_CHANNELS_MEDIAN,BandMedian.Alpha,149,1490,1500,80,0.6321928095,0.6321928095,0.6479976297,0.09796573251,1,-0.1613300879,phase_randomized,20,1906
MODULATION_DATASET,FFT-derived POW,Band,Alpha,ALL_CHANNELS_MEDIAN,BandMedian.Alpha,150,1500,1510,80,0.7112169107,0.5531687083,0.5650223235,0.1034327951,1.285714286,1.413425858,phase_randomized,20,1906
MODULATION_DATASET,FFT-derived POW,Band,Alpha,ALL_CHANNELS_MEDIAN,BandMedian.Alpha,151,1510,1520,80,0.3951205059,0.5531687083,0.6045343741,0.1338998658,0.7142857143,-1.56395876,phase_randomized,20,1906
MODULATION_DATASET,FFT-derived POW,Band,Alpha,ALL_CHANNELS_MEDIAN,BandMedian.Alpha,152,1520,1530,80,0.7112169107,0.7112169107,0.6756560651,0.06524055526,1,0.5450726989,phase_randomized,20,1906
MODULATION_DATASET,FFT-derived POW,Band,Alpha,ALL_CHANNELS_MEDIAN,BandMedian.Alpha,153,1530,1540,80,0.869265113,0.6321928095,0.66380245,0.1186054509,1.375,1.732320576,phase_randomized,20,1906
MODULATION_DATASET,FFT-derived POW,Band,Alpha,ALL_CHANNELS_MEDIAN,BandMedian.Alpha,154,1540,1550,80,0.6321928095,0.6321928095,0.6559000398,0.1177711701,1,-0.2012990984,phase_randomized,20,1906
MODULATION_DATASET,FFT-derived POW,Band,Alpha,ALL_CHANNELS_MEDIAN,BandMedian.Alpha,155,1550,1560,80,0.4741446071,0.5926807589,0.5926807589,0.1072548122,0.8,-1.105182596,phase_randomized,20,1906
MODULATION_DATASET,FFT-derived POW,Band,Alpha,ALL_CHANNELS_MEDIAN,BandMedian.Alpha,156,1560,1570,80,0.7112169107,0.6321928095,0.6479976297,0.1218854828,1.125,0.5186776925,phase_randomized,20,1906
MODULATION_DATASET,FFT-derived POW,Band,Alpha,ALL_CHANNELS_MEDIAN,BandMedian.Alpha,157,1570,1580,80,0.5531687083,0.5531687083,0.533412683,0.09199651613,1,0.2147475375,phase_randomized,20,1906
MODULATION_DATASET,FFT-derived POW,Band,Alpha,ALL_CHANNELS_MEDIAN,BandMedian.Alpha,158,1580,1590,81,0.4696185187,0.7044277781,0.6809468522,0.101893176,0.6666666667,-2.074018514,phase_randomized,20,1906
MODULATION_DATASET,FFT-derived POW,Band,Alpha,ALL_CHANNELS_MEDIAN,BandMedian.Alpha,159,1590,1600,80,0.6321928095,0.6321928095,0.6203391943,0.1154458149,1,0.1026768721,phase_randomized,20,1906
MODULATION_DATASET,FFT-derived POW,Band,Alpha,ALL_CHANNELS_MEDIAN,BandMedian.Alpha,160,1600,1610,80,0.6321928095,0.6321928095,0.596631964,0.09754545716,1,0.3645566546,phase_randomized,20,1906
MODULATION_DATASET,FFT-derived POW,Band,Alpha,ALL_CHANNELS_MEDIAN,BandMedian.Alpha,161,1610,1620,80,0.7902410119,0.6321928095,0.6163879893,0.08347389811,1.25,2.082723181,phase_randomized,20,1906
MODULATION_DATASET,FFT-derived POW,Band,Alpha,ALL_CHANNELS_MEDIAN,BandMedian.Alpha,162,1620,1630,80,0.6321928095,0.7112169107,0.6954120904,0.08347389811,0.8888888889,-0.757353884,phase_randomized,20,1906
MODULATION_DATASET,FFT-derived POW,Band,Alpha,ALL_CHANNELS_MEDIAN,BandMedian.Alpha,163,1630,1640,80,0.6321928095,0.7902410119,0.8258018574,0.1071781742,0.8,-1.806422337,phase_randomized,20,1906
MODULATION_DATASET,FFT-derived POW,Band,Alpha,ALL_CHANNELS_MEDIAN,BandMedian.Alpha,164,1640,1650,80,0.6321928095,0.6321928095,0.6361440145,0.1008586361,1,-0.0391756741,phase_randomized,20,1906
MODULATION_DATASET,FFT-derived POW,Band,Alpha,ALL_CHANNELS_MEDIAN,BandMedian.Alpha,165,1650,1660,80,0.4741446071,0.6321928095,0.6598512449,0.09341465778,0.75,-1.987981781,phase_randomized,20,1906
MODULATION_DATASET,FFT-derived POW,Band,Alpha,ALL_CHANNELS_MEDIAN,BandMedian.Alpha,166,1660,1670,80,0.5531687083,0.6321928095,0.6361440145,0.09754545716,0.875,-0.850632194,phase_randomized,20,1906
MODULATION_DATASET,FFT-derived POW,Band,Alpha,ALL_CHANNELS_MEDIAN,BandMedian.Alpha,167,1670,1680,80,0.869265113,0.6321928095,0.6242903994,0.05675391198,1.375,4.316437496,phase_randomized,20,1906
MODULATION_DATASET,FFT-derived POW,Band,Alpha,ALL_CHANNELS_MEDIAN,BandMedian.Alpha,168,1680,1690,80,0.4741446071,0.6321928095,0.6361440145,0.08298025748,0.75,-1.952264458,phase_randomized,20,1906
MODULATION_DATASET,FFT-derived POW,Band,Alpha,ALL_CHANNELS_MEDIAN,BandMedian.Alpha,169,1690,1700,80,0.6321928095,0.6321928095,0.6559000398,0.1028752018,1,-0.2304465015,phase_randomized,20,1906
MODULATION_DATASET,FFT-derived POW,Band,Alpha,ALL_CHANNELS_MEDIAN,BandMedian.Alpha,170,1700,1710,80,0.7112169107,0.5926807589,0.600583169,0.1038292427,1.2,1.065535477,phase_randomized,20,1906
MODULATION_DATASET,FFT-derived POW,Band,Alpha,ALL_CHANNELS_MEDIAN,BandMedian.Alpha,171,1710,1720,80,0.4741446071,0.6321928095,0.600583169,0.09729242053,0.75,-1.299572579,phase_randomized,20,1906
MODULATION_DATASET,FFT-derived POW,Band,Alpha,ALL_CHANNELS_MEDIAN,BandMedian.Alpha,172,1720,1730,80,0.5531687083,0.7112169107,0.730972936,0.08056869224,0.7777777778,-2.206865008,phase_randomized,20,1906
MODULATION_DATASET,FFT-derived POW,Band,Alpha,ALL_CHANNELS_MEDIAN,BandMedian.Alpha,173,1730,1740,80,0.7112169107,0.7902410119,0.8218506523,0.115801143,0.9,-0.9553769403,phase_randomized,20,1906
MODULATION_DATASET,FFT-derived POW,Band,Alpha,ALL_CHANNELS_MEDIAN,BandMedian.Alpha,174,1740,1750,80,0.5531687083,0.7112169107,0.734924141,0.1232263975,0.7777777778,-1.474971568,phase_randomized,20,1906
MODULATION_DATASET,FFT-derived POW,Band,Alpha,ALL_CHANNELS_MEDIAN,BandMedian.Alpha,175,1750,1760,80,0.7112169107,0.7112169107,0.6993632955,0.1034327951,1,0.1146020966,phase_randomized,20,1906
MODULATION_DATASET,FFT-derived POW,Band,Alpha,ALL_CHANNELS_MEDIAN,BandMedian.Alpha,176,1760,1770,80,0.5531687083,0.7112169107,0.6875096803,0.1258653777,0.7777777778,-1.067338568,phase_randomized,20,1906
MODULATION_DATASET,FFT-derived POW,Band,Alpha,ALL_CHANNELS_MEDIAN,BandMedian.Alpha,177,1770,1780,80,0.3951205059,0.6321928095,0.6559000398,0.1060219573,0.625,-2.459674775,phase_randomized,20,1906
MODULATION_DATASET,FFT-derived POW,Band,Alpha,ALL_CHANNELS_MEDIAN,BandMedian.Alpha,178,1780,1790,80,0.7112169107,0.7902410119,0.7783873967,0.1125628176,0.9,-0.596737781,phase_randomized,20,1906
MODULATION_DATASET,FFT-derived POW,Band,Alpha,ALL_CHANNELS_MEDIAN,BandMedian.Alpha,179,1790,1800,80,0.5531687083,0.6321928095,0.6084855791,0.09279688756,0.875,-0.5961069631,phase_randomized,20,1906
MODULATION_DATASET,FFT-derived POW,Band,Alpha,ALL_CHANNELS_MEDIAN,BandMedian.Alpha,180,1800,1810,80,0.5531687083,0.6321928095,0.6321928095,0.07251748867,0.875,-1.089724736,phase_randomized,20,1906
BASELINE_EC,FFT-derived POW,Band,BetaL,ALL_CHANNELS_MEDIAN,BandMedian.BetaL,0,0,10,81,0.3130790125,0.5478882719,0.5204938583,0.1114883158,0.5714285714,-1.860417788,phase_randomized,20,1906
BASELINE_EC,FFT-derived POW,Band,BetaL,ALL_CHANNELS_MEDIAN,BandMedian.BetaL,1,10,20,80,0.5531687083,0.6321928095,0.6203391943,0.1034327951,0.875,-0.6494118809,phase_randomized,20,1906
BASELINE_EC,FFT-derived POW,Band,BetaL,ALL_CHANNELS_MEDIAN,BandMedian.BetaL,2,20,30,80,0.2370723036,0.4346325565,0.4464861717,0.1363323965,0.5454545455,-1.536053597,phase_randomized,20,1906
BASELINE_EC,FFT-derived POW,Band,BetaL,ALL_CHANNELS_MEDIAN,BandMedian.BetaL,3,30,40,80,0.3951205059,0.7112169107,0.6954120904,0.1075608179,0.5555555556,-2.791830615,phase_randomized,20,1906
BASELINE_EC,FFT-derived POW,Band,BetaL,ALL_CHANNELS_MEDIAN,BandMedian.BetaL,4,40,50,80,0.7112169107,0.7112169107,0.7270217309,0.09100872599,1,-0.1736626908,phase_randomized,20,1906
BASELINE_EC,FFT-derived POW,Band,BetaL,ALL_CHANNELS_MEDIAN,BandMedian.BetaL,5,50,60,80,0.5531687083,0.6321928095,0.66380245,0.09385343266,0.875,-1.178792704,phase_randomized,20,1906
BASELINE_EC,FFT-derived POW,Band,BetaL,ALL_CHANNELS_MEDIAN,BandMedian.BetaL,6,60,70,80,0.7902410119,0.6321928095,0.6598512449,0.06422507607,1.25,2.030200273,phase_randomized,20,1906
BASELINE_EC,FFT-derived POW,Band,BetaL,ALL_CHANNELS_MEDIAN,BandMedian.BetaL,7,70,80,80,0.7902410119,0.7112169107,0.6875096803,0.1232263975,1.111111111,0.8336795817,phase_randomized,20,1906
BASELINE_EC,FFT-derived POW,Band,BetaL,ALL_CHANNELS_MEDIAN,BandMedian.BetaL,8,80,90,80,0.4741446071,0.5531687083,0.5571199134,0.08685085723,0.8571428571,-0.9553769403,phase_randomized,20,1906
BASELINE_EC,FFT-derived POW,Band,BetaL,ALL_CHANNELS_MEDIAN,BandMedian.BetaL,9,90,100,80,0.6321928095,0.7902410119,0.7665337815,0.120529651,0.8,-1.114588575,phase_randomized,20,1906
BASELINE_EC,FFT-derived POW,Band,BetaL,ALL_CHANNELS_MEDIAN,BandMedian.BetaL,10,100,110,80,0.7112169107,0.7112169107,0.7270217309,0.1163674111,1,-0.1358182681,phase_randomized,20,1906
BASELINE_EC,FFT-derived POW,Band,BetaL,ALL_CHANNELS_MEDIAN,BandMedian.BetaL,11,110,120,80,0.7112169107,0.6321928095,0.6203391943,0.08609066005,1.125,1.055604828,phase_randomized,20,1906
BASELINE_EC,FFT-derived POW,Band,BetaL,ALL_CHANNELS_MEDIAN,BandMedian.BetaL,12,120,130,80,0.4741446071,0.5531687083,0.5373638881,0.09796573251,0.8571428571,-0.6453203516,phase_randomized,20,1906
BASELINE_EC,FFT-derived POW,Band,BetaL,ALL_CHANNELS_MEDIAN,BandMedian.BetaL,13,130,140,80,0.4741446071,0.6321928095,0.6519488348,0.1252764541,0.75,-1.419294862,phase_randomized,20,1906
BASELINE_EC,FFT-derived POW,Band,BetaL,ALL_CHANNELS_MEDIAN,BandMedian.BetaL,14,140,150,80,0.5531687083,0.6321928095,0.596631964,0.08685085723,0.875,-0.5004355402,phase_randomized,20,1906
BASELINE_EC,FFT-derived POW,Band,BetaL,ALL_CHANNELS_MEDIAN,BandMedian.BetaL,15,150,160,80,0.3951205059,0.5531687083,0.5887295538,0.1102021293,0.7142857143,-1.756853966,phase_randomized,20,1906
BASELINE_EC,FFT-derived POW,Band,BetaL,ALL_CHANNELS_MEDIAN,BandMedian.BetaL,16,160,170,80,0.4741446071,0.6321928095,0.6203391943,0.08982733447,0.75,-1.627506683,phase_randomized,20,1906
BASELINE_EC,FFT-derived POW,Band,BetaL,ALL_CHANNELS_MEDIAN,BandMedian.BetaL,17,170,180,80,0.5531687083,0.6717048601,0.6796072702,0.1129272175,0.8235294118,-1.119646483,phase_randomized,20,1906
BASELINE_EC,FFT-derived POW,Band,BetaL,ALL_CHANNELS_MEDIAN,BandMedian.BetaL,18,180,190,80,0.6321928095,0.5531687083,0.5531687083,0.108776233,1.142857143,0.7264831573,phase_randomized,20,1906
BASELINE_EC,FFT-derived POW,Band,BetaL,ALL_CHANNELS_MEDIAN,BandMedian.BetaL,19,190,200,80,0.6321928095,0.6321928095,0.6282416044,0.1040663863,1,0.03796812016,phase_randomized,20,1906
BASELINE_EC,FFT-derived POW,Band,BetaL,ALL_CHANNELS_MEDIAN,BandMedian.BetaL,20,200,210,80,0.5531687083,0.6321928095,0.6519488348,0.08835163106,0.875,-1.118033989,phase_randomized,20,1906
BASELINE_EC,FFT-derived POW,Band,BetaL,ALL_CHANNELS_MEDIAN,BandMedian.BetaL,21,210,220,80,0.5531687083,0.5926807589,0.6084855791,0.08918471882,0.9333333333,-0.6202505492,phase_randomized,20,1906
BASELINE_EC,FFT-derived POW,Band,BetaL,ALL_CHANNELS_MEDIAN,BandMedian.BetaL,22,220,230,80,0.6321928095,0.6321928095,0.6045343741,0.09341465778,1,0.296082393,phase_randomized,20,1906
BASELINE_EC,FFT-derived POW,Band,BetaL,ALL_CHANNELS_MEDIAN,BandMedian.BetaL,23,230,240,80,0.4741446071,0.5926807589,0.5729247336,0.08835163106,0.8,-1.118033989,phase_randomized,20,1906
BASELINE_EC,FFT-derived POW,Band,BetaL,ALL_CHANNELS_MEDIAN,BandMedian.BetaL,24,240,250,80,0.6321928095,0.6321928095,0.6598512449,0.096869224,1,-0.2855234539,phase_randomized,20,1906
BASELINE_EC,FFT-derived POW,Band,BetaL,ALL_CHANNELS_MEDIAN,BandMedian.BetaL,25,250,260,80,0.6321928095,0.7112169107,0.7546801663,0.1008586361,0.8888888889,-1.214445897,phase_randomized,20,1906
BASELINE_EC,FFT-derived POW,Band,BetaL,ALL_CHANNELS_MEDIAN,BandMedian.BetaL,26,260,270,80,0.7902410119,0.8297530625,0.8297530625,0.09420298111,0.9523809524,-0.4194352464,phase_randomized,20,1906
BASELINE_EC,FFT-derived POW,Band,BetaL,ALL_CHANNELS_MEDIAN,BandMedian.BetaL,27,270,280,80,0.6321928095,0.7112169107,0.730972936,0.07194871527,0.8888888889,-1.372924118,phase_randomized,20,1906
BASELINE_EC,FFT-derived POW,Band,BetaL,ALL_CHANNELS_MEDIAN,BandMedian.BetaL,28,280,290,80,0.5531687083,0.6321928095,0.6361440145,0.1071781742,0.875,-0.7741810016,phase_randomized,20,1906
BASELINE_EC,FFT-derived POW,Band,BetaL,ALL_CHANNELS_MEDIAN,BandMedian.BetaL,29,290,300,80,0.6321928095,0.7112169107,0.7191193208,0.108473656,0.8888888889,-0.8013605749,phase_randomized,20,1906
BASELINE_EC,FFT-derived POW,Band,BetaL,ALL_CHANNELS_MEDIAN,BandMedian.BetaL,30,300,310,80,0.6321928095,0.6321928095,0.667753655,0.09055616861,1,-0.3926937953,phase_randomized,20,1906
BASELINE_EC,FFT-derived POW,Band,BetaL,ALL_CHANNELS_MEDIAN,BandMedian.BetaL,31,310,320,80,0.4741446071,0.5531687083,0.6084855791,0.1060219573,0.8571428571,-1.267105187,phase_randomized,20,1906
BASELINE_EC,FFT-derived POW,Band,BetaL,ALL_CHANNELS_MEDIAN,BandMedian.BetaL,32,320,330,80,0.5531687083,0.5531687083,0.5768759387,0.120529651,1,-0.1966921015,phase_randomized,20,1906
BASELINE_EC,FFT-derived POW,Band,BetaL,ALL_CHANNELS_MEDIAN,BandMedian.BetaL,33,330,340,80,0.7112169107,0.5531687083,0.5768759387,0.08541993796,1.285714286,1.572712124,phase_randomized,20,1906
BASELINE_EC,FFT-derived POW,Band,BetaL,ALL_CHANNELS_MEDIAN,BandMedian.BetaL,34,340,350,80,0.7112169107,0.7112169107,0.7230705259,0.1125628176,1,-0.1053066672,phase_randomized,20,1906
BASELINE_EC,FFT-derived POW,Band,BetaL,ALL_CHANNELS_MEDIAN,BandMedian.BetaL,35,350,360,80,0.5531687083,0.7112169107,0.730972936,0.08056869224,0.7777777778,-2.206865008,phase_randomized,20,1906
BASELINE_EC,FFT-derived POW,Band,BetaL,ALL_CHANNELS_MEDIAN,BandMedian.BetaL,36,360,370,80,0.5531687083,0.5531687083,0.5729247336,0.1021538242,1,-0.1933948676,phase_randomized,20,1906
BASELINE_EC,FFT-derived POW,Band,BetaL,ALL_CHANNELS_MEDIAN,BandMedian.BetaL,37,370,380,80,0.6321928095,0.5531687083,0.5847783488,0.09385343266,1.142857143,0.5051968731,phase_randomized,20,1906
BASELINE_EC,FFT-derived POW,Band,BetaL,ALL_CHANNELS_MEDIAN,BandMedian.BetaL,38,380,390,80,0.7902410119,0.6321928095,0.6479976297,0.07943892871,1.25,1.790600458,phase_randomized,20,1906
BASELINE_EC,FFT-derived POW,Band,BetaL,ALL_CHANNELS_MEDIAN,BandMedian.BetaL,39,390,400,80,0.7112169107,0.7112169107,0.66380245,0.1006139323,1,0.4712514425,phase_randomized,20,1906
BASELINE_EC,FFT-derived POW,Band,BetaL,ALL_CHANNELS_MEDIAN,BandMedian.BetaL,40,400,410,80,0.7112169107,0.6717048601,0.6835584753,0.08982733447,1.058823529,0.3079066698,phase_randomized,20,1906
BASELINE_EC,FFT-derived POW,Band,BetaL,ALL_CHANNELS_MEDIAN,BandMedian.BetaL,41,410,420,80,0.7112169107,0.6321928095,0.6598512449,0.07808268187,1.125,0.6578368537,phase_randomized,20,1906
BASELINE_EC,FFT-derived POW,Band,BetaL,ALL_CHANNELS_MEDIAN,BandMedian.BetaL,42,420,430,80,0.5531687083,0.6321928095,0.6361440145,0.1102021293,0.875,-0.7529374142,phase_randomized,20,1906
BASELINE_EC,FFT-derived POW,Band,BetaL,ALL_CHANNELS_MEDIAN,BandMedian.BetaL,43,430,440,80,0.7902410119,0.7112169107,0.6993632955,0.1210059202,1.111111111,0.7510187619,phase_randomized,20,1906
BASELINE_EC,FFT-derived POW,Band,BetaL,ALL_CHANNELS_MEDIAN,BandMedian.BetaL,44,440,450,80,0.5531687083,0.7112169107,0.7586313714,0.1099782168,0.7777777778,-1.868212352,phase_randomized,20,1906
BASELINE_EC,FFT-derived POW,Band,BetaL,ALL_CHANNELS_MEDIAN,BandMedian.BetaL,45,450,460,80,0.5531687083,0.7902410119,0.7783873967,0.1263215313,0.7,-1.78290024,phase_randomized,20,1906
BASELINE_EC,FFT-derived POW,Band,BetaL,ALL_CHANNELS_MEDIAN,BandMedian.BetaL,46,460,470,80,0.5531687083,0.6321928095,0.6242903994,0.1401952684,0.875,-0.5073045038,phase_randomized,20,1906
BASELINE_EC,FFT-derived POW,Band,BetaL,ALL_CHANNELS_MEDIAN,BandMedian.BetaL,47,470,480,80,0.7902410119,0.6321928095,0.6440464247,0.1363323965,1.25,1.072339304,phase_randomized,20,1906
BASELINE_EC,FFT-derived POW,Band,BetaL,ALL_CHANNELS_MEDIAN,BandMedian.BetaL,48,480,490,80,0.7112169107,0.7112169107,0.6954120904,0.1044604293,1,0.1512995911,phase_randomized,20,1906
BASELINE_EC,FFT-derived POW,Band,BetaL,ALL_CHANNELS_MEDIAN,BandMedian.BetaL,49,490,500,80,0.7112169107,0.5531687083,0.5847783488,0.07430831361,1.285714286,1.701539919,phase_randomized,20,1906
BASELINE_EC,FFT-derived POW,Band,BetaL,ALL_CHANNELS_MEDIAN,BandMedian.BetaL,50,500,510,80,0.7902410119,0.7112169107,0.7388753461,0.096869224,1.111111111,0.530257843,phase_randomized,20,1906
BASELINE_EC,FFT-derived POW,Band,BetaL,ALL_CHANNELS_MEDIAN,BandMedian.BetaL,51,510,520,80,0.6321928095,0.7112169107,0.7112169107,0.09929866089,0.8888888889,-0.7958224258,phase_randomized,20,1906
BASELINE_EC,FFT-derived POW,Band,BetaL,ALL_CHANNELS_MEDIAN,BandMedian.BetaL,52,520,530,80,0.7902410119,0.6321928095,0.667753655,0.07892005361,1.25,1.552043508,phase_randomized,20,1906
BASELINE_EC,FFT-derived POW,Band,BetaL,ALL_CHANNELS_MEDIAN,BandMedian.BetaL,53,530,540,80,0.6321928095,0.869265113,0.8969235485,0.1125628176,0.7272727273,-2.351848902,phase_randomized,20,1906
BASELINE_EC,FFT-derived POW,Band,BetaL,ALL_CHANNELS_MEDIAN,BandMedian.BetaL,54,540,550,80,0.3951205059,0.5531687083,0.5452662982,0.09558839343,0.7142857143,-1.570753382,phase_randomized,20,1906
BASELINE_EC,FFT-derived POW,Band,BetaL,ALL_CHANNELS_MEDIAN,BandMedian.BetaL,55,550,560,80,0.7112169107,0.7507289613,0.7112169107,0.105711497,0.9473684211,-1.050238674e-15,phase_randomized,20,1906
BASELINE_EC,FFT-derived POW,Band,BetaL,ALL_CHANNELS_MEDIAN,BandMedian.BetaL,56,560,570,80,0.6321928095,0.7112169107,0.7151681157,0.05999151423,0.8888888889,-1.383117384,phase_randomized,20,1906
BASELINE_EC,FFT-derived POW,Band,BetaL,ALL_CHANNELS_MEDIAN,BandMedian.BetaL,57,570,580,80,0.7112169107,0.7902410119,0.7744361916,0.08347389811,0.9,-0.757353884,phase_randomized,20,1906
BASELINE_EC,FFT-derived POW,Band,BetaL,ALL_CHANNELS_MEDIAN,BandMedian.BetaL,58,580,590,80,0.6321928095,0.7112169107,0.7112169107,0.09929866089,0.8888888889,-0.7958224258,phase_randomized,20,1906
BASELINE_EC,FFT-derived POW,Band,BetaL,ALL_CHANNELS_MEDIAN,BandMedian.BetaL,59,590,600,80,0.7902410119,0.7112169107,0.734924141,0.08918471882,1.111111111,0.6202505492,phase_randomized,20,1906
BASELINE_EC,FFT-derived POW,Band,BetaL,ALL_CHANNELS_MEDIAN,BandMedian.BetaL,60,600,610,80,0.6321928095,0.5926807589,0.5887295538,0.09411571571,1.066666667,0.4618065679,phase_randomized,20,1906
BASELINE_EC,FFT-derived POW,Band,BetaL,ALL_CHANNELS_MEDIAN,BandMedian.BetaL,61,610,620,80,0.7112169107,0.6321928095,0.6084855791,0.1177711701,1.125,0.872296093,phase_randomized,20,1906
BASELINE_EC,FFT-derived POW,Band,BetaL,ALL_CHANNELS_MEDIAN,BandMedian.BetaL,62,620,630,80,0.3951205059,0.5531687083,0.5808271437,0.1034327951,0.7142857143,-1.795432847,phase_randomized,20,1906
BASELINE_EC,FFT-derived POW,Band,BetaL,ALL_CHANNELS_MEDIAN,BandMedian.BetaL,63,630,640,80,0.7112169107,0.6321928095,0.6242903994,0.08067061346,1.125,1.077548658,phase_randomized,20,1906
BASELINE_EC,FFT-derived POW,Band,BetaL,ALL_CHANNELS_MEDIAN,BandMedian.BetaL,64,640,650,80,0.6321928095,0.6321928095,0.6163879893,0.1105743091,1,0.1429339271,phase_randomized,20,1906
BASELINE_EC,FFT-derived POW,Band,BetaL,ALL_CHANNELS_MEDIAN,BandMedian.BetaL,65,650,660,80,0.7112169107,0.6321928095,0.600583169,0.09729242053,1.125,1.137126007,phase_randomized,20,1906
BASELINE_EC,FFT-derived POW,Band,BetaL,ALL_CHANNELS_MEDIAN,BandMedian.BetaL,66,660,670,80,0.869265113,0.7902410119,0.7665337815,0.06332317466,1.1,1.622333878,phase_randomized,20,1906
BASELINE_EC,FFT-derived POW,Band,BetaL,ALL_CHANNELS_MEDIAN,BandMedian.BetaL,67,670,680,80,0.7902410119,0.7112169107,0.7270217309,0.1075608179,1.111111111,0.5877538136,phase_randomized,20,1906
BASELINE_EC,FFT-derived POW,Band,BetaL,ALL_CHANNELS_MEDIAN,BandMedian.BetaL,68,680,690,80,0.7902410119,0.7112169107,0.6796072702,0.09729242053,1.111111111,1.137126007,phase_randomized,20,1906
BASELINE_EC,FFT-derived POW,Band,BetaL,ALL_CHANNELS_MEDIAN,BandMedian.BetaL,69,690,700,80,0.6321928095,0.7902410119,0.8099970372,0.1143013424,0.8,-1.555574274,phase_randomized,20,1906
BASELINE_EC,FFT-derived POW,Band,BetaL,ALL_CHANNELS_MEDIAN,BandMedian.BetaL,70,700,710,80,0.4741446071,0.5531687083,0.533412683,0.06722551122,0.8571428571,-0.8816307205,phase_randomized,20,1906
BASELINE_EC,FFT-derived POW,Band,BetaL,ALL_CHANNELS_MEDIAN,BandMedian.BetaL,71,710,720,80,0.7112169107,0.5531687083,0.596631964,0.1102021293,1.285714286,1.039770715,phase_randomized,20,1906
BASELINE_EC,FFT-derived POW,Band,BetaL,ALL_CHANNELS_MEDIAN,BandMedian.BetaL,72,720,730,80,0.7902410119,0.7112169107,0.7151681157,0.07892005361,1.111111111,0.9512524725,phase_randomized,20,1906
BASELINE_EC,FFT-derived POW,Band,BetaL,ALL_CHANNELS_MEDIAN,BandMedian.BetaL,73,730,740,80,0.6321928095,0.5531687083,0.596631964,0.09411571571,1.142857143,0.3778417373,phase_randomized,20,1906
BASELINE_EC,FFT-derived POW,Band,BetaL,ALL_CHANNELS_MEDIAN,BandMedian.BetaL,74,740,750,80,0.6321928095,0.6321928095,0.6361440145,0.07463930996,1,-0.05293732031,phase_randomized,20,1906
BASELINE_EC,FFT-derived POW,Band,BetaL,ALL_CHANNELS_MEDIAN,BandMedian.BetaL,75,750,760,80,0.6321928095,0.6321928095,0.6598512449,0.096869224,1,-0.2855234539,phase_randomized,20,1906
BASELINE_EC,FFT-derived POW,Band,BetaL,ALL_CHANNELS_MEDIAN,BandMedian.BetaL,76,760,770,80,0.4741446071,0.6321928095,0.6203391943,0.1154458149,0.75,-1.26634809,phase_randomized,20,1906
BASELINE_EC,FFT-derived POW,Band,BetaL,ALL_CHANNELS_MEDIAN,BandMedian.BetaL,77,770,780,80,0.5531687083,0.6321928095,0.6479976297,0.1218854828,0.875,-0.7780165387,phase_randomized,20,1906
BASELINE_EC,FFT-derived POW,Band,BetaL,ALL_CHANNELS_MEDIAN,BandMedian.BetaL,78,780,790,80,0.7112169107,0.7112169107,0.7191193208,0.09896711185,1,-0.0798488505,phase_randomized,20,1906
BASELINE_EC,FFT-derived POW,Band,BetaL,ALL_CHANNELS_MEDIAN,BandMedian.BetaL,79,790,800,80,0.6321928095,0.7112169107,0.7112169107,0.07691641199,0.8888888889,-1.027402334,phase_randomized,20,1906
BASELINE_EC,FFT-derived POW,Band,BetaL,ALL_CHANNELS_MEDIAN,BandMedian.BetaL,80,800,810,80,0.5531687083,0.7112169107,0.7033145006,0.07648790497,0.7777777778,-1.963000455,phase_randomized,20,1906
BASELINE_EC,FFT-derived POW,Band,BetaL,ALL_CHANNELS_MEDIAN,BandMedian.BetaL,81,810,820,80,0.6321928095,0.6321928095,0.6282416044,0.1215479427,1,0.03250737916,phase_randomized,20,1906
BASELINE_EC,FFT-derived POW,Band,BetaL,ALL_CHANNELS_MEDIAN,BandMedian.BetaL,82,820,830,80,0.5531687083,0.5926807589,0.5847783488,0.09729242053,0.9333333333,-0.3248931448,phase_randomized,20,1906
BASELINE_EC,FFT-derived POW,Band,BetaL,ALL_CHANNELS_MEDIAN,BandMedian.BetaL,83,830,840,80,0.6321928095,0.6321928095,0.6242903994,0.09558839343,1,0.08267123063,phase_randomized,20,1906
BASELINE_EC,FFT-derived POW,Band,BetaL,ALL_CHANNELS_MEDIAN,BandMedian.BetaL,84,840,850,80,0.7112169107,0.7112169107,0.667753655,0.09411571571,1,0.4618065679,phase_randomized,20,1906
BASELINE_EC,FFT-derived POW,Band,BetaL,ALL_CHANNELS_MEDIAN,BandMedian.BetaL,85,850,860,80,0.7112169107,0.6717048601,0.6717048601,0.1041453142,1.058823529,0.3793934553,phase_randomized,20,1906
BASELINE_EC,FFT-derived POW,Band,BetaL,ALL_CHANNELS_MEDIAN,BandMedian.BetaL,86,860,870,80,0.7112169107,0.5531687083,0.5571199134,0.07463930996,1.285714286,2.064555492,phase_randomized,20,1906
BASELINE_EC,FFT-derived POW,Band,BetaL,ALL_CHANNELS_MEDIAN,BandMedian.BetaL,87,870,880,80,0.6321928095,0.5531687083,0.5847783488,0.1038292427,1.142857143,0.4566580618,phase_randomized,20,1906
BASELINE_EC,FFT-derived POW,Band,BetaL,ALL_CHANNELS_MEDIAN,BandMedian.BetaL,88,880,890,80,0.5531687083,0.7112169107,0.734924141,0.1028752018,0.7777777778,-1.766756512,phase_randomized,20,1906
BASELINE_EC,FFT-derived POW,Band,BetaL,ALL_CHANNELS_MEDIAN,BandMedian.BetaL,89,890,900,80,0.6321928095,0.7112169107,0.7230705259,0.08218426539,0.8888888889,-1.105779992,phase_randomized,20,1906
BASELINE_EC,FFT-derived POW,Band,BetaL,ALL_CHANNELS_MEDIAN,BandMedian.BetaL,90,900,910,80,0.7112169107,0.6321928095,0.6479976297,0.09455123731,1.125,0.6686245759,phase_randomized,20,1906
BASELINE_EC,FFT-derived POW,Band,BetaL,ALL_CHANNELS_MEDIAN,BandMedian.BetaL,91,910,920,80,0.7112169107,0.6321928095,0.6519488348,0.09199651613,1.125,0.6442426124,phase_randomized,20,1906
BASELINE_EC,FFT-derived POW,Band,BetaL,ALL_CHANNELS_MEDIAN,BandMedian.BetaL,92,920,930,80,0.7112169107,0.6321928095,0.6559000398,0.1359098466,1.125,0.4070115023,phase_randomized,20,1906
BASELINE_EC,FFT-derived POW,Band,BetaL,ALL_CHANNELS_MEDIAN,BandMedian.BetaL,93,930,940,80,0.6321928095,0.7112169107,0.7625825764,0.07808268187,0.8888888889,-1.669893552,phase_randomized,20,1906
BASELINE_EC,FFT-derived POW,Band,BetaL,ALL_CHANNELS_MEDIAN,BandMedian.BetaL,94,940,950,80,0.5531687083,0.7112169107,0.730972936,0.1143013424,0.7777777778,-1.555574274,phase_randomized,20,1906
BASELINE_EC,FFT-derived POW,Band,BetaL,ALL_CHANNELS_MEDIAN,BandMedian.BetaL,95,950,960,80,0.7112169107,0.6321928095,0.6519488348,0.06722551122,1.125,0.8816307205,phase_randomized,20,1906
BASELINE_EC,FFT-derived POW,Band,BetaL,ALL_CHANNELS_MEDIAN,BandMedian.BetaL,96,960,970,80,0.7112169107,0.7507289613,0.7704849866,0.08835163106,0.9473684211,-0.6708203932,phase_randomized,20,1906
BASELINE_EC,FFT-derived POW,Band,BetaL,ALL_CHANNELS_MEDIAN,BandMedian.BetaL,97,970,980,80,0.4741446071,0.5531687083,0.5808271437,0.096869224,0.8571428571,-1.101304751,phase_randomized,20,1906
BASELINE_EC,FFT-derived POW,Band,BetaL,ALL_CHANNELS_MEDIAN,BandMedian.BetaL,98,980,990,80,0.6321928095,0.6321928095,0.6559000398,0.08148139377,1,-0.2909526858,phase_randomized,20,1906
BASELINE_EC,FFT-derived POW,Band,BetaL,ALL_CHANNELS_MEDIAN,BandMedian.BetaL,99,990,1000,80,0.5531687083,0.6321928095,0.6282416044,0.08298025748,0.875,-0.9047079197,phase_randomized,20,1906
BASELINE_EC,FFT-derived POW,Band,BetaL,ALL_CHANNELS_MEDIAN,BandMedian.BetaL,100,1000,1010,80,0.4741446071,0.6717048601,0.6796072702,0.09385343266,0.7058823529,-2.18918645,phase_randomized,20,1906
BASELINE_EC,FFT-derived POW,Band,BetaL,ALL_CHANNELS_MEDIAN,BandMedian.BetaL,101,1010,1020,80,0.5531687083,0.6321928095,0.6203391943,0.1034327951,0.875,-0.6494118809,phase_randomized,20,1906
BASELINE_EC,FFT-derived POW,Band,BetaL,ALL_CHANNELS_MEDIAN,BandMedian.BetaL,102,1020,1030,80,0.6321928095,0.7112169107,0.734924141,0.06831670893,0.8888888889,-1.503751178,phase_randomized,20,1906
BASELINE_EC,FFT-derived POW,Band,BetaL,ALL_CHANNELS_MEDIAN,BandMedian.BetaL,103,1030,1040,80,0.5531687083,0.6321928095,0.6282416044,0.07892005361,0.875,-0.9512524725,phase_randomized,20,1906
BASELINE_EC,FFT-derived POW,Band,BetaL,ALL_CHANNELS_MEDIAN,BandMedian.BetaL,104,1040,1050,80,0.5531687083,0.6321928095,0.6400952196,0.1329761951,0.875,-0.6536997935,phase_randomized,20,1906
BASELINE_EC,FFT-derived POW,Band,BetaL,ALL_CHANNELS_MEDIAN,BandMedian.BetaL,105,1050,1060,80,0.3951205059,0.7112169107,0.7665337815,0.1090779707,0.5555555556,-3.405025535,phase_randomized,20,1906
BASELINE_EC,FFT-derived POW,Band,BetaL,ALL_CHANNELS_MEDIAN,BandMedian.BetaL,106,1060,1070,80,0.7112169107,0.6717048601,0.6835584753,0.1125628176,1.058823529,0.2457155569,phase_randomized,20,1906
BASELINE_EC,FFT-derived POW,Band,BetaL,ALL_CHANNELS_MEDIAN,BandMedian.BetaL,107,1070,1080,80,0.4741446071,0.6321928095,0.6321928095,0.08881542233,0.75,-1.779513042,phase_randomized,20,1906
BASELINE_EC,FFT-derived POW,Band,BetaL,ALL_CHANNELS_MEDIAN,BandMedian.BetaL,108,1080,1090,80,0.5531687083,0.6321928095,0.6519488348,0.1143013424,0.875,-0.8642079298,phase_randomized,20,1906
BASELINE_EC,FFT-derived POW,Band,BetaL,ALL_CHANNELS_MEDIAN,BandMedian.BetaL,109,1090,1100,80,0.6321928095,0.7507289613,0.7546801663,0.1188131058,0.8421052632,-1.030924628,phase_randomized,20,1906
BASELINE_EC,FFT-derived POW,Band,BetaL,ALL_CHANNELS_MEDIAN,BandMedian.BetaL,110,1100,1110,80,0.7112169107,0.5531687083,0.600583169,0.0902835453,1.285714286,1.225403159,phase_randomized,20,1906
BASELINE_EC,FFT-derived POW,Band,BetaL,ALL_CHANNELS_MEDIAN,BandMedian.BetaL,111,1110,1120,80,0.7112169107,0.7902410119,0.7941922169,0.1040663863,0.9,-0.7973305234,phase_randomized,20,1906
BASELINE_EC,FFT-derived POW,Band,BetaL,ALL_CHANNELS_MEDIAN,BandMedian.BetaL,112,1120,1130,80,0.4741446071,0.5531687083,0.5176078628,0.113145294,0.8571428571,-0.3841366627,phase_randomized,20,1906
BASELINE_EC,FFT-derived POW,Band,BetaL,ALL_CHANNELS_MEDIAN,BandMedian.BetaL,113,1130,1140,80,0.6321928095,0.6321928095,0.6756560651,0.1040663863,1,-0.4176493218,phase_randomized,20,1906
BASELINE_EC,FFT-derived POW,Band,BetaL,ALL_CHANNELS_MEDIAN,BandMedian.BetaL,114,1140,1150,80,0.6321928095,0.7902410119,0.8178994473,0.096869224,0.8,-1.917086048,phase_randomized,20,1906
BASELINE_EC,FFT-derived POW,Band,BetaL,ALL_CHANNELS_MEDIAN,BandMedian.BetaL,115,1150,1160,80,0.7112169107,0.7112169107,0.6993632955,0.08982733447,1,0.1319600013,phase_randomized,20,1906
BASELINE_EC,FFT-derived POW,Band,BetaL,ALL_CHANNELS_MEDIAN,BandMedian.BetaL,116,1160,1170,80,0.7902410119,0.7112169107,0.6993632955,0.06915351522,1.111111111,1.314144568,phase_randomized,20,1906
BASELINE_EC,FFT-derived POW,Band,BetaL,ALL_CHANNELS_MEDIAN,BandMedian.BetaL,117,1170,1180,80,0.7112169107,0.6321928095,0.6203391943,0.1034327951,1.125,0.8786160742,phase_randomized,20,1906
BASELINE_EC,FFT-derived POW,Band,BetaL,ALL_CHANNELS_MEDIAN,BandMedian.BetaL,118,1180,1190,80,0.7112169107,0.7507289613,0.7625825764,0.1314223185,0.9473684211,-0.3908443128,phase_randomized,20,1906
BASELINE_EC,FFT-derived POW,Band,BetaL,ALL_CHANNELS_MEDIAN,BandMedian.BetaL,119,1190,1200,80,0.6321928095,0.6321928095,0.6242903994,0.08067061346,1,0.09795896894,phase_randomized,20,1906
BASELINE_EC,FFT-derived POW,Band,BetaL,ALL_CHANNELS_MEDIAN,BandMedian.BetaL,120,1200,1210,80,0.4741446071,0.7112169107,0.7191193208,0.135425318,0.6666666667,-1.808928473,phase_randomized,20,1906
BASELINE_EC,FFT-derived POW,Band,BetaL,ALL_CHANNELS_MEDIAN,BandMedian.BetaL,121,1210,1220,80,0.5531687083,0.5926807589,0.6242903994,0.1172116839,0.9333333333,-0.6067798762,phase_randomized,20,1906
BASELINE_EC,FFT-derived POW,Band,BetaL,ALL_CHANNELS_MEDIAN,BandMedian.BetaL,122,1220,1230,80,0.7902410119,0.7112169107,0.7112169107,0.09929866089,1.111111111,0.7958224258,phase_randomized,20,1906
BASELINE_EC,FFT-derived POW,Band,BetaL,ALL_CHANNELS_MEDIAN,BandMedian.BetaL,123,1230,1240,80,0.4741446071,0.6321928095,0.6163879893,0.07943892871,0.75,-1.790600458,phase_randomized,20,1906
BASELINE_EC,FFT-derived POW,Band,BetaL,ALL_CHANNELS_MEDIAN,BandMedian.BetaL,124,1240,1250,80,0.7902410119,0.7112169107,0.6717048601,0.09064686084,1.111111111,1.307669683,phase_randomized,20,1906
BASELINE_EC,FFT-derived POW,Band,BetaL,ALL_CHANNELS_MEDIAN,BandMedian.BetaL,125,1250,1260,80,0.7112169107,0.6321928095,0.5926807589,0.08307922026,1.125,1.426784597,phase_randomized,20,1906
BASELINE_EC,FFT-derived POW,Band,BetaL,ALL_CHANNELS_MEDIAN,BandMedian.BetaL,126,1260,1270,80,0.7112169107,0.7112169107,0.7072657056,0.09754545716,1,0.04050629495,phase_randomized,20,1906
BASELINE_EC,FFT-derived POW,Band,BetaL,ALL_CHANNELS_MEDIAN,BandMedian.BetaL,127,1270,1280,80,0.7112169107,0.5926807589,0.5887295538,0.08298025748,1.2,1.476102395,phase_randomized,20,1906
BASELINE_EC,FFT-derived POW,Band,BetaL,ALL_CHANNELS_MEDIAN,BandMedian.BetaL,128,1280,1290,80,0.5531687083,0.7112169107,0.7270217309,0.1394901746,0.7777777778,-1.246346011,phase_randomized,20,1906
BASELINE_EC,FFT-derived POW,Band,BetaL,ALL_CHANNELS_MEDIAN,BandMedian.BetaL,129,1290,1300,80,0.6321928095,0.6321928095,0.6282416044,0.07892005361,1,0.05006591961,phase_randomized,20,1906
BASELINE_EC,FFT-derived POW,Band,BetaL,ALL_CHANNELS_MEDIAN,BandMedian.BetaL,130,1300,1310,80,0.6321928095,0.5531687083,0.5215590678,0.1006139323,1.142857143,1.099586699,phase_randomized,20,1906
BASELINE_EC,FFT-derived POW,Band,BetaL,ALL_CHANNELS_MEDIAN,BandMedian.BetaL,131,1310,1320,80,0.5531687083,0.5531687083,0.5571199134,0.09754545716,1,-0.04050629495,phase_randomized,20,1906
BASELINE_EC,FFT-derived POW,Band,BetaL,ALL_CHANNELS_MEDIAN,BandMedian.BetaL,132,1320,1330,80,0.5531687083,0.7112169107,0.6993632955,0.08982733447,0.7777777778,-1.627506683,phase_randomized,20,1906
BASELINE_EC,FFT-derived POW,Band,BetaL,ALL_CHANNELS_MEDIAN,BandMedian.BetaL,133,1330,1340,80,0.7112169107,0.7507289613,0.7823386017,0.1022342286,0.9473684211,-0.695673964,phase_randomized,20,1906
BASELINE_EC,FFT-derived POW,Band,BetaL,ALL_CHANNELS_MEDIAN,BandMedian.BetaL,134,1340,1350,80,0.7112169107,0.6321928095,0.6519488348,0.1053221347,1.125,0.5627314339,phase_randomized,20,1906
BASELINE_EC,FFT-derived POW,Band,BetaL,ALL_CHANNELS_MEDIAN,BandMedian.BetaL,135,1350,1360,80,0.4741446071,0.6321928095,0.6124367842,0.1171415603,0.75,-1.180556045,phase_randomized,20,1906
BASELINE_EC,FFT-derived POW,Band,BetaL,ALL_CHANNELS_MEDIAN,BandMedian.BetaL,136,1360,1370,80,0.4741446071,0.5926807589,0.6045343741,0.1288971587,0.8,-1.011579838,phase_randomized,20,1906
BASELINE_EC,FFT-derived POW,Band,BetaL,ALL_CHANNELS_MEDIAN,BandMedian.BetaL,137,1370,1380,80,0.6321928095,0.6321928095,0.6242903994,0.08844458388,1,0.08934871727,phase_randomized,20,1906
BASELINE_EC,FFT-derived POW,Band,BetaL,ALL_CHANNELS_MEDIAN,BandMedian.BetaL,138,1380,1390,80,0.5531687083,0.7112169107,0.7191193208,0.09558839343,0.7777777778,-1.736095843,phase_randomized,20,1906
BASELINE_EC,FFT-derived POW,Band,BetaL,ALL_CHANNELS_MEDIAN,BandMedian.BetaL,139,1390,1400,80,0.7112169107,0.7112169107,0.667753655,0.1040663863,1,0.4176493218,phase_randomized,20,1906
BASELINE_EC,FFT-derived POW,Band,BetaL,ALL_CHANNELS_MEDIAN,BandMedian.BetaL,140,1400,1410,80,0.6321928095,0.7112169107,0.7270217309,0.07068130485,0.8888888889,-1.341640786,phase_randomized,20,1906
BASELINE_EC,FFT-derived POW,Band,BetaL,ALL_CHANNELS_MEDIAN,BandMedian.BetaL,141,1410,1420,80,0.6321928095,0.7902410119,0.7862898068,0.1008586361,0.8,-1.52785129,phase_randomized,20,1906
BASELINE_EC,FFT-derived POW,Band,BetaL,ALL_CHANNELS_MEDIAN,BandMedian.BetaL,142,1420,1430,80,0.7112169107,0.6717048601,0.6598512449,0.096869224,1.058823529,0.530257843,phase_randomized,20,1906
BASELINE_EC,FFT-derived POW,Band,BetaL,ALL_CHANNELS_MEDIAN,BandMedian.BetaL,143,1430,1440,80,0.7112169107,0.7112169107,0.6756560651,0.09411571571,1,0.3778417373,phase_randomized,20,1906
BASELINE_EC,FFT-derived POW,Band,BetaL,ALL_CHANNELS_MEDIAN,BandMedian.BetaL,144,1440,1450,80,0.5531687083,0.6321928095,0.66380245,0.115801143,0.875,-0.9553769403,phase_randomized,20,1906
BASELINE_EC,FFT-derived POW,Band,BetaL,ALL_CHANNELS_MEDIAN,BandMedian.BetaL,145,1450,1460,80,0.4741446071,0.7112169107,0.7151681157,0.09055616861,0.6666666667,-2.661591279,phase_randomized,20,1906
BASELINE_EC,FFT-derived POW,Band,BetaL,ALL_CHANNELS_MEDIAN,BandMedian.BetaL,146,1460,1470,80,0.6321928095,0.7507289613,0.7744361916,0.09455123731,0.8421052632,-1.504405296,phase_randomized,20,1906
BASELINE_EC,FFT-derived POW,Band,BetaL,ALL_CHANNELS_MEDIAN,BandMedian.BetaL,147,1470,1480,80,0.5531687083,0.6321928095,0.6203391943,0.1034327951,0.875,-0.6494118809,phase_randomized,20,1906
BASELINE_EC,FFT-derived POW,Band,BetaL,ALL_CHANNELS_MEDIAN,BandMedian.BetaL,148,1480,1490,80,0.5531687083,0.5926807589,0.5768759387,0.1177711701,0.9333333333,-0.2012990984,phase_randomized,20,1906
BASELINE_EC,FFT-derived POW,Band,BetaL,ALL_CHANNELS_MEDIAN,BandMedian.BetaL,149,1490,1500,80,0.6321928095,0.7112169107,0.7151681157,0.1160138174,0.8888888889,-0.7152191703,phase_randomized,20,1906
BASELINE_EC,FFT-derived POW,Band,BetaL,ALL_CHANNELS_MEDIAN,BandMedian.BetaL,150,1500,1510,80,0.3951205059,0.6321928095,0.6242903994,0.127937375,0.625,-1.791266183,phase_randomized,20,1906
BASELINE_EC,FFT-derived POW,Band,BetaL,ALL_CHANNELS_MEDIAN,BandMedian.BetaL,151,1510,1520,80,0.6321928095,0.6321928095,0.6361440145,0.09754545716,1,-0.04050629495,phase_randomized,20,1906
BASELINE_EC,FFT-derived POW,Band,BetaL,ALL_CHANNELS_MEDIAN,BandMedian.BetaL,152,1520,1530,80,0.6321928095,0.6321928095,0.6163879893,0.09455123731,1,0.167156144,phase_randomized,20,1906
BASELINE_EC,FFT-derived POW,Band,BetaL,ALL_CHANNELS_MEDIAN,BandMedian.BetaL,153,1530,1540,80,0.7112169107,0.6321928095,0.6361440145,0.1008586361,1.125,0.7443378079,phase_randomized,20,1906
BASELINE_EC,FFT-derived POW,Band,BetaL,ALL_CHANNELS_MEDIAN,BandMedian.BetaL,154,1540,1550,80,0.3951205059,0.5531687083,0.5768759387,0.09627362366,0.7142857143,-1.887904764,phase_randomized,20,1906
BASELINE_EC,FFT-derived POW,Band,BetaL,ALL_CHANNELS_MEDIAN,BandMedian.BetaL,155,1550,1560,80,0.6321928095,0.6321928095,0.6242903994,0.1054001222,1,0.07497534111,phase_randomized,20,1906
BASELINE_EC,FFT-derived POW,Band,BetaL,ALL_CHANNELS_MEDIAN,BandMedian.BetaL,156,1560,1570,80,0.7902410119,0.7902410119,0.7625825764,0.1034327951,1,0.2674048921,phase_randomized,20,1906
BASELINE_EC,FFT-derived POW,Band,BetaL,ALL_CHANNELS_MEDIAN,BandMedian.BetaL,157,1570,1580,80,0.7112169107,0.7112169107,0.7388753461,0.1154458149,1,-0.2395793683,phase_randomized,20,1906
BASELINE_EC,FFT-derived POW,Band,BetaL,ALL_CHANNELS_MEDIAN,BandMedian.BetaL,158,1580,1590,80,0.7902410119,0.7902410119,0.802094627,0.08609066005,1,-0.1376875862,phase_randomized,20,1906
BASELINE_EC,FFT-derived POW,Band,BetaL,ALL_CHANNELS_MEDIAN,BandMedian.BetaL,159,1590,1600,80,0.7112169107,0.6321928095,0.6519488348,0.0845497631,1.125,0.7009845293,phase_randomized,20,1906
BASELINE_EC,FFT-derived POW,Band,BetaL,ALL_CHANNELS_MEDIAN,BandMedian.BetaL,160,1600,1610,81,0.4696185187,0.5478882719,0.5244073459,0.09535461514,0.8571428571,-0.5745797107,phase_randomized,20,1906
BASELINE_EC,FFT-derived POW,Band,BetaL,ALL_CHANNELS_MEDIAN,BandMedian.BetaL,161,1610,1620,80,0.5531687083,0.7112169107,0.6717048601,0.1072548122,0.7777777778,-1.105182596,phase_randomized,20,1906
BASELINE_EC,FFT-derived POW,Band,BetaL,ALL_CHANNELS_MEDIAN,BandMedian.BetaL,162,1620,1630,80,0.5531687083,0.5531687083,0.5215590678,0.1038292427,1,0.3044387078,phase_randomized,20,1906
BASELINE_EC,FFT-derived POW,Band,BetaL,ALL_CHANNELS_MEDIAN,BandMedian.BetaL,163,1630,1640,80,0.5531687083,0.5531687083,0.5650223235,0.08982733447,1,-0.1319600013,phase_randomized,20,1906
BASELINE_EC,FFT-derived POW,Band,BetaL,ALL_CHANNELS_MEDIAN,BandMedian.BetaL,164,1640,1650,80,0.869265113,0.7112169107,0.7191193208,0.08464689095,1.222222222,1.773789806,phase_randomized,20,1906
BASELINE_EC,FFT-derived POW,Band,BetaL,ALL_CHANNELS_MEDIAN,BandMedian.BetaL,165,1650,1660,80,0.6321928095,0.6321928095,0.6282416044,0.07892005361,1,0.05006591961,phase_randomized,20,1906
BASELINE_EC,FFT-derived POW,Band,BetaL,ALL_CHANNELS_MEDIAN,BandMedian.BetaL,166,1660,1670,80,0.7112169107,0.7507289613,0.7467777562,0.1319215504,0.9473684211,-0.2695605489,phase_randomized,20,1906
BASELINE_EC,FFT-derived POW,Band,BetaL,ALL_CHANNELS_MEDIAN,BandMedian.BetaL,167,1670,1680,80,0.7112169107,0.7112169107,0.6993632955,0.1065630863,1,0.1112356594,phase_randomized,20,1906
BASELINE_EC,FFT-derived POW,Band,BetaL,ALL_CHANNELS_MEDIAN,BandMedian.BetaL,168,1680,1690,80,0.5531687083,0.7112169107,0.7112169107,0.07691641199,0.7777777778,-2.054804668,phase_randomized,20,1906
BASELINE_EC,FFT-derived POW,Band,BetaL,ALL_CHANNELS_MEDIAN,BandMedian.BetaL,169,1690,1700,80,0.4741446071,0.6321928095,0.6163879893,0.09455123731,0.75,-1.504405296,phase_randomized,20,1906
BASELINE_EC,FFT-derived POW,Band,BetaL,ALL_CHANNELS_MEDIAN,BandMedian.BetaL,170,1700,1710,80,0.6321928095,0.6321928095,0.6756560651,0.1343898944,1,-0.3234116362,phase_randomized,20,1906
BASELINE_EC,FFT-derived POW,Band,BetaL,ALL_CHANNELS_MEDIAN,BandMedian.BetaL,171,1710,1720,80,0.4741446071,0.5531687083,0.5610711184,0.1199830285,0.8571428571,-0.7244900584,phase_randomized,20,1906
BASELINE_EC,FFT-derived POW,Band,BetaL,ALL_CHANNELS_MEDIAN,BandMedian.BetaL,172,1720,1730,80,0.4741446071,0.6321928095,0.66380245,0.07430831361,0.75,-2.552309878,phase_randomized,20,1906
BASELINE_EC,FFT-derived POW,Band,BetaL,ALL_CHANNELS_MEDIAN,BandMedian.BetaL,173,1730,1740,80,0.5531687083,0.7112169107,0.7388753461,0.1096040129,0.7777777778,-1.694341593,phase_randomized,20,1906
BASELINE_EC,FFT-derived POW,Band,BetaL,ALL_CHANNELS_MEDIAN,BandMedian.BetaL,174,1740,1750,80,0.6321928095,0.6321928095,0.6717048601,0.1009400723,1,-0.3914406806,phase_randomized,20,1906
BASELINE_EC,FFT-derived POW,Band,BetaL,ALL_CHANNELS_MEDIAN,BandMedian.BetaL,175,1750,1760,80,0.5531687083,0.7902410119,0.7783873967,0.08609066005,0.7,-2.616064138,phase_randomized,20,1906
BASELINE_EC,FFT-derived POW,Band,BetaL,ALL_CHANNELS_MEDIAN,BandMedian.BetaL,176,1760,1770,80,0.5531687083,0.7112169107,0.6954120904,0.1044604293,0.7777777778,-1.36169632,phase_randomized,20,1906
BASELINE_EC,FFT-derived POW,Band,BetaL,ALL_CHANNELS_MEDIAN,BandMedian.BetaL,177,1770,1780,80,0.9482892142,0.6321928095,0.66380245,0.09385343266,1.5,3.031181239,phase_randomized,20,1906
BASELINE_EC,FFT-derived POW,Band,BetaL,ALL_CHANNELS_MEDIAN,BandMedian.BetaL,178,1780,1790,80,0.7112169107,0.7112169107,0.7388753461,0.096869224,1,-0.2855234539,phase_randomized,20,1906
BASELINE_EC,FFT-derived POW,Band,BetaL,ALL_CHANNELS_MEDIAN,BandMedian.BetaL,179,1790,1800,80,0.5531687083,0.6321928095,0.6440464247,0.08218426539,0.875,-1.105779992,phase_randomized,20,1906
BASELINE_EC,FFT-derived POW,Band,BetaL,ALL_CHANNELS_MEDIAN,BandMedian.BetaL,180,1800,1810,80,0.6321928095,0.6321928095,0.6124367842,0.07194871527,1,0.2745848237,phase_randomized,20,1906
MODULATION_DATASET,FFT-derived POW,Band,BetaL,ALL_CHANNELS_MEDIAN,BandMedian.BetaL,0,0,10,81,0.3913487656,0.5087533953,0.50092642,0.0929575268,0.7692307692,-1.178792704,phase_randomized,20,1906
MODULATION_DATASET,FFT-derived POW,Band,BetaL,ALL_CHANNELS_MEDIAN,BandMedian.BetaL,1,10,20,80,0.7112169107,0.7112169107,0.7072657056,0.09411571571,1,0.04198241526,phase_randomized,20,1906
MODULATION_DATASET,FFT-derived POW,Band,BetaL,ALL_CHANNELS_MEDIAN,BandMedian.BetaL,2,20,30,80,0.4741446071,0.7112169107,0.6717048601,0.1009400723,0.6666666667,-1.957203403,phase_randomized,20,1906
MODULATION_DATASET,FFT-derived POW,Band,BetaL,ALL_CHANNELS_MEDIAN,BandMedian.BetaL,3,30,40,80,0.7112169107,0.6717048601,0.6914608854,0.1053221347,1.058823529,0.1875771446,phase_randomized,20,1906
MODULATION_DATASET,FFT-derived POW,Band,BetaL,ALL_CHANNELS_MEDIAN,BandMedian.BetaL,4,40,50,80,0.7112169107,0.6321928095,0.6361440145,0.1008586361,1.125,0.7443378079,phase_randomized,20,1906
MODULATION_DATASET,FFT-derived POW,Band,BetaL,ALL_CHANNELS_MEDIAN,BandMedian.BetaL,5,50,60,80,0.5531687083,0.6321928095,0.6203391943,0.08218426539,0.875,-0.8173156466,phase_randomized,20,1906
MODULATION_DATASET,FFT-derived POW,Band,BetaL,ALL_CHANNELS_MEDIAN,BandMedian.BetaL,6,60,70,80,0.5531687083,0.7112169107,0.6954120904,0.09796573251,0.7777777778,-1.451970791,phase_randomized,20,1906
MODULATION_DATASET,FFT-derived POW,Band,BetaL,ALL_CHANNELS_MEDIAN,BandMedian.BetaL,7,70,80,80,0.5531687083,0.6321928095,0.6242903994,0.08464689095,0.875,-0.8402162238,phase_randomized,20,1906
MODULATION_DATASET,FFT-derived POW,Band,BetaL,ALL_CHANNELS_MEDIAN,BandMedian.BetaL,8,80,90,80,0.6321928095,0.7902410119,0.734924141,0.07734254496,0.8,-1.328264173,phase_randomized,20,1906
MODULATION_DATASET,FFT-derived POW,Band,BetaL,ALL_CHANNELS_MEDIAN,BandMedian.BetaL,9,90,100,80,0.4741446071,0.7112169107,0.7230705259,0.1338998658,0.6666666667,-1.859045318,phase_randomized,20,1906
MODULATION_DATASET,FFT-derived POW,Band,BetaL,ALL_CHANNELS_MEDIAN,BandMedian.BetaL,10,100,110,80,0.3951205059,0.5531687083,0.5729247336,0.1083978797,0.7142857143,-1.640292486,phase_randomized,20,1906
MODULATION_DATASET,FFT-derived POW,Band,BetaL,ALL_CHANNELS_MEDIAN,BandMedian.BetaL,11,110,120,80,0.7112169107,0.6321928095,0.6440464247,0.08609066005,1.125,0.7802296552,phase_randomized,20,1906
MODULATION_DATASET,FFT-derived POW,Band,BetaL,ALL_CHANNELS_MEDIAN,BandMedian.BetaL,12,120,130,80,0.6321928095,0.7112169107,0.6993632955,0.1065630863,0.8888888889,-0.6303354033,phase_randomized,20,1906
MODULATION_DATASET,FFT-derived POW,Band,BetaL,ALL_CHANNELS_MEDIAN,BandMedian.BetaL,13,130,140,80,0.7112169107,0.6321928095,0.6361440145,0.09411571571,1.125,0.7976658899,phase_randomized,20,1906
MODULATION_DATASET,FFT-derived POW,Band,BetaL,ALL_CHANNELS_MEDIAN,BandMedian.BetaL,14,140,150,80,0.869265113,0.7112169107,0.730972936,0.09199651613,1.222222222,1.503232762,phase_randomized,20,1906
MODULATION_DATASET,FFT-derived POW,Band,BetaL,ALL_CHANNELS_MEDIAN,BandMedian.BetaL,15,150,160,80,0.4741446071,0.5926807589,0.600583169,0.1240239877,0.8,-1.019468606,phase_randomized,20,1906
MODULATION_DATASET,FFT-derived POW,Band,BetaL,ALL_CHANNELS_MEDIAN,BandMedian.BetaL,16,160,170,80,0.7112169107,0.869265113,0.8534602928,0.09796573251,0.8181818182,-1.451970791,phase_randomized,20,1906
MODULATION_DATASET,FFT-derived POW,Band,BetaL,ALL_CHANNELS_MEDIAN,BandMedian.BetaL,17,170,180,80,0.6321928095,0.7112169107,0.6954120904,0.08347389811,0.8888888889,-0.757353884,phase_randomized,20,1906
MODULATION_DATASET,FFT-derived POW,Band,BetaL,ALL_CHANNELS_MEDIAN,BandMedian.BetaL,18,180,190,80,0.4741446071,0.6717048601,0.6756560651,0.09411571571,0.7058823529,-2.141103178,phase_randomized,20,1906
MODULATION_DATASET,FFT-derived POW,Band,BetaL,ALL_CHANNELS_MEDIAN,BandMedian.BetaL,19,190,200,80,0.3160964047,0.7112169107,0.7230705259,0.1544192621,0.4444444444,-2.635513961,phase_randomized,20,1906
MODULATION_DATASET,FFT-derived POW,Band,BetaL,ALL_CHANNELS_MEDIAN,BandMedian.BetaL,20,200,210,80,0.7112169107,0.869265113,0.8534602928,0.124552877,0.8181818182,-1.142032087,phase_randomized,20,1906
MODULATION_DATASET,FFT-derived POW,Band,BetaL,ALL_CHANNELS_MEDIAN,BandMedian.BetaL,21,210,220,80,0.7112169107,0.6321928095,0.667753655,0.1242225851,1.125,0.3498820735,phase_randomized,20,1906
MODULATION_DATASET,FFT-derived POW,Band,BetaL,ALL_CHANNELS_MEDIAN,BandMedian.BetaL,22,220,230,80,0.6321928095,0.7902410119,0.7625825764,0.1065630863,0.8,-1.223592254,phase_randomized,20,1906
MODULATION_DATASET,FFT-derived POW,Band,BetaL,ALL_CHANNELS_MEDIAN,BandMedian.BetaL,23,230,240,80,0.5531687083,0.6321928095,0.6045343741,0.1065630863,0.875,-0.4820211908,phase_randomized,20,1906
MODULATION_DATASET,FFT-derived POW,Band,BetaL,ALL_CHANNELS_MEDIAN,BandMedian.BetaL,24,240,250,80,0.7112169107,0.7112169107,0.6954120904,0.08347389811,1,0.189338471,phase_randomized,20,1906
MODULATION_DATASET,FFT-derived POW,Band,BetaL,ALL_CHANNELS_MEDIAN,BandMedian.BetaL,25,250,260,80,0.3951205059,0.5531687083,0.5373638881,0.1297232274,0.7142857143,-1.096514364,phase_randomized,20,1906
MODULATION_DATASET,FFT-derived POW,Band,BetaL,ALL_CHANNELS_MEDIAN,BandMedian.BetaL,26,260,270,80,0.7902410119,0.6321928095,0.6203391943,0.08982733447,1.25,1.891426686,phase_randomized,20,1906
MODULATION_DATASET,FFT-derived POW,Band,BetaL,ALL_CHANNELS_MEDIAN,BandMedian.BetaL,27,270,280,80,0.7112169107,0.7112169107,0.7230705259,0.1154458149,1,-0.1026768721,phase_randomized,20,1906
MODULATION_DATASET,FFT-derived POW,Band,BetaL,ALL_CHANNELS_MEDIAN,BandMedian.BetaL,28,280,290,80,0.869265113,0.7902410119,0.8178994473,0.1002047645,1.1,0.5126070205,phase_randomized,20,1906
MODULATION_DATASET,FFT-derived POW,Band,BetaL,ALL_CHANNELS_MEDIAN,BandMedian.BetaL,29,290,300,80,0.7902410119,0.7112169107,0.7546801663,0.09055616861,1.111111111,0.3926937953,phase_randomized,20,1906
MODULATION_DATASET,FFT-derived POW,Band,BetaL,ALL_CHANNELS_MEDIAN,BandMedian.BetaL,30,300,310,80,0.7112169107,0.7112169107,0.7191193208,0.1054001222,1,-0.07497534111,phase_randomized,20,1906
MODULATION_DATASET,FFT-derived POW,Band,BetaL,ALL_CHANNELS_MEDIAN,BandMedian.BetaL,31,310,320,80,0.5531687083,0.6321928095,0.6321928095,0.11749176,0.875,-0.6725927091,phase_randomized,20,1906
MODULATION_DATASET,FFT-derived POW,Band,BetaL,ALL_CHANNELS_MEDIAN,BandMedian.BetaL,32,320,330,80,0.7902410119,0.7902410119,0.7704849866,0.07194871527,1,0.2745848237,phase_randomized,20,1906
MODULATION_DATASET,FFT-derived POW,Band,BetaL,ALL_CHANNELS_MEDIAN,BandMedian.BetaL,33,330,340,80,0.7112169107,0.6321928095,0.6519488348,0.08835163106,1.125,0.6708203932,phase_randomized,20,1906
MODULATION_DATASET,FFT-derived POW,Band,BetaL,ALL_CHANNELS_MEDIAN,BandMedian.BetaL,34,340,350,80,0.5531687083,0.6321928095,0.6479976297,0.1218854828,0.875,-0.7780165387,phase_randomized,20,1906
MODULATION_DATASET,FFT-derived POW,Band,BetaL,ALL_CHANNELS_MEDIAN,BandMedian.BetaL,35,350,360,80,0.6321928095,0.6717048601,0.7033145006,0.108473656,0.9411764706,-0.6556586522,phase_randomized,20,1906
MODULATION_DATASET,FFT-derived POW,Band,BetaL,ALL_CHANNELS_MEDIAN,BandMedian.BetaL,36,360,370,80,0.7112169107,0.6321928095,0.667753655,0.09055616861,1.125,0.4799590831,phase_randomized,20,1906
MODULATION_DATASET,FFT-derived POW,Band,BetaL,ALL_CHANNELS_MEDIAN,BandMedian.BetaL,37,370,380,80,0.869265113,0.6717048601,0.6598512449,0.1387222787,1.294117647,1.509590745,phase_randomized,20,1906
MODULATION_DATASET,FFT-derived POW,Band,BetaL,ALL_CHANNELS_MEDIAN,BandMedian.BetaL,38,380,390,80,0.7112169107,0.5531687083,0.5689735285,0.07943892871,1.285714286,1.790600458,phase_randomized,20,1906
MODULATION_DATASET,FFT-derived POW,Band,BetaL,ALL_CHANNELS_MEDIAN,BandMedian.BetaL,39,390,400,80,0.5531687083,0.5531687083,0.5887295538,0.09754545716,1,-0.3645566546,phase_randomized,20,1906
MODULATION_DATASET,FFT-derived POW,Band,BetaL,ALL_CHANNELS_MEDIAN,BandMedian.BetaL,40,400,410,80,0.7902410119,0.7902410119,0.7783873967,0.07808268187,1,0.1518085047,phase_randomized,20,1906
MODULATION_DATASET,FFT-derived POW,Band,BetaL,ALL_CHANNELS_MEDIAN,BandMedian.BetaL,41,410,420,80,0.4741446071,0.4741446071,0.5136566577,0.1132178929,1,-0.3489912202,phase_randomized,20,1906
MODULATION_DATASET,FFT-derived POW,Band,BetaL,ALL_CHANNELS_MEDIAN,BandMedian.BetaL,42,420,430,80,0.7902410119,0.6321928095,0.6400952196,0.1199830285,1.25,1.251391919,phase_randomized,20,1906
MODULATION_DATASET,FFT-derived POW,Band,BetaL,ALL_CHANNELS_MEDIAN,BandMedian.BetaL,43,430,440,80,0.4741446071,0.6717048601,0.6796072702,0.1069479308,0.7058823529,-1.921146688,phase_randomized,20,1906
MODULATION_DATASET,FFT-derived POW,Band,BetaL,ALL_CHANNELS_MEDIAN,BandMedian.BetaL,44,440,450,80,0.5531687083,0.6717048601,0.6875096803,0.08541993796,0.8235294118,-1.572712124,phase_randomized,20,1906
MODULATION_DATASET,FFT-derived POW,Band,BetaL,ALL_CHANNELS_MEDIAN,BandMedian.BetaL,45,450,460,80,0.7112169107,0.7902410119,0.7586313714,0.05957919654,0.9,-0.7958224258,phase_randomized,20,1906
MODULATION_DATASET,FFT-derived POW,Band,BetaL,ALL_CHANNELS_MEDIAN,BandMedian.BetaL,46,460,470,80,0.4741446071,0.5531687083,0.596631964,0.08685085723,0.8571428571,-1.41031834,phase_randomized,20,1906
MODULATION_DATASET,FFT-derived POW,Band,BetaL,ALL_CHANNELS_MEDIAN,BandMedian.BetaL,47,470,480,80,0.7112169107,0.7112169107,0.7230705259,0.1034327951,1,-0.1146020966,phase_randomized,20,1906
MODULATION_DATASET,FFT-derived POW,Band,BetaL,ALL_CHANNELS_MEDIAN,BandMedian.BetaL,48,480,490,80,0.6321928095,0.6717048601,0.6756560651,0.07463930996,0.9411764706,-0.5823105235,phase_randomized,20,1906
MODULATION_DATASET,FFT-derived POW,Band,BetaL,ALL_CHANNELS_MEDIAN,BandMedian.BetaL,49,490,500,80,0.6321928095,0.7112169107,0.7191193208,0.1054001222,0.8888888889,-0.8247287523,phase_randomized,20,1906
MODULATION_DATASET,FFT-derived POW,Band,BetaL,ALL_CHANNELS_MEDIAN,BandMedian.BetaL,50,500,510,80,0.7112169107,0.7902410119,0.798143422,0.1226917902,0.9,-0.7084949298,phase_randomized,20,1906
MODULATION_DATASET,FFT-derived POW,Band,BetaL,ALL_CHANNELS_MEDIAN,BandMedian.BetaL,51,510,520,80,0.7112169107,0.6321928095,0.6796072702,0.1413626097,1.125,0.2236067977,phase_randomized,20,1906
MODULATION_DATASET,FFT-derived POW,Band,BetaL,ALL_CHANNELS_MEDIAN,BandMedian.BetaL,52,520,530,80,0.4741446071,0.6717048601,0.6717048601,0.1269056052,0.7058823529,-1.556749623,phase_randomized,20,1906
MODULATION_DATASET,FFT-derived POW,Band,BetaL,ALL_CHANNELS_MEDIAN,BandMedian.BetaL,53,530,540,80,0.7902410119,0.7112169107,0.6954120904,0.1271643325,1.111111111,0.7457194922,phase_randomized,20,1906
MODULATION_DATASET,FFT-derived POW,Band,BetaL,ALL_CHANNELS_MEDIAN,BandMedian.BetaL,54,540,550,80,0.7112169107,0.6321928095,0.66380245,0.1292155024,1.125,0.3669409616,phase_randomized,20,1906
MODULATION_DATASET,FFT-derived POW,Band,BetaL,ALL_CHANNELS_MEDIAN,BandMedian.BetaL,55,550,560,80,0.5531687083,0.7112169107,0.7230705259,0.09341465778,0.7777777778,-1.818791843,phase_randomized,20,1906
MODULATION_DATASET,FFT-derived POW,Band,BetaL,ALL_CHANNELS_MEDIAN,BandMedian.BetaL,56,560,570,80,0.4741446071,0.6321928095,0.6282416044,0.1040663863,0.75,-1.480756686,phase_randomized,20,1906
MODULATION_DATASET,FFT-derived POW,Band,BetaL,ALL_CHANNELS_MEDIAN,BandMedian.BetaL,57,570,580,80,0.5531687083,0.6321928095,0.600583169,0.1069479308,0.875,-0.4433415434,phase_randomized,20,1906
MODULATION_DATASET,FFT-derived POW,Band,BetaL,ALL_CHANNELS_MEDIAN,BandMedian.BetaL,58,580,590,80,0.7112169107,0.7112169107,0.7033145006,0.09558839343,1,0.08267123063,phase_randomized,20,1906
MODULATION_DATASET,FFT-derived POW,Band,BetaL,ALL_CHANNELS_MEDIAN,BandMedian.BetaL,59,590,600,80,0.7112169107,0.5531687083,0.533412683,0.0845497631,1.285714286,2.102953588,phase_randomized,20,1906
MODULATION_DATASET,FFT-derived POW,Band,BetaL,ALL_CHANNELS_MEDIAN,BandMedian.BetaL,60,600,610,80,0.4741446071,0.5531687083,0.5492175032,0.1294061327,0.8571428571,-0.5801339901,phase_randomized,20,1906
MODULATION_DATASET,FFT-derived POW,Band,BetaL,ALL_CHANNELS_MEDIAN,BandMedian.BetaL,61,610,620,80,0.5531687083,0.7112169107,0.7546801663,0.1215479427,0.7777777778,-1.657876337,phase_randomized,20,1906
MODULATION_DATASET,FFT-derived POW,Band,BetaL,ALL_CHANNELS_MEDIAN,BandMedian.BetaL,62,620,630,80,0.7112169107,0.7112169107,0.6875096803,0.120529651,1,0.1966921015,phase_randomized,20,1906
MODULATION_DATASET,FFT-derived POW,Band,BetaL,ALL_CHANNELS_MEDIAN,BandMedian.BetaL,63,630,640,80,0.7112169107,0.7112169107,0.7033145006,0.07648790497,1,0.1033158134,phase_randomized,20,1906
MODULATION_DATASET,FFT-derived POW,Band,BetaL,ALL_CHANNELS_MEDIAN,BandMedian.BetaL,64,640,650,80,0.6321928095,0.7902410119,0.7862898068,0.08685085723,0.8,-1.774271461,phase_randomized,20,1906
MODULATION_DATASET,FFT-derived POW,Band,BetaL,ALL_CHANNELS_MEDIAN,BandMedian.BetaL,65,650,660,80,0.7112169107,0.5926807589,0.6242903994,0.127937375,1.2,0.6794457935,phase_randomized,20,1906
MODULATION_DATASET,FFT-derived POW,Band,BetaL,ALL_CHANNELS_MEDIAN,BandMedian.BetaL,66,660,670,80,0.7112169107,0.7507289613,0.7704849866,0.1053221347,0.9473684211,-0.5627314339,phase_randomized,20,1906
MODULATION_DATASET,FFT-derived POW,Band,BetaL,ALL_CHANNELS_MEDIAN,BandMedian.BetaL,67,670,680,80,0.7112169107,0.6321928095,0.6361440145,0.08298025748,1.125,0.9047079197,phase_randomized,20,1906
MODULATION_DATASET,FFT-derived POW,Band,BetaL,ALL_CHANNELS_MEDIAN,BandMedian.BetaL,68,680,690,80,0.7902410119,0.7112169107,0.7270217309,0.124552877,1.111111111,0.5075698165,phase_randomized,20,1906
MODULATION_DATASET,FFT-derived POW,Band,BetaL,ALL_CHANNELS_MEDIAN,BandMedian.BetaL,69,690,700,80,0.7902410119,0.6321928095,0.6479976297,0.1218854828,1.25,1.167024808,phase_randomized,20,1906
MODULATION_DATASET,FFT-derived POW,Band,BetaL,ALL_CHANNELS_MEDIAN,BandMedian.BetaL,70,700,710,80,0.7112169107,0.7112169107,0.6835584753,0.1236922835,1,0.2236067977,phase_randomized,20,1906
MODULATION_DATASET,FFT-derived POW,Band,BetaL,ALL_CHANNELS_MEDIAN,BandMedian.BetaL,71,710,720,80,0.5531687083,0.6717048601,0.6598512449,0.1182585492,0.8235294118,-0.902112679,phase_randomized,20,1906
MODULATION_DATASET,FFT-derived POW,Band,BetaL,ALL_CHANNELS_MEDIAN,BandMedian.BetaL,72,720,730,80,0.5531687083,0.5531687083,0.5689735285,0.1012651619,1,-0.1560736184,phase_randomized,20,1906
MODULATION_DATASET,FFT-derived POW,Band,BetaL,ALL_CHANNELS_MEDIAN,BandMedian.BetaL,73,730,740,80,0.5531687083,0.5531687083,0.5729247336,0.09199651613,1,-0.2147475375,phase_randomized,20,1906
MODULATION_DATASET,FFT-derived POW,Band,BetaL,ALL_CHANNELS_MEDIAN,BandMedian.BetaL,74,740,750,80,0.7112169107,0.7112169107,0.7270217309,0.1012651619,1,-0.1560736184,phase_randomized,20,1906
MODULATION_DATASET,FFT-derived POW,Band,BetaL,ALL_CHANNELS_MEDIAN,BandMedian.BetaL,75,750,760,80,0.7112169107,0.7112169107,0.7191193208,0.108473656,1,-0.07285096135,phase_randomized,20,1906
MODULATION_DATASET,FFT-derived POW,Band,BetaL,ALL_CHANNELS_MEDIAN,BandMedian.BetaL,76,760,770,80,0.6321928095,0.6717048601,0.66380245,0.0902835453,0.9411764706,-0.3501151884,phase_randomized,20,1906
MODULATION_DATASET,FFT-derived POW,Band,BetaL,ALL_CHANNELS_MEDIAN,BandMedian.BetaL,77,770,780,80,0.4741446071,0.6321928095,0.6400952196,0.1226917902,0.75,-1.35258123,phase_randomized,20,1906
MODULATION_DATASET,FFT-derived POW,Band,BetaL,ALL_CHANNELS_MEDIAN,BandMedian.BetaL,78,780,790,80,0.5531687083,0.7112169107,0.7191193208,0.1143732074,0.7777777778,-1.450957057,phase_randomized,20,1906
MODULATION_DATASET,FFT-derived POW,Band,BetaL,ALL_CHANNELS_MEDIAN,BandMedian.BetaL,79,790,800,80,0.6321928095,0.7902410119,0.7823386017,0.1114624704,0.8,-1.347052436,phase_randomized,20,1906
MODULATION_DATASET,FFT-derived POW,Band,BetaL,ALL_CHANNELS_MEDIAN,BandMedian.BetaL,80,800,810,80,0.4741446071,0.7112169107,0.6914608854,0.07194871527,0.6666666667,-3.020433061,phase_randomized,20,1906
MODULATION_DATASET,FFT-derived POW,Band,BetaL,ALL_CHANNELS_MEDIAN,BandMedian.BetaL,81,810,820,80,0.7112169107,0.6321928095,0.6440464247,0.08218426539,1.125,0.8173156466,phase_randomized,20,1906
MODULATION_DATASET,FFT-derived POW,Band,BetaL,ALL_CHANNELS_MEDIAN,BandMedian.BetaL,82,820,830,80,0.5531687083,0.5531687083,0.5531687083,0.09929866089,1,0,phase_randomized,20,1906
MODULATION_DATASET,FFT-derived POW,Band,BetaL,ALL_CHANNELS_MEDIAN,BandMedian.BetaL,83,830,840,80,0.6321928095,0.7112169107,0.6993632955,0.1125628176,0.8888888889,-0.596737781,phase_randomized,20,1906
MODULATION_DATASET,FFT-derived POW,Band,BetaL,ALL_CHANNELS_MEDIAN,BandMedian.BetaL,84,840,850,80,0.5531687083,0.6321928095,0.6400952196,0.1172116839,0.875,-0.7416198487,phase_randomized,20,1906
MODULATION_DATASET,FFT-derived POW,Band,BetaL,ALL_CHANNELS_MEDIAN,BandMedian.BetaL,85,850,860,80,0.6321928095,0.6717048601,0.667753655,0.09055616861,0.9411764706,-0.3926937953,phase_randomized,20,1906
MODULATION_DATASET,FFT-derived POW,Band,BetaL,ALL_CHANNELS_MEDIAN,BandMedian.BetaL,86,860,870,80,0.6321928095,0.5531687083,0.5492175032,0.09055616861,1.142857143,0.9162855223,phase_randomized,20,1906
MODULATION_DATASET,FFT-derived POW,Band,BetaL,ALL_CHANNELS_MEDIAN,BandMedian.BetaL,87,870,880,80,0.6321928095,0.6717048601,0.6835584753,0.1002047645,0.9411764706,-0.5126070205,phase_randomized,20,1906
MODULATION_DATASET,FFT-derived POW,Band,BetaL,ALL_CHANNELS_MEDIAN,BandMedian.BetaL,88,880,890,80,0.3160964047,0.4741446071,0.5057542476,0.1069479308,0.6666666667,-1.773366174,phase_randomized,20,1906
MODULATION_DATASET,FFT-derived POW,Band,BetaL,ALL_CHANNELS_MEDIAN,BandMedian.BetaL,89,890,900,80,0.6321928095,0.6321928095,0.6479976297,0.1105743091,1,-0.1429339271,phase_randomized,20,1906
MODULATION_DATASET,FFT-derived POW,Band,BetaL,ALL_CHANNELS_MEDIAN,BandMedian.BetaL,90,900,910,80,0.7112169107,0.5926807589,0.6045343741,0.1182585492,1.2,0.902112679,phase_randomized,20,1906
MODULATION_DATASET,FFT-derived POW,Band,BetaL,ALL_CHANNELS_MEDIAN,BandMedian.BetaL,91,910,920,80,0.5531687083,0.6321928095,0.6282416044,0.0700976342,0.875,-1.070976175,phase_randomized,20,1906
MODULATION_DATASET,FFT-derived POW,Band,BetaL,ALL_CHANNELS_MEDIAN,BandMedian.BetaL,92,920,930,80,0.7902410119,0.6321928095,0.6519488348,0.08835163106,1.25,1.565247584,phase_randomized,20,1906
MODULATION_DATASET,FFT-derived POW,Band,BetaL,ALL_CHANNELS_MEDIAN,BandMedian.BetaL,93,930,940,80,0.4741446071,0.6321928095,0.6084855791,0.1120506669,0.75,-1.198930588,phase_randomized,20,1906
MODULATION_DATASET,FFT-derived POW,Band,BetaL,ALL_CHANNELS_MEDIAN,BandMedian.BetaL,94,940,950,80,0.7112169107,0.6321928095,0.6559000398,0.07734254496,1.125,0.7152191703,phase_randomized,20,1906
MODULATION_DATASET,FFT-derived POW,Band,BetaL,ALL_CHANNELS_MEDIAN,BandMedian.BetaL,95,950,960,80,0.7112169107,0.6321928095,0.6756560651,0.08298025748,1.125,0.4285458567,phase_randomized,20,1906
MODULATION_DATASET,FFT-derived POW,Band,BetaL,ALL_CHANNELS_MEDIAN,BandMedian.BetaL,96,960,970,80,0.5531687083,0.7112169107,0.730972936,0.1377713007,0.7777777778,-1.290575227,phase_randomized,20,1906
MODULATION_DATASET,FFT-derived POW,Band,BetaL,ALL_CHANNELS_MEDIAN,BandMedian.BetaL,97,970,980,80,0.7112169107,0.7902410119,0.7862898068,0.1102021293,0.9,-0.681229089,phase_randomized,20,1906
MODULATION_DATASET,FFT-derived POW,Band,BetaL,ALL_CHANNELS_MEDIAN,BandMedian.BetaL,98,980,990,80,0.7902410119,0.7902410119,0.7744361916,0.09455123731,1,0.167156144,phase_randomized,20,1906
MODULATION_DATASET,FFT-derived POW,Band,BetaL,ALL_CHANNELS_MEDIAN,BandMedian.BetaL,99,990,1000,80,0.7112169107,0.7507289613,0.7507289613,0.09420298111,0.9473684211,-0.4194352464,phase_randomized,20,1906
MODULATION_DATASET,FFT-derived POW,Band,BetaL,ALL_CHANNELS_MEDIAN,BandMedian.BetaL,100,1000,1010,80,0.869265113,0.7112169107,0.730972936,0.07638040259,1.222222222,1.810571461,phase_randomized,20,1906
MODULATION_DATASET,FFT-derived POW,Band,BetaL,ALL_CHANNELS_MEDIAN,BandMedian.BetaL,101,1010,1020,80,0.4741446071,0.6717048601,0.6598512449,0.1154458149,0.7058823529,-1.60860433,phase_randomized,20,1906
MODULATION_DATASET,FFT-derived POW,Band,BetaL,ALL_CHANNELS_MEDIAN,BandMedian.BetaL,102,1020,1030,80,0.6321928095,0.5926807589,0.5610711184,0.1054001222,1.066666667,0.67477807,phase_randomized,20,1906
MODULATION_DATASET,FFT-derived POW,Band,BetaL,ALL_CHANNELS_MEDIAN,BandMedian.BetaL,103,1030,1040,80,0.7112169107,0.7902410119,0.7862898068,0.1188131058,0.9,-0.6318570298,phase_randomized,20,1906
MODULATION_DATASET,FFT-derived POW,Band,BetaL,ALL_CHANNELS_MEDIAN,BandMedian.BetaL,104,1040,1050,80,0.7112169107,0.7902410119,0.8139482422,0.1284501521,0.9,-0.799775865,phase_randomized,20,1906
MODULATION_DATASET,FFT-derived POW,Band,BetaL,ALL_CHANNELS_MEDIAN,BandMedian.BetaL,105,1050,1060,80,0.7112169107,0.869265113,0.8850699333,0.09100872599,0.8181818182,-1.910289598,phase_randomized,20,1906
MODULATION_DATASET,FFT-derived POW,Band,BetaL,ALL_CHANNELS_MEDIAN,BandMedian.BetaL,106,1060,1070,80,0.6321928095,0.5531687083,0.5650223235,0.1363323965,1.142857143,0.4926964369,phase_randomized,20,1906
MODULATION_DATASET,FFT-derived POW,Band,BetaL,ALL_CHANNELS_MEDIAN,BandMedian.BetaL,107,1070,1080,80,0.6321928095,0.6321928095,0.6361440145,0.1242225851,1,-0.03180746123,phase_randomized,20,1906
MODULATION_DATASET,FFT-derived POW,Band,BetaL,ALL_CHANNELS_MEDIAN,BandMedian.BetaL,108,1080,1090,80,0.6321928095,0.6321928095,0.6598512449,0.1096040129,1,-0.2523487479,phase_randomized,20,1906
MODULATION_DATASET,FFT-derived POW,Band,BetaL,ALL_CHANNELS_MEDIAN,BandMedian.BetaL,109,1090,1100,80,0.7902410119,0.7902410119,0.7625825764,0.1154458149,1,0.2395793683,phase_randomized,20,1906
MODULATION_DATASET,FFT-derived POW,Band,BetaL,ALL_CHANNELS_MEDIAN,BandMedian.BetaL,110,1100,1110,80,0.6321928095,0.7112169107,0.734924141,0.1060219573,0.8888888889,-0.9689627902,phase_randomized,20,1906
MODULATION_DATASET,FFT-derived POW,Band,BetaL,ALL_CHANNELS_MEDIAN,BandMedian.BetaL,111,1110,1120,80,0.3160964047,0.5531687083,0.5255102729,0.1236922835,0.5714285714,-1.693022897,phase_randomized,20,1906
MODULATION_DATASET,FFT-derived POW,Band,BetaL,ALL_CHANNELS_MEDIAN,BandMedian.BetaL,112,1120,1130,80,0.9482892142,0.6321928095,0.6756560651,0.1160138174,1.5,2.350005845,phase_randomized,20,1906
MODULATION_DATASET,FFT-derived POW,Band,BetaL,ALL_CHANNELS_MEDIAN,BandMedian.BetaL,113,1130,1140,80,0.7112169107,0.6717048601,0.6717048601,0.1242887137,1.058823529,0.3179053787,phase_randomized,20,1906
MODULATION_DATASET,FFT-derived POW,Band,BetaL,ALL_CHANNELS_MEDIAN,BandMedian.BetaL,114,1140,1150,80,0.5531687083,0.6321928095,0.6203391943,0.1182585492,0.875,-0.5679968719,phase_randomized,20,1906
MODULATION_DATASET,FFT-derived POW,Band,BetaL,ALL_CHANNELS_MEDIAN,BandMedian.BetaL,115,1150,1160,80,0.5531687083,0.7112169107,0.7112169107,0.09593162036,0.7777777778,-1.647508942,phase_randomized,20,1906
MODULATION_DATASET,FFT-derived POW,Band,BetaL,ALL_CHANNELS_MEDIAN,BandMedian.BetaL,116,1160,1170,80,0.7112169107,0.6321928095,0.6400952196,0.1253420267,1.125,0.5674209436,phase_randomized,20,1906
MODULATION_DATASET,FFT-derived POW,Band,BetaL,ALL_CHANNELS_MEDIAN,BandMedian.BetaL,117,1170,1180,80,0.3951205059,0.5926807589,0.6084855791,0.1120506669,0.6666666667,-1.904183875,phase_randomized,20,1906
MODULATION_DATASET,FFT-derived POW,Band,BetaL,ALL_CHANNELS_MEDIAN,BandMedian.BetaL,118,1180,1190,80,0.3951205059,0.5531687083,0.5571199134,0.09055616861,0.7142857143,-1.788938401,phase_randomized,20,1906
MODULATION_DATASET,FFT-derived POW,Band,BetaL,ALL_CHANNELS_MEDIAN,BandMedian.BetaL,119,1190,1200,80,0.5531687083,0.6321928095,0.6598512449,0.09341465778,0.875,-1.142032087,phase_randomized,20,1906
MODULATION_DATASET,FFT-derived POW,Band,BetaL,ALL_CHANNELS_MEDIAN,BandMedian.BetaL,120,1200,1210,80,0.7112169107,0.7112169107,0.7151681157,0.0700976342,1,-0.05636716708,phase_randomized,20,1906
MODULATION_DATASET,FFT-derived POW,Band,BetaL,ALL_CHANNELS_MEDIAN,BandMedian.BetaL,121,1210,1220,80,0.869265113,0.6321928095,0.6084855791,0.1258653777,1.375,2.071892514,phase_randomized,20,1906
MODULATION_DATASET,FFT-derived POW,Band,BetaL,ALL_CHANNELS_MEDIAN,BandMedian.BetaL,122,1220,1230,80,0.7112169107,0.7112169107,0.6993632955,0.1182585492,1,0.1002347421,phase_randomized,20,1906
MODULATION_DATASET,FFT-derived POW,Band,BetaL,ALL_CHANNELS_MEDIAN,BandMedian.BetaL,123,1230,1240,80,0.869265113,0.7507289613,0.7902410119,0.09929866089,1.157894737,0.7958224258,phase_randomized,20,1906
MODULATION_DATASET,FFT-derived POW,Band,BetaL,ALL_CHANNELS_MEDIAN,BandMedian.BetaL,124,1240,1250,80,0.6321928095,0.7902410119,0.7546801663,0.1071781742,0.8,-1.142838621,phase_randomized,20,1906
MODULATION_DATASET,FFT-derived POW,Band,BetaL,ALL_CHANNELS_MEDIAN,BandMedian.BetaL,125,1250,1260,80,0.5531687083,0.7112169107,0.7230705259,0.1065630863,0.7777777778,-1.594377785,phase_randomized,20,1906
MODULATION_DATASET,FFT-derived POW,Band,BetaL,ALL_CHANNELS_MEDIAN,BandMedian.BetaL,126,1260,1270,80,0.7902410119,0.6717048601,0.6993632955,0.08982733447,1.176470588,1.011693344,phase_randomized,20,1906
MODULATION_DATASET,FFT-derived POW,Band,BetaL,ALL_CHANNELS_MEDIAN,BandMedian.BetaL,127,1270,1280,80,0.7902410119,0.6321928095,0.6519488348,0.1278731333,1.25,1.081479537,phase_randomized,20,1906
MODULATION_DATASET,FFT-derived POW,Band,BetaL,ALL_CHANNELS_MEDIAN,BandMedian.BetaL,128,1280,1290,80,0.6321928095,0.7902410119,0.802094627,0.1125628176,0.8,-1.509395564,phase_randomized,20,1906
MODULATION_DATASET,FFT-derived POW,Band,BetaL,ALL_CHANNELS_MEDIAN,BandMedian.BetaL,129,1290,1300,80,1.027313315,0.7112169107,0.6875096803,0.08148139377,1.444444444,4.170321829,phase_randomized,20,1906
MODULATION_DATASET,FFT-derived POW,Band,BetaL,ALL_CHANNELS_MEDIAN,BandMedian.BetaL,130,1300,1310,80,0.7112169107,0.6717048601,0.6598512449,0.07808268187,1.058823529,0.6578368537,phase_randomized,20,1906
MODULATION_DATASET,FFT-derived POW,Band,BetaL,ALL_CHANNELS_MEDIAN,BandMedian.BetaL,131,1310,1320,80,0.6321928095,0.7112169107,0.7072657056,0.08685085723,0.8888888889,-0.8643886603,phase_randomized,20,1906
MODULATION_DATASET,FFT-derived POW,Band,BetaL,ALL_CHANNELS_MEDIAN,BandMedian.BetaL,132,1320,1330,80,0.6321928095,0.7902410119,0.8099970372,0.0845497631,0.8,-2.102953588,phase_randomized,20,1906
MODULATION_DATASET,FFT-derived POW,Band,BetaL,ALL_CHANNELS_MEDIAN,BandMedian.BetaL,133,1330,1340,80,0.5531687083,0.6321928095,0.6321928095,0.1117569557,0.875,-0.7071067812,phase_randomized,20,1906
MODULATION_DATASET,FFT-derived POW,Band,BetaL,ALL_CHANNELS_MEDIAN,BandMedian.BetaL,134,1340,1350,80,0.5531687083,0.6321928095,0.6717048601,0.1188822435,0.875,-0.9970887857,phase_randomized,20,1906
MODULATION_DATASET,FFT-derived POW,Band,BetaL,ALL_CHANNELS_MEDIAN,BandMedian.BetaL,135,1350,1360,80,0.7112169107,0.6321928095,0.6361440145,0.08685085723,1.125,0.8643886603,phase_randomized,20,1906
MODULATION_DATASET,FFT-derived POW,Band,BetaL,ALL_CHANNELS_MEDIAN,BandMedian.BetaL,136,1360,1370,80,0.7112169107,0.6321928095,0.6440464247,0.1210059202,1.125,0.555100824,phase_randomized,20,1906
MODULATION_DATASET,FFT-derived POW,Band,BetaL,ALL_CHANNELS_MEDIAN,BandMedian.BetaL,137,1370,1380,80,0.7112169107,0.7507289613,0.7270217309,0.09796573251,0.9473684211,-0.1613300879,phase_randomized,20,1906
MODULATION_DATASET,FFT-derived POW,Band,BetaL,ALL_CHANNELS_MEDIAN,BandMedian.BetaL,138,1380,1390,80,0.5531687083,0.7112169107,0.7388753461,0.1263215313,0.7777777778,-1.470110724,phase_randomized,20,1906
MODULATION_DATASET,FFT-derived POW,Band,BetaL,ALL_CHANNELS_MEDIAN,BandMedian.BetaL,139,1390,1400,80,0.5531687083,0.7112169107,0.7270217309,0.1441256582,0.7777777778,-1.206260043,phase_randomized,20,1906
MODULATION_DATASET,FFT-derived POW,Band,BetaL,ALL_CHANNELS_MEDIAN,BandMedian.BetaL,140,1400,1410,80,0.5531687083,0.7112169107,0.7586313714,0.1006139323,0.7777777778,-2.042089584,phase_randomized,20,1906
MODULATION_DATASET,FFT-derived POW,Band,BetaL,ALL_CHANNELS_MEDIAN,BandMedian.BetaL,141,1410,1420,80,0.7902410119,0.6321928095,0.667753655,0.07892005361,1.25,1.552043508,phase_randomized,20,1906
MODULATION_DATASET,FFT-derived POW,Band,BetaL,ALL_CHANNELS_MEDIAN,BandMedian.BetaL,142,1420,1430,80,0.6321928095,0.7112169107,0.667753655,0.1294061327,0.8888888889,-0.2748003111,phase_randomized,20,1906
MODULATION_DATASET,FFT-derived POW,Band,BetaL,ALL_CHANNELS_MEDIAN,BandMedian.BetaL,143,1430,1440,80,0.5531687083,0.5926807589,0.5847783488,0.1006139323,0.9333333333,-0.3141676283,phase_randomized,20,1906
MODULATION_DATASET,FFT-derived POW,Band,BetaL,ALL_CHANNELS_MEDIAN,BandMedian.BetaL,144,1440,1450,80,0.7902410119,0.869265113,0.869265113,0.05127760799,0.9090909091,-1.541103501,phase_randomized,20,1906
MODULATION_DATASET,FFT-derived POW,Band,BetaL,ALL_CHANNELS_MEDIAN,BandMedian.BetaL,145,1450,1460,80,0.5531687083,0.6321928095,0.6321928095,0.1256039748,0.875,-0.6291528696,phase_randomized,20,1906
MODULATION_DATASET,FFT-derived POW,Band,BetaL,ALL_CHANNELS_MEDIAN,BandMedian.BetaL,146,1460,1470,80,0.7902410119,0.7112169107,0.730972936,0.1083978797,1.111111111,0.5467641621,phase_randomized,20,1906
MODULATION_DATASET,FFT-derived POW,Band,BetaL,ALL_CHANNELS_MEDIAN,BandMedian.BetaL,147,1470,1480,80,0.7902410119,0.6321928095,0.6598512449,0.1002047645,1.25,1.301233206,phase_randomized,20,1906
MODULATION_DATASET,FFT-derived POW,Band,BetaL,ALL_CHANNELS_MEDIAN,BandMedian.BetaL,148,1480,1490,80,0.5531687083,0.7112169107,0.7072657056,0.1294061327,0.7777777778,-1.190801348,phase_randomized,20,1906
MODULATION_DATASET,FFT-derived POW,Band,BetaL,ALL_CHANNELS_MEDIAN,BandMedian.BetaL,149,1490,1500,80,0.3160964047,0.6321928095,0.6361440145,0.1188131058,0.5,-2.693706285,phase_randomized,20,1906
MODULATION_DATASET,FFT-derived POW,Band,BetaL,ALL_CHANNELS_MEDIAN,BandMedian.BetaL,150,1500,1510,80,0.5531687083,0.6321928095,0.6875096803,0.120529651,0.875,-1.114588575,phase_randomized,20,1906
MODULATION_DATASET,FFT-derived POW,Band,BetaL,ALL_CHANNELS_MEDIAN,BandMedian.BetaL,151,1510,1520,80,0.5531687083,0.7507289613,0.7586313714,0.115801143,0.7368421053,-1.774271461,phase_randomized,20,1906
MODULATION_DATASET,FFT-derived POW,Band,BetaL,ALL_CHANNELS_MEDIAN,BandMedian.BetaL,152,1520,1530,80,0.6321928095,0.7112169107,0.6796072702,0.1006139323,0.8888888889,-0.4712514425,phase_randomized,20,1906
MODULATION_DATASET,FFT-derived POW,Band,BetaL,ALL_CHANNELS_MEDIAN,BandMedian.BetaL,153,1530,1540,80,0.7112169107,0.7112169107,0.7230705259,0.096869224,1,-0.1223671945,phase_randomized,20,1906
MODULATION_DATASET,FFT-derived POW,Band,BetaL,ALL_CHANNELS_MEDIAN,BandMedian.BetaL,154,1540,1550,80,0.3951205059,0.6321928095,0.6519488348,0.1353646299,0.625,-1.897307509,phase_randomized,20,1906
MODULATION_DATASET,FFT-derived POW,Band,BetaL,ALL_CHANNELS_MEDIAN,BandMedian.BetaL,155,1550,1560,80,0.5531687083,0.6321928095,0.6282416044,0.08298025748,0.875,-0.9047079197,phase_randomized,20,1906
MODULATION_DATASET,FFT-derived POW,Band,BetaL,ALL_CHANNELS_MEDIAN,BandMedian.BetaL,156,1560,1570,80,0.5531687083,0.7112169107,0.734924141,0.09627362366,0.7777777778,-1.887904764,phase_randomized,20,1906
MODULATION_DATASET,FFT-derived POW,Band,BetaL,ALL_CHANNELS_MEDIAN,BandMedian.BetaL,157,1570,1580,80,0.7112169107,0.7112169107,0.7388753461,0.1606777935,1,-0.1721360172,phase_randomized,20,1906
MODULATION_DATASET,FFT-derived POW,Band,BetaL,ALL_CHANNELS_MEDIAN,BandMedian.BetaL,158,1580,1590,81,0.7044277781,0.626158025,0.6457254633,0.07979959982,1.125,0.7356216694,phase_randomized,20,1906
MODULATION_DATASET,FFT-derived POW,Band,BetaL,ALL_CHANNELS_MEDIAN,BandMedian.BetaL,159,1590,1600,80,0.6321928095,0.6321928095,0.6242903994,0.08067061346,1,0.09795896894,phase_randomized,20,1906
MODULATION_DATASET,FFT-derived POW,Band,BetaL,ALL_CHANNELS_MEDIAN,BandMedian.BetaL,160,1600,1610,80,0.7902410119,0.6717048601,0.6519488348,0.09550239395,1.176470588,1.448049325,phase_randomized,20,1906
MODULATION_DATASET,FFT-derived POW,Band,BetaL,ALL_CHANNELS_MEDIAN,BandMedian.BetaL,161,1610,1620,80,0.3951205059,0.5531687083,0.5689735285,0.124552877,0.7142857143,-1.395816995,phase_randomized,20,1906
MODULATION_DATASET,FFT-derived POW,Band,BetaL,ALL_CHANNELS_MEDIAN,BandMedian.BetaL,162,1620,1630,80,0.7902410119,0.7112169107,0.6914608854,0.08056869224,1.111111111,1.226036116,phase_randomized,20,1906
MODULATION_DATASET,FFT-derived POW,Band,BetaL,ALL_CHANNELS_MEDIAN,BandMedian.BetaL,163,1630,1640,80,0.7112169107,0.8297530625,0.8218506523,0.1038292427,0.8571428571,-1.065535477,phase_randomized,20,1906
MODULATION_DATASET,FFT-derived POW,Band,BetaL,ALL_CHANNELS_MEDIAN,BandMedian.BetaL,164,1640,1650,80,0.6321928095,0.6321928095,0.6914608854,0.1353646299,1,-0.4378401944,phase_randomized,20,1906
MODULATION_DATASET,FFT-derived POW,Band,BetaL,ALL_CHANNELS_MEDIAN,BandMedian.BetaL,165,1650,1660,80,0.5531687083,0.5531687083,0.5887295538,0.09754545716,1,-0.3645566546,phase_randomized,20,1906
MODULATION_DATASET,FFT-derived POW,Band,BetaL,ALL_CHANNELS_MEDIAN,BandMedian.BetaL,166,1660,1670,80,0.7112169107,0.6717048601,0.6993632955,0.1210059202,1.058823529,0.09795896894,phase_randomized,20,1906
MODULATION_DATASET,FFT-derived POW,Band,BetaL,ALL_CHANNELS_MEDIAN,BandMedian.BetaL,167,1670,1680,80,0.6321928095,0.6717048601,0.6717048601,0.1188822435,0.9411764706,-0.3323629286,phase_randomized,20,1906
MODULATION_DATASET,FFT-derived POW,Band,BetaL,ALL_CHANNELS_MEDIAN,BandMedian.BetaL,168,1680,1690,80,0.3951205059,0.5531687083,0.5847783488,0.1317345601,0.7142857143,-1.439696938,phase_randomized,20,1906
MODULATION_DATASET,FFT-derived POW,Band,BetaL,ALL_CHANNELS_MEDIAN,BandMedian.BetaL,169,1690,1700,80,0.7112169107,0.7902410119,0.7783873967,0.08609066005,0.9,-0.7802296552,phase_randomized,20,1906
MODULATION_DATASET,FFT-derived POW,Band,BetaL,ALL_CHANNELS_MEDIAN,BandMedian.BetaL,170,1700,1710,80,0.5531687083,0.6321928095,0.6124367842,0.1021538242,0.875,-0.5801846027,phase_randomized,20,1906
MODULATION_DATASET,FFT-derived POW,Band,BetaL,ALL_CHANNELS_MEDIAN,BandMedian.BetaL,171,1710,1720,80,0.6321928095,0.6717048601,0.6598512449,0.1210059202,0.9411764706,-0.2285709275,phase_randomized,20,1906
MODULATION_DATASET,FFT-derived POW,Band,BetaL,ALL_CHANNELS_MEDIAN,BandMedian.BetaL,172,1720,1730,80,0.6321928095,0.6321928095,0.6479976297,0.1012651619,1,-0.1560736184,phase_randomized,20,1906
MODULATION_DATASET,FFT-derived POW,Band,BetaL,ALL_CHANNELS_MEDIAN,BandMedian.BetaL,173,1730,1740,80,0.6321928095,0.5531687083,0.600583169,0.115801143,1.142857143,0.2729648401,phase_randomized,20,1906
MODULATION_DATASET,FFT-derived POW,Band,BetaL,ALL_CHANNELS_MEDIAN,BandMedian.BetaL,174,1740,1750,80,0.5531687083,0.7902410119,0.7665337815,0.1028752018,0.7,-2.074018514,phase_randomized,20,1906
MODULATION_DATASET,FFT-derived POW,Band,BetaL,ALL_CHANNELS_MEDIAN,BandMedian.BetaL,175,1750,1760,80,0.7902410119,0.7112169107,0.7388753461,0.1478961247,1.111111111,0.3473090717,phase_randomized,20,1906
MODULATION_DATASET,FFT-derived POW,Band,BetaL,ALL_CHANNELS_MEDIAN,BandMedian.BetaL,176,1760,1770,80,0.7112169107,0.869265113,0.8534602928,0.08732261984,0.8181818182,-1.628940845,phase_randomized,20,1906
MODULATION_DATASET,FFT-derived POW,Band,BetaL,ALL_CHANNELS_MEDIAN,BandMedian.BetaL,177,1770,1780,80,0.7112169107,0.6321928095,0.66380245,0.1038292427,1.125,0.4566580618,phase_randomized,20,1906
MODULATION_DATASET,FFT-derived POW,Band,BetaL,ALL_CHANNELS_MEDIAN,BandMedian.BetaL,178,1780,1790,80,0.5531687083,0.6321928095,0.6361440145,0.09411571571,0.875,-0.8816307205,phase_randomized,20,1906
MODULATION_DATASET,FFT-derived POW,Band,BetaL,ALL_CHANNELS_MEDIAN,BandMedian.BetaL,179,1790,1800,80,0.4741446071,0.7112169107,0.7270217309,0.1297232274,0.6666666667,-1.949358869,phase_randomized,20,1906
MODULATION_DATASET,FFT-derived POW,Band,BetaL,ALL_CHANNELS_MEDIAN,BandMedian.BetaL,180,1800,1810,80,0.7902410119,0.7112169107,0.7230705259,0.08218426539,1.111111111,0.8173156466,phase_randomized,20,1906
BASELINE_EC,FFT-derived POW,Band,BetaH,ALL_CHANNELS_MEDIAN,BandMedian.BetaH,0,0,10,81,0.3130790125,0.3913487656,0.4226566669,0.07785671724,0.8,-1.407427108,phase_randomized,20,1906
BASELINE_EC,FFT-derived POW,Band,BetaH,ALL_CHANNELS_MEDIAN,BandMedian.BetaH,1,10,20,80,0.5531687083,0.5531687083,0.596631964,0.113145294,1,-0.3841366627,phase_randomized,20,1906
BASELINE_EC,FFT-derived POW,Band,BetaH,ALL_CHANNELS_MEDIAN,BandMedian.BetaH,2,20,30,80,0.4741446071,0.3951205059,0.4188277363,0.09627362366,1.2,0.5745797107,phase_randomized,20,1906
BASELINE_EC,FFT-derived POW,Band,BetaH,ALL_CHANNELS_MEDIAN,BandMedian.BetaH,3,30,40,80,0.3951205059,0.6321928095,0.6203391943,0.1338998658,0.625,-1.681993383,phase_randomized,20,1906
BASELINE_EC,FFT-derived POW,Band,BetaH,ALL_CHANNELS_MEDIAN,BandMedian.BetaH,4,40,50,80,0.6321928095,0.5531687083,0.5729247336,0.1304181218,1.142857143,0.4544466296,phase_randomized,20,1906
BASELINE_EC,FFT-derived POW,Band,BetaH,ALL_CHANNELS_MEDIAN,BandMedian.BetaH,5,50,60,80,0.6321928095,0.7112169107,0.7033145006,0.09208578982,0.8888888889,-0.7723416523,phase_randomized,20,1906
BASELINE_EC,FFT-derived POW,Band,BetaH,ALL_CHANNELS_MEDIAN,BandMedian.BetaH,6,60,70,80,1.027313315,0.6321928095,0.667753655,0.1215479427,1.625,2.958171503,phase_randomized,20,1906
BASELINE_EC,FFT-derived POW,Band,BetaH,ALL_CHANNELS_MEDIAN,BandMedian.BetaH,7,70,80,80,0.6321928095,0.7112169107,0.7033145006,0.09896711185,0.8888888889,-0.7186396545,phase_randomized,20,1906
BASELINE_EC,FFT-derived POW,Band,BetaH,ALL_CHANNELS_MEDIAN,BandMedian.BetaH,8,80,90,80,0.4741446071,0.5531687083,0.5294614779,0.08148139377,0.8571428571,-0.6788896001,phase_randomized,20,1906
BASELINE_EC,FFT-derived POW,Band,BetaH,ALL_CHANNELS_MEDIAN,BandMedian.BetaH,9,90,100,80,0.5531687083,0.5531687083,0.5808271437,0.1065630863,1,-0.259549872,phase_randomized,20,1906
BASELINE_EC,FFT-derived POW,Band,BetaH,ALL_CHANNELS_MEDIAN,BandMedian.BetaH,10,100,110,80,0.5531687083,0.5531687083,0.5255102729,0.09341465778,1,0.296082393,phase_randomized,20,1906
BASELINE_EC,FFT-derived POW,Band,BetaH,ALL_CHANNELS_MEDIAN,BandMedian.BetaH,11,110,120,80,0.6321928095,0.6321928095,0.6479976297,0.1044604293,1,-0.1512995911,phase_randomized,20,1906
BASELINE_EC,FFT-derived POW,Band,BetaH,ALL_CHANNELS_MEDIAN,BandMedian.BetaH,12,120,130,80,0.5531687083,0.6717048601,0.6559000398,0.09279688756,0.8235294118,-1.107055789,phase_randomized,20,1906
BASELINE_EC,FFT-derived POW,Band,BetaH,ALL_CHANNELS_MEDIAN,BandMedian.BetaH,13,130,140,80,0.5531687083,0.5531687083,0.5650223235,0.1125628176,1,-0.1053066672,phase_randomized,20,1906
BASELINE_EC,FFT-derived POW,Band,BetaH,ALL_CHANNELS_MEDIAN,BandMedian.BetaH,14,140,150,80,0.7112169107,0.7112169107,0.7546801663,0.1215479427,1,-0.3575811707,phase_randomized,20,1906
BASELINE_EC,FFT-derived POW,Band,BetaH,ALL_CHANNELS_MEDIAN,BandMedian.BetaH,15,150,160,80,0.7112169107,0.6321928095,0.6835584753,0.1210059202,1.125,0.2285709275,phase_randomized,20,1906
BASELINE_EC,FFT-derived POW,Band,BetaH,ALL_CHANNELS_MEDIAN,BandMedian.BetaH,16,160,170,80,0.6321928095,0.7112169107,0.6914608854,0.08056869224,0.8888888889,-0.7356216694,phase_randomized,20,1906
BASELINE_EC,FFT-derived POW,Band,BetaH,ALL_CHANNELS_MEDIAN,BandMedian.BetaH,17,170,180,80,0.5531687083,0.7112169107,0.734924141,0.120529651,0.7777777778,-1.507972778,phase_randomized,20,1906
BASELINE_EC,FFT-derived POW,Band,BetaH,ALL_CHANNELS_MEDIAN,BandMedian.BetaH,18,180,190,80,0.6321928095,0.5926807589,0.5847783488,0.1006139323,1.066666667,0.4712514425,phase_randomized,20,1906
BASELINE_EC,FFT-derived POW,Band,BetaH,ALL_CHANNELS_MEDIAN,BandMedian.BetaH,19,190,200,80,0.4741446071,0.6321928095,0.6203391943,0.09341465778,0.75,-1.565006934,phase_randomized,20,1906
BASELINE_EC,FFT-derived POW,Band,BetaH,ALL_CHANNELS_MEDIAN,BandMedian.BetaH,20,200,210,80,0.5531687083,0.6321928095,0.6598512449,0.1338998658,0.875,-0.7967337079,phase_randomized,20,1906
BASELINE_EC,FFT-derived POW,Band,BetaH,ALL_CHANNELS_MEDIAN,BandMedian.BetaH,21,210,220,80,0.4741446071,0.7507289613,0.7428265511,0.1342063434,0.6315789474,-2.002006293,phase_randomized,20,1906
BASELINE_EC,FFT-derived POW,Band,BetaH,ALL_CHANNELS_MEDIAN,BandMedian.BetaH,22,220,230,80,0.5531687083,0.5531687083,0.5413150931,0.1210059202,1,0.09795896894,phase_randomized,20,1906
BASELINE_EC,FFT-derived POW,Band,BetaH,ALL_CHANNELS_MEDIAN,BandMedian.BetaH,23,230,240,80,0.5531687083,0.7902410119,0.7704849866,0.08056869224,0.7,-2.697279455,phase_randomized,20,1906
BASELINE_EC,FFT-derived POW,Band,BetaH,ALL_CHANNELS_MEDIAN,BandMedian.BetaH,24,240,250,80,0.4741446071,0.5926807589,0.6163879893,0.09455123731,0.8,-1.504405296,phase_randomized,20,1906
BASELINE_EC,FFT-derived POW,Band,BetaH,ALL_CHANNELS_MEDIAN,BandMedian.BetaH,25,250,260,80,0.7112169107,0.7112169107,0.7072657056,0.1040663863,1,0.03796812016,phase_randomized,20,1906
BASELINE_EC,FFT-derived POW,Band,BetaH,ALL_CHANNELS_MEDIAN,BandMedian.BetaH,26,260,270,80,0.3951205059,0.5531687083,0.5650223235,0.1002047645,0.7142857143,-1.695546299,phase_randomized,20,1906
BASELINE_EC,FFT-derived POW,Band,BetaH,ALL_CHANNELS_MEDIAN,BandMedian.BetaH,27,270,280,80,0.7902410119,0.6717048601,0.667753655,0.1368137128,1.176470588,0.8952856725,phase_randomized,20,1906
BASELINE_EC,FFT-derived POW,Band,BetaH,ALL_CHANNELS_MEDIAN,BandMedian.BetaH,28,280,290,80,0.4741446071,0.6321928095,0.6756560651,0.09754545716,0.75,-2.065821043,phase_randomized,20,1906
BASELINE_EC,FFT-derived POW,Band,BetaH,ALL_CHANNELS_MEDIAN,BandMedian.BetaH,29,290,300,80,0.6321928095,0.7112169107,0.7151681157,0.07892005361,0.8888888889,-1.051384312,phase_randomized,20,1906
BASELINE_EC,FFT-derived POW,Band,BetaH,ALL_CHANNELS_MEDIAN,BandMedian.BetaH,30,300,310,80,0.5531687083,0.5531687083,0.596631964,0.07892005361,1,-0.5507251157,phase_randomized,20,1906
BASELINE_EC,FFT-derived POW,Band,BetaH,ALL_CHANNELS_MEDIAN,BandMedian.BetaH,31,310,320,80,0.6321928095,0.5531687083,0.6045343741,0.07808268187,1.142857143,0.3542198443,phase_randomized,20,1906
BASELINE_EC,FFT-derived POW,Band,BetaH,ALL_CHANNELS_MEDIAN,BandMedian.BetaH,32,320,330,80,0.7112169107,0.7112169107,0.7033145006,0.1054001222,1,0.07497534111,phase_randomized,20,1906
BASELINE_EC,FFT-derived POW,Band,BetaH,ALL_CHANNELS_MEDIAN,BandMedian.BetaH,33,330,340,80,0.7112169107,0.6321928095,0.66380245,0.1038292427,1.125,0.4566580618,phase_randomized,20,1906
BASELINE_EC,FFT-derived POW,Band,BetaH,ALL_CHANNELS_MEDIAN,BandMedian.BetaH,34,340,350,80,0.7112169107,0.6321928095,0.6242903994,0.09896711185,1.125,0.8783373555,phase_randomized,20,1906
BASELINE_EC,FFT-derived POW,Band,BetaH,ALL_CHANNELS_MEDIAN,BandMedian.BetaH,35,350,360,80,0.7112169107,0.6321928095,0.6282416044,0.09055616861,1.125,0.9162855223,phase_randomized,20,1906
BASELINE_EC,FFT-derived POW,Band,BetaH,ALL_CHANNELS_MEDIAN,BandMedian.BetaH,36,360,370,80,0.5531687083,0.7112169107,0.7388753461,0.1263215313,0.7777777778,-1.470110724,phase_randomized,20,1906
BASELINE_EC,FFT-derived POW,Band,BetaH,ALL_CHANNELS_MEDIAN,BandMedian.BetaH,37,370,380,80,0.4741446071,0.7507289613,0.7586313714,0.1342063434,0.6315789474,-2.119771369,phase_randomized,20,1906
BASELINE_EC,FFT-derived POW,Band,BetaH,ALL_CHANNELS_MEDIAN,BandMedian.BetaH,38,380,390,80,0.4741446071,0.7902410119,0.7665337815,0.1309839298,0.6,-2.232252269,phase_randomized,20,1906
BASELINE_EC,FFT-derived POW,Band,BetaH,ALL_CHANNELS_MEDIAN,BandMedian.BetaH,39,390,400,80,0.5531687083,0.5531687083,0.5650223235,0.1065630863,1,-0.1112356594,phase_randomized,20,1906
BASELINE_EC,FFT-derived POW,Band,BetaH,ALL_CHANNELS_MEDIAN,BandMedian.BetaH,40,400,410,80,0.7902410119,0.7902410119,0.7941922169,0.09754545716,1,-0.04050629495,phase_randomized,20,1906
BASELINE_EC,FFT-derived POW,Band,BetaH,ALL_CHANNELS_MEDIAN,BandMedian.BetaH,41,410,420,80,0.5531687083,0.6321928095,0.66380245,0.1006139323,0.875,-1.099586699,phase_randomized,20,1906
BASELINE_EC,FFT-derived POW,Band,BetaH,ALL_CHANNELS_MEDIAN,BandMedian.BetaH,42,420,430,80,0.7112169107,0.6321928095,0.6163879893,0.09100872599,1.125,1.041976145,phase_randomized,20,1906
BASELINE_EC,FFT-derived POW,Band,BetaH,ALL_CHANNELS_MEDIAN,BandMedian.BetaH,43,430,440,80,0.3951205059,0.5531687083,0.5373638881,0.1075608179,0.7142857143,-1.322446081,phase_randomized,20,1906
BASELINE_EC,FFT-derived POW,Band,BetaH,ALL_CHANNELS_MEDIAN,BandMedian.BetaH,44,440,450,80,0.4741446071,0.6321928095,0.6361440145,0.07892005361,0.75,-2.052702704,phase_randomized,20,1906
BASELINE_EC,FFT-derived POW,Band,BetaH,ALL_CHANNELS_MEDIAN,BandMedian.BetaH,45,450,460,80,0.4741446071,0.6321928095,0.6400952196,0.08464689095,0.75,-1.960504522,phase_randomized,20,1906
BASELINE_EC,FFT-derived POW,Band,BetaH,ALL_CHANNELS_MEDIAN,BandMedian.BetaH,46,460,470,80,0.7902410119,0.6321928095,0.6400952196,0.1143732074,1.25,1.312770671,phase_randomized,20,1906
BASELINE_EC,FFT-derived POW,Band,BetaH,ALL_CHANNELS_MEDIAN,BandMedian.BetaH,47,470,480,80,0.7112169107,0.5926807589,0.6242903994,0.1226917902,1.2,0.7084949298,phase_randomized,20,1906
BASELINE_EC,FFT-derived POW,Band,BetaH,ALL_CHANNELS_MEDIAN,BandMedian.BetaH,48,480,490,80,0.869265113,0.7112169107,0.7507289613,0.09420298111,1.222222222,1.258305739,phase_randomized,20,1906
BASELINE_EC,FFT-derived POW,Band,BetaH,ALL_CHANNELS_MEDIAN,BandMedian.BetaH,49,490,500,80,0.4741446071,0.6717048601,0.6914608854,0.1143013424,0.7058823529,-1.901257446,phase_randomized,20,1906
BASELINE_EC,FFT-derived POW,Band,BetaH,ALL_CHANNELS_MEDIAN,BandMedian.BetaH,50,500,510,80,0.7112169107,0.7112169107,0.6756560651,0.113145294,1,0.3142936331,phase_randomized,20,1906
BASELINE_EC,FFT-derived POW,Band,BetaH,ALL_CHANNELS_MEDIAN,BandMedian.BetaH,51,510,520,80,0.4741446071,0.5926807589,0.596631964,0.09754545716,0.8,-1.255695144,phase_randomized,20,1906
BASELINE_EC,FFT-derived POW,Band,BetaH,ALL_CHANNELS_MEDIAN,BandMedian.BetaH,52,520,530,80,0.7112169107,0.5531687083,0.5926807589,0.1132178929,1.285714286,1.046973661,phase_randomized,20,1906
BASELINE_EC,FFT-derived POW,Band,BetaH,ALL_CHANNELS_MEDIAN,BandMedian.BetaH,53,530,540,80,0.4741446071,0.5531687083,0.5610711184,0.09558839343,0.8571428571,-0.9093835369,phase_randomized,20,1906
BASELINE_EC,FFT-derived POW,Band,BetaH,ALL_CHANNELS_MEDIAN,BandMedian.BetaH,54,540,550,80,0.5531687083,0.6321928095,0.6440464247,0.096869224,0.875,-0.9381484914,phase_randomized,20,1906
BASELINE_EC,FFT-derived POW,Band,BetaH,ALL_CHANNELS_MEDIAN,BandMedian.BetaH,55,550,560,80,0.7112169107,0.7902410119,0.7467777562,0.06524055526,0.9,-0.5450726989,phase_randomized,20,1906
BASELINE_EC,FFT-derived POW,Band,BetaH,ALL_CHANNELS_MEDIAN,BandMedian.BetaH,56,560,570,80,0.7902410119,0.6321928095,0.6796072702,0.1069479308,1.25,1.034463601,phase_randomized,20,1906
BASELINE_EC,FFT-derived POW,Band,BetaH,ALL_CHANNELS_MEDIAN,BandMedian.BetaH,57,570,580,80,0.7112169107,0.7112169107,0.6875096803,0.08918471882,1,0.2658216639,phase_randomized,20,1906
BASELINE_EC,FFT-derived POW,Band,BetaH,ALL_CHANNELS_MEDIAN,BandMedian.BetaH,58,580,590,80,0.6321928095,0.5531687083,0.6045343741,0.1263215313,1.142857143,0.218952661,phase_randomized,20,1906
BASELINE_EC,FFT-derived POW,Band,BetaH,ALL_CHANNELS_MEDIAN,BandMedian.BetaH,59,590,600,80,0.7112169107,0.7112169107,0.7072657056,0.0700976342,1,0.05636716708,phase_randomized,20,1906
BASELINE_EC,FFT-derived POW,Band,BetaH,ALL_CHANNELS_MEDIAN,BandMedian.BetaH,60,600,610,80,0.7112169107,0.7112169107,0.7270217309,0.1105743091,1,-0.1429339271,phase_randomized,20,1906
BASELINE_EC,FFT-derived POW,Band,BetaH,ALL_CHANNELS_MEDIAN,BandMedian.BetaH,61,610,620,80,0.7112169107,0.869265113,0.8574114979,0.1002047645,0.8181818182,-1.458958443,phase_randomized,20,1906
BASELINE_EC,FFT-derived POW,Band,BetaH,ALL_CHANNELS_MEDIAN,BandMedian.BetaH,62,620,630,80,0.7112169107,0.869265113,0.8376554726,0.06974508729,0.8181818182,-1.812866925,phase_randomized,20,1906
BASELINE_EC,FFT-derived POW,Band,BetaH,ALL_CHANNELS_MEDIAN,BandMedian.BetaH,63,630,640,80,0.6321928095,0.7902410119,0.7862898068,0.08685085723,0.8,-1.774271461,phase_randomized,20,1906
BASELINE_EC,FFT-derived POW,Band,BetaH,ALL_CHANNELS_MEDIAN,BandMedian.BetaH,64,640,650,80,0.6321928095,0.6321928095,0.6440464247,0.1096040129,1,-0.1081494634,phase_randomized,20,1906
BASELINE_EC,FFT-derived POW,Band,BetaH,ALL_CHANNELS_MEDIAN,BandMedian.BetaH,65,650,660,80,0.6321928095,0.7112169107,0.6954120904,0.08732261984,0.8888888889,-0.7239737088,phase_randomized,20,1906
BASELINE_EC,FFT-derived POW,Band,BetaH,ALL_CHANNELS_MEDIAN,BandMedian.BetaH,66,660,670,80,0.7902410119,0.7112169107,0.6993632955,0.1065630863,1.111111111,0.8528067222,phase_randomized,20,1906
BASELINE_EC,FFT-derived POW,Band,BetaH,ALL_CHANNELS_MEDIAN,BandMedian.BetaH,67,670,680,80,0.6321928095,0.5531687083,0.5571199134,0.09754545716,1.142857143,0.7696196041,phase_randomized,20,1906
BASELINE_EC,FFT-derived POW,Band,BetaH,ALL_CHANNELS_MEDIAN,BandMedian.BetaH,68,680,690,80,0.6321928095,0.6321928095,0.6479976297,0.113507824,1,-0.1392399192,phase_randomized,20,1906
BASELINE_EC,FFT-derived POW,Band,BetaH,ALL_CHANNELS_MEDIAN,BandMedian.BetaH,69,690,700,80,0.5531687083,0.6321928095,0.6479976297,0.08732261984,0.875,-1.085960563,phase_randomized,20,1906
BASELINE_EC,FFT-derived POW,Band,BetaH,ALL_CHANNELS_MEDIAN,BandMedian.BetaH,70,700,710,80,0.5531687083,0.6321928095,0.6440464247,0.06915351522,0.875,-1.314144568,phase_randomized,20,1906
BASELINE_EC,FFT-derived POW,Band,BetaH,ALL_CHANNELS_MEDIAN,BandMedian.BetaH,71,710,720,80,0.4741446071,0.6717048601,0.66380245,0.0902835453,0.7058823529,-2.100691131,phase_randomized,20,1906
BASELINE_EC,FFT-derived POW,Band,BetaH,ALL_CHANNELS_MEDIAN,BandMedian.BetaH,72,720,730,80,0.4741446071,0.6321928095,0.6559000398,0.1090779707,0.75,-1.666289092,phase_randomized,20,1906
BASELINE_EC,FFT-derived POW,Band,BetaH,ALL_CHANNELS_MEDIAN,BandMedian.BetaH,73,730,740,80,0.5531687083,0.7112169107,0.7151681157,0.07892005361,0.7777777778,-2.052702704,phase_randomized,20,1906
BASELINE_EC,FFT-derived POW,Band,BetaH,ALL_CHANNELS_MEDIAN,BandMedian.BetaH,74,740,750,80,0.6321928095,0.7902410119,0.7744361916,0.113507824,0.8,-1.253159273,phase_randomized,20,1906
BASELINE_EC,FFT-derived POW,Band,BetaH,ALL_CHANNELS_MEDIAN,BandMedian.BetaH,75,750,760,80,0.7112169107,0.5531687083,0.5768759387,0.1120506669,1.285714286,1.198930588,phase_randomized,20,1906
BASELINE_EC,FFT-derived POW,Band,BetaH,ALL_CHANNELS_MEDIAN,BandMedian.BetaH,76,760,770,80,0.3951205059,0.5926807589,0.5887295538,0.09754545716,0.6666666667,-1.984808453,phase_randomized,20,1906
BASELINE_EC,FFT-derived POW,Band,BetaH,ALL_CHANNELS_MEDIAN,BandMedian.BetaH,77,770,780,80,0.4741446071,0.4741446071,0.5136566577,0.08307922026,1,-0.4755948656,phase_randomized,20,1906
BASELINE_EC,FFT-derived POW,Band,BetaH,ALL_CHANNELS_MEDIAN,BandMedian.BetaH,78,780,790,80,0.7902410119,0.7112169107,0.6914608854,0.06214435685,1.111111111,1.589526893,phase_randomized,20,1906
BASELINE_EC,FFT-derived POW,Band,BetaH,ALL_CHANNELS_MEDIAN,BandMedian.BetaH,79,790,800,80,0.7112169107,0.6321928095,0.6717048601,0.08694541454,1.125,0.4544466296,phase_randomized,20,1906
BASELINE_EC,FFT-derived POW,Band,BetaH,ALL_CHANNELS_MEDIAN,BandMedian.BetaH,80,800,810,80,0.6321928095,0.6717048601,0.6835584753,0.08982733447,0.9411764706,-0.5718266725,phase_randomized,20,1906
BASELINE_EC,FFT-derived POW,Band,BetaH,ALL_CHANNELS_MEDIAN,BandMedian.BetaH,81,810,820,80,0.5531687083,0.7112169107,0.6717048601,0.08694541454,0.7777777778,-1.363339889,phase_randomized,20,1906
BASELINE_EC,FFT-derived POW,Band,BetaH,ALL_CHANNELS_MEDIAN,BandMedian.BetaH,82,820,830,80,0.6321928095,0.6321928095,0.6124367842,0.09550239395,1,0.2068641892,phase_randomized,20,1906
BASELINE_EC,FFT-derived POW,Band,BetaH,ALL_CHANNELS_MEDIAN,BandMedian.BetaH,83,830,840,80,0.6321928095,0.7112169107,0.7546801663,0.1102021293,0.8888888889,-1.11147904,phase_randomized,20,1906
BASELINE_EC,FFT-derived POW,Band,BetaH,ALL_CHANNELS_MEDIAN,BandMedian.BetaH,84,840,850,80,0.7112169107,0.7112169107,0.7151681157,0.09754545716,1,-0.04050629495,phase_randomized,20,1906
BASELINE_EC,FFT-derived POW,Band,BetaH,ALL_CHANNELS_MEDIAN,BandMedian.BetaH,85,850,860,80,0.6321928095,0.5531687083,0.5571199134,0.1008586361,1.142857143,0.7443378079,phase_randomized,20,1906
BASELINE_EC,FFT-derived POW,Band,BetaH,ALL_CHANNELS_MEDIAN,BandMedian.BetaH,86,860,870,80,0.7112169107,0.869265113,0.8771675232,0.08464689095,0.8181818182,-1.960504522,phase_randomized,20,1906
BASELINE_EC,FFT-derived POW,Band,BetaH,ALL_CHANNELS_MEDIAN,BandMedian.BetaH,87,870,880,80,0.5531687083,0.6321928095,0.6519488348,0.0845497631,0.875,-1.168307549,phase_randomized,20,1906
BASELINE_EC,FFT-derived POW,Band,BetaH,ALL_CHANNELS_MEDIAN,BandMedian.BetaH,88,880,890,80,0.4741446071,0.6321928095,0.6124367842,0.1401366461,0.75,-0.986838068,phase_randomized,20,1906
BASELINE_EC,FFT-derived POW,Band,BetaH,ALL_CHANNELS_MEDIAN,BandMedian.BetaH,89,890,900,80,0.6321928095,0.6321928095,0.6756560651,0.1242225851,1,-0.3498820735,phase_randomized,20,1906
BASELINE_EC,FFT-derived POW,Band,BetaH,ALL_CHANNELS_MEDIAN,BandMedian.BetaH,90,900,910,80,0.5531687083,0.6321928095,0.6163879893,0.07943892871,0.875,-0.7958224258,phase_randomized,20,1906
BASELINE_EC,FFT-derived POW,Band,BetaH,ALL_CHANNELS_MEDIAN,BandMedian.BetaH,91,910,920,80,0.4741446071,0.7112169107,0.6479976297,0.1163674111,0.6666666667,-1.494000949,phase_randomized,20,1906
BASELINE_EC,FFT-derived POW,Band,BetaH,ALL_CHANNELS_MEDIAN,BandMedian.BetaH,92,920,930,80,0.6321928095,0.6321928095,0.6598512449,0.1154458149,1,-0.2395793683,phase_randomized,20,1906
BASELINE_EC,FFT-derived POW,Band,BetaH,ALL_CHANNELS_MEDIAN,BandMedian.BetaH,93,930,940,80,0.5531687083,0.7902410119,0.8139482422,0.1258653777,0.7,-2.071892514,phase_randomized,20,1906
BASELINE_EC,FFT-derived POW,Band,BetaH,ALL_CHANNELS_MEDIAN,BandMedian.BetaH,94,940,950,80,0.6321928095,0.8297530625,0.8495090878,0.09550239395,0.7619047619,-2.275506082,phase_randomized,20,1906
BASELINE_EC,FFT-derived POW,Band,BetaH,ALL_CHANNELS_MEDIAN,BandMedian.BetaH,95,950,960,80,0.5531687083,0.7112169107,0.667753655,0.08298025748,0.7777777778,-1.380869983,phase_randomized,20,1906
BASELINE_EC,FFT-derived POW,Band,BetaH,ALL_CHANNELS_MEDIAN,BandMedian.BetaH,96,960,970,80,0.7112169107,0.7902410119,0.7823386017,0.08464689095,0.9,-0.8402162238,phase_randomized,20,1906
BASELINE_EC,FFT-derived POW,Band,BetaH,ALL_CHANNELS_MEDIAN,BandMedian.BetaH,97,970,980,80,0.6321928095,0.7507289613,0.7586313714,0.09729242053,0.8421052632,-1.299572579,phase_randomized,20,1906
BASELINE_EC,FFT-derived POW,Band,BetaH,ALL_CHANNELS_MEDIAN,BandMedian.BetaH,98,980,990,80,0.6321928095,0.6321928095,0.6203391943,0.1182585492,1,0.1002347421,phase_randomized,20,1906
BASELINE_EC,FFT-derived POW,Band,BetaH,ALL_CHANNELS_MEDIAN,BandMedian.BetaH,99,990,1000,80,0.3951205059,0.869265113,0.8771675232,0.1022342286,0.4545454545,-4.715123534,phase_randomized,20,1906
BASELINE_EC,FFT-derived POW,Band,BetaH,ALL_CHANNELS_MEDIAN,BandMedian.BetaH,100,1000,1010,80,0.4741446071,0.7902410119,0.7783873967,0.1065630863,0.6,-2.855048592,phase_randomized,20,1906
BASELINE_EC,FFT-derived POW,Band,BetaH,ALL_CHANNELS_MEDIAN,BandMedian.BetaH,101,1010,1020,80,0.4741446071,0.6321928095,0.6084855791,0.07734254496,0.75,-1.736960842,phase_randomized,20,1906
BASELINE_EC,FFT-derived POW,Band,BetaH,ALL_CHANNELS_MEDIAN,BandMedian.BetaH,102,1020,1030,80,0.6321928095,0.7902410119,0.7823386017,0.127937375,0.8,-1.173588189,phase_randomized,20,1906
BASELINE_EC,FFT-derived POW,Band,BetaH,ALL_CHANNELS_MEDIAN,BandMedian.BetaH,103,1030,1040,80,0.7112169107,0.5531687083,0.5373638881,0.07518773254,1.285714286,2.312252501,phase_randomized,20,1906
BASELINE_EC,FFT-derived POW,Band,BetaH,ALL_CHANNELS_MEDIAN,BandMedian.BetaH,104,1040,1050,80,0.6321928095,0.7112169107,0.6914608854,0.1021538242,0.8888888889,-0.5801846027,phase_randomized,20,1906
BASELINE_EC,FFT-derived POW,Band,BetaH,ALL_CHANNELS_MEDIAN,BandMedian.BetaH,105,1050,1060,80,0.7112169107,0.6321928095,0.6598512449,0.09341465778,1.125,0.5498673012,phase_randomized,20,1906
BASELINE_EC,FFT-derived POW,Band,BetaH,ALL_CHANNELS_MEDIAN,BandMedian.BetaH,106,1060,1070,80,0.6321928095,0.5926807589,0.5887295538,0.1008586361,1.066666667,0.4309324151,phase_randomized,20,1906
BASELINE_EC,FFT-derived POW,Band,BetaH,ALL_CHANNELS_MEDIAN,BandMedian.BetaH,107,1070,1080,80,0.4741446071,0.7112169107,0.730972936,0.05047003614,0.6666666667,-5.088728848,phase_randomized,20,1906
BASELINE_EC,FFT-derived POW,Band,BetaH,ALL_CHANNELS_MEDIAN,BandMedian.BetaH,108,1080,1090,80,0.7112169107,0.869265113,0.8495090878,0.1021538242,0.8181818182,-1.353764073,phase_randomized,20,1906
BASELINE_EC,FFT-derived POW,Band,BetaH,ALL_CHANNELS_MEDIAN,BandMedian.BetaH,109,1090,1100,80,0.7112169107,0.7902410119,0.8060458321,0.08732261984,0.9,-1.085960563,phase_randomized,20,1906
BASELINE_EC,FFT-derived POW,Band,BetaH,ALL_CHANNELS_MEDIAN,BandMedian.BetaH,110,1100,1110,80,0.4741446071,0.7112169107,0.6559000398,0.1090779707,0.6666666667,-1.666289092,phase_randomized,20,1906
BASELINE_EC,FFT-derived POW,Band,BetaH,ALL_CHANNELS_MEDIAN,BandMedian.BetaH,111,1110,1120,80,0.6321928095,0.6321928095,0.66380245,0.08268265847,1,-0.3823007274,phase_randomized,20,1906
BASELINE_EC,FFT-derived POW,Band,BetaH,ALL_CHANNELS_MEDIAN,BandMedian.BetaH,112,1120,1130,80,0.4741446071,0.4346325565,0.4464861717,0.1154458149,1.090909091,0.2395793683,phase_randomized,20,1906
BASELINE_EC,FFT-derived POW,Band,BetaH,ALL_CHANNELS_MEDIAN,BandMedian.BetaH,113,1130,1140,80,0.7112169107,0.7112169107,0.7033145006,0.1054001222,1,0.07497534111,phase_randomized,20,1906
BASELINE_EC,FFT-derived POW,Band,BetaH,ALL_CHANNELS_MEDIAN,BandMedian.BetaH,114,1140,1150,80,0.7112169107,0.7112169107,0.7586313714,0.1069479308,1,-0.4433415434,phase_randomized,20,1906
BASELINE_EC,FFT-derived POW,Band,BetaH,ALL_CHANNELS_MEDIAN,BandMedian.BetaH,115,1150,1160,80,0.6321928095,0.7112169107,0.7151681157,0.1215479427,0.8888888889,-0.6826549623,phase_randomized,20,1906
BASELINE_EC,FFT-derived POW,Band,BetaH,ALL_CHANNELS_MEDIAN,BandMedian.BetaH,116,1160,1170,80,0.7112169107,0.7112169107,0.6954120904,0.07068130485,1,0.2236067977,phase_randomized,20,1906
BASELINE_EC,FFT-derived POW,Band,BetaH,ALL_CHANNELS_MEDIAN,BandMedian.BetaH,117,1170,1180,80,0.6321928095,0.7112169107,0.6954120904,0.1075608179,0.8888888889,-0.5877538136,phase_randomized,20,1906
BASELINE_EC,FFT-derived POW,Band,BetaH,ALL_CHANNELS_MEDIAN,BandMedian.BetaH,118,1180,1190,80,0.5531687083,0.5531687083,0.5492175032,0.08298025748,1,0.0476162063,phase_randomized,20,1906
BASELINE_EC,FFT-derived POW,Band,BetaH,ALL_CHANNELS_MEDIAN,BandMedian.BetaH,119,1190,1200,80,0.5531687083,0.5531687083,0.5808271437,0.1236922835,1,-0.2236067977,phase_randomized,20,1906
BASELINE_EC,FFT-derived POW,Band,BetaH,ALL_CHANNELS_MEDIAN,BandMedian.BetaH,120,1200,1210,80,0.869265113,0.6321928095,0.6559000398,0.09279688756,1.375,2.299269715,phase_randomized,20,1906
BASELINE_EC,FFT-derived POW,Band,BetaH,ALL_CHANNELS_MEDIAN,BandMedian.BetaH,121,1210,1220,80,0.6321928095,0.6321928095,0.6203391943,0.08218426539,1,0.1442321729,phase_randomized,20,1906
BASELINE_EC,FFT-derived POW,Band,BetaH,ALL_CHANNELS_MEDIAN,BandMedian.BetaH,122,1220,1230,80,0.7112169107,0.7902410119,0.8139482422,0.1309839298,0.9,-0.7843048512,phase_randomized,20,1906
BASELINE_EC,FFT-derived POW,Band,BetaH,ALL_CHANNELS_MEDIAN,BandMedian.BetaH,123,1230,1240,80,0.4741446071,0.5926807589,0.5729247336,0.1113887274,0.8,-0.8868054133,phase_randomized,20,1906
BASELINE_EC,FFT-derived POW,Band,BetaH,ALL_CHANNELS_MEDIAN,BandMedian.BetaH,124,1240,1250,80,0.7112169107,0.869265113,0.8732163181,0.08685085723,0.8181818182,-1.865259741,phase_randomized,20,1906
BASELINE_EC,FFT-derived POW,Band,BetaH,ALL_CHANNELS_MEDIAN,BandMedian.BetaH,125,1250,1260,80,0.6321928095,0.7112169107,0.7191193208,0.07206282908,0.8888888889,-1.206260043,phase_randomized,20,1906
BASELINE_EC,FFT-derived POW,Band,BetaH,ALL_CHANNELS_MEDIAN,BandMedian.BetaH,126,1260,1270,80,0.4741446071,0.5531687083,0.5729247336,0.09199651613,0.8571428571,-1.073737687,phase_randomized,20,1906
BASELINE_EC,FFT-derived POW,Band,BetaH,ALL_CHANNELS_MEDIAN,BandMedian.BetaH,127,1270,1280,80,0.4741446071,0.5531687083,0.600583169,0.1099782168,0.8571428571,-1.14966914,phase_randomized,20,1906
BASELINE_EC,FFT-derived POW,Band,BetaH,ALL_CHANNELS_MEDIAN,BandMedian.BetaH,128,1280,1290,80,0.5531687083,0.7112169107,0.6875096803,0.1090779707,0.7777777778,-1.231604981,phase_randomized,20,1906
BASELINE_EC,FFT-derived POW,Band,BetaH,ALL_CHANNELS_MEDIAN,BandMedian.BetaH,129,1290,1300,80,0.7112169107,0.7507289613,0.730972936,0.09550239395,0.9473684211,-0.2068641892,phase_randomized,20,1906
BASELINE_EC,FFT-derived POW,Band,BetaH,ALL_CHANNELS_MEDIAN,BandMedian.BetaH,130,1300,1310,80,0.5531687083,0.6321928095,0.6954120904,0.1441256582,0.875,-0.9869400351,phase_randomized,20,1906
BASELINE_EC,FFT-derived POW,Band,BetaH,ALL_CHANNELS_MEDIAN,BandMedian.BetaH,131,1310,1320,80,0.7112169107,0.6321928095,0.66380245,0.09385343266,1.125,0.5051968731,phase_randomized,20,1906
BASELINE_EC,FFT-derived POW,Band,BetaH,ALL_CHANNELS_MEDIAN,BandMedian.BetaH,132,1320,1330,80,0.869265113,0.6321928095,0.6835584753,0.09341465778,1.375,1.987981781,phase_randomized,20,1906
BASELINE_EC,FFT-derived POW,Band,BetaH,ALL_CHANNELS_MEDIAN,BandMedian.BetaH,133,1330,1340,80,0.7112169107,0.6321928095,0.6124367842,0.1252764541,1.125,0.7884971456,phase_randomized,20,1906
BASELINE_EC,FFT-derived POW,Band,BetaH,ALL_CHANNELS_MEDIAN,BandMedian.BetaH,134,1340,1350,80,0.5531687083,0.7902410119,0.7744361916,0.1044604293,0.7,-2.118194275,phase_randomized,20,1906
BASELINE_EC,FFT-derived POW,Band,BetaH,ALL_CHANNELS_MEDIAN,BandMedian.BetaH,135,1350,1360,80,0.3951205059,0.7112169107,0.66380245,0.115801143,0.5555555556,-2.320201141,phase_randomized,20,1906
BASELINE_EC,FFT-derived POW,Band,BetaH,ALL_CHANNELS_MEDIAN,BandMedian.BetaH,136,1360,1370,80,0.6321928095,0.7112169107,0.7033145006,0.07206282908,0.8888888889,-0.9869400351,phase_randomized,20,1906
BASELINE_EC,FFT-derived POW,Band,BetaH,ALL_CHANNELS_MEDIAN,BandMedian.BetaH,137,1370,1380,80,0.6321928095,0.5926807589,0.5926807589,0.09420298111,1.066666667,0.4194352464,phase_randomized,20,1906
BASELINE_EC,FFT-derived POW,Band,BetaH,ALL_CHANNELS_MEDIAN,BandMedian.BetaH,138,1380,1390,80,0.6321928095,0.7112169107,0.6875096803,0.06332317466,0.8888888889,-0.8735643961,phase_randomized,20,1906
BASELINE_EC,FFT-derived POW,Band,BetaH,ALL_CHANNELS_MEDIAN,BandMedian.BetaH,139,1390,1400,80,0.5531687083,0.6321928095,0.6598512449,0.1065630863,0.875,-1.001120935,phase_randomized,20,1906
BASELINE_EC,FFT-derived POW,Band,BetaH,ALL_CHANNELS_MEDIAN,BandMedian.BetaH,140,1400,1410,80,0.7112169107,0.6321928095,0.6242903994,0.07206282908,1.125,1.206260043,phase_randomized,20,1906
BASELINE_EC,FFT-derived POW,Band,BetaH,ALL_CHANNELS_MEDIAN,BandMedian.BetaH,141,1410,1420,80,0.7112169107,0.6321928095,0.6282416044,0.1102021293,1.125,0.7529374142,phase_randomized,20,1906
BASELINE_EC,FFT-derived POW,Band,BetaH,ALL_CHANNELS_MEDIAN,BandMedian.BetaH,142,1420,1430,80,0.5531687083,0.6321928095,0.6361440145,0.07892005361,0.875,-1.051384312,phase_randomized,20,1906
BASELINE_EC,FFT-derived POW,Band,BetaH,ALL_CHANNELS_MEDIAN,BandMedian.BetaH,143,1430,1440,80,0.7112169107,0.7112169107,0.6954120904,0.1191583931,1,0.132637071,phase_randomized,20,1906
BASELINE_EC,FFT-derived POW,Band,BetaH,ALL_CHANNELS_MEDIAN,BandMedian.BetaH,144,1440,1450,80,0.7112169107,0.7112169107,0.6914608854,0.09550239395,1,0.2068641892,phase_randomized,20,1906
BASELINE_EC,FFT-derived POW,Band,BetaH,ALL_CHANNELS_MEDIAN,BandMedian.BetaH,145,1450,1460,80,0.6321928095,0.7112169107,0.7230705259,0.1034327951,0.8888888889,-0.8786160742,phase_randomized,20,1906
BASELINE_EC,FFT-derived POW,Band,BetaH,ALL_CHANNELS_MEDIAN,BandMedian.BetaH,146,1460,1470,80,0.6321928095,0.7112169107,0.6875096803,0.1090779707,0.8888888889,-0.5071314627,phase_randomized,20,1906
BASELINE_EC,FFT-derived POW,Band,BetaH,ALL_CHANNELS_MEDIAN,BandMedian.BetaH,147,1470,1480,80,0.6321928095,0.6321928095,0.600583169,0.1069479308,1,0.295561029,phase_randomized,20,1906
BASELINE_EC,FFT-derived POW,Band,BetaH,ALL_CHANNELS_MEDIAN,BandMedian.BetaH,148,1480,1490,80,0.6321928095,0.5531687083,0.5729247336,0.09199651613,1.142857143,0.6442426124,phase_randomized,20,1906
BASELINE_EC,FFT-derived POW,Band,BetaH,ALL_CHANNELS_MEDIAN,BandMedian.BetaH,149,1490,1500,80,0.869265113,0.7902410119,0.7428265511,0.1099782168,1.1,1.14966914,phase_randomized,20,1906
BASELINE_EC,FFT-derived POW,Band,BetaH,ALL_CHANNELS_MEDIAN,BandMedian.BetaH,150,1500,1510,80,0.4741446071,0.6321928095,0.6084855791,0.1060219573,0.75,-1.267105187,phase_randomized,20,1906
BASELINE_EC,FFT-derived POW,Band,BetaH,ALL_CHANNELS_MEDIAN,BandMedian.BetaH,151,1510,1520,80,0.7112169107,0.7902410119,0.7902410119,0.08881542233,0.9,-0.889756521,phase_randomized,20,1906
BASELINE_EC,FFT-derived POW,Band,BetaH,ALL_CHANNELS_MEDIAN,BandMedian.BetaH,152,1520,1530,80,0.5531687083,0.6321928095,0.6400952196,0.1199830285,0.875,-0.7244900584,phase_randomized,20,1906
BASELINE_EC,FFT-derived POW,Band,BetaH,ALL_CHANNELS_MEDIAN,BandMedian.BetaH,153,1530,1540,80,0.5531687083,0.6321928095,0.6203391943,0.096869224,0.875,-0.6934141024,phase_randomized,20,1906
BASELINE_EC,FFT-derived POW,Band,BetaH,ALL_CHANNELS_MEDIAN,BandMedian.BetaH,154,1540,1550,80,0.3951205059,0.5531687083,0.6124367842,0.1377713007,0.7142857143,-1.577369721,phase_randomized,20,1906
BASELINE_EC,FFT-derived POW,Band,BetaH,ALL_CHANNELS_MEDIAN,BandMedian.BetaH,155,1550,1560,80,0.6321928095,0.6321928095,0.6361440145,0.09754545716,1,-0.04050629495,phase_randomized,20,1906
BASELINE_EC,FFT-derived POW,Band,BetaH,ALL_CHANNELS_MEDIAN,BandMedian.BetaH,156,1560,1570,80,0.7902410119,0.7112169107,0.7191193208,0.1114624704,1.111111111,0.6380774695,phase_randomized,20,1906
BASELINE_EC,FFT-derived POW,Band,BetaH,ALL_CHANNELS_MEDIAN,BandMedian.BetaH,157,1570,1580,80,0.5531687083,0.5531687083,0.5729247336,0.04347270727,1,-0.4544466296,phase_randomized,20,1906
BASELINE_EC,FFT-derived POW,Band,BetaH,ALL_CHANNELS_MEDIAN,BandMedian.BetaH,158,1580,1590,80,0.5531687083,0.5531687083,0.5571199134,0.09055616861,1,-0.04363264392,phase_randomized,20,1906
BASELINE_EC,FFT-derived POW,Band,BetaH,ALL_CHANNELS_MEDIAN,BandMedian.BetaH,159,1590,1600,80,0.7902410119,0.7507289613,0.8099970372,0.1329143889,1.052631579,-0.1486372203,phase_randomized,20,1906
BASELINE_EC,FFT-derived POW,Band,BetaH,ALL_CHANNELS_MEDIAN,BandMedian.BetaH,160,1600,1610,81,0.5478882719,0.4696185187,0.5087533953,0.09669770404,1.166666667,0.4047136067,phase_randomized,20,1906
BASELINE_EC,FFT-derived POW,Band,BetaH,ALL_CHANNELS_MEDIAN,BandMedian.BetaH,161,1610,1620,80,0.6321928095,0.6321928095,0.6400952196,0.09558839343,1,-0.08267123063,phase_randomized,20,1906
BASELINE_EC,FFT-derived POW,Band,BetaH,ALL_CHANNELS_MEDIAN,BandMedian.BetaH,162,1620,1630,80,0.7112169107,0.7112169107,0.6993632955,0.1236922835,1,0.09583148475,phase_randomized,20,1906
BASELINE_EC,FFT-derived POW,Band,BetaH,ALL_CHANNELS_MEDIAN,BandMedian.BetaH,163,1630,1640,80,0.7112169107,0.6321928095,0.6321928095,0.08503429293,1.125,0.9293203773,phase_randomized,20,1906
BASELINE_EC,FFT-derived POW,Band,BetaH,ALL_CHANNELS_MEDIAN,BandMedian.BetaH,164,1640,1650,80,0.4741446071,0.5531687083,0.5492175032,0.07892005361,0.8571428571,-0.9512524725,phase_randomized,20,1906
BASELINE_EC,FFT-derived POW,Band,BetaH,ALL_CHANNELS_MEDIAN,BandMedian.BetaH,165,1650,1660,80,0.3951205059,0.5926807589,0.5808271437,0.1125628176,0.6666666667,-1.649804453,phase_randomized,20,1906
BASELINE_EC,FFT-derived POW,Band,BetaH,ALL_CHANNELS_MEDIAN,BandMedian.BetaH,166,1660,1670,80,0.7112169107,0.7902410119,0.802094627,0.1210059202,0.9,-0.7510187619,phase_randomized,20,1906
BASELINE_EC,FFT-derived POW,Band,BetaH,ALL_CHANNELS_MEDIAN,BandMedian.BetaH,167,1670,1680,80,0.7902410119,0.7112169107,0.6993632955,0.1034327951,1.111111111,0.8786160742,phase_randomized,20,1906
BASELINE_EC,FFT-derived POW,Band,BetaH,ALL_CHANNELS_MEDIAN,BandMedian.BetaH,168,1680,1690,80,0.869265113,0.7112169107,0.7112169107,0.08881542233,1.222222222,1.779513042,phase_randomized,20,1906
BASELINE_EC,FFT-derived POW,Band,BetaH,ALL_CHANNELS_MEDIAN,BandMedian.BetaH,169,1690,1700,80,0.3951205059,0.5531687083,0.5768759387,0.1028752018,0.7142857143,-1.766756512,phase_randomized,20,1906
BASELINE_EC,FFT-derived POW,Band,BetaH,ALL_CHANNELS_MEDIAN,BandMedian.BetaH,170,1700,1710,80,0.6321928095,0.5926807589,0.5808271437,0.1065630863,1.066666667,0.4820211908,phase_randomized,20,1906
BASELINE_EC,FFT-derived POW,Band,BetaH,ALL_CHANNELS_MEDIAN,BandMedian.BetaH,171,1710,1720,80,0.6321928095,0.6321928095,0.6124367842,0.1171415603,1,0.1686508635,phase_randomized,20,1906
BASELINE_EC,FFT-derived POW,Band,BetaH,ALL_CHANNELS_MEDIAN,BandMedian.BetaH,172,1720,1730,80,0.6321928095,0.7112169107,0.7033145006,0.09208578982,0.8888888889,-0.7723416523,phase_randomized,20,1906
BASELINE_EC,FFT-derived POW,Band,BetaH,ALL_CHANNELS_MEDIAN,BandMedian.BetaH,173,1730,1740,80,0.5531687083,0.7112169107,0.6954120904,0.09455123731,0.7777777778,-1.504405296,phase_randomized,20,1906
BASELINE_EC,FFT-derived POW,Band,BetaH,ALL_CHANNELS_MEDIAN,BandMedian.BetaH,174,1740,1750,80,0.7112169107,0.7902410119,0.7586313714,0.06974508729,0.9,-0.6798250967,phase_randomized,20,1906
BASELINE_EC,FFT-derived POW,Band,BetaH,ALL_CHANNELS_MEDIAN,BandMedian.BetaH,175,1750,1760,80,0.5531687083,0.7112169107,0.7191193208,0.09558839343,0.7777777778,-1.736095843,phase_randomized,20,1906
BASELINE_EC,FFT-derived POW,Band,BetaH,ALL_CHANNELS_MEDIAN,BandMedian.BetaH,176,1760,1770,80,0.6321928095,0.6321928095,0.6084855791,0.09627362366,1,0.2462484475,phase_randomized,20,1906
BASELINE_EC,FFT-derived POW,Band,BetaH,ALL_CHANNELS_MEDIAN,BandMedian.BetaH,177,1770,1780,80,0.5531687083,0.6321928095,0.6519488348,0.09550239395,0.875,-1.034320946,phase_randomized,20,1906
BASELINE_EC,FFT-derived POW,Band,BetaH,ALL_CHANNELS_MEDIAN,BandMedian.BetaH,178,1780,1790,80,0.7902410119,0.7112169107,0.7625825764,0.1210059202,1.111111111,0.2285709275,phase_randomized,20,1906
BASELINE_EC,FFT-derived POW,Band,BetaH,ALL_CHANNELS_MEDIAN,BandMedian.BetaH,179,1790,1800,80,0.7902410119,0.6321928095,0.6203391943,0.06422507607,1.25,2.645412477,phase_randomized,20,1906
BASELINE_EC,FFT-derived POW,Band,BetaH,ALL_CHANNELS_MEDIAN,BandMedian.BetaH,180,1800,1810,80,0.6321928095,0.7112169107,0.6756560651,0.09754545716,0.8888888889,-0.4455692445,phase_randomized,20,1906
MODULATION_DATASET,FFT-derived POW,Band,BetaH,ALL_CHANNELS_MEDIAN,BandMedian.BetaH,0,0,10,81,0.3913487656,0.5478882719,0.5322343212,0.09013997513,0.7142857143,-1.562964217,phase_randomized,20,1906
MODULATION_DATASET,FFT-derived POW,Band,BetaH,ALL_CHANNELS_MEDIAN,BandMedian.BetaH,1,10,20,80,0.7112169107,0.7112169107,0.6993632955,0.08218426539,1,0.1442321729,phase_randomized,20,1906
MODULATION_DATASET,FFT-derived POW,Band,BetaH,ALL_CHANNELS_MEDIAN,BandMedian.BetaH,2,20,30,80,0.4741446071,0.6321928095,0.6519488348,0.1143013424,0.75,-1.555574274,phase_randomized,20,1906
MODULATION_DATASET,FFT-derived POW,Band,BetaH,ALL_CHANNELS_MEDIAN,BandMedian.BetaH,3,30,40,80,0.7902410119,0.7112169107,0.7151681157,0.1188131058,1.111111111,0.6318570298,phase_randomized,20,1906
MODULATION_DATASET,FFT-derived POW,Band,BetaH,ALL_CHANNELS_MEDIAN,BandMedian.BetaH,4,40,50,80,0.6321928095,0.7112169107,0.6835584753,0.05888558504,0.8888888889,-0.872296093,phase_randomized,20,1906
MODULATION_DATASET,FFT-derived POW,Band,BetaH,ALL_CHANNELS_MEDIAN,BandMedian.BetaH,5,50,60,80,0.7112169107,0.7112169107,0.7112169107,0.108776233,1,-1.020648531e-15,phase_randomized,20,1906
MODULATION_DATASET,FFT-derived POW,Band,BetaH,ALL_CHANNELS_MEDIAN,BandMedian.BetaH,6,60,70,80,0.7112169107,0.7112169107,0.7191193208,0.1226917902,1,-0.06440862998,phase_randomized,20,1906
MODULATION_DATASET,FFT-derived POW,Band,BetaH,ALL_CHANNELS_MEDIAN,BandMedian.BetaH,7,70,80,80,0.6321928095,0.6717048601,0.6598512449,0.08982733447,0.9411764706,-0.3079066698,phase_randomized,20,1906
MODULATION_DATASET,FFT-derived POW,Band,BetaH,ALL_CHANNELS_MEDIAN,BandMedian.BetaH,8,80,90,80,0.6321928095,0.7112169107,0.7507289613,0.1072548122,0.8888888889,-1.105182596,phase_randomized,20,1906
MODULATION_DATASET,FFT-derived POW,Band,BetaH,ALL_CHANNELS_MEDIAN,BandMedian.BetaH,9,90,100,80,0.2370723036,0.4346325565,0.4741446071,0.09593162036,0.5454545455,-2.471263413,phase_randomized,20,1906
MODULATION_DATASET,FFT-derived POW,Band,BetaH,ALL_CHANNELS_MEDIAN,BandMedian.BetaH,10,100,110,80,0.5531687083,0.5926807589,0.6124367842,0.09199651613,0.9333333333,-0.6442426124,phase_randomized,20,1906
MODULATION_DATASET,FFT-derived POW,Band,BetaH,ALL_CHANNELS_MEDIAN,BandMedian.BetaH,11,110,120,80,0.5531687083,0.7902410119,0.7586313714,0.1099782168,0.7,-1.868212352,phase_randomized,20,1906
MODULATION_DATASET,FFT-derived POW,Band,BetaH,ALL_CHANNELS_MEDIAN,BandMedian.BetaH,12,120,130,80,0.7112169107,0.6321928095,0.6400952196,0.1054001222,1.125,0.67477807,phase_randomized,20,1906
MODULATION_DATASET,FFT-derived POW,Band,BetaH,ALL_CHANNELS_MEDIAN,BandMedian.BetaH,13,130,140,80,0.6321928095,0.7112169107,0.7467777562,0.1242225851,0.8888888889,-0.9224163757,phase_randomized,20,1906
MODULATION_DATASET,FFT-derived POW,Band,BetaH,ALL_CHANNELS_MEDIAN,BandMedian.BetaH,14,140,150,80,0.7112169107,0.7112169107,0.7112169107,0.07691641199,1,0,phase_randomized,20,1906
MODULATION_DATASET,FFT-derived POW,Band,BetaH,ALL_CHANNELS_MEDIAN,BandMedian.BetaH,15,150,160,80,0.7112169107,0.9482892142,0.8850699333,0.1044604293,0.75,-1.664295502,phase_randomized,20,1906
MODULATION_DATASET,FFT-derived POW,Band,BetaH,ALL_CHANNELS_MEDIAN,BandMedian.BetaH,16,160,170,80,0.7112169107,0.7112169107,0.7546801663,0.113145294,1,-0.3841366627,phase_randomized,20,1906
MODULATION_DATASET,FFT-derived POW,Band,BetaH,ALL_CHANNELS_MEDIAN,BandMedian.BetaH,17,170,180,80,0.6321928095,0.5926807589,0.6203391943,0.1002047645,1.066666667,0.1182939278,phase_randomized,20,1906
MODULATION_DATASET,FFT-derived POW,Band,BetaH,ALL_CHANNELS_MEDIAN,BandMedian.BetaH,18,180,190,80,0.869265113,0.7902410119,0.7625825764,0.1586190564,1.1,0.672570743,phase_randomized,20,1906
MODULATION_DATASET,FFT-derived POW,Band,BetaH,ALL_CHANNELS_MEDIAN,BandMedian.BetaH,19,190,200,80,0.5531687083,0.5531687083,0.5729247336,0.08056869224,1,-0.2452072231,phase_randomized,20,1906
MODULATION_DATASET,FFT-derived POW,Band,BetaH,ALL_CHANNELS_MEDIAN,BandMedian.BetaH,20,200,210,80,0.7112169107,0.6717048601,0.6717048601,0.08694541454,1.058823529,0.4544466296,phase_randomized,20,1906
MODULATION_DATASET,FFT-derived POW,Band,BetaH,ALL_CHANNELS_MEDIAN,BandMedian.BetaH,21,210,220,80,0.5531687083,0.6717048601,0.6914608854,0.1252764541,0.8235294118,-1.103896004,phase_randomized,20,1906
MODULATION_DATASET,FFT-derived POW,Band,BetaH,ALL_CHANNELS_MEDIAN,BandMedian.BetaH,22,220,230,80,0.6321928095,0.6321928095,0.6282416044,0.09055616861,1,0.04363264392,phase_randomized,20,1906
MODULATION_DATASET,FFT-derived POW,Band,BetaH,ALL_CHANNELS_MEDIAN,BandMedian.BetaH,23,230,240,80,0.7112169107,0.6321928095,0.667753655,0.1215479427,1.125,0.3575811707,phase_randomized,20,1906
MODULATION_DATASET,FFT-derived POW,Band,BetaH,ALL_CHANNELS_MEDIAN,BandMedian.BetaH,24,240,250,80,0.5531687083,0.6717048601,0.6835584753,0.1034327951,0.8235294118,-1.260623063,phase_randomized,20,1906
MODULATION_DATASET,FFT-derived POW,Band,BetaH,ALL_CHANNELS_MEDIAN,BandMedian.BetaH,25,250,260,80,0.5531687083,0.7112169107,0.6796072702,0.1006139323,0.7777777778,-1.256670513,phase_randomized,20,1906
MODULATION_DATASET,FFT-derived POW,Band,BetaH,ALL_CHANNELS_MEDIAN,BandMedian.BetaH,26,260,270,80,0.5531687083,0.7902410119,0.7902410119,0.1117569557,0.7,-2.121320344,phase_randomized,20,1906
MODULATION_DATASET,FFT-derived POW,Band,BetaH,ALL_CHANNELS_MEDIAN,BandMedian.BetaH,27,270,280,80,0.7902410119,0.7112169107,0.6796072702,0.1038292427,1.111111111,1.065535477,phase_randomized,20,1906
MODULATION_DATASET,FFT-derived POW,Band,BetaH,ALL_CHANNELS_MEDIAN,BandMedian.BetaH,28,280,290,80,0.7112169107,0.7902410119,0.802094627,0.1433825901,0.9,-0.6338127682,phase_randomized,20,1906
MODULATION_DATASET,FFT-derived POW,Band,BetaH,ALL_CHANNELS_MEDIAN,BandMedian.BetaH,29,290,300,80,0.5531687083,0.7112169107,0.6993632955,0.1065630863,0.7777777778,-1.371906466,phase_randomized,20,1906
MODULATION_DATASET,FFT-derived POW,Band,BetaH,ALL_CHANNELS_MEDIAN,BandMedian.BetaH,30,300,310,80,0.7902410119,0.7902410119,0.7704849866,0.07638040259,1,0.2586530658,phase_randomized,20,1906
MODULATION_DATASET,FFT-derived POW,Band,BetaH,ALL_CHANNELS_MEDIAN,BandMedian.BetaH,31,310,320,80,0.4741446071,0.6321928095,0.6717048601,0.07474931637,0.75,-2.642970699,phase_randomized,20,1906
MODULATION_DATASET,FFT-derived POW,Band,BetaH,ALL_CHANNELS_MEDIAN,BandMedian.BetaH,32,320,330,80,0.7112169107,0.7112169107,0.6875096803,0.1120506669,1,0.2115759861,phase_randomized,20,1906
MODULATION_DATASET,FFT-derived POW,Band,BetaH,ALL_CHANNELS_MEDIAN,BandMedian.BetaH,33,330,340,80,0.4741446071,0.6321928095,0.6361440145,0.1160138174,0.75,-1.396380285,phase_randomized,20,1906
MODULATION_DATASET,FFT-derived POW,Band,BetaH,ALL_CHANNELS_MEDIAN,BandMedian.BetaH,34,340,350,80,0.5531687083,0.6321928095,0.6282416044,0.09754545716,0.875,-0.7696196041,phase_randomized,20,1906
MODULATION_DATASET,FFT-derived POW,Band,BetaH,ALL_CHANNELS_MEDIAN,BandMedian.BetaH,35,350,360,80,0.7112169107,0.869265113,0.8613627029,0.1143732074,0.8181818182,-1.312770671,phase_randomized,20,1906
MODULATION_DATASET,FFT-derived POW,Band,BetaH,ALL_CHANNELS_MEDIAN,BandMedian.BetaH,36,360,370,80,0.5531687083,0.7902410119,0.7744361916,0.113507824,0.7,-1.949358869,phase_randomized,20,1906
MODULATION_DATASET,FFT-derived POW,Band,BetaH,ALL_CHANNELS_MEDIAN,BandMedian.BetaH,37,370,380,80,0.869265113,0.7112169107,0.7072657056,0.07463930996,1.222222222,2.170430133,phase_randomized,20,1906
MODULATION_DATASET,FFT-derived POW,Band,BetaH,ALL_CHANNELS_MEDIAN,BandMedian.BetaH,38,380,390,80,0.7112169107,0.7507289613,0.7112169107,0.09244202245,0.9473684211,-2.401987744e-15,phase_randomized,20,1906
MODULATION_DATASET,FFT-derived POW,Band,BetaH,ALL_CHANNELS_MEDIAN,BandMedian.BetaH,39,390,400,80,0.6321928095,0.7112169107,0.730972936,0.149223566,0.8888888889,-0.6619606347,phase_randomized,20,1906
MODULATION_DATASET,FFT-derived POW,Band,BetaH,ALL_CHANNELS_MEDIAN,BandMedian.BetaH,40,400,410,80,0.6321928095,0.6717048601,0.6835584753,0.1363323965,0.9411764706,-0.3767678635,phase_randomized,20,1906
MODULATION_DATASET,FFT-derived POW,Band,BetaH,ALL_CHANNELS_MEDIAN,BandMedian.BetaH,41,410,420,80,0.5531687083,0.6321928095,0.6479976297,0.1012651619,0.875,-0.9364417104,phase_randomized,20,1906
MODULATION_DATASET,FFT-derived POW,Band,BetaH,ALL_CHANNELS_MEDIAN,BandMedian.BetaH,42,420,430,80,0.6321928095,0.6717048601,0.6796072702,0.1099782168,0.9411764706,-0.4311259273,phase_randomized,20,1906
MODULATION_DATASET,FFT-derived POW,Band,BetaH,ALL_CHANNELS_MEDIAN,BandMedian.BetaH,43,430,440,80,0.869265113,0.7902410119,0.7704849866,0.07638040259,1.1,1.293265329,phase_randomized,20,1906
MODULATION_DATASET,FFT-derived POW,Band,BetaH,ALL_CHANNELS_MEDIAN,BandMedian.BetaH,44,440,450,80,0.7112169107,0.6321928095,0.6440464247,0.1125628176,1.125,0.596737781,phase_randomized,20,1906
MODULATION_DATASET,FFT-derived POW,Band,BetaH,ALL_CHANNELS_MEDIAN,BandMedian.BetaH,45,450,460,80,0.6321928095,0.7112169107,0.6756560651,0.1242225851,0.8888888889,-0.3498820735,phase_randomized,20,1906
MODULATION_DATASET,FFT-derived POW,Band,BetaH,ALL_CHANNELS_MEDIAN,BandMedian.BetaH,46,460,470,80,0.5531687083,0.6321928095,0.5926807589,0.1009400723,0.875,-0.3914406806,phase_randomized,20,1906
MODULATION_DATASET,FFT-derived POW,Band,BetaH,ALL_CHANNELS_MEDIAN,BandMedian.BetaH,47,470,480,80,0.3951205059,0.6717048601,0.66380245,0.1129272175,0.5882352941,-2.379248777,phase_randomized,20,1906
MODULATION_DATASET,FFT-derived POW,Band,BetaH,ALL_CHANNELS_MEDIAN,BandMedian.BetaH,48,480,490,80,0.6321928095,0.6321928095,0.6361440145,0.1728956697,1,-0.02285311753,phase_randomized,20,1906
MODULATION_DATASET,FFT-derived POW,Band,BetaH,ALL_CHANNELS_MEDIAN,BandMedian.BetaH,49,490,500,80,0.7902410119,0.7112169107,0.7151681157,0.1188131058,1.111111111,0.6318570298,phase_randomized,20,1906
MODULATION_DATASET,FFT-derived POW,Band,BetaH,ALL_CHANNELS_MEDIAN,BandMedian.BetaH,50,500,510,80,0.7902410119,0.7112169107,0.6914608854,0.1083978797,1.111111111,0.9112736035,phase_randomized,20,1906
MODULATION_DATASET,FFT-derived POW,Band,BetaH,ALL_CHANNELS_MEDIAN,BandMedian.BetaH,51,510,520,80,0.869265113,0.7507289613,0.734924141,0.1090779707,1.157894737,1.231604981,phase_randomized,20,1906
MODULATION_DATASET,FFT-derived POW,Band,BetaH,ALL_CHANNELS_MEDIAN,BandMedian.BetaH,52,520,530,80,0.4741446071,0.5531687083,0.5650223235,0.1182585492,0.8571428571,-0.7684663562,phase_randomized,20,1906
MODULATION_DATASET,FFT-derived POW,Band,BetaH,ALL_CHANNELS_MEDIAN,BandMedian.BetaH,53,530,540,80,0.7112169107,0.5136566577,0.5373638881,0.113507824,1.384615385,1.531639111,phase_randomized,20,1906
MODULATION_DATASET,FFT-derived POW,Band,BetaH,ALL_CHANNELS_MEDIAN,BandMedian.BetaH,54,540,550,80,0.7112169107,0.6321928095,0.6717048601,0.09762965697,1.125,0.4047136067,phase_randomized,20,1906
MODULATION_DATASET,FFT-derived POW,Band,BetaH,ALL_CHANNELS_MEDIAN,BandMedian.BetaH,55,550,560,80,0.6321928095,0.6321928095,0.6440464247,0.09341465778,1,-0.1268924541,phase_randomized,20,1906
MODULATION_DATASET,FFT-derived POW,Band,BetaH,ALL_CHANNELS_MEDIAN,BandMedian.BetaH,56,560,570,80,0.7112169107,0.6321928095,0.667753655,0.1008586361,1.125,0.4309324151,phase_randomized,20,1906
MODULATION_DATASET,FFT-derived POW,Band,BetaH,ALL_CHANNELS_MEDIAN,BandMedian.BetaH,57,570,580,80,0.6321928095,0.7902410119,0.7665337815,0.09279688756,0.8,-1.447688339,phase_randomized,20,1906
MODULATION_DATASET,FFT-derived POW,Band,BetaH,ALL_CHANNELS_MEDIAN,BandMedian.BetaH,58,580,590,80,0.7112169107,0.7112169107,0.7072657056,0.09411571571,1,0.04198241526,phase_randomized,20,1906
MODULATION_DATASET,FFT-derived POW,Band,BetaH,ALL_CHANNELS_MEDIAN,BandMedian.BetaH,59,590,600,80,0.6321928095,0.869265113,0.8495090878,0.1199145254,0.7272727273,-1.812259836,phase_randomized,20,1906
MODULATION_DATASET,FFT-derived POW,Band,BetaH,ALL_CHANNELS_MEDIAN,BandMedian.BetaH,60,600,610,80,0.4741446071,0.6321928095,0.6084855791,0.1232263975,0.75,-1.090196376,phase_randomized,20,1906
MODULATION_DATASET,FFT-derived POW,Band,BetaH,ALL_CHANNELS_MEDIAN,BandMedian.BetaH,61,610,620,80,0.6321928095,0.7112169107,0.6796072702,0.1038292427,0.8888888889,-0.4566580618,phase_randomized,20,1906
MODULATION_DATASET,FFT-derived POW,Band,BetaH,ALL_CHANNELS_MEDIAN,BandMedian.BetaH,62,620,630,80,0.7902410119,0.7112169107,0.6993632955,0.1363323965,1.111111111,0.666589297,phase_randomized,20,1906
MODULATION_DATASET,FFT-derived POW,Band,BetaH,ALL_CHANNELS_MEDIAN,BandMedian.BetaH,63,630,640,80,0.5531687083,0.6717048601,0.6519488348,0.1083978797,0.8235294118,-0.9112736035,phase_randomized,20,1906
MODULATION_DATASET,FFT-derived POW,Band,BetaH,ALL_CHANNELS_MEDIAN,BandMedian.BetaH,64,640,650,80,0.5531687083,0.6321928095,0.6440464247,0.1065630863,0.875,-0.8528067222,phase_randomized,20,1906
MODULATION_DATASET,FFT-derived POW,Band,BetaH,ALL_CHANNELS_MEDIAN,BandMedian.BetaH,65,650,660,80,0.7902410119,0.7507289613,0.7428265511,0.1266463493,1.052631579,0.3743847412,phase_randomized,20,1906
MODULATION_DATASET,FFT-derived POW,Band,BetaH,ALL_CHANNELS_MEDIAN,BandMedian.BetaH,66,660,670,80,0.7112169107,0.6321928095,0.6440464247,0.1002047645,1.125,0.6703322576,phase_randomized,20,1906
MODULATION_DATASET,FFT-derived POW,Band,BetaH,ALL_CHANNELS_MEDIAN,BandMedian.BetaH,67,670,680,80,0.7112169107,0.7112169107,0.7112169107,0.08503429293,1,0,phase_randomized,20,1906
MODULATION_DATASET,FFT-derived POW,Band,BetaH,ALL_CHANNELS_MEDIAN,BandMedian.BetaH,68,680,690,80,0.5531687083,0.6321928095,0.66380245,0.08656656561,0.875,-1.278019301,phase_randomized,20,1906
MODULATION_DATASET,FFT-derived POW,Band,BetaH,ALL_CHANNELS_MEDIAN,BandMedian.BetaH,69,690,700,80,0.7902410119,0.9087771636,0.9008747535,0.1038292427,0.8695652174,-1.065535477,phase_randomized,20,1906
MODULATION_DATASET,FFT-derived POW,Band,BetaH,ALL_CHANNELS_MEDIAN,BandMedian.BetaH,70,700,710,80,0.5531687083,0.6717048601,0.6954120904,0.1191583931,0.8235294118,-1.193733639,phase_randomized,20,1906
MODULATION_DATASET,FFT-derived POW,Band,BetaH,ALL_CHANNELS_MEDIAN,BandMedian.BetaH,71,710,720,80,0.3951205059,0.5531687083,0.5571199134,0.08685085723,0.7142857143,-1.865259741,phase_randomized,20,1906
MODULATION_DATASET,FFT-derived POW,Band,BetaH,ALL_CHANNELS_MEDIAN,BandMedian.BetaH,72,720,730,80,0.4741446071,0.6321928095,0.6242903994,0.09558839343,0.75,-1.570753382,phase_randomized,20,1906
MODULATION_DATASET,FFT-derived POW,Band,BetaH,ALL_CHANNELS_MEDIAN,BandMedian.BetaH,73,730,740,80,0.7112169107,0.6321928095,0.6282416044,0.09411571571,1.125,0.8816307205,phase_randomized,20,1906
MODULATION_DATASET,FFT-derived POW,Band,BetaH,ALL_CHANNELS_MEDIAN,BandMedian.BetaH,74,740,750,80,0.7112169107,0.7902410119,0.7625825764,0.1125628176,0.9,-0.4563288913,phase_randomized,20,1906
MODULATION_DATASET,FFT-derived POW,Band,BetaH,ALL_CHANNELS_MEDIAN,BandMedian.BetaH,75,750,760,80,0.7902410119,0.6321928095,0.6282416044,0.08298025748,1.25,1.952264458,phase_randomized,20,1906
MODULATION_DATASET,FFT-derived POW,Band,BetaH,ALL_CHANNELS_MEDIAN,BandMedian.BetaH,76,760,770,80,0.7902410119,0.7112169107,0.7388753461,0.1236922835,1.111111111,0.4152697672,phase_randomized,20,1906
MODULATION_DATASET,FFT-derived POW,Band,BetaH,ALL_CHANNELS_MEDIAN,BandMedian.BetaH,77,770,780,80,0.7112169107,0.7112169107,0.6954120904,0.113507824,1,0.1392399192,phase_randomized,20,1906
MODULATION_DATASET,FFT-derived POW,Band,BetaH,ALL_CHANNELS_MEDIAN,BandMedian.BetaH,78,780,790,80,0.869265113,0.7112169107,0.6914608854,0.09888405089,1.222222222,1.79810825,phase_randomized,20,1906
MODULATION_DATASET,FFT-derived POW,Band,BetaH,ALL_CHANNELS_MEDIAN,BandMedian.BetaH,79,790,800,80,0.6321928095,0.6321928095,0.6835584753,0.1210059202,1,-0.4244888654,phase_randomized,20,1906
MODULATION_DATASET,FFT-derived POW,Band,BetaH,ALL_CHANNELS_MEDIAN,BandMedian.BetaH,80,800,810,80,0.5531687083,0.6321928095,0.6835584753,0.1182585492,0.875,-1.102582163,phase_randomized,20,1906
MODULATION_DATASET,FFT-derived POW,Band,BetaH,ALL_CHANNELS_MEDIAN,BandMedian.BetaH,81,810,820,80,0.4741446071,0.6321928095,0.600583169,0.1129272175,0.75,-1.119646483,phase_randomized,20,1906
MODULATION_DATASET,FFT-derived POW,Band,BetaH,ALL_CHANNELS_MEDIAN,BandMedian.BetaH,82,820,830,80,0.4741446071,0.7507289613,0.7112169107,0.1256039748,0.6315789474,-1.887458609,phase_randomized,20,1906
MODULATION_DATASET,FFT-derived POW,Band,BetaH,ALL_CHANNELS_MEDIAN,BandMedian.BetaH,83,830,840,80,0.6321928095,0.6321928095,0.6400952196,0.05675391198,1,-0.1392399192,phase_randomized,20,1906
MODULATION_DATASET,FFT-derived POW,Band,BetaH,ALL_CHANNELS_MEDIAN,BandMedian.BetaH,84,840,850,80,0.5531687083,0.6321928095,0.600583169,0.1006139323,0.875,-0.4712514425,phase_randomized,20,1906
MODULATION_DATASET,FFT-derived POW,Band,BetaH,ALL_CHANNELS_MEDIAN,BandMedian.BetaH,85,850,860,80,0.6321928095,0.7112169107,0.7665337815,0.0996291066,0.8888888889,-1.348410887,phase_randomized,20,1906
MODULATION_DATASET,FFT-derived POW,Band,BetaH,ALL_CHANNELS_MEDIAN,BandMedian.BetaH,86,860,870,80,0.7112169107,0.6717048601,0.6440464247,0.1154458149,1.058823529,0.5818356088,phase_randomized,20,1906
MODULATION_DATASET,FFT-derived POW,Band,BetaH,ALL_CHANNELS_MEDIAN,BandMedian.BetaH,87,870,880,80,0.7112169107,0.7902410119,0.7902410119,0.09244202245,0.9,-0.8548504143,phase_randomized,20,1906
MODULATION_DATASET,FFT-derived POW,Band,BetaH,ALL_CHANNELS_MEDIAN,BandMedian.BetaH,88,880,890,80,0.5531687083,0.7902410119,0.730972936,0.1021538242,0.7,-1.740553808,phase_randomized,20,1906
MODULATION_DATASET,FFT-derived POW,Band,BetaH,ALL_CHANNELS_MEDIAN,BandMedian.BetaH,89,890,900,80,0.5531687083,0.6321928095,0.6954120904,0.1191583931,0.875,-1.193733639,phase_randomized,20,1906
MODULATION_DATASET,FFT-derived POW,Band,BetaH,ALL_CHANNELS_MEDIAN,BandMedian.BetaH,90,900,910,80,0.6321928095,0.5926807589,0.6163879893,0.09455123731,1.066666667,0.167156144,phase_randomized,20,1906
MODULATION_DATASET,FFT-derived POW,Band,BetaH,ALL_CHANNELS_MEDIAN,BandMedian.BetaH,91,910,920,80,0.5531687083,0.7112169107,0.6835584753,0.1288971587,0.7777777778,-1.011579838,phase_randomized,20,1906
MODULATION_DATASET,FFT-derived POW,Band,BetaH,ALL_CHANNELS_MEDIAN,BandMedian.BetaH,92,920,930,80,0.7112169107,0.7507289613,0.734924141,0.1028752018,0.9473684211,-0.2304465015,phase_randomized,20,1906
MODULATION_DATASET,FFT-derived POW,Band,BetaH,ALL_CHANNELS_MEDIAN,BandMedian.BetaH,93,930,940,80,0.5531687083,0.7112169107,0.6914608854,0.1053221347,0.7777777778,-1.313040012,phase_randomized,20,1906
MODULATION_DATASET,FFT-derived POW,Band,BetaH,ALL_CHANNELS_MEDIAN,BandMedian.BetaH,94,940,950,80,0.6321928095,0.7112169107,0.7230705259,0.08609066005,0.8888888889,-1.055604828,phase_randomized,20,1906
MODULATION_DATASET,FFT-derived POW,Band,BetaH,ALL_CHANNELS_MEDIAN,BandMedian.BetaH,95,950,960,80,0.7112169107,0.6717048601,0.6717048601,0.1009400723,1.058823529,0.3914406806,phase_randomized,20,1906
MODULATION_DATASET,FFT-derived POW,Band,BetaH,ALL_CHANNELS_MEDIAN,BandMedian.BetaH,96,960,970,80,0.7902410119,0.7112169107,0.734924141,0.1060219573,1.111111111,0.5217491947,phase_randomized,20,1906
MODULATION_DATASET,FFT-derived POW,Band,BetaH,ALL_CHANNELS_MEDIAN,BandMedian.BetaH,97,970,980,80,0.7902410119,0.7507289613,0.730972936,0.1021538242,1.052631579,0.5801846027,phase_randomized,20,1906
MODULATION_DATASET,FFT-derived POW,Band,BetaH,ALL_CHANNELS_MEDIAN,BandMedian.BetaH,98,980,990,80,0.6321928095,0.6717048601,0.6875096803,0.08148139377,0.9411764706,-0.6788896001,phase_randomized,20,1906
MODULATION_DATASET,FFT-derived POW,Band,BetaH,ALL_CHANNELS_MEDIAN,BandMedian.BetaH,99,990,1000,80,0.7112169107,0.6321928095,0.6400952196,0.06227643852,1.125,1.142032087,phase_randomized,20,1906
MODULATION_DATASET,FFT-derived POW,Band,BetaH,ALL_CHANNELS_MEDIAN,BandMedian.BetaH,100,1000,1010,80,0.5531687083,0.7112169107,0.6954120904,0.1012651619,0.7777777778,-1.404662566,phase_randomized,20,1906
MODULATION_DATASET,FFT-derived POW,Band,BetaH,ALL_CHANNELS_MEDIAN,BandMedian.BetaH,101,1010,1020,80,0.5531687083,0.6321928095,0.6835584753,0.1210059202,0.875,-1.077548658,phase_randomized,20,1906
MODULATION_DATASET,FFT-derived POW,Band,BetaH,ALL_CHANNELS_MEDIAN,BandMedian.BetaH,102,1020,1030,80,0.7112169107,0.7112169107,0.7507289613,0.08307922026,1,-0.4755948656,phase_randomized,20,1906
MODULATION_DATASET,FFT-derived POW,Band,BetaH,ALL_CHANNELS_MEDIAN,BandMedian.BetaH,103,1030,1040,80,0.5531687083,0.7902410119,0.7744361916,0.1163674111,0.7,-1.901455753,phase_randomized,20,1906
MODULATION_DATASET,FFT-derived POW,Band,BetaH,ALL_CHANNELS_MEDIAN,BandMedian.BetaH,104,1040,1050,80,0.6321928095,0.7112169107,0.7033145006,0.08844458388,0.8888888889,-0.8041384554,phase_randomized,20,1906
MODULATION_DATASET,FFT-derived POW,Band,BetaH,ALL_CHANNELS_MEDIAN,BandMedian.BetaH,105,1050,1060,80,0.6321928095,0.7902410119,0.7586313714,0.1038292427,0.8,-1.217754831,phase_randomized,20,1906
MODULATION_DATASET,FFT-derived POW,Band,BetaH,ALL_CHANNELS_MEDIAN,BandMedian.BetaH,106,1060,1070,80,0.5531687083,0.6321928095,0.6519488348,0.09199651613,0.875,-1.073737687,phase_randomized,20,1906
MODULATION_DATASET,FFT-derived POW,Band,BetaH,ALL_CHANNELS_MEDIAN,BandMedian.BetaH,107,1070,1080,80,0.4741446071,0.5926807589,0.5808271437,0.1363323965,0.8,-0.7825178704,phase_randomized,20,1906
MODULATION_DATASET,FFT-derived POW,Band,BetaH,ALL_CHANNELS_MEDIAN,BandMedian.BetaH,108,1080,1090,80,0.7112169107,0.869265113,0.8613627029,0.07648790497,0.8181818182,-1.963000455,phase_randomized,20,1906
MODULATION_DATASET,FFT-derived POW,Band,BetaH,ALL_CHANNELS_MEDIAN,BandMedian.BetaH,109,1090,1100,80,0.7902410119,0.8297530625,0.8376554726,0.1099782168,0.9523809524,-0.4311259273,phase_randomized,20,1906
MODULATION_DATASET,FFT-derived POW,Band,BetaH,ALL_CHANNELS_MEDIAN,BandMedian.BetaH,110,1100,1110,80,0.9482892142,0.869265113,0.8376554726,0.1317345601,1.090909091,0.8398232137,phase_randomized,20,1906
MODULATION_DATASET,FFT-derived POW,Band,BetaH,ALL_CHANNELS_MEDIAN,BandMedian.BetaH,111,1110,1120,80,0.4741446071,0.7112169107,0.6875096803,0.1359098466,0.6666666667,-1.569901509,phase_randomized,20,1906
MODULATION_DATASET,FFT-derived POW,Band,BetaH,ALL_CHANNELS_MEDIAN,BandMedian.BetaH,112,1120,1130,80,0.869265113,0.6321928095,0.6440464247,0.1236922835,1.375,1.82079821,phase_randomized,20,1906
MODULATION_DATASET,FFT-derived POW,Band,BetaH,ALL_CHANNELS_MEDIAN,BandMedian.BetaH,113,1130,1140,80,0.5531687083,0.5531687083,0.5887295538,0.1160138174,1,-0.3065225015,phase_randomized,20,1906
MODULATION_DATASET,FFT-derived POW,Band,BetaH,ALL_CHANNELS_MEDIAN,BandMedian.BetaH,114,1140,1150,80,0.6321928095,0.7902410119,0.7704849866,0.1053221347,0.8,-1.313040012,phase_randomized,20,1906
MODULATION_DATASET,FFT-derived POW,Band,BetaH,ALL_CHANNELS_MEDIAN,BandMedian.BetaH,115,1150,1160,80,0.6321928095,0.7507289613,0.7507289613,0.1009400723,0.8421052632,-1.174322042,phase_randomized,20,1906
MODULATION_DATASET,FFT-derived POW,Band,BetaH,ALL_CHANNELS_MEDIAN,BandMedian.BetaH,116,1160,1170,80,0.3951205059,0.5531687083,0.5610711184,0.08844458388,0.7142857143,-1.876323063,phase_randomized,20,1906
MODULATION_DATASET,FFT-derived POW,Band,BetaH,ALL_CHANNELS_MEDIAN,BandMedian.BetaH,117,1170,1180,80,0.7902410119,0.7112169107,0.6954120904,0.1012651619,1.111111111,0.9364417104,phase_randomized,20,1906
MODULATION_DATASET,FFT-derived POW,Band,BetaH,ALL_CHANNELS_MEDIAN,BandMedian.BetaH,118,1180,1190,80,0.5531687083,0.6321928095,0.667753655,0.113145294,0.875,-1.012723929,phase_randomized,20,1906
MODULATION_DATASET,FFT-derived POW,Band,BetaH,ALL_CHANNELS_MEDIAN,BandMedian.BetaH,119,1190,1200,80,0.7112169107,0.6321928095,0.6282416044,0.1040663863,1.125,0.7973305234,phase_randomized,20,1906
MODULATION_DATASET,FFT-derived POW,Band,BetaH,ALL_CHANNELS_MEDIAN,BandMedian.BetaH,120,1200,1210,80,0.7902410119,0.7112169107,0.6875096803,0.08918471882,1.111111111,1.151893877,phase_randomized,20,1906
MODULATION_DATASET,FFT-derived POW,Band,BetaH,ALL_CHANNELS_MEDIAN,BandMedian.BetaH,121,1210,1220,80,0.7112169107,0.7112169107,0.6875096803,0.08918471882,1,0.2658216639,phase_randomized,20,1906
MODULATION_DATASET,FFT-derived POW,Band,BetaH,ALL_CHANNELS_MEDIAN,BandMedian.BetaH,122,1220,1230,80,0.6321928095,0.7902410119,0.7507289613,0.1216155257,0.8,-0.9746794345,phase_randomized,20,1906
MODULATION_DATASET,FFT-derived POW,Band,BetaH,ALL_CHANNELS_MEDIAN,BandMedian.BetaH,123,1230,1240,80,0.9482892142,0.7112169107,0.7388753461,0.096869224,1.333333333,2.161820437,phase_randomized,20,1906
MODULATION_DATASET,FFT-derived POW,Band,BetaH,ALL_CHANNELS_MEDIAN,BandMedian.BetaH,124,1240,1250,80,0.7112169107,0.7902410119,0.8416066776,0.07375335204,0.9,-1.767916486,phase_randomized,20,1906
MODULATION_DATASET,FFT-derived POW,Band,BetaH,ALL_CHANNELS_MEDIAN,BandMedian.BetaH,125,1250,1260,80,0.4741446071,0.5531687083,0.596631964,0.1215479427,0.8571428571,-1.007728754,phase_randomized,20,1906
MODULATION_DATASET,FFT-derived POW,Band,BetaH,ALL_CHANNELS_MEDIAN,BandMedian.BetaH,126,1260,1270,80,0.7112169107,0.7112169107,0.7230705259,0.1034327951,1,-0.1146020966,phase_randomized,20,1906
MODULATION_DATASET,FFT-derived POW,Band,BetaH,ALL_CHANNELS_MEDIAN,BandMedian.BetaH,127,1270,1280,80,0.3951205059,0.5531687083,0.600583169,0.1503754651,0.7142857143,-1.366331023,phase_randomized,20,1906
MODULATION_DATASET,FFT-derived POW,Band,BetaH,ALL_CHANNELS_MEDIAN,BandMedian.BetaH,128,1280,1290,80,0.7112169107,0.6321928095,0.6519488348,0.09199651613,1.125,0.6442426124,phase_randomized,20,1906
MODULATION_DATASET,FFT-derived POW,Band,BetaH,ALL_CHANNELS_MEDIAN,BandMedian.BetaH,129,1290,1300,80,0.7902410119,0.7112169107,0.7191193208,0.09558839343,1.111111111,0.7440410757,phase_randomized,20,1906
MODULATION_DATASET,FFT-derived POW,Band,BetaH,ALL_CHANNELS_MEDIAN,BandMedian.BetaH,130,1300,1310,80,0.6321928095,0.6321928095,0.600583169,0.1292155024,1,0.2446273077,phase_randomized,20,1906
MODULATION_DATASET,FFT-derived POW,Band,BetaH,ALL_CHANNELS_MEDIAN,BandMedian.BetaH,131,1310,1320,80,0.9482892142,0.7902410119,0.8060458321,0.1163674111,1.2,1.222364413,phase_randomized,20,1906
MODULATION_DATASET,FFT-derived POW,Band,BetaH,ALL_CHANNELS_MEDIAN,BandMedian.BetaH,132,1320,1330,80,0.6321928095,0.6321928095,0.667753655,0.1008586361,1,-0.3525810669,phase_randomized,20,1906
MODULATION_DATASET,FFT-derived POW,Band,BetaH,ALL_CHANNELS_MEDIAN,BandMedian.BetaH,133,1330,1340,80,0.5531687083,0.7112169107,0.6954120904,0.09455123731,0.7777777778,-1.504405296,phase_randomized,20,1906
MODULATION_DATASET,FFT-derived POW,Band,BetaH,ALL_CHANNELS_MEDIAN,BandMedian.BetaH,134,1340,1350,80,0.5531687083,0.5136566577,0.5413150931,0.1210059202,1.076923077,0.09795896894,phase_randomized,20,1906
MODULATION_DATASET,FFT-derived POW,Band,BetaH,ALL_CHANNELS_MEDIAN,BandMedian.BetaH,135,1350,1360,80,0.869265113,0.7902410119,0.8258018574,0.1368137128,1.1,0.3176820128,phase_randomized,20,1906
MODULATION_DATASET,FFT-derived POW,Band,BetaH,ALL_CHANNELS_MEDIAN,BandMedian.BetaH,136,1360,1370,80,0.7902410119,0.7112169107,0.7270217309,0.08732261984,1.111111111,0.7239737088,phase_randomized,20,1906
MODULATION_DATASET,FFT-derived POW,Band,BetaH,ALL_CHANNELS_MEDIAN,BandMedian.BetaH,137,1370,1380,80,0.7902410119,0.7902410119,0.7941922169,0.1008586361,1,-0.0391756741,phase_randomized,20,1906
MODULATION_DATASET,FFT-derived POW,Band,BetaH,ALL_CHANNELS_MEDIAN,BandMedian.BetaH,138,1380,1390,80,0.7902410119,0.7112169107,0.6954120904,0.1271643325,1.111111111,0.7457194922,phase_randomized,20,1906
MODULATION_DATASET,FFT-derived POW,Band,BetaH,ALL_CHANNELS_MEDIAN,BandMedian.BetaH,139,1390,1400,80,0.7112169107,0.7112169107,0.6914608854,0.1053221347,1,0.1875771446,phase_randomized,20,1906
MODULATION_DATASET,FFT-derived POW,Band,BetaH,ALL_CHANNELS_MEDIAN,BandMedian.BetaH,140,1400,1410,80,0.7112169107,0.7507289613,0.7388753461,0.1096040129,0.9473684211,-0.2523487479,phase_randomized,20,1906
MODULATION_DATASET,FFT-derived POW,Band,BetaH,ALL_CHANNELS_MEDIAN,BandMedian.BetaH,141,1410,1420,80,0.6321928095,0.6321928095,0.6479976297,0.07943892871,1,-0.1989556064,phase_randomized,20,1906
MODULATION_DATASET,FFT-derived POW,Band,BetaH,ALL_CHANNELS_MEDIAN,BandMedian.BetaH,142,1420,1430,80,0.6321928095,0.7112169107,0.730972936,0.09550239395,0.8888888889,-1.034320946,phase_randomized,20,1906
MODULATION_DATASET,FFT-derived POW,Band,BetaH,ALL_CHANNELS_MEDIAN,BandMedian.BetaH,143,1430,1440,80,0.7112169107,0.5531687083,0.596631964,0.08685085723,1.285714286,1.31933006,phase_randomized,20,1906
MODULATION_DATASET,FFT-derived POW,Band,BetaH,ALL_CHANNELS_MEDIAN,BandMedian.BetaH,144,1440,1450,80,0.7112169107,0.7112169107,0.6954120904,0.1191583931,1,0.132637071,phase_randomized,20,1906
MODULATION_DATASET,FFT-derived POW,Band,BetaH,ALL_CHANNELS_MEDIAN,BandMedian.BetaH,145,1450,1460,80,0.7902410119,0.7112169107,0.7270217309,0.1044604293,1.111111111,0.6051983644,phase_randomized,20,1906
MODULATION_DATASET,FFT-derived POW,Band,BetaH,ALL_CHANNELS_MEDIAN,BandMedian.BetaH,146,1460,1470,80,0.5531687083,0.6321928095,0.6440464247,0.1002047645,0.875,-0.9069201132,phase_randomized,20,1906
MODULATION_DATASET,FFT-derived POW,Band,BetaH,ALL_CHANNELS_MEDIAN,BandMedian.BetaH,147,1470,1480,80,0.6321928095,0.5531687083,0.5847783488,0.08656656561,1.142857143,0.5477225575,phase_randomized,20,1906
MODULATION_DATASET,FFT-derived POW,Band,BetaH,ALL_CHANNELS_MEDIAN,BandMedian.BetaH,148,1480,1490,80,0.7902410119,0.6717048601,0.6993632955,0.1034327951,1.176470588,0.8786160742,phase_randomized,20,1906
MODULATION_DATASET,FFT-derived POW,Band,BetaH,ALL_CHANNELS_MEDIAN,BandMedian.BetaH,149,1490,1500,80,0.5531687083,0.6321928095,0.667753655,0.1008586361,0.875,-1.136094549,phase_randomized,20,1906
MODULATION_DATASET,FFT-derived POW,Band,BetaH,ALL_CHANNELS_MEDIAN,BandMedian.BetaH,150,1500,1510,80,0.7902410119,0.6717048601,0.6796072702,0.08656656561,1.176470588,1.278019301,phase_randomized,20,1906
MODULATION_DATASET,FFT-derived POW,Band,BetaH,ALL_CHANNELS_MEDIAN,BandMedian.BetaH,151,1510,1520,80,0.7902410119,0.6717048601,0.6875096803,0.1090779707,1.176470588,0.9418155736,phase_randomized,20,1906
MODULATION_DATASET,FFT-derived POW,Band,BetaH,ALL_CHANNELS_MEDIAN,BandMedian.BetaH,152,1520,1530,80,0.6321928095,0.7112169107,0.6954120904,0.1218854828,0.8888888889,-0.5186776925,phase_randomized,20,1906
MODULATION_DATASET,FFT-derived POW,Band,BetaH,ALL_CHANNELS_MEDIAN,BandMedian.BetaH,153,1530,1540,80,0.6321928095,0.8297530625,0.8060458321,0.1191583931,0.7619047619,-1.459007781,phase_randomized,20,1906
MODULATION_DATASET,FFT-derived POW,Band,BetaH,ALL_CHANNELS_MEDIAN,BandMedian.BetaH,154,1540,1550,80,0.6321928095,0.7112169107,0.6717048601,0.1216155257,0.8888888889,-0.3248931448,phase_randomized,20,1906
MODULATION_DATASET,FFT-derived POW,Band,BetaH,ALL_CHANNELS_MEDIAN,BandMedian.BetaH,155,1550,1560,80,0.7902410119,0.7112169107,0.7112169107,0.102555216,1.111111111,0.7705517504,phase_randomized,20,1906
MODULATION_DATASET,FFT-derived POW,Band,BetaH,ALL_CHANNELS_MEDIAN,BandMedian.BetaH,156,1560,1570,80,0.869265113,0.6321928095,0.6321928095,0.08503429293,1.375,2.787961132,phase_randomized,20,1906
MODULATION_DATASET,FFT-derived POW,Band,BetaH,ALL_CHANNELS_MEDIAN,BandMedian.BetaH,157,1570,1580,80,0.7112169107,0.6717048601,0.6875096803,0.09279688756,1.058823529,0.2554744128,phase_randomized,20,1906
MODULATION_DATASET,FFT-derived POW,Band,BetaH,ALL_CHANNELS_MEDIAN,BandMedian.BetaH,158,1580,1590,81,0.5478882719,0.626158025,0.6183310497,0.1103984722,0.875,-0.6380774695,phase_randomized,20,1906
MODULATION_DATASET,FFT-derived POW,Band,BetaH,ALL_CHANNELS_MEDIAN,BandMedian.BetaH,159,1590,1600,80,0.7112169107,0.7112169107,0.7112169107,0.1117569557,1,0,phase_randomized,20,1906
MODULATION_DATASET,FFT-derived POW,Band,BetaH,ALL_CHANNELS_MEDIAN,BandMedian.BetaH,160,1600,1610,80,0.7902410119,0.6321928095,0.6163879893,0.08732261984,1.25,1.990927699,phase_randomized,20,1906
MODULATION_DATASET,FFT-derived POW,Band,BetaH,ALL_CHANNELS_MEDIAN,BandMedian.BetaH,161,1610,1620,80,0.7112169107,0.6321928095,0.6163879893,0.113507824,1.125,0.8354395153,phase_randomized,20,1906
MODULATION_DATASET,FFT-derived POW,Band,BetaH,ALL_CHANNELS_MEDIAN,BandMedian.BetaH,162,1620,1630,80,0.5531687083,0.6321928095,0.6084855791,0.09627362366,0.875,-0.5745797107,phase_randomized,20,1906
MODULATION_DATASET,FFT-derived POW,Band,BetaH,ALL_CHANNELS_MEDIAN,BandMedian.BetaH,163,1630,1640,80,0.5531687083,0.5531687083,0.5926807589,0.1294696138,1,-0.3051839689,phase_randomized,20,1906
MODULATION_DATASET,FFT-derived POW,Band,BetaH,ALL_CHANNELS_MEDIAN,BandMedian.BetaH,164,1640,1650,80,0.6321928095,0.7112169107,0.7112169107,0.07251748867,0.8888888889,-1.089724736,phase_randomized,20,1906
MODULATION_DATASET,FFT-derived POW,Band,BetaH,ALL_CHANNELS_MEDIAN,BandMedian.BetaH,165,1650,1660,80,0.869265113,0.5926807589,0.6045343741,0.08982733447,1.466666667,2.947106697,phase_randomized,20,1906
MODULATION_DATASET,FFT-derived POW,Band,BetaH,ALL_CHANNELS_MEDIAN,BandMedian.BetaH,166,1660,1670,80,0.3951205059,0.6321928095,0.6598512449,0.1065630863,0.625,-2.48426306,phase_randomized,20,1906
MODULATION_DATASET,FFT-derived POW,Band,BetaH,ALL_CHANNELS_MEDIAN,BandMedian.BetaH,167,1670,1680,80,0.5531687083,0.6321928095,0.6400952196,0.1253420267,0.875,-0.6935144866,phase_randomized,20,1906
MODULATION_DATASET,FFT-derived POW,Band,BetaH,ALL_CHANNELS_MEDIAN,BandMedian.BetaH,168,1680,1690,80,0.7112169107,0.7902410119,0.734924141,0.1149465103,0.9,-0.2062457598,phase_randomized,20,1906
MODULATION_DATASET,FFT-derived POW,Band,BetaH,ALL_CHANNELS_MEDIAN,BandMedian.BetaH,169,1690,1700,80,0.6321928095,0.7902410119,0.802094627,0.1154458149,0.8,-1.471701834,phase_randomized,20,1906
MODULATION_DATASET,FFT-derived POW,Band,BetaH,ALL_CHANNELS_MEDIAN,BandMedian.BetaH,170,1700,1710,80,0.7112169107,0.6321928095,0.66380245,0.08656656561,1.125,0.5477225575,phase_randomized,20,1906
MODULATION_DATASET,FFT-derived POW,Band,BetaH,ALL_CHANNELS_MEDIAN,BandMedian.BetaH,171,1710,1720,80,0.7112169107,0.7112169107,0.7230705259,0.096869224,1,-0.1223671945,phase_randomized,20,1906
MODULATION_DATASET,FFT-derived POW,Band,BetaH,ALL_CHANNELS_MEDIAN,BandMedian.BetaH,172,1720,1730,80,0.7902410119,0.6321928095,0.6559000398,0.120529651,1.25,1.114588575,phase_randomized,20,1906
MODULATION_DATASET,FFT-derived POW,Band,BetaH,ALL_CHANNELS_MEDIAN,BandMedian.BetaH,173,1730,1740,80,0.7112169107,0.5531687083,0.5689735285,0.09796573251,1.285714286,1.451970791,phase_randomized,20,1906
MODULATION_DATASET,FFT-derived POW,Band,BetaH,ALL_CHANNELS_MEDIAN,BandMedian.BetaH,174,1740,1750,80,0.5531687083,0.7112169107,0.6479976297,0.1105743091,0.7777777778,-0.8576035628,phase_randomized,20,1906
MODULATION_DATASET,FFT-derived POW,Band,BetaH,ALL_CHANNELS_MEDIAN,BandMedian.BetaH,175,1750,1760,80,0.7902410119,0.9087771636,0.8929723434,0.1177711701,0.8695652174,-0.872296093,phase_randomized,20,1906
MODULATION_DATASET,FFT-derived POW,Band,BetaH,ALL_CHANNELS_MEDIAN,BandMedian.BetaH,176,1760,1770,80,0.4741446071,0.7902410119,0.7902410119,0.140429513,0.6,-2.250925735,phase_randomized,20,1906
MODULATION_DATASET,FFT-derived POW,Band,BetaH,ALL_CHANNELS_MEDIAN,BandMedian.BetaH,177,1770,1780,80,0.4741446071,0.7112169107,0.6914608854,0.08835163106,0.6666666667,-2.459674775,phase_randomized,20,1906
MODULATION_DATASET,FFT-derived POW,Band,BetaH,ALL_CHANNELS_MEDIAN,BandMedian.BetaH,178,1780,1790,80,0.7902410119,0.7112169107,0.7428265511,0.1342063434,1.111111111,0.3532952282,phase_randomized,20,1906
MODULATION_DATASET,FFT-derived POW,Band,BetaH,ALL_CHANNELS_MEDIAN,BandMedian.BetaH,179,1790,1800,80,0.7902410119,0.7902410119,0.7902410119,0.09593162036,1,-1.157306653e-15,phase_randomized,20,1906
MODULATION_DATASET,FFT-derived POW,Band,BetaH,ALL_CHANNELS_MEDIAN,BandMedian.BetaH,180,1800,1810,80,0.7902410119,0.7112169107,0.7033145006,0.1143732074,1.111111111,0.7600251252,phase_randomized,20,1906
BASELINE_EC,FFT-derived POW,Band,Gamma,ALL_CHANNELS_MEDIAN,BandMedian.Gamma,0,0,10,81,0.3913487656,0.7826975312,0.8022649695,0.1011786845,0.5,-4.061292219,phase_randomized,20,1906
BASELINE_EC,FFT-derived POW,Band,Gamma,ALL_CHANNELS_MEDIAN,BandMedian.Gamma,1,10,20,80,0.7112169107,0.6321928095,0.6361440145,0.1008586361,1.125,0.7443378079,phase_randomized,20,1906
BASELINE_EC,FFT-derived POW,Band,Gamma,ALL_CHANNELS_MEDIAN,BandMedian.Gamma,2,20,30,80,0.4741446071,0.7902410119,0.7823386017,0.127937375,0.6,-2.408944177,phase_randomized,20,1906
BASELINE_EC,FFT-derived POW,Band,Gamma,ALL_CHANNELS_MEDIAN,BandMedian.Gamma,3,30,40,80,0.4741446071,0.6321928095,0.6717048601,0.09762965697,0.75,-2.023568034,phase_randomized,20,1906
BASELINE_EC,FFT-derived POW,Band,Gamma,ALL_CHANNELS_MEDIAN,BandMedian.Gamma,4,40,50,80,0.5531687083,0.6321928095,0.6479976297,0.08347389811,0.875,-1.136030826,phase_randomized,20,1906
BASELINE_EC,FFT-derived POW,Band,Gamma,ALL_CHANNELS_MEDIAN,BandMedian.Gamma,5,50,60,80,0.7112169107,0.7112169107,0.7270217309,0.113507824,1,-0.1392399192,phase_randomized,20,1906
BASELINE_EC,FFT-derived POW,Band,Gamma,ALL_CHANNELS_MEDIAN,BandMedian.Gamma,6,60,70,80,0.6321928095,0.7507289613,0.7704849866,0.0845497631,0.8421052632,-1.635630568,phase_randomized,20,1906
BASELINE_EC,FFT-derived POW,Band,Gamma,ALL_CHANNELS_MEDIAN,BandMedian.Gamma,7,70,80,80,0.7112169107,0.6321928095,0.6203391943,0.1002047645,1.125,0.9069201132,phase_randomized,20,1906
BASELINE_EC,FFT-derived POW,Band,Gamma,ALL_CHANNELS_MEDIAN,BandMedian.Gamma,8,80,90,80,0.6321928095,0.5531687083,0.6084855791,0.133469615,1.142857143,0.1776226773,phase_randomized,20,1906
BASELINE_EC,FFT-derived POW,Band,Gamma,ALL_CHANNELS_MEDIAN,BandMedian.Gamma,9,90,100,80,0.4741446071,0.6321928095,0.6519488348,0.1083978797,0.75,-1.640292486,phase_randomized,20,1906
BASELINE_EC,FFT-derived POW,Band,Gamma,ALL_CHANNELS_MEDIAN,BandMedian.Gamma,10,100,110,80,0.7112169107,0.7112169107,0.7112169107,0.09593162036,1,1.157306653e-15,phase_randomized,20,1906
BASELINE_EC,FFT-derived POW,Band,Gamma,ALL_CHANNELS_MEDIAN,BandMedian.Gamma,11,110,120,80,0.7112169107,0.7902410119,0.7862898068,0.1268408409,0.9,-0.5918669066,phase_randomized,20,1906
BASELINE_EC,FFT-derived POW,Band,Gamma,ALL_CHANNELS_MEDIAN,BandMedian.Gamma,12,120,130,80,0.3951205059,0.7112169107,0.7072657056,0.1008586361,0.5555555556,-3.094878254,phase_randomized,20,1906
BASELINE_EC,FFT-derived POW,Band,Gamma,ALL_CHANNELS_MEDIAN,BandMedian.Gamma,13,130,140,80,0.5531687083,0.7112169107,0.6875096803,0.07734254496,0.7777777778,-1.736960842,phase_randomized,20,1906
BASELINE_EC,FFT-derived POW,Band,Gamma,ALL_CHANNELS_MEDIAN,BandMedian.Gamma,14,140,150,80,0.5531687083,0.7112169107,0.7388753461,0.09341465778,0.7777777778,-1.987981781,phase_randomized,20,1906
BASELINE_EC,FFT-derived POW,Band,Gamma,ALL_CHANNELS_MEDIAN,BandMedian.Gamma,15,150,160,80,0.6321928095,0.5531687083,0.5808271437,0.05301097863,1.142857143,0.9689627902,phase_randomized,20,1906
BASELINE_EC,FFT-derived POW,Band,Gamma,ALL_CHANNELS_MEDIAN,BandMedian.Gamma,16,160,170,80,0.6321928095,0.5531687083,0.5492175032,0.1071781742,1.142857143,0.7741810016,phase_randomized,20,1906
BASELINE_EC,FFT-derived POW,Band,Gamma,ALL_CHANNELS_MEDIAN,BandMedian.Gamma,17,170,180,80,0.3951205059,0.7112169107,0.6993632955,0.1263215313,0.5555555556,-2.408479271,phase_randomized,20,1906
BASELINE_EC,FFT-derived POW,Band,Gamma,ALL_CHANNELS_MEDIAN,BandMedian.Gamma,18,180,190,80,0.9482892142,0.7112169107,0.6835584753,0.06915351522,1.333333333,3.828160263,phase_randomized,20,1906
BASELINE_EC,FFT-derived POW,Band,Gamma,ALL_CHANNELS_MEDIAN,BandMedian.Gamma,19,190,200,80,0.6321928095,0.6321928095,0.6163879893,0.09100872599,1,0.1736626908,phase_randomized,20,1906
BASELINE_EC,FFT-derived POW,Band,Gamma,ALL_CHANNELS_MEDIAN,BandMedian.Gamma,20,200,210,80,0.7112169107,0.7112169107,0.6835584753,0.1034327951,1,0.2674048921,phase_randomized,20,1906
BASELINE_EC,FFT-derived POW,Band,Gamma,ALL_CHANNELS_MEDIAN,BandMedian.Gamma,21,210,220,80,0.6321928095,0.6321928095,0.6559000398,0.09627362366,1,-0.2462484475,phase_randomized,20,1906
BASELINE_EC,FFT-derived POW,Band,Gamma,ALL_CHANNELS_MEDIAN,BandMedian.Gamma,22,220,230,80,0.7112169107,0.7112169107,0.6717048601,0.09762965697,1,0.4047136067,phase_randomized,20,1906
BASELINE_EC,FFT-derived POW,Band,Gamma,ALL_CHANNELS_MEDIAN,BandMedian.Gamma,23,230,240,80,0.9482892142,0.6717048601,0.66380245,0.115801143,1.411764706,2.456683561,phase_randomized,20,1906
BASELINE_EC,FFT-derived POW,Band,Gamma,ALL_CHANNELS_MEDIAN,BandMedian.Gamma,24,240,250,80,0.5531687083,0.6321928095,0.6045343741,0.1002047645,0.875,-0.5126070205,phase_randomized,20,1906
BASELINE_EC,FFT-derived POW,Band,Gamma,ALL_CHANNELS_MEDIAN,BandMedian.Gamma,25,250,260,80,0.7112169107,0.7112169107,0.7112169107,0.07251748867,1,0,phase_randomized,20,1906
BASELINE_EC,FFT-derived POW,Band,Gamma,ALL_CHANNELS_MEDIAN,BandMedian.Gamma,26,260,270,80,0.5531687083,0.6321928095,0.6203391943,0.08218426539,0.875,-0.8173156466,phase_randomized,20,1906
BASELINE_EC,FFT-derived POW,Band,Gamma,ALL_CHANNELS_MEDIAN,BandMedian.Gamma,27,270,280,80,0.7112169107,0.7112169107,0.6796072702,0.07430831361,1,0.4253849797,phase_randomized,20,1906
BASELINE_EC,FFT-derived POW,Band,Gamma,ALL_CHANNELS_MEDIAN,BandMedian.Gamma,28,280,290,80,0.7902410119,0.7112169107,0.7586313714,0.1129272175,1.111111111,0.2799116208,phase_randomized,20,1906
BASELINE_EC,FFT-derived POW,Band,Gamma,ALL_CHANNELS_MEDIAN,BandMedian.Gamma,29,290,300,80,0.7902410119,0.6321928095,0.6440464247,0.1263215313,1.25,1.157321208,phase_randomized,20,1906
BASELINE_EC,FFT-derived POW,Band,Gamma,ALL_CHANNELS_MEDIAN,BandMedian.Gamma,30,300,310,80,0.5531687083,0.7902410119,0.7704849866,0.09888405089,0.7,-2.197687861,phase_randomized,20,1906
BASELINE_EC,FFT-derived POW,Band,Gamma,ALL_CHANNELS_MEDIAN,BandMedian.Gamma,31,310,320,80,0.6321928095,0.7902410119,0.7586313714,0.0902835453,0.8,-1.400460754,phase_randomized,20,1906
BASELINE_EC,FFT-derived POW,Band,Gamma,ALL_CHANNELS_MEDIAN,BandMedian.Gamma,32,320,330,80,0.6321928095,0.7112169107,0.6835584753,0.07808268187,0.8888888889,-0.6578368537,phase_randomized,20,1906
BASELINE_EC,FFT-derived POW,Band,Gamma,ALL_CHANNELS_MEDIAN,BandMedian.Gamma,33,330,340,80,0.7902410119,0.6321928095,0.6440464247,0.1034327951,1.25,1.413425858,phase_randomized,20,1906
BASELINE_EC,FFT-derived POW,Band,Gamma,ALL_CHANNELS_MEDIAN,BandMedian.Gamma,34,340,350,80,0.5531687083,0.5531687083,0.5610711184,0.09208578982,1,-0.08581573915,phase_randomized,20,1906
BASELINE_EC,FFT-derived POW,Band,Gamma,ALL_CHANNELS_MEDIAN,BandMedian.Gamma,35,350,360,80,0.5531687083,0.5531687083,0.5808271437,0.1182585492,1,-0.2338810649,phase_randomized,20,1906
BASELINE_EC,FFT-derived POW,Band,Gamma,ALL_CHANNELS_MEDIAN,BandMedian.Gamma,36,360,370,80,0.869265113,0.6321928095,0.6519488348,0.09550239395,1.375,2.275506082,phase_randomized,20,1906
BASELINE_EC,FFT-derived POW,Band,Gamma,ALL_CHANNELS_MEDIAN,BandMedian.Gamma,37,370,380,80,0.4741446071,0.6717048601,0.6598512449,0.1478961247,0.7058823529,-1.255655875,phase_randomized,20,1906
BASELINE_EC,FFT-derived POW,Band,Gamma,ALL_CHANNELS_MEDIAN,BandMedian.Gamma,38,380,390,80,0.6321928095,0.6717048601,0.6954120904,0.1297232274,0.9411764706,-0.4873397172,phase_randomized,20,1906
BASELINE_EC,FFT-derived POW,Band,Gamma,ALL_CHANNELS_MEDIAN,BandMedian.Gamma,39,390,400,80,0.7112169107,0.6321928095,0.6361440145,0.08298025748,1.125,0.9047079197,phase_randomized,20,1906
BASELINE_EC,FFT-derived POW,Band,Gamma,ALL_CHANNELS_MEDIAN,BandMedian.Gamma,40,400,410,80,0.4741446071,0.7112169107,0.6559000398,0.1149465103,0.6666666667,-1.581217492,phase_randomized,20,1906
BASELINE_EC,FFT-derived POW,Band,Gamma,ALL_CHANNELS_MEDIAN,BandMedian.Gamma,41,410,420,80,0.7112169107,0.7112169107,0.7270217309,0.09455123731,1,-0.167156144,phase_randomized,20,1906
BASELINE_EC,FFT-derived POW,Band,Gamma,ALL_CHANNELS_MEDIAN,BandMedian.Gamma,42,420,430,80,0.7902410119,0.869265113,0.869265113,0.08503429293,0.9090909091,-0.9293203773,phase_randomized,20,1906
BASELINE_EC,FFT-derived POW,Band,Gamma,ALL_CHANNELS_MEDIAN,BandMedian.Gamma,43,430,440,80,0.4741446071,0.6321928095,0.6163879893,0.08347389811,0.75,-1.704046239,phase_randomized,20,1906
BASELINE_EC,FFT-derived POW,Band,Gamma,ALL_CHANNELS_MEDIAN,BandMedian.Gamma,44,440,450,80,0.9482892142,0.6321928095,0.6796072702,0.1099782168,1.5,2.443046922,phase_randomized,20,1906
BASELINE_EC,FFT-derived POW,Band,Gamma,ALL_CHANNELS_MEDIAN,BandMedian.Gamma,45,450,460,80,0.4741446071,0.7112169107,0.7230705259,0.07375335204,0.6666666667,-3.375113291,phase_randomized,20,1906
BASELINE_EC,FFT-derived POW,Band,Gamma,ALL_CHANNELS_MEDIAN,BandMedian.Gamma,46,460,470,80,0.6321928095,0.8297530625,0.8337042675,0.113145294,0.7619047619,-1.780997254,phase_randomized,20,1906
BASELINE_EC,FFT-derived POW,Band,Gamma,ALL_CHANNELS_MEDIAN,BandMedian.Gamma,47,470,480,80,0.4741446071,0.6321928095,0.6321928095,0.08881542233,0.75,-1.779513042,phase_randomized,20,1906
BASELINE_EC,FFT-derived POW,Band,Gamma,ALL_CHANNELS_MEDIAN,BandMedian.Gamma,48,480,490,80,0.7112169107,0.7902410119,0.7507289613,0.1160846223,0.9,-0.3403728229,phase_randomized,20,1906
BASELINE_EC,FFT-derived POW,Band,Gamma,ALL_CHANNELS_MEDIAN,BandMedian.Gamma,49,490,500,80,0.3951205059,0.6321928095,0.6875096803,0.1177711701,0.625,-2.48268888,phase_randomized,20,1906
BASELINE_EC,FFT-derived POW,Band,Gamma,ALL_CHANNELS_MEDIAN,BandMedian.Gamma,50,500,510,80,0.6321928095,0.7902410119,0.7586313714,0.1006139323,0.8,-1.256670513,phase_randomized,20,1906
BASELINE_EC,FFT-derived POW,Band,Gamma,ALL_CHANNELS_MEDIAN,BandMedian.Gamma,51,510,520,80,0.7112169107,0.7902410119,0.7704849866,0.1053221347,0.9,-0.5627314339,phase_randomized,20,1906
BASELINE_EC,FFT-derived POW,Band,Gamma,ALL_CHANNELS_MEDIAN,BandMedian.Gamma,52,520,530,80,0.7902410119,0.7902410119,0.8060458321,0.08732261984,1,-0.1809934272,phase_randomized,20,1906
BASELINE_EC,FFT-derived POW,Band,Gamma,ALL_CHANNELS_MEDIAN,BandMedian.Gamma,53,530,540,80,0.7902410119,0.6717048601,0.6993632955,0.1096040129,1.176470588,0.8291458859,phase_randomized,20,1906
BASELINE_EC,FFT-derived POW,Band,Gamma,ALL_CHANNELS_MEDIAN,BandMedian.Gamma,54,540,550,80,0.6321928095,0.6321928095,0.6124367842,0.1113887274,1,0.1773610827,phase_randomized,20,1906
BASELINE_EC,FFT-derived POW,Band,Gamma,ALL_CHANNELS_MEDIAN,BandMedian.Gamma,55,550,560,80,0.7112169107,0.7112169107,0.6914608854,0.1377713007,1,0.1433972474,phase_randomized,20,1906
BASELINE_EC,FFT-derived POW,Band,Gamma,ALL_CHANNELS_MEDIAN,BandMedian.Gamma,56,560,570,80,0.5531687083,0.7112169107,0.7230705259,0.1096040129,0.7777777778,-1.550142308,phase_randomized,20,1906
BASELINE_EC,FFT-derived POW,Band,Gamma,ALL_CHANNELS_MEDIAN,BandMedian.Gamma,57,570,580,80,0.7112169107,0.6717048601,0.6835584753,0.08982733447,1.058823529,0.3079066698,phase_randomized,20,1906
BASELINE_EC,FFT-derived POW,Band,Gamma,ALL_CHANNELS_MEDIAN,BandMedian.Gamma,58,580,590,80,0.6321928095,0.6321928095,0.667753655,0.0700976342,1,-0.5073045038,phase_randomized,20,1906
BASELINE_EC,FFT-derived POW,Band,Gamma,ALL_CHANNELS_MEDIAN,BandMedian.Gamma,59,590,600,80,0.7902410119,0.7112169107,0.7388753461,0.1182585492,1.111111111,0.4343505491,phase_randomized,20,1906
BASELINE_EC,FFT-derived POW,Band,Gamma,ALL_CHANNELS_MEDIAN,BandMedian.Gamma,60,600,610,80,0.7112169107,0.7112169107,0.7428265511,0.1266463493,1,-0.2495898275,phase_randomized,20,1906
BASELINE_EC,FFT-derived POW,Band,Gamma,ALL_CHANNELS_MEDIAN,BandMedian.Gamma,61,610,620,80,0.7112169107,0.6321928095,0.6835584753,0.1065630863,1.125,0.259549872,phase_randomized,20,1906
BASELINE_EC,FFT-derived POW,Band,Gamma,ALL_CHANNELS_MEDIAN,BandMedian.Gamma,62,620,630,80,0.4741446071,0.7112169107,0.6835584753,0.07375335204,0.6666666667,-2.839381023,phase_randomized,20,1906
BASELINE_EC,FFT-derived POW,Band,Gamma,ALL_CHANNELS_MEDIAN,BandMedian.Gamma,63,630,640,80,0.7112169107,0.7112169107,0.6954120904,0.1012651619,1,0.1560736184,phase_randomized,20,1906
BASELINE_EC,FFT-derived POW,Band,Gamma,ALL_CHANNELS_MEDIAN,BandMedian.Gamma,64,640,650,80,0.7902410119,0.7112169107,0.730972936,0.09550239395,1.111111111,0.6205925677,phase_randomized,20,1906
BASELINE_EC,FFT-derived POW,Band,Gamma,ALL_CHANNELS_MEDIAN,BandMedian.Gamma,65,650,660,80,0.4741446071,0.6321928095,0.6282416044,0.08685085723,0.75,-1.774271461,phase_randomized,20,1906
BASELINE_EC,FFT-derived POW,Band,Gamma,ALL_CHANNELS_MEDIAN,BandMedian.Gamma,66,660,670,80,0.6321928095,0.5531687083,0.600583169,0.08268265847,1.142857143,0.3823007274,phase_randomized,20,1906
BASELINE_EC,FFT-derived POW,Band,Gamma,ALL_CHANNELS_MEDIAN,BandMedian.Gamma,67,670,680,80,0.7902410119,0.7902410119,0.8258018574,0.08298025748,1,-0.4285458567,phase_randomized,20,1906
BASELINE_EC,FFT-derived POW,Band,Gamma,ALL_CHANNELS_MEDIAN,BandMedian.Gamma,68,680,690,80,0.7112169107,0.6321928095,0.66380245,0.1317345601,1.125,0.3599242345,phase_randomized,20,1906
BASELINE_EC,FFT-derived POW,Band,Gamma,ALL_CHANNELS_MEDIAN,BandMedian.Gamma,69,690,700,80,0.5531687083,0.5926807589,0.6084855791,0.1090779707,0.9333333333,-0.5071314627,phase_randomized,20,1906
BASELINE_EC,FFT-derived POW,Band,Gamma,ALL_CHANNELS_MEDIAN,BandMedian.Gamma,70,700,710,80,0.7112169107,0.7112169107,0.7033145006,0.08844458388,1,0.08934871727,phase_randomized,20,1906
BASELINE_EC,FFT-derived POW,Band,Gamma,ALL_CHANNELS_MEDIAN,BandMedian.Gamma,71,710,720,80,0.4741446071,0.6321928095,0.6361440145,0.09055616861,0.75,-1.788938401,phase_randomized,20,1906
BASELINE_EC,FFT-derived POW,Band,Gamma,ALL_CHANNELS_MEDIAN,BandMedian.Gamma,72,720,730,80,0.7902410119,0.7902410119,0.7902410119,0.108776233,1,1.020648531e-15,phase_randomized,20,1906
BASELINE_EC,FFT-derived POW,Band,Gamma,ALL_CHANNELS_MEDIAN,BandMedian.Gamma,73,730,740,80,0.6321928095,0.6321928095,0.6440464247,0.1263215313,1,-0.09383685472,phase_randomized,20,1906
BASELINE_EC,FFT-derived POW,Band,Gamma,ALL_CHANNELS_MEDIAN,BandMedian.Gamma,74,740,750,80,0.6321928095,0.7112169107,0.730972936,0.1353646299,0.8888888889,-0.7297336574,phase_randomized,20,1906
BASELINE_EC,FFT-derived POW,Band,Gamma,ALL_CHANNELS_MEDIAN,BandMedian.Gamma,75,750,760,80,0.3951205059,0.6321928095,0.6400952196,0.08464689095,0.625,-2.894078104,phase_randomized,20,1906
BASELINE_EC,FFT-derived POW,Band,Gamma,ALL_CHANNELS_MEDIAN,BandMedian.Gamma,76,760,770,80,0.7112169107,0.5926807589,0.596631964,0.08685085723,1.2,1.31933006,phase_randomized,20,1906
BASELINE_EC,FFT-derived POW,Band,Gamma,ALL_CHANNELS_MEDIAN,BandMedian.Gamma,77,770,780,80,0.5531687083,0.7507289613,0.7665337815,0.1177711701,0.7368421053,-1.811691886,phase_randomized,20,1906
BASELINE_EC,FFT-derived POW,Band,Gamma,ALL_CHANNELS_MEDIAN,BandMedian.Gamma,78,780,790,80,0.7902410119,0.6717048601,0.6598512449,0.096869224,1.176470588,1.34603914,phase_randomized,20,1906
BASELINE_EC,FFT-derived POW,Band,Gamma,ALL_CHANNELS_MEDIAN,BandMedian.Gamma,79,790,800,80,0.6321928095,0.5926807589,0.6045343741,0.1065630863,1.066666667,0.259549872,phase_randomized,20,1906
BASELINE_EC,FFT-derived POW,Band,Gamma,ALL_CHANNELS_MEDIAN,BandMedian.Gamma,80,800,810,80,0.6321928095,0.6321928095,0.6282416044,0.08298025748,1,0.0476162063,phase_randomized,20,1906
BASELINE_EC,FFT-derived POW,Band,Gamma,ALL_CHANNELS_MEDIAN,BandMedian.Gamma,81,810,820,80,0.7112169107,0.7112169107,0.7507289613,0.09420298111,1,-0.4194352464,phase_randomized,20,1906
BASELINE_EC,FFT-derived POW,Band,Gamma,ALL_CHANNELS_MEDIAN,BandMedian.Gamma,82,820,830,80,0.5531687083,0.5136566577,0.5373638881,0.1012651619,1.076923077,0.1560736184,phase_randomized,20,1906
BASELINE_EC,FFT-derived POW,Band,Gamma,ALL_CHANNELS_MEDIAN,BandMedian.Gamma,83,830,840,80,0.7112169107,0.7112169107,0.7230705259,0.1002047645,1,-0.1182939278,phase_randomized,20,1906
BASELINE_EC,FFT-derived POW,Band,Gamma,ALL_CHANNELS_MEDIAN,BandMedian.Gamma,84,840,850,80,0.6321928095,0.5531687083,0.5492175032,0.1008586361,1.142857143,0.8226891561,phase_randomized,20,1906
BASELINE_EC,FFT-derived POW,Band,Gamma,ALL_CHANNELS_MEDIAN,BandMedian.Gamma,85,850,860,80,0.7902410119,0.6321928095,0.6756560651,0.0700976342,1.25,1.634647845,phase_randomized,20,1906
BASELINE_EC,FFT-derived POW,Band,Gamma,ALL_CHANNELS_MEDIAN,BandMedian.Gamma,86,860,870,80,0.5531687083,0.7112169107,0.6914608854,0.0845497631,0.7777777778,-1.635630568,phase_randomized,20,1906
BASELINE_EC,FFT-derived POW,Band,Gamma,ALL_CHANNELS_MEDIAN,BandMedian.Gamma,87,870,880,80,0.5531687083,0.7902410119,0.7467777562,0.1160138174,0.7,-1.668844731,phase_randomized,20,1906
BASELINE_EC,FFT-derived POW,Band,Gamma,ALL_CHANNELS_MEDIAN,BandMedian.Gamma,88,880,890,80,0.6321928095,0.7112169107,0.7151681157,0.1071781742,0.8888888889,-0.7741810016,phase_randomized,20,1906
BASELINE_EC,FFT-derived POW,Band,Gamma,ALL_CHANNELS_MEDIAN,BandMedian.Gamma,89,890,900,80,0.7902410119,0.6321928095,0.6796072702,0.1099782168,1.25,1.005960497,phase_randomized,20,1906
BASELINE_EC,FFT-derived POW,Band,Gamma,ALL_CHANNELS_MEDIAN,BandMedian.Gamma,90,900,910,80,0.7902410119,0.7902410119,0.7625825764,0.08218426539,1,0.3365417368,phase_randomized,20,1906
BASELINE_EC,FFT-derived POW,Band,Gamma,ALL_CHANNELS_MEDIAN,BandMedian.Gamma,91,910,920,80,0.5531687083,0.6321928095,0.6203391943,0.1065630863,0.875,-0.6303354033,phase_randomized,20,1906
BASELINE_EC,FFT-derived POW,Band,Gamma,ALL_CHANNELS_MEDIAN,BandMedian.Gamma,92,920,930,80,0.4741446071,0.6321928095,0.6717048601,0.1344510224,0.75,-1.469384534,phase_randomized,20,1906
BASELINE_EC,FFT-derived POW,Band,Gamma,ALL_CHANNELS_MEDIAN,BandMedian.Gamma,93,930,940,80,0.7112169107,0.7112169107,0.7112169107,0.07251748867,1,0,phase_randomized,20,1906
BASELINE_EC,FFT-derived POW,Band,Gamma,ALL_CHANNELS_MEDIAN,BandMedian.Gamma,94,940,950,80,0.6321928095,0.6321928095,0.6163879893,0.1105743091,1,0.1429339271,phase_randomized,20,1906
BASELINE_EC,FFT-derived POW,Band,Gamma,ALL_CHANNELS_MEDIAN,BandMedian.Gamma,95,950,960,80,0.7112169107,0.6717048601,0.6796072702,0.09729242053,1.058823529,0.3248931448,phase_randomized,20,1906
BASELINE_EC,FFT-derived POW,Band,Gamma,ALL_CHANNELS_MEDIAN,BandMedian.Gamma,96,960,970,80,0.869265113,0.7112169107,0.7467777562,0.08298025748,1.222222222,1.476102395,phase_randomized,20,1906
BASELINE_EC,FFT-derived POW,Band,Gamma,ALL_CHANNELS_MEDIAN,BandMedian.Gamma,97,970,980,80,0.5531687083,0.7112169107,0.7191193208,0.09558839343,0.7777777778,-1.736095843,phase_randomized,20,1906
BASELINE_EC,FFT-derived POW,Band,Gamma,ALL_CHANNELS_MEDIAN,BandMedian.Gamma,98,980,990,80,0.7112169107,0.7112169107,0.6875096803,0.1177711701,1,0.2012990984,phase_randomized,20,1906
BASELINE_EC,FFT-derived POW,Band,Gamma,ALL_CHANNELS_MEDIAN,BandMedian.Gamma,99,990,1000,80,0.7112169107,0.7902410119,0.7546801663,0.09754545716,0.9,-0.4455692445,phase_randomized,20,1906
BASELINE_EC,FFT-derived POW,Band,Gamma,ALL_CHANNELS_MEDIAN,BandMedian.Gamma,100,1000,1010,80,0.4741446071,0.7112169107,0.7072657056,0.1071781742,0.6666666667,-2.175079957,phase_randomized,20,1906
BASELINE_EC,FFT-derived POW,Band,Gamma,ALL_CHANNELS_MEDIAN,BandMedian.Gamma,101,1010,1020,80,0.7112169107,0.6321928095,0.6717048601,0.1294696138,1.125,0.3051839689,phase_randomized,20,1906
BASELINE_EC,FFT-derived POW,Band,Gamma,ALL_CHANNELS_MEDIAN,BandMedian.Gamma,102,1020,1030,80,0.7112169107,0.7112169107,0.7704849866,0.08835163106,1,-0.6708203932,phase_randomized,20,1906
BASELINE_EC,FFT-derived POW,Band,Gamma,ALL_CHANNELS_MEDIAN,BandMedian.Gamma,103,1030,1040,80,0.6321928095,0.7112169107,0.6993632955,0.096869224,0.8888888889,-0.6934141024,phase_randomized,20,1906
BASELINE_EC,FFT-derived POW,Band,Gamma,ALL_CHANNELS_MEDIAN,BandMedian.Gamma,104,1040,1050,80,0.7112169107,0.6321928095,0.6796072702,0.0902835453,1.125,0.3501151884,phase_randomized,20,1906
BASELINE_EC,FFT-derived POW,Band,Gamma,ALL_CHANNELS_MEDIAN,BandMedian.Gamma,105,1050,1060,80,0.6321928095,0.869265113,0.869265113,0.1146602172,0.7272727273,-2.067607313,phase_randomized,20,1906
BASELINE_EC,FFT-derived POW,Band,Gamma,ALL_CHANNELS_MEDIAN,BandMedian.Gamma,106,1060,1070,80,0.6321928095,0.6321928095,0.6203391943,0.08609066005,1,0.1376875862,phase_randomized,20,1906
BASELINE_EC,FFT-derived POW,Band,Gamma,ALL_CHANNELS_MEDIAN,BandMedian.Gamma,107,1070,1080,80,0.7902410119,0.7902410119,0.7704849866,0.0845497631,1,0.2336615098,phase_randomized,20,1906
BASELINE_EC,FFT-derived POW,Band,Gamma,ALL_CHANNELS_MEDIAN,BandMedian.Gamma,108,1080,1090,80,0.6321928095,0.7112169107,0.6993632955,0.09341465778,0.8888888889,-0.7190572401,phase_randomized,20,1906
BASELINE_EC,FFT-derived POW,Band,Gamma,ALL_CHANNELS_MEDIAN,BandMedian.Gamma,109,1090,1100,80,0.6321928095,0.7112169107,0.7033145006,0.108473656,0.8888888889,-0.6556586522,phase_randomized,20,1906
BASELINE_EC,FFT-derived POW,Band,Gamma,ALL_CHANNELS_MEDIAN,BandMedian.Gamma,110,1100,1110,80,0.7112169107,0.7902410119,0.7586313714,0.09729242053,0.9,-0.4873397172,phase_randomized,20,1906
BASELINE_EC,FFT-derived POW,Band,Gamma,ALL_CHANNELS_MEDIAN,BandMedian.Gamma,111,1110,1120,80,0.7112169107,0.7112169107,0.7507289613,0.1631643495,1,-0.2421610524,phase_randomized,20,1906
BASELINE_EC,FFT-derived POW,Band,Gamma,ALL_CHANNELS_MEDIAN,BandMedian.Gamma,112,1120,1130,80,0.5531687083,0.6321928095,0.6124367842,0.1577880405,0.875,-0.3756183022,phase_randomized,20,1906
BASELINE_EC,FFT-derived POW,Band,Gamma,ALL_CHANNELS_MEDIAN,BandMedian.Gamma,113,1130,1140,80,0.7112169107,0.7112169107,0.7151681157,0.09411571571,1,-0.04198241526,phase_randomized,20,1906
BASELINE_EC,FFT-derived POW,Band,Gamma,ALL_CHANNELS_MEDIAN,BandMedian.Gamma,114,1140,1150,80,0.7112169107,0.7902410119,0.7625825764,0.1125628176,0.9,-0.4563288913,phase_randomized,20,1906
BASELINE_EC,FFT-derived POW,Band,Gamma,ALL_CHANNELS_MEDIAN,BandMedian.Gamma,115,1150,1160,80,0.7112169107,0.7112169107,0.7230705259,0.08609066005,1,-0.1376875862,phase_randomized,20,1906
BASELINE_EC,FFT-derived POW,Band,Gamma,ALL_CHANNELS_MEDIAN,BandMedian.Gamma,116,1160,1170,80,0.6321928095,0.7507289613,0.734924141,0.08541993796,0.8421052632,-1.202662212,phase_randomized,20,1906
BASELINE_EC,FFT-derived POW,Band,Gamma,ALL_CHANNELS_MEDIAN,BandMedian.Gamma,117,1170,1180,80,0.7112169107,0.6321928095,0.6045343741,0.1002047645,1.125,1.06464535,phase_randomized,20,1906
BASELINE_EC,FFT-derived POW,Band,Gamma,ALL_CHANNELS_MEDIAN,BandMedian.Gamma,118,1180,1190,80,0.7902410119,0.6321928095,0.6479976297,0.1012651619,1.25,1.404662566,phase_randomized,20,1906
BASELINE_EC,FFT-derived POW,Band,Gamma,ALL_CHANNELS_MEDIAN,BandMedian.Gamma,119,1190,1200,80,0.9482892142,0.7112169107,0.734924141,0.1120506669,1.333333333,1.904183875,phase_randomized,20,1906
BASELINE_EC,FFT-derived POW,Band,Gamma,ALL_CHANNELS_MEDIAN,BandMedian.Gamma,120,1200,1210,80,0.869265113,0.7112169107,0.730972936,0.06722551122,1.222222222,2.057138348,phase_randomized,20,1906
BASELINE_EC,FFT-derived POW,Band,Gamma,ALL_CHANNELS_MEDIAN,BandMedian.Gamma,121,1210,1220,80,0.5531687083,0.6321928095,0.6519488348,0.08835163106,0.875,-1.118033989,phase_randomized,20,1906
BASELINE_EC,FFT-derived POW,Band,Gamma,ALL_CHANNELS_MEDIAN,BandMedian.Gamma,122,1220,1230,80,0.3951205059,0.5926807589,0.6045343741,0.09341465778,0.6666666667,-2.24176669,phase_randomized,20,1906
BASELINE_EC,FFT-derived POW,Band,Gamma,ALL_CHANNELS_MEDIAN,BandMedian.Gamma,123,1230,1240,80,0.7902410119,0.7902410119,0.7665337815,0.1309839298,1,0.1809934272,phase_randomized,20,1906
BASELINE_EC,FFT-derived POW,Band,Gamma,ALL_CHANNELS_MEDIAN,BandMedian.Gamma,124,1240,1250,80,0.6321928095,0.6717048601,0.6598512449,0.1263215313,0.9411764706,-0.218952661,phase_randomized,20,1906
BASELINE_EC,FFT-derived POW,Band,Gamma,ALL_CHANNELS_MEDIAN,BandMedian.Gamma,125,1250,1260,80,0.6321928095,0.7112169107,0.7112169107,0.08503429293,0.8888888889,-0.9293203773,phase_randomized,20,1906
BASELINE_EC,FFT-derived POW,Band,Gamma,ALL_CHANNELS_MEDIAN,BandMedian.Gamma,126,1260,1270,80,0.6321928095,0.7507289613,0.7467777562,0.09055616861,0.8421052632,-1.265346674,phase_randomized,20,1906
BASELINE_EC,FFT-derived POW,Band,Gamma,ALL_CHANNELS_MEDIAN,BandMedian.Gamma,127,1270,1280,80,0.5531687083,0.7112169107,0.6875096803,0.09627362366,0.7777777778,-1.395407869,phase_randomized,20,1906
BASELINE_EC,FFT-derived POW,Band,Gamma,ALL_CHANNELS_MEDIAN,BandMedian.Gamma,128,1280,1290,80,0.7112169107,0.7112169107,0.7151681157,0.1160138174,1,-0.03405805573,phase_randomized,20,1906
BASELINE_EC,FFT-derived POW,Band,Gamma,ALL_CHANNELS_MEDIAN,BandMedian.Gamma,129,1290,1300,80,0.5531687083,0.6321928095,0.6717048601,0.1072548122,0.875,-1.105182596,phase_randomized,20,1906
BASELINE_EC,FFT-derived POW,Band,Gamma,ALL_CHANNELS_MEDIAN,BandMedian.Gamma,130,1300,1310,80,0.3951205059,0.7112169107,0.7270217309,0.1322326132,0.5555555556,-2.50998008,phase_randomized,20,1906
BASELINE_EC,FFT-derived POW,Band,Gamma,ALL_CHANNELS_MEDIAN,BandMedian.Gamma,131,1310,1320,80,0.4741446071,0.6321928095,0.6124367842,0.1021538242,0.75,-1.353764073,phase_randomized,20,1906
BASELINE_EC,FFT-derived POW,Band,Gamma,ALL_CHANNELS_MEDIAN,BandMedian.Gamma,132,1320,1330,80,0.5531687083,0.7112169107,0.7507289613,0.1438974305,0.7777777778,-1.372924118,phase_randomized,20,1906
BASELINE_EC,FFT-derived POW,Band,Gamma,ALL_CHANNELS_MEDIAN,BandMedian.Gamma,133,1330,1340,80,0.5531687083,0.5926807589,0.5768759387,0.1120506669,0.9333333333,-0.2115759861,phase_randomized,20,1906
BASELINE_EC,FFT-derived POW,Band,Gamma,ALL_CHANNELS_MEDIAN,BandMedian.Gamma,134,1340,1350,80,0.7112169107,0.7902410119,0.7783873967,0.096869224,0.9,-0.6934141024,phase_randomized,20,1906
BASELINE_EC,FFT-derived POW,Band,Gamma,ALL_CHANNELS_MEDIAN,BandMedian.Gamma,135,1350,1360,80,0.6321928095,0.7902410119,0.8099970372,0.1278731333,0.8,-1.390473691,phase_randomized,20,1906
BASELINE_EC,FFT-derived POW,Band,Gamma,ALL_CHANNELS_MEDIAN,BandMedian.Gamma,136,1360,1370,80,0.7112169107,0.5136566577,0.5531687083,0.1332231335,1.384615385,1.186342028,phase_randomized,20,1906
BASELINE_EC,FFT-derived POW,Band,Gamma,ALL_CHANNELS_MEDIAN,BandMedian.Gamma,137,1370,1380,80,0.869265113,0.9087771636,0.9166795738,0.09729242053,0.9565217391,-0.4873397172,phase_randomized,20,1906
BASELINE_EC,FFT-derived POW,Band,Gamma,ALL_CHANNELS_MEDIAN,BandMedian.Gamma,138,1380,1390,80,0.6321928095,0.7507289613,0.7191193208,0.1054001222,0.8421052632,-0.8247287523,phase_randomized,20,1906
BASELINE_EC,FFT-derived POW,Band,Gamma,ALL_CHANNELS_MEDIAN,BandMedian.Gamma,139,1390,1400,80,0.5531687083,0.7902410119,0.8297530625,0.1160846223,0.7,-2.38260976,phase_randomized,20,1906
BASELINE_EC,FFT-derived POW,Band,Gamma,ALL_CHANNELS_MEDIAN,BandMedian.Gamma,140,1400,1410,80,0.6321928095,0.6321928095,0.6796072702,0.08268265847,1,-0.5734510911,phase_randomized,20,1906
BASELINE_EC,FFT-derived POW,Band,Gamma,ALL_CHANNELS_MEDIAN,BandMedian.Gamma,141,1410,1420,80,0.7112169107,0.7902410119,0.7862898068,0.08685085723,0.9,-0.8643886603,phase_randomized,20,1906
BASELINE_EC,FFT-derived POW,Band,Gamma,ALL_CHANNELS_MEDIAN,BandMedian.Gamma,142,1420,1430,80,0.5531687083,0.7507289613,0.7823386017,0.1143732074,0.7368421053,-2.003702603,phase_randomized,20,1906
BASELINE_EC,FFT-derived POW,Band,Gamma,ALL_CHANNELS_MEDIAN,BandMedian.Gamma,143,1430,1440,80,0.5531687083,0.7112169107,0.7388753461,0.1034327951,0.7777777778,-1.795432847,phase_randomized,20,1906
BASELINE_EC,FFT-derived POW,Band,Gamma,ALL_CHANNELS_MEDIAN,BandMedian.Gamma,144,1440,1450,80,0.5531687083,0.5531687083,0.5768759387,0.0996291066,1,-0.2379548624,phase_randomized,20,1906
BASELINE_EC,FFT-derived POW,Band,Gamma,ALL_CHANNELS_MEDIAN,BandMedian.Gamma,145,1450,1460,80,0.7112169107,0.6717048601,0.7072657056,0.148339925,1.058823529,0.02663615382,phase_randomized,20,1906
BASELINE_EC,FFT-derived POW,Band,Gamma,ALL_CHANNELS_MEDIAN,BandMedian.Gamma,146,1460,1470,80,0.7112169107,0.7902410119,0.798143422,0.08844458388,0.9,-0.9828358899,phase_randomized,20,1906
BASELINE_EC,FFT-derived POW,Band,Gamma,ALL_CHANNELS_MEDIAN,BandMedian.Gamma,147,1470,1480,80,0.869265113,0.7112169107,0.7467777562,0.09411571571,1.222222222,1.301454873,phase_randomized,20,1906
BASELINE_EC,FFT-derived POW,Band,Gamma,ALL_CHANNELS_MEDIAN,BandMedian.Gamma,148,1480,1490,80,0.7112169107,0.6321928095,0.6282416044,0.09055616861,1.125,0.9162855223,phase_randomized,20,1906
BASELINE_EC,FFT-derived POW,Band,Gamma,ALL_CHANNELS_MEDIAN,BandMedian.Gamma,149,1490,1500,80,0.7902410119,0.6321928095,0.6400952196,0.08067061346,1.25,1.86122041,phase_randomized,20,1906
BASELINE_EC,FFT-derived POW,Band,Gamma,ALL_CHANNELS_MEDIAN,BandMedian.Gamma,150,1500,1510,80,0.7902410119,0.7902410119,0.7586313714,0.1069479308,1,0.295561029,phase_randomized,20,1906
BASELINE_EC,FFT-derived POW,Band,Gamma,ALL_CHANNELS_MEDIAN,BandMedian.Gamma,151,1510,1520,80,0.5531687083,0.6321928095,0.6519488348,0.1083978797,0.875,-0.9112736035,phase_randomized,20,1906
BASELINE_EC,FFT-derived POW,Band,Gamma,ALL_CHANNELS_MEDIAN,BandMedian.Gamma,152,1520,1530,80,0.5531687083,0.7112169107,0.6796072702,0.1266463493,0.7777777778,-0.9983593098,phase_randomized,20,1906
BASELINE_EC,FFT-derived POW,Band,Gamma,ALL_CHANNELS_MEDIAN,BandMedian.Gamma,153,1530,1540,80,0.6321928095,0.5531687083,0.5650223235,0.1096040129,1.142857143,0.6128469592,phase_randomized,20,1906
BASELINE_EC,FFT-derived POW,Band,Gamma,ALL_CHANNELS_MEDIAN,BandMedian.Gamma,154,1540,1550,80,0.5531687083,0.869265113,0.8416066776,0.1154458149,0.6363636364,-2.498470556,phase_randomized,20,1906
BASELINE_EC,FFT-derived POW,Band,Gamma,ALL_CHANNELS_MEDIAN,BandMedian.Gamma,155,1550,1560,80,0.6321928095,0.6321928095,0.7072657056,0.1008586361,1,-0.7443378079,phase_randomized,20,1906
BASELINE_EC,FFT-derived POW,Band,Gamma,ALL_CHANNELS_MEDIAN,BandMedian.Gamma,156,1560,1570,80,0.6321928095,0.6321928095,0.667753655,0.1071781742,1,-0.3317918578,phase_randomized,20,1906
BASELINE_EC,FFT-derived POW,Band,Gamma,ALL_CHANNELS_MEDIAN,BandMedian.Gamma,157,1570,1580,80,0.4741446071,0.6321928095,0.596631964,0.05423682798,0.75,-2.258379802,phase_randomized,20,1906
BASELINE_EC,FFT-derived POW,Band,Gamma,ALL_CHANNELS_MEDIAN,BandMedian.Gamma,158,1580,1590,80,0.7112169107,0.5531687083,0.6084855791,0.1060219573,1.285714286,0.9689627902,phase_randomized,20,1906
BASELINE_EC,FFT-derived POW,Band,Gamma,ALL_CHANNELS_MEDIAN,BandMedian.Gamma,159,1590,1600,80,0.7112169107,0.7112169107,0.734924141,0.08148139377,1,-0.2909526858,phase_randomized,20,1906
BASELINE_EC,FFT-derived POW,Band,Gamma,ALL_CHANNELS_MEDIAN,BandMedian.Gamma,160,1600,1610,81,0.9392370375,0.7826975312,0.7592166053,0.1138492542,1.2,1.581217492,phase_randomized,20,1906
BASELINE_EC,FFT-derived POW,Band,Gamma,ALL_CHANNELS_MEDIAN,BandMedian.Gamma,161,1610,1620,80,0.9482892142,0.7112169107,0.7191193208,0.1253420267,1.333333333,1.828356374,phase_randomized,20,1906
BASELINE_EC,FFT-derived POW,Band,Gamma,ALL_CHANNELS_MEDIAN,BandMedian.Gamma,162,1620,1630,80,0.4741446071,0.6321928095,0.6479976297,0.1105743091,0.75,-1.572273199,phase_randomized,20,1906
BASELINE_EC,FFT-derived POW,Band,Gamma,ALL_CHANNELS_MEDIAN,BandMedian.Gamma,163,1630,1640,80,0.7112169107,0.7902410119,0.7862898068,0.1415368805,0.9,-0.5304122563,phase_randomized,20,1906
BASELINE_EC,FFT-derived POW,Band,Gamma,ALL_CHANNELS_MEDIAN,BandMedian.Gamma,164,1640,1650,80,0.6321928095,0.6717048601,0.6756560651,0.1071781742,0.9411764706,-0.4055233818,phase_randomized,20,1906
BASELINE_EC,FFT-derived POW,Band,Gamma,ALL_CHANNELS_MEDIAN,BandMedian.Gamma,165,1650,1660,80,0.7112169107,0.6321928095,0.6519488348,0.07638040259,1.125,0.7759591974,phase_randomized,20,1906
BASELINE_EC,FFT-derived POW,Band,Gamma,ALL_CHANNELS_MEDIAN,BandMedian.Gamma,166,1660,1670,80,0.7112169107,0.7112169107,0.6717048601,0.07902410119,1,0.5,phase_randomized,20,1906
BASELINE_EC,FFT-derived POW,Band,Gamma,ALL_CHANNELS_MEDIAN,BandMedian.Gamma,167,1670,1680,80,0.4741446071,0.6321928095,0.600583169,0.08268265847,0.75,-1.52920291,phase_randomized,20,1906
BASELINE_EC,FFT-derived POW,Band,Gamma,ALL_CHANNELS_MEDIAN,BandMedian.Gamma,168,1680,1690,80,0.6321928095,0.7112169107,0.730972936,0.0845497631,0.8888888889,-1.168307549,phase_randomized,20,1906
BASELINE_EC,FFT-derived POW,Band,Gamma,ALL_CHANNELS_MEDIAN,BandMedian.Gamma,169,1690,1700,80,0.7112169107,0.6717048601,0.6875096803,0.08918471882,1.058823529,0.2658216639,phase_randomized,20,1906
BASELINE_EC,FFT-derived POW,Band,Gamma,ALL_CHANNELS_MEDIAN,BandMedian.Gamma,170,1700,1710,80,0.5531687083,0.6321928095,0.667753655,0.08685085723,0.875,-1.31933006,phase_randomized,20,1906
BASELINE_EC,FFT-derived POW,Band,Gamma,ALL_CHANNELS_MEDIAN,BandMedian.Gamma,171,1710,1720,80,0.4741446071,0.7112169107,0.7230705259,0.1002047645,0.6666666667,-2.484172484,phase_randomized,20,1906
BASELINE_EC,FFT-derived POW,Band,Gamma,ALL_CHANNELS_MEDIAN,BandMedian.Gamma,172,1720,1730,80,0.6321928095,0.7112169107,0.6875096803,0.09279688756,0.8888888889,-0.5961069631,phase_randomized,20,1906
BASELINE_EC,FFT-derived POW,Band,Gamma,ALL_CHANNELS_MEDIAN,BandMedian.Gamma,173,1730,1740,80,0.4741446071,0.7112169107,0.6796072702,0.1006139323,0.6666666667,-2.042089584,phase_randomized,20,1906
BASELINE_EC,FFT-derived POW,Band,Gamma,ALL_CHANNELS_MEDIAN,BandMedian.Gamma,174,1740,1750,80,0.6321928095,0.7112169107,0.7112169107,0.102555216,0.8888888889,-0.7705517504,phase_randomized,20,1906
BASELINE_EC,FFT-derived POW,Band,Gamma,ALL_CHANNELS_MEDIAN,BandMedian.Gamma,175,1750,1760,80,0.6321928095,0.6717048601,0.6914608854,0.0845497631,0.9411764706,-0.7009845293,phase_randomized,20,1906
BASELINE_EC,FFT-derived POW,Band,Gamma,ALL_CHANNELS_MEDIAN,BandMedian.Gamma,176,1760,1770,80,0.7112169107,0.6321928095,0.6598512449,0.1314223185,1.125,0.3908443128,phase_randomized,20,1906
BASELINE_EC,FFT-derived POW,Band,Gamma,ALL_CHANNELS_MEDIAN,BandMedian.Gamma,177,1770,1780,80,0.7112169107,0.5926807589,0.6124367842,0.1053221347,1.2,0.9378857231,phase_randomized,20,1906
BASELINE_EC,FFT-derived POW,Band,Gamma,ALL_CHANNELS_MEDIAN,BandMedian.Gamma,178,1780,1790,80,0.7902410119,0.6717048601,0.6954120904,0.113507824,1.176470588,0.8354395153,phase_randomized,20,1906
BASELINE_EC,FFT-derived POW,Band,Gamma,ALL_CHANNELS_MEDIAN,BandMedian.Gamma,179,1790,1800,80,0.6321928095,0.6321928095,0.6519488348,0.1143013424,1,-0.172841586,phase_randomized,20,1906
BASELINE_EC,FFT-derived POW,Band,Gamma,ALL_CHANNELS_MEDIAN,BandMedian.Gamma,180,1800,1810,80,0.6321928095,0.6321928095,0.6282416044,0.1071781742,1,0.03686576198,phase_randomized,20,1906
MODULATION_DATASET,FFT-derived POW,Band,Gamma,ALL_CHANNELS_MEDIAN,BandMedian.Gamma,0,0,10,81,0.3913487656,0.4696185187,0.477445494,0.07990054813,0.8333333333,-1.077548658,phase_randomized,20,1906
MODULATION_DATASET,FFT-derived POW,Band,Gamma,ALL_CHANNELS_MEDIAN,BandMedian.Gamma,1,10,20,80,0.5531687083,0.5926807589,0.5926807589,0.1009400723,0.9333333333,-0.3914406806,phase_randomized,20,1906
MODULATION_DATASET,FFT-derived POW,Band,Gamma,ALL_CHANNELS_MEDIAN,BandMedian.Gamma,2,20,30,80,0.5531687083,0.5531687083,0.5729247336,0.1252764541,1,-0.1576994291,phase_randomized,20,1906
MODULATION_DATASET,FFT-derived POW,Band,Gamma,ALL_CHANNELS_MEDIAN,BandMedian.Gamma,3,30,40,80,0.6321928095,0.7112169107,0.7151681157,0.1102021293,0.8888888889,-0.7529374142,phase_randomized,20,1906
MODULATION_DATASET,FFT-derived POW,Band,Gamma,ALL_CHANNELS_MEDIAN,BandMedian.Gamma,4,40,50,80,0.7112169107,0.6321928095,0.66380245,0.0902835453,1.125,0.5251727826,phase_randomized,20,1906
MODULATION_DATASET,FFT-derived POW,Band,Gamma,ALL_CHANNELS_MEDIAN,BandMedian.Gamma,5,50,60,80,0.6321928095,0.7112169107,0.6796072702,0.121344968,0.8888888889,-0.3907410542,phase_randomized,20,1906
MODULATION_DATASET,FFT-derived POW,Band,Gamma,ALL_CHANNELS_MEDIAN,BandMedian.Gamma,6,60,70,80,0.6321928095,0.869265113,0.8613627029,0.1253420267,0.7272727273,-1.828356374,phase_randomized,20,1906
MODULATION_DATASET,FFT-derived POW,Band,Gamma,ALL_CHANNELS_MEDIAN,BandMedian.Gamma,7,70,80,80,0.3951205059,0.5531687083,0.5847783488,0.1069479308,0.7142857143,-1.773366174,phase_randomized,20,1906
MODULATION_DATASET,FFT-derived POW,Band,Gamma,ALL_CHANNELS_MEDIAN,BandMedian.Gamma,8,80,90,80,0.4741446071,0.5926807589,0.5650223235,0.1096040129,0.8,-0.8291458859,phase_randomized,20,1906
MODULATION_DATASET,FFT-derived POW,Band,Gamma,ALL_CHANNELS_MEDIAN,BandMedian.Gamma,9,90,100,80,0.3951205059,0.5531687083,0.5768759387,0.1359098466,0.7142857143,-1.337323507,phase_randomized,20,1906
MODULATION_DATASET,FFT-derived POW,Band,Gamma,ALL_CHANNELS_MEDIAN,BandMedian.Gamma,10,100,110,80,0.3160964047,0.5531687083,0.5413150931,0.09341465778,0.5714285714,-2.410956628,phase_randomized,20,1906
MODULATION_DATASET,FFT-derived POW,Band,Gamma,ALL_CHANNELS_MEDIAN,BandMedian.Gamma,11,110,120,80,0.7112169107,0.6321928095,0.6361440145,0.1188131058,1.125,0.6318570298,phase_randomized,20,1906
MODULATION_DATASET,FFT-derived POW,Band,Gamma,ALL_CHANNELS_MEDIAN,BandMedian.Gamma,12,120,130,80,0.6321928095,0.7112169107,0.7546801663,0.1319215504,0.8888888889,-0.9284863351,phase_randomized,20,1906
MODULATION_DATASET,FFT-derived POW,Band,Gamma,ALL_CHANNELS_MEDIAN,BandMedian.Gamma,13,130,140,80,0.7112169107,0.7507289613,0.7270217309,0.1218854828,0.9473684211,-0.1296694231,phase_randomized,20,1906
MODULATION_DATASET,FFT-derived POW,Band,Gamma,ALL_CHANNELS_MEDIAN,BandMedian.Gamma,14,140,150,80,0.7902410119,0.6321928095,0.6479976297,0.1105743091,1.25,1.286405344,phase_randomized,20,1906
MODULATION_DATASET,FFT-derived POW,Band,Gamma,ALL_CHANNELS_MEDIAN,BandMedian.Gamma,15,150,160,80,0.869265113,0.869265113,0.8455578827,0.1090779707,1,0.2173420554,phase_randomized,20,1906
MODULATION_DATASET,FFT-derived POW,Band,Gamma,ALL_CHANNELS_MEDIAN,BandMedian.Gamma,16,160,170,80,0.869265113,0.7902410119,0.8337042675,0.09411571571,1.1,0.3778417373,phase_randomized,20,1906
MODULATION_DATASET,FFT-derived POW,Band,Gamma,ALL_CHANNELS_MEDIAN,BandMedian.Gamma,17,170,180,80,0.7112169107,0.7112169107,0.7151681157,0.08298025748,1,-0.0476162063,phase_randomized,20,1906
MODULATION_DATASET,FFT-derived POW,Band,Gamma,ALL_CHANNELS_MEDIAN,BandMedian.Gamma,18,180,190,80,0.7112169107,0.6321928095,0.6124367842,0.1053221347,1.125,0.9378857231,phase_randomized,20,1906
MODULATION_DATASET,FFT-derived POW,Band,Gamma,ALL_CHANNELS_MEDIAN,BandMedian.Gamma,19,190,200,80,0.6321928095,0.7112169107,0.7191193208,0.1172116839,0.8888888889,-0.7416198487,phase_randomized,20,1906
MODULATION_DATASET,FFT-derived POW,Band,Gamma,ALL_CHANNELS_MEDIAN,BandMedian.Gamma,20,200,210,80,0.6321928095,0.7902410119,0.8060458321,0.07518773254,0.8,-2.312252501,phase_randomized,20,1906
MODULATION_DATASET,FFT-derived POW,Band,Gamma,ALL_CHANNELS_MEDIAN,BandMedian.Gamma,21,210,220,80,0.6321928095,0.7112169107,0.6835584753,0.07808268187,0.8888888889,-0.6578368537,phase_randomized,20,1906
MODULATION_DATASET,FFT-derived POW,Band,Gamma,ALL_CHANNELS_MEDIAN,BandMedian.Gamma,22,220,230,80,0.6321928095,0.6717048601,0.6598512449,0.1125628176,0.9411764706,-0.2457155569,phase_randomized,20,1906
MODULATION_DATASET,FFT-derived POW,Band,Gamma,ALL_CHANNELS_MEDIAN,BandMedian.Gamma,23,230,240,80,0.7902410119,0.7902410119,0.8099970372,0.1053221347,1,-0.1875771446,phase_randomized,20,1906
MODULATION_DATASET,FFT-derived POW,Band,Gamma,ALL_CHANNELS_MEDIAN,BandMedian.Gamma,24,240,250,80,0.6321928095,0.7112169107,0.6835584753,0.08609066005,0.8888888889,-0.5966462069,phase_randomized,20,1906
MODULATION_DATASET,FFT-derived POW,Band,Gamma,ALL_CHANNELS_MEDIAN,BandMedian.Gamma,25,250,260,80,0.869265113,0.7112169107,0.6954120904,0.1012651619,1.222222222,1.716809802,phase_randomized,20,1906
MODULATION_DATASET,FFT-derived POW,Band,Gamma,ALL_CHANNELS_MEDIAN,BandMedian.Gamma,26,260,270,80,0.3160964047,0.6321928095,0.66380245,0.09729242053,0.5,-3.573824593,phase_randomized,20,1906
MODULATION_DATASET,FFT-derived POW,Band,Gamma,ALL_CHANNELS_MEDIAN,BandMedian.Gamma,27,270,280,80,0.5531687083,0.7902410119,0.7823386017,0.1226917902,0.7,-1.867850269,phase_randomized,20,1906
MODULATION_DATASET,FFT-derived POW,Band,Gamma,ALL_CHANNELS_MEDIAN,BandMedian.Gamma,28,280,290,80,0.7112169107,0.7902410119,0.8337042675,0.1071781742,0.9,-1.142838621,phase_randomized,20,1906
MODULATION_DATASET,FFT-derived POW,Band,Gamma,ALL_CHANNELS_MEDIAN,BandMedian.Gamma,29,290,300,80,0.7902410119,0.5531687083,0.5729247336,0.1143013424,1.428571429,1.901257446,phase_randomized,20,1906
MODULATION_DATASET,FFT-derived POW,Band,Gamma,ALL_CHANNELS_MEDIAN,BandMedian.Gamma,30,300,310,80,0.5531687083,0.5531687083,0.596631964,0.1188131058,1,-0.3658119646,phase_randomized,20,1906
MODULATION_DATASET,FFT-derived POW,Band,Gamma,ALL_CHANNELS_MEDIAN,BandMedian.Gamma,31,310,320,80,0.6321928095,0.6717048601,0.6993632955,0.096869224,0.9411764706,-0.6934141024,phase_randomized,20,1906
MODULATION_DATASET,FFT-derived POW,Band,Gamma,ALL_CHANNELS_MEDIAN,BandMedian.Gamma,32,320,330,80,0.4741446071,0.7902410119,0.7744361916,0.1044604293,0.6,-2.874692231,phase_randomized,20,1906
MODULATION_DATASET,FFT-derived POW,Band,Gamma,ALL_CHANNELS_MEDIAN,BandMedian.Gamma,33,330,340,80,0.7112169107,0.7902410119,0.7704849866,0.1143013424,0.9,-0.5185247579,phase_randomized,20,1906
MODULATION_DATASET,FFT-derived POW,Band,Gamma,ALL_CHANNELS_MEDIAN,BandMedian.Gamma,34,340,350,80,0.7112169107,0.7112169107,0.7151681157,0.1102021293,1,-0.03585416258,phase_randomized,20,1906
MODULATION_DATASET,FFT-derived POW,Band,Gamma,ALL_CHANNELS_MEDIAN,BandMedian.Gamma,35,350,360,80,0.6321928095,0.6717048601,0.6914608854,0.08835163106,0.9411764706,-0.6708203932,phase_randomized,20,1906
MODULATION_DATASET,FFT-derived POW,Band,Gamma,ALL_CHANNELS_MEDIAN,BandMedian.Gamma,36,360,370,80,0.7902410119,0.7507289613,0.7744361916,0.09455123731,1.052631579,0.167156144,phase_randomized,20,1906
MODULATION_DATASET,FFT-derived POW,Band,Gamma,ALL_CHANNELS_MEDIAN,BandMedian.Gamma,37,370,380,80,0.869265113,0.869265113,0.8732163181,0.1040663863,1,-0.03796812016,phase_randomized,20,1906
MODULATION_DATASET,FFT-derived POW,Band,Gamma,ALL_CHANNELS_MEDIAN,BandMedian.Gamma,38,380,390,80,0.6321928095,0.7112169107,0.730972936,0.1083978797,0.8888888889,-0.9112736035,phase_randomized,20,1906
MODULATION_DATASET,FFT-derived POW,Band,Gamma,ALL_CHANNELS_MEDIAN,BandMedian.Gamma,39,390,400,80,0.5531687083,0.7112169107,0.6954120904,0.1012651619,0.7777777778,-1.404662566,phase_randomized,20,1906
MODULATION_DATASET,FFT-derived POW,Band,Gamma,ALL_CHANNELS_MEDIAN,BandMedian.Gamma,40,400,410,80,0.7112169107,0.6321928095,0.6717048601,0.08694541454,1.125,0.4544466296,phase_randomized,20,1906
MODULATION_DATASET,FFT-derived POW,Band,Gamma,ALL_CHANNELS_MEDIAN,BandMedian.Gamma,41,410,420,80,0.7112169107,0.7112169107,0.6796072702,0.0902835453,1,0.3501151884,phase_randomized,20,1906
MODULATION_DATASET,FFT-derived POW,Band,Gamma,ALL_CHANNELS_MEDIAN,BandMedian.Gamma,42,420,430,80,0.7902410119,0.7902410119,0.7744361916,0.1012651619,1,0.1560736184,phase_randomized,20,1906
MODULATION_DATASET,FFT-derived POW,Band,Gamma,ALL_CHANNELS_MEDIAN,BandMedian.Gamma,43,430,440,80,0.6321928095,0.7112169107,0.7230705259,0.1002047645,0.8888888889,-0.9069201132,phase_randomized,20,1906
MODULATION_DATASET,FFT-derived POW,Band,Gamma,ALL_CHANNELS_MEDIAN,BandMedian.Gamma,44,440,450,80,0.7902410119,0.7112169107,0.7112169107,0.1202566503,1.111111111,0.6571287407,phase_randomized,20,1906
MODULATION_DATASET,FFT-derived POW,Band,Gamma,ALL_CHANNELS_MEDIAN,BandMedian.Gamma,45,450,460,80,0.7902410119,0.869265113,0.8337042675,0.09055616861,0.9090909091,-0.4799590831,phase_randomized,20,1906
MODULATION_DATASET,FFT-derived POW,Band,Gamma,ALL_CHANNELS_MEDIAN,BandMedian.Gamma,46,460,470,80,0.5531687083,0.7902410119,0.7823386017,0.1114624704,0.7,-2.056027402,phase_randomized,20,1906
MODULATION_DATASET,FFT-derived POW,Band,Gamma,ALL_CHANNELS_MEDIAN,BandMedian.Gamma,47,470,480,80,0.7112169107,0.7112169107,0.6796072702,0.1129272175,1,0.2799116208,phase_randomized,20,1906
MODULATION_DATASET,FFT-derived POW,Band,Gamma,ALL_CHANNELS_MEDIAN,BandMedian.Gamma,48,480,490,80,0.5531687083,0.6321928095,0.6479976297,0.1075608179,0.875,-0.8816307205,phase_randomized,20,1906
MODULATION_DATASET,FFT-derived POW,Band,Gamma,ALL_CHANNELS_MEDIAN,BandMedian.Gamma,49,490,500,80,0.4741446071,0.6321928095,0.6203391943,0.1154458149,0.75,-1.26634809,phase_randomized,20,1906
MODULATION_DATASET,FFT-derived POW,Band,Gamma,ALL_CHANNELS_MEDIAN,BandMedian.Gamma,50,500,510,80,1.027313315,0.869265113,0.8732163181,0.1160138174,1.181818182,1.328264173,phase_randomized,20,1906
MODULATION_DATASET,FFT-derived POW,Band,Gamma,ALL_CHANNELS_MEDIAN,BandMedian.Gamma,51,510,520,80,0.7902410119,0.7902410119,0.8099970372,0.09550239395,1,-0.2068641892,phase_randomized,20,1906
MODULATION_DATASET,FFT-derived POW,Band,Gamma,ALL_CHANNELS_MEDIAN,BandMedian.Gamma,52,520,530,80,0.7112169107,0.5531687083,0.5729247336,0.1199145254,1.285714286,1.153256259,phase_randomized,20,1906
MODULATION_DATASET,FFT-derived POW,Band,Gamma,ALL_CHANNELS_MEDIAN,BandMedian.Gamma,53,530,540,80,0.7902410119,0.6321928095,0.6519488348,0.1226248004,1.25,1.127766786,phase_randomized,20,1906
MODULATION_DATASET,FFT-derived POW,Band,Gamma,ALL_CHANNELS_MEDIAN,BandMedian.Gamma,54,540,550,80,0.6321928095,0.7902410119,0.7546801663,0.1268408409,0.8,-0.9656775845,phase_randomized,20,1906
MODULATION_DATASET,FFT-derived POW,Band,Gamma,ALL_CHANNELS_MEDIAN,BandMedian.Gamma,55,550,560,80,0.5531687083,0.7902410119,0.7902410119,0.09593162036,0.7,-2.471263413,phase_randomized,20,1906
MODULATION_DATASET,FFT-derived POW,Band,Gamma,ALL_CHANNELS_MEDIAN,BandMedian.Gamma,56,560,570,80,0.6321928095,0.6321928095,0.6835584753,0.1065630863,1,-0.4820211908,phase_randomized,20,1906
MODULATION_DATASET,FFT-derived POW,Band,Gamma,ALL_CHANNELS_MEDIAN,BandMedian.Gamma,57,570,580,80,0.6321928095,0.6321928095,0.667753655,0.09754545716,1,-0.3645566546,phase_randomized,20,1906
MODULATION_DATASET,FFT-derived POW,Band,Gamma,ALL_CHANNELS_MEDIAN,BandMedian.Gamma,58,580,590,80,0.7112169107,0.6321928095,0.6440464247,0.1363323965,1.125,0.4926964369,phase_randomized,20,1906
MODULATION_DATASET,FFT-derived POW,Band,Gamma,ALL_CHANNELS_MEDIAN,BandMedian.Gamma,59,590,600,80,0.7902410119,0.7902410119,0.7862898068,0.09055616861,1,0.04363264392,phase_randomized,20,1906
MODULATION_DATASET,FFT-derived POW,Band,Gamma,ALL_CHANNELS_MEDIAN,BandMedian.Gamma,60,600,610,80,0.6321928095,0.7112169107,0.7546801663,0.1438403171,0.8888888889,-0.8515509375,phase_randomized,20,1906
MODULATION_DATASET,FFT-derived POW,Band,Gamma,ALL_CHANNELS_MEDIAN,BandMedian.Gamma,61,610,620,80,0.3951205059,0.6321928095,0.6559000398,0.1452614177,0.625,-1.795242935,phase_randomized,20,1906
MODULATION_DATASET,FFT-derived POW,Band,Gamma,ALL_CHANNELS_MEDIAN,BandMedian.Gamma,62,620,630,80,0.7902410119,0.6321928095,0.66380245,0.121344968,1.25,1.041976145,phase_randomized,20,1906
MODULATION_DATASET,FFT-derived POW,Band,Gamma,ALL_CHANNELS_MEDIAN,BandMedian.Gamma,63,630,640,80,0.6321928095,0.7112169107,0.6796072702,0.08268265847,0.8888888889,-0.5734510911,phase_randomized,20,1906
MODULATION_DATASET,FFT-derived POW,Band,Gamma,ALL_CHANNELS_MEDIAN,BandMedian.Gamma,64,640,650,80,0.869265113,0.7112169107,0.7230705259,0.06422507607,1.222222222,2.276285154,phase_randomized,20,1906
MODULATION_DATASET,FFT-derived POW,Band,Gamma,ALL_CHANNELS_MEDIAN,BandMedian.Gamma,65,650,660,80,0.7112169107,0.6321928095,0.6598512449,0.08609066005,1.125,0.5966462069,phase_randomized,20,1906
MODULATION_DATASET,FFT-derived POW,Band,Gamma,ALL_CHANNELS_MEDIAN,BandMedian.Gamma,66,660,670,80,0.7112169107,0.5926807589,0.6084855791,0.1177711701,1.2,0.872296093,phase_randomized,20,1906
MODULATION_DATASET,FFT-derived POW,Band,Gamma,ALL_CHANNELS_MEDIAN,BandMedian.Gamma,67,670,680,80,0.5531687083,0.6717048601,0.6598512449,0.07375335204,0.8235294118,-1.446477125,phase_randomized,20,1906
MODULATION_DATASET,FFT-derived POW,Band,Gamma,ALL_CHANNELS_MEDIAN,BandMedian.Gamma,68,680,690,80,0.869265113,0.7112169107,0.6914608854,0.1171415603,1.222222222,1.517857772,phase_randomized,20,1906
MODULATION_DATASET,FFT-derived POW,Band,Gamma,ALL_CHANNELS_MEDIAN,BandMedian.Gamma,69,690,700,80,0.9482892142,0.7902410119,0.7941922169,0.09411571571,1.2,1.637314195,phase_randomized,20,1906
MODULATION_DATASET,FFT-derived POW,Band,Gamma,ALL_CHANNELS_MEDIAN,BandMedian.Gamma,70,700,710,80,0.7112169107,0.5926807589,0.5847783488,0.1266463493,1.2,0.9983593098,phase_randomized,20,1906
MODULATION_DATASET,FFT-derived POW,Band,Gamma,ALL_CHANNELS_MEDIAN,BandMedian.Gamma,71,710,720,80,0.6321928095,0.6717048601,0.6756560651,0.09411571571,0.9411764706,-0.4618065679,phase_randomized,20,1906
MODULATION_DATASET,FFT-derived POW,Band,Gamma,ALL_CHANNELS_MEDIAN,BandMedian.Gamma,72,720,730,80,0.5531687083,0.7902410119,0.8139482422,0.08148139377,0.7,-3.200479543,phase_randomized,20,1906
MODULATION_DATASET,FFT-derived POW,Band,Gamma,ALL_CHANNELS_MEDIAN,BandMedian.Gamma,73,730,740,80,0.6321928095,0.7507289613,0.7625825764,0.096869224,0.8421052632,-1.34603914,phase_randomized,20,1906
MODULATION_DATASET,FFT-derived POW,Band,Gamma,ALL_CHANNELS_MEDIAN,BandMedian.Gamma,74,740,750,80,0.7112169107,0.869265113,0.8613627029,0.08067061346,0.8181818182,-1.86122041,phase_randomized,20,1906
MODULATION_DATASET,FFT-derived POW,Band,Gamma,ALL_CHANNELS_MEDIAN,BandMedian.Gamma,75,750,760,80,0.9482892142,0.8297530625,0.8376554726,0.1038292427,1.142857143,1.065535477,phase_randomized,20,1906
MODULATION_DATASET,FFT-derived POW,Band,Gamma,ALL_CHANNELS_MEDIAN,BandMedian.Gamma,76,760,770,80,0.5531687083,0.7112169107,0.6993632955,0.1501020052,0.7777777778,-0.9739682491,phase_randomized,20,1906
MODULATION_DATASET,FFT-derived POW,Band,Gamma,ALL_CHANNELS_MEDIAN,BandMedian.Gamma,77,770,780,80,0.9482892142,0.7112169107,0.730972936,0.1447514287,1.333333333,1.50130662,phase_randomized,20,1906
MODULATION_DATASET,FFT-derived POW,Band,Gamma,ALL_CHANNELS_MEDIAN,BandMedian.Gamma,78,780,790,80,0.6321928095,0.7112169107,0.66380245,0.0902835453,0.8888888889,-0.3501151884,phase_randomized,20,1906
MODULATION_DATASET,FFT-derived POW,Band,Gamma,ALL_CHANNELS_MEDIAN,BandMedian.Gamma,79,790,800,80,0.7112169107,0.5926807589,0.6084855791,0.07734254496,1.2,1.328264173,phase_randomized,20,1906
MODULATION_DATASET,FFT-derived POW,Band,Gamma,ALL_CHANNELS_MEDIAN,BandMedian.Gamma,80,800,810,80,0.7112169107,0.7112169107,0.6954120904,0.1105743091,1,0.1429339271,phase_randomized,20,1906
MODULATION_DATASET,FFT-derived POW,Band,Gamma,ALL_CHANNELS_MEDIAN,BandMedian.Gamma,81,810,820,80,0.869265113,0.7112169107,0.7388753461,0.096869224,1.222222222,1.34603914,phase_randomized,20,1906
MODULATION_DATASET,FFT-derived POW,Band,Gamma,ALL_CHANNELS_MEDIAN,BandMedian.Gamma,82,820,830,80,0.6321928095,0.6321928095,0.6242903994,0.1114624704,1,0.07089749662,phase_randomized,20,1906
MODULATION_DATASET,FFT-derived POW,Band,Gamma,ALL_CHANNELS_MEDIAN,BandMedian.Gamma,83,830,840,80,0.7112169107,0.6321928095,0.6361440145,0.08685085723,1.125,0.8643886603,phase_randomized,20,1906
MODULATION_DATASET,FFT-derived POW,Band,Gamma,ALL_CHANNELS_MEDIAN,BandMedian.Gamma,84,840,850,80,0.7112169107,0.7112169107,0.734924141,0.133469615,1,-0.1776226773,phase_randomized,20,1906
MODULATION_DATASET,FFT-derived POW,Band,Gamma,ALL_CHANNELS_MEDIAN,BandMedian.Gamma,85,850,860,80,0.7112169107,0.7112169107,0.7112169107,0.105711497,1,0,phase_randomized,20,1906
MODULATION_DATASET,FFT-derived POW,Band,Gamma,ALL_CHANNELS_MEDIAN,BandMedian.Gamma,86,860,870,80,0.6321928095,0.7112169107,0.6717048601,0.08307922026,0.8888888889,-0.4755948656,phase_randomized,20,1906
MODULATION_DATASET,FFT-derived POW,Band,Gamma,ALL_CHANNELS_MEDIAN,BandMedian.Gamma,87,870,880,80,0.4741446071,0.7112169107,0.6993632955,0.1002047645,0.6666666667,-2.247584628,phase_randomized,20,1906
MODULATION_DATASET,FFT-derived POW,Band,Gamma,ALL_CHANNELS_MEDIAN,BandMedian.Gamma,88,880,890,80,0.7112169107,0.7902410119,0.798143422,0.1054001222,0.9,-0.8247287523,phase_randomized,20,1906
MODULATION_DATASET,FFT-derived POW,Band,Gamma,ALL_CHANNELS_MEDIAN,BandMedian.Gamma,89,890,900,80,0.7902410119,0.6717048601,0.6717048601,0.1102766657,1.176470588,1.074897858,phase_randomized,20,1906
MODULATION_DATASET,FFT-derived POW,Band,Gamma,ALL_CHANNELS_MEDIAN,BandMedian.Gamma,90,900,910,80,0.7902410119,0.7112169107,0.6756560651,0.06524055526,1.111111111,1.756345363,phase_randomized,20,1906
MODULATION_DATASET,FFT-derived POW,Band,Gamma,ALL_CHANNELS_MEDIAN,BandMedian.Gamma,91,910,920,80,0.3951205059,0.7902410119,0.7586313714,0.121344968,0.5,-2.995681415,phase_randomized,20,1906
MODULATION_DATASET,FFT-derived POW,Band,Gamma,ALL_CHANNELS_MEDIAN,BandMedian.Gamma,92,920,930,80,0.7902410119,0.869265113,0.8495090878,0.1171415603,0.9090909091,-0.5059525906,phase_randomized,20,1906
MODULATION_DATASET,FFT-derived POW,Band,Gamma,ALL_CHANNELS_MEDIAN,BandMedian.Gamma,93,930,940,80,0.5531687083,0.6321928095,0.6796072702,0.1240239877,0.875,-1.019468606,phase_randomized,20,1906
MODULATION_DATASET,FFT-derived POW,Band,Gamma,ALL_CHANNELS_MEDIAN,BandMedian.Gamma,94,940,950,80,0.6321928095,0.6717048601,0.6796072702,0.1069479308,0.9411764706,-0.4433415434,phase_randomized,20,1906
MODULATION_DATASET,FFT-derived POW,Band,Gamma,ALL_CHANNELS_MEDIAN,BandMedian.Gamma,95,950,960,80,0.6321928095,0.7902410119,0.8258018574,0.08298025748,0.8,-2.333194109,phase_randomized,20,1906
MODULATION_DATASET,FFT-derived POW,Band,Gamma,ALL_CHANNELS_MEDIAN,BandMedian.Gamma,96,960,970,80,0.3951205059,0.6321928095,0.6163879893,0.09455123731,0.625,-2.340186016,phase_randomized,20,1906
MODULATION_DATASET,FFT-derived POW,Band,Gamma,ALL_CHANNELS_MEDIAN,BandMedian.Gamma,97,970,980,80,0.6321928095,0.7112169107,0.730972936,0.149223566,0.8888888889,-0.6619606347,phase_randomized,20,1906
MODULATION_DATASET,FFT-derived POW,Band,Gamma,ALL_CHANNELS_MEDIAN,BandMedian.Gamma,98,980,990,80,0.6321928095,0.7902410119,0.7625825764,0.09341465778,0.8,-1.395816995,phase_randomized,20,1906
MODULATION_DATASET,FFT-derived POW,Band,Gamma,ALL_CHANNELS_MEDIAN,BandMedian.Gamma,99,990,1000,80,0.6321928095,0.6321928095,0.6598512449,0.1314223185,1,-0.21045463,phase_randomized,20,1906
MODULATION_DATASET,FFT-derived POW,Band,Gamma,ALL_CHANNELS_MEDIAN,BandMedian.Gamma,100,1000,1010,80,0.7112169107,0.6321928095,0.6282416044,0.06524055526,1.125,1.271836297,phase_randomized,20,1906
MODULATION_DATASET,FFT-derived POW,Band,Gamma,ALL_CHANNELS_MEDIAN,BandMedian.Gamma,101,1010,1020,80,0.6321928095,0.7112169107,0.6875096803,0.09279688756,0.8888888889,-0.5961069631,phase_randomized,20,1906
MODULATION_DATASET,FFT-derived POW,Band,Gamma,ALL_CHANNELS_MEDIAN,BandMedian.Gamma,102,1020,1030,80,0.7902410119,0.7902410119,0.8060458321,0.1044604293,1,-0.1512995911,phase_randomized,20,1906
MODULATION_DATASET,FFT-derived POW,Band,Gamma,ALL_CHANNELS_MEDIAN,BandMedian.Gamma,103,1030,1040,80,0.7902410119,0.6321928095,0.6203391943,0.1002047645,1.25,1.695546299,phase_randomized,20,1906
MODULATION_DATASET,FFT-derived POW,Band,Gamma,ALL_CHANNELS_MEDIAN,BandMedian.Gamma,104,1040,1050,80,0.4741446071,0.6321928095,0.6282416044,0.1268408409,0.75,-1.214884703,phase_randomized,20,1906
MODULATION_DATASET,FFT-derived POW,Band,Gamma,ALL_CHANNELS_MEDIAN,BandMedian.Gamma,105,1050,1060,80,0.7112169107,0.6717048601,0.6479976297,0.113507824,1.058823529,0.5569596768,phase_randomized,20,1906
MODULATION_DATASET,FFT-derived POW,Band,Gamma,ALL_CHANNELS_MEDIAN,BandMedian.Gamma,106,1060,1070,80,0.7112169107,0.7112169107,0.7112169107,0.1307327619,1,0,phase_randomized,20,1906
MODULATION_DATASET,FFT-derived POW,Band,Gamma,ALL_CHANNELS_MEDIAN,BandMedian.Gamma,107,1070,1080,80,0.7112169107,0.6321928095,0.6242903994,0.08067061346,1.125,1.077548658,phase_randomized,20,1906
MODULATION_DATASET,FFT-derived POW,Band,Gamma,ALL_CHANNELS_MEDIAN,BandMedian.Gamma,108,1080,1090,80,0.7902410119,0.7112169107,0.7072657056,0.1188131058,1.111111111,0.6983682961,phase_randomized,20,1906
MODULATION_DATASET,FFT-derived POW,Band,Gamma,ALL_CHANNELS_MEDIAN,BandMedian.Gamma,109,1090,1100,80,0.4741446071,0.6321928095,0.6559000398,0.1149465103,0.75,-1.581217492,phase_randomized,20,1906
MODULATION_DATASET,FFT-derived POW,Band,Gamma,ALL_CHANNELS_MEDIAN,BandMedian.Gamma,110,1100,1110,80,0.7902410119,0.7902410119,0.7507289613,0.1041453142,1,0.3793934553,phase_randomized,20,1906
MODULATION_DATASET,FFT-derived POW,Band,Gamma,ALL_CHANNELS_MEDIAN,BandMedian.Gamma,111,1110,1120,80,0.869265113,0.7902410119,0.7665337815,0.1060219573,1.1,0.9689627902,phase_randomized,20,1906
MODULATION_DATASET,FFT-derived POW,Band,Gamma,ALL_CHANNELS_MEDIAN,BandMedian.Gamma,112,1120,1130,80,0.7112169107,0.7112169107,0.734924141,0.1060219573,1,-0.2236067977,phase_randomized,20,1906
MODULATION_DATASET,FFT-derived POW,Band,Gamma,ALL_CHANNELS_MEDIAN,BandMedian.Gamma,113,1130,1140,80,0.5531687083,0.6321928095,0.6321928095,0.105711497,0.875,-0.7475450016,phase_randomized,20,1906
MODULATION_DATASET,FFT-derived POW,Band,Gamma,ALL_CHANNELS_MEDIAN,BandMedian.Gamma,114,1140,1150,80,0.6321928095,0.7112169107,0.7230705259,0.08609066005,0.8888888889,-1.055604828,phase_randomized,20,1906
MODULATION_DATASET,FFT-derived POW,Band,Gamma,ALL_CHANNELS_MEDIAN,BandMedian.Gamma,115,1150,1160,80,0.869265113,0.8297530625,0.8376554726,0.1266463493,1.047619048,0.2495898275,phase_randomized,20,1906
MODULATION_DATASET,FFT-derived POW,Band,Gamma,ALL_CHANNELS_MEDIAN,BandMedian.Gamma,116,1160,1170,80,0.9482892142,0.7112169107,0.7230705259,0.1154458149,1.333333333,1.950860571,phase_randomized,20,1906
MODULATION_DATASET,FFT-derived POW,Band,Gamma,ALL_CHANNELS_MEDIAN,BandMedian.Gamma,117,1170,1180,80,0.7902410119,0.7112169107,0.7072657056,0.09055616861,1.111111111,0.9162855223,phase_randomized,20,1906
MODULATION_DATASET,FFT-derived POW,Band,Gamma,ALL_CHANNELS_MEDIAN,BandMedian.Gamma,118,1180,1190,80,0.7112169107,0.7112169107,0.7704849866,0.1171415603,1,-0.5059525906,phase_randomized,20,1906
MODULATION_DATASET,FFT-derived POW,Band,Gamma,ALL_CHANNELS_MEDIAN,BandMedian.Gamma,119,1190,1200,80,0.5531687083,0.6321928095,0.6361440145,0.1242225851,0.875,-0.6679566859,phase_randomized,20,1906
MODULATION_DATASET,FFT-derived POW,Band,Gamma,ALL_CHANNELS_MEDIAN,BandMedian.Gamma,120,1200,1210,80,0.6321928095,0.7112169107,0.6875096803,0.120529651,0.8888888889,-0.4589482369,phase_randomized,20,1906
MODULATION_DATASET,FFT-derived POW,Band,Gamma,ALL_CHANNELS_MEDIAN,BandMedian.Gamma,121,1210,1220,80,0.7112169107,0.7112169107,0.7072657056,0.1008586361,1,0.0391756741,phase_randomized,20,1906
MODULATION_DATASET,FFT-derived POW,Band,Gamma,ALL_CHANNELS_MEDIAN,BandMedian.Gamma,122,1220,1230,80,0.4741446071,0.6321928095,0.667753655,0.08298025748,0.75,-2.333194109,phase_randomized,20,1906
MODULATION_DATASET,FFT-derived POW,Band,Gamma,ALL_CHANNELS_MEDIAN,BandMedian.Gamma,123,1230,1240,80,0.4741446071,0.7902410119,0.7704849866,0.1021538242,0.6,-2.900923014,phase_randomized,20,1906
MODULATION_DATASET,FFT-derived POW,Band,Gamma,ALL_CHANNELS_MEDIAN,BandMedian.Gamma,124,1240,1250,80,0.6321928095,0.7112169107,0.6914608854,0.08056869224,0.8888888889,-0.7356216694,phase_randomized,20,1906
MODULATION_DATASET,FFT-derived POW,Band,Gamma,ALL_CHANNELS_MEDIAN,BandMedian.Gamma,125,1250,1260,80,0.7112169107,0.6321928095,0.6440464247,0.1002047645,1.125,0.6703322576,phase_randomized,20,1906
MODULATION_DATASET,FFT-derived POW,Band,Gamma,ALL_CHANNELS_MEDIAN,BandMedian.Gamma,126,1260,1270,80,0.7112169107,0.6321928095,0.6124367842,0.09888405089,1.125,0.9989490276,phase_randomized,20,1906
MODULATION_DATASET,FFT-derived POW,Band,Gamma,ALL_CHANNELS_MEDIAN,BandMedian.Gamma,127,1270,1280,80,0.7112169107,0.6717048601,0.6479976297,0.1163674111,1.058823529,0.5432730723,phase_randomized,20,1906
MODULATION_DATASET,FFT-derived POW,Band,Gamma,ALL_CHANNELS_MEDIAN,BandMedian.Gamma,128,1280,1290,80,0.6321928095,0.7112169107,0.6914608854,0.1171415603,0.8888888889,-0.5059525906,phase_randomized,20,1906
MODULATION_DATASET,FFT-derived POW,Band,Gamma,ALL_CHANNELS_MEDIAN,BandMedian.Gamma,129,1290,1300,80,0.7112169107,0.7112169107,0.7744361916,0.1218854828,1,-0.5186776925,phase_randomized,20,1906
MODULATION_DATASET,FFT-derived POW,Band,Gamma,ALL_CHANNELS_MEDIAN,BandMedian.Gamma,130,1300,1310,80,0.4741446071,0.5531687083,0.5926807589,0.1294696138,0.8571428571,-0.9155519068,phase_randomized,20,1906
MODULATION_DATASET,FFT-derived POW,Band,Gamma,ALL_CHANNELS_MEDIAN,BandMedian.Gamma,131,1310,1320,80,0.3951205059,0.5926807589,0.600583169,0.1099782168,0.6666666667,-1.868212352,phase_randomized,20,1906
MODULATION_DATASET,FFT-derived POW,Band,Gamma,ALL_CHANNELS_MEDIAN,BandMedian.Gamma,132,1320,1330,80,0.7902410119,0.7112169107,0.66380245,0.08656656561,1.111111111,1.460593487,phase_randomized,20,1906
MODULATION_DATASET,FFT-derived POW,Band,Gamma,ALL_CHANNELS_MEDIAN,BandMedian.Gamma,133,1330,1340,80,0.6321928095,0.6321928095,0.6796072702,0.0902835453,1,-0.5251727826,phase_randomized,20,1906
MODULATION_DATASET,FFT-derived POW,Band,Gamma,ALL_CHANNELS_MEDIAN,BandMedian.Gamma,134,1340,1350,80,0.3160964047,0.4741446071,0.5136566577,0.08694541454,0.6666666667,-2.272233148,phase_randomized,20,1906
MODULATION_DATASET,FFT-derived POW,Band,Gamma,ALL_CHANNELS_MEDIAN,BandMedian.Gamma,135,1350,1360,80,0.5531687083,0.5531687083,0.6242903994,0.1114624704,1,-0.6380774695,phase_randomized,20,1906
MODULATION_DATASET,FFT-derived POW,Band,Gamma,ALL_CHANNELS_MEDIAN,BandMedian.Gamma,136,1360,1370,80,0.7902410119,0.7112169107,0.6914608854,0.1171415603,1.111111111,0.8432543177,phase_randomized,20,1906
MODULATION_DATASET,FFT-derived POW,Band,Gamma,ALL_CHANNELS_MEDIAN,BandMedian.Gamma,137,1370,1380,80,0.7112169107,0.7112169107,0.7270217309,0.07943892871,1,-0.1989556064,phase_randomized,20,1906
MODULATION_DATASET,FFT-derived POW,Band,Gamma,ALL_CHANNELS_MEDIAN,BandMedian.Gamma,138,1380,1390,80,0.7902410119,0.5531687083,0.5650223235,0.08609066005,1.428571429,2.616064138,phase_randomized,20,1906
MODULATION_DATASET,FFT-derived POW,Band,Gamma,ALL_CHANNELS_MEDIAN,BandMedian.Gamma,139,1390,1400,80,0.7112169107,0.7902410119,0.7862898068,0.09055616861,0.9,-0.8290202344,phase_randomized,20,1906
MODULATION_DATASET,FFT-derived POW,Band,Gamma,ALL_CHANNELS_MEDIAN,BandMedian.Gamma,140,1400,1410,80,0.6321928095,0.7902410119,0.730972936,0.1083978797,0.8,-0.9112736035,phase_randomized,20,1906
MODULATION_DATASET,FFT-derived POW,Band,Gamma,ALL_CHANNELS_MEDIAN,BandMedian.Gamma,141,1410,1420,80,0.7902410119,0.7902410119,0.8099970372,0.1113887274,1,-0.1773610827,phase_randomized,20,1906
MODULATION_DATASET,FFT-derived POW,Band,Gamma,ALL_CHANNELS_MEDIAN,BandMedian.Gamma,142,1420,1430,80,0.9482892142,0.7902410119,0.7744361916,0.1163674111,1.2,1.494000949,phase_randomized,20,1906
MODULATION_DATASET,FFT-derived POW,Band,Gamma,ALL_CHANNELS_MEDIAN,BandMedian.Gamma,143,1430,1440,80,0.7902410119,0.7112169107,0.7467777562,0.09055616861,1.111111111,0.4799590831,phase_randomized,20,1906
MODULATION_DATASET,FFT-derived POW,Band,Gamma,ALL_CHANNELS_MEDIAN,BandMedian.Gamma,144,1440,1450,80,0.6321928095,0.6321928095,0.6203391943,0.08982733447,1,0.1319600013,phase_randomized,20,1906
MODULATION_DATASET,FFT-derived POW,Band,Gamma,ALL_CHANNELS_MEDIAN,BandMedian.Gamma,145,1450,1460,80,0.6321928095,0.6321928095,0.6598512449,0.1236922835,1,-0.2236067977,phase_randomized,20,1906
MODULATION_DATASET,FFT-derived POW,Band,Gamma,ALL_CHANNELS_MEDIAN,BandMedian.Gamma,146,1460,1470,80,0.5531687083,0.6321928095,0.6242903994,0.09558839343,0.875,-0.7440410757,phase_randomized,20,1906
MODULATION_DATASET,FFT-derived POW,Band,Gamma,ALL_CHANNELS_MEDIAN,BandMedian.Gamma,147,1470,1480,80,0.6321928095,0.7112169107,0.7388753461,0.1034327951,0.8888888889,-1.03141887,phase_randomized,20,1906
MODULATION_DATASET,FFT-derived POW,Band,Gamma,ALL_CHANNELS_MEDIAN,BandMedian.Gamma,148,1480,1490,80,0.6321928095,0.7112169107,0.6796072702,0.1038292427,0.8888888889,-0.4566580618,phase_randomized,20,1906
MODULATION_DATASET,FFT-derived POW,Band,Gamma,ALL_CHANNELS_MEDIAN,BandMedian.Gamma,149,1490,1500,80,0.6321928095,0.6321928095,0.5926807589,0.1102766657,1,0.358299286,phase_randomized,20,1906
MODULATION_DATASET,FFT-derived POW,Band,Gamma,ALL_CHANNELS_MEDIAN,BandMedian.Gamma,150,1500,1510,80,0.4741446071,0.869265113,0.8376554726,0.06974508729,0.5454545455,-5.211992408,phase_randomized,20,1906
MODULATION_DATASET,FFT-derived POW,Band,Gamma,ALL_CHANNELS_MEDIAN,BandMedian.Gamma,151,1510,1520,80,0.5531687083,0.7112169107,0.7112169107,0.102555216,0.7777777778,-1.541103501,phase_randomized,20,1906
MODULATION_DATASET,FFT-derived POW,Band,Gamma,ALL_CHANNELS_MEDIAN,BandMedian.Gamma,152,1520,1530,80,0.7902410119,0.7902410119,0.7744361916,0.1012651619,1,0.1560736184,phase_randomized,20,1906
MODULATION_DATASET,FFT-derived POW,Band,Gamma,ALL_CHANNELS_MEDIAN,BandMedian.Gamma,153,1530,1540,80,0.4741446071,0.7112169107,0.7072657056,0.07463930996,0.6666666667,-3.123301899,phase_randomized,20,1906
MODULATION_DATASET,FFT-derived POW,Band,Gamma,ALL_CHANNELS_MEDIAN,BandMedian.Gamma,154,1540,1550,80,0.869265113,0.6321928095,0.6598512449,0.1433825901,1.375,1.460525074,phase_randomized,20,1906
MODULATION_DATASET,FFT-derived POW,Band,Gamma,ALL_CHANNELS_MEDIAN,BandMedian.Gamma,155,1550,1560,80,0.5531687083,0.7902410119,0.798143422,0.1378309291,0.7,-1.777356616,phase_randomized,20,1906
MODULATION_DATASET,FFT-derived POW,Band,Gamma,ALL_CHANNELS_MEDIAN,BandMedian.Gamma,156,1560,1570,80,0.6321928095,0.7112169107,0.7388753461,0.1065630863,0.8888888889,-1.001120935,phase_randomized,20,1906
MODULATION_DATASET,FFT-derived POW,Band,Gamma,ALL_CHANNELS_MEDIAN,BandMedian.Gamma,157,1570,1580,80,0.6321928095,0.7112169107,0.7151681157,0.1071781742,0.8888888889,-0.7741810016,phase_randomized,20,1906
MODULATION_DATASET,FFT-derived POW,Band,Gamma,ALL_CHANNELS_MEDIAN,BandMedian.Gamma,158,1580,1590,81,0.626158025,0.5478882719,0.5752826854,0.1301677877,1.142857143,0.3908443128,phase_randomized,20,1906
MODULATION_DATASET,FFT-derived POW,Band,Gamma,ALL_CHANNELS_MEDIAN,BandMedian.Gamma,159,1590,1600,80,0.6321928095,0.7112169107,0.7151681157,0.09411571571,0.8888888889,-0.8816307205,phase_randomized,20,1906
MODULATION_DATASET,FFT-derived POW,Band,Gamma,ALL_CHANNELS_MEDIAN,BandMedian.Gamma,160,1600,1610,80,0.7112169107,0.7507289613,0.7467777562,0.09055616861,0.9473684211,-0.3926937953,phase_randomized,20,1906
MODULATION_DATASET,FFT-derived POW,Band,Gamma,ALL_CHANNELS_MEDIAN,BandMedian.Gamma,161,1610,1620,80,0.6321928095,0.6321928095,0.6361440145,0.1040663863,1,-0.03796812016,phase_randomized,20,1906
MODULATION_DATASET,FFT-derived POW,Band,Gamma,ALL_CHANNELS_MEDIAN,BandMedian.Gamma,162,1620,1630,80,0.5531687083,0.6321928095,0.596631964,0.07892005361,0.875,-0.5507251157,phase_randomized,20,1906
MODULATION_DATASET,FFT-derived POW,Band,Gamma,ALL_CHANNELS_MEDIAN,BandMedian.Gamma,163,1630,1640,80,0.6321928095,0.7112169107,0.6796072702,0.09729242053,0.8888888889,-0.4873397172,phase_randomized,20,1906
MODULATION_DATASET,FFT-derived POW,Band,Gamma,ALL_CHANNELS_MEDIAN,BandMedian.Gamma,164,1640,1650,80,0.5531687083,0.7902410119,0.7704849866,0.1199145254,0.7,-1.812259836,phase_randomized,20,1906
MODULATION_DATASET,FFT-derived POW,Band,Gamma,ALL_CHANNELS_MEDIAN,BandMedian.Gamma,165,1650,1660,80,0.6321928095,0.7112169107,0.730972936,0.09888405089,0.8888888889,-0.9989490276,phase_randomized,20,1906
MODULATION_DATASET,FFT-derived POW,Band,Gamma,ALL_CHANNELS_MEDIAN,BandMedian.Gamma,166,1660,1670,80,0.5531687083,0.6321928095,0.6559000398,0.06332317466,0.875,-1.622333878,phase_randomized,20,1906
MODULATION_DATASET,FFT-derived POW,Band,Gamma,ALL_CHANNELS_MEDIAN,BandMedian.Gamma,167,1670,1680,80,0.5531687083,0.7112169107,0.6993632955,0.1210059202,0.7777777778,-1.208160617,phase_randomized,20,1906
MODULATION_DATASET,FFT-derived POW,Band,Gamma,ALL_CHANNELS_MEDIAN,BandMedian.Gamma,168,1680,1690,80,0.7112169107,0.6321928095,0.6519488348,0.1053221347,1.125,0.5627314339,phase_randomized,20,1906
MODULATION_DATASET,FFT-derived POW,Band,Gamma,ALL_CHANNELS_MEDIAN,BandMedian.Gamma,169,1690,1700,80,0.869265113,0.7902410119,0.8416066776,0.09341465778,1.1,0.296082393,phase_randomized,20,1906
MODULATION_DATASET,FFT-derived POW,Band,Gamma,ALL_CHANNELS_MEDIAN,BandMedian.Gamma,170,1700,1710,80,0.7112169107,0.7902410119,0.798143422,0.1329761951,0.9,-0.6536997935,phase_randomized,20,1906
MODULATION_DATASET,FFT-derived POW,Band,Gamma,ALL_CHANNELS_MEDIAN,BandMedian.Gamma,171,1710,1720,80,0.6321928095,0.7112169107,0.7270217309,0.1271643325,0.8888888889,-0.7457194922,phase_randomized,20,1906
MODULATION_DATASET,FFT-derived POW,Band,Gamma,ALL_CHANNELS_MEDIAN,BandMedian.Gamma,172,1720,1730,80,0.6321928095,0.6321928095,0.6321928095,0.108776233,1,0,phase_randomized,20,1906
MODULATION_DATASET,FFT-derived POW,Band,Gamma,ALL_CHANNELS_MEDIAN,BandMedian.Gamma,173,1730,1740,80,0.7112169107,0.6321928095,0.6282416044,0.1461074436,1.125,0.5679060847,phase_randomized,20,1906
MODULATION_DATASET,FFT-derived POW,Band,Gamma,ALL_CHANNELS_MEDIAN,BandMedian.Gamma,174,1740,1750,80,0.6321928095,0.5926807589,0.6163879893,0.1218854828,1.066666667,0.1296694231,phase_randomized,20,1906
MODULATION_DATASET,FFT-derived POW,Band,Gamma,ALL_CHANNELS_MEDIAN,BandMedian.Gamma,175,1750,1760,80,0.5531687083,0.5926807589,0.5808271437,0.1182585492,0.9333333333,-0.2338810649,phase_randomized,20,1906
MODULATION_DATASET,FFT-derived POW,Band,Gamma,ALL_CHANNELS_MEDIAN,BandMedian.Gamma,176,1760,1770,80,0.7112169107,0.7112169107,0.730972936,0.1021538242,1,-0.1933948676,phase_randomized,20,1906
MODULATION_DATASET,FFT-derived POW,Band,Gamma,ALL_CHANNELS_MEDIAN,BandMedian.Gamma,177,1770,1780,80,0.7112169107,0.5926807589,0.6124367842,0.1053221347,1.2,0.9378857231,phase_randomized,20,1906
MODULATION_DATASET,FFT-derived POW,Band,Gamma,ALL_CHANNELS_MEDIAN,BandMedian.Gamma,178,1780,1790,80,0.4741446071,0.7112169107,0.7191193208,0.14252039,0.6666666667,-1.718874848,phase_randomized,20,1906
MODULATION_DATASET,FFT-derived POW,Band,Gamma,ALL_CHANNELS_MEDIAN,BandMedian.Gamma,179,1790,1800,80,0.7112169107,0.869265113,0.8850699333,0.1044604293,0.8181818182,-1.664295502,phase_randomized,20,1906
MODULATION_DATASET,FFT-derived POW,Band,Gamma,ALL_CHANNELS_MEDIAN,BandMedian.Gamma,180,1800,1810,80,0.7902410119,0.7902410119,0.7428265511,0.1099782168,1,0.4311259273,phase_randomized,20,1906
