Track,Metric_X,Metric_Y,N_Matched,Observed_Pearson_r,Bootstrap_Median_r,Bootstrap_CI_Lower,Bootstrap_CI_Upper,Confidence_Level,Block_Length_Windows,Block_Length_Seconds,Bootstrap_Iterations_Requested,Bootstrap_Iterations_Valid,Random_Seed,Resampling_Method,Band,Channel,Feature
POW_Feature,Delta_Shannon_Entropy,Delta_LZC,181,-0.1037149034337913,-0.10830728583672078,-0.2685076875811886,0.06937089715801532,0.95,6,60.0,1000,1000,1919,circular moving-block bootstrap,Alpha,C3,POW.C3.Alpha
POW_Feature,Delta_Shannon_Entropy,Delta_Flux,181,0.5383807041059241,0.5455721828253858,0.4242089753287323,0.6586209789578453,0.95,6,60.0,1000,1000,1919,circular moving-block bootstrap,Alpha,C3,POW.C3.Alpha
POW_Feature,Delta_LZC,Delta_Flux,181,0.08362139372613601,0.08217004219745334,-0.06420226217778571,0.21576933243646756,0.95,6,60.0,1000,1000,1919,circular moving-block bootstrap,Alpha,C3,POW.C3.Alpha
POW_Feature,Delta_Shannon_Entropy,Delta_LZC,181,-0.1144723102274458,-0.11906223290504966,-0.2862098250127919,0.0541685964012082,0.95,6,60.0,1000,1000,1919,circular moving-block bootstrap,Alpha,C4,POW.C4.Alpha
POW_Feature,Delta_Shannon_Entropy,Delta_Flux,181,0.6084659614197704,0.6078892317869368,0.5026392313974009,0.6959482052693132,0.95,6,60.0,1000,1000,1919,circular moving-block bootstrap,Alpha,C4,POW.C4.Alpha
POW_Feature,Delta_LZC,Delta_Flux,181,0.06273177575128594,0.067326270226827,-0.05697924871541862,0.19013086314598887,0.95,6,60.0,1000,1000,1919,circular moving-block bootstrap,Alpha,C4,POW.C4.Alpha
POW_Feature,Delta_Shannon_Entropy,Delta_LZC,181,-0.14707198155646561,-0.14733839025122258,-0.30340789854307565,-0.006354406003553048,0.95,6,60.0,1000,1000,1919,circular moving-block bootstrap,Alpha,CP1,POW.CP1.Alpha
POW_Feature,Delta_Shannon_Entropy,Delta_Flux,181,0.6873945258970935,0.6914907478337375,0.5757213444604995,0.7781470288235848,0.95,6,60.0,1000,1000,1919,circular moving-block bootstrap,Alpha,CP1,POW.CP1.Alpha
POW_Feature,Delta_LZC,Delta_Flux,181,0.10635402936325047,0.10622402884106266,-0.03178011786591726,0.25267621561921255,0.95,6,60.0,1000,1000,1919,circular moving-block bootstrap,Alpha,CP1,POW.CP1.Alpha
POW_Feature,Delta_Shannon_Entropy,Delta_LZC,181,-0.08455208401212869,-0.08554353322775941,-0.24156471831409448,0.0627388756806292,0.95,6,60.0,1000,1000,1919,circular moving-block bootstrap,Alpha,CP2,POW.CP2.Alpha
POW_Feature,Delta_Shannon_Entropy,Delta_Flux,181,0.7168568745570197,0.7199700803185496,0.6065836491968866,0.8017729220312675,0.95,6,60.0,1000,1000,1919,circular moving-block bootstrap,Alpha,CP2,POW.CP2.Alpha
POW_Feature,Delta_LZC,Delta_Flux,181,0.1684848323316478,0.16828717409892902,0.004024948977586421,0.3239153603916143,0.95,6,60.0,1000,1000,1919,circular moving-block bootstrap,Alpha,CP2,POW.CP2.Alpha
POW_Feature,Delta_Shannon_Entropy,Delta_LZC,181,-0.14885827908854807,-0.14743169407948498,-0.2761454121476363,-0.03153582535521311,0.95,6,60.0,1000,1000,1919,circular moving-block bootstrap,Alpha,CP5,POW.CP5.Alpha
POW_Feature,Delta_Shannon_Entropy,Delta_Flux,181,0.46321142878506977,0.4651177239068549,0.2960896665509668,0.6040101087783548,0.95,6,60.0,1000,1000,1919,circular moving-block bootstrap,Alpha,CP5,POW.CP5.Alpha
POW_Feature,Delta_LZC,Delta_Flux,181,0.10603938380675285,0.10551538543419059,-0.02182756754316853,0.23324957724330603,0.95,6,60.0,1000,1000,1919,circular moving-block bootstrap,Alpha,CP5,POW.CP5.Alpha
POW_Feature,Delta_Shannon_Entropy,Delta_LZC,181,-0.046928639690387686,-0.045999422000591046,-0.16861680677779237,0.07492385466421528,0.95,6,60.0,1000,1000,1919,circular moving-block bootstrap,Alpha,CP6,POW.CP6.Alpha
POW_Feature,Delta_Shannon_Entropy,Delta_Flux,181,0.6262757349303737,0.6289305996973922,0.518573493736221,0.7151710709277486,0.95,6,60.0,1000,1000,1919,circular moving-block bootstrap,Alpha,CP6,POW.CP6.Alpha
POW_Feature,Delta_LZC,Delta_Flux,181,0.06589266717306849,0.0645440306081895,-0.06638019003400626,0.19654472307259493,0.95,6,60.0,1000,1000,1919,circular moving-block bootstrap,Alpha,CP6,POW.CP6.Alpha
POW_Feature,Delta_Shannon_Entropy,Delta_LZC,181,-0.1589689692368275,-0.16186297159428678,-0.31781458569069715,0.010954865457353469,0.95,6,60.0,1000,1000,1919,circular moving-block bootstrap,Alpha,Cz,POW.Cz.Alpha
POW_Feature,Delta_Shannon_Entropy,Delta_Flux,181,0.6062721780501501,0.608912203435432,0.5057098073212795,0.6906184234311622,0.95,6,60.0,1000,1000,1919,circular moving-block bootstrap,Alpha,Cz,POW.Cz.Alpha
POW_Feature,Delta_LZC,Delta_Flux,181,0.09845591655145254,0.10226224792805266,-0.06182567192035058,0.2546838146152955,0.95,6,60.0,1000,1000,1919,circular moving-block bootstrap,Alpha,Cz,POW.Cz.Alpha
POW_Feature,Delta_Shannon_Entropy,Delta_LZC,181,-0.1425870127222736,-0.1476613841615865,-0.32353596347236174,0.027371741343245472,0.95,6,60.0,1000,1000,1919,circular moving-block bootstrap,Alpha,F3,POW.F3.Alpha
POW_Feature,Delta_Shannon_Entropy,Delta_Flux,181,0.6664202265857507,0.6668794986580426,0.5831506576801688,0.7340932570216804,0.95,6,60.0,1000,1000,1919,circular moving-block bootstrap,Alpha,F3,POW.F3.Alpha
POW_Feature,Delta_LZC,Delta_Flux,181,0.08780113518280187,0.08982462888037501,-0.0642533912683528,0.23420635128497544,0.95,6,60.0,1000,1000,1919,circular moving-block bootstrap,Alpha,F3,POW.F3.Alpha
POW_Feature,Delta_Shannon_Entropy,Delta_LZC,181,-0.14192969719719445,-0.14922119333758666,-0.3014318951433735,0.004278557846039967,0.95,6,60.0,1000,1000,1919,circular moving-block bootstrap,Alpha,F4,POW.F4.Alpha
POW_Feature,Delta_Shannon_Entropy,Delta_Flux,181,0.6101507289240773,0.6123078980098916,0.5159594916159782,0.6885763390307665,0.95,6,60.0,1000,1000,1919,circular moving-block bootstrap,Alpha,F4,POW.F4.Alpha
POW_Feature,Delta_LZC,Delta_Flux,181,0.12418281327315049,0.12457792198176501,-0.005039500211379262,0.24706633474495843,0.95,6,60.0,1000,1000,1919,circular moving-block bootstrap,Alpha,F4,POW.F4.Alpha
POW_Feature,Delta_Shannon_Entropy,Delta_LZC,181,-0.06245227175118324,-0.06522458213649748,-0.25139765376146594,0.10751591458070629,0.95,6,60.0,1000,1000,1919,circular moving-block bootstrap,Alpha,F7,POW.F7.Alpha
POW_Feature,Delta_Shannon_Entropy,Delta_Flux,181,0.6639893887044305,0.6671511716859371,0.5924331103031998,0.727233166834827,0.95,6,60.0,1000,1000,1919,circular moving-block bootstrap,Alpha,F7,POW.F7.Alpha
POW_Feature,Delta_LZC,Delta_Flux,181,0.11664905075425415,0.11570415024373168,-0.005271458385433476,0.25073438447174373,0.95,6,60.0,1000,1000,1919,circular moving-block bootstrap,Alpha,F7,POW.F7.Alpha
POW_Feature,Delta_Shannon_Entropy,Delta_LZC,181,-0.2088260240632552,-0.20733030545972347,-0.3689052609904765,-0.057882156309316105,0.95,6,60.0,1000,1000,1919,circular moving-block bootstrap,Alpha,F8,POW.F8.Alpha
POW_Feature,Delta_Shannon_Entropy,Delta_Flux,181,0.6034788281174266,0.6028767946191403,0.5123782951264607,0.6777392813289842,0.95,6,60.0,1000,1000,1919,circular moving-block bootstrap,Alpha,F8,POW.F8.Alpha
POW_Feature,Delta_LZC,Delta_Flux,181,0.059260495196250575,0.06695757530201049,-0.06448890527844446,0.1908812393098284,0.95,6,60.0,1000,1000,1919,circular moving-block bootstrap,Alpha,F8,POW.F8.Alpha
POW_Feature,Delta_Shannon_Entropy,Delta_LZC,181,-0.1781324875690413,-0.18614388646965924,-0.34055842777391787,-0.02867164405773199,0.95,6,60.0,1000,1000,1919,circular moving-block bootstrap,Alpha,FC1,POW.FC1.Alpha
POW_Feature,Delta_Shannon_Entropy,Delta_Flux,181,0.5568262083253793,0.5613314507604115,0.4519193986606082,0.6496792241707545,0.95,6,60.0,1000,1000,1919,circular moving-block bootstrap,Alpha,FC1,POW.FC1.Alpha
POW_Feature,Delta_LZC,Delta_Flux,181,0.09636391675273005,0.09227379599552893,-0.044824921308439604,0.2253905555263477,0.95,6,60.0,1000,1000,1919,circular moving-block bootstrap,Alpha,FC1,POW.FC1.Alpha
POW_Feature,Delta_Shannon_Entropy,Delta_LZC,181,-0.15435010358397683,-0.15768087318653645,-0.27662256657789946,-0.03771757512079167,0.95,6,60.0,1000,1000,1919,circular moving-block bootstrap,Alpha,FC2,POW.FC2.Alpha
POW_Feature,Delta_Shannon_Entropy,Delta_Flux,181,0.6346976826378411,0.6375620984880237,0.5554135496737598,0.7034980253853573,0.95,6,60.0,1000,1000,1919,circular moving-block bootstrap,Alpha,FC2,POW.FC2.Alpha
POW_Feature,Delta_LZC,Delta_Flux,181,0.062347683375135424,0.059748639867981485,-0.05107203274744295,0.16860252584655708,0.95,6,60.0,1000,1000,1919,circular moving-block bootstrap,Alpha,FC2,POW.FC2.Alpha
POW_Feature,Delta_Shannon_Entropy,Delta_LZC,181,-0.11247149573641088,-0.11443841920218195,-0.23993786419419902,-0.006133599290573771,0.95,6,60.0,1000,1000,1919,circular moving-block bootstrap,Alpha,FC5,POW.FC5.Alpha
POW_Feature,Delta_Shannon_Entropy,Delta_Flux,181,0.5945503303098792,0.6003161448843788,0.5019863850890338,0.6884825376465911,0.95,6,60.0,1000,1000,1919,circular moving-block bootstrap,Alpha,FC5,POW.FC5.Alpha
POW_Feature,Delta_LZC,Delta_Flux,181,0.13457192552324038,0.13541397512731723,0.013917113356787606,0.2503288897646333,0.95,6,60.0,1000,1000,1919,circular moving-block bootstrap,Alpha,FC5,POW.FC5.Alpha
POW_Feature,Delta_Shannon_Entropy,Delta_LZC,181,-0.1391628916086853,-0.13776508198912854,-0.30957217902866396,0.007810395435201667,0.95,6,60.0,1000,1000,1919,circular moving-block bootstrap,Alpha,FC6,POW.FC6.Alpha
POW_Feature,Delta_Shannon_Entropy,Delta_Flux,181,0.5577372438453754,0.5599532909905203,0.45660049308804235,0.6436321220056059,0.95,6,60.0,1000,1000,1919,circular moving-block bootstrap,Alpha,FC6,POW.FC6.Alpha
POW_Feature,Delta_LZC,Delta_Flux,181,0.13808992275814044,0.13706626070303535,0.004391686789531974,0.26536568957944734,0.95,6,60.0,1000,1000,1919,circular moving-block bootstrap,Alpha,FC6,POW.FC6.Alpha
POW_Feature,Delta_Shannon_Entropy,Delta_LZC,181,-0.07162721622111369,-0.08025709397471319,-0.29953625815212553,0.14032478168028809,0.95,6,60.0,1000,1000,1919,circular moving-block bootstrap,Alpha,FT10,POW.FT10.Alpha
POW_Feature,Delta_Shannon_Entropy,Delta_Flux,181,0.48689761777322943,0.48981440699508105,0.3877008594911891,0.5755027001003793,0.95,6,60.0,1000,1000,1919,circular moving-block bootstrap,Alpha,FT10,POW.FT10.Alpha
POW_Feature,Delta_LZC,Delta_Flux,181,0.09615379278503794,0.09605230387895708,-0.07610164796881032,0.2791118748369312,0.95,6,60.0,1000,1000,1919,circular moving-block bootstrap,Alpha,FT10,POW.FT10.Alpha
POW_Feature,Delta_Shannon_Entropy,Delta_LZC,181,-0.1079673081832873,-0.11163754273112043,-0.2525859400506916,0.03635260187624966,0.95,6,60.0,1000,1000,1919,circular moving-block bootstrap,Alpha,FT9,POW.FT9.Alpha
POW_Feature,Delta_Shannon_Entropy,Delta_Flux,181,0.5359878124388597,0.536151084964755,0.4390346495481375,0.6236544032160233,0.95,6,60.0,1000,1000,1919,circular moving-block bootstrap,Alpha,FT9,POW.FT9.Alpha
POW_Feature,Delta_LZC,Delta_Flux,181,0.12190033690309898,0.12721502985382233,-0.05201061110023776,0.30035209084378295,0.95,6,60.0,1000,1000,1919,circular moving-block bootstrap,Alpha,FT9,POW.FT9.Alpha
POW_Feature,Delta_Shannon_Entropy,Delta_LZC,181,-0.11392346456102449,-0.11281765604468522,-0.23563073926659572,0.011605398594505333,0.95,6,60.0,1000,1000,1919,circular moving-block bootstrap,Alpha,Fp1,POW.Fp1.Alpha
POW_Feature,Delta_Shannon_Entropy,Delta_Flux,181,0.655394743552636,0.6565086135619689,0.5882837865656899,0.724925152370376,0.95,6,60.0,1000,1000,1919,circular moving-block bootstrap,Alpha,Fp1,POW.Fp1.Alpha
POW_Feature,Delta_LZC,Delta_Flux,181,0.09482749032337813,0.09255291644800744,-0.05496753237841323,0.23488509513033384,0.95,6,60.0,1000,1000,1919,circular moving-block bootstrap,Alpha,Fp1,POW.Fp1.Alpha
POW_Feature,Delta_Shannon_Entropy,Delta_LZC,181,-0.17142164949664399,-0.17448256115530908,-0.2877552465709516,-0.042704367346454594,0.95,6,60.0,1000,1000,1919,circular moving-block bootstrap,Alpha,Fp2,POW.Fp2.Alpha
POW_Feature,Delta_Shannon_Entropy,Delta_Flux,181,0.6513962453310851,0.6537929311877289,0.5742256193892675,0.7309736757449461,0.95,6,60.0,1000,1000,1919,circular moving-block bootstrap,Alpha,Fp2,POW.Fp2.Alpha
POW_Feature,Delta_LZC,Delta_Flux,181,0.08615512398699689,0.09137686939625644,-0.06568325220309895,0.22677573633150205,0.95,6,60.0,1000,1000,1919,circular moving-block bootstrap,Alpha,Fp2,POW.Fp2.Alpha
POW_Feature,Delta_Shannon_Entropy,Delta_LZC,181,-0.15419291588656092,-0.1529100204684738,-0.30194197080993723,-0.016636104093889537,0.95,6,60.0,1000,1000,1919,circular moving-block bootstrap,Alpha,Fz,POW.Fz.Alpha
POW_Feature,Delta_Shannon_Entropy,Delta_Flux,181,0.6468222335341265,0.6484133203939934,0.5847778336848293,0.7105938161549147,0.95,6,60.0,1000,1000,1919,circular moving-block bootstrap,Alpha,Fz,POW.Fz.Alpha
POW_Feature,Delta_LZC,Delta_Flux,181,0.0592056024432919,0.06231108763245731,-0.08465416053681045,0.19635945781699318,0.95,6,60.0,1000,1000,1919,circular moving-block bootstrap,Alpha,Fz,POW.Fz.Alpha
POW_Feature,Delta_Shannon_Entropy,Delta_LZC,181,-0.0994395476400104,-0.10023251505627742,-0.19650995349497022,-0.0004154118207463699,0.95,6,60.0,1000,1000,1919,circular moving-block bootstrap,Alpha,O1,POW.O1.Alpha
POW_Feature,Delta_Shannon_Entropy,Delta_Flux,181,0.714252313007835,0.7188138865082075,0.6322875742448459,0.7849219209974201,0.95,6,60.0,1000,1000,1919,circular moving-block bootstrap,Alpha,O1,POW.O1.Alpha
POW_Feature,Delta_LZC,Delta_Flux,181,0.13950037861383924,0.14037707977849223,0.01337510518170728,0.26291536634103446,0.95,6,60.0,1000,1000,1919,circular moving-block bootstrap,Alpha,O1,POW.O1.Alpha
POW_Feature,Delta_Shannon_Entropy,Delta_LZC,181,-0.034898190047446785,-0.034519390578827885,-0.17558298227621694,0.11134795117816318,0.95,6,60.0,1000,1000,1919,circular moving-block bootstrap,Alpha,O2,POW.O2.Alpha
POW_Feature,Delta_Shannon_Entropy,Delta_Flux,181,0.7059634824083084,0.7112571322117818,0.6280916500037006,0.778198131765638,0.95,6,60.0,1000,1000,1919,circular moving-block bootstrap,Alpha,O2,POW.O2.Alpha
POW_Feature,Delta_LZC,Delta_Flux,181,0.1602321344583064,0.16079656964862948,0.007795011420205322,0.3304192640214266,0.95,6,60.0,1000,1000,1919,circular moving-block bootstrap,Alpha,O2,POW.O2.Alpha
POW_Feature,Delta_Shannon_Entropy,Delta_LZC,181,-0.1305883807537613,-0.12922137777034193,-0.22068726043413478,-0.03182028112683217,0.95,6,60.0,1000,1000,1919,circular moving-block bootstrap,Alpha,Oz,POW.Oz.Alpha
POW_Feature,Delta_Shannon_Entropy,Delta_Flux,181,0.7133319717907998,0.7146433075267262,0.6227672669502116,0.7833587092605985,0.95,6,60.0,1000,1000,1919,circular moving-block bootstrap,Alpha,Oz,POW.Oz.Alpha
POW_Feature,Delta_LZC,Delta_Flux,181,0.1689502068571366,0.16940796079226755,0.022180895494241456,0.3117936009338616,0.95,6,60.0,1000,1000,1919,circular moving-block bootstrap,Alpha,Oz,POW.Oz.Alpha
POW_Feature,Delta_Shannon_Entropy,Delta_LZC,181,-0.12254089448258668,-0.12650818373452227,-0.27548802044035686,0.008237779163775797,0.95,6,60.0,1000,1000,1919,circular moving-block bootstrap,Alpha,P3,POW.P3.Alpha
POW_Feature,Delta_Shannon_Entropy,Delta_Flux,181,0.719982008759322,0.7238242927756511,0.6229218117781691,0.7964440369100447,0.95,6,60.0,1000,1000,1919,circular moving-block bootstrap,Alpha,P3,POW.P3.Alpha
POW_Feature,Delta_LZC,Delta_Flux,181,0.10272612993596626,0.10540972227345122,-0.03073451076196323,0.24355252301337083,0.95,6,60.0,1000,1000,1919,circular moving-block bootstrap,Alpha,P3,POW.P3.Alpha
POW_Feature,Delta_Shannon_Entropy,Delta_LZC,181,-0.18573901606529822,-0.18421110249371214,-0.32895803842108423,-0.03500991437947717,0.95,6,60.0,1000,1000,1919,circular moving-block bootstrap,Alpha,P4,POW.P4.Alpha
POW_Feature,Delta_Shannon_Entropy,Delta_Flux,181,0.760863882445218,0.7613859932394528,0.6758205456111039,0.8253012928873299,0.95,6,60.0,1000,1000,1919,circular moving-block bootstrap,Alpha,P4,POW.P4.Alpha
POW_Feature,Delta_LZC,Delta_Flux,181,0.07547750915011013,0.08204130807831984,-0.0700791162798144,0.22913660627856058,0.95,6,60.0,1000,1000,1919,circular moving-block bootstrap,Alpha,P4,POW.P4.Alpha
POW_Feature,Delta_Shannon_Entropy,Delta_LZC,181,-0.15676288358897936,-0.15304938661418108,-0.31555414443016433,-0.0032725907757010127,0.95,6,60.0,1000,1000,1919,circular moving-block bootstrap,Alpha,P7,POW.P7.Alpha
POW_Feature,Delta_Shannon_Entropy,Delta_Flux,181,0.5855910831741294,0.5924945961053469,0.4392674935323474,0.7033881964244271,0.95,6,60.0,1000,1000,1919,circular moving-block bootstrap,Alpha,P7,POW.P7.Alpha
POW_Feature,Delta_LZC,Delta_Flux,181,0.11759431955911269,0.11895600519475921,-0.03273549392251131,0.2742730372258001,0.95,6,60.0,1000,1000,1919,circular moving-block bootstrap,Alpha,P7,POW.P7.Alpha
POW_Feature,Delta_Shannon_Entropy,Delta_LZC,181,-0.010340062583764369,-0.013108060949637911,-0.13636162080172592,0.09914665926192784,0.95,6,60.0,1000,1000,1919,circular moving-block bootstrap,Alpha,P8,POW.P8.Alpha
POW_Feature,Delta_Shannon_Entropy,Delta_Flux,181,0.5338550542068842,0.5334721351029934,0.41442716263488927,0.6373358440768294,0.95,6,60.0,1000,1000,1919,circular moving-block bootstrap,Alpha,P8,POW.P8.Alpha
POW_Feature,Delta_LZC,Delta_Flux,181,0.26552319692048415,0.2666917575775059,0.13182186290240253,0.39668785959007,0.95,6,60.0,1000,1000,1919,circular moving-block bootstrap,Alpha,P8,POW.P8.Alpha
POW_Feature,Delta_Shannon_Entropy,Delta_LZC,181,-0.10295094197364349,-0.10505729145697115,-0.24867579443557225,0.028774589917541143,0.95,6,60.0,1000,1000,1919,circular moving-block bootstrap,Alpha,PO10,POW.PO10.Alpha
POW_Feature,Delta_Shannon_Entropy,Delta_Flux,181,0.5012562718372245,0.502856955675669,0.3835653722066696,0.5996609737070693,0.95,6,60.0,1000,1000,1919,circular moving-block bootstrap,Alpha,PO10,POW.PO10.Alpha
POW_Feature,Delta_LZC,Delta_Flux,181,0.2342963399820546,0.23704730512371913,0.07837480153156846,0.38050859551393323,0.95,6,60.0,1000,1000,1919,circular moving-block bootstrap,Alpha,PO10,POW.PO10.Alpha
POW_Feature,Delta_Shannon_Entropy,Delta_LZC,181,-0.09799210714277942,-0.11326525961973408,-0.328470706640145,0.14950577346007787,0.95,6,60.0,1000,1000,1919,circular moving-block bootstrap,Alpha,PO9,POW.PO9.Alpha
POW_Feature,Delta_Shannon_Entropy,Delta_Flux,181,0.587071679622738,0.5935351916594349,0.4479983615710037,0.6878234343178392,0.95,6,60.0,1000,1000,1919,circular moving-block bootstrap,Alpha,PO9,POW.PO9.Alpha
POW_Feature,Delta_LZC,Delta_Flux,181,0.13908656095281424,0.1390585185521611,-0.014903017499615026,0.29000898236390266,0.95,6,60.0,1000,1000,1919,circular moving-block bootstrap,Alpha,PO9,POW.PO9.Alpha
POW_Feature,Delta_Shannon_Entropy,Delta_LZC,181,-0.18992726153050218,-0.1873897977030266,-0.3301779843128862,-0.04722049077050429,0.95,6,60.0,1000,1000,1919,circular moving-block bootstrap,Alpha,Pz,POW.Pz.Alpha
POW_Feature,Delta_Shannon_Entropy,Delta_Flux,181,0.7151335672242645,0.7191508315185157,0.6130189857319709,0.7982466595762789,0.95,6,60.0,1000,1000,1919,circular moving-block bootstrap,Alpha,Pz,POW.Pz.Alpha
POW_Feature,Delta_LZC,Delta_Flux,181,0.10816761871557513,0.10882256371994975,-0.0461959655490479,0.2511887940984589,0.95,6,60.0,1000,1000,1919,circular moving-block bootstrap,Alpha,Pz,POW.Pz.Alpha
POW_Feature,Delta_Shannon_Entropy,Delta_LZC,181,-0.0706833817830194,-0.06881292811559682,-0.2736494202111738,0.10034260939134258,0.95,6,60.0,1000,1000,1919,circular moving-block bootstrap,Alpha,T7,POW.T7.Alpha
POW_Feature,Delta_Shannon_Entropy,Delta_Flux,181,0.5457432186118053,0.5443772498394052,0.4131114495210231,0.6453827373853873,0.95,6,60.0,1000,1000,1919,circular moving-block bootstrap,Alpha,T7,POW.T7.Alpha
POW_Feature,Delta_LZC,Delta_Flux,181,0.07928770667898805,0.07624041696183192,-0.0780416427020731,0.22684356751634338,0.95,6,60.0,1000,1000,1919,circular moving-block bootstrap,Alpha,T7,POW.T7.Alpha
POW_Feature,Delta_Shannon_Entropy,Delta_LZC,181,-0.16781563773782435,-0.16481832569374721,-0.29543764964881297,-0.023244284577608805,0.95,6,60.0,1000,1000,1919,circular moving-block bootstrap,Alpha,T8,POW.T8.Alpha
POW_Feature,Delta_Shannon_Entropy,Delta_Flux,181,0.4578870012163243,0.462643167594583,0.3369326815804231,0.5645578672658377,0.95,6,60.0,1000,1000,1919,circular moving-block bootstrap,Alpha,T8,POW.T8.Alpha
POW_Feature,Delta_LZC,Delta_Flux,181,0.0005431932573092066,0.0039925711209820285,-0.12375082344044205,0.13503180646678753,0.95,6,60.0,1000,1000,1919,circular moving-block bootstrap,Alpha,T8,POW.T8.Alpha
POW_Feature,Delta_Shannon_Entropy,Delta_LZC,181,-0.1767040337986797,-0.18433380873485106,-0.32945663476613823,-0.03384376186528582,0.95,6,60.0,1000,1000,1919,circular moving-block bootstrap,BetaH,C3,POW.C3.BetaH
POW_Feature,Delta_Shannon_Entropy,Delta_Flux,181,0.10395375685435344,0.10444525494862175,-0.06520864540988254,0.2663012384374377,0.95,6,60.0,1000,1000,1919,circular moving-block bootstrap,BetaH,C3,POW.C3.BetaH
POW_Feature,Delta_LZC,Delta_Flux,181,0.038382107376656635,0.0387496285862409,-0.11591334119822998,0.19709536723764812,0.95,6,60.0,1000,1000,1919,circular moving-block bootstrap,BetaH,C3,POW.C3.BetaH
POW_Feature,Delta_Shannon_Entropy,Delta_LZC,181,0.007862634127976937,0.004736747539337553,-0.15025041294459537,0.15012932884940655,0.95,6,60.0,1000,1000,1919,circular moving-block bootstrap,BetaH,C4,POW.C4.BetaH
POW_Feature,Delta_Shannon_Entropy,Delta_Flux,181,0.35328573943134156,0.35391992547531936,0.19872075690530702,0.4718093443201686,0.95,6,60.0,1000,1000,1919,circular moving-block bootstrap,BetaH,C4,POW.C4.BetaH
POW_Feature,Delta_LZC,Delta_Flux,181,0.02074957869853214,0.02146919957862239,-0.1139218436333542,0.14630720052605392,0.95,6,60.0,1000,1000,1919,circular moving-block bootstrap,BetaH,C4,POW.C4.BetaH
POW_Feature,Delta_Shannon_Entropy,Delta_LZC,181,-0.060385081675137016,-0.06223843759727643,-0.23779674561933747,0.09466668808668055,0.95,6,60.0,1000,1000,1919,circular moving-block bootstrap,BetaH,CP1,POW.CP1.BetaH
POW_Feature,Delta_Shannon_Entropy,Delta_Flux,181,0.3581633676955972,0.36177065812725395,0.206639018249826,0.49429085457661637,0.95,6,60.0,1000,1000,1919,circular moving-block bootstrap,BetaH,CP1,POW.CP1.BetaH
POW_Feature,Delta_LZC,Delta_Flux,181,0.07820920469843072,0.07869397279822174,-0.047310483263229855,0.19974737552488897,0.95,6,60.0,1000,1000,1919,circular moving-block bootstrap,BetaH,CP1,POW.CP1.BetaH
POW_Feature,Delta_Shannon_Entropy,Delta_LZC,181,-0.03048458524284995,-0.031663721053003496,-0.17179906705363446,0.09855479027714809,0.95,6,60.0,1000,1000,1919,circular moving-block bootstrap,BetaH,CP2,POW.CP2.BetaH
POW_Feature,Delta_Shannon_Entropy,Delta_Flux,181,0.3764977609499134,0.3775193389885708,0.22905400166809312,0.5007842490004535,0.95,6,60.0,1000,1000,1919,circular moving-block bootstrap,BetaH,CP2,POW.CP2.BetaH
POW_Feature,Delta_LZC,Delta_Flux,181,0.12329975255189063,0.12251388818118503,-0.031356063177795886,0.2640097474182226,0.95,6,60.0,1000,1000,1919,circular moving-block bootstrap,BetaH,CP2,POW.CP2.BetaH
POW_Feature,Delta_Shannon_Entropy,Delta_LZC,181,-0.026914692905844688,-0.02657136640049686,-0.15687011493836678,0.11607401755146593,0.95,6,60.0,1000,1000,1919,circular moving-block bootstrap,BetaH,CP5,POW.CP5.BetaH
POW_Feature,Delta_Shannon_Entropy,Delta_Flux,181,0.12187890342044719,0.11974139791610361,-0.044750312031846255,0.2907034639984153,0.95,6,60.0,1000,1000,1919,circular moving-block bootstrap,BetaH,CP5,POW.CP5.BetaH
POW_Feature,Delta_LZC,Delta_Flux,181,0.06228219565248344,0.06232636378113992,-0.08176148508954582,0.20802803940574094,0.95,6,60.0,1000,1000,1919,circular moving-block bootstrap,BetaH,CP5,POW.CP5.BetaH
POW_Feature,Delta_Shannon_Entropy,Delta_LZC,181,-0.0464042526137196,-0.047435437504120076,-0.17335551456952256,0.08814196382551971,0.95,6,60.0,1000,1000,1919,circular moving-block bootstrap,BetaH,CP6,POW.CP6.BetaH
POW_Feature,Delta_Shannon_Entropy,Delta_Flux,181,0.3488201592489617,0.3543231761728238,0.20933283709508022,0.4689391478852482,0.95,6,60.0,1000,1000,1919,circular moving-block bootstrap,BetaH,CP6,POW.CP6.BetaH
POW_Feature,Delta_LZC,Delta_Flux,181,0.035773342930752315,0.03857188478900139,-0.11861694672551525,0.19745487355438734,0.95,6,60.0,1000,1000,1919,circular moving-block bootstrap,BetaH,CP6,POW.CP6.BetaH
POW_Feature,Delta_Shannon_Entropy,Delta_LZC,181,-0.044068732057363086,-0.050847017684360535,-0.21987516117802064,0.12129632479753086,0.95,6,60.0,1000,1000,1919,circular moving-block bootstrap,BetaH,Cz,POW.Cz.BetaH
POW_Feature,Delta_Shannon_Entropy,Delta_Flux,181,0.3327624988948217,0.33848881111596396,0.1731865838682497,0.46449937265698715,0.95,6,60.0,1000,1000,1919,circular moving-block bootstrap,BetaH,Cz,POW.Cz.BetaH
POW_Feature,Delta_LZC,Delta_Flux,181,0.015377776071549387,0.02105696765611313,-0.14302183075960354,0.18376766450717047,0.95,6,60.0,1000,1000,1919,circular moving-block bootstrap,BetaH,Cz,POW.Cz.BetaH
POW_Feature,Delta_Shannon_Entropy,Delta_LZC,181,0.02953602539871932,0.025859807195902154,-0.16416417291657784,0.19908126061115713,0.95,6,60.0,1000,1000,1919,circular moving-block bootstrap,BetaH,F3,POW.F3.BetaH
POW_Feature,Delta_Shannon_Entropy,Delta_Flux,181,0.23335081188802398,0.23075208141024378,0.08909450219021187,0.36795266258854464,0.95,6,60.0,1000,1000,1919,circular moving-block bootstrap,BetaH,F3,POW.F3.BetaH
POW_Feature,Delta_LZC,Delta_Flux,181,0.11799129885056252,0.12428111940532692,-0.020825605869679888,0.26054936835878256,0.95,6,60.0,1000,1000,1919,circular moving-block bootstrap,BetaH,F3,POW.F3.BetaH
POW_Feature,Delta_Shannon_Entropy,Delta_LZC,181,-0.1330104906947489,-0.13665248074133124,-0.29334720748174414,0.00757559073667293,0.95,6,60.0,1000,1000,1919,circular moving-block bootstrap,BetaH,F4,POW.F4.BetaH
POW_Feature,Delta_Shannon_Entropy,Delta_Flux,181,0.2937035581042325,0.2963447048361497,0.1825152844278767,0.39048169207704636,0.95,6,60.0,1000,1000,1919,circular moving-block bootstrap,BetaH,F4,POW.F4.BetaH
POW_Feature,Delta_LZC,Delta_Flux,181,0.13587385641133462,0.1361969331325945,0.008769915186437998,0.25922942906449875,0.95,6,60.0,1000,1000,1919,circular moving-block bootstrap,BetaH,F4,POW.F4.BetaH
POW_Feature,Delta_Shannon_Entropy,Delta_LZC,181,-0.14678937979053988,-0.14745159983749134,-0.32905466052616644,0.025175031287258322,0.95,6,60.0,1000,1000,1919,circular moving-block bootstrap,BetaH,F7,POW.F7.BetaH
POW_Feature,Delta_Shannon_Entropy,Delta_Flux,181,0.13179981788429673,0.13602178541265347,-0.01371224083801032,0.2732151885391819,0.95,6,60.0,1000,1000,1919,circular moving-block bootstrap,BetaH,F7,POW.F7.BetaH
POW_Feature,Delta_LZC,Delta_Flux,181,0.012087854090267254,0.01568822555489755,-0.14307815288762082,0.17411909765738648,0.95,6,60.0,1000,1000,1919,circular moving-block bootstrap,BetaH,F7,POW.F7.BetaH
POW_Feature,Delta_Shannon_Entropy,Delta_LZC,181,-0.1870258645977247,-0.1870918891584587,-0.35557087540824983,-0.0043655967840011975,0.95,6,60.0,1000,1000,1919,circular moving-block bootstrap,BetaH,F8,POW.F8.BetaH
POW_Feature,Delta_Shannon_Entropy,Delta_Flux,181,0.21215785106637614,0.21210550198043382,0.08221829607529257,0.3446966494485679,0.95,6,60.0,1000,1000,1919,circular moving-block bootstrap,BetaH,F8,POW.F8.BetaH
POW_Feature,Delta_LZC,Delta_Flux,181,0.00601985452805151,0.00699630358786444,-0.13675608783755305,0.1599477344008806,0.95,6,60.0,1000,1000,1919,circular moving-block bootstrap,BetaH,F8,POW.F8.BetaH
POW_Feature,Delta_Shannon_Entropy,Delta_LZC,181,-0.05594423040579255,-0.06923379635038371,-0.26229295547055187,0.13943321640309475,0.95,6,60.0,1000,1000,1919,circular moving-block bootstrap,BetaH,FC1,POW.FC1.BetaH
POW_Feature,Delta_Shannon_Entropy,Delta_Flux,181,0.22101438022182324,0.2222622541271462,0.04483467600116894,0.37067308867481746,0.95,6,60.0,1000,1000,1919,circular moving-block bootstrap,BetaH,FC1,POW.FC1.BetaH
POW_Feature,Delta_LZC,Delta_Flux,181,0.0682601948021337,0.06910572727541561,-0.05285911324777997,0.1974506407372014,0.95,6,60.0,1000,1000,1919,circular moving-block bootstrap,BetaH,FC1,POW.FC1.BetaH
POW_Feature,Delta_Shannon_Entropy,Delta_LZC,181,0.019518800740972606,0.010026223366437208,-0.21089232321059373,0.23823656100403517,0.95,6,60.0,1000,1000,1919,circular moving-block bootstrap,BetaH,FC2,POW.FC2.BetaH
POW_Feature,Delta_Shannon_Entropy,Delta_Flux,181,0.327505095721427,0.3290702759824879,0.1792083304990934,0.43824457922132587,0.95,6,60.0,1000,1000,1919,circular moving-block bootstrap,BetaH,FC2,POW.FC2.BetaH
POW_Feature,Delta_LZC,Delta_Flux,181,0.1737859184529842,0.1778057896859989,0.055652921787938285,0.30791952916375337,0.95,6,60.0,1000,1000,1919,circular moving-block bootstrap,BetaH,FC2,POW.FC2.BetaH
POW_Feature,Delta_Shannon_Entropy,Delta_LZC,181,-0.12699920397480102,-0.13297774300965848,-0.3027419972440872,0.04293906250661691,0.95,6,60.0,1000,1000,1919,circular moving-block bootstrap,BetaH,FC5,POW.FC5.BetaH
POW_Feature,Delta_Shannon_Entropy,Delta_Flux,181,0.15422189778045436,0.15859956703671368,-0.007574661923582534,0.31492039482675155,0.95,6,60.0,1000,1000,1919,circular moving-block bootstrap,BetaH,FC5,POW.FC5.BetaH
POW_Feature,Delta_LZC,Delta_Flux,181,0.13749401533037064,0.1381623671962034,-0.016284488841273256,0.29642944108280483,0.95,6,60.0,1000,1000,1919,circular moving-block bootstrap,BetaH,FC5,POW.FC5.BetaH
POW_Feature,Delta_Shannon_Entropy,Delta_LZC,181,-0.03914381184331576,-0.04427033220368157,-0.1787072694890353,0.07803831695383287,0.95,6,60.0,1000,1000,1919,circular moving-block bootstrap,BetaH,FC6,POW.FC6.BetaH
POW_Feature,Delta_Shannon_Entropy,Delta_Flux,181,0.3372948967381212,0.34024607164990184,0.20291048664112393,0.4453311197865746,0.95,6,60.0,1000,1000,1919,circular moving-block bootstrap,BetaH,FC6,POW.FC6.BetaH
POW_Feature,Delta_LZC,Delta_Flux,181,-0.036710439325234274,-0.036863383188329435,-0.16945848680429473,0.09218951907243818,0.95,6,60.0,1000,1000,1919,circular moving-block bootstrap,BetaH,FC6,POW.FC6.BetaH
POW_Feature,Delta_Shannon_Entropy,Delta_LZC,181,-0.07559744228246089,-0.08418009757461963,-0.26064159406911747,0.11166863720021464,0.95,6,60.0,1000,1000,1919,circular moving-block bootstrap,BetaH,FT10,POW.FT10.BetaH
POW_Feature,Delta_Shannon_Entropy,Delta_Flux,181,0.25286348735769626,0.24575671095678375,0.1025732465185276,0.38750403657641874,0.95,6,60.0,1000,1000,1919,circular moving-block bootstrap,BetaH,FT10,POW.FT10.BetaH
POW_Feature,Delta_LZC,Delta_Flux,181,-0.05473022221140092,-0.05130473014692744,-0.19702055585011022,0.09458797247091416,0.95,6,60.0,1000,1000,1919,circular moving-block bootstrap,BetaH,FT10,POW.FT10.BetaH
POW_Feature,Delta_Shannon_Entropy,Delta_LZC,181,-0.2503871976587499,-0.24973054337314493,-0.38788246158181894,-0.10686002551983335,0.95,6,60.0,1000,1000,1919,circular moving-block bootstrap,BetaH,FT9,POW.FT9.BetaH
POW_Feature,Delta_Shannon_Entropy,Delta_Flux,181,0.12962008859601998,0.12524865007362881,-0.006165076227661854,0.2706652054375119,0.95,6,60.0,1000,1000,1919,circular moving-block bootstrap,BetaH,FT9,POW.FT9.BetaH
POW_Feature,Delta_LZC,Delta_Flux,181,0.1370049014836296,0.13711842594528867,-0.03824890794881947,0.3102865183564033,0.95,6,60.0,1000,1000,1919,circular moving-block bootstrap,BetaH,FT9,POW.FT9.BetaH
POW_Feature,Delta_Shannon_Entropy,Delta_LZC,181,-0.24231381113257086,-0.24085590527906678,-0.36257542791161756,-0.11328555570726082,0.95,6,60.0,1000,1000,1919,circular moving-block bootstrap,BetaH,Fp1,POW.Fp1.BetaH
POW_Feature,Delta_Shannon_Entropy,Delta_Flux,181,0.16560473123055075,0.1633127636810675,0.03260687267904389,0.31320207635221514,0.95,6,60.0,1000,1000,1919,circular moving-block bootstrap,BetaH,Fp1,POW.Fp1.BetaH
POW_Feature,Delta_LZC,Delta_Flux,181,0.08291545732268292,0.08448896127952629,-0.061426697055707094,0.21729838187691222,0.95,6,60.0,1000,1000,1919,circular moving-block bootstrap,BetaH,Fp1,POW.Fp1.BetaH
POW_Feature,Delta_Shannon_Entropy,Delta_LZC,181,-0.22389960150357602,-0.2207865886775502,-0.36077654831654377,-0.05710168381905458,0.95,6,60.0,1000,1000,1919,circular moving-block bootstrap,BetaH,Fp2,POW.Fp2.BetaH
POW_Feature,Delta_Shannon_Entropy,Delta_Flux,181,0.10888665810376846,0.11005143558617694,-0.022101687456762917,0.23157911045258966,0.95,6,60.0,1000,1000,1919,circular moving-block bootstrap,BetaH,Fp2,POW.Fp2.BetaH
POW_Feature,Delta_LZC,Delta_Flux,181,0.00796647201816503,0.01006824129244403,-0.13150220039444932,0.16488075369814317,0.95,6,60.0,1000,1000,1919,circular moving-block bootstrap,BetaH,Fp2,POW.Fp2.BetaH
POW_Feature,Delta_Shannon_Entropy,Delta_LZC,181,-0.16065508662509598,-0.17366264466349338,-0.32827913985020196,-0.009226839485962259,0.95,6,60.0,1000,1000,1919,circular moving-block bootstrap,BetaH,Fz,POW.Fz.BetaH
POW_Feature,Delta_Shannon_Entropy,Delta_Flux,181,0.29729128902005064,0.298836750231562,0.18222165121916525,0.397137748562678,0.95,6,60.0,1000,1000,1919,circular moving-block bootstrap,BetaH,Fz,POW.Fz.BetaH
POW_Feature,Delta_LZC,Delta_Flux,181,0.10437160325276373,0.10676416216346869,-0.08020316212566506,0.29022422673330556,0.95,6,60.0,1000,1000,1919,circular moving-block bootstrap,BetaH,Fz,POW.Fz.BetaH
POW_Feature,Delta_Shannon_Entropy,Delta_LZC,181,-0.2882032596574083,-0.29099856198996155,-0.4206850738077027,-0.14556342638980602,0.95,6,60.0,1000,1000,1919,circular moving-block bootstrap,BetaH,O1,POW.O1.BetaH
POW_Feature,Delta_Shannon_Entropy,Delta_Flux,181,0.5132040025971599,0.5124877075168843,0.38687029684935154,0.612693407294692,0.95,6,60.0,1000,1000,1919,circular moving-block bootstrap,BetaH,O1,POW.O1.BetaH
POW_Feature,Delta_LZC,Delta_Flux,181,0.04069362511972141,0.03245012548986757,-0.1230306154366281,0.2010699458999823,0.95,6,60.0,1000,1000,1919,circular moving-block bootstrap,BetaH,O1,POW.O1.BetaH
POW_Feature,Delta_Shannon_Entropy,Delta_LZC,181,-0.16927220301307008,-0.16787743171019787,-0.2874532539810201,-0.055781599325791895,0.95,6,60.0,1000,1000,1919,circular moving-block bootstrap,BetaH,O2,POW.O2.BetaH
POW_Feature,Delta_Shannon_Entropy,Delta_Flux,181,0.4917267773321796,0.49558835425953435,0.37406538555333113,0.5992439053202253,0.95,6,60.0,1000,1000,1919,circular moving-block bootstrap,BetaH,O2,POW.O2.BetaH
POW_Feature,Delta_LZC,Delta_Flux,181,0.01634653277520924,0.023788837034706682,-0.1156693841545741,0.17882949488257124,0.95,6,60.0,1000,1000,1919,circular moving-block bootstrap,BetaH,O2,POW.O2.BetaH
POW_Feature,Delta_Shannon_Entropy,Delta_LZC,181,-0.19307580580427972,-0.18919906419826696,-0.3100045957555233,-0.07989252569473716,0.95,6,60.0,1000,1000,1919,circular moving-block bootstrap,BetaH,Oz,POW.Oz.BetaH
POW_Feature,Delta_Shannon_Entropy,Delta_Flux,181,0.47790248179221895,0.4784794805534943,0.3443808106295086,0.583273934712027,0.95,6,60.0,1000,1000,1919,circular moving-block bootstrap,BetaH,Oz,POW.Oz.BetaH
POW_Feature,Delta_LZC,Delta_Flux,181,0.05423805217514722,0.049888645350584994,-0.09628671082634742,0.21258437219849707,0.95,6,60.0,1000,1000,1919,circular moving-block bootstrap,BetaH,Oz,POW.Oz.BetaH
POW_Feature,Delta_Shannon_Entropy,Delta_LZC,181,-0.08948385659298098,-0.09403001229138218,-0.24826909528622995,0.06131026439306876,0.95,6,60.0,1000,1000,1919,circular moving-block bootstrap,BetaH,P3,POW.P3.BetaH
POW_Feature,Delta_Shannon_Entropy,Delta_Flux,181,0.3841049534108241,0.3814954294845282,0.21974890448183287,0.5181374545682315,0.95,6,60.0,1000,1000,1919,circular moving-block bootstrap,BetaH,P3,POW.P3.BetaH
POW_Feature,Delta_LZC,Delta_Flux,181,0.060193701639685786,0.06227182845956446,-0.08056320615512753,0.1969673520067046,0.95,6,60.0,1000,1000,1919,circular moving-block bootstrap,BetaH,P3,POW.P3.BetaH
POW_Feature,Delta_Shannon_Entropy,Delta_LZC,181,-0.09118586846180082,-0.09409588084098278,-0.2900326409653773,0.08305394360067068,0.95,6,60.0,1000,1000,1919,circular moving-block bootstrap,BetaH,P4,POW.P4.BetaH
POW_Feature,Delta_Shannon_Entropy,Delta_Flux,181,0.45044257011306843,0.45319610039577607,0.3322949559469117,0.5440981578051964,0.95,6,60.0,1000,1000,1919,circular moving-block bootstrap,BetaH,P4,POW.P4.BetaH
POW_Feature,Delta_LZC,Delta_Flux,181,0.021019864054656594,0.02067369127716328,-0.12353410554694713,0.162014583974236,0.95,6,60.0,1000,1000,1919,circular moving-block bootstrap,BetaH,P4,POW.P4.BetaH
POW_Feature,Delta_Shannon_Entropy,Delta_LZC,181,-0.19067691806364626,-0.19163265277548047,-0.31443456711066653,-0.07392779878783766,0.95,6,60.0,1000,1000,1919,circular moving-block bootstrap,BetaH,P7,POW.P7.BetaH
POW_Feature,Delta_Shannon_Entropy,Delta_Flux,181,0.16769646358198712,0.1700180324954293,-0.023435183828437428,0.3665510061348076,0.95,6,60.0,1000,1000,1919,circular moving-block bootstrap,BetaH,P7,POW.P7.BetaH
POW_Feature,Delta_LZC,Delta_Flux,181,-0.02877366895157092,-0.03020260335249491,-0.13302316656994095,0.08635131255481346,0.95,6,60.0,1000,1000,1919,circular moving-block bootstrap,BetaH,P7,POW.P7.BetaH
POW_Feature,Delta_Shannon_Entropy,Delta_LZC,181,-0.1776122022018725,-0.17966500616846612,-0.327214752160109,-0.03997694473322935,0.95,6,60.0,1000,1000,1919,circular moving-block bootstrap,BetaH,P8,POW.P8.BetaH
POW_Feature,Delta_Shannon_Entropy,Delta_Flux,181,0.35858013566561764,0.36597566284741395,0.20423230336712594,0.4971297640361833,0.95,6,60.0,1000,1000,1919,circular moving-block bootstrap,BetaH,P8,POW.P8.BetaH
POW_Feature,Delta_LZC,Delta_Flux,181,0.05052355940154733,0.052442727140324434,-0.07848089222920684,0.18637676861534727,0.95,6,60.0,1000,1000,1919,circular moving-block bootstrap,BetaH,P8,POW.P8.BetaH
POW_Feature,Delta_Shannon_Entropy,Delta_LZC,181,-0.07063220215093306,-0.07443954703588904,-0.23543314241021154,0.07894027401469167,0.95,6,60.0,1000,1000,1919,circular moving-block bootstrap,BetaH,PO10,POW.PO10.BetaH
POW_Feature,Delta_Shannon_Entropy,Delta_Flux,181,0.30830522289312906,0.3099798614771747,0.1957728144573293,0.4161071229133426,0.95,6,60.0,1000,1000,1919,circular moving-block bootstrap,BetaH,PO10,POW.PO10.BetaH
POW_Feature,Delta_LZC,Delta_Flux,181,0.0762293114509315,0.07913352592669232,-0.03529733406004017,0.19485341848612475,0.95,6,60.0,1000,1000,1919,circular moving-block bootstrap,BetaH,PO10,POW.PO10.BetaH
POW_Feature,Delta_Shannon_Entropy,Delta_LZC,181,-0.1154476891158441,-0.11521399174935826,-0.2646583342334017,0.04337067120146162,0.95,6,60.0,1000,1000,1919,circular moving-block bootstrap,BetaH,PO9,POW.PO9.BetaH
POW_Feature,Delta_Shannon_Entropy,Delta_Flux,181,0.21613680663728346,0.22077949486655193,0.016759415677122115,0.37970782011355747,0.95,6,60.0,1000,1000,1919,circular moving-block bootstrap,BetaH,PO9,POW.PO9.BetaH
POW_Feature,Delta_LZC,Delta_Flux,181,0.06129926672811325,0.0629040313004266,-0.06270906372881245,0.18478959984887577,0.95,6,60.0,1000,1000,1919,circular moving-block bootstrap,BetaH,PO9,POW.PO9.BetaH
POW_Feature,Delta_Shannon_Entropy,Delta_LZC,181,-0.1545525272047593,-0.15480261197336717,-0.30678011473295425,-0.018778214275593473,0.95,6,60.0,1000,1000,1919,circular moving-block bootstrap,BetaH,Pz,POW.Pz.BetaH
POW_Feature,Delta_Shannon_Entropy,Delta_Flux,181,0.40633209523832553,0.40606381336564346,0.25723385546983635,0.5262330475827528,0.95,6,60.0,1000,1000,1919,circular moving-block bootstrap,BetaH,Pz,POW.Pz.BetaH
POW_Feature,Delta_LZC,Delta_Flux,181,0.07773897914286361,0.07288198651188185,-0.05733407314632981,0.20167678656832352,0.95,6,60.0,1000,1000,1919,circular moving-block bootstrap,BetaH,Pz,POW.Pz.BetaH
POW_Feature,Delta_Shannon_Entropy,Delta_LZC,181,-0.2156210351690107,-0.21774915208553802,-0.36627617904033977,-0.06753842122217184,0.95,6,60.0,1000,1000,1919,circular moving-block bootstrap,BetaH,T7,POW.T7.BetaH
POW_Feature,Delta_Shannon_Entropy,Delta_Flux,181,0.050308345301647746,0.050190799190234364,-0.08724414231019642,0.18680774667408798,0.95,6,60.0,1000,1000,1919,circular moving-block bootstrap,BetaH,T7,POW.T7.BetaH
POW_Feature,Delta_LZC,Delta_Flux,181,0.07292483381001054,0.0729558702280178,-0.05295422983375998,0.21652305272319278,0.95,6,60.0,1000,1000,1919,circular moving-block bootstrap,BetaH,T7,POW.T7.BetaH
POW_Feature,Delta_Shannon_Entropy,Delta_LZC,181,-0.19419750605719335,-0.21522581412541397,-0.3760961842250568,-0.0017767473529682793,0.95,6,60.0,1000,1000,1919,circular moving-block bootstrap,BetaH,T8,POW.T8.BetaH
POW_Feature,Delta_Shannon_Entropy,Delta_Flux,181,0.3574998314922525,0.35782516554769317,0.20755925767158,0.4948837570262703,0.95,6,60.0,1000,1000,1919,circular moving-block bootstrap,BetaH,T8,POW.T8.BetaH
POW_Feature,Delta_LZC,Delta_Flux,181,-0.04822214655066517,-0.04990758170536124,-0.20804394978956206,0.08475316573902275,0.95,6,60.0,1000,1000,1919,circular moving-block bootstrap,BetaH,T8,POW.T8.BetaH
POW_Feature,Delta_Shannon_Entropy,Delta_LZC,181,-0.11360743570443528,-0.11679372853806784,-0.24663612774637733,0.02141355188323295,0.95,6,60.0,1000,1000,1919,circular moving-block bootstrap,BetaL,C3,POW.C3.BetaL
POW_Feature,Delta_Shannon_Entropy,Delta_Flux,181,0.08284281175487168,0.08513179618089048,-0.055719679076734904,0.22561528152572025,0.95,6,60.0,1000,1000,1919,circular moving-block bootstrap,BetaL,C3,POW.C3.BetaL
POW_Feature,Delta_LZC,Delta_Flux,181,0.09396147778142414,0.09260291619767555,-0.056535928809331,0.2358596358636552,0.95,6,60.0,1000,1000,1919,circular moving-block bootstrap,BetaL,C3,POW.C3.BetaL
POW_Feature,Delta_Shannon_Entropy,Delta_LZC,181,-0.0973453782738551,-0.10255788599892207,-0.251335908886756,0.04490864508110173,0.95,6,60.0,1000,1000,1919,circular moving-block bootstrap,BetaL,C4,POW.C4.BetaL
POW_Feature,Delta_Shannon_Entropy,Delta_Flux,181,0.2599887929936362,0.2624786500826043,0.12654370857821665,0.3729260713397426,0.95,6,60.0,1000,1000,1919,circular moving-block bootstrap,BetaL,C4,POW.C4.BetaL
POW_Feature,Delta_LZC,Delta_Flux,181,0.15805341391198854,0.15626606315715078,0.01653383189045874,0.27488773434215,0.95,6,60.0,1000,1000,1919,circular moving-block bootstrap,BetaL,C4,POW.C4.BetaL
POW_Feature,Delta_Shannon_Entropy,Delta_LZC,181,0.00920693387262698,0.008924022021184657,-0.14350340516375737,0.1485931739643454,0.95,6,60.0,1000,1000,1919,circular moving-block bootstrap,BetaL,CP1,POW.CP1.BetaL
POW_Feature,Delta_Shannon_Entropy,Delta_Flux,181,0.2185378435236246,0.2153264086870228,0.03130931920516835,0.3943137751912143,0.95,6,60.0,1000,1000,1919,circular moving-block bootstrap,BetaL,CP1,POW.CP1.BetaL
POW_Feature,Delta_LZC,Delta_Flux,181,0.13616955768402103,0.13971829944749442,-0.022815891082749305,0.2973383325959495,0.95,6,60.0,1000,1000,1919,circular moving-block bootstrap,BetaL,CP1,POW.CP1.BetaL
POW_Feature,Delta_Shannon_Entropy,Delta_LZC,181,-0.07904305183200347,-0.07155224933536569,-0.26939412557228437,0.10564785578980483,0.95,6,60.0,1000,1000,1919,circular moving-block bootstrap,BetaL,CP2,POW.CP2.BetaL
POW_Feature,Delta_Shannon_Entropy,Delta_Flux,181,0.2880133454725202,0.2876840329398973,0.11646839924421165,0.45086882805281914,0.95,6,60.0,1000,1000,1919,circular moving-block bootstrap,BetaL,CP2,POW.CP2.BetaL
POW_Feature,Delta_LZC,Delta_Flux,181,0.12733639043464667,0.12491899962854186,0.0032283077639763827,0.24531284054587,0.95,6,60.0,1000,1000,1919,circular moving-block bootstrap,BetaL,CP2,POW.CP2.BetaL
POW_Feature,Delta_Shannon_Entropy,Delta_LZC,181,-0.07369664299579445,-0.08124863081984501,-0.22558377487382267,0.06671547277159923,0.95,6,60.0,1000,1000,1919,circular moving-block bootstrap,BetaL,CP5,POW.CP5.BetaL
POW_Feature,Delta_Shannon_Entropy,Delta_Flux,181,0.14627799110825987,0.1488811723283407,0.025893830568293835,0.26844495361917065,0.95,6,60.0,1000,1000,1919,circular moving-block bootstrap,BetaL,CP5,POW.CP5.BetaL
POW_Feature,Delta_LZC,Delta_Flux,181,0.04805678152674043,0.04951808865422292,-0.0763810748729499,0.17848618483146686,0.95,6,60.0,1000,1000,1919,circular moving-block bootstrap,BetaL,CP5,POW.CP5.BetaL
POW_Feature,Delta_Shannon_Entropy,Delta_LZC,181,-0.11435992747895736,-0.11215442871927805,-0.28333299079644486,0.054069392477682506,0.95,6,60.0,1000,1000,1919,circular moving-block bootstrap,BetaL,CP6,POW.CP6.BetaL
POW_Feature,Delta_Shannon_Entropy,Delta_Flux,181,0.3149752183394691,0.31893968854904264,0.17158615907598496,0.44803840423462155,0.95,6,60.0,1000,1000,1919,circular moving-block bootstrap,BetaL,CP6,POW.CP6.BetaL
POW_Feature,Delta_LZC,Delta_Flux,181,0.07323694836077081,0.07642976093699214,-0.07561321163236756,0.21734418799378294,0.95,6,60.0,1000,1000,1919,circular moving-block bootstrap,BetaL,CP6,POW.CP6.BetaL
POW_Feature,Delta_Shannon_Entropy,Delta_LZC,181,-0.16011440751031494,-0.1612440965732785,-0.2964856718720068,-0.031943367829548604,0.95,6,60.0,1000,1000,1919,circular moving-block bootstrap,BetaL,Cz,POW.Cz.BetaL
POW_Feature,Delta_Shannon_Entropy,Delta_Flux,181,0.2913050890892046,0.2914086363111377,0.17334517071228644,0.41021747913864914,0.95,6,60.0,1000,1000,1919,circular moving-block bootstrap,BetaL,Cz,POW.Cz.BetaL
POW_Feature,Delta_LZC,Delta_Flux,181,0.13890539520873965,0.1387962607022713,0.03149730598593129,0.2511181966793225,0.95,6,60.0,1000,1000,1919,circular moving-block bootstrap,BetaL,Cz,POW.Cz.BetaL
POW_Feature,Delta_Shannon_Entropy,Delta_LZC,181,-0.13492327173006688,-0.13415575236814126,-0.2681314339692101,0.014127173593831477,0.95,6,60.0,1000,1000,1919,circular moving-block bootstrap,BetaL,F3,POW.F3.BetaL
POW_Feature,Delta_Shannon_Entropy,Delta_Flux,181,0.20604303835639184,0.20443628993115523,0.06451853463037453,0.3431057390421397,0.95,6,60.0,1000,1000,1919,circular moving-block bootstrap,BetaL,F3,POW.F3.BetaL
POW_Feature,Delta_LZC,Delta_Flux,181,-0.05509350272638539,-0.05287532634622298,-0.19457964950705856,0.09298840465221084,0.95,6,60.0,1000,1000,1919,circular moving-block bootstrap,BetaL,F3,POW.F3.BetaL
POW_Feature,Delta_Shannon_Entropy,Delta_LZC,181,-0.28730806691850286,-0.29261477051114104,-0.4193606121661972,-0.14782751945921005,0.95,6,60.0,1000,1000,1919,circular moving-block bootstrap,BetaL,F4,POW.F4.BetaL
POW_Feature,Delta_Shannon_Entropy,Delta_Flux,181,0.17297782205304776,0.17476024506647309,0.03656241290324771,0.30501892472624714,0.95,6,60.0,1000,1000,1919,circular moving-block bootstrap,BetaL,F4,POW.F4.BetaL
POW_Feature,Delta_LZC,Delta_Flux,181,0.020110439357222495,0.017152216756398494,-0.1285109723686785,0.16559667906585698,0.95,6,60.0,1000,1000,1919,circular moving-block bootstrap,BetaL,F4,POW.F4.BetaL
POW_Feature,Delta_Shannon_Entropy,Delta_LZC,181,-0.10463762869790715,-0.10020480198692887,-0.2895584655911654,0.07982592200562165,0.95,6,60.0,1000,1000,1919,circular moving-block bootstrap,BetaL,F7,POW.F7.BetaL
POW_Feature,Delta_Shannon_Entropy,Delta_Flux,181,0.1707152841609572,0.17051087647747226,0.043816171519498556,0.29094429870971394,0.95,6,60.0,1000,1000,1919,circular moving-block bootstrap,BetaL,F7,POW.F7.BetaL
POW_Feature,Delta_LZC,Delta_Flux,181,-0.08831381243802813,-0.08583048676098962,-0.1746980139365824,0.009326813566609072,0.95,6,60.0,1000,1000,1919,circular moving-block bootstrap,BetaL,F7,POW.F7.BetaL
POW_Feature,Delta_Shannon_Entropy,Delta_LZC,181,-0.1220170598550213,-0.12091024608091747,-0.2774080020144466,0.032533074036231804,0.95,6,60.0,1000,1000,1919,circular moving-block bootstrap,BetaL,F8,POW.F8.BetaL
POW_Feature,Delta_Shannon_Entropy,Delta_Flux,181,0.10325609562202885,0.10753143248389076,-0.030894176931064596,0.23276803137421545,0.95,6,60.0,1000,1000,1919,circular moving-block bootstrap,BetaL,F8,POW.F8.BetaL
POW_Feature,Delta_LZC,Delta_Flux,181,-0.04986389087849791,-0.053463247166327006,-0.21046112658197397,0.10172439717037018,0.95,6,60.0,1000,1000,1919,circular moving-block bootstrap,BetaL,F8,POW.F8.BetaL
POW_Feature,Delta_Shannon_Entropy,Delta_LZC,181,-0.03729013487602877,-0.04080005835273852,-0.21851983893564092,0.13885958281908356,0.95,6,60.0,1000,1000,1919,circular moving-block bootstrap,BetaL,FC1,POW.FC1.BetaL
POW_Feature,Delta_Shannon_Entropy,Delta_Flux,181,0.09344061535328824,0.0961307246469113,-0.034817436094646916,0.23639138351057198,0.95,6,60.0,1000,1000,1919,circular moving-block bootstrap,BetaL,FC1,POW.FC1.BetaL
POW_Feature,Delta_LZC,Delta_Flux,181,0.12257655696040137,0.12102263446035177,-0.02079567451100205,0.25280134617204214,0.95,6,60.0,1000,1000,1919,circular moving-block bootstrap,BetaL,FC1,POW.FC1.BetaL
POW_Feature,Delta_Shannon_Entropy,Delta_LZC,181,-0.22140000352382616,-0.22668053080618988,-0.37431568082760636,-0.06055593136761844,0.95,6,60.0,1000,1000,1919,circular moving-block bootstrap,BetaL,FC2,POW.FC2.BetaL
POW_Feature,Delta_Shannon_Entropy,Delta_Flux,181,0.17612094636931233,0.1745503311238606,0.06062549331467623,0.2920085150981067,0.95,6,60.0,1000,1000,1919,circular moving-block bootstrap,BetaL,FC2,POW.FC2.BetaL
POW_Feature,Delta_LZC,Delta_Flux,181,0.1907942764174033,0.19259557319709056,0.06211970671429747,0.3106982412903462,0.95,6,60.0,1000,1000,1919,circular moving-block bootstrap,BetaL,FC2,POW.FC2.BetaL
POW_Feature,Delta_Shannon_Entropy,Delta_LZC,181,0.043897274655750454,0.04245041655141438,-0.13635733386624146,0.2125569231868516,0.95,6,60.0,1000,1000,1919,circular moving-block bootstrap,BetaL,FC5,POW.FC5.BetaL
POW_Feature,Delta_Shannon_Entropy,Delta_Flux,181,0.15685796725372553,0.1605119554544577,0.031273111077869176,0.2906488410408562,0.95,6,60.0,1000,1000,1919,circular moving-block bootstrap,BetaL,FC5,POW.FC5.BetaL
POW_Feature,Delta_LZC,Delta_Flux,181,-0.042614189287198984,-0.047202613490262585,-0.19071094834410818,0.107038334960135,0.95,6,60.0,1000,1000,1919,circular moving-block bootstrap,BetaL,FC5,POW.FC5.BetaL
POW_Feature,Delta_Shannon_Entropy,Delta_LZC,181,-0.12696212892731376,-0.12194325008675053,-0.27339922560727326,0.03212240090291988,0.95,6,60.0,1000,1000,1919,circular moving-block bootstrap,BetaL,FC6,POW.FC6.BetaL
POW_Feature,Delta_Shannon_Entropy,Delta_Flux,181,0.12521356175546944,0.12648991102902524,0.0015655116932468114,0.25941497580634726,0.95,6,60.0,1000,1000,1919,circular moving-block bootstrap,BetaL,FC6,POW.FC6.BetaL
POW_Feature,Delta_LZC,Delta_Flux,181,0.04241084222429132,0.041999675133651215,-0.09584806388384684,0.1771937660843964,0.95,6,60.0,1000,1000,1919,circular moving-block bootstrap,BetaL,FC6,POW.FC6.BetaL
POW_Feature,Delta_Shannon_Entropy,Delta_LZC,181,-0.1241322498676829,-0.12494654815417737,-0.2693974928135894,0.0362265987623313,0.95,6,60.0,1000,1000,1919,circular moving-block bootstrap,BetaL,FT10,POW.FT10.BetaL
POW_Feature,Delta_Shannon_Entropy,Delta_Flux,181,0.08501220228579698,0.08825738577722209,-0.061598950933165766,0.24125048192014573,0.95,6,60.0,1000,1000,1919,circular moving-block bootstrap,BetaL,FT10,POW.FT10.BetaL
POW_Feature,Delta_LZC,Delta_Flux,181,0.07234671363570998,0.07702162601986673,-0.048838159601785,0.19554306110907715,0.95,6,60.0,1000,1000,1919,circular moving-block bootstrap,BetaL,FT10,POW.FT10.BetaL
POW_Feature,Delta_Shannon_Entropy,Delta_LZC,181,-0.010056837030345708,-0.01471899680260377,-0.133463652577757,0.11426793144845902,0.95,6,60.0,1000,1000,1919,circular moving-block bootstrap,BetaL,FT9,POW.FT9.BetaL
POW_Feature,Delta_Shannon_Entropy,Delta_Flux,181,0.07854712417037517,0.0848518785039318,-0.09414319770397649,0.25795764741810706,0.95,6,60.0,1000,1000,1919,circular moving-block bootstrap,BetaL,FT9,POW.FT9.BetaL
POW_Feature,Delta_LZC,Delta_Flux,181,0.02602222748044872,0.028078572322652002,-0.09975670423345336,0.1620010883733461,0.95,6,60.0,1000,1000,1919,circular moving-block bootstrap,BetaL,FT9,POW.FT9.BetaL
POW_Feature,Delta_Shannon_Entropy,Delta_LZC,181,-0.09019496705457669,-0.09082468555464607,-0.2339748467580389,0.06638706701594428,0.95,6,60.0,1000,1000,1919,circular moving-block bootstrap,BetaL,Fp1,POW.Fp1.BetaL
POW_Feature,Delta_Shannon_Entropy,Delta_Flux,181,0.24621165409911347,0.25013072063802544,0.10578114709524702,0.3790026981163337,0.95,6,60.0,1000,1000,1919,circular moving-block bootstrap,BetaL,Fp1,POW.Fp1.BetaL
POW_Feature,Delta_LZC,Delta_Flux,181,0.06277048916425136,0.06541595387402938,-0.07418615436759332,0.1952429035885664,0.95,6,60.0,1000,1000,1919,circular moving-block bootstrap,BetaL,Fp1,POW.Fp1.BetaL
POW_Feature,Delta_Shannon_Entropy,Delta_LZC,181,-0.12068776728580272,-0.12822093887387429,-0.2804979515846023,0.053937962743173265,0.95,6,60.0,1000,1000,1919,circular moving-block bootstrap,BetaL,Fp2,POW.Fp2.BetaL
POW_Feature,Delta_Shannon_Entropy,Delta_Flux,181,0.1782113597109843,0.1737160226549616,0.020547273734237117,0.31888659601180164,0.95,6,60.0,1000,1000,1919,circular moving-block bootstrap,BetaL,Fp2,POW.Fp2.BetaL
POW_Feature,Delta_LZC,Delta_Flux,181,0.08337792161996298,0.08095357526449351,-0.04667986496560325,0.20687505795832906,0.95,6,60.0,1000,1000,1919,circular moving-block bootstrap,BetaL,Fp2,POW.Fp2.BetaL
POW_Feature,Delta_Shannon_Entropy,Delta_LZC,181,-0.13745127831512896,-0.14388348134541593,-0.29242654637509613,0.025755236819370055,0.95,6,60.0,1000,1000,1919,circular moving-block bootstrap,BetaL,Fz,POW.Fz.BetaL
POW_Feature,Delta_Shannon_Entropy,Delta_Flux,181,0.18505381190658965,0.18643431616433165,0.06782130056932144,0.30030313293710187,0.95,6,60.0,1000,1000,1919,circular moving-block bootstrap,BetaL,Fz,POW.Fz.BetaL
POW_Feature,Delta_LZC,Delta_Flux,181,0.051560060546139,0.04907989928448464,-0.07380206507934463,0.18074324826165897,0.95,6,60.0,1000,1000,1919,circular moving-block bootstrap,BetaL,Fz,POW.Fz.BetaL
POW_Feature,Delta_Shannon_Entropy,Delta_LZC,181,-0.15551908864470182,-0.16038780705972522,-0.2984537877259453,-0.0006923625219761236,0.95,6,60.0,1000,1000,1919,circular moving-block bootstrap,BetaL,O1,POW.O1.BetaL
POW_Feature,Delta_Shannon_Entropy,Delta_Flux,181,0.4014592269505653,0.4067481620528958,0.27671331829408496,0.5149485391483659,0.95,6,60.0,1000,1000,1919,circular moving-block bootstrap,BetaL,O1,POW.O1.BetaL
POW_Feature,Delta_LZC,Delta_Flux,181,0.10380965814309549,0.1021404544330165,-0.029800844369245315,0.22940561892051906,0.95,6,60.0,1000,1000,1919,circular moving-block bootstrap,BetaL,O1,POW.O1.BetaL
POW_Feature,Delta_Shannon_Entropy,Delta_LZC,181,-0.11834417247316788,-0.12041809708673833,-0.27753153349135096,0.04006363665475658,0.95,6,60.0,1000,1000,1919,circular moving-block bootstrap,BetaL,O2,POW.O2.BetaL
POW_Feature,Delta_Shannon_Entropy,Delta_Flux,181,0.47995707448996683,0.47973869573323213,0.35001203989786517,0.5979162224447142,0.95,6,60.0,1000,1000,1919,circular moving-block bootstrap,BetaL,O2,POW.O2.BetaL
POW_Feature,Delta_LZC,Delta_Flux,181,0.09372084374290961,0.09283345093862355,-0.051844911654142636,0.22337843536703567,0.95,6,60.0,1000,1000,1919,circular moving-block bootstrap,BetaL,O2,POW.O2.BetaL
POW_Feature,Delta_Shannon_Entropy,Delta_LZC,181,-0.06629808842007026,-0.06514616167921769,-0.21502771030555343,0.07813628897233203,0.95,6,60.0,1000,1000,1919,circular moving-block bootstrap,BetaL,Oz,POW.Oz.BetaL
POW_Feature,Delta_Shannon_Entropy,Delta_Flux,181,0.432755275223313,0.43393404130014546,0.2791302615280091,0.5621578585976039,0.95,6,60.0,1000,1000,1919,circular moving-block bootstrap,BetaL,Oz,POW.Oz.BetaL
POW_Feature,Delta_LZC,Delta_Flux,181,0.10879862699988957,0.10937783098898304,-0.025996247296756075,0.22939896720215008,0.95,6,60.0,1000,1000,1919,circular moving-block bootstrap,BetaL,Oz,POW.Oz.BetaL
POW_Feature,Delta_Shannon_Entropy,Delta_LZC,181,0.008472321945008207,-0.0001419935452444971,-0.13048735618513785,0.1420450885892413,0.95,6,60.0,1000,1000,1919,circular moving-block bootstrap,BetaL,P3,POW.P3.BetaL
POW_Feature,Delta_Shannon_Entropy,Delta_Flux,181,0.33888405045586745,0.34012921076534475,0.17212044403777257,0.4894696106116913,0.95,6,60.0,1000,1000,1919,circular moving-block bootstrap,BetaL,P3,POW.P3.BetaL
POW_Feature,Delta_LZC,Delta_Flux,181,0.17795649931197813,0.18185210832193802,0.049615451128053066,0.29379024845273555,0.95,6,60.0,1000,1000,1919,circular moving-block bootstrap,BetaL,P3,POW.P3.BetaL
POW_Feature,Delta_Shannon_Entropy,Delta_LZC,181,-0.054997886676078134,-0.05539970177960664,-0.25264309308089367,0.13420715640214598,0.95,6,60.0,1000,1000,1919,circular moving-block bootstrap,BetaL,P4,POW.P4.BetaL
POW_Feature,Delta_Shannon_Entropy,Delta_Flux,181,0.34859016902243056,0.3434440581775428,0.18933628509226855,0.5048163933026802,0.95,6,60.0,1000,1000,1919,circular moving-block bootstrap,BetaL,P4,POW.P4.BetaL
POW_Feature,Delta_LZC,Delta_Flux,181,0.26048280545451324,0.26011160917958676,0.1591359068648745,0.35064047751702215,0.95,6,60.0,1000,1000,1919,circular moving-block bootstrap,BetaL,P4,POW.P4.BetaL
POW_Feature,Delta_Shannon_Entropy,Delta_LZC,181,-0.04380820594520788,-0.044973218440076665,-0.19011938923707172,0.09649399426899188,0.95,6,60.0,1000,1000,1919,circular moving-block bootstrap,BetaL,P7,POW.P7.BetaL
POW_Feature,Delta_Shannon_Entropy,Delta_Flux,181,0.25000946070732966,0.2489322122306849,0.03230387865237997,0.433524068725721,0.95,6,60.0,1000,1000,1919,circular moving-block bootstrap,BetaL,P7,POW.P7.BetaL
POW_Feature,Delta_LZC,Delta_Flux,181,0.033925061913079514,0.03327641869589927,-0.09360470291217327,0.1521246846373429,0.95,6,60.0,1000,1000,1919,circular moving-block bootstrap,BetaL,P7,POW.P7.BetaL
POW_Feature,Delta_Shannon_Entropy,Delta_LZC,181,-0.17711960117668601,-0.18472287760189243,-0.3400484959199157,-0.02701235945334882,0.95,6,60.0,1000,1000,1919,circular moving-block bootstrap,BetaL,P8,POW.P8.BetaL
POW_Feature,Delta_Shannon_Entropy,Delta_Flux,181,0.43864402869956576,0.44134828556224515,0.2500577984990207,0.5794241567571545,0.95,6,60.0,1000,1000,1919,circular moving-block bootstrap,BetaL,P8,POW.P8.BetaL
POW_Feature,Delta_LZC,Delta_Flux,181,0.03799595713413015,0.03755747679637754,-0.101631656269115,0.1816479476383689,0.95,6,60.0,1000,1000,1919,circular moving-block bootstrap,BetaL,P8,POW.P8.BetaL
POW_Feature,Delta_Shannon_Entropy,Delta_LZC,181,0.08932384095392121,0.08415010023987406,-0.10726137673729655,0.26959764886847915,0.95,6,60.0,1000,1000,1919,circular moving-block bootstrap,BetaL,PO10,POW.PO10.BetaL
POW_Feature,Delta_Shannon_Entropy,Delta_Flux,181,0.3900687743235463,0.3899178467447486,0.25308181288014775,0.5183286198546341,0.95,6,60.0,1000,1000,1919,circular moving-block bootstrap,BetaL,PO10,POW.PO10.BetaL
POW_Feature,Delta_LZC,Delta_Flux,181,0.08329966327380159,0.09195576735811926,-0.08805385011891544,0.24814984021709843,0.95,6,60.0,1000,1000,1919,circular moving-block bootstrap,BetaL,PO10,POW.PO10.BetaL
POW_Feature,Delta_Shannon_Entropy,Delta_LZC,181,-0.033021065749166065,-0.04131347438355028,-0.19177916346835558,0.11833442128391293,0.95,6,60.0,1000,1000,1919,circular moving-block bootstrap,BetaL,PO9,POW.PO9.BetaL
POW_Feature,Delta_Shannon_Entropy,Delta_Flux,181,0.19321241078163845,0.1935428217037971,0.042094788948922685,0.32745507826245474,0.95,6,60.0,1000,1000,1919,circular moving-block bootstrap,BetaL,PO9,POW.PO9.BetaL
POW_Feature,Delta_LZC,Delta_Flux,181,0.06661980067453734,0.06311735745529609,-0.0628686807907192,0.21082618890833274,0.95,6,60.0,1000,1000,1919,circular moving-block bootstrap,BetaL,PO9,POW.PO9.BetaL
POW_Feature,Delta_Shannon_Entropy,Delta_LZC,181,-0.04638786893500272,-0.05239750773465336,-0.21827532225466592,0.11933301267478995,0.95,6,60.0,1000,1000,1919,circular moving-block bootstrap,BetaL,Pz,POW.Pz.BetaL
POW_Feature,Delta_Shannon_Entropy,Delta_Flux,181,0.31559735096539837,0.32018047864913457,0.1392227893998272,0.4805234932707769,0.95,6,60.0,1000,1000,1919,circular moving-block bootstrap,BetaL,Pz,POW.Pz.BetaL
POW_Feature,Delta_LZC,Delta_Flux,181,0.1377575474308186,0.13546840269732607,0.008576853723537356,0.254563367353695,0.95,6,60.0,1000,1000,1919,circular moving-block bootstrap,BetaL,Pz,POW.Pz.BetaL
POW_Feature,Delta_Shannon_Entropy,Delta_LZC,181,0.01226682829470355,0.01550308351085359,-0.12045975904602411,0.14847851350284008,0.95,6,60.0,1000,1000,1919,circular moving-block bootstrap,BetaL,T7,POW.T7.BetaL
POW_Feature,Delta_Shannon_Entropy,Delta_Flux,181,0.07074411308556725,0.0724038779383532,-0.07153161669953673,0.21474140360996322,0.95,6,60.0,1000,1000,1919,circular moving-block bootstrap,BetaL,T7,POW.T7.BetaL
POW_Feature,Delta_LZC,Delta_Flux,181,-0.014343847080977357,-0.014054890257443161,-0.17515516277143797,0.1464804814174539,0.95,6,60.0,1000,1000,1919,circular moving-block bootstrap,BetaL,T7,POW.T7.BetaL
POW_Feature,Delta_Shannon_Entropy,Delta_LZC,181,-0.02048343293627025,-0.02479102341003736,-0.1668772100419233,0.1326039603550071,0.95,6,60.0,1000,1000,1919,circular moving-block bootstrap,BetaL,T8,POW.T8.BetaL
POW_Feature,Delta_Shannon_Entropy,Delta_Flux,181,0.0965647307373433,0.09232186118022911,-0.031050429228096456,0.21954037275991783,0.95,6,60.0,1000,1000,1919,circular moving-block bootstrap,BetaL,T8,POW.T8.BetaL
POW_Feature,Delta_LZC,Delta_Flux,181,0.013145565564868832,0.011152142454756948,-0.13300752053053205,0.15495768916220912,0.95,6,60.0,1000,1000,1919,circular moving-block bootstrap,BetaL,T8,POW.T8.BetaL
POW_Feature,Delta_Shannon_Entropy,Delta_LZC,181,-0.28484994199136754,-0.2888181614666184,-0.4183786376367983,-0.14750975954412898,0.95,6,60.0,1000,1000,1919,circular moving-block bootstrap,Gamma,C3,POW.C3.Gamma
POW_Feature,Delta_Shannon_Entropy,Delta_Flux,181,-0.055802701295085556,-0.04763366511688053,-0.20035185782848872,0.1086655089284322,0.95,6,60.0,1000,1000,1919,circular moving-block bootstrap,Gamma,C3,POW.C3.Gamma
POW_Feature,Delta_LZC,Delta_Flux,181,0.014566203639913889,0.015018270381670796,-0.14098899847215576,0.18460060116924384,0.95,6,60.0,1000,1000,1919,circular moving-block bootstrap,Gamma,C3,POW.C3.Gamma
POW_Feature,Delta_Shannon_Entropy,Delta_LZC,181,-0.3248490936639959,-0.32630668117144623,-0.437568271475945,-0.21176835100844157,0.95,6,60.0,1000,1000,1919,circular moving-block bootstrap,Gamma,C4,POW.C4.Gamma
POW_Feature,Delta_Shannon_Entropy,Delta_Flux,181,0.11124022303055103,0.11440825452062474,-0.06848339982279063,0.2851878920753175,0.95,6,60.0,1000,1000,1919,circular moving-block bootstrap,Gamma,C4,POW.C4.Gamma
POW_Feature,Delta_LZC,Delta_Flux,181,0.0612469560056203,0.05913044637522637,-0.05525435312106507,0.16559479259474943,0.95,6,60.0,1000,1000,1919,circular moving-block bootstrap,Gamma,C4,POW.C4.Gamma
POW_Feature,Delta_Shannon_Entropy,Delta_LZC,181,-0.14955072396225688,-0.15283206605982624,-0.2914008422601812,0.023697740202115156,0.95,6,60.0,1000,1000,1919,circular moving-block bootstrap,Gamma,CP1,POW.CP1.Gamma
POW_Feature,Delta_Shannon_Entropy,Delta_Flux,181,0.05959581557768653,0.06419006727921107,-0.0730912854848428,0.20340077309477245,0.95,6,60.0,1000,1000,1919,circular moving-block bootstrap,Gamma,CP1,POW.CP1.Gamma
POW_Feature,Delta_LZC,Delta_Flux,181,0.016818260652918887,0.0176237621163211,-0.12469359475611126,0.15883366792748835,0.95,6,60.0,1000,1000,1919,circular moving-block bootstrap,Gamma,CP1,POW.CP1.Gamma
POW_Feature,Delta_Shannon_Entropy,Delta_LZC,181,-0.21179764982265417,-0.20829252321208896,-0.3555022989928764,-0.08074897166773344,0.95,6,60.0,1000,1000,1919,circular moving-block bootstrap,Gamma,CP2,POW.CP2.Gamma
POW_Feature,Delta_Shannon_Entropy,Delta_Flux,181,0.15403158642434614,0.16030639606749408,0.011521372559461524,0.3076108582585209,0.95,6,60.0,1000,1000,1919,circular moving-block bootstrap,Gamma,CP2,POW.CP2.Gamma
POW_Feature,Delta_LZC,Delta_Flux,181,0.06881814570085769,0.061446261896446176,-0.08662868099048823,0.22956916099998356,0.95,6,60.0,1000,1000,1919,circular moving-block bootstrap,Gamma,CP2,POW.CP2.Gamma
POW_Feature,Delta_Shannon_Entropy,Delta_LZC,181,-0.334458379200936,-0.3343681544975685,-0.46140262295237927,-0.2145995470337592,0.95,6,60.0,1000,1000,1919,circular moving-block bootstrap,Gamma,CP5,POW.CP5.Gamma
POW_Feature,Delta_Shannon_Entropy,Delta_Flux,181,-0.062485613342831675,-0.06231845845377645,-0.20512098411284102,0.09162850001619165,0.95,6,60.0,1000,1000,1919,circular moving-block bootstrap,Gamma,CP5,POW.CP5.Gamma
POW_Feature,Delta_LZC,Delta_Flux,181,-0.06392388916622728,-0.0704818610204112,-0.21469227293965598,0.10797877650335828,0.95,6,60.0,1000,1000,1919,circular moving-block bootstrap,Gamma,CP5,POW.CP5.Gamma
POW_Feature,Delta_Shannon_Entropy,Delta_LZC,181,-0.18344639590287973,-0.18943575702548004,-0.34269543264714036,-0.03230967327341753,0.95,6,60.0,1000,1000,1919,circular moving-block bootstrap,Gamma,CP6,POW.CP6.Gamma
POW_Feature,Delta_Shannon_Entropy,Delta_Flux,181,0.1831227308931347,0.1875537018964159,0.05550859829984825,0.3004324272413476,0.95,6,60.0,1000,1000,1919,circular moving-block bootstrap,Gamma,CP6,POW.CP6.Gamma
POW_Feature,Delta_LZC,Delta_Flux,181,0.03441117192967826,0.036211169015607225,-0.09651072614507625,0.17015222560938306,0.95,6,60.0,1000,1000,1919,circular moving-block bootstrap,Gamma,CP6,POW.CP6.Gamma
POW_Feature,Delta_Shannon_Entropy,Delta_LZC,181,-0.1713527172224335,-0.17428261913978738,-0.3101744256952416,-0.030924299805412392,0.95,6,60.0,1000,1000,1919,circular moving-block bootstrap,Gamma,Cz,POW.Cz.Gamma
POW_Feature,Delta_Shannon_Entropy,Delta_Flux,181,0.04695769560529882,0.04710859773029473,-0.09010045024686676,0.18320072137666035,0.95,6,60.0,1000,1000,1919,circular moving-block bootstrap,Gamma,Cz,POW.Cz.Gamma
POW_Feature,Delta_LZC,Delta_Flux,181,0.0661191438387752,0.0697735647631518,-0.09430375194057775,0.23791519608730965,0.95,6,60.0,1000,1000,1919,circular moving-block bootstrap,Gamma,Cz,POW.Cz.Gamma
POW_Feature,Delta_Shannon_Entropy,Delta_LZC,181,-0.10189737859784627,-0.10081140574427289,-0.2216066252376725,0.03470062212866391,0.95,6,60.0,1000,1000,1919,circular moving-block bootstrap,Gamma,F3,POW.F3.Gamma
POW_Feature,Delta_Shannon_Entropy,Delta_Flux,181,-0.0654779267562411,-0.06896135597869715,-0.20857725889499198,0.08391827866848335,0.95,6,60.0,1000,1000,1919,circular moving-block bootstrap,Gamma,F3,POW.F3.Gamma
POW_Feature,Delta_LZC,Delta_Flux,181,0.0792408271302387,0.07623340143044935,-0.05795882992127687,0.21341959147298367,0.95,6,60.0,1000,1000,1919,circular moving-block bootstrap,Gamma,F3,POW.F3.Gamma
POW_Feature,Delta_Shannon_Entropy,Delta_LZC,181,-0.2260572319059069,-0.22623077177297246,-0.3446200357912773,-0.10610712208499345,0.95,6,60.0,1000,1000,1919,circular moving-block bootstrap,Gamma,F4,POW.F4.Gamma
POW_Feature,Delta_Shannon_Entropy,Delta_Flux,181,0.03849061642954184,0.03846720477546695,-0.10308064875981483,0.17093820484109884,0.95,6,60.0,1000,1000,1919,circular moving-block bootstrap,Gamma,F4,POW.F4.Gamma
POW_Feature,Delta_LZC,Delta_Flux,181,0.17178363531330051,0.17632835049732032,0.04790673217263554,0.2983672391425834,0.95,6,60.0,1000,1000,1919,circular moving-block bootstrap,Gamma,F4,POW.F4.Gamma
POW_Feature,Delta_Shannon_Entropy,Delta_LZC,181,-0.15285495785378705,-0.15268036402935187,-0.2662339716897901,-0.024661215870623737,0.95,6,60.0,1000,1000,1919,circular moving-block bootstrap,Gamma,F7,POW.F7.Gamma
POW_Feature,Delta_Shannon_Entropy,Delta_Flux,181,0.014393494654927423,0.020283246522473524,-0.11181050558882047,0.167783327585399,0.95,6,60.0,1000,1000,1919,circular moving-block bootstrap,Gamma,F7,POW.F7.Gamma
POW_Feature,Delta_LZC,Delta_Flux,181,0.05461274639670123,0.06078826846099847,-0.09847579554884157,0.20547017874130838,0.95,6,60.0,1000,1000,1919,circular moving-block bootstrap,Gamma,F7,POW.F7.Gamma
POW_Feature,Delta_Shannon_Entropy,Delta_LZC,181,-0.21482926676266864,-0.21770508918541853,-0.36198734410659894,-0.0858634607478962,0.95,6,60.0,1000,1000,1919,circular moving-block bootstrap,Gamma,F8,POW.F8.Gamma
POW_Feature,Delta_Shannon_Entropy,Delta_Flux,181,-0.05903278279582976,-0.056608129446899365,-0.17729383290400727,0.06987603423917621,0.95,6,60.0,1000,1000,1919,circular moving-block bootstrap,Gamma,F8,POW.F8.Gamma
POW_Feature,Delta_LZC,Delta_Flux,181,0.055596259539089685,0.06451758518335918,-0.08964456837076346,0.20837397530044258,0.95,6,60.0,1000,1000,1919,circular moving-block bootstrap,Gamma,F8,POW.F8.Gamma
POW_Feature,Delta_Shannon_Entropy,Delta_LZC,181,-0.17648902330602523,-0.17777191462243175,-0.30899058123047324,-0.03562577409310736,0.95,6,60.0,1000,1000,1919,circular moving-block bootstrap,Gamma,FC1,POW.FC1.Gamma
POW_Feature,Delta_Shannon_Entropy,Delta_Flux,181,0.041136838248259186,0.044418375154646986,-0.13617249985852567,0.22114312093130484,0.95,6,60.0,1000,1000,1919,circular moving-block bootstrap,Gamma,FC1,POW.FC1.Gamma
POW_Feature,Delta_LZC,Delta_Flux,181,-0.12248396544188711,-0.11898571272453135,-0.2713536230323192,0.028071050377390036,0.95,6,60.0,1000,1000,1919,circular moving-block bootstrap,Gamma,FC1,POW.FC1.Gamma
POW_Feature,Delta_Shannon_Entropy,Delta_LZC,181,-0.17441066222493581,-0.18139527056185084,-0.3184395945487653,-0.03541156372941207,0.95,6,60.0,1000,1000,1919,circular moving-block bootstrap,Gamma,FC2,POW.FC2.Gamma
POW_Feature,Delta_Shannon_Entropy,Delta_Flux,181,0.07222153604499117,0.07762557437269613,-0.07296431880401572,0.22195228643403356,0.95,6,60.0,1000,1000,1919,circular moving-block bootstrap,Gamma,FC2,POW.FC2.Gamma
POW_Feature,Delta_LZC,Delta_Flux,181,-0.1012063303175117,-0.10206342511706396,-0.2658546052801154,0.0662051740234708,0.95,6,60.0,1000,1000,1919,circular moving-block bootstrap,Gamma,FC2,POW.FC2.Gamma
POW_Feature,Delta_Shannon_Entropy,Delta_LZC,181,-0.1768072524530736,-0.18120382209586738,-0.33302135654666376,-0.023261926707118512,0.95,6,60.0,1000,1000,1919,circular moving-block bootstrap,Gamma,FC5,POW.FC5.Gamma
POW_Feature,Delta_Shannon_Entropy,Delta_Flux,181,-0.02753482808399759,-0.02507245821376489,-0.1644700508989233,0.11960109755537096,0.95,6,60.0,1000,1000,1919,circular moving-block bootstrap,Gamma,FC5,POW.FC5.Gamma
POW_Feature,Delta_LZC,Delta_Flux,181,0.0875350407216504,0.08559866339114697,-0.053871543400011206,0.24365730859956053,0.95,6,60.0,1000,1000,1919,circular moving-block bootstrap,Gamma,FC5,POW.FC5.Gamma
POW_Feature,Delta_Shannon_Entropy,Delta_LZC,181,-0.11548978858759039,-0.115098684369712,-0.256516564199602,0.03903415028923928,0.95,6,60.0,1000,1000,1919,circular moving-block bootstrap,Gamma,FC6,POW.FC6.Gamma
POW_Feature,Delta_Shannon_Entropy,Delta_Flux,181,0.036959070155486454,0.0396416012023076,-0.12020862168263921,0.19030392201901197,0.95,6,60.0,1000,1000,1919,circular moving-block bootstrap,Gamma,FC6,POW.FC6.Gamma
POW_Feature,Delta_LZC,Delta_Flux,181,0.06970720158728452,0.07117334458334632,-0.06717662084400876,0.2097798410886184,0.95,6,60.0,1000,1000,1919,circular moving-block bootstrap,Gamma,FC6,POW.FC6.Gamma
POW_Feature,Delta_Shannon_Entropy,Delta_LZC,181,-0.2730851995598607,-0.2762444268831543,-0.39482830863415946,-0.1450066545206877,0.95,6,60.0,1000,1000,1919,circular moving-block bootstrap,Gamma,FT10,POW.FT10.Gamma
POW_Feature,Delta_Shannon_Entropy,Delta_Flux,181,-0.10277803695819408,-0.10292963502215285,-0.26344117268483425,0.05808925584041151,0.95,6,60.0,1000,1000,1919,circular moving-block bootstrap,Gamma,FT10,POW.FT10.Gamma
POW_Feature,Delta_LZC,Delta_Flux,181,-0.018463291094103603,-0.015214160244432954,-0.1311011407281025,0.11714713761742603,0.95,6,60.0,1000,1000,1919,circular moving-block bootstrap,Gamma,FT10,POW.FT10.Gamma
POW_Feature,Delta_Shannon_Entropy,Delta_LZC,181,-0.20345886094933138,-0.20556186904330118,-0.31994960984831616,-0.08195384904208952,0.95,6,60.0,1000,1000,1919,circular moving-block bootstrap,Gamma,FT9,POW.FT9.Gamma
POW_Feature,Delta_Shannon_Entropy,Delta_Flux,181,-0.015233639518612067,-0.01380188193506824,-0.16524164078146925,0.1542657317466078,0.95,6,60.0,1000,1000,1919,circular moving-block bootstrap,Gamma,FT9,POW.FT9.Gamma
POW_Feature,Delta_LZC,Delta_Flux,181,0.16703286265948408,0.16830814689531098,0.01653709591136494,0.3070298411656572,0.95,6,60.0,1000,1000,1919,circular moving-block bootstrap,Gamma,FT9,POW.FT9.Gamma
POW_Feature,Delta_Shannon_Entropy,Delta_LZC,181,-0.2682088890256266,-0.2663778261412532,-0.39177123418673143,-0.12438581771618704,0.95,6,60.0,1000,1000,1919,circular moving-block bootstrap,Gamma,Fp1,POW.Fp1.Gamma
POW_Feature,Delta_Shannon_Entropy,Delta_Flux,181,-0.011581489187890126,-0.0076106076444851165,-0.14626523528651705,0.14259777847226696,0.95,6,60.0,1000,1000,1919,circular moving-block bootstrap,Gamma,Fp1,POW.Fp1.Gamma
POW_Feature,Delta_LZC,Delta_Flux,181,-0.008920498523373255,-0.007984220160721905,-0.14814808755180248,0.12980946228584914,0.95,6,60.0,1000,1000,1919,circular moving-block bootstrap,Gamma,Fp1,POW.Fp1.Gamma
POW_Feature,Delta_Shannon_Entropy,Delta_LZC,181,-0.19325930682397868,-0.19587766612290472,-0.35807656134060184,-0.026885517161446416,0.95,6,60.0,1000,1000,1919,circular moving-block bootstrap,Gamma,Fp2,POW.Fp2.Gamma
POW_Feature,Delta_Shannon_Entropy,Delta_Flux,181,-0.09355503561767693,-0.09381983576432734,-0.2322012791299048,0.05673237372483385,0.95,6,60.0,1000,1000,1919,circular moving-block bootstrap,Gamma,Fp2,POW.Fp2.Gamma
POW_Feature,Delta_LZC,Delta_Flux,181,0.05341140504404609,0.05360747432947274,-0.08550604295216083,0.198004699149241,0.95,6,60.0,1000,1000,1919,circular moving-block bootstrap,Gamma,Fp2,POW.Fp2.Gamma
POW_Feature,Delta_Shannon_Entropy,Delta_LZC,181,0.009386866341396526,0.010462940190325409,-0.12095889300054659,0.13167397537958514,0.95,6,60.0,1000,1000,1919,circular moving-block bootstrap,Gamma,Fz,POW.Fz.Gamma
POW_Feature,Delta_Shannon_Entropy,Delta_Flux,181,-0.004032215532404443,-0.0005670388444396568,-0.16546080679506983,0.15593714648496115,0.95,6,60.0,1000,1000,1919,circular moving-block bootstrap,Gamma,Fz,POW.Fz.Gamma
POW_Feature,Delta_LZC,Delta_Flux,181,0.01063397012347225,0.009202072869241379,-0.1504186873081636,0.15428558237298026,0.95,6,60.0,1000,1000,1919,circular moving-block bootstrap,Gamma,Fz,POW.Fz.Gamma
POW_Feature,Delta_Shannon_Entropy,Delta_LZC,181,-0.2000733834802697,-0.2065123885558026,-0.35053370648451704,-0.05833867979763552,0.95,6,60.0,1000,1000,1919,circular moving-block bootstrap,Gamma,O1,POW.O1.Gamma
POW_Feature,Delta_Shannon_Entropy,Delta_Flux,181,0.19134997356596778,0.19200539572627218,0.05795256263258107,0.32850339329897377,0.95,6,60.0,1000,1000,1919,circular moving-block bootstrap,Gamma,O1,POW.O1.Gamma
POW_Feature,Delta_LZC,Delta_Flux,181,0.10131331581032627,0.09494012235221355,-0.041600935446878276,0.23291989484864334,0.95,6,60.0,1000,1000,1919,circular moving-block bootstrap,Gamma,O1,POW.O1.Gamma
POW_Feature,Delta_Shannon_Entropy,Delta_LZC,181,-0.17054056918182509,-0.17226571789079786,-0.32182573962327227,-0.034236723911500705,0.95,6,60.0,1000,1000,1919,circular moving-block bootstrap,Gamma,O2,POW.O2.Gamma
POW_Feature,Delta_Shannon_Entropy,Delta_Flux,181,0.2647311663768782,0.26665730077827815,0.1456400347289999,0.37035658073997807,0.95,6,60.0,1000,1000,1919,circular moving-block bootstrap,Gamma,O2,POW.O2.Gamma
POW_Feature,Delta_LZC,Delta_Flux,181,0.08203456953174068,0.08210994626562645,-0.05054219375121604,0.21458152490894933,0.95,6,60.0,1000,1000,1919,circular moving-block bootstrap,Gamma,O2,POW.O2.Gamma
POW_Feature,Delta_Shannon_Entropy,Delta_LZC,181,-0.11700706828020935,-0.11711148535055296,-0.3035951652628876,0.0823228182733837,0.95,6,60.0,1000,1000,1919,circular moving-block bootstrap,Gamma,Oz,POW.Oz.Gamma
POW_Feature,Delta_Shannon_Entropy,Delta_Flux,181,0.22324192710560448,0.2232448470504838,0.11807164633873267,0.31945125315729545,0.95,6,60.0,1000,1000,1919,circular moving-block bootstrap,Gamma,Oz,POW.Oz.Gamma
POW_Feature,Delta_LZC,Delta_Flux,181,0.07015208369451867,0.06902948046404854,-0.07798724611700518,0.20452153145336116,0.95,6,60.0,1000,1000,1919,circular moving-block bootstrap,Gamma,Oz,POW.Oz.Gamma
POW_Feature,Delta_Shannon_Entropy,Delta_LZC,181,-0.1621495412085371,-0.1601126493582241,-0.2830394667252977,-0.03294981570619621,0.95,6,60.0,1000,1000,1919,circular moving-block bootstrap,Gamma,P3,POW.P3.Gamma
POW_Feature,Delta_Shannon_Entropy,Delta_Flux,181,0.11463667745193715,0.11386692079162752,-0.0546599903222079,0.2768370954530617,0.95,6,60.0,1000,1000,1919,circular moving-block bootstrap,Gamma,P3,POW.P3.Gamma
POW_Feature,Delta_LZC,Delta_Flux,181,0.1013372325748865,0.10210552912138286,-0.07857874168927194,0.2711491743028973,0.95,6,60.0,1000,1000,1919,circular moving-block bootstrap,Gamma,P3,POW.P3.Gamma
POW_Feature,Delta_Shannon_Entropy,Delta_LZC,181,-0.1589575246622076,-0.1569772871758602,-0.2745272343262274,-0.03794044650116001,0.95,6,60.0,1000,1000,1919,circular moving-block bootstrap,Gamma,P4,POW.P4.Gamma
POW_Feature,Delta_Shannon_Entropy,Delta_Flux,181,0.16075038947137882,0.1632680260502393,0.021445409311642266,0.29842142203390926,0.95,6,60.0,1000,1000,1919,circular moving-block bootstrap,Gamma,P4,POW.P4.Gamma
POW_Feature,Delta_LZC,Delta_Flux,181,-0.04013585574297558,-0.03943528855860283,-0.18916813811740266,0.1152905925949921,0.95,6,60.0,1000,1000,1919,circular moving-block bootstrap,Gamma,P4,POW.P4.Gamma
POW_Feature,Delta_Shannon_Entropy,Delta_LZC,181,-0.22600310342879337,-0.21640520597002122,-0.44544010537270523,0.03387414610510668,0.95,6,60.0,1000,1000,1919,circular moving-block bootstrap,Gamma,P7,POW.P7.Gamma
POW_Feature,Delta_Shannon_Entropy,Delta_Flux,181,-0.15816894791326158,-0.15645683962914092,-0.2877720198154176,-0.007545547851335325,0.95,6,60.0,1000,1000,1919,circular moving-block bootstrap,Gamma,P7,POW.P7.Gamma
POW_Feature,Delta_LZC,Delta_Flux,181,0.06566471925079372,0.06547956994228675,-0.10068702776765477,0.25400738298575254,0.95,6,60.0,1000,1000,1919,circular moving-block bootstrap,Gamma,P7,POW.P7.Gamma
POW_Feature,Delta_Shannon_Entropy,Delta_LZC,181,-0.24894918671791888,-0.2453201605885769,-0.399203555254225,-0.07895574025767375,0.95,6,60.0,1000,1000,1919,circular moving-block bootstrap,Gamma,P8,POW.P8.Gamma
POW_Feature,Delta_Shannon_Entropy,Delta_Flux,181,0.24113594474684064,0.2431965515948577,0.0823718806707807,0.3986363503758186,0.95,6,60.0,1000,1000,1919,circular moving-block bootstrap,Gamma,P8,POW.P8.Gamma
POW_Feature,Delta_LZC,Delta_Flux,181,0.1117359767966154,0.10437638256285023,-0.032937952141426884,0.25869499304857235,0.95,6,60.0,1000,1000,1919,circular moving-block bootstrap,Gamma,P8,POW.P8.Gamma
POW_Feature,Delta_Shannon_Entropy,Delta_LZC,181,-0.2839024811156647,-0.28859314478687426,-0.3978483843390118,-0.15481671613749803,0.95,6,60.0,1000,1000,1919,circular moving-block bootstrap,Gamma,PO10,POW.PO10.Gamma
POW_Feature,Delta_Shannon_Entropy,Delta_Flux,181,0.32744780354245095,0.32580076317219486,0.22471000523822282,0.4231905162624927,0.95,6,60.0,1000,1000,1919,circular moving-block bootstrap,Gamma,PO10,POW.PO10.Gamma
POW_Feature,Delta_LZC,Delta_Flux,181,-0.0668221120321706,-0.07104261535166115,-0.2413977713063833,0.0981782001407455,0.95,6,60.0,1000,1000,1919,circular moving-block bootstrap,Gamma,PO10,POW.PO10.Gamma
POW_Feature,Delta_Shannon_Entropy,Delta_LZC,181,-0.2574978505787715,-0.25772691510306545,-0.36495978585787797,-0.1305911611625649,0.95,6,60.0,1000,1000,1919,circular moving-block bootstrap,Gamma,PO9,POW.PO9.Gamma
POW_Feature,Delta_Shannon_Entropy,Delta_Flux,181,0.003648559820219602,0.003140729063699379,-0.1966051507675498,0.19844741367218383,0.95,6,60.0,1000,1000,1919,circular moving-block bootstrap,Gamma,PO9,POW.PO9.Gamma
POW_Feature,Delta_LZC,Delta_Flux,181,0.061630093604272275,0.05842922438407247,-0.09948491629825287,0.20731596984348052,0.95,6,60.0,1000,1000,1919,circular moving-block bootstrap,Gamma,PO9,POW.PO9.Gamma
POW_Feature,Delta_Shannon_Entropy,Delta_LZC,181,-0.18055192398429676,-0.18519768887558735,-0.3268405545167993,-0.031962865239606446,0.95,6,60.0,1000,1000,1919,circular moving-block bootstrap,Gamma,Pz,POW.Pz.Gamma
POW_Feature,Delta_Shannon_Entropy,Delta_Flux,181,0.11343334318331519,0.11140800476543984,-0.047992802750020956,0.2686910665969587,0.95,6,60.0,1000,1000,1919,circular moving-block bootstrap,Gamma,Pz,POW.Pz.Gamma
POW_Feature,Delta_LZC,Delta_Flux,181,-0.0038984862552571002,-0.001460657854380174,-0.14471871704431324,0.1428938288052433,0.95,6,60.0,1000,1000,1919,circular moving-block bootstrap,Gamma,Pz,POW.Pz.Gamma
POW_Feature,Delta_Shannon_Entropy,Delta_LZC,181,-0.2464237679904165,-0.2417076352020564,-0.38623389842002487,-0.10989704222743575,0.95,6,60.0,1000,1000,1919,circular moving-block bootstrap,Gamma,T7,POW.T7.Gamma
POW_Feature,Delta_Shannon_Entropy,Delta_Flux,181,0.06375086344572573,0.06741428664963844,-0.07694829253102081,0.23332943289244085,0.95,6,60.0,1000,1000,1919,circular moving-block bootstrap,Gamma,T7,POW.T7.Gamma
POW_Feature,Delta_LZC,Delta_Flux,181,0.1377708714806819,0.13556137738450474,-0.006248369795169627,0.2781328024776303,0.95,6,60.0,1000,1000,1919,circular moving-block bootstrap,Gamma,T7,POW.T7.Gamma
POW_Feature,Delta_Shannon_Entropy,Delta_LZC,181,-0.02542426050406124,-0.026841946741946995,-0.1542856712777997,0.10138337260176225,0.95,6,60.0,1000,1000,1919,circular moving-block bootstrap,Gamma,T8,POW.T8.Gamma
POW_Feature,Delta_Shannon_Entropy,Delta_Flux,181,0.045535673869937995,0.04622333529260398,-0.11639325061319854,0.21992836595923176,0.95,6,60.0,1000,1000,1919,circular moving-block bootstrap,Gamma,T8,POW.T8.Gamma
POW_Feature,Delta_LZC,Delta_Flux,181,0.012857938721755762,0.012068145864034069,-0.1116191651316738,0.12898794898450924,0.95,6,60.0,1000,1000,1919,circular moving-block bootstrap,Gamma,T8,POW.T8.Gamma
POW_Feature,Delta_Shannon_Entropy,Delta_LZC,181,-0.11546225287113658,-0.11470553174058926,-0.23163550415052733,0.0047927911188722664,0.95,6,60.0,1000,1000,1919,circular moving-block bootstrap,Theta,C3,POW.C3.Theta
POW_Feature,Delta_Shannon_Entropy,Delta_Flux,181,0.11557920554128417,0.11751228756220838,-0.05021741261071996,0.2940561679236822,0.95,6,60.0,1000,1000,1919,circular moving-block bootstrap,Theta,C3,POW.C3.Theta
POW_Feature,Delta_LZC,Delta_Flux,181,0.09327429117274429,0.09366472578347175,-0.017685171105794473,0.2082058277327384,0.95,6,60.0,1000,1000,1919,circular moving-block bootstrap,Theta,C3,POW.C3.Theta
POW_Feature,Delta_Shannon_Entropy,Delta_LZC,181,-0.16402129429177542,-0.16679508137087404,-0.29461073613970334,-0.04025525368062932,0.95,6,60.0,1000,1000,1919,circular moving-block bootstrap,Theta,C4,POW.C4.Theta
POW_Feature,Delta_Shannon_Entropy,Delta_Flux,181,0.25400947673826557,0.26027796576131623,0.09501030621411582,0.3891246608596134,0.95,6,60.0,1000,1000,1919,circular moving-block bootstrap,Theta,C4,POW.C4.Theta
POW_Feature,Delta_LZC,Delta_Flux,181,0.03381081971188418,0.03750778563343214,-0.10964231908704561,0.18198119282962322,0.95,6,60.0,1000,1000,1919,circular moving-block bootstrap,Theta,C4,POW.C4.Theta
POW_Feature,Delta_Shannon_Entropy,Delta_LZC,181,-0.22300918530810918,-0.22634963609608622,-0.32390385040756636,-0.11718309557303516,0.95,6,60.0,1000,1000,1919,circular moving-block bootstrap,Theta,CP1,POW.CP1.Theta
POW_Feature,Delta_Shannon_Entropy,Delta_Flux,181,0.1469373823886875,0.14658542479551173,-0.005093561211691386,0.30782943416455427,0.95,6,60.0,1000,1000,1919,circular moving-block bootstrap,Theta,CP1,POW.CP1.Theta
POW_Feature,Delta_LZC,Delta_Flux,181,-0.045011838491173455,-0.04421947932716572,-0.1615126313544201,0.0789363350649645,0.95,6,60.0,1000,1000,1919,circular moving-block bootstrap,Theta,CP1,POW.CP1.Theta
POW_Feature,Delta_Shannon_Entropy,Delta_LZC,181,-0.21679366625309823,-0.22111893192039084,-0.36352489121963005,-0.06514182803581707,0.95,6,60.0,1000,1000,1919,circular moving-block bootstrap,Theta,CP2,POW.CP2.Theta
POW_Feature,Delta_Shannon_Entropy,Delta_Flux,181,0.17222193187885704,0.1764680209587714,0.02985604757802267,0.310187167555308,0.95,6,60.0,1000,1000,1919,circular moving-block bootstrap,Theta,CP2,POW.CP2.Theta
POW_Feature,Delta_LZC,Delta_Flux,181,0.006108770047685397,0.006919394790946991,-0.13636596020090594,0.1447230855131041,0.95,6,60.0,1000,1000,1919,circular moving-block bootstrap,Theta,CP2,POW.CP2.Theta
POW_Feature,Delta_Shannon_Entropy,Delta_LZC,181,-0.09092850413615046,-0.08901191727713614,-0.208143441371629,0.04670878955304456,0.95,6,60.0,1000,1000,1919,circular moving-block bootstrap,Theta,CP5,POW.CP5.Theta
POW_Feature,Delta_Shannon_Entropy,Delta_Flux,181,0.12294014321317985,0.13229130301650513,-0.0612862902234121,0.31457688216448226,0.95,6,60.0,1000,1000,1919,circular moving-block bootstrap,Theta,CP5,POW.CP5.Theta
POW_Feature,Delta_LZC,Delta_Flux,181,0.0015842408055638671,0.0010329295941024445,-0.14684798481343705,0.15303363445124024,0.95,6,60.0,1000,1000,1919,circular moving-block bootstrap,Theta,CP5,POW.CP5.Theta
POW_Feature,Delta_Shannon_Entropy,Delta_LZC,181,-0.12551963382186024,-0.12834032082911567,-0.26425594166677335,0.0031497201225253904,0.95,6,60.0,1000,1000,1919,circular moving-block bootstrap,Theta,CP6,POW.CP6.Theta
POW_Feature,Delta_Shannon_Entropy,Delta_Flux,181,0.22236075931966812,0.2272101287468534,0.07939360583770488,0.3645507552912242,0.95,6,60.0,1000,1000,1919,circular moving-block bootstrap,Theta,CP6,POW.CP6.Theta
POW_Feature,Delta_LZC,Delta_Flux,181,0.05639660100909993,0.05626077091723211,-0.08816772347314351,0.1987333558909306,0.95,6,60.0,1000,1000,1919,circular moving-block bootstrap,Theta,CP6,POW.CP6.Theta
POW_Feature,Delta_Shannon_Entropy,Delta_LZC,181,-0.17092330959189359,-0.1715022721507951,-0.3102992506612799,-0.030351155207872432,0.95,6,60.0,1000,1000,1919,circular moving-block bootstrap,Theta,Cz,POW.Cz.Theta
POW_Feature,Delta_Shannon_Entropy,Delta_Flux,181,0.2615796906966644,0.26268001602037383,0.10735858123658676,0.4107330927985558,0.95,6,60.0,1000,1000,1919,circular moving-block bootstrap,Theta,Cz,POW.Cz.Theta
POW_Feature,Delta_LZC,Delta_Flux,181,0.14398583915147528,0.1481214087135469,-0.028139753655149254,0.2995204360406697,0.95,6,60.0,1000,1000,1919,circular moving-block bootstrap,Theta,Cz,POW.Cz.Theta
POW_Feature,Delta_Shannon_Entropy,Delta_LZC,181,-0.17978136211617618,-0.18128794556725866,-0.3280168837011006,-0.032393349029235956,0.95,6,60.0,1000,1000,1919,circular moving-block bootstrap,Theta,F3,POW.F3.Theta
POW_Feature,Delta_Shannon_Entropy,Delta_Flux,181,0.14097122066261603,0.14801698804435665,-0.02785599928254466,0.34309868935942606,0.95,6,60.0,1000,1000,1919,circular moving-block bootstrap,Theta,F3,POW.F3.Theta
POW_Feature,Delta_LZC,Delta_Flux,181,-0.021668550884175283,-0.025432139870092418,-0.13590861818636846,0.09881727011387303,0.95,6,60.0,1000,1000,1919,circular moving-block bootstrap,Theta,F3,POW.F3.Theta
POW_Feature,Delta_Shannon_Entropy,Delta_LZC,181,-0.09865454057458316,-0.10438533883757707,-0.2713191920240128,0.07882213163456435,0.95,6,60.0,1000,1000,1919,circular moving-block bootstrap,Theta,F4,POW.F4.Theta
POW_Feature,Delta_Shannon_Entropy,Delta_Flux,181,0.10560779551981482,0.11028777752175373,-0.06172525865966676,0.2702891179023876,0.95,6,60.0,1000,1000,1919,circular moving-block bootstrap,Theta,F4,POW.F4.Theta
POW_Feature,Delta_LZC,Delta_Flux,181,0.03556592055785642,0.034186281649244366,-0.13076138598884815,0.2045750782995881,0.95,6,60.0,1000,1000,1919,circular moving-block bootstrap,Theta,F4,POW.F4.Theta
POW_Feature,Delta_Shannon_Entropy,Delta_LZC,181,-0.21286035980558787,-0.21206382039268337,-0.35623895446052967,-0.06766861917341403,0.95,6,60.0,1000,1000,1919,circular moving-block bootstrap,Theta,F7,POW.F7.Theta
POW_Feature,Delta_Shannon_Entropy,Delta_Flux,181,0.12215937646623941,0.12407399821593526,-0.0381927806696142,0.28062639793555155,0.95,6,60.0,1000,1000,1919,circular moving-block bootstrap,Theta,F7,POW.F7.Theta
POW_Feature,Delta_LZC,Delta_Flux,181,0.0568004903333765,0.050748056641533146,-0.10481202703982108,0.2079036007556377,0.95,6,60.0,1000,1000,1919,circular moving-block bootstrap,Theta,F7,POW.F7.Theta
POW_Feature,Delta_Shannon_Entropy,Delta_LZC,181,-0.15380378523095697,-0.16006393285364912,-0.3003864297017489,-0.001977058539641538,0.95,6,60.0,1000,1000,1919,circular moving-block bootstrap,Theta,F8,POW.F8.Theta
POW_Feature,Delta_Shannon_Entropy,Delta_Flux,181,-0.03216419260099894,-0.03365377943547066,-0.16674671492079043,0.10789144852170278,0.95,6,60.0,1000,1000,1919,circular moving-block bootstrap,Theta,F8,POW.F8.Theta
POW_Feature,Delta_LZC,Delta_Flux,181,0.1694027328329975,0.17129812899240063,0.027543056089789252,0.31081588381051184,0.95,6,60.0,1000,1000,1919,circular moving-block bootstrap,Theta,F8,POW.F8.Theta
POW_Feature,Delta_Shannon_Entropy,Delta_LZC,181,-0.11954141482828262,-0.11912288289647682,-0.2957137211917725,0.036971852391357925,0.95,6,60.0,1000,1000,1919,circular moving-block bootstrap,Theta,FC1,POW.FC1.Theta
POW_Feature,Delta_Shannon_Entropy,Delta_Flux,181,0.17255528750480978,0.1715837314087959,-0.004100520729761877,0.36545259564333826,0.95,6,60.0,1000,1000,1919,circular moving-block bootstrap,Theta,FC1,POW.FC1.Theta
POW_Feature,Delta_LZC,Delta_Flux,181,-0.003066298767869237,-0.007613782236261673,-0.1772897755805058,0.17182473107383608,0.95,6,60.0,1000,1000,1919,circular moving-block bootstrap,Theta,FC1,POW.FC1.Theta
POW_Feature,Delta_Shannon_Entropy,Delta_LZC,181,-0.18199828582223895,-0.18665101489510488,-0.33304679213619526,-0.03510713578160578,0.95,6,60.0,1000,1000,1919,circular moving-block bootstrap,Theta,FC2,POW.FC2.Theta
POW_Feature,Delta_Shannon_Entropy,Delta_Flux,181,0.19584685807707486,0.19741072337269774,0.07002309413810297,0.3247372984822947,0.95,6,60.0,1000,1000,1919,circular moving-block bootstrap,Theta,FC2,POW.FC2.Theta
POW_Feature,Delta_LZC,Delta_Flux,181,-0.008976123228139534,-0.012722694662178758,-0.15504397118238886,0.13950547221321974,0.95,6,60.0,1000,1000,1919,circular moving-block bootstrap,Theta,FC2,POW.FC2.Theta
POW_Feature,Delta_Shannon_Entropy,Delta_LZC,181,-0.08404956044383655,-0.07731506876356034,-0.21667760184639304,0.04911667164029844,0.95,6,60.0,1000,1000,1919,circular moving-block bootstrap,Theta,FC5,POW.FC5.Theta
POW_Feature,Delta_Shannon_Entropy,Delta_Flux,181,0.15345076190709994,0.15667685719018354,-0.006896225391989591,0.31623891042543834,0.95,6,60.0,1000,1000,1919,circular moving-block bootstrap,Theta,FC5,POW.FC5.Theta
POW_Feature,Delta_LZC,Delta_Flux,181,0.01713100602980298,0.019855900259421213,-0.10804608927955062,0.14663873453918744,0.95,6,60.0,1000,1000,1919,circular moving-block bootstrap,Theta,FC5,POW.FC5.Theta
POW_Feature,Delta_Shannon_Entropy,Delta_LZC,181,-0.24526042622274297,-0.253822093715419,-0.3867489847220369,-0.11233304147754096,0.95,6,60.0,1000,1000,1919,circular moving-block bootstrap,Theta,FC6,POW.FC6.Theta
POW_Feature,Delta_Shannon_Entropy,Delta_Flux,181,0.10501119753836101,0.10919066932692889,-0.05097632187861157,0.26908640316340193,0.95,6,60.0,1000,1000,1919,circular moving-block bootstrap,Theta,FC6,POW.FC6.Theta
POW_Feature,Delta_LZC,Delta_Flux,181,0.010936665769547493,0.00954167472514302,-0.13406073165305638,0.15680170216755257,0.95,6,60.0,1000,1000,1919,circular moving-block bootstrap,Theta,FC6,POW.FC6.Theta
POW_Feature,Delta_Shannon_Entropy,Delta_LZC,181,-0.1522664300551604,-0.1518156780844428,-0.2745425284530763,-0.024382209611443533,0.95,6,60.0,1000,1000,1919,circular moving-block bootstrap,Theta,FT10,POW.FT10.Theta
POW_Feature,Delta_Shannon_Entropy,Delta_Flux,181,-0.11851192586732551,-0.11793238779472737,-0.25643533633977444,0.0382213376538573,0.95,6,60.0,1000,1000,1919,circular moving-block bootstrap,Theta,FT10,POW.FT10.Theta
POW_Feature,Delta_LZC,Delta_Flux,181,0.05848407063084521,0.05922047826587158,-0.08953694212972477,0.19649862192036044,0.95,6,60.0,1000,1000,1919,circular moving-block bootstrap,Theta,FT10,POW.FT10.Theta
POW_Feature,Delta_Shannon_Entropy,Delta_LZC,181,-0.2230349867879827,-0.22701330780209858,-0.37493671459690864,-0.07955665005928358,0.95,6,60.0,1000,1000,1919,circular moving-block bootstrap,Theta,FT9,POW.FT9.Theta
POW_Feature,Delta_Shannon_Entropy,Delta_Flux,181,-0.18641862515360763,-0.18525017769948,-0.33360178133339763,-0.023341681461799685,0.95,6,60.0,1000,1000,1919,circular moving-block bootstrap,Theta,FT9,POW.FT9.Theta
POW_Feature,Delta_LZC,Delta_Flux,181,0.05967275541789842,0.05965754594764217,-0.06863603481476903,0.19666864298867542,0.95,6,60.0,1000,1000,1919,circular moving-block bootstrap,Theta,FT9,POW.FT9.Theta
POW_Feature,Delta_Shannon_Entropy,Delta_LZC,181,-0.10634692638075592,-0.10903189075216205,-0.2711333880650377,0.06868321355313299,0.95,6,60.0,1000,1000,1919,circular moving-block bootstrap,Theta,Fp1,POW.Fp1.Theta
POW_Feature,Delta_Shannon_Entropy,Delta_Flux,181,0.10099214328181302,0.10199134025707596,-0.05585836081287205,0.28138959675767394,0.95,6,60.0,1000,1000,1919,circular moving-block bootstrap,Theta,Fp1,POW.Fp1.Theta
POW_Feature,Delta_LZC,Delta_Flux,181,-0.03805026519361325,-0.04270204944089641,-0.1791693807748778,0.10434536543921803,0.95,6,60.0,1000,1000,1919,circular moving-block bootstrap,Theta,Fp1,POW.Fp1.Theta
POW_Feature,Delta_Shannon_Entropy,Delta_LZC,181,-0.12186347337752418,-0.11930684562205379,-0.27089935827382466,0.015201445354900717,0.95,6,60.0,1000,1000,1919,circular moving-block bootstrap,Theta,Fp2,POW.Fp2.Theta
POW_Feature,Delta_Shannon_Entropy,Delta_Flux,181,0.04730707144848819,0.0533900194515364,-0.1149538300721661,0.21307263894817322,0.95,6,60.0,1000,1000,1919,circular moving-block bootstrap,Theta,Fp2,POW.Fp2.Theta
POW_Feature,Delta_LZC,Delta_Flux,181,-0.01783959901101729,-0.018669700577262836,-0.13168613993473224,0.10568812645295206,0.95,6,60.0,1000,1000,1919,circular moving-block bootstrap,Theta,Fp2,POW.Fp2.Theta
POW_Feature,Delta_Shannon_Entropy,Delta_LZC,181,-0.1780853566906113,-0.1820485823442045,-0.289570784627463,-0.061781945750139795,0.95,6,60.0,1000,1000,1919,circular moving-block bootstrap,Theta,Fz,POW.Fz.Theta
POW_Feature,Delta_Shannon_Entropy,Delta_Flux,181,0.1715948759031357,0.180919710359145,0.010211176005219928,0.34306026824547703,0.95,6,60.0,1000,1000,1919,circular moving-block bootstrap,Theta,Fz,POW.Fz.Theta
POW_Feature,Delta_LZC,Delta_Flux,181,0.05966787261039788,0.06297504710203358,-0.08008977437333066,0.2088934205937054,0.95,6,60.0,1000,1000,1919,circular moving-block bootstrap,Theta,Fz,POW.Fz.Theta
POW_Feature,Delta_Shannon_Entropy,Delta_LZC,181,-0.1297818686109084,-0.13226210147902848,-0.2610357268211348,0.011102328338431442,0.95,6,60.0,1000,1000,1919,circular moving-block bootstrap,Theta,O1,POW.O1.Theta
POW_Feature,Delta_Shannon_Entropy,Delta_Flux,181,0.2228702129680672,0.21874649110216626,0.06775817004129352,0.3671997350539968,0.95,6,60.0,1000,1000,1919,circular moving-block bootstrap,Theta,O1,POW.O1.Theta
POW_Feature,Delta_LZC,Delta_Flux,181,-0.019050262338261698,-0.020219826993561105,-0.19007142444893602,0.14629063461382574,0.95,6,60.0,1000,1000,1919,circular moving-block bootstrap,Theta,O1,POW.O1.Theta
POW_Feature,Delta_Shannon_Entropy,Delta_LZC,181,-0.26481292255989924,-0.26778413119487476,-0.38211452074922464,-0.13195647693148896,0.95,6,60.0,1000,1000,1919,circular moving-block bootstrap,Theta,O2,POW.O2.Theta
POW_Feature,Delta_Shannon_Entropy,Delta_Flux,181,0.26229773806346396,0.26608011767659845,0.13076940652273378,0.38430648084695473,0.95,6,60.0,1000,1000,1919,circular moving-block bootstrap,Theta,O2,POW.O2.Theta
POW_Feature,Delta_LZC,Delta_Flux,181,0.09776531072807315,0.09661124252916031,-0.026018005864462273,0.2193855496316994,0.95,6,60.0,1000,1000,1919,circular moving-block bootstrap,Theta,O2,POW.O2.Theta
POW_Feature,Delta_Shannon_Entropy,Delta_LZC,181,-0.095203194703532,-0.09375377180926206,-0.24563079277675154,0.037334891791822304,0.95,6,60.0,1000,1000,1919,circular moving-block bootstrap,Theta,Oz,POW.Oz.Theta
POW_Feature,Delta_Shannon_Entropy,Delta_Flux,181,0.2454869240284626,0.2474088290188216,0.11414300994482511,0.38065286863254705,0.95,6,60.0,1000,1000,1919,circular moving-block bootstrap,Theta,Oz,POW.Oz.Theta
POW_Feature,Delta_LZC,Delta_Flux,181,0.05557807852644335,0.05750468407048927,-0.05342228968666052,0.16800018967120156,0.95,6,60.0,1000,1000,1919,circular moving-block bootstrap,Theta,Oz,POW.Oz.Theta
POW_Feature,Delta_Shannon_Entropy,Delta_LZC,181,-0.09284015687924771,-0.08738844842680893,-0.22722523600441266,0.03958211756617367,0.95,6,60.0,1000,1000,1919,circular moving-block bootstrap,Theta,P3,POW.P3.Theta
POW_Feature,Delta_Shannon_Entropy,Delta_Flux,181,0.21402928819241002,0.21719866120709347,0.04690696699386117,0.3778816799216631,0.95,6,60.0,1000,1000,1919,circular moving-block bootstrap,Theta,P3,POW.P3.Theta
POW_Feature,Delta_LZC,Delta_Flux,181,0.04497671790937424,0.04384735667196654,-0.09592515389026322,0.1898894237421267,0.95,6,60.0,1000,1000,1919,circular moving-block bootstrap,Theta,P3,POW.P3.Theta
POW_Feature,Delta_Shannon_Entropy,Delta_LZC,181,-0.16646022147890602,-0.1637753590003645,-0.2935739708405039,-0.010252621421724152,0.95,6,60.0,1000,1000,1919,circular moving-block bootstrap,Theta,P4,POW.P4.Theta
POW_Feature,Delta_Shannon_Entropy,Delta_Flux,181,0.2614878148284042,0.26479644608915665,0.12865785544460587,0.4013414303469945,0.95,6,60.0,1000,1000,1919,circular moving-block bootstrap,Theta,P4,POW.P4.Theta
POW_Feature,Delta_LZC,Delta_Flux,181,0.024361952527092914,0.029509889465236888,-0.10074764691507293,0.14987536714352098,0.95,6,60.0,1000,1000,1919,circular moving-block bootstrap,Theta,P4,POW.P4.Theta
POW_Feature,Delta_Shannon_Entropy,Delta_LZC,181,-0.017166732328676867,-0.016924425865942845,-0.12676227227282363,0.08925092967733202,0.95,6,60.0,1000,1000,1919,circular moving-block bootstrap,Theta,P7,POW.P7.Theta
POW_Feature,Delta_Shannon_Entropy,Delta_Flux,181,0.3016434276207306,0.30714839788374937,0.1464919267415317,0.4487812917633186,0.95,6,60.0,1000,1000,1919,circular moving-block bootstrap,Theta,P7,POW.P7.Theta
POW_Feature,Delta_LZC,Delta_Flux,181,0.031952673512839654,0.0338126344176741,-0.11717550030194526,0.17483494050183154,0.95,6,60.0,1000,1000,1919,circular moving-block bootstrap,Theta,P7,POW.P7.Theta
POW_Feature,Delta_Shannon_Entropy,Delta_LZC,181,-0.1659434078539529,-0.167394456334801,-0.2792299954843619,-0.04289938543141409,0.95,6,60.0,1000,1000,1919,circular moving-block bootstrap,Theta,P8,POW.P8.Theta
POW_Feature,Delta_Shannon_Entropy,Delta_Flux,181,0.41155736819262645,0.41067577456943116,0.2960797104216023,0.5251848529104429,0.95,6,60.0,1000,1000,1919,circular moving-block bootstrap,Theta,P8,POW.P8.Theta
POW_Feature,Delta_LZC,Delta_Flux,181,0.09168352401557757,0.08927107564678625,-0.059056519598354056,0.23308196574091508,0.95,6,60.0,1000,1000,1919,circular moving-block bootstrap,Theta,P8,POW.P8.Theta
POW_Feature,Delta_Shannon_Entropy,Delta_LZC,181,-0.13960501549779988,-0.1400412742269299,-0.2766361090994915,0.01145533222980085,0.95,6,60.0,1000,1000,1919,circular moving-block bootstrap,Theta,PO10,POW.PO10.Theta
POW_Feature,Delta_Shannon_Entropy,Delta_Flux,181,0.25263288256296584,0.2558559226480199,0.10599487095949633,0.37912111303510554,0.95,6,60.0,1000,1000,1919,circular moving-block bootstrap,Theta,PO10,POW.PO10.Theta
POW_Feature,Delta_LZC,Delta_Flux,181,0.0773800905082462,0.07339542651557704,-0.0663614605411871,0.21368026919003988,0.95,6,60.0,1000,1000,1919,circular moving-block bootstrap,Theta,PO10,POW.PO10.Theta
POW_Feature,Delta_Shannon_Entropy,Delta_LZC,181,-0.21705999577771629,-0.21639234008505961,-0.3444425875606567,-0.08016809613879725,0.95,6,60.0,1000,1000,1919,circular moving-block bootstrap,Theta,PO9,POW.PO9.Theta
POW_Feature,Delta_Shannon_Entropy,Delta_Flux,181,0.06535803878140149,0.06530922217155471,-0.0799864999508131,0.1936904788017337,0.95,6,60.0,1000,1000,1919,circular moving-block bootstrap,Theta,PO9,POW.PO9.Theta
POW_Feature,Delta_LZC,Delta_Flux,181,-0.010471727731373491,-0.01382538271985858,-0.17600549242602367,0.15874694960447122,0.95,6,60.0,1000,1000,1919,circular moving-block bootstrap,Theta,PO9,POW.PO9.Theta
POW_Feature,Delta_Shannon_Entropy,Delta_LZC,181,-0.1989920909340346,-0.1998790872258126,-0.32934099586036863,-0.0682417031247761,0.95,6,60.0,1000,1000,1919,circular moving-block bootstrap,Theta,Pz,POW.Pz.Theta
POW_Feature,Delta_Shannon_Entropy,Delta_Flux,181,0.15790092425000518,0.15838483285711505,0.0035134189761395367,0.3044384543970619,0.95,6,60.0,1000,1000,1919,circular moving-block bootstrap,Theta,Pz,POW.Pz.Theta
POW_Feature,Delta_LZC,Delta_Flux,181,0.017154302414938597,0.017825174458026838,-0.0998375167869555,0.1310196691037298,0.95,6,60.0,1000,1000,1919,circular moving-block bootstrap,Theta,Pz,POW.Pz.Theta
POW_Feature,Delta_Shannon_Entropy,Delta_LZC,181,-0.04599789979392325,-0.045971665086467633,-0.2026641866174985,0.13702801036057172,0.95,6,60.0,1000,1000,1919,circular moving-block bootstrap,Theta,T7,POW.T7.Theta
POW_Feature,Delta_Shannon_Entropy,Delta_Flux,181,-0.037777680781220006,-0.027590681843005997,-0.18332301437597892,0.1276066767557588,0.95,6,60.0,1000,1000,1919,circular moving-block bootstrap,Theta,T7,POW.T7.Theta
POW_Feature,Delta_LZC,Delta_Flux,181,0.05677833459366966,0.06026801731666504,-0.07967561786663606,0.1931742311157671,0.95,6,60.0,1000,1000,1919,circular moving-block bootstrap,Theta,T7,POW.T7.Theta
POW_Feature,Delta_Shannon_Entropy,Delta_LZC,181,-0.1270525163464761,-0.13711919429145547,-0.28245063507312,0.026559020462728542,0.95,6,60.0,1000,1000,1919,circular moving-block bootstrap,Theta,T8,POW.T8.Theta
POW_Feature,Delta_Shannon_Entropy,Delta_Flux,181,0.033121873546503346,0.036975442438959207,-0.11925486941304915,0.1861374708739426,0.95,6,60.0,1000,1000,1919,circular moving-block bootstrap,Theta,T8,POW.T8.Theta
POW_Feature,Delta_LZC,Delta_Flux,181,-0.11907609237848815,-0.11249318141977277,-0.25161873521526534,0.03762685429476908,0.95,6,60.0,1000,1000,1919,circular moving-block bootstrap,Theta,T8,POW.T8.Theta
