Track,Matched_Index,Progress_0_to_1,Baseline_Shannon_Entropy,Modulation_Shannon_Entropy,Delta_Shannon_Entropy_ModMinusBase,Baseline_Lempel_Ziv_Complexity,Modulation_Lempel_Ziv_Complexity,Delta_Lempel_Ziv_Complexity_ModMinusBase,Baseline_RegionalFlux_L2_per_s,Modulation_RegionalFlux_L2_per_s,Delta_RegionalFlux_L2_ModMinusBase,Matched_Progress_Min,Matched_Progress_Max,Baseline_Observed_Progress_Min,Baseline_Observed_Progress_Max,Modulation_Observed_Progress_Min,Modulation_Observed_Progress_Max,Baseline_Flux_Source,Modulation_Flux_Source,Direct_Window_Positions_Identical,Interpolation_Required,Band
POW_Band_MatchingBandFlux,0,0.0,3.36316462,2.802967559,-0.5601970610000002,0.2348092594,0.3130790125,0.07826975309999998,4.748280879504911,6.518565081536603,1.770284202031692,0.0,1.0,0.0,1.0,0.0,1.0,Script18_MatchingBand_L2_Native,Script18_MatchingBand_L2_Native,True,False,Alpha
POW_Band_MatchingBandFlux,1,0.005555555555555556,2.994682268,1.380613003,-1.6140692650000001,0.4741446071,0.6321928095,0.1580482024,25.98142339118396,7.606029413758077,-18.375393977425883,0.0,1.0,0.0,1.0,0.0,1.0,Script18_MatchingBand_L2_Native,Script18_MatchingBand_L2_Native,True,False,Alpha
POW_Band_MatchingBandFlux,2,0.011111111111111112,2.932692129,3.283434456,0.3507423270000003,0.4741446071,0.6321928095,0.1580482024,6.815679516573352,13.754054510002359,6.938374993429006,0.0,1.0,0.0,1.0,0.0,1.0,Script18_MatchingBand_L2_Native,Script18_MatchingBand_L2_Native,True,False,Alpha
POW_Band_MatchingBandFlux,3,0.016666666666666666,3.785079267,3.321998757,-0.46308051000000017,0.6321928095,0.5531687083,-0.07902410120000003,27.194779261052062,23.969094119124335,-3.225685141927727,0.0,1.0,0.0,1.0,0.0,1.0,Script18_MatchingBand_L2_Native,Script18_MatchingBand_L2_Native,True,False,Alpha
POW_Band_MatchingBandFlux,4,0.022222222222222223,3.020455626,3.847661604,0.8272059779999998,0.5531687083,0.6321928095,0.07902410120000003,15.977972764591925,20.51915592924143,4.541183164649503,0.0,1.0,0.0,1.0,0.0,1.0,Script18_MatchingBand_L2_Native,Script18_MatchingBand_L2_Native,True,False,Alpha
POW_Band_MatchingBandFlux,5,0.02777777777777778,3.394607618,3.6173283779999985,0.2227207599999983,0.5531687083000001,0.47414460710000017,-0.07902410119999992,15.519843395136007,25.84364628191314,10.323802886777134,0.0,1.0,0.0,1.0,0.0,1.0,Script18_MatchingBand_L2_Native,Script18_MatchingBand_L2_Native,True,False,Alpha
POW_Band_MatchingBandFlux,6,0.03333333333333333,3.722226994,1.764687071,-1.9575399230000001,0.7112169107,0.7112169107,0.0,32.5609429109344,7.080897199831755,-25.480045711102647,0.0,1.0,0.0,1.0,0.0,1.0,Script18_MatchingBand_L2_Native,Script18_MatchingBand_L2_Native,True,False,Alpha
POW_Band_MatchingBandFlux,7,0.03888888888888889,3.847898841,1.496387227,-2.351511614,0.4741446071,0.5531687083,0.07902410119999997,24.948678225478176,6.702452590245289,-18.246225635232886,0.0,1.0,0.0,1.0,0.0,1.0,Script18_MatchingBand_L2_Native,Script18_MatchingBand_L2_Native,True,False,Alpha
POW_Band_MatchingBandFlux,8,0.044444444444444446,3.065356855,1.236160254,-1.829196601,0.6321928095,0.7902410119,0.15804820239999995,20.085634330501826,6.822870153104116,-13.26276417739771,0.0,1.0,0.0,1.0,0.0,1.0,Script18_MatchingBand_L2_Native,Script18_MatchingBand_L2_Native,True,False,Alpha
POW_Band_MatchingBandFlux,9,0.05,3.510556841,1.252773616,-2.257783225,0.6321928095,0.3951205059,-0.23707230360000003,27.941944035312794,0.3314233242404375,-27.610520711072358,0.0,1.0,0.0,1.0,0.0,1.0,Script18_MatchingBand_L2_Native,Script18_MatchingBand_L2_Native,True,False,Alpha
POW_Band_MatchingBandFlux,10,0.05555555555555556,4.1776898959999995,2.2730511740000017,-1.9046387219999978,0.6321928094999998,0.3951205059,-0.2370723035999998,40.79936660927315,5.67120688531673,-35.12815972395642,0.0,1.0,0.0,1.0,0.0,1.0,Script18_MatchingBand_L2_Native,Script18_MatchingBand_L2_Native,True,False,Alpha
POW_Band_MatchingBandFlux,11,0.061111111111111116,3.4053968089999995,3.569990871,0.16459406200000037,0.4741446071000002,0.39512050589999986,-0.07902410120000036,20.835107470539196,19.21155672949023,-1.623550741048966,0.0,1.0,0.0,1.0,0.0,1.0,Script18_MatchingBand_L2_Native,Script18_MatchingBand_L2_Native,True,False,Alpha
POW_Band_MatchingBandFlux,12,0.06666666666666667,3.001599777,3.471561071,0.469961294,0.6321928095,0.3160964047,-0.3160964048,29.340836004249084,17.021478947714353,-12.31935705653473,0.0,1.0,0.0,1.0,0.0,1.0,Script18_MatchingBand_L2_Native,Script18_MatchingBand_L2_Native,True,False,Alpha
POW_Band_MatchingBandFlux,13,0.07222222222222223,3.8469987570000006,3.2233778719999995,-0.6236208850000011,0.6321928094999998,0.2370723036000012,-0.3951205058999986,36.323446493102104,23.850151421381288,-12.473295071720816,0.0,1.0,0.0,1.0,0.0,1.0,Script18_MatchingBand_L2_Native,Script18_MatchingBand_L2_Native,True,False,Alpha
POW_Band_MatchingBandFlux,14,0.07777777777777778,4.096762239,3.102248464,-0.9945137750000002,0.5531687083,0.7112169107,0.15804820240000006,35.66868095397628,24.643306958236188,-11.02537399574009,0.0,1.0,0.0,1.0,0.0,1.0,Script18_MatchingBand_L2_Native,Script18_MatchingBand_L2_Native,True,False,Alpha
POW_Band_MatchingBandFlux,15,0.08333333333333334,3.684682773999999,3.1737230070000013,-0.5109597669999979,0.6321928094999998,0.9482892141999995,0.31609640469999967,29.797004475291725,25.679306169736233,-4.117698305555493,0.0,1.0,0.0,1.0,0.0,1.0,Script18_MatchingBand_L2_Native,Script18_MatchingBand_L2_Native,True,False,Alpha
POW_Band_MatchingBandFlux,16,0.08888888888888889,3.293996129,3.74401337,0.45001724099999985,0.5531687083,0.7112169107,0.15804820240000006,27.675859220906013,36.161674106606,8.485814885699988,0.0,1.0,0.0,1.0,0.0,1.0,Script18_MatchingBand_L2_Native,Script18_MatchingBand_L2_Native,True,False,Alpha
POW_Band_MatchingBandFlux,17,0.09444444444444444,3.450173545,3.792851428,0.3426778829999999,0.7112169107,0.6321928095,-0.07902410120000003,20.289589798879646,29.81966113755861,9.530071338678965,0.0,1.0,0.0,1.0,0.0,1.0,Script18_MatchingBand_L2_Native,Script18_MatchingBand_L2_Native,True,False,Alpha
POW_Band_MatchingBandFlux,18,0.1,3.350788852,3.527418881,0.17663002900000002,0.6321928095,0.5531687083,-0.07902410120000003,22.872399186733652,18.80272446203671,-4.069674724696942,0.0,1.0,0.0,1.0,0.0,1.0,Script18_MatchingBand_L2_Native,Script18_MatchingBand_L2_Native,True,False,Alpha
POW_Band_MatchingBandFlux,19,0.10555555555555556,3.302868795,3.865487692,0.5626188969999997,0.6321928095,0.3951205059,-0.23707230360000003,21.63523373176168,31.04419572321758,9.4089619914559,0.0,1.0,0.0,1.0,0.0,1.0,Script18_MatchingBand_L2_Native,Script18_MatchingBand_L2_Native,True,False,Alpha
POW_Band_MatchingBandFlux,20,0.11111111111111112,3.640664686000002,3.469026611,-0.17163807500000194,0.3951205059000006,0.6321928095000006,0.23707230359999998,39.43385681916589,25.343988754524617,-14.089868064641273,0.0,1.0,0.0,1.0,0.0,1.0,Script18_MatchingBand_L2_Native,Script18_MatchingBand_L2_Native,True,False,Alpha
POW_Band_MatchingBandFlux,21,0.11666666666666667,4.308294659,3.438824222,-0.8694704370000004,0.6321928095,0.869265113,0.23707230349999997,59.34808437206802,27.265652440057536,-32.082431932010486,0.0,1.0,0.0,1.0,0.0,1.0,Script18_MatchingBand_L2_Native,Script18_MatchingBand_L2_Native,True,False,Alpha
POW_Band_MatchingBandFlux,22,0.12222222222222223,4.065724929999997,3.535475297000001,-0.5302496329999964,0.7902410119,0.4741446071,-0.31609640479999995,43.996728369073686,23.616032483464192,-20.380695885609494,0.0,1.0,0.0,1.0,0.0,1.0,Script18_MatchingBand_L2_Native,Script18_MatchingBand_L2_Native,True,False,Alpha
POW_Band_MatchingBandFlux,23,0.1277777777777778,3.0417063460000033,3.929078011,0.8873716649999968,0.7902410118999995,0.47414460710000117,-0.31609640479999834,40.686446603307,30.127197536124363,-10.559249067182634,0.0,1.0,0.0,1.0,0.0,1.0,Script18_MatchingBand_L2_Native,Script18_MatchingBand_L2_Native,True,False,Alpha
POW_Band_MatchingBandFlux,24,0.13333333333333333,3.730003435,3.913514105,0.18351067,0.7112169107,0.7112169107,0.0,53.788548708183725,38.809321429691686,-14.97922727849204,0.0,1.0,0.0,1.0,0.0,1.0,Script18_MatchingBand_L2_Native,Script18_MatchingBand_L2_Native,True,False,Alpha
POW_Band_MatchingBandFlux,25,0.1388888888888889,4.323133296,3.409086589,-0.9140467069999998,0.7112169107,0.7112169107,0.0,59.8975061945374,39.24804846579639,-20.649457728741012,0.0,1.0,0.0,1.0,0.0,1.0,Script18_MatchingBand_L2_Native,Script18_MatchingBand_L2_Native,True,False,Alpha
POW_Band_MatchingBandFlux,26,0.14444444444444446,4.0297841589999965,3.8429441479999973,-0.18684001099999925,0.7112169107000005,0.3160964047000004,-0.3951205060000001,47.029506935634814,33.56999750781118,-13.459509427823633,0.0,1.0,0.0,1.0,0.0,1.0,Script18_MatchingBand_L2_Native,Script18_MatchingBand_L2_Native,True,False,Alpha
POW_Band_MatchingBandFlux,27,0.15,3.310589077,3.346811842,0.03622276500000021,0.7902410119,0.3951205059,-0.395120506,27.205309558080376,23.314112569370927,-3.8911969887094493,0.0,1.0,0.0,1.0,0.0,1.0,Script18_MatchingBand_L2_Native,Script18_MatchingBand_L2_Native,True,False,Alpha
POW_Band_MatchingBandFlux,28,0.15555555555555556,3.355253194,3.427703136,0.07244994199999999,0.6321928095,1.027313315,0.3951205055,18.925250095638958,28.32110811012609,9.395858014487132,0.0,1.0,0.0,1.0,0.0,1.0,Script18_MatchingBand_L2_Native,Script18_MatchingBand_L2_Native,True,False,Alpha
POW_Band_MatchingBandFlux,29,0.16111111111111112,4.161400721,3.186973374,-0.9744273469999998,0.5531687083,0.869265113,0.3160964047,39.4439419047739,33.982377088064666,-5.4615648167092345,0.0,1.0,0.0,1.0,0.0,1.0,Script18_MatchingBand_L2_Native,Script18_MatchingBand_L2_Native,True,False,Alpha
POW_Band_MatchingBandFlux,30,0.16666666666666669,3.8356775160000014,3.677433662999999,-0.15824385300000232,0.6321928094999996,0.7112169106999988,0.07902410119999925,33.837624283633644,31.39907274096185,-2.438551542671796,0.0,1.0,0.0,1.0,0.0,1.0,Script18_MatchingBand_L2_Native,Script18_MatchingBand_L2_Native,True,False,Alpha
POW_Band_MatchingBandFlux,31,0.17222222222222222,4.139711066,3.507997063,-0.6317140030000004,0.5531687083,0.4741446071,-0.07902410119999997,39.29415230762568,29.61803669891669,-9.67611560870899,0.0,1.0,0.0,1.0,0.0,1.0,Script18_MatchingBand_L2_Native,Script18_MatchingBand_L2_Native,True,False,Alpha
POW_Band_MatchingBandFlux,32,0.17777777777777778,4.227890051,3.438697203,-0.7891928480000003,0.7902410119,0.6321928095,-0.15804820239999995,46.27737220058411,33.97042515862513,-12.306947041958978,0.0,1.0,0.0,1.0,0.0,1.0,Script18_MatchingBand_L2_Native,Script18_MatchingBand_L2_Native,True,False,Alpha
POW_Band_MatchingBandFlux,33,0.18333333333333335,3.8787551170000008,3.481228591999995,-0.39752652500000574,0.5531687083,0.6321928095000005,0.07902410120000047,30.076440602048773,28.452974194193185,-1.623466407855588,0.0,1.0,0.0,1.0,0.0,1.0,Script18_MatchingBand_L2_Native,Script18_MatchingBand_L2_Native,True,False,Alpha
POW_Band_MatchingBandFlux,34,0.18888888888888888,4.039188016,2.545562289,-1.493625727,0.5531687083,0.7112169107,0.15804820240000006,34.218078675585474,18.38185338099924,-15.836225294586235,0.0,1.0,0.0,1.0,0.0,1.0,Script18_MatchingBand_L2_Native,Script18_MatchingBand_L2_Native,True,False,Alpha
POW_Band_MatchingBandFlux,35,0.19444444444444445,4.108260359,4.584017864,0.4757575049999998,0.6321928095,0.4741446071,-0.1580482024,38.02852289189865,55.86205864863129,17.833535756732637,0.0,1.0,0.0,1.0,0.0,1.0,Script18_MatchingBand_L2_Native,Script18_MatchingBand_L2_Native,True,False,Alpha
POW_Band_MatchingBandFlux,36,0.2,4.243744616,3.47356997,-0.7701746460000001,0.5531687083,0.6321928095,0.07902410120000003,63.982088857290506,33.517779479560105,-30.4643093777304,0.0,1.0,0.0,1.0,0.0,1.0,Script18_MatchingBand_L2_Native,Script18_MatchingBand_L2_Native,True,False,Alpha
POW_Band_MatchingBandFlux,37,0.20555555555555557,3.68266211,3.7557980219999982,0.07313591199999836,0.6321928094999992,0.7112169106999988,0.07902410119999959,30.941352941421403,31.18184228079629,0.2404893393748857,0.0,1.0,0.0,1.0,0.0,1.0,Script18_MatchingBand_L2_Native,Script18_MatchingBand_L2_Native,True,False,Alpha
POW_Band_MatchingBandFlux,38,0.2111111111111111,3.712651103,3.411305344,-0.3013457589999997,0.4741446071,0.4741446071,0.0,24.770476330004215,30.109077096892747,5.338600766888533,0.0,1.0,0.0,1.0,0.0,1.0,Script18_MatchingBand_L2_Native,Script18_MatchingBand_L2_Native,True,False,Alpha
POW_Band_MatchingBandFlux,39,0.21666666666666667,4.456521227,2.940340958,-1.5161802689999995,0.4741446071,0.5531687083,0.07902410119999997,49.804137915466086,18.45790357106394,-31.346234344402145,0.0,1.0,0.0,1.0,0.0,1.0,Script18_MatchingBand_L2_Native,Script18_MatchingBand_L2_Native,True,False,Alpha
POW_Band_MatchingBandFlux,40,0.22222222222222224,4.020515983999999,3.7270573470000006,-0.29345863699999875,0.6321928094999988,0.5531687083,-0.07902410119999881,75.7235207924914,26.591272496915035,-49.13224829557636,0.0,1.0,0.0,1.0,0.0,1.0,Script18_MatchingBand_L2_Native,Script18_MatchingBand_L2_Native,True,False,Alpha
POW_Band_MatchingBandFlux,41,0.22777777777777777,3.803415165,3.843776852,0.04036168699999987,0.3951205059,0.5531687083,0.1580482024,40.91484906744724,33.222565110913095,-7.692283956534148,0.0,1.0,0.0,1.0,0.0,1.0,Script18_MatchingBand_L2_Native,Script18_MatchingBand_L2_Native,True,False,Alpha
POW_Band_MatchingBandFlux,42,0.23333333333333334,3.601389501,3.363085713,-0.23830378800000007,0.4741446071,0.3951205059,-0.07902410120000003,47.51113651902254,12.792324260629593,-34.71881225839295,0.0,1.0,0.0,1.0,0.0,1.0,Script18_MatchingBand_L2_Native,Script18_MatchingBand_L2_Native,True,False,Alpha
POW_Band_MatchingBandFlux,43,0.2388888888888889,3.543813215,3.816402954,0.27258973899999983,0.5531687083,0.5531687083,0.0,35.23807340284761,28.157688956925327,-7.080384445922284,0.0,1.0,0.0,1.0,0.0,1.0,Script18_MatchingBand_L2_Native,Script18_MatchingBand_L2_Native,True,False,Alpha
POW_Band_MatchingBandFlux,44,0.24444444444444446,3.132280921000002,3.3764065589999985,0.24412563799999631,0.7112169106999985,0.6321928095,-0.07902410119999848,29.08152087363285,29.775566333590906,0.6940454599580548,0.0,1.0,0.0,1.0,0.0,1.0,Script18_MatchingBand_L2_Native,Script18_MatchingBand_L2_Native,True,False,Alpha
POW_Band_MatchingBandFlux,45,0.25,3.591282279,3.143864573,-0.44741770599999997,0.3951205059,0.6321928095,0.23707230360000003,24.39667576887247,28.9628777838087,4.566202014936231,0.0,1.0,0.0,1.0,0.0,1.0,Script18_MatchingBand_L2_Native,Script18_MatchingBand_L2_Native,True,False,Alpha
POW_Band_MatchingBandFlux,46,0.2555555555555556,4.128824434999999,2.858290619000001,-1.2705338159999986,0.5531687082999984,0.6321928095000023,0.07902410120000392,32.14787245373053,27.836146632934184,-4.311725820796344,0.0,1.0,0.0,1.0,0.0,1.0,Script18_MatchingBand_L2_Native,Script18_MatchingBand_L2_Native,True,False,Alpha
POW_Band_MatchingBandFlux,47,0.2611111111111111,4.022373728,2.964510911,-1.0578628169999997,0.3951205059,0.869265113,0.4741446071,34.17497239917224,28.858791811903195,-5.316180587269045,0.0,1.0,0.0,1.0,0.0,1.0,Script18_MatchingBand_L2_Native,Script18_MatchingBand_L2_Native,True,False,Alpha
POW_Band_MatchingBandFlux,48,0.26666666666666666,3.950918528,3.739506586,-0.2114119419999998,0.5531687083,0.5531687083,0.0,47.858693107467715,31.2220539900633,-16.636639117404414,0.0,1.0,0.0,1.0,0.0,1.0,Script18_MatchingBand_L2_Native,Script18_MatchingBand_L2_Native,True,False,Alpha
POW_Band_MatchingBandFlux,49,0.27222222222222225,3.521236928000001,3.2489983619999996,-0.2722385660000013,0.6321928095000016,0.6321928094999992,-2.3314683517128287e-15,34.242510615081144,28.91065755109083,-5.331853063990316,0.0,1.0,0.0,1.0,0.0,1.0,Script18_MatchingBand_L2_Native,Script18_MatchingBand_L2_Native,True,False,Alpha
POW_Band_MatchingBandFlux,50,0.2777777777777778,3.607822967,3.192784174,-0.41503879300000035,0.7902410119,0.5531687083,-0.23707230359999998,48.753944591532886,27.575110726490607,-21.17883386504228,0.0,1.0,0.0,1.0,0.0,1.0,Script18_MatchingBand_L2_Native,Script18_MatchingBand_L2_Native,True,False,Alpha
POW_Band_MatchingBandFlux,51,0.2833333333333333,4.346073333,3.575212381,-0.7708609519999996,0.6321928095,0.5531687083,-0.07902410120000003,42.679702731933716,32.38953154728068,-10.290171184653033,0.0,1.0,0.0,1.0,0.0,1.0,Script18_MatchingBand_L2_Native,Script18_MatchingBand_L2_Native,True,False,Alpha
POW_Band_MatchingBandFlux,52,0.2888888888888889,3.2057591859999963,3.7215984469999985,0.5158392610000022,0.7112169106999993,0.7112169107,7.771561172376096e-16,18.309490599542276,35.38214768029476,17.07265708075248,0.0,1.0,0.0,1.0,0.0,1.0,Script18_MatchingBand_L2_Native,Script18_MatchingBand_L2_Native,True,False,Alpha
POW_Band_MatchingBandFlux,53,0.29444444444444445,2.827998075,3.566282279,0.7382842040000002,0.6321928095,0.7112169107,0.07902410120000003,20.389077929396898,33.004772012340524,12.615694082943627,0.0,1.0,0.0,1.0,0.0,1.0,Script18_MatchingBand_L2_Native,Script18_MatchingBand_L2_Native,True,False,Alpha
POW_Band_MatchingBandFlux,54,0.3,3.027920152,3.423260316,0.3953401639999998,0.4741446071,0.6321928095,0.1580482024,19.60144710564584,35.42054198642112,15.819094880775282,0.0,1.0,0.0,1.0,0.0,1.0,Script18_MatchingBand_L2_Native,Script18_MatchingBand_L2_Native,True,False,Alpha
POW_Band_MatchingBandFlux,55,0.3055555555555556,3.243142086,3.298585486,0.0554433999999997,0.9482892142,0.6321928095,-0.3160964047,26.549299298173082,29.10134318256722,2.5520438843941378,0.0,1.0,0.0,1.0,0.0,1.0,Script18_MatchingBand_L2_Native,Script18_MatchingBand_L2_Native,True,False,Alpha
POW_Band_MatchingBandFlux,56,0.3111111111111111,2.970543346,3.844990871,0.8744475249999999,0.5531687083,0.5531687083,0.0,13.679220756324757,35.060686803816424,21.381466047491667,0.0,1.0,0.0,1.0,0.0,1.0,Script18_MatchingBand_L2_Native,Script18_MatchingBand_L2_Native,True,False,Alpha
POW_Band_MatchingBandFlux,57,0.31666666666666665,3.904426965,3.336142386,-0.5682845789999997,0.6321928095,0.7112169107,0.07902410120000003,34.31083709276929,18.793508278437425,-15.517328814331865,0.0,1.0,0.0,1.0,0.0,1.0,Script18_MatchingBand_L2_Native,Script18_MatchingBand_L2_Native,True,False,Alpha
POW_Band_MatchingBandFlux,58,0.32222222222222224,2.89229336,3.163133379,0.270840019,0.4741446071,0.4741446071,0.0,28.473111439274362,24.874833467493247,-3.5982779717811155,0.0,1.0,0.0,1.0,0.0,1.0,Script18_MatchingBand_L2_Native,Script18_MatchingBand_L2_Native,True,False,Alpha
POW_Band_MatchingBandFlux,59,0.3277777777777778,3.670601641,3.275485981,-0.3951156600000001,0.3160964047,0.3951205059,0.07902410119999997,31.324242799965013,23.856371521159982,-7.467871278805031,0.0,1.0,0.0,1.0,0.0,1.0,Script18_MatchingBand_L2_Native,Script18_MatchingBand_L2_Native,True,False,Alpha
POW_Band_MatchingBandFlux,60,0.33333333333333337,3.996884978000004,3.2348448119999955,-0.7620401660000087,0.39512050590000314,0.7902410118999992,0.39512050599999604,33.58687088161664,23.47627915213184,-10.1105917294848,0.0,1.0,0.0,1.0,0.0,1.0,Script18_MatchingBand_L2_Native,Script18_MatchingBand_L2_Native,True,False,Alpha
POW_Band_MatchingBandFlux,61,0.3388888888888889,4.385031727,2.796620539,-1.5884111880000003,0.7112169107,0.7112169107,0.0,69.9526809316516,25.224590824231992,-44.728090107419604,0.0,1.0,0.0,1.0,0.0,1.0,Script18_MatchingBand_L2_Native,Script18_MatchingBand_L2_Native,True,False,Alpha
POW_Band_MatchingBandFlux,62,0.34444444444444444,4.41615954,3.592235899,-0.8239236409999999,0.5531687083,0.5531687083,0.0,61.54831495113969,34.34228525837673,-27.20602969276296,0.0,1.0,0.0,1.0,0.0,1.0,Script18_MatchingBand_L2_Native,Script18_MatchingBand_L2_Native,True,False,Alpha
POW_Band_MatchingBandFlux,63,0.35000000000000003,3.648535671000005,3.357892284999997,-0.29064338600000816,0.23707230360000317,0.5531687083000023,0.3160964046999991,26.710465781693888,34.02809483292644,7.317629051232554,0.0,1.0,0.0,1.0,0.0,1.0,Script18_MatchingBand_L2_Native,Script18_MatchingBand_L2_Native,True,False,Alpha
POW_Band_MatchingBandFlux,64,0.35555555555555557,4.169065447,3.066443598,-1.1026218490000002,0.5531687083,0.7902410119,0.23707230359999998,56.6289584895578,30.95748188301674,-25.671476606541063,0.0,1.0,0.0,1.0,0.0,1.0,Script18_MatchingBand_L2_Native,Script18_MatchingBand_L2_Native,True,False,Alpha
POW_Band_MatchingBandFlux,65,0.3611111111111111,4.284106303,3.11906279,-1.1650435129999996,0.6321928095,0.7112169107,0.07902410120000003,60.47020375040995,37.697370402007074,-22.772833348402877,0.0,1.0,0.0,1.0,0.0,1.0,Script18_MatchingBand_L2_Native,Script18_MatchingBand_L2_Native,True,False,Alpha
POW_Band_MatchingBandFlux,66,0.3666666666666667,4.255272908999993,3.2704185440000013,-0.9848543649999919,0.7902410118999976,0.4741446071000008,-0.31609640479999684,65.47347186754631,18.25862171001564,-47.21485015753067,0.0,1.0,0.0,1.0,0.0,1.0,Script18_MatchingBand_L2_Native,Script18_MatchingBand_L2_Native,True,False,Alpha
POW_Band_MatchingBandFlux,67,0.37222222222222223,3.568105005,3.407622811,-0.16048219400000008,0.5531687083,0.5531687083,0.0,39.86137604148533,20.346303667105808,-19.51507237437952,0.0,1.0,0.0,1.0,0.0,1.0,Script18_MatchingBand_L2_Native,Script18_MatchingBand_L2_Native,True,False,Alpha
POW_Band_MatchingBandFlux,68,0.37777777777777777,4.274721567,3.56514774,-0.7095738270000003,0.5531687083,0.7112169107,0.15804820240000006,61.700818574974114,44.752959114344264,-16.94785946062985,0.0,1.0,0.0,1.0,0.0,1.0,Script18_MatchingBand_L2_Native,Script18_MatchingBand_L2_Native,True,False,Alpha
POW_Band_MatchingBandFlux,69,0.38333333333333336,4.199474335,4.173335515,-0.026138819999999896,0.7112169107,0.5531687083,-0.15804820240000006,64.107948212866,39.95312755933175,-24.15482065353426,0.0,1.0,0.0,1.0,0.0,1.0,Script18_MatchingBand_L2_Native,Script18_MatchingBand_L2_Native,True,False,Alpha
POW_Band_MatchingBandFlux,70,0.3888888888888889,4.190285473,3.999381615,-0.19090385800000043,0.7112169107,0.5531687083,-0.15804820240000006,58.18437075362891,41.04263999476177,-17.14173075886714,0.0,1.0,0.0,1.0,0.0,1.0,Script18_MatchingBand_L2_Native,Script18_MatchingBand_L2_Native,True,False,Alpha
POW_Band_MatchingBandFlux,71,0.3944444444444445,4.324547470999998,4.017965206999997,-0.3065822640000011,0.5531687082999992,0.4741446070999992,-0.07902410119999997,53.43142394836697,40.37479631509357,-13.0566276332734,0.0,1.0,0.0,1.0,0.0,1.0,Script18_MatchingBand_L2_Native,Script18_MatchingBand_L2_Native,True,False,Alpha
POW_Band_MatchingBandFlux,72,0.4,4.171039034,3.757639869,-0.4133991649999995,0.4741446071,0.3951205059,-0.07902410120000003,49.51440000330484,21.339223171010786,-28.175176832294056,0.0,1.0,0.0,1.0,0.0,1.0,Script18_MatchingBand_L2_Native,Script18_MatchingBand_L2_Native,True,False,Alpha
POW_Band_MatchingBandFlux,73,0.40555555555555556,3.621575324,2.892220943,-0.7293543810000003,0.4741446071,0.7902410119,0.31609640479999995,24.179141585944144,24.956846022913226,0.7777044369690813,0.0,1.0,0.0,1.0,0.0,1.0,Script18_MatchingBand_L2_Native,Script18_MatchingBand_L2_Native,True,False,Alpha
POW_Band_MatchingBandFlux,74,0.41111111111111115,3.7076964099999956,3.978951454999992,0.2712550449999962,0.7112169106999993,0.7112169106999993,0.0,22.03055372924266,29.046378013833195,7.015824284590536,0.0,1.0,0.0,1.0,0.0,1.0,Script18_MatchingBand_L2_Native,Script18_MatchingBand_L2_Native,True,False,Alpha
POW_Band_MatchingBandFlux,75,0.4166666666666667,3.258670974,3.162388526,-0.09628244800000019,0.6321928095,0.6321928095,0.0,25.974363799477665,27.716686524353605,1.7423227248759403,0.0,1.0,0.0,1.0,0.0,1.0,Script18_MatchingBand_L2_Native,Script18_MatchingBand_L2_Native,True,False,Alpha
POW_Band_MatchingBandFlux,76,0.4222222222222222,3.667547655,3.275873588,-0.39167406699999985,0.7902410119,0.7902410119,0.0,40.90088342175264,37.47236091973574,-3.4285225020168966,0.0,1.0,0.0,1.0,0.0,1.0,Script18_MatchingBand_L2_Native,Script18_MatchingBand_L2_Native,True,False,Alpha
POW_Band_MatchingBandFlux,77,0.4277777777777778,4.459306459,3.811944955999996,-0.6473615030000035,0.5531687083000008,0.6321928094999992,0.07902410119999848,48.257334598238074,35.54471082567321,-12.712623772564868,0.0,1.0,0.0,1.0,0.0,1.0,Script18_MatchingBand_L2_Native,Script18_MatchingBand_L2_Native,True,False,Alpha
POW_Band_MatchingBandFlux,78,0.43333333333333335,4.445191026,3.429584003,-1.0156070229999998,0.6321928095,0.5531687083,-0.07902410120000003,65.18007962764364,33.49823399824364,-31.681845629399994,0.0,1.0,0.0,1.0,0.0,1.0,Script18_MatchingBand_L2_Native,Script18_MatchingBand_L2_Native,True,False,Alpha
POW_Band_MatchingBandFlux,79,0.4388888888888889,3.556884765,3.566919108,0.010034343000000057,0.6321928095,0.5531687083,-0.07902410120000003,26.26488864108698,40.67476403061722,14.409875389530239,0.0,1.0,0.0,1.0,0.0,1.0,Script18_MatchingBand_L2_Native,Script18_MatchingBand_L2_Native,True,False,Alpha
POW_Band_MatchingBandFlux,80,0.4444444444444445,4.123875623000001,3.9774897410000007,-0.14638588200000013,0.7112169106999977,0.4741446071,-0.2370723035999977,47.982896060373164,36.5541397808296,-11.428756279543563,0.0,1.0,0.0,1.0,0.0,1.0,Script18_MatchingBand_L2_Native,Script18_MatchingBand_L2_Native,True,False,Alpha
POW_Band_MatchingBandFlux,81,0.45,4.24108006,4.076964627,-0.1641154330000001,0.4741446071,0.4741446071,0.0,48.08799839002622,36.290942347004545,-11.797056043021676,0.0,1.0,0.0,1.0,0.0,1.0,Script18_MatchingBand_L2_Native,Script18_MatchingBand_L2_Native,True,False,Alpha
POW_Band_MatchingBandFlux,82,0.45555555555555555,3.952689896,3.562160289,-0.39052960699999995,0.6321928095,0.3951205059,-0.23707230360000003,54.87835500304834,26.888483485683864,-27.989871517364477,0.0,1.0,0.0,1.0,0.0,1.0,Script18_MatchingBand_L2_Native,Script18_MatchingBand_L2_Native,True,False,Alpha
POW_Band_MatchingBandFlux,83,0.46111111111111114,4.194588497,3.800629933,-0.3939585639999996,0.4741446071,0.7112169107,0.23707230360000003,52.99964049972496,38.20352911367803,-14.796111386046931,0.0,1.0,0.0,1.0,0.0,1.0,Script18_MatchingBand_L2_Native,Script18_MatchingBand_L2_Native,True,False,Alpha
POW_Band_MatchingBandFlux,84,0.4666666666666667,4.035354622,3.4662998,-0.569054822,0.7112169107,0.5531687083,-0.15804820240000006,66.86605290886556,27.062000288406203,-39.80405262045935,0.0,1.0,0.0,1.0,0.0,1.0,Script18_MatchingBand_L2_Native,Script18_MatchingBand_L2_Native,True,False,Alpha
POW_Band_MatchingBandFlux,85,0.47222222222222227,3.902018049,3.982046340000002,0.08002829100000186,0.4741446071000024,0.5531687082999984,0.07902410119999603,35.07303963976855,34.94614684393755,-0.12689279583100443,0.0,1.0,0.0,1.0,0.0,1.0,Script18_MatchingBand_L2_Native,Script18_MatchingBand_L2_Native,True,False,Alpha
POW_Band_MatchingBandFlux,86,0.4777777777777778,3.919065447,4.155675283,0.23660983599999996,0.7112169107,0.3951205059,-0.31609640480000006,42.30873356769871,38.14651993500482,-4.162213632693891,0.0,1.0,0.0,1.0,0.0,1.0,Script18_MatchingBand_L2_Native,Script18_MatchingBand_L2_Native,True,False,Alpha
POW_Band_MatchingBandFlux,87,0.48333333333333334,4.536077827,3.90410407,-0.6319737569999999,0.4741446071,0.6321928095,0.1580482024,70.753640551875,40.23176866594622,-30.521871885928775,0.0,1.0,0.0,1.0,0.0,1.0,Script18_MatchingBand_L2_Native,Script18_MatchingBand_L2_Native,True,False,Alpha
POW_Band_MatchingBandFlux,88,0.48888888888888893,4.076441578000003,3.522730921999993,-0.5537106560000105,0.5531687083000008,0.5531687083,-7.771561172376096e-16,44.418402014387816,18.239700650175777,-26.17870136421204,0.0,1.0,0.0,1.0,0.0,1.0,Script18_MatchingBand_L2_Native,Script18_MatchingBand_L2_Native,True,False,Alpha
POW_Band_MatchingBandFlux,89,0.49444444444444446,4.388460684,2.797663668,-1.5907970159999998,0.6321928095,0.5531687083,-0.07902410120000003,52.06935386802451,15.896140648626911,-36.173213219397596,0.0,1.0,0.0,1.0,0.0,1.0,Script18_MatchingBand_L2_Native,Script18_MatchingBand_L2_Native,True,False,Alpha
POW_Band_MatchingBandFlux,90,0.5,3.243813215,2.945550284,-0.298262931,0.7112169107,0.5531687083,-0.15804820240000006,21.51429751818952,16.913818608257536,-4.600478909931983,0.0,1.0,0.0,1.0,0.0,1.0,Script18_MatchingBand_L2_Native,Script18_MatchingBand_L2_Native,True,False,Alpha
POW_Band_MatchingBandFlux,91,0.5055555555555555,4.404226809,3.39226802,-1.011958789,0.5531687083,0.5531687083,0.0,63.864178981476535,29.74225815131966,-34.121920830156874,0.0,1.0,0.0,1.0,0.0,1.0,Script18_MatchingBand_L2_Native,Script18_MatchingBand_L2_Native,True,False,Alpha
POW_Band_MatchingBandFlux,92,0.5111111111111112,3.909936351000011,3.9942676659999954,0.08433131499998447,0.47414460710000156,0.47414460710000156,0.0,23.039455311733605,31.561843950432127,8.522388638698523,0.0,1.0,0.0,1.0,0.0,1.0,Script18_MatchingBand_L2_Native,Script18_MatchingBand_L2_Native,True,False,Alpha
POW_Band_MatchingBandFlux,93,0.5166666666666667,4.459829509,3.765884185,-0.6939453240000004,0.5531687083,0.5531687083,0.0,51.79761794133887,37.874980961991575,-13.922636979347295,0.0,1.0,0.0,1.0,0.0,1.0,Script18_MatchingBand_L2_Native,Script18_MatchingBand_L2_Native,True,False,Alpha
POW_Band_MatchingBandFlux,94,0.5222222222222223,4.898499308,3.783817709,-1.1146815989999999,0.6321928095,0.6321928095,0.0,92.86048240570747,37.09420923112444,-55.766273174583034,0.0,1.0,0.0,1.0,0.0,1.0,Script18_MatchingBand_L2_Native,Script18_MatchingBand_L2_Native,True,False,Alpha
POW_Band_MatchingBandFlux,95,0.5277777777777778,3.939422471,3.707622811,-0.23179966000000007,0.3951205059,0.7112169107,0.31609640480000006,38.008820237412166,37.51563719785554,-0.49318303955662657,0.0,1.0,0.0,1.0,0.0,1.0,Script18_MatchingBand_L2_Native,Script18_MatchingBand_L2_Native,True,False,Alpha
POW_Band_MatchingBandFlux,96,0.5333333333333333,4.554950014,3.560031727,-0.994918287,0.5531687083,0.6321928095,0.07902410120000003,67.91951042857204,42.07660438310505,-25.84290604546699,0.0,1.0,0.0,1.0,0.0,1.0,Script18_MatchingBand_L2_Native,Script18_MatchingBand_L2_Native,True,False,Alpha
POW_Band_MatchingBandFlux,97,0.5388888888888889,4.481198333,3.680143233,-0.8010551000000001,0.5531687083,0.6321928095,0.07902410120000003,55.630182547739466,32.48515488103017,-23.145027666709296,0.0,1.0,0.0,1.0,0.0,1.0,Script18_MatchingBand_L2_Native,Script18_MatchingBand_L2_Native,True,False,Alpha
POW_Band_MatchingBandFlux,98,0.5444444444444445,3.5575173140000023,4.124347314999983,0.5668300009999805,0.6321928095,0.7112169107,0.07902410120000003,29.084800032279194,47.33033129679758,18.245531264518387,0.0,1.0,0.0,1.0,0.0,1.0,Script18_MatchingBand_L2_Native,Script18_MatchingBand_L2_Native,True,False,Alpha
POW_Band_MatchingBandFlux,99,0.55,3.666716889,3.266207079,-0.40050980999999997,0.6321928095,0.7112169107,0.07902410120000003,33.79984178854153,26.432091269910337,-7.3677505186311905,0.0,1.0,0.0,1.0,0.0,1.0,Script18_MatchingBand_L2_Native,Script18_MatchingBand_L2_Native,True,False,Alpha
POW_Band_MatchingBandFlux,100,0.5555555555555556,4.420836815,4.057063398,-0.363773417,0.7112169107,0.6321928095,-0.07902410120000003,60.88052555868457,41.43867891324757,-19.441846645436996,0.0,1.0,0.0,1.0,0.0,1.0,Script18_MatchingBand_L2_Native,Script18_MatchingBand_L2_Native,True,False,Alpha
POW_Band_MatchingBandFlux,101,0.5611111111111111,3.37654842,3.636045591,0.2594971709999996,0.5531687083,0.4741446071,-0.07902410119999997,38.85507990904663,32.40747671705371,-6.447603191992918,0.0,1.0,0.0,1.0,0.0,1.0,Script18_MatchingBand_L2_Native,Script18_MatchingBand_L2_Native,True,False,Alpha
POW_Band_MatchingBandFlux,102,0.5666666666666667,3.318542397,3.813824222,0.4952818250000002,0.5531687083,0.3951205059,-0.1580482024,16.899402279632277,32.16170707268951,15.262304793057233,0.0,1.0,0.0,1.0,0.0,1.0,Script18_MatchingBand_L2_Native,Script18_MatchingBand_L2_Native,True,False,Alpha
POW_Band_MatchingBandFlux,103,0.5722222222222223,4.732246496,3.8331458610000007,-0.8991006349999995,0.3951205059,0.47414460710000156,0.07902410120000158,33.9526382357819,23.516958243127927,-10.43567999265397,0.0,1.0,0.0,1.0,0.0,1.0,Script18_MatchingBand_L2_Native,Script18_MatchingBand_L2_Native,True,False,Alpha
POW_Band_MatchingBandFlux,104,0.5777777777777778,4.735231882999979,3.8616029400000085,-0.8736289429999702,0.3951205059000047,0.5531687082999984,0.15804820239999373,45.235240759807986,31.550264798534986,-13.684975961273,0.0,1.0,0.0,1.0,0.0,1.0,Script18_MatchingBand_L2_Native,Script18_MatchingBand_L2_Native,True,False,Alpha
POW_Band_MatchingBandFlux,105,0.5833333333333334,3.649958086,4.288789923,0.6388318370000006,0.6321928095,0.4741446071,-0.1580482024,39.208341898522356,47.043967572162124,7.835625673639768,0.0,1.0,0.0,1.0,0.0,1.0,Script18_MatchingBand_L2_Native,Script18_MatchingBand_L2_Native,True,False,Alpha
POW_Band_MatchingBandFlux,106,0.5888888888888889,4.081863243,3.197052897,-0.8848103460000001,0.7112169107,0.7112169107,0.0,50.47740517648158,23.623086549132374,-26.85431862734921,0.0,1.0,0.0,1.0,0.0,1.0,Script18_MatchingBand_L2_Native,Script18_MatchingBand_L2_Native,True,False,Alpha
POW_Band_MatchingBandFlux,107,0.5944444444444444,3.457334216,3.408238581,-0.049095635000000026,0.6321928095,0.5531687083,-0.07902410120000003,25.95566587458941,15.975260456272803,-9.980405418316607,0.0,1.0,0.0,1.0,0.0,1.0,Script18_MatchingBand_L2_Native,Script18_MatchingBand_L2_Native,True,False,Alpha
POW_Band_MatchingBandFlux,108,0.6,3.889711066,3.401692893,-0.48801817299999994,0.7902410119,0.7902410119,0.0,30.916668838145256,36.95217669010599,6.0355078519607375,0.0,1.0,0.0,1.0,0.0,1.0,Script18_MatchingBand_L2_Native,Script18_MatchingBand_L2_Native,True,False,Alpha
POW_Band_MatchingBandFlux,109,0.6055555555555556,4.648299151999965,3.6068118850000066,-1.0414872669999586,0.4741446071000047,0.6321928095000016,0.15804820239999684,62.35933554521455,57.415217549853075,-4.944117995361474,0.0,1.0,0.0,1.0,0.0,1.0,Script18_MatchingBand_L2_Native,Script18_MatchingBand_L2_Native,True,False,Alpha
POW_Band_MatchingBandFlux,110,0.6111111111111112,2.906396015,3.946884978,1.040488963,0.7112169107,0.7112169107,0.0,13.4882605342871,49.56058807424262,36.072327539955516,0.0,1.0,0.0,1.0,0.0,1.0,Script18_MatchingBand_L2_Native,Script18_MatchingBand_L2_Native,True,False,Alpha
POW_Band_MatchingBandFlux,111,0.6166666666666667,4.592205639,3.794005089,-0.7982005500000002,0.3951205059,0.5531687083,0.1580482024,58.87379156864789,44.13657934484101,-14.737212223806878,0.0,1.0,0.0,1.0,0.0,1.0,Script18_MatchingBand_L2_Native,Script18_MatchingBand_L2_Native,True,False,Alpha
POW_Band_MatchingBandFlux,112,0.6222222222222222,4.513374308,4.110231883,-0.4031424250000004,0.3951205059,0.6321928095,0.23707230360000003,53.86971246557181,33.16415189825589,-20.70556056731592,0.0,1.0,0.0,1.0,0.0,1.0,Script18_MatchingBand_L2_Native,Script18_MatchingBand_L2_Native,True,False,Alpha
POW_Band_MatchingBandFlux,113,0.6277777777777778,4.522287352,3.201914615,-1.320372737,0.7112169107,0.6321928095,-0.07902410120000003,67.25953104170799,17.814978836341048,-49.44455220536694,0.0,1.0,0.0,1.0,0.0,1.0,Script18_MatchingBand_L2_Native,Script18_MatchingBand_L2_Native,True,False,Alpha
POW_Band_MatchingBandFlux,114,0.6333333333333333,3.811200566,3.568456021,-0.2427445450000003,0.7112169107,0.5531687083,-0.15804820240000006,57.83731614214263,32.29496492602094,-25.542351216121695,0.0,1.0,0.0,1.0,0.0,1.0,Script18_MatchingBand_L2_Native,Script18_MatchingBand_L2_Native,True,False,Alpha
POW_Band_MatchingBandFlux,115,0.638888888888889,4.260083084999994,3.6732260159999965,-0.5868570689999979,0.7112169106999937,0.6321928094999952,-0.07902410119999848,86.73435665549805,29.70085446607613,-57.03350218942192,0.0,1.0,0.0,1.0,0.0,1.0,Script18_MatchingBand_L2_Native,Script18_MatchingBand_L2_Native,True,False,Alpha
POW_Band_MatchingBandFlux,116,0.6444444444444445,3.971596383,3.501155046,-0.470441337,0.3951205059,0.3951205059,0.0,47.4067686918616,43.23052767611182,-4.176241015749781,0.0,1.0,0.0,1.0,0.0,1.0,Script18_MatchingBand_L2_Native,Script18_MatchingBand_L2_Native,True,False,Alpha
POW_Band_MatchingBandFlux,117,0.65,4.499870365,3.804226809,-0.6956435559999994,0.5531687083,0.3160964047,-0.23707230359999998,72.62440273452889,41.01682056329165,-31.607582171237233,0.0,1.0,0.0,1.0,0.0,1.0,Script18_MatchingBand_L2_Native,Script18_MatchingBand_L2_Native,True,False,Alpha
POW_Band_MatchingBandFlux,118,0.6555555555555556,3.743393599,3.806032477,0.06263887800000001,0.5531687083,0.5531687083,0.0,41.61735151492461,28.630860595993266,-12.986490918931342,0.0,1.0,0.0,1.0,0.0,1.0,Script18_MatchingBand_L2_Native,Script18_MatchingBand_L2_Native,True,False,Alpha
POW_Band_MatchingBandFlux,119,0.6611111111111111,4.515634427,3.24177031,-1.273864117,0.7902410119,0.7112169107,-0.07902410119999992,62.822459458964026,26.374228081406493,-36.44823137755753,0.0,1.0,0.0,1.0,0.0,1.0,Script18_MatchingBand_L2_Native,Script18_MatchingBand_L2_Native,True,False,Alpha
POW_Band_MatchingBandFlux,120,0.6666666666666667,4.264911220999995,3.853789416999996,-0.41112180399999865,0.47414460710000317,0.6321928094999969,0.15804820239999373,47.64786039218802,38.919387487407874,-8.728472904780148,0.0,1.0,0.0,1.0,0.0,1.0,Script18_MatchingBand_L2_Native,Script18_MatchingBand_L2_Native,True,False,Alpha
POW_Band_MatchingBandFlux,121,0.6722222222222223,4.007735246,3.663824222,-0.34391102400000007,0.6321928095,0.4741446071,-0.1580482024,60.335184399963865,34.82002357228749,-25.515160827676375,0.0,1.0,0.0,1.0,0.0,1.0,Script18_MatchingBand_L2_Native,Script18_MatchingBand_L2_Native,True,False,Alpha
POW_Band_MatchingBandFlux,122,0.6777777777777778,4.542005484,4.130475128,-0.4115303560000001,0.4741446071,0.5531687083,0.07902410119999997,65.8969218320935,47.90275022046701,-17.994171611626484,0.0,1.0,0.0,1.0,0.0,1.0,Script18_MatchingBand_L2_Native,Script18_MatchingBand_L2_Native,True,False,Alpha
POW_Band_MatchingBandFlux,123,0.6833333333333333,3.90756939,3.783906148,-0.12366324200000012,0.5531687083,0.7112169107,0.15804820240000006,48.53443090653329,44.98635313689846,-3.54807776963483,0.0,1.0,0.0,1.0,0.0,1.0,Script18_MatchingBand_L2_Native,Script18_MatchingBand_L2_Native,True,False,Alpha
POW_Band_MatchingBandFlux,124,0.6888888888888889,3.796806659,3.527756557,-0.269050102,0.6321928095,0.7902410119,0.15804820239999995,48.02263019824862,34.92471251907324,-13.097917679175382,0.0,1.0,0.0,1.0,0.0,1.0,Script18_MatchingBand_L2_Native,Script18_MatchingBand_L2_Native,True,False,Alpha
POW_Band_MatchingBandFlux,125,0.6944444444444444,3.745078592,3.384954311,-0.36012428100000005,0.5531687083,0.4741446071,-0.07902410119999997,40.36810609644594,28.044283118258384,-12.323822978187557,0.0,1.0,0.0,1.0,0.0,1.0,Script18_MatchingBand_L2_Native,Script18_MatchingBand_L2_Native,True,False,Alpha
POW_Band_MatchingBandFlux,126,0.7000000000000001,4.5794269649999855,3.3709229930000015,-1.208503971999984,0.39512050590000153,0.6321928094999985,0.23707230359999693,43.219108106447436,37.17686288759526,-6.042245218852173,0.0,1.0,0.0,1.0,0.0,1.0,Script18_MatchingBand_L2_Native,Script18_MatchingBand_L2_Native,True,False,Alpha
POW_Band_MatchingBandFlux,127,0.7055555555555556,3.855563567,3.434019927,-0.4215436399999999,0.4741446071,0.5531687083,0.07902410119999997,33.858080599991254,26.394067524293895,-7.464013075697359,0.0,1.0,0.0,1.0,0.0,1.0,Script18_MatchingBand_L2_Native,Script18_MatchingBand_L2_Native,True,False,Alpha
POW_Band_MatchingBandFlux,128,0.7111111111111111,3.936803096,4.104226809,0.16742371300000025,0.5531687083,0.7112169107,0.15804820240000006,39.602704784525926,34.67380356047581,-4.928901224050115,0.0,1.0,0.0,1.0,0.0,1.0,Script18_MatchingBand_L2_Native,Script18_MatchingBand_L2_Native,True,False,Alpha
POW_Band_MatchingBandFlux,129,0.7166666666666667,4.559306459,3.701460699,-0.85784576,0.6321928095,0.5531687083,-0.07902410120000003,73.60930246676261,43.51181629905659,-30.097486167706023,0.0,1.0,0.0,1.0,0.0,1.0,Script18_MatchingBand_L2_Native,Script18_MatchingBand_L2_Native,True,False,Alpha
POW_Band_MatchingBandFlux,130,0.7222222222222222,4.884506614,4.107097698,-0.7774089160000006,0.3951205059,0.5531687083,0.1580482024,65.72039727482434,35.00329409580941,-30.717103179014927,0.0,1.0,0.0,1.0,0.0,1.0,Script18_MatchingBand_L2_Native,Script18_MatchingBand_L2_Native,True,False,Alpha
POW_Band_MatchingBandFlux,131,0.7277777777777779,3.6486261739999835,4.099797228999999,0.45117105500001564,0.4741446071,0.6321928094999985,0.15804820239999845,23.64418633780634,44.92306714510834,21.278880807302002,0.0,1.0,0.0,1.0,0.0,1.0,Script18_MatchingBand_L2_Native,Script18_MatchingBand_L2_Native,True,False,Alpha
POW_Band_MatchingBandFlux,132,0.7333333333333334,2.819605357000017,4.062649039999993,1.2430436829999763,0.47414460710000317,0.5531687082999952,0.07902410119999204,14.809830580367391,51.29721978681229,36.4873892064449,0.0,1.0,0.0,1.0,0.0,1.0,Script18_MatchingBand_L2_Native,Script18_MatchingBand_L2_Native,True,False,Alpha
POW_Band_MatchingBandFlux,133,0.7388888888888889,3.653972514,3.713408608,0.05943609400000005,0.6321928095,0.3160964047,-0.3160964048,24.14414469307908,22.168693587790635,-1.975451105288446,0.0,1.0,0.0,1.0,0.0,1.0,Script18_MatchingBand_L2_Native,Script18_MatchingBand_L2_Native,True,False,Alpha
POW_Band_MatchingBandFlux,134,0.7444444444444445,4.238340009,3.878415165,-0.359924844,0.4741446071,0.6321928095,0.1580482024,57.11983200644869,27.7009274351003,-29.41890457134839,0.0,1.0,0.0,1.0,0.0,1.0,Script18_MatchingBand_L2_Native,Script18_MatchingBand_L2_Native,True,False,Alpha
POW_Band_MatchingBandFlux,135,0.75,4.135193046,3.701891492,-0.43330155400000026,0.3160964047,0.5531687083,0.23707230359999998,37.13437155787073,28.306182296068258,-8.828189261802471,0.0,1.0,0.0,1.0,0.0,1.0,Script18_MatchingBand_L2_Native,Script18_MatchingBand_L2_Native,True,False,Alpha
POW_Band_MatchingBandFlux,136,0.7555555555555555,4.187448884,3.675629933,-0.511818951,0.6321928095,0.7902410119,0.15804820239999995,40.332677707128425,38.68632570968101,-1.6463519974474181,0.0,1.0,0.0,1.0,0.0,1.0,Script18_MatchingBand_L2_Native,Script18_MatchingBand_L2_Native,True,False,Alpha
POW_Band_MatchingBandFlux,137,0.7611111111111112,3.963697202999985,4.567642312999995,0.6039451100000099,0.5531687083000031,0.7112169107,0.15804820239999695,29.6858827793483,75.70945007978973,46.02356730044143,0.0,1.0,0.0,1.0,0.0,1.0,Script18_MatchingBand_L2_Native,Script18_MatchingBand_L2_Native,True,False,Alpha
POW_Band_MatchingBandFlux,138,0.7666666666666667,3.218522682,4.302655597,1.084132915,0.7112169107,0.7112169107,0.0,38.007829899118704,56.323091675798864,18.31526177668016,0.0,1.0,0.0,1.0,0.0,1.0,Script18_MatchingBand_L2_Native,Script18_MatchingBand_L2_Native,True,False,Alpha
POW_Band_MatchingBandFlux,139,0.7722222222222223,4.009629353,3.934306459,-0.07532289400000014,0.5531687083,0.6321928095,0.07902410120000003,23.844958196340063,49.46675076090125,25.621792564561186,0.0,1.0,0.0,1.0,0.0,1.0,Script18_MatchingBand_L2_Native,Script18_MatchingBand_L2_Native,True,False,Alpha
POW_Band_MatchingBandFlux,140,0.7777777777777778,3.484134499,4.184663653,0.7005291540000003,0.5531687083,0.7112169107,0.15804820240000006,23.05479700474558,53.388342383253026,30.333545378507445,0.0,1.0,0.0,1.0,0.0,1.0,Script18_MatchingBand_L2_Native,Script18_MatchingBand_L2_Native,True,False,Alpha
POW_Band_MatchingBandFlux,141,0.7833333333333333,3.955868501,4.438897358,0.4830288570000003,0.5531687083,0.3951205059,-0.1580482024,25.356206652155798,52.17188029941309,26.81567364725729,0.0,1.0,0.0,1.0,0.0,1.0,Script18_MatchingBand_L2_Native,Script18_MatchingBand_L2_Native,True,False,Alpha
POW_Band_MatchingBandFlux,142,0.788888888888889,4.02132691,4.174398673000002,0.15307176300000158,0.6321928095,0.6321928095,0.0,41.31419412951399,53.010589375706424,11.69639524619243,0.0,1.0,0.0,1.0,0.0,1.0,Script18_MatchingBand_L2_Native,Script18_MatchingBand_L2_Native,True,False,Alpha
POW_Band_MatchingBandFlux,143,0.7944444444444445,4.029654481999985,4.255798022000001,0.22614354000001669,0.6321928095,0.6321928094999969,-3.1086244689504383e-15,29.547191661023124,50.30755237369657,20.76036071267345,0.0,1.0,0.0,1.0,0.0,1.0,Script18_MatchingBand_L2_Native,Script18_MatchingBand_L2_Native,True,False,Alpha
POW_Band_MatchingBandFlux,144,0.8,3.291771029,4.326118683,1.0343476539999998,0.6321928095,0.4741446071,-0.1580482024,24.31327441942348,56.5983650149034,32.28509059547992,0.0,1.0,0.0,1.0,0.0,1.0,Script18_MatchingBand_L2_Native,Script18_MatchingBand_L2_Native,True,False,Alpha
POW_Band_MatchingBandFlux,145,0.8055555555555556,4.639709003,4.145750439,-0.4939585639999997,0.5531687083,0.4741446071,-0.07902410119999997,73.56712814744407,41.09754385104639,-32.46958429639768,0.0,1.0,0.0,1.0,0.0,1.0,Script18_MatchingBand_L2_Native,Script18_MatchingBand_L2_Native,True,False,Alpha
POW_Band_MatchingBandFlux,146,0.8111111111111111,4.230595803,3.567073702,-0.6635221009999999,0.6321928095,0.4741446071,-0.1580482024,48.06585252135139,23.555794673168172,-24.510057848183216,0.0,1.0,0.0,1.0,0.0,1.0,Script18_MatchingBand_L2_Native,Script18_MatchingBand_L2_Native,True,False,Alpha
POW_Band_MatchingBandFlux,147,0.8166666666666667,4.222373728,3.55758263,-0.6647910979999998,0.6321928095,0.4741446071,-0.1580482024,42.4090965607822,22.30858327876981,-20.100513282012393,0.0,1.0,0.0,1.0,0.0,1.0,Script18_MatchingBand_L2_Native,Script18_MatchingBand_L2_Native,True,False,Alpha
POW_Band_MatchingBandFlux,148,0.8222222222222223,4.166882745000001,3.5579850050000132,-0.6088977399999882,0.3951205059000047,0.7112169106999985,0.3160964047999938,42.5652702754245,48.316427106163104,5.751156830738601,0.0,1.0,0.0,1.0,0.0,1.0,Script18_MatchingBand_L2_Native,Script18_MatchingBand_L2_Native,True,False,Alpha
POW_Band_MatchingBandFlux,149,0.8277777777777778,4.268742553000003,4.21357446399999,-0.0551680890000128,0.6321928095,0.6321928095000016,1.5543122344752192e-15,42.82073303202873,57.82112907506501,15.000396043036282,0.0,1.0,0.0,1.0,0.0,1.0,Script18_MatchingBand_L2_Native,Script18_MatchingBand_L2_Native,True,False,Alpha
POW_Band_MatchingBandFlux,150,0.8333333333333334,4.422627305,3.707892285,-0.71473502,0.6321928095,0.7112169107,0.07902410120000003,69.00700301310724,44.68067148043548,-24.32633153267176,0.0,1.0,0.0,1.0,0.0,1.0,Script18_MatchingBand_L2_Native,Script18_MatchingBand_L2_Native,True,False,Alpha
POW_Band_MatchingBandFlux,151,0.8388888888888889,4.447810402,4.065870945,-0.38193945699999965,0.5531687083,0.3951205059,-0.1580482024,69.62934941268358,40.285656365503854,-29.343693047179727,0.0,1.0,0.0,1.0,0.0,1.0,Script18_MatchingBand_L2_Native,Script18_MatchingBand_L2_Native,True,False,Alpha
POW_Band_MatchingBandFlux,152,0.8444444444444444,4.397085133,3.421376725,-0.975708408,0.7112169107,0.7112169107,0.0,56.663745249572564,39.08828357364961,-17.575461675922952,0.0,1.0,0.0,1.0,0.0,1.0,Script18_MatchingBand_L2_Native,Script18_MatchingBand_L2_Native,True,False,Alpha
POW_Band_MatchingBandFlux,153,0.85,3.977018049,3.769641918,-0.20737613100000019,0.3160964047,0.869265113,0.5531687083,52.34579082744901,44.179863569473326,-8.165927257975682,0.0,1.0,0.0,1.0,0.0,1.0,Script18_MatchingBand_L2_Native,Script18_MatchingBand_L2_Native,True,False,Alpha
POW_Band_MatchingBandFlux,154,0.8555555555555556,4.452689895999988,3.7611312480000043,-0.691558647999984,0.39512050590000786,0.6321928094999969,0.23707230359998904,46.04425080955593,46.23764665050511,0.1933958409491794,0.0,1.0,0.0,1.0,0.0,1.0,Script18_MatchingBand_L2_Native,Script18_MatchingBand_L2_Native,True,False,Alpha
POW_Band_MatchingBandFlux,155,0.8611111111111112,3.876458636,3.978755117,0.10229648099999977,0.7902410119,0.4741446071,-0.31609640479999995,72.37191316639694,39.87087328648522,-32.501039879911716,0.0,1.0,0.0,1.0,0.0,1.0,Script18_MatchingBand_L2_Native,Script18_MatchingBand_L2_Native,True,False,Alpha
POW_Band_MatchingBandFlux,156,0.8666666666666667,4.45805814,3.198868686,-1.2591894540000004,0.7112169107,0.7112169107,0.0,68.90911656483712,34.74783533295171,-34.16128123188541,0.0,1.0,0.0,1.0,0.0,1.0,Script18_MatchingBand_L2_Native,Script18_MatchingBand_L2_Native,True,False,Alpha
POW_Band_MatchingBandFlux,157,0.8722222222222222,4.582535091,3.527018049,-1.0555170419999995,0.7112169107,0.5531687083,-0.15804820240000006,71.9766340122006,24.535632877084627,-47.44100113511598,0.0,1.0,0.0,1.0,0.0,1.0,Script18_MatchingBand_L2_Native,Script18_MatchingBand_L2_Native,True,False,Alpha
POW_Band_MatchingBandFlux,158,0.8777777777777778,4.330963878,3.795933989,-0.5350298890000005,0.7112169107,0.4696185187,-0.24159839200000005,45.619135384125826,38.65834215075398,-6.960793233371845,0.0,1.0,0.0,1.0,0.0,1.0,Script18_MatchingBand_L2_Native,Script18_MatchingBand_L2_Native,True,False,Alpha
POW_Band_MatchingBandFlux,159,0.8833333333333334,4.275595634000004,3.831198333000005,-0.44439730099999863,0.4741446071000046,0.6321928095,0.1580482023999954,38.983883602702676,40.20041132018154,1.2165277174788613,0.0,1.0,0.0,1.0,0.0,1.0,Script18_MatchingBand_L2_Native,Script18_MatchingBand_L2_Native,True,False,Alpha
POW_Band_MatchingBandFlux,160,0.888888888888889,4.441521380999999,4.086400720999987,-0.3551206600000123,0.7044277781000001,0.6321928095000031,-0.07223496859999701,50.20227884415131,35.23019663284933,-14.97208221130198,0.0,1.0,0.0,1.0,0.0,1.0,Script18_MatchingBand_L2_Native,Script18_MatchingBand_L2_Native,True,False,Alpha
POW_Band_MatchingBandFlux,161,0.8944444444444445,4.388662903,3.407857985,-0.980804918,0.7112169107,0.7902410119,0.07902410119999992,82.7984840909924,27.21827609972018,-55.580207991272225,0.0,1.0,0.0,1.0,0.0,1.0,Script18_MatchingBand_L2_Native,Script18_MatchingBand_L2_Native,True,False,Alpha
POW_Band_MatchingBandFlux,162,0.9,4.699547471,3.948299152,-0.7512483189999997,0.6321928095,0.6321928095,0.0,50.362106403353316,42.49838909341902,-7.8637173099342945,0.0,1.0,0.0,1.0,0.0,1.0,Script18_MatchingBand_L2_Native,Script18_MatchingBand_L2_Native,True,False,Alpha
POW_Band_MatchingBandFlux,163,0.9055555555555556,4.578903915,3.609394179,-0.9695097359999996,0.6321928095,0.6321928095,0.0,87.24930820910106,39.61032777103125,-47.63898043806981,0.0,1.0,0.0,1.0,0.0,1.0,Script18_MatchingBand_L2_Native,Script18_MatchingBand_L2_Native,True,False,Alpha
POW_Band_MatchingBandFlux,164,0.9111111111111111,4.504950014,3.872661604,-0.6322884100000001,0.4741446071,0.6321928095,0.1580482024,82.00736391394598,29.170588228212466,-52.836775685733514,0.0,1.0,0.0,1.0,0.0,1.0,Script18_MatchingBand_L2_Native,Script18_MatchingBand_L2_Native,True,False,Alpha
POW_Band_MatchingBandFlux,165,0.9166666666666667,3.709521199000026,3.549215758999998,-0.16030544000002767,0.47414460710000156,0.47414460710000156,0.0,24.85802987731483,43.28629184291939,18.42826196560456,0.0,1.0,0.0,1.0,0.0,1.0,Script18_MatchingBand_L2_Native,Script18_MatchingBand_L2_Native,True,False,Alpha
POW_Band_MatchingBandFlux,166,0.9222222222222223,5.00410407,3.466207079,-1.5378969910000002,0.5531687083,0.5531687083,0.0,89.36595616744125,37.60254859986827,-51.76340756757298,0.0,1.0,0.0,1.0,0.0,1.0,Script18_MatchingBand_L2_Native,Script18_MatchingBand_L2_Native,True,False,Alpha
POW_Band_MatchingBandFlux,167,0.9277777777777778,4.665145676,4.033783409,-0.6313622670000001,0.7112169107,0.869265113,0.15804820229999994,97.86779592188606,44.62205249553409,-53.245743426351964,0.0,1.0,0.0,1.0,0.0,1.0,Script18_MatchingBand_L2_Native,Script18_MatchingBand_L2_Native,True,False,Alpha
POW_Band_MatchingBandFlux,168,0.9333333333333333,5.037326145,4.32002517,-0.7173009749999997,0.4741446071,0.4741446071,0.0,101.25494997197654,62.860510405499795,-38.39443956647675,0.0,1.0,0.0,1.0,0.0,1.0,Script18_MatchingBand_L2_Native,Script18_MatchingBand_L2_Native,True,False,Alpha
POW_Band_MatchingBandFlux,169,0.9388888888888889,4.965111377,4.353938214,-0.6111731630000001,0.6321928095,0.6321928095,0.0,75.15379547417766,50.76998124908897,-24.383814225088685,0.0,1.0,0.0,1.0,0.0,1.0,Script18_MatchingBand_L2_Native,Script18_MatchingBand_L2_Native,True,False,Alpha
POW_Band_MatchingBandFlux,170,0.9444444444444445,4.377890050999994,3.5351326880000054,-0.8427573629999889,0.7902410118999984,0.7112169106999953,-0.07902410120000314,94.62812111662518,43.08436204366852,-51.54375907295666,0.0,1.0,0.0,1.0,0.0,1.0,Script18_MatchingBand_L2_Native,Script18_MatchingBand_L2_Native,True,False,Alpha
POW_Band_MatchingBandFlux,171,0.9500000000000001,4.0957161400000075,3.796884977999998,-0.2988311620000097,0.7112169107,0.47414460710000156,-0.23707230359999848,75.9161299142165,39.4491244028986,-36.4670055113179,0.0,1.0,0.0,1.0,0.0,1.0,Script18_MatchingBand_L2_Native,Script18_MatchingBand_L2_Native,True,False,Alpha
POW_Band_MatchingBandFlux,172,0.9555555555555556,4.445513921,3.692819192,-0.7526947289999999,0.7112169107,0.5531687083,-0.15804820240000006,64.60325431975227,46.807761816679225,-17.795492503073042,0.0,1.0,0.0,1.0,0.0,1.0,Script18_MatchingBand_L2_Native,Script18_MatchingBand_L2_Native,True,False,Alpha
POW_Band_MatchingBandFlux,173,0.9611111111111111,4.460031727,3.921413286,-0.5386184409999997,0.6321928095,0.7112169107,0.07902410120000003,77.8172905873696,46.18903244441238,-31.628258142957215,0.0,1.0,0.0,1.0,0.0,1.0,Script18_MatchingBand_L2_Native,Script18_MatchingBand_L2_Native,True,False,Alpha
POW_Band_MatchingBandFlux,174,0.9666666666666667,4.243253802,3.722321652,-0.5209321499999997,0.7112169107,0.5531687083,-0.15804820240000006,96.20415701388305,29.24018857570128,-66.96396843818177,0.0,1.0,0.0,1.0,0.0,1.0,Script18_MatchingBand_L2_Native,Script18_MatchingBand_L2_Native,True,False,Alpha
POW_Band_MatchingBandFlux,175,0.9722222222222222,4.472085133,4.043776852,-0.4283082810000005,0.5531687083,0.7112169107,0.15804820240000006,61.23127285697424,41.833314576333834,-19.39795828064041,0.0,1.0,0.0,1.0,0.0,1.0,Script18_MatchingBand_L2_Native,Script18_MatchingBand_L2_Native,True,False,Alpha
POW_Band_MatchingBandFlux,176,0.9777777777777779,4.280998177000003,4.080274972,-0.20072320500000362,0.6321928095,0.5531687082999969,-0.07902410120000314,63.89292622767104,40.53236215428413,-23.36056407338691,0.0,1.0,0.0,1.0,0.0,1.0,Script18_MatchingBand_L2_Native,Script18_MatchingBand_L2_Native,True,False,Alpha
POW_Band_MatchingBandFlux,177,0.9833333333333334,4.463340008999993,4.08132107199999,-0.38201893700000333,0.6321928094999985,0.3951205059000063,-0.23707230359999215,84.1739002398474,54.354799502947074,-29.819100736900324,0.0,1.0,0.0,1.0,0.0,1.0,Script18_MatchingBand_L2_Native,Script18_MatchingBand_L2_Native,True,False,Alpha
POW_Band_MatchingBandFlux,178,0.9888888888888889,4.128755117,3.585275142,-0.5434799749999999,0.5531687083,0.7112169107,0.15804820240000006,52.8115994762251,34.44495584623189,-18.366643629993206,0.0,1.0,0.0,1.0,0.0,1.0,Script18_MatchingBand_L2_Native,Script18_MatchingBand_L2_Native,True,False,Alpha
POW_Band_MatchingBandFlux,179,0.9944444444444445,4.244502121,3.732674169,-0.511827952,0.3951205059,0.5531687083,0.1580482024,58.93801458041858,28.794214486569047,-30.143800093849535,0.0,1.0,0.0,1.0,0.0,1.0,Script18_MatchingBand_L2_Native,Script18_MatchingBand_L2_Native,True,False,Alpha
POW_Band_MatchingBandFlux,180,1.0,4.92962712,3.64278211,-1.28684501,0.7112169107,0.5531687083,-0.15804820240000006,71.95779749955977,50.44086603692592,-21.516931462633856,0.0,1.0,0.0,1.0,0.0,1.0,Script18_MatchingBand_L2_Native,Script18_MatchingBand_L2_Native,True,False,Alpha
POW_Band_MatchingBandFlux,0,0.0,4.426666214,4.167503847,-0.25916236700000006,0.3130790125,0.3913487656,0.0782697531,1.0410081053684122,2.1677904545013638,1.1267823491329516,0.0,1.0,0.0,1.0,0.0,1.0,Script18_MatchingBand_L2_Native,Script18_MatchingBand_L2_Native,True,False,BetaH
POW_Band_MatchingBandFlux,1,0.005555555555555556,4.268453958,2.975138922,-1.293315036,0.5531687083,0.7112169107,0.15804820240000006,4.910968141437562,2.569335779900351,-2.3416323615372105,0.0,1.0,0.0,1.0,0.0,1.0,Script18_MatchingBand_L2_Native,Script18_MatchingBand_L2_Native,True,False,BetaH
POW_Band_MatchingBandFlux,2,0.011111111111111112,4.045164967,3.57981652,-0.4653484469999998,0.4741446071,0.4741446071,0.0,1.0084605950755012,2.5043016956252973,1.495841100549796,0.0,1.0,0.0,1.0,0.0,1.0,Script18_MatchingBand_L2_Native,Script18_MatchingBand_L2_Native,True,False,BetaH
POW_Band_MatchingBandFlux,3,0.016666666666666666,4.448299152,3.150683354,-1.2976157979999998,0.3951205059,0.7902410119,0.395120506,5.286472198490134,3.45129682444085,-1.8351753740492844,0.0,1.0,0.0,1.0,0.0,1.0,Script18_MatchingBand_L2_Native,Script18_MatchingBand_L2_Native,True,False,BetaH
POW_Band_MatchingBandFlux,4,0.022222222222222223,3.873656346,4.000446836,0.12679048999999987,0.6321928095,0.6321928095,0.0,4.048511983400432,5.2224230442557475,1.1739110608553158,0.0,1.0,0.0,1.0,0.0,1.0,Script18_MatchingBand_L2_Native,Script18_MatchingBand_L2_Native,True,False,BetaH
POW_Band_MatchingBandFlux,5,0.02777777777777778,3.695128407,3.5409875809999996,-0.15414082600000034,0.6321928095000002,0.7112169107,0.07902410119999981,3.719074009986196,3.8749888696153074,0.15591485962911156,0.0,1.0,0.0,1.0,0.0,1.0,Script18_MatchingBand_L2_Native,Script18_MatchingBand_L2_Native,True,False,BetaH
POW_Band_MatchingBandFlux,6,0.03333333333333333,3.92458177,2.803940278,-1.1206414920000003,1.027313315,0.7112169107,-0.31609640429999997,5.174871646375664,1.9420791385401697,-3.232792507835494,0.0,1.0,0.0,1.0,0.0,1.0,Script18_MatchingBand_L2_Native,Script18_MatchingBand_L2_Native,True,False,BetaH
POW_Band_MatchingBandFlux,7,0.03888888888888889,4.247610247,2.657717469,-1.5898927779999998,0.6321928095,0.6321928095,0.0,5.743907642378808,2.0714616354072954,-3.6724460069715126,0.0,1.0,0.0,1.0,0.0,1.0,Script18_MatchingBand_L2_Native,Script18_MatchingBand_L2_Native,True,False,BetaH
POW_Band_MatchingBandFlux,8,0.044444444444444446,4.396562084,2.323607126,-2.072954958,0.4741446071,0.6321928095,0.1580482024,4.951029793407882,2.5439518071571126,-2.407077986250769,0.0,1.0,0.0,1.0,0.0,1.0,Script18_MatchingBand_L2_Native,Script18_MatchingBand_L2_Native,True,False,BetaH
POW_Band_MatchingBandFlux,9,0.05,4.42689531,1.929595655,-2.497299655,0.5531687083,0.2370723036,-0.3160964047,5.538870872895417,0.369458611520517,-5.1694122613749,0.0,1.0,0.0,1.0,0.0,1.0,Script18_MatchingBand_L2_Native,Script18_MatchingBand_L2_Native,True,False,BetaH
POW_Band_MatchingBandFlux,10,0.05555555555555556,4.559829508999998,3.4446101439999994,-1.1152193649999989,0.5531687083000001,0.5531687083,-1.1102230246251565e-16,5.853122592313464,2.150257893912215,-3.702864698401249,0.0,1.0,0.0,1.0,0.0,1.0,Script18_MatchingBand_L2_Native,Script18_MatchingBand_L2_Native,True,False,BetaH
POW_Band_MatchingBandFlux,11,0.061111111111111116,3.1524575050000014,3.2535227260000004,0.10106522099999893,0.6321928094999999,0.5531687083000002,-0.0790241011999997,3.374820045838749,3.950578683971233,0.5757586381324842,0.0,1.0,0.0,1.0,0.0,1.0,Script18_MatchingBand_L2_Native,Script18_MatchingBand_L2_Native,True,False,BetaH
POW_Band_MatchingBandFlux,12,0.06666666666666667,4.169702276,3.630509427,-0.539192849,0.5531687083,0.7112169107,0.15804820240000006,5.889640364759558,3.658709276209825,-2.230931088549733,0.0,1.0,0.0,1.0,0.0,1.0,Script18_MatchingBand_L2_Native,Script18_MatchingBand_L2_Native,True,False,BetaH
POW_Band_MatchingBandFlux,13,0.07222222222222223,4.0881398529999995,3.7133139499999994,-0.37482590300000007,0.5531687083000004,0.6321928095000002,0.07902410119999981,5.599355752563544,4.214923804892537,-1.3844319476710067,0.0,1.0,0.0,1.0,0.0,1.0,Script18_MatchingBand_L2_Native,Script18_MatchingBand_L2_Native,True,False,BetaH
POW_Band_MatchingBandFlux,14,0.07777777777777778,3.902166846,3.589185953,-0.3129808930000002,0.7112169107,0.7112169107,0.0,5.833116593969185,4.063131579438081,-1.7699850145311045,0.0,1.0,0.0,1.0,0.0,1.0,Script18_MatchingBand_L2_Native,Script18_MatchingBand_L2_Native,True,False,BetaH
POW_Band_MatchingBandFlux,15,0.08333333333333334,3.9628512579999993,3.4016591000000007,-0.5611921579999986,0.7112169106999998,0.7112169107,2.220446049250313e-16,4.734173929875538,3.747993841414458,-0.9861800884610799,0.0,1.0,0.0,1.0,0.0,1.0,Script18_MatchingBand_L2_Native,Script18_MatchingBand_L2_Native,True,False,BetaH
POW_Band_MatchingBandFlux,16,0.08888888888888889,3.659211082,3.718669417,0.05945833499999997,0.6321928095,0.7112169107,0.07902410120000003,5.919789715522526,3.518453391986122,-2.4013363235364045,0.0,1.0,0.0,1.0,0.0,1.0,Script18_MatchingBand_L2_Native,Script18_MatchingBand_L2_Native,True,False,BetaH
POW_Band_MatchingBandFlux,17,0.09444444444444444,3.735066027,3.565937606,-0.16912842099999992,0.5531687083,0.6321928095,0.07902410120000003,4.60838036704061,3.8203028028452004,-0.7880775641954094,0.0,1.0,0.0,1.0,0.0,1.0,Script18_MatchingBand_L2_Native,Script18_MatchingBand_L2_Native,True,False,BetaH
POW_Band_MatchingBandFlux,18,0.1,3.726859256,2.370786802,-1.356072454,0.6321928095,0.869265113,0.23707230349999997,3.958009318410043,3.1065683738069114,-0.8514409446031315,0.0,1.0,0.0,1.0,0.0,1.0,Script18_MatchingBand_L2_Native,Script18_MatchingBand_L2_Native,True,False,BetaH
POW_Band_MatchingBandFlux,19,0.10555555555555556,4.263662903,3.914911221,-0.34875168200000006,0.4741446071,0.5531687083,0.07902410119999997,4.933772470405808,3.4855201988078264,-1.4482522715979815,0.0,1.0,0.0,1.0,0.0,1.0,Script18_MatchingBand_L2_Native,Script18_MatchingBand_L2_Native,True,False,BetaH
POW_Band_MatchingBandFlux,20,0.11111111111111112,3.982569390000001,3.522713482999999,-0.4598559070000019,0.5531687082999998,0.7112169106999996,0.15804820239999984,5.595777141251863,3.749234820151564,-1.8465423211002987,0.0,1.0,0.0,1.0,0.0,1.0,Script18_MatchingBand_L2_Native,Script18_MatchingBand_L2_Native,True,False,BetaH
POW_Band_MatchingBandFlux,21,0.11666666666666667,4.315634427,3.234873929,-1.080760498,0.4741446071,0.5531687083,0.07902410119999997,5.163021023004805,3.6141823580245287,-1.5488386649802761,0.0,1.0,0.0,1.0,0.0,1.0,Script18_MatchingBand_L2_Native,Script18_MatchingBand_L2_Native,True,False,BetaH
POW_Band_MatchingBandFlux,22,0.12222222222222223,4.116771029,3.8885141050000005,-0.2282569239999992,0.5531687083,0.6321928095000002,0.07902410120000025,5.708970622575651,3.8805436347222133,-1.828426987853438,0.0,1.0,0.0,1.0,0.0,1.0,Script18_MatchingBand_L2_Native,Script18_MatchingBand_L2_Native,True,False,BetaH
POW_Band_MatchingBandFlux,23,0.1277777777777778,4.1469713540000015,4.060481640999999,-0.08648971300000241,0.5531687082999995,0.7112169106999993,0.15804820239999973,4.484050668413289,4.730319358249431,0.2462686898361417,0.0,1.0,0.0,1.0,0.0,1.0,Script18_MatchingBand_L2_Native,Script18_MatchingBand_L2_Native,True,False,BetaH
POW_Band_MatchingBandFlux,24,0.13333333333333333,4.464911221,3.809229042,-0.6556821790000003,0.4741446071,0.5531687083,0.07902410119999997,5.558801876436023,4.520106638478081,-1.038695237957942,0.0,1.0,0.0,1.0,0.0,1.0,Script18_MatchingBand_L2_Native,Script18_MatchingBand_L2_Native,True,False,BetaH
POW_Band_MatchingBandFlux,25,0.1388888888888889,4.583494814,3.963374308,-0.6201205059999997,0.7112169107,0.5531687083,-0.15804820240000006,8.71484129649409,4.346280241471004,-4.368561055023085,0.0,1.0,0.0,1.0,0.0,1.0,Script18_MatchingBand_L2_Native,Script18_MatchingBand_L2_Native,True,False,BetaH
POW_Band_MatchingBandFlux,26,0.14444444444444446,4.332769545999995,3.5085291139999986,-0.8242404319999967,0.395120505900002,0.5531687083000012,0.15804820239999923,6.2880886338659145,4.2844391663058365,-2.003649467560078,0.0,1.0,0.0,1.0,0.0,1.0,Script18_MatchingBand_L2_Native,Script18_MatchingBand_L2_Native,True,False,BetaH
POW_Band_MatchingBandFlux,27,0.15,3.441193839,3.257515376,-0.18367846299999968,0.7902410119,0.7902410119,0.0,3.707383504158229,3.0140744036129883,-0.6933091005452408,0.0,1.0,0.0,1.0,0.0,1.0,Script18_MatchingBand_L2_Native,Script18_MatchingBand_L2_Native,True,False,BetaH
POW_Band_MatchingBandFlux,28,0.15555555555555556,3.924906728,3.311671539,-0.6132351889999996,0.4741446071,0.7112169107,0.23707230360000003,4.481361629908006,3.92755915809094,-0.5538024718170664,0.0,1.0,0.0,1.0,0.0,1.0,Script18_MatchingBand_L2_Native,Script18_MatchingBand_L2_Native,True,False,BetaH
POW_Band_MatchingBandFlux,29,0.16111111111111112,4.13204634,3.848656346,-0.28338999399999976,0.6321928095,0.5531687083,-0.07902410120000003,5.8166875283091315,4.5223634273838735,-1.294324100925258,0.0,1.0,0.0,1.0,0.0,1.0,Script18_MatchingBand_L2_Native,Script18_MatchingBand_L2_Native,True,False,BetaH
POW_Band_MatchingBandFlux,30,0.16666666666666669,4.1353546219999995,3.5474875080000006,-0.5878671139999989,0.5531687083000004,0.7902410118999984,0.23707230359999798,5.1642592374673395,5.00077483843145,-0.16348439903588918,0.0,1.0,0.0,1.0,0.0,1.0,Script18_MatchingBand_L2_Native,Script18_MatchingBand_L2_Native,True,False,BetaH
POW_Band_MatchingBandFlux,31,0.17222222222222222,4.038139853,3.638262592,-0.3998772609999999,0.6321928095,0.4741446071,-0.1580482024,4.530041682562793,3.842932503345728,-0.6871091792170647,0.0,1.0,0.0,1.0,0.0,1.0,Script18_MatchingBand_L2_Native,Script18_MatchingBand_L2_Native,True,False,BetaH
POW_Band_MatchingBandFlux,32,0.17777777777777778,4.004426965,3.212946116,-0.7914808490000005,0.7112169107,0.7112169107,0.0,6.626260718262546,3.489508419287604,-3.1367522989749417,0.0,1.0,0.0,1.0,0.0,1.0,Script18_MatchingBand_L2_Native,Script18_MatchingBand_L2_Native,True,False,BetaH
POW_Band_MatchingBandFlux,33,0.18333333333333335,3.9210733330000016,3.857771608999997,-0.06330172400000444,0.7112169107,0.4741446071000004,-0.23707230359999965,4.769518709936406,3.2815821333992954,-1.4879365765371109,0.0,1.0,0.0,1.0,0.0,1.0,Script18_MatchingBand_L2_Native,Script18_MatchingBand_L2_Native,True,False,BetaH
POW_Band_MatchingBandFlux,34,0.18888888888888888,4.241448135,3.341787368,-0.8996607669999999,0.7112169107,0.5531687083,-0.15804820240000006,5.445157924482777,3.301667212572543,-2.1434907119102338,0.0,1.0,0.0,1.0,0.0,1.0,Script18_MatchingBand_L2_Native,Script18_MatchingBand_L2_Native,True,False,BetaH
POW_Band_MatchingBandFlux,35,0.19444444444444445,4.222610247,3.181352715,-1.0412575320000004,0.7112169107,0.7112169107,0.0,4.86643232275633,4.182047752678333,-0.6843845700779969,0.0,1.0,0.0,1.0,0.0,1.0,Script18_MatchingBand_L2_Native,Script18_MatchingBand_L2_Native,True,False,BetaH
POW_Band_MatchingBandFlux,36,0.2,4.543219503,3.373238075,-1.1699814280000003,0.5531687083,0.5531687083,0.0,5.7585655639620486,4.300329465893415,-1.4582360980686335,0.0,1.0,0.0,1.0,0.0,1.0,Script18_MatchingBand_L2_Native,Script18_MatchingBand_L2_Native,True,False,BetaH
POW_Band_MatchingBandFlux,37,0.20555555555555557,4.118267042,3.511381006000001,-0.6068860359999992,0.4741446071,0.8692651129999992,0.3951205058999992,5.842208942267671,3.5121771041597087,-2.3300318381079625,0.0,1.0,0.0,1.0,0.0,1.0,Script18_MatchingBand_L2_Native,Script18_MatchingBand_L2_Native,True,False,BetaH
POW_Band_MatchingBandFlux,38,0.2111111111111111,4.187448884,3.726057606,-0.46139127800000024,0.4741446071,0.7112169107,0.23707230360000003,4.372510197626843,4.744184769895803,0.37167457226895984,0.0,1.0,0.0,1.0,0.0,1.0,Script18_MatchingBand_L2_Native,Script18_MatchingBand_L2_Native,True,False,BetaH
POW_Band_MatchingBandFlux,39,0.21666666666666667,4.10532633,3.563376372,-0.5419499579999996,0.5531687083,0.6321928095,0.07902410120000003,5.408733032922803,4.237238734435673,-1.1714942984871302,0.0,1.0,0.0,1.0,0.0,1.0,Script18_MatchingBand_L2_Native,Script18_MatchingBand_L2_Native,True,False,BetaH
POW_Band_MatchingBandFlux,40,0.22222222222222224,3.7459658980000032,3.726678095999999,-0.019287802000004017,0.7902410118999987,0.6321928094999996,-0.15804820239999917,5.823601991619095,4.239604928953428,-1.5839970626656674,0.0,1.0,0.0,1.0,0.0,1.0,Script18_MatchingBand_L2_Native,Script18_MatchingBand_L2_Native,True,False,BetaH
POW_Band_MatchingBandFlux,41,0.22777777777777777,4.396562084,3.573852462,-0.8227096220000001,0.5531687083,0.5531687083,0.0,5.98765827316868,5.153343322289189,-0.8343149508794916,0.0,1.0,0.0,1.0,0.0,1.0,Script18_MatchingBand_L2_Native,Script18_MatchingBand_L2_Native,True,False,BetaH
POW_Band_MatchingBandFlux,42,0.23333333333333334,3.751058325,3.095074774,-0.6559835509999998,0.7112169107,0.6321928095,-0.07902410120000003,4.617887163343019,3.191783953656386,-1.4261032096866328,0.0,1.0,0.0,1.0,0.0,1.0,Script18_MatchingBand_L2_Native,Script18_MatchingBand_L2_Native,True,False,BetaH
POW_Band_MatchingBandFlux,43,0.2388888888888889,4.094667977,3.828865079,-0.26580289800000045,0.3951205059,0.869265113,0.4741446071,5.1083083544685355,5.299957601192104,0.19164924672356864,0.0,1.0,0.0,1.0,0.0,1.0,Script18_MatchingBand_L2_Native,Script18_MatchingBand_L2_Native,True,False,BetaH
POW_Band_MatchingBandFlux,44,0.24444444444444446,4.138374308000001,3.693542396999999,-0.4448319110000023,0.4741446071,0.7112169106999996,0.2370723035999996,5.123948343400332,4.262882118204932,-0.8610662251953993,0.0,1.0,0.0,1.0,0.0,1.0,Script18_MatchingBand_L2_Native,Script18_MatchingBand_L2_Native,True,False,BetaH
POW_Band_MatchingBandFlux,45,0.25,4.404950014,3.525446836,-0.8795031779999998,0.4741446071,0.6321928095,0.1580482024,6.649539448089705,4.488949626572147,-2.160589821517558,0.0,1.0,0.0,1.0,0.0,1.0,Script18_MatchingBand_L2_Native,Script18_MatchingBand_L2_Native,True,False,BetaH
POW_Band_MatchingBandFlux,46,0.2555555555555556,4.3395883269999995,3.692132504000001,-0.6474558229999987,0.7902410118999992,0.5531687082999984,-0.23707230360000076,5.6363869725603095,4.037212539073663,-1.5991744334866462,0.0,1.0,0.0,1.0,0.0,1.0,Script18_MatchingBand_L2_Native,Script18_MatchingBand_L2_Native,True,False,BetaH
POW_Band_MatchingBandFlux,47,0.2611111111111111,4.282246496,3.784777432,-0.4974690640000001,0.7112169107,0.3951205059,-0.31609640480000006,5.251692693871906,5.407617694452735,0.15592500058082948,0.0,1.0,0.0,1.0,0.0,1.0,Script18_MatchingBand_L2_Native,Script18_MatchingBand_L2_Native,True,False,BetaH
POW_Band_MatchingBandFlux,48,0.26666666666666666,3.299310755,3.75125848,0.45194772500000013,0.869265113,0.6321928095,-0.23707230349999997,4.4905577090581215,3.8173711206816736,-0.6731865883764478,0.0,1.0,0.0,1.0,0.0,1.0,Script18_MatchingBand_L2_Native,Script18_MatchingBand_L2_Native,True,False,BetaH
POW_Band_MatchingBandFlux,49,0.27222222222222225,4.396239189000001,3.2466678460000016,-1.1495713429999994,0.4741446071000024,0.7902410119,0.31609640479999757,6.229550382790224,3.003172276948839,-3.226378105841385,0.0,1.0,0.0,1.0,0.0,1.0,Script18_MatchingBand_L2_Native,Script18_MatchingBand_L2_Native,True,False,BetaH
POW_Band_MatchingBandFlux,50,0.2777777777777778,4.459306459,3.418901655,-1.0404048039999996,0.7112169107,0.7902410119,0.07902410119999992,6.060606590255243,4.468780953194239,-1.591825637061004,0.0,1.0,0.0,1.0,0.0,1.0,Script18_MatchingBand_L2_Native,Script18_MatchingBand_L2_Native,True,False,BetaH
POW_Band_MatchingBandFlux,51,0.2833333333333333,4.493776852,3.549074024,-0.944702828,0.4741446071,0.869265113,0.3951205059,6.035660558672273,4.2201437173059375,-1.8155168413663354,0.0,1.0,0.0,1.0,0.0,1.0,Script18_MatchingBand_L2_Native,Script18_MatchingBand_L2_Native,True,False,BetaH
POW_Band_MatchingBandFlux,52,0.2888888888888889,4.295440784999999,3.8674962980000003,-0.4279444869999991,0.7112169106999977,0.4741446071000024,-0.23707230359999532,6.162788135556407,5.05317402200119,-1.1096141135552173,0.0,1.0,0.0,1.0,0.0,1.0,Script18_MatchingBand_L2_Native,Script18_MatchingBand_L2_Native,True,False,BetaH
POW_Band_MatchingBandFlux,53,0.29444444444444445,4.214508847,3.896039034,-0.3184698130000001,0.4741446071,0.7112169107,0.23707230360000003,5.560950981391919,4.621408818755467,-0.9395421626364522,0.0,1.0,0.0,1.0,0.0,1.0,Script18_MatchingBand_L2_Native,Script18_MatchingBand_L2_Native,True,False,BetaH
POW_Band_MatchingBandFlux,54,0.3,3.774181459,3.586213806,-0.18796765299999985,0.5531687083,0.7112169107,0.15804820240000006,4.716617404563492,3.7806633591819967,-0.9359540453814956,0.0,1.0,0.0,1.0,0.0,1.0,Script18_MatchingBand_L2_Native,Script18_MatchingBand_L2_Native,True,False,BetaH
POW_Band_MatchingBandFlux,55,0.3055555555555556,4.035354622,3.546596383,-0.48875823900000004,0.7112169107,0.6321928095,-0.07902410120000003,5.769830496799585,4.00232132295981,-1.767509173839775,0.0,1.0,0.0,1.0,0.0,1.0,Script18_MatchingBand_L2_Native,Script18_MatchingBand_L2_Native,True,False,BetaH
POW_Band_MatchingBandFlux,56,0.3111111111111111,3.722085133,3.810475297,0.08839016399999977,0.7902410119,0.7112169107,-0.07902410119999992,4.314006393863155,5.364527191099587,1.0505207972364312,0.0,1.0,0.0,1.0,0.0,1.0,Script18_MatchingBand_L2_Native,Script18_MatchingBand_L2_Native,True,False,BetaH
POW_Band_MatchingBandFlux,57,0.31666666666666665,3.800952827,3.314958761,-0.48599406599999995,0.7112169107,0.6321928095,-0.07902410120000003,4.921107893856279,3.6141766368531476,-1.3069312570031313,0.0,1.0,0.0,1.0,0.0,1.0,Script18_MatchingBand_L2_Native,Script18_MatchingBand_L2_Native,True,False,BetaH
POW_Band_MatchingBandFlux,58,0.32222222222222224,3.815120336,3.589543147,-0.225577189,0.6321928095,0.7112169107,0.07902410120000003,3.7353090806996434,3.4996884750615216,-0.23562060563812182,0.0,1.0,0.0,1.0,0.0,1.0,Script18_MatchingBand_L2_Native,Script18_MatchingBand_L2_Native,True,False,BetaH
POW_Band_MatchingBandFlux,59,0.3277777777777778,4.274870365,3.068498378,-1.2063719869999998,0.7112169107,0.6321928095,-0.07902410120000003,6.59512962216607,4.2206155247487835,-2.3745140974172863,0.0,1.0,0.0,1.0,0.0,1.0,Script18_MatchingBand_L2_Native,Script18_MatchingBand_L2_Native,True,False,BetaH
POW_Band_MatchingBandFlux,60,0.33333333333333337,3.5121280530000107,3.755126173999997,0.24299812099998608,0.7112169107,0.47414460710000156,-0.23707230359999848,4.4736411948209085,3.6898687489189665,-0.783772445901942,0.0,1.0,0.0,1.0,0.0,1.0,Script18_MatchingBand_L2_Native,Script18_MatchingBand_L2_Native,True,False,BetaH
POW_Band_MatchingBandFlux,61,0.3388888888888889,4.592205639,3.427793133,-1.1644125060000001,0.7112169107,0.6321928095,-0.07902410120000003,9.2698954207745,3.5162526684610618,-5.7536427523134375,0.0,1.0,0.0,1.0,0.0,1.0,Script18_MatchingBand_L2_Native,Script18_MatchingBand_L2_Native,True,False,BetaH
POW_Band_MatchingBandFlux,62,0.34444444444444444,4.30809244,3.630091875,-0.678000565,0.7112169107,0.7902410119,0.07902410119999992,6.766069319891694,4.654776616861978,-2.111292703029716,0.0,1.0,0.0,1.0,0.0,1.0,Script18_MatchingBand_L2_Native,Script18_MatchingBand_L2_Native,True,False,BetaH
POW_Band_MatchingBandFlux,63,0.35000000000000003,3.791010742000006,3.8862348649999983,0.09522412299999239,0.6321928095,0.5531687083,-0.07902410120000003,5.975303042034796,4.749455543407172,-1.2258474986276244,0.0,1.0,0.0,1.0,0.0,1.0,Script18_MatchingBand_L2_Native,Script18_MatchingBand_L2_Native,True,False,BetaH
POW_Band_MatchingBandFlux,64,0.35555555555555557,4.384506614,3.70708064,-0.6774259740000002,0.6321928095,0.5531687083,-0.07902410120000003,7.382345532420469,4.177298959382419,-3.20504657303805,0.0,1.0,0.0,1.0,0.0,1.0,Script18_MatchingBand_L2_Native,Script18_MatchingBand_L2_Native,True,False,BetaH
POW_Band_MatchingBandFlux,65,0.3611111111111111,3.880668346,3.027235445,-0.8534329010000001,0.6321928095,0.7902410119,0.15804820239999995,5.260824365998638,4.622300208288564,-0.6385241577100738,0.0,1.0,0.0,1.0,0.0,1.0,Script18_MatchingBand_L2_Native,Script18_MatchingBand_L2_Native,True,False,BetaH
POW_Band_MatchingBandFlux,66,0.3666666666666667,3.6731332960000036,3.8067577460000006,0.133624449999997,0.7902410118999984,0.7112169107,-0.07902410119999836,5.7712809428265635,4.306837437001651,-1.4644435058249128,0.0,1.0,0.0,1.0,0.0,1.0,Script18_MatchingBand_L2_Native,Script18_MatchingBand_L2_Native,True,False,BetaH
POW_Band_MatchingBandFlux,67,0.37222222222222223,4.037052854,3.854872598,-0.18218025599999965,0.6321928095,0.7112169107,0.07902410120000003,4.398112835994885,5.225872205467981,0.827759369473096,0.0,1.0,0.0,1.0,0.0,1.0,Script18_MatchingBand_L2_Native,Script18_MatchingBand_L2_Native,True,False,BetaH
POW_Band_MatchingBandFlux,68,0.37777777777777777,4.696762239,3.997087197,-0.699675042,0.6321928095,0.5531687083,-0.07902410120000003,7.262223584927989,5.256490087269355,-2.0057334976586345,0.0,1.0,0.0,1.0,0.0,1.0,Script18_MatchingBand_L2_Native,Script18_MatchingBand_L2_Native,True,False,BetaH
POW_Band_MatchingBandFlux,69,0.38333333333333336,4.45858119,3.304187973,-1.1543932170000004,0.5531687083,0.7902410119,0.23707230359999998,8.257183216981936,4.6072818232247075,-3.6499013937572284,0.0,1.0,0.0,1.0,0.0,1.0,Script18_MatchingBand_L2_Native,Script18_MatchingBand_L2_Native,True,False,BetaH
POW_Band_MatchingBandFlux,70,0.3888888888888889,4.173010557,3.796575324,-0.3764352329999996,0.5531687083,0.5531687083,0.0,5.386070113039455,4.5683647806836625,-0.8177053323557928,0.0,1.0,0.0,1.0,0.0,1.0,Script18_MatchingBand_L2_Native,Script18_MatchingBand_L2_Native,True,False,BetaH
POW_Band_MatchingBandFlux,71,0.3944444444444445,4.580475127999993,3.8680536469999978,-0.7124214809999949,0.4741446071,0.39512050590000075,-0.07902410119999925,6.1354367473991775,4.515472280627098,-1.6199644667720792,0.0,1.0,0.0,1.0,0.0,1.0,Script18_MatchingBand_L2_Native,Script18_MatchingBand_L2_Native,True,False,BetaH
POW_Band_MatchingBandFlux,72,0.4,3.849470054,3.64520633,-0.20426372400000004,0.4741446071,0.4741446071,0.0,6.280949162564936,3.737607433636353,-2.543341728928583,0.0,1.0,0.0,1.0,0.0,1.0,Script18_MatchingBand_L2_Native,Script18_MatchingBand_L2_Native,True,False,BetaH
POW_Band_MatchingBandFlux,73,0.40555555555555556,4.16163724,3.622537111,-0.5391001289999999,0.5531687083,0.7112169107,0.15804820240000006,5.172626938904147,3.5066027211403314,-1.6660242177638152,0.0,1.0,0.0,1.0,0.0,1.0,Script18_MatchingBand_L2_Native,Script18_MatchingBand_L2_Native,True,False,BetaH
POW_Band_MatchingBandFlux,74,0.41111111111111115,4.110066026999999,3.348025861000004,-0.7620401659999954,0.6321928095000008,0.7112169107000008,0.07902410120000003,5.22674188057505,5.41058596554651,0.18384408497145976,0.0,1.0,0.0,1.0,0.0,1.0,Script18_MatchingBand_L2_Native,Script18_MatchingBand_L2_Native,True,False,BetaH
POW_Band_MatchingBandFlux,75,0.4166666666666667,4.02071614,3.769082307,-0.2516338330000001,0.7112169107,0.7902410119,0.07902410119999992,6.190385242553201,4.90634720971892,-1.2840380328342809,0.0,1.0,0.0,1.0,0.0,1.0,Script18_MatchingBand_L2_Native,Script18_MatchingBand_L2_Native,True,False,BetaH
POW_Band_MatchingBandFlux,76,0.4222222222222222,4.205186533,3.454112311,-0.7510742220000002,0.3951205059,0.7902410119,0.395120506,5.250689558738032,5.077752841098699,-0.17293671763933283,0.0,1.0,0.0,1.0,0.0,1.0,Script18_MatchingBand_L2_Native,Script18_MatchingBand_L2_Native,True,False,BetaH
POW_Band_MatchingBandFlux,77,0.4277777777777778,4.280998177000003,3.503462704000002,-0.7775354730000013,0.47414460710000317,0.7112169107000016,0.23707230359999842,4.943614614915299,4.396611444571983,-0.5470031703433165,0.0,1.0,0.0,1.0,0.0,1.0,Script18_MatchingBand_L2_Native,Script18_MatchingBand_L2_Native,True,False,BetaH
POW_Band_MatchingBandFlux,78,0.43333333333333335,4.627890051,3.727508862,-0.9003811889999995,0.7902410119,0.869265113,0.07902410110000002,7.846451535418774,4.717514904061505,-3.128936631357269,0.0,1.0,0.0,1.0,0.0,1.0,Script18_MatchingBand_L2_Native,Script18_MatchingBand_L2_Native,True,False,BetaH
POW_Band_MatchingBandFlux,79,0.4388888888888889,4.097321652,3.750193259,-0.34712839299999976,0.7112169107,0.6321928095,-0.07902410120000003,4.698642601469551,5.394166252055747,0.6955236505861961,0.0,1.0,0.0,1.0,0.0,1.0,Script18_MatchingBand_L2_Native,Script18_MatchingBand_L2_Native,True,False,BetaH
POW_Band_MatchingBandFlux,80,0.4444444444444445,4.167930908000002,3.843778916000002,-0.32415199200000044,0.6321928094999992,0.5531687082999992,-0.07902410120000003,4.8387885672588915,4.653542296736146,-0.18524627052274578,0.0,1.0,0.0,1.0,0.0,1.0,Script18_MatchingBand_L2_Native,Script18_MatchingBand_L2_Native,True,False,BetaH
POW_Band_MatchingBandFlux,81,0.45,4.454950014,4.039762424,-0.4151875899999995,0.5531687083,0.4741446071,-0.07902410119999997,7.01132455826134,4.501699893175027,-2.5096246650863137,0.0,1.0,0.0,1.0,0.0,1.0,Script18_MatchingBand_L2_Native,Script18_MatchingBand_L2_Native,True,False,BetaH
POW_Band_MatchingBandFlux,82,0.45555555555555555,4.260266182,3.162915659,-1.0973505229999998,0.6321928095,0.4741446071,-0.1580482024,6.854786037278883,4.239425085793215,-2.615360951485668,0.0,1.0,0.0,1.0,0.0,1.0,Script18_MatchingBand_L2_Native,Script18_MatchingBand_L2_Native,True,False,BetaH
POW_Band_MatchingBandFlux,83,0.46111111111111114,4.327978491,3.872610247,-0.45536824399999976,0.6321928095,0.6321928095,0.0,6.419448957555254,4.539849898595759,-1.8795990589594949,0.0,1.0,0.0,1.0,0.0,1.0,Script18_MatchingBand_L2_Native,Script18_MatchingBand_L2_Native,True,False,BetaH
POW_Band_MatchingBandFlux,84,0.4666666666666667,3.945959554,4.101441578,0.15548202400000033,0.7112169107,0.5531687083,-0.15804820240000006,5.589881859806253,4.662423405803958,-0.927458454002295,0.0,1.0,0.0,1.0,0.0,1.0,Script18_MatchingBand_L2_Native,Script18_MatchingBand_L2_Native,True,False,BetaH
POW_Band_MatchingBandFlux,85,0.47222222222222227,4.1700251699999935,3.060100452000008,-1.1099247179999856,0.6321928095000008,0.6321928095000008,0.0,6.285847491117657,4.854600756716054,-1.4312467344016033,0.0,1.0,0.0,1.0,0.0,1.0,Script18_MatchingBand_L2_Native,Script18_MatchingBand_L2_Native,True,False,BetaH
POW_Band_MatchingBandFlux,86,0.4777777777777778,3.592132504,3.85301279,0.26088028600000035,0.7112169107,0.7112169107,0.0,4.287719261930259,4.4496185283409435,0.16189926641068464,0.0,1.0,0.0,1.0,0.0,1.0,Script18_MatchingBand_L2_Native,Script18_MatchingBand_L2_Native,True,False,BetaH
POW_Band_MatchingBandFlux,87,0.48333333333333334,4.682246496,3.721230188,-0.9610163080000005,0.5531687083,0.7112169107,0.15804820240000006,8.977436833615734,4.286083015763074,-4.69135381785266,0.0,1.0,0.0,1.0,0.0,1.0,Script18_MatchingBand_L2_Native,Script18_MatchingBand_L2_Native,True,False,BetaH
POW_Band_MatchingBandFlux,88,0.48888888888888893,4.661077826999997,3.661168329999998,-0.9999094969999991,0.47414460710000156,0.5531687083,0.07902410119999842,8.32183249860671,4.30124540742865,-4.020587091178061,0.0,1.0,0.0,1.0,0.0,1.0,Script18_MatchingBand_L2_Native,Script18_MatchingBand_L2_Native,True,False,BetaH
POW_Band_MatchingBandFlux,89,0.49444444444444446,4.424347315,3.429654482,-0.9946928330000002,0.6321928095,0.5531687083,-0.07902410120000003,6.42943656808672,3.532547713054821,-2.8968888550318987,0.0,1.0,0.0,1.0,0.0,1.0,Script18_MatchingBand_L2_Native,Script18_MatchingBand_L2_Native,True,False,BetaH
POW_Band_MatchingBandFlux,90,0.5,4.377689896,3.431748745,-0.9459411509999995,0.5531687083,0.6321928095,0.07902410120000003,5.672884387199658,3.949655902216657,-1.723228484983001,0.0,1.0,0.0,1.0,0.0,1.0,Script18_MatchingBand_L2_Native,Script18_MatchingBand_L2_Native,True,False,BetaH
POW_Band_MatchingBandFlux,91,0.5055555555555555,4.352890051,4.206521227,-0.1463688240000005,0.4741446071,0.5531687083,0.07902410119999997,6.372206612784479,4.892802170002404,-1.4794044427820756,0.0,1.0,0.0,1.0,0.0,1.0,Script18_MatchingBand_L2_Native,Script18_MatchingBand_L2_Native,True,False,BetaH
POW_Band_MatchingBandFlux,92,0.5111111111111112,4.2993473150000066,3.8708902359999975,-0.42845707900000907,0.6321928094999985,0.7112169106999969,0.07902410119999848,7.440482465265306,5.236915279271492,-2.2035671859938137,0.0,1.0,0.0,1.0,0.0,1.0,Script18_MatchingBand_L2_Native,Script18_MatchingBand_L2_Native,True,False,BetaH
POW_Band_MatchingBandFlux,93,0.5166666666666667,4.60413837,3.738767682,-0.865370688,0.5531687083,0.5531687083,0.0,6.461176663188123,4.9640059756813475,-1.4971706875067756,0.0,1.0,0.0,1.0,0.0,1.0,Script18_MatchingBand_L2_Native,Script18_MatchingBand_L2_Native,True,False,BetaH
POW_Band_MatchingBandFlux,94,0.5222222222222223,4.671762239,3.947138554,-0.7246236850000005,0.6321928095,0.6321928095,0.0,8.202384488677973,6.369433529956995,-1.8329509587209785,0.0,1.0,0.0,1.0,0.0,1.0,Script18_MatchingBand_L2_Native,Script18_MatchingBand_L2_Native,True,False,BetaH
POW_Band_MatchingBandFlux,95,0.5277777777777778,3.973133296,3.530289769,-0.44284352699999996,0.5531687083,0.7112169107,0.15804820240000006,4.388864518362579,4.665116451958088,0.2762519335955087,0.0,1.0,0.0,1.0,0.0,1.0,Script18_MatchingBand_L2_Native,Script18_MatchingBand_L2_Native,True,False,BetaH
POW_Band_MatchingBandFlux,96,0.5333333333333333,4.171239189,3.657588974,-0.5136502149999997,0.7112169107,0.7902410119,0.07902410119999992,5.845059901591612,5.373589294491376,-0.4714706071002359,0.0,1.0,0.0,1.0,0.0,1.0,Script18_MatchingBand_L2_Native,Script18_MatchingBand_L2_Native,True,False,BetaH
POW_Band_MatchingBandFlux,97,0.5388888888888889,3.462248729,3.659775494,0.19752676499999966,0.6321928095,0.7902410119,0.15804820239999995,6.062531081740799,5.819687394347774,-0.24284368739302487,0.0,1.0,0.0,1.0,0.0,1.0,Script18_MatchingBand_L2_Native,Script18_MatchingBand_L2_Native,True,False,BetaH
POW_Band_MatchingBandFlux,98,0.5444444444444445,3.797486494999998,3.366934624000008,-0.4305518709999898,0.6321928094999952,0.6321928095000016,6.328271240363392e-15,4.423368609084062,4.030661041447557,-0.3927075676365055,0.0,1.0,0.0,1.0,0.0,1.0,Script18_MatchingBand_L2_Native,Script18_MatchingBand_L2_Native,True,False,BetaH
POW_Band_MatchingBandFlux,99,0.55,3.713139853,3.76331395,0.050174097000000195,0.3951205059,0.7112169107,0.31609640480000006,3.6008047781416077,4.670976906008034,1.0701721278664267,0.0,1.0,0.0,1.0,0.0,1.0,Script18_MatchingBand_L2_Native,Script18_MatchingBand_L2_Native,True,False,BetaH
POW_Band_MatchingBandFlux,100,0.5555555555555556,4.098421891,3.692743993,-0.405677898,0.4741446071,0.5531687083,0.07902410119999997,6.997224712933008,5.004083291618839,-1.993141421314169,0.0,1.0,0.0,1.0,0.0,1.0,Script18_MatchingBand_L2_Native,Script18_MatchingBand_L2_Native,True,False,BetaH
POW_Band_MatchingBandFlux,101,0.5611111111111111,4.251843952,4.045313765,-0.20653018699999937,0.4741446071,0.5531687083,0.07902410119999997,5.648816850644106,6.117865996692608,0.46904914604850134,0.0,1.0,0.0,1.0,0.0,1.0,Script18_MatchingBand_L2_Native,Script18_MatchingBand_L2_Native,True,False,BetaH
POW_Band_MatchingBandFlux,102,0.5666666666666667,3.818795974,3.914543147,0.09574717299999991,0.6321928095,0.7112169107,0.07902410120000003,4.102972021813335,5.4839912665900545,1.3810192447767191,0.0,1.0,0.0,1.0,0.0,1.0,Script18_MatchingBand_L2_Native,Script18_MatchingBand_L2_Native,True,False,BetaH
POW_Band_MatchingBandFlux,103,0.5722222222222223,4.63587767099999,3.8983334519999993,-0.7375442189999903,0.7112169106999985,0.5531687083000015,-0.15804820239999695,4.401063267468014,4.670716543643195,0.2696532761751813,0.0,1.0,0.0,1.0,0.0,1.0,Script18_MatchingBand_L2_Native,Script18_MatchingBand_L2_Native,True,False,BetaH
POW_Band_MatchingBandFlux,104,0.5777777777777778,4.086602939999998,3.8618373949999945,-0.22476554500000345,0.6321928095000016,0.6321928095,-1.5543122344752192e-15,5.405669516636901,5.635284005404679,0.229614488767778,0.0,1.0,0.0,1.0,0.0,1.0,Script18_MatchingBand_L2_Native,Script18_MatchingBand_L2_Native,True,False,BetaH
POW_Band_MatchingBandFlux,105,0.5833333333333334,4.006000241,3.589292795,-0.41670744599999976,0.7112169107,0.6321928095,-0.07902410120000003,4.930842259078632,4.000352057431968,-0.9304902016466636,0.0,1.0,0.0,1.0,0.0,1.0,Script18_MatchingBand_L2_Native,Script18_MatchingBand_L2_Native,True,False,BetaH
POW_Band_MatchingBandFlux,106,0.5888888888888889,4.177655597,4.132280795,-0.045374802000000436,0.6321928095,0.5531687083,-0.07902410120000003,6.000833110359903,6.653371260283076,0.6525381499231733,0.0,1.0,0.0,1.0,0.0,1.0,Script18_MatchingBand_L2_Native,Script18_MatchingBand_L2_Native,True,False,BetaH
POW_Band_MatchingBandFlux,107,0.5944444444444444,4.182769546,3.957483014,-0.22528653200000015,0.4741446071,0.4741446071,0.0,5.553759398599256,4.846801776064844,-0.7069576225344125,0.0,1.0,0.0,1.0,0.0,1.0,Script18_MatchingBand_L2_Native,Script18_MatchingBand_L2_Native,True,False,BetaH
POW_Band_MatchingBandFlux,108,0.6,3.367635838,3.582911406,0.21527556800000003,0.7112169107,0.7112169107,0.0,4.6962049645430906,5.3348393248117345,0.638634360268644,0.0,1.0,0.0,1.0,0.0,1.0,Script18_MatchingBand_L2_Native,Script18_MatchingBand_L2_Native,True,False,BetaH
POW_Band_MatchingBandFlux,109,0.6055555555555556,3.6537894170000054,3.354463328000003,-0.29932608900000224,0.7112169106999953,0.7902410119000031,0.0790241012000078,6.21052398393266,5.998709254004305,-0.2118147299283546,0.0,1.0,0.0,1.0,0.0,1.0,Script18_MatchingBand_L2_Native,Script18_MatchingBand_L2_Native,True,False,BetaH
POW_Band_MatchingBandFlux,110,0.6111111111111112,3.910877671,3.499166281,-0.41171139000000023,0.4741446071,0.9482892142,0.4741446071,3.8085347163971224,5.2093639145136095,1.400829198116487,0.0,1.0,0.0,1.0,0.0,1.0,Script18_MatchingBand_L2_Native,Script18_MatchingBand_L2_Native,True,False,BetaH
POW_Band_MatchingBandFlux,111,0.6166666666666667,4.587816959,3.923824265,-0.6639926940000005,0.6321928095,0.4741446071,-0.1580482024,6.0759569175052395,4.6395550860276344,-1.436401831477605,0.0,1.0,0.0,1.0,0.0,1.0,Script18_MatchingBand_L2_Native,Script18_MatchingBand_L2_Native,True,False,BetaH
POW_Band_MatchingBandFlux,112,0.6222222222222222,4.452890051,3.280107053,-1.1727829979999997,0.4741446071,0.869265113,0.3951205059,6.597385886824984,4.659389266382183,-1.9379966204428012,0.0,1.0,0.0,1.0,0.0,1.0,Script18_MatchingBand_L2_Native,Script18_MatchingBand_L2_Native,True,False,BetaH
POW_Band_MatchingBandFlux,113,0.6277777777777778,4.670513921,3.731757746,-0.9387561750000004,0.7112169107,0.5531687083,-0.15804820240000006,7.167915111790906,3.7541863721971236,-3.4137287395937825,0.0,1.0,0.0,1.0,0.0,1.0,Script18_MatchingBand_L2_Native,Script18_MatchingBand_L2_Native,True,False,BetaH
POW_Band_MatchingBandFlux,114,0.6333333333333333,4.180709583,3.993342242,-0.1873673409999994,0.7112169107,0.6321928095,-0.07902410120000003,6.364654400909798,5.463610385868436,-0.9010440150413617,0.0,1.0,0.0,1.0,0.0,1.0,Script18_MatchingBand_L2_Native,Script18_MatchingBand_L2_Native,True,False,BetaH
POW_Band_MatchingBandFlux,115,0.638888888888889,4.609829508999995,3.7547519230000157,-0.8550775859999797,0.6321928095000016,0.6321928094999952,-6.328271240363392e-15,7.836785356089031,4.979325563512668,-2.857459792576363,0.0,1.0,0.0,1.0,0.0,1.0,Script18_MatchingBand_L2_Native,Script18_MatchingBand_L2_Native,True,False,BetaH
POW_Band_MatchingBandFlux,116,0.6444444444444445,4.373622047,4.521762239,0.1481401920000005,0.7112169107,0.3951205059,-0.31609640480000006,7.283266931869903,5.481247080068495,-1.8020198518014086,0.0,1.0,0.0,1.0,0.0,1.0,Script18_MatchingBand_L2_Native,Script18_MatchingBand_L2_Native,True,False,BetaH
POW_Band_MatchingBandFlux,117,0.65,4.266280215,3.80089675,-0.46538346499999994,0.6321928095,0.7902410119,0.15804820239999995,6.625196627303023,5.181922721571487,-1.4432739057315356,0.0,1.0,0.0,1.0,0.0,1.0,Script18_MatchingBand_L2_Native,Script18_MatchingBand_L2_Native,True,False,BetaH
POW_Band_MatchingBandFlux,118,0.6555555555555556,4.431957901,4.273858565,-0.15809933599999937,0.5531687083,0.5531687083,0.0,5.94392627653187,6.434311128856324,0.4903848523244543,0.0,1.0,0.0,1.0,0.0,1.0,Script18_MatchingBand_L2_Native,Script18_MatchingBand_L2_Native,True,False,BetaH
POW_Band_MatchingBandFlux,119,0.6611111111111111,4.183460515,3.96959056,-0.21386995500000028,0.5531687083,0.7112169107,0.15804820240000006,8.186093096800677,4.972399214095702,-3.213693882704975,0.0,1.0,0.0,1.0,0.0,1.0,Script18_MatchingBand_L2_Native,Script18_MatchingBand_L2_Native,True,False,BetaH
POW_Band_MatchingBandFlux,120,0.6666666666666667,3.774415914000008,4.170313764999994,0.3958978509999862,0.8692651129999952,0.7902410118999984,-0.0790241010999968,5.1863287099027024,5.740121082355221,0.5537923724525182,0.0,1.0,0.0,1.0,0.0,1.0,Script18_MatchingBand_L2_Native,Script18_MatchingBand_L2_Native,True,False,BetaH
POW_Band_MatchingBandFlux,121,0.6722222222222223,4.164388172,3.868576697,-0.2958114749999998,0.6321928095,0.7112169107,0.07902410120000003,8.535311745272985,6.218539837970103,-2.316771907302882,0.0,1.0,0.0,1.0,0.0,1.0,Script18_MatchingBand_L2_Native,Script18_MatchingBand_L2_Native,True,False,BetaH
POW_Band_MatchingBandFlux,122,0.6777777777777778,3.889185953,3.499648431,-0.38953752200000036,0.7112169107,0.6321928095,-0.07902410120000003,6.25758579670148,4.788870433475015,-1.4687153632264645,0.0,1.0,0.0,1.0,0.0,1.0,Script18_MatchingBand_L2_Native,Script18_MatchingBand_L2_Native,True,False,BetaH
POW_Band_MatchingBandFlux,123,0.6833333333333333,4.498098997,3.453376328,-1.0447226689999995,0.4741446071,0.9482892142,0.4741446071,6.204214099775275,4.956017110813886,-1.2481969889613884,0.0,1.0,0.0,1.0,0.0,1.0,Script18_MatchingBand_L2_Native,Script18_MatchingBand_L2_Native,True,False,BetaH
POW_Band_MatchingBandFlux,124,0.6888888888888889,3.596415349,3.340851949,-0.2555633999999998,0.7112169107,0.7112169107,0.0,5.653718904831944,5.409440720198358,-0.2442781846335862,0.0,1.0,0.0,1.0,0.0,1.0,Script18_MatchingBand_L2_Native,Script18_MatchingBand_L2_Native,True,False,BetaH
POW_Band_MatchingBandFlux,125,0.6944444444444444,4.283494814,3.588985797,-0.6945090170000001,0.6321928095,0.4741446071,-0.1580482024,7.111600741327138,2.981428242171094,-4.130172499156044,0.0,1.0,0.0,1.0,0.0,1.0,Script18_MatchingBand_L2_Native,Script18_MatchingBand_L2_Native,True,False,BetaH
POW_Band_MatchingBandFlux,126,0.7000000000000001,4.215434271000005,4.138051413999999,-0.07738285700000613,0.4741446071,0.7112169106999937,0.2370723035999937,5.160347145856946,5.876474678659137,0.716127532802191,0.0,1.0,0.0,1.0,0.0,1.0,Script18_MatchingBand_L2_Native,Script18_MatchingBand_L2_Native,True,False,BetaH
POW_Band_MatchingBandFlux,127,0.7055555555555556,4.454461264,4.039999661,-0.41446160299999946,0.4741446071,0.3951205059,-0.07902410120000003,6.323719529126457,5.373852139241712,-0.9498673898847452,0.0,1.0,0.0,1.0,0.0,1.0,Script18_MatchingBand_L2_Native,Script18_MatchingBand_L2_Native,True,False,BetaH
POW_Band_MatchingBandFlux,128,0.7111111111111111,4.233023122,4.175629933,-0.0573931889999999,0.5531687083,0.7112169107,0.15804820240000006,6.417021486476232,5.891353748153033,-0.5256677383231985,0.0,1.0,0.0,1.0,0.0,1.0,Script18_MatchingBand_L2_Native,Script18_MatchingBand_L2_Native,True,False,BetaH
POW_Band_MatchingBandFlux,129,0.7166666666666667,4.228903915,3.954784159,-0.27411975600000016,0.7112169107,0.7902410119,0.07902410119999992,7.102814918249697,4.7639105697352395,-2.3389043485144576,0.0,1.0,0.0,1.0,0.0,1.0,Script18_MatchingBand_L2_Native,Script18_MatchingBand_L2_Native,True,False,BetaH
POW_Band_MatchingBandFlux,130,0.7222222222222222,4.060031727,3.817904849,-0.2421268780000001,0.5531687083,0.6321928095,0.07902410120000003,5.806416627880989,5.220686651161187,-0.5857299767198016,0.0,1.0,0.0,1.0,0.0,1.0,Script18_MatchingBand_L2_Native,Script18_MatchingBand_L2_Native,True,False,BetaH
POW_Band_MatchingBandFlux,131,0.7277777777777779,4.255072752999993,3.7151456760000148,-0.5399270769999784,0.7112169107000031,0.9482892141999937,0.23707230349999053,5.189695537966075,4.837547001764776,-0.35214853620129904,0.0,1.0,0.0,1.0,0.0,1.0,Script18_MatchingBand_L2_Native,Script18_MatchingBand_L2_Native,True,False,BetaH
POW_Band_MatchingBandFlux,132,0.7333333333333334,3.8907592290000057,4.457535090999993,0.5667758619999876,0.8692651129999969,0.6321928094999985,-0.23707230349999842,4.621831520449451,7.463769808794135,2.841938288344684,0.0,1.0,0.0,1.0,0.0,1.0,Script18_MatchingBand_L2_Native,Script18_MatchingBand_L2_Native,True,False,BetaH
POW_Band_MatchingBandFlux,133,0.7388888888888889,4.183494814,4.133494814,-0.05000000000000071,0.7112169107,0.5531687083,-0.15804820240000006,4.526535146207092,5.5570369355428255,1.0305017893357338,0.0,1.0,0.0,1.0,0.0,1.0,Script18_MatchingBand_L2_Native,Script18_MatchingBand_L2_Native,True,False,BetaH
POW_Band_MatchingBandFlux,134,0.7444444444444445,4.350193259,3.924997385,-0.4251958739999999,0.5531687083,0.5531687083,0.0,6.381294342385573,5.3870862840202385,-0.9942080583653343,0.0,1.0,0.0,1.0,0.0,1.0,Script18_MatchingBand_L2_Native,Script18_MatchingBand_L2_Native,True,False,BetaH
POW_Band_MatchingBandFlux,135,0.75,4.106198333,3.14353786,-0.9626604730000001,0.3951205059,0.869265113,0.4741446071,4.915274275884645,4.658186319411538,-0.2570879564731072,0.0,1.0,0.0,1.0,0.0,1.0,Script18_MatchingBand_L2_Native,Script18_MatchingBand_L2_Native,True,False,BetaH
POW_Band_MatchingBandFlux,136,0.7555555555555555,4.469467821,3.971562084,-0.4979057370000004,0.6321928095,0.7902410119,0.15804820239999995,7.890566788118848,6.19851979261139,-1.6920469955074582,0.0,1.0,0.0,1.0,0.0,1.0,Script18_MatchingBand_L2_Native,Script18_MatchingBand_L2_Native,True,False,BetaH
POW_Band_MatchingBandFlux,137,0.7611111111111112,4.186293286000003,4.16619383899999,-0.020099447000013093,0.6321928095,0.7902410119,0.15804820239999995,5.059462405475425,7.230311835570435,2.1708494300950107,0.0,1.0,0.0,1.0,0.0,1.0,Script18_MatchingBand_L2_Native,Script18_MatchingBand_L2_Native,True,False,BetaH
POW_Band_MatchingBandFlux,138,0.7666666666666667,4.385266182,3.664386108,-0.7208800739999996,0.6321928095,0.7902410119,0.15804820239999995,6.80547840605848,5.4081761088178,-1.39730229724068,0.0,1.0,0.0,1.0,0.0,1.0,Script18_MatchingBand_L2_Native,Script18_MatchingBand_L2_Native,True,False,BetaH
POW_Band_MatchingBandFlux,139,0.7722222222222223,3.873221736,4.268776852,0.39555511600000015,0.5531687083,0.7112169107,0.15804820240000006,5.360251965759713,7.294793325643458,1.9345413598837453,0.0,1.0,0.0,1.0,0.0,1.0,Script18_MatchingBand_L2_Native,Script18_MatchingBand_L2_Native,True,False,BetaH
POW_Band_MatchingBandFlux,140,0.7777777777777778,4.375395478,3.591768768,-0.7836267099999996,0.7112169107,0.7112169107,0.0,5.431865822482751,5.957979908077464,0.5261140855947124,0.0,1.0,0.0,1.0,0.0,1.0,Script18_MatchingBand_L2_Native,Script18_MatchingBand_L2_Native,True,False,BetaH
POW_Band_MatchingBandFlux,141,0.7833333333333333,4.135677516,4.421562084,0.2858845679999993,0.7112169107,0.6321928095,-0.07902410120000003,5.5166541539250895,7.413519230931315,1.8968650770062254,0.0,1.0,0.0,1.0,0.0,1.0,Script18_MatchingBand_L2_Native,Script18_MatchingBand_L2_Native,True,False,BetaH
POW_Band_MatchingBandFlux,142,0.788888888888889,4.1694678209999925,3.5449648120000083,-0.6245030089999841,0.5531687083000031,0.6321928095000016,0.07902410119999848,6.166802597467771,5.192718658905814,-0.9740839385619573,0.0,1.0,0.0,1.0,0.0,1.0,Script18_MatchingBand_L2_Native,Script18_MatchingBand_L2_Native,True,False,BetaH
POW_Band_MatchingBandFlux,143,0.7944444444444445,3.827689896000003,3.9709315990000045,0.1432417030000015,0.7112169107,0.7112169107,0.0,6.133702524350843,7.171558161013638,1.037855636662795,0.0,1.0,0.0,1.0,0.0,1.0,Script18_MatchingBand_L2_Native,Script18_MatchingBand_L2_Native,True,False,BetaH
POW_Band_MatchingBandFlux,144,0.8,3.993847331,4.195750439,0.20190310800000022,0.7112169107,0.7112169107,0.0,3.8938325609459508,7.001596283624936,3.1077637226789854,0.0,1.0,0.0,1.0,0.0,1.0,Script18_MatchingBand_L2_Native,Script18_MatchingBand_L2_Native,True,False,BetaH
POW_Band_MatchingBandFlux,145,0.8055555555555556,4.0719041,3.760966111,-0.31093798900000014,0.6321928095,0.7902410119,0.15804820239999995,7.013016358470567,5.329117028427399,-1.6838993300431682,0.0,1.0,0.0,1.0,0.0,1.0,Script18_MatchingBand_L2_Native,Script18_MatchingBand_L2_Native,True,False,BetaH
POW_Band_MatchingBandFlux,146,0.8111111111111111,4.513897358,4.073656346,-0.44024101200000043,0.6321928095,0.5531687083,-0.07902410120000003,6.669835239546833,5.43489255770868,-1.2349426818381533,0.0,1.0,0.0,1.0,0.0,1.0,Script18_MatchingBand_L2_Native,Script18_MatchingBand_L2_Native,True,False,BetaH
POW_Band_MatchingBandFlux,147,0.8166666666666667,4.230709583,3.771564147,-0.45914543600000046,0.6321928095,0.6321928095,0.0,6.824243874251097,5.042430916467608,-1.7818129577834894,0.0,1.0,0.0,1.0,0.0,1.0,Script18_MatchingBand_L2_Native,Script18_MatchingBand_L2_Native,True,False,BetaH
POW_Band_MatchingBandFlux,148,0.8222222222222223,4.374581769999988,3.7774554410000043,-0.597126328999984,0.6321928095000048,0.7902410118999952,0.1580482023999904,5.9794839262646295,5.268205627096666,-0.7112782991679634,0.0,1.0,0.0,1.0,0.0,1.0,Script18_MatchingBand_L2_Native,Script18_MatchingBand_L2_Native,True,False,BetaH
POW_Band_MatchingBandFlux,149,0.8277777777777778,3.81152980400002,3.9911938389999935,0.1796640349999734,0.8692651129999921,0.5531687083000048,-0.31609640469998734,5.426061521318225,7.317999408433644,1.8919378871154189,0.0,1.0,0.0,1.0,0.0,1.0,Script18_MatchingBand_L2_Native,Script18_MatchingBand_L2_Native,True,False,BetaH
POW_Band_MatchingBandFlux,150,0.8333333333333334,4.815957321,3.648133296,-1.1678240249999998,0.4741446071,0.7902410119,0.31609640479999995,7.540828603512048,5.295180983192342,-2.2456476203197058,0.0,1.0,0.0,1.0,0.0,1.0,Script18_MatchingBand_L2_Native,Script18_MatchingBand_L2_Native,True,False,BetaH
POW_Band_MatchingBandFlux,151,0.8388888888888889,4.244267666,3.81331395,-0.4309537159999999,0.7112169107,0.7902410119,0.07902410119999992,7.179817639594331,5.6005657337752766,-1.5792519058190546,0.0,1.0,0.0,1.0,0.0,1.0,Script18_MatchingBand_L2_Native,Script18_MatchingBand_L2_Native,True,False,BetaH
POW_Band_MatchingBandFlux,152,0.8444444444444444,4.202890051,4.127053067,-0.0758369839999995,0.5531687083,0.6321928095,0.07902410120000003,5.196342313704431,6.46756001173911,1.271217698034679,0.0,1.0,0.0,1.0,0.0,1.0,Script18_MatchingBand_L2_Native,Script18_MatchingBand_L2_Native,True,False,BetaH
POW_Band_MatchingBandFlux,153,0.85,4.133703929,3.834394179,-0.2993097500000004,0.5531687083,0.6321928095,0.07902410120000003,5.837465462390584,5.8000552059987935,-0.03741025639179085,0.0,1.0,0.0,1.0,0.0,1.0,Script18_MatchingBand_L2_Native,Script18_MatchingBand_L2_Native,True,False,BetaH
POW_Band_MatchingBandFlux,154,0.8555555555555556,4.4116029400000025,4.402367001999987,-0.009235938000015764,0.3951205059000047,0.6321928095000031,0.23707230359999842,6.126784987560317,6.206534588435593,0.07974960087527627,0.0,1.0,0.0,1.0,0.0,1.0,Script18_MatchingBand_L2_Native,Script18_MatchingBand_L2_Native,True,False,BetaH
POW_Band_MatchingBandFlux,155,0.8611111111111112,4.544990871,3.715253237,-0.8297376340000002,0.6321928095,0.7902410119,0.15804820239999995,7.611467489002323,4.867114777463785,-2.7443527115385384,0.0,1.0,0.0,1.0,0.0,1.0,Script18_MatchingBand_L2_Native,Script18_MatchingBand_L2_Native,True,False,BetaH
POW_Band_MatchingBandFlux,156,0.8666666666666667,3.403158932,3.83273731,0.429578378,0.7902410119,0.869265113,0.07902410110000002,5.3905097309075485,5.379645878456617,-0.010863852450931688,0.0,1.0,0.0,1.0,0.0,1.0,Script18_MatchingBand_L2_Native,Script18_MatchingBand_L2_Native,True,False,BetaH
POW_Band_MatchingBandFlux,157,0.8722222222222222,4.642205639,3.318288102,-1.3239175370000003,0.5531687083,0.7112169107,0.15804820240000006,6.587967164559949,4.338367284307932,-2.249599880252017,0.0,1.0,0.0,1.0,0.0,1.0,Script18_MatchingBand_L2_Native,Script18_MatchingBand_L2_Native,True,False,BetaH
POW_Band_MatchingBandFlux,158,0.8777777777777778,4.52002517,4.247576863,-0.27244830700000033,0.5531687083,0.5478882719,-0.005280436399999977,5.246555679687928,5.929741147995349,0.6831854683074212,0.0,1.0,0.0,1.0,0.0,1.0,Script18_MatchingBand_L2_Native,Script18_MatchingBand_L2_Native,True,False,BetaH
POW_Band_MatchingBandFlux,159,0.8833333333333334,3.815354791000012,4.144790715999999,0.3294359249999874,0.7902410118999951,0.7112169107000016,-0.07902410119999348,5.532938642890164,5.449446356492099,-0.08349228639806494,0.0,1.0,0.0,1.0,0.0,1.0,Script18_MatchingBand_L2_Native,Script18_MatchingBand_L2_Native,True,False,BetaH
POW_Band_MatchingBandFlux,160,0.888888888888889,4.411011461000006,4.097011997999995,-0.3139994630000116,0.5478882719000017,0.7902410118999984,0.24235273999999674,5.354521109269224,6.223140676650847,0.8686195673816233,0.0,1.0,0.0,1.0,0.0,1.0,Script18_MatchingBand_L2_Native,Script18_MatchingBand_L2_Native,True,False,BetaH
POW_Band_MatchingBandFlux,161,0.8944444444444445,4.734829509,3.817110263,-0.9177192459999999,0.6321928095,0.7112169107,0.07902410120000003,9.412395366661142,5.161472570657873,-4.25092279600327,0.0,1.0,0.0,1.0,0.0,1.0,Script18_MatchingBand_L2_Native,Script18_MatchingBand_L2_Native,True,False,BetaH
POW_Band_MatchingBandFlux,162,0.9,4.545513921,4.189635867,-0.3558780540000006,0.7112169107,0.5531687083,-0.15804820240000006,9.021712037215224,5.91090697259024,-3.1108050646249836,0.0,1.0,0.0,1.0,0.0,1.0,Script18_MatchingBand_L2_Native,Script18_MatchingBand_L2_Native,True,False,BetaH
POW_Band_MatchingBandFlux,163,0.9055555555555556,4.038897358,4.396327629,0.35743027100000013,0.7112169107,0.5531687083,-0.15804820240000006,6.217373603525539,7.48894355040986,1.2715699468843207,0.0,1.0,0.0,1.0,0.0,1.0,Script18_MatchingBand_L2_Native,Script18_MatchingBand_L2_Native,True,False,BetaH
POW_Band_MatchingBandFlux,164,0.9111111111111111,4.968942708,4.246273489,-0.7226692190000001,0.4741446071,0.6321928095,0.1580482024,7.968649709285284,4.814514211699825,-3.154135497585459,0.0,1.0,0.0,1.0,0.0,1.0,Script18_MatchingBand_L2_Native,Script18_MatchingBand_L2_Native,True,False,BetaH
POW_Band_MatchingBandFlux,165,0.9166666666666667,4.309594335000006,4.005925042000002,-0.303669293000004,0.3951205059000063,0.8692651129999905,0.47414460709998424,5.5881052426409115,5.453259548664316,-0.13484569397659563,0.0,1.0,0.0,1.0,0.0,1.0,Script18_MatchingBand_L2_Native,Script18_MatchingBand_L2_Native,True,False,BetaH
POW_Band_MatchingBandFlux,166,0.9222222222222223,4.626641733,4.08660294,-0.5400387929999999,0.7112169107,0.3951205059,-0.31609640480000006,7.943901855883821,4.927122923415464,-3.016778932468357,0.0,1.0,0.0,1.0,0.0,1.0,Script18_MatchingBand_L2_Native,Script18_MatchingBand_L2_Native,True,False,BetaH
POW_Band_MatchingBandFlux,167,0.9277777777777778,4.492294079,3.994502121,-0.49779195799999965,0.7902410119,0.5531687083,-0.23707230359999998,8.164055967793818,4.612308209852955,-3.5517477579408627,0.0,1.0,0.0,1.0,0.0,1.0,Script18_MatchingBand_L2_Native,Script18_MatchingBand_L2_Native,True,False,BetaH
POW_Band_MatchingBandFlux,168,0.9333333333333333,4.071884978,4.688662903,0.6167779250000001,0.869265113,0.7112169107,-0.15804820229999994,7.6112482810411475,6.783868327619677,-0.8273799534214703,0.0,1.0,0.0,1.0,0.0,1.0,Script18_MatchingBand_L2_Native,Script18_MatchingBand_L2_Native,True,False,BetaH
POW_Band_MatchingBandFlux,169,0.9388888888888889,4.508494814,4.154620183,-0.35387463100000005,0.3951205059,0.6321928095,0.23707230360000003,7.510051341340164,6.255795008649853,-1.2542563326903107,0.0,1.0,0.0,1.0,0.0,1.0,Script18_MatchingBand_L2_Native,Script18_MatchingBand_L2_Native,True,False,BetaH
POW_Band_MatchingBandFlux,170,0.9444444444444445,4.255003435000001,4.476641732999985,0.22163829799998425,0.6321928095,0.7112169107,0.07902410120000003,6.311119216379209,7.425313748617097,1.114194532237888,0.0,1.0,0.0,1.0,0.0,1.0,Script18_MatchingBand_L2_Native,Script18_MatchingBand_L2_Native,True,False,BetaH
POW_Band_MatchingBandFlux,171,0.9500000000000001,4.316682589999997,3.7218849780000047,-0.5947976119999927,0.6321928095,0.7112169107000016,0.07902410120000158,7.021491927303034,5.228722532935998,-1.7927693943670358,0.0,1.0,0.0,1.0,0.0,1.0,Script18_MatchingBand_L2_Native,Script18_MatchingBand_L2_Native,True,False,BetaH
POW_Band_MatchingBandFlux,172,0.9555555555555556,4.177541098,3.975918528,-0.20162257000000006,0.6321928095,0.7902410119,0.15804820239999995,6.145310419063714,5.957699209979939,-0.1876112090837747,0.0,1.0,0.0,1.0,0.0,1.0,Script18_MatchingBand_L2_Native,Script18_MatchingBand_L2_Native,True,False,BetaH
POW_Band_MatchingBandFlux,173,0.9611111111111111,4.548010557,4.228212946,-0.31979761099999937,0.5531687083,0.7112169107,0.15804820240000006,7.169493729772613,5.905156631181509,-1.2643370985911044,0.0,1.0,0.0,1.0,0.0,1.0,Script18_MatchingBand_L2_Native,Script18_MatchingBand_L2_Native,True,False,BetaH
POW_Band_MatchingBandFlux,174,0.9666666666666667,4.182535091,3.948421891,-0.2341131999999999,0.7112169107,0.5531687083,-0.15804820240000006,8.171051295070736,5.991310513189476,-2.17974078188126,0.0,1.0,0.0,1.0,0.0,1.0,Script18_MatchingBand_L2_Native,Script18_MatchingBand_L2_Native,True,False,BetaH
POW_Band_MatchingBandFlux,175,0.9722222222222222,4.601118683,4.334106303,-0.2670123799999997,0.5531687083,0.7902410119,0.23707230359999998,6.490321576394383,6.2924671499887435,-0.19785442640563922,0.0,1.0,0.0,1.0,0.0,1.0,Script18_MatchingBand_L2_Native,Script18_MatchingBand_L2_Native,True,False,BetaH
POW_Band_MatchingBandFlux,176,0.9777777777777779,4.540145675999999,3.857246495999994,-0.682899180000005,0.6321928094999985,0.4741446071,-0.15804820239999845,7.4485068874471985,5.345102971040781,-2.1034039164064176,0.0,1.0,0.0,1.0,0.0,1.0,Script18_MatchingBand_L2_Native,Script18_MatchingBand_L2_Native,True,False,BetaH
POW_Band_MatchingBandFlux,177,0.9833333333333334,4.509306458999989,3.545315829000005,-0.9639906299999836,0.5531687083000048,0.47414460710000633,-0.07902410119999842,6.556788716723042,5.897032376853239,-0.6597563398698032,0.0,1.0,0.0,1.0,0.0,1.0,Script18_MatchingBand_L2_Native,Script18_MatchingBand_L2_Native,True,False,BetaH
POW_Band_MatchingBandFlux,178,0.9888888888888889,3.923226016,3.786131248,-0.1370947680000003,0.7902410119,0.7902410119,0.0,5.714386220145673,5.365357559175658,-0.3490286609700153,0.0,1.0,0.0,1.0,0.0,1.0,Script18_MatchingBand_L2_Native,Script18_MatchingBand_L2_Native,True,False,BetaH
POW_Band_MatchingBandFlux,179,0.9944444444444445,4.838863058,3.176168287,-1.6626947710000004,0.7902410119,0.7902410119,0.0,7.902879561299931,4.593717181750999,-3.3091623795489324,0.0,1.0,0.0,1.0,0.0,1.0,Script18_MatchingBand_L2_Native,Script18_MatchingBand_L2_Native,True,False,BetaH
POW_Band_MatchingBandFlux,180,1.0,4.565957321,3.790810587,-0.7751467339999998,0.6321928095,0.7902410119,0.15804820239999995,7.940748188092119,5.744547194640824,-2.1962009934512947,0.0,1.0,0.0,1.0,0.0,1.0,Script18_MatchingBand_L2_Native,Script18_MatchingBand_L2_Native,True,False,BetaH
POW_Band_MatchingBandFlux,0,0.0,2.647976475,3.232335415,0.58435894,0.3130790125,0.3913487656,0.0782697531,0.515846329852418,2.9527661646364534,2.4369198347840353,0.0,1.0,0.0,1.0,0.0,1.0,Script18_MatchingBand_L2_Native,Script18_MatchingBand_L2_Native,True,False,BetaL
POW_Band_MatchingBandFlux,1,0.005555555555555556,3.42423488,1.888537601,-1.5356972790000003,0.5531687083,0.7112169107,0.15804820240000006,6.819826351926729,3.9712327038672837,-2.848593648059445,0.0,1.0,0.0,1.0,0.0,1.0,Script18_MatchingBand_L2_Native,Script18_MatchingBand_L2_Native,True,False,BetaL
POW_Band_MatchingBandFlux,2,0.011111111111111112,2.918122246,2.374084443,-0.5440378029999997,0.2370723036,0.4741446071,0.2370723035,1.7076111502923412,3.6977380669867665,1.9901269166944253,0.0,1.0,0.0,1.0,0.0,1.0,Script18_MatchingBand_L2_Native,Script18_MatchingBand_L2_Native,True,False,BetaL
POW_Band_MatchingBandFlux,3,0.016666666666666666,3.844790716,2.915849886,-0.9289408299999997,0.3951205059,0.7112169107,0.31609640480000006,6.597970753886521,5.420309993958737,-1.1776607599277842,0.0,1.0,0.0,1.0,0.0,1.0,Script18_MatchingBand_L2_Native,Script18_MatchingBand_L2_Native,True,False,BetaL
POW_Band_MatchingBandFlux,4,0.022222222222222223,4.095313765,3.18952617,-0.9057875950000001,0.7112169107,0.7112169107,0.0,11.430761419403165,5.3725127927256935,-6.0582486266774715,0.0,1.0,0.0,1.0,0.0,1.0,Script18_MatchingBand_L2_Native,Script18_MatchingBand_L2_Native,True,False,BetaL
POW_Band_MatchingBandFlux,5,0.02777777777777778,3.735877671,3.1889967769999994,-0.5468808940000005,0.5531687083000001,0.5531687083,-1.1102230246251565e-16,8.620192865696948,6.9482958532604115,-1.6718970124365367,0.0,1.0,0.0,1.0,0.0,1.0,Script18_MatchingBand_L2_Native,Script18_MatchingBand_L2_Native,True,False,BetaL
POW_Band_MatchingBandFlux,6,0.03333333333333333,3.41107989,2.1492453,-1.2618345899999999,0.7902410119,0.5531687083,-0.23707230359999998,6.84738536040066,3.4077140886134023,-3.4396712717872573,0.0,1.0,0.0,1.0,0.0,1.0,Script18_MatchingBand_L2_Native,Script18_MatchingBand_L2_Native,True,False,BetaL
POW_Band_MatchingBandFlux,7,0.03888888888888889,3.148475312,2.357562453,-0.7909128590000001,0.7902410119,0.5531687083,-0.23707230359999998,6.914612032692673,2.6158461149115557,-4.298765917781118,0.0,1.0,0.0,1.0,0.0,1.0,Script18_MatchingBand_L2_Native,Script18_MatchingBand_L2_Native,True,False,BetaL
POW_Band_MatchingBandFlux,8,0.044444444444444446,3.673314456,2.210552098,-1.462762358,0.4741446071,0.6321928095,0.1580482024,6.940858171353366,3.6811510210900655,-3.2597071502633,0.0,1.0,0.0,1.0,0.0,1.0,Script18_MatchingBand_L2_Native,Script18_MatchingBand_L2_Native,True,False,BetaL
POW_Band_MatchingBandFlux,9,0.05,3.167853492,1.09225595,-2.0755975419999997,0.6321928095,0.4741446071,-0.1580482024,7.713756653932572,0.26298343577337624,-7.4507732181591955,0.0,1.0,0.0,1.0,0.0,1.0,Script18_MatchingBand_L2_Native,Script18_MatchingBand_L2_Native,True,False,BetaL
POW_Band_MatchingBandFlux,10,0.05555555555555556,4.162649039999999,2.6486378940000006,-1.5140111459999983,0.7112169107,0.39512050590000036,-0.3160964047999997,11.313520902696022,3.267830136743314,-8.045690765952708,0.0,1.0,0.0,1.0,0.0,1.0,Script18_MatchingBand_L2_Native,Script18_MatchingBand_L2_Native,True,False,BetaL
POW_Band_MatchingBandFlux,11,0.061111111111111116,3.5070976980000004,3.0664263559999996,-0.4406713420000008,0.7112169106999997,0.7112169106999999,2.220446049250313e-16,6.2549778338493915,5.205142143290668,-1.0498356905587238,0.0,1.0,0.0,1.0,0.0,1.0,Script18_MatchingBand_L2_Native,Script18_MatchingBand_L2_Native,True,False,BetaL
POW_Band_MatchingBandFlux,12,0.06666666666666667,3.967730753,2.796024354,-1.171706399,0.4741446071,0.6321928095,0.1580482024,8.103461986679996,4.409753998547689,-3.6937079881323065,0.0,1.0,0.0,1.0,0.0,1.0,Script18_MatchingBand_L2_Native,Script18_MatchingBand_L2_Native,True,False,BetaL
POW_Band_MatchingBandFlux,13,0.07222222222222223,3.5189427080000013,3.44401337,-0.07492933800000134,0.4741446071000002,0.7112169107000005,0.23707230360000026,7.274423164754412,5.728661934787122,-1.5457612299672903,0.0,1.0,0.0,1.0,0.0,1.0,Script18_MatchingBand_L2_Native,Script18_MatchingBand_L2_Native,True,False,BetaL
POW_Band_MatchingBandFlux,14,0.07777777777777778,4.115468571,3.371704407,-0.7437641639999999,0.5531687083,0.869265113,0.3160964047,11.429531159070208,8.101651130994913,-3.3278800280752954,0.0,1.0,0.0,1.0,0.0,1.0,Script18_MatchingBand_L2_Native,Script18_MatchingBand_L2_Native,True,False,BetaL
POW_Band_MatchingBandFlux,15,0.08333333333333334,3.8927821099999993,3.2422077029999974,-0.6505744070000019,0.3951205059000002,0.4741446071000006,0.07902410120000042,6.819544960887229,5.67123036577184,-1.148314595115389,0.0,1.0,0.0,1.0,0.0,1.0,Script18_MatchingBand_L2_Native,Script18_MatchingBand_L2_Native,True,False,BetaL
POW_Band_MatchingBandFlux,16,0.08888888888888889,3.527305925,2.227369024,-1.2999369009999997,0.4741446071,0.7112169107,0.23707230360000003,6.289848110435901,5.467468174361048,-0.8223799360748538,0.0,1.0,0.0,1.0,0.0,1.0,Script18_MatchingBand_L2_Native,Script18_MatchingBand_L2_Native,True,False,BetaL
POW_Band_MatchingBandFlux,17,0.09444444444444444,4.020567342,2.668820111,-1.3517472309999996,0.5531687083,0.6321928095,0.07902410120000003,7.903746452693444,5.038574538932123,-2.865171913761321,0.0,1.0,0.0,1.0,0.0,1.0,Script18_MatchingBand_L2_Native,Script18_MatchingBand_L2_Native,True,False,BetaL
POW_Band_MatchingBandFlux,18,0.1,4.194842073,2.622012012,-1.5728300610000003,0.6321928095,0.4741446071,-0.1580482024,9.405919149312279,6.354321159855122,-3.051597989457157,0.0,1.0,0.0,1.0,0.0,1.0,Script18_MatchingBand_L2_Native,Script18_MatchingBand_L2_Native,True,False,BetaL
POW_Band_MatchingBandFlux,19,0.10555555555555556,3.913662903,3.076456881,-0.8372060220000002,0.6321928095,0.3160964047,-0.3160964048,8.81151817941194,6.652096574990616,-2.1594216044213246,0.0,1.0,0.0,1.0,0.0,1.0,Script18_MatchingBand_L2_Native,Script18_MatchingBand_L2_Native,True,False,BetaL
POW_Band_MatchingBandFlux,20,0.11111111111111112,3.2046544820000014,2.7378643010000006,-0.4667901810000008,0.5531687083,0.7112169107,0.15804820240000006,6.173028772543698,6.368486907020355,0.19545813447665683,0.0,1.0,0.0,1.0,0.0,1.0,Script18_MatchingBand_L2_Native,Script18_MatchingBand_L2_Native,True,False,BetaL
POW_Band_MatchingBandFlux,21,0.11666666666666667,3.711402785,2.852288866,-0.8591139190000003,0.5531687083,0.7112169107,0.15804820240000006,9.9306051340688,5.640167943216646,-4.290437190852154,0.0,1.0,0.0,1.0,0.0,1.0,Script18_MatchingBand_L2_Native,Script18_MatchingBand_L2_Native,True,False,BetaL
POW_Band_MatchingBandFlux,22,0.12222222222222223,3.7862932859999985,3.0926358380000005,-0.693657447999998,0.6321928094999996,0.6321928094999998,2.220446049250313e-16,11.34755249455676,5.429304698384176,-5.918247796172584,0.0,1.0,0.0,1.0,0.0,1.0,Script18_MatchingBand_L2_Native,Script18_MatchingBand_L2_Native,True,False,BetaL
POW_Band_MatchingBandFlux,23,0.1277777777777778,3.318736078000002,3.310281485999999,-0.008454592000002759,0.4741446071000008,0.5531687083000008,0.07902410119999997,6.60332415182481,6.658330608828092,0.055006457003281994,0.0,1.0,0.0,1.0,0.0,1.0,Script18_MatchingBand_L2_Native,Script18_MatchingBand_L2_Native,True,False,BetaL
POW_Band_MatchingBandFlux,24,0.13333333333333333,3.645278747,3.08822551,-0.5570532369999999,0.6321928095,0.7112169107,0.07902410120000003,7.0435555436146915,6.474790901013009,-0.5687646426016828,0.0,1.0,0.0,1.0,0.0,1.0,Script18_MatchingBand_L2_Native,Script18_MatchingBand_L2_Native,True,False,BetaL
POW_Band_MatchingBandFlux,25,0.1388888888888889,3.912991056,3.594188186,-0.3188028700000003,0.6321928095,0.3951205059,-0.23707230360000003,14.106423827467584,7.074456382475523,-7.031967444992061,0.0,1.0,0.0,1.0,0.0,1.0,Script18_MatchingBand_L2_Native,Script18_MatchingBand_L2_Native,True,False,BetaL
POW_Band_MatchingBandFlux,26,0.14444444444444446,3.856084553,2.9571066579999976,-0.8989778950000025,0.7902410118999992,0.7902410118999995,3.3306690738754696e-16,12.491303714081837,5.875254528213122,-6.616049185868715,0.0,1.0,0.0,1.0,0.0,1.0,Script18_MatchingBand_L2_Native,Script18_MatchingBand_L2_Native,True,False,BetaL
POW_Band_MatchingBandFlux,27,0.15,3.883761631,2.483539234,-1.4002223969999998,0.6321928095,0.7112169107,0.07902410120000003,9.023755864681217,4.3443890144713215,-4.679366850209895,0.0,1.0,0.0,1.0,0.0,1.0,Script18_MatchingBand_L2_Native,Script18_MatchingBand_L2_Native,True,False,BetaL
POW_Band_MatchingBandFlux,28,0.15555555555555556,3.990687848,2.946038021,-1.0446498269999998,0.5531687083,0.869265113,0.3160964047,6.721649788157022,7.097316534266822,0.37566674610980044,0.0,1.0,0.0,1.0,0.0,1.0,Script18_MatchingBand_L2_Native,Script18_MatchingBand_L2_Native,True,False,BetaL
POW_Band_MatchingBandFlux,29,0.16111111111111112,3.689147117,3.2912998,-0.3978473170000001,0.6321928095,0.7902410119,0.15804820239999995,6.981437129590169,10.293487832396789,3.3120507028066193,0.0,1.0,0.0,1.0,0.0,1.0,Script18_MatchingBand_L2_Native,Script18_MatchingBand_L2_Native,True,False,BetaL
POW_Band_MatchingBandFlux,30,0.16666666666666669,3.695234284999999,3.290488214,-0.40474607099999904,0.6321928094999992,0.7112169106999993,0.07902410120000003,8.184500524847744,7.666544143806036,-0.5179563810417074,0.0,1.0,0.0,1.0,0.0,1.0,Script18_MatchingBand_L2_Native,Script18_MatchingBand_L2_Native,True,False,BetaL
POW_Band_MatchingBandFlux,31,0.17222222222222222,3.43309244,3.280690587,-0.15240185299999975,0.4741446071,0.5531687083,0.07902410119999997,6.244668989705881,7.067681275423433,0.8230122857175521,0.0,1.0,0.0,1.0,0.0,1.0,Script18_MatchingBand_L2_Native,Script18_MatchingBand_L2_Native,True,False,BetaL
POW_Band_MatchingBandFlux,32,0.17777777777777778,4.146762239,3.30713478,-0.8396274589999999,0.5531687083,0.7902410119,0.23707230359999998,10.277561664013104,8.229096825789174,-2.0484648382239303,0.0,1.0,0.0,1.0,0.0,1.0,Script18_MatchingBand_L2_Native,Script18_MatchingBand_L2_Native,True,False,BetaL
POW_Band_MatchingBandFlux,33,0.18333333333333335,3.789588326999999,2.4642055370000007,-1.3253827899999981,0.7112169107,0.7112169106999993,-7.771561172376096e-16,10.677778643315767,5.613197618085338,-5.064581025230429,0.0,1.0,0.0,1.0,0.0,1.0,Script18_MatchingBand_L2_Native,Script18_MatchingBand_L2_Native,True,False,BetaL
POW_Band_MatchingBandFlux,34,0.18888888888888888,3.493066887,2.614796723,-0.8782701639999999,0.7112169107,0.5531687083,-0.15804820240000006,9.039489585797696,4.88739554169263,-4.152094044105066,0.0,1.0,0.0,1.0,0.0,1.0,Script18_MatchingBand_L2_Native,Script18_MatchingBand_L2_Native,True,False,BetaL
POW_Band_MatchingBandFlux,35,0.19444444444444445,2.996282448,3.170440785,0.17415833699999972,0.5531687083,0.6321928095,0.07902410120000003,6.797070527610741,7.305767008499725,0.5086964808889842,0.0,1.0,0.0,1.0,0.0,1.0,Script18_MatchingBand_L2_Native,Script18_MatchingBand_L2_Native,True,False,BetaL
POW_Band_MatchingBandFlux,36,0.2,3.373383055,2.811923573,-0.5614594820000001,0.5531687083,0.7112169107,0.15804820240000006,6.067972381685088,6.211896220260124,0.1439238385750361,0.0,1.0,0.0,1.0,0.0,1.0,Script18_MatchingBand_L2_Native,Script18_MatchingBand_L2_Native,True,False,BetaL
POW_Band_MatchingBandFlux,37,0.20555555555555557,3.7181400229999997,2.8833031399999998,-0.8348368829999999,0.6321928095000008,0.8692651129999992,0.23707230349999842,8.137555753091505,5.6510503409103,-2.486505412181205,0.0,1.0,0.0,1.0,0.0,1.0,Script18_MatchingBand_L2_Native,Script18_MatchingBand_L2_Native,True,False,BetaL
POW_Band_MatchingBandFlux,38,0.2111111111111111,3.672663668,2.791587213,-0.8810764550000001,0.7902410119,0.7112169107,-0.07902410119999992,6.817714636898524,6.94772808895463,0.13001345205610626,0.0,1.0,0.0,1.0,0.0,1.0,Script18_MatchingBand_L2_Native,Script18_MatchingBand_L2_Native,True,False,BetaL
POW_Band_MatchingBandFlux,39,0.21666666666666667,4.151641733,3.616716889,-0.5349248439999998,0.7112169107,0.5531687083,-0.15804820240000006,9.754174926627908,7.927676983725798,-1.82649794290211,0.0,1.0,0.0,1.0,0.0,1.0,Script18_MatchingBand_L2_Native,Script18_MatchingBand_L2_Native,True,False,BetaL
POW_Band_MatchingBandFlux,40,0.22222222222222224,4.194502120999998,2.542382262000004,-1.6521198589999946,0.7112169107,0.7902410118999984,0.07902410119999836,11.34525369933205,6.965587407777744,-4.379666291554305,0.0,1.0,0.0,1.0,0.0,1.0,Script18_MatchingBand_L2_Native,Script18_MatchingBand_L2_Native,True,False,BetaL
POW_Band_MatchingBandFlux,41,0.22777777777777777,3.815870945,3.303955273,-0.5119156719999998,0.7112169107,0.4741446071,-0.23707230360000003,10.621728083280544,5.823458113804014,-4.7982699694765305,0.0,1.0,0.0,1.0,0.0,1.0,Script18_MatchingBand_L2_Native,Script18_MatchingBand_L2_Native,True,False,BetaL
POW_Band_MatchingBandFlux,42,0.23333333333333334,3.654986377,2.921575126,-0.7334112510000002,0.5531687083,0.7902410119,0.23707230359999998,9.938884541511545,7.364109119780993,-2.5747754217305516,0.0,1.0,0.0,1.0,0.0,1.0,Script18_MatchingBand_L2_Native,Script18_MatchingBand_L2_Native,True,False,BetaL
POW_Band_MatchingBandFlux,43,0.2388888888888889,3.88256939,3.827255286,-0.05531410399999981,0.7902410119,0.4741446071,-0.31609640479999995,11.509522205119906,9.517470785465795,-1.9920514196541106,0.0,1.0,0.0,1.0,0.0,1.0,Script18_MatchingBand_L2_Native,Script18_MatchingBand_L2_Native,True,False,BetaL
POW_Band_MatchingBandFlux,44,0.24444444444444446,3.698785429,3.331051597999997,-0.3677338310000029,0.5531687083,0.5531687083000008,7.771561172376096e-16,7.829744839217322,7.944381977900702,0.11463713868337955,0.0,1.0,0.0,1.0,0.0,1.0,Script18_MatchingBand_L2_Native,Script18_MatchingBand_L2_Native,True,False,BetaL
POW_Band_MatchingBandFlux,45,0.25,3.666333636,2.684693912,-0.9816397239999999,0.5531687083,0.7112169107,0.15804820240000006,8.17809806763579,6.992878536312226,-1.1852195313235647,0.0,1.0,0.0,1.0,0.0,1.0,Script18_MatchingBand_L2_Native,Script18_MatchingBand_L2_Native,True,False,BetaL
POW_Band_MatchingBandFlux,46,0.2555555555555556,4.217730752999998,3.029706741999997,-1.1880240110000009,0.5531687083000023,0.4741446071000024,-0.07902410119999992,10.975936115695076,6.498127986517059,-4.477808129178016,0.0,1.0,0.0,1.0,0.0,1.0,Script18_MatchingBand_L2_Native,Script18_MatchingBand_L2_Native,True,False,BetaL
POW_Band_MatchingBandFlux,47,0.2611111111111111,4.007132716,2.702504538,-1.3046281780000002,0.7902410119,0.7112169107,-0.07902410119999992,11.1311127438967,5.701009472225724,-5.430103271670976,0.0,1.0,0.0,1.0,0.0,1.0,Script18_MatchingBand_L2_Native,Script18_MatchingBand_L2_Native,True,False,BetaL
POW_Band_MatchingBandFlux,48,0.26666666666666666,3.59003396,3.358094503,-0.23193945700000018,0.7112169107,0.6321928095,-0.07902410120000003,8.062363211666604,7.978854159297132,-0.0835090523694717,0.0,1.0,0.0,1.0,0.0,1.0,Script18_MatchingBand_L2_Native,Script18_MatchingBand_L2_Native,True,False,BetaL
POW_Band_MatchingBandFlux,49,0.27222222222222225,3.701928067000004,2.7281637259999973,-0.9737643410000065,0.7112169107000008,0.6321928095000008,-0.07902410120000003,9.15773934902696,4.841053961345765,-4.316685387681194,0.0,1.0,0.0,1.0,0.0,1.0,Script18_MatchingBand_L2_Native,Script18_MatchingBand_L2_Native,True,False,BetaL
POW_Band_MatchingBandFlux,50,0.2777777777777778,4.101695154,2.480823321,-1.6208718329999998,0.7902410119,0.7112169107,-0.07902410119999992,12.959612617350441,6.570670068687765,-6.388942548662676,0.0,1.0,0.0,1.0,0.0,1.0,Script18_MatchingBand_L2_Native,Script18_MatchingBand_L2_Native,True,False,BetaL
POW_Band_MatchingBandFlux,51,0.2833333333333333,3.730636447,3.458378774,-0.27225767300000037,0.6321928095,0.7112169107,0.07902410120000003,8.592932585448079,7.9010683619145805,-0.6918642235334982,0.0,1.0,0.0,1.0,0.0,1.0,Script18_MatchingBand_L2_Native,Script18_MatchingBand_L2_Native,True,False,BetaL
POW_Band_MatchingBandFlux,52,0.2888888888888889,3.8329114059999956,3.5644134699999936,-0.26849793600000194,0.7902410118999984,0.47414460710000317,-0.31609640479999523,9.999680804850756,7.696719254457604,-2.302961550393152,0.0,1.0,0.0,1.0,0.0,1.0,Script18_MatchingBand_L2_Native,Script18_MatchingBand_L2_Native,True,False,BetaL
POW_Band_MatchingBandFlux,53,0.29444444444444445,3.398875623,2.959226979,-0.43964864400000003,0.6321928095,0.7902410119,0.15804820239999995,8.754937959867641,7.083031969967811,-1.6719059898998303,0.0,1.0,0.0,1.0,0.0,1.0,Script18_MatchingBand_L2_Native,Script18_MatchingBand_L2_Native,True,False,BetaL
POW_Band_MatchingBandFlux,54,0.3,3.286346707,3.149302135,-0.13704457199999975,0.3951205059,0.7112169107,0.31609640480000006,5.774228693208376,6.9465132800737,1.1722845868653238,0.0,1.0,0.0,1.0,0.0,1.0,Script18_MatchingBand_L2_Native,Script18_MatchingBand_L2_Native,True,False,BetaL
POW_Band_MatchingBandFlux,55,0.3055555555555556,3.643488383,3.515155797,-0.12833258600000041,0.7112169107,0.5531687083,-0.15804820240000006,8.522662009495896,8.719400886378082,0.19673887688218628,0.0,1.0,0.0,1.0,0.0,1.0,Script18_MatchingBand_L2_Native,Script18_MatchingBand_L2_Native,True,False,BetaL
POW_Band_MatchingBandFlux,56,0.3111111111111111,3.869842073,3.451311901,-0.4185301720000001,0.6321928095,0.4741446071,-0.1580482024,8.916817179477466,6.525315410380004,-2.391501769097462,0.0,1.0,0.0,1.0,0.0,1.0,Script18_MatchingBand_L2_Native,Script18_MatchingBand_L2_Native,True,False,BetaL
POW_Band_MatchingBandFlux,57,0.31666666666666665,3.443339981,3.146181357,-0.2971586239999997,0.7112169107,0.5531687083,-0.15804820240000006,9.059687888110577,6.222869074711536,-2.8368188133990415,0.0,1.0,0.0,1.0,0.0,1.0,Script18_MatchingBand_L2_Native,Script18_MatchingBand_L2_Native,True,False,BetaL
POW_Band_MatchingBandFlux,58,0.32222222222222224,3.120584583,2.585875015,-0.5347095679999998,0.6321928095,0.7112169107,0.07902410120000003,5.803503799035498,5.41422874345346,-0.3892750555820381,0.0,1.0,0.0,1.0,0.0,1.0,Script18_MatchingBand_L2_Native,Script18_MatchingBand_L2_Native,True,False,BetaL
POW_Band_MatchingBandFlux,59,0.3277777777777778,3.922011998,2.870883356,-1.0511286419999997,0.7902410119,0.7112169107,-0.07902410119999992,15.81274522526272,6.206846143111876,-9.605899082150845,0.0,1.0,0.0,1.0,0.0,1.0,Script18_MatchingBand_L2_Native,Script18_MatchingBand_L2_Native,True,False,BetaL
POW_Band_MatchingBandFlux,60,0.33333333333333337,3.5249931040000084,3.646777542999993,0.1217844389999847,0.6321928095000008,0.4741446071000008,-0.1580482024,7.391650532775544,6.741424285775992,-0.6502262469995523,0.0,1.0,0.0,1.0,0.0,1.0,Script18_MatchingBand_L2_Native,Script18_MatchingBand_L2_Native,True,False,BetaL
POW_Band_MatchingBandFlux,61,0.3388888888888889,4.388897358,2.973186717,-1.4157106410000004,0.7112169107,0.5531687083,-0.15804820240000006,12.476395470388074,6.599453253884649,-5.876942216503425,0.0,1.0,0.0,1.0,0.0,1.0,Script18_MatchingBand_L2_Native,Script18_MatchingBand_L2_Native,True,False,BetaL
POW_Band_MatchingBandFlux,62,0.34444444444444444,4.135066027,3.455556745,-0.6795092819999997,0.3951205059,0.7112169107,0.31609640480000006,11.321683848570236,8.080914938549284,-3.240768910020952,0.0,1.0,0.0,1.0,0.0,1.0,Script18_MatchingBand_L2_Native,Script18_MatchingBand_L2_Native,True,False,BetaL
POW_Band_MatchingBandFlux,63,0.35000000000000003,3.7485266700000035,3.472312650999993,-0.2762140190000104,0.7112169106999993,0.7112169106999993,0.0,8.09182650674637,9.208310054056547,1.1164835473101764,0.0,1.0,0.0,1.0,0.0,1.0,Script18_MatchingBand_L2_Native,Script18_MatchingBand_L2_Native,True,False,BetaL
POW_Band_MatchingBandFlux,64,0.35555555555555557,4.092098204,2.753371667,-1.3387265369999999,0.6321928095,0.6321928095,0.0,9.747281732653207,8.472777907789354,-1.274503824863853,0.0,1.0,0.0,1.0,0.0,1.0,Script18_MatchingBand_L2_Native,Script18_MatchingBand_L2_Native,True,False,BetaL
POW_Band_MatchingBandFlux,65,0.3611111111111111,3.812651103,2.672134737,-1.140516366,0.7112169107,0.7112169107,0.0,9.263964490629888,7.038719585959363,-2.225244904670525,0.0,1.0,0.0,1.0,0.0,1.0,Script18_MatchingBand_L2_Native,Script18_MatchingBand_L2_Native,True,False,BetaL
POW_Band_MatchingBandFlux,66,0.3666666666666667,3.3767618149999996,3.028300666000005,-0.3484611489999945,0.8692651129999992,0.7112169107,-0.15804820229999916,9.633535074616546,6.946760255694899,-2.6867748189216467,0.0,1.0,0.0,1.0,0.0,1.0,Script18_MatchingBand_L2_Native,Script18_MatchingBand_L2_Native,True,False,BetaL
POW_Band_MatchingBandFlux,67,0.37222222222222223,3.32266413,3.542743993,0.22007986300000004,0.7902410119,0.7112169107,-0.07902410119999992,8.511260778641114,8.02763281187513,-0.48362796676598485,0.0,1.0,0.0,1.0,0.0,1.0,Script18_MatchingBand_L2_Native,Script18_MatchingBand_L2_Native,True,False,BetaL
POW_Band_MatchingBandFlux,68,0.37777777777777777,4.171039034,3.022566227,-1.1484728069999997,0.7902410119,0.7902410119,0.0,13.582439120479426,8.417899471839288,-5.1645396486401385,0.0,1.0,0.0,1.0,0.0,1.0,Script18_MatchingBand_L2_Native,Script18_MatchingBand_L2_Native,True,False,BetaL
POW_Band_MatchingBandFlux,69,0.38333333333333336,3.309011389,3.531501512,0.22249012300000004,0.6321928095,0.7902410119,0.15804820239999995,11.158732133369707,8.148778392778848,-3.009953740590859,0.0,1.0,0.0,1.0,0.0,1.0,Script18_MatchingBand_L2_Native,Script18_MatchingBand_L2_Native,True,False,BetaL
POW_Band_MatchingBandFlux,70,0.3888888888888889,3.323027925,2.935399505,-0.38762842,0.4741446071,0.7112169107,0.23707230360000003,6.421865683396595,6.5610372777974515,0.1391715944008567,0.0,1.0,0.0,1.0,0.0,1.0,Script18_MatchingBand_L2_Native,Script18_MatchingBand_L2_Native,True,False,BetaL
POW_Band_MatchingBandFlux,71,0.3944444444444445,4.169990870999993,3.298130640000001,-0.8718602309999923,0.7112169107000008,0.5531687083,-0.15804820240000084,13.00759568106271,6.609973184978402,-6.397622496084309,0.0,1.0,0.0,1.0,0.0,1.0,Script18_MatchingBand_L2_Native,Script18_MatchingBand_L2_Native,True,False,BetaL
POW_Band_MatchingBandFlux,72,0.4,3.46105657,3.382282859,-0.07877371100000019,0.7902410119,0.5531687083,-0.23707230359999998,9.779671185577584,6.4977788358779565,-3.2818923496996275,0.0,1.0,0.0,1.0,0.0,1.0,Script18_MatchingBand_L2_Native,Script18_MatchingBand_L2_Native,True,False,BetaL
POW_Band_MatchingBandFlux,73,0.40555555555555556,3.733710273,2.638473167,-1.095237106,0.6321928095,0.5531687083,-0.07902410120000003,5.988295559561154,5.401665181014172,-0.5866303785469817,0.0,1.0,0.0,1.0,0.0,1.0,Script18_MatchingBand_L2_Native,Script18_MatchingBand_L2_Native,True,False,BetaL
POW_Band_MatchingBandFlux,74,0.41111111111111115,4.1703158289999935,2.546613750000006,-1.6237020789999876,0.6321928095,0.7112169107,0.07902410120000003,9.662804038486653,7.077758049806489,-2.5850459886801644,0.0,1.0,0.0,1.0,0.0,1.0,Script18_MatchingBand_L2_Native,Script18_MatchingBand_L2_Native,True,False,BetaL
POW_Band_MatchingBandFlux,75,0.4166666666666667,3.587502305,3.105882137,-0.48162016800000007,0.6321928095,0.7112169107,0.07902410120000003,9.55139622127861,7.149087437252423,-2.4023087840261867,0.0,1.0,0.0,1.0,0.0,1.0,Script18_MatchingBand_L2_Native,Script18_MatchingBand_L2_Native,True,False,BetaL
POW_Band_MatchingBandFlux,76,0.4222222222222222,4.064188016,3.274235343,-0.7899526730000002,0.4741446071,0.6321928095,0.1580482024,12.100373713554138,7.145096004609488,-4.95527770894465,0.0,1.0,0.0,1.0,0.0,1.0,Script18_MatchingBand_L2_Native,Script18_MatchingBand_L2_Native,True,False,BetaL
POW_Band_MatchingBandFlux,77,0.4277777777777778,4.269065446999995,3.4174210979999966,-0.8516443489999981,0.5531687083000015,0.4741446071000008,-0.07902410120000075,11.461288785701582,8.63452848458871,-2.8267603011128717,0.0,1.0,0.0,1.0,0.0,1.0,Script18_MatchingBand_L2_Native,Script18_MatchingBand_L2_Native,True,False,BetaL
POW_Band_MatchingBandFlux,78,0.43333333333333335,3.736402785,3.063494786,-0.672907999,0.7112169107,0.5531687083,-0.15804820240000006,13.037391406055127,8.394094229079181,-4.6432971769759455,0.0,1.0,0.0,1.0,0.0,1.0,Script18_MatchingBand_L2_Native,Script18_MatchingBand_L2_Native,True,False,BetaL
POW_Band_MatchingBandFlux,79,0.4388888888888889,3.779676723,3.579820338,-0.19985638499999991,0.6321928095,0.6321928095,0.0,8.223279369493445,9.529504913458222,1.3062255439647767,0.0,1.0,0.0,1.0,0.0,1.0,Script18_MatchingBand_L2_Native,Script18_MatchingBand_L2_Native,True,False,BetaL
POW_Band_MatchingBandFlux,80,0.4444444444444445,3.31253660500001,3.810481640999995,0.4979450359999853,0.5531687083000008,0.4741446071000024,-0.07902410119999836,7.479163593919804,8.8859938133975,1.4068302194776958,0.0,1.0,0.0,1.0,0.0,1.0,Script18_MatchingBand_L2_Native,Script18_MatchingBand_L2_Native,True,False,BetaL
POW_Band_MatchingBandFlux,81,0.45,4.283817709,3.304579963,-0.9792377459999999,0.6321928095,0.7112169107,0.07902410120000003,11.08022749796833,6.289484723132933,-4.7907427748353975,0.0,1.0,0.0,1.0,0.0,1.0,Script18_MatchingBand_L2_Native,Script18_MatchingBand_L2_Native,True,False,BetaL
POW_Band_MatchingBandFlux,82,0.45555555555555555,4.014473829,3.050664233,-0.9638095959999999,0.5531687083,0.5531687083,0.0,10.732729678188537,5.418898716861457,-5.31383096132708,0.0,1.0,0.0,1.0,0.0,1.0,Script18_MatchingBand_L2_Native,Script18_MatchingBand_L2_Native,True,False,BetaL
POW_Band_MatchingBandFlux,83,0.46111111111111114,3.979950014,3.490395435,-0.489554579,0.6321928095,0.6321928095,0.0,11.124867026890124,7.153246806333087,-3.9716202205570372,0.0,1.0,0.0,1.0,0.0,1.0,Script18_MatchingBand_L2_Native,Script18_MatchingBand_L2_Native,True,False,BetaL
POW_Band_MatchingBandFlux,84,0.4666666666666667,3.901441578,3.047767285,-0.8536742930000001,0.7112169107,0.5531687083,-0.15804820240000006,10.812297674374026,6.536276258373979,-4.276021416000047,0.0,1.0,0.0,1.0,0.0,1.0,Script18_MatchingBand_L2_Native,Script18_MatchingBand_L2_Native,True,False,BetaL
POW_Band_MatchingBandFlux,85,0.47222222222222227,4.032535090999999,3.2097361950000036,-0.8227988959999952,0.7112169107,0.6321928095,-0.07902410120000003,10.46103026000315,6.988200693777024,-3.4728295662261264,0.0,1.0,0.0,1.0,0.0,1.0,Script18_MatchingBand_L2_Native,Script18_MatchingBand_L2_Native,True,False,BetaL
POW_Band_MatchingBandFlux,86,0.4777777777777778,3.939730188,3.544483125,-0.3952470629999998,0.7112169107,0.6321928095,-0.07902410120000003,9.965140357848071,7.972161246734531,-1.9929791111135398,0.0,1.0,0.0,1.0,0.0,1.0,Script18_MatchingBand_L2_Native,Script18_MatchingBand_L2_Native,True,False,BetaL
POW_Band_MatchingBandFlux,87,0.48333333333333334,4.096090391,3.098630528,-0.9974598629999996,0.6321928095,0.6321928095,0.0,12.383706074905255,7.054385821110541,-5.329320253794714,0.0,1.0,0.0,1.0,0.0,1.0,Script18_MatchingBand_L2_Native,Script18_MatchingBand_L2_Native,True,False,BetaL
POW_Band_MatchingBandFlux,88,0.48888888888888893,3.8534151649999995,3.96005992299999,0.10664475799999051,0.5531687083000008,0.31609640470000316,-0.2370723035999976,10.331005491725358,7.656318572514566,-2.6746869192107923,0.0,1.0,0.0,1.0,0.0,1.0,Script18_MatchingBand_L2_Native,Script18_MatchingBand_L2_Native,True,False,BetaL
POW_Band_MatchingBandFlux,89,0.49444444444444446,3.791010742,2.922317453,-0.8686932890000003,0.6321928095,0.6321928095,0.0,10.529205700571977,5.536939980934776,-4.9922657196372,0.0,1.0,0.0,1.0,0.0,1.0,Script18_MatchingBand_L2_Native,Script18_MatchingBand_L2_Native,True,False,BetaL
POW_Band_MatchingBandFlux,90,0.5,3.622521807,2.899486393,-0.7230354139999999,0.7112169107,0.7112169107,0.0,8.66716497716559,6.142273079160751,-2.5248918980048396,0.0,1.0,0.0,1.0,0.0,1.0,Script18_MatchingBand_L2_Native,Script18_MatchingBand_L2_Native,True,False,BetaL
POW_Band_MatchingBandFlux,91,0.5055555555555555,3.619790716,3.230511491,-0.3892792249999997,0.7112169107,0.5531687083,-0.15804820240000006,9.409606247949498,5.896181544446279,-3.513424703503219,0.0,1.0,0.0,1.0,0.0,1.0,Script18_MatchingBand_L2_Native,Script18_MatchingBand_L2_Native,True,False,BetaL
POW_Band_MatchingBandFlux,92,0.5111111111111112,3.9408276450000046,3.5065408109999927,-0.4342868340000119,0.7112169106999985,0.7902410118999936,0.07902410119999514,9.552167963969012,8.751227338074493,-0.8009406258945191,0.0,1.0,0.0,1.0,0.0,1.0,Script18_MatchingBand_L2_Native,Script18_MatchingBand_L2_Native,True,False,BetaL
POW_Band_MatchingBandFlux,93,0.5166666666666667,4.160554777,3.160841111,-0.9997136659999999,0.6321928095,0.4741446071,-0.1580482024,12.255875128897902,7.479824733789363,-4.7760503951085385,0.0,1.0,0.0,1.0,0.0,1.0,Script18_MatchingBand_L2_Native,Script18_MatchingBand_L2_Native,True,False,BetaL
POW_Band_MatchingBandFlux,94,0.5222222222222223,3.671073333,3.399470054,-0.2716032789999998,0.5531687083,0.7112169107,0.15804820240000006,9.936468403340545,8.24653237451673,-1.6899360288238139,0.0,1.0,0.0,1.0,0.0,1.0,Script18_MatchingBand_L2_Native,Script18_MatchingBand_L2_Native,True,False,BetaL
POW_Band_MatchingBandFlux,95,0.5277777777777778,3.758111561,3.220164967,-0.5379465940000001,0.7112169107,0.7112169107,0.0,7.706526409706187,8.42004114351527,0.7135147338090828,0.0,1.0,0.0,1.0,0.0,1.0,Script18_MatchingBand_L2_Native,Script18_MatchingBand_L2_Native,True,False,BetaL
POW_Band_MatchingBandFlux,96,0.5333333333333333,3.070638723,3.683094503,0.6124557799999999,0.7112169107,0.5531687083,-0.15804820240000006,9.009011278897203,9.419642857918017,0.41063157902081393,0.0,1.0,0.0,1.0,0.0,1.0,Script18_MatchingBand_L2_Native,Script18_MatchingBand_L2_Native,True,False,BetaL
POW_Band_MatchingBandFlux,97,0.5388888888888889,3.646361928,3.446771199,-0.19959072900000008,0.4741446071,0.7112169107,0.23707230360000003,7.133347592661396,8.469942594677386,1.33659500201599,0.0,1.0,0.0,1.0,0.0,1.0,Script18_MatchingBand_L2_Native,Script18_MatchingBand_L2_Native,True,False,BetaL
POW_Band_MatchingBandFlux,98,0.5444444444444445,3.489652886000005,3.2007358929999965,-0.2889169930000084,0.6321928094999985,0.7902410118999984,0.15804820239999995,5.513730997307732,9.764066194096113,4.250335196788381,0.0,1.0,0.0,1.0,0.0,1.0,Script18_MatchingBand_L2_Native,Script18_MatchingBand_L2_Native,True,False,BetaL
POW_Band_MatchingBandFlux,99,0.55,3.739388172,3.018232545,-0.7211556269999999,0.5531687083,0.7112169107,0.15804820240000006,7.557297401310507,7.393247695046973,-0.16404970626353332,0.0,1.0,0.0,1.0,0.0,1.0,Script18_MatchingBand_L2_Native,Script18_MatchingBand_L2_Native,True,False,BetaL
POW_Band_MatchingBandFlux,100,0.5555555555555556,4.264911221,3.361529804,-0.9033814170000003,0.4741446071,0.869265113,0.3951205059,12.742954504683773,9.136957468321693,-3.60599703636208,0.0,1.0,0.0,1.0,0.0,1.0,Script18_MatchingBand_L2_Native,Script18_MatchingBand_L2_Native,True,False,BetaL
POW_Band_MatchingBandFlux,101,0.5611111111111111,4.054549704,3.212769122,-0.8417805820000002,0.5531687083,0.4741446071,-0.07902410119999997,7.383665875688978,7.135627333943001,-0.24803854174597717,0.0,1.0,0.0,1.0,0.0,1.0,Script18_MatchingBand_L2_Native,Script18_MatchingBand_L2_Native,True,False,BetaL
POW_Band_MatchingBandFlux,102,0.5666666666666667,4.215957321,3.452703136,-0.7632541850000005,0.6321928095,0.6321928095,0.0,10.720521521081869,7.874990901611608,-2.845530619470261,0.0,1.0,0.0,1.0,0.0,1.0,Script18_MatchingBand_L2_Native,Script18_MatchingBand_L2_Native,True,False,BetaL
POW_Band_MatchingBandFlux,103,0.5722222222222223,4.183583253999979,2.6901526160000113,-1.4934306379999676,0.5531687083,0.7112169107,0.15804820240000006,7.484640729725224,7.05505336575527,-0.42958736396995434,0.0,1.0,0.0,1.0,0.0,1.0,Script18_MatchingBand_L2_Native,Script18_MatchingBand_L2_Native,True,False,BetaL
POW_Band_MatchingBandFlux,104,0.5777777777777778,3.1325305540000117,3.2500126880000004,0.11748213399998875,0.5531687082999969,0.7112169107,0.15804820240000317,5.120187723735187,8.436296812012195,3.316109088277008,0.0,1.0,0.0,1.0,0.0,1.0,Script18_MatchingBand_L2_Native,Script18_MatchingBand_L2_Native,True,False,BetaL
POW_Band_MatchingBandFlux,105,0.5833333333333334,3.718201726,3.273329412,-0.4448723140000004,0.3951205059,0.7112169107,0.31609640480000006,7.35966309935054,8.883741992883817,1.524078893533277,0.0,1.0,0.0,1.0,0.0,1.0,Script18_MatchingBand_L2_Native,Script18_MatchingBand_L2_Native,True,False,BetaL
POW_Band_MatchingBandFlux,106,0.5888888888888889,3.609629353,3.239435711,-0.3701936419999998,0.7112169107,0.6321928095,-0.07902410120000003,9.5796176140711,6.20561384278034,-3.3740037712907602,0.0,1.0,0.0,1.0,0.0,1.0,Script18_MatchingBand_L2_Native,Script18_MatchingBand_L2_Native,True,False,BetaL
POW_Band_MatchingBandFlux,107,0.5944444444444444,3.699574833,3.184306459,-0.5152683739999997,0.4741446071,0.6321928095,0.1580482024,7.51870451228292,5.240088398795093,-2.2786161134878267,0.0,1.0,0.0,1.0,0.0,1.0,Script18_MatchingBand_L2_Native,Script18_MatchingBand_L2_Native,True,False,BetaL
POW_Band_MatchingBandFlux,108,0.6,3.377827432,3.542921907,0.16509447500000007,0.5531687083,0.6321928095,0.07902410120000003,8.810423603169522,7.676758373633084,-1.1336652295364376,0.0,1.0,0.0,1.0,0.0,1.0,Script18_MatchingBand_L2_Native,Script18_MatchingBand_L2_Native,True,False,BetaL
POW_Band_MatchingBandFlux,109,0.6055555555555556,3.934506614000004,3.2358361779999956,-0.6986704360000084,0.6321928095000016,0.7902410118999968,0.15804820239999529,11.255507840570214,9.363074379031914,-1.8924334615382996,0.0,1.0,0.0,1.0,0.0,1.0,Script18_MatchingBand_L2_Native,Script18_MatchingBand_L2_Native,True,False,BetaL
POW_Band_MatchingBandFlux,110,0.6111111111111112,4.128903915,3.011904056,-1.1169998590000003,0.7112169107,0.6321928095,-0.07902410120000003,9.729356464729404,8.663026858068678,-1.0663296066607266,0.0,1.0,0.0,1.0,0.0,1.0,Script18_MatchingBand_L2_Native,Script18_MatchingBand_L2_Native,True,False,BetaL
POW_Band_MatchingBandFlux,111,0.6166666666666667,4.221562084,3.495313765,-0.7262483190000002,0.7112169107,0.3160964047,-0.39512050600000004,10.534338553417397,8.37702978960846,-2.1573087638089365,0.0,1.0,0.0,1.0,0.0,1.0,Script18_MatchingBand_L2_Native,Script18_MatchingBand_L2_Native,True,False,BetaL
POW_Band_MatchingBandFlux,112,0.6222222222222222,4.534017864,2.930208733,-1.6038091309999998,0.4741446071,0.9482892142,0.4741446071,7.353152750943628,6.870161771917107,-0.4829909790265212,0.0,1.0,0.0,1.0,0.0,1.0,Script18_MatchingBand_L2_Native,Script18_MatchingBand_L2_Native,True,False,BetaL
POW_Band_MatchingBandFlux,113,0.6277777777777778,3.687179411,3.093358581,-0.5938208299999999,0.6321928095,0.7112169107,0.07902410120000003,9.198386500124194,7.095807297641118,-2.102579202483076,0.0,1.0,0.0,1.0,0.0,1.0,Script18_MatchingBand_L2_Native,Script18_MatchingBand_L2_Native,True,False,BetaL
POW_Band_MatchingBandFlux,114,0.6333333333333333,3.838750624,3.291137762,-0.5476128619999998,0.6321928095,0.5531687083,-0.07902410120000003,11.88875857663636,7.674755147486629,-4.21400342914973,0.0,1.0,0.0,1.0,0.0,1.0,Script18_MatchingBand_L2_Native,Script18_MatchingBand_L2_Native,True,False,BetaL
POW_Band_MatchingBandFlux,115,0.638888888888889,4.157246495999993,3.2812136360000017,-0.8760328599999911,0.7112169107000016,0.5531687083000031,-0.1580482023999985,13.178474692739451,7.635206183689423,-5.543268509050028,0.0,1.0,0.0,1.0,0.0,1.0,Script18_MatchingBand_L2_Native,Script18_MatchingBand_L2_Native,True,False,BetaL
POW_Band_MatchingBandFlux,116,0.6444444444444445,3.823858565,3.362903137,-0.4609554280000001,0.7902410119,0.7112169107,-0.07902410119999992,11.911508728943554,7.9924968399701335,-3.9190118889734205,0.0,1.0,0.0,1.0,0.0,1.0,Script18_MatchingBand_L2_Native,Script18_MatchingBand_L2_Native,True,False,BetaL
POW_Band_MatchingBandFlux,117,0.65,3.555866621,3.679224548,0.12335792700000026,0.7112169107,0.3951205059,-0.31609640480000006,10.153243688167088,6.313069572972182,-3.8401741151949054,0.0,1.0,0.0,1.0,0.0,1.0,Script18_MatchingBand_L2_Native,Script18_MatchingBand_L2_Native,True,False,BetaL
POW_Band_MatchingBandFlux,118,0.6555555555555556,3.176798772,4.020313765,0.8435149929999999,0.7112169107,0.3951205059,-0.31609640480000006,7.110611802692452,9.346674180724872,2.23606237803242,0.0,1.0,0.0,1.0,0.0,1.0,Script18_MatchingBand_L2_Native,Script18_MatchingBand_L2_Native,True,False,BetaL
POW_Band_MatchingBandFlux,119,0.6611111111111111,4.546239189,3.858688032,-0.6875511569999997,0.6321928095,0.5531687083,-0.07902410120000003,18.4251899209087,10.231628620887442,-8.193561300021258,0.0,1.0,0.0,1.0,0.0,1.0,Script18_MatchingBand_L2_Native,Script18_MatchingBand_L2_Native,True,False,BetaL
POW_Band_MatchingBandFlux,120,0.6666666666666667,2.9966053430000166,3.404365887000002,0.4077605439999856,0.47414460710000156,0.7112169107000031,0.2370723036000016,8.094128703366373,8.791968822977958,0.6978401196115858,0.0,1.0,0.0,1.0,0.0,1.0,Script18_MatchingBand_L2_Native,Script18_MatchingBand_L2_Native,True,False,BetaL
POW_Band_MatchingBandFlux,121,0.6722222222222223,3.814635867,3.521230188,-0.2934056789999997,0.5531687083,0.869265113,0.3160964047,10.767238623706046,6.561218644127033,-4.206019979579013,0.0,1.0,0.0,1.0,0.0,1.0,Script18_MatchingBand_L2_Native,Script18_MatchingBand_L2_Native,True,False,BetaL
POW_Band_MatchingBandFlux,122,0.6777777777777778,3.963174153,3.38204634,-0.5811278130000002,0.7902410119,0.7112169107,-0.07902410119999992,12.272538009051178,8.061036573754306,-4.2115014352968725,0.0,1.0,0.0,1.0,0.0,1.0,Script18_MatchingBand_L2_Native,Script18_MatchingBand_L2_Native,True,False,BetaL
POW_Band_MatchingBandFlux,123,0.6833333333333333,4.126494999,2.920378324,-1.206116675,0.4741446071,0.869265113,0.3951205059,10.009551811730956,8.399211011281857,-1.6103408004490998,0.0,1.0,0.0,1.0,0.0,1.0,Script18_MatchingBand_L2_Native,Script18_MatchingBand_L2_Native,True,False,BetaL
POW_Band_MatchingBandFlux,124,0.6888888888888889,3.966280215,3.556191396,-0.4100888189999998,0.7902410119,0.6321928095,-0.15804820239999995,9.61646001117413,9.056496122706676,-0.559963888467454,0.0,1.0,0.0,1.0,0.0,1.0,Script18_MatchingBand_L2_Native,Script18_MatchingBand_L2_Native,True,False,BetaL
POW_Band_MatchingBandFlux,125,0.6944444444444444,3.844301965,3.310244925,-0.53405704,0.7112169107,0.5531687083,-0.15804820240000006,7.791113557450895,5.725330858574572,-2.0657826988763235,0.0,1.0,0.0,1.0,0.0,1.0,Script18_MatchingBand_L2_Native,Script18_MatchingBand_L2_Native,True,False,BetaL
POW_Band_MatchingBandFlux,126,0.7000000000000001,4.163225510000005,2.988706162000004,-1.1745193480000005,0.7112169107,0.7902410119,0.07902410119999992,11.164220111531264,5.80286367260903,-5.361356438922234,0.0,1.0,0.0,1.0,0.0,1.0,Script18_MatchingBand_L2_Native,Script18_MatchingBand_L2_Native,True,False,BetaL
POW_Band_MatchingBandFlux,127,0.7055555555555556,4.37910407,3.193018629,-1.1860854410000004,0.7112169107,0.7902410119,0.07902410119999992,11.798387582639553,6.8869427281090125,-4.91144485453054,0.0,1.0,0.0,1.0,0.0,1.0,Script18_MatchingBand_L2_Native,Script18_MatchingBand_L2_Native,True,False,BetaL
POW_Band_MatchingBandFlux,128,0.7111111111111111,3.357113002,3.387300086,0.03018708400000003,0.5531687083,0.6321928095,0.07902410120000003,6.387139699247153,8.495194189521925,2.108054490274772,0.0,1.0,0.0,1.0,0.0,1.0,Script18_MatchingBand_L2_Native,Script18_MatchingBand_L2_Native,True,False,BetaL
POW_Band_MatchingBandFlux,129,0.7166666666666667,3.699723631,3.448709767,-0.2510138639999999,0.6321928095,1.027313315,0.3951205055,11.549538983122474,10.451027871246321,-1.098511111876153,0.0,1.0,0.0,1.0,0.0,1.0,Script18_MatchingBand_L2_Native,Script18_MatchingBand_L2_Native,True,False,BetaL
POW_Band_MatchingBandFlux,130,0.7222222222222222,4.231523291,3.837448884,-0.3940744070000002,0.6321928095,0.7112169107,0.07902410120000003,10.466037386897462,8.934687365090294,-1.5313500218071674,0.0,1.0,0.0,1.0,0.0,1.0,Script18_MatchingBand_L2_Native,Script18_MatchingBand_L2_Native,True,False,BetaL
POW_Band_MatchingBandFlux,131,0.7277777777777779,3.597319391000001,3.213032418000003,-0.3842869729999978,0.5531687083,0.6321928095,0.07902410120000003,7.354664281247247,8.78110717360516,1.4264428923579118,0.0,1.0,0.0,1.0,0.0,1.0,Script18_MatchingBand_L2_Native,Script18_MatchingBand_L2_Native,True,False,BetaL
POW_Band_MatchingBandFlux,132,0.7333333333333334,3.6527433170000005,3.3687741950000065,-0.283969121999994,0.5531687083000031,0.6321928094999985,0.07902410119999537,6.900504609686103,11.59697329068637,4.696468681000266,0.0,1.0,0.0,1.0,0.0,1.0,Script18_MatchingBand_L2_Native,Script18_MatchingBand_L2_Native,True,False,BetaL
POW_Band_MatchingBandFlux,133,0.7388888888888889,3.675190603,3.707971764,0.03278116099999995,0.7112169107,0.5531687083,-0.15804820240000006,6.7644385254355965,10.29862326083951,3.5341847354039126,0.0,1.0,0.0,1.0,0.0,1.0,Script18_MatchingBand_L2_Native,Script18_MatchingBand_L2_Native,True,False,BetaL
POW_Band_MatchingBandFlux,134,0.7444444444444445,4.28305814,3.367255242,-0.9158028979999995,0.7112169107,0.5531687083,-0.15804820240000006,8.883837834742229,8.793214006710524,-0.09062382803170443,0.0,1.0,0.0,1.0,0.0,1.0,Script18_MatchingBand_L2_Native,Script18_MatchingBand_L2_Native,True,False,BetaL
POW_Band_MatchingBandFlux,135,0.75,4.244065447,3.23715609,-1.0069093569999996,0.4741446071,0.7112169107,0.23707230360000003,8.50091532174153,6.88485813278638,-1.6160571889551507,0.0,1.0,0.0,1.0,0.0,1.0,Script18_MatchingBand_L2_Native,Script18_MatchingBand_L2_Native,True,False,BetaL
POW_Band_MatchingBandFlux,136,0.7555555555555555,4.328938214,3.790627489,-0.5383107250000001,0.4741446071,0.7112169107,0.23707230360000003,15.240123110775134,9.370151489275512,-5.869971621499621,0.0,1.0,0.0,1.0,0.0,1.0,Script18_MatchingBand_L2_Native,Script18_MatchingBand_L2_Native,True,False,BetaL
POW_Band_MatchingBandFlux,137,0.7611111111111112,4.029751922999996,3.015050300000005,-1.0147016229999908,0.6321928094999985,0.7112169106999969,0.07902410119999848,8.516235951388634,7.259324695314436,-1.256911256074198,0.0,1.0,0.0,1.0,0.0,1.0,Script18_MatchingBand_L2_Native,Script18_MatchingBand_L2_Native,True,False,BetaL
POW_Band_MatchingBandFlux,138,0.7666666666666667,3.806340656,3.268884413,-0.5374562430000003,0.5531687083,0.5531687083,0.0,8.667850640610856,9.704403535032336,1.0365528944214795,0.0,1.0,0.0,1.0,0.0,1.0,Script18_MatchingBand_L2_Native,Script18_MatchingBand_L2_Native,True,False,BetaL
POW_Band_MatchingBandFlux,139,0.7722222222222223,4.376641733,3.37233871,-1.0043030229999994,0.7112169107,0.5531687083,-0.15804820240000006,11.246022492768594,10.24043541392222,-1.0055870788463732,0.0,1.0,0.0,1.0,0.0,1.0,Script18_MatchingBand_L2_Native,Script18_MatchingBand_L2_Native,True,False,BetaL
POW_Band_MatchingBandFlux,140,0.7777777777777778,3.571684823,3.904261109,0.3325762860000001,0.6321928095,0.5531687083,-0.07902410120000003,7.208281463932735,14.169041850463074,6.960760386530339,0.0,1.0,0.0,1.0,0.0,1.0,Script18_MatchingBand_L2_Native,Script18_MatchingBand_L2_Native,True,False,BetaL
POW_Band_MatchingBandFlux,141,0.7833333333333333,4.00756939,3.979749859,-0.027819530999999564,0.6321928095,0.7902410119,0.15804820239999995,11.998156007540207,11.646719364065326,-0.35143664347488013,0.0,1.0,0.0,1.0,0.0,1.0,Script18_MatchingBand_L2_Native,Script18_MatchingBand_L2_Native,True,False,BetaL
POW_Band_MatchingBandFlux,142,0.788888888888889,3.888174153000004,3.8349200110000017,-0.053254142000002336,0.7112169107,0.6321928094999985,-0.07902410120000158,9.22713134579486,12.158455101415715,2.9313237556208556,0.0,1.0,0.0,1.0,0.0,1.0,Script18_MatchingBand_L2_Native,Script18_MatchingBand_L2_Native,True,False,BetaL
POW_Band_MatchingBandFlux,143,0.7944444444444445,4.077166846000001,3.922052896999985,-0.15511394900001596,0.7112169106999969,0.5531687083000048,-0.15804820239999218,9.315022311605258,12.87702105987319,3.561998748267932,0.0,1.0,0.0,1.0,0.0,1.0,Script18_MatchingBand_L2_Native,Script18_MatchingBand_L2_Native,True,False,BetaL
POW_Band_MatchingBandFlux,144,0.8,4.138783579,3.161454142,-0.9773294369999999,0.5531687083,0.7902410119,0.23707230359999998,8.807812821532881,11.310346629826528,2.502533808293647,0.0,1.0,0.0,1.0,0.0,1.0,Script18_MatchingBand_L2_Native,Script18_MatchingBand_L2_Native,True,False,BetaL
POW_Band_MatchingBandFlux,145,0.8055555555555556,3.924400736,3.944990871,0.020590134999999954,0.4741446071,0.5531687083,0.07902410119999997,13.200419710001022,8.837042166439726,-4.363377543561295,0.0,1.0,0.0,1.0,0.0,1.0,Script18_MatchingBand_L2_Native,Script18_MatchingBand_L2_Native,True,False,BetaL
POW_Band_MatchingBandFlux,146,0.8111111111111111,4.15584938,3.449381615,-0.7064677650000002,0.6321928095,0.7902410119,0.15804820239999995,11.883020606485294,8.756017872687284,-3.12700273379801,0.0,1.0,0.0,1.0,0.0,1.0,Script18_MatchingBand_L2_Native,Script18_MatchingBand_L2_Native,True,False,BetaL
POW_Band_MatchingBandFlux,147,0.8166666666666667,4.43712599,3.433215179,-1.0039108110000003,0.5531687083,0.7902410119,0.23707230359999998,12.9325423024852,6.439624835535405,-6.492917466949795,0.0,1.0,0.0,1.0,0.0,1.0,Script18_MatchingBand_L2_Native,Script18_MatchingBand_L2_Native,True,False,BetaL
POW_Band_MatchingBandFlux,148,0.8222222222222223,4.4355890769999915,3.02670629200002,-1.4088827849999714,0.5531687083000015,0.5531687082999952,-6.328271240363392e-15,14.215685295956279,9.02145816306552,-5.194227132890759,0.0,1.0,0.0,1.0,0.0,1.0,Script18_MatchingBand_L2_Native,Script18_MatchingBand_L2_Native,True,False,BetaL
POW_Band_MatchingBandFlux,149,0.8277777777777778,4.0090178640000085,4.027332701999991,0.01831483799998246,0.6321928094999952,0.3160964047000047,-0.3160964047999905,12.46416429356309,11.048116386508987,-1.4160479070541037,0.0,1.0,0.0,1.0,0.0,1.0,Script18_MatchingBand_L2_Native,Script18_MatchingBand_L2_Native,True,False,BetaL
POW_Band_MatchingBandFlux,150,0.8333333333333334,4.440234116,3.594467821,-0.8457662950000002,0.3951205059,0.5531687083,0.1580482024,10.48874782214359,9.49655478929896,-0.9921930328446305,0.0,1.0,0.0,1.0,0.0,1.0,Script18_MatchingBand_L2_Native,Script18_MatchingBand_L2_Native,True,False,BetaL
POW_Band_MatchingBandFlux,151,0.8388888888888889,3.963697203,4.012651103,0.04895389999999944,0.6321928095,0.5531687083,-0.07902410120000003,9.93340330155143,9.864928310029452,-0.06847499152197756,0.0,1.0,0.0,1.0,0.0,1.0,Script18_MatchingBand_L2_Native,Script18_MatchingBand_L2_Native,True,False,BetaL
POW_Band_MatchingBandFlux,152,0.8444444444444444,3.523602332,3.337810484,-0.18579184800000004,0.6321928095,0.6321928095,0.0,8.498384585861535,9.66013793940702,1.1617533535454854,0.0,1.0,0.0,1.0,0.0,1.0,Script18_MatchingBand_L2_Native,Script18_MatchingBand_L2_Native,True,False,BetaL
POW_Band_MatchingBandFlux,153,0.85,3.393107068,3.713589767,0.32048269900000026,0.7112169107,0.7112169107,0.0,7.135211545227552,10.324281776823536,3.1890702315959842,0.0,1.0,0.0,1.0,0.0,1.0,Script18_MatchingBand_L2_Native,Script18_MatchingBand_L2_Native,True,False,BetaL
POW_Band_MatchingBandFlux,154,0.8555555555555556,3.598583210000017,4.161602939999988,0.5630197299999713,0.3951205059000047,0.39512050590000314,-1.5543122344752192e-15,7.9523042864934546,11.055659385804072,3.103355099310617,0.0,1.0,0.0,1.0,0.0,1.0,Script18_MatchingBand_L2_Native,Script18_MatchingBand_L2_Native,True,False,BetaL
POW_Band_MatchingBandFlux,155,0.8611111111111112,4.435554777,3.585205824,-0.8503489530000001,0.6321928095,0.5531687083,-0.07902410120000003,12.475500337614537,8.78725307653986,-3.688247261074677,0.0,1.0,0.0,1.0,0.0,1.0,Script18_MatchingBand_L2_Native,Script18_MatchingBand_L2_Native,True,False,BetaL
POW_Band_MatchingBandFlux,156,0.8666666666666667,3.227825875,3.526944913,0.2991190379999997,0.7902410119,0.5531687083,-0.23707230359999998,8.402471355686924,8.668130936448701,0.26565958076177765,0.0,1.0,0.0,1.0,0.0,1.0,Script18_MatchingBand_L2_Native,Script18_MatchingBand_L2_Native,True,False,BetaL
POW_Band_MatchingBandFlux,157,0.8722222222222222,3.863789923,2.593468249,-1.2703216740000003,0.7112169107,0.7112169107,0.0,11.082720883019022,6.514256570982784,-4.568464312036237,0.0,1.0,0.0,1.0,0.0,1.0,Script18_MatchingBand_L2_Native,Script18_MatchingBand_L2_Native,True,False,BetaL
POW_Band_MatchingBandFlux,158,0.8777777777777778,4.10809244,3.744914858,-0.36317758200000005,0.7902410119,0.7044277781,-0.08581323379999994,11.130125222040927,9.108306725214474,-2.0218184968264534,0.0,1.0,0.0,1.0,0.0,1.0,Script18_MatchingBand_L2_Native,Script18_MatchingBand_L2_Native,True,False,BetaL
POW_Band_MatchingBandFlux,159,0.8833333333333334,4.594588496999983,3.913085712999981,-0.6815027840000023,0.7112169106999953,0.6321928095000031,-0.07902410119999215,12.764845026316513,7.3628841962133045,-5.401960830103208,0.0,1.0,0.0,1.0,0.0,1.0,Script18_MatchingBand_L2_Native,Script18_MatchingBand_L2_Native,True,False,BetaL
POW_Band_MatchingBandFlux,160,0.888888888888889,3.732291197000003,2.9501221870000167,-0.7821690099999863,0.46961851870000165,0.7902410118999921,0.3206224931999904,8.068370130823434,6.490201760499325,-1.578168370324109,0.0,1.0,0.0,1.0,0.0,1.0,Script18_MatchingBand_L2_Native,Script18_MatchingBand_L2_Native,True,False,BetaL
POW_Band_MatchingBandFlux,161,0.8944444444444445,3.882446651,3.793935052,-0.08851159899999983,0.5531687083,0.3951205059,-0.1580482024,13.206849983719087,7.686672787516612,-5.520177196202475,0.0,1.0,0.0,1.0,0.0,1.0,Script18_MatchingBand_L2_Native,Script18_MatchingBand_L2_Native,True,False,BetaL
POW_Band_MatchingBandFlux,162,0.9,4.400716309,3.776834951,-0.6238813579999998,0.5531687083,0.7902410119,0.23707230359999998,12.801075277199425,11.961616432169148,-0.8394588450302773,0.0,1.0,0.0,1.0,0.0,1.0,Script18_MatchingBand_L2_Native,Script18_MatchingBand_L2_Native,True,False,BetaL
POW_Band_MatchingBandFlux,163,0.9055555555555556,4.028738059,2.889517088,-1.1392209710000003,0.5531687083,0.7112169107,0.15804820240000006,12.484704740381522,9.198941164369684,-3.2857635760118384,0.0,1.0,0.0,1.0,0.0,1.0,Script18_MatchingBand_L2_Native,Script18_MatchingBand_L2_Native,True,False,BetaL
POW_Band_MatchingBandFlux,164,0.9111111111111111,3.744589841,3.327306643,-0.4172831979999998,0.869265113,0.6321928095,-0.23707230349999997,12.641256525895583,7.156123221933685,-5.485133303961899,0.0,1.0,0.0,1.0,0.0,1.0,Script18_MatchingBand_L2_Native,Script18_MatchingBand_L2_Native,True,False,BetaL
POW_Band_MatchingBandFlux,165,0.9166666666666667,3.978554962000001,3.5120438530000015,-0.46651110899999937,0.6321928095000016,0.5531687083000031,-0.07902410119999848,8.793799885031154,8.874284374385953,0.08048448935479868,0.0,1.0,0.0,1.0,0.0,1.0,Script18_MatchingBand_L2_Native,Script18_MatchingBand_L2_Native,True,False,BetaL
POW_Band_MatchingBandFlux,166,0.9222222222222223,4.019319023,3.576798772,-0.44252025100000036,0.7112169107,0.7112169107,0.0,13.832148931854304,9.868278220077084,-3.9638707117772203,0.0,1.0,0.0,1.0,0.0,1.0,Script18_MatchingBand_L2_Native,Script18_MatchingBand_L2_Native,True,False,BetaL
POW_Band_MatchingBandFlux,167,0.9277777777777778,3.702401301,4.069790716,0.3673894149999999,0.7112169107,0.6321928095,-0.07902410120000003,10.99360866216071,9.734826495365162,-1.258782166795548,0.0,1.0,0.0,1.0,0.0,1.0,Script18_MatchingBand_L2_Native,Script18_MatchingBand_L2_Native,True,False,BetaL
POW_Band_MatchingBandFlux,168,0.9333333333333333,4.274347315,4.02870376,-0.245643555,0.5531687083,0.3951205059,-0.1580482024,17.887450467818148,8.755315258598522,-9.132135209219626,0.0,1.0,0.0,1.0,0.0,1.0,Script18_MatchingBand_L2_Native,Script18_MatchingBand_L2_Native,True,False,BetaL
POW_Band_MatchingBandFlux,169,0.9388888888888889,4.437902616,3.542851428,-0.8950511879999996,0.4741446071,0.7112169107,0.23707230360000003,11.236853887754883,10.91615899345218,-0.3206948943027026,0.0,1.0,0.0,1.0,0.0,1.0,Script18_MatchingBand_L2_Native,Script18_MatchingBand_L2_Native,True,False,BetaL
POW_Band_MatchingBandFlux,170,0.9444444444444445,3.492547655000016,3.7292268089999925,0.2366791539999764,0.6321928094999969,0.5531687083000015,-0.07902410119999537,11.33355990942797,10.601071102520734,-0.7324888069072362,0.0,1.0,0.0,1.0,0.0,1.0,Script18_MatchingBand_L2_Native,Script18_MatchingBand_L2_Native,True,False,BetaL
POW_Band_MatchingBandFlux,171,0.9500000000000001,4.289911220999986,3.3482704370000107,-0.9416407839999756,0.4741446071,0.6321928095,0.1580482024,12.273742868764767,8.661894538267886,-3.6118483304968816,0.0,1.0,0.0,1.0,0.0,1.0,Script18_MatchingBand_L2_Native,Script18_MatchingBand_L2_Native,True,False,BetaL
POW_Band_MatchingBandFlux,172,0.9555555555555556,3.643070705,3.876834951,0.23376424600000023,0.4741446071,0.6321928095,0.1580482024,9.041650604527542,10.91627276348795,1.874622158960408,0.0,1.0,0.0,1.0,0.0,1.0,Script18_MatchingBand_L2_Native,Script18_MatchingBand_L2_Native,True,False,BetaL
POW_Band_MatchingBandFlux,173,0.9611111111111111,4.321666862,3.89914716,-0.4225197019999998,0.5531687083,0.6321928095,0.07902410120000003,9.727333243353677,9.52723868864118,-0.20009455471249638,0.0,1.0,0.0,1.0,0.0,1.0,Script18_MatchingBand_L2_Native,Script18_MatchingBand_L2_Native,True,False,BetaL
POW_Band_MatchingBandFlux,174,0.9666666666666667,4.427367002,3.799583834,-0.6277831680000006,0.6321928095,0.5531687083,-0.07902410120000003,11.28156102998776,12.326545079617098,1.0449840496293383,0.0,1.0,0.0,1.0,0.0,1.0,Script18_MatchingBand_L2_Native,Script18_MatchingBand_L2_Native,True,False,BetaL
POW_Band_MatchingBandFlux,175,0.9722222222222222,3.061925834,3.86725906,0.8053332259999997,0.5531687083,0.7902410119,0.23707230359999998,9.076459811174587,10.031563607368678,0.9551037961940914,0.0,1.0,0.0,1.0,0.0,1.0,Script18_MatchingBand_L2_Native,Script18_MatchingBand_L2_Native,True,False,BetaL
POW_Band_MatchingBandFlux,176,0.9777777777777779,3.8490719610000053,3.777489740999996,-0.07158222000000913,0.5531687083000079,0.7112169107,0.15804820239999218,10.376741735229317,9.70412637166997,-0.6726153635593466,0.0,1.0,0.0,1.0,0.0,1.0,Script18_MatchingBand_L2_Native,Script18_MatchingBand_L2_Native,True,False,BetaL
POW_Band_MatchingBandFlux,177,0.9833333333333334,4.112179410999991,3.588101016999993,-0.5240783939999978,0.9482892141999952,0.7112169106999969,-0.2370723034999983,13.939041246152245,10.674848917954332,-3.264192328197913,0.0,1.0,0.0,1.0,0.0,1.0,Script18_MatchingBand_L2_Native,Script18_MatchingBand_L2_Native,True,False,BetaL
POW_Band_MatchingBandFlux,178,0.9888888888888889,3.670481685,3.23166355,-0.438818135,0.7112169107,0.5531687083,-0.15804820240000006,9.738155966604701,8.80387346818177,-0.934282498422931,0.0,1.0,0.0,1.0,0.0,1.0,Script18_MatchingBand_L2_Native,Script18_MatchingBand_L2_Native,True,False,BetaL
POW_Band_MatchingBandFlux,179,0.9944444444444445,4.523333452,3.371254493,-1.1520789590000002,0.5531687083,0.4741446071,-0.07902410119999997,16.40378078998483,8.021587334797223,-8.382193455187606,0.0,1.0,0.0,1.0,0.0,1.0,Script18_MatchingBand_L2_Native,Script18_MatchingBand_L2_Native,True,False,BetaL
POW_Band_MatchingBandFlux,180,1.0,4.561314345,4.002978491,-0.5583358540000001,0.6321928095,0.7902410119,0.15804820239999995,14.893357900712871,12.292188639626978,-2.601169261085893,0.0,1.0,0.0,1.0,0.0,1.0,Script18_MatchingBand_L2_Native,Script18_MatchingBand_L2_Native,True,False,BetaL
POW_Band_MatchingBandFlux,0,0.0,1.55355334,3.609560027,2.056006687,0.3913487656,0.3913487656,0.0,0.043105086389875105,0.5455247359562971,0.502419649566422,0.0,1.0,0.0,1.0,0.0,1.0,Script18_MatchingBand_L2_Native,Script18_MatchingBand_L2_Native,True,False,Gamma
POW_Band_MatchingBandFlux,1,0.005555555555555556,3.506770986,3.272530767,-0.2342402189999997,0.7112169107,0.5531687083,-0.15804820240000006,0.8039482829735454,0.8016631425396852,-0.002285140433860189,0.0,1.0,0.0,1.0,0.0,1.0,Script18_MatchingBand_L2_Native,Script18_MatchingBand_L2_Native,True,False,Gamma
POW_Band_MatchingBandFlux,2,0.011111111111111112,2.603643864,3.055518627,0.4518747630000002,0.4741446071,0.5531687083,0.07902410119999997,0.1572187312230897,0.4016467896590205,0.2444280584359308,0.0,1.0,0.0,1.0,0.0,1.0,Script18_MatchingBand_L2_Native,Script18_MatchingBand_L2_Native,True,False,Gamma
POW_Band_MatchingBandFlux,3,0.016666666666666666,3.384480555,3.120819164,-0.2636613910000003,0.4741446071,0.6321928095,0.1580482024,0.6761403135471747,0.6543034959351794,-0.021836817611995296,0.0,1.0,0.0,1.0,0.0,1.0,Script18_MatchingBand_L2_Native,Script18_MatchingBand_L2_Native,True,False,Gamma
POW_Band_MatchingBandFlux,4,0.022222222222222223,4.164422471,2.534404763,-1.630017708,0.5531687083,0.7112169107,0.15804820240000006,1.0225434323764184,0.47507615195384734,-0.5474672804225711,0.0,1.0,0.0,1.0,0.0,1.0,Script18_MatchingBand_L2_Native,Script18_MatchingBand_L2_Native,True,False,Gamma
POW_Band_MatchingBandFlux,5,0.02777777777777778,3.6082385809999997,3.016880272,-0.5913583089999999,0.7112169107,0.6321928095,-0.07902410120000003,0.9185427662721858,0.6788954999645194,-0.23964726630766642,0.0,1.0,0.0,1.0,0.0,1.0,Script18_MatchingBand_L2_Native,Script18_MatchingBand_L2_Native,True,False,Gamma
POW_Band_MatchingBandFlux,6,0.03333333333333333,3.146337031,2.735588879,-0.41074815200000003,0.6321928095,0.6321928095,0.0,0.8946995492364879,1.8080426682957371,0.9133431190592493,0.0,1.0,0.0,1.0,0.0,1.0,Script18_MatchingBand_L2_Native,Script18_MatchingBand_L2_Native,True,False,Gamma
POW_Band_MatchingBandFlux,7,0.03888888888888889,3.778266367,3.579400906,-0.19886546100000002,0.7112169107,0.3951205059,-0.31609640480000006,0.8744584013764509,1.2327518944406168,0.3582934930641659,0.0,1.0,0.0,1.0,0.0,1.0,Script18_MatchingBand_L2_Native,Script18_MatchingBand_L2_Native,True,False,Gamma
POW_Band_MatchingBandFlux,8,0.044444444444444446,3.917328378,3.364090576,-0.553237802,0.6321928095,0.4741446071,-0.1580482024,0.8410718666702275,1.0602870559101834,0.21921518923995587,0.0,1.0,0.0,1.0,0.0,1.0,Script18_MatchingBand_L2_Native,Script18_MatchingBand_L2_Native,True,False,Gamma
POW_Band_MatchingBandFlux,9,0.05,4.132246496,3.492616973,-0.6396295229999995,0.4741446071,0.3951205059,-0.07902410120000003,0.9730232619992084,0.16492432813077823,-0.8080989338684301,0.0,1.0,0.0,1.0,0.0,1.0,Script18_MatchingBand_L2_Native,Script18_MatchingBand_L2_Native,True,False,Gamma
POW_Band_MatchingBandFlux,10,0.05555555555555556,3.7760583249999997,3.4832946589999993,-0.29276366600000037,0.7112169107,0.3160964047000005,-0.39512050599999954,1.003417459901164,0.7963242469011187,-0.20709321300004535,0.0,1.0,0.0,1.0,0.0,1.0,Script18_MatchingBand_L2_Native,Script18_MatchingBand_L2_Native,True,False,Gamma
POW_Band_MatchingBandFlux,11,0.061111111111111116,3.4088368300000003,2.9534023610000006,-0.4554344689999996,0.7112169106999996,0.7112169106999999,3.3306690738754696e-16,0.7183844496668602,0.5067221022010812,-0.21166234746577905,0.0,1.0,0.0,1.0,0.0,1.0,Script18_MatchingBand_L2_Native,Script18_MatchingBand_L2_Native,True,False,Gamma
POW_Band_MatchingBandFlux,12,0.06666666666666667,3.745550284,3.309829509,-0.43572077500000006,0.3951205059,0.6321928095,0.23707230360000003,0.7100568568763456,0.5925058121091238,-0.11755104476722178,0.0,1.0,0.0,1.0,0.0,1.0,Script18_MatchingBand_L2_Native,Script18_MatchingBand_L2_Native,True,False,Gamma
POW_Band_MatchingBandFlux,13,0.07222222222222223,3.7971385539999996,3.139848602,-0.6572899519999997,0.5531687083,0.7112169107000003,0.15804820240000028,1.0233856530725125,0.564931662816347,-0.4584539902561655,0.0,1.0,0.0,1.0,0.0,1.0,Script18_MatchingBand_L2_Native,Script18_MatchingBand_L2_Native,True,False,Gamma
POW_Band_MatchingBandFlux,14,0.07777777777777778,3.541732193,3.15655759,-0.3851746030000003,0.5531687083,0.7902410119,0.23707230359999998,0.8277487452909869,0.5523281876357928,-0.275420557655194,0.0,1.0,0.0,1.0,0.0,1.0,Script18_MatchingBand_L2_Native,Script18_MatchingBand_L2_Native,True,False,Gamma
POW_Band_MatchingBandFlux,15,0.08333333333333334,3.981198333000001,2.7353656009999994,-1.2458327320000016,0.6321928095,0.869265113,0.23707230349999997,0.8110355357651612,0.5430999181188415,-0.2679356176463197,0.0,1.0,0.0,1.0,0.0,1.0,Script18_MatchingBand_L2_Native,Script18_MatchingBand_L2_Native,True,False,Gamma
POW_Band_MatchingBandFlux,16,0.08888888888888889,4.401534298,2.475708653,-1.9258256449999998,0.6321928095,0.869265113,0.23707230349999997,0.9254893325756581,0.5521389517298818,-0.3733503808457763,0.0,1.0,0.0,1.0,0.0,1.0,Script18_MatchingBand_L2_Native,Script18_MatchingBand_L2_Native,True,False,Gamma
POW_Band_MatchingBandFlux,17,0.09444444444444444,4.340434271,2.608539234,-1.7318950370000001,0.3951205059,0.7112169107,0.31609640480000006,1.1629162263462938,0.5612441454961601,-0.6016720808501337,0.0,1.0,0.0,1.0,0.0,1.0,Script18_MatchingBand_L2_Native,Script18_MatchingBand_L2_Native,True,False,Gamma
POW_Band_MatchingBandFlux,18,0.1,3.380303168,3.122898841,-0.25740432700000015,0.9482892142,0.7112169107,-0.23707230349999997,0.8965634780340956,0.6268709746912081,-0.2696925033428875,0.0,1.0,0.0,1.0,0.0,1.0,Script18_MatchingBand_L2_Native,Script18_MatchingBand_L2_Native,True,False,Gamma
POW_Band_MatchingBandFlux,19,0.10555555555555556,3.699870365,2.8944529,-0.8054174650000001,0.6321928095,0.6321928095,0.0,0.8592109610478046,0.5658666504178147,-0.2933443106299899,0.0,1.0,0.0,1.0,0.0,1.0,Script18_MatchingBand_L2_Native,Script18_MatchingBand_L2_Native,True,False,Gamma
POW_Band_MatchingBandFlux,20,0.11111111111111112,3.5678487710000013,2.5298083150000004,-1.038040456000001,0.7112169106999998,0.6321928095,-0.07902410119999981,0.8143428341914414,0.47382635424394265,-0.34051647994749873,0.0,1.0,0.0,1.0,0.0,1.0,Script18_MatchingBand_L2_Native,Script18_MatchingBand_L2_Native,True,False,Gamma
POW_Band_MatchingBandFlux,21,0.11666666666666667,4.100795789,2.770757378,-1.3300384110000003,0.6321928095,0.6321928095,0.0,1.063536441054683,0.7086120511168227,-0.35492438993786035,0.0,1.0,0.0,1.0,0.0,1.0,Script18_MatchingBand_L2_Native,Script18_MatchingBand_L2_Native,True,False,Gamma
POW_Band_MatchingBandFlux,22,0.12222222222222223,3.876155045999999,3.0530810089999982,-0.8230740370000009,0.7112169107000006,0.6321928095000005,-0.07902410120000014,0.9193204613014917,0.5766068232330019,-0.34271363806848976,0.0,1.0,0.0,1.0,0.0,1.0,Script18_MatchingBand_L2_Native,Script18_MatchingBand_L2_Native,True,False,Gamma
POW_Band_MatchingBandFlux,23,0.1277777777777778,3.567005484000003,2.413626872000003,-1.153378612,0.948289214199998,0.7902410118999992,-0.15804820229999883,0.8890173212189574,0.5984384468572356,-0.2905788743617218,0.0,1.0,0.0,1.0,0.0,1.0,Script18_MatchingBand_L2_Native,Script18_MatchingBand_L2_Native,True,False,Gamma
POW_Band_MatchingBandFlux,24,0.13333333333333333,4.199870365,3.050625893,-1.149244472,0.5531687083,0.6321928095,0.07902410120000003,0.9689317879147639,0.5783004847570777,-0.3906313031576861,0.0,1.0,0.0,1.0,0.0,1.0,Script18_MatchingBand_L2_Native,Script18_MatchingBand_L2_Native,True,False,Gamma
POW_Band_MatchingBandFlux,25,0.1388888888888889,3.844676936,2.78453604,-1.060140896,0.7112169107,0.869265113,0.15804820229999994,1.0446412343326354,0.6066621515272813,-0.43797908280535414,0.0,1.0,0.0,1.0,0.0,1.0,Script18_MatchingBand_L2_Native,Script18_MatchingBand_L2_Native,True,False,Gamma
POW_Band_MatchingBandFlux,26,0.14444444444444446,4.040234116000001,3.3894395289999957,-0.6507945870000049,0.5531687083000008,0.31609640470000117,-0.2370723035999996,0.8819468562139814,0.6126803756824902,-0.26926648053149116,0.0,1.0,0.0,1.0,0.0,1.0,Script18_MatchingBand_L2_Native,Script18_MatchingBand_L2_Native,True,False,Gamma
POW_Band_MatchingBandFlux,27,0.15,4.187851258,2.490588668,-1.6972625900000002,0.7112169107,0.5531687083,-0.15804820240000006,1.0224273049188053,0.5037856146045872,-0.5186416903142181,0.0,1.0,0.0,1.0,0.0,1.0,Script18_MatchingBand_L2_Native,Script18_MatchingBand_L2_Native,True,False,Gamma
POW_Band_MatchingBandFlux,28,0.15555555555555556,3.364510911,2.478683032,-0.8858278789999998,0.7902410119,0.7112169107,-0.07902410119999992,0.9477416967357712,0.6141898983487712,-0.333551798387,0.0,1.0,0.0,1.0,0.0,1.0,Script18_MatchingBand_L2_Native,Script18_MatchingBand_L2_Native,True,False,Gamma
POW_Band_MatchingBandFlux,29,0.16111111111111112,3.921273489,2.915036024,-1.0062374649999999,0.7902410119,0.7902410119,0.0,0.8245823137746169,0.6421463960960829,-0.18243591767853395,0.0,1.0,0.0,1.0,0.0,1.0,Script18_MatchingBand_L2_Native,Script18_MatchingBand_L2_Native,True,False,Gamma
POW_Band_MatchingBandFlux,30,0.16666666666666669,3.6048375800000008,2.930851443000001,-0.6739861369999995,0.5531687083000004,0.5531687083000004,0.0,1.1228108219604511,0.6066110980737593,-0.5161997238866918,0.0,1.0,0.0,1.0,0.0,1.0,Script18_MatchingBand_L2_Native,Script18_MatchingBand_L2_Native,True,False,Gamma
POW_Band_MatchingBandFlux,31,0.17222222222222222,3.793019347,3.211619998,-0.5813993489999998,0.6321928095,0.6321928095,0.0,1.0439768523606159,0.8223524314718811,-0.2216244208887348,0.0,1.0,0.0,1.0,0.0,1.0,Script18_MatchingBand_L2_Native,Script18_MatchingBand_L2_Native,True,False,Gamma
POW_Band_MatchingBandFlux,32,0.17777777777777778,3.923226016,3.243918713,-0.6793073030000003,0.6321928095,0.4741446071,-0.1580482024,1.002682501802285,0.6193237796966513,-0.3833587221056336,0.0,1.0,0.0,1.0,0.0,1.0,Script18_MatchingBand_L2_Native,Script18_MatchingBand_L2_Native,True,False,Gamma
POW_Band_MatchingBandFlux,33,0.18333333333333335,4.2529784909999995,2.8674231619999984,-1.3855553290000011,0.7902410118999987,0.7112169107,-0.0790241011999987,1.199678322635601,0.5421888298645486,-0.6574894927710523,0.0,1.0,0.0,1.0,0.0,1.0,Script18_MatchingBand_L2_Native,Script18_MatchingBand_L2_Native,True,False,Gamma
POW_Band_MatchingBandFlux,34,0.18888888888888888,4.057892285,2.543783551,-1.5141087340000001,0.5531687083,0.7112169107,0.15804820240000006,1.012065550366605,0.4664519894464345,-0.5456135609201704,0.0,1.0,0.0,1.0,0.0,1.0,Script18_MatchingBand_L2_Native,Script18_MatchingBand_L2_Native,True,False,Gamma
POW_Band_MatchingBandFlux,35,0.19444444444444445,3.831846185,2.462038601,-1.3698075839999997,0.5531687083,0.6321928095,0.07902410120000003,0.880235970754269,0.5692409588204783,-0.31099501193379064,0.0,1.0,0.0,1.0,0.0,1.0,Script18_MatchingBand_L2_Native,Script18_MatchingBand_L2_Native,True,False,Gamma
POW_Band_MatchingBandFlux,36,0.2,4.153352743,3.121616026,-1.0317367170000002,0.869265113,0.7902410119,-0.07902410110000002,1.379728362187361,0.6644210428188384,-0.7153073193685227,0.0,1.0,0.0,1.0,0.0,1.0,Script18_MatchingBand_L2_Native,Script18_MatchingBand_L2_Native,True,False,Gamma
POW_Band_MatchingBandFlux,37,0.20555555555555557,3.8786063190000015,2.554098109000001,-1.3245082100000007,0.4741446071000008,0.8692651129999988,0.395120505899998,0.857610506195437,0.6001046906436933,-0.2575058155517437,0.0,1.0,0.0,1.0,0.0,1.0,Script18_MatchingBand_L2_Native,Script18_MatchingBand_L2_Native,True,False,Gamma
POW_Band_MatchingBandFlux,38,0.2111111111111111,4.133494814,2.767782631,-1.3657121829999994,0.6321928095,0.6321928095,0.0,1.019034876136547,0.5927210162924499,-0.4263138598440972,0.0,1.0,0.0,1.0,0.0,1.0,Script18_MatchingBand_L2_Native,Script18_MatchingBand_L2_Native,True,False,Gamma
POW_Band_MatchingBandFlux,39,0.21666666666666667,3.880798022,3.587771779,-0.2930262429999999,0.7112169107,0.5531687083,-0.15804820240000006,0.8930896485287737,0.8754049645044,-0.01768468402437373,0.0,1.0,0.0,1.0,0.0,1.0,Script18_MatchingBand_L2_Native,Script18_MatchingBand_L2_Native,True,False,Gamma
POW_Band_MatchingBandFlux,40,0.22222222222222224,3.9621259899999983,3.600769729999998,-0.36135626000000043,0.47414460710000117,0.7112169107,0.23707230359999887,1.1525777708478424,0.6006265870213388,-0.5519511838265037,0.0,1.0,0.0,1.0,0.0,1.0,Script18_MatchingBand_L2_Native,Script18_MatchingBand_L2_Native,True,False,Gamma
POW_Band_MatchingBandFlux,41,0.22777777777777777,3.566099644,3.176598235,-0.38950140899999974,0.7112169107,0.7112169107,0.0,0.9899817433258787,0.7335364011746621,-0.2564453421512166,0.0,1.0,0.0,1.0,0.0,1.0,Script18_MatchingBand_L2_Native,Script18_MatchingBand_L2_Native,True,False,Gamma
POW_Band_MatchingBandFlux,42,0.23333333333333334,3.269321087,2.260632461,-1.0086886259999996,0.7902410119,0.7902410119,0.0,0.913550831880563,0.49963704155298766,-0.4139137903275753,0.0,1.0,0.0,1.0,0.0,1.0,Script18_MatchingBand_L2_Native,Script18_MatchingBand_L2_Native,True,False,Gamma
POW_Band_MatchingBandFlux,43,0.2388888888888889,3.878903915,3.114330339,-0.7645735760000001,0.4741446071,0.6321928095,0.1580482024,1.0403791840011731,0.6514282502171183,-0.3889509337840549,0.0,1.0,0.0,1.0,0.0,1.0,Script18_MatchingBand_L2_Native,Script18_MatchingBand_L2_Native,True,False,Gamma
POW_Band_MatchingBandFlux,44,0.24444444444444446,3.111350708000004,3.068811276999997,-0.0425394310000069,0.9482892141999977,0.7902410119,-0.15804820229999772,0.8422477015154622,0.5587671581584509,-0.28348054335701134,0.0,1.0,0.0,1.0,0.0,1.0,Script18_MatchingBand_L2_Native,Script18_MatchingBand_L2_Native,True,False,Gamma
POW_Band_MatchingBandFlux,45,0.25,3.871039034,2.431387535,-1.439651499,0.4741446071,0.7902410119,0.31609640479999995,0.8555370930508347,0.5347903669526727,-0.320746726098162,0.0,1.0,0.0,1.0,0.0,1.0,Script18_MatchingBand_L2_Native,Script18_MatchingBand_L2_Native,True,False,Gamma
POW_Band_MatchingBandFlux,46,0.2555555555555556,3.317199165000006,2.783023122000002,-0.534176043000004,0.6321928094999985,0.5531687083000015,-0.07902410119999692,0.8915880478788454,0.6029294349651206,-0.28865861291372474,0.0,1.0,0.0,1.0,0.0,1.0,Script18_MatchingBand_L2_Native,Script18_MatchingBand_L2_Native,True,False,Gamma
POW_Band_MatchingBandFlux,47,0.2611111111111111,3.927018049,2.986484624,-0.9405334249999999,0.4741446071,0.7112169107,0.23707230360000003,1.230301953596146,0.6709252823900729,-0.559376671206073,0.0,1.0,0.0,1.0,0.0,1.0,Script18_MatchingBand_L2_Native,Script18_MatchingBand_L2_Native,True,False,Gamma
POW_Band_MatchingBandFlux,48,0.26666666666666666,3.822791406,3.345980739,-0.4768106670000001,0.7112169107,0.5531687083,-0.15804820240000006,0.9323056298590111,0.576384868599739,-0.3559207612592721,0.0,1.0,0.0,1.0,0.0,1.0,Script18_MatchingBand_L2_Native,Script18_MatchingBand_L2_Native,True,False,Gamma
POW_Band_MatchingBandFlux,49,0.27222222222222225,3.7744350360000025,2.884477898999993,-0.8899571370000094,0.39512050590000236,0.47414460710000556,0.0790241012000032,1.0929250592630633,0.5585187829631895,-0.5344062762998738,0.0,1.0,0.0,1.0,0.0,1.0,Script18_MatchingBand_L2_Native,Script18_MatchingBand_L2_Native,True,False,Gamma
POW_Band_MatchingBandFlux,50,0.2777777777777778,4.028301385,2.184332741,-1.8439686439999998,0.6321928095,1.027313315,0.3951205055,0.9902538920384971,0.620773491694879,-0.36948040034361807,0.0,1.0,0.0,1.0,0.0,1.0,Script18_MatchingBand_L2_Native,Script18_MatchingBand_L2_Native,True,False,Gamma
POW_Band_MatchingBandFlux,51,0.2833333333333333,3.879549704,2.651761815,-1.227787889,0.7112169107,0.7902410119,0.07902410119999992,1.1071756241186494,0.6577078615116967,-0.44946776260695276,0.0,1.0,0.0,1.0,0.0,1.0,Script18_MatchingBand_L2_Native,Script18_MatchingBand_L2_Native,True,False,Gamma
POW_Band_MatchingBandFlux,52,0.2888888888888889,3.261131248000007,3.455140970999994,0.19400972299998687,0.7902410119,0.7112169107000008,-0.07902410119999914,0.7913444448540407,0.7252936255066617,-0.066050819347379,0.0,1.0,0.0,1.0,0.0,1.0,Script18_MatchingBand_L2_Native,Script18_MatchingBand_L2_Native,True,False,Gamma
POW_Band_MatchingBandFlux,53,0.29444444444444445,3.986314345,2.848867525,-1.1374468199999996,0.7902410119,0.7902410119,0.0,0.9953683245115095,0.6676184389902993,-0.3277498855212102,0.0,1.0,0.0,1.0,0.0,1.0,Script18_MatchingBand_L2_Native,Script18_MatchingBand_L2_Native,True,False,Gamma
POW_Band_MatchingBandFlux,54,0.3,4.072087197,2.812612479,-1.2594747179999999,0.6321928095,0.6321928095,0.0,1.0146789137947252,0.7159479874587793,-0.2987309263359459,0.0,1.0,0.0,1.0,0.0,1.0,Script18_MatchingBand_L2_Native,Script18_MatchingBand_L2_Native,True,False,Gamma
POW_Band_MatchingBandFlux,55,0.3055555555555556,3.552166846,2.921770099,-0.6303967469999998,0.7112169107,0.5531687083,-0.15804820240000006,0.921847333743952,0.5765682534463108,-0.3452790802976412,0.0,1.0,0.0,1.0,0.0,1.0,Script18_MatchingBand_L2_Native,Script18_MatchingBand_L2_Native,True,False,Gamma
POW_Band_MatchingBandFlux,56,0.3111111111111111,3.495240629,3.328262549,-0.1669780799999998,0.5531687083,0.6321928095,0.07902410120000003,0.8903355584805406,0.7956689119807618,-0.09466664649977874,0.0,1.0,0.0,1.0,0.0,1.0,Script18_MatchingBand_L2_Native,Script18_MatchingBand_L2_Native,True,False,Gamma
POW_Band_MatchingBandFlux,57,0.31666666666666665,3.729717623,3.489147117,-0.24057050600000007,0.7112169107,0.6321928095,-0.07902410120000003,1.0546930741429672,0.6355981131716002,-0.419094960971367,0.0,1.0,0.0,1.0,0.0,1.0,Script18_MatchingBand_L2_Native,Script18_MatchingBand_L2_Native,True,False,Gamma
POW_Band_MatchingBandFlux,58,0.32222222222222224,3.726891492,2.71383012,-1.0130613720000001,0.6321928095,0.7112169107,0.07902410120000003,0.8103365072443792,0.5919907508617854,-0.2183457563825938,0.0,1.0,0.0,1.0,0.0,1.0,Script18_MatchingBand_L2_Native,Script18_MatchingBand_L2_Native,True,False,Gamma
POW_Band_MatchingBandFlux,59,0.3277777777777778,3.240265759,2.655432011,-0.5848337480000003,0.7902410119,0.7902410119,0.0,0.9087980669955231,0.6070447190701675,-0.3017533479253556,0.0,1.0,0.0,1.0,0.0,1.0,Script18_MatchingBand_L2_Native,Script18_MatchingBand_L2_Native,True,False,Gamma
POW_Band_MatchingBandFlux,60,0.33333333333333337,3.76111419,2.7351156300000037,-1.0259985599999961,0.7112169107,0.6321928094999977,-0.07902410120000236,1.0319681626968515,0.6477884025527717,-0.38417976014407984,0.0,1.0,0.0,1.0,0.0,1.0,Script18_MatchingBand_L2_Native,Script18_MatchingBand_L2_Native,True,False,Gamma
POW_Band_MatchingBandFlux,61,0.3388888888888889,3.767442158,3.077343006,-0.6900991520000002,0.7112169107,0.3951205059,-0.31609640480000006,1.2513596555838098,0.5279691511436324,-0.7233905044401774,0.0,1.0,0.0,1.0,0.0,1.0,Script18_MatchingBand_L2_Native,Script18_MatchingBand_L2_Native,True,False,Gamma
POW_Band_MatchingBandFlux,62,0.34444444444444444,4.021361928,3.074797229,-0.9465646990000001,0.4741446071,0.7902410119,0.31609640479999995,1.2491827352173441,0.651729164202948,-0.5974535710143961,0.0,1.0,0.0,1.0,0.0,1.0,Script18_MatchingBand_L2_Native,Script18_MatchingBand_L2_Native,True,False,Gamma
POW_Band_MatchingBandFlux,63,0.35000000000000003,3.448947004000001,3.3331458609999953,-0.11580114300000588,0.7112169107000008,0.6321928095000023,-0.07902410119999848,0.8199495918971028,0.70949726957572,-0.1104523223213828,0.0,1.0,0.0,1.0,0.0,1.0,Script18_MatchingBand_L2_Native,Script18_MatchingBand_L2_Native,True,False,Gamma
POW_Band_MatchingBandFlux,64,0.35555555555555557,3.574381615,2.829316593,-0.7450650219999999,0.7902410119,0.869265113,0.07902410110000002,1.1189627655824537,0.6519686785959371,-0.46699408698651657,0.0,1.0,0.0,1.0,0.0,1.0,Script18_MatchingBand_L2_Native,Script18_MatchingBand_L2_Native,True,False,Gamma
POW_Band_MatchingBandFlux,65,0.3611111111111111,3.825193259,3.022205611,-0.8029876480000002,0.4741446071,0.7112169107,0.23707230360000003,1.165908426507381,0.6817698485757985,-0.48413857793158244,0.0,1.0,0.0,1.0,0.0,1.0,Script18_MatchingBand_L2_Native,Script18_MatchingBand_L2_Native,True,False,Gamma
POW_Band_MatchingBandFlux,66,0.3666666666666667,3.915234115999998,3.5866029399999926,-0.32863117600000535,0.6321928095000016,0.7112169106999985,0.07902410119999692,1.0599720644888235,0.6767282863563099,-0.38324377813251365,0.0,1.0,0.0,1.0,0.0,1.0,Script18_MatchingBand_L2_Native,Script18_MatchingBand_L2_Native,True,False,Gamma
POW_Band_MatchingBandFlux,67,0.37222222222222223,3.678342029,2.834784371,-0.8435576579999999,0.7902410119,0.5531687083,-0.23707230359999998,0.9699804604454121,0.733897510642695,-0.23608294980271705,0.0,1.0,0.0,1.0,0.0,1.0,Script18_MatchingBand_L2_Native,Script18_MatchingBand_L2_Native,True,False,Gamma
POW_Band_MatchingBandFlux,68,0.37777777777777777,3.675320279,2.922413359,-0.75290692,0.7112169107,0.869265113,0.15804820229999994,1.0264885504982066,0.6228605121024464,-0.4036280383957602,0.0,1.0,0.0,1.0,0.0,1.0,Script18_MatchingBand_L2_Native,Script18_MatchingBand_L2_Native,True,False,Gamma
POW_Band_MatchingBandFlux,69,0.38333333333333336,3.81212599,2.607726048,-1.2043999420000002,0.5531687083,0.9482892142,0.39512050590000003,1.3726852451498188,0.6630602572147556,-0.7096249879350632,0.0,1.0,0.0,1.0,0.0,1.0,Script18_MatchingBand_L2_Native,Script18_MatchingBand_L2_Native,True,False,Gamma
POW_Band_MatchingBandFlux,70,0.3888888888888889,3.847087197,3.011707719,-0.8353794780000001,0.7112169107,0.7112169107,0.0,1.2478678097795963,0.6364996465400856,-0.6113681632395107,0.0,1.0,0.0,1.0,0.0,1.0,Script18_MatchingBand_L2_Native,Script18_MatchingBand_L2_Native,True,False,Gamma
POW_Band_MatchingBandFlux,71,0.3944444444444445,4.1771668459999916,3.184190417999998,-0.9929764279999937,0.47414460710000317,0.6321928094999992,0.15804820239999606,1.201025573062777,0.5830084221023253,-0.6180171509604517,0.0,1.0,0.0,1.0,0.0,1.0,Script18_MatchingBand_L2_Native,Script18_MatchingBand_L2_Native,True,False,Gamma
POW_Band_MatchingBandFlux,72,0.4,3.275696594,2.946092455,-0.32960413899999974,0.7902410119,0.5531687083,-0.23707230359999998,0.8868760488956795,0.6988549015548124,-0.18802114734086706,0.0,1.0,0.0,1.0,0.0,1.0,Script18_MatchingBand_L2_Native,Script18_MatchingBand_L2_Native,True,False,Gamma
POW_Band_MatchingBandFlux,73,0.40555555555555556,3.624394855,2.864274195,-0.7601206599999997,0.6321928095,0.6321928095,0.0,0.923037816482466,0.593398432280538,-0.32963938420192795,0.0,1.0,0.0,1.0,0.0,1.0,Script18_MatchingBand_L2_Native,Script18_MatchingBand_L2_Native,True,False,Gamma
POW_Band_MatchingBandFlux,74,0.41111111111111115,3.8957504389999977,3.465937605999995,-0.42981283300000284,0.6321928094999977,0.7112169107000024,0.07902410120000469,0.9875150004280859,1.0144708343882796,0.02695583396019363,0.0,1.0,0.0,1.0,0.0,1.0,Script18_MatchingBand_L2_Native,Script18_MatchingBand_L2_Native,True,False,Gamma
POW_Band_MatchingBandFlux,75,0.4166666666666667,3.663497047,2.974704509,-0.688792538,0.3951205059,0.9482892142,0.5531687083000001,0.9348851557081156,0.9007977325387155,-0.034087423169400055,0.0,1.0,0.0,1.0,0.0,1.0,Script18_MatchingBand_L2_Native,Script18_MatchingBand_L2_Native,True,False,Gamma
POW_Band_MatchingBandFlux,76,0.4222222222222222,4.108346016,3.280798022,-0.8275479939999997,0.7112169107,0.5531687083,-0.15804820240000006,1.1107386380319633,0.8588671000519711,-0.2518715379799922,0.0,1.0,0.0,1.0,0.0,1.0,Script18_MatchingBand_L2_Native,Script18_MatchingBand_L2_Native,True,False,Gamma
POW_Band_MatchingBandFlux,77,0.4277777777777778,3.4531055100000034,2.8964264870000025,-0.5566790230000009,0.5531687083000023,0.9482892141999969,0.3951205058999946,0.9594147113727136,0.6452267510873236,-0.31418796028539,0.0,1.0,0.0,1.0,0.0,1.0,Script18_MatchingBand_L2_Native,Script18_MatchingBand_L2_Native,True,False,Gamma
POW_Band_MatchingBandFlux,78,0.43333333333333335,3.819030429,3.160061828,-0.6589686010000002,0.7902410119,0.6321928095,-0.15804820239999995,1.4173062664578326,0.6960814438324987,-0.7212248226253339,0.0,1.0,0.0,1.0,0.0,1.0,Script18_MatchingBand_L2_Native,Script18_MatchingBand_L2_Native,True,False,Gamma
POW_Band_MatchingBandFlux,79,0.4388888888888889,3.665705089,3.374562774,-0.29114231499999965,0.6321928095,0.7112169107,0.07902410120000003,0.954069403259206,0.7448190735376947,-0.20925032972151125,0.0,1.0,0.0,1.0,0.0,1.0,Script18_MatchingBand_L2_Native,Script18_MatchingBand_L2_Native,True,False,Gamma
POW_Band_MatchingBandFlux,80,0.4444444444444445,4.066971183999997,3.3761186829999956,-0.6908525010000015,0.6321928095000008,0.7112169107000016,0.07902410120000081,1.0704079679385097,0.8503815139603212,-0.22002645397818843,0.0,1.0,0.0,1.0,0.0,1.0,Script18_MatchingBand_L2_Native,Script18_MatchingBand_L2_Native,True,False,Gamma
POW_Band_MatchingBandFlux,81,0.45,3.837326145,2.913989924,-0.923336221,0.7112169107,0.869265113,0.15804820229999994,1.111346183746404,0.7407565868983141,-0.3705895968480899,0.0,1.0,0.0,1.0,0.0,1.0,Script18_MatchingBand_L2_Native,Script18_MatchingBand_L2_Native,True,False,Gamma
POW_Band_MatchingBandFlux,82,0.45555555555555555,4.510589077,3.576964627,-0.9336244499999995,0.5531687083,0.6321928095,0.07902410120000003,1.2404270361477387,0.8513577751217929,-0.38906926102594586,0.0,1.0,0.0,1.0,0.0,1.0,Script18_MatchingBand_L2_Native,Script18_MatchingBand_L2_Native,True,False,Gamma
POW_Band_MatchingBandFlux,83,0.46111111111111114,3.775106883,2.953208906,-0.8218979769999999,0.7112169107,0.7112169107,0.0,1.1029638915731508,0.5899134956058611,-0.5130503959672896,0.0,1.0,0.0,1.0,0.0,1.0,Script18_MatchingBand_L2_Native,Script18_MatchingBand_L2_Native,True,False,Gamma
POW_Band_MatchingBandFlux,84,0.4666666666666667,4.047373728,2.949166281,-1.098207447,0.6321928095,0.7112169107,0.07902410120000003,1.0612296619479298,0.6594443915912466,-0.4017852703566832,0.0,1.0,0.0,1.0,0.0,1.0,Script18_MatchingBand_L2_Native,Script18_MatchingBand_L2_Native,True,False,Gamma
POW_Band_MatchingBandFlux,85,0.47222222222222227,3.5046544819999985,3.1636108270000003,-0.3410436549999982,0.7902410118999976,0.7112169106999993,-0.07902410119999836,0.949679691358545,0.6485902062110503,-0.3010894851474947,0.0,1.0,0.0,1.0,0.0,1.0,Script18_MatchingBand_L2_Native,Script18_MatchingBand_L2_Native,True,False,Gamma
POW_Band_MatchingBandFlux,86,0.4777777777777778,3.367545394,3.228440463,-0.13910493099999988,0.5531687083,0.6321928095,0.07902410120000003,0.8535405190608196,0.7466775277138551,-0.10686299134696453,0.0,1.0,0.0,1.0,0.0,1.0,Script18_MatchingBand_L2_Native,Script18_MatchingBand_L2_Native,True,False,Gamma
POW_Band_MatchingBandFlux,87,0.48333333333333334,3.835677516,2.808074789,-1.027602727,0.5531687083,0.4741446071,-0.07902410119999997,1.2690719946823603,0.6539488097694859,-0.6151231849128744,0.0,1.0,0.0,1.0,0.0,1.0,Script18_MatchingBand_L2_Native,Script18_MatchingBand_L2_Native,True,False,Gamma
POW_Band_MatchingBandFlux,88,0.48888888888888893,4.478955272999997,2.709824635000002,-1.7691306379999947,0.6321928095000016,0.7112169107000008,0.07902410119999925,1.626583801128376,0.6348885632202379,-0.9916952379081381,0.0,1.0,0.0,1.0,0.0,1.0,Script18_MatchingBand_L2_Native,Script18_MatchingBand_L2_Native,True,False,Gamma
POW_Band_MatchingBandFlux,89,0.49444444444444446,4.158634611,2.932842272,-1.2257923390000003,0.7902410119,0.7902410119,0.0,0.9581370239872771,0.7015997948855245,-0.2565372291017526,0.0,1.0,0.0,1.0,0.0,1.0,Script18_MatchingBand_L2_Native,Script18_MatchingBand_L2_Native,True,False,Gamma
POW_Band_MatchingBandFlux,90,0.5,3.333819772,3.499648431,0.16582865899999977,0.7902410119,0.7902410119,0.0,0.9168889737681813,0.7837823253881413,-0.13310664838004005,0.0,1.0,0.0,1.0,0.0,1.0,Script18_MatchingBand_L2_Native,Script18_MatchingBand_L2_Native,True,False,Gamma
POW_Band_MatchingBandFlux,91,0.5055555555555555,4.048386873,3.775139245,-0.273247628,0.5531687083,0.3951205059,-0.1580482024,1.0545927813947311,0.90921175110734,-0.14538103028739113,0.0,1.0,0.0,1.0,0.0,1.0,Script18_MatchingBand_L2_Native,Script18_MatchingBand_L2_Native,True,False,Gamma
POW_Band_MatchingBandFlux,92,0.5111111111111112,3.9657571659999973,3.9387899229999785,-0.026967243000018737,0.4741446071000047,0.7902410118999952,0.31609640479999046,0.9268112264848722,1.0267255895139409,0.09991436302906864,0.0,1.0,0.0,1.0,0.0,1.0,Script18_MatchingBand_L2_Native,Script18_MatchingBand_L2_Native,True,False,Gamma
POW_Band_MatchingBandFlux,93,0.5166666666666667,3.830199773,2.875046525,-0.9551532479999998,0.7112169107,0.5531687083,-0.15804820240000006,1.2074438387243538,0.6387793543289634,-0.5686644843953904,0.0,1.0,0.0,1.0,0.0,1.0,Script18_MatchingBand_L2_Native,Script18_MatchingBand_L2_Native,True,False,Gamma
POW_Band_MatchingBandFlux,94,0.5222222222222223,4.079261109,3.273185175,-0.8060759339999999,0.6321928095,0.6321928095,0.0,1.1422360871135986,0.9762370261678321,-0.16599906094576644,0.0,1.0,0.0,1.0,0.0,1.0,Script18_MatchingBand_L2_Native,Script18_MatchingBand_L2_Native,True,False,Gamma
POW_Band_MatchingBandFlux,95,0.5277777777777778,3.871413286,2.55183269,-1.3195805960000002,0.7112169107,0.6321928095,-0.07902410120000003,1.1466566999895655,0.6680625008394686,-0.47859419915009693,0.0,1.0,0.0,1.0,0.0,1.0,Script18_MatchingBand_L2_Native,Script18_MatchingBand_L2_Native,True,False,Gamma
POW_Band_MatchingBandFlux,96,0.5333333333333333,3.757985005,3.328354806,-0.429630199,0.869265113,0.3951205059,-0.4741446071,1.3811392308239185,0.6680327608821042,-0.7131064699418144,0.0,1.0,0.0,1.0,0.0,1.0,Script18_MatchingBand_L2_Native,Script18_MatchingBand_L2_Native,True,False,Gamma
POW_Band_MatchingBandFlux,97,0.5388888888888889,3.910066027,3.471107633,-0.43895839400000014,0.5531687083,0.6321928095,0.07902410120000003,1.139975644390129,1.0060709322175396,-0.13390471217258937,0.0,1.0,0.0,1.0,0.0,1.0,Script18_MatchingBand_L2_Native,Script18_MatchingBand_L2_Native,True,False,Gamma
POW_Band_MatchingBandFlux,98,0.5444444444444445,4.202367001999988,3.2416051730000066,-0.9607618289999817,0.7112169107,0.6321928095,-0.07902410120000003,1.0777158033123833,0.8766807378653599,-0.20103506544702332,0.0,1.0,0.0,1.0,0.0,1.0,Script18_MatchingBand_L2_Native,Script18_MatchingBand_L2_Native,True,False,Gamma
POW_Band_MatchingBandFlux,99,0.55,3.604603125,3.578938214,-0.025664911000000235,0.7112169107,0.6321928095,-0.07902410120000003,1.0322922917758284,0.9491514608137102,-0.08314083096211822,0.0,1.0,0.0,1.0,0.0,1.0,Script18_MatchingBand_L2_Native,Script18_MatchingBand_L2_Native,True,False,Gamma
POW_Band_MatchingBandFlux,100,0.5555555555555556,3.83611419,3.87020633,0.034092139999999826,0.4741446071,0.7112169107,0.23707230360000003,1.1402548421546248,1.1356019437266975,-0.004652898427927266,0.0,1.0,0.0,1.0,0.0,1.0,Script18_MatchingBand_L2_Native,Script18_MatchingBand_L2_Native,True,False,Gamma
POW_Band_MatchingBandFlux,101,0.5611111111111111,3.589273673,3.579965318,-0.009308354999999935,0.7112169107,0.6321928095,-0.07902410120000003,1.218919573503555,0.8231762016023291,-0.3957433719012259,0.0,1.0,0.0,1.0,0.0,1.0,Script18_MatchingBand_L2_Native,Script18_MatchingBand_L2_Native,True,False,Gamma
POW_Band_MatchingBandFlux,102,0.5666666666666667,3.061034792,2.987380088,-0.07365470399999996,0.7112169107,0.7902410119,0.07902410119999992,0.8075073681777154,0.7550567049643948,-0.05245066321332059,0.0,1.0,0.0,1.0,0.0,1.0,Script18_MatchingBand_L2_Native,Script18_MatchingBand_L2_Native,True,False,Gamma
POW_Band_MatchingBandFlux,103,0.5722222222222223,3.714099577000002,3.2191881860000113,-0.4949113909999907,0.6321928095000016,0.7902410118999936,0.15804820239999207,0.9276915316219426,0.7273408212368098,-0.20035071038513286,0.0,1.0,0.0,1.0,0.0,1.0,Script18_MatchingBand_L2_Native,Script18_MatchingBand_L2_Native,True,False,Gamma
POW_Band_MatchingBandFlux,104,0.5777777777777778,3.814131938999991,3.786742736999988,-0.027389202000002832,0.7112169106999985,0.4741446071000047,-0.23707230359999376,0.8884070768244591,1.2055480847869229,0.3171410079624638,0.0,1.0,0.0,1.0,0.0,1.0,Script18_MatchingBand_L2_Native,Script18_MatchingBand_L2_Native,True,False,Gamma
POW_Band_MatchingBandFlux,105,0.5833333333333334,3.339579326,3.190434074,-0.14914525199999984,0.6321928095,0.7112169107,0.07902410120000003,0.8493507587798972,0.656970582406399,-0.19238017637349814,0.0,1.0,0.0,1.0,0.0,1.0,Script18_MatchingBand_L2_Native,Script18_MatchingBand_L2_Native,True,False,Gamma
POW_Band_MatchingBandFlux,106,0.5888888888888889,3.619170226,3.171542369,-0.4476278570000001,0.6321928095,0.7112169107,0.07902410120000003,1.0712701396683306,0.8395807158454698,-0.23168942382286084,0.0,1.0,0.0,1.0,0.0,1.0,Script18_MatchingBand_L2_Native,Script18_MatchingBand_L2_Native,True,False,Gamma
POW_Band_MatchingBandFlux,107,0.5944444444444444,3.288716324,3.251533285,-0.037183039000000306,0.7902410119,0.7112169107,-0.07902410119999992,1.02336771067574,0.7937939539785466,-0.22957375669719338,0.0,1.0,0.0,1.0,0.0,1.0,Script18_MatchingBand_L2_Native,Script18_MatchingBand_L2_Native,True,False,Gamma
POW_Band_MatchingBandFlux,108,0.6,3.738878362,2.731559654,-1.0073187080000001,0.6321928095,0.7902410119,0.15804820239999995,1.027496514141918,0.7679403969356194,-0.25955611720629845,0.0,1.0,0.0,1.0,0.0,1.0,Script18_MatchingBand_L2_Native,Script18_MatchingBand_L2_Native,True,False,Gamma
POW_Band_MatchingBandFlux,109,0.6055555555555556,3.8307980219999895,3.389656925999989,-0.4411410960000004,0.6321928095000016,0.47414460710000633,-0.15804820239999523,1.07436605481677,0.8011925905328442,-0.27317346428392575,0.0,1.0,0.0,1.0,0.0,1.0,Script18_MatchingBand_L2_Native,Script18_MatchingBand_L2_Native,True,False,Gamma
POW_Band_MatchingBandFlux,110,0.6111111111111112,3.286576881,2.861015207,-0.4255616739999999,0.7112169107,0.7902410119,0.07902410119999992,0.924705337683803,0.9864133393532843,0.061708001669481316,0.0,1.0,0.0,1.0,0.0,1.0,Script18_MatchingBand_L2_Native,Script18_MatchingBand_L2_Native,True,False,Gamma
POW_Band_MatchingBandFlux,111,0.6166666666666667,3.955220832,3.201570661,-0.7536501710000003,0.7112169107,0.869265113,0.15804820229999994,1.2442680736176448,0.8512518508333387,-0.39301622278430615,0.0,1.0,0.0,1.0,0.0,1.0,Script18_MatchingBand_L2_Native,Script18_MatchingBand_L2_Native,True,False,Gamma
POW_Band_MatchingBandFlux,112,0.6222222222222222,4.052455441,3.103899378,-0.9485560630000003,0.5531687083,0.7112169107,0.15804820240000006,0.9763104114384555,0.7304734480007231,-0.24583696343773243,0.0,1.0,0.0,1.0,0.0,1.0,Script18_MatchingBand_L2_Native,Script18_MatchingBand_L2_Native,True,False,Gamma
POW_Band_MatchingBandFlux,113,0.6277777777777778,3.569356105,3.386197909,-0.18315819599999994,0.7112169107,0.5531687083,-0.15804820240000006,1.0807331990648175,0.7082469109859688,-0.37248628807884865,0.0,1.0,0.0,1.0,0.0,1.0,Script18_MatchingBand_L2_Native,Script18_MatchingBand_L2_Native,True,False,Gamma
POW_Band_MatchingBandFlux,114,0.6333333333333333,3.457911869,3.67931453,0.22140266099999995,0.7112169107,0.6321928095,-0.07902410120000003,1.0362191928002806,0.6939965771483471,-0.34222261565193357,0.0,1.0,0.0,1.0,0.0,1.0,Script18_MatchingBand_L2_Native,Script18_MatchingBand_L2_Native,True,False,Gamma
POW_Band_MatchingBandFlux,115,0.638888888888889,3.7059378189999945,3.0392869280000085,-0.666650890999986,0.7112169106999985,0.8692651130000015,0.15804820230000305,1.254672308870555,0.7214876176801756,-0.5331846911903794,0.0,1.0,0.0,1.0,0.0,1.0,Script18_MatchingBand_L2_Native,Script18_MatchingBand_L2_Native,True,False,Gamma
POW_Band_MatchingBandFlux,116,0.6444444444444445,3.43665048,3.46608006,0.029429579999999955,0.6321928095,0.9482892142,0.3160964047,1.0672865147627086,0.8286269540811991,-0.2386595606815095,0.0,1.0,0.0,1.0,0.0,1.0,Script18_MatchingBand_L2_Native,Script18_MatchingBand_L2_Native,True,False,Gamma
POW_Band_MatchingBandFlux,117,0.65,4.03712599,3.571073333,-0.46605265699999965,0.7112169107,0.7902410119,0.07902410119999992,1.2452404144420948,0.9810663036690085,-0.2641741107730863,0.0,1.0,0.0,1.0,0.0,1.0,Script18_MatchingBand_L2_Native,Script18_MatchingBand_L2_Native,True,False,Gamma
POW_Band_MatchingBandFlux,118,0.6555555555555556,3.458294659,2.892855555,-0.5654391039999997,0.7902410119,0.7112169107,-0.07902410119999992,0.8942179300819872,0.8068835853734939,-0.08733434470849333,0.0,1.0,0.0,1.0,0.0,1.0,Script18_MatchingBand_L2_Native,Script18_MatchingBand_L2_Native,True,False,Gamma
POW_Band_MatchingBandFlux,119,0.6611111111111111,3.402203209,3.471719122,0.06951591300000004,0.9482892142,0.5531687083,-0.39512050590000003,1.0980500817709022,0.7476011842129051,-0.35044889755799713,0.0,1.0,0.0,1.0,0.0,1.0,Script18_MatchingBand_L2_Native,Script18_MatchingBand_L2_Native,True,False,Gamma
POW_Band_MatchingBandFlux,120,0.6666666666666667,3.6774531800000028,2.8889812610000116,-0.7884719189999911,0.8692651129999936,0.6321928095000016,-0.2370723034999921,1.2512288679880825,0.7802103175453337,-0.4710185504427489,0.0,1.0,0.0,1.0,0.0,1.0,Script18_MatchingBand_L2_Native,Script18_MatchingBand_L2_Native,True,False,Gamma
POW_Band_MatchingBandFlux,121,0.6722222222222223,3.801389501,3.472521807,-0.32886769399999993,0.5531687083,0.7112169107,0.15804820240000006,1.1146579505956857,0.9862816173155406,-0.12837633328014508,0.0,1.0,0.0,1.0,0.0,1.0,Script18_MatchingBand_L2_Native,Script18_MatchingBand_L2_Native,True,False,Gamma
POW_Band_MatchingBandFlux,122,0.6777777777777778,4.154749859,3.22730917,-0.927440689,0.3951205059,0.4741446071,0.07902410120000003,1.1370909328278536,0.9006067669904088,-0.2364841658374448,0.0,1.0,0.0,1.0,0.0,1.0,Script18_MatchingBand_L2_Native,Script18_MatchingBand_L2_Native,True,False,Gamma
POW_Band_MatchingBandFlux,123,0.6833333333333333,3.47528098,3.184428479,-0.2908525009999998,0.7902410119,0.4741446071,-0.31609640479999995,1.0072376395202958,0.8395824298578601,-0.16765520966243563,0.0,1.0,0.0,1.0,0.0,1.0,Script18_MatchingBand_L2_Native,Script18_MatchingBand_L2_Native,True,False,Gamma
POW_Band_MatchingBandFlux,124,0.6888888888888889,4.413374308,3.291443598,-1.12193071,0.6321928095,0.6321928095,0.0,1.2819044150409695,0.949833288540067,-0.33207112650090254,0.0,1.0,0.0,1.0,0.0,1.0,Script18_MatchingBand_L2_Native,Script18_MatchingBand_L2_Native,True,False,Gamma
POW_Band_MatchingBandFlux,125,0.6944444444444444,3.931523291,3.22371255,-0.7078107409999999,0.6321928095,0.7112169107,0.07902410120000003,1.113506414125783,0.9186698945120725,-0.19483651961371062,0.0,1.0,0.0,1.0,0.0,1.0,Script18_MatchingBand_L2_Native,Script18_MatchingBand_L2_Native,True,False,Gamma
POW_Band_MatchingBandFlux,126,0.7000000000000001,3.589998941999997,2.9089061480000122,-0.6810927939999849,0.6321928094999985,0.7112169107,0.07902410120000158,1.1167441284938568,0.8345133989263797,-0.2822307295674772,0.0,1.0,0.0,1.0,0.0,1.0,Script18_MatchingBand_L2_Native,Script18_MatchingBand_L2_Native,True,False,Gamma
POW_Band_MatchingBandFlux,127,0.7055555555555556,3.450631997,3.535005669,0.0843736719999999,0.5531687083,0.7112169107,0.15804820240000006,0.9051780841877592,0.9404862084643183,0.03530812427655905,0.0,1.0,0.0,1.0,0.0,1.0,Script18_MatchingBand_L2_Native,Script18_MatchingBand_L2_Native,True,False,Gamma
POW_Band_MatchingBandFlux,128,0.7111111111111111,3.856523291,3.466448135,-0.390075156,0.7112169107,0.6321928095,-0.07902410120000003,1.2394340272904123,0.9552374737507072,-0.2841965535397051,0.0,1.0,0.0,1.0,0.0,1.0,Script18_MatchingBand_L2_Native,Script18_MatchingBand_L2_Native,True,False,Gamma
POW_Band_MatchingBandFlux,129,0.7166666666666667,4.256957901,2.765993684,-1.4909642169999997,0.5531687083,0.7112169107,0.15804820240000006,1.338362227985002,0.8036856249926423,-0.5346766029923598,0.0,1.0,0.0,1.0,0.0,1.0,Script18_MatchingBand_L2_Native,Script18_MatchingBand_L2_Native,True,False,Gamma
POW_Band_MatchingBandFlux,130,0.7222222222222222,3.910877671,3.60269196,-0.30818571100000014,0.3951205059,0.4741446071,0.07902410120000003,1.0401724039137754,1.0764116353966586,0.036239231482883216,0.0,1.0,0.0,1.0,0.0,1.0,Script18_MatchingBand_L2_Native,Script18_MatchingBand_L2_Native,True,False,Gamma
POW_Band_MatchingBandFlux,131,0.7277777777777779,3.791159539999998,3.847300591999988,0.056141051999989866,0.47414460710000156,0.39512050590000786,-0.0790241011999937,1.0991831891960757,0.7186511966237812,-0.38053199257229453,0.0,1.0,0.0,1.0,0.0,1.0,Script18_MatchingBand_L2_Native,Script18_MatchingBand_L2_Native,True,False,Gamma
POW_Band_MatchingBandFlux,132,0.7333333333333334,3.680925042,3.2426533360000023,-0.4382717059999979,0.5531687083,0.7902410118999968,0.23707230359999687,1.2107478473653273,1.060707354392606,-0.15004049297272126,0.0,1.0,0.0,1.0,0.0,1.0,Script18_MatchingBand_L2_Native,Script18_MatchingBand_L2_Native,True,False,Gamma
POW_Band_MatchingBandFlux,133,0.7388888888888889,3.678630624,3.359480555,-0.319150069,0.5531687083,0.6321928095,0.07902410120000003,1.0774434301604696,0.6806166571977895,-0.3968267729626801,0.0,1.0,0.0,1.0,0.0,1.0,Script18_MatchingBand_L2_Native,Script18_MatchingBand_L2_Native,True,False,Gamma
POW_Band_MatchingBandFlux,134,0.7444444444444445,4.062414585,4.025969886,-0.03644469899999958,0.7112169107,0.3160964047,-0.39512050600000004,1.1133471862574382,0.9106555765132964,-0.2026916097441418,0.0,1.0,0.0,1.0,0.0,1.0,Script18_MatchingBand_L2_Native,Script18_MatchingBand_L2_Native,True,False,Gamma
POW_Band_MatchingBandFlux,135,0.75,3.98712599,3.481736686,-0.5053893039999999,0.6321928095,0.5531687083,-0.07902410120000003,1.119266703974585,0.7683371188968844,-0.35092958507770056,0.0,1.0,0.0,1.0,0.0,1.0,Script18_MatchingBand_L2_Native,Script18_MatchingBand_L2_Native,True,False,Gamma
POW_Band_MatchingBandFlux,136,0.7555555555555555,3.821413286,3.63822551,-0.18318777600000002,0.7112169107,0.7902410119,0.07902410119999992,0.9720750173196375,0.9748490532913228,0.0027740359716852403,0.0,1.0,0.0,1.0,0.0,1.0,Script18_MatchingBand_L2_Native,Script18_MatchingBand_L2_Native,True,False,Gamma
POW_Band_MatchingBandFlux,137,0.7611111111111112,3.437483184000007,3.4685766970000094,0.031093513000002293,0.8692651129999952,0.7112169107000016,-0.1580482022999936,1.0284403099439474,0.9431404482399809,-0.08529986170396653,0.0,1.0,0.0,1.0,0.0,1.0,Script18_MatchingBand_L2_Native,Script18_MatchingBand_L2_Native,True,False,Gamma
POW_Band_MatchingBandFlux,138,0.7666666666666667,3.788374308,3.924547471,0.13617316300000004,0.6321928095,0.7902410119,0.15804820239999995,1.2026040156141686,0.9237508273953436,-0.278853188218825,0.0,1.0,0.0,1.0,0.0,1.0,Script18_MatchingBand_L2_Native,Script18_MatchingBand_L2_Native,True,False,Gamma
POW_Band_MatchingBandFlux,139,0.7722222222222223,3.808381035,3.763408608,-0.044972426999999815,0.5531687083,0.7112169107,0.15804820240000006,1.0385834277427213,0.9965185689664291,-0.04206485877629218,0.0,1.0,0.0,1.0,0.0,1.0,Script18_MatchingBand_L2_Native,Script18_MatchingBand_L2_Native,True,False,Gamma
POW_Band_MatchingBandFlux,140,0.7777777777777778,3.535931093,3.252594519,-0.2833365739999998,0.6321928095,0.6321928095,0.0,1.0498675701554476,0.7720276327014721,-0.2778399374539755,0.0,1.0,0.0,1.0,0.0,1.0,Script18_MatchingBand_L2_Native,Script18_MatchingBand_L2_Native,True,False,Gamma
POW_Band_MatchingBandFlux,141,0.7833333333333333,3.751133987,3.067328378,-0.6838056089999998,0.7112169107,0.7902410119,0.07902410119999992,1.0516516139861853,0.8023187086848893,-0.24933290530129604,0.0,1.0,0.0,1.0,0.0,1.0,Script18_MatchingBand_L2_Native,Script18_MatchingBand_L2_Native,True,False,Gamma
POW_Band_MatchingBandFlux,142,0.788888888888889,3.7912108969999934,2.708163970000006,-1.0830469269999874,0.5531687083,0.9482892141999969,0.3951205058999969,1.1420103765417409,0.7215704879886046,-0.4204398885531363,0.0,1.0,0.0,1.0,0.0,1.0,Script18_MatchingBand_L2_Native,Script18_MatchingBand_L2_Native,True,False,Gamma
POW_Band_MatchingBandFlux,143,0.7944444444444445,3.4536756370000137,2.997818643000008,-0.4558569940000057,0.5531687083,0.7902410118999968,0.23707230359999687,1.0123500199040427,0.7371100884698644,-0.27523993143417835,0.0,1.0,0.0,1.0,0.0,1.0,Script18_MatchingBand_L2_Native,Script18_MatchingBand_L2_Native,True,False,Gamma
POW_Band_MatchingBandFlux,144,0.8,4.135911971,3.389581852,-0.7463301189999996,0.5531687083,0.6321928095,0.07902410120000003,1.0716485938204063,0.7939014295574024,-0.27774716426300394,0.0,1.0,0.0,1.0,0.0,1.0,Script18_MatchingBand_L2_Native,Script18_MatchingBand_L2_Native,True,False,Gamma
POW_Band_MatchingBandFlux,145,0.8055555555555556,3.919990871,2.832461955,-1.0875289160000001,0.7112169107,0.6321928095,-0.07902410120000003,1.1907740254135464,0.6908101953166617,-0.4999638300968847,0.0,1.0,0.0,1.0,0.0,1.0,Script18_MatchingBand_L2_Native,Script18_MatchingBand_L2_Native,True,False,Gamma
POW_Band_MatchingBandFlux,146,0.8111111111111111,3.623133296,3.277018049,-0.34611524699999974,0.7112169107,0.5531687083,-0.15804820240000006,1.2267590699104476,0.8749751876863743,-0.3517838822240733,0.0,1.0,0.0,1.0,0.0,1.0,Script18_MatchingBand_L2_Native,Script18_MatchingBand_L2_Native,True,False,Gamma
POW_Band_MatchingBandFlux,147,0.8166666666666667,3.384426541,3.255038256,-0.12938828499999966,0.869265113,0.6321928095,-0.23707230349999997,0.9039484029350051,0.8812206642372751,-0.022727738697730038,0.0,1.0,0.0,1.0,0.0,1.0,Script18_MatchingBand_L2_Native,Script18_MatchingBand_L2_Native,True,False,Gamma
POW_Band_MatchingBandFlux,148,0.8222222222222223,3.1789192190000075,3.5558171440000033,0.37689792499999575,0.7112169107000016,0.6321928095,-0.07902410120000158,0.9088032980275641,1.0478815854098704,0.13907828738230632,0.0,1.0,0.0,1.0,0.0,1.0,Script18_MatchingBand_L2_Native,Script18_MatchingBand_L2_Native,True,False,Gamma
POW_Band_MatchingBandFlux,149,0.8277777777777778,3.553415165000009,3.7057980220000006,0.15238285699999166,0.7902410119,0.6321928094999969,-0.15804820240000306,1.3189207712281292,1.1228601926612347,-0.19606057856689452,0.0,1.0,0.0,1.0,0.0,1.0,Script18_MatchingBand_L2_Native,Script18_MatchingBand_L2_Native,True,False,Gamma
POW_Band_MatchingBandFlux,150,0.8333333333333334,3.99502517,3.736200566,-0.25882460399999996,0.7902410119,0.4741446071,-0.31609640479999995,1.5363895781236923,0.7756809563182836,-0.7607086218054087,0.0,1.0,0.0,1.0,0.0,1.0,Script18_MatchingBand_L2_Native,Script18_MatchingBand_L2_Native,True,False,Gamma
POW_Band_MatchingBandFlux,151,0.8388888888888889,3.643992311,3.832588512,0.18859620100000019,0.5531687083,0.5531687083,0.0,1.1129394058495408,0.913859781830789,-0.1990796240187518,0.0,1.0,0.0,1.0,0.0,1.0,Script18_MatchingBand_L2_Native,Script18_MatchingBand_L2_Native,True,False,Gamma
POW_Band_MatchingBandFlux,152,0.8444444444444444,3.68260369,2.751240703,-0.931362987,0.5531687083,0.7902410119,0.23707230359999998,1.000111846344401,0.8166646584632502,-0.18344718788115078,0.0,1.0,0.0,1.0,0.0,1.0,Script18_MatchingBand_L2_Native,Script18_MatchingBand_L2_Native,True,False,Gamma
POW_Band_MatchingBandFlux,153,0.85,3.84217134,3.538301172,-0.303870168,0.6321928095,0.4741446071,-0.1580482024,1.267045168095311,0.8402723912345824,-0.42677277686072856,0.0,1.0,0.0,1.0,0.0,1.0,Script18_MatchingBand_L2_Native,Script18_MatchingBand_L2_Native,True,False,Gamma
POW_Band_MatchingBandFlux,154,0.8555555555555556,3.5684196579999963,3.209749831000003,-0.3586698269999933,0.5531687083000015,0.8692651129999936,0.3160964046999921,1.3226885809550701,0.6872615456315613,-0.6354270353235089,0.0,1.0,0.0,1.0,0.0,1.0,Script18_MatchingBand_L2_Native,Script18_MatchingBand_L2_Native,True,False,Gamma
POW_Band_MatchingBandFlux,155,0.8611111111111112,3.382171099,3.35887113,-0.023299968999999976,0.6321928095,0.5531687083,-0.07902410120000003,1.098030938707588,0.7921731815032059,-0.305857757204382,0.0,1.0,0.0,1.0,0.0,1.0,Script18_MatchingBand_L2_Native,Script18_MatchingBand_L2_Native,True,False,Gamma
POW_Band_MatchingBandFlux,156,0.8666666666666667,3.787341449,3.203228249,-0.5841132,0.6321928095,0.6321928095,0.0,1.068354882752915,0.8975644568279196,-0.17079042592499538,0.0,1.0,0.0,1.0,0.0,1.0,Script18_MatchingBand_L2_Native,Script18_MatchingBand_L2_Native,True,False,Gamma
POW_Band_MatchingBandFlux,157,0.8722222222222222,4.117442158,3.524723631,-0.5927185270000002,0.4741446071,0.6321928095,0.1580482024,1.1108140130083142,0.9047251759061365,-0.20608883710217762,0.0,1.0,0.0,1.0,0.0,1.0,Script18_MatchingBand_L2_Native,Script18_MatchingBand_L2_Native,True,False,Gamma
POW_Band_MatchingBandFlux,158,0.8777777777777778,3.733668911,4.330047688,0.5963787769999995,0.7112169107,0.626158025,-0.08505888570000009,1.0263610355239414,1.456114295170649,0.4297532596467075,0.0,1.0,0.0,1.0,0.0,1.0,Script18_MatchingBand_L2_Native,Script18_MatchingBand_L2_Native,True,False,Gamma
POW_Band_MatchingBandFlux,159,0.8833333333333334,3.847085132999984,2.9767734320000128,-0.870311700999971,0.7112169107000046,0.6321928095000016,-0.07902410120000303,1.0052099934315466,0.82631306819385,-0.17889692523769662,0.0,1.0,0.0,1.0,0.0,1.0,Script18_MatchingBand_L2_Native,Script18_MatchingBand_L2_Native,True,False,Gamma
POW_Band_MatchingBandFlux,160,0.888888888888889,3.0308270639999977,3.617242002000001,0.5864149380000034,0.9392370375000002,0.7112169106999985,-0.22802012680000172,0.9837758906701707,1.0033175922393867,0.019541701569215975,0.0,1.0,0.0,1.0,0.0,1.0,Script18_MatchingBand_L2_Native,Script18_MatchingBand_L2_Native,True,False,Gamma
POW_Band_MatchingBandFlux,161,0.8944444444444445,2.91824875,3.67524668,0.7569979299999998,0.9482892142,0.6321928095,-0.3160964047,1.1799372564816943,0.8417572136181068,-0.3381800428635875,0.0,1.0,0.0,1.0,0.0,1.0,Script18_MatchingBand_L2_Native,Script18_MatchingBand_L2_Native,True,False,Gamma
POW_Band_MatchingBandFlux,162,0.9,3.545252688,4.061331403,0.5160787149999995,0.4741446071,0.5531687083,0.07902410119999997,0.9924021773358156,1.3980448528985976,0.405642675562782,0.0,1.0,0.0,1.0,0.0,1.0,Script18_MatchingBand_L2_Native,Script18_MatchingBand_L2_Native,True,False,Gamma
POW_Band_MatchingBandFlux,163,0.9055555555555556,3.048456191,4.246273489,1.197817298,0.7112169107,0.6321928095,-0.07902410120000003,0.818576564946615,1.3248142186875866,0.5062376537409716,0.0,1.0,0.0,1.0,0.0,1.0,Script18_MatchingBand_L2_Native,Script18_MatchingBand_L2_Native,True,False,Gamma
POW_Band_MatchingBandFlux,164,0.9111111111111111,3.953789417,4.178903915,0.22511449800000038,0.6321928095,0.5531687083,-0.07902410120000003,1.253473648155694,1.139395901047941,-0.11407774710775298,0.0,1.0,0.0,1.0,0.0,1.0,Script18_MatchingBand_L2_Native,Script18_MatchingBand_L2_Native,True,False,Gamma
POW_Band_MatchingBandFlux,165,0.9166666666666667,3.836581162000002,3.5542781670000037,-0.28230299499999845,0.7112169107,0.6321928094999985,-0.07902410120000158,1.0022159323760615,1.0586284796325798,0.05641254725651823,0.0,1.0,0.0,1.0,0.0,1.0,Script18_MatchingBand_L2_Native,Script18_MatchingBand_L2_Native,True,False,Gamma
POW_Band_MatchingBandFlux,166,0.9222222222222223,3.954569288,3.734306459,-0.22026282900000016,0.7112169107,0.5531687083,-0.15804820240000006,1.150204392208318,0.8199438085802644,-0.33026058362805366,0.0,1.0,0.0,1.0,0.0,1.0,Script18_MatchingBand_L2_Native,Script18_MatchingBand_L2_Native,True,False,Gamma
POW_Band_MatchingBandFlux,167,0.9277777777777778,3.944790716,3.498744786,-0.4460459299999999,0.4741446071,0.5531687083,0.07902410119999997,1.2011364472944055,0.9244245898385097,-0.27671185745589577,0.0,1.0,0.0,1.0,0.0,1.0,Script18_MatchingBand_L2_Native,Script18_MatchingBand_L2_Native,True,False,Gamma
POW_Band_MatchingBandFlux,168,0.9333333333333333,3.408144319,3.601441578,0.1932972590000004,0.6321928095,0.7112169107,0.07902410120000003,0.9370124339439172,0.7261576602494395,-0.2108547736944777,0.0,1.0,0.0,1.0,0.0,1.0,Script18_MatchingBand_L2_Native,Script18_MatchingBand_L2_Native,True,False,Gamma
POW_Band_MatchingBandFlux,169,0.9388888888888889,3.597810402,2.744859315,-0.8529510870000001,0.7112169107,0.869265113,0.15804820229999994,1.0485510374140952,0.854521196067956,-0.1940298413461392,0.0,1.0,0.0,1.0,0.0,1.0,Script18_MatchingBand_L2_Native,Script18_MatchingBand_L2_Native,True,False,Gamma
POW_Band_MatchingBandFlux,170,0.9444444444444445,3.796161772999997,3.4065575900000007,-0.38960418299999633,0.5531687082999984,0.7112169106999985,0.15804820240000006,1.110503353708969,0.8441418191552419,-0.26636153455372713,0.0,1.0,0.0,1.0,0.0,1.0,Script18_MatchingBand_L2_Native,Script18_MatchingBand_L2_Native,True,False,Gamma
POW_Band_MatchingBandFlux,171,0.9500000000000001,3.639388172000008,3.451334142000012,-0.188054029999996,0.47414460710000317,0.6321928095,0.15804820239999684,1.099772332664501,1.0708034305600027,-0.028968902104498317,0.0,1.0,0.0,1.0,0.0,1.0,Script18_MatchingBand_L2_Native,Script18_MatchingBand_L2_Native,True,False,Gamma
POW_Band_MatchingBandFlux,172,0.9555555555555556,4.049870365,4.056923601,0.007053235999999963,0.6321928095,0.6321928095,0.0,1.3920383506217868,0.9673908542083388,-0.424647496413448,0.0,1.0,0.0,1.0,0.0,1.0,Script18_MatchingBand_L2_Native,Script18_MatchingBand_L2_Native,True,False,Gamma
POW_Band_MatchingBandFlux,173,0.9611111111111111,4.076318839,3.789796723,-0.286522116,0.4741446071,0.7112169107,0.23707230360000003,1.1195791550584633,1.5870612926423477,0.46748213758388446,0.0,1.0,0.0,1.0,0.0,1.0,Script18_MatchingBand_L2_Native,Script18_MatchingBand_L2_Native,True,False,Gamma
POW_Band_MatchingBandFlux,174,0.9666666666666667,4.334017864,3.556264994,-0.7777528699999996,0.6321928095,0.6321928095,0.0,1.3838905080396944,0.9192337465451959,-0.4646567614944985,0.0,1.0,0.0,1.0,0.0,1.0,Script18_MatchingBand_L2_Native,Script18_MatchingBand_L2_Native,True,False,Gamma
POW_Band_MatchingBandFlux,175,0.9722222222222222,4.316482434,3.931120916,-0.3853615180000003,0.6321928095,0.5531687083,-0.07902410120000003,1.9193989996092586,1.0474693503824726,-0.8719296492267861,0.0,1.0,0.0,1.0,0.0,1.0,Script18_MatchingBand_L2_Native,Script18_MatchingBand_L2_Native,True,False,Gamma
POW_Band_MatchingBandFlux,176,0.9777777777777779,3.865197555000005,3.692851428000003,-0.17234612700000174,0.7112169107,0.7112169107,0.0,1.5251961843902664,1.2853997723145438,-0.23979641207572255,0.0,1.0,0.0,1.0,0.0,1.0,Script18_MatchingBand_L2_Native,Script18_MatchingBand_L2_Native,True,False,Gamma
POW_Band_MatchingBandFlux,177,0.9833333333333334,4.10265559699999,3.8402341159999995,-0.26242148099999074,0.7112169107000016,0.7112169106999953,-6.328271240363392e-15,1.1500122626768516,1.0593236147174452,-0.09068864795940645,0.0,1.0,0.0,1.0,0.0,1.0,Script18_MatchingBand_L2_Native,Script18_MatchingBand_L2_Native,True,False,Gamma
POW_Band_MatchingBandFlux,178,0.9888888888888889,3.607474013,3.81111419,0.20364017700000003,0.7902410119,0.4741446071,-0.31609640479999995,0.9804781498321951,1.0239438827008769,0.04346573286868183,0.0,1.0,0.0,1.0,0.0,1.0,Script18_MatchingBand_L2_Native,Script18_MatchingBand_L2_Native,True,False,Gamma
POW_Band_MatchingBandFlux,179,0.9944444444444445,4.299958804,3.021486687,-1.2784721170000002,0.6321928095,0.7112169107,0.07902410120000003,1.234636196342026,0.7094955178727608,-0.5251406784692653,0.0,1.0,0.0,1.0,0.0,1.0,Script18_MatchingBand_L2_Native,Script18_MatchingBand_L2_Native,True,False,Gamma
POW_Band_MatchingBandFlux,180,1.0,4.061942893,3.038578664,-1.0233642290000002,0.6321928095,0.7902410119,0.15804820239999995,1.19841263101781,0.9020923957561748,-0.2963202352616352,0.0,1.0,0.0,1.0,0.0,1.0,Script18_MatchingBand_L2_Native,Script18_MatchingBand_L2_Native,True,False,Gamma
POW_Band_MatchingBandFlux,0,0.0,1.384170271,0.9599377176,-0.4242325533999999,0.3130790125,0.4696185187,0.1565395062,1.194535883178737,3.266579703514712,2.072043820335975,0.0,1.0,0.0,1.0,0.0,1.0,Script18_MatchingBand_L2_Native,Script18_MatchingBand_L2_Native,True,False,Theta
POW_Band_MatchingBandFlux,1,0.005555555555555556,1.692406418,1.106001125,-0.5864052930000001,0.6321928095,0.4741446071,-0.1580482024,13.377005055133004,10.065122511492364,-3.3118825436406407,0.0,1.0,0.0,1.0,0.0,1.0,Script18_MatchingBand_L2_Native,Script18_MatchingBand_L2_Native,True,False,Theta
POW_Band_MatchingBandFlux,2,0.011111111111111112,1.707543201,1.139275202,-0.5682679989999999,0.3160964047,0.6321928095,0.3160964048,2.070897148467294,5.511945667732168,3.441048519264874,0.0,1.0,0.0,1.0,0.0,1.0,Script18_MatchingBand_L2_Native,Script18_MatchingBand_L2_Native,True,False,Theta
POW_Band_MatchingBandFlux,3,0.016666666666666666,2.278921011,1.678862862,-0.6000581490000001,0.7112169107,0.5531687083,-0.15804820240000006,13.037901327964406,17.837029140399828,4.799127812435422,0.0,1.0,0.0,1.0,0.0,1.0,Script18_MatchingBand_L2_Native,Script18_MatchingBand_L2_Native,True,False,Theta
POW_Band_MatchingBandFlux,4,0.022222222222222223,1.739714365,1.342295423,-0.39741894200000005,0.7902410119,0.7112169107,-0.07902410119999992,15.589642447710174,8.680389340679554,-6.9092531070306205,0.0,1.0,0.0,1.0,0.0,1.0,Script18_MatchingBand_L2_Native,Script18_MatchingBand_L2_Native,True,False,Theta
POW_Band_MatchingBandFlux,5,0.02777777777777778,2.5873153409999996,1.8263641609999994,-0.7609511800000002,0.6321928095,0.6321928094999999,-1.1102230246251565e-16,17.565416756266313,11.686974386787393,-5.87844236947892,0.0,1.0,0.0,1.0,0.0,1.0,Script18_MatchingBand_L2_Native,Script18_MatchingBand_L2_Native,True,False,Theta
POW_Band_MatchingBandFlux,6,0.03333333333333333,2.069345667,0.7219280949,-1.3474175721,0.5531687083,0.4741446071,-0.07902410119999997,9.388523116041853,4.683083856403299,-4.7054392596385535,0.0,1.0,0.0,1.0,0.0,1.0,Script18_MatchingBand_L2_Native,Script18_MatchingBand_L2_Native,True,False,Theta
POW_Band_MatchingBandFlux,7,0.03888888888888889,1.500645789,0.9959386076,-0.5047071814,0.6321928095,0.4741446071,-0.1580482024,9.45337934440793,4.790229679030869,-4.663149665377061,0.0,1.0,0.0,1.0,0.0,1.0,Script18_MatchingBand_L2_Native,Script18_MatchingBand_L2_Native,True,False,Theta
POW_Band_MatchingBandFlux,8,0.044444444444444446,2.45855327,0.5435644432,-1.9149888268,0.5531687083,0.7902410119,0.23707230359999998,13.041179528834373,5.900416246436395,-7.1407632823979785,0.0,1.0,0.0,1.0,0.0,1.0,Script18_MatchingBand_L2_Native,Script18_MatchingBand_L2_Native,True,False,Theta
POW_Band_MatchingBandFlux,9,0.05,2.292835531,0.3843115441,-1.9085239869000001,0.3160964047,0.3951205059,0.07902410119999997,15.361046443930436,0.5249230771485669,-14.83612336678187,0.0,1.0,0.0,1.0,0.0,1.0,Script18_MatchingBand_L2_Native,Script18_MatchingBand_L2_Native,True,False,Theta
POW_Band_MatchingBandFlux,10,0.05555555555555556,3.054743557999999,0.42806962920000013,-2.626673928799999,0.4741446071000002,0.6321928095,0.15804820239999978,14.51760598702338,4.5003421257776,-10.01726386124578,0.0,1.0,0.0,1.0,0.0,1.0,Script18_MatchingBand_L2_Native,Script18_MatchingBand_L2_Native,True,False,Theta
POW_Band_MatchingBandFlux,11,0.061111111111111116,2.0045146849999993,0.5074109637000007,-1.4971037212999985,0.6321928094999996,0.6321928095,4.440892098500626e-16,11.865459970158904,6.042735510820004,-5.8227244593389,0.0,1.0,0.0,1.0,0.0,1.0,Script18_MatchingBand_L2_Native,Script18_MatchingBand_L2_Native,True,False,Theta
POW_Band_MatchingBandFlux,12,0.06666666666666667,1.416361355,0.9995491108,-0.41681224420000007,0.3160964047,0.6321928095,0.3160964048,8.2976023780055,8.852632240798677,0.5550298627931767,0.0,1.0,0.0,1.0,0.0,1.0,Script18_MatchingBand_L2_Native,Script18_MatchingBand_L2_Native,True,False,Theta
POW_Band_MatchingBandFlux,13,0.07222222222222223,2.429412285,1.5085735339999982,-0.920838751000002,0.5531687083000002,0.4741446071000008,-0.07902410119999942,12.622959221941846,9.443799405607514,-3.179159816334332,0.0,1.0,0.0,1.0,0.0,1.0,Script18_MatchingBand_L2_Native,Script18_MatchingBand_L2_Native,True,False,Theta
POW_Band_MatchingBandFlux,14,0.07777777777777778,2.460633497,0.8304955225,-1.6301379744999998,0.6321928095,0.7902410119,0.15804820239999995,13.516596074746175,7.819500894766489,-5.697095179979686,0.0,1.0,0.0,1.0,0.0,1.0,Script18_MatchingBand_L2_Native,Script18_MatchingBand_L2_Native,True,False,Theta
POW_Band_MatchingBandFlux,15,0.08333333333333334,2.6144661729999994,0.9981958790000003,-1.616270293999999,0.4741446071000002,0.7902410119000002,0.31609640479999995,18.064539785962367,8.311995039551134,-9.752544746411234,0.0,1.0,0.0,1.0,0.0,1.0,Script18_MatchingBand_L2_Native,Script18_MatchingBand_L2_Native,True,False,Theta
POW_Band_MatchingBandFlux,16,0.08888888888888889,2.400182455,1.14448832,-1.255694135,0.5531687083,0.869265113,0.3160964047,9.599453236234075,8.949958507147091,-0.6494947290869835,0.0,1.0,0.0,1.0,0.0,1.0,Script18_MatchingBand_L2_Native,Script18_MatchingBand_L2_Native,True,False,Theta
POW_Band_MatchingBandFlux,17,0.09444444444444444,2.516575509,1.735680815,-0.7808946939999999,0.5531687083,0.6321928095,0.07902410120000003,14.5197790060881,7.922427820678529,-6.597351185409572,0.0,1.0,0.0,1.0,0.0,1.0,Script18_MatchingBand_L2_Native,Script18_MatchingBand_L2_Native,True,False,Theta
POW_Band_MatchingBandFlux,18,0.1,2.213855924,1.491828593,-0.7220273310000003,0.5531687083,0.5531687083,0.0,17.90237038464189,9.665945804264318,-8.236424580377573,0.0,1.0,0.0,1.0,0.0,1.0,Script18_MatchingBand_L2_Native,Script18_MatchingBand_L2_Native,True,False,Theta
POW_Band_MatchingBandFlux,19,0.10555555555555556,2.397703321,1.438499616,-0.9592037049999997,0.7112169107,0.6321928095,-0.07902410120000003,14.974182741860051,10.614545232498948,-4.359637509361104,0.0,1.0,0.0,1.0,0.0,1.0,Script18_MatchingBand_L2_Native,Script18_MatchingBand_L2_Native,True,False,Theta
POW_Band_MatchingBandFlux,20,0.11111111111111112,2.2054966080000007,0.9544340029000011,-1.2510626050999996,0.6321928095,0.7112169107000006,0.07902410120000058,11.984736021370049,6.846114536915585,-5.138621484454464,0.0,1.0,0.0,1.0,0.0,1.0,Script18_MatchingBand_L2_Native,Script18_MatchingBand_L2_Native,True,False,Theta
POW_Band_MatchingBandFlux,21,0.11666666666666667,2.516176932,1.418049125,-1.098127807,0.6321928095,0.9482892142,0.3160964047,13.899153859025677,10.17555796320639,-3.7235958958192867,0.0,1.0,0.0,1.0,0.0,1.0,Script18_MatchingBand_L2_Native,Script18_MatchingBand_L2_Native,True,False,Theta
POW_Band_MatchingBandFlux,22,0.12222222222222223,1.9422347709999985,1.6797198029999996,-0.26251496799999896,0.5531687083000004,0.6321928095,0.07902410119999959,11.923098391477827,10.899063474283105,-1.0240349171947223,0.0,1.0,0.0,1.0,0.0,1.0,Script18_MatchingBand_L2_Native,Script18_MatchingBand_L2_Native,True,False,Theta
POW_Band_MatchingBandFlux,23,0.1277777777777778,1.3578496100000024,1.474232869999997,0.11638325999999455,0.7112169107,0.6321928095000005,-0.07902410119999959,9.226998151046544,15.591579639051194,6.364581488004649,0.0,1.0,0.0,1.0,0.0,1.0,Script18_MatchingBand_L2_Native,Script18_MatchingBand_L2_Native,True,False,Theta
POW_Band_MatchingBandFlux,24,0.13333333333333333,1.831604724,0.8654698974,-0.9661348265999999,0.7112169107,0.7112169107,0.0,11.452742217527089,9.888257464602189,-1.5644847529248995,0.0,1.0,0.0,1.0,0.0,1.0,Script18_MatchingBand_L2_Native,Script18_MatchingBand_L2_Native,True,False,Theta
POW_Band_MatchingBandFlux,25,0.1388888888888889,2.175941272,1.472827356,-0.7031139160000002,0.7112169107,0.6321928095,-0.07902410120000003,19.371790924912716,9.192451655651386,-10.17933926926133,0.0,1.0,0.0,1.0,0.0,1.0,Script18_MatchingBand_L2_Native,Script18_MatchingBand_L2_Native,True,False,Theta
POW_Band_MatchingBandFlux,26,0.14444444444444446,2.176880095,1.516327151,-0.660552944,0.5531687083000008,0.5531687082999995,-1.2212453270876722e-15,14.0604974450775,8.461879129434017,-5.598618315643483,0.0,1.0,0.0,1.0,0.0,1.0,Script18_MatchingBand_L2_Native,Script18_MatchingBand_L2_Native,True,False,Theta
POW_Band_MatchingBandFlux,27,0.15,2.211912075,1.500543443,-0.7113686319999999,0.7112169107,0.4741446071,-0.23707230360000003,14.961529092868464,7.811931840980787,-7.149597251887677,0.0,1.0,0.0,1.0,0.0,1.0,Script18_MatchingBand_L2_Native,Script18_MatchingBand_L2_Native,True,False,Theta
POW_Band_MatchingBandFlux,28,0.15555555555555556,1.985518556,2.070260676,0.08474212000000025,0.7112169107,0.7112169107,0.0,15.7969896751712,10.801432325866646,-4.995557349304555,0.0,1.0,0.0,1.0,0.0,1.0,Script18_MatchingBand_L2_Native,Script18_MatchingBand_L2_Native,True,False,Theta
POW_Band_MatchingBandFlux,29,0.16111111111111112,1.942578006,1.646286575,-0.296291431,0.6321928095,0.5531687083,-0.07902410120000003,13.841477662691595,10.44483995999369,-3.3966377026979053,0.0,1.0,0.0,1.0,0.0,1.0,Script18_MatchingBand_L2_Native,Script18_MatchingBand_L2_Native,True,False,Theta
POW_Band_MatchingBandFlux,30,0.16666666666666669,1.9359565749999972,1.8246743369999958,-0.11128223800000137,0.5531687083000008,0.5531687083000008,0.0,15.197500663367073,12.182971838442063,-3.0145288249250104,0.0,1.0,0.0,1.0,0.0,1.0,Script18_MatchingBand_L2_Native,Script18_MatchingBand_L2_Native,True,False,Theta
POW_Band_MatchingBandFlux,31,0.17222222222222222,1.350376329,1.0,-0.35037632899999993,0.7112169107,0.7112169107,0.0,10.681359910708725,8.884952224720912,-1.7964076859878126,0.0,1.0,0.0,1.0,0.0,1.0,Script18_MatchingBand_L2_Native,Script18_MatchingBand_L2_Native,True,False,Theta
POW_Band_MatchingBandFlux,32,0.17777777777777778,2.383606291,1.416502327,-0.9671039640000001,0.5531687083,0.3951205059,-0.1580482024,12.189605390614584,11.823715851906123,-0.36588953870846197,0.0,1.0,0.0,1.0,0.0,1.0,Script18_MatchingBand_L2_Native,Script18_MatchingBand_L2_Native,True,False,Theta
POW_Band_MatchingBandFlux,33,0.18333333333333335,2.262979881000002,1.3265018319999982,-0.9364780490000038,0.4741446071000004,0.6321928095,0.15804820239999962,12.529330705138257,6.924491617345526,-5.6048390877927305,0.0,1.0,0.0,1.0,0.0,1.0,Script18_MatchingBand_L2_Native,Script18_MatchingBand_L2_Native,True,False,Theta
POW_Band_MatchingBandFlux,34,0.18888888888888888,2.631739969,0.9880106363,-1.6437293327,0.5531687083,0.6321928095,0.07902410120000003,14.006538945096963,8.232327735546178,-5.774211209550785,0.0,1.0,0.0,1.0,0.0,1.0,Script18_MatchingBand_L2_Native,Script18_MatchingBand_L2_Native,True,False,Theta
POW_Band_MatchingBandFlux,35,0.19444444444444445,1.667405833,1.259960425,-0.40744540799999984,0.6321928095,0.7112169107,0.07902410120000003,14.703522510979347,8.838526439091902,-5.864996071887445,0.0,1.0,0.0,1.0,0.0,1.0,Script18_MatchingBand_L2_Native,Script18_MatchingBand_L2_Native,True,False,Theta
POW_Band_MatchingBandFlux,36,0.2,1.997966428,1.259960425,-0.738006003,0.5531687083,0.6321928095,0.07902410120000003,15.646220783565997,12.300999097756982,-3.3452216858090154,0.0,1.0,0.0,1.0,0.0,1.0,Script18_MatchingBand_L2_Native,Script18_MatchingBand_L2_Native,True,False,Theta
POW_Band_MatchingBandFlux,37,0.20555555555555557,1.7245584939999994,1.3049201519999982,-0.41963834200000116,0.47414460710000156,0.6321928095000005,0.1580482023999989,14.617398494696399,8.581086500617124,-6.036311994079275,0.0,1.0,0.0,1.0,0.0,1.0,Script18_MatchingBand_L2_Native,Script18_MatchingBand_L2_Native,True,False,Theta
POW_Band_MatchingBandFlux,38,0.2111111111111111,1.590014811,0.9544340029,-0.6355808081000001,0.7902410119,0.7112169107,-0.07902410119999992,10.008808660599538,8.370249299828494,-1.638559360771044,0.0,1.0,0.0,1.0,0.0,1.0,Script18_MatchingBand_L2_Native,Script18_MatchingBand_L2_Native,True,False,Theta
POW_Band_MatchingBandFlux,39,0.21666666666666667,1.628069304,1.12087997,-0.507189334,0.3951205059,0.4741446071,0.07902410120000003,9.82160719971937,12.25691623371323,2.4353090339938603,0.0,1.0,0.0,1.0,0.0,1.0,Script18_MatchingBand_L2_Native,Script18_MatchingBand_L2_Native,True,False,Theta
POW_Band_MatchingBandFlux,40,0.22222222222222224,2.259833634999996,1.3607463559999993,-0.8990872789999969,0.6321928095000005,0.7902410118999995,0.15804820239999906,13.865629844815508,9.644331620073526,-4.221298224741982,0.0,1.0,0.0,1.0,0.0,1.0,Script18_MatchingBand_L2_Native,Script18_MatchingBand_L2_Native,True,False,Theta
POW_Band_MatchingBandFlux,41,0.22777777777777777,1.459536965,1.247556249,-0.211980716,0.7112169107,0.7112169107,0.0,14.305233767489806,8.177702499617585,-6.127531267872222,0.0,1.0,0.0,1.0,0.0,1.0,Script18_MatchingBand_L2_Native,Script18_MatchingBand_L2_Native,True,False,Theta
POW_Band_MatchingBandFlux,42,0.23333333333333334,1.396671708,1.745777082,0.3491053740000001,0.7112169107,0.5531687083,-0.15804820240000006,11.702428631591491,10.207728614734613,-1.4947000168568785,0.0,1.0,0.0,1.0,0.0,1.0,Script18_MatchingBand_L2_Native,Script18_MatchingBand_L2_Native,True,False,Theta
POW_Band_MatchingBandFlux,43,0.2388888888888889,1.394492291,1.312579038,-0.08191325299999996,0.869265113,0.5531687083,-0.3160964047,11.905292990968922,10.31909817801487,-1.5861948129540515,0.0,1.0,0.0,1.0,0.0,1.0,Script18_MatchingBand_L2_Native,Script18_MatchingBand_L2_Native,True,False,Theta
POW_Band_MatchingBandFlux,44,0.24444444444444446,2.344834416999999,1.4050955790000001,-0.9397388379999989,0.6321928094999996,0.5531687083000008,-0.07902410119999881,17.83339734511998,8.87419306975992,-8.95920427536006,0.0,1.0,0.0,1.0,0.0,1.0,Script18_MatchingBand_L2_Native,Script18_MatchingBand_L2_Native,True,False,Theta
POW_Band_MatchingBandFlux,45,0.25,2.137386664,1.454868061,-0.6825186030000001,0.5531687083,0.7112169107,0.15804820240000006,14.394390952433467,11.031991383056564,-3.362399569376903,0.0,1.0,0.0,1.0,0.0,1.0,Script18_MatchingBand_L2_Native,Script18_MatchingBand_L2_Native,True,False,Theta
POW_Band_MatchingBandFlux,46,0.2555555555555556,2.543253760999999,1.360559719000004,-1.182694041999995,0.7112169106999977,0.7112169106999969,-7.771561172376096e-16,26.09433292409198,8.091427721325392,-18.002905202766588,0.0,1.0,0.0,1.0,0.0,1.0,Script18_MatchingBand_L2_Native,Script18_MatchingBand_L2_Native,True,False,Theta
POW_Band_MatchingBandFlux,47,0.2611111111111111,2.437733183,1.751589657,-0.6861435260000002,0.4741446071,0.3951205059,-0.07902410120000003,20.2791541393442,11.678579569969308,-8.600574569374892,0.0,1.0,0.0,1.0,0.0,1.0,Script18_MatchingBand_L2_Native,Script18_MatchingBand_L2_Native,True,False,Theta
POW_Band_MatchingBandFlux,48,0.26666666666666666,2.078897903,1.425941749,-0.6529561540000002,0.7112169107,0.6321928095,-0.07902410120000003,13.748761163647165,10.8447351784373,-2.9040259852098647,0.0,1.0,0.0,1.0,0.0,1.0,Script18_MatchingBand_L2_Native,Script18_MatchingBand_L2_Native,True,False,Theta
POW_Band_MatchingBandFlux,49,0.27222222222222225,1.6587718860000067,1.4491403769999933,-0.20963150900001337,0.5531687083,0.6321928095000016,0.07902410120000158,12.549201781250721,7.289495271032043,-5.259706510218678,0.0,1.0,0.0,1.0,0.0,1.0,Script18_MatchingBand_L2_Native,Script18_MatchingBand_L2_Native,True,False,Theta
POW_Band_MatchingBandFlux,50,0.2777777777777778,2.327613824,0.7849618352,-1.5426519888000003,0.5531687083,0.7902410119,0.23707230359999998,17.32925141374162,9.419581614101272,-7.909669799640348,0.0,1.0,0.0,1.0,0.0,1.0,Script18_MatchingBand_L2_Native,Script18_MatchingBand_L2_Native,True,False,Theta
POW_Band_MatchingBandFlux,51,0.2833333333333333,2.190896369,0.8841837198,-1.3067126491999999,0.6321928095,0.6321928095,0.0,15.921430322222168,8.946300114374111,-6.975130207848057,0.0,1.0,0.0,1.0,0.0,1.0,Script18_MatchingBand_L2_Native,Script18_MatchingBand_L2_Native,True,False,Theta
POW_Band_MatchingBandFlux,52,0.2888888888888889,2.3858386379999965,1.3528704299999958,-1.0329682080000007,0.6321928095000016,0.7902410119000007,0.15804820239999917,15.39718661728068,11.932423581130882,-3.4647630361497974,0.0,1.0,0.0,1.0,0.0,1.0,Script18_MatchingBand_L2_Native,Script18_MatchingBand_L2_Native,True,False,Theta
POW_Band_MatchingBandFlux,53,0.29444444444444445,2.00850912,0.9219280949,-1.0865810250999997,0.7902410119,0.869265113,0.07902410110000002,13.771931244235976,10.323269212910635,-3.448662031325341,0.0,1.0,0.0,1.0,0.0,1.0,Script18_MatchingBand_L2_Native,Script18_MatchingBand_L2_Native,True,False,Theta
POW_Band_MatchingBandFlux,54,0.3,1.897932381,1.190280348,-0.707652033,0.6321928095,0.7902410119,0.15804820239999995,12.0629497015316,7.316716108991492,-4.746233592540109,0.0,1.0,0.0,1.0,0.0,1.0,Script18_MatchingBand_L2_Native,Script18_MatchingBand_L2_Native,True,False,Theta
POW_Band_MatchingBandFlux,55,0.3055555555555556,2.908923471,1.247556249,-1.661367222,0.5531687083,0.5531687083,0.0,31.059740572078187,12.200844694148438,-18.858895877929747,0.0,1.0,0.0,1.0,0.0,1.0,Script18_MatchingBand_L2_Native,Script18_MatchingBand_L2_Native,True,False,Theta
POW_Band_MatchingBandFlux,56,0.3111111111111111,2.334820285,2.133382901,-0.2014373840000001,0.5531687083,0.6321928095,0.07902410120000003,15.310452958938702,14.899114101293334,-0.4113388576453687,0.0,1.0,0.0,1.0,0.0,1.0,Script18_MatchingBand_L2_Native,Script18_MatchingBand_L2_Native,True,False,Theta
POW_Band_MatchingBandFlux,57,0.31666666666666665,1.829489864,1.456431622,-0.37305824199999993,0.5531687083,0.869265113,0.3160964047,14.55427020716528,9.11167069409591,-5.44259951306937,0.0,1.0,0.0,1.0,0.0,1.0,Script18_MatchingBand_L2_Native,Script18_MatchingBand_L2_Native,True,False,Theta
POW_Band_MatchingBandFlux,58,0.32222222222222224,1.881112099,1.575038926,-0.30607317300000014,0.7112169107,0.4741446071,-0.23707230360000003,11.183431624708867,11.847851078957909,0.6644194542490425,0.0,1.0,0.0,1.0,0.0,1.0,Script18_MatchingBand_L2_Native,Script18_MatchingBand_L2_Native,True,False,Theta
POW_Band_MatchingBandFlux,59,0.3277777777777778,1.780283752,0.992774454,-0.7875092980000001,0.5531687083,0.7112169107,0.15804820240000006,13.37260397184195,9.302405383713108,-4.070198588128843,0.0,1.0,0.0,1.0,0.0,1.0,Script18_MatchingBand_L2_Native,Script18_MatchingBand_L2_Native,True,False,Theta
POW_Band_MatchingBandFlux,60,0.33333333333333337,1.900665112000009,1.4019960330000012,-0.4986690790000079,0.6321928095,0.7112169106999993,0.07902410119999925,9.52473332332524,9.2359609987832,-0.28877232454203927,0.0,1.0,0.0,1.0,0.0,1.0,Script18_MatchingBand_L2_Native,Script18_MatchingBand_L2_Native,True,False,Theta
POW_Band_MatchingBandFlux,61,0.3388888888888889,2.821919278,1.508573534,-1.3133457440000003,0.6321928095,0.6321928095,0.0,27.006788771785146,11.131822511695031,-15.874966260090115,0.0,1.0,0.0,1.0,0.0,1.0,Script18_MatchingBand_L2_Native,Script18_MatchingBand_L2_Native,True,False,Theta
POW_Band_MatchingBandFlux,62,0.34444444444444444,2.375933832,1.659517637,-0.7164161949999999,0.6321928095,0.5531687083,-0.07902410120000003,15.74219936218712,13.279891858118924,-2.462307504068196,0.0,1.0,0.0,1.0,0.0,1.0,Script18_MatchingBand_L2_Native,Script18_MatchingBand_L2_Native,True,False,Theta
POW_Band_MatchingBandFlux,63,0.35000000000000003,2.184058466000003,1.568156621999998,-0.6159018440000048,0.5531687083000008,0.7112169106999993,0.1580482023999985,12.799762244009683,12.396377281719094,-0.4033849622905894,0.0,1.0,0.0,1.0,0.0,1.0,Script18_MatchingBand_L2_Native,Script18_MatchingBand_L2_Native,True,False,Theta
POW_Band_MatchingBandFlux,64,0.35555555555555557,2.450151304,1.376356784,-1.0737945199999999,0.6321928095,0.6321928095,0.0,14.608334565480206,12.034450911214162,-2.5738836542660444,0.0,1.0,0.0,1.0,0.0,1.0,Script18_MatchingBand_L2_Native,Script18_MatchingBand_L2_Native,True,False,Theta
POW_Band_MatchingBandFlux,65,0.3611111111111111,2.016189799,0.9861105511,-1.0300792479000003,0.4741446071,0.7112169107,0.23707230360000003,21.493603370335347,11.740904433821175,-9.752698936514172,0.0,1.0,0.0,1.0,0.0,1.0,Script18_MatchingBand_L2_Native,Script18_MatchingBand_L2_Native,True,False,Theta
POW_Band_MatchingBandFlux,66,0.3666666666666667,2.1180280799999975,1.2999580580000083,-0.8180700219999892,0.7112169106999985,0.7112169106999993,7.771561172376096e-16,17.622502917466463,10.831748518118818,-6.7907543993476445,0.0,1.0,0.0,1.0,0.0,1.0,Script18_MatchingBand_L2_Native,Script18_MatchingBand_L2_Native,True,False,Theta
POW_Band_MatchingBandFlux,67,0.37222222222222223,1.862661281,2.120066443,0.25740516199999974,0.5531687083,0.6321928095,0.07902410120000003,13.297130333201622,15.41773960999679,2.120609276795168,0.0,1.0,0.0,1.0,0.0,1.0,Script18_MatchingBand_L2_Native,Script18_MatchingBand_L2_Native,True,False,Theta
POW_Band_MatchingBandFlux,68,0.37777777777777777,2.297076316,1.309963344,-0.987112972,0.6321928095,0.7112169107,0.07902410120000003,14.71098770327131,11.415681563426766,-3.295306139844545,0.0,1.0,0.0,1.0,0.0,1.0,Script18_MatchingBand_L2_Native,Script18_MatchingBand_L2_Native,True,False,Theta
POW_Band_MatchingBandFlux,69,0.38333333333333336,2.148589811,1.573330641,-0.5752591699999998,0.5531687083,0.6321928095,0.07902410120000003,17.074665239748775,11.636057268920236,-5.438607970828539,0.0,1.0,0.0,1.0,0.0,1.0,Script18_MatchingBand_L2_Native,Script18_MatchingBand_L2_Native,True,False,Theta
POW_Band_MatchingBandFlux,70,0.3888888888888889,1.744859273,1.727262624,-0.01759664900000013,0.3951205059,0.6321928095,0.23707230360000003,12.775570824146342,13.115489155284088,0.3399183311377456,0.0,1.0,0.0,1.0,0.0,1.0,Script18_MatchingBand_L2_Native,Script18_MatchingBand_L2_Native,True,False,Theta
POW_Band_MatchingBandFlux,71,0.3944444444444445,2.4357200559999925,1.8179932059999995,-0.617726849999993,0.5531687083000031,0.5531687082999992,-3.885780586188048e-15,12.403551565876636,15.295324880038802,2.8917733141621653,0.0,1.0,0.0,1.0,0.0,1.0,Script18_MatchingBand_L2_Native,Script18_MatchingBand_L2_Native,True,False,Theta
POW_Band_MatchingBandFlux,72,0.4,1.70147389,1.774636186,0.07316229600000002,0.869265113,0.4741446071,-0.3951205059,19.1886887370955,10.386322155699776,-8.802366581395724,0.0,1.0,0.0,1.0,0.0,1.0,Script18_MatchingBand_L2_Native,Script18_MatchingBand_L2_Native,True,False,Theta
POW_Band_MatchingBandFlux,73,0.40555555555555556,2.098365128,1.121906486,-0.9764586420000001,0.6321928095,0.7112169107,0.07902410120000003,14.444298828819388,9.560000137010743,-4.884298691808645,0.0,1.0,0.0,1.0,0.0,1.0,Script18_MatchingBand_L2_Native,Script18_MatchingBand_L2_Native,True,False,Theta
POW_Band_MatchingBandFlux,74,0.41111111111111115,2.602371424999995,1.3698227540000008,-1.2325486709999942,0.5531687083000008,0.7112169107000008,0.15804820240000006,17.45557641979789,11.53337362291484,-5.922202796883049,0.0,1.0,0.0,1.0,0.0,1.0,Script18_MatchingBand_L2_Native,Script18_MatchingBand_L2_Native,True,False,Theta
POW_Band_MatchingBandFlux,75,0.4166666666666667,2.108978691,1.438758681,-0.67022001,0.6321928095,0.7902410119,0.15804820239999995,12.42459418976579,12.057309651687877,-0.3672845380779126,0.0,1.0,0.0,1.0,0.0,1.0,Script18_MatchingBand_L2_Native,Script18_MatchingBand_L2_Native,True,False,Theta
POW_Band_MatchingBandFlux,76,0.4222222222222222,1.69062677,0.7624671354,-0.9281596346,0.6321928095,0.5531687083,-0.07902410120000003,13.97108380472536,10.232965648832746,-3.7381181558926144,0.0,1.0,0.0,1.0,0.0,1.0,Script18_MatchingBand_L2_Native,Script18_MatchingBand_L2_Native,True,False,Theta
POW_Band_MatchingBandFlux,77,0.4277777777777778,2.718578040999993,1.7290669329999993,-0.9895111079999939,0.6321928095000008,0.6321928094999985,-2.3314683517128287e-15,25.920750247478782,12.830739890442313,-13.09001035703647,0.0,1.0,0.0,1.0,0.0,1.0,Script18_MatchingBand_L2_Native,Script18_MatchingBand_L2_Native,True,False,Theta
POW_Band_MatchingBandFlux,78,0.43333333333333335,2.04922588,1.672112679,-0.3771132009999998,0.7112169107,0.4741446071,-0.23707230360000003,20.17167073948925,14.178704613666268,-5.992966125822983,0.0,1.0,0.0,1.0,0.0,1.0,Script18_MatchingBand_L2_Native,Script18_MatchingBand_L2_Native,True,False,Theta
POW_Band_MatchingBandFlux,79,0.4388888888888889,2.191551033,1.684293052,-0.5072579810000002,0.7112169107,0.6321928095,-0.07902410120000003,11.193565491678324,10.763078439336867,-0.4304870523414568,0.0,1.0,0.0,1.0,0.0,1.0,Script18_MatchingBand_L2_Native,Script18_MatchingBand_L2_Native,True,False,Theta
POW_Band_MatchingBandFlux,80,0.4444444444444445,2.0256121560000064,1.771593925000003,-0.2540182310000034,0.5531687083000015,0.5531687083000008,-7.771561172376096e-16,12.242527023408426,12.590693190350802,0.34816616694237545,0.0,1.0,0.0,1.0,0.0,1.0,Script18_MatchingBand_L2_Native,Script18_MatchingBand_L2_Native,True,False,Theta
POW_Band_MatchingBandFlux,81,0.45,2.628365944,2.086218433,-0.542147511,0.7112169107,0.6321928095,-0.07902410120000003,24.13931628589428,12.857502468023412,-11.28181381787087,0.0,1.0,0.0,1.0,0.0,1.0,Script18_MatchingBand_L2_Native,Script18_MatchingBand_L2_Native,True,False,Theta
POW_Band_MatchingBandFlux,82,0.45555555555555555,2.569606899,1.958267881,-0.611339018,0.6321928095,0.5531687083,-0.07902410120000003,18.757988418893273,10.80689695106975,-7.951091467823524,0.0,1.0,0.0,1.0,0.0,1.0,Script18_MatchingBand_L2_Native,Script18_MatchingBand_L2_Native,True,False,Theta
POW_Band_MatchingBandFlux,83,0.46111111111111114,2.211391904,1.571900989,-0.6394909150000001,0.7112169107,0.7112169107,0.0,19.782763126462974,11.637846027000066,-8.144917099462909,0.0,1.0,0.0,1.0,0.0,1.0,Script18_MatchingBand_L2_Native,Script18_MatchingBand_L2_Native,True,False,Theta
POW_Band_MatchingBandFlux,84,0.4666666666666667,1.885126546,1.324610668,-0.5605158779999999,0.5531687083,0.869265113,0.3160964047,12.838794358245472,9.956045688258715,-2.882748669986757,0.0,1.0,0.0,1.0,0.0,1.0,Script18_MatchingBand_L2_Native,Script18_MatchingBand_L2_Native,True,False,Theta
POW_Band_MatchingBandFlux,85,0.47222222222222227,1.6852040840000067,1.9011715689999966,0.21596748499998997,0.6321928095,0.7902410118999968,0.15804820239999684,17.29880629933373,12.825393527441708,-4.473412771892022,0.0,1.0,0.0,1.0,0.0,1.0,Script18_MatchingBand_L2_Native,Script18_MatchingBand_L2_Native,True,False,Theta
POW_Band_MatchingBandFlux,86,0.4777777777777778,2.347451287,1.573596136,-0.7738551510000002,0.6321928095,0.4741446071,-0.1580482024,11.78130269428914,9.297927483496597,-2.483375210792543,0.0,1.0,0.0,1.0,0.0,1.0,Script18_MatchingBand_L2_Native,Script18_MatchingBand_L2_Native,True,False,Theta
POW_Band_MatchingBandFlux,87,0.48333333333333334,2.271027511,1.569228937,-0.7017985740000001,0.7112169107,0.5531687083,-0.15804820240000006,15.196451271857997,11.51115826703982,-3.6852930048181776,0.0,1.0,0.0,1.0,0.0,1.0,Script18_MatchingBand_L2_Native,Script18_MatchingBand_L2_Native,True,False,Theta
POW_Band_MatchingBandFlux,88,0.48888888888888893,2.0596528480000025,2.022957296999994,-0.03669555100000865,0.6321928095000016,0.7112169107,0.07902410119999848,15.581165328399441,13.28617067204708,-2.2949946563523618,0.0,1.0,0.0,1.0,0.0,1.0,Script18_MatchingBand_L2_Native,Script18_MatchingBand_L2_Native,True,False,Theta
POW_Band_MatchingBandFlux,89,0.49444444444444446,2.31906751,1.385337689,-0.933729821,0.7902410119,0.7112169107,-0.07902410119999992,18.27541474860468,15.111146642564165,-3.164268106040513,0.0,1.0,0.0,1.0,0.0,1.0,Script18_MatchingBand_L2_Native,Script18_MatchingBand_L2_Native,True,False,Theta
POW_Band_MatchingBandFlux,90,0.5,2.078204384,1.74014698,-0.3380574040000002,0.6321928095,0.4741446071,-0.1580482024,12.586277917524377,13.327066230014497,0.7407883124901193,0.0,1.0,0.0,1.0,0.0,1.0,Script18_MatchingBand_L2_Native,Script18_MatchingBand_L2_Native,True,False,Theta
POW_Band_MatchingBandFlux,91,0.5055555555555555,2.665645193,1.568135303,-1.09750989,0.4741446071,0.6321928095,0.1580482024,19.787881386153842,9.954455572092279,-9.833425814061563,0.0,1.0,0.0,1.0,0.0,1.0,Script18_MatchingBand_L2_Native,Script18_MatchingBand_L2_Native,True,False,Theta
POW_Band_MatchingBandFlux,92,0.5111111111111112,2.138902661999997,1.825959206999992,-0.312943455000005,0.7112169106999985,0.7112169107000031,4.6629367034256575e-15,16.6347360610489,12.78418060854506,-3.8505554525038406,0.0,1.0,0.0,1.0,0.0,1.0,Script18_MatchingBand_L2_Native,Script18_MatchingBand_L2_Native,True,False,Theta
POW_Band_MatchingBandFlux,93,0.5166666666666667,1.977279866,1.424939106,-0.5523407599999999,0.6321928095,0.869265113,0.23707230349999997,17.633894229582264,14.223795750332247,-3.410098479250017,0.0,1.0,0.0,1.0,0.0,1.0,Script18_MatchingBand_L2_Native,Script18_MatchingBand_L2_Native,True,False,Theta
POW_Band_MatchingBandFlux,94,0.5222222222222223,2.086126417,2.071086352,-0.015040064999999991,0.4741446071,0.5531687083,0.07902410119999997,18.939732139632177,15.55389004640806,-3.3858420932241167,0.0,1.0,0.0,1.0,0.0,1.0,Script18_MatchingBand_L2_Native,Script18_MatchingBand_L2_Native,True,False,Theta
POW_Band_MatchingBandFlux,95,0.5277777777777778,1.769452977,1.860413839,0.09096086199999998,0.4741446071,0.7112169107,0.23707230360000003,13.108321371264587,10.083597131742886,-3.024724239521701,0.0,1.0,0.0,1.0,0.0,1.0,Script18_MatchingBand_L2_Native,Script18_MatchingBand_L2_Native,True,False,Theta
POW_Band_MatchingBandFlux,96,0.5333333333333333,1.949913445,2.604853346,0.6549399010000001,0.869265113,0.6321928095,-0.23707230349999997,14.50517363493885,19.983786726500224,5.478613091561375,0.0,1.0,0.0,1.0,0.0,1.0,Script18_MatchingBand_L2_Native,Script18_MatchingBand_L2_Native,True,False,Theta
POW_Band_MatchingBandFlux,97,0.5388888888888889,1.521382353,1.704791757,0.18340940400000005,0.6321928095,0.5531687083,-0.07902410120000003,13.993956300389506,14.882811698419053,0.8888553980295466,0.0,1.0,0.0,1.0,0.0,1.0,Script18_MatchingBand_L2_Native,Script18_MatchingBand_L2_Native,True,False,Theta
POW_Band_MatchingBandFlux,98,0.5444444444444445,1.8814579950000023,1.8522819869999936,-0.029176008000008746,0.7112169106999969,0.5531687083000015,-0.1580482023999954,15.545102493988717,15.420721874386384,-0.12438061960233249,0.0,1.0,0.0,1.0,0.0,1.0,Script18_MatchingBand_L2_Native,Script18_MatchingBand_L2_Native,True,False,Theta
POW_Band_MatchingBandFlux,99,0.55,1.989886694,1.534087077,-0.45579961700000005,0.5531687083,0.6321928095,0.07902410120000003,13.93916644213154,10.951046837108553,-2.9881196050229875,0.0,1.0,0.0,1.0,0.0,1.0,Script18_MatchingBand_L2_Native,Script18_MatchingBand_L2_Native,True,False,Theta
POW_Band_MatchingBandFlux,100,0.5555555555555556,2.726361456,1.305680826,-1.4206806299999999,0.5531687083,0.5531687083,0.0,20.605915140767447,12.26255448917333,-8.343360651594118,0.0,1.0,0.0,1.0,0.0,1.0,Script18_MatchingBand_L2_Native,Script18_MatchingBand_L2_Native,True,False,Theta
POW_Band_MatchingBandFlux,101,0.5611111111111111,2.049097732,1.751677336,-0.2974203959999999,0.5531687083,0.7112169107,0.15804820240000006,14.264064175698786,12.012741015229487,-2.2513231604692994,0.0,1.0,0.0,1.0,0.0,1.0,Script18_MatchingBand_L2_Native,Script18_MatchingBand_L2_Native,True,False,Theta
POW_Band_MatchingBandFlux,102,0.5666666666666667,2.212921921,1.905424412,-0.30749750900000006,0.7112169107,0.6321928095,-0.07902410120000003,16.38036166385585,17.05043815526283,0.6700764914069808,0.0,1.0,0.0,1.0,0.0,1.0,Script18_MatchingBand_L2_Native,Script18_MatchingBand_L2_Native,True,False,Theta
POW_Band_MatchingBandFlux,103,0.5722222222222223,2.2767144590000106,1.8498718029999988,-0.4268426560000118,0.5531687083,0.5531687082999969,-3.1086244689504383e-15,12.066872814598758,13.68545894629112,1.6185861316923624,0.0,1.0,0.0,1.0,0.0,1.0,Script18_MatchingBand_L2_Native,Script18_MatchingBand_L2_Native,True,False,Theta
POW_Band_MatchingBandFlux,104,0.5777777777777778,2.8177549089999796,1.7816008489999935,-1.036154059999986,0.5531687083,0.39512050590000314,-0.15804820239999684,15.74784662662175,12.70558885218318,-3.0422577744385695,0.0,1.0,0.0,1.0,0.0,1.0,Script18_MatchingBand_L2_Native,Script18_MatchingBand_L2_Native,True,False,Theta
POW_Band_MatchingBandFlux,105,0.5833333333333334,1.804653191,1.456407448,-0.3482457430000001,0.5531687083,0.5531687083,0.0,16.730673442639954,14.523865180417133,-2.206808262222822,0.0,1.0,0.0,1.0,0.0,1.0,Script18_MatchingBand_L2_Native,Script18_MatchingBand_L2_Native,True,False,Theta
POW_Band_MatchingBandFlux,106,0.5888888888888889,2.317723096,2.050352438,-0.26737065799999993,0.5531687083,0.6321928095,0.07902410120000003,13.179175250330044,13.388394815901773,0.20921956557172905,0.0,1.0,0.0,1.0,0.0,1.0,Script18_MatchingBand_L2_Native,Script18_MatchingBand_L2_Native,True,False,Theta
POW_Band_MatchingBandFlux,107,0.5944444444444444,2.31618008,2.15930251,-0.15687757000000024,0.7112169107,0.5531687083,-0.15804820240000006,14.75332599121787,18.540641669899347,3.787315678681477,0.0,1.0,0.0,1.0,0.0,1.0,Script18_MatchingBand_L2_Native,Script18_MatchingBand_L2_Native,True,False,Theta
POW_Band_MatchingBandFlux,108,0.6,2.421957521,1.856503428,-0.565454093,0.7112169107,0.6321928095,-0.07902410120000003,20.309142493024773,11.258600174505444,-9.050542318519328,0.0,1.0,0.0,1.0,0.0,1.0,Script18_MatchingBand_L2_Native,Script18_MatchingBand_L2_Native,True,False,Theta
POW_Band_MatchingBandFlux,109,0.6055555555555556,1.7694529769999996,1.5584349329999996,-0.21101804400000002,0.7112169107,0.7112169107,0.0,21.090687020754007,14.378713644688403,-6.711973376065604,0.0,1.0,0.0,1.0,0.0,1.0,Script18_MatchingBand_L2_Native,Script18_MatchingBand_L2_Native,True,False,Theta
POW_Band_MatchingBandFlux,110,0.6111111111111112,1.745560462,1.538148813,-0.20741164899999998,0.7112169107,0.7112169107,0.0,13.534745893618613,12.45602578126406,-1.078720112354553,0.0,1.0,0.0,1.0,0.0,1.0,Script18_MatchingBand_L2_Native,Script18_MatchingBand_L2_Native,True,False,Theta
POW_Band_MatchingBandFlux,111,0.6166666666666667,2.165752113,2.108107039,-0.05764507399999985,0.5531687083,0.4741446071,-0.07902410119999997,18.785763823476962,17.546413701631362,-1.2393501218456002,0.0,1.0,0.0,1.0,0.0,1.0,Script18_MatchingBand_L2_Native,Script18_MatchingBand_L2_Native,True,False,Theta
POW_Band_MatchingBandFlux,112,0.6222222222222222,2.517685649,1.807881422,-0.7098042270000002,0.3160964047,0.6321928095,0.3160964048,12.661361406099477,14.141085586931817,1.4797241808323403,0.0,1.0,0.0,1.0,0.0,1.0,Script18_MatchingBand_L2_Native,Script18_MatchingBand_L2_Native,True,False,Theta
POW_Band_MatchingBandFlux,113,0.6277777777777778,1.803673129,1.868462068,0.06478893899999982,0.7902410119,0.7112169107,-0.07902410119999992,15.535353597800489,14.760279860772096,-0.7750737370283929,0.0,1.0,0.0,1.0,0.0,1.0,Script18_MatchingBand_L2_Native,Script18_MatchingBand_L2_Native,True,False,Theta
POW_Band_MatchingBandFlux,114,0.6333333333333333,2.003024723,1.71495112,-0.28807360299999973,0.7112169107,0.6321928095,-0.07902410120000003,14.279761345986618,15.907987050941298,1.62822570495468,0.0,1.0,0.0,1.0,0.0,1.0,Script18_MatchingBand_L2_Native,Script18_MatchingBand_L2_Native,True,False,Theta
POW_Band_MatchingBandFlux,115,0.638888888888889,2.092877710999998,2.170915281999992,0.07803757099999409,0.6321928095000016,0.7112169106999985,0.07902410119999692,19.53552931877254,16.67441780464735,-2.861111514125188,0.0,1.0,0.0,1.0,0.0,1.0,Script18_MatchingBand_L2_Native,Script18_MatchingBand_L2_Native,True,False,Theta
POW_Band_MatchingBandFlux,116,0.6444444444444445,1.996896001,1.761395316,-0.2355006850000001,0.7112169107,0.6321928095,-0.07902410120000003,16.274013064089118,12.281948950830284,-3.9920641132588344,0.0,1.0,0.0,1.0,0.0,1.0,Script18_MatchingBand_L2_Native,Script18_MatchingBand_L2_Native,True,False,Theta
POW_Band_MatchingBandFlux,117,0.65,2.404926482,1.583139826,-0.821786656,0.6321928095,0.7112169107,0.07902410120000003,23.303750684417295,14.48017861592532,-8.823572068491975,0.0,1.0,0.0,1.0,0.0,1.0,Script18_MatchingBand_L2_Native,Script18_MatchingBand_L2_Native,True,False,Theta
POW_Band_MatchingBandFlux,118,0.6555555555555556,2.104183841,1.204048162,-0.9001356790000001,0.4741446071,0.6321928095,0.1580482024,9.462372068930941,12.791161470012607,3.328789401081666,0.0,1.0,0.0,1.0,0.0,1.0,Script18_MatchingBand_L2_Native,Script18_MatchingBand_L2_Native,True,False,Theta
POW_Band_MatchingBandFlux,119,0.6611111111111111,2.724799293,1.763949039,-0.9608502539999997,0.4741446071,0.4741446071,0.0,19.924428001752318,12.16872890752131,-7.755699094231009,0.0,1.0,0.0,1.0,0.0,1.0,Script18_MatchingBand_L2_Native,Script18_MatchingBand_L2_Native,True,False,Theta
POW_Band_MatchingBandFlux,120,0.6666666666666667,1.5219280950000198,1.5626834809999948,0.04075538599997497,0.7112169106999937,0.6321928095000031,-0.07902410119999059,12.954767798970318,11.363431091373092,-1.5913367075972253,0.0,1.0,0.0,1.0,0.0,1.0,Script18_MatchingBand_L2_Native,Script18_MatchingBand_L2_Native,True,False,Theta
POW_Band_MatchingBandFlux,121,0.6722222222222223,2.507710995,1.29708926,-1.2106217350000001,0.3951205059,0.7902410119,0.395120506,15.556805704175336,14.0247001765472,-1.5321055276281363,0.0,1.0,0.0,1.0,0.0,1.0,Script18_MatchingBand_L2_Native,Script18_MatchingBand_L2_Native,True,False,Theta
POW_Band_MatchingBandFlux,122,0.6777777777777778,2.388663954,1.688178392,-0.7004855620000001,0.7112169107,0.4741446071,-0.23707230360000003,19.84355240161929,15.062544919725756,-4.7810074818935355,0.0,1.0,0.0,1.0,0.0,1.0,Script18_MatchingBand_L2_Native,Script18_MatchingBand_L2_Native,True,False,Theta
POW_Band_MatchingBandFlux,123,0.6833333333333333,2.110112511,1.787369404,-0.322743107,0.5531687083,0.6321928095,0.07902410120000003,13.93420803482747,15.03341540163185,1.0992073668043787,0.0,1.0,0.0,1.0,0.0,1.0,Script18_MatchingBand_L2_Native,Script18_MatchingBand_L2_Native,True,False,Theta
POW_Band_MatchingBandFlux,124,0.6888888888888889,1.50666407,1.834798044,0.328133974,0.4741446071,0.5531687083,0.07902410119999997,12.309818035582728,14.741194525506998,2.4313764899242702,0.0,1.0,0.0,1.0,0.0,1.0,Script18_MatchingBand_L2_Native,Script18_MatchingBand_L2_Native,True,False,Theta
POW_Band_MatchingBandFlux,125,0.6944444444444444,2.202265522,1.366120004,-0.8361455179999997,0.5531687083,0.7112169107,0.15804820240000006,13.637650429778132,7.446223899045332,-6.1914265307328,0.0,1.0,0.0,1.0,0.0,1.0,Script18_MatchingBand_L2_Native,Script18_MatchingBand_L2_Native,True,False,Theta
POW_Band_MatchingBandFlux,126,0.7000000000000001,3.1127850189999937,1.0140976560000023,-2.0986873629999914,0.7112169106999969,0.9482892141999937,0.23707230349999675,33.85227074515339,10.128507499396765,-23.723763245756626,0.0,1.0,0.0,1.0,0.0,1.0,Script18_MatchingBand_L2_Native,Script18_MatchingBand_L2_Native,True,False,Theta
POW_Band_MatchingBandFlux,127,0.7055555555555556,2.805039799,1.139495197,-1.6655446019999998,0.5531687083,0.6321928095,0.07902410120000003,15.985256836667856,11.72123063518005,-4.264026201487807,0.0,1.0,0.0,1.0,0.0,1.0,Script18_MatchingBand_L2_Native,Script18_MatchingBand_L2_Native,True,False,Theta
POW_Band_MatchingBandFlux,128,0.7111111111111111,2.142166929,1.685010258,-0.4571566710000001,0.4741446071,0.7112169107,0.23707230360000003,14.302509417951569,11.343665461374188,-2.9588439565773808,0.0,1.0,0.0,1.0,0.0,1.0,Script18_MatchingBand_L2_Native,Script18_MatchingBand_L2_Native,True,False,Theta
POW_Band_MatchingBandFlux,129,0.7166666666666667,2.225112863,1.422736567,-0.802376296,0.5531687083,0.7112169107,0.15804820240000006,19.289784650141193,13.816683189800914,-5.4731014603402794,0.0,1.0,0.0,1.0,0.0,1.0,Script18_MatchingBand_L2_Native,Script18_MatchingBand_L2_Native,True,False,Theta
POW_Band_MatchingBandFlux,130,0.7222222222222222,2.606351331,2.051714459,-0.5546368720000001,0.7112169107,0.5531687083,-0.15804820240000006,18.32169507692387,15.23731447101624,-3.0843806059076293,0.0,1.0,0.0,1.0,0.0,1.0,Script18_MatchingBand_L2_Native,Script18_MatchingBand_L2_Native,True,False,Theta
POW_Band_MatchingBandFlux,131,0.7277777777777779,2.349322600999976,2.1205269779999933,-0.22879562299998257,0.39512050590000786,0.5531687083000048,0.1580482023999969,17.718572085741744,14.06552778345817,-3.6530443022835737,0.0,1.0,0.0,1.0,0.0,1.0,Script18_MatchingBand_L2_Native,Script18_MatchingBand_L2_Native,True,False,Theta
POW_Band_MatchingBandFlux,132,0.7333333333333334,1.1430902860000018,1.7900283680000069,0.646938082000005,0.7902410118999984,0.7902410118999952,-3.219646771412954e-15,11.430216008763798,19.336220963736057,7.906004954972259,0.0,1.0,0.0,1.0,0.0,1.0,Script18_MatchingBand_L2_Native,Script18_MatchingBand_L2_Native,True,False,Theta
POW_Band_MatchingBandFlux,133,0.7388888888888889,1.234736123,2.129287752,0.8945516290000002,0.7112169107,0.5531687083,-0.15804820240000006,11.49894494522435,13.14815831860308,1.6492133733787302,0.0,1.0,0.0,1.0,0.0,1.0,Script18_MatchingBand_L2_Native,Script18_MatchingBand_L2_Native,True,False,Theta
POW_Band_MatchingBandFlux,134,0.7444444444444445,2.400096803,2.086663459,-0.3134333439999999,0.5531687083,0.7902410119,0.23707230359999998,15.540427036409753,16.13322045050551,0.5927934140957589,0.0,1.0,0.0,1.0,0.0,1.0,Script18_MatchingBand_L2_Native,Script18_MatchingBand_L2_Native,True,False,Theta
POW_Band_MatchingBandFlux,135,0.75,2.887791377,1.462379031,-1.425412346,0.3160964047,0.7902410119,0.47414460719999996,14.269088294443158,9.365119994902617,-4.903968299540541,0.0,1.0,0.0,1.0,0.0,1.0,Script18_MatchingBand_L2_Native,Script18_MatchingBand_L2_Native,True,False,Theta
POW_Band_MatchingBandFlux,136,0.7555555555555555,2.838050401,1.603049658,-1.2350007429999998,0.7902410119,0.869265113,0.07902410110000002,25.935637552409943,13.615992857645738,-12.319644694764206,0.0,1.0,0.0,1.0,0.0,1.0,Script18_MatchingBand_L2_Native,Script18_MatchingBand_L2_Native,True,False,Theta
POW_Band_MatchingBandFlux,137,0.7611111111111112,3.4315857859999817,2.0639040559999913,-1.3676817299999904,0.7112169107,0.7112169106999985,-1.5543122344752192e-15,29.888075268048983,21.508650109500334,-8.37942515854865,0.0,1.0,0.0,1.0,0.0,1.0,Script18_MatchingBand_L2_Native,Script18_MatchingBand_L2_Native,True,False,Theta
POW_Band_MatchingBandFlux,138,0.7666666666666667,2.510582139,1.625364964,-0.8852171749999997,0.7112169107,0.6321928095,-0.07902410120000003,21.973885718783855,15.984927972447444,-5.9889577463364105,0.0,1.0,0.0,1.0,0.0,1.0,Script18_MatchingBand_L2_Native,Script18_MatchingBand_L2_Native,True,False,Theta
POW_Band_MatchingBandFlux,139,0.7722222222222223,2.687867781,2.643516816,-0.04435096500000002,0.5531687083,0.6321928095,0.07902410120000003,18.174933031761967,26.06016549630894,7.885232464546974,0.0,1.0,0.0,1.0,0.0,1.0,Script18_MatchingBand_L2_Native,Script18_MatchingBand_L2_Native,True,False,Theta
POW_Band_MatchingBandFlux,140,0.7777777777777778,2.982682157,2.102690876,-0.8799912810000001,0.7112169107,0.6321928095,-0.07902410120000003,22.848053704859822,19.715496093614306,-3.1325576112455167,0.0,1.0,0.0,1.0,0.0,1.0,Script18_MatchingBand_L2_Native,Script18_MatchingBand_L2_Native,True,False,Theta
POW_Band_MatchingBandFlux,141,0.7833333333333333,3.080113397,2.584086589,-0.4960268079999999,0.6321928095,0.6321928095,0.0,28.921228341773265,24.872390540414347,-4.048837801358918,0.0,1.0,0.0,1.0,0.0,1.0,Script18_MatchingBand_L2_Native,Script18_MatchingBand_L2_Native,True,False,Theta
POW_Band_MatchingBandFlux,142,0.788888888888889,2.510832568000005,1.5743724880000258,-0.9364600799999792,0.5531687083000031,0.7902410118999952,0.2370723035999921,16.223470508072335,15.011857516799328,-1.2116129912730074,0.0,1.0,0.0,1.0,0.0,1.0,Script18_MatchingBand_L2_Native,Script18_MatchingBand_L2_Native,True,False,Theta
POW_Band_MatchingBandFlux,143,0.7944444444444445,2.7571543639999927,2.862089428999985,0.10493506499999228,0.7112169107000016,0.5531687082999984,-0.15804820240000317,18.71328493397716,23.955312907601005,5.242027973623845,0.0,1.0,0.0,1.0,0.0,1.0,Script18_MatchingBand_L2_Native,Script18_MatchingBand_L2_Native,True,False,Theta
POW_Band_MatchingBandFlux,144,0.8,2.407131704,2.116437379,-0.29069432500000003,0.7902410119,0.4741446071,-0.31609640479999995,25.218755391031884,14.031039126656882,-11.187716264375002,0.0,1.0,0.0,1.0,0.0,1.0,Script18_MatchingBand_L2_Native,Script18_MatchingBand_L2_Native,True,False,Theta
POW_Band_MatchingBandFlux,145,0.8055555555555556,2.938800439,1.914418431,-1.024382008,0.6321928095,0.7112169107,0.07902410120000003,28.374640039457187,12.333375768468004,-16.04126427098918,0.0,1.0,0.0,1.0,0.0,1.0,Script18_MatchingBand_L2_Native,Script18_MatchingBand_L2_Native,True,False,Theta
POW_Band_MatchingBandFlux,146,0.8111111111111111,2.408276882,1.745250533,-0.6630263489999999,0.7112169107,0.5531687083,-0.15804820240000006,21.080892893143073,15.76186215127742,-5.319030741865653,0.0,1.0,0.0,1.0,0.0,1.0,Script18_MatchingBand_L2_Native,Script18_MatchingBand_L2_Native,True,False,Theta
POW_Band_MatchingBandFlux,147,0.8166666666666667,2.812134949,2.113512095,-0.6986228539999999,0.5531687083,0.7112169107,0.15804820240000006,31.976971047669778,15.688120017926288,-16.28885102974349,0.0,1.0,0.0,1.0,0.0,1.0,Script18_MatchingBand_L2_Native,Script18_MatchingBand_L2_Native,True,False,Theta
POW_Band_MatchingBandFlux,148,0.8222222222222223,3.6684692609999696,2.4450378169999905,-1.2234314439999792,0.5531687083000048,0.7112169107000031,0.1580482023999984,50.729010291428324,20.465438424554478,-30.263571866873846,0.0,1.0,0.0,1.0,0.0,1.0,Script18_MatchingBand_L2_Native,Script18_MatchingBand_L2_Native,True,False,Theta
POW_Band_MatchingBandFlux,149,0.8277777777777778,2.1654072000000055,1.9878504980000142,-0.1775567019999913,0.7902410118999968,0.8692651129999921,0.07902410109999525,16.636119006285245,17.75980888914048,1.1236898828552349,0.0,1.0,0.0,1.0,0.0,1.0,Script18_MatchingBand_L2_Native,Script18_MatchingBand_L2_Native,True,False,Theta
POW_Band_MatchingBandFlux,150,0.8333333333333334,2.426782875,2.695563524,0.2687806490000004,0.6321928095,0.4741446071,-0.1580482024,20.315348212234646,21.293952225065407,0.9786040128307611,0.0,1.0,0.0,1.0,0.0,1.0,Script18_MatchingBand_L2_Native,Script18_MatchingBand_L2_Native,True,False,Theta
POW_Band_MatchingBandFlux,151,0.8388888888888889,1.874145906,2.28895902,0.414813114,0.7112169107,0.6321928095,-0.07902410120000003,15.669223627048394,19.174295515344937,3.505071888296543,0.0,1.0,0.0,1.0,0.0,1.0,Script18_MatchingBand_L2_Native,Script18_MatchingBand_L2_Native,True,False,Theta
POW_Band_MatchingBandFlux,152,0.8444444444444444,2.56146528,1.955390745,-0.6060745350000001,0.5531687083,0.7112169107,0.15804820240000006,17.012546591923893,16.502322430643957,-0.5102241612799361,0.0,1.0,0.0,1.0,0.0,1.0,Script18_MatchingBand_L2_Native,Script18_MatchingBand_L2_Native,True,False,Theta
POW_Band_MatchingBandFlux,153,0.85,2.293632644,1.360964047,-0.9326685970000002,0.4741446071,0.5531687083,0.07902410119999997,15.038027129952553,12.55004616353697,-2.4879809664155825,0.0,1.0,0.0,1.0,0.0,1.0,Script18_MatchingBand_L2_Native,Script18_MatchingBand_L2_Native,True,False,Theta
POW_Band_MatchingBandFlux,154,0.8555555555555556,2.330464323000004,2.3771689099999946,0.04670458699999047,0.47414460710000156,0.5531687083000015,0.07902410119999997,15.861664312329728,18.172215850270018,2.31055153794029,0.0,1.0,0.0,1.0,0.0,1.0,Script18_MatchingBand_L2_Native,Script18_MatchingBand_L2_Native,True,False,Theta
POW_Band_MatchingBandFlux,155,0.8611111111111112,2.525524394,2.118352106,-0.40717228799999994,0.5531687083,0.6321928095,0.07902410120000003,25.40470063988335,13.936827750212519,-11.467872889670833,0.0,1.0,0.0,1.0,0.0,1.0,Script18_MatchingBand_L2_Native,Script18_MatchingBand_L2_Native,True,False,Theta
POW_Band_MatchingBandFlux,156,0.8666666666666667,2.106347291,2.172295299,0.06594800799999989,0.6321928095,0.6321928095,0.0,17.713596086859397,17.08652152797567,-0.6270745588837272,0.0,1.0,0.0,1.0,0.0,1.0,Script18_MatchingBand_L2_Native,Script18_MatchingBand_L2_Native,True,False,Theta
POW_Band_MatchingBandFlux,157,0.8722222222222222,2.468125102,1.587151472,-0.8809736300000002,0.5531687083,0.5531687083,0.0,17.058015981315314,13.818824741080668,-3.2391912402346463,0.0,1.0,0.0,1.0,0.0,1.0,Script18_MatchingBand_L2_Native,Script18_MatchingBand_L2_Native,True,False,Theta
POW_Band_MatchingBandFlux,158,0.8777777777777778,2.818479778,2.375404066,-0.44307571199999973,0.6321928095,0.7826975312,0.15050472169999995,26.221991086283836,13.622287453500489,-12.599703632783347,0.0,1.0,0.0,1.0,0.0,1.0,Script18_MatchingBand_L2_Native,Script18_MatchingBand_L2_Native,True,False,Theta
POW_Band_MatchingBandFlux,159,0.8833333333333334,3.1292268089999773,1.6836677080000126,-1.4455591009999647,0.6321928094999983,0.7902410118999952,0.15804820239999684,27.414588068472007,9.24840324405398,-18.166184824418025,0.0,1.0,0.0,1.0,0.0,1.0,Script18_MatchingBand_L2_Native,Script18_MatchingBand_L2_Native,True,False,Theta
POW_Band_MatchingBandFlux,160,0.888888888888889,1.9918752390000138,2.3185013139999864,0.32662607499997254,0.5478882719000017,0.5531687083000015,0.005280436399999866,19.97660565950789,10.28633332988374,-9.690272329624149,0.0,1.0,0.0,1.0,0.0,1.0,Script18_MatchingBand_L2_Native,Script18_MatchingBand_L2_Native,True,False,Theta
POW_Band_MatchingBandFlux,161,0.8944444444444445,2.684529936,1.620613825,-1.0639161110000002,0.6321928095,0.6321928095,0.0,21.167695441404693,13.3877399047701,-7.779955536634592,0.0,1.0,0.0,1.0,0.0,1.0,Script18_MatchingBand_L2_Native,Script18_MatchingBand_L2_Native,True,False,Theta
POW_Band_MatchingBandFlux,162,0.9,2.838943842,1.878596324,-0.9603475179999998,0.5531687083,0.4741446071,-0.07902410119999997,25.84840035436634,15.402623788562806,-10.445776565803534,0.0,1.0,0.0,1.0,0.0,1.0,Script18_MatchingBand_L2_Native,Script18_MatchingBand_L2_Native,True,False,Theta
POW_Band_MatchingBandFlux,163,0.9055555555555556,2.005230047,1.740035451,-0.26519459599999995,0.6321928095,0.6321928095,0.0,16.194690109871846,19.021476837535435,2.8267867276635883,0.0,1.0,0.0,1.0,0.0,1.0,Script18_MatchingBand_L2_Native,Script18_MatchingBand_L2_Native,True,False,Theta
POW_Band_MatchingBandFlux,164,0.9111111111111111,2.17295844,1.918613927,-0.25434451299999994,0.6321928095,0.7112169107,0.07902410120000003,19.786793183037396,15.7834632785606,-4.0033299044767965,0.0,1.0,0.0,1.0,0.0,1.0,Script18_MatchingBand_L2_Native,Script18_MatchingBand_L2_Native,True,False,Theta
POW_Band_MatchingBandFlux,165,0.9166666666666667,2.4863963099999964,1.5478679370000044,-0.938528372999992,0.6321928095,0.7112169106999985,0.07902410119999848,18.981434090507353,19.117459002152053,0.1360249116447001,0.0,1.0,0.0,1.0,0.0,1.0,Script18_MatchingBand_L2_Native,Script18_MatchingBand_L2_Native,True,False,Theta
POW_Band_MatchingBandFlux,166,0.9222222222222223,2.303512564,1.77144893,-0.532063634,0.6321928095,0.6321928095,0.0,21.53680021917104,16.498164787338485,-5.038635431832557,0.0,1.0,0.0,1.0,0.0,1.0,Script18_MatchingBand_L2_Native,Script18_MatchingBand_L2_Native,True,False,Theta
POW_Band_MatchingBandFlux,167,0.9277777777777778,2.901299878,2.339032339,-0.562267539,0.7112169107,0.869265113,0.15804820229999994,28.328215628490927,22.49950223359015,-5.8287133949007774,0.0,1.0,0.0,1.0,0.0,1.0,Script18_MatchingBand_L2_Native,Script18_MatchingBand_L2_Native,True,False,Theta
POW_Band_MatchingBandFlux,168,0.9333333333333333,2.520157311,2.257242456,-0.262914855,0.6321928095,0.6321928095,0.0,26.47175092736267,18.28539046020315,-8.18636046715952,0.0,1.0,0.0,1.0,0.0,1.0,Script18_MatchingBand_L2_Native,Script18_MatchingBand_L2_Native,True,False,Theta
POW_Band_MatchingBandFlux,169,0.9388888888888889,2.086202629,2.161090913,0.07488828399999958,0.5531687083,0.6321928095,0.07902410120000003,16.23851909150775,21.326124093519837,5.087605002012086,0.0,1.0,0.0,1.0,0.0,1.0,Script18_MatchingBand_L2_Native,Script18_MatchingBand_L2_Native,True,False,Theta
POW_Band_MatchingBandFlux,170,0.9444444444444445,1.8399641070000157,2.0744871119999924,0.2345230049999767,0.7902410118999968,0.4741446071000047,-0.3160964047999921,17.047330169103883,17.322103283467946,0.2747731143640628,0.0,1.0,0.0,1.0,0.0,1.0,Script18_MatchingBand_L2_Native,Script18_MatchingBand_L2_Native,True,False,Theta
POW_Band_MatchingBandFlux,171,0.9500000000000001,2.633164982999987,1.6869890280000115,-0.9461759549999755,0.6321928094999985,0.7112169107,0.07902410120000158,17.275521986886094,15.614496645295537,-1.6610253415905571,0.0,1.0,0.0,1.0,0.0,1.0,Script18_MatchingBand_L2_Native,Script18_MatchingBand_L2_Native,True,False,Theta
POW_Band_MatchingBandFlux,172,0.9555555555555556,1.996821914,2.26098071,0.26415879600000003,0.5531687083,0.7112169107,0.15804820240000006,18.233287990898226,18.6592340096201,0.42594601872187354,0.0,1.0,0.0,1.0,0.0,1.0,Script18_MatchingBand_L2_Native,Script18_MatchingBand_L2_Native,True,False,Theta
POW_Band_MatchingBandFlux,173,0.9611111111111111,2.225157039,1.896348574,-0.32880846500000005,0.6321928095,0.6321928095,0.0,27.330542542593754,15.549414527514749,-11.781128015079005,0.0,1.0,0.0,1.0,0.0,1.0,Script18_MatchingBand_L2_Native,Script18_MatchingBand_L2_Native,True,False,Theta
POW_Band_MatchingBandFlux,174,0.9666666666666667,2.422240195,1.842139246,-0.5801009490000002,0.7112169107,0.5531687083,-0.15804820240000006,23.139280118475,17.871913799801284,-5.267366318673716,0.0,1.0,0.0,1.0,0.0,1.0,Script18_MatchingBand_L2_Native,Script18_MatchingBand_L2_Native,True,False,Theta
POW_Band_MatchingBandFlux,175,0.9722222222222222,2.021189854,1.818995594,-0.20219426000000018,0.5531687083,0.7112169107,0.15804820240000006,17.516424364151206,15.52991542233872,-1.9865089418124864,0.0,1.0,0.0,1.0,0.0,1.0,Script18_MatchingBand_L2_Native,Script18_MatchingBand_L2_Native,True,False,Theta
POW_Band_MatchingBandFlux,176,0.9777777777777779,2.296680527000005,2.4036639109999993,0.10698338399999452,0.5531687083000015,0.5531687083000048,3.219646771412954e-15,23.81466326490142,14.228385787669964,-9.586277477231455,0.0,1.0,0.0,1.0,0.0,1.0,Script18_MatchingBand_L2_Native,Script18_MatchingBand_L2_Native,True,False,Theta
POW_Band_MatchingBandFlux,177,0.9833333333333334,2.531493625999988,2.367457673999996,-0.16403595199999188,0.6321928094999985,0.7902410118999984,0.15804820239999995,18.14329139606355,17.123460134138536,-1.0198312619250132,0.0,1.0,0.0,1.0,0.0,1.0,Script18_MatchingBand_L2_Native,Script18_MatchingBand_L2_Native,True,False,Theta
POW_Band_MatchingBandFlux,178,0.9888888888888889,1.920540247,2.176752834,0.25621258700000027,0.5531687083,0.7112169107,0.15804820240000006,16.714456288194395,15.970014985129872,-0.7444413030645229,0.0,1.0,0.0,1.0,0.0,1.0,Script18_MatchingBand_L2_Native,Script18_MatchingBand_L2_Native,True,False,Theta
POW_Band_MatchingBandFlux,179,0.9944444444444445,2.656702189,2.08148673,-0.5752154590000003,0.6321928095,0.5531687083,-0.07902410120000003,34.39536209031833,12.625715834589073,-21.769646255729256,0.0,1.0,0.0,1.0,0.0,1.0,Script18_MatchingBand_L2_Native,Script18_MatchingBand_L2_Native,True,False,Theta
POW_Band_MatchingBandFlux,180,1.0,2.944952035,2.416419882,-0.528532153,0.3951205059,0.5531687083,0.1580482024,26.795824083821813,17.29062511990046,-9.505198963921352,0.0,1.0,0.0,1.0,0.0,1.0,Script18_MatchingBand_L2_Native,Script18_MatchingBand_L2_Native,True,False,Theta
