Track,Matched_Index,Progress_0_to_1,Baseline_Shannon_Entropy,Modulation_Shannon_Entropy,Delta_Shannon_Entropy_ModMinusBase,Baseline_Lempel_Ziv_Complexity,Modulation_Lempel_Ziv_Complexity,Delta_Lempel_Ziv_Complexity_ModMinusBase,Baseline_RegionalFlux_L2_per_s,Modulation_RegionalFlux_L2_per_s,Delta_RegionalFlux_L2_ModMinusBase,Matched_Progress_Min,Matched_Progress_Max,Baseline_Observed_Progress_Min,Baseline_Observed_Progress_Max,Modulation_Observed_Progress_Min,Modulation_Observed_Progress_Max,Baseline_Flux_Source,Modulation_Flux_Source,Direct_Window_Positions_Identical,Interpolation_Required,Band
POW_Band,0,0.0,3.36316462,2.802967559,-0.5601970610000002,0.2348092594,0.3130790125,0.07826975309999998,2.041932811010036,3.6084741577905786,1.5665413467805425,0.0,1.0,0.0,1.0,0.0,1.0,Script18_Regionalised_L2_Native,Script18_Regionalised_L2_Native,True,False,Alpha
POW_Band,1,0.005555555555555556,2.994682268,1.380613003,-1.6140692650000001,0.4741446071,0.6321928095,0.1580482024,14.28676292811834,4.9894685416443325,-9.297294386474007,0.0,1.0,0.0,1.0,0.0,1.0,Script18_Regionalised_L2_Native,Script18_Regionalised_L2_Native,True,False,Alpha
POW_Band,2,0.011111111111111112,2.932692129,3.283434456,0.3507423270000003,0.4741446071,0.6321928095,0.1580482024,3.1526608772301685,5.973053346792758,2.8203924695625897,0.0,1.0,0.0,1.0,0.0,1.0,Script18_Regionalised_L2_Native,Script18_Regionalised_L2_Native,True,False,Alpha
POW_Band,3,0.016666666666666666,3.785079267,3.321998757,-0.46308051000000017,0.6321928095,0.5531687083,-0.07902410120000003,15.187898281490778,14.778952057820405,-0.40894622367037314,0.0,1.0,0.0,1.0,0.0,1.0,Script18_Regionalised_L2_Native,Script18_Regionalised_L2_Native,True,False,Alpha
POW_Band,4,0.022222222222222223,3.020455626,3.847661604,0.8272059779999998,0.5531687083,0.6321928095,0.07902410120000003,12.450344489997683,12.118671518352073,-0.3316729716456095,0.0,1.0,0.0,1.0,0.0,1.0,Script18_Regionalised_L2_Native,Script18_Regionalised_L2_Native,True,False,Alpha
POW_Band,5,0.02777777777777778,3.394607618,3.6173283779999985,0.2227207599999983,0.5531687083000001,0.47414460710000017,-0.07902410119999992,13.465221202175618,14.429111649654692,0.9638904474790735,0.0,1.0,0.0,1.0,0.0,1.0,Script18_Regionalised_L2_Native,Script18_Regionalised_L2_Native,True,False,Alpha
POW_Band,6,0.03333333333333333,3.722226994,1.764687071,-1.9575399230000001,0.7112169107,0.7112169107,0.0,14.897682985621952,5.388584836362053,-9.509098149259898,0.0,1.0,0.0,1.0,0.0,1.0,Script18_Regionalised_L2_Native,Script18_Regionalised_L2_Native,True,False,Alpha
POW_Band,7,0.03888888888888889,3.847898841,1.496387227,-2.351511614,0.4741446071,0.5531687083,0.07902410119999997,11.47649930961039,4.722635341739483,-6.753863967870906,0.0,1.0,0.0,1.0,0.0,1.0,Script18_Regionalised_L2_Native,Script18_Regionalised_L2_Native,True,False,Alpha
POW_Band,8,0.044444444444444446,3.065356855,1.236160254,-1.829196601,0.6321928095,0.7902410119,0.15804820239999995,13.201001931317794,4.8429463189740245,-8.358055612343769,0.0,1.0,0.0,1.0,0.0,1.0,Script18_Regionalised_L2_Native,Script18_Regionalised_L2_Native,True,False,Alpha
POW_Band,9,0.05,3.510556841,1.252773616,-2.257783225,0.6321928095,0.3951205059,-0.23707230360000003,16.02770097119073,0.3452402312220454,-15.682460739968684,0.0,1.0,0.0,1.0,0.0,1.0,Script18_Regionalised_L2_Native,Script18_Regionalised_L2_Native,True,False,Alpha
POW_Band,10,0.05555555555555556,4.1776898959999995,2.2730511740000017,-1.9046387219999978,0.6321928094999998,0.3951205059,-0.2370723035999998,21.994465598858763,4.327160214090624,-17.66730538476814,0.0,1.0,0.0,1.0,0.0,1.0,Script18_Regionalised_L2_Native,Script18_Regionalised_L2_Native,True,False,Alpha
POW_Band,11,0.061111111111111116,3.4053968089999995,3.569990871,0.16459406200000037,0.4741446071000002,0.39512050589999986,-0.07902410120000036,11.76872580133613,9.94279949861947,-1.8259263027166597,0.0,1.0,0.0,1.0,0.0,1.0,Script18_Regionalised_L2_Native,Script18_Regionalised_L2_Native,True,False,Alpha
POW_Band,12,0.06666666666666667,3.001599777,3.471561071,0.469961294,0.6321928095,0.3160964047,-0.3160964048,13.285179831692826,9.417352729583369,-3.867827102109457,0.0,1.0,0.0,1.0,0.0,1.0,Script18_Regionalised_L2_Native,Script18_Regionalised_L2_Native,True,False,Alpha
POW_Band,13,0.07222222222222223,3.8469987570000006,3.2233778719999995,-0.6236208850000011,0.6321928094999998,0.2370723036000012,-0.3951205058999986,15.10086351261069,13.198044535043957,-1.9028189775667332,0.0,1.0,0.0,1.0,0.0,1.0,Script18_Regionalised_L2_Native,Script18_Regionalised_L2_Native,True,False,Alpha
POW_Band,14,0.07777777777777778,4.096762239,3.102248464,-0.9945137750000002,0.5531687083,0.7112169107,0.15804820240000006,17.425044339044817,11.366210478107835,-6.058833860936982,0.0,1.0,0.0,1.0,0.0,1.0,Script18_Regionalised_L2_Native,Script18_Regionalised_L2_Native,True,False,Alpha
POW_Band,15,0.08333333333333334,3.684682773999999,3.1737230070000013,-0.5109597669999979,0.6321928094999998,0.9482892141999995,0.31609640469999967,18.746851925637245,12.38321009414109,-6.363641831496155,0.0,1.0,0.0,1.0,0.0,1.0,Script18_Regionalised_L2_Native,Script18_Regionalised_L2_Native,True,False,Alpha
POW_Band,16,0.08888888888888889,3.293996129,3.74401337,0.45001724099999985,0.5531687083,0.7112169107,0.15804820240000006,18.326733642877187,18.902145706868122,0.5754120639909353,0.0,1.0,0.0,1.0,0.0,1.0,Script18_Regionalised_L2_Native,Script18_Regionalised_L2_Native,True,False,Alpha
POW_Band,17,0.09444444444444444,3.450173545,3.792851428,0.3426778829999999,0.7112169107,0.6321928095,-0.07902410120000003,12.903712182760625,17.904218414310932,5.0005062315503075,0.0,1.0,0.0,1.0,0.0,1.0,Script18_Regionalised_L2_Native,Script18_Regionalised_L2_Native,True,False,Alpha
POW_Band,18,0.1,3.350788852,3.527418881,0.17663002900000002,0.6321928095,0.5531687083,-0.07902410120000003,14.587284459738896,10.291073024087432,-4.296211435651465,0.0,1.0,0.0,1.0,0.0,1.0,Script18_Regionalised_L2_Native,Script18_Regionalised_L2_Native,True,False,Alpha
POW_Band,19,0.10555555555555556,3.302868795,3.865487692,0.5626188969999997,0.6321928095,0.3951205059,-0.23707230360000003,13.075441788469846,15.613843415022771,2.5384016265529254,0.0,1.0,0.0,1.0,0.0,1.0,Script18_Regionalised_L2_Native,Script18_Regionalised_L2_Native,True,False,Alpha
POW_Band,20,0.11111111111111112,3.640664686000002,3.469026611,-0.17163807500000194,0.3951205059000006,0.6321928095000006,0.23707230359999998,16.63164983842619,12.109990910348325,-4.521658928077864,0.0,1.0,0.0,1.0,0.0,1.0,Script18_Regionalised_L2_Native,Script18_Regionalised_L2_Native,True,False,Alpha
POW_Band,21,0.11666666666666667,4.308294659,3.438824222,-0.8694704370000004,0.6321928095,0.869265113,0.23707230349999997,32.96273819672905,14.449259992659567,-18.513478204069482,0.0,1.0,0.0,1.0,0.0,1.0,Script18_Regionalised_L2_Native,Script18_Regionalised_L2_Native,True,False,Alpha
POW_Band,22,0.12222222222222223,4.065724929999997,3.535475297000001,-0.5302496329999964,0.7902410119,0.4741446071,-0.31609640479999995,21.031422045397097,12.796834058483004,-8.234587986914093,0.0,1.0,0.0,1.0,0.0,1.0,Script18_Regionalised_L2_Native,Script18_Regionalised_L2_Native,True,False,Alpha
POW_Band,23,0.1277777777777778,3.0417063460000033,3.929078011,0.8873716649999968,0.7902410118999995,0.47414460710000117,-0.31609640479999834,17.1887039308281,18.383637043128733,1.1949331123006317,0.0,1.0,0.0,1.0,0.0,1.0,Script18_Regionalised_L2_Native,Script18_Regionalised_L2_Native,True,False,Alpha
POW_Band,24,0.13333333333333333,3.730003435,3.913514105,0.18351067,0.7112169107,0.7112169107,0.0,25.91609104728608,18.348322611521418,-7.567768435764663,0.0,1.0,0.0,1.0,0.0,1.0,Script18_Regionalised_L2_Native,Script18_Regionalised_L2_Native,True,False,Alpha
POW_Band,25,0.1388888888888889,4.323133296,3.409086589,-0.9140467069999998,0.7112169107,0.7112169107,0.0,26.508612439841496,17.592726778767325,-8.91588566107417,0.0,1.0,0.0,1.0,0.0,1.0,Script18_Regionalised_L2_Native,Script18_Regionalised_L2_Native,True,False,Alpha
POW_Band,26,0.14444444444444446,4.0297841589999965,3.8429441479999973,-0.18684001099999925,0.7112169107000005,0.3160964047000004,-0.3951205060000001,24.861268812819343,16.84502120368899,-8.016247609130353,0.0,1.0,0.0,1.0,0.0,1.0,Script18_Regionalised_L2_Native,Script18_Regionalised_L2_Native,True,False,Alpha
POW_Band,27,0.15,3.310589077,3.346811842,0.03622276500000021,0.7902410119,0.3951205059,-0.395120506,15.283014371896591,11.652510628441611,-3.6305037434549803,0.0,1.0,0.0,1.0,0.0,1.0,Script18_Regionalised_L2_Native,Script18_Regionalised_L2_Native,True,False,Alpha
POW_Band,28,0.15555555555555556,3.355253194,3.427703136,0.07244994199999999,0.6321928095,1.027313315,0.3951205055,12.40367616883346,14.977786822107225,2.574110653273765,0.0,1.0,0.0,1.0,0.0,1.0,Script18_Regionalised_L2_Native,Script18_Regionalised_L2_Native,True,False,Alpha
POW_Band,29,0.16111111111111112,4.161400721,3.186973374,-0.9744273469999998,0.5531687083,0.869265113,0.3160964047,14.930521593870074,18.41143013736606,3.480908543495987,0.0,1.0,0.0,1.0,0.0,1.0,Script18_Regionalised_L2_Native,Script18_Regionalised_L2_Native,True,False,Alpha
POW_Band,30,0.16666666666666669,3.8356775160000014,3.677433662999999,-0.15824385300000232,0.6321928094999996,0.7112169106999988,0.07902410119999925,15.86907000041226,16.43925303180103,0.5701830313887708,0.0,1.0,0.0,1.0,0.0,1.0,Script18_Regionalised_L2_Native,Script18_Regionalised_L2_Native,True,False,Alpha
POW_Band,31,0.17222222222222222,4.139711066,3.507997063,-0.6317140030000004,0.5531687083,0.4741446071,-0.07902410119999997,16.038770559719104,12.635752953621068,-3.403017606098036,0.0,1.0,0.0,1.0,0.0,1.0,Script18_Regionalised_L2_Native,Script18_Regionalised_L2_Native,True,False,Alpha
POW_Band,32,0.17777777777777778,4.227890051,3.438697203,-0.7891928480000003,0.7902410119,0.6321928095,-0.15804820239999995,21.779693814745436,15.601491680897297,-6.1782021338481385,0.0,1.0,0.0,1.0,0.0,1.0,Script18_Regionalised_L2_Native,Script18_Regionalised_L2_Native,True,False,Alpha
POW_Band,33,0.18333333333333335,3.8787551170000008,3.481228591999995,-0.39752652500000574,0.5531687083,0.6321928095000005,0.07902410120000047,14.544061335726873,12.645907371505189,-1.8981539642216845,0.0,1.0,0.0,1.0,0.0,1.0,Script18_Regionalised_L2_Native,Script18_Regionalised_L2_Native,True,False,Alpha
POW_Band,34,0.18888888888888888,4.039188016,2.545562289,-1.493625727,0.5531687083,0.7112169107,0.15804820240000006,18.92518827627771,10.5164078334033,-8.40878044287441,0.0,1.0,0.0,1.0,0.0,1.0,Script18_Regionalised_L2_Native,Script18_Regionalised_L2_Native,True,False,Alpha
POW_Band,35,0.19444444444444445,4.108260359,4.584017864,0.4757575049999998,0.6321928095,0.4741446071,-0.1580482024,16.630623746828263,24.76317842066748,8.132554673839216,0.0,1.0,0.0,1.0,0.0,1.0,Script18_Regionalised_L2_Native,Script18_Regionalised_L2_Native,True,False,Alpha
POW_Band,36,0.2,4.243744616,3.47356997,-0.7701746460000001,0.5531687083,0.6321928095,0.07902410120000003,25.83176021013991,15.205990398287568,-10.625769811852344,0.0,1.0,0.0,1.0,0.0,1.0,Script18_Regionalised_L2_Native,Script18_Regionalised_L2_Native,True,False,Alpha
POW_Band,37,0.20555555555555557,3.68266211,3.7557980219999982,0.07313591199999836,0.6321928094999992,0.7112169106999988,0.07902410119999959,14.444087380147652,14.120770843440447,-0.32331653670720506,0.0,1.0,0.0,1.0,0.0,1.0,Script18_Regionalised_L2_Native,Script18_Regionalised_L2_Native,True,False,Alpha
POW_Band,38,0.2111111111111111,3.712651103,3.411305344,-0.3013457589999997,0.4741446071,0.4741446071,0.0,12.596597576878679,14.819668881097485,2.2230713042188057,0.0,1.0,0.0,1.0,0.0,1.0,Script18_Regionalised_L2_Native,Script18_Regionalised_L2_Native,True,False,Alpha
POW_Band,39,0.21666666666666667,4.456521227,2.940340958,-1.5161802689999995,0.4741446071,0.5531687083,0.07902410119999997,18.467166006321058,9.501410117788199,-8.96575588853286,0.0,1.0,0.0,1.0,0.0,1.0,Script18_Regionalised_L2_Native,Script18_Regionalised_L2_Native,True,False,Alpha
POW_Band,40,0.22222222222222224,4.020515983999999,3.7270573470000006,-0.29345863699999875,0.6321928094999988,0.5531687083,-0.07902410119999881,33.163235049801834,11.696376013088466,-21.466859036713366,0.0,1.0,0.0,1.0,0.0,1.0,Script18_Regionalised_L2_Native,Script18_Regionalised_L2_Native,True,False,Alpha
POW_Band,41,0.22777777777777777,3.803415165,3.843776852,0.04036168699999987,0.3951205059,0.5531687083,0.1580482024,14.931060628738047,17.10023057939715,2.169169950659102,0.0,1.0,0.0,1.0,0.0,1.0,Script18_Regionalised_L2_Native,Script18_Regionalised_L2_Native,True,False,Alpha
POW_Band,42,0.23333333333333334,3.601389501,3.363085713,-0.23830378800000007,0.4741446071,0.3951205059,-0.07902410120000003,20.543010513492064,8.766955156832806,-11.776055356659258,0.0,1.0,0.0,1.0,0.0,1.0,Script18_Regionalised_L2_Native,Script18_Regionalised_L2_Native,True,False,Alpha
POW_Band,43,0.2388888888888889,3.543813215,3.816402954,0.27258973899999983,0.5531687083,0.5531687083,0.0,17.508700279055866,17.236828576948184,-0.2718717021076813,0.0,1.0,0.0,1.0,0.0,1.0,Script18_Regionalised_L2_Native,Script18_Regionalised_L2_Native,True,False,Alpha
POW_Band,44,0.24444444444444446,3.132280921000002,3.3764065589999985,0.24412563799999631,0.7112169106999985,0.6321928095,-0.07902410119999848,15.030993630522975,14.64795845266337,-0.38303517785960395,0.0,1.0,0.0,1.0,0.0,1.0,Script18_Regionalised_L2_Native,Script18_Regionalised_L2_Native,True,False,Alpha
POW_Band,45,0.25,3.591282279,3.143864573,-0.44741770599999997,0.3951205059,0.6321928095,0.23707230360000003,12.736156887360345,16.49245991807673,3.756303030716385,0.0,1.0,0.0,1.0,0.0,1.0,Script18_Regionalised_L2_Native,Script18_Regionalised_L2_Native,True,False,Alpha
POW_Band,46,0.2555555555555556,4.128824434999999,2.858290619000001,-1.2705338159999986,0.5531687082999984,0.6321928095000023,0.07902410120000392,19.19310761402299,12.635348481679662,-6.557759132343326,0.0,1.0,0.0,1.0,0.0,1.0,Script18_Regionalised_L2_Native,Script18_Regionalised_L2_Native,True,False,Alpha
POW_Band,47,0.2611111111111111,4.022373728,2.964510911,-1.0578628169999997,0.3951205059,0.869265113,0.4741446071,16.215668157045037,14.634807969745587,-1.58086018729945,0.0,1.0,0.0,1.0,0.0,1.0,Script18_Regionalised_L2_Native,Script18_Regionalised_L2_Native,True,False,Alpha
POW_Band,48,0.26666666666666666,3.950918528,3.739506586,-0.2114119419999998,0.5531687083,0.5531687083,0.0,21.71798554797063,14.265025515884481,-7.45296003208615,0.0,1.0,0.0,1.0,0.0,1.0,Script18_Regionalised_L2_Native,Script18_Regionalised_L2_Native,True,False,Alpha
POW_Band,49,0.27222222222222225,3.521236928000001,3.2489983619999996,-0.2722385660000013,0.6321928095000016,0.6321928094999992,-2.3314683517128287e-15,16.062919589010626,12.824115966662646,-3.23880362234798,0.0,1.0,0.0,1.0,0.0,1.0,Script18_Regionalised_L2_Native,Script18_Regionalised_L2_Native,True,False,Alpha
POW_Band,50,0.2777777777777778,3.607822967,3.192784174,-0.41503879300000035,0.7902410119,0.5531687083,-0.23707230359999998,21.8378546681685,13.48366404087889,-8.35419062728961,0.0,1.0,0.0,1.0,0.0,1.0,Script18_Regionalised_L2_Native,Script18_Regionalised_L2_Native,True,False,Alpha
POW_Band,51,0.2833333333333333,4.346073333,3.575212381,-0.7708609519999996,0.6321928095,0.5531687083,-0.07902410120000003,21.380549724131797,15.923896877959764,-5.456652846172032,0.0,1.0,0.0,1.0,0.0,1.0,Script18_Regionalised_L2_Native,Script18_Regionalised_L2_Native,True,False,Alpha
POW_Band,52,0.2888888888888889,3.2057591859999963,3.7215984469999985,0.5158392610000022,0.7112169106999993,0.7112169107,7.771561172376096e-16,12.159628118038269,18.64305504824555,6.483426930207282,0.0,1.0,0.0,1.0,0.0,1.0,Script18_Regionalised_L2_Native,Script18_Regionalised_L2_Native,True,False,Alpha
POW_Band,53,0.29444444444444445,2.827998075,3.566282279,0.7382842040000002,0.6321928095,0.7112169107,0.07902410120000003,11.616468087190906,14.85650752421178,3.240039437020874,0.0,1.0,0.0,1.0,0.0,1.0,Script18_Regionalised_L2_Native,Script18_Regionalised_L2_Native,True,False,Alpha
POW_Band,54,0.3,3.027920152,3.423260316,0.3953401639999998,0.4741446071,0.6321928095,0.1580482024,9.965199401698644,17.185738932751157,7.220539531052513,0.0,1.0,0.0,1.0,0.0,1.0,Script18_Regionalised_L2_Native,Script18_Regionalised_L2_Native,True,False,Alpha
POW_Band,55,0.3055555555555556,3.243142086,3.298585486,0.0554433999999997,0.9482892142,0.6321928095,-0.3160964047,17.856320961013893,13.98148025132296,-3.8748407096909325,0.0,1.0,0.0,1.0,0.0,1.0,Script18_Regionalised_L2_Native,Script18_Regionalised_L2_Native,True,False,Alpha
POW_Band,56,0.3111111111111111,2.970543346,3.844990871,0.8744475249999999,0.5531687083,0.5531687083,0.0,12.198966718354033,20.56646467620409,8.367497957850059,0.0,1.0,0.0,1.0,0.0,1.0,Script18_Regionalised_L2_Native,Script18_Regionalised_L2_Native,True,False,Alpha
POW_Band,57,0.31666666666666665,3.904426965,3.336142386,-0.5682845789999997,0.6321928095,0.7112169107,0.07902410120000003,16.69049645929887,12.4707497366664,-4.21974672263247,0.0,1.0,0.0,1.0,0.0,1.0,Script18_Regionalised_L2_Native,Script18_Regionalised_L2_Native,True,False,Alpha
POW_Band,58,0.32222222222222224,2.89229336,3.163133379,0.270840019,0.4741446071,0.4741446071,0.0,13.417800996417881,11.924709046182684,-1.493091950235197,0.0,1.0,0.0,1.0,0.0,1.0,Script18_Regionalised_L2_Native,Script18_Regionalised_L2_Native,True,False,Alpha
POW_Band,59,0.3277777777777778,3.670601641,3.275485981,-0.3951156600000001,0.3160964047,0.3951205059,0.07902410119999997,16.470816219342385,11.274758233096101,-5.196057986246284,0.0,1.0,0.0,1.0,0.0,1.0,Script18_Regionalised_L2_Native,Script18_Regionalised_L2_Native,True,False,Alpha
POW_Band,60,0.33333333333333337,3.996884978000004,3.2348448119999955,-0.7620401660000087,0.39512050590000314,0.7902410118999992,0.39512050599999604,14.442145571496903,11.042827577405657,-3.3993179940912466,0.0,1.0,0.0,1.0,0.0,1.0,Script18_Regionalised_L2_Native,Script18_Regionalised_L2_Native,True,False,Alpha
POW_Band,61,0.3388888888888889,4.385031727,2.796620539,-1.5884111880000003,0.7112169107,0.7112169107,0.0,33.492237665248766,13.217424552024855,-20.27481311322391,0.0,1.0,0.0,1.0,0.0,1.0,Script18_Regionalised_L2_Native,Script18_Regionalised_L2_Native,True,False,Alpha
POW_Band,62,0.34444444444444444,4.41615954,3.592235899,-0.8239236409999999,0.5531687083,0.5531687083,0.0,27.925008307407023,17.769679173896215,-10.155329133510808,0.0,1.0,0.0,1.0,0.0,1.0,Script18_Regionalised_L2_Native,Script18_Regionalised_L2_Native,True,False,Alpha
POW_Band,63,0.35000000000000003,3.648535671000005,3.357892284999997,-0.29064338600000816,0.23707230360000317,0.5531687083000023,0.3160964046999991,13.441524700190916,15.780656205225034,2.3391315050341177,0.0,1.0,0.0,1.0,0.0,1.0,Script18_Regionalised_L2_Native,Script18_Regionalised_L2_Native,True,False,Alpha
POW_Band,64,0.35555555555555557,4.169065447,3.066443598,-1.1026218490000002,0.5531687083,0.7902410119,0.23707230359999998,26.414208894881934,13.707265516243963,-12.706943378637972,0.0,1.0,0.0,1.0,0.0,1.0,Script18_Regionalised_L2_Native,Script18_Regionalised_L2_Native,True,False,Alpha
POW_Band,65,0.3611111111111111,4.284106303,3.11906279,-1.1650435129999996,0.6321928095,0.7112169107,0.07902410120000003,25.59064819942627,19.721700099961467,-5.868948099464802,0.0,1.0,0.0,1.0,0.0,1.0,Script18_Regionalised_L2_Native,Script18_Regionalised_L2_Native,True,False,Alpha
POW_Band,66,0.3666666666666667,4.255272908999993,3.2704185440000013,-0.9848543649999919,0.7902410118999976,0.4741446071000008,-0.31609640479999684,32.27137856230747,11.11323629089531,-21.15814227141216,0.0,1.0,0.0,1.0,0.0,1.0,Script18_Regionalised_L2_Native,Script18_Regionalised_L2_Native,True,False,Alpha
POW_Band,67,0.37222222222222223,3.568105005,3.407622811,-0.16048219400000008,0.5531687083,0.5531687083,0.0,18.275739107294864,13.445249652925089,-4.830489454369776,0.0,1.0,0.0,1.0,0.0,1.0,Script18_Regionalised_L2_Native,Script18_Regionalised_L2_Native,True,False,Alpha
POW_Band,68,0.37777777777777777,4.274721567,3.56514774,-0.7095738270000003,0.5531687083,0.7112169107,0.15804820240000006,28.35362134867036,22.73233406507743,-5.6212872835929275,0.0,1.0,0.0,1.0,0.0,1.0,Script18_Regionalised_L2_Native,Script18_Regionalised_L2_Native,True,False,Alpha
POW_Band,69,0.38333333333333336,4.199474335,4.173335515,-0.026138819999999896,0.7112169107,0.5531687083,-0.15804820240000006,25.28763998109014,21.85049292551527,-3.437147055574872,0.0,1.0,0.0,1.0,0.0,1.0,Script18_Regionalised_L2_Native,Script18_Regionalised_L2_Native,True,False,Alpha
POW_Band,70,0.3888888888888889,4.190285473,3.999381615,-0.19090385800000043,0.7112169107,0.5531687083,-0.15804820240000006,23.5548223557996,18.45459566235384,-5.100226693445762,0.0,1.0,0.0,1.0,0.0,1.0,Script18_Regionalised_L2_Native,Script18_Regionalised_L2_Native,True,False,Alpha
POW_Band,71,0.3944444444444445,4.324547470999998,4.017965206999997,-0.3065822640000011,0.5531687082999992,0.4741446070999992,-0.07902410119999997,26.152683548442617,20.820090416126806,-5.332593132315811,0.0,1.0,0.0,1.0,0.0,1.0,Script18_Regionalised_L2_Native,Script18_Regionalised_L2_Native,True,False,Alpha
POW_Band,72,0.4,4.171039034,3.757639869,-0.4133991649999995,0.4741446071,0.3951205059,-0.07902410120000003,23.22950025577466,12.10606159211876,-11.1234386636559,0.0,1.0,0.0,1.0,0.0,1.0,Script18_Regionalised_L2_Native,Script18_Regionalised_L2_Native,True,False,Alpha
POW_Band,73,0.40555555555555556,3.621575324,2.892220943,-0.7293543810000003,0.4741446071,0.7902410119,0.31609640479999995,11.774063556949578,10.88892078496119,-0.885142771988388,0.0,1.0,0.0,1.0,0.0,1.0,Script18_Regionalised_L2_Native,Script18_Regionalised_L2_Native,True,False,Alpha
POW_Band,74,0.41111111111111115,3.7076964099999956,3.978951454999992,0.2712550449999962,0.7112169106999993,0.7112169106999993,0.0,13.925459269429632,15.511101209299975,1.5856419398703423,0.0,1.0,0.0,1.0,0.0,1.0,Script18_Regionalised_L2_Native,Script18_Regionalised_L2_Native,True,False,Alpha
POW_Band,75,0.4166666666666667,3.258670974,3.162388526,-0.09628244800000019,0.6321928095,0.6321928095,0.0,13.38714477007823,14.359029220944453,0.9718844508662237,0.0,1.0,0.0,1.0,0.0,1.0,Script18_Regionalised_L2_Native,Script18_Regionalised_L2_Native,True,False,Alpha
POW_Band,76,0.4222222222222222,3.667547655,3.275873588,-0.39167406699999985,0.7902410119,0.7902410119,0.0,17.26818151861337,20.154766670842026,2.8865851522286547,0.0,1.0,0.0,1.0,0.0,1.0,Script18_Regionalised_L2_Native,Script18_Regionalised_L2_Native,True,False,Alpha
POW_Band,77,0.4277777777777778,4.459306459,3.811944955999996,-0.6473615030000035,0.5531687083000008,0.6321928094999992,0.07902410119999848,20.65440805474576,19.3550098236365,-1.299398231109258,0.0,1.0,0.0,1.0,0.0,1.0,Script18_Regionalised_L2_Native,Script18_Regionalised_L2_Native,True,False,Alpha
POW_Band,78,0.43333333333333335,4.445191026,3.429584003,-1.0156070229999998,0.6321928095,0.5531687083,-0.07902410120000003,29.80782554589924,16.99188531764643,-12.81594022825281,0.0,1.0,0.0,1.0,0.0,1.0,Script18_Regionalised_L2_Native,Script18_Regionalised_L2_Native,True,False,Alpha
POW_Band,79,0.4388888888888889,3.556884765,3.566919108,0.010034343000000057,0.6321928095,0.5531687083,-0.07902410120000003,13.633032764661753,19.375678377913047,5.742645613251295,0.0,1.0,0.0,1.0,0.0,1.0,Script18_Regionalised_L2_Native,Script18_Regionalised_L2_Native,True,False,Alpha
POW_Band,80,0.4444444444444445,4.123875623000001,3.9774897410000007,-0.14638588200000013,0.7112169106999977,0.4741446071,-0.2370723035999977,20.09117363339951,19.53212109498059,-0.5590525384189213,0.0,1.0,0.0,1.0,0.0,1.0,Script18_Regionalised_L2_Native,Script18_Regionalised_L2_Native,True,False,Alpha
POW_Band,81,0.45,4.24108006,4.076964627,-0.1641154330000001,0.4741446071,0.4741446071,0.0,23.897392188628828,17.385286209166104,-6.512105979462724,0.0,1.0,0.0,1.0,0.0,1.0,Script18_Regionalised_L2_Native,Script18_Regionalised_L2_Native,True,False,Alpha
POW_Band,82,0.45555555555555555,3.952689896,3.562160289,-0.39052960699999995,0.6321928095,0.3951205059,-0.23707230360000003,27.67006147155466,12.434300915831376,-15.235760555723285,0.0,1.0,0.0,1.0,0.0,1.0,Script18_Regionalised_L2_Native,Script18_Regionalised_L2_Native,True,False,Alpha
POW_Band,83,0.46111111111111114,4.194588497,3.800629933,-0.3939585639999996,0.4741446071,0.7112169107,0.23707230360000003,24.529506570117526,19.489346991609132,-5.040159578508394,0.0,1.0,0.0,1.0,0.0,1.0,Script18_Regionalised_L2_Native,Script18_Regionalised_L2_Native,True,False,Alpha
POW_Band,84,0.4666666666666667,4.035354622,3.4662998,-0.569054822,0.7112169107,0.5531687083,-0.15804820240000006,28.02146876944297,13.336715964427295,-14.684752805015673,0.0,1.0,0.0,1.0,0.0,1.0,Script18_Regionalised_L2_Native,Script18_Regionalised_L2_Native,True,False,Alpha
POW_Band,85,0.47222222222222227,3.902018049,3.982046340000002,0.08002829100000186,0.4741446071000024,0.5531687082999984,0.07902410119999603,16.71300369794865,15.269063606752647,-1.4439400911960032,0.0,1.0,0.0,1.0,0.0,1.0,Script18_Regionalised_L2_Native,Script18_Regionalised_L2_Native,True,False,Alpha
POW_Band,86,0.4777777777777778,3.919065447,4.155675283,0.23660983599999996,0.7112169107,0.3951205059,-0.31609640480000006,20.14960287209429,19.041697203419034,-1.107905668675258,0.0,1.0,0.0,1.0,0.0,1.0,Script18_Regionalised_L2_Native,Script18_Regionalised_L2_Native,True,False,Alpha
POW_Band,87,0.48333333333333334,4.536077827,3.90410407,-0.6319737569999999,0.4741446071,0.6321928095,0.1580482024,31.066685481205774,19.434925690409173,-11.6317597907966,0.0,1.0,0.0,1.0,0.0,1.0,Script18_Regionalised_L2_Native,Script18_Regionalised_L2_Native,True,False,Alpha
POW_Band,88,0.48888888888888893,4.076441578000003,3.522730921999993,-0.5537106560000105,0.5531687083000008,0.5531687083,-7.771561172376096e-16,23.18744792524012,10.3423592468026,-12.845088678437522,0.0,1.0,0.0,1.0,0.0,1.0,Script18_Regionalised_L2_Native,Script18_Regionalised_L2_Native,True,False,Alpha
POW_Band,89,0.49444444444444446,4.388460684,2.797663668,-1.5907970159999998,0.6321928095,0.5531687083,-0.07902410120000003,23.80699126686666,10.45467229295474,-13.35231897391192,0.0,1.0,0.0,1.0,0.0,1.0,Script18_Regionalised_L2_Native,Script18_Regionalised_L2_Native,True,False,Alpha
POW_Band,90,0.5,3.243813215,2.945550284,-0.298262931,0.7112169107,0.5531687083,-0.15804820240000006,11.465435937114595,7.971095851806609,-3.494340085307986,0.0,1.0,0.0,1.0,0.0,1.0,Script18_Regionalised_L2_Native,Script18_Regionalised_L2_Native,True,False,Alpha
POW_Band,91,0.5055555555555555,4.404226809,3.39226802,-1.011958789,0.5531687083,0.5531687083,0.0,25.882659368128394,14.780561137180811,-11.102098230947583,0.0,1.0,0.0,1.0,0.0,1.0,Script18_Regionalised_L2_Native,Script18_Regionalised_L2_Native,True,False,Alpha
POW_Band,92,0.5111111111111112,3.909936351000011,3.9942676659999954,0.08433131499998447,0.47414460710000156,0.47414460710000156,0.0,15.853057569080098,18.202445891617234,2.349388322537136,0.0,1.0,0.0,1.0,0.0,1.0,Script18_Regionalised_L2_Native,Script18_Regionalised_L2_Native,True,False,Alpha
POW_Band,93,0.5166666666666667,4.459829509,3.765884185,-0.6939453240000004,0.5531687083,0.5531687083,0.0,23.20474423011387,16.513590774811576,-6.691153455302295,0.0,1.0,0.0,1.0,0.0,1.0,Script18_Regionalised_L2_Native,Script18_Regionalised_L2_Native,True,False,Alpha
POW_Band,94,0.5222222222222223,4.898499308,3.783817709,-1.1146815989999999,0.6321928095,0.6321928095,0.0,37.60447127239963,20.576695216734727,-17.0277760556649,0.0,1.0,0.0,1.0,0.0,1.0,Script18_Regionalised_L2_Native,Script18_Regionalised_L2_Native,True,False,Alpha
POW_Band,95,0.5277777777777778,3.939422471,3.707622811,-0.23179966000000007,0.3951205059,0.7112169107,0.31609640480000006,17.816189378489725,15.209968261414003,-2.6062211170757212,0.0,1.0,0.0,1.0,0.0,1.0,Script18_Regionalised_L2_Native,Script18_Regionalised_L2_Native,True,False,Alpha
POW_Band,96,0.5333333333333333,4.554950014,3.560031727,-0.994918287,0.5531687083,0.6321928095,0.07902410120000003,29.501820350868808,21.909556307549053,-7.592264043319755,0.0,1.0,0.0,1.0,0.0,1.0,Script18_Regionalised_L2_Native,Script18_Regionalised_L2_Native,True,False,Alpha
POW_Band,97,0.5388888888888889,4.481198333,3.680143233,-0.8010551000000001,0.5531687083,0.6321928095,0.07902410120000003,25.44709428700161,17.83635507638654,-7.610739210615073,0.0,1.0,0.0,1.0,0.0,1.0,Script18_Regionalised_L2_Native,Script18_Regionalised_L2_Native,True,False,Alpha
POW_Band,98,0.5444444444444445,3.5575173140000023,4.124347314999983,0.5668300009999805,0.6321928095,0.7112169107,0.07902410120000003,18.672676159725807,23.361833608923845,4.689157449198039,0.0,1.0,0.0,1.0,0.0,1.0,Script18_Regionalised_L2_Native,Script18_Regionalised_L2_Native,True,False,Alpha
POW_Band,99,0.55,3.666716889,3.266207079,-0.40050980999999997,0.6321928095,0.7112169107,0.07902410120000003,16.797758613249577,13.845489022716293,-2.952269590533284,0.0,1.0,0.0,1.0,0.0,1.0,Script18_Regionalised_L2_Native,Script18_Regionalised_L2_Native,True,False,Alpha
POW_Band,100,0.5555555555555556,4.420836815,4.057063398,-0.363773417,0.7112169107,0.6321928095,-0.07902410120000003,26.966947385310597,20.641800231432665,-6.325147153877932,0.0,1.0,0.0,1.0,0.0,1.0,Script18_Regionalised_L2_Native,Script18_Regionalised_L2_Native,True,False,Alpha
POW_Band,101,0.5611111111111111,3.37654842,3.636045591,0.2594971709999996,0.5531687083,0.4741446071,-0.07902410119999997,18.253356691059423,16.043216418121794,-2.210140272937629,0.0,1.0,0.0,1.0,0.0,1.0,Script18_Regionalised_L2_Native,Script18_Regionalised_L2_Native,True,False,Alpha
POW_Band,102,0.5666666666666667,3.318542397,3.813824222,0.4952818250000002,0.5531687083,0.3951205059,-0.1580482024,12.487002287804398,16.27560138822541,3.7885991004210133,0.0,1.0,0.0,1.0,0.0,1.0,Script18_Regionalised_L2_Native,Script18_Regionalised_L2_Native,True,False,Alpha
POW_Band,103,0.5722222222222223,4.732246496,3.8331458610000007,-0.8991006349999995,0.3951205059,0.47414460710000156,0.07902410120000158,13.562936585536495,14.495302331859968,0.9323657463234731,0.0,1.0,0.0,1.0,0.0,1.0,Script18_Regionalised_L2_Native,Script18_Regionalised_L2_Native,True,False,Alpha
POW_Band,104,0.5777777777777778,4.735231882999979,3.8616029400000085,-0.8736289429999702,0.3951205059000047,0.5531687082999984,0.15804820239999373,21.4767387189061,16.462398876064693,-5.014339842841405,0.0,1.0,0.0,1.0,0.0,1.0,Script18_Regionalised_L2_Native,Script18_Regionalised_L2_Native,True,False,Alpha
POW_Band,105,0.5833333333333334,3.649958086,4.288789923,0.6388318370000006,0.6321928095,0.4741446071,-0.1580482024,19.981755535296863,20.957324920582053,0.9755693852851905,0.0,1.0,0.0,1.0,0.0,1.0,Script18_Regionalised_L2_Native,Script18_Regionalised_L2_Native,True,False,Alpha
POW_Band,106,0.5888888888888889,4.081863243,3.197052897,-0.8848103460000001,0.7112169107,0.7112169107,0.0,23.19997605622224,12.07389808113013,-11.12607797509211,0.0,1.0,0.0,1.0,0.0,1.0,Script18_Regionalised_L2_Native,Script18_Regionalised_L2_Native,True,False,Alpha
POW_Band,107,0.5944444444444444,3.457334216,3.408238581,-0.049095635000000026,0.6321928095,0.5531687083,-0.07902410120000003,13.763031651625553,10.861539667735201,-2.9014919838903523,0.0,1.0,0.0,1.0,0.0,1.0,Script18_Regionalised_L2_Native,Script18_Regionalised_L2_Native,True,False,Alpha
POW_Band,108,0.6,3.889711066,3.401692893,-0.48801817299999994,0.7902410119,0.7902410119,0.0,17.926379344075812,17.64537368989438,-0.2810056541814312,0.0,1.0,0.0,1.0,0.0,1.0,Script18_Regionalised_L2_Native,Script18_Regionalised_L2_Native,True,False,Alpha
POW_Band,109,0.6055555555555556,4.648299151999965,3.6068118850000066,-1.0414872669999586,0.4741446071000047,0.6321928095000016,0.15804820239999684,27.057715740984726,26.514708527697127,-0.5430072132875985,0.0,1.0,0.0,1.0,0.0,1.0,Script18_Regionalised_L2_Native,Script18_Regionalised_L2_Native,True,False,Alpha
POW_Band,110,0.6111111111111112,2.906396015,3.946884978,1.040488963,0.7112169107,0.7112169107,0.0,10.771452075362955,22.138424024515473,11.366971949152518,0.0,1.0,0.0,1.0,0.0,1.0,Script18_Regionalised_L2_Native,Script18_Regionalised_L2_Native,True,False,Alpha
POW_Band,111,0.6166666666666667,4.592205639,3.794005089,-0.7982005500000002,0.3951205059,0.5531687083,0.1580482024,24.12077453144631,21.332606962671377,-2.7881675687749308,0.0,1.0,0.0,1.0,0.0,1.0,Script18_Regionalised_L2_Native,Script18_Regionalised_L2_Native,True,False,Alpha
POW_Band,112,0.6222222222222222,4.513374308,4.110231883,-0.4031424250000004,0.3951205059,0.6321928095,0.23707230360000003,20.512186914236974,15.91238718789203,-4.599799726344944,0.0,1.0,0.0,1.0,0.0,1.0,Script18_Regionalised_L2_Native,Script18_Regionalised_L2_Native,True,False,Alpha
POW_Band,113,0.6277777777777778,4.522287352,3.201914615,-1.320372737,0.7112169107,0.6321928095,-0.07902410120000003,30.738157636842484,10.859943604530446,-19.878214032312037,0.0,1.0,0.0,1.0,0.0,1.0,Script18_Regionalised_L2_Native,Script18_Regionalised_L2_Native,True,False,Alpha
POW_Band,114,0.6333333333333333,3.811200566,3.568456021,-0.2427445450000003,0.7112169107,0.5531687083,-0.15804820240000006,28.552267019095652,15.871057511052054,-12.681209508043597,0.0,1.0,0.0,1.0,0.0,1.0,Script18_Regionalised_L2_Native,Script18_Regionalised_L2_Native,True,False,Alpha
POW_Band,115,0.638888888888889,4.260083084999994,3.6732260159999965,-0.5868570689999979,0.7112169106999937,0.6321928094999952,-0.07902410119999848,36.31442991593502,15.75268612607417,-20.561743789860852,0.0,1.0,0.0,1.0,0.0,1.0,Script18_Regionalised_L2_Native,Script18_Regionalised_L2_Native,True,False,Alpha
POW_Band,116,0.6444444444444445,3.971596383,3.501155046,-0.470441337,0.3951205059,0.3951205059,0.0,23.675092506493996,21.451809565371242,-2.223282941122754,0.0,1.0,0.0,1.0,0.0,1.0,Script18_Regionalised_L2_Native,Script18_Regionalised_L2_Native,True,False,Alpha
POW_Band,117,0.65,4.499870365,3.804226809,-0.6956435559999994,0.5531687083,0.3160964047,-0.23707230359999998,27.507433167348992,20.721670287088955,-6.785762880260037,0.0,1.0,0.0,1.0,0.0,1.0,Script18_Regionalised_L2_Native,Script18_Regionalised_L2_Native,True,False,Alpha
POW_Band,118,0.6555555555555556,3.743393599,3.806032477,0.06263887800000001,0.5531687083,0.5531687083,0.0,16.093675778352676,11.358920933292172,-4.734754845060504,0.0,1.0,0.0,1.0,0.0,1.0,Script18_Regionalised_L2_Native,Script18_Regionalised_L2_Native,True,False,Alpha
POW_Band,119,0.6611111111111111,4.515634427,3.24177031,-1.273864117,0.7902410119,0.7112169107,-0.07902410119999992,33.26693175359162,13.02160500176219,-20.24532675182943,0.0,1.0,0.0,1.0,0.0,1.0,Script18_Regionalised_L2_Native,Script18_Regionalised_L2_Native,True,False,Alpha
POW_Band,120,0.6666666666666667,4.264911220999995,3.853789416999996,-0.41112180399999865,0.47414460710000317,0.6321928094999969,0.15804820239999373,21.044618433843432,17.320316210525267,-3.7243022233181655,0.0,1.0,0.0,1.0,0.0,1.0,Script18_Regionalised_L2_Native,Script18_Regionalised_L2_Native,True,False,Alpha
POW_Band,121,0.6722222222222223,4.007735246,3.663824222,-0.34391102400000007,0.6321928095,0.4741446071,-0.1580482024,27.867276135118843,17.762751037849924,-10.104525097268919,0.0,1.0,0.0,1.0,0.0,1.0,Script18_Regionalised_L2_Native,Script18_Regionalised_L2_Native,True,False,Alpha
POW_Band,122,0.6777777777777778,4.542005484,4.130475128,-0.4115303560000001,0.4741446071,0.5531687083,0.07902410119999997,32.815516811536995,23.47723892362643,-9.338277887910564,0.0,1.0,0.0,1.0,0.0,1.0,Script18_Regionalised_L2_Native,Script18_Regionalised_L2_Native,True,False,Alpha
POW_Band,123,0.6833333333333333,3.90756939,3.783906148,-0.12366324200000012,0.5531687083,0.7112169107,0.15804820240000006,22.677179723866328,18.418405363205324,-4.258774360661004,0.0,1.0,0.0,1.0,0.0,1.0,Script18_Regionalised_L2_Native,Script18_Regionalised_L2_Native,True,False,Alpha
POW_Band,124,0.6888888888888889,3.796806659,3.527756557,-0.269050102,0.6321928095,0.7902410119,0.15804820239999995,21.1039348502741,18.055842797514266,-3.0480920527598343,0.0,1.0,0.0,1.0,0.0,1.0,Script18_Regionalised_L2_Native,Script18_Regionalised_L2_Native,True,False,Alpha
POW_Band,125,0.6944444444444444,3.745078592,3.384954311,-0.36012428100000005,0.5531687083,0.4741446071,-0.07902410119999997,19.167543272368764,14.061746589003565,-5.105796683365199,0.0,1.0,0.0,1.0,0.0,1.0,Script18_Regionalised_L2_Native,Script18_Regionalised_L2_Native,True,False,Alpha
POW_Band,126,0.7000000000000001,4.5794269649999855,3.3709229930000015,-1.208503971999984,0.39512050590000153,0.6321928094999985,0.23707230359999693,27.919939155178685,16.137708230266938,-11.782230924911747,0.0,1.0,0.0,1.0,0.0,1.0,Script18_Regionalised_L2_Native,Script18_Regionalised_L2_Native,True,False,Alpha
POW_Band,127,0.7055555555555556,3.855563567,3.434019927,-0.4215436399999999,0.4741446071,0.5531687083,0.07902410119999997,17.409131790351488,13.711020605106997,-3.698111185244491,0.0,1.0,0.0,1.0,0.0,1.0,Script18_Regionalised_L2_Native,Script18_Regionalised_L2_Native,True,False,Alpha
POW_Band,128,0.7111111111111111,3.936803096,4.104226809,0.16742371300000025,0.5531687083,0.7112169107,0.15804820240000006,18.62666554065259,18.74018382654522,0.11351828589263135,0.0,1.0,0.0,1.0,0.0,1.0,Script18_Regionalised_L2_Native,Script18_Regionalised_L2_Native,True,False,Alpha
POW_Band,129,0.7166666666666667,4.559306459,3.701460699,-0.85784576,0.6321928095,0.5531687083,-0.07902410120000003,34.93010069235572,19.853365318109173,-15.07673537424655,0.0,1.0,0.0,1.0,0.0,1.0,Script18_Regionalised_L2_Native,Script18_Regionalised_L2_Native,True,False,Alpha
POW_Band,130,0.7222222222222222,4.884506614,4.107097698,-0.7774089160000006,0.3951205059,0.5531687083,0.1580482024,31.70763017177388,18.01284601905487,-13.69478415271901,0.0,1.0,0.0,1.0,0.0,1.0,Script18_Regionalised_L2_Native,Script18_Regionalised_L2_Native,True,False,Alpha
POW_Band,131,0.7277777777777779,3.6486261739999835,4.099797228999999,0.45117105500001564,0.4741446071,0.6321928094999985,0.15804820239999845,14.374419005091335,21.374197349423937,6.9997783443326025,0.0,1.0,0.0,1.0,0.0,1.0,Script18_Regionalised_L2_Native,Script18_Regionalised_L2_Native,True,False,Alpha
POW_Band,132,0.7333333333333334,2.819605357000017,4.062649039999993,1.2430436829999763,0.47414460710000317,0.5531687082999952,0.07902410119999204,8.58342849564465,27.11711501581967,18.53368652017502,0.0,1.0,0.0,1.0,0.0,1.0,Script18_Regionalised_L2_Native,Script18_Regionalised_L2_Native,True,False,Alpha
POW_Band,133,0.7388888888888889,3.653972514,3.713408608,0.05943609400000005,0.6321928095,0.3160964047,-0.3160964048,14.047180834370849,12.377947889678417,-1.6692329446924319,0.0,1.0,0.0,1.0,0.0,1.0,Script18_Regionalised_L2_Native,Script18_Regionalised_L2_Native,True,False,Alpha
POW_Band,134,0.7444444444444445,4.238340009,3.878415165,-0.359924844,0.4741446071,0.6321928095,0.1580482024,24.71838913266504,16.931834448664418,-7.78655468400062,0.0,1.0,0.0,1.0,0.0,1.0,Script18_Regionalised_L2_Native,Script18_Regionalised_L2_Native,True,False,Alpha
POW_Band,135,0.75,4.135193046,3.701891492,-0.43330155400000026,0.3160964047,0.5531687083,0.23707230359999998,23.627362271952883,13.96619053291637,-9.661171739036513,0.0,1.0,0.0,1.0,0.0,1.0,Script18_Regionalised_L2_Native,Script18_Regionalised_L2_Native,True,False,Alpha
POW_Band,136,0.7555555555555555,4.187448884,3.675629933,-0.511818951,0.6321928095,0.7902410119,0.15804820239999995,22.45048446701221,17.410604809647968,-5.039879657364242,0.0,1.0,0.0,1.0,0.0,1.0,Script18_Regionalised_L2_Native,Script18_Regionalised_L2_Native,True,False,Alpha
POW_Band,137,0.7611111111111112,3.963697202999985,4.567642312999995,0.6039451100000099,0.5531687083000031,0.7112169107,0.15804820239999695,21.267252975448955,35.97276132155165,14.705508346102697,0.0,1.0,0.0,1.0,0.0,1.0,Script18_Regionalised_L2_Native,Script18_Regionalised_L2_Native,True,False,Alpha
POW_Band,138,0.7666666666666667,3.218522682,4.302655597,1.084132915,0.7112169107,0.7112169107,0.0,21.32439632784382,27.312126108544433,5.987729780700612,0.0,1.0,0.0,1.0,0.0,1.0,Script18_Regionalised_L2_Native,Script18_Regionalised_L2_Native,True,False,Alpha
POW_Band,139,0.7722222222222223,4.009629353,3.934306459,-0.07532289400000014,0.5531687083,0.6321928095,0.07902410120000003,14.462319992603987,25.337858889034187,10.8755388964302,0.0,1.0,0.0,1.0,0.0,1.0,Script18_Regionalised_L2_Native,Script18_Regionalised_L2_Native,True,False,Alpha
POW_Band,140,0.7777777777777778,3.484134499,4.184663653,0.7005291540000003,0.5531687083,0.7112169107,0.15804820240000006,14.487141446574478,25.352976235464638,10.86583478889016,0.0,1.0,0.0,1.0,0.0,1.0,Script18_Regionalised_L2_Native,Script18_Regionalised_L2_Native,True,False,Alpha
POW_Band,141,0.7833333333333333,3.955868501,4.438897358,0.4830288570000003,0.5531687083,0.3951205059,-0.1580482024,20.10712650022734,27.224706126322438,7.117579626095097,0.0,1.0,0.0,1.0,0.0,1.0,Script18_Regionalised_L2_Native,Script18_Regionalised_L2_Native,True,False,Alpha
POW_Band,142,0.788888888888889,4.02132691,4.174398673000002,0.15307176300000158,0.6321928095,0.6321928095,0.0,20.76728777625911,26.622998137804288,5.855710361545178,0.0,1.0,0.0,1.0,0.0,1.0,Script18_Regionalised_L2_Native,Script18_Regionalised_L2_Native,True,False,Alpha
POW_Band,143,0.7944444444444445,4.029654481999985,4.255798022000001,0.22614354000001669,0.6321928095,0.6321928094999969,-3.1086244689504383e-15,16.51327301684044,26.993585011307587,10.480311994467147,0.0,1.0,0.0,1.0,0.0,1.0,Script18_Regionalised_L2_Native,Script18_Regionalised_L2_Native,True,False,Alpha
POW_Band,144,0.8,3.291771029,4.326118683,1.0343476539999998,0.6321928095,0.4741446071,-0.1580482024,15.896762029801708,28.78760997445331,12.890847944651602,0.0,1.0,0.0,1.0,0.0,1.0,Script18_Regionalised_L2_Native,Script18_Regionalised_L2_Native,True,False,Alpha
POW_Band,145,0.8055555555555556,4.639709003,4.145750439,-0.4939585639999997,0.5531687083,0.4741446071,-0.07902410119999997,36.06148875205068,20.466836605243774,-15.594652146806904,0.0,1.0,0.0,1.0,0.0,1.0,Script18_Regionalised_L2_Native,Script18_Regionalised_L2_Native,True,False,Alpha
POW_Band,146,0.8111111111111111,4.230595803,3.567073702,-0.6635221009999999,0.6321928095,0.4741446071,-0.1580482024,29.889847651255273,13.366117587133372,-16.5237300641219,0.0,1.0,0.0,1.0,0.0,1.0,Script18_Regionalised_L2_Native,Script18_Regionalised_L2_Native,True,False,Alpha
POW_Band,147,0.8166666666666667,4.222373728,3.55758263,-0.6647910979999998,0.6321928095,0.4741446071,-0.1580482024,22.391006543785764,12.037232936293897,-10.353773607491867,0.0,1.0,0.0,1.0,0.0,1.0,Script18_Regionalised_L2_Native,Script18_Regionalised_L2_Native,True,False,Alpha
POW_Band,148,0.8222222222222223,4.166882745000001,3.5579850050000132,-0.6088977399999882,0.3951205059000047,0.7112169106999985,0.3160964047999938,23.809061705755354,27.019127866517653,3.210066160762299,0.0,1.0,0.0,1.0,0.0,1.0,Script18_Regionalised_L2_Native,Script18_Regionalised_L2_Native,True,False,Alpha
POW_Band,149,0.8277777777777778,4.268742553000003,4.21357446399999,-0.0551680890000128,0.6321928095,0.6321928095000016,1.5543122344752192e-15,22.247866138917,29.721325538376067,7.473459399459067,0.0,1.0,0.0,1.0,0.0,1.0,Script18_Regionalised_L2_Native,Script18_Regionalised_L2_Native,True,False,Alpha
POW_Band,150,0.8333333333333334,4.422627305,3.707892285,-0.71473502,0.6321928095,0.7112169107,0.07902410120000003,31.756162795700938,20.566487150406083,-11.189675645294855,0.0,1.0,0.0,1.0,0.0,1.0,Script18_Regionalised_L2_Native,Script18_Regionalised_L2_Native,True,False,Alpha
POW_Band,151,0.8388888888888889,4.447810402,4.065870945,-0.38193945699999965,0.5531687083,0.3951205059,-0.1580482024,33.54879532739474,21.8901731457349,-11.658622181659844,0.0,1.0,0.0,1.0,0.0,1.0,Script18_Regionalised_L2_Native,Script18_Regionalised_L2_Native,True,False,Alpha
POW_Band,152,0.8444444444444444,4.397085133,3.421376725,-0.975708408,0.7112169107,0.7112169107,0.0,25.126717894533478,18.952898101185173,-6.173819793348304,0.0,1.0,0.0,1.0,0.0,1.0,Script18_Regionalised_L2_Native,Script18_Regionalised_L2_Native,True,False,Alpha
POW_Band,153,0.85,3.977018049,3.769641918,-0.20737613100000019,0.3160964047,0.869265113,0.5531687083,24.750528207407193,20.58817107607279,-4.162357131334403,0.0,1.0,0.0,1.0,0.0,1.0,Script18_Regionalised_L2_Native,Script18_Regionalised_L2_Native,True,False,Alpha
POW_Band,154,0.8555555555555556,4.452689895999988,3.7611312480000043,-0.691558647999984,0.39512050590000786,0.6321928094999969,0.23707230359998904,22.28831018544375,24.76818992012158,2.47987973467783,0.0,1.0,0.0,1.0,0.0,1.0,Script18_Regionalised_L2_Native,Script18_Regionalised_L2_Native,True,False,Alpha
POW_Band,155,0.8611111111111112,3.876458636,3.978755117,0.10229648099999977,0.7902410119,0.4741446071,-0.31609640479999995,29.611118568953444,17.972505037166435,-11.638613531787009,0.0,1.0,0.0,1.0,0.0,1.0,Script18_Regionalised_L2_Native,Script18_Regionalised_L2_Native,True,False,Alpha
POW_Band,156,0.8666666666666667,4.45805814,3.198868686,-1.2591894540000004,0.7112169107,0.7112169107,0.0,31.769930736098992,16.98090548052579,-14.7890252555732,0.0,1.0,0.0,1.0,0.0,1.0,Script18_Regionalised_L2_Native,Script18_Regionalised_L2_Native,True,False,Alpha
POW_Band,157,0.8722222222222222,4.582535091,3.527018049,-1.0555170419999995,0.7112169107,0.5531687083,-0.15804820240000006,29.700753996579074,11.883451180850297,-17.817302815728777,0.0,1.0,0.0,1.0,0.0,1.0,Script18_Regionalised_L2_Native,Script18_Regionalised_L2_Native,True,False,Alpha
POW_Band,158,0.8777777777777778,4.330963878,3.795933989,-0.5350298890000005,0.7112169107,0.4696185187,-0.24159839200000005,25.185894372779565,19.23003773870909,-5.955856634070475,0.0,1.0,0.0,1.0,0.0,1.0,Script18_Regionalised_L2_Native,Script18_Regionalised_L2_Native,True,False,Alpha
POW_Band,159,0.8833333333333334,4.275595634000004,3.831198333000005,-0.44439730099999863,0.4741446071000046,0.6321928095,0.1580482023999954,21.796275768971604,19.44419544920589,-2.352080319765715,0.0,1.0,0.0,1.0,0.0,1.0,Script18_Regionalised_L2_Native,Script18_Regionalised_L2_Native,True,False,Alpha
POW_Band,160,0.888888888888889,4.441521380999999,4.086400720999987,-0.3551206600000123,0.7044277781000001,0.6321928095000031,-0.07223496859999701,23.457099672630093,19.622420938207224,-3.8346787344228694,0.0,1.0,0.0,1.0,0.0,1.0,Script18_Regionalised_L2_Native,Script18_Regionalised_L2_Native,True,False,Alpha
POW_Band,161,0.8944444444444445,4.388662903,3.407857985,-0.980804918,0.7112169107,0.7902410119,0.07902410119999992,39.268185192903466,15.229138877147182,-24.039046315756284,0.0,1.0,0.0,1.0,0.0,1.0,Script18_Regionalised_L2_Native,Script18_Regionalised_L2_Native,True,False,Alpha
POW_Band,162,0.9,4.699547471,3.948299152,-0.7512483189999997,0.6321928095,0.6321928095,0.0,25.303627934393166,23.86096477246403,-1.4426631619291364,0.0,1.0,0.0,1.0,0.0,1.0,Script18_Regionalised_L2_Native,Script18_Regionalised_L2_Native,True,False,Alpha
POW_Band,163,0.9055555555555556,4.578903915,3.609394179,-0.9695097359999996,0.6321928095,0.6321928095,0.0,33.362104125673696,19.366468269963374,-13.995635855710322,0.0,1.0,0.0,1.0,0.0,1.0,Script18_Regionalised_L2_Native,Script18_Regionalised_L2_Native,True,False,Alpha
POW_Band,164,0.9111111111111111,4.504950014,3.872661604,-0.6322884100000001,0.4741446071,0.6321928095,0.1580482024,37.52539475513327,16.744903559134805,-20.780491195998465,0.0,1.0,0.0,1.0,0.0,1.0,Script18_Regionalised_L2_Native,Script18_Regionalised_L2_Native,True,False,Alpha
POW_Band,165,0.9166666666666667,3.709521199000026,3.549215758999998,-0.16030544000002767,0.47414460710000156,0.47414460710000156,0.0,13.573106874223452,19.75558755721205,6.182480682988597,0.0,1.0,0.0,1.0,0.0,1.0,Script18_Regionalised_L2_Native,Script18_Regionalised_L2_Native,True,False,Alpha
POW_Band,166,0.9222222222222223,5.00410407,3.466207079,-1.5378969910000002,0.5531687083,0.5531687083,0.0,38.10515272924919,17.49628855316174,-20.60886417608745,0.0,1.0,0.0,1.0,0.0,1.0,Script18_Regionalised_L2_Native,Script18_Regionalised_L2_Native,True,False,Alpha
POW_Band,167,0.9277777777777778,4.665145676,4.033783409,-0.6313622670000001,0.7112169107,0.869265113,0.15804820229999994,46.5014378969902,23.722231204489887,-22.77920669250031,0.0,1.0,0.0,1.0,0.0,1.0,Script18_Regionalised_L2_Native,Script18_Regionalised_L2_Native,True,False,Alpha
POW_Band,168,0.9333333333333333,5.037326145,4.32002517,-0.7173009749999997,0.4741446071,0.4741446071,0.0,48.188918040140635,28.64007234424902,-19.548845695891615,0.0,1.0,0.0,1.0,0.0,1.0,Script18_Regionalised_L2_Native,Script18_Regionalised_L2_Native,True,False,Alpha
POW_Band,169,0.9388888888888889,4.965111377,4.353938214,-0.6111731630000001,0.6321928095,0.6321928095,0.0,34.83803022641166,26.101118336198148,-8.736911890213513,0.0,1.0,0.0,1.0,0.0,1.0,Script18_Regionalised_L2_Native,Script18_Regionalised_L2_Native,True,False,Alpha
POW_Band,170,0.9444444444444445,4.377890050999994,3.5351326880000054,-0.8427573629999889,0.7902410118999984,0.7112169106999953,-0.07902410120000314,37.17660193761211,24.538314208956702,-12.63828772865541,0.0,1.0,0.0,1.0,0.0,1.0,Script18_Regionalised_L2_Native,Script18_Regionalised_L2_Native,True,False,Alpha
POW_Band,171,0.9500000000000001,4.0957161400000075,3.796884977999998,-0.2988311620000097,0.7112169107,0.47414460710000156,-0.23707230359999848,34.10673985955666,18.227410614651873,-15.879329244904788,0.0,1.0,0.0,1.0,0.0,1.0,Script18_Regionalised_L2_Native,Script18_Regionalised_L2_Native,True,False,Alpha
POW_Band,172,0.9555555555555556,4.445513921,3.692819192,-0.7526947289999999,0.7112169107,0.5531687083,-0.15804820240000006,25.871422827135646,26.043529684357186,0.1721068572215394,0.0,1.0,0.0,1.0,0.0,1.0,Script18_Regionalised_L2_Native,Script18_Regionalised_L2_Native,True,False,Alpha
POW_Band,173,0.9611111111111111,4.460031727,3.921413286,-0.5386184409999997,0.6321928095,0.7112169107,0.07902410120000003,33.17478244735695,22.780370481143112,-10.394411966213834,0.0,1.0,0.0,1.0,0.0,1.0,Script18_Regionalised_L2_Native,Script18_Regionalised_L2_Native,True,False,Alpha
POW_Band,174,0.9666666666666667,4.243253802,3.722321652,-0.5209321499999997,0.7112169107,0.5531687083,-0.15804820240000006,38.42667752302381,13.977746275606396,-24.448931247417416,0.0,1.0,0.0,1.0,0.0,1.0,Script18_Regionalised_L2_Native,Script18_Regionalised_L2_Native,True,False,Alpha
POW_Band,175,0.9722222222222222,4.472085133,4.043776852,-0.4283082810000005,0.5531687083,0.7112169107,0.15804820240000006,25.92232347559846,20.531676668859575,-5.390646806738886,0.0,1.0,0.0,1.0,0.0,1.0,Script18_Regionalised_L2_Native,Script18_Regionalised_L2_Native,True,False,Alpha
POW_Band,176,0.9777777777777779,4.280998177000003,4.080274972,-0.20072320500000362,0.6321928095,0.5531687082999969,-0.07902410120000314,28.704539876897424,20.316236651097313,-8.388303225800112,0.0,1.0,0.0,1.0,0.0,1.0,Script18_Regionalised_L2_Native,Script18_Regionalised_L2_Native,True,False,Alpha
POW_Band,177,0.9833333333333334,4.463340008999993,4.08132107199999,-0.38201893700000333,0.6321928094999985,0.3951205059000063,-0.23707230359999215,37.66375139559569,28.16365690567433,-9.50009448992136,0.0,1.0,0.0,1.0,0.0,1.0,Script18_Regionalised_L2_Native,Script18_Regionalised_L2_Native,True,False,Alpha
POW_Band,178,0.9888888888888889,4.128755117,3.585275142,-0.5434799749999999,0.5531687083,0.7112169107,0.15804820240000006,23.647421677068095,19.47760710340269,-4.1698145736654055,0.0,1.0,0.0,1.0,0.0,1.0,Script18_Regionalised_L2_Native,Script18_Regionalised_L2_Native,True,False,Alpha
POW_Band,179,0.9944444444444445,4.244502121,3.732674169,-0.511827952,0.3951205059,0.5531687083,0.1580482024,33.50740861565606,16.360629789203614,-17.146778826452447,0.0,1.0,0.0,1.0,0.0,1.0,Script18_Regionalised_L2_Native,Script18_Regionalised_L2_Native,True,False,Alpha
POW_Band,180,1.0,4.92962712,3.64278211,-1.28684501,0.7112169107,0.5531687083,-0.15804820240000006,35.12716677605349,24.784688739061103,-10.34247803699239,0.0,1.0,0.0,1.0,0.0,1.0,Script18_Regionalised_L2_Native,Script18_Regionalised_L2_Native,True,False,Alpha
POW_Band,0,0.0,4.426666214,4.167503847,-0.25916236700000006,0.3130790125,0.3913487656,0.0782697531,2.041932811010036,3.6084741577905786,1.5665413467805425,0.0,1.0,0.0,1.0,0.0,1.0,Script18_Regionalised_L2_Native,Script18_Regionalised_L2_Native,True,False,BetaH
POW_Band,1,0.005555555555555556,4.268453958,2.975138922,-1.293315036,0.5531687083,0.7112169107,0.15804820240000006,14.28676292811834,4.9894685416443325,-9.297294386474007,0.0,1.0,0.0,1.0,0.0,1.0,Script18_Regionalised_L2_Native,Script18_Regionalised_L2_Native,True,False,BetaH
POW_Band,2,0.011111111111111112,4.045164967,3.57981652,-0.4653484469999998,0.4741446071,0.4741446071,0.0,3.1526608772301685,5.973053346792758,2.8203924695625897,0.0,1.0,0.0,1.0,0.0,1.0,Script18_Regionalised_L2_Native,Script18_Regionalised_L2_Native,True,False,BetaH
POW_Band,3,0.016666666666666666,4.448299152,3.150683354,-1.2976157979999998,0.3951205059,0.7902410119,0.395120506,15.187898281490778,14.778952057820405,-0.40894622367037314,0.0,1.0,0.0,1.0,0.0,1.0,Script18_Regionalised_L2_Native,Script18_Regionalised_L2_Native,True,False,BetaH
POW_Band,4,0.022222222222222223,3.873656346,4.000446836,0.12679048999999987,0.6321928095,0.6321928095,0.0,12.450344489997683,12.118671518352073,-0.3316729716456095,0.0,1.0,0.0,1.0,0.0,1.0,Script18_Regionalised_L2_Native,Script18_Regionalised_L2_Native,True,False,BetaH
POW_Band,5,0.02777777777777778,3.695128407,3.5409875809999996,-0.15414082600000034,0.6321928095000002,0.7112169107,0.07902410119999981,13.465221202175618,14.429111649654692,0.9638904474790735,0.0,1.0,0.0,1.0,0.0,1.0,Script18_Regionalised_L2_Native,Script18_Regionalised_L2_Native,True,False,BetaH
POW_Band,6,0.03333333333333333,3.92458177,2.803940278,-1.1206414920000003,1.027313315,0.7112169107,-0.31609640429999997,14.897682985621952,5.388584836362053,-9.509098149259898,0.0,1.0,0.0,1.0,0.0,1.0,Script18_Regionalised_L2_Native,Script18_Regionalised_L2_Native,True,False,BetaH
POW_Band,7,0.03888888888888889,4.247610247,2.657717469,-1.5898927779999998,0.6321928095,0.6321928095,0.0,11.47649930961039,4.722635341739483,-6.753863967870906,0.0,1.0,0.0,1.0,0.0,1.0,Script18_Regionalised_L2_Native,Script18_Regionalised_L2_Native,True,False,BetaH
POW_Band,8,0.044444444444444446,4.396562084,2.323607126,-2.072954958,0.4741446071,0.6321928095,0.1580482024,13.201001931317794,4.8429463189740245,-8.358055612343769,0.0,1.0,0.0,1.0,0.0,1.0,Script18_Regionalised_L2_Native,Script18_Regionalised_L2_Native,True,False,BetaH
POW_Band,9,0.05,4.42689531,1.929595655,-2.497299655,0.5531687083,0.2370723036,-0.3160964047,16.02770097119073,0.3452402312220454,-15.682460739968684,0.0,1.0,0.0,1.0,0.0,1.0,Script18_Regionalised_L2_Native,Script18_Regionalised_L2_Native,True,False,BetaH
POW_Band,10,0.05555555555555556,4.559829508999998,3.4446101439999994,-1.1152193649999989,0.5531687083000001,0.5531687083,-1.1102230246251565e-16,21.994465598858763,4.327160214090624,-17.66730538476814,0.0,1.0,0.0,1.0,0.0,1.0,Script18_Regionalised_L2_Native,Script18_Regionalised_L2_Native,True,False,BetaH
POW_Band,11,0.061111111111111116,3.1524575050000014,3.2535227260000004,0.10106522099999893,0.6321928094999999,0.5531687083000002,-0.0790241011999997,11.76872580133613,9.94279949861947,-1.8259263027166597,0.0,1.0,0.0,1.0,0.0,1.0,Script18_Regionalised_L2_Native,Script18_Regionalised_L2_Native,True,False,BetaH
POW_Band,12,0.06666666666666667,4.169702276,3.630509427,-0.539192849,0.5531687083,0.7112169107,0.15804820240000006,13.285179831692826,9.417352729583369,-3.867827102109457,0.0,1.0,0.0,1.0,0.0,1.0,Script18_Regionalised_L2_Native,Script18_Regionalised_L2_Native,True,False,BetaH
POW_Band,13,0.07222222222222223,4.0881398529999995,3.7133139499999994,-0.37482590300000007,0.5531687083000004,0.6321928095000002,0.07902410119999981,15.10086351261069,13.198044535043957,-1.9028189775667332,0.0,1.0,0.0,1.0,0.0,1.0,Script18_Regionalised_L2_Native,Script18_Regionalised_L2_Native,True,False,BetaH
POW_Band,14,0.07777777777777778,3.902166846,3.589185953,-0.3129808930000002,0.7112169107,0.7112169107,0.0,17.425044339044817,11.366210478107835,-6.058833860936982,0.0,1.0,0.0,1.0,0.0,1.0,Script18_Regionalised_L2_Native,Script18_Regionalised_L2_Native,True,False,BetaH
POW_Band,15,0.08333333333333334,3.9628512579999993,3.4016591000000007,-0.5611921579999986,0.7112169106999998,0.7112169107,2.220446049250313e-16,18.746851925637245,12.38321009414109,-6.363641831496155,0.0,1.0,0.0,1.0,0.0,1.0,Script18_Regionalised_L2_Native,Script18_Regionalised_L2_Native,True,False,BetaH
POW_Band,16,0.08888888888888889,3.659211082,3.718669417,0.05945833499999997,0.6321928095,0.7112169107,0.07902410120000003,18.326733642877187,18.902145706868122,0.5754120639909353,0.0,1.0,0.0,1.0,0.0,1.0,Script18_Regionalised_L2_Native,Script18_Regionalised_L2_Native,True,False,BetaH
POW_Band,17,0.09444444444444444,3.735066027,3.565937606,-0.16912842099999992,0.5531687083,0.6321928095,0.07902410120000003,12.903712182760625,17.904218414310932,5.0005062315503075,0.0,1.0,0.0,1.0,0.0,1.0,Script18_Regionalised_L2_Native,Script18_Regionalised_L2_Native,True,False,BetaH
POW_Band,18,0.1,3.726859256,2.370786802,-1.356072454,0.6321928095,0.869265113,0.23707230349999997,14.587284459738896,10.291073024087432,-4.296211435651465,0.0,1.0,0.0,1.0,0.0,1.0,Script18_Regionalised_L2_Native,Script18_Regionalised_L2_Native,True,False,BetaH
POW_Band,19,0.10555555555555556,4.263662903,3.914911221,-0.34875168200000006,0.4741446071,0.5531687083,0.07902410119999997,13.075441788469846,15.613843415022771,2.5384016265529254,0.0,1.0,0.0,1.0,0.0,1.0,Script18_Regionalised_L2_Native,Script18_Regionalised_L2_Native,True,False,BetaH
POW_Band,20,0.11111111111111112,3.982569390000001,3.522713482999999,-0.4598559070000019,0.5531687082999998,0.7112169106999996,0.15804820239999984,16.63164983842619,12.109990910348325,-4.521658928077864,0.0,1.0,0.0,1.0,0.0,1.0,Script18_Regionalised_L2_Native,Script18_Regionalised_L2_Native,True,False,BetaH
POW_Band,21,0.11666666666666667,4.315634427,3.234873929,-1.080760498,0.4741446071,0.5531687083,0.07902410119999997,32.96273819672905,14.449259992659567,-18.513478204069482,0.0,1.0,0.0,1.0,0.0,1.0,Script18_Regionalised_L2_Native,Script18_Regionalised_L2_Native,True,False,BetaH
POW_Band,22,0.12222222222222223,4.116771029,3.8885141050000005,-0.2282569239999992,0.5531687083,0.6321928095000002,0.07902410120000025,21.031422045397097,12.796834058483004,-8.234587986914093,0.0,1.0,0.0,1.0,0.0,1.0,Script18_Regionalised_L2_Native,Script18_Regionalised_L2_Native,True,False,BetaH
POW_Band,23,0.1277777777777778,4.1469713540000015,4.060481640999999,-0.08648971300000241,0.5531687082999995,0.7112169106999993,0.15804820239999973,17.1887039308281,18.383637043128733,1.1949331123006317,0.0,1.0,0.0,1.0,0.0,1.0,Script18_Regionalised_L2_Native,Script18_Regionalised_L2_Native,True,False,BetaH
POW_Band,24,0.13333333333333333,4.464911221,3.809229042,-0.6556821790000003,0.4741446071,0.5531687083,0.07902410119999997,25.91609104728608,18.348322611521418,-7.567768435764663,0.0,1.0,0.0,1.0,0.0,1.0,Script18_Regionalised_L2_Native,Script18_Regionalised_L2_Native,True,False,BetaH
POW_Band,25,0.1388888888888889,4.583494814,3.963374308,-0.6201205059999997,0.7112169107,0.5531687083,-0.15804820240000006,26.508612439841496,17.592726778767325,-8.91588566107417,0.0,1.0,0.0,1.0,0.0,1.0,Script18_Regionalised_L2_Native,Script18_Regionalised_L2_Native,True,False,BetaH
POW_Band,26,0.14444444444444446,4.332769545999995,3.5085291139999986,-0.8242404319999967,0.395120505900002,0.5531687083000012,0.15804820239999923,24.861268812819343,16.84502120368899,-8.016247609130353,0.0,1.0,0.0,1.0,0.0,1.0,Script18_Regionalised_L2_Native,Script18_Regionalised_L2_Native,True,False,BetaH
POW_Band,27,0.15,3.441193839,3.257515376,-0.18367846299999968,0.7902410119,0.7902410119,0.0,15.283014371896591,11.652510628441611,-3.6305037434549803,0.0,1.0,0.0,1.0,0.0,1.0,Script18_Regionalised_L2_Native,Script18_Regionalised_L2_Native,True,False,BetaH
POW_Band,28,0.15555555555555556,3.924906728,3.311671539,-0.6132351889999996,0.4741446071,0.7112169107,0.23707230360000003,12.40367616883346,14.977786822107225,2.574110653273765,0.0,1.0,0.0,1.0,0.0,1.0,Script18_Regionalised_L2_Native,Script18_Regionalised_L2_Native,True,False,BetaH
POW_Band,29,0.16111111111111112,4.13204634,3.848656346,-0.28338999399999976,0.6321928095,0.5531687083,-0.07902410120000003,14.930521593870074,18.41143013736606,3.480908543495987,0.0,1.0,0.0,1.0,0.0,1.0,Script18_Regionalised_L2_Native,Script18_Regionalised_L2_Native,True,False,BetaH
POW_Band,30,0.16666666666666669,4.1353546219999995,3.5474875080000006,-0.5878671139999989,0.5531687083000004,0.7902410118999984,0.23707230359999798,15.86907000041226,16.43925303180103,0.5701830313887708,0.0,1.0,0.0,1.0,0.0,1.0,Script18_Regionalised_L2_Native,Script18_Regionalised_L2_Native,True,False,BetaH
POW_Band,31,0.17222222222222222,4.038139853,3.638262592,-0.3998772609999999,0.6321928095,0.4741446071,-0.1580482024,16.038770559719104,12.635752953621068,-3.403017606098036,0.0,1.0,0.0,1.0,0.0,1.0,Script18_Regionalised_L2_Native,Script18_Regionalised_L2_Native,True,False,BetaH
POW_Band,32,0.17777777777777778,4.004426965,3.212946116,-0.7914808490000005,0.7112169107,0.7112169107,0.0,21.779693814745436,15.601491680897297,-6.1782021338481385,0.0,1.0,0.0,1.0,0.0,1.0,Script18_Regionalised_L2_Native,Script18_Regionalised_L2_Native,True,False,BetaH
POW_Band,33,0.18333333333333335,3.9210733330000016,3.857771608999997,-0.06330172400000444,0.7112169107,0.4741446071000004,-0.23707230359999965,14.544061335726873,12.645907371505189,-1.8981539642216845,0.0,1.0,0.0,1.0,0.0,1.0,Script18_Regionalised_L2_Native,Script18_Regionalised_L2_Native,True,False,BetaH
POW_Band,34,0.18888888888888888,4.241448135,3.341787368,-0.8996607669999999,0.7112169107,0.5531687083,-0.15804820240000006,18.92518827627771,10.5164078334033,-8.40878044287441,0.0,1.0,0.0,1.0,0.0,1.0,Script18_Regionalised_L2_Native,Script18_Regionalised_L2_Native,True,False,BetaH
POW_Band,35,0.19444444444444445,4.222610247,3.181352715,-1.0412575320000004,0.7112169107,0.7112169107,0.0,16.630623746828263,24.76317842066748,8.132554673839216,0.0,1.0,0.0,1.0,0.0,1.0,Script18_Regionalised_L2_Native,Script18_Regionalised_L2_Native,True,False,BetaH
POW_Band,36,0.2,4.543219503,3.373238075,-1.1699814280000003,0.5531687083,0.5531687083,0.0,25.83176021013991,15.205990398287568,-10.625769811852344,0.0,1.0,0.0,1.0,0.0,1.0,Script18_Regionalised_L2_Native,Script18_Regionalised_L2_Native,True,False,BetaH
POW_Band,37,0.20555555555555557,4.118267042,3.511381006000001,-0.6068860359999992,0.4741446071,0.8692651129999992,0.3951205058999992,14.444087380147652,14.120770843440447,-0.32331653670720506,0.0,1.0,0.0,1.0,0.0,1.0,Script18_Regionalised_L2_Native,Script18_Regionalised_L2_Native,True,False,BetaH
POW_Band,38,0.2111111111111111,4.187448884,3.726057606,-0.46139127800000024,0.4741446071,0.7112169107,0.23707230360000003,12.596597576878679,14.819668881097485,2.2230713042188057,0.0,1.0,0.0,1.0,0.0,1.0,Script18_Regionalised_L2_Native,Script18_Regionalised_L2_Native,True,False,BetaH
POW_Band,39,0.21666666666666667,4.10532633,3.563376372,-0.5419499579999996,0.5531687083,0.6321928095,0.07902410120000003,18.467166006321058,9.501410117788199,-8.96575588853286,0.0,1.0,0.0,1.0,0.0,1.0,Script18_Regionalised_L2_Native,Script18_Regionalised_L2_Native,True,False,BetaH
POW_Band,40,0.22222222222222224,3.7459658980000032,3.726678095999999,-0.019287802000004017,0.7902410118999987,0.6321928094999996,-0.15804820239999917,33.163235049801834,11.696376013088466,-21.466859036713366,0.0,1.0,0.0,1.0,0.0,1.0,Script18_Regionalised_L2_Native,Script18_Regionalised_L2_Native,True,False,BetaH
POW_Band,41,0.22777777777777777,4.396562084,3.573852462,-0.8227096220000001,0.5531687083,0.5531687083,0.0,14.931060628738047,17.10023057939715,2.169169950659102,0.0,1.0,0.0,1.0,0.0,1.0,Script18_Regionalised_L2_Native,Script18_Regionalised_L2_Native,True,False,BetaH
POW_Band,42,0.23333333333333334,3.751058325,3.095074774,-0.6559835509999998,0.7112169107,0.6321928095,-0.07902410120000003,20.543010513492064,8.766955156832806,-11.776055356659258,0.0,1.0,0.0,1.0,0.0,1.0,Script18_Regionalised_L2_Native,Script18_Regionalised_L2_Native,True,False,BetaH
POW_Band,43,0.2388888888888889,4.094667977,3.828865079,-0.26580289800000045,0.3951205059,0.869265113,0.4741446071,17.508700279055866,17.236828576948184,-0.2718717021076813,0.0,1.0,0.0,1.0,0.0,1.0,Script18_Regionalised_L2_Native,Script18_Regionalised_L2_Native,True,False,BetaH
POW_Band,44,0.24444444444444446,4.138374308000001,3.693542396999999,-0.4448319110000023,0.4741446071,0.7112169106999996,0.2370723035999996,15.030993630522975,14.64795845266337,-0.38303517785960395,0.0,1.0,0.0,1.0,0.0,1.0,Script18_Regionalised_L2_Native,Script18_Regionalised_L2_Native,True,False,BetaH
POW_Band,45,0.25,4.404950014,3.525446836,-0.8795031779999998,0.4741446071,0.6321928095,0.1580482024,12.736156887360345,16.49245991807673,3.756303030716385,0.0,1.0,0.0,1.0,0.0,1.0,Script18_Regionalised_L2_Native,Script18_Regionalised_L2_Native,True,False,BetaH
POW_Band,46,0.2555555555555556,4.3395883269999995,3.692132504000001,-0.6474558229999987,0.7902410118999992,0.5531687082999984,-0.23707230360000076,19.19310761402299,12.635348481679662,-6.557759132343326,0.0,1.0,0.0,1.0,0.0,1.0,Script18_Regionalised_L2_Native,Script18_Regionalised_L2_Native,True,False,BetaH
POW_Band,47,0.2611111111111111,4.282246496,3.784777432,-0.4974690640000001,0.7112169107,0.3951205059,-0.31609640480000006,16.215668157045037,14.634807969745587,-1.58086018729945,0.0,1.0,0.0,1.0,0.0,1.0,Script18_Regionalised_L2_Native,Script18_Regionalised_L2_Native,True,False,BetaH
POW_Band,48,0.26666666666666666,3.299310755,3.75125848,0.45194772500000013,0.869265113,0.6321928095,-0.23707230349999997,21.71798554797063,14.265025515884481,-7.45296003208615,0.0,1.0,0.0,1.0,0.0,1.0,Script18_Regionalised_L2_Native,Script18_Regionalised_L2_Native,True,False,BetaH
POW_Band,49,0.27222222222222225,4.396239189000001,3.2466678460000016,-1.1495713429999994,0.4741446071000024,0.7902410119,0.31609640479999757,16.062919589010626,12.824115966662646,-3.23880362234798,0.0,1.0,0.0,1.0,0.0,1.0,Script18_Regionalised_L2_Native,Script18_Regionalised_L2_Native,True,False,BetaH
POW_Band,50,0.2777777777777778,4.459306459,3.418901655,-1.0404048039999996,0.7112169107,0.7902410119,0.07902410119999992,21.8378546681685,13.48366404087889,-8.35419062728961,0.0,1.0,0.0,1.0,0.0,1.0,Script18_Regionalised_L2_Native,Script18_Regionalised_L2_Native,True,False,BetaH
POW_Band,51,0.2833333333333333,4.493776852,3.549074024,-0.944702828,0.4741446071,0.869265113,0.3951205059,21.380549724131797,15.923896877959764,-5.456652846172032,0.0,1.0,0.0,1.0,0.0,1.0,Script18_Regionalised_L2_Native,Script18_Regionalised_L2_Native,True,False,BetaH
POW_Band,52,0.2888888888888889,4.295440784999999,3.8674962980000003,-0.4279444869999991,0.7112169106999977,0.4741446071000024,-0.23707230359999532,12.159628118038269,18.64305504824555,6.483426930207282,0.0,1.0,0.0,1.0,0.0,1.0,Script18_Regionalised_L2_Native,Script18_Regionalised_L2_Native,True,False,BetaH
POW_Band,53,0.29444444444444445,4.214508847,3.896039034,-0.3184698130000001,0.4741446071,0.7112169107,0.23707230360000003,11.616468087190906,14.85650752421178,3.240039437020874,0.0,1.0,0.0,1.0,0.0,1.0,Script18_Regionalised_L2_Native,Script18_Regionalised_L2_Native,True,False,BetaH
POW_Band,54,0.3,3.774181459,3.586213806,-0.18796765299999985,0.5531687083,0.7112169107,0.15804820240000006,9.965199401698644,17.185738932751157,7.220539531052513,0.0,1.0,0.0,1.0,0.0,1.0,Script18_Regionalised_L2_Native,Script18_Regionalised_L2_Native,True,False,BetaH
POW_Band,55,0.3055555555555556,4.035354622,3.546596383,-0.48875823900000004,0.7112169107,0.6321928095,-0.07902410120000003,17.856320961013893,13.98148025132296,-3.8748407096909325,0.0,1.0,0.0,1.0,0.0,1.0,Script18_Regionalised_L2_Native,Script18_Regionalised_L2_Native,True,False,BetaH
POW_Band,56,0.3111111111111111,3.722085133,3.810475297,0.08839016399999977,0.7902410119,0.7112169107,-0.07902410119999992,12.198966718354033,20.56646467620409,8.367497957850059,0.0,1.0,0.0,1.0,0.0,1.0,Script18_Regionalised_L2_Native,Script18_Regionalised_L2_Native,True,False,BetaH
POW_Band,57,0.31666666666666665,3.800952827,3.314958761,-0.48599406599999995,0.7112169107,0.6321928095,-0.07902410120000003,16.69049645929887,12.4707497366664,-4.21974672263247,0.0,1.0,0.0,1.0,0.0,1.0,Script18_Regionalised_L2_Native,Script18_Regionalised_L2_Native,True,False,BetaH
POW_Band,58,0.32222222222222224,3.815120336,3.589543147,-0.225577189,0.6321928095,0.7112169107,0.07902410120000003,13.417800996417881,11.924709046182684,-1.493091950235197,0.0,1.0,0.0,1.0,0.0,1.0,Script18_Regionalised_L2_Native,Script18_Regionalised_L2_Native,True,False,BetaH
POW_Band,59,0.3277777777777778,4.274870365,3.068498378,-1.2063719869999998,0.7112169107,0.6321928095,-0.07902410120000003,16.470816219342385,11.274758233096101,-5.196057986246284,0.0,1.0,0.0,1.0,0.0,1.0,Script18_Regionalised_L2_Native,Script18_Regionalised_L2_Native,True,False,BetaH
POW_Band,60,0.33333333333333337,3.5121280530000107,3.755126173999997,0.24299812099998608,0.7112169107,0.47414460710000156,-0.23707230359999848,14.442145571496903,11.042827577405657,-3.3993179940912466,0.0,1.0,0.0,1.0,0.0,1.0,Script18_Regionalised_L2_Native,Script18_Regionalised_L2_Native,True,False,BetaH
POW_Band,61,0.3388888888888889,4.592205639,3.427793133,-1.1644125060000001,0.7112169107,0.6321928095,-0.07902410120000003,33.492237665248766,13.217424552024855,-20.27481311322391,0.0,1.0,0.0,1.0,0.0,1.0,Script18_Regionalised_L2_Native,Script18_Regionalised_L2_Native,True,False,BetaH
POW_Band,62,0.34444444444444444,4.30809244,3.630091875,-0.678000565,0.7112169107,0.7902410119,0.07902410119999992,27.925008307407023,17.769679173896215,-10.155329133510808,0.0,1.0,0.0,1.0,0.0,1.0,Script18_Regionalised_L2_Native,Script18_Regionalised_L2_Native,True,False,BetaH
POW_Band,63,0.35000000000000003,3.791010742000006,3.8862348649999983,0.09522412299999239,0.6321928095,0.5531687083,-0.07902410120000003,13.441524700190916,15.780656205225034,2.3391315050341177,0.0,1.0,0.0,1.0,0.0,1.0,Script18_Regionalised_L2_Native,Script18_Regionalised_L2_Native,True,False,BetaH
POW_Band,64,0.35555555555555557,4.384506614,3.70708064,-0.6774259740000002,0.6321928095,0.5531687083,-0.07902410120000003,26.414208894881934,13.707265516243963,-12.706943378637972,0.0,1.0,0.0,1.0,0.0,1.0,Script18_Regionalised_L2_Native,Script18_Regionalised_L2_Native,True,False,BetaH
POW_Band,65,0.3611111111111111,3.880668346,3.027235445,-0.8534329010000001,0.6321928095,0.7902410119,0.15804820239999995,25.59064819942627,19.721700099961467,-5.868948099464802,0.0,1.0,0.0,1.0,0.0,1.0,Script18_Regionalised_L2_Native,Script18_Regionalised_L2_Native,True,False,BetaH
POW_Band,66,0.3666666666666667,3.6731332960000036,3.8067577460000006,0.133624449999997,0.7902410118999984,0.7112169107,-0.07902410119999836,32.27137856230747,11.11323629089531,-21.15814227141216,0.0,1.0,0.0,1.0,0.0,1.0,Script18_Regionalised_L2_Native,Script18_Regionalised_L2_Native,True,False,BetaH
POW_Band,67,0.37222222222222223,4.037052854,3.854872598,-0.18218025599999965,0.6321928095,0.7112169107,0.07902410120000003,18.275739107294864,13.445249652925089,-4.830489454369776,0.0,1.0,0.0,1.0,0.0,1.0,Script18_Regionalised_L2_Native,Script18_Regionalised_L2_Native,True,False,BetaH
POW_Band,68,0.37777777777777777,4.696762239,3.997087197,-0.699675042,0.6321928095,0.5531687083,-0.07902410120000003,28.35362134867036,22.73233406507743,-5.6212872835929275,0.0,1.0,0.0,1.0,0.0,1.0,Script18_Regionalised_L2_Native,Script18_Regionalised_L2_Native,True,False,BetaH
POW_Band,69,0.38333333333333336,4.45858119,3.304187973,-1.1543932170000004,0.5531687083,0.7902410119,0.23707230359999998,25.28763998109014,21.85049292551527,-3.437147055574872,0.0,1.0,0.0,1.0,0.0,1.0,Script18_Regionalised_L2_Native,Script18_Regionalised_L2_Native,True,False,BetaH
POW_Band,70,0.3888888888888889,4.173010557,3.796575324,-0.3764352329999996,0.5531687083,0.5531687083,0.0,23.5548223557996,18.45459566235384,-5.100226693445762,0.0,1.0,0.0,1.0,0.0,1.0,Script18_Regionalised_L2_Native,Script18_Regionalised_L2_Native,True,False,BetaH
POW_Band,71,0.3944444444444445,4.580475127999993,3.8680536469999978,-0.7124214809999949,0.4741446071,0.39512050590000075,-0.07902410119999925,26.152683548442617,20.820090416126806,-5.332593132315811,0.0,1.0,0.0,1.0,0.0,1.0,Script18_Regionalised_L2_Native,Script18_Regionalised_L2_Native,True,False,BetaH
POW_Band,72,0.4,3.849470054,3.64520633,-0.20426372400000004,0.4741446071,0.4741446071,0.0,23.22950025577466,12.10606159211876,-11.1234386636559,0.0,1.0,0.0,1.0,0.0,1.0,Script18_Regionalised_L2_Native,Script18_Regionalised_L2_Native,True,False,BetaH
POW_Band,73,0.40555555555555556,4.16163724,3.622537111,-0.5391001289999999,0.5531687083,0.7112169107,0.15804820240000006,11.774063556949578,10.88892078496119,-0.885142771988388,0.0,1.0,0.0,1.0,0.0,1.0,Script18_Regionalised_L2_Native,Script18_Regionalised_L2_Native,True,False,BetaH
POW_Band,74,0.41111111111111115,4.110066026999999,3.348025861000004,-0.7620401659999954,0.6321928095000008,0.7112169107000008,0.07902410120000003,13.925459269429632,15.511101209299975,1.5856419398703423,0.0,1.0,0.0,1.0,0.0,1.0,Script18_Regionalised_L2_Native,Script18_Regionalised_L2_Native,True,False,BetaH
POW_Band,75,0.4166666666666667,4.02071614,3.769082307,-0.2516338330000001,0.7112169107,0.7902410119,0.07902410119999992,13.38714477007823,14.359029220944453,0.9718844508662237,0.0,1.0,0.0,1.0,0.0,1.0,Script18_Regionalised_L2_Native,Script18_Regionalised_L2_Native,True,False,BetaH
POW_Band,76,0.4222222222222222,4.205186533,3.454112311,-0.7510742220000002,0.3951205059,0.7902410119,0.395120506,17.26818151861337,20.154766670842026,2.8865851522286547,0.0,1.0,0.0,1.0,0.0,1.0,Script18_Regionalised_L2_Native,Script18_Regionalised_L2_Native,True,False,BetaH
POW_Band,77,0.4277777777777778,4.280998177000003,3.503462704000002,-0.7775354730000013,0.47414460710000317,0.7112169107000016,0.23707230359999842,20.65440805474576,19.3550098236365,-1.299398231109258,0.0,1.0,0.0,1.0,0.0,1.0,Script18_Regionalised_L2_Native,Script18_Regionalised_L2_Native,True,False,BetaH
POW_Band,78,0.43333333333333335,4.627890051,3.727508862,-0.9003811889999995,0.7902410119,0.869265113,0.07902410110000002,29.80782554589924,16.99188531764643,-12.81594022825281,0.0,1.0,0.0,1.0,0.0,1.0,Script18_Regionalised_L2_Native,Script18_Regionalised_L2_Native,True,False,BetaH
POW_Band,79,0.4388888888888889,4.097321652,3.750193259,-0.34712839299999976,0.7112169107,0.6321928095,-0.07902410120000003,13.633032764661753,19.375678377913047,5.742645613251295,0.0,1.0,0.0,1.0,0.0,1.0,Script18_Regionalised_L2_Native,Script18_Regionalised_L2_Native,True,False,BetaH
POW_Band,80,0.4444444444444445,4.167930908000002,3.843778916000002,-0.32415199200000044,0.6321928094999992,0.5531687082999992,-0.07902410120000003,20.09117363339951,19.53212109498059,-0.5590525384189213,0.0,1.0,0.0,1.0,0.0,1.0,Script18_Regionalised_L2_Native,Script18_Regionalised_L2_Native,True,False,BetaH
POW_Band,81,0.45,4.454950014,4.039762424,-0.4151875899999995,0.5531687083,0.4741446071,-0.07902410119999997,23.897392188628828,17.385286209166104,-6.512105979462724,0.0,1.0,0.0,1.0,0.0,1.0,Script18_Regionalised_L2_Native,Script18_Regionalised_L2_Native,True,False,BetaH
POW_Band,82,0.45555555555555555,4.260266182,3.162915659,-1.0973505229999998,0.6321928095,0.4741446071,-0.1580482024,27.67006147155466,12.434300915831376,-15.235760555723285,0.0,1.0,0.0,1.0,0.0,1.0,Script18_Regionalised_L2_Native,Script18_Regionalised_L2_Native,True,False,BetaH
POW_Band,83,0.46111111111111114,4.327978491,3.872610247,-0.45536824399999976,0.6321928095,0.6321928095,0.0,24.529506570117526,19.489346991609132,-5.040159578508394,0.0,1.0,0.0,1.0,0.0,1.0,Script18_Regionalised_L2_Native,Script18_Regionalised_L2_Native,True,False,BetaH
POW_Band,84,0.4666666666666667,3.945959554,4.101441578,0.15548202400000033,0.7112169107,0.5531687083,-0.15804820240000006,28.02146876944297,13.336715964427295,-14.684752805015673,0.0,1.0,0.0,1.0,0.0,1.0,Script18_Regionalised_L2_Native,Script18_Regionalised_L2_Native,True,False,BetaH
POW_Band,85,0.47222222222222227,4.1700251699999935,3.060100452000008,-1.1099247179999856,0.6321928095000008,0.6321928095000008,0.0,16.71300369794865,15.269063606752647,-1.4439400911960032,0.0,1.0,0.0,1.0,0.0,1.0,Script18_Regionalised_L2_Native,Script18_Regionalised_L2_Native,True,False,BetaH
POW_Band,86,0.4777777777777778,3.592132504,3.85301279,0.26088028600000035,0.7112169107,0.7112169107,0.0,20.14960287209429,19.041697203419034,-1.107905668675258,0.0,1.0,0.0,1.0,0.0,1.0,Script18_Regionalised_L2_Native,Script18_Regionalised_L2_Native,True,False,BetaH
POW_Band,87,0.48333333333333334,4.682246496,3.721230188,-0.9610163080000005,0.5531687083,0.7112169107,0.15804820240000006,31.066685481205774,19.434925690409173,-11.6317597907966,0.0,1.0,0.0,1.0,0.0,1.0,Script18_Regionalised_L2_Native,Script18_Regionalised_L2_Native,True,False,BetaH
POW_Band,88,0.48888888888888893,4.661077826999997,3.661168329999998,-0.9999094969999991,0.47414460710000156,0.5531687083,0.07902410119999842,23.18744792524012,10.3423592468026,-12.845088678437522,0.0,1.0,0.0,1.0,0.0,1.0,Script18_Regionalised_L2_Native,Script18_Regionalised_L2_Native,True,False,BetaH
POW_Band,89,0.49444444444444446,4.424347315,3.429654482,-0.9946928330000002,0.6321928095,0.5531687083,-0.07902410120000003,23.80699126686666,10.45467229295474,-13.35231897391192,0.0,1.0,0.0,1.0,0.0,1.0,Script18_Regionalised_L2_Native,Script18_Regionalised_L2_Native,True,False,BetaH
POW_Band,90,0.5,4.377689896,3.431748745,-0.9459411509999995,0.5531687083,0.6321928095,0.07902410120000003,11.465435937114595,7.971095851806609,-3.494340085307986,0.0,1.0,0.0,1.0,0.0,1.0,Script18_Regionalised_L2_Native,Script18_Regionalised_L2_Native,True,False,BetaH
POW_Band,91,0.5055555555555555,4.352890051,4.206521227,-0.1463688240000005,0.4741446071,0.5531687083,0.07902410119999997,25.882659368128394,14.780561137180811,-11.102098230947583,0.0,1.0,0.0,1.0,0.0,1.0,Script18_Regionalised_L2_Native,Script18_Regionalised_L2_Native,True,False,BetaH
POW_Band,92,0.5111111111111112,4.2993473150000066,3.8708902359999975,-0.42845707900000907,0.6321928094999985,0.7112169106999969,0.07902410119999848,15.853057569080098,18.202445891617234,2.349388322537136,0.0,1.0,0.0,1.0,0.0,1.0,Script18_Regionalised_L2_Native,Script18_Regionalised_L2_Native,True,False,BetaH
POW_Band,93,0.5166666666666667,4.60413837,3.738767682,-0.865370688,0.5531687083,0.5531687083,0.0,23.20474423011387,16.513590774811576,-6.691153455302295,0.0,1.0,0.0,1.0,0.0,1.0,Script18_Regionalised_L2_Native,Script18_Regionalised_L2_Native,True,False,BetaH
POW_Band,94,0.5222222222222223,4.671762239,3.947138554,-0.7246236850000005,0.6321928095,0.6321928095,0.0,37.60447127239963,20.576695216734727,-17.0277760556649,0.0,1.0,0.0,1.0,0.0,1.0,Script18_Regionalised_L2_Native,Script18_Regionalised_L2_Native,True,False,BetaH
POW_Band,95,0.5277777777777778,3.973133296,3.530289769,-0.44284352699999996,0.5531687083,0.7112169107,0.15804820240000006,17.816189378489725,15.209968261414003,-2.6062211170757212,0.0,1.0,0.0,1.0,0.0,1.0,Script18_Regionalised_L2_Native,Script18_Regionalised_L2_Native,True,False,BetaH
POW_Band,96,0.5333333333333333,4.171239189,3.657588974,-0.5136502149999997,0.7112169107,0.7902410119,0.07902410119999992,29.501820350868808,21.909556307549053,-7.592264043319755,0.0,1.0,0.0,1.0,0.0,1.0,Script18_Regionalised_L2_Native,Script18_Regionalised_L2_Native,True,False,BetaH
POW_Band,97,0.5388888888888889,3.462248729,3.659775494,0.19752676499999966,0.6321928095,0.7902410119,0.15804820239999995,25.44709428700161,17.83635507638654,-7.610739210615073,0.0,1.0,0.0,1.0,0.0,1.0,Script18_Regionalised_L2_Native,Script18_Regionalised_L2_Native,True,False,BetaH
POW_Band,98,0.5444444444444445,3.797486494999998,3.366934624000008,-0.4305518709999898,0.6321928094999952,0.6321928095000016,6.328271240363392e-15,18.672676159725807,23.361833608923845,4.689157449198039,0.0,1.0,0.0,1.0,0.0,1.0,Script18_Regionalised_L2_Native,Script18_Regionalised_L2_Native,True,False,BetaH
POW_Band,99,0.55,3.713139853,3.76331395,0.050174097000000195,0.3951205059,0.7112169107,0.31609640480000006,16.797758613249577,13.845489022716293,-2.952269590533284,0.0,1.0,0.0,1.0,0.0,1.0,Script18_Regionalised_L2_Native,Script18_Regionalised_L2_Native,True,False,BetaH
POW_Band,100,0.5555555555555556,4.098421891,3.692743993,-0.405677898,0.4741446071,0.5531687083,0.07902410119999997,26.966947385310597,20.641800231432665,-6.325147153877932,0.0,1.0,0.0,1.0,0.0,1.0,Script18_Regionalised_L2_Native,Script18_Regionalised_L2_Native,True,False,BetaH
POW_Band,101,0.5611111111111111,4.251843952,4.045313765,-0.20653018699999937,0.4741446071,0.5531687083,0.07902410119999997,18.253356691059423,16.043216418121794,-2.210140272937629,0.0,1.0,0.0,1.0,0.0,1.0,Script18_Regionalised_L2_Native,Script18_Regionalised_L2_Native,True,False,BetaH
POW_Band,102,0.5666666666666667,3.818795974,3.914543147,0.09574717299999991,0.6321928095,0.7112169107,0.07902410120000003,12.487002287804398,16.27560138822541,3.7885991004210133,0.0,1.0,0.0,1.0,0.0,1.0,Script18_Regionalised_L2_Native,Script18_Regionalised_L2_Native,True,False,BetaH
POW_Band,103,0.5722222222222223,4.63587767099999,3.8983334519999993,-0.7375442189999903,0.7112169106999985,0.5531687083000015,-0.15804820239999695,13.562936585536495,14.495302331859968,0.9323657463234731,0.0,1.0,0.0,1.0,0.0,1.0,Script18_Regionalised_L2_Native,Script18_Regionalised_L2_Native,True,False,BetaH
POW_Band,104,0.5777777777777778,4.086602939999998,3.8618373949999945,-0.22476554500000345,0.6321928095000016,0.6321928095,-1.5543122344752192e-15,21.4767387189061,16.462398876064693,-5.014339842841405,0.0,1.0,0.0,1.0,0.0,1.0,Script18_Regionalised_L2_Native,Script18_Regionalised_L2_Native,True,False,BetaH
POW_Band,105,0.5833333333333334,4.006000241,3.589292795,-0.41670744599999976,0.7112169107,0.6321928095,-0.07902410120000003,19.981755535296863,20.957324920582053,0.9755693852851905,0.0,1.0,0.0,1.0,0.0,1.0,Script18_Regionalised_L2_Native,Script18_Regionalised_L2_Native,True,False,BetaH
POW_Band,106,0.5888888888888889,4.177655597,4.132280795,-0.045374802000000436,0.6321928095,0.5531687083,-0.07902410120000003,23.19997605622224,12.07389808113013,-11.12607797509211,0.0,1.0,0.0,1.0,0.0,1.0,Script18_Regionalised_L2_Native,Script18_Regionalised_L2_Native,True,False,BetaH
POW_Band,107,0.5944444444444444,4.182769546,3.957483014,-0.22528653200000015,0.4741446071,0.4741446071,0.0,13.763031651625553,10.861539667735201,-2.9014919838903523,0.0,1.0,0.0,1.0,0.0,1.0,Script18_Regionalised_L2_Native,Script18_Regionalised_L2_Native,True,False,BetaH
POW_Band,108,0.6,3.367635838,3.582911406,0.21527556800000003,0.7112169107,0.7112169107,0.0,17.926379344075812,17.64537368989438,-0.2810056541814312,0.0,1.0,0.0,1.0,0.0,1.0,Script18_Regionalised_L2_Native,Script18_Regionalised_L2_Native,True,False,BetaH
POW_Band,109,0.6055555555555556,3.6537894170000054,3.354463328000003,-0.29932608900000224,0.7112169106999953,0.7902410119000031,0.0790241012000078,27.057715740984726,26.514708527697127,-0.5430072132875985,0.0,1.0,0.0,1.0,0.0,1.0,Script18_Regionalised_L2_Native,Script18_Regionalised_L2_Native,True,False,BetaH
POW_Band,110,0.6111111111111112,3.910877671,3.499166281,-0.41171139000000023,0.4741446071,0.9482892142,0.4741446071,10.771452075362955,22.138424024515473,11.366971949152518,0.0,1.0,0.0,1.0,0.0,1.0,Script18_Regionalised_L2_Native,Script18_Regionalised_L2_Native,True,False,BetaH
POW_Band,111,0.6166666666666667,4.587816959,3.923824265,-0.6639926940000005,0.6321928095,0.4741446071,-0.1580482024,24.12077453144631,21.332606962671377,-2.7881675687749308,0.0,1.0,0.0,1.0,0.0,1.0,Script18_Regionalised_L2_Native,Script18_Regionalised_L2_Native,True,False,BetaH
POW_Band,112,0.6222222222222222,4.452890051,3.280107053,-1.1727829979999997,0.4741446071,0.869265113,0.3951205059,20.512186914236974,15.91238718789203,-4.599799726344944,0.0,1.0,0.0,1.0,0.0,1.0,Script18_Regionalised_L2_Native,Script18_Regionalised_L2_Native,True,False,BetaH
POW_Band,113,0.6277777777777778,4.670513921,3.731757746,-0.9387561750000004,0.7112169107,0.5531687083,-0.15804820240000006,30.738157636842484,10.859943604530446,-19.878214032312037,0.0,1.0,0.0,1.0,0.0,1.0,Script18_Regionalised_L2_Native,Script18_Regionalised_L2_Native,True,False,BetaH
POW_Band,114,0.6333333333333333,4.180709583,3.993342242,-0.1873673409999994,0.7112169107,0.6321928095,-0.07902410120000003,28.552267019095652,15.871057511052054,-12.681209508043597,0.0,1.0,0.0,1.0,0.0,1.0,Script18_Regionalised_L2_Native,Script18_Regionalised_L2_Native,True,False,BetaH
POW_Band,115,0.638888888888889,4.609829508999995,3.7547519230000157,-0.8550775859999797,0.6321928095000016,0.6321928094999952,-6.328271240363392e-15,36.31442991593502,15.75268612607417,-20.561743789860852,0.0,1.0,0.0,1.0,0.0,1.0,Script18_Regionalised_L2_Native,Script18_Regionalised_L2_Native,True,False,BetaH
POW_Band,116,0.6444444444444445,4.373622047,4.521762239,0.1481401920000005,0.7112169107,0.3951205059,-0.31609640480000006,23.675092506493996,21.451809565371242,-2.223282941122754,0.0,1.0,0.0,1.0,0.0,1.0,Script18_Regionalised_L2_Native,Script18_Regionalised_L2_Native,True,False,BetaH
POW_Band,117,0.65,4.266280215,3.80089675,-0.46538346499999994,0.6321928095,0.7902410119,0.15804820239999995,27.507433167348992,20.721670287088955,-6.785762880260037,0.0,1.0,0.0,1.0,0.0,1.0,Script18_Regionalised_L2_Native,Script18_Regionalised_L2_Native,True,False,BetaH
POW_Band,118,0.6555555555555556,4.431957901,4.273858565,-0.15809933599999937,0.5531687083,0.5531687083,0.0,16.093675778352676,11.358920933292172,-4.734754845060504,0.0,1.0,0.0,1.0,0.0,1.0,Script18_Regionalised_L2_Native,Script18_Regionalised_L2_Native,True,False,BetaH
POW_Band,119,0.6611111111111111,4.183460515,3.96959056,-0.21386995500000028,0.5531687083,0.7112169107,0.15804820240000006,33.26693175359162,13.02160500176219,-20.24532675182943,0.0,1.0,0.0,1.0,0.0,1.0,Script18_Regionalised_L2_Native,Script18_Regionalised_L2_Native,True,False,BetaH
POW_Band,120,0.6666666666666667,3.774415914000008,4.170313764999994,0.3958978509999862,0.8692651129999952,0.7902410118999984,-0.0790241010999968,21.044618433843432,17.320316210525267,-3.7243022233181655,0.0,1.0,0.0,1.0,0.0,1.0,Script18_Regionalised_L2_Native,Script18_Regionalised_L2_Native,True,False,BetaH
POW_Band,121,0.6722222222222223,4.164388172,3.868576697,-0.2958114749999998,0.6321928095,0.7112169107,0.07902410120000003,27.867276135118843,17.762751037849924,-10.104525097268919,0.0,1.0,0.0,1.0,0.0,1.0,Script18_Regionalised_L2_Native,Script18_Regionalised_L2_Native,True,False,BetaH
POW_Band,122,0.6777777777777778,3.889185953,3.499648431,-0.38953752200000036,0.7112169107,0.6321928095,-0.07902410120000003,32.815516811536995,23.47723892362643,-9.338277887910564,0.0,1.0,0.0,1.0,0.0,1.0,Script18_Regionalised_L2_Native,Script18_Regionalised_L2_Native,True,False,BetaH
POW_Band,123,0.6833333333333333,4.498098997,3.453376328,-1.0447226689999995,0.4741446071,0.9482892142,0.4741446071,22.677179723866328,18.418405363205324,-4.258774360661004,0.0,1.0,0.0,1.0,0.0,1.0,Script18_Regionalised_L2_Native,Script18_Regionalised_L2_Native,True,False,BetaH
POW_Band,124,0.6888888888888889,3.596415349,3.340851949,-0.2555633999999998,0.7112169107,0.7112169107,0.0,21.1039348502741,18.055842797514266,-3.0480920527598343,0.0,1.0,0.0,1.0,0.0,1.0,Script18_Regionalised_L2_Native,Script18_Regionalised_L2_Native,True,False,BetaH
POW_Band,125,0.6944444444444444,4.283494814,3.588985797,-0.6945090170000001,0.6321928095,0.4741446071,-0.1580482024,19.167543272368764,14.061746589003565,-5.105796683365199,0.0,1.0,0.0,1.0,0.0,1.0,Script18_Regionalised_L2_Native,Script18_Regionalised_L2_Native,True,False,BetaH
POW_Band,126,0.7000000000000001,4.215434271000005,4.138051413999999,-0.07738285700000613,0.4741446071,0.7112169106999937,0.2370723035999937,27.919939155178685,16.137708230266938,-11.782230924911747,0.0,1.0,0.0,1.0,0.0,1.0,Script18_Regionalised_L2_Native,Script18_Regionalised_L2_Native,True,False,BetaH
POW_Band,127,0.7055555555555556,4.454461264,4.039999661,-0.41446160299999946,0.4741446071,0.3951205059,-0.07902410120000003,17.409131790351488,13.711020605106997,-3.698111185244491,0.0,1.0,0.0,1.0,0.0,1.0,Script18_Regionalised_L2_Native,Script18_Regionalised_L2_Native,True,False,BetaH
POW_Band,128,0.7111111111111111,4.233023122,4.175629933,-0.0573931889999999,0.5531687083,0.7112169107,0.15804820240000006,18.62666554065259,18.74018382654522,0.11351828589263135,0.0,1.0,0.0,1.0,0.0,1.0,Script18_Regionalised_L2_Native,Script18_Regionalised_L2_Native,True,False,BetaH
POW_Band,129,0.7166666666666667,4.228903915,3.954784159,-0.27411975600000016,0.7112169107,0.7902410119,0.07902410119999992,34.93010069235572,19.853365318109173,-15.07673537424655,0.0,1.0,0.0,1.0,0.0,1.0,Script18_Regionalised_L2_Native,Script18_Regionalised_L2_Native,True,False,BetaH
POW_Band,130,0.7222222222222222,4.060031727,3.817904849,-0.2421268780000001,0.5531687083,0.6321928095,0.07902410120000003,31.70763017177388,18.01284601905487,-13.69478415271901,0.0,1.0,0.0,1.0,0.0,1.0,Script18_Regionalised_L2_Native,Script18_Regionalised_L2_Native,True,False,BetaH
POW_Band,131,0.7277777777777779,4.255072752999993,3.7151456760000148,-0.5399270769999784,0.7112169107000031,0.9482892141999937,0.23707230349999053,14.374419005091335,21.374197349423937,6.9997783443326025,0.0,1.0,0.0,1.0,0.0,1.0,Script18_Regionalised_L2_Native,Script18_Regionalised_L2_Native,True,False,BetaH
POW_Band,132,0.7333333333333334,3.8907592290000057,4.457535090999993,0.5667758619999876,0.8692651129999969,0.6321928094999985,-0.23707230349999842,8.58342849564465,27.11711501581967,18.53368652017502,0.0,1.0,0.0,1.0,0.0,1.0,Script18_Regionalised_L2_Native,Script18_Regionalised_L2_Native,True,False,BetaH
POW_Band,133,0.7388888888888889,4.183494814,4.133494814,-0.05000000000000071,0.7112169107,0.5531687083,-0.15804820240000006,14.047180834370849,12.377947889678417,-1.6692329446924319,0.0,1.0,0.0,1.0,0.0,1.0,Script18_Regionalised_L2_Native,Script18_Regionalised_L2_Native,True,False,BetaH
POW_Band,134,0.7444444444444445,4.350193259,3.924997385,-0.4251958739999999,0.5531687083,0.5531687083,0.0,24.71838913266504,16.931834448664418,-7.78655468400062,0.0,1.0,0.0,1.0,0.0,1.0,Script18_Regionalised_L2_Native,Script18_Regionalised_L2_Native,True,False,BetaH
POW_Band,135,0.75,4.106198333,3.14353786,-0.9626604730000001,0.3951205059,0.869265113,0.4741446071,23.627362271952883,13.96619053291637,-9.661171739036513,0.0,1.0,0.0,1.0,0.0,1.0,Script18_Regionalised_L2_Native,Script18_Regionalised_L2_Native,True,False,BetaH
POW_Band,136,0.7555555555555555,4.469467821,3.971562084,-0.4979057370000004,0.6321928095,0.7902410119,0.15804820239999995,22.45048446701221,17.410604809647968,-5.039879657364242,0.0,1.0,0.0,1.0,0.0,1.0,Script18_Regionalised_L2_Native,Script18_Regionalised_L2_Native,True,False,BetaH
POW_Band,137,0.7611111111111112,4.186293286000003,4.16619383899999,-0.020099447000013093,0.6321928095,0.7902410119,0.15804820239999995,21.267252975448955,35.97276132155165,14.705508346102697,0.0,1.0,0.0,1.0,0.0,1.0,Script18_Regionalised_L2_Native,Script18_Regionalised_L2_Native,True,False,BetaH
POW_Band,138,0.7666666666666667,4.385266182,3.664386108,-0.7208800739999996,0.6321928095,0.7902410119,0.15804820239999995,21.32439632784382,27.312126108544433,5.987729780700612,0.0,1.0,0.0,1.0,0.0,1.0,Script18_Regionalised_L2_Native,Script18_Regionalised_L2_Native,True,False,BetaH
POW_Band,139,0.7722222222222223,3.873221736,4.268776852,0.39555511600000015,0.5531687083,0.7112169107,0.15804820240000006,14.462319992603987,25.337858889034187,10.8755388964302,0.0,1.0,0.0,1.0,0.0,1.0,Script18_Regionalised_L2_Native,Script18_Regionalised_L2_Native,True,False,BetaH
POW_Band,140,0.7777777777777778,4.375395478,3.591768768,-0.7836267099999996,0.7112169107,0.7112169107,0.0,14.487141446574478,25.352976235464638,10.86583478889016,0.0,1.0,0.0,1.0,0.0,1.0,Script18_Regionalised_L2_Native,Script18_Regionalised_L2_Native,True,False,BetaH
POW_Band,141,0.7833333333333333,4.135677516,4.421562084,0.2858845679999993,0.7112169107,0.6321928095,-0.07902410120000003,20.10712650022734,27.224706126322438,7.117579626095097,0.0,1.0,0.0,1.0,0.0,1.0,Script18_Regionalised_L2_Native,Script18_Regionalised_L2_Native,True,False,BetaH
POW_Band,142,0.788888888888889,4.1694678209999925,3.5449648120000083,-0.6245030089999841,0.5531687083000031,0.6321928095000016,0.07902410119999848,20.76728777625911,26.622998137804288,5.855710361545178,0.0,1.0,0.0,1.0,0.0,1.0,Script18_Regionalised_L2_Native,Script18_Regionalised_L2_Native,True,False,BetaH
POW_Band,143,0.7944444444444445,3.827689896000003,3.9709315990000045,0.1432417030000015,0.7112169107,0.7112169107,0.0,16.51327301684044,26.993585011307587,10.480311994467147,0.0,1.0,0.0,1.0,0.0,1.0,Script18_Regionalised_L2_Native,Script18_Regionalised_L2_Native,True,False,BetaH
POW_Band,144,0.8,3.993847331,4.195750439,0.20190310800000022,0.7112169107,0.7112169107,0.0,15.896762029801708,28.78760997445331,12.890847944651602,0.0,1.0,0.0,1.0,0.0,1.0,Script18_Regionalised_L2_Native,Script18_Regionalised_L2_Native,True,False,BetaH
POW_Band,145,0.8055555555555556,4.0719041,3.760966111,-0.31093798900000014,0.6321928095,0.7902410119,0.15804820239999995,36.06148875205068,20.466836605243774,-15.594652146806904,0.0,1.0,0.0,1.0,0.0,1.0,Script18_Regionalised_L2_Native,Script18_Regionalised_L2_Native,True,False,BetaH
POW_Band,146,0.8111111111111111,4.513897358,4.073656346,-0.44024101200000043,0.6321928095,0.5531687083,-0.07902410120000003,29.889847651255273,13.366117587133372,-16.5237300641219,0.0,1.0,0.0,1.0,0.0,1.0,Script18_Regionalised_L2_Native,Script18_Regionalised_L2_Native,True,False,BetaH
POW_Band,147,0.8166666666666667,4.230709583,3.771564147,-0.45914543600000046,0.6321928095,0.6321928095,0.0,22.391006543785764,12.037232936293897,-10.353773607491867,0.0,1.0,0.0,1.0,0.0,1.0,Script18_Regionalised_L2_Native,Script18_Regionalised_L2_Native,True,False,BetaH
POW_Band,148,0.8222222222222223,4.374581769999988,3.7774554410000043,-0.597126328999984,0.6321928095000048,0.7902410118999952,0.1580482023999904,23.809061705755354,27.019127866517653,3.210066160762299,0.0,1.0,0.0,1.0,0.0,1.0,Script18_Regionalised_L2_Native,Script18_Regionalised_L2_Native,True,False,BetaH
POW_Band,149,0.8277777777777778,3.81152980400002,3.9911938389999935,0.1796640349999734,0.8692651129999921,0.5531687083000048,-0.31609640469998734,22.247866138917,29.721325538376067,7.473459399459067,0.0,1.0,0.0,1.0,0.0,1.0,Script18_Regionalised_L2_Native,Script18_Regionalised_L2_Native,True,False,BetaH
POW_Band,150,0.8333333333333334,4.815957321,3.648133296,-1.1678240249999998,0.4741446071,0.7902410119,0.31609640479999995,31.756162795700938,20.566487150406083,-11.189675645294855,0.0,1.0,0.0,1.0,0.0,1.0,Script18_Regionalised_L2_Native,Script18_Regionalised_L2_Native,True,False,BetaH
POW_Band,151,0.8388888888888889,4.244267666,3.81331395,-0.4309537159999999,0.7112169107,0.7902410119,0.07902410119999992,33.54879532739474,21.8901731457349,-11.658622181659844,0.0,1.0,0.0,1.0,0.0,1.0,Script18_Regionalised_L2_Native,Script18_Regionalised_L2_Native,True,False,BetaH
POW_Band,152,0.8444444444444444,4.202890051,4.127053067,-0.0758369839999995,0.5531687083,0.6321928095,0.07902410120000003,25.126717894533478,18.952898101185173,-6.173819793348304,0.0,1.0,0.0,1.0,0.0,1.0,Script18_Regionalised_L2_Native,Script18_Regionalised_L2_Native,True,False,BetaH
POW_Band,153,0.85,4.133703929,3.834394179,-0.2993097500000004,0.5531687083,0.6321928095,0.07902410120000003,24.750528207407193,20.58817107607279,-4.162357131334403,0.0,1.0,0.0,1.0,0.0,1.0,Script18_Regionalised_L2_Native,Script18_Regionalised_L2_Native,True,False,BetaH
POW_Band,154,0.8555555555555556,4.4116029400000025,4.402367001999987,-0.009235938000015764,0.3951205059000047,0.6321928095000031,0.23707230359999842,22.28831018544375,24.76818992012158,2.47987973467783,0.0,1.0,0.0,1.0,0.0,1.0,Script18_Regionalised_L2_Native,Script18_Regionalised_L2_Native,True,False,BetaH
POW_Band,155,0.8611111111111112,4.544990871,3.715253237,-0.8297376340000002,0.6321928095,0.7902410119,0.15804820239999995,29.611118568953444,17.972505037166435,-11.638613531787009,0.0,1.0,0.0,1.0,0.0,1.0,Script18_Regionalised_L2_Native,Script18_Regionalised_L2_Native,True,False,BetaH
POW_Band,156,0.8666666666666667,3.403158932,3.83273731,0.429578378,0.7902410119,0.869265113,0.07902410110000002,31.769930736098992,16.98090548052579,-14.7890252555732,0.0,1.0,0.0,1.0,0.0,1.0,Script18_Regionalised_L2_Native,Script18_Regionalised_L2_Native,True,False,BetaH
POW_Band,157,0.8722222222222222,4.642205639,3.318288102,-1.3239175370000003,0.5531687083,0.7112169107,0.15804820240000006,29.700753996579074,11.883451180850297,-17.817302815728777,0.0,1.0,0.0,1.0,0.0,1.0,Script18_Regionalised_L2_Native,Script18_Regionalised_L2_Native,True,False,BetaH
POW_Band,158,0.8777777777777778,4.52002517,4.247576863,-0.27244830700000033,0.5531687083,0.5478882719,-0.005280436399999977,25.185894372779565,19.23003773870909,-5.955856634070475,0.0,1.0,0.0,1.0,0.0,1.0,Script18_Regionalised_L2_Native,Script18_Regionalised_L2_Native,True,False,BetaH
POW_Band,159,0.8833333333333334,3.815354791000012,4.144790715999999,0.3294359249999874,0.7902410118999951,0.7112169107000016,-0.07902410119999348,21.796275768971604,19.44419544920589,-2.352080319765715,0.0,1.0,0.0,1.0,0.0,1.0,Script18_Regionalised_L2_Native,Script18_Regionalised_L2_Native,True,False,BetaH
POW_Band,160,0.888888888888889,4.411011461000006,4.097011997999995,-0.3139994630000116,0.5478882719000017,0.7902410118999984,0.24235273999999674,23.457099672630093,19.622420938207224,-3.8346787344228694,0.0,1.0,0.0,1.0,0.0,1.0,Script18_Regionalised_L2_Native,Script18_Regionalised_L2_Native,True,False,BetaH
POW_Band,161,0.8944444444444445,4.734829509,3.817110263,-0.9177192459999999,0.6321928095,0.7112169107,0.07902410120000003,39.268185192903466,15.229138877147182,-24.039046315756284,0.0,1.0,0.0,1.0,0.0,1.0,Script18_Regionalised_L2_Native,Script18_Regionalised_L2_Native,True,False,BetaH
POW_Band,162,0.9,4.545513921,4.189635867,-0.3558780540000006,0.7112169107,0.5531687083,-0.15804820240000006,25.303627934393166,23.86096477246403,-1.4426631619291364,0.0,1.0,0.0,1.0,0.0,1.0,Script18_Regionalised_L2_Native,Script18_Regionalised_L2_Native,True,False,BetaH
POW_Band,163,0.9055555555555556,4.038897358,4.396327629,0.35743027100000013,0.7112169107,0.5531687083,-0.15804820240000006,33.362104125673696,19.366468269963374,-13.995635855710322,0.0,1.0,0.0,1.0,0.0,1.0,Script18_Regionalised_L2_Native,Script18_Regionalised_L2_Native,True,False,BetaH
POW_Band,164,0.9111111111111111,4.968942708,4.246273489,-0.7226692190000001,0.4741446071,0.6321928095,0.1580482024,37.52539475513327,16.744903559134805,-20.780491195998465,0.0,1.0,0.0,1.0,0.0,1.0,Script18_Regionalised_L2_Native,Script18_Regionalised_L2_Native,True,False,BetaH
POW_Band,165,0.9166666666666667,4.309594335000006,4.005925042000002,-0.303669293000004,0.3951205059000063,0.8692651129999905,0.47414460709998424,13.573106874223452,19.75558755721205,6.182480682988597,0.0,1.0,0.0,1.0,0.0,1.0,Script18_Regionalised_L2_Native,Script18_Regionalised_L2_Native,True,False,BetaH
POW_Band,166,0.9222222222222223,4.626641733,4.08660294,-0.5400387929999999,0.7112169107,0.3951205059,-0.31609640480000006,38.10515272924919,17.49628855316174,-20.60886417608745,0.0,1.0,0.0,1.0,0.0,1.0,Script18_Regionalised_L2_Native,Script18_Regionalised_L2_Native,True,False,BetaH
POW_Band,167,0.9277777777777778,4.492294079,3.994502121,-0.49779195799999965,0.7902410119,0.5531687083,-0.23707230359999998,46.5014378969902,23.722231204489887,-22.77920669250031,0.0,1.0,0.0,1.0,0.0,1.0,Script18_Regionalised_L2_Native,Script18_Regionalised_L2_Native,True,False,BetaH
POW_Band,168,0.9333333333333333,4.071884978,4.688662903,0.6167779250000001,0.869265113,0.7112169107,-0.15804820229999994,48.188918040140635,28.64007234424902,-19.548845695891615,0.0,1.0,0.0,1.0,0.0,1.0,Script18_Regionalised_L2_Native,Script18_Regionalised_L2_Native,True,False,BetaH
POW_Band,169,0.9388888888888889,4.508494814,4.154620183,-0.35387463100000005,0.3951205059,0.6321928095,0.23707230360000003,34.83803022641166,26.101118336198148,-8.736911890213513,0.0,1.0,0.0,1.0,0.0,1.0,Script18_Regionalised_L2_Native,Script18_Regionalised_L2_Native,True,False,BetaH
POW_Band,170,0.9444444444444445,4.255003435000001,4.476641732999985,0.22163829799998425,0.6321928095,0.7112169107,0.07902410120000003,37.17660193761211,24.538314208956702,-12.63828772865541,0.0,1.0,0.0,1.0,0.0,1.0,Script18_Regionalised_L2_Native,Script18_Regionalised_L2_Native,True,False,BetaH
POW_Band,171,0.9500000000000001,4.316682589999997,3.7218849780000047,-0.5947976119999927,0.6321928095,0.7112169107000016,0.07902410120000158,34.10673985955666,18.227410614651873,-15.879329244904788,0.0,1.0,0.0,1.0,0.0,1.0,Script18_Regionalised_L2_Native,Script18_Regionalised_L2_Native,True,False,BetaH
POW_Band,172,0.9555555555555556,4.177541098,3.975918528,-0.20162257000000006,0.6321928095,0.7902410119,0.15804820239999995,25.871422827135646,26.043529684357186,0.1721068572215394,0.0,1.0,0.0,1.0,0.0,1.0,Script18_Regionalised_L2_Native,Script18_Regionalised_L2_Native,True,False,BetaH
POW_Band,173,0.9611111111111111,4.548010557,4.228212946,-0.31979761099999937,0.5531687083,0.7112169107,0.15804820240000006,33.17478244735695,22.780370481143112,-10.394411966213834,0.0,1.0,0.0,1.0,0.0,1.0,Script18_Regionalised_L2_Native,Script18_Regionalised_L2_Native,True,False,BetaH
POW_Band,174,0.9666666666666667,4.182535091,3.948421891,-0.2341131999999999,0.7112169107,0.5531687083,-0.15804820240000006,38.42667752302381,13.977746275606396,-24.448931247417416,0.0,1.0,0.0,1.0,0.0,1.0,Script18_Regionalised_L2_Native,Script18_Regionalised_L2_Native,True,False,BetaH
POW_Band,175,0.9722222222222222,4.601118683,4.334106303,-0.2670123799999997,0.5531687083,0.7902410119,0.23707230359999998,25.92232347559846,20.531676668859575,-5.390646806738886,0.0,1.0,0.0,1.0,0.0,1.0,Script18_Regionalised_L2_Native,Script18_Regionalised_L2_Native,True,False,BetaH
POW_Band,176,0.9777777777777779,4.540145675999999,3.857246495999994,-0.682899180000005,0.6321928094999985,0.4741446071,-0.15804820239999845,28.704539876897424,20.316236651097313,-8.388303225800112,0.0,1.0,0.0,1.0,0.0,1.0,Script18_Regionalised_L2_Native,Script18_Regionalised_L2_Native,True,False,BetaH
POW_Band,177,0.9833333333333334,4.509306458999989,3.545315829000005,-0.9639906299999836,0.5531687083000048,0.47414460710000633,-0.07902410119999842,37.66375139559569,28.16365690567433,-9.50009448992136,0.0,1.0,0.0,1.0,0.0,1.0,Script18_Regionalised_L2_Native,Script18_Regionalised_L2_Native,True,False,BetaH
POW_Band,178,0.9888888888888889,3.923226016,3.786131248,-0.1370947680000003,0.7902410119,0.7902410119,0.0,23.647421677068095,19.47760710340269,-4.1698145736654055,0.0,1.0,0.0,1.0,0.0,1.0,Script18_Regionalised_L2_Native,Script18_Regionalised_L2_Native,True,False,BetaH
POW_Band,179,0.9944444444444445,4.838863058,3.176168287,-1.6626947710000004,0.7902410119,0.7902410119,0.0,33.50740861565606,16.360629789203614,-17.146778826452447,0.0,1.0,0.0,1.0,0.0,1.0,Script18_Regionalised_L2_Native,Script18_Regionalised_L2_Native,True,False,BetaH
POW_Band,180,1.0,4.565957321,3.790810587,-0.7751467339999998,0.6321928095,0.7902410119,0.15804820239999995,35.12716677605349,24.784688739061103,-10.34247803699239,0.0,1.0,0.0,1.0,0.0,1.0,Script18_Regionalised_L2_Native,Script18_Regionalised_L2_Native,True,False,BetaH
POW_Band,0,0.0,2.647976475,3.232335415,0.58435894,0.3130790125,0.3913487656,0.0782697531,2.041932811010036,3.6084741577905786,1.5665413467805425,0.0,1.0,0.0,1.0,0.0,1.0,Script18_Regionalised_L2_Native,Script18_Regionalised_L2_Native,True,False,BetaL
POW_Band,1,0.005555555555555556,3.42423488,1.888537601,-1.5356972790000003,0.5531687083,0.7112169107,0.15804820240000006,14.28676292811834,4.9894685416443325,-9.297294386474007,0.0,1.0,0.0,1.0,0.0,1.0,Script18_Regionalised_L2_Native,Script18_Regionalised_L2_Native,True,False,BetaL
POW_Band,2,0.011111111111111112,2.918122246,2.374084443,-0.5440378029999997,0.2370723036,0.4741446071,0.2370723035,3.1526608772301685,5.973053346792758,2.8203924695625897,0.0,1.0,0.0,1.0,0.0,1.0,Script18_Regionalised_L2_Native,Script18_Regionalised_L2_Native,True,False,BetaL
POW_Band,3,0.016666666666666666,3.844790716,2.915849886,-0.9289408299999997,0.3951205059,0.7112169107,0.31609640480000006,15.187898281490778,14.778952057820405,-0.40894622367037314,0.0,1.0,0.0,1.0,0.0,1.0,Script18_Regionalised_L2_Native,Script18_Regionalised_L2_Native,True,False,BetaL
POW_Band,4,0.022222222222222223,4.095313765,3.18952617,-0.9057875950000001,0.7112169107,0.7112169107,0.0,12.450344489997683,12.118671518352073,-0.3316729716456095,0.0,1.0,0.0,1.0,0.0,1.0,Script18_Regionalised_L2_Native,Script18_Regionalised_L2_Native,True,False,BetaL
POW_Band,5,0.02777777777777778,3.735877671,3.1889967769999994,-0.5468808940000005,0.5531687083000001,0.5531687083,-1.1102230246251565e-16,13.465221202175618,14.429111649654692,0.9638904474790735,0.0,1.0,0.0,1.0,0.0,1.0,Script18_Regionalised_L2_Native,Script18_Regionalised_L2_Native,True,False,BetaL
POW_Band,6,0.03333333333333333,3.41107989,2.1492453,-1.2618345899999999,0.7902410119,0.5531687083,-0.23707230359999998,14.897682985621952,5.388584836362053,-9.509098149259898,0.0,1.0,0.0,1.0,0.0,1.0,Script18_Regionalised_L2_Native,Script18_Regionalised_L2_Native,True,False,BetaL
POW_Band,7,0.03888888888888889,3.148475312,2.357562453,-0.7909128590000001,0.7902410119,0.5531687083,-0.23707230359999998,11.47649930961039,4.722635341739483,-6.753863967870906,0.0,1.0,0.0,1.0,0.0,1.0,Script18_Regionalised_L2_Native,Script18_Regionalised_L2_Native,True,False,BetaL
POW_Band,8,0.044444444444444446,3.673314456,2.210552098,-1.462762358,0.4741446071,0.6321928095,0.1580482024,13.201001931317794,4.8429463189740245,-8.358055612343769,0.0,1.0,0.0,1.0,0.0,1.0,Script18_Regionalised_L2_Native,Script18_Regionalised_L2_Native,True,False,BetaL
POW_Band,9,0.05,3.167853492,1.09225595,-2.0755975419999997,0.6321928095,0.4741446071,-0.1580482024,16.02770097119073,0.3452402312220454,-15.682460739968684,0.0,1.0,0.0,1.0,0.0,1.0,Script18_Regionalised_L2_Native,Script18_Regionalised_L2_Native,True,False,BetaL
POW_Band,10,0.05555555555555556,4.162649039999999,2.6486378940000006,-1.5140111459999983,0.7112169107,0.39512050590000036,-0.3160964047999997,21.994465598858763,4.327160214090624,-17.66730538476814,0.0,1.0,0.0,1.0,0.0,1.0,Script18_Regionalised_L2_Native,Script18_Regionalised_L2_Native,True,False,BetaL
POW_Band,11,0.061111111111111116,3.5070976980000004,3.0664263559999996,-0.4406713420000008,0.7112169106999997,0.7112169106999999,2.220446049250313e-16,11.76872580133613,9.94279949861947,-1.8259263027166597,0.0,1.0,0.0,1.0,0.0,1.0,Script18_Regionalised_L2_Native,Script18_Regionalised_L2_Native,True,False,BetaL
POW_Band,12,0.06666666666666667,3.967730753,2.796024354,-1.171706399,0.4741446071,0.6321928095,0.1580482024,13.285179831692826,9.417352729583369,-3.867827102109457,0.0,1.0,0.0,1.0,0.0,1.0,Script18_Regionalised_L2_Native,Script18_Regionalised_L2_Native,True,False,BetaL
POW_Band,13,0.07222222222222223,3.5189427080000013,3.44401337,-0.07492933800000134,0.4741446071000002,0.7112169107000005,0.23707230360000026,15.10086351261069,13.198044535043957,-1.9028189775667332,0.0,1.0,0.0,1.0,0.0,1.0,Script18_Regionalised_L2_Native,Script18_Regionalised_L2_Native,True,False,BetaL
POW_Band,14,0.07777777777777778,4.115468571,3.371704407,-0.7437641639999999,0.5531687083,0.869265113,0.3160964047,17.425044339044817,11.366210478107835,-6.058833860936982,0.0,1.0,0.0,1.0,0.0,1.0,Script18_Regionalised_L2_Native,Script18_Regionalised_L2_Native,True,False,BetaL
POW_Band,15,0.08333333333333334,3.8927821099999993,3.2422077029999974,-0.6505744070000019,0.3951205059000002,0.4741446071000006,0.07902410120000042,18.746851925637245,12.38321009414109,-6.363641831496155,0.0,1.0,0.0,1.0,0.0,1.0,Script18_Regionalised_L2_Native,Script18_Regionalised_L2_Native,True,False,BetaL
POW_Band,16,0.08888888888888889,3.527305925,2.227369024,-1.2999369009999997,0.4741446071,0.7112169107,0.23707230360000003,18.326733642877187,18.902145706868122,0.5754120639909353,0.0,1.0,0.0,1.0,0.0,1.0,Script18_Regionalised_L2_Native,Script18_Regionalised_L2_Native,True,False,BetaL
POW_Band,17,0.09444444444444444,4.020567342,2.668820111,-1.3517472309999996,0.5531687083,0.6321928095,0.07902410120000003,12.903712182760625,17.904218414310932,5.0005062315503075,0.0,1.0,0.0,1.0,0.0,1.0,Script18_Regionalised_L2_Native,Script18_Regionalised_L2_Native,True,False,BetaL
POW_Band,18,0.1,4.194842073,2.622012012,-1.5728300610000003,0.6321928095,0.4741446071,-0.1580482024,14.587284459738896,10.291073024087432,-4.296211435651465,0.0,1.0,0.0,1.0,0.0,1.0,Script18_Regionalised_L2_Native,Script18_Regionalised_L2_Native,True,False,BetaL
POW_Band,19,0.10555555555555556,3.913662903,3.076456881,-0.8372060220000002,0.6321928095,0.3160964047,-0.3160964048,13.075441788469846,15.613843415022771,2.5384016265529254,0.0,1.0,0.0,1.0,0.0,1.0,Script18_Regionalised_L2_Native,Script18_Regionalised_L2_Native,True,False,BetaL
POW_Band,20,0.11111111111111112,3.2046544820000014,2.7378643010000006,-0.4667901810000008,0.5531687083,0.7112169107,0.15804820240000006,16.63164983842619,12.109990910348325,-4.521658928077864,0.0,1.0,0.0,1.0,0.0,1.0,Script18_Regionalised_L2_Native,Script18_Regionalised_L2_Native,True,False,BetaL
POW_Band,21,0.11666666666666667,3.711402785,2.852288866,-0.8591139190000003,0.5531687083,0.7112169107,0.15804820240000006,32.96273819672905,14.449259992659567,-18.513478204069482,0.0,1.0,0.0,1.0,0.0,1.0,Script18_Regionalised_L2_Native,Script18_Regionalised_L2_Native,True,False,BetaL
POW_Band,22,0.12222222222222223,3.7862932859999985,3.0926358380000005,-0.693657447999998,0.6321928094999996,0.6321928094999998,2.220446049250313e-16,21.031422045397097,12.796834058483004,-8.234587986914093,0.0,1.0,0.0,1.0,0.0,1.0,Script18_Regionalised_L2_Native,Script18_Regionalised_L2_Native,True,False,BetaL
POW_Band,23,0.1277777777777778,3.318736078000002,3.310281485999999,-0.008454592000002759,0.4741446071000008,0.5531687083000008,0.07902410119999997,17.1887039308281,18.383637043128733,1.1949331123006317,0.0,1.0,0.0,1.0,0.0,1.0,Script18_Regionalised_L2_Native,Script18_Regionalised_L2_Native,True,False,BetaL
POW_Band,24,0.13333333333333333,3.645278747,3.08822551,-0.5570532369999999,0.6321928095,0.7112169107,0.07902410120000003,25.91609104728608,18.348322611521418,-7.567768435764663,0.0,1.0,0.0,1.0,0.0,1.0,Script18_Regionalised_L2_Native,Script18_Regionalised_L2_Native,True,False,BetaL
POW_Band,25,0.1388888888888889,3.912991056,3.594188186,-0.3188028700000003,0.6321928095,0.3951205059,-0.23707230360000003,26.508612439841496,17.592726778767325,-8.91588566107417,0.0,1.0,0.0,1.0,0.0,1.0,Script18_Regionalised_L2_Native,Script18_Regionalised_L2_Native,True,False,BetaL
POW_Band,26,0.14444444444444446,3.856084553,2.9571066579999976,-0.8989778950000025,0.7902410118999992,0.7902410118999995,3.3306690738754696e-16,24.861268812819343,16.84502120368899,-8.016247609130353,0.0,1.0,0.0,1.0,0.0,1.0,Script18_Regionalised_L2_Native,Script18_Regionalised_L2_Native,True,False,BetaL
POW_Band,27,0.15,3.883761631,2.483539234,-1.4002223969999998,0.6321928095,0.7112169107,0.07902410120000003,15.283014371896591,11.652510628441611,-3.6305037434549803,0.0,1.0,0.0,1.0,0.0,1.0,Script18_Regionalised_L2_Native,Script18_Regionalised_L2_Native,True,False,BetaL
POW_Band,28,0.15555555555555556,3.990687848,2.946038021,-1.0446498269999998,0.5531687083,0.869265113,0.3160964047,12.40367616883346,14.977786822107225,2.574110653273765,0.0,1.0,0.0,1.0,0.0,1.0,Script18_Regionalised_L2_Native,Script18_Regionalised_L2_Native,True,False,BetaL
POW_Band,29,0.16111111111111112,3.689147117,3.2912998,-0.3978473170000001,0.6321928095,0.7902410119,0.15804820239999995,14.930521593870074,18.41143013736606,3.480908543495987,0.0,1.0,0.0,1.0,0.0,1.0,Script18_Regionalised_L2_Native,Script18_Regionalised_L2_Native,True,False,BetaL
POW_Band,30,0.16666666666666669,3.695234284999999,3.290488214,-0.40474607099999904,0.6321928094999992,0.7112169106999993,0.07902410120000003,15.86907000041226,16.43925303180103,0.5701830313887708,0.0,1.0,0.0,1.0,0.0,1.0,Script18_Regionalised_L2_Native,Script18_Regionalised_L2_Native,True,False,BetaL
POW_Band,31,0.17222222222222222,3.43309244,3.280690587,-0.15240185299999975,0.4741446071,0.5531687083,0.07902410119999997,16.038770559719104,12.635752953621068,-3.403017606098036,0.0,1.0,0.0,1.0,0.0,1.0,Script18_Regionalised_L2_Native,Script18_Regionalised_L2_Native,True,False,BetaL
POW_Band,32,0.17777777777777778,4.146762239,3.30713478,-0.8396274589999999,0.5531687083,0.7902410119,0.23707230359999998,21.779693814745436,15.601491680897297,-6.1782021338481385,0.0,1.0,0.0,1.0,0.0,1.0,Script18_Regionalised_L2_Native,Script18_Regionalised_L2_Native,True,False,BetaL
POW_Band,33,0.18333333333333335,3.789588326999999,2.4642055370000007,-1.3253827899999981,0.7112169107,0.7112169106999993,-7.771561172376096e-16,14.544061335726873,12.645907371505189,-1.8981539642216845,0.0,1.0,0.0,1.0,0.0,1.0,Script18_Regionalised_L2_Native,Script18_Regionalised_L2_Native,True,False,BetaL
POW_Band,34,0.18888888888888888,3.493066887,2.614796723,-0.8782701639999999,0.7112169107,0.5531687083,-0.15804820240000006,18.92518827627771,10.5164078334033,-8.40878044287441,0.0,1.0,0.0,1.0,0.0,1.0,Script18_Regionalised_L2_Native,Script18_Regionalised_L2_Native,True,False,BetaL
POW_Band,35,0.19444444444444445,2.996282448,3.170440785,0.17415833699999972,0.5531687083,0.6321928095,0.07902410120000003,16.630623746828263,24.76317842066748,8.132554673839216,0.0,1.0,0.0,1.0,0.0,1.0,Script18_Regionalised_L2_Native,Script18_Regionalised_L2_Native,True,False,BetaL
POW_Band,36,0.2,3.373383055,2.811923573,-0.5614594820000001,0.5531687083,0.7112169107,0.15804820240000006,25.83176021013991,15.205990398287568,-10.625769811852344,0.0,1.0,0.0,1.0,0.0,1.0,Script18_Regionalised_L2_Native,Script18_Regionalised_L2_Native,True,False,BetaL
POW_Band,37,0.20555555555555557,3.7181400229999997,2.8833031399999998,-0.8348368829999999,0.6321928095000008,0.8692651129999992,0.23707230349999842,14.444087380147652,14.120770843440447,-0.32331653670720506,0.0,1.0,0.0,1.0,0.0,1.0,Script18_Regionalised_L2_Native,Script18_Regionalised_L2_Native,True,False,BetaL
POW_Band,38,0.2111111111111111,3.672663668,2.791587213,-0.8810764550000001,0.7902410119,0.7112169107,-0.07902410119999992,12.596597576878679,14.819668881097485,2.2230713042188057,0.0,1.0,0.0,1.0,0.0,1.0,Script18_Regionalised_L2_Native,Script18_Regionalised_L2_Native,True,False,BetaL
POW_Band,39,0.21666666666666667,4.151641733,3.616716889,-0.5349248439999998,0.7112169107,0.5531687083,-0.15804820240000006,18.467166006321058,9.501410117788199,-8.96575588853286,0.0,1.0,0.0,1.0,0.0,1.0,Script18_Regionalised_L2_Native,Script18_Regionalised_L2_Native,True,False,BetaL
POW_Band,40,0.22222222222222224,4.194502120999998,2.542382262000004,-1.6521198589999946,0.7112169107,0.7902410118999984,0.07902410119999836,33.163235049801834,11.696376013088466,-21.466859036713366,0.0,1.0,0.0,1.0,0.0,1.0,Script18_Regionalised_L2_Native,Script18_Regionalised_L2_Native,True,False,BetaL
POW_Band,41,0.22777777777777777,3.815870945,3.303955273,-0.5119156719999998,0.7112169107,0.4741446071,-0.23707230360000003,14.931060628738047,17.10023057939715,2.169169950659102,0.0,1.0,0.0,1.0,0.0,1.0,Script18_Regionalised_L2_Native,Script18_Regionalised_L2_Native,True,False,BetaL
POW_Band,42,0.23333333333333334,3.654986377,2.921575126,-0.7334112510000002,0.5531687083,0.7902410119,0.23707230359999998,20.543010513492064,8.766955156832806,-11.776055356659258,0.0,1.0,0.0,1.0,0.0,1.0,Script18_Regionalised_L2_Native,Script18_Regionalised_L2_Native,True,False,BetaL
POW_Band,43,0.2388888888888889,3.88256939,3.827255286,-0.05531410399999981,0.7902410119,0.4741446071,-0.31609640479999995,17.508700279055866,17.236828576948184,-0.2718717021076813,0.0,1.0,0.0,1.0,0.0,1.0,Script18_Regionalised_L2_Native,Script18_Regionalised_L2_Native,True,False,BetaL
POW_Band,44,0.24444444444444446,3.698785429,3.331051597999997,-0.3677338310000029,0.5531687083,0.5531687083000008,7.771561172376096e-16,15.030993630522975,14.64795845266337,-0.38303517785960395,0.0,1.0,0.0,1.0,0.0,1.0,Script18_Regionalised_L2_Native,Script18_Regionalised_L2_Native,True,False,BetaL
POW_Band,45,0.25,3.666333636,2.684693912,-0.9816397239999999,0.5531687083,0.7112169107,0.15804820240000006,12.736156887360345,16.49245991807673,3.756303030716385,0.0,1.0,0.0,1.0,0.0,1.0,Script18_Regionalised_L2_Native,Script18_Regionalised_L2_Native,True,False,BetaL
POW_Band,46,0.2555555555555556,4.217730752999998,3.029706741999997,-1.1880240110000009,0.5531687083000023,0.4741446071000024,-0.07902410119999992,19.19310761402299,12.635348481679662,-6.557759132343326,0.0,1.0,0.0,1.0,0.0,1.0,Script18_Regionalised_L2_Native,Script18_Regionalised_L2_Native,True,False,BetaL
POW_Band,47,0.2611111111111111,4.007132716,2.702504538,-1.3046281780000002,0.7902410119,0.7112169107,-0.07902410119999992,16.215668157045037,14.634807969745587,-1.58086018729945,0.0,1.0,0.0,1.0,0.0,1.0,Script18_Regionalised_L2_Native,Script18_Regionalised_L2_Native,True,False,BetaL
POW_Band,48,0.26666666666666666,3.59003396,3.358094503,-0.23193945700000018,0.7112169107,0.6321928095,-0.07902410120000003,21.71798554797063,14.265025515884481,-7.45296003208615,0.0,1.0,0.0,1.0,0.0,1.0,Script18_Regionalised_L2_Native,Script18_Regionalised_L2_Native,True,False,BetaL
POW_Band,49,0.27222222222222225,3.701928067000004,2.7281637259999973,-0.9737643410000065,0.7112169107000008,0.6321928095000008,-0.07902410120000003,16.062919589010626,12.824115966662646,-3.23880362234798,0.0,1.0,0.0,1.0,0.0,1.0,Script18_Regionalised_L2_Native,Script18_Regionalised_L2_Native,True,False,BetaL
POW_Band,50,0.2777777777777778,4.101695154,2.480823321,-1.6208718329999998,0.7902410119,0.7112169107,-0.07902410119999992,21.8378546681685,13.48366404087889,-8.35419062728961,0.0,1.0,0.0,1.0,0.0,1.0,Script18_Regionalised_L2_Native,Script18_Regionalised_L2_Native,True,False,BetaL
POW_Band,51,0.2833333333333333,3.730636447,3.458378774,-0.27225767300000037,0.6321928095,0.7112169107,0.07902410120000003,21.380549724131797,15.923896877959764,-5.456652846172032,0.0,1.0,0.0,1.0,0.0,1.0,Script18_Regionalised_L2_Native,Script18_Regionalised_L2_Native,True,False,BetaL
POW_Band,52,0.2888888888888889,3.8329114059999956,3.5644134699999936,-0.26849793600000194,0.7902410118999984,0.47414460710000317,-0.31609640479999523,12.159628118038269,18.64305504824555,6.483426930207282,0.0,1.0,0.0,1.0,0.0,1.0,Script18_Regionalised_L2_Native,Script18_Regionalised_L2_Native,True,False,BetaL
POW_Band,53,0.29444444444444445,3.398875623,2.959226979,-0.43964864400000003,0.6321928095,0.7902410119,0.15804820239999995,11.616468087190906,14.85650752421178,3.240039437020874,0.0,1.0,0.0,1.0,0.0,1.0,Script18_Regionalised_L2_Native,Script18_Regionalised_L2_Native,True,False,BetaL
POW_Band,54,0.3,3.286346707,3.149302135,-0.13704457199999975,0.3951205059,0.7112169107,0.31609640480000006,9.965199401698644,17.185738932751157,7.220539531052513,0.0,1.0,0.0,1.0,0.0,1.0,Script18_Regionalised_L2_Native,Script18_Regionalised_L2_Native,True,False,BetaL
POW_Band,55,0.3055555555555556,3.643488383,3.515155797,-0.12833258600000041,0.7112169107,0.5531687083,-0.15804820240000006,17.856320961013893,13.98148025132296,-3.8748407096909325,0.0,1.0,0.0,1.0,0.0,1.0,Script18_Regionalised_L2_Native,Script18_Regionalised_L2_Native,True,False,BetaL
POW_Band,56,0.3111111111111111,3.869842073,3.451311901,-0.4185301720000001,0.6321928095,0.4741446071,-0.1580482024,12.198966718354033,20.56646467620409,8.367497957850059,0.0,1.0,0.0,1.0,0.0,1.0,Script18_Regionalised_L2_Native,Script18_Regionalised_L2_Native,True,False,BetaL
POW_Band,57,0.31666666666666665,3.443339981,3.146181357,-0.2971586239999997,0.7112169107,0.5531687083,-0.15804820240000006,16.69049645929887,12.4707497366664,-4.21974672263247,0.0,1.0,0.0,1.0,0.0,1.0,Script18_Regionalised_L2_Native,Script18_Regionalised_L2_Native,True,False,BetaL
POW_Band,58,0.32222222222222224,3.120584583,2.585875015,-0.5347095679999998,0.6321928095,0.7112169107,0.07902410120000003,13.417800996417881,11.924709046182684,-1.493091950235197,0.0,1.0,0.0,1.0,0.0,1.0,Script18_Regionalised_L2_Native,Script18_Regionalised_L2_Native,True,False,BetaL
POW_Band,59,0.3277777777777778,3.922011998,2.870883356,-1.0511286419999997,0.7902410119,0.7112169107,-0.07902410119999992,16.470816219342385,11.274758233096101,-5.196057986246284,0.0,1.0,0.0,1.0,0.0,1.0,Script18_Regionalised_L2_Native,Script18_Regionalised_L2_Native,True,False,BetaL
POW_Band,60,0.33333333333333337,3.5249931040000084,3.646777542999993,0.1217844389999847,0.6321928095000008,0.4741446071000008,-0.1580482024,14.442145571496903,11.042827577405657,-3.3993179940912466,0.0,1.0,0.0,1.0,0.0,1.0,Script18_Regionalised_L2_Native,Script18_Regionalised_L2_Native,True,False,BetaL
POW_Band,61,0.3388888888888889,4.388897358,2.973186717,-1.4157106410000004,0.7112169107,0.5531687083,-0.15804820240000006,33.492237665248766,13.217424552024855,-20.27481311322391,0.0,1.0,0.0,1.0,0.0,1.0,Script18_Regionalised_L2_Native,Script18_Regionalised_L2_Native,True,False,BetaL
POW_Band,62,0.34444444444444444,4.135066027,3.455556745,-0.6795092819999997,0.3951205059,0.7112169107,0.31609640480000006,27.925008307407023,17.769679173896215,-10.155329133510808,0.0,1.0,0.0,1.0,0.0,1.0,Script18_Regionalised_L2_Native,Script18_Regionalised_L2_Native,True,False,BetaL
POW_Band,63,0.35000000000000003,3.7485266700000035,3.472312650999993,-0.2762140190000104,0.7112169106999993,0.7112169106999993,0.0,13.441524700190916,15.780656205225034,2.3391315050341177,0.0,1.0,0.0,1.0,0.0,1.0,Script18_Regionalised_L2_Native,Script18_Regionalised_L2_Native,True,False,BetaL
POW_Band,64,0.35555555555555557,4.092098204,2.753371667,-1.3387265369999999,0.6321928095,0.6321928095,0.0,26.414208894881934,13.707265516243963,-12.706943378637972,0.0,1.0,0.0,1.0,0.0,1.0,Script18_Regionalised_L2_Native,Script18_Regionalised_L2_Native,True,False,BetaL
POW_Band,65,0.3611111111111111,3.812651103,2.672134737,-1.140516366,0.7112169107,0.7112169107,0.0,25.59064819942627,19.721700099961467,-5.868948099464802,0.0,1.0,0.0,1.0,0.0,1.0,Script18_Regionalised_L2_Native,Script18_Regionalised_L2_Native,True,False,BetaL
POW_Band,66,0.3666666666666667,3.3767618149999996,3.028300666000005,-0.3484611489999945,0.8692651129999992,0.7112169107,-0.15804820229999916,32.27137856230747,11.11323629089531,-21.15814227141216,0.0,1.0,0.0,1.0,0.0,1.0,Script18_Regionalised_L2_Native,Script18_Regionalised_L2_Native,True,False,BetaL
POW_Band,67,0.37222222222222223,3.32266413,3.542743993,0.22007986300000004,0.7902410119,0.7112169107,-0.07902410119999992,18.275739107294864,13.445249652925089,-4.830489454369776,0.0,1.0,0.0,1.0,0.0,1.0,Script18_Regionalised_L2_Native,Script18_Regionalised_L2_Native,True,False,BetaL
POW_Band,68,0.37777777777777777,4.171039034,3.022566227,-1.1484728069999997,0.7902410119,0.7902410119,0.0,28.35362134867036,22.73233406507743,-5.6212872835929275,0.0,1.0,0.0,1.0,0.0,1.0,Script18_Regionalised_L2_Native,Script18_Regionalised_L2_Native,True,False,BetaL
POW_Band,69,0.38333333333333336,3.309011389,3.531501512,0.22249012300000004,0.6321928095,0.7902410119,0.15804820239999995,25.28763998109014,21.85049292551527,-3.437147055574872,0.0,1.0,0.0,1.0,0.0,1.0,Script18_Regionalised_L2_Native,Script18_Regionalised_L2_Native,True,False,BetaL
POW_Band,70,0.3888888888888889,3.323027925,2.935399505,-0.38762842,0.4741446071,0.7112169107,0.23707230360000003,23.5548223557996,18.45459566235384,-5.100226693445762,0.0,1.0,0.0,1.0,0.0,1.0,Script18_Regionalised_L2_Native,Script18_Regionalised_L2_Native,True,False,BetaL
POW_Band,71,0.3944444444444445,4.169990870999993,3.298130640000001,-0.8718602309999923,0.7112169107000008,0.5531687083,-0.15804820240000084,26.152683548442617,20.820090416126806,-5.332593132315811,0.0,1.0,0.0,1.0,0.0,1.0,Script18_Regionalised_L2_Native,Script18_Regionalised_L2_Native,True,False,BetaL
POW_Band,72,0.4,3.46105657,3.382282859,-0.07877371100000019,0.7902410119,0.5531687083,-0.23707230359999998,23.22950025577466,12.10606159211876,-11.1234386636559,0.0,1.0,0.0,1.0,0.0,1.0,Script18_Regionalised_L2_Native,Script18_Regionalised_L2_Native,True,False,BetaL
POW_Band,73,0.40555555555555556,3.733710273,2.638473167,-1.095237106,0.6321928095,0.5531687083,-0.07902410120000003,11.774063556949578,10.88892078496119,-0.885142771988388,0.0,1.0,0.0,1.0,0.0,1.0,Script18_Regionalised_L2_Native,Script18_Regionalised_L2_Native,True,False,BetaL
POW_Band,74,0.41111111111111115,4.1703158289999935,2.546613750000006,-1.6237020789999876,0.6321928095,0.7112169107,0.07902410120000003,13.925459269429632,15.511101209299975,1.5856419398703423,0.0,1.0,0.0,1.0,0.0,1.0,Script18_Regionalised_L2_Native,Script18_Regionalised_L2_Native,True,False,BetaL
POW_Band,75,0.4166666666666667,3.587502305,3.105882137,-0.48162016800000007,0.6321928095,0.7112169107,0.07902410120000003,13.38714477007823,14.359029220944453,0.9718844508662237,0.0,1.0,0.0,1.0,0.0,1.0,Script18_Regionalised_L2_Native,Script18_Regionalised_L2_Native,True,False,BetaL
POW_Band,76,0.4222222222222222,4.064188016,3.274235343,-0.7899526730000002,0.4741446071,0.6321928095,0.1580482024,17.26818151861337,20.154766670842026,2.8865851522286547,0.0,1.0,0.0,1.0,0.0,1.0,Script18_Regionalised_L2_Native,Script18_Regionalised_L2_Native,True,False,BetaL
POW_Band,77,0.4277777777777778,4.269065446999995,3.4174210979999966,-0.8516443489999981,0.5531687083000015,0.4741446071000008,-0.07902410120000075,20.65440805474576,19.3550098236365,-1.299398231109258,0.0,1.0,0.0,1.0,0.0,1.0,Script18_Regionalised_L2_Native,Script18_Regionalised_L2_Native,True,False,BetaL
POW_Band,78,0.43333333333333335,3.736402785,3.063494786,-0.672907999,0.7112169107,0.5531687083,-0.15804820240000006,29.80782554589924,16.99188531764643,-12.81594022825281,0.0,1.0,0.0,1.0,0.0,1.0,Script18_Regionalised_L2_Native,Script18_Regionalised_L2_Native,True,False,BetaL
POW_Band,79,0.4388888888888889,3.779676723,3.579820338,-0.19985638499999991,0.6321928095,0.6321928095,0.0,13.633032764661753,19.375678377913047,5.742645613251295,0.0,1.0,0.0,1.0,0.0,1.0,Script18_Regionalised_L2_Native,Script18_Regionalised_L2_Native,True,False,BetaL
POW_Band,80,0.4444444444444445,3.31253660500001,3.810481640999995,0.4979450359999853,0.5531687083000008,0.4741446071000024,-0.07902410119999836,20.09117363339951,19.53212109498059,-0.5590525384189213,0.0,1.0,0.0,1.0,0.0,1.0,Script18_Regionalised_L2_Native,Script18_Regionalised_L2_Native,True,False,BetaL
POW_Band,81,0.45,4.283817709,3.304579963,-0.9792377459999999,0.6321928095,0.7112169107,0.07902410120000003,23.897392188628828,17.385286209166104,-6.512105979462724,0.0,1.0,0.0,1.0,0.0,1.0,Script18_Regionalised_L2_Native,Script18_Regionalised_L2_Native,True,False,BetaL
POW_Band,82,0.45555555555555555,4.014473829,3.050664233,-0.9638095959999999,0.5531687083,0.5531687083,0.0,27.67006147155466,12.434300915831376,-15.235760555723285,0.0,1.0,0.0,1.0,0.0,1.0,Script18_Regionalised_L2_Native,Script18_Regionalised_L2_Native,True,False,BetaL
POW_Band,83,0.46111111111111114,3.979950014,3.490395435,-0.489554579,0.6321928095,0.6321928095,0.0,24.529506570117526,19.489346991609132,-5.040159578508394,0.0,1.0,0.0,1.0,0.0,1.0,Script18_Regionalised_L2_Native,Script18_Regionalised_L2_Native,True,False,BetaL
POW_Band,84,0.4666666666666667,3.901441578,3.047767285,-0.8536742930000001,0.7112169107,0.5531687083,-0.15804820240000006,28.02146876944297,13.336715964427295,-14.684752805015673,0.0,1.0,0.0,1.0,0.0,1.0,Script18_Regionalised_L2_Native,Script18_Regionalised_L2_Native,True,False,BetaL
POW_Band,85,0.47222222222222227,4.032535090999999,3.2097361950000036,-0.8227988959999952,0.7112169107,0.6321928095,-0.07902410120000003,16.71300369794865,15.269063606752647,-1.4439400911960032,0.0,1.0,0.0,1.0,0.0,1.0,Script18_Regionalised_L2_Native,Script18_Regionalised_L2_Native,True,False,BetaL
POW_Band,86,0.4777777777777778,3.939730188,3.544483125,-0.3952470629999998,0.7112169107,0.6321928095,-0.07902410120000003,20.14960287209429,19.041697203419034,-1.107905668675258,0.0,1.0,0.0,1.0,0.0,1.0,Script18_Regionalised_L2_Native,Script18_Regionalised_L2_Native,True,False,BetaL
POW_Band,87,0.48333333333333334,4.096090391,3.098630528,-0.9974598629999996,0.6321928095,0.6321928095,0.0,31.066685481205774,19.434925690409173,-11.6317597907966,0.0,1.0,0.0,1.0,0.0,1.0,Script18_Regionalised_L2_Native,Script18_Regionalised_L2_Native,True,False,BetaL
POW_Band,88,0.48888888888888893,3.8534151649999995,3.96005992299999,0.10664475799999051,0.5531687083000008,0.31609640470000316,-0.2370723035999976,23.18744792524012,10.3423592468026,-12.845088678437522,0.0,1.0,0.0,1.0,0.0,1.0,Script18_Regionalised_L2_Native,Script18_Regionalised_L2_Native,True,False,BetaL
POW_Band,89,0.49444444444444446,3.791010742,2.922317453,-0.8686932890000003,0.6321928095,0.6321928095,0.0,23.80699126686666,10.45467229295474,-13.35231897391192,0.0,1.0,0.0,1.0,0.0,1.0,Script18_Regionalised_L2_Native,Script18_Regionalised_L2_Native,True,False,BetaL
POW_Band,90,0.5,3.622521807,2.899486393,-0.7230354139999999,0.7112169107,0.7112169107,0.0,11.465435937114595,7.971095851806609,-3.494340085307986,0.0,1.0,0.0,1.0,0.0,1.0,Script18_Regionalised_L2_Native,Script18_Regionalised_L2_Native,True,False,BetaL
POW_Band,91,0.5055555555555555,3.619790716,3.230511491,-0.3892792249999997,0.7112169107,0.5531687083,-0.15804820240000006,25.882659368128394,14.780561137180811,-11.102098230947583,0.0,1.0,0.0,1.0,0.0,1.0,Script18_Regionalised_L2_Native,Script18_Regionalised_L2_Native,True,False,BetaL
POW_Band,92,0.5111111111111112,3.9408276450000046,3.5065408109999927,-0.4342868340000119,0.7112169106999985,0.7902410118999936,0.07902410119999514,15.853057569080098,18.202445891617234,2.349388322537136,0.0,1.0,0.0,1.0,0.0,1.0,Script18_Regionalised_L2_Native,Script18_Regionalised_L2_Native,True,False,BetaL
POW_Band,93,0.5166666666666667,4.160554777,3.160841111,-0.9997136659999999,0.6321928095,0.4741446071,-0.1580482024,23.20474423011387,16.513590774811576,-6.691153455302295,0.0,1.0,0.0,1.0,0.0,1.0,Script18_Regionalised_L2_Native,Script18_Regionalised_L2_Native,True,False,BetaL
POW_Band,94,0.5222222222222223,3.671073333,3.399470054,-0.2716032789999998,0.5531687083,0.7112169107,0.15804820240000006,37.60447127239963,20.576695216734727,-17.0277760556649,0.0,1.0,0.0,1.0,0.0,1.0,Script18_Regionalised_L2_Native,Script18_Regionalised_L2_Native,True,False,BetaL
POW_Band,95,0.5277777777777778,3.758111561,3.220164967,-0.5379465940000001,0.7112169107,0.7112169107,0.0,17.816189378489725,15.209968261414003,-2.6062211170757212,0.0,1.0,0.0,1.0,0.0,1.0,Script18_Regionalised_L2_Native,Script18_Regionalised_L2_Native,True,False,BetaL
POW_Band,96,0.5333333333333333,3.070638723,3.683094503,0.6124557799999999,0.7112169107,0.5531687083,-0.15804820240000006,29.501820350868808,21.909556307549053,-7.592264043319755,0.0,1.0,0.0,1.0,0.0,1.0,Script18_Regionalised_L2_Native,Script18_Regionalised_L2_Native,True,False,BetaL
POW_Band,97,0.5388888888888889,3.646361928,3.446771199,-0.19959072900000008,0.4741446071,0.7112169107,0.23707230360000003,25.44709428700161,17.83635507638654,-7.610739210615073,0.0,1.0,0.0,1.0,0.0,1.0,Script18_Regionalised_L2_Native,Script18_Regionalised_L2_Native,True,False,BetaL
POW_Band,98,0.5444444444444445,3.489652886000005,3.2007358929999965,-0.2889169930000084,0.6321928094999985,0.7902410118999984,0.15804820239999995,18.672676159725807,23.361833608923845,4.689157449198039,0.0,1.0,0.0,1.0,0.0,1.0,Script18_Regionalised_L2_Native,Script18_Regionalised_L2_Native,True,False,BetaL
POW_Band,99,0.55,3.739388172,3.018232545,-0.7211556269999999,0.5531687083,0.7112169107,0.15804820240000006,16.797758613249577,13.845489022716293,-2.952269590533284,0.0,1.0,0.0,1.0,0.0,1.0,Script18_Regionalised_L2_Native,Script18_Regionalised_L2_Native,True,False,BetaL
POW_Band,100,0.5555555555555556,4.264911221,3.361529804,-0.9033814170000003,0.4741446071,0.869265113,0.3951205059,26.966947385310597,20.641800231432665,-6.325147153877932,0.0,1.0,0.0,1.0,0.0,1.0,Script18_Regionalised_L2_Native,Script18_Regionalised_L2_Native,True,False,BetaL
POW_Band,101,0.5611111111111111,4.054549704,3.212769122,-0.8417805820000002,0.5531687083,0.4741446071,-0.07902410119999997,18.253356691059423,16.043216418121794,-2.210140272937629,0.0,1.0,0.0,1.0,0.0,1.0,Script18_Regionalised_L2_Native,Script18_Regionalised_L2_Native,True,False,BetaL
POW_Band,102,0.5666666666666667,4.215957321,3.452703136,-0.7632541850000005,0.6321928095,0.6321928095,0.0,12.487002287804398,16.27560138822541,3.7885991004210133,0.0,1.0,0.0,1.0,0.0,1.0,Script18_Regionalised_L2_Native,Script18_Regionalised_L2_Native,True,False,BetaL
POW_Band,103,0.5722222222222223,4.183583253999979,2.6901526160000113,-1.4934306379999676,0.5531687083,0.7112169107,0.15804820240000006,13.562936585536495,14.495302331859968,0.9323657463234731,0.0,1.0,0.0,1.0,0.0,1.0,Script18_Regionalised_L2_Native,Script18_Regionalised_L2_Native,True,False,BetaL
POW_Band,104,0.5777777777777778,3.1325305540000117,3.2500126880000004,0.11748213399998875,0.5531687082999969,0.7112169107,0.15804820240000317,21.4767387189061,16.462398876064693,-5.014339842841405,0.0,1.0,0.0,1.0,0.0,1.0,Script18_Regionalised_L2_Native,Script18_Regionalised_L2_Native,True,False,BetaL
POW_Band,105,0.5833333333333334,3.718201726,3.273329412,-0.4448723140000004,0.3951205059,0.7112169107,0.31609640480000006,19.981755535296863,20.957324920582053,0.9755693852851905,0.0,1.0,0.0,1.0,0.0,1.0,Script18_Regionalised_L2_Native,Script18_Regionalised_L2_Native,True,False,BetaL
POW_Band,106,0.5888888888888889,3.609629353,3.239435711,-0.3701936419999998,0.7112169107,0.6321928095,-0.07902410120000003,23.19997605622224,12.07389808113013,-11.12607797509211,0.0,1.0,0.0,1.0,0.0,1.0,Script18_Regionalised_L2_Native,Script18_Regionalised_L2_Native,True,False,BetaL
POW_Band,107,0.5944444444444444,3.699574833,3.184306459,-0.5152683739999997,0.4741446071,0.6321928095,0.1580482024,13.763031651625553,10.861539667735201,-2.9014919838903523,0.0,1.0,0.0,1.0,0.0,1.0,Script18_Regionalised_L2_Native,Script18_Regionalised_L2_Native,True,False,BetaL
POW_Band,108,0.6,3.377827432,3.542921907,0.16509447500000007,0.5531687083,0.6321928095,0.07902410120000003,17.926379344075812,17.64537368989438,-0.2810056541814312,0.0,1.0,0.0,1.0,0.0,1.0,Script18_Regionalised_L2_Native,Script18_Regionalised_L2_Native,True,False,BetaL
POW_Band,109,0.6055555555555556,3.934506614000004,3.2358361779999956,-0.6986704360000084,0.6321928095000016,0.7902410118999968,0.15804820239999529,27.057715740984726,26.514708527697127,-0.5430072132875985,0.0,1.0,0.0,1.0,0.0,1.0,Script18_Regionalised_L2_Native,Script18_Regionalised_L2_Native,True,False,BetaL
POW_Band,110,0.6111111111111112,4.128903915,3.011904056,-1.1169998590000003,0.7112169107,0.6321928095,-0.07902410120000003,10.771452075362955,22.138424024515473,11.366971949152518,0.0,1.0,0.0,1.0,0.0,1.0,Script18_Regionalised_L2_Native,Script18_Regionalised_L2_Native,True,False,BetaL
POW_Band,111,0.6166666666666667,4.221562084,3.495313765,-0.7262483190000002,0.7112169107,0.3160964047,-0.39512050600000004,24.12077453144631,21.332606962671377,-2.7881675687749308,0.0,1.0,0.0,1.0,0.0,1.0,Script18_Regionalised_L2_Native,Script18_Regionalised_L2_Native,True,False,BetaL
POW_Band,112,0.6222222222222222,4.534017864,2.930208733,-1.6038091309999998,0.4741446071,0.9482892142,0.4741446071,20.512186914236974,15.91238718789203,-4.599799726344944,0.0,1.0,0.0,1.0,0.0,1.0,Script18_Regionalised_L2_Native,Script18_Regionalised_L2_Native,True,False,BetaL
POW_Band,113,0.6277777777777778,3.687179411,3.093358581,-0.5938208299999999,0.6321928095,0.7112169107,0.07902410120000003,30.738157636842484,10.859943604530446,-19.878214032312037,0.0,1.0,0.0,1.0,0.0,1.0,Script18_Regionalised_L2_Native,Script18_Regionalised_L2_Native,True,False,BetaL
POW_Band,114,0.6333333333333333,3.838750624,3.291137762,-0.5476128619999998,0.6321928095,0.5531687083,-0.07902410120000003,28.552267019095652,15.871057511052054,-12.681209508043597,0.0,1.0,0.0,1.0,0.0,1.0,Script18_Regionalised_L2_Native,Script18_Regionalised_L2_Native,True,False,BetaL
POW_Band,115,0.638888888888889,4.157246495999993,3.2812136360000017,-0.8760328599999911,0.7112169107000016,0.5531687083000031,-0.1580482023999985,36.31442991593502,15.75268612607417,-20.561743789860852,0.0,1.0,0.0,1.0,0.0,1.0,Script18_Regionalised_L2_Native,Script18_Regionalised_L2_Native,True,False,BetaL
POW_Band,116,0.6444444444444445,3.823858565,3.362903137,-0.4609554280000001,0.7902410119,0.7112169107,-0.07902410119999992,23.675092506493996,21.451809565371242,-2.223282941122754,0.0,1.0,0.0,1.0,0.0,1.0,Script18_Regionalised_L2_Native,Script18_Regionalised_L2_Native,True,False,BetaL
POW_Band,117,0.65,3.555866621,3.679224548,0.12335792700000026,0.7112169107,0.3951205059,-0.31609640480000006,27.507433167348992,20.721670287088955,-6.785762880260037,0.0,1.0,0.0,1.0,0.0,1.0,Script18_Regionalised_L2_Native,Script18_Regionalised_L2_Native,True,False,BetaL
POW_Band,118,0.6555555555555556,3.176798772,4.020313765,0.8435149929999999,0.7112169107,0.3951205059,-0.31609640480000006,16.093675778352676,11.358920933292172,-4.734754845060504,0.0,1.0,0.0,1.0,0.0,1.0,Script18_Regionalised_L2_Native,Script18_Regionalised_L2_Native,True,False,BetaL
POW_Band,119,0.6611111111111111,4.546239189,3.858688032,-0.6875511569999997,0.6321928095,0.5531687083,-0.07902410120000003,33.26693175359162,13.02160500176219,-20.24532675182943,0.0,1.0,0.0,1.0,0.0,1.0,Script18_Regionalised_L2_Native,Script18_Regionalised_L2_Native,True,False,BetaL
POW_Band,120,0.6666666666666667,2.9966053430000166,3.404365887000002,0.4077605439999856,0.47414460710000156,0.7112169107000031,0.2370723036000016,21.044618433843432,17.320316210525267,-3.7243022233181655,0.0,1.0,0.0,1.0,0.0,1.0,Script18_Regionalised_L2_Native,Script18_Regionalised_L2_Native,True,False,BetaL
POW_Band,121,0.6722222222222223,3.814635867,3.521230188,-0.2934056789999997,0.5531687083,0.869265113,0.3160964047,27.867276135118843,17.762751037849924,-10.104525097268919,0.0,1.0,0.0,1.0,0.0,1.0,Script18_Regionalised_L2_Native,Script18_Regionalised_L2_Native,True,False,BetaL
POW_Band,122,0.6777777777777778,3.963174153,3.38204634,-0.5811278130000002,0.7902410119,0.7112169107,-0.07902410119999992,32.815516811536995,23.47723892362643,-9.338277887910564,0.0,1.0,0.0,1.0,0.0,1.0,Script18_Regionalised_L2_Native,Script18_Regionalised_L2_Native,True,False,BetaL
POW_Band,123,0.6833333333333333,4.126494999,2.920378324,-1.206116675,0.4741446071,0.869265113,0.3951205059,22.677179723866328,18.418405363205324,-4.258774360661004,0.0,1.0,0.0,1.0,0.0,1.0,Script18_Regionalised_L2_Native,Script18_Regionalised_L2_Native,True,False,BetaL
POW_Band,124,0.6888888888888889,3.966280215,3.556191396,-0.4100888189999998,0.7902410119,0.6321928095,-0.15804820239999995,21.1039348502741,18.055842797514266,-3.0480920527598343,0.0,1.0,0.0,1.0,0.0,1.0,Script18_Regionalised_L2_Native,Script18_Regionalised_L2_Native,True,False,BetaL
POW_Band,125,0.6944444444444444,3.844301965,3.310244925,-0.53405704,0.7112169107,0.5531687083,-0.15804820240000006,19.167543272368764,14.061746589003565,-5.105796683365199,0.0,1.0,0.0,1.0,0.0,1.0,Script18_Regionalised_L2_Native,Script18_Regionalised_L2_Native,True,False,BetaL
POW_Band,126,0.7000000000000001,4.163225510000005,2.988706162000004,-1.1745193480000005,0.7112169107,0.7902410119,0.07902410119999992,27.919939155178685,16.137708230266938,-11.782230924911747,0.0,1.0,0.0,1.0,0.0,1.0,Script18_Regionalised_L2_Native,Script18_Regionalised_L2_Native,True,False,BetaL
POW_Band,127,0.7055555555555556,4.37910407,3.193018629,-1.1860854410000004,0.7112169107,0.7902410119,0.07902410119999992,17.409131790351488,13.711020605106997,-3.698111185244491,0.0,1.0,0.0,1.0,0.0,1.0,Script18_Regionalised_L2_Native,Script18_Regionalised_L2_Native,True,False,BetaL
POW_Band,128,0.7111111111111111,3.357113002,3.387300086,0.03018708400000003,0.5531687083,0.6321928095,0.07902410120000003,18.62666554065259,18.74018382654522,0.11351828589263135,0.0,1.0,0.0,1.0,0.0,1.0,Script18_Regionalised_L2_Native,Script18_Regionalised_L2_Native,True,False,BetaL
POW_Band,129,0.7166666666666667,3.699723631,3.448709767,-0.2510138639999999,0.6321928095,1.027313315,0.3951205055,34.93010069235572,19.853365318109173,-15.07673537424655,0.0,1.0,0.0,1.0,0.0,1.0,Script18_Regionalised_L2_Native,Script18_Regionalised_L2_Native,True,False,BetaL
POW_Band,130,0.7222222222222222,4.231523291,3.837448884,-0.3940744070000002,0.6321928095,0.7112169107,0.07902410120000003,31.70763017177388,18.01284601905487,-13.69478415271901,0.0,1.0,0.0,1.0,0.0,1.0,Script18_Regionalised_L2_Native,Script18_Regionalised_L2_Native,True,False,BetaL
POW_Band,131,0.7277777777777779,3.597319391000001,3.213032418000003,-0.3842869729999978,0.5531687083,0.6321928095,0.07902410120000003,14.374419005091335,21.374197349423937,6.9997783443326025,0.0,1.0,0.0,1.0,0.0,1.0,Script18_Regionalised_L2_Native,Script18_Regionalised_L2_Native,True,False,BetaL
POW_Band,132,0.7333333333333334,3.6527433170000005,3.3687741950000065,-0.283969121999994,0.5531687083000031,0.6321928094999985,0.07902410119999537,8.58342849564465,27.11711501581967,18.53368652017502,0.0,1.0,0.0,1.0,0.0,1.0,Script18_Regionalised_L2_Native,Script18_Regionalised_L2_Native,True,False,BetaL
POW_Band,133,0.7388888888888889,3.675190603,3.707971764,0.03278116099999995,0.7112169107,0.5531687083,-0.15804820240000006,14.047180834370849,12.377947889678417,-1.6692329446924319,0.0,1.0,0.0,1.0,0.0,1.0,Script18_Regionalised_L2_Native,Script18_Regionalised_L2_Native,True,False,BetaL
POW_Band,134,0.7444444444444445,4.28305814,3.367255242,-0.9158028979999995,0.7112169107,0.5531687083,-0.15804820240000006,24.71838913266504,16.931834448664418,-7.78655468400062,0.0,1.0,0.0,1.0,0.0,1.0,Script18_Regionalised_L2_Native,Script18_Regionalised_L2_Native,True,False,BetaL
POW_Band,135,0.75,4.244065447,3.23715609,-1.0069093569999996,0.4741446071,0.7112169107,0.23707230360000003,23.627362271952883,13.96619053291637,-9.661171739036513,0.0,1.0,0.0,1.0,0.0,1.0,Script18_Regionalised_L2_Native,Script18_Regionalised_L2_Native,True,False,BetaL
POW_Band,136,0.7555555555555555,4.328938214,3.790627489,-0.5383107250000001,0.4741446071,0.7112169107,0.23707230360000003,22.45048446701221,17.410604809647968,-5.039879657364242,0.0,1.0,0.0,1.0,0.0,1.0,Script18_Regionalised_L2_Native,Script18_Regionalised_L2_Native,True,False,BetaL
POW_Band,137,0.7611111111111112,4.029751922999996,3.015050300000005,-1.0147016229999908,0.6321928094999985,0.7112169106999969,0.07902410119999848,21.267252975448955,35.97276132155165,14.705508346102697,0.0,1.0,0.0,1.0,0.0,1.0,Script18_Regionalised_L2_Native,Script18_Regionalised_L2_Native,True,False,BetaL
POW_Band,138,0.7666666666666667,3.806340656,3.268884413,-0.5374562430000003,0.5531687083,0.5531687083,0.0,21.32439632784382,27.312126108544433,5.987729780700612,0.0,1.0,0.0,1.0,0.0,1.0,Script18_Regionalised_L2_Native,Script18_Regionalised_L2_Native,True,False,BetaL
POW_Band,139,0.7722222222222223,4.376641733,3.37233871,-1.0043030229999994,0.7112169107,0.5531687083,-0.15804820240000006,14.462319992603987,25.337858889034187,10.8755388964302,0.0,1.0,0.0,1.0,0.0,1.0,Script18_Regionalised_L2_Native,Script18_Regionalised_L2_Native,True,False,BetaL
POW_Band,140,0.7777777777777778,3.571684823,3.904261109,0.3325762860000001,0.6321928095,0.5531687083,-0.07902410120000003,14.487141446574478,25.352976235464638,10.86583478889016,0.0,1.0,0.0,1.0,0.0,1.0,Script18_Regionalised_L2_Native,Script18_Regionalised_L2_Native,True,False,BetaL
POW_Band,141,0.7833333333333333,4.00756939,3.979749859,-0.027819530999999564,0.6321928095,0.7902410119,0.15804820239999995,20.10712650022734,27.224706126322438,7.117579626095097,0.0,1.0,0.0,1.0,0.0,1.0,Script18_Regionalised_L2_Native,Script18_Regionalised_L2_Native,True,False,BetaL
POW_Band,142,0.788888888888889,3.888174153000004,3.8349200110000017,-0.053254142000002336,0.7112169107,0.6321928094999985,-0.07902410120000158,20.76728777625911,26.622998137804288,5.855710361545178,0.0,1.0,0.0,1.0,0.0,1.0,Script18_Regionalised_L2_Native,Script18_Regionalised_L2_Native,True,False,BetaL
POW_Band,143,0.7944444444444445,4.077166846000001,3.922052896999985,-0.15511394900001596,0.7112169106999969,0.5531687083000048,-0.15804820239999218,16.51327301684044,26.993585011307587,10.480311994467147,0.0,1.0,0.0,1.0,0.0,1.0,Script18_Regionalised_L2_Native,Script18_Regionalised_L2_Native,True,False,BetaL
POW_Band,144,0.8,4.138783579,3.161454142,-0.9773294369999999,0.5531687083,0.7902410119,0.23707230359999998,15.896762029801708,28.78760997445331,12.890847944651602,0.0,1.0,0.0,1.0,0.0,1.0,Script18_Regionalised_L2_Native,Script18_Regionalised_L2_Native,True,False,BetaL
POW_Band,145,0.8055555555555556,3.924400736,3.944990871,0.020590134999999954,0.4741446071,0.5531687083,0.07902410119999997,36.06148875205068,20.466836605243774,-15.594652146806904,0.0,1.0,0.0,1.0,0.0,1.0,Script18_Regionalised_L2_Native,Script18_Regionalised_L2_Native,True,False,BetaL
POW_Band,146,0.8111111111111111,4.15584938,3.449381615,-0.7064677650000002,0.6321928095,0.7902410119,0.15804820239999995,29.889847651255273,13.366117587133372,-16.5237300641219,0.0,1.0,0.0,1.0,0.0,1.0,Script18_Regionalised_L2_Native,Script18_Regionalised_L2_Native,True,False,BetaL
POW_Band,147,0.8166666666666667,4.43712599,3.433215179,-1.0039108110000003,0.5531687083,0.7902410119,0.23707230359999998,22.391006543785764,12.037232936293897,-10.353773607491867,0.0,1.0,0.0,1.0,0.0,1.0,Script18_Regionalised_L2_Native,Script18_Regionalised_L2_Native,True,False,BetaL
POW_Band,148,0.8222222222222223,4.4355890769999915,3.02670629200002,-1.4088827849999714,0.5531687083000015,0.5531687082999952,-6.328271240363392e-15,23.809061705755354,27.019127866517653,3.210066160762299,0.0,1.0,0.0,1.0,0.0,1.0,Script18_Regionalised_L2_Native,Script18_Regionalised_L2_Native,True,False,BetaL
POW_Band,149,0.8277777777777778,4.0090178640000085,4.027332701999991,0.01831483799998246,0.6321928094999952,0.3160964047000047,-0.3160964047999905,22.247866138917,29.721325538376067,7.473459399459067,0.0,1.0,0.0,1.0,0.0,1.0,Script18_Regionalised_L2_Native,Script18_Regionalised_L2_Native,True,False,BetaL
POW_Band,150,0.8333333333333334,4.440234116,3.594467821,-0.8457662950000002,0.3951205059,0.5531687083,0.1580482024,31.756162795700938,20.566487150406083,-11.189675645294855,0.0,1.0,0.0,1.0,0.0,1.0,Script18_Regionalised_L2_Native,Script18_Regionalised_L2_Native,True,False,BetaL
POW_Band,151,0.8388888888888889,3.963697203,4.012651103,0.04895389999999944,0.6321928095,0.5531687083,-0.07902410120000003,33.54879532739474,21.8901731457349,-11.658622181659844,0.0,1.0,0.0,1.0,0.0,1.0,Script18_Regionalised_L2_Native,Script18_Regionalised_L2_Native,True,False,BetaL
POW_Band,152,0.8444444444444444,3.523602332,3.337810484,-0.18579184800000004,0.6321928095,0.6321928095,0.0,25.126717894533478,18.952898101185173,-6.173819793348304,0.0,1.0,0.0,1.0,0.0,1.0,Script18_Regionalised_L2_Native,Script18_Regionalised_L2_Native,True,False,BetaL
POW_Band,153,0.85,3.393107068,3.713589767,0.32048269900000026,0.7112169107,0.7112169107,0.0,24.750528207407193,20.58817107607279,-4.162357131334403,0.0,1.0,0.0,1.0,0.0,1.0,Script18_Regionalised_L2_Native,Script18_Regionalised_L2_Native,True,False,BetaL
POW_Band,154,0.8555555555555556,3.598583210000017,4.161602939999988,0.5630197299999713,0.3951205059000047,0.39512050590000314,-1.5543122344752192e-15,22.28831018544375,24.76818992012158,2.47987973467783,0.0,1.0,0.0,1.0,0.0,1.0,Script18_Regionalised_L2_Native,Script18_Regionalised_L2_Native,True,False,BetaL
POW_Band,155,0.8611111111111112,4.435554777,3.585205824,-0.8503489530000001,0.6321928095,0.5531687083,-0.07902410120000003,29.611118568953444,17.972505037166435,-11.638613531787009,0.0,1.0,0.0,1.0,0.0,1.0,Script18_Regionalised_L2_Native,Script18_Regionalised_L2_Native,True,False,BetaL
POW_Band,156,0.8666666666666667,3.227825875,3.526944913,0.2991190379999997,0.7902410119,0.5531687083,-0.23707230359999998,31.769930736098992,16.98090548052579,-14.7890252555732,0.0,1.0,0.0,1.0,0.0,1.0,Script18_Regionalised_L2_Native,Script18_Regionalised_L2_Native,True,False,BetaL
POW_Band,157,0.8722222222222222,3.863789923,2.593468249,-1.2703216740000003,0.7112169107,0.7112169107,0.0,29.700753996579074,11.883451180850297,-17.817302815728777,0.0,1.0,0.0,1.0,0.0,1.0,Script18_Regionalised_L2_Native,Script18_Regionalised_L2_Native,True,False,BetaL
POW_Band,158,0.8777777777777778,4.10809244,3.744914858,-0.36317758200000005,0.7902410119,0.7044277781,-0.08581323379999994,25.185894372779565,19.23003773870909,-5.955856634070475,0.0,1.0,0.0,1.0,0.0,1.0,Script18_Regionalised_L2_Native,Script18_Regionalised_L2_Native,True,False,BetaL
POW_Band,159,0.8833333333333334,4.594588496999983,3.913085712999981,-0.6815027840000023,0.7112169106999953,0.6321928095000031,-0.07902410119999215,21.796275768971604,19.44419544920589,-2.352080319765715,0.0,1.0,0.0,1.0,0.0,1.0,Script18_Regionalised_L2_Native,Script18_Regionalised_L2_Native,True,False,BetaL
POW_Band,160,0.888888888888889,3.732291197000003,2.9501221870000167,-0.7821690099999863,0.46961851870000165,0.7902410118999921,0.3206224931999904,23.457099672630093,19.622420938207224,-3.8346787344228694,0.0,1.0,0.0,1.0,0.0,1.0,Script18_Regionalised_L2_Native,Script18_Regionalised_L2_Native,True,False,BetaL
POW_Band,161,0.8944444444444445,3.882446651,3.793935052,-0.08851159899999983,0.5531687083,0.3951205059,-0.1580482024,39.268185192903466,15.229138877147182,-24.039046315756284,0.0,1.0,0.0,1.0,0.0,1.0,Script18_Regionalised_L2_Native,Script18_Regionalised_L2_Native,True,False,BetaL
POW_Band,162,0.9,4.400716309,3.776834951,-0.6238813579999998,0.5531687083,0.7902410119,0.23707230359999998,25.303627934393166,23.86096477246403,-1.4426631619291364,0.0,1.0,0.0,1.0,0.0,1.0,Script18_Regionalised_L2_Native,Script18_Regionalised_L2_Native,True,False,BetaL
POW_Band,163,0.9055555555555556,4.028738059,2.889517088,-1.1392209710000003,0.5531687083,0.7112169107,0.15804820240000006,33.362104125673696,19.366468269963374,-13.995635855710322,0.0,1.0,0.0,1.0,0.0,1.0,Script18_Regionalised_L2_Native,Script18_Regionalised_L2_Native,True,False,BetaL
POW_Band,164,0.9111111111111111,3.744589841,3.327306643,-0.4172831979999998,0.869265113,0.6321928095,-0.23707230349999997,37.52539475513327,16.744903559134805,-20.780491195998465,0.0,1.0,0.0,1.0,0.0,1.0,Script18_Regionalised_L2_Native,Script18_Regionalised_L2_Native,True,False,BetaL
POW_Band,165,0.9166666666666667,3.978554962000001,3.5120438530000015,-0.46651110899999937,0.6321928095000016,0.5531687083000031,-0.07902410119999848,13.573106874223452,19.75558755721205,6.182480682988597,0.0,1.0,0.0,1.0,0.0,1.0,Script18_Regionalised_L2_Native,Script18_Regionalised_L2_Native,True,False,BetaL
POW_Band,166,0.9222222222222223,4.019319023,3.576798772,-0.44252025100000036,0.7112169107,0.7112169107,0.0,38.10515272924919,17.49628855316174,-20.60886417608745,0.0,1.0,0.0,1.0,0.0,1.0,Script18_Regionalised_L2_Native,Script18_Regionalised_L2_Native,True,False,BetaL
POW_Band,167,0.9277777777777778,3.702401301,4.069790716,0.3673894149999999,0.7112169107,0.6321928095,-0.07902410120000003,46.5014378969902,23.722231204489887,-22.77920669250031,0.0,1.0,0.0,1.0,0.0,1.0,Script18_Regionalised_L2_Native,Script18_Regionalised_L2_Native,True,False,BetaL
POW_Band,168,0.9333333333333333,4.274347315,4.02870376,-0.245643555,0.5531687083,0.3951205059,-0.1580482024,48.188918040140635,28.64007234424902,-19.548845695891615,0.0,1.0,0.0,1.0,0.0,1.0,Script18_Regionalised_L2_Native,Script18_Regionalised_L2_Native,True,False,BetaL
POW_Band,169,0.9388888888888889,4.437902616,3.542851428,-0.8950511879999996,0.4741446071,0.7112169107,0.23707230360000003,34.83803022641166,26.101118336198148,-8.736911890213513,0.0,1.0,0.0,1.0,0.0,1.0,Script18_Regionalised_L2_Native,Script18_Regionalised_L2_Native,True,False,BetaL
POW_Band,170,0.9444444444444445,3.492547655000016,3.7292268089999925,0.2366791539999764,0.6321928094999969,0.5531687083000015,-0.07902410119999537,37.17660193761211,24.538314208956702,-12.63828772865541,0.0,1.0,0.0,1.0,0.0,1.0,Script18_Regionalised_L2_Native,Script18_Regionalised_L2_Native,True,False,BetaL
POW_Band,171,0.9500000000000001,4.289911220999986,3.3482704370000107,-0.9416407839999756,0.4741446071,0.6321928095,0.1580482024,34.10673985955666,18.227410614651873,-15.879329244904788,0.0,1.0,0.0,1.0,0.0,1.0,Script18_Regionalised_L2_Native,Script18_Regionalised_L2_Native,True,False,BetaL
POW_Band,172,0.9555555555555556,3.643070705,3.876834951,0.23376424600000023,0.4741446071,0.6321928095,0.1580482024,25.871422827135646,26.043529684357186,0.1721068572215394,0.0,1.0,0.0,1.0,0.0,1.0,Script18_Regionalised_L2_Native,Script18_Regionalised_L2_Native,True,False,BetaL
POW_Band,173,0.9611111111111111,4.321666862,3.89914716,-0.4225197019999998,0.5531687083,0.6321928095,0.07902410120000003,33.17478244735695,22.780370481143112,-10.394411966213834,0.0,1.0,0.0,1.0,0.0,1.0,Script18_Regionalised_L2_Native,Script18_Regionalised_L2_Native,True,False,BetaL
POW_Band,174,0.9666666666666667,4.427367002,3.799583834,-0.6277831680000006,0.6321928095,0.5531687083,-0.07902410120000003,38.42667752302381,13.977746275606396,-24.448931247417416,0.0,1.0,0.0,1.0,0.0,1.0,Script18_Regionalised_L2_Native,Script18_Regionalised_L2_Native,True,False,BetaL
POW_Band,175,0.9722222222222222,3.061925834,3.86725906,0.8053332259999997,0.5531687083,0.7902410119,0.23707230359999998,25.92232347559846,20.531676668859575,-5.390646806738886,0.0,1.0,0.0,1.0,0.0,1.0,Script18_Regionalised_L2_Native,Script18_Regionalised_L2_Native,True,False,BetaL
POW_Band,176,0.9777777777777779,3.8490719610000053,3.777489740999996,-0.07158222000000913,0.5531687083000079,0.7112169107,0.15804820239999218,28.704539876897424,20.316236651097313,-8.388303225800112,0.0,1.0,0.0,1.0,0.0,1.0,Script18_Regionalised_L2_Native,Script18_Regionalised_L2_Native,True,False,BetaL
POW_Band,177,0.9833333333333334,4.112179410999991,3.588101016999993,-0.5240783939999978,0.9482892141999952,0.7112169106999969,-0.2370723034999983,37.66375139559569,28.16365690567433,-9.50009448992136,0.0,1.0,0.0,1.0,0.0,1.0,Script18_Regionalised_L2_Native,Script18_Regionalised_L2_Native,True,False,BetaL
POW_Band,178,0.9888888888888889,3.670481685,3.23166355,-0.438818135,0.7112169107,0.5531687083,-0.15804820240000006,23.647421677068095,19.47760710340269,-4.1698145736654055,0.0,1.0,0.0,1.0,0.0,1.0,Script18_Regionalised_L2_Native,Script18_Regionalised_L2_Native,True,False,BetaL
POW_Band,179,0.9944444444444445,4.523333452,3.371254493,-1.1520789590000002,0.5531687083,0.4741446071,-0.07902410119999997,33.50740861565606,16.360629789203614,-17.146778826452447,0.0,1.0,0.0,1.0,0.0,1.0,Script18_Regionalised_L2_Native,Script18_Regionalised_L2_Native,True,False,BetaL
POW_Band,180,1.0,4.561314345,4.002978491,-0.5583358540000001,0.6321928095,0.7902410119,0.15804820239999995,35.12716677605349,24.784688739061103,-10.34247803699239,0.0,1.0,0.0,1.0,0.0,1.0,Script18_Regionalised_L2_Native,Script18_Regionalised_L2_Native,True,False,BetaL
POW_Band,0,0.0,1.55355334,3.609560027,2.056006687,0.3913487656,0.3913487656,0.0,2.041932811010036,3.6084741577905786,1.5665413467805425,0.0,1.0,0.0,1.0,0.0,1.0,Script18_Regionalised_L2_Native,Script18_Regionalised_L2_Native,True,False,Gamma
POW_Band,1,0.005555555555555556,3.506770986,3.272530767,-0.2342402189999997,0.7112169107,0.5531687083,-0.15804820240000006,14.28676292811834,4.9894685416443325,-9.297294386474007,0.0,1.0,0.0,1.0,0.0,1.0,Script18_Regionalised_L2_Native,Script18_Regionalised_L2_Native,True,False,Gamma
POW_Band,2,0.011111111111111112,2.603643864,3.055518627,0.4518747630000002,0.4741446071,0.5531687083,0.07902410119999997,3.1526608772301685,5.973053346792758,2.8203924695625897,0.0,1.0,0.0,1.0,0.0,1.0,Script18_Regionalised_L2_Native,Script18_Regionalised_L2_Native,True,False,Gamma
POW_Band,3,0.016666666666666666,3.384480555,3.120819164,-0.2636613910000003,0.4741446071,0.6321928095,0.1580482024,15.187898281490778,14.778952057820405,-0.40894622367037314,0.0,1.0,0.0,1.0,0.0,1.0,Script18_Regionalised_L2_Native,Script18_Regionalised_L2_Native,True,False,Gamma
POW_Band,4,0.022222222222222223,4.164422471,2.534404763,-1.630017708,0.5531687083,0.7112169107,0.15804820240000006,12.450344489997683,12.118671518352073,-0.3316729716456095,0.0,1.0,0.0,1.0,0.0,1.0,Script18_Regionalised_L2_Native,Script18_Regionalised_L2_Native,True,False,Gamma
POW_Band,5,0.02777777777777778,3.6082385809999997,3.016880272,-0.5913583089999999,0.7112169107,0.6321928095,-0.07902410120000003,13.465221202175618,14.429111649654692,0.9638904474790735,0.0,1.0,0.0,1.0,0.0,1.0,Script18_Regionalised_L2_Native,Script18_Regionalised_L2_Native,True,False,Gamma
POW_Band,6,0.03333333333333333,3.146337031,2.735588879,-0.41074815200000003,0.6321928095,0.6321928095,0.0,14.897682985621952,5.388584836362053,-9.509098149259898,0.0,1.0,0.0,1.0,0.0,1.0,Script18_Regionalised_L2_Native,Script18_Regionalised_L2_Native,True,False,Gamma
POW_Band,7,0.03888888888888889,3.778266367,3.579400906,-0.19886546100000002,0.7112169107,0.3951205059,-0.31609640480000006,11.47649930961039,4.722635341739483,-6.753863967870906,0.0,1.0,0.0,1.0,0.0,1.0,Script18_Regionalised_L2_Native,Script18_Regionalised_L2_Native,True,False,Gamma
POW_Band,8,0.044444444444444446,3.917328378,3.364090576,-0.553237802,0.6321928095,0.4741446071,-0.1580482024,13.201001931317794,4.8429463189740245,-8.358055612343769,0.0,1.0,0.0,1.0,0.0,1.0,Script18_Regionalised_L2_Native,Script18_Regionalised_L2_Native,True,False,Gamma
POW_Band,9,0.05,4.132246496,3.492616973,-0.6396295229999995,0.4741446071,0.3951205059,-0.07902410120000003,16.02770097119073,0.3452402312220454,-15.682460739968684,0.0,1.0,0.0,1.0,0.0,1.0,Script18_Regionalised_L2_Native,Script18_Regionalised_L2_Native,True,False,Gamma
POW_Band,10,0.05555555555555556,3.7760583249999997,3.4832946589999993,-0.29276366600000037,0.7112169107,0.3160964047000005,-0.39512050599999954,21.994465598858763,4.327160214090624,-17.66730538476814,0.0,1.0,0.0,1.0,0.0,1.0,Script18_Regionalised_L2_Native,Script18_Regionalised_L2_Native,True,False,Gamma
POW_Band,11,0.061111111111111116,3.4088368300000003,2.9534023610000006,-0.4554344689999996,0.7112169106999996,0.7112169106999999,3.3306690738754696e-16,11.76872580133613,9.94279949861947,-1.8259263027166597,0.0,1.0,0.0,1.0,0.0,1.0,Script18_Regionalised_L2_Native,Script18_Regionalised_L2_Native,True,False,Gamma
POW_Band,12,0.06666666666666667,3.745550284,3.309829509,-0.43572077500000006,0.3951205059,0.6321928095,0.23707230360000003,13.285179831692826,9.417352729583369,-3.867827102109457,0.0,1.0,0.0,1.0,0.0,1.0,Script18_Regionalised_L2_Native,Script18_Regionalised_L2_Native,True,False,Gamma
POW_Band,13,0.07222222222222223,3.7971385539999996,3.139848602,-0.6572899519999997,0.5531687083,0.7112169107000003,0.15804820240000028,15.10086351261069,13.198044535043957,-1.9028189775667332,0.0,1.0,0.0,1.0,0.0,1.0,Script18_Regionalised_L2_Native,Script18_Regionalised_L2_Native,True,False,Gamma
POW_Band,14,0.07777777777777778,3.541732193,3.15655759,-0.3851746030000003,0.5531687083,0.7902410119,0.23707230359999998,17.425044339044817,11.366210478107835,-6.058833860936982,0.0,1.0,0.0,1.0,0.0,1.0,Script18_Regionalised_L2_Native,Script18_Regionalised_L2_Native,True,False,Gamma
POW_Band,15,0.08333333333333334,3.981198333000001,2.7353656009999994,-1.2458327320000016,0.6321928095,0.869265113,0.23707230349999997,18.746851925637245,12.38321009414109,-6.363641831496155,0.0,1.0,0.0,1.0,0.0,1.0,Script18_Regionalised_L2_Native,Script18_Regionalised_L2_Native,True,False,Gamma
POW_Band,16,0.08888888888888889,4.401534298,2.475708653,-1.9258256449999998,0.6321928095,0.869265113,0.23707230349999997,18.326733642877187,18.902145706868122,0.5754120639909353,0.0,1.0,0.0,1.0,0.0,1.0,Script18_Regionalised_L2_Native,Script18_Regionalised_L2_Native,True,False,Gamma
POW_Band,17,0.09444444444444444,4.340434271,2.608539234,-1.7318950370000001,0.3951205059,0.7112169107,0.31609640480000006,12.903712182760625,17.904218414310932,5.0005062315503075,0.0,1.0,0.0,1.0,0.0,1.0,Script18_Regionalised_L2_Native,Script18_Regionalised_L2_Native,True,False,Gamma
POW_Band,18,0.1,3.380303168,3.122898841,-0.25740432700000015,0.9482892142,0.7112169107,-0.23707230349999997,14.587284459738896,10.291073024087432,-4.296211435651465,0.0,1.0,0.0,1.0,0.0,1.0,Script18_Regionalised_L2_Native,Script18_Regionalised_L2_Native,True,False,Gamma
POW_Band,19,0.10555555555555556,3.699870365,2.8944529,-0.8054174650000001,0.6321928095,0.6321928095,0.0,13.075441788469846,15.613843415022771,2.5384016265529254,0.0,1.0,0.0,1.0,0.0,1.0,Script18_Regionalised_L2_Native,Script18_Regionalised_L2_Native,True,False,Gamma
POW_Band,20,0.11111111111111112,3.5678487710000013,2.5298083150000004,-1.038040456000001,0.7112169106999998,0.6321928095,-0.07902410119999981,16.63164983842619,12.109990910348325,-4.521658928077864,0.0,1.0,0.0,1.0,0.0,1.0,Script18_Regionalised_L2_Native,Script18_Regionalised_L2_Native,True,False,Gamma
POW_Band,21,0.11666666666666667,4.100795789,2.770757378,-1.3300384110000003,0.6321928095,0.6321928095,0.0,32.96273819672905,14.449259992659567,-18.513478204069482,0.0,1.0,0.0,1.0,0.0,1.0,Script18_Regionalised_L2_Native,Script18_Regionalised_L2_Native,True,False,Gamma
POW_Band,22,0.12222222222222223,3.876155045999999,3.0530810089999982,-0.8230740370000009,0.7112169107000006,0.6321928095000005,-0.07902410120000014,21.031422045397097,12.796834058483004,-8.234587986914093,0.0,1.0,0.0,1.0,0.0,1.0,Script18_Regionalised_L2_Native,Script18_Regionalised_L2_Native,True,False,Gamma
POW_Band,23,0.1277777777777778,3.567005484000003,2.413626872000003,-1.153378612,0.948289214199998,0.7902410118999992,-0.15804820229999883,17.1887039308281,18.383637043128733,1.1949331123006317,0.0,1.0,0.0,1.0,0.0,1.0,Script18_Regionalised_L2_Native,Script18_Regionalised_L2_Native,True,False,Gamma
POW_Band,24,0.13333333333333333,4.199870365,3.050625893,-1.149244472,0.5531687083,0.6321928095,0.07902410120000003,25.91609104728608,18.348322611521418,-7.567768435764663,0.0,1.0,0.0,1.0,0.0,1.0,Script18_Regionalised_L2_Native,Script18_Regionalised_L2_Native,True,False,Gamma
POW_Band,25,0.1388888888888889,3.844676936,2.78453604,-1.060140896,0.7112169107,0.869265113,0.15804820229999994,26.508612439841496,17.592726778767325,-8.91588566107417,0.0,1.0,0.0,1.0,0.0,1.0,Script18_Regionalised_L2_Native,Script18_Regionalised_L2_Native,True,False,Gamma
POW_Band,26,0.14444444444444446,4.040234116000001,3.3894395289999957,-0.6507945870000049,0.5531687083000008,0.31609640470000117,-0.2370723035999996,24.861268812819343,16.84502120368899,-8.016247609130353,0.0,1.0,0.0,1.0,0.0,1.0,Script18_Regionalised_L2_Native,Script18_Regionalised_L2_Native,True,False,Gamma
POW_Band,27,0.15,4.187851258,2.490588668,-1.6972625900000002,0.7112169107,0.5531687083,-0.15804820240000006,15.283014371896591,11.652510628441611,-3.6305037434549803,0.0,1.0,0.0,1.0,0.0,1.0,Script18_Regionalised_L2_Native,Script18_Regionalised_L2_Native,True,False,Gamma
POW_Band,28,0.15555555555555556,3.364510911,2.478683032,-0.8858278789999998,0.7902410119,0.7112169107,-0.07902410119999992,12.40367616883346,14.977786822107225,2.574110653273765,0.0,1.0,0.0,1.0,0.0,1.0,Script18_Regionalised_L2_Native,Script18_Regionalised_L2_Native,True,False,Gamma
POW_Band,29,0.16111111111111112,3.921273489,2.915036024,-1.0062374649999999,0.7902410119,0.7902410119,0.0,14.930521593870074,18.41143013736606,3.480908543495987,0.0,1.0,0.0,1.0,0.0,1.0,Script18_Regionalised_L2_Native,Script18_Regionalised_L2_Native,True,False,Gamma
POW_Band,30,0.16666666666666669,3.6048375800000008,2.930851443000001,-0.6739861369999995,0.5531687083000004,0.5531687083000004,0.0,15.86907000041226,16.43925303180103,0.5701830313887708,0.0,1.0,0.0,1.0,0.0,1.0,Script18_Regionalised_L2_Native,Script18_Regionalised_L2_Native,True,False,Gamma
POW_Band,31,0.17222222222222222,3.793019347,3.211619998,-0.5813993489999998,0.6321928095,0.6321928095,0.0,16.038770559719104,12.635752953621068,-3.403017606098036,0.0,1.0,0.0,1.0,0.0,1.0,Script18_Regionalised_L2_Native,Script18_Regionalised_L2_Native,True,False,Gamma
POW_Band,32,0.17777777777777778,3.923226016,3.243918713,-0.6793073030000003,0.6321928095,0.4741446071,-0.1580482024,21.779693814745436,15.601491680897297,-6.1782021338481385,0.0,1.0,0.0,1.0,0.0,1.0,Script18_Regionalised_L2_Native,Script18_Regionalised_L2_Native,True,False,Gamma
POW_Band,33,0.18333333333333335,4.2529784909999995,2.8674231619999984,-1.3855553290000011,0.7902410118999987,0.7112169107,-0.0790241011999987,14.544061335726873,12.645907371505189,-1.8981539642216845,0.0,1.0,0.0,1.0,0.0,1.0,Script18_Regionalised_L2_Native,Script18_Regionalised_L2_Native,True,False,Gamma
POW_Band,34,0.18888888888888888,4.057892285,2.543783551,-1.5141087340000001,0.5531687083,0.7112169107,0.15804820240000006,18.92518827627771,10.5164078334033,-8.40878044287441,0.0,1.0,0.0,1.0,0.0,1.0,Script18_Regionalised_L2_Native,Script18_Regionalised_L2_Native,True,False,Gamma
POW_Band,35,0.19444444444444445,3.831846185,2.462038601,-1.3698075839999997,0.5531687083,0.6321928095,0.07902410120000003,16.630623746828263,24.76317842066748,8.132554673839216,0.0,1.0,0.0,1.0,0.0,1.0,Script18_Regionalised_L2_Native,Script18_Regionalised_L2_Native,True,False,Gamma
POW_Band,36,0.2,4.153352743,3.121616026,-1.0317367170000002,0.869265113,0.7902410119,-0.07902410110000002,25.83176021013991,15.205990398287568,-10.625769811852344,0.0,1.0,0.0,1.0,0.0,1.0,Script18_Regionalised_L2_Native,Script18_Regionalised_L2_Native,True,False,Gamma
POW_Band,37,0.20555555555555557,3.8786063190000015,2.554098109000001,-1.3245082100000007,0.4741446071000008,0.8692651129999988,0.395120505899998,14.444087380147652,14.120770843440447,-0.32331653670720506,0.0,1.0,0.0,1.0,0.0,1.0,Script18_Regionalised_L2_Native,Script18_Regionalised_L2_Native,True,False,Gamma
POW_Band,38,0.2111111111111111,4.133494814,2.767782631,-1.3657121829999994,0.6321928095,0.6321928095,0.0,12.596597576878679,14.819668881097485,2.2230713042188057,0.0,1.0,0.0,1.0,0.0,1.0,Script18_Regionalised_L2_Native,Script18_Regionalised_L2_Native,True,False,Gamma
POW_Band,39,0.21666666666666667,3.880798022,3.587771779,-0.2930262429999999,0.7112169107,0.5531687083,-0.15804820240000006,18.467166006321058,9.501410117788199,-8.96575588853286,0.0,1.0,0.0,1.0,0.0,1.0,Script18_Regionalised_L2_Native,Script18_Regionalised_L2_Native,True,False,Gamma
POW_Band,40,0.22222222222222224,3.9621259899999983,3.600769729999998,-0.36135626000000043,0.47414460710000117,0.7112169107,0.23707230359999887,33.163235049801834,11.696376013088466,-21.466859036713366,0.0,1.0,0.0,1.0,0.0,1.0,Script18_Regionalised_L2_Native,Script18_Regionalised_L2_Native,True,False,Gamma
POW_Band,41,0.22777777777777777,3.566099644,3.176598235,-0.38950140899999974,0.7112169107,0.7112169107,0.0,14.931060628738047,17.10023057939715,2.169169950659102,0.0,1.0,0.0,1.0,0.0,1.0,Script18_Regionalised_L2_Native,Script18_Regionalised_L2_Native,True,False,Gamma
POW_Band,42,0.23333333333333334,3.269321087,2.260632461,-1.0086886259999996,0.7902410119,0.7902410119,0.0,20.543010513492064,8.766955156832806,-11.776055356659258,0.0,1.0,0.0,1.0,0.0,1.0,Script18_Regionalised_L2_Native,Script18_Regionalised_L2_Native,True,False,Gamma
POW_Band,43,0.2388888888888889,3.878903915,3.114330339,-0.7645735760000001,0.4741446071,0.6321928095,0.1580482024,17.508700279055866,17.236828576948184,-0.2718717021076813,0.0,1.0,0.0,1.0,0.0,1.0,Script18_Regionalised_L2_Native,Script18_Regionalised_L2_Native,True,False,Gamma
POW_Band,44,0.24444444444444446,3.111350708000004,3.068811276999997,-0.0425394310000069,0.9482892141999977,0.7902410119,-0.15804820229999772,15.030993630522975,14.64795845266337,-0.38303517785960395,0.0,1.0,0.0,1.0,0.0,1.0,Script18_Regionalised_L2_Native,Script18_Regionalised_L2_Native,True,False,Gamma
POW_Band,45,0.25,3.871039034,2.431387535,-1.439651499,0.4741446071,0.7902410119,0.31609640479999995,12.736156887360345,16.49245991807673,3.756303030716385,0.0,1.0,0.0,1.0,0.0,1.0,Script18_Regionalised_L2_Native,Script18_Regionalised_L2_Native,True,False,Gamma
POW_Band,46,0.2555555555555556,3.317199165000006,2.783023122000002,-0.534176043000004,0.6321928094999985,0.5531687083000015,-0.07902410119999692,19.19310761402299,12.635348481679662,-6.557759132343326,0.0,1.0,0.0,1.0,0.0,1.0,Script18_Regionalised_L2_Native,Script18_Regionalised_L2_Native,True,False,Gamma
POW_Band,47,0.2611111111111111,3.927018049,2.986484624,-0.9405334249999999,0.4741446071,0.7112169107,0.23707230360000003,16.215668157045037,14.634807969745587,-1.58086018729945,0.0,1.0,0.0,1.0,0.0,1.0,Script18_Regionalised_L2_Native,Script18_Regionalised_L2_Native,True,False,Gamma
POW_Band,48,0.26666666666666666,3.822791406,3.345980739,-0.4768106670000001,0.7112169107,0.5531687083,-0.15804820240000006,21.71798554797063,14.265025515884481,-7.45296003208615,0.0,1.0,0.0,1.0,0.0,1.0,Script18_Regionalised_L2_Native,Script18_Regionalised_L2_Native,True,False,Gamma
POW_Band,49,0.27222222222222225,3.7744350360000025,2.884477898999993,-0.8899571370000094,0.39512050590000236,0.47414460710000556,0.0790241012000032,16.062919589010626,12.824115966662646,-3.23880362234798,0.0,1.0,0.0,1.0,0.0,1.0,Script18_Regionalised_L2_Native,Script18_Regionalised_L2_Native,True,False,Gamma
POW_Band,50,0.2777777777777778,4.028301385,2.184332741,-1.8439686439999998,0.6321928095,1.027313315,0.3951205055,21.8378546681685,13.48366404087889,-8.35419062728961,0.0,1.0,0.0,1.0,0.0,1.0,Script18_Regionalised_L2_Native,Script18_Regionalised_L2_Native,True,False,Gamma
POW_Band,51,0.2833333333333333,3.879549704,2.651761815,-1.227787889,0.7112169107,0.7902410119,0.07902410119999992,21.380549724131797,15.923896877959764,-5.456652846172032,0.0,1.0,0.0,1.0,0.0,1.0,Script18_Regionalised_L2_Native,Script18_Regionalised_L2_Native,True,False,Gamma
POW_Band,52,0.2888888888888889,3.261131248000007,3.455140970999994,0.19400972299998687,0.7902410119,0.7112169107000008,-0.07902410119999914,12.159628118038269,18.64305504824555,6.483426930207282,0.0,1.0,0.0,1.0,0.0,1.0,Script18_Regionalised_L2_Native,Script18_Regionalised_L2_Native,True,False,Gamma
POW_Band,53,0.29444444444444445,3.986314345,2.848867525,-1.1374468199999996,0.7902410119,0.7902410119,0.0,11.616468087190906,14.85650752421178,3.240039437020874,0.0,1.0,0.0,1.0,0.0,1.0,Script18_Regionalised_L2_Native,Script18_Regionalised_L2_Native,True,False,Gamma
POW_Band,54,0.3,4.072087197,2.812612479,-1.2594747179999999,0.6321928095,0.6321928095,0.0,9.965199401698644,17.185738932751157,7.220539531052513,0.0,1.0,0.0,1.0,0.0,1.0,Script18_Regionalised_L2_Native,Script18_Regionalised_L2_Native,True,False,Gamma
POW_Band,55,0.3055555555555556,3.552166846,2.921770099,-0.6303967469999998,0.7112169107,0.5531687083,-0.15804820240000006,17.856320961013893,13.98148025132296,-3.8748407096909325,0.0,1.0,0.0,1.0,0.0,1.0,Script18_Regionalised_L2_Native,Script18_Regionalised_L2_Native,True,False,Gamma
POW_Band,56,0.3111111111111111,3.495240629,3.328262549,-0.1669780799999998,0.5531687083,0.6321928095,0.07902410120000003,12.198966718354033,20.56646467620409,8.367497957850059,0.0,1.0,0.0,1.0,0.0,1.0,Script18_Regionalised_L2_Native,Script18_Regionalised_L2_Native,True,False,Gamma
POW_Band,57,0.31666666666666665,3.729717623,3.489147117,-0.24057050600000007,0.7112169107,0.6321928095,-0.07902410120000003,16.69049645929887,12.4707497366664,-4.21974672263247,0.0,1.0,0.0,1.0,0.0,1.0,Script18_Regionalised_L2_Native,Script18_Regionalised_L2_Native,True,False,Gamma
POW_Band,58,0.32222222222222224,3.726891492,2.71383012,-1.0130613720000001,0.6321928095,0.7112169107,0.07902410120000003,13.417800996417881,11.924709046182684,-1.493091950235197,0.0,1.0,0.0,1.0,0.0,1.0,Script18_Regionalised_L2_Native,Script18_Regionalised_L2_Native,True,False,Gamma
POW_Band,59,0.3277777777777778,3.240265759,2.655432011,-0.5848337480000003,0.7902410119,0.7902410119,0.0,16.470816219342385,11.274758233096101,-5.196057986246284,0.0,1.0,0.0,1.0,0.0,1.0,Script18_Regionalised_L2_Native,Script18_Regionalised_L2_Native,True,False,Gamma
POW_Band,60,0.33333333333333337,3.76111419,2.7351156300000037,-1.0259985599999961,0.7112169107,0.6321928094999977,-0.07902410120000236,14.442145571496903,11.042827577405657,-3.3993179940912466,0.0,1.0,0.0,1.0,0.0,1.0,Script18_Regionalised_L2_Native,Script18_Regionalised_L2_Native,True,False,Gamma
POW_Band,61,0.3388888888888889,3.767442158,3.077343006,-0.6900991520000002,0.7112169107,0.3951205059,-0.31609640480000006,33.492237665248766,13.217424552024855,-20.27481311322391,0.0,1.0,0.0,1.0,0.0,1.0,Script18_Regionalised_L2_Native,Script18_Regionalised_L2_Native,True,False,Gamma
POW_Band,62,0.34444444444444444,4.021361928,3.074797229,-0.9465646990000001,0.4741446071,0.7902410119,0.31609640479999995,27.925008307407023,17.769679173896215,-10.155329133510808,0.0,1.0,0.0,1.0,0.0,1.0,Script18_Regionalised_L2_Native,Script18_Regionalised_L2_Native,True,False,Gamma
POW_Band,63,0.35000000000000003,3.448947004000001,3.3331458609999953,-0.11580114300000588,0.7112169107000008,0.6321928095000023,-0.07902410119999848,13.441524700190916,15.780656205225034,2.3391315050341177,0.0,1.0,0.0,1.0,0.0,1.0,Script18_Regionalised_L2_Native,Script18_Regionalised_L2_Native,True,False,Gamma
POW_Band,64,0.35555555555555557,3.574381615,2.829316593,-0.7450650219999999,0.7902410119,0.869265113,0.07902410110000002,26.414208894881934,13.707265516243963,-12.706943378637972,0.0,1.0,0.0,1.0,0.0,1.0,Script18_Regionalised_L2_Native,Script18_Regionalised_L2_Native,True,False,Gamma
POW_Band,65,0.3611111111111111,3.825193259,3.022205611,-0.8029876480000002,0.4741446071,0.7112169107,0.23707230360000003,25.59064819942627,19.721700099961467,-5.868948099464802,0.0,1.0,0.0,1.0,0.0,1.0,Script18_Regionalised_L2_Native,Script18_Regionalised_L2_Native,True,False,Gamma
POW_Band,66,0.3666666666666667,3.915234115999998,3.5866029399999926,-0.32863117600000535,0.6321928095000016,0.7112169106999985,0.07902410119999692,32.27137856230747,11.11323629089531,-21.15814227141216,0.0,1.0,0.0,1.0,0.0,1.0,Script18_Regionalised_L2_Native,Script18_Regionalised_L2_Native,True,False,Gamma
POW_Band,67,0.37222222222222223,3.678342029,2.834784371,-0.8435576579999999,0.7902410119,0.5531687083,-0.23707230359999998,18.275739107294864,13.445249652925089,-4.830489454369776,0.0,1.0,0.0,1.0,0.0,1.0,Script18_Regionalised_L2_Native,Script18_Regionalised_L2_Native,True,False,Gamma
POW_Band,68,0.37777777777777777,3.675320279,2.922413359,-0.75290692,0.7112169107,0.869265113,0.15804820229999994,28.35362134867036,22.73233406507743,-5.6212872835929275,0.0,1.0,0.0,1.0,0.0,1.0,Script18_Regionalised_L2_Native,Script18_Regionalised_L2_Native,True,False,Gamma
POW_Band,69,0.38333333333333336,3.81212599,2.607726048,-1.2043999420000002,0.5531687083,0.9482892142,0.39512050590000003,25.28763998109014,21.85049292551527,-3.437147055574872,0.0,1.0,0.0,1.0,0.0,1.0,Script18_Regionalised_L2_Native,Script18_Regionalised_L2_Native,True,False,Gamma
POW_Band,70,0.3888888888888889,3.847087197,3.011707719,-0.8353794780000001,0.7112169107,0.7112169107,0.0,23.5548223557996,18.45459566235384,-5.100226693445762,0.0,1.0,0.0,1.0,0.0,1.0,Script18_Regionalised_L2_Native,Script18_Regionalised_L2_Native,True,False,Gamma
POW_Band,71,0.3944444444444445,4.1771668459999916,3.184190417999998,-0.9929764279999937,0.47414460710000317,0.6321928094999992,0.15804820239999606,26.152683548442617,20.820090416126806,-5.332593132315811,0.0,1.0,0.0,1.0,0.0,1.0,Script18_Regionalised_L2_Native,Script18_Regionalised_L2_Native,True,False,Gamma
POW_Band,72,0.4,3.275696594,2.946092455,-0.32960413899999974,0.7902410119,0.5531687083,-0.23707230359999998,23.22950025577466,12.10606159211876,-11.1234386636559,0.0,1.0,0.0,1.0,0.0,1.0,Script18_Regionalised_L2_Native,Script18_Regionalised_L2_Native,True,False,Gamma
POW_Band,73,0.40555555555555556,3.624394855,2.864274195,-0.7601206599999997,0.6321928095,0.6321928095,0.0,11.774063556949578,10.88892078496119,-0.885142771988388,0.0,1.0,0.0,1.0,0.0,1.0,Script18_Regionalised_L2_Native,Script18_Regionalised_L2_Native,True,False,Gamma
POW_Band,74,0.41111111111111115,3.8957504389999977,3.465937605999995,-0.42981283300000284,0.6321928094999977,0.7112169107000024,0.07902410120000469,13.925459269429632,15.511101209299975,1.5856419398703423,0.0,1.0,0.0,1.0,0.0,1.0,Script18_Regionalised_L2_Native,Script18_Regionalised_L2_Native,True,False,Gamma
POW_Band,75,0.4166666666666667,3.663497047,2.974704509,-0.688792538,0.3951205059,0.9482892142,0.5531687083000001,13.38714477007823,14.359029220944453,0.9718844508662237,0.0,1.0,0.0,1.0,0.0,1.0,Script18_Regionalised_L2_Native,Script18_Regionalised_L2_Native,True,False,Gamma
POW_Band,76,0.4222222222222222,4.108346016,3.280798022,-0.8275479939999997,0.7112169107,0.5531687083,-0.15804820240000006,17.26818151861337,20.154766670842026,2.8865851522286547,0.0,1.0,0.0,1.0,0.0,1.0,Script18_Regionalised_L2_Native,Script18_Regionalised_L2_Native,True,False,Gamma
POW_Band,77,0.4277777777777778,3.4531055100000034,2.8964264870000025,-0.5566790230000009,0.5531687083000023,0.9482892141999969,0.3951205058999946,20.65440805474576,19.3550098236365,-1.299398231109258,0.0,1.0,0.0,1.0,0.0,1.0,Script18_Regionalised_L2_Native,Script18_Regionalised_L2_Native,True,False,Gamma
POW_Band,78,0.43333333333333335,3.819030429,3.160061828,-0.6589686010000002,0.7902410119,0.6321928095,-0.15804820239999995,29.80782554589924,16.99188531764643,-12.81594022825281,0.0,1.0,0.0,1.0,0.0,1.0,Script18_Regionalised_L2_Native,Script18_Regionalised_L2_Native,True,False,Gamma
POW_Band,79,0.4388888888888889,3.665705089,3.374562774,-0.29114231499999965,0.6321928095,0.7112169107,0.07902410120000003,13.633032764661753,19.375678377913047,5.742645613251295,0.0,1.0,0.0,1.0,0.0,1.0,Script18_Regionalised_L2_Native,Script18_Regionalised_L2_Native,True,False,Gamma
POW_Band,80,0.4444444444444445,4.066971183999997,3.3761186829999956,-0.6908525010000015,0.6321928095000008,0.7112169107000016,0.07902410120000081,20.09117363339951,19.53212109498059,-0.5590525384189213,0.0,1.0,0.0,1.0,0.0,1.0,Script18_Regionalised_L2_Native,Script18_Regionalised_L2_Native,True,False,Gamma
POW_Band,81,0.45,3.837326145,2.913989924,-0.923336221,0.7112169107,0.869265113,0.15804820229999994,23.897392188628828,17.385286209166104,-6.512105979462724,0.0,1.0,0.0,1.0,0.0,1.0,Script18_Regionalised_L2_Native,Script18_Regionalised_L2_Native,True,False,Gamma
POW_Band,82,0.45555555555555555,4.510589077,3.576964627,-0.9336244499999995,0.5531687083,0.6321928095,0.07902410120000003,27.67006147155466,12.434300915831376,-15.235760555723285,0.0,1.0,0.0,1.0,0.0,1.0,Script18_Regionalised_L2_Native,Script18_Regionalised_L2_Native,True,False,Gamma
POW_Band,83,0.46111111111111114,3.775106883,2.953208906,-0.8218979769999999,0.7112169107,0.7112169107,0.0,24.529506570117526,19.489346991609132,-5.040159578508394,0.0,1.0,0.0,1.0,0.0,1.0,Script18_Regionalised_L2_Native,Script18_Regionalised_L2_Native,True,False,Gamma
POW_Band,84,0.4666666666666667,4.047373728,2.949166281,-1.098207447,0.6321928095,0.7112169107,0.07902410120000003,28.02146876944297,13.336715964427295,-14.684752805015673,0.0,1.0,0.0,1.0,0.0,1.0,Script18_Regionalised_L2_Native,Script18_Regionalised_L2_Native,True,False,Gamma
POW_Band,85,0.47222222222222227,3.5046544819999985,3.1636108270000003,-0.3410436549999982,0.7902410118999976,0.7112169106999993,-0.07902410119999836,16.71300369794865,15.269063606752647,-1.4439400911960032,0.0,1.0,0.0,1.0,0.0,1.0,Script18_Regionalised_L2_Native,Script18_Regionalised_L2_Native,True,False,Gamma
POW_Band,86,0.4777777777777778,3.367545394,3.228440463,-0.13910493099999988,0.5531687083,0.6321928095,0.07902410120000003,20.14960287209429,19.041697203419034,-1.107905668675258,0.0,1.0,0.0,1.0,0.0,1.0,Script18_Regionalised_L2_Native,Script18_Regionalised_L2_Native,True,False,Gamma
POW_Band,87,0.48333333333333334,3.835677516,2.808074789,-1.027602727,0.5531687083,0.4741446071,-0.07902410119999997,31.066685481205774,19.434925690409173,-11.6317597907966,0.0,1.0,0.0,1.0,0.0,1.0,Script18_Regionalised_L2_Native,Script18_Regionalised_L2_Native,True,False,Gamma
POW_Band,88,0.48888888888888893,4.478955272999997,2.709824635000002,-1.7691306379999947,0.6321928095000016,0.7112169107000008,0.07902410119999925,23.18744792524012,10.3423592468026,-12.845088678437522,0.0,1.0,0.0,1.0,0.0,1.0,Script18_Regionalised_L2_Native,Script18_Regionalised_L2_Native,True,False,Gamma
POW_Band,89,0.49444444444444446,4.158634611,2.932842272,-1.2257923390000003,0.7902410119,0.7902410119,0.0,23.80699126686666,10.45467229295474,-13.35231897391192,0.0,1.0,0.0,1.0,0.0,1.0,Script18_Regionalised_L2_Native,Script18_Regionalised_L2_Native,True,False,Gamma
POW_Band,90,0.5,3.333819772,3.499648431,0.16582865899999977,0.7902410119,0.7902410119,0.0,11.465435937114595,7.971095851806609,-3.494340085307986,0.0,1.0,0.0,1.0,0.0,1.0,Script18_Regionalised_L2_Native,Script18_Regionalised_L2_Native,True,False,Gamma
POW_Band,91,0.5055555555555555,4.048386873,3.775139245,-0.273247628,0.5531687083,0.3951205059,-0.1580482024,25.882659368128394,14.780561137180811,-11.102098230947583,0.0,1.0,0.0,1.0,0.0,1.0,Script18_Regionalised_L2_Native,Script18_Regionalised_L2_Native,True,False,Gamma
POW_Band,92,0.5111111111111112,3.9657571659999973,3.9387899229999785,-0.026967243000018737,0.4741446071000047,0.7902410118999952,0.31609640479999046,15.853057569080098,18.202445891617234,2.349388322537136,0.0,1.0,0.0,1.0,0.0,1.0,Script18_Regionalised_L2_Native,Script18_Regionalised_L2_Native,True,False,Gamma
POW_Band,93,0.5166666666666667,3.830199773,2.875046525,-0.9551532479999998,0.7112169107,0.5531687083,-0.15804820240000006,23.20474423011387,16.513590774811576,-6.691153455302295,0.0,1.0,0.0,1.0,0.0,1.0,Script18_Regionalised_L2_Native,Script18_Regionalised_L2_Native,True,False,Gamma
POW_Band,94,0.5222222222222223,4.079261109,3.273185175,-0.8060759339999999,0.6321928095,0.6321928095,0.0,37.60447127239963,20.576695216734727,-17.0277760556649,0.0,1.0,0.0,1.0,0.0,1.0,Script18_Regionalised_L2_Native,Script18_Regionalised_L2_Native,True,False,Gamma
POW_Band,95,0.5277777777777778,3.871413286,2.55183269,-1.3195805960000002,0.7112169107,0.6321928095,-0.07902410120000003,17.816189378489725,15.209968261414003,-2.6062211170757212,0.0,1.0,0.0,1.0,0.0,1.0,Script18_Regionalised_L2_Native,Script18_Regionalised_L2_Native,True,False,Gamma
POW_Band,96,0.5333333333333333,3.757985005,3.328354806,-0.429630199,0.869265113,0.3951205059,-0.4741446071,29.501820350868808,21.909556307549053,-7.592264043319755,0.0,1.0,0.0,1.0,0.0,1.0,Script18_Regionalised_L2_Native,Script18_Regionalised_L2_Native,True,False,Gamma
POW_Band,97,0.5388888888888889,3.910066027,3.471107633,-0.43895839400000014,0.5531687083,0.6321928095,0.07902410120000003,25.44709428700161,17.83635507638654,-7.610739210615073,0.0,1.0,0.0,1.0,0.0,1.0,Script18_Regionalised_L2_Native,Script18_Regionalised_L2_Native,True,False,Gamma
POW_Band,98,0.5444444444444445,4.202367001999988,3.2416051730000066,-0.9607618289999817,0.7112169107,0.6321928095,-0.07902410120000003,18.672676159725807,23.361833608923845,4.689157449198039,0.0,1.0,0.0,1.0,0.0,1.0,Script18_Regionalised_L2_Native,Script18_Regionalised_L2_Native,True,False,Gamma
POW_Band,99,0.55,3.604603125,3.578938214,-0.025664911000000235,0.7112169107,0.6321928095,-0.07902410120000003,16.797758613249577,13.845489022716293,-2.952269590533284,0.0,1.0,0.0,1.0,0.0,1.0,Script18_Regionalised_L2_Native,Script18_Regionalised_L2_Native,True,False,Gamma
POW_Band,100,0.5555555555555556,3.83611419,3.87020633,0.034092139999999826,0.4741446071,0.7112169107,0.23707230360000003,26.966947385310597,20.641800231432665,-6.325147153877932,0.0,1.0,0.0,1.0,0.0,1.0,Script18_Regionalised_L2_Native,Script18_Regionalised_L2_Native,True,False,Gamma
POW_Band,101,0.5611111111111111,3.589273673,3.579965318,-0.009308354999999935,0.7112169107,0.6321928095,-0.07902410120000003,18.253356691059423,16.043216418121794,-2.210140272937629,0.0,1.0,0.0,1.0,0.0,1.0,Script18_Regionalised_L2_Native,Script18_Regionalised_L2_Native,True,False,Gamma
POW_Band,102,0.5666666666666667,3.061034792,2.987380088,-0.07365470399999996,0.7112169107,0.7902410119,0.07902410119999992,12.487002287804398,16.27560138822541,3.7885991004210133,0.0,1.0,0.0,1.0,0.0,1.0,Script18_Regionalised_L2_Native,Script18_Regionalised_L2_Native,True,False,Gamma
POW_Band,103,0.5722222222222223,3.714099577000002,3.2191881860000113,-0.4949113909999907,0.6321928095000016,0.7902410118999936,0.15804820239999207,13.562936585536495,14.495302331859968,0.9323657463234731,0.0,1.0,0.0,1.0,0.0,1.0,Script18_Regionalised_L2_Native,Script18_Regionalised_L2_Native,True,False,Gamma
POW_Band,104,0.5777777777777778,3.814131938999991,3.786742736999988,-0.027389202000002832,0.7112169106999985,0.4741446071000047,-0.23707230359999376,21.4767387189061,16.462398876064693,-5.014339842841405,0.0,1.0,0.0,1.0,0.0,1.0,Script18_Regionalised_L2_Native,Script18_Regionalised_L2_Native,True,False,Gamma
POW_Band,105,0.5833333333333334,3.339579326,3.190434074,-0.14914525199999984,0.6321928095,0.7112169107,0.07902410120000003,19.981755535296863,20.957324920582053,0.9755693852851905,0.0,1.0,0.0,1.0,0.0,1.0,Script18_Regionalised_L2_Native,Script18_Regionalised_L2_Native,True,False,Gamma
POW_Band,106,0.5888888888888889,3.619170226,3.171542369,-0.4476278570000001,0.6321928095,0.7112169107,0.07902410120000003,23.19997605622224,12.07389808113013,-11.12607797509211,0.0,1.0,0.0,1.0,0.0,1.0,Script18_Regionalised_L2_Native,Script18_Regionalised_L2_Native,True,False,Gamma
POW_Band,107,0.5944444444444444,3.288716324,3.251533285,-0.037183039000000306,0.7902410119,0.7112169107,-0.07902410119999992,13.763031651625553,10.861539667735201,-2.9014919838903523,0.0,1.0,0.0,1.0,0.0,1.0,Script18_Regionalised_L2_Native,Script18_Regionalised_L2_Native,True,False,Gamma
POW_Band,108,0.6,3.738878362,2.731559654,-1.0073187080000001,0.6321928095,0.7902410119,0.15804820239999995,17.926379344075812,17.64537368989438,-0.2810056541814312,0.0,1.0,0.0,1.0,0.0,1.0,Script18_Regionalised_L2_Native,Script18_Regionalised_L2_Native,True,False,Gamma
POW_Band,109,0.6055555555555556,3.8307980219999895,3.389656925999989,-0.4411410960000004,0.6321928095000016,0.47414460710000633,-0.15804820239999523,27.057715740984726,26.514708527697127,-0.5430072132875985,0.0,1.0,0.0,1.0,0.0,1.0,Script18_Regionalised_L2_Native,Script18_Regionalised_L2_Native,True,False,Gamma
POW_Band,110,0.6111111111111112,3.286576881,2.861015207,-0.4255616739999999,0.7112169107,0.7902410119,0.07902410119999992,10.771452075362955,22.138424024515473,11.366971949152518,0.0,1.0,0.0,1.0,0.0,1.0,Script18_Regionalised_L2_Native,Script18_Regionalised_L2_Native,True,False,Gamma
POW_Band,111,0.6166666666666667,3.955220832,3.201570661,-0.7536501710000003,0.7112169107,0.869265113,0.15804820229999994,24.12077453144631,21.332606962671377,-2.7881675687749308,0.0,1.0,0.0,1.0,0.0,1.0,Script18_Regionalised_L2_Native,Script18_Regionalised_L2_Native,True,False,Gamma
POW_Band,112,0.6222222222222222,4.052455441,3.103899378,-0.9485560630000003,0.5531687083,0.7112169107,0.15804820240000006,20.512186914236974,15.91238718789203,-4.599799726344944,0.0,1.0,0.0,1.0,0.0,1.0,Script18_Regionalised_L2_Native,Script18_Regionalised_L2_Native,True,False,Gamma
POW_Band,113,0.6277777777777778,3.569356105,3.386197909,-0.18315819599999994,0.7112169107,0.5531687083,-0.15804820240000006,30.738157636842484,10.859943604530446,-19.878214032312037,0.0,1.0,0.0,1.0,0.0,1.0,Script18_Regionalised_L2_Native,Script18_Regionalised_L2_Native,True,False,Gamma
POW_Band,114,0.6333333333333333,3.457911869,3.67931453,0.22140266099999995,0.7112169107,0.6321928095,-0.07902410120000003,28.552267019095652,15.871057511052054,-12.681209508043597,0.0,1.0,0.0,1.0,0.0,1.0,Script18_Regionalised_L2_Native,Script18_Regionalised_L2_Native,True,False,Gamma
POW_Band,115,0.638888888888889,3.7059378189999945,3.0392869280000085,-0.666650890999986,0.7112169106999985,0.8692651130000015,0.15804820230000305,36.31442991593502,15.75268612607417,-20.561743789860852,0.0,1.0,0.0,1.0,0.0,1.0,Script18_Regionalised_L2_Native,Script18_Regionalised_L2_Native,True,False,Gamma
POW_Band,116,0.6444444444444445,3.43665048,3.46608006,0.029429579999999955,0.6321928095,0.9482892142,0.3160964047,23.675092506493996,21.451809565371242,-2.223282941122754,0.0,1.0,0.0,1.0,0.0,1.0,Script18_Regionalised_L2_Native,Script18_Regionalised_L2_Native,True,False,Gamma
POW_Band,117,0.65,4.03712599,3.571073333,-0.46605265699999965,0.7112169107,0.7902410119,0.07902410119999992,27.507433167348992,20.721670287088955,-6.785762880260037,0.0,1.0,0.0,1.0,0.0,1.0,Script18_Regionalised_L2_Native,Script18_Regionalised_L2_Native,True,False,Gamma
POW_Band,118,0.6555555555555556,3.458294659,2.892855555,-0.5654391039999997,0.7902410119,0.7112169107,-0.07902410119999992,16.093675778352676,11.358920933292172,-4.734754845060504,0.0,1.0,0.0,1.0,0.0,1.0,Script18_Regionalised_L2_Native,Script18_Regionalised_L2_Native,True,False,Gamma
POW_Band,119,0.6611111111111111,3.402203209,3.471719122,0.06951591300000004,0.9482892142,0.5531687083,-0.39512050590000003,33.26693175359162,13.02160500176219,-20.24532675182943,0.0,1.0,0.0,1.0,0.0,1.0,Script18_Regionalised_L2_Native,Script18_Regionalised_L2_Native,True,False,Gamma
POW_Band,120,0.6666666666666667,3.6774531800000028,2.8889812610000116,-0.7884719189999911,0.8692651129999936,0.6321928095000016,-0.2370723034999921,21.044618433843432,17.320316210525267,-3.7243022233181655,0.0,1.0,0.0,1.0,0.0,1.0,Script18_Regionalised_L2_Native,Script18_Regionalised_L2_Native,True,False,Gamma
POW_Band,121,0.6722222222222223,3.801389501,3.472521807,-0.32886769399999993,0.5531687083,0.7112169107,0.15804820240000006,27.867276135118843,17.762751037849924,-10.104525097268919,0.0,1.0,0.0,1.0,0.0,1.0,Script18_Regionalised_L2_Native,Script18_Regionalised_L2_Native,True,False,Gamma
POW_Band,122,0.6777777777777778,4.154749859,3.22730917,-0.927440689,0.3951205059,0.4741446071,0.07902410120000003,32.815516811536995,23.47723892362643,-9.338277887910564,0.0,1.0,0.0,1.0,0.0,1.0,Script18_Regionalised_L2_Native,Script18_Regionalised_L2_Native,True,False,Gamma
POW_Band,123,0.6833333333333333,3.47528098,3.184428479,-0.2908525009999998,0.7902410119,0.4741446071,-0.31609640479999995,22.677179723866328,18.418405363205324,-4.258774360661004,0.0,1.0,0.0,1.0,0.0,1.0,Script18_Regionalised_L2_Native,Script18_Regionalised_L2_Native,True,False,Gamma
POW_Band,124,0.6888888888888889,4.413374308,3.291443598,-1.12193071,0.6321928095,0.6321928095,0.0,21.1039348502741,18.055842797514266,-3.0480920527598343,0.0,1.0,0.0,1.0,0.0,1.0,Script18_Regionalised_L2_Native,Script18_Regionalised_L2_Native,True,False,Gamma
POW_Band,125,0.6944444444444444,3.931523291,3.22371255,-0.7078107409999999,0.6321928095,0.7112169107,0.07902410120000003,19.167543272368764,14.061746589003565,-5.105796683365199,0.0,1.0,0.0,1.0,0.0,1.0,Script18_Regionalised_L2_Native,Script18_Regionalised_L2_Native,True,False,Gamma
POW_Band,126,0.7000000000000001,3.589998941999997,2.9089061480000122,-0.6810927939999849,0.6321928094999985,0.7112169107,0.07902410120000158,27.919939155178685,16.137708230266938,-11.782230924911747,0.0,1.0,0.0,1.0,0.0,1.0,Script18_Regionalised_L2_Native,Script18_Regionalised_L2_Native,True,False,Gamma
POW_Band,127,0.7055555555555556,3.450631997,3.535005669,0.0843736719999999,0.5531687083,0.7112169107,0.15804820240000006,17.409131790351488,13.711020605106997,-3.698111185244491,0.0,1.0,0.0,1.0,0.0,1.0,Script18_Regionalised_L2_Native,Script18_Regionalised_L2_Native,True,False,Gamma
POW_Band,128,0.7111111111111111,3.856523291,3.466448135,-0.390075156,0.7112169107,0.6321928095,-0.07902410120000003,18.62666554065259,18.74018382654522,0.11351828589263135,0.0,1.0,0.0,1.0,0.0,1.0,Script18_Regionalised_L2_Native,Script18_Regionalised_L2_Native,True,False,Gamma
POW_Band,129,0.7166666666666667,4.256957901,2.765993684,-1.4909642169999997,0.5531687083,0.7112169107,0.15804820240000006,34.93010069235572,19.853365318109173,-15.07673537424655,0.0,1.0,0.0,1.0,0.0,1.0,Script18_Regionalised_L2_Native,Script18_Regionalised_L2_Native,True,False,Gamma
POW_Band,130,0.7222222222222222,3.910877671,3.60269196,-0.30818571100000014,0.3951205059,0.4741446071,0.07902410120000003,31.70763017177388,18.01284601905487,-13.69478415271901,0.0,1.0,0.0,1.0,0.0,1.0,Script18_Regionalised_L2_Native,Script18_Regionalised_L2_Native,True,False,Gamma
POW_Band,131,0.7277777777777779,3.791159539999998,3.847300591999988,0.056141051999989866,0.47414460710000156,0.39512050590000786,-0.0790241011999937,14.374419005091335,21.374197349423937,6.9997783443326025,0.0,1.0,0.0,1.0,0.0,1.0,Script18_Regionalised_L2_Native,Script18_Regionalised_L2_Native,True,False,Gamma
POW_Band,132,0.7333333333333334,3.680925042,3.2426533360000023,-0.4382717059999979,0.5531687083,0.7902410118999968,0.23707230359999687,8.58342849564465,27.11711501581967,18.53368652017502,0.0,1.0,0.0,1.0,0.0,1.0,Script18_Regionalised_L2_Native,Script18_Regionalised_L2_Native,True,False,Gamma
POW_Band,133,0.7388888888888889,3.678630624,3.359480555,-0.319150069,0.5531687083,0.6321928095,0.07902410120000003,14.047180834370849,12.377947889678417,-1.6692329446924319,0.0,1.0,0.0,1.0,0.0,1.0,Script18_Regionalised_L2_Native,Script18_Regionalised_L2_Native,True,False,Gamma
POW_Band,134,0.7444444444444445,4.062414585,4.025969886,-0.03644469899999958,0.7112169107,0.3160964047,-0.39512050600000004,24.71838913266504,16.931834448664418,-7.78655468400062,0.0,1.0,0.0,1.0,0.0,1.0,Script18_Regionalised_L2_Native,Script18_Regionalised_L2_Native,True,False,Gamma
POW_Band,135,0.75,3.98712599,3.481736686,-0.5053893039999999,0.6321928095,0.5531687083,-0.07902410120000003,23.627362271952883,13.96619053291637,-9.661171739036513,0.0,1.0,0.0,1.0,0.0,1.0,Script18_Regionalised_L2_Native,Script18_Regionalised_L2_Native,True,False,Gamma
POW_Band,136,0.7555555555555555,3.821413286,3.63822551,-0.18318777600000002,0.7112169107,0.7902410119,0.07902410119999992,22.45048446701221,17.410604809647968,-5.039879657364242,0.0,1.0,0.0,1.0,0.0,1.0,Script18_Regionalised_L2_Native,Script18_Regionalised_L2_Native,True,False,Gamma
POW_Band,137,0.7611111111111112,3.437483184000007,3.4685766970000094,0.031093513000002293,0.8692651129999952,0.7112169107000016,-0.1580482022999936,21.267252975448955,35.97276132155165,14.705508346102697,0.0,1.0,0.0,1.0,0.0,1.0,Script18_Regionalised_L2_Native,Script18_Regionalised_L2_Native,True,False,Gamma
POW_Band,138,0.7666666666666667,3.788374308,3.924547471,0.13617316300000004,0.6321928095,0.7902410119,0.15804820239999995,21.32439632784382,27.312126108544433,5.987729780700612,0.0,1.0,0.0,1.0,0.0,1.0,Script18_Regionalised_L2_Native,Script18_Regionalised_L2_Native,True,False,Gamma
POW_Band,139,0.7722222222222223,3.808381035,3.763408608,-0.044972426999999815,0.5531687083,0.7112169107,0.15804820240000006,14.462319992603987,25.337858889034187,10.8755388964302,0.0,1.0,0.0,1.0,0.0,1.0,Script18_Regionalised_L2_Native,Script18_Regionalised_L2_Native,True,False,Gamma
POW_Band,140,0.7777777777777778,3.535931093,3.252594519,-0.2833365739999998,0.6321928095,0.6321928095,0.0,14.487141446574478,25.352976235464638,10.86583478889016,0.0,1.0,0.0,1.0,0.0,1.0,Script18_Regionalised_L2_Native,Script18_Regionalised_L2_Native,True,False,Gamma
POW_Band,141,0.7833333333333333,3.751133987,3.067328378,-0.6838056089999998,0.7112169107,0.7902410119,0.07902410119999992,20.10712650022734,27.224706126322438,7.117579626095097,0.0,1.0,0.0,1.0,0.0,1.0,Script18_Regionalised_L2_Native,Script18_Regionalised_L2_Native,True,False,Gamma
POW_Band,142,0.788888888888889,3.7912108969999934,2.708163970000006,-1.0830469269999874,0.5531687083,0.9482892141999969,0.3951205058999969,20.76728777625911,26.622998137804288,5.855710361545178,0.0,1.0,0.0,1.0,0.0,1.0,Script18_Regionalised_L2_Native,Script18_Regionalised_L2_Native,True,False,Gamma
POW_Band,143,0.7944444444444445,3.4536756370000137,2.997818643000008,-0.4558569940000057,0.5531687083,0.7902410118999968,0.23707230359999687,16.51327301684044,26.993585011307587,10.480311994467147,0.0,1.0,0.0,1.0,0.0,1.0,Script18_Regionalised_L2_Native,Script18_Regionalised_L2_Native,True,False,Gamma
POW_Band,144,0.8,4.135911971,3.389581852,-0.7463301189999996,0.5531687083,0.6321928095,0.07902410120000003,15.896762029801708,28.78760997445331,12.890847944651602,0.0,1.0,0.0,1.0,0.0,1.0,Script18_Regionalised_L2_Native,Script18_Regionalised_L2_Native,True,False,Gamma
POW_Band,145,0.8055555555555556,3.919990871,2.832461955,-1.0875289160000001,0.7112169107,0.6321928095,-0.07902410120000003,36.06148875205068,20.466836605243774,-15.594652146806904,0.0,1.0,0.0,1.0,0.0,1.0,Script18_Regionalised_L2_Native,Script18_Regionalised_L2_Native,True,False,Gamma
POW_Band,146,0.8111111111111111,3.623133296,3.277018049,-0.34611524699999974,0.7112169107,0.5531687083,-0.15804820240000006,29.889847651255273,13.366117587133372,-16.5237300641219,0.0,1.0,0.0,1.0,0.0,1.0,Script18_Regionalised_L2_Native,Script18_Regionalised_L2_Native,True,False,Gamma
POW_Band,147,0.8166666666666667,3.384426541,3.255038256,-0.12938828499999966,0.869265113,0.6321928095,-0.23707230349999997,22.391006543785764,12.037232936293897,-10.353773607491867,0.0,1.0,0.0,1.0,0.0,1.0,Script18_Regionalised_L2_Native,Script18_Regionalised_L2_Native,True,False,Gamma
POW_Band,148,0.8222222222222223,3.1789192190000075,3.5558171440000033,0.37689792499999575,0.7112169107000016,0.6321928095,-0.07902410120000158,23.809061705755354,27.019127866517653,3.210066160762299,0.0,1.0,0.0,1.0,0.0,1.0,Script18_Regionalised_L2_Native,Script18_Regionalised_L2_Native,True,False,Gamma
POW_Band,149,0.8277777777777778,3.553415165000009,3.7057980220000006,0.15238285699999166,0.7902410119,0.6321928094999969,-0.15804820240000306,22.247866138917,29.721325538376067,7.473459399459067,0.0,1.0,0.0,1.0,0.0,1.0,Script18_Regionalised_L2_Native,Script18_Regionalised_L2_Native,True,False,Gamma
POW_Band,150,0.8333333333333334,3.99502517,3.736200566,-0.25882460399999996,0.7902410119,0.4741446071,-0.31609640479999995,31.756162795700938,20.566487150406083,-11.189675645294855,0.0,1.0,0.0,1.0,0.0,1.0,Script18_Regionalised_L2_Native,Script18_Regionalised_L2_Native,True,False,Gamma
POW_Band,151,0.8388888888888889,3.643992311,3.832588512,0.18859620100000019,0.5531687083,0.5531687083,0.0,33.54879532739474,21.8901731457349,-11.658622181659844,0.0,1.0,0.0,1.0,0.0,1.0,Script18_Regionalised_L2_Native,Script18_Regionalised_L2_Native,True,False,Gamma
POW_Band,152,0.8444444444444444,3.68260369,2.751240703,-0.931362987,0.5531687083,0.7902410119,0.23707230359999998,25.126717894533478,18.952898101185173,-6.173819793348304,0.0,1.0,0.0,1.0,0.0,1.0,Script18_Regionalised_L2_Native,Script18_Regionalised_L2_Native,True,False,Gamma
POW_Band,153,0.85,3.84217134,3.538301172,-0.303870168,0.6321928095,0.4741446071,-0.1580482024,24.750528207407193,20.58817107607279,-4.162357131334403,0.0,1.0,0.0,1.0,0.0,1.0,Script18_Regionalised_L2_Native,Script18_Regionalised_L2_Native,True,False,Gamma
POW_Band,154,0.8555555555555556,3.5684196579999963,3.209749831000003,-0.3586698269999933,0.5531687083000015,0.8692651129999936,0.3160964046999921,22.28831018544375,24.76818992012158,2.47987973467783,0.0,1.0,0.0,1.0,0.0,1.0,Script18_Regionalised_L2_Native,Script18_Regionalised_L2_Native,True,False,Gamma
POW_Band,155,0.8611111111111112,3.382171099,3.35887113,-0.023299968999999976,0.6321928095,0.5531687083,-0.07902410120000003,29.611118568953444,17.972505037166435,-11.638613531787009,0.0,1.0,0.0,1.0,0.0,1.0,Script18_Regionalised_L2_Native,Script18_Regionalised_L2_Native,True,False,Gamma
POW_Band,156,0.8666666666666667,3.787341449,3.203228249,-0.5841132,0.6321928095,0.6321928095,0.0,31.769930736098992,16.98090548052579,-14.7890252555732,0.0,1.0,0.0,1.0,0.0,1.0,Script18_Regionalised_L2_Native,Script18_Regionalised_L2_Native,True,False,Gamma
POW_Band,157,0.8722222222222222,4.117442158,3.524723631,-0.5927185270000002,0.4741446071,0.6321928095,0.1580482024,29.700753996579074,11.883451180850297,-17.817302815728777,0.0,1.0,0.0,1.0,0.0,1.0,Script18_Regionalised_L2_Native,Script18_Regionalised_L2_Native,True,False,Gamma
POW_Band,158,0.8777777777777778,3.733668911,4.330047688,0.5963787769999995,0.7112169107,0.626158025,-0.08505888570000009,25.185894372779565,19.23003773870909,-5.955856634070475,0.0,1.0,0.0,1.0,0.0,1.0,Script18_Regionalised_L2_Native,Script18_Regionalised_L2_Native,True,False,Gamma
POW_Band,159,0.8833333333333334,3.847085132999984,2.9767734320000128,-0.870311700999971,0.7112169107000046,0.6321928095000016,-0.07902410120000303,21.796275768971604,19.44419544920589,-2.352080319765715,0.0,1.0,0.0,1.0,0.0,1.0,Script18_Regionalised_L2_Native,Script18_Regionalised_L2_Native,True,False,Gamma
POW_Band,160,0.888888888888889,3.0308270639999977,3.617242002000001,0.5864149380000034,0.9392370375000002,0.7112169106999985,-0.22802012680000172,23.457099672630093,19.622420938207224,-3.8346787344228694,0.0,1.0,0.0,1.0,0.0,1.0,Script18_Regionalised_L2_Native,Script18_Regionalised_L2_Native,True,False,Gamma
POW_Band,161,0.8944444444444445,2.91824875,3.67524668,0.7569979299999998,0.9482892142,0.6321928095,-0.3160964047,39.268185192903466,15.229138877147182,-24.039046315756284,0.0,1.0,0.0,1.0,0.0,1.0,Script18_Regionalised_L2_Native,Script18_Regionalised_L2_Native,True,False,Gamma
POW_Band,162,0.9,3.545252688,4.061331403,0.5160787149999995,0.4741446071,0.5531687083,0.07902410119999997,25.303627934393166,23.86096477246403,-1.4426631619291364,0.0,1.0,0.0,1.0,0.0,1.0,Script18_Regionalised_L2_Native,Script18_Regionalised_L2_Native,True,False,Gamma
POW_Band,163,0.9055555555555556,3.048456191,4.246273489,1.197817298,0.7112169107,0.6321928095,-0.07902410120000003,33.362104125673696,19.366468269963374,-13.995635855710322,0.0,1.0,0.0,1.0,0.0,1.0,Script18_Regionalised_L2_Native,Script18_Regionalised_L2_Native,True,False,Gamma
POW_Band,164,0.9111111111111111,3.953789417,4.178903915,0.22511449800000038,0.6321928095,0.5531687083,-0.07902410120000003,37.52539475513327,16.744903559134805,-20.780491195998465,0.0,1.0,0.0,1.0,0.0,1.0,Script18_Regionalised_L2_Native,Script18_Regionalised_L2_Native,True,False,Gamma
POW_Band,165,0.9166666666666667,3.836581162000002,3.5542781670000037,-0.28230299499999845,0.7112169107,0.6321928094999985,-0.07902410120000158,13.573106874223452,19.75558755721205,6.182480682988597,0.0,1.0,0.0,1.0,0.0,1.0,Script18_Regionalised_L2_Native,Script18_Regionalised_L2_Native,True,False,Gamma
POW_Band,166,0.9222222222222223,3.954569288,3.734306459,-0.22026282900000016,0.7112169107,0.5531687083,-0.15804820240000006,38.10515272924919,17.49628855316174,-20.60886417608745,0.0,1.0,0.0,1.0,0.0,1.0,Script18_Regionalised_L2_Native,Script18_Regionalised_L2_Native,True,False,Gamma
POW_Band,167,0.9277777777777778,3.944790716,3.498744786,-0.4460459299999999,0.4741446071,0.5531687083,0.07902410119999997,46.5014378969902,23.722231204489887,-22.77920669250031,0.0,1.0,0.0,1.0,0.0,1.0,Script18_Regionalised_L2_Native,Script18_Regionalised_L2_Native,True,False,Gamma
POW_Band,168,0.9333333333333333,3.408144319,3.601441578,0.1932972590000004,0.6321928095,0.7112169107,0.07902410120000003,48.188918040140635,28.64007234424902,-19.548845695891615,0.0,1.0,0.0,1.0,0.0,1.0,Script18_Regionalised_L2_Native,Script18_Regionalised_L2_Native,True,False,Gamma
POW_Band,169,0.9388888888888889,3.597810402,2.744859315,-0.8529510870000001,0.7112169107,0.869265113,0.15804820229999994,34.83803022641166,26.101118336198148,-8.736911890213513,0.0,1.0,0.0,1.0,0.0,1.0,Script18_Regionalised_L2_Native,Script18_Regionalised_L2_Native,True,False,Gamma
POW_Band,170,0.9444444444444445,3.796161772999997,3.4065575900000007,-0.38960418299999633,0.5531687082999984,0.7112169106999985,0.15804820240000006,37.17660193761211,24.538314208956702,-12.63828772865541,0.0,1.0,0.0,1.0,0.0,1.0,Script18_Regionalised_L2_Native,Script18_Regionalised_L2_Native,True,False,Gamma
POW_Band,171,0.9500000000000001,3.639388172000008,3.451334142000012,-0.188054029999996,0.47414460710000317,0.6321928095,0.15804820239999684,34.10673985955666,18.227410614651873,-15.879329244904788,0.0,1.0,0.0,1.0,0.0,1.0,Script18_Regionalised_L2_Native,Script18_Regionalised_L2_Native,True,False,Gamma
POW_Band,172,0.9555555555555556,4.049870365,4.056923601,0.007053235999999963,0.6321928095,0.6321928095,0.0,25.871422827135646,26.043529684357186,0.1721068572215394,0.0,1.0,0.0,1.0,0.0,1.0,Script18_Regionalised_L2_Native,Script18_Regionalised_L2_Native,True,False,Gamma
POW_Band,173,0.9611111111111111,4.076318839,3.789796723,-0.286522116,0.4741446071,0.7112169107,0.23707230360000003,33.17478244735695,22.780370481143112,-10.394411966213834,0.0,1.0,0.0,1.0,0.0,1.0,Script18_Regionalised_L2_Native,Script18_Regionalised_L2_Native,True,False,Gamma
POW_Band,174,0.9666666666666667,4.334017864,3.556264994,-0.7777528699999996,0.6321928095,0.6321928095,0.0,38.42667752302381,13.977746275606396,-24.448931247417416,0.0,1.0,0.0,1.0,0.0,1.0,Script18_Regionalised_L2_Native,Script18_Regionalised_L2_Native,True,False,Gamma
POW_Band,175,0.9722222222222222,4.316482434,3.931120916,-0.3853615180000003,0.6321928095,0.5531687083,-0.07902410120000003,25.92232347559846,20.531676668859575,-5.390646806738886,0.0,1.0,0.0,1.0,0.0,1.0,Script18_Regionalised_L2_Native,Script18_Regionalised_L2_Native,True,False,Gamma
POW_Band,176,0.9777777777777779,3.865197555000005,3.692851428000003,-0.17234612700000174,0.7112169107,0.7112169107,0.0,28.704539876897424,20.316236651097313,-8.388303225800112,0.0,1.0,0.0,1.0,0.0,1.0,Script18_Regionalised_L2_Native,Script18_Regionalised_L2_Native,True,False,Gamma
POW_Band,177,0.9833333333333334,4.10265559699999,3.8402341159999995,-0.26242148099999074,0.7112169107000016,0.7112169106999953,-6.328271240363392e-15,37.66375139559569,28.16365690567433,-9.50009448992136,0.0,1.0,0.0,1.0,0.0,1.0,Script18_Regionalised_L2_Native,Script18_Regionalised_L2_Native,True,False,Gamma
POW_Band,178,0.9888888888888889,3.607474013,3.81111419,0.20364017700000003,0.7902410119,0.4741446071,-0.31609640479999995,23.647421677068095,19.47760710340269,-4.1698145736654055,0.0,1.0,0.0,1.0,0.0,1.0,Script18_Regionalised_L2_Native,Script18_Regionalised_L2_Native,True,False,Gamma
POW_Band,179,0.9944444444444445,4.299958804,3.021486687,-1.2784721170000002,0.6321928095,0.7112169107,0.07902410120000003,33.50740861565606,16.360629789203614,-17.146778826452447,0.0,1.0,0.0,1.0,0.0,1.0,Script18_Regionalised_L2_Native,Script18_Regionalised_L2_Native,True,False,Gamma
POW_Band,180,1.0,4.061942893,3.038578664,-1.0233642290000002,0.6321928095,0.7902410119,0.15804820239999995,35.12716677605349,24.784688739061103,-10.34247803699239,0.0,1.0,0.0,1.0,0.0,1.0,Script18_Regionalised_L2_Native,Script18_Regionalised_L2_Native,True,False,Gamma
POW_Band,0,0.0,1.384170271,0.9599377176,-0.4242325533999999,0.3130790125,0.4696185187,0.1565395062,2.041932811010036,3.6084741577905786,1.5665413467805425,0.0,1.0,0.0,1.0,0.0,1.0,Script18_Regionalised_L2_Native,Script18_Regionalised_L2_Native,True,False,Theta
POW_Band,1,0.005555555555555556,1.692406418,1.106001125,-0.5864052930000001,0.6321928095,0.4741446071,-0.1580482024,14.28676292811834,4.9894685416443325,-9.297294386474007,0.0,1.0,0.0,1.0,0.0,1.0,Script18_Regionalised_L2_Native,Script18_Regionalised_L2_Native,True,False,Theta
POW_Band,2,0.011111111111111112,1.707543201,1.139275202,-0.5682679989999999,0.3160964047,0.6321928095,0.3160964048,3.1526608772301685,5.973053346792758,2.8203924695625897,0.0,1.0,0.0,1.0,0.0,1.0,Script18_Regionalised_L2_Native,Script18_Regionalised_L2_Native,True,False,Theta
POW_Band,3,0.016666666666666666,2.278921011,1.678862862,-0.6000581490000001,0.7112169107,0.5531687083,-0.15804820240000006,15.187898281490778,14.778952057820405,-0.40894622367037314,0.0,1.0,0.0,1.0,0.0,1.0,Script18_Regionalised_L2_Native,Script18_Regionalised_L2_Native,True,False,Theta
POW_Band,4,0.022222222222222223,1.739714365,1.342295423,-0.39741894200000005,0.7902410119,0.7112169107,-0.07902410119999992,12.450344489997683,12.118671518352073,-0.3316729716456095,0.0,1.0,0.0,1.0,0.0,1.0,Script18_Regionalised_L2_Native,Script18_Regionalised_L2_Native,True,False,Theta
POW_Band,5,0.02777777777777778,2.5873153409999996,1.8263641609999994,-0.7609511800000002,0.6321928095,0.6321928094999999,-1.1102230246251565e-16,13.465221202175618,14.429111649654692,0.9638904474790735,0.0,1.0,0.0,1.0,0.0,1.0,Script18_Regionalised_L2_Native,Script18_Regionalised_L2_Native,True,False,Theta
POW_Band,6,0.03333333333333333,2.069345667,0.7219280949,-1.3474175721,0.5531687083,0.4741446071,-0.07902410119999997,14.897682985621952,5.388584836362053,-9.509098149259898,0.0,1.0,0.0,1.0,0.0,1.0,Script18_Regionalised_L2_Native,Script18_Regionalised_L2_Native,True,False,Theta
POW_Band,7,0.03888888888888889,1.500645789,0.9959386076,-0.5047071814,0.6321928095,0.4741446071,-0.1580482024,11.47649930961039,4.722635341739483,-6.753863967870906,0.0,1.0,0.0,1.0,0.0,1.0,Script18_Regionalised_L2_Native,Script18_Regionalised_L2_Native,True,False,Theta
POW_Band,8,0.044444444444444446,2.45855327,0.5435644432,-1.9149888268,0.5531687083,0.7902410119,0.23707230359999998,13.201001931317794,4.8429463189740245,-8.358055612343769,0.0,1.0,0.0,1.0,0.0,1.0,Script18_Regionalised_L2_Native,Script18_Regionalised_L2_Native,True,False,Theta
POW_Band,9,0.05,2.292835531,0.3843115441,-1.9085239869000001,0.3160964047,0.3951205059,0.07902410119999997,16.02770097119073,0.3452402312220454,-15.682460739968684,0.0,1.0,0.0,1.0,0.0,1.0,Script18_Regionalised_L2_Native,Script18_Regionalised_L2_Native,True,False,Theta
POW_Band,10,0.05555555555555556,3.054743557999999,0.42806962920000013,-2.626673928799999,0.4741446071000002,0.6321928095,0.15804820239999978,21.994465598858763,4.327160214090624,-17.66730538476814,0.0,1.0,0.0,1.0,0.0,1.0,Script18_Regionalised_L2_Native,Script18_Regionalised_L2_Native,True,False,Theta
POW_Band,11,0.061111111111111116,2.0045146849999993,0.5074109637000007,-1.4971037212999985,0.6321928094999996,0.6321928095,4.440892098500626e-16,11.76872580133613,9.94279949861947,-1.8259263027166597,0.0,1.0,0.0,1.0,0.0,1.0,Script18_Regionalised_L2_Native,Script18_Regionalised_L2_Native,True,False,Theta
POW_Band,12,0.06666666666666667,1.416361355,0.9995491108,-0.41681224420000007,0.3160964047,0.6321928095,0.3160964048,13.285179831692826,9.417352729583369,-3.867827102109457,0.0,1.0,0.0,1.0,0.0,1.0,Script18_Regionalised_L2_Native,Script18_Regionalised_L2_Native,True,False,Theta
POW_Band,13,0.07222222222222223,2.429412285,1.5085735339999982,-0.920838751000002,0.5531687083000002,0.4741446071000008,-0.07902410119999942,15.10086351261069,13.198044535043957,-1.9028189775667332,0.0,1.0,0.0,1.0,0.0,1.0,Script18_Regionalised_L2_Native,Script18_Regionalised_L2_Native,True,False,Theta
POW_Band,14,0.07777777777777778,2.460633497,0.8304955225,-1.6301379744999998,0.6321928095,0.7902410119,0.15804820239999995,17.425044339044817,11.366210478107835,-6.058833860936982,0.0,1.0,0.0,1.0,0.0,1.0,Script18_Regionalised_L2_Native,Script18_Regionalised_L2_Native,True,False,Theta
POW_Band,15,0.08333333333333334,2.6144661729999994,0.9981958790000003,-1.616270293999999,0.4741446071000002,0.7902410119000002,0.31609640479999995,18.746851925637245,12.38321009414109,-6.363641831496155,0.0,1.0,0.0,1.0,0.0,1.0,Script18_Regionalised_L2_Native,Script18_Regionalised_L2_Native,True,False,Theta
POW_Band,16,0.08888888888888889,2.400182455,1.14448832,-1.255694135,0.5531687083,0.869265113,0.3160964047,18.326733642877187,18.902145706868122,0.5754120639909353,0.0,1.0,0.0,1.0,0.0,1.0,Script18_Regionalised_L2_Native,Script18_Regionalised_L2_Native,True,False,Theta
POW_Band,17,0.09444444444444444,2.516575509,1.735680815,-0.7808946939999999,0.5531687083,0.6321928095,0.07902410120000003,12.903712182760625,17.904218414310932,5.0005062315503075,0.0,1.0,0.0,1.0,0.0,1.0,Script18_Regionalised_L2_Native,Script18_Regionalised_L2_Native,True,False,Theta
POW_Band,18,0.1,2.213855924,1.491828593,-0.7220273310000003,0.5531687083,0.5531687083,0.0,14.587284459738896,10.291073024087432,-4.296211435651465,0.0,1.0,0.0,1.0,0.0,1.0,Script18_Regionalised_L2_Native,Script18_Regionalised_L2_Native,True,False,Theta
POW_Band,19,0.10555555555555556,2.397703321,1.438499616,-0.9592037049999997,0.7112169107,0.6321928095,-0.07902410120000003,13.075441788469846,15.613843415022771,2.5384016265529254,0.0,1.0,0.0,1.0,0.0,1.0,Script18_Regionalised_L2_Native,Script18_Regionalised_L2_Native,True,False,Theta
POW_Band,20,0.11111111111111112,2.2054966080000007,0.9544340029000011,-1.2510626050999996,0.6321928095,0.7112169107000006,0.07902410120000058,16.63164983842619,12.109990910348325,-4.521658928077864,0.0,1.0,0.0,1.0,0.0,1.0,Script18_Regionalised_L2_Native,Script18_Regionalised_L2_Native,True,False,Theta
POW_Band,21,0.11666666666666667,2.516176932,1.418049125,-1.098127807,0.6321928095,0.9482892142,0.3160964047,32.96273819672905,14.449259992659567,-18.513478204069482,0.0,1.0,0.0,1.0,0.0,1.0,Script18_Regionalised_L2_Native,Script18_Regionalised_L2_Native,True,False,Theta
POW_Band,22,0.12222222222222223,1.9422347709999985,1.6797198029999996,-0.26251496799999896,0.5531687083000004,0.6321928095,0.07902410119999959,21.031422045397097,12.796834058483004,-8.234587986914093,0.0,1.0,0.0,1.0,0.0,1.0,Script18_Regionalised_L2_Native,Script18_Regionalised_L2_Native,True,False,Theta
POW_Band,23,0.1277777777777778,1.3578496100000024,1.474232869999997,0.11638325999999455,0.7112169107,0.6321928095000005,-0.07902410119999959,17.1887039308281,18.383637043128733,1.1949331123006317,0.0,1.0,0.0,1.0,0.0,1.0,Script18_Regionalised_L2_Native,Script18_Regionalised_L2_Native,True,False,Theta
POW_Band,24,0.13333333333333333,1.831604724,0.8654698974,-0.9661348265999999,0.7112169107,0.7112169107,0.0,25.91609104728608,18.348322611521418,-7.567768435764663,0.0,1.0,0.0,1.0,0.0,1.0,Script18_Regionalised_L2_Native,Script18_Regionalised_L2_Native,True,False,Theta
POW_Band,25,0.1388888888888889,2.175941272,1.472827356,-0.7031139160000002,0.7112169107,0.6321928095,-0.07902410120000003,26.508612439841496,17.592726778767325,-8.91588566107417,0.0,1.0,0.0,1.0,0.0,1.0,Script18_Regionalised_L2_Native,Script18_Regionalised_L2_Native,True,False,Theta
POW_Band,26,0.14444444444444446,2.176880095,1.516327151,-0.660552944,0.5531687083000008,0.5531687082999995,-1.2212453270876722e-15,24.861268812819343,16.84502120368899,-8.016247609130353,0.0,1.0,0.0,1.0,0.0,1.0,Script18_Regionalised_L2_Native,Script18_Regionalised_L2_Native,True,False,Theta
POW_Band,27,0.15,2.211912075,1.500543443,-0.7113686319999999,0.7112169107,0.4741446071,-0.23707230360000003,15.283014371896591,11.652510628441611,-3.6305037434549803,0.0,1.0,0.0,1.0,0.0,1.0,Script18_Regionalised_L2_Native,Script18_Regionalised_L2_Native,True,False,Theta
POW_Band,28,0.15555555555555556,1.985518556,2.070260676,0.08474212000000025,0.7112169107,0.7112169107,0.0,12.40367616883346,14.977786822107225,2.574110653273765,0.0,1.0,0.0,1.0,0.0,1.0,Script18_Regionalised_L2_Native,Script18_Regionalised_L2_Native,True,False,Theta
POW_Band,29,0.16111111111111112,1.942578006,1.646286575,-0.296291431,0.6321928095,0.5531687083,-0.07902410120000003,14.930521593870074,18.41143013736606,3.480908543495987,0.0,1.0,0.0,1.0,0.0,1.0,Script18_Regionalised_L2_Native,Script18_Regionalised_L2_Native,True,False,Theta
POW_Band,30,0.16666666666666669,1.9359565749999972,1.8246743369999958,-0.11128223800000137,0.5531687083000008,0.5531687083000008,0.0,15.86907000041226,16.43925303180103,0.5701830313887708,0.0,1.0,0.0,1.0,0.0,1.0,Script18_Regionalised_L2_Native,Script18_Regionalised_L2_Native,True,False,Theta
POW_Band,31,0.17222222222222222,1.350376329,1.0,-0.35037632899999993,0.7112169107,0.7112169107,0.0,16.038770559719104,12.635752953621068,-3.403017606098036,0.0,1.0,0.0,1.0,0.0,1.0,Script18_Regionalised_L2_Native,Script18_Regionalised_L2_Native,True,False,Theta
POW_Band,32,0.17777777777777778,2.383606291,1.416502327,-0.9671039640000001,0.5531687083,0.3951205059,-0.1580482024,21.779693814745436,15.601491680897297,-6.1782021338481385,0.0,1.0,0.0,1.0,0.0,1.0,Script18_Regionalised_L2_Native,Script18_Regionalised_L2_Native,True,False,Theta
POW_Band,33,0.18333333333333335,2.262979881000002,1.3265018319999982,-0.9364780490000038,0.4741446071000004,0.6321928095,0.15804820239999962,14.544061335726873,12.645907371505189,-1.8981539642216845,0.0,1.0,0.0,1.0,0.0,1.0,Script18_Regionalised_L2_Native,Script18_Regionalised_L2_Native,True,False,Theta
POW_Band,34,0.18888888888888888,2.631739969,0.9880106363,-1.6437293327,0.5531687083,0.6321928095,0.07902410120000003,18.92518827627771,10.5164078334033,-8.40878044287441,0.0,1.0,0.0,1.0,0.0,1.0,Script18_Regionalised_L2_Native,Script18_Regionalised_L2_Native,True,False,Theta
POW_Band,35,0.19444444444444445,1.667405833,1.259960425,-0.40744540799999984,0.6321928095,0.7112169107,0.07902410120000003,16.630623746828263,24.76317842066748,8.132554673839216,0.0,1.0,0.0,1.0,0.0,1.0,Script18_Regionalised_L2_Native,Script18_Regionalised_L2_Native,True,False,Theta
POW_Band,36,0.2,1.997966428,1.259960425,-0.738006003,0.5531687083,0.6321928095,0.07902410120000003,25.83176021013991,15.205990398287568,-10.625769811852344,0.0,1.0,0.0,1.0,0.0,1.0,Script18_Regionalised_L2_Native,Script18_Regionalised_L2_Native,True,False,Theta
POW_Band,37,0.20555555555555557,1.7245584939999994,1.3049201519999982,-0.41963834200000116,0.47414460710000156,0.6321928095000005,0.1580482023999989,14.444087380147652,14.120770843440447,-0.32331653670720506,0.0,1.0,0.0,1.0,0.0,1.0,Script18_Regionalised_L2_Native,Script18_Regionalised_L2_Native,True,False,Theta
POW_Band,38,0.2111111111111111,1.590014811,0.9544340029,-0.6355808081000001,0.7902410119,0.7112169107,-0.07902410119999992,12.596597576878679,14.819668881097485,2.2230713042188057,0.0,1.0,0.0,1.0,0.0,1.0,Script18_Regionalised_L2_Native,Script18_Regionalised_L2_Native,True,False,Theta
POW_Band,39,0.21666666666666667,1.628069304,1.12087997,-0.507189334,0.3951205059,0.4741446071,0.07902410120000003,18.467166006321058,9.501410117788199,-8.96575588853286,0.0,1.0,0.0,1.0,0.0,1.0,Script18_Regionalised_L2_Native,Script18_Regionalised_L2_Native,True,False,Theta
POW_Band,40,0.22222222222222224,2.259833634999996,1.3607463559999993,-0.8990872789999969,0.6321928095000005,0.7902410118999995,0.15804820239999906,33.163235049801834,11.696376013088466,-21.466859036713366,0.0,1.0,0.0,1.0,0.0,1.0,Script18_Regionalised_L2_Native,Script18_Regionalised_L2_Native,True,False,Theta
POW_Band,41,0.22777777777777777,1.459536965,1.247556249,-0.211980716,0.7112169107,0.7112169107,0.0,14.931060628738047,17.10023057939715,2.169169950659102,0.0,1.0,0.0,1.0,0.0,1.0,Script18_Regionalised_L2_Native,Script18_Regionalised_L2_Native,True,False,Theta
POW_Band,42,0.23333333333333334,1.396671708,1.745777082,0.3491053740000001,0.7112169107,0.5531687083,-0.15804820240000006,20.543010513492064,8.766955156832806,-11.776055356659258,0.0,1.0,0.0,1.0,0.0,1.0,Script18_Regionalised_L2_Native,Script18_Regionalised_L2_Native,True,False,Theta
POW_Band,43,0.2388888888888889,1.394492291,1.312579038,-0.08191325299999996,0.869265113,0.5531687083,-0.3160964047,17.508700279055866,17.236828576948184,-0.2718717021076813,0.0,1.0,0.0,1.0,0.0,1.0,Script18_Regionalised_L2_Native,Script18_Regionalised_L2_Native,True,False,Theta
POW_Band,44,0.24444444444444446,2.344834416999999,1.4050955790000001,-0.9397388379999989,0.6321928094999996,0.5531687083000008,-0.07902410119999881,15.030993630522975,14.64795845266337,-0.38303517785960395,0.0,1.0,0.0,1.0,0.0,1.0,Script18_Regionalised_L2_Native,Script18_Regionalised_L2_Native,True,False,Theta
POW_Band,45,0.25,2.137386664,1.454868061,-0.6825186030000001,0.5531687083,0.7112169107,0.15804820240000006,12.736156887360345,16.49245991807673,3.756303030716385,0.0,1.0,0.0,1.0,0.0,1.0,Script18_Regionalised_L2_Native,Script18_Regionalised_L2_Native,True,False,Theta
POW_Band,46,0.2555555555555556,2.543253760999999,1.360559719000004,-1.182694041999995,0.7112169106999977,0.7112169106999969,-7.771561172376096e-16,19.19310761402299,12.635348481679662,-6.557759132343326,0.0,1.0,0.0,1.0,0.0,1.0,Script18_Regionalised_L2_Native,Script18_Regionalised_L2_Native,True,False,Theta
POW_Band,47,0.2611111111111111,2.437733183,1.751589657,-0.6861435260000002,0.4741446071,0.3951205059,-0.07902410120000003,16.215668157045037,14.634807969745587,-1.58086018729945,0.0,1.0,0.0,1.0,0.0,1.0,Script18_Regionalised_L2_Native,Script18_Regionalised_L2_Native,True,False,Theta
POW_Band,48,0.26666666666666666,2.078897903,1.425941749,-0.6529561540000002,0.7112169107,0.6321928095,-0.07902410120000003,21.71798554797063,14.265025515884481,-7.45296003208615,0.0,1.0,0.0,1.0,0.0,1.0,Script18_Regionalised_L2_Native,Script18_Regionalised_L2_Native,True,False,Theta
POW_Band,49,0.27222222222222225,1.6587718860000067,1.4491403769999933,-0.20963150900001337,0.5531687083,0.6321928095000016,0.07902410120000158,16.062919589010626,12.824115966662646,-3.23880362234798,0.0,1.0,0.0,1.0,0.0,1.0,Script18_Regionalised_L2_Native,Script18_Regionalised_L2_Native,True,False,Theta
POW_Band,50,0.2777777777777778,2.327613824,0.7849618352,-1.5426519888000003,0.5531687083,0.7902410119,0.23707230359999998,21.8378546681685,13.48366404087889,-8.35419062728961,0.0,1.0,0.0,1.0,0.0,1.0,Script18_Regionalised_L2_Native,Script18_Regionalised_L2_Native,True,False,Theta
POW_Band,51,0.2833333333333333,2.190896369,0.8841837198,-1.3067126491999999,0.6321928095,0.6321928095,0.0,21.380549724131797,15.923896877959764,-5.456652846172032,0.0,1.0,0.0,1.0,0.0,1.0,Script18_Regionalised_L2_Native,Script18_Regionalised_L2_Native,True,False,Theta
POW_Band,52,0.2888888888888889,2.3858386379999965,1.3528704299999958,-1.0329682080000007,0.6321928095000016,0.7902410119000007,0.15804820239999917,12.159628118038269,18.64305504824555,6.483426930207282,0.0,1.0,0.0,1.0,0.0,1.0,Script18_Regionalised_L2_Native,Script18_Regionalised_L2_Native,True,False,Theta
POW_Band,53,0.29444444444444445,2.00850912,0.9219280949,-1.0865810250999997,0.7902410119,0.869265113,0.07902410110000002,11.616468087190906,14.85650752421178,3.240039437020874,0.0,1.0,0.0,1.0,0.0,1.0,Script18_Regionalised_L2_Native,Script18_Regionalised_L2_Native,True,False,Theta
POW_Band,54,0.3,1.897932381,1.190280348,-0.707652033,0.6321928095,0.7902410119,0.15804820239999995,9.965199401698644,17.185738932751157,7.220539531052513,0.0,1.0,0.0,1.0,0.0,1.0,Script18_Regionalised_L2_Native,Script18_Regionalised_L2_Native,True,False,Theta
POW_Band,55,0.3055555555555556,2.908923471,1.247556249,-1.661367222,0.5531687083,0.5531687083,0.0,17.856320961013893,13.98148025132296,-3.8748407096909325,0.0,1.0,0.0,1.0,0.0,1.0,Script18_Regionalised_L2_Native,Script18_Regionalised_L2_Native,True,False,Theta
POW_Band,56,0.3111111111111111,2.334820285,2.133382901,-0.2014373840000001,0.5531687083,0.6321928095,0.07902410120000003,12.198966718354033,20.56646467620409,8.367497957850059,0.0,1.0,0.0,1.0,0.0,1.0,Script18_Regionalised_L2_Native,Script18_Regionalised_L2_Native,True,False,Theta
POW_Band,57,0.31666666666666665,1.829489864,1.456431622,-0.37305824199999993,0.5531687083,0.869265113,0.3160964047,16.69049645929887,12.4707497366664,-4.21974672263247,0.0,1.0,0.0,1.0,0.0,1.0,Script18_Regionalised_L2_Native,Script18_Regionalised_L2_Native,True,False,Theta
POW_Band,58,0.32222222222222224,1.881112099,1.575038926,-0.30607317300000014,0.7112169107,0.4741446071,-0.23707230360000003,13.417800996417881,11.924709046182684,-1.493091950235197,0.0,1.0,0.0,1.0,0.0,1.0,Script18_Regionalised_L2_Native,Script18_Regionalised_L2_Native,True,False,Theta
POW_Band,59,0.3277777777777778,1.780283752,0.992774454,-0.7875092980000001,0.5531687083,0.7112169107,0.15804820240000006,16.470816219342385,11.274758233096101,-5.196057986246284,0.0,1.0,0.0,1.0,0.0,1.0,Script18_Regionalised_L2_Native,Script18_Regionalised_L2_Native,True,False,Theta
POW_Band,60,0.33333333333333337,1.900665112000009,1.4019960330000012,-0.4986690790000079,0.6321928095,0.7112169106999993,0.07902410119999925,14.442145571496903,11.042827577405657,-3.3993179940912466,0.0,1.0,0.0,1.0,0.0,1.0,Script18_Regionalised_L2_Native,Script18_Regionalised_L2_Native,True,False,Theta
POW_Band,61,0.3388888888888889,2.821919278,1.508573534,-1.3133457440000003,0.6321928095,0.6321928095,0.0,33.492237665248766,13.217424552024855,-20.27481311322391,0.0,1.0,0.0,1.0,0.0,1.0,Script18_Regionalised_L2_Native,Script18_Regionalised_L2_Native,True,False,Theta
POW_Band,62,0.34444444444444444,2.375933832,1.659517637,-0.7164161949999999,0.6321928095,0.5531687083,-0.07902410120000003,27.925008307407023,17.769679173896215,-10.155329133510808,0.0,1.0,0.0,1.0,0.0,1.0,Script18_Regionalised_L2_Native,Script18_Regionalised_L2_Native,True,False,Theta
POW_Band,63,0.35000000000000003,2.184058466000003,1.568156621999998,-0.6159018440000048,0.5531687083000008,0.7112169106999993,0.1580482023999985,13.441524700190916,15.780656205225034,2.3391315050341177,0.0,1.0,0.0,1.0,0.0,1.0,Script18_Regionalised_L2_Native,Script18_Regionalised_L2_Native,True,False,Theta
POW_Band,64,0.35555555555555557,2.450151304,1.376356784,-1.0737945199999999,0.6321928095,0.6321928095,0.0,26.414208894881934,13.707265516243963,-12.706943378637972,0.0,1.0,0.0,1.0,0.0,1.0,Script18_Regionalised_L2_Native,Script18_Regionalised_L2_Native,True,False,Theta
POW_Band,65,0.3611111111111111,2.016189799,0.9861105511,-1.0300792479000003,0.4741446071,0.7112169107,0.23707230360000003,25.59064819942627,19.721700099961467,-5.868948099464802,0.0,1.0,0.0,1.0,0.0,1.0,Script18_Regionalised_L2_Native,Script18_Regionalised_L2_Native,True,False,Theta
POW_Band,66,0.3666666666666667,2.1180280799999975,1.2999580580000083,-0.8180700219999892,0.7112169106999985,0.7112169106999993,7.771561172376096e-16,32.27137856230747,11.11323629089531,-21.15814227141216,0.0,1.0,0.0,1.0,0.0,1.0,Script18_Regionalised_L2_Native,Script18_Regionalised_L2_Native,True,False,Theta
POW_Band,67,0.37222222222222223,1.862661281,2.120066443,0.25740516199999974,0.5531687083,0.6321928095,0.07902410120000003,18.275739107294864,13.445249652925089,-4.830489454369776,0.0,1.0,0.0,1.0,0.0,1.0,Script18_Regionalised_L2_Native,Script18_Regionalised_L2_Native,True,False,Theta
POW_Band,68,0.37777777777777777,2.297076316,1.309963344,-0.987112972,0.6321928095,0.7112169107,0.07902410120000003,28.35362134867036,22.73233406507743,-5.6212872835929275,0.0,1.0,0.0,1.0,0.0,1.0,Script18_Regionalised_L2_Native,Script18_Regionalised_L2_Native,True,False,Theta
POW_Band,69,0.38333333333333336,2.148589811,1.573330641,-0.5752591699999998,0.5531687083,0.6321928095,0.07902410120000003,25.28763998109014,21.85049292551527,-3.437147055574872,0.0,1.0,0.0,1.0,0.0,1.0,Script18_Regionalised_L2_Native,Script18_Regionalised_L2_Native,True,False,Theta
POW_Band,70,0.3888888888888889,1.744859273,1.727262624,-0.01759664900000013,0.3951205059,0.6321928095,0.23707230360000003,23.5548223557996,18.45459566235384,-5.100226693445762,0.0,1.0,0.0,1.0,0.0,1.0,Script18_Regionalised_L2_Native,Script18_Regionalised_L2_Native,True,False,Theta
POW_Band,71,0.3944444444444445,2.4357200559999925,1.8179932059999995,-0.617726849999993,0.5531687083000031,0.5531687082999992,-3.885780586188048e-15,26.152683548442617,20.820090416126806,-5.332593132315811,0.0,1.0,0.0,1.0,0.0,1.0,Script18_Regionalised_L2_Native,Script18_Regionalised_L2_Native,True,False,Theta
POW_Band,72,0.4,1.70147389,1.774636186,0.07316229600000002,0.869265113,0.4741446071,-0.3951205059,23.22950025577466,12.10606159211876,-11.1234386636559,0.0,1.0,0.0,1.0,0.0,1.0,Script18_Regionalised_L2_Native,Script18_Regionalised_L2_Native,True,False,Theta
POW_Band,73,0.40555555555555556,2.098365128,1.121906486,-0.9764586420000001,0.6321928095,0.7112169107,0.07902410120000003,11.774063556949578,10.88892078496119,-0.885142771988388,0.0,1.0,0.0,1.0,0.0,1.0,Script18_Regionalised_L2_Native,Script18_Regionalised_L2_Native,True,False,Theta
POW_Band,74,0.41111111111111115,2.602371424999995,1.3698227540000008,-1.2325486709999942,0.5531687083000008,0.7112169107000008,0.15804820240000006,13.925459269429632,15.511101209299975,1.5856419398703423,0.0,1.0,0.0,1.0,0.0,1.0,Script18_Regionalised_L2_Native,Script18_Regionalised_L2_Native,True,False,Theta
POW_Band,75,0.4166666666666667,2.108978691,1.438758681,-0.67022001,0.6321928095,0.7902410119,0.15804820239999995,13.38714477007823,14.359029220944453,0.9718844508662237,0.0,1.0,0.0,1.0,0.0,1.0,Script18_Regionalised_L2_Native,Script18_Regionalised_L2_Native,True,False,Theta
POW_Band,76,0.4222222222222222,1.69062677,0.7624671354,-0.9281596346,0.6321928095,0.5531687083,-0.07902410120000003,17.26818151861337,20.154766670842026,2.8865851522286547,0.0,1.0,0.0,1.0,0.0,1.0,Script18_Regionalised_L2_Native,Script18_Regionalised_L2_Native,True,False,Theta
POW_Band,77,0.4277777777777778,2.718578040999993,1.7290669329999993,-0.9895111079999939,0.6321928095000008,0.6321928094999985,-2.3314683517128287e-15,20.65440805474576,19.3550098236365,-1.299398231109258,0.0,1.0,0.0,1.0,0.0,1.0,Script18_Regionalised_L2_Native,Script18_Regionalised_L2_Native,True,False,Theta
POW_Band,78,0.43333333333333335,2.04922588,1.672112679,-0.3771132009999998,0.7112169107,0.4741446071,-0.23707230360000003,29.80782554589924,16.99188531764643,-12.81594022825281,0.0,1.0,0.0,1.0,0.0,1.0,Script18_Regionalised_L2_Native,Script18_Regionalised_L2_Native,True,False,Theta
POW_Band,79,0.4388888888888889,2.191551033,1.684293052,-0.5072579810000002,0.7112169107,0.6321928095,-0.07902410120000003,13.633032764661753,19.375678377913047,5.742645613251295,0.0,1.0,0.0,1.0,0.0,1.0,Script18_Regionalised_L2_Native,Script18_Regionalised_L2_Native,True,False,Theta
POW_Band,80,0.4444444444444445,2.0256121560000064,1.771593925000003,-0.2540182310000034,0.5531687083000015,0.5531687083000008,-7.771561172376096e-16,20.09117363339951,19.53212109498059,-0.5590525384189213,0.0,1.0,0.0,1.0,0.0,1.0,Script18_Regionalised_L2_Native,Script18_Regionalised_L2_Native,True,False,Theta
POW_Band,81,0.45,2.628365944,2.086218433,-0.542147511,0.7112169107,0.6321928095,-0.07902410120000003,23.897392188628828,17.385286209166104,-6.512105979462724,0.0,1.0,0.0,1.0,0.0,1.0,Script18_Regionalised_L2_Native,Script18_Regionalised_L2_Native,True,False,Theta
POW_Band,82,0.45555555555555555,2.569606899,1.958267881,-0.611339018,0.6321928095,0.5531687083,-0.07902410120000003,27.67006147155466,12.434300915831376,-15.235760555723285,0.0,1.0,0.0,1.0,0.0,1.0,Script18_Regionalised_L2_Native,Script18_Regionalised_L2_Native,True,False,Theta
POW_Band,83,0.46111111111111114,2.211391904,1.571900989,-0.6394909150000001,0.7112169107,0.7112169107,0.0,24.529506570117526,19.489346991609132,-5.040159578508394,0.0,1.0,0.0,1.0,0.0,1.0,Script18_Regionalised_L2_Native,Script18_Regionalised_L2_Native,True,False,Theta
POW_Band,84,0.4666666666666667,1.885126546,1.324610668,-0.5605158779999999,0.5531687083,0.869265113,0.3160964047,28.02146876944297,13.336715964427295,-14.684752805015673,0.0,1.0,0.0,1.0,0.0,1.0,Script18_Regionalised_L2_Native,Script18_Regionalised_L2_Native,True,False,Theta
POW_Band,85,0.47222222222222227,1.6852040840000067,1.9011715689999966,0.21596748499998997,0.6321928095,0.7902410118999968,0.15804820239999684,16.71300369794865,15.269063606752647,-1.4439400911960032,0.0,1.0,0.0,1.0,0.0,1.0,Script18_Regionalised_L2_Native,Script18_Regionalised_L2_Native,True,False,Theta
POW_Band,86,0.4777777777777778,2.347451287,1.573596136,-0.7738551510000002,0.6321928095,0.4741446071,-0.1580482024,20.14960287209429,19.041697203419034,-1.107905668675258,0.0,1.0,0.0,1.0,0.0,1.0,Script18_Regionalised_L2_Native,Script18_Regionalised_L2_Native,True,False,Theta
POW_Band,87,0.48333333333333334,2.271027511,1.569228937,-0.7017985740000001,0.7112169107,0.5531687083,-0.15804820240000006,31.066685481205774,19.434925690409173,-11.6317597907966,0.0,1.0,0.0,1.0,0.0,1.0,Script18_Regionalised_L2_Native,Script18_Regionalised_L2_Native,True,False,Theta
POW_Band,88,0.48888888888888893,2.0596528480000025,2.022957296999994,-0.03669555100000865,0.6321928095000016,0.7112169107,0.07902410119999848,23.18744792524012,10.3423592468026,-12.845088678437522,0.0,1.0,0.0,1.0,0.0,1.0,Script18_Regionalised_L2_Native,Script18_Regionalised_L2_Native,True,False,Theta
POW_Band,89,0.49444444444444446,2.31906751,1.385337689,-0.933729821,0.7902410119,0.7112169107,-0.07902410119999992,23.80699126686666,10.45467229295474,-13.35231897391192,0.0,1.0,0.0,1.0,0.0,1.0,Script18_Regionalised_L2_Native,Script18_Regionalised_L2_Native,True,False,Theta
POW_Band,90,0.5,2.078204384,1.74014698,-0.3380574040000002,0.6321928095,0.4741446071,-0.1580482024,11.465435937114595,7.971095851806609,-3.494340085307986,0.0,1.0,0.0,1.0,0.0,1.0,Script18_Regionalised_L2_Native,Script18_Regionalised_L2_Native,True,False,Theta
POW_Band,91,0.5055555555555555,2.665645193,1.568135303,-1.09750989,0.4741446071,0.6321928095,0.1580482024,25.882659368128394,14.780561137180811,-11.102098230947583,0.0,1.0,0.0,1.0,0.0,1.0,Script18_Regionalised_L2_Native,Script18_Regionalised_L2_Native,True,False,Theta
POW_Band,92,0.5111111111111112,2.138902661999997,1.825959206999992,-0.312943455000005,0.7112169106999985,0.7112169107000031,4.6629367034256575e-15,15.853057569080098,18.202445891617234,2.349388322537136,0.0,1.0,0.0,1.0,0.0,1.0,Script18_Regionalised_L2_Native,Script18_Regionalised_L2_Native,True,False,Theta
POW_Band,93,0.5166666666666667,1.977279866,1.424939106,-0.5523407599999999,0.6321928095,0.869265113,0.23707230349999997,23.20474423011387,16.513590774811576,-6.691153455302295,0.0,1.0,0.0,1.0,0.0,1.0,Script18_Regionalised_L2_Native,Script18_Regionalised_L2_Native,True,False,Theta
POW_Band,94,0.5222222222222223,2.086126417,2.071086352,-0.015040064999999991,0.4741446071,0.5531687083,0.07902410119999997,37.60447127239963,20.576695216734727,-17.0277760556649,0.0,1.0,0.0,1.0,0.0,1.0,Script18_Regionalised_L2_Native,Script18_Regionalised_L2_Native,True,False,Theta
POW_Band,95,0.5277777777777778,1.769452977,1.860413839,0.09096086199999998,0.4741446071,0.7112169107,0.23707230360000003,17.816189378489725,15.209968261414003,-2.6062211170757212,0.0,1.0,0.0,1.0,0.0,1.0,Script18_Regionalised_L2_Native,Script18_Regionalised_L2_Native,True,False,Theta
POW_Band,96,0.5333333333333333,1.949913445,2.604853346,0.6549399010000001,0.869265113,0.6321928095,-0.23707230349999997,29.501820350868808,21.909556307549053,-7.592264043319755,0.0,1.0,0.0,1.0,0.0,1.0,Script18_Regionalised_L2_Native,Script18_Regionalised_L2_Native,True,False,Theta
POW_Band,97,0.5388888888888889,1.521382353,1.704791757,0.18340940400000005,0.6321928095,0.5531687083,-0.07902410120000003,25.44709428700161,17.83635507638654,-7.610739210615073,0.0,1.0,0.0,1.0,0.0,1.0,Script18_Regionalised_L2_Native,Script18_Regionalised_L2_Native,True,False,Theta
POW_Band,98,0.5444444444444445,1.8814579950000023,1.8522819869999936,-0.029176008000008746,0.7112169106999969,0.5531687083000015,-0.1580482023999954,18.672676159725807,23.361833608923845,4.689157449198039,0.0,1.0,0.0,1.0,0.0,1.0,Script18_Regionalised_L2_Native,Script18_Regionalised_L2_Native,True,False,Theta
POW_Band,99,0.55,1.989886694,1.534087077,-0.45579961700000005,0.5531687083,0.6321928095,0.07902410120000003,16.797758613249577,13.845489022716293,-2.952269590533284,0.0,1.0,0.0,1.0,0.0,1.0,Script18_Regionalised_L2_Native,Script18_Regionalised_L2_Native,True,False,Theta
POW_Band,100,0.5555555555555556,2.726361456,1.305680826,-1.4206806299999999,0.5531687083,0.5531687083,0.0,26.966947385310597,20.641800231432665,-6.325147153877932,0.0,1.0,0.0,1.0,0.0,1.0,Script18_Regionalised_L2_Native,Script18_Regionalised_L2_Native,True,False,Theta
POW_Band,101,0.5611111111111111,2.049097732,1.751677336,-0.2974203959999999,0.5531687083,0.7112169107,0.15804820240000006,18.253356691059423,16.043216418121794,-2.210140272937629,0.0,1.0,0.0,1.0,0.0,1.0,Script18_Regionalised_L2_Native,Script18_Regionalised_L2_Native,True,False,Theta
POW_Band,102,0.5666666666666667,2.212921921,1.905424412,-0.30749750900000006,0.7112169107,0.6321928095,-0.07902410120000003,12.487002287804398,16.27560138822541,3.7885991004210133,0.0,1.0,0.0,1.0,0.0,1.0,Script18_Regionalised_L2_Native,Script18_Regionalised_L2_Native,True,False,Theta
POW_Band,103,0.5722222222222223,2.2767144590000106,1.8498718029999988,-0.4268426560000118,0.5531687083,0.5531687082999969,-3.1086244689504383e-15,13.562936585536495,14.495302331859968,0.9323657463234731,0.0,1.0,0.0,1.0,0.0,1.0,Script18_Regionalised_L2_Native,Script18_Regionalised_L2_Native,True,False,Theta
POW_Band,104,0.5777777777777778,2.8177549089999796,1.7816008489999935,-1.036154059999986,0.5531687083,0.39512050590000314,-0.15804820239999684,21.4767387189061,16.462398876064693,-5.014339842841405,0.0,1.0,0.0,1.0,0.0,1.0,Script18_Regionalised_L2_Native,Script18_Regionalised_L2_Native,True,False,Theta
POW_Band,105,0.5833333333333334,1.804653191,1.456407448,-0.3482457430000001,0.5531687083,0.5531687083,0.0,19.981755535296863,20.957324920582053,0.9755693852851905,0.0,1.0,0.0,1.0,0.0,1.0,Script18_Regionalised_L2_Native,Script18_Regionalised_L2_Native,True,False,Theta
POW_Band,106,0.5888888888888889,2.317723096,2.050352438,-0.26737065799999993,0.5531687083,0.6321928095,0.07902410120000003,23.19997605622224,12.07389808113013,-11.12607797509211,0.0,1.0,0.0,1.0,0.0,1.0,Script18_Regionalised_L2_Native,Script18_Regionalised_L2_Native,True,False,Theta
POW_Band,107,0.5944444444444444,2.31618008,2.15930251,-0.15687757000000024,0.7112169107,0.5531687083,-0.15804820240000006,13.763031651625553,10.861539667735201,-2.9014919838903523,0.0,1.0,0.0,1.0,0.0,1.0,Script18_Regionalised_L2_Native,Script18_Regionalised_L2_Native,True,False,Theta
POW_Band,108,0.6,2.421957521,1.856503428,-0.565454093,0.7112169107,0.6321928095,-0.07902410120000003,17.926379344075812,17.64537368989438,-0.2810056541814312,0.0,1.0,0.0,1.0,0.0,1.0,Script18_Regionalised_L2_Native,Script18_Regionalised_L2_Native,True,False,Theta
POW_Band,109,0.6055555555555556,1.7694529769999996,1.5584349329999996,-0.21101804400000002,0.7112169107,0.7112169107,0.0,27.057715740984726,26.514708527697127,-0.5430072132875985,0.0,1.0,0.0,1.0,0.0,1.0,Script18_Regionalised_L2_Native,Script18_Regionalised_L2_Native,True,False,Theta
POW_Band,110,0.6111111111111112,1.745560462,1.538148813,-0.20741164899999998,0.7112169107,0.7112169107,0.0,10.771452075362955,22.138424024515473,11.366971949152518,0.0,1.0,0.0,1.0,0.0,1.0,Script18_Regionalised_L2_Native,Script18_Regionalised_L2_Native,True,False,Theta
POW_Band,111,0.6166666666666667,2.165752113,2.108107039,-0.05764507399999985,0.5531687083,0.4741446071,-0.07902410119999997,24.12077453144631,21.332606962671377,-2.7881675687749308,0.0,1.0,0.0,1.0,0.0,1.0,Script18_Regionalised_L2_Native,Script18_Regionalised_L2_Native,True,False,Theta
POW_Band,112,0.6222222222222222,2.517685649,1.807881422,-0.7098042270000002,0.3160964047,0.6321928095,0.3160964048,20.512186914236974,15.91238718789203,-4.599799726344944,0.0,1.0,0.0,1.0,0.0,1.0,Script18_Regionalised_L2_Native,Script18_Regionalised_L2_Native,True,False,Theta
POW_Band,113,0.6277777777777778,1.803673129,1.868462068,0.06478893899999982,0.7902410119,0.7112169107,-0.07902410119999992,30.738157636842484,10.859943604530446,-19.878214032312037,0.0,1.0,0.0,1.0,0.0,1.0,Script18_Regionalised_L2_Native,Script18_Regionalised_L2_Native,True,False,Theta
POW_Band,114,0.6333333333333333,2.003024723,1.71495112,-0.28807360299999973,0.7112169107,0.6321928095,-0.07902410120000003,28.552267019095652,15.871057511052054,-12.681209508043597,0.0,1.0,0.0,1.0,0.0,1.0,Script18_Regionalised_L2_Native,Script18_Regionalised_L2_Native,True,False,Theta
POW_Band,115,0.638888888888889,2.092877710999998,2.170915281999992,0.07803757099999409,0.6321928095000016,0.7112169106999985,0.07902410119999692,36.31442991593502,15.75268612607417,-20.561743789860852,0.0,1.0,0.0,1.0,0.0,1.0,Script18_Regionalised_L2_Native,Script18_Regionalised_L2_Native,True,False,Theta
POW_Band,116,0.6444444444444445,1.996896001,1.761395316,-0.2355006850000001,0.7112169107,0.6321928095,-0.07902410120000003,23.675092506493996,21.451809565371242,-2.223282941122754,0.0,1.0,0.0,1.0,0.0,1.0,Script18_Regionalised_L2_Native,Script18_Regionalised_L2_Native,True,False,Theta
POW_Band,117,0.65,2.404926482,1.583139826,-0.821786656,0.6321928095,0.7112169107,0.07902410120000003,27.507433167348992,20.721670287088955,-6.785762880260037,0.0,1.0,0.0,1.0,0.0,1.0,Script18_Regionalised_L2_Native,Script18_Regionalised_L2_Native,True,False,Theta
POW_Band,118,0.6555555555555556,2.104183841,1.204048162,-0.9001356790000001,0.4741446071,0.6321928095,0.1580482024,16.093675778352676,11.358920933292172,-4.734754845060504,0.0,1.0,0.0,1.0,0.0,1.0,Script18_Regionalised_L2_Native,Script18_Regionalised_L2_Native,True,False,Theta
POW_Band,119,0.6611111111111111,2.724799293,1.763949039,-0.9608502539999997,0.4741446071,0.4741446071,0.0,33.26693175359162,13.02160500176219,-20.24532675182943,0.0,1.0,0.0,1.0,0.0,1.0,Script18_Regionalised_L2_Native,Script18_Regionalised_L2_Native,True,False,Theta
POW_Band,120,0.6666666666666667,1.5219280950000198,1.5626834809999948,0.04075538599997497,0.7112169106999937,0.6321928095000031,-0.07902410119999059,21.044618433843432,17.320316210525267,-3.7243022233181655,0.0,1.0,0.0,1.0,0.0,1.0,Script18_Regionalised_L2_Native,Script18_Regionalised_L2_Native,True,False,Theta
POW_Band,121,0.6722222222222223,2.507710995,1.29708926,-1.2106217350000001,0.3951205059,0.7902410119,0.395120506,27.867276135118843,17.762751037849924,-10.104525097268919,0.0,1.0,0.0,1.0,0.0,1.0,Script18_Regionalised_L2_Native,Script18_Regionalised_L2_Native,True,False,Theta
POW_Band,122,0.6777777777777778,2.388663954,1.688178392,-0.7004855620000001,0.7112169107,0.4741446071,-0.23707230360000003,32.815516811536995,23.47723892362643,-9.338277887910564,0.0,1.0,0.0,1.0,0.0,1.0,Script18_Regionalised_L2_Native,Script18_Regionalised_L2_Native,True,False,Theta
POW_Band,123,0.6833333333333333,2.110112511,1.787369404,-0.322743107,0.5531687083,0.6321928095,0.07902410120000003,22.677179723866328,18.418405363205324,-4.258774360661004,0.0,1.0,0.0,1.0,0.0,1.0,Script18_Regionalised_L2_Native,Script18_Regionalised_L2_Native,True,False,Theta
POW_Band,124,0.6888888888888889,1.50666407,1.834798044,0.328133974,0.4741446071,0.5531687083,0.07902410119999997,21.1039348502741,18.055842797514266,-3.0480920527598343,0.0,1.0,0.0,1.0,0.0,1.0,Script18_Regionalised_L2_Native,Script18_Regionalised_L2_Native,True,False,Theta
POW_Band,125,0.6944444444444444,2.202265522,1.366120004,-0.8361455179999997,0.5531687083,0.7112169107,0.15804820240000006,19.167543272368764,14.061746589003565,-5.105796683365199,0.0,1.0,0.0,1.0,0.0,1.0,Script18_Regionalised_L2_Native,Script18_Regionalised_L2_Native,True,False,Theta
POW_Band,126,0.7000000000000001,3.1127850189999937,1.0140976560000023,-2.0986873629999914,0.7112169106999969,0.9482892141999937,0.23707230349999675,27.919939155178685,16.137708230266938,-11.782230924911747,0.0,1.0,0.0,1.0,0.0,1.0,Script18_Regionalised_L2_Native,Script18_Regionalised_L2_Native,True,False,Theta
POW_Band,127,0.7055555555555556,2.805039799,1.139495197,-1.6655446019999998,0.5531687083,0.6321928095,0.07902410120000003,17.409131790351488,13.711020605106997,-3.698111185244491,0.0,1.0,0.0,1.0,0.0,1.0,Script18_Regionalised_L2_Native,Script18_Regionalised_L2_Native,True,False,Theta
POW_Band,128,0.7111111111111111,2.142166929,1.685010258,-0.4571566710000001,0.4741446071,0.7112169107,0.23707230360000003,18.62666554065259,18.74018382654522,0.11351828589263135,0.0,1.0,0.0,1.0,0.0,1.0,Script18_Regionalised_L2_Native,Script18_Regionalised_L2_Native,True,False,Theta
POW_Band,129,0.7166666666666667,2.225112863,1.422736567,-0.802376296,0.5531687083,0.7112169107,0.15804820240000006,34.93010069235572,19.853365318109173,-15.07673537424655,0.0,1.0,0.0,1.0,0.0,1.0,Script18_Regionalised_L2_Native,Script18_Regionalised_L2_Native,True,False,Theta
POW_Band,130,0.7222222222222222,2.606351331,2.051714459,-0.5546368720000001,0.7112169107,0.5531687083,-0.15804820240000006,31.70763017177388,18.01284601905487,-13.69478415271901,0.0,1.0,0.0,1.0,0.0,1.0,Script18_Regionalised_L2_Native,Script18_Regionalised_L2_Native,True,False,Theta
POW_Band,131,0.7277777777777779,2.349322600999976,2.1205269779999933,-0.22879562299998257,0.39512050590000786,0.5531687083000048,0.1580482023999969,14.374419005091335,21.374197349423937,6.9997783443326025,0.0,1.0,0.0,1.0,0.0,1.0,Script18_Regionalised_L2_Native,Script18_Regionalised_L2_Native,True,False,Theta
POW_Band,132,0.7333333333333334,1.1430902860000018,1.7900283680000069,0.646938082000005,0.7902410118999984,0.7902410118999952,-3.219646771412954e-15,8.58342849564465,27.11711501581967,18.53368652017502,0.0,1.0,0.0,1.0,0.0,1.0,Script18_Regionalised_L2_Native,Script18_Regionalised_L2_Native,True,False,Theta
POW_Band,133,0.7388888888888889,1.234736123,2.129287752,0.8945516290000002,0.7112169107,0.5531687083,-0.15804820240000006,14.047180834370849,12.377947889678417,-1.6692329446924319,0.0,1.0,0.0,1.0,0.0,1.0,Script18_Regionalised_L2_Native,Script18_Regionalised_L2_Native,True,False,Theta
POW_Band,134,0.7444444444444445,2.400096803,2.086663459,-0.3134333439999999,0.5531687083,0.7902410119,0.23707230359999998,24.71838913266504,16.931834448664418,-7.78655468400062,0.0,1.0,0.0,1.0,0.0,1.0,Script18_Regionalised_L2_Native,Script18_Regionalised_L2_Native,True,False,Theta
POW_Band,135,0.75,2.887791377,1.462379031,-1.425412346,0.3160964047,0.7902410119,0.47414460719999996,23.627362271952883,13.96619053291637,-9.661171739036513,0.0,1.0,0.0,1.0,0.0,1.0,Script18_Regionalised_L2_Native,Script18_Regionalised_L2_Native,True,False,Theta
POW_Band,136,0.7555555555555555,2.838050401,1.603049658,-1.2350007429999998,0.7902410119,0.869265113,0.07902410110000002,22.45048446701221,17.410604809647968,-5.039879657364242,0.0,1.0,0.0,1.0,0.0,1.0,Script18_Regionalised_L2_Native,Script18_Regionalised_L2_Native,True,False,Theta
POW_Band,137,0.7611111111111112,3.4315857859999817,2.0639040559999913,-1.3676817299999904,0.7112169107,0.7112169106999985,-1.5543122344752192e-15,21.267252975448955,35.97276132155165,14.705508346102697,0.0,1.0,0.0,1.0,0.0,1.0,Script18_Regionalised_L2_Native,Script18_Regionalised_L2_Native,True,False,Theta
POW_Band,138,0.7666666666666667,2.510582139,1.625364964,-0.8852171749999997,0.7112169107,0.6321928095,-0.07902410120000003,21.32439632784382,27.312126108544433,5.987729780700612,0.0,1.0,0.0,1.0,0.0,1.0,Script18_Regionalised_L2_Native,Script18_Regionalised_L2_Native,True,False,Theta
POW_Band,139,0.7722222222222223,2.687867781,2.643516816,-0.04435096500000002,0.5531687083,0.6321928095,0.07902410120000003,14.462319992603987,25.337858889034187,10.8755388964302,0.0,1.0,0.0,1.0,0.0,1.0,Script18_Regionalised_L2_Native,Script18_Regionalised_L2_Native,True,False,Theta
POW_Band,140,0.7777777777777778,2.982682157,2.102690876,-0.8799912810000001,0.7112169107,0.6321928095,-0.07902410120000003,14.487141446574478,25.352976235464638,10.86583478889016,0.0,1.0,0.0,1.0,0.0,1.0,Script18_Regionalised_L2_Native,Script18_Regionalised_L2_Native,True,False,Theta
POW_Band,141,0.7833333333333333,3.080113397,2.584086589,-0.4960268079999999,0.6321928095,0.6321928095,0.0,20.10712650022734,27.224706126322438,7.117579626095097,0.0,1.0,0.0,1.0,0.0,1.0,Script18_Regionalised_L2_Native,Script18_Regionalised_L2_Native,True,False,Theta
POW_Band,142,0.788888888888889,2.510832568000005,1.5743724880000258,-0.9364600799999792,0.5531687083000031,0.7902410118999952,0.2370723035999921,20.76728777625911,26.622998137804288,5.855710361545178,0.0,1.0,0.0,1.0,0.0,1.0,Script18_Regionalised_L2_Native,Script18_Regionalised_L2_Native,True,False,Theta
POW_Band,143,0.7944444444444445,2.7571543639999927,2.862089428999985,0.10493506499999228,0.7112169107000016,0.5531687082999984,-0.15804820240000317,16.51327301684044,26.993585011307587,10.480311994467147,0.0,1.0,0.0,1.0,0.0,1.0,Script18_Regionalised_L2_Native,Script18_Regionalised_L2_Native,True,False,Theta
POW_Band,144,0.8,2.407131704,2.116437379,-0.29069432500000003,0.7902410119,0.4741446071,-0.31609640479999995,15.896762029801708,28.78760997445331,12.890847944651602,0.0,1.0,0.0,1.0,0.0,1.0,Script18_Regionalised_L2_Native,Script18_Regionalised_L2_Native,True,False,Theta
POW_Band,145,0.8055555555555556,2.938800439,1.914418431,-1.024382008,0.6321928095,0.7112169107,0.07902410120000003,36.06148875205068,20.466836605243774,-15.594652146806904,0.0,1.0,0.0,1.0,0.0,1.0,Script18_Regionalised_L2_Native,Script18_Regionalised_L2_Native,True,False,Theta
POW_Band,146,0.8111111111111111,2.408276882,1.745250533,-0.6630263489999999,0.7112169107,0.5531687083,-0.15804820240000006,29.889847651255273,13.366117587133372,-16.5237300641219,0.0,1.0,0.0,1.0,0.0,1.0,Script18_Regionalised_L2_Native,Script18_Regionalised_L2_Native,True,False,Theta
POW_Band,147,0.8166666666666667,2.812134949,2.113512095,-0.6986228539999999,0.5531687083,0.7112169107,0.15804820240000006,22.391006543785764,12.037232936293897,-10.353773607491867,0.0,1.0,0.0,1.0,0.0,1.0,Script18_Regionalised_L2_Native,Script18_Regionalised_L2_Native,True,False,Theta
POW_Band,148,0.8222222222222223,3.6684692609999696,2.4450378169999905,-1.2234314439999792,0.5531687083000048,0.7112169107000031,0.1580482023999984,23.809061705755354,27.019127866517653,3.210066160762299,0.0,1.0,0.0,1.0,0.0,1.0,Script18_Regionalised_L2_Native,Script18_Regionalised_L2_Native,True,False,Theta
POW_Band,149,0.8277777777777778,2.1654072000000055,1.9878504980000142,-0.1775567019999913,0.7902410118999968,0.8692651129999921,0.07902410109999525,22.247866138917,29.721325538376067,7.473459399459067,0.0,1.0,0.0,1.0,0.0,1.0,Script18_Regionalised_L2_Native,Script18_Regionalised_L2_Native,True,False,Theta
POW_Band,150,0.8333333333333334,2.426782875,2.695563524,0.2687806490000004,0.6321928095,0.4741446071,-0.1580482024,31.756162795700938,20.566487150406083,-11.189675645294855,0.0,1.0,0.0,1.0,0.0,1.0,Script18_Regionalised_L2_Native,Script18_Regionalised_L2_Native,True,False,Theta
POW_Band,151,0.8388888888888889,1.874145906,2.28895902,0.414813114,0.7112169107,0.6321928095,-0.07902410120000003,33.54879532739474,21.8901731457349,-11.658622181659844,0.0,1.0,0.0,1.0,0.0,1.0,Script18_Regionalised_L2_Native,Script18_Regionalised_L2_Native,True,False,Theta
POW_Band,152,0.8444444444444444,2.56146528,1.955390745,-0.6060745350000001,0.5531687083,0.7112169107,0.15804820240000006,25.126717894533478,18.952898101185173,-6.173819793348304,0.0,1.0,0.0,1.0,0.0,1.0,Script18_Regionalised_L2_Native,Script18_Regionalised_L2_Native,True,False,Theta
POW_Band,153,0.85,2.293632644,1.360964047,-0.9326685970000002,0.4741446071,0.5531687083,0.07902410119999997,24.750528207407193,20.58817107607279,-4.162357131334403,0.0,1.0,0.0,1.0,0.0,1.0,Script18_Regionalised_L2_Native,Script18_Regionalised_L2_Native,True,False,Theta
POW_Band,154,0.8555555555555556,2.330464323000004,2.3771689099999946,0.04670458699999047,0.47414460710000156,0.5531687083000015,0.07902410119999997,22.28831018544375,24.76818992012158,2.47987973467783,0.0,1.0,0.0,1.0,0.0,1.0,Script18_Regionalised_L2_Native,Script18_Regionalised_L2_Native,True,False,Theta
POW_Band,155,0.8611111111111112,2.525524394,2.118352106,-0.40717228799999994,0.5531687083,0.6321928095,0.07902410120000003,29.611118568953444,17.972505037166435,-11.638613531787009,0.0,1.0,0.0,1.0,0.0,1.0,Script18_Regionalised_L2_Native,Script18_Regionalised_L2_Native,True,False,Theta
POW_Band,156,0.8666666666666667,2.106347291,2.172295299,0.06594800799999989,0.6321928095,0.6321928095,0.0,31.769930736098992,16.98090548052579,-14.7890252555732,0.0,1.0,0.0,1.0,0.0,1.0,Script18_Regionalised_L2_Native,Script18_Regionalised_L2_Native,True,False,Theta
POW_Band,157,0.8722222222222222,2.468125102,1.587151472,-0.8809736300000002,0.5531687083,0.5531687083,0.0,29.700753996579074,11.883451180850297,-17.817302815728777,0.0,1.0,0.0,1.0,0.0,1.0,Script18_Regionalised_L2_Native,Script18_Regionalised_L2_Native,True,False,Theta
POW_Band,158,0.8777777777777778,2.818479778,2.375404066,-0.44307571199999973,0.6321928095,0.7826975312,0.15050472169999995,25.185894372779565,19.23003773870909,-5.955856634070475,0.0,1.0,0.0,1.0,0.0,1.0,Script18_Regionalised_L2_Native,Script18_Regionalised_L2_Native,True,False,Theta
POW_Band,159,0.8833333333333334,3.1292268089999773,1.6836677080000126,-1.4455591009999647,0.6321928094999983,0.7902410118999952,0.15804820239999684,21.796275768971604,19.44419544920589,-2.352080319765715,0.0,1.0,0.0,1.0,0.0,1.0,Script18_Regionalised_L2_Native,Script18_Regionalised_L2_Native,True,False,Theta
POW_Band,160,0.888888888888889,1.9918752390000138,2.3185013139999864,0.32662607499997254,0.5478882719000017,0.5531687083000015,0.005280436399999866,23.457099672630093,19.622420938207224,-3.8346787344228694,0.0,1.0,0.0,1.0,0.0,1.0,Script18_Regionalised_L2_Native,Script18_Regionalised_L2_Native,True,False,Theta
POW_Band,161,0.8944444444444445,2.684529936,1.620613825,-1.0639161110000002,0.6321928095,0.6321928095,0.0,39.268185192903466,15.229138877147182,-24.039046315756284,0.0,1.0,0.0,1.0,0.0,1.0,Script18_Regionalised_L2_Native,Script18_Regionalised_L2_Native,True,False,Theta
POW_Band,162,0.9,2.838943842,1.878596324,-0.9603475179999998,0.5531687083,0.4741446071,-0.07902410119999997,25.303627934393166,23.86096477246403,-1.4426631619291364,0.0,1.0,0.0,1.0,0.0,1.0,Script18_Regionalised_L2_Native,Script18_Regionalised_L2_Native,True,False,Theta
POW_Band,163,0.9055555555555556,2.005230047,1.740035451,-0.26519459599999995,0.6321928095,0.6321928095,0.0,33.362104125673696,19.366468269963374,-13.995635855710322,0.0,1.0,0.0,1.0,0.0,1.0,Script18_Regionalised_L2_Native,Script18_Regionalised_L2_Native,True,False,Theta
POW_Band,164,0.9111111111111111,2.17295844,1.918613927,-0.25434451299999994,0.6321928095,0.7112169107,0.07902410120000003,37.52539475513327,16.744903559134805,-20.780491195998465,0.0,1.0,0.0,1.0,0.0,1.0,Script18_Regionalised_L2_Native,Script18_Regionalised_L2_Native,True,False,Theta
POW_Band,165,0.9166666666666667,2.4863963099999964,1.5478679370000044,-0.938528372999992,0.6321928095,0.7112169106999985,0.07902410119999848,13.573106874223452,19.75558755721205,6.182480682988597,0.0,1.0,0.0,1.0,0.0,1.0,Script18_Regionalised_L2_Native,Script18_Regionalised_L2_Native,True,False,Theta
POW_Band,166,0.9222222222222223,2.303512564,1.77144893,-0.532063634,0.6321928095,0.6321928095,0.0,38.10515272924919,17.49628855316174,-20.60886417608745,0.0,1.0,0.0,1.0,0.0,1.0,Script18_Regionalised_L2_Native,Script18_Regionalised_L2_Native,True,False,Theta
POW_Band,167,0.9277777777777778,2.901299878,2.339032339,-0.562267539,0.7112169107,0.869265113,0.15804820229999994,46.5014378969902,23.722231204489887,-22.77920669250031,0.0,1.0,0.0,1.0,0.0,1.0,Script18_Regionalised_L2_Native,Script18_Regionalised_L2_Native,True,False,Theta
POW_Band,168,0.9333333333333333,2.520157311,2.257242456,-0.262914855,0.6321928095,0.6321928095,0.0,48.188918040140635,28.64007234424902,-19.548845695891615,0.0,1.0,0.0,1.0,0.0,1.0,Script18_Regionalised_L2_Native,Script18_Regionalised_L2_Native,True,False,Theta
POW_Band,169,0.9388888888888889,2.086202629,2.161090913,0.07488828399999958,0.5531687083,0.6321928095,0.07902410120000003,34.83803022641166,26.101118336198148,-8.736911890213513,0.0,1.0,0.0,1.0,0.0,1.0,Script18_Regionalised_L2_Native,Script18_Regionalised_L2_Native,True,False,Theta
POW_Band,170,0.9444444444444445,1.8399641070000157,2.0744871119999924,0.2345230049999767,0.7902410118999968,0.4741446071000047,-0.3160964047999921,37.17660193761211,24.538314208956702,-12.63828772865541,0.0,1.0,0.0,1.0,0.0,1.0,Script18_Regionalised_L2_Native,Script18_Regionalised_L2_Native,True,False,Theta
POW_Band,171,0.9500000000000001,2.633164982999987,1.6869890280000115,-0.9461759549999755,0.6321928094999985,0.7112169107,0.07902410120000158,34.10673985955666,18.227410614651873,-15.879329244904788,0.0,1.0,0.0,1.0,0.0,1.0,Script18_Regionalised_L2_Native,Script18_Regionalised_L2_Native,True,False,Theta
POW_Band,172,0.9555555555555556,1.996821914,2.26098071,0.26415879600000003,0.5531687083,0.7112169107,0.15804820240000006,25.871422827135646,26.043529684357186,0.1721068572215394,0.0,1.0,0.0,1.0,0.0,1.0,Script18_Regionalised_L2_Native,Script18_Regionalised_L2_Native,True,False,Theta
POW_Band,173,0.9611111111111111,2.225157039,1.896348574,-0.32880846500000005,0.6321928095,0.6321928095,0.0,33.17478244735695,22.780370481143112,-10.394411966213834,0.0,1.0,0.0,1.0,0.0,1.0,Script18_Regionalised_L2_Native,Script18_Regionalised_L2_Native,True,False,Theta
POW_Band,174,0.9666666666666667,2.422240195,1.842139246,-0.5801009490000002,0.7112169107,0.5531687083,-0.15804820240000006,38.42667752302381,13.977746275606396,-24.448931247417416,0.0,1.0,0.0,1.0,0.0,1.0,Script18_Regionalised_L2_Native,Script18_Regionalised_L2_Native,True,False,Theta
POW_Band,175,0.9722222222222222,2.021189854,1.818995594,-0.20219426000000018,0.5531687083,0.7112169107,0.15804820240000006,25.92232347559846,20.531676668859575,-5.390646806738886,0.0,1.0,0.0,1.0,0.0,1.0,Script18_Regionalised_L2_Native,Script18_Regionalised_L2_Native,True,False,Theta
POW_Band,176,0.9777777777777779,2.296680527000005,2.4036639109999993,0.10698338399999452,0.5531687083000015,0.5531687083000048,3.219646771412954e-15,28.704539876897424,20.316236651097313,-8.388303225800112,0.0,1.0,0.0,1.0,0.0,1.0,Script18_Regionalised_L2_Native,Script18_Regionalised_L2_Native,True,False,Theta
POW_Band,177,0.9833333333333334,2.531493625999988,2.367457673999996,-0.16403595199999188,0.6321928094999985,0.7902410118999984,0.15804820239999995,37.66375139559569,28.16365690567433,-9.50009448992136,0.0,1.0,0.0,1.0,0.0,1.0,Script18_Regionalised_L2_Native,Script18_Regionalised_L2_Native,True,False,Theta
POW_Band,178,0.9888888888888889,1.920540247,2.176752834,0.25621258700000027,0.5531687083,0.7112169107,0.15804820240000006,23.647421677068095,19.47760710340269,-4.1698145736654055,0.0,1.0,0.0,1.0,0.0,1.0,Script18_Regionalised_L2_Native,Script18_Regionalised_L2_Native,True,False,Theta
POW_Band,179,0.9944444444444445,2.656702189,2.08148673,-0.5752154590000003,0.6321928095,0.5531687083,-0.07902410120000003,33.50740861565606,16.360629789203614,-17.146778826452447,0.0,1.0,0.0,1.0,0.0,1.0,Script18_Regionalised_L2_Native,Script18_Regionalised_L2_Native,True,False,Theta
POW_Band,180,1.0,2.944952035,2.416419882,-0.528532153,0.3951205059,0.5531687083,0.1580482024,35.12716677605349,24.784688739061103,-10.34247803699239,0.0,1.0,0.0,1.0,0.0,1.0,Script18_Regionalised_L2_Native,Script18_Regionalised_L2_Native,True,False,Theta
