Dataset,Metric,Band,Envelope_Band,Channel_A,Channel_B,Value
BASELINE_EC,Band-Power Envelope Coherence,BetaL,UltraSlow,Cz,Fz,0.8071717772150572
BASELINE_EC,Band-Power Envelope Coherence,BetaL,UltraSlow,Cz,Fp1,0.5497102967075771
BASELINE_EC,Band-Power Envelope Coherence,BetaL,UltraSlow,Cz,F7,0.5642567106414702
BASELINE_EC,Band-Power Envelope Coherence,BetaL,UltraSlow,Cz,F3,0.7661303469070423
BASELINE_EC,Band-Power Envelope Coherence,BetaL,UltraSlow,Cz,FC1,0.8075752188772363
BASELINE_EC,Band-Power Envelope Coherence,BetaL,UltraSlow,Cz,C3,0.5973061467261047
BASELINE_EC,Band-Power Envelope Coherence,BetaL,UltraSlow,Cz,FC5,0.7052262833843291
BASELINE_EC,Band-Power Envelope Coherence,BetaL,UltraSlow,Cz,FT9,0.38703223005249615
BASELINE_EC,Band-Power Envelope Coherence,BetaL,UltraSlow,Cz,T7,0.5911544288310869
BASELINE_EC,Band-Power Envelope Coherence,BetaL,UltraSlow,Cz,CP5,0.26960081772703404
BASELINE_EC,Band-Power Envelope Coherence,BetaL,UltraSlow,Cz,CP1,0.21656193300520865
BASELINE_EC,Band-Power Envelope Coherence,BetaL,UltraSlow,Cz,P3,0.14916459346373925
BASELINE_EC,Band-Power Envelope Coherence,BetaL,UltraSlow,Cz,P7,0.06459728161400284
BASELINE_EC,Band-Power Envelope Coherence,BetaL,UltraSlow,Cz,PO9,0.030800609493273422
BASELINE_EC,Band-Power Envelope Coherence,BetaL,UltraSlow,Cz,O1,0.04140733751740898
BASELINE_EC,Band-Power Envelope Coherence,BetaL,UltraSlow,Cz,Pz,0.19993915859183356
BASELINE_EC,Band-Power Envelope Coherence,BetaL,UltraSlow,Cz,Oz,0.08117143733587588
BASELINE_EC,Band-Power Envelope Coherence,BetaL,UltraSlow,Cz,O2,0.054775892449939696
BASELINE_EC,Band-Power Envelope Coherence,BetaL,UltraSlow,Cz,PO10,0.061403825985894195
BASELINE_EC,Band-Power Envelope Coherence,BetaL,UltraSlow,Cz,P8,0.03277847977584097
BASELINE_EC,Band-Power Envelope Coherence,BetaL,UltraSlow,Cz,P4,0.21320547892556946
BASELINE_EC,Band-Power Envelope Coherence,BetaL,UltraSlow,Cz,CP2,0.25135214702211983
BASELINE_EC,Band-Power Envelope Coherence,BetaL,UltraSlow,Cz,CP6,0.26954478640398727
BASELINE_EC,Band-Power Envelope Coherence,BetaL,UltraSlow,Cz,T8,0.36055116147909716
BASELINE_EC,Band-Power Envelope Coherence,BetaL,UltraSlow,Cz,FT10,0.2502464815854537
BASELINE_EC,Band-Power Envelope Coherence,BetaL,UltraSlow,Cz,FC6,0.6580333670199477
BASELINE_EC,Band-Power Envelope Coherence,BetaL,UltraSlow,Cz,C4,0.5634915987391741
BASELINE_EC,Band-Power Envelope Coherence,BetaL,UltraSlow,Cz,FC2,0.826529392093848
BASELINE_EC,Band-Power Envelope Coherence,BetaL,UltraSlow,Cz,F4,0.704767567019505
BASELINE_EC,Band-Power Envelope Coherence,BetaL,UltraSlow,Cz,F8,0.4494518441296884
BASELINE_EC,Band-Power Envelope Coherence,BetaL,UltraSlow,Cz,Fp2,0.5321036003316414
BASELINE_EC,Band-Power Envelope Coherence,BetaL,UltraSlow,Fz,Fp1,0.7457641509425401
BASELINE_EC,Band-Power Envelope Coherence,BetaL,UltraSlow,Fz,F7,0.7249675461709161
BASELINE_EC,Band-Power Envelope Coherence,BetaL,UltraSlow,Fz,F3,0.914255954551135
BASELINE_EC,Band-Power Envelope Coherence,BetaL,UltraSlow,Fz,FC1,0.8593905519280269
BASELINE_EC,Band-Power Envelope Coherence,BetaL,UltraSlow,Fz,C3,0.5582813179916608
BASELINE_EC,Band-Power Envelope Coherence,BetaL,UltraSlow,Fz,FC5,0.7965226538550066
BASELINE_EC,Band-Power Envelope Coherence,BetaL,UltraSlow,Fz,FT9,0.46641181604013887
BASELINE_EC,Band-Power Envelope Coherence,BetaL,UltraSlow,Fz,T7,0.6379320728644143
BASELINE_EC,Band-Power Envelope Coherence,BetaL,UltraSlow,Fz,CP5,0.20126681244792444
BASELINE_EC,Band-Power Envelope Coherence,BetaL,UltraSlow,Fz,CP1,0.1547177733303837
BASELINE_EC,Band-Power Envelope Coherence,BetaL,UltraSlow,Fz,P3,0.09566247287912426
BASELINE_EC,Band-Power Envelope Coherence,BetaL,UltraSlow,Fz,P7,0.038165216252885
BASELINE_EC,Band-Power Envelope Coherence,BetaL,UltraSlow,Fz,PO9,0.028443455081375458
BASELINE_EC,Band-Power Envelope Coherence,BetaL,UltraSlow,Fz,O1,0.027183504101106114
BASELINE_EC,Band-Power Envelope Coherence,BetaL,UltraSlow,Fz,Pz,0.14185770333025205
BASELINE_EC,Band-Power Envelope Coherence,BetaL,UltraSlow,Fz,Oz,0.054846657322792806
BASELINE_EC,Band-Power Envelope Coherence,BetaL,UltraSlow,Fz,O2,0.04398722915180588
BASELINE_EC,Band-Power Envelope Coherence,BetaL,UltraSlow,Fz,PO10,0.08727143788482726
BASELINE_EC,Band-Power Envelope Coherence,BetaL,UltraSlow,Fz,P8,0.04472509465363105
BASELINE_EC,Band-Power Envelope Coherence,BetaL,UltraSlow,Fz,P4,0.16416474920394394
BASELINE_EC,Band-Power Envelope Coherence,BetaL,UltraSlow,Fz,CP2,0.19030277577902746
BASELINE_EC,Band-Power Envelope Coherence,BetaL,UltraSlow,Fz,CP6,0.2896529866009288
BASELINE_EC,Band-Power Envelope Coherence,BetaL,UltraSlow,Fz,T8,0.44726302019753705
BASELINE_EC,Band-Power Envelope Coherence,BetaL,UltraSlow,Fz,FT10,0.39933894342955445
BASELINE_EC,Band-Power Envelope Coherence,BetaL,UltraSlow,Fz,FC6,0.7960000492707011
BASELINE_EC,Band-Power Envelope Coherence,BetaL,UltraSlow,Fz,C4,0.5771530235441681
BASELINE_EC,Band-Power Envelope Coherence,BetaL,UltraSlow,Fz,FC2,0.9140939451426374
BASELINE_EC,Band-Power Envelope Coherence,BetaL,UltraSlow,Fz,F4,0.8729123232183745
BASELINE_EC,Band-Power Envelope Coherence,BetaL,UltraSlow,Fz,F8,0.6380067802079155
BASELINE_EC,Band-Power Envelope Coherence,BetaL,UltraSlow,Fz,Fp2,0.7585758152473772
BASELINE_EC,Band-Power Envelope Coherence,BetaL,UltraSlow,Fp1,F7,0.856700433453844
BASELINE_EC,Band-Power Envelope Coherence,BetaL,UltraSlow,Fp1,F3,0.8239968606960185
BASELINE_EC,Band-Power Envelope Coherence,BetaL,UltraSlow,Fp1,FC1,0.6222970469436101
BASELINE_EC,Band-Power Envelope Coherence,BetaL,UltraSlow,Fp1,C3,0.33096153670174094
BASELINE_EC,Band-Power Envelope Coherence,BetaL,UltraSlow,Fp1,FC5,0.6693945453385495
BASELINE_EC,Band-Power Envelope Coherence,BetaL,UltraSlow,Fp1,FT9,0.649251297894693
BASELINE_EC,Band-Power Envelope Coherence,BetaL,UltraSlow,Fp1,T7,0.5505069194712636
BASELINE_EC,Band-Power Envelope Coherence,BetaL,UltraSlow,Fp1,CP5,0.09774611403730873
BASELINE_EC,Band-Power Envelope Coherence,BetaL,UltraSlow,Fp1,CP1,0.11381233093589942
BASELINE_EC,Band-Power Envelope Coherence,BetaL,UltraSlow,Fp1,P3,0.06349776358100746
BASELINE_EC,Band-Power Envelope Coherence,BetaL,UltraSlow,Fp1,P7,0.05967223844698566
BASELINE_EC,Band-Power Envelope Coherence,BetaL,UltraSlow,Fp1,PO9,0.03995829733046647
BASELINE_EC,Band-Power Envelope Coherence,BetaL,UltraSlow,Fp1,O1,0.024650084993127083
BASELINE_EC,Band-Power Envelope Coherence,BetaL,UltraSlow,Fp1,Pz,0.11485851477044849
BASELINE_EC,Band-Power Envelope Coherence,BetaL,UltraSlow,Fp1,Oz,0.06412164976556972
BASELINE_EC,Band-Power Envelope Coherence,BetaL,UltraSlow,Fp1,O2,0.05658216105383014
BASELINE_EC,Band-Power Envelope Coherence,BetaL,UltraSlow,Fp1,PO10,0.08553545493879937
BASELINE_EC,Band-Power Envelope Coherence,BetaL,UltraSlow,Fp1,P8,0.02874216039038838
BASELINE_EC,Band-Power Envelope Coherence,BetaL,UltraSlow,Fp1,P4,0.12798481225630323
BASELINE_EC,Band-Power Envelope Coherence,BetaL,UltraSlow,Fp1,CP2,0.15264886922810775
BASELINE_EC,Band-Power Envelope Coherence,BetaL,UltraSlow,Fp1,CP6,0.15023697089298668
BASELINE_EC,Band-Power Envelope Coherence,BetaL,UltraSlow,Fp1,T8,0.3321913618370965
BASELINE_EC,Band-Power Envelope Coherence,BetaL,UltraSlow,Fp1,FT10,0.3537597307773806
BASELINE_EC,Band-Power Envelope Coherence,BetaL,UltraSlow,Fp1,FC6,0.6065874945526135
BASELINE_EC,Band-Power Envelope Coherence,BetaL,UltraSlow,Fp1,C4,0.32930547459659154
BASELINE_EC,Band-Power Envelope Coherence,BetaL,UltraSlow,Fp1,FC2,0.6332702471643841
BASELINE_EC,Band-Power Envelope Coherence,BetaL,UltraSlow,Fp1,F4,0.7019801673781954
BASELINE_EC,Band-Power Envelope Coherence,BetaL,UltraSlow,Fp1,F8,0.6124371049803036
BASELINE_EC,Band-Power Envelope Coherence,BetaL,UltraSlow,Fp1,Fp2,0.8444750103957365
BASELINE_EC,Band-Power Envelope Coherence,BetaL,UltraSlow,F7,F3,0.8344266433311628
BASELINE_EC,Band-Power Envelope Coherence,BetaL,UltraSlow,F7,FC1,0.648012022080514
BASELINE_EC,Band-Power Envelope Coherence,BetaL,UltraSlow,F7,C3,0.3939463297893387
BASELINE_EC,Band-Power Envelope Coherence,BetaL,UltraSlow,F7,FC5,0.778542965177676
BASELINE_EC,Band-Power Envelope Coherence,BetaL,UltraSlow,F7,FT9,0.7642028588842766
BASELINE_EC,Band-Power Envelope Coherence,BetaL,UltraSlow,F7,T7,0.6728428007531948
BASELINE_EC,Band-Power Envelope Coherence,BetaL,UltraSlow,F7,CP5,0.1457283929618756
BASELINE_EC,Band-Power Envelope Coherence,BetaL,UltraSlow,F7,CP1,0.1163120568230775
BASELINE_EC,Band-Power Envelope Coherence,BetaL,UltraSlow,F7,P3,0.07427513036372303
BASELINE_EC,Band-Power Envelope Coherence,BetaL,UltraSlow,F7,P7,0.08164274934369022
BASELINE_EC,Band-Power Envelope Coherence,BetaL,UltraSlow,F7,PO9,0.04841753991255307
BASELINE_EC,Band-Power Envelope Coherence,BetaL,UltraSlow,F7,O1,0.029309846198412755
BASELINE_EC,Band-Power Envelope Coherence,BetaL,UltraSlow,F7,Pz,0.12394785840531736
BASELINE_EC,Band-Power Envelope Coherence,BetaL,UltraSlow,F7,Oz,0.06530424344897051
BASELINE_EC,Band-Power Envelope Coherence,BetaL,UltraSlow,F7,O2,0.059669355583193306
BASELINE_EC,Band-Power Envelope Coherence,BetaL,UltraSlow,F7,PO10,0.08339503141921277
BASELINE_EC,Band-Power Envelope Coherence,BetaL,UltraSlow,F7,P8,0.027280882767807445
BASELINE_EC,Band-Power Envelope Coherence,BetaL,UltraSlow,F7,P4,0.12804241756008358
BASELINE_EC,Band-Power Envelope Coherence,BetaL,UltraSlow,F7,CP2,0.16057104551748624
BASELINE_EC,Band-Power Envelope Coherence,BetaL,UltraSlow,F7,CP6,0.12687800558433146
BASELINE_EC,Band-Power Envelope Coherence,BetaL,UltraSlow,F7,T8,0.2683009989257833
BASELINE_EC,Band-Power Envelope Coherence,BetaL,UltraSlow,F7,FT10,0.2818304344121446
BASELINE_EC,Band-Power Envelope Coherence,BetaL,UltraSlow,F7,FC6,0.5382338271119274
BASELINE_EC,Band-Power Envelope Coherence,BetaL,UltraSlow,F7,C4,0.2972584929246469
BASELINE_EC,Band-Power Envelope Coherence,BetaL,UltraSlow,F7,FC2,0.6117249645230667
BASELINE_EC,Band-Power Envelope Coherence,BetaL,UltraSlow,F7,F4,0.6471473750610941
BASELINE_EC,Band-Power Envelope Coherence,BetaL,UltraSlow,F7,F8,0.5081001065223842
BASELINE_EC,Band-Power Envelope Coherence,BetaL,UltraSlow,F7,Fp2,0.7192049864483839
BASELINE_EC,Band-Power Envelope Coherence,BetaL,UltraSlow,F3,FC1,0.7917463949776976
BASELINE_EC,Band-Power Envelope Coherence,BetaL,UltraSlow,F3,C3,0.4952988938078557
BASELINE_EC,Band-Power Envelope Coherence,BetaL,UltraSlow,F3,FC5,0.8341341772268138
BASELINE_EC,Band-Power Envelope Coherence,BetaL,UltraSlow,F3,FT9,0.5590718624220895
BASELINE_EC,Band-Power Envelope Coherence,BetaL,UltraSlow,F3,T7,0.6677874229309126
BASELINE_EC,Band-Power Envelope Coherence,BetaL,UltraSlow,F3,CP5,0.1750949219571187
BASELINE_EC,Band-Power Envelope Coherence,BetaL,UltraSlow,F3,CP1,0.12321255224299815
BASELINE_EC,Band-Power Envelope Coherence,BetaL,UltraSlow,F3,P3,0.07324275110679185
BASELINE_EC,Band-Power Envelope Coherence,BetaL,UltraSlow,F3,P7,0.05499904780731697
BASELINE_EC,Band-Power Envelope Coherence,BetaL,UltraSlow,F3,PO9,0.035605324640916584
BASELINE_EC,Band-Power Envelope Coherence,BetaL,UltraSlow,F3,O1,0.024639420004132325
BASELINE_EC,Band-Power Envelope Coherence,BetaL,UltraSlow,F3,Pz,0.11706630351412045
BASELINE_EC,Band-Power Envelope Coherence,BetaL,UltraSlow,F3,Oz,0.054428336625379894
BASELINE_EC,Band-Power Envelope Coherence,BetaL,UltraSlow,F3,O2,0.03941746537079716
BASELINE_EC,Band-Power Envelope Coherence,BetaL,UltraSlow,F3,PO10,0.0687859397897944
BASELINE_EC,Band-Power Envelope Coherence,BetaL,UltraSlow,F3,P8,0.025882433083431192
BASELINE_EC,Band-Power Envelope Coherence,BetaL,UltraSlow,F3,P4,0.12689678179674727
BASELINE_EC,Band-Power Envelope Coherence,BetaL,UltraSlow,F3,CP2,0.1555101709548993
BASELINE_EC,Band-Power Envelope Coherence,BetaL,UltraSlow,F3,CP6,0.19729826643711437
BASELINE_EC,Band-Power Envelope Coherence,BetaL,UltraSlow,F3,T8,0.36022001245595103
BASELINE_EC,Band-Power Envelope Coherence,BetaL,UltraSlow,F3,FT10,0.31831143494146896
BASELINE_EC,Band-Power Envelope Coherence,BetaL,UltraSlow,F3,FC6,0.6835586364616065
BASELINE_EC,Band-Power Envelope Coherence,BetaL,UltraSlow,F3,C4,0.4428709170150288
BASELINE_EC,Band-Power Envelope Coherence,BetaL,UltraSlow,F3,FC2,0.8039198513024495
BASELINE_EC,Band-Power Envelope Coherence,BetaL,UltraSlow,F3,F4,0.8000210162411702
BASELINE_EC,Band-Power Envelope Coherence,BetaL,UltraSlow,F3,F8,0.569362003551554
BASELINE_EC,Band-Power Envelope Coherence,BetaL,UltraSlow,F3,Fp2,0.7540119034836763
BASELINE_EC,Band-Power Envelope Coherence,BetaL,UltraSlow,FC1,C3,0.7518912484872441
BASELINE_EC,Band-Power Envelope Coherence,BetaL,UltraSlow,FC1,FC5,0.8339547652863175
BASELINE_EC,Band-Power Envelope Coherence,BetaL,UltraSlow,FC1,FT9,0.4711179578636782
BASELINE_EC,Band-Power Envelope Coherence,BetaL,UltraSlow,FC1,T7,0.7693511304110285
BASELINE_EC,Band-Power Envelope Coherence,BetaL,UltraSlow,FC1,CP5,0.38915272301633413
BASELINE_EC,Band-Power Envelope Coherence,BetaL,UltraSlow,FC1,CP1,0.31350788065836455
BASELINE_EC,Band-Power Envelope Coherence,BetaL,UltraSlow,FC1,P3,0.22995058795392834
BASELINE_EC,Band-Power Envelope Coherence,BetaL,UltraSlow,FC1,P7,0.07174712670464757
BASELINE_EC,Band-Power Envelope Coherence,BetaL,UltraSlow,FC1,PO9,0.04198730023091291
BASELINE_EC,Band-Power Envelope Coherence,BetaL,UltraSlow,FC1,O1,0.06254990162145604
BASELINE_EC,Band-Power Envelope Coherence,BetaL,UltraSlow,FC1,Pz,0.2977866489772126
BASELINE_EC,Band-Power Envelope Coherence,BetaL,UltraSlow,FC1,Oz,0.12499854341337388
BASELINE_EC,Band-Power Envelope Coherence,BetaL,UltraSlow,FC1,O2,0.10078307056450506
BASELINE_EC,Band-Power Envelope Coherence,BetaL,UltraSlow,FC1,PO10,0.12349731595496297
BASELINE_EC,Band-Power Envelope Coherence,BetaL,UltraSlow,FC1,P8,0.058775070795720995
BASELINE_EC,Band-Power Envelope Coherence,BetaL,UltraSlow,FC1,P4,0.3076873604159193
BASELINE_EC,Band-Power Envelope Coherence,BetaL,UltraSlow,FC1,CP2,0.3589251922935689
BASELINE_EC,Band-Power Envelope Coherence,BetaL,UltraSlow,FC1,CP6,0.2837278398131646
BASELINE_EC,Band-Power Envelope Coherence,BetaL,UltraSlow,FC1,T8,0.41769162008516075
BASELINE_EC,Band-Power Envelope Coherence,BetaL,UltraSlow,FC1,FT10,0.3072329089585239
BASELINE_EC,Band-Power Envelope Coherence,BetaL,UltraSlow,FC1,FC6,0.7127866048738466
BASELINE_EC,Band-Power Envelope Coherence,BetaL,UltraSlow,FC1,C4,0.5703559568518513
BASELINE_EC,Band-Power Envelope Coherence,BetaL,UltraSlow,FC1,FC2,0.8596158169221829
BASELINE_EC,Band-Power Envelope Coherence,BetaL,UltraSlow,FC1,F4,0.7443482106754554
BASELINE_EC,Band-Power Envelope Coherence,BetaL,UltraSlow,FC1,F8,0.5135276166134689
BASELINE_EC,Band-Power Envelope Coherence,BetaL,UltraSlow,FC1,Fp2,0.6112032636214351
BASELINE_EC,Band-Power Envelope Coherence,BetaL,UltraSlow,C3,FC5,0.6890554926448087
BASELINE_EC,Band-Power Envelope Coherence,BetaL,UltraSlow,C3,FT9,0.2876337716321186
BASELINE_EC,Band-Power Envelope Coherence,BetaL,UltraSlow,C3,T7,0.6879194887270885
BASELINE_EC,Band-Power Envelope Coherence,BetaL,UltraSlow,C3,CP5,0.6683960891579711
BASELINE_EC,Band-Power Envelope Coherence,BetaL,UltraSlow,C3,CP1,0.41341165714882
BASELINE_EC,Band-Power Envelope Coherence,BetaL,UltraSlow,C3,P3,0.37507939173163396
BASELINE_EC,Band-Power Envelope Coherence,BetaL,UltraSlow,C3,P7,0.09499132255303461
BASELINE_EC,Band-Power Envelope Coherence,BetaL,UltraSlow,C3,PO9,0.04487498684648484
BASELINE_EC,Band-Power Envelope Coherence,BetaL,UltraSlow,C3,O1,0.10282795571738225
BASELINE_EC,Band-Power Envelope Coherence,BetaL,UltraSlow,C3,Pz,0.37952411780464457
BASELINE_EC,Band-Power Envelope Coherence,BetaL,UltraSlow,C3,Oz,0.16912361161618786
BASELINE_EC,Band-Power Envelope Coherence,BetaL,UltraSlow,C3,O2,0.12457093637511595
BASELINE_EC,Band-Power Envelope Coherence,BetaL,UltraSlow,C3,PO10,0.10362259649979665
BASELINE_EC,Band-Power Envelope Coherence,BetaL,UltraSlow,C3,P8,0.07106528977851831
BASELINE_EC,Band-Power Envelope Coherence,BetaL,UltraSlow,C3,P4,0.3550724541192745
BASELINE_EC,Band-Power Envelope Coherence,BetaL,UltraSlow,C3,CP2,0.4153864216570312
BASELINE_EC,Band-Power Envelope Coherence,BetaL,UltraSlow,C3,CP6,0.20073048108145056
BASELINE_EC,Band-Power Envelope Coherence,BetaL,UltraSlow,C3,T8,0.23033126847817267
BASELINE_EC,Band-Power Envelope Coherence,BetaL,UltraSlow,C3,FT10,0.1620564815521454
BASELINE_EC,Band-Power Envelope Coherence,BetaL,UltraSlow,C3,FC6,0.4190562308303358
BASELINE_EC,Band-Power Envelope Coherence,BetaL,UltraSlow,C3,C4,0.41724789632263803
BASELINE_EC,Band-Power Envelope Coherence,BetaL,UltraSlow,C3,FC2,0.5885852937273813
BASELINE_EC,Band-Power Envelope Coherence,BetaL,UltraSlow,C3,F4,0.43046757050149687
BASELINE_EC,Band-Power Envelope Coherence,BetaL,UltraSlow,C3,F8,0.25639922717273395
BASELINE_EC,Band-Power Envelope Coherence,BetaL,UltraSlow,C3,Fp2,0.312336682998697
BASELINE_EC,Band-Power Envelope Coherence,BetaL,UltraSlow,FC5,FT9,0.5887055645984239
BASELINE_EC,Band-Power Envelope Coherence,BetaL,UltraSlow,FC5,T7,0.8551302084877748
BASELINE_EC,Band-Power Envelope Coherence,BetaL,UltraSlow,FC5,CP5,0.38033727113482385
BASELINE_EC,Band-Power Envelope Coherence,BetaL,UltraSlow,FC5,CP1,0.20517327745607125
BASELINE_EC,Band-Power Envelope Coherence,BetaL,UltraSlow,FC5,P3,0.15729095914277638
BASELINE_EC,Band-Power Envelope Coherence,BetaL,UltraSlow,FC5,P7,0.07919063736246744
BASELINE_EC,Band-Power Envelope Coherence,BetaL,UltraSlow,FC5,PO9,0.04003825764932746
BASELINE_EC,Band-Power Envelope Coherence,BetaL,UltraSlow,FC5,O1,0.04373806885799438
BASELINE_EC,Band-Power Envelope Coherence,BetaL,UltraSlow,FC5,Pz,0.20309526687266333
BASELINE_EC,Band-Power Envelope Coherence,BetaL,UltraSlow,FC5,Oz,0.0897571896720663
BASELINE_EC,Band-Power Envelope Coherence,BetaL,UltraSlow,FC5,O2,0.07334473040504796
BASELINE_EC,Band-Power Envelope Coherence,BetaL,UltraSlow,FC5,PO10,0.09384172229759043
BASELINE_EC,Band-Power Envelope Coherence,BetaL,UltraSlow,FC5,P8,0.03734757509686095
BASELINE_EC,Band-Power Envelope Coherence,BetaL,UltraSlow,FC5,P4,0.19852268270581064
BASELINE_EC,Band-Power Envelope Coherence,BetaL,UltraSlow,FC5,CP2,0.248157186362839
BASELINE_EC,Band-Power Envelope Coherence,BetaL,UltraSlow,FC5,CP6,0.173803977923094
BASELINE_EC,Band-Power Envelope Coherence,BetaL,UltraSlow,FC5,T8,0.28523754678826074
BASELINE_EC,Band-Power Envelope Coherence,BetaL,UltraSlow,FC5,FT10,0.2430247657217245
BASELINE_EC,Band-Power Envelope Coherence,BetaL,UltraSlow,FC5,FC6,0.5595746050714611
BASELINE_EC,Band-Power Envelope Coherence,BetaL,UltraSlow,FC5,C4,0.4030210567282382
BASELINE_EC,Band-Power Envelope Coherence,BetaL,UltraSlow,FC5,FC2,0.7216418330914511
BASELINE_EC,Band-Power Envelope Coherence,BetaL,UltraSlow,FC5,F4,0.649232174835367
BASELINE_EC,Band-Power Envelope Coherence,BetaL,UltraSlow,FC5,F8,0.43735926477597126
BASELINE_EC,Band-Power Envelope Coherence,BetaL,UltraSlow,FC5,Fp2,0.5850812206652134
BASELINE_EC,Band-Power Envelope Coherence,BetaL,UltraSlow,FT9,T7,0.6188389820049074
BASELINE_EC,Band-Power Envelope Coherence,BetaL,UltraSlow,FT9,CP5,0.13423365555452157
BASELINE_EC,Band-Power Envelope Coherence,BetaL,UltraSlow,FT9,CP1,0.13475974489915357
BASELINE_EC,Band-Power Envelope Coherence,BetaL,UltraSlow,FT9,P3,0.10412710234595939
BASELINE_EC,Band-Power Envelope Coherence,BetaL,UltraSlow,FT9,P7,0.15312223928901825
BASELINE_EC,Band-Power Envelope Coherence,BetaL,UltraSlow,FT9,PO9,0.07805408672243225
BASELINE_EC,Band-Power Envelope Coherence,BetaL,UltraSlow,FT9,O1,0.05884957541487352
BASELINE_EC,Band-Power Envelope Coherence,BetaL,UltraSlow,FT9,Pz,0.16645139264437606
BASELINE_EC,Band-Power Envelope Coherence,BetaL,UltraSlow,FT9,Oz,0.1038600997203437
BASELINE_EC,Band-Power Envelope Coherence,BetaL,UltraSlow,FT9,O2,0.10185161178209995
BASELINE_EC,Band-Power Envelope Coherence,BetaL,UltraSlow,FT9,PO10,0.09872126814500158
BASELINE_EC,Band-Power Envelope Coherence,BetaL,UltraSlow,FT9,P8,0.03146369963883222
BASELINE_EC,Band-Power Envelope Coherence,BetaL,UltraSlow,FT9,P4,0.14362858723668118
BASELINE_EC,Band-Power Envelope Coherence,BetaL,UltraSlow,FT9,CP2,0.1941224322612218
BASELINE_EC,Band-Power Envelope Coherence,BetaL,UltraSlow,FT9,CP6,0.08138919485285433
BASELINE_EC,Band-Power Envelope Coherence,BetaL,UltraSlow,FT9,T8,0.19688985794296895
BASELINE_EC,Band-Power Envelope Coherence,BetaL,UltraSlow,FT9,FT10,0.20985415556559825
BASELINE_EC,Band-Power Envelope Coherence,BetaL,UltraSlow,FT9,FC6,0.37600475965397384
BASELINE_EC,Band-Power Envelope Coherence,BetaL,UltraSlow,FT9,C4,0.1715735339024802
BASELINE_EC,Band-Power Envelope Coherence,BetaL,UltraSlow,FT9,FC2,0.40531887535572503
BASELINE_EC,Band-Power Envelope Coherence,BetaL,UltraSlow,FT9,F4,0.4404664573444741
BASELINE_EC,Band-Power Envelope Coherence,BetaL,UltraSlow,FT9,F8,0.38433510316087127
BASELINE_EC,Band-Power Envelope Coherence,BetaL,UltraSlow,FT9,Fp2,0.5192703534086749
BASELINE_EC,Band-Power Envelope Coherence,BetaL,UltraSlow,T7,CP5,0.4888851693788483
BASELINE_EC,Band-Power Envelope Coherence,BetaL,UltraSlow,T7,CP1,0.2580821149097649
BASELINE_EC,Band-Power Envelope Coherence,BetaL,UltraSlow,T7,P3,0.2223426352325027
BASELINE_EC,Band-Power Envelope Coherence,BetaL,UltraSlow,T7,P7,0.14463234573315173
BASELINE_EC,Band-Power Envelope Coherence,BetaL,UltraSlow,T7,PO9,0.05275271756862518
BASELINE_EC,Band-Power Envelope Coherence,BetaL,UltraSlow,T7,O1,0.06717477879903974
BASELINE_EC,Band-Power Envelope Coherence,BetaL,UltraSlow,T7,Pz,0.2730386174058089
BASELINE_EC,Band-Power Envelope Coherence,BetaL,UltraSlow,T7,Oz,0.12391109909758025
BASELINE_EC,Band-Power Envelope Coherence,BetaL,UltraSlow,T7,O2,0.10664821061929355
BASELINE_EC,Band-Power Envelope Coherence,BetaL,UltraSlow,T7,PO10,0.11685713741580957
BASELINE_EC,Band-Power Envelope Coherence,BetaL,UltraSlow,T7,P8,0.03386308977247327
BASELINE_EC,Band-Power Envelope Coherence,BetaL,UltraSlow,T7,P4,0.24044183177423734
BASELINE_EC,Band-Power Envelope Coherence,BetaL,UltraSlow,T7,CP2,0.3104608650407427
BASELINE_EC,Band-Power Envelope Coherence,BetaL,UltraSlow,T7,CP6,0.13023057429129678
BASELINE_EC,Band-Power Envelope Coherence,BetaL,UltraSlow,T7,T8,0.2259452406964538
BASELINE_EC,Band-Power Envelope Coherence,BetaL,UltraSlow,T7,FT10,0.16681538423342876
BASELINE_EC,Band-Power Envelope Coherence,BetaL,UltraSlow,T7,FC6,0.45435035752984265
BASELINE_EC,Band-Power Envelope Coherence,BetaL,UltraSlow,T7,C4,0.30687524716778564
BASELINE_EC,Band-Power Envelope Coherence,BetaL,UltraSlow,T7,FC2,0.5997112267994452
BASELINE_EC,Band-Power Envelope Coherence,BetaL,UltraSlow,T7,F4,0.5256401381067306
BASELINE_EC,Band-Power Envelope Coherence,BetaL,UltraSlow,T7,F8,0.34797368849929994
BASELINE_EC,Band-Power Envelope Coherence,BetaL,UltraSlow,T7,Fp2,0.45767076573774806
BASELINE_EC,Band-Power Envelope Coherence,BetaL,UltraSlow,CP5,CP1,0.3753775097687568
BASELINE_EC,Band-Power Envelope Coherence,BetaL,UltraSlow,CP5,P3,0.48439451512051884
BASELINE_EC,Band-Power Envelope Coherence,BetaL,UltraSlow,CP5,P7,0.15899505684893953
BASELINE_EC,Band-Power Envelope Coherence,BetaL,UltraSlow,CP5,PO9,0.03752463637206224
BASELINE_EC,Band-Power Envelope Coherence,BetaL,UltraSlow,CP5,O1,0.12982070424747705
BASELINE_EC,Band-Power Envelope Coherence,BetaL,UltraSlow,CP5,Pz,0.35906621596697774
BASELINE_EC,Band-Power Envelope Coherence,BetaL,UltraSlow,CP5,Oz,0.15517283349662445
BASELINE_EC,Band-Power Envelope Coherence,BetaL,UltraSlow,CP5,O2,0.10188956505549142
BASELINE_EC,Band-Power Envelope Coherence,BetaL,UltraSlow,CP5,PO10,0.04418150280612298
BASELINE_EC,Band-Power Envelope Coherence,BetaL,UltraSlow,CP5,P8,0.034758591602738365
BASELINE_EC,Band-Power Envelope Coherence,BetaL,UltraSlow,CP5,P4,0.27248368642874177
BASELINE_EC,Band-Power Envelope Coherence,BetaL,UltraSlow,CP5,CP2,0.34905679955314983
BASELINE_EC,Band-Power Envelope Coherence,BetaL,UltraSlow,CP5,CP6,0.0771928123757847
BASELINE_EC,Band-Power Envelope Coherence,BetaL,UltraSlow,CP5,T8,0.06262985417948942
BASELINE_EC,Band-Power Envelope Coherence,BetaL,UltraSlow,CP5,FT10,0.040513029800549945
BASELINE_EC,Band-Power Envelope Coherence,BetaL,UltraSlow,CP5,FC6,0.12620930435214106
BASELINE_EC,Band-Power Envelope Coherence,BetaL,UltraSlow,CP5,C4,0.15368983558536786
BASELINE_EC,Band-Power Envelope Coherence,BetaL,UltraSlow,CP5,FC2,0.21965390915810082
BASELINE_EC,Band-Power Envelope Coherence,BetaL,UltraSlow,CP5,F4,0.12325969727914665
BASELINE_EC,Band-Power Envelope Coherence,BetaL,UltraSlow,CP5,F8,0.06515843243622882
BASELINE_EC,Band-Power Envelope Coherence,BetaL,UltraSlow,CP5,Fp2,0.08237494776213622
BASELINE_EC,Band-Power Envelope Coherence,BetaL,UltraSlow,CP1,P3,0.8530153724267792
BASELINE_EC,Band-Power Envelope Coherence,BetaL,UltraSlow,CP1,P7,0.2181744172016076
BASELINE_EC,Band-Power Envelope Coherence,BetaL,UltraSlow,CP1,PO9,0.22847329936141955
BASELINE_EC,Band-Power Envelope Coherence,BetaL,UltraSlow,CP1,O1,0.5489417614328059
BASELINE_EC,Band-Power Envelope Coherence,BetaL,UltraSlow,CP1,Pz,0.9086101685104478
BASELINE_EC,Band-Power Envelope Coherence,BetaL,UltraSlow,CP1,Oz,0.7493039502900802
BASELINE_EC,Band-Power Envelope Coherence,BetaL,UltraSlow,CP1,O2,0.6220454769434544
BASELINE_EC,Band-Power Envelope Coherence,BetaL,UltraSlow,CP1,PO10,0.24030863696569751
BASELINE_EC,Band-Power Envelope Coherence,BetaL,UltraSlow,CP1,P8,0.16906333355379102
BASELINE_EC,Band-Power Envelope Coherence,BetaL,UltraSlow,CP1,P4,0.8657428542577471
BASELINE_EC,Band-Power Envelope Coherence,BetaL,UltraSlow,CP1,CP2,0.8968925345437849
BASELINE_EC,Band-Power Envelope Coherence,BetaL,UltraSlow,CP1,CP6,0.2327781095356423
BASELINE_EC,Band-Power Envelope Coherence,BetaL,UltraSlow,CP1,T8,0.13430335952447867
BASELINE_EC,Band-Power Envelope Coherence,BetaL,UltraSlow,CP1,FT10,0.06921156397890534
BASELINE_EC,Band-Power Envelope Coherence,BetaL,UltraSlow,CP1,FC6,0.16142689034706525
BASELINE_EC,Band-Power Envelope Coherence,BetaL,UltraSlow,CP1,C4,0.24078821161332095
BASELINE_EC,Band-Power Envelope Coherence,BetaL,UltraSlow,CP1,FC2,0.2150644016857823
BASELINE_EC,Band-Power Envelope Coherence,BetaL,UltraSlow,CP1,F4,0.12446408319556768
BASELINE_EC,Band-Power Envelope Coherence,BetaL,UltraSlow,CP1,F8,0.1018606456105985
BASELINE_EC,Band-Power Envelope Coherence,BetaL,UltraSlow,CP1,Fp2,0.11457304435829747
BASELINE_EC,Band-Power Envelope Coherence,BetaL,UltraSlow,P3,P7,0.28426030437221167
BASELINE_EC,Band-Power Envelope Coherence,BetaL,UltraSlow,P3,PO9,0.22538891615138948
BASELINE_EC,Band-Power Envelope Coherence,BetaL,UltraSlow,P3,O1,0.5835635244736136
BASELINE_EC,Band-Power Envelope Coherence,BetaL,UltraSlow,P3,Pz,0.8765109239064665
BASELINE_EC,Band-Power Envelope Coherence,BetaL,UltraSlow,P3,Oz,0.7008243470102086
BASELINE_EC,Band-Power Envelope Coherence,BetaL,UltraSlow,P3,O2,0.5385425392341248
BASELINE_EC,Band-Power Envelope Coherence,BetaL,UltraSlow,P3,PO10,0.14836109434574715
BASELINE_EC,Band-Power Envelope Coherence,BetaL,UltraSlow,P3,P8,0.09816669680929463
BASELINE_EC,Band-Power Envelope Coherence,BetaL,UltraSlow,P3,P4,0.7328153053416304
BASELINE_EC,Band-Power Envelope Coherence,BetaL,UltraSlow,P3,CP2,0.8164023216075321
BASELINE_EC,Band-Power Envelope Coherence,BetaL,UltraSlow,P3,CP6,0.13683999190151486
BASELINE_EC,Band-Power Envelope Coherence,BetaL,UltraSlow,P3,T8,0.06487928826352266
BASELINE_EC,Band-Power Envelope Coherence,BetaL,UltraSlow,P3,FT10,0.043016189802185786
BASELINE_EC,Band-Power Envelope Coherence,BetaL,UltraSlow,P3,FC6,0.08580223534440305
BASELINE_EC,Band-Power Envelope Coherence,BetaL,UltraSlow,P3,C4,0.1392642972157162
BASELINE_EC,Band-Power Envelope Coherence,BetaL,UltraSlow,P3,FC2,0.13349100421080567
BASELINE_EC,Band-Power Envelope Coherence,BetaL,UltraSlow,P3,F4,0.0687126640818353
BASELINE_EC,Band-Power Envelope Coherence,BetaL,UltraSlow,P3,F8,0.0512122229748393
BASELINE_EC,Band-Power Envelope Coherence,BetaL,UltraSlow,P3,Fp2,0.05838549086182401
BASELINE_EC,Band-Power Envelope Coherence,BetaL,UltraSlow,P7,PO9,0.27970135706214205
BASELINE_EC,Band-Power Envelope Coherence,BetaL,UltraSlow,P7,O1,0.2639285838364996
BASELINE_EC,Band-Power Envelope Coherence,BetaL,UltraSlow,P7,Pz,0.29621377126906173
BASELINE_EC,Band-Power Envelope Coherence,BetaL,UltraSlow,P7,Oz,0.2312108525968844
BASELINE_EC,Band-Power Envelope Coherence,BetaL,UltraSlow,P7,O2,0.16341115400402653
BASELINE_EC,Band-Power Envelope Coherence,BetaL,UltraSlow,P7,PO10,0.06727200389294018
BASELINE_EC,Band-Power Envelope Coherence,BetaL,UltraSlow,P7,P8,0.024357327241958562
BASELINE_EC,Band-Power Envelope Coherence,BetaL,UltraSlow,P7,P4,0.1731052684811255
BASELINE_EC,Band-Power Envelope Coherence,BetaL,UltraSlow,P7,CP2,0.2557867220688524
BASELINE_EC,Band-Power Envelope Coherence,BetaL,UltraSlow,P7,CP6,0.04195958987174255
BASELINE_EC,Band-Power Envelope Coherence,BetaL,UltraSlow,P7,T8,0.01103035345917566
BASELINE_EC,Band-Power Envelope Coherence,BetaL,UltraSlow,P7,FT10,0.018566552730867956
BASELINE_EC,Band-Power Envelope Coherence,BetaL,UltraSlow,P7,FC6,0.02149228207490639
BASELINE_EC,Band-Power Envelope Coherence,BetaL,UltraSlow,P7,C4,0.017821041389048834
BASELINE_EC,Band-Power Envelope Coherence,BetaL,UltraSlow,P7,FC2,0.033355804973949424
BASELINE_EC,Band-Power Envelope Coherence,BetaL,UltraSlow,P7,F4,0.032860640948293246
BASELINE_EC,Band-Power Envelope Coherence,BetaL,UltraSlow,P7,F8,0.026402563715850095
BASELINE_EC,Band-Power Envelope Coherence,BetaL,UltraSlow,P7,Fp2,0.031122466281159448
BASELINE_EC,Band-Power Envelope Coherence,BetaL,UltraSlow,PO9,O1,0.40663495977980074
BASELINE_EC,Band-Power Envelope Coherence,BetaL,UltraSlow,PO9,Pz,0.2892297193709138
BASELINE_EC,Band-Power Envelope Coherence,BetaL,UltraSlow,PO9,Oz,0.42439721907447353
BASELINE_EC,Band-Power Envelope Coherence,BetaL,UltraSlow,PO9,O2,0.3317441937421916
BASELINE_EC,Band-Power Envelope Coherence,BetaL,UltraSlow,PO9,PO10,0.1559826959590856
BASELINE_EC,Band-Power Envelope Coherence,BetaL,UltraSlow,PO9,P8,0.05612823464796249
BASELINE_EC,Band-Power Envelope Coherence,BetaL,UltraSlow,PO9,P4,0.20353372375716436
BASELINE_EC,Band-Power Envelope Coherence,BetaL,UltraSlow,PO9,CP2,0.2599815737477169
BASELINE_EC,Band-Power Envelope Coherence,BetaL,UltraSlow,PO9,CP6,0.05087253377512051
BASELINE_EC,Band-Power Envelope Coherence,BetaL,UltraSlow,PO9,T8,0.0317876469490353
BASELINE_EC,Band-Power Envelope Coherence,BetaL,UltraSlow,PO9,FT10,0.049970642744073195
BASELINE_EC,Band-Power Envelope Coherence,BetaL,UltraSlow,PO9,FC6,0.03309102730484841
BASELINE_EC,Band-Power Envelope Coherence,BetaL,UltraSlow,PO9,C4,0.04319566868348817
BASELINE_EC,Band-Power Envelope Coherence,BetaL,UltraSlow,PO9,FC2,0.03310117507303881
BASELINE_EC,Band-Power Envelope Coherence,BetaL,UltraSlow,PO9,F4,0.023982991361756037
BASELINE_EC,Band-Power Envelope Coherence,BetaL,UltraSlow,PO9,F8,0.021403541948545723
BASELINE_EC,Band-Power Envelope Coherence,BetaL,UltraSlow,PO9,Fp2,0.02706811845271488
BASELINE_EC,Band-Power Envelope Coherence,BetaL,UltraSlow,O1,Pz,0.5967526162020064
BASELINE_EC,Band-Power Envelope Coherence,BetaL,UltraSlow,O1,Oz,0.7345716767574179
BASELINE_EC,Band-Power Envelope Coherence,BetaL,UltraSlow,O1,O2,0.5464286121123836
BASELINE_EC,Band-Power Envelope Coherence,BetaL,UltraSlow,O1,PO10,0.12432935139466386
BASELINE_EC,Band-Power Envelope Coherence,BetaL,UltraSlow,O1,P8,0.0693341973573979
BASELINE_EC,Band-Power Envelope Coherence,BetaL,UltraSlow,O1,P4,0.46085493641600794
BASELINE_EC,Band-Power Envelope Coherence,BetaL,UltraSlow,O1,CP2,0.5267535674311309
BASELINE_EC,Band-Power Envelope Coherence,BetaL,UltraSlow,O1,CP6,0.06540784546564025
BASELINE_EC,Band-Power Envelope Coherence,BetaL,UltraSlow,O1,T8,0.028715744750561597
BASELINE_EC,Band-Power Envelope Coherence,BetaL,UltraSlow,O1,FT10,0.03358902558583633
BASELINE_EC,Band-Power Envelope Coherence,BetaL,UltraSlow,O1,FC6,0.027540142268639985
BASELINE_EC,Band-Power Envelope Coherence,BetaL,UltraSlow,O1,C4,0.04699786715240512
BASELINE_EC,Band-Power Envelope Coherence,BetaL,UltraSlow,O1,FC2,0.03745508590145019
BASELINE_EC,Band-Power Envelope Coherence,BetaL,UltraSlow,O1,F4,0.02177804624399831
BASELINE_EC,Band-Power Envelope Coherence,BetaL,UltraSlow,O1,F8,0.01833111919448242
BASELINE_EC,Band-Power Envelope Coherence,BetaL,UltraSlow,O1,Fp2,0.020037288919943434
BASELINE_EC,Band-Power Envelope Coherence,BetaL,UltraSlow,Pz,Oz,0.8005756374335345
BASELINE_EC,Band-Power Envelope Coherence,BetaL,UltraSlow,Pz,O2,0.699093526871317
BASELINE_EC,Band-Power Envelope Coherence,BetaL,UltraSlow,Pz,PO10,0.27598000623464763
BASELINE_EC,Band-Power Envelope Coherence,BetaL,UltraSlow,Pz,P8,0.15852041079391807
BASELINE_EC,Band-Power Envelope Coherence,BetaL,UltraSlow,Pz,P4,0.8921416206653913
BASELINE_EC,Band-Power Envelope Coherence,BetaL,UltraSlow,Pz,CP2,0.9484528525615628
BASELINE_EC,Band-Power Envelope Coherence,BetaL,UltraSlow,Pz,CP6,0.21375715915537005
BASELINE_EC,Band-Power Envelope Coherence,BetaL,UltraSlow,Pz,T8,0.11172541743472085
BASELINE_EC,Band-Power Envelope Coherence,BetaL,UltraSlow,Pz,FT10,0.05889405310500002
BASELINE_EC,Band-Power Envelope Coherence,BetaL,UltraSlow,Pz,FC6,0.1373340970163763
BASELINE_EC,Band-Power Envelope Coherence,BetaL,UltraSlow,Pz,C4,0.20330852330557497
BASELINE_EC,Band-Power Envelope Coherence,BetaL,UltraSlow,Pz,FC2,0.1928267290502112
BASELINE_EC,Band-Power Envelope Coherence,BetaL,UltraSlow,Pz,F4,0.11272091577749128
BASELINE_EC,Band-Power Envelope Coherence,BetaL,UltraSlow,Pz,F8,0.08905173209638416
BASELINE_EC,Band-Power Envelope Coherence,BetaL,UltraSlow,Pz,Fp2,0.1019242026271582
BASELINE_EC,Band-Power Envelope Coherence,BetaL,UltraSlow,Oz,O2,0.840640114463723
BASELINE_EC,Band-Power Envelope Coherence,BetaL,UltraSlow,Oz,PO10,0.287458804129267
BASELINE_EC,Band-Power Envelope Coherence,BetaL,UltraSlow,Oz,P8,0.1652702380697382
BASELINE_EC,Band-Power Envelope Coherence,BetaL,UltraSlow,Oz,P4,0.7172603846912994
BASELINE_EC,Band-Power Envelope Coherence,BetaL,UltraSlow,Oz,CP2,0.7451690380323597
BASELINE_EC,Band-Power Envelope Coherence,BetaL,UltraSlow,Oz,CP6,0.13406104772699548
BASELINE_EC,Band-Power Envelope Coherence,BetaL,UltraSlow,Oz,T8,0.06235219871055619
BASELINE_EC,Band-Power Envelope Coherence,BetaL,UltraSlow,Oz,FT10,0.037059931951542086
BASELINE_EC,Band-Power Envelope Coherence,BetaL,UltraSlow,Oz,FC6,0.05682728234042372
BASELINE_EC,Band-Power Envelope Coherence,BetaL,UltraSlow,Oz,C4,0.09162370958603372
BASELINE_EC,Band-Power Envelope Coherence,BetaL,UltraSlow,Oz,FC2,0.07783064100159301
BASELINE_EC,Band-Power Envelope Coherence,BetaL,UltraSlow,Oz,F4,0.04418139793101155
BASELINE_EC,Band-Power Envelope Coherence,BetaL,UltraSlow,Oz,F8,0.04175797736102653
BASELINE_EC,Band-Power Envelope Coherence,BetaL,UltraSlow,Oz,Fp2,0.05119231543882639
BASELINE_EC,Band-Power Envelope Coherence,BetaL,UltraSlow,O2,PO10,0.4786314543823569
BASELINE_EC,Band-Power Envelope Coherence,BetaL,UltraSlow,O2,P8,0.29805917171474655
BASELINE_EC,Band-Power Envelope Coherence,BetaL,UltraSlow,O2,P4,0.7089840968983167
BASELINE_EC,Band-Power Envelope Coherence,BetaL,UltraSlow,O2,CP2,0.6761920264761192
BASELINE_EC,Band-Power Envelope Coherence,BetaL,UltraSlow,O2,CP6,0.16375126177429955
BASELINE_EC,Band-Power Envelope Coherence,BetaL,UltraSlow,O2,T8,0.06025084303513812
BASELINE_EC,Band-Power Envelope Coherence,BetaL,UltraSlow,O2,FT10,0.04014732482089061
BASELINE_EC,Band-Power Envelope Coherence,BetaL,UltraSlow,O2,FC6,0.048511213479593536
BASELINE_EC,Band-Power Envelope Coherence,BetaL,UltraSlow,O2,C4,0.08190941392969338
BASELINE_EC,Band-Power Envelope Coherence,BetaL,UltraSlow,O2,FC2,0.06425107451944308
BASELINE_EC,Band-Power Envelope Coherence,BetaL,UltraSlow,O2,F4,0.037057833118699965
BASELINE_EC,Band-Power Envelope Coherence,BetaL,UltraSlow,O2,F8,0.03461828108741164
BASELINE_EC,Band-Power Envelope Coherence,BetaL,UltraSlow,O2,Fp2,0.04306887431279859
BASELINE_EC,Band-Power Envelope Coherence,BetaL,UltraSlow,PO10,P8,0.5973948774797466
BASELINE_EC,Band-Power Envelope Coherence,BetaL,UltraSlow,PO10,P4,0.34772587057929977
BASELINE_EC,Band-Power Envelope Coherence,BetaL,UltraSlow,PO10,CP2,0.30483875906680474
BASELINE_EC,Band-Power Envelope Coherence,BetaL,UltraSlow,PO10,CP6,0.2115974436224768
BASELINE_EC,Band-Power Envelope Coherence,BetaL,UltraSlow,PO10,T8,0.130944989229275
BASELINE_EC,Band-Power Envelope Coherence,BetaL,UltraSlow,PO10,FT10,0.08262986860058154
BASELINE_EC,Band-Power Envelope Coherence,BetaL,UltraSlow,PO10,FC6,0.09488028536843048
BASELINE_EC,Band-Power Envelope Coherence,BetaL,UltraSlow,PO10,C4,0.10080093713038442
BASELINE_EC,Band-Power Envelope Coherence,BetaL,UltraSlow,PO10,FC2,0.10417175469376215
BASELINE_EC,Band-Power Envelope Coherence,BetaL,UltraSlow,PO10,F4,0.08606918943153882
BASELINE_EC,Band-Power Envelope Coherence,BetaL,UltraSlow,PO10,F8,0.07351968301157584
BASELINE_EC,Band-Power Envelope Coherence,BetaL,UltraSlow,PO10,Fp2,0.07751179264481682
BASELINE_EC,Band-Power Envelope Coherence,BetaL,UltraSlow,P8,P4,0.2708220960869909
BASELINE_EC,Band-Power Envelope Coherence,BetaL,UltraSlow,P8,CP2,0.1887072501012309
BASELINE_EC,Band-Power Envelope Coherence,BetaL,UltraSlow,P8,CP6,0.38758777876112654
BASELINE_EC,Band-Power Envelope Coherence,BetaL,UltraSlow,P8,T8,0.13941633405583845
BASELINE_EC,Band-Power Envelope Coherence,BetaL,UltraSlow,P8,FT10,0.08561964209233078
BASELINE_EC,Band-Power Envelope Coherence,BetaL,UltraSlow,P8,FC6,0.06763715885802975
BASELINE_EC,Band-Power Envelope Coherence,BetaL,UltraSlow,P8,C4,0.13520357728576196
BASELINE_EC,Band-Power Envelope Coherence,BetaL,UltraSlow,P8,FC2,0.06723837279660766
BASELINE_EC,Band-Power Envelope Coherence,BetaL,UltraSlow,P8,F4,0.04199187454569368
BASELINE_EC,Band-Power Envelope Coherence,BetaL,UltraSlow,P8,F8,0.04196677301070309
BASELINE_EC,Band-Power Envelope Coherence,BetaL,UltraSlow,P8,Fp2,0.03542874669535731
BASELINE_EC,Band-Power Envelope Coherence,BetaL,UltraSlow,P4,CP2,0.9239965042984132
BASELINE_EC,Band-Power Envelope Coherence,BetaL,UltraSlow,P4,CP6,0.33444185016879485
BASELINE_EC,Band-Power Envelope Coherence,BetaL,UltraSlow,P4,T8,0.16012966920382216
BASELINE_EC,Band-Power Envelope Coherence,BetaL,UltraSlow,P4,FT10,0.07907856005139337
BASELINE_EC,Band-Power Envelope Coherence,BetaL,UltraSlow,P4,FC6,0.1773772888088777
BASELINE_EC,Band-Power Envelope Coherence,BetaL,UltraSlow,P4,C4,0.28471471905128193
BASELINE_EC,Band-Power Envelope Coherence,BetaL,UltraSlow,P4,FC2,0.22814317486878927
BASELINE_EC,Band-Power Envelope Coherence,BetaL,UltraSlow,P4,F4,0.13764129531569708
BASELINE_EC,Band-Power Envelope Coherence,BetaL,UltraSlow,P4,F8,0.11361238657977045
BASELINE_EC,Band-Power Envelope Coherence,BetaL,UltraSlow,P4,Fp2,0.12448609435780877
BASELINE_EC,Band-Power Envelope Coherence,BetaL,UltraSlow,CP2,CP6,0.2774596980971697
BASELINE_EC,Band-Power Envelope Coherence,BetaL,UltraSlow,CP2,T8,0.15537720818855574
BASELINE_EC,Band-Power Envelope Coherence,BetaL,UltraSlow,CP2,FT10,0.0792705913231163
BASELINE_EC,Band-Power Envelope Coherence,BetaL,UltraSlow,CP2,FC6,0.18841760486107487
BASELINE_EC,Band-Power Envelope Coherence,BetaL,UltraSlow,CP2,C4,0.27100174082047007
BASELINE_EC,Band-Power Envelope Coherence,BetaL,UltraSlow,CP2,FC2,0.25309260665217603
BASELINE_EC,Band-Power Envelope Coherence,BetaL,UltraSlow,CP2,F4,0.15601986892041156
BASELINE_EC,Band-Power Envelope Coherence,BetaL,UltraSlow,CP2,F8,0.12840982452780766
BASELINE_EC,Band-Power Envelope Coherence,BetaL,UltraSlow,CP2,Fp2,0.1438741887234287
BASELINE_EC,Band-Power Envelope Coherence,BetaL,UltraSlow,CP6,T8,0.5489970749589769
BASELINE_EC,Band-Power Envelope Coherence,BetaL,UltraSlow,CP6,FT10,0.34691725966352716
BASELINE_EC,Band-Power Envelope Coherence,BetaL,UltraSlow,CP6,FC6,0.447147307054683
BASELINE_EC,Band-Power Envelope Coherence,BetaL,UltraSlow,CP6,C4,0.628082107656282
BASELINE_EC,Band-Power Envelope Coherence,BetaL,UltraSlow,CP6,FC2,0.4015725157319992
BASELINE_EC,Band-Power Envelope Coherence,BetaL,UltraSlow,CP6,F4,0.3003185502143461
BASELINE_EC,Band-Power Envelope Coherence,BetaL,UltraSlow,CP6,F8,0.2770647444032692
BASELINE_EC,Band-Power Envelope Coherence,BetaL,UltraSlow,CP6,Fp2,0.21802772042723306
BASELINE_EC,Band-Power Envelope Coherence,BetaL,UltraSlow,T8,FT10,0.6047099873976706
BASELINE_EC,Band-Power Envelope Coherence,BetaL,UltraSlow,T8,FC6,0.716801701451514
BASELINE_EC,Band-Power Envelope Coherence,BetaL,UltraSlow,T8,C4,0.5348443107281325
BASELINE_EC,Band-Power Envelope Coherence,BetaL,UltraSlow,T8,FC2,0.52680961365243
BASELINE_EC,Band-Power Envelope Coherence,BetaL,UltraSlow,T8,F4,0.52833522962016
BASELINE_EC,Band-Power Envelope Coherence,BetaL,UltraSlow,T8,F8,0.5815798299042312
BASELINE_EC,Band-Power Envelope Coherence,BetaL,UltraSlow,T8,Fp2,0.44438064130283816
BASELINE_EC,Band-Power Envelope Coherence,BetaL,UltraSlow,FT10,FC6,0.6029945069450611
BASELINE_EC,Band-Power Envelope Coherence,BetaL,UltraSlow,FT10,C4,0.3837362497883649
BASELINE_EC,Band-Power Envelope Coherence,BetaL,UltraSlow,FT10,FC2,0.42683737876410305
BASELINE_EC,Band-Power Envelope Coherence,BetaL,UltraSlow,FT10,F4,0.46904807416013855
BASELINE_EC,Band-Power Envelope Coherence,BetaL,UltraSlow,FT10,F8,0.6837813797140299
BASELINE_EC,Band-Power Envelope Coherence,BetaL,UltraSlow,FT10,Fp2,0.5132192337046861
BASELINE_EC,Band-Power Envelope Coherence,BetaL,UltraSlow,FC6,C4,0.688025721669383
BASELINE_EC,Band-Power Envelope Coherence,BetaL,UltraSlow,FC6,FC2,0.8639619205164585
BASELINE_EC,Band-Power Envelope Coherence,BetaL,UltraSlow,FC6,F4,0.8664442495502666
BASELINE_EC,Band-Power Envelope Coherence,BetaL,UltraSlow,FC6,F8,0.7850412788645182
BASELINE_EC,Band-Power Envelope Coherence,BetaL,UltraSlow,FC6,Fp2,0.7265541716648518
BASELINE_EC,Band-Power Envelope Coherence,BetaL,UltraSlow,C4,FC2,0.7017821390504174
BASELINE_EC,Band-Power Envelope Coherence,BetaL,UltraSlow,C4,F4,0.5645315411891377
BASELINE_EC,Band-Power Envelope Coherence,BetaL,UltraSlow,C4,F8,0.44273132921906166
BASELINE_EC,Band-Power Envelope Coherence,BetaL,UltraSlow,C4,Fp2,0.4125895006464965
BASELINE_EC,Band-Power Envelope Coherence,BetaL,UltraSlow,FC2,F4,0.8625889832894846
BASELINE_EC,Band-Power Envelope Coherence,BetaL,UltraSlow,FC2,F8,0.6373102278094227
BASELINE_EC,Band-Power Envelope Coherence,BetaL,UltraSlow,FC2,Fp2,0.6848687613822846
BASELINE_EC,Band-Power Envelope Coherence,BetaL,UltraSlow,F4,F8,0.7173125660185528
BASELINE_EC,Band-Power Envelope Coherence,BetaL,UltraSlow,F4,Fp2,0.7717932097590539
BASELINE_EC,Band-Power Envelope Coherence,BetaL,UltraSlow,F8,Fp2,0.785470001670488
BASELINE_EC,Band-Power Envelope Coherence,BetaL,Slow,Cz,Fz,0.828956396559686
BASELINE_EC,Band-Power Envelope Coherence,BetaL,Slow,Cz,Fp1,0.5944844840707314
BASELINE_EC,Band-Power Envelope Coherence,BetaL,Slow,Cz,F7,0.6101082677916689
BASELINE_EC,Band-Power Envelope Coherence,BetaL,Slow,Cz,F3,0.8035048951426534
BASELINE_EC,Band-Power Envelope Coherence,BetaL,Slow,Cz,FC1,0.8305800455169005
BASELINE_EC,Band-Power Envelope Coherence,BetaL,Slow,Cz,C3,0.6314013994973067
BASELINE_EC,Band-Power Envelope Coherence,BetaL,Slow,Cz,FC5,0.7401904711614282
BASELINE_EC,Band-Power Envelope Coherence,BetaL,Slow,Cz,FT9,0.4320112629151093
BASELINE_EC,Band-Power Envelope Coherence,BetaL,Slow,Cz,T7,0.6264735864115162
BASELINE_EC,Band-Power Envelope Coherence,BetaL,Slow,Cz,CP5,0.27676654866114575
BASELINE_EC,Band-Power Envelope Coherence,BetaL,Slow,Cz,CP1,0.24560285175502383
BASELINE_EC,Band-Power Envelope Coherence,BetaL,Slow,Cz,P3,0.1517049131863822
BASELINE_EC,Band-Power Envelope Coherence,BetaL,Slow,Cz,P7,0.08738348531572372
BASELINE_EC,Band-Power Envelope Coherence,BetaL,Slow,Cz,PO9,0.026297245906562468
BASELINE_EC,Band-Power Envelope Coherence,BetaL,Slow,Cz,O1,0.03840935008931321
BASELINE_EC,Band-Power Envelope Coherence,BetaL,Slow,Cz,Pz,0.21400403129332418
BASELINE_EC,Band-Power Envelope Coherence,BetaL,Slow,Cz,Oz,0.08823322618815549
BASELINE_EC,Band-Power Envelope Coherence,BetaL,Slow,Cz,O2,0.05472466767828758
BASELINE_EC,Band-Power Envelope Coherence,BetaL,Slow,Cz,PO10,0.0832059385691207
BASELINE_EC,Band-Power Envelope Coherence,BetaL,Slow,Cz,P8,0.02674804502761695
BASELINE_EC,Band-Power Envelope Coherence,BetaL,Slow,Cz,P4,0.233151111355483
BASELINE_EC,Band-Power Envelope Coherence,BetaL,Slow,Cz,CP2,0.264015098993064
BASELINE_EC,Band-Power Envelope Coherence,BetaL,Slow,Cz,CP6,0.24869148589993492
BASELINE_EC,Band-Power Envelope Coherence,BetaL,Slow,Cz,T8,0.3992501970859576
BASELINE_EC,Band-Power Envelope Coherence,BetaL,Slow,Cz,FT10,0.2714400277979994
BASELINE_EC,Band-Power Envelope Coherence,BetaL,Slow,Cz,FC6,0.6999329636230018
BASELINE_EC,Band-Power Envelope Coherence,BetaL,Slow,Cz,C4,0.5685817097328649
BASELINE_EC,Band-Power Envelope Coherence,BetaL,Slow,Cz,FC2,0.8463166865645384
BASELINE_EC,Band-Power Envelope Coherence,BetaL,Slow,Cz,F4,0.75110794641156
BASELINE_EC,Band-Power Envelope Coherence,BetaL,Slow,Cz,F8,0.50124423282751
BASELINE_EC,Band-Power Envelope Coherence,BetaL,Slow,Cz,Fp2,0.5740655090581133
BASELINE_EC,Band-Power Envelope Coherence,BetaL,Slow,Fz,Fp1,0.7566960765385091
BASELINE_EC,Band-Power Envelope Coherence,BetaL,Slow,Fz,F7,0.7374652316937138
BASELINE_EC,Band-Power Envelope Coherence,BetaL,Slow,Fz,F3,0.9214632779788712
BASELINE_EC,Band-Power Envelope Coherence,BetaL,Slow,Fz,FC1,0.8682195076771635
BASELINE_EC,Band-Power Envelope Coherence,BetaL,Slow,Fz,C3,0.5823944691705442
BASELINE_EC,Band-Power Envelope Coherence,BetaL,Slow,Fz,FC5,0.8090695359113987
BASELINE_EC,Band-Power Envelope Coherence,BetaL,Slow,Fz,FT9,0.47851454916738084
BASELINE_EC,Band-Power Envelope Coherence,BetaL,Slow,Fz,T7,0.6520581798415166
BASELINE_EC,Band-Power Envelope Coherence,BetaL,Slow,Fz,CP5,0.19749291383541312
BASELINE_EC,Band-Power Envelope Coherence,BetaL,Slow,Fz,CP1,0.16547375664092856
BASELINE_EC,Band-Power Envelope Coherence,BetaL,Slow,Fz,P3,0.08768893076464683
BASELINE_EC,Band-Power Envelope Coherence,BetaL,Slow,Fz,P7,0.052495143474539874
BASELINE_EC,Band-Power Envelope Coherence,BetaL,Slow,Fz,PO9,0.02544358805509631
BASELINE_EC,Band-Power Envelope Coherence,BetaL,Slow,Fz,O1,0.024549076186240634
BASELINE_EC,Band-Power Envelope Coherence,BetaL,Slow,Fz,Pz,0.1439046995410794
BASELINE_EC,Band-Power Envelope Coherence,BetaL,Slow,Fz,Oz,0.05083792637869092
BASELINE_EC,Band-Power Envelope Coherence,BetaL,Slow,Fz,O2,0.03924050259126066
BASELINE_EC,Band-Power Envelope Coherence,BetaL,Slow,Fz,PO10,0.11354640525842474
BASELINE_EC,Band-Power Envelope Coherence,BetaL,Slow,Fz,P8,0.040150339191961606
BASELINE_EC,Band-Power Envelope Coherence,BetaL,Slow,Fz,P4,0.1771119598782815
BASELINE_EC,Band-Power Envelope Coherence,BetaL,Slow,Fz,CP2,0.19493981410446498
BASELINE_EC,Band-Power Envelope Coherence,BetaL,Slow,Fz,CP6,0.27764587143586356
BASELINE_EC,Band-Power Envelope Coherence,BetaL,Slow,Fz,T8,0.4680255400195615
BASELINE_EC,Band-Power Envelope Coherence,BetaL,Slow,Fz,FT10,0.4161221240923124
BASELINE_EC,Band-Power Envelope Coherence,BetaL,Slow,Fz,FC6,0.8057002913180429
BASELINE_EC,Band-Power Envelope Coherence,BetaL,Slow,Fz,C4,0.5895425650304709
BASELINE_EC,Band-Power Envelope Coherence,BetaL,Slow,Fz,FC2,0.9206436114005159
BASELINE_EC,Band-Power Envelope Coherence,BetaL,Slow,Fz,F4,0.8900433902543811
BASELINE_EC,Band-Power Envelope Coherence,BetaL,Slow,Fz,F8,0.6726813301949015
BASELINE_EC,Band-Power Envelope Coherence,BetaL,Slow,Fz,Fp2,0.7748820566592028
BASELINE_EC,Band-Power Envelope Coherence,BetaL,Slow,Fp1,F7,0.8787039575453023
BASELINE_EC,Band-Power Envelope Coherence,BetaL,Slow,Fp1,F3,0.8384149834322238
BASELINE_EC,Band-Power Envelope Coherence,BetaL,Slow,Fp1,FC1,0.655960212295066
BASELINE_EC,Band-Power Envelope Coherence,BetaL,Slow,Fp1,C3,0.35979776185032414
BASELINE_EC,Band-Power Envelope Coherence,BetaL,Slow,Fp1,FC5,0.7050929047741465
BASELINE_EC,Band-Power Envelope Coherence,BetaL,Slow,Fp1,FT9,0.6841071418280158
BASELINE_EC,Band-Power Envelope Coherence,BetaL,Slow,Fp1,T7,0.5988867452387674
BASELINE_EC,Band-Power Envelope Coherence,BetaL,Slow,Fp1,CP5,0.10298154639603806
BASELINE_EC,Band-Power Envelope Coherence,BetaL,Slow,Fp1,CP1,0.14870544124734722
BASELINE_EC,Band-Power Envelope Coherence,BetaL,Slow,Fp1,P3,0.07473632434931843
BASELINE_EC,Band-Power Envelope Coherence,BetaL,Slow,Fp1,P7,0.09688582256129585
BASELINE_EC,Band-Power Envelope Coherence,BetaL,Slow,Fp1,PO9,0.03538945546872
BASELINE_EC,Band-Power Envelope Coherence,BetaL,Slow,Fp1,O1,0.02565831201955105
BASELINE_EC,Band-Power Envelope Coherence,BetaL,Slow,Fp1,Pz,0.15177742964177157
BASELINE_EC,Band-Power Envelope Coherence,BetaL,Slow,Fp1,Oz,0.08284914198691379
BASELINE_EC,Band-Power Envelope Coherence,BetaL,Slow,Fp1,O2,0.07721177036375255
BASELINE_EC,Band-Power Envelope Coherence,BetaL,Slow,Fp1,PO10,0.1304454465000115
BASELINE_EC,Band-Power Envelope Coherence,BetaL,Slow,Fp1,P8,0.024411252799000402
BASELINE_EC,Band-Power Envelope Coherence,BetaL,Slow,Fp1,P4,0.17073678061875502
BASELINE_EC,Band-Power Envelope Coherence,BetaL,Slow,Fp1,CP2,0.1965230134952743
BASELINE_EC,Band-Power Envelope Coherence,BetaL,Slow,Fp1,CP6,0.13013594042923343
BASELINE_EC,Band-Power Envelope Coherence,BetaL,Slow,Fp1,T8,0.3322015732843679
BASELINE_EC,Band-Power Envelope Coherence,BetaL,Slow,Fp1,FT10,0.3298984346635728
BASELINE_EC,Band-Power Envelope Coherence,BetaL,Slow,Fp1,FC6,0.6020201337605878
BASELINE_EC,Band-Power Envelope Coherence,BetaL,Slow,Fp1,C4,0.32598340260176484
BASELINE_EC,Band-Power Envelope Coherence,BetaL,Slow,Fp1,FC2,0.6441174420495562
BASELINE_EC,Band-Power Envelope Coherence,BetaL,Slow,Fp1,F4,0.7117198157240774
BASELINE_EC,Band-Power Envelope Coherence,BetaL,Slow,Fp1,F8,0.6287784105712292
BASELINE_EC,Band-Power Envelope Coherence,BetaL,Slow,Fp1,Fp2,0.8486359649755566
BASELINE_EC,Band-Power Envelope Coherence,BetaL,Slow,F7,F3,0.8459366029903681
BASELINE_EC,Band-Power Envelope Coherence,BetaL,Slow,F7,FC1,0.6779577151859986
BASELINE_EC,Band-Power Envelope Coherence,BetaL,Slow,F7,C3,0.4179095131277061
BASELINE_EC,Band-Power Envelope Coherence,BetaL,Slow,F7,FC5,0.8028436428187935
BASELINE_EC,Band-Power Envelope Coherence,BetaL,Slow,F7,FT9,0.7913798018116898
BASELINE_EC,Band-Power Envelope Coherence,BetaL,Slow,F7,T7,0.7091565801093558
BASELINE_EC,Band-Power Envelope Coherence,BetaL,Slow,F7,CP5,0.15060066474010345
BASELINE_EC,Band-Power Envelope Coherence,BetaL,Slow,F7,CP1,0.15056283645048515
BASELINE_EC,Band-Power Envelope Coherence,BetaL,Slow,F7,P3,0.0878288959237158
BASELINE_EC,Band-Power Envelope Coherence,BetaL,Slow,F7,P7,0.13445966268855863
BASELINE_EC,Band-Power Envelope Coherence,BetaL,Slow,F7,PO9,0.04573295169800452
BASELINE_EC,Band-Power Envelope Coherence,BetaL,Slow,F7,O1,0.03267052245074628
BASELINE_EC,Band-Power Envelope Coherence,BetaL,Slow,F7,Pz,0.16545867854916063
BASELINE_EC,Band-Power Envelope Coherence,BetaL,Slow,F7,Oz,0.08698465807194619
BASELINE_EC,Band-Power Envelope Coherence,BetaL,Slow,F7,O2,0.08423881471227067
BASELINE_EC,Band-Power Envelope Coherence,BetaL,Slow,F7,PO10,0.12904167408665843
BASELINE_EC,Band-Power Envelope Coherence,BetaL,Slow,F7,P8,0.022546808542167625
BASELINE_EC,Band-Power Envelope Coherence,BetaL,Slow,F7,P4,0.17018482792254552
BASELINE_EC,Band-Power Envelope Coherence,BetaL,Slow,F7,CP2,0.20845304371767565
BASELINE_EC,Band-Power Envelope Coherence,BetaL,Slow,F7,CP6,0.10478238489895257
BASELINE_EC,Band-Power Envelope Coherence,BetaL,Slow,F7,T8,0.2644612197926336
BASELINE_EC,Band-Power Envelope Coherence,BetaL,Slow,F7,FT10,0.2554674519988157
BASELINE_EC,Band-Power Envelope Coherence,BetaL,Slow,F7,FC6,0.537558593531017
BASELINE_EC,Band-Power Envelope Coherence,BetaL,Slow,F7,C4,0.2889063557553547
BASELINE_EC,Band-Power Envelope Coherence,BetaL,Slow,F7,FC2,0.6205692342376945
BASELINE_EC,Band-Power Envelope Coherence,BetaL,Slow,F7,F4,0.6629332729177254
BASELINE_EC,Band-Power Envelope Coherence,BetaL,Slow,F7,F8,0.5279669978212015
BASELINE_EC,Band-Power Envelope Coherence,BetaL,Slow,F7,Fp2,0.7313247725945917
BASELINE_EC,Band-Power Envelope Coherence,BetaL,Slow,F3,FC1,0.8108187024901097
BASELINE_EC,Band-Power Envelope Coherence,BetaL,Slow,F3,C3,0.520062797112868
BASELINE_EC,Band-Power Envelope Coherence,BetaL,Slow,F3,FC5,0.8486262170249007
BASELINE_EC,Band-Power Envelope Coherence,BetaL,Slow,F3,FT9,0.583310730590229
BASELINE_EC,Band-Power Envelope Coherence,BetaL,Slow,F3,T7,0.6912471925689305
BASELINE_EC,Band-Power Envelope Coherence,BetaL,Slow,F3,CP5,0.17412418009545888
BASELINE_EC,Band-Power Envelope Coherence,BetaL,Slow,F3,CP1,0.1480341050793997
BASELINE_EC,Band-Power Envelope Coherence,BetaL,Slow,F3,P3,0.07520900152051438
BASELINE_EC,Band-Power Envelope Coherence,BetaL,Slow,F3,P7,0.08349600932852554
BASELINE_EC,Band-Power Envelope Coherence,BetaL,Slow,F3,PO9,0.027905726782181124
BASELINE_EC,Band-Power Envelope Coherence,BetaL,Slow,F3,O1,0.0224792264975683
BASELINE_EC,Band-Power Envelope Coherence,BetaL,Slow,F3,Pz,0.13717172952139112
BASELINE_EC,Band-Power Envelope Coherence,BetaL,Slow,F3,Oz,0.06260620438780956
BASELINE_EC,Band-Power Envelope Coherence,BetaL,Slow,F3,O2,0.044236133125729334
BASELINE_EC,Band-Power Envelope Coherence,BetaL,Slow,F3,PO10,0.10004055467762886
BASELINE_EC,Band-Power Envelope Coherence,BetaL,Slow,F3,P8,0.02193179646136226
BASELINE_EC,Band-Power Envelope Coherence,BetaL,Slow,F3,P4,0.15372058553677845
BASELINE_EC,Band-Power Envelope Coherence,BetaL,Slow,F3,CP2,0.1800055094602572
BASELINE_EC,Band-Power Envelope Coherence,BetaL,Slow,F3,CP6,0.18600942359889816
BASELINE_EC,Band-Power Envelope Coherence,BetaL,Slow,F3,T8,0.3838510979576369
BASELINE_EC,Band-Power Envelope Coherence,BetaL,Slow,F3,FT10,0.3219743936856804
BASELINE_EC,Band-Power Envelope Coherence,BetaL,Slow,F3,FC6,0.7006415423185819
BASELINE_EC,Band-Power Envelope Coherence,BetaL,Slow,F3,C4,0.45477121464571285
BASELINE_EC,Band-Power Envelope Coherence,BetaL,Slow,F3,FC2,0.8195558416388451
BASELINE_EC,Band-Power Envelope Coherence,BetaL,Slow,F3,F4,0.8243045392218473
BASELINE_EC,Band-Power Envelope Coherence,BetaL,Slow,F3,F8,0.6073326918689522
BASELINE_EC,Band-Power Envelope Coherence,BetaL,Slow,F3,Fp2,0.7710443361337772
BASELINE_EC,Band-Power Envelope Coherence,BetaL,Slow,FC1,C3,0.7644167846877093
BASELINE_EC,Band-Power Envelope Coherence,BetaL,Slow,FC1,FC5,0.8452159257076068
BASELINE_EC,Band-Power Envelope Coherence,BetaL,Slow,FC1,FT9,0.5033823841763637
BASELINE_EC,Band-Power Envelope Coherence,BetaL,Slow,FC1,T7,0.7829112637358513
BASELINE_EC,Band-Power Envelope Coherence,BetaL,Slow,FC1,CP5,0.3796500529275052
BASELINE_EC,Band-Power Envelope Coherence,BetaL,Slow,FC1,CP1,0.33194934249703884
BASELINE_EC,Band-Power Envelope Coherence,BetaL,Slow,FC1,P3,0.220651348283674
BASELINE_EC,Band-Power Envelope Coherence,BetaL,Slow,FC1,P7,0.09498393334782183
BASELINE_EC,Band-Power Envelope Coherence,BetaL,Slow,FC1,PO9,0.03748507757009224
BASELINE_EC,Band-Power Envelope Coherence,BetaL,Slow,FC1,O1,0.0521024848318448
BASELINE_EC,Band-Power Envelope Coherence,BetaL,Slow,FC1,Pz,0.3016301566541618
BASELINE_EC,Band-Power Envelope Coherence,BetaL,Slow,FC1,Oz,0.1209985953417465
BASELINE_EC,Band-Power Envelope Coherence,BetaL,Slow,FC1,O2,0.09508094115871693
BASELINE_EC,Band-Power Envelope Coherence,BetaL,Slow,FC1,PO10,0.15774173232592742
BASELINE_EC,Band-Power Envelope Coherence,BetaL,Slow,FC1,P8,0.04877084563980451
BASELINE_EC,Band-Power Envelope Coherence,BetaL,Slow,FC1,P4,0.32685358282037613
BASELINE_EC,Band-Power Envelope Coherence,BetaL,Slow,FC1,CP2,0.3623124063225658
BASELINE_EC,Band-Power Envelope Coherence,BetaL,Slow,FC1,CP6,0.24734295166814502
BASELINE_EC,Band-Power Envelope Coherence,BetaL,Slow,FC1,T8,0.44400268239440155
BASELINE_EC,Band-Power Envelope Coherence,BetaL,Slow,FC1,FT10,0.30725440987555835
BASELINE_EC,Band-Power Envelope Coherence,BetaL,Slow,FC1,FC6,0.7415936907122384
BASELINE_EC,Band-Power Envelope Coherence,BetaL,Slow,FC1,C4,0.5664309269133229
BASELINE_EC,Band-Power Envelope Coherence,BetaL,Slow,FC1,FC2,0.8674102992486932
BASELINE_EC,Band-Power Envelope Coherence,BetaL,Slow,FC1,F4,0.7804409285600662
BASELINE_EC,Band-Power Envelope Coherence,BetaL,Slow,FC1,F8,0.547875569974571
BASELINE_EC,Band-Power Envelope Coherence,BetaL,Slow,FC1,Fp2,0.6394602495590924
BASELINE_EC,Band-Power Envelope Coherence,BetaL,Slow,C3,FC5,0.7024703117871929
BASELINE_EC,Band-Power Envelope Coherence,BetaL,Slow,C3,FT9,0.3066764379773547
BASELINE_EC,Band-Power Envelope Coherence,BetaL,Slow,C3,T7,0.6919626668169792
BASELINE_EC,Band-Power Envelope Coherence,BetaL,Slow,C3,CP5,0.6667529248433398
BASELINE_EC,Band-Power Envelope Coherence,BetaL,Slow,C3,CP1,0.42563321601444026
BASELINE_EC,Band-Power Envelope Coherence,BetaL,Slow,C3,P3,0.35735930903012725
BASELINE_EC,Band-Power Envelope Coherence,BetaL,Slow,C3,P7,0.10534337531262515
BASELINE_EC,Band-Power Envelope Coherence,BetaL,Slow,C3,PO9,0.04411861243026261
BASELINE_EC,Band-Power Envelope Coherence,BetaL,Slow,C3,O1,0.0843350932311086
BASELINE_EC,Band-Power Envelope Coherence,BetaL,Slow,C3,Pz,0.3652438991043969
BASELINE_EC,Band-Power Envelope Coherence,BetaL,Slow,C3,Oz,0.15414555185601206
BASELINE_EC,Band-Power Envelope Coherence,BetaL,Slow,C3,O2,0.10768358768458994
BASELINE_EC,Band-Power Envelope Coherence,BetaL,Slow,C3,PO10,0.11606752880073193
BASELINE_EC,Band-Power Envelope Coherence,BetaL,Slow,C3,P8,0.0664345779157203
BASELINE_EC,Band-Power Envelope Coherence,BetaL,Slow,C3,P4,0.35877264959457106
BASELINE_EC,Band-Power Envelope Coherence,BetaL,Slow,C3,CP2,0.40008404996400954
BASELINE_EC,Band-Power Envelope Coherence,BetaL,Slow,C3,CP6,0.17760430182839826
BASELINE_EC,Band-Power Envelope Coherence,BetaL,Slow,C3,T8,0.2567745176989312
BASELINE_EC,Band-Power Envelope Coherence,BetaL,Slow,C3,FT10,0.17061995826549337
BASELINE_EC,Band-Power Envelope Coherence,BetaL,Slow,C3,FC6,0.4657464715518699
BASELINE_EC,Band-Power Envelope Coherence,BetaL,Slow,C3,C4,0.4332440828181239
BASELINE_EC,Band-Power Envelope Coherence,BetaL,Slow,C3,FC2,0.6148771022574797
BASELINE_EC,Band-Power Envelope Coherence,BetaL,Slow,C3,F4,0.4767605341826824
BASELINE_EC,Band-Power Envelope Coherence,BetaL,Slow,C3,F8,0.28591822216645746
BASELINE_EC,Band-Power Envelope Coherence,BetaL,Slow,C3,Fp2,0.34040194494799497
BASELINE_EC,Band-Power Envelope Coherence,BetaL,Slow,FC5,FT9,0.6223949093945004
BASELINE_EC,Band-Power Envelope Coherence,BetaL,Slow,FC5,T7,0.8664503639778711
BASELINE_EC,Band-Power Envelope Coherence,BetaL,Slow,FC5,CP5,0.37818908539493995
BASELINE_EC,Band-Power Envelope Coherence,BetaL,Slow,FC5,CP1,0.23206309289653684
BASELINE_EC,Band-Power Envelope Coherence,BetaL,Slow,FC5,P3,0.16234379662450002
BASELINE_EC,Band-Power Envelope Coherence,BetaL,Slow,FC5,P7,0.11850544568613687
BASELINE_EC,Band-Power Envelope Coherence,BetaL,Slow,FC5,PO9,0.032402331514502836
BASELINE_EC,Band-Power Envelope Coherence,BetaL,Slow,FC5,O1,0.04131601021755989
BASELINE_EC,Band-Power Envelope Coherence,BetaL,Slow,FC5,Pz,0.22868692945531283
BASELINE_EC,Band-Power Envelope Coherence,BetaL,Slow,FC5,Oz,0.1012855462622573
BASELINE_EC,Band-Power Envelope Coherence,BetaL,Slow,FC5,O2,0.08416739361485617
BASELINE_EC,Band-Power Envelope Coherence,BetaL,Slow,FC5,PO10,0.13287109460979224
BASELINE_EC,Band-Power Envelope Coherence,BetaL,Slow,FC5,P8,0.0302145632585879
BASELINE_EC,Band-Power Envelope Coherence,BetaL,Slow,FC5,P4,0.22930926727055273
BASELINE_EC,Band-Power Envelope Coherence,BetaL,Slow,FC5,CP2,0.2765239659649725
BASELINE_EC,Band-Power Envelope Coherence,BetaL,Slow,FC5,CP6,0.14840738914967336
BASELINE_EC,Band-Power Envelope Coherence,BetaL,Slow,FC5,T8,0.29346014905479145
BASELINE_EC,Band-Power Envelope Coherence,BetaL,Slow,FC5,FT10,0.2312475763782893
BASELINE_EC,Band-Power Envelope Coherence,BetaL,Slow,FC5,FC6,0.5708048312429941
BASELINE_EC,Band-Power Envelope Coherence,BetaL,Slow,FC5,C4,0.3967519302199334
BASELINE_EC,Band-Power Envelope Coherence,BetaL,Slow,FC5,FC2,0.7277553517977466
BASELINE_EC,Band-Power Envelope Coherence,BetaL,Slow,FC5,F4,0.6757345443482723
BASELINE_EC,Band-Power Envelope Coherence,BetaL,Slow,FC5,F8,0.4652579838745941
BASELINE_EC,Band-Power Envelope Coherence,BetaL,Slow,FC5,Fp2,0.6114149237581217
BASELINE_EC,Band-Power Envelope Coherence,BetaL,Slow,FT9,T7,0.6663632398100869
BASELINE_EC,Band-Power Envelope Coherence,BetaL,Slow,FT9,CP5,0.14623125249368019
BASELINE_EC,Band-Power Envelope Coherence,BetaL,Slow,FT9,CP1,0.1784122494898797
BASELINE_EC,Band-Power Envelope Coherence,BetaL,Slow,FT9,P3,0.13584963501692496
BASELINE_EC,Band-Power Envelope Coherence,BetaL,Slow,FT9,P7,0.23943064521017396
BASELINE_EC,Band-Power Envelope Coherence,BetaL,Slow,FT9,PO9,0.08715980084593332
BASELINE_EC,Band-Power Envelope Coherence,BetaL,Slow,FT9,O1,0.07928140031881227
BASELINE_EC,Band-Power Envelope Coherence,BetaL,Slow,FT9,Pz,0.23528960904403873
BASELINE_EC,Band-Power Envelope Coherence,BetaL,Slow,FT9,Oz,0.14926789699121118
BASELINE_EC,Band-Power Envelope Coherence,BetaL,Slow,FT9,O2,0.15835947820374927
BASELINE_EC,Band-Power Envelope Coherence,BetaL,Slow,FT9,PO10,0.15553512791862326
BASELINE_EC,Band-Power Envelope Coherence,BetaL,Slow,FT9,P8,0.034448093503218785
BASELINE_EC,Band-Power Envelope Coherence,BetaL,Slow,FT9,P4,0.19842013971884626
BASELINE_EC,Band-Power Envelope Coherence,BetaL,Slow,FT9,CP2,0.2641040621415829
BASELINE_EC,Band-Power Envelope Coherence,BetaL,Slow,FT9,CP6,0.06607532069490026
BASELINE_EC,Band-Power Envelope Coherence,BetaL,Slow,FT9,T8,0.18285032044681426
BASELINE_EC,Band-Power Envelope Coherence,BetaL,Slow,FT9,FT10,0.16971495280650692
BASELINE_EC,Band-Power Envelope Coherence,BetaL,Slow,FT9,FC6,0.36681040024532474
BASELINE_EC,Band-Power Envelope Coherence,BetaL,Slow,FT9,C4,0.14970291451873427
BASELINE_EC,Band-Power Envelope Coherence,BetaL,Slow,FT9,FC2,0.40521619247701246
BASELINE_EC,Band-Power Envelope Coherence,BetaL,Slow,FT9,F4,0.45139223790420285
BASELINE_EC,Band-Power Envelope Coherence,BetaL,Slow,FT9,F8,0.3928481968022739
BASELINE_EC,Band-Power Envelope Coherence,BetaL,Slow,FT9,Fp2,0.5294221057435473
BASELINE_EC,Band-Power Envelope Coherence,BetaL,Slow,T7,CP5,0.4790139996085149
BASELINE_EC,Band-Power Envelope Coherence,BetaL,Slow,T7,CP1,0.2904669437417098
BASELINE_EC,Band-Power Envelope Coherence,BetaL,Slow,T7,P3,0.2353170439945515
BASELINE_EC,Band-Power Envelope Coherence,BetaL,Slow,T7,P7,0.20752143899143302
BASELINE_EC,Band-Power Envelope Coherence,BetaL,Slow,T7,PO9,0.04714852679088334
BASELINE_EC,Band-Power Envelope Coherence,BetaL,Slow,T7,O1,0.06957975207116156
BASELINE_EC,Band-Power Envelope Coherence,BetaL,Slow,T7,Pz,0.3144124036820883
BASELINE_EC,Band-Power Envelope Coherence,BetaL,Slow,T7,Oz,0.1445193609490601
BASELINE_EC,Band-Power Envelope Coherence,BetaL,Slow,T7,O2,0.1298890459202919
BASELINE_EC,Band-Power Envelope Coherence,BetaL,Slow,T7,PO10,0.17113882557408436
BASELINE_EC,Band-Power Envelope Coherence,BetaL,Slow,T7,P8,0.026461799386130976
BASELINE_EC,Band-Power Envelope Coherence,BetaL,Slow,T7,P4,0.28014456221599027
BASELINE_EC,Band-Power Envelope Coherence,BetaL,Slow,T7,CP2,0.3513271719047287
BASELINE_EC,Band-Power Envelope Coherence,BetaL,Slow,T7,CP6,0.10372232894895193
BASELINE_EC,Band-Power Envelope Coherence,BetaL,Slow,T7,T8,0.22817033708303558
BASELINE_EC,Band-Power Envelope Coherence,BetaL,Slow,T7,FT10,0.14772233147614167
BASELINE_EC,Band-Power Envelope Coherence,BetaL,Slow,T7,FC6,0.46614263423025704
BASELINE_EC,Band-Power Envelope Coherence,BetaL,Slow,T7,C4,0.28783582879696407
BASELINE_EC,Band-Power Envelope Coherence,BetaL,Slow,T7,FC2,0.6021727912063757
BASELINE_EC,Band-Power Envelope Coherence,BetaL,Slow,T7,F4,0.5547054147028995
BASELINE_EC,Band-Power Envelope Coherence,BetaL,Slow,T7,F8,0.3795802849368505
BASELINE_EC,Band-Power Envelope Coherence,BetaL,Slow,T7,Fp2,0.48771132862322975
BASELINE_EC,Band-Power Envelope Coherence,BetaL,Slow,CP5,CP1,0.3901071080648035
BASELINE_EC,Band-Power Envelope Coherence,BetaL,Slow,CP5,P3,0.4951120342474934
BASELINE_EC,Band-Power Envelope Coherence,BetaL,Slow,CP5,P7,0.164605292951276
BASELINE_EC,Band-Power Envelope Coherence,BetaL,Slow,CP5,PO9,0.03061676551074805
BASELINE_EC,Band-Power Envelope Coherence,BetaL,Slow,CP5,O1,0.12591392034107785
BASELINE_EC,Band-Power Envelope Coherence,BetaL,Slow,CP5,Pz,0.3593367405076982
BASELINE_EC,Band-Power Envelope Coherence,BetaL,Slow,CP5,Oz,0.15337033522485258
BASELINE_EC,Band-Power Envelope Coherence,BetaL,Slow,CP5,O2,0.0954662055174169
BASELINE_EC,Band-Power Envelope Coherence,BetaL,Slow,CP5,PO10,0.04434358227199913
BASELINE_EC,Band-Power Envelope Coherence,BetaL,Slow,CP5,P8,0.028696525129760043
BASELINE_EC,Band-Power Envelope Coherence,BetaL,Slow,CP5,P4,0.27725857759817535
BASELINE_EC,Band-Power Envelope Coherence,BetaL,Slow,CP5,CP2,0.3461122238530413
BASELINE_EC,Band-Power Envelope Coherence,BetaL,Slow,CP5,CP6,0.0668909999656065
BASELINE_EC,Band-Power Envelope Coherence,BetaL,Slow,CP5,T8,0.06196026459435714
BASELINE_EC,Band-Power Envelope Coherence,BetaL,Slow,CP5,FT10,0.0342386802928441
BASELINE_EC,Band-Power Envelope Coherence,BetaL,Slow,CP5,FC6,0.13142037951401017
BASELINE_EC,Band-Power Envelope Coherence,BetaL,Slow,CP5,C4,0.14348789991722358
BASELINE_EC,Band-Power Envelope Coherence,BetaL,Slow,CP5,FC2,0.21381905153642522
BASELINE_EC,Band-Power Envelope Coherence,BetaL,Slow,CP5,F4,0.1279426596865292
BASELINE_EC,Band-Power Envelope Coherence,BetaL,Slow,CP5,F8,0.06480991849384235
BASELINE_EC,Band-Power Envelope Coherence,BetaL,Slow,CP5,Fp2,0.08228387987692261
BASELINE_EC,Band-Power Envelope Coherence,BetaL,Slow,CP1,P3,0.8553434441750084
BASELINE_EC,Band-Power Envelope Coherence,BetaL,Slow,CP1,P7,0.23265389049459945
BASELINE_EC,Band-Power Envelope Coherence,BetaL,Slow,CP1,PO9,0.17910044068941536
BASELINE_EC,Band-Power Envelope Coherence,BetaL,Slow,CP1,O1,0.5308978514352231
BASELINE_EC,Band-Power Envelope Coherence,BetaL,Slow,CP1,Pz,0.8974872440554384
BASELINE_EC,Band-Power Envelope Coherence,BetaL,Slow,CP1,Oz,0.7317000105767659
BASELINE_EC,Band-Power Envelope Coherence,BetaL,Slow,CP1,O2,0.5929709333873662
BASELINE_EC,Band-Power Envelope Coherence,BetaL,Slow,CP1,PO10,0.23326540117535324
BASELINE_EC,Band-Power Envelope Coherence,BetaL,Slow,CP1,P8,0.13458065479332348
BASELINE_EC,Band-Power Envelope Coherence,BetaL,Slow,CP1,P4,0.8685732954996731
BASELINE_EC,Band-Power Envelope Coherence,BetaL,Slow,CP1,CP2,0.8880869792610107
BASELINE_EC,Band-Power Envelope Coherence,BetaL,Slow,CP1,CP6,0.18084846260242995
BASELINE_EC,Band-Power Envelope Coherence,BetaL,Slow,CP1,T8,0.13678114051928103
BASELINE_EC,Band-Power Envelope Coherence,BetaL,Slow,CP1,FT10,0.05820034374186085
BASELINE_EC,Band-Power Envelope Coherence,BetaL,Slow,CP1,FC6,0.18064774511347728
BASELINE_EC,Band-Power Envelope Coherence,BetaL,Slow,CP1,C4,0.2258348130830587
BASELINE_EC,Band-Power Envelope Coherence,BetaL,Slow,CP1,FC2,0.22146472183191498
BASELINE_EC,Band-Power Envelope Coherence,BetaL,Slow,CP1,F4,0.1442193628727698
BASELINE_EC,Band-Power Envelope Coherence,BetaL,Slow,CP1,F8,0.11772838084561894
BASELINE_EC,Band-Power Envelope Coherence,BetaL,Slow,CP1,Fp2,0.14020203147128257
BASELINE_EC,Band-Power Envelope Coherence,BetaL,Slow,P3,P7,0.30087536358935035
BASELINE_EC,Band-Power Envelope Coherence,BetaL,Slow,P3,PO9,0.18971398658657027
BASELINE_EC,Band-Power Envelope Coherence,BetaL,Slow,P3,O1,0.5952845601025762
BASELINE_EC,Band-Power Envelope Coherence,BetaL,Slow,P3,Pz,0.8704395605521889
BASELINE_EC,Band-Power Envelope Coherence,BetaL,Slow,P3,Oz,0.6997918341713724
BASELINE_EC,Band-Power Envelope Coherence,BetaL,Slow,P3,O2,0.5377713115481725
BASELINE_EC,Band-Power Envelope Coherence,BetaL,Slow,P3,PO10,0.1415039575468349
BASELINE_EC,Band-Power Envelope Coherence,BetaL,Slow,P3,P8,0.07518973838025714
BASELINE_EC,Band-Power Envelope Coherence,BetaL,Slow,P3,P4,0.7298023026282785
BASELINE_EC,Band-Power Envelope Coherence,BetaL,Slow,P3,CP2,0.8099119237433877
BASELINE_EC,Band-Power Envelope Coherence,BetaL,Slow,P3,CP6,0.11760351285281168
BASELINE_EC,Band-Power Envelope Coherence,BetaL,Slow,P3,T8,0.055743383236520665
BASELINE_EC,Band-Power Envelope Coherence,BetaL,Slow,P3,FT10,0.038966299597574104
BASELINE_EC,Band-Power Envelope Coherence,BetaL,Slow,P3,FC6,0.08149552226601021
BASELINE_EC,Band-Power Envelope Coherence,BetaL,Slow,P3,C4,0.11518349928128463
BASELINE_EC,Band-Power Envelope Coherence,BetaL,Slow,P3,FC2,0.11987135142475305
BASELINE_EC,Band-Power Envelope Coherence,BetaL,Slow,P3,F4,0.06641625915662339
BASELINE_EC,Band-Power Envelope Coherence,BetaL,Slow,P3,F8,0.04778416114252277
BASELINE_EC,Band-Power Envelope Coherence,BetaL,Slow,P3,Fp2,0.059568905307771106
BASELINE_EC,Band-Power Envelope Coherence,BetaL,Slow,P7,PO9,0.3083198523136328
BASELINE_EC,Band-Power Envelope Coherence,BetaL,Slow,P7,O1,0.29902938496824466
BASELINE_EC,Band-Power Envelope Coherence,BetaL,Slow,P7,Pz,0.35620773828060553
BASELINE_EC,Band-Power Envelope Coherence,BetaL,Slow,P7,Oz,0.2765782764720908
BASELINE_EC,Band-Power Envelope Coherence,BetaL,Slow,P7,O2,0.22695472100849828
BASELINE_EC,Band-Power Envelope Coherence,BetaL,Slow,P7,PO10,0.12203600393518937
BASELINE_EC,Band-Power Envelope Coherence,BetaL,Slow,P7,P8,0.044782545740225305
BASELINE_EC,Band-Power Envelope Coherence,BetaL,Slow,P7,P4,0.21071521377879318
BASELINE_EC,Band-Power Envelope Coherence,BetaL,Slow,P7,CP2,0.31355224962522865
BASELINE_EC,Band-Power Envelope Coherence,BetaL,Slow,P7,CP6,0.07426861138526585
BASELINE_EC,Band-Power Envelope Coherence,BetaL,Slow,P7,T8,0.009387713791275955
BASELINE_EC,Band-Power Envelope Coherence,BetaL,Slow,P7,FT10,0.02716255515761662
BASELINE_EC,Band-Power Envelope Coherence,BetaL,Slow,P7,FC6,0.02391461716169875
BASELINE_EC,Band-Power Envelope Coherence,BetaL,Slow,P7,C4,0.01666818517198759
BASELINE_EC,Band-Power Envelope Coherence,BetaL,Slow,P7,FC2,0.03852451460838216
BASELINE_EC,Band-Power Envelope Coherence,BetaL,Slow,P7,F4,0.04456901082780393
BASELINE_EC,Band-Power Envelope Coherence,BetaL,Slow,P7,F8,0.03482692451502478
BASELINE_EC,Band-Power Envelope Coherence,BetaL,Slow,P7,Fp2,0.042598238373582
BASELINE_EC,Band-Power Envelope Coherence,BetaL,Slow,PO9,O1,0.4146960603854355
BASELINE_EC,Band-Power Envelope Coherence,BetaL,Slow,PO9,Pz,0.2628235176556507
BASELINE_EC,Band-Power Envelope Coherence,BetaL,Slow,PO9,Oz,0.41131140288692253
BASELINE_EC,Band-Power Envelope Coherence,BetaL,Slow,PO9,O2,0.35265911249810256
BASELINE_EC,Band-Power Envelope Coherence,BetaL,Slow,PO9,PO10,0.14227561015671458
BASELINE_EC,Band-Power Envelope Coherence,BetaL,Slow,PO9,P8,0.05691390881034544
BASELINE_EC,Band-Power Envelope Coherence,BetaL,Slow,PO9,P4,0.17257843933366987
BASELINE_EC,Band-Power Envelope Coherence,BetaL,Slow,PO9,CP2,0.23704610683949412
BASELINE_EC,Band-Power Envelope Coherence,BetaL,Slow,PO9,CP6,0.07665745554262883
BASELINE_EC,Band-Power Envelope Coherence,BetaL,Slow,PO9,T8,0.0465848414265866
BASELINE_EC,Band-Power Envelope Coherence,BetaL,Slow,PO9,FT10,0.09722654547474185
BASELINE_EC,Band-Power Envelope Coherence,BetaL,Slow,PO9,FC6,0.05682303704401363
BASELINE_EC,Band-Power Envelope Coherence,BetaL,Slow,PO9,C4,0.07488789202052398
BASELINE_EC,Band-Power Envelope Coherence,BetaL,Slow,PO9,FC2,0.04174268031925685
BASELINE_EC,Band-Power Envelope Coherence,BetaL,Slow,PO9,F4,0.029528100336581795
BASELINE_EC,Band-Power Envelope Coherence,BetaL,Slow,PO9,F8,0.018575651786043066
BASELINE_EC,Band-Power Envelope Coherence,BetaL,Slow,PO9,Fp2,0.022313814163846365
BASELINE_EC,Band-Power Envelope Coherence,BetaL,Slow,O1,Pz,0.6022951966097659
BASELINE_EC,Band-Power Envelope Coherence,BetaL,Slow,O1,Oz,0.7636750115096491
BASELINE_EC,Band-Power Envelope Coherence,BetaL,Slow,O1,O2,0.566253394347956
BASELINE_EC,Band-Power Envelope Coherence,BetaL,Slow,O1,PO10,0.10705634184944197
BASELINE_EC,Band-Power Envelope Coherence,BetaL,Slow,O1,P8,0.06337234647176704
BASELINE_EC,Band-Power Envelope Coherence,BetaL,Slow,O1,P4,0.4471861616401372
BASELINE_EC,Band-Power Envelope Coherence,BetaL,Slow,O1,CP2,0.5309222882873634
BASELINE_EC,Band-Power Envelope Coherence,BetaL,Slow,O1,CP6,0.07070248405696353
BASELINE_EC,Band-Power Envelope Coherence,BetaL,Slow,O1,T8,0.025816814454693606
BASELINE_EC,Band-Power Envelope Coherence,BetaL,Slow,O1,FT10,0.056803081677976416
BASELINE_EC,Band-Power Envelope Coherence,BetaL,Slow,O1,FC6,0.026130465694569876
BASELINE_EC,Band-Power Envelope Coherence,BetaL,Slow,O1,C4,0.0431650338557347
BASELINE_EC,Band-Power Envelope Coherence,BetaL,Slow,O1,FC2,0.033227199845291364
BASELINE_EC,Band-Power Envelope Coherence,BetaL,Slow,O1,F4,0.021474467409207724
BASELINE_EC,Band-Power Envelope Coherence,BetaL,Slow,O1,F8,0.015819860278410435
BASELINE_EC,Band-Power Envelope Coherence,BetaL,Slow,O1,Fp2,0.01771597652357961
BASELINE_EC,Band-Power Envelope Coherence,BetaL,Slow,Pz,Oz,0.801963694484351
BASELINE_EC,Band-Power Envelope Coherence,BetaL,Slow,Pz,O2,0.7098058726517618
BASELINE_EC,Band-Power Envelope Coherence,BetaL,Slow,Pz,PO10,0.2941711488776289
BASELINE_EC,Band-Power Envelope Coherence,BetaL,Slow,Pz,P8,0.11972672469910214
BASELINE_EC,Band-Power Envelope Coherence,BetaL,Slow,Pz,P4,0.8926854798818392
BASELINE_EC,Band-Power Envelope Coherence,BetaL,Slow,Pz,CP2,0.9527712881568564
BASELINE_EC,Band-Power Envelope Coherence,BetaL,Slow,Pz,CP6,0.1669066922036405
BASELINE_EC,Band-Power Envelope Coherence,BetaL,Slow,Pz,T8,0.09880778740055167
BASELINE_EC,Band-Power Envelope Coherence,BetaL,Slow,Pz,FT10,0.04753194745784893
BASELINE_EC,Band-Power Envelope Coherence,BetaL,Slow,Pz,FC6,0.1358380039102943
BASELINE_EC,Band-Power Envelope Coherence,BetaL,Slow,Pz,C4,0.16833200935221296
BASELINE_EC,Band-Power Envelope Coherence,BetaL,Slow,Pz,FC2,0.18231690823743182
BASELINE_EC,Band-Power Envelope Coherence,BetaL,Slow,Pz,F4,0.12039995109944081
BASELINE_EC,Band-Power Envelope Coherence,BetaL,Slow,Pz,F8,0.09434487731835664
BASELINE_EC,Band-Power Envelope Coherence,BetaL,Slow,Pz,Fp2,0.11771218644850422
BASELINE_EC,Band-Power Envelope Coherence,BetaL,Slow,Oz,O2,0.8351742114337077
BASELINE_EC,Band-Power Envelope Coherence,BetaL,Slow,Oz,PO10,0.26549469893026095
BASELINE_EC,Band-Power Envelope Coherence,BetaL,Slow,Oz,P8,0.12473752511381549
BASELINE_EC,Band-Power Envelope Coherence,BetaL,Slow,Oz,P4,0.7046529246864128
BASELINE_EC,Band-Power Envelope Coherence,BetaL,Slow,Oz,CP2,0.7486564619979604
BASELINE_EC,Band-Power Envelope Coherence,BetaL,Slow,Oz,CP6,0.10552680054800478
BASELINE_EC,Band-Power Envelope Coherence,BetaL,Slow,Oz,T8,0.05180132712933764
BASELINE_EC,Band-Power Envelope Coherence,BetaL,Slow,Oz,FT10,0.03749734645873049
BASELINE_EC,Band-Power Envelope Coherence,BetaL,Slow,Oz,FC6,0.04978905829596891
BASELINE_EC,Band-Power Envelope Coherence,BetaL,Slow,Oz,C4,0.07182079699872315
BASELINE_EC,Band-Power Envelope Coherence,BetaL,Slow,Oz,FC2,0.06732785598246421
BASELINE_EC,Band-Power Envelope Coherence,BetaL,Slow,Oz,F4,0.04189241021519855
BASELINE_EC,Band-Power Envelope Coherence,BetaL,Slow,Oz,F8,0.03987259065906818
BASELINE_EC,Band-Power Envelope Coherence,BetaL,Slow,Oz,Fp2,0.05572376532752732
BASELINE_EC,Band-Power Envelope Coherence,BetaL,Slow,O2,PO10,0.4637634197471894
BASELINE_EC,Band-Power Envelope Coherence,BetaL,Slow,O2,P8,0.22527169432002214
BASELINE_EC,Band-Power Envelope Coherence,BetaL,Slow,O2,P4,0.6934466911213027
BASELINE_EC,Band-Power Envelope Coherence,BetaL,Slow,O2,CP2,0.6875824541806792
BASELINE_EC,Band-Power Envelope Coherence,BetaL,Slow,O2,CP6,0.13128100278549484
BASELINE_EC,Band-Power Envelope Coherence,BetaL,Slow,O2,T8,0.04611920603649917
BASELINE_EC,Band-Power Envelope Coherence,BetaL,Slow,O2,FT10,0.050559208531569574
BASELINE_EC,Band-Power Envelope Coherence,BetaL,Slow,O2,FC6,0.03924302735546245
BASELINE_EC,Band-Power Envelope Coherence,BetaL,Slow,O2,C4,0.06352792493928867
BASELINE_EC,Band-Power Envelope Coherence,BetaL,Slow,O2,FC2,0.05258193304237373
BASELINE_EC,Band-Power Envelope Coherence,BetaL,Slow,O2,F4,0.033100067608728925
BASELINE_EC,Band-Power Envelope Coherence,BetaL,Slow,O2,F8,0.029696037551877236
BASELINE_EC,Band-Power Envelope Coherence,BetaL,Slow,O2,Fp2,0.045675368940829714
BASELINE_EC,Band-Power Envelope Coherence,BetaL,Slow,PO10,P8,0.4852466390745941
BASELINE_EC,Band-Power Envelope Coherence,BetaL,Slow,PO10,P4,0.3626098812296093
BASELINE_EC,Band-Power Envelope Coherence,BetaL,Slow,PO10,CP2,0.32491281636098013
BASELINE_EC,Band-Power Envelope Coherence,BetaL,Slow,PO10,CP6,0.15658963186547148
BASELINE_EC,Band-Power Envelope Coherence,BetaL,Slow,PO10,T8,0.11710506563760056
BASELINE_EC,Band-Power Envelope Coherence,BetaL,Slow,PO10,FT10,0.06322780864604796
BASELINE_EC,Band-Power Envelope Coherence,BetaL,Slow,PO10,FC6,0.10204373587714984
BASELINE_EC,Band-Power Envelope Coherence,BetaL,Slow,PO10,C4,0.0883881353986581
BASELINE_EC,Band-Power Envelope Coherence,BetaL,Slow,PO10,FC2,0.11586380799454488
BASELINE_EC,Band-Power Envelope Coherence,BetaL,Slow,PO10,F4,0.11171690338786874
BASELINE_EC,Band-Power Envelope Coherence,BetaL,Slow,PO10,F8,0.08376722654286957
BASELINE_EC,Band-Power Envelope Coherence,BetaL,Slow,PO10,Fp2,0.10281479321333822
BASELINE_EC,Band-Power Envelope Coherence,BetaL,Slow,P8,P4,0.22303161525625578
BASELINE_EC,Band-Power Envelope Coherence,BetaL,Slow,P8,CP2,0.14493514068122174
BASELINE_EC,Band-Power Envelope Coherence,BetaL,Slow,P8,CP6,0.37156721534681314
BASELINE_EC,Band-Power Envelope Coherence,BetaL,Slow,P8,T8,0.11739701342643175
BASELINE_EC,Band-Power Envelope Coherence,BetaL,Slow,P8,FT10,0.07637870124005114
BASELINE_EC,Band-Power Envelope Coherence,BetaL,Slow,P8,FC6,0.05618023207250377
BASELINE_EC,Band-Power Envelope Coherence,BetaL,Slow,P8,C4,0.14211780964080992
BASELINE_EC,Band-Power Envelope Coherence,BetaL,Slow,P8,FC2,0.058421791394986496
BASELINE_EC,Band-Power Envelope Coherence,BetaL,Slow,P8,F4,0.035598447712481246
BASELINE_EC,Band-Power Envelope Coherence,BetaL,Slow,P8,F8,0.0332444927095621
BASELINE_EC,Band-Power Envelope Coherence,BetaL,Slow,P8,Fp2,0.030121769574977402
BASELINE_EC,Band-Power Envelope Coherence,BetaL,Slow,P4,CP2,0.9257628405591429
BASELINE_EC,Band-Power Envelope Coherence,BetaL,Slow,P4,CP6,0.25916218832673776
BASELINE_EC,Band-Power Envelope Coherence,BetaL,Slow,P4,T8,0.1530808072352052
BASELINE_EC,Band-Power Envelope Coherence,BetaL,Slow,P4,FT10,0.06398625995525091
BASELINE_EC,Band-Power Envelope Coherence,BetaL,Slow,P4,FC6,0.18676469806622287
BASELINE_EC,Band-Power Envelope Coherence,BetaL,Slow,P4,C4,0.2564633607951671
BASELINE_EC,Band-Power Envelope Coherence,BetaL,Slow,P4,FC2,0.2285024235268884
BASELINE_EC,Band-Power Envelope Coherence,BetaL,Slow,P4,F4,0.15537551437276256
BASELINE_EC,Band-Power Envelope Coherence,BetaL,Slow,P4,F8,0.128579629509257
BASELINE_EC,Band-Power Envelope Coherence,BetaL,Slow,P4,Fp2,0.15251871292498564
BASELINE_EC,Band-Power Envelope Coherence,BetaL,Slow,CP2,CP6,0.2115629295309214
BASELINE_EC,Band-Power Envelope Coherence,BetaL,Slow,CP2,T8,0.1398936956829498
BASELINE_EC,Band-Power Envelope Coherence,BetaL,Slow,CP2,FT10,0.06109320510607715
BASELINE_EC,Band-Power Envelope Coherence,BetaL,Slow,CP2,FC6,0.1852133372689983
BASELINE_EC,Band-Power Envelope Coherence,BetaL,Slow,CP2,C4,0.22923269487984663
BASELINE_EC,Band-Power Envelope Coherence,BetaL,Slow,CP2,FC2,0.2405936993736152
BASELINE_EC,Band-Power Envelope Coherence,BetaL,Slow,CP2,F4,0.16549625060774537
BASELINE_EC,Band-Power Envelope Coherence,BetaL,Slow,CP2,F8,0.14005452182282527
BASELINE_EC,Band-Power Envelope Coherence,BetaL,Slow,CP2,Fp2,0.16929092168880114
BASELINE_EC,Band-Power Envelope Coherence,BetaL,Slow,CP6,T8,0.5294974497572514
BASELINE_EC,Band-Power Envelope Coherence,BetaL,Slow,CP6,FT10,0.39343901398735165
BASELINE_EC,Band-Power Envelope Coherence,BetaL,Slow,CP6,FC6,0.4230104984297788
BASELINE_EC,Band-Power Envelope Coherence,BetaL,Slow,CP6,C4,0.6460132391568758
BASELINE_EC,Band-Power Envelope Coherence,BetaL,Slow,CP6,FC2,0.38221413440168056
BASELINE_EC,Band-Power Envelope Coherence,BetaL,Slow,CP6,F4,0.2853587852210048
BASELINE_EC,Band-Power Envelope Coherence,BetaL,Slow,CP6,F8,0.26719559221583383
BASELINE_EC,Band-Power Envelope Coherence,BetaL,Slow,CP6,Fp2,0.21070254791537557
BASELINE_EC,Band-Power Envelope Coherence,BetaL,Slow,T8,FT10,0.5905834141646897
BASELINE_EC,Band-Power Envelope Coherence,BetaL,Slow,T8,FC6,0.7197410099939774
BASELINE_EC,Band-Power Envelope Coherence,BetaL,Slow,T8,C4,0.5737797717025749
BASELINE_EC,Band-Power Envelope Coherence,BetaL,Slow,T8,FC2,0.5520480665873366
BASELINE_EC,Band-Power Envelope Coherence,BetaL,Slow,T8,F4,0.5479519496881192
BASELINE_EC,Band-Power Envelope Coherence,BetaL,Slow,T8,F8,0.5770749589779766
BASELINE_EC,Band-Power Envelope Coherence,BetaL,Slow,T8,Fp2,0.4550098221882158
BASELINE_EC,Band-Power Envelope Coherence,BetaL,Slow,FT10,FC6,0.6052845369209323
BASELINE_EC,Band-Power Envelope Coherence,BetaL,Slow,FT10,C4,0.4492096505705127
BASELINE_EC,Band-Power Envelope Coherence,BetaL,Slow,FT10,FC2,0.4513520398108432
BASELINE_EC,Band-Power Envelope Coherence,BetaL,Slow,FT10,F4,0.471660317057054
BASELINE_EC,Band-Power Envelope Coherence,BetaL,Slow,FT10,F8,0.6761732903651869
BASELINE_EC,Band-Power Envelope Coherence,BetaL,Slow,FT10,Fp2,0.5154385385010708
BASELINE_EC,Band-Power Envelope Coherence,BetaL,Slow,FC6,C4,0.7087438390627155
BASELINE_EC,Band-Power Envelope Coherence,BetaL,Slow,FC6,FC2,0.883406867928659
BASELINE_EC,Band-Power Envelope Coherence,BetaL,Slow,FC6,F4,0.8810664907679576
BASELINE_EC,Band-Power Envelope Coherence,BetaL,Slow,FC6,F8,0.7771259796581634
BASELINE_EC,Band-Power Envelope Coherence,BetaL,Slow,FC6,Fp2,0.7238246413101932
BASELINE_EC,Band-Power Envelope Coherence,BetaL,Slow,C4,FC2,0.71561879711486
BASELINE_EC,Band-Power Envelope Coherence,BetaL,Slow,C4,F4,0.5855407808735422
BASELINE_EC,Band-Power Envelope Coherence,BetaL,Slow,C4,F8,0.4688744227482487
BASELINE_EC,Band-Power Envelope Coherence,BetaL,Slow,C4,Fp2,0.4332811790267469
BASELINE_EC,Band-Power Envelope Coherence,BetaL,Slow,FC2,F4,0.8863677509871869
BASELINE_EC,Band-Power Envelope Coherence,BetaL,Slow,FC2,F8,0.669454938189288
BASELINE_EC,Band-Power Envelope Coherence,BetaL,Slow,FC2,Fp2,0.7046680278148302
BASELINE_EC,Band-Power Envelope Coherence,BetaL,Slow,F4,F8,0.7301810560900288
BASELINE_EC,Band-Power Envelope Coherence,BetaL,Slow,F4,Fp2,0.77779940519441
BASELINE_EC,Band-Power Envelope Coherence,BetaL,Slow,F8,Fp2,0.8078961902431311
BASELINE_EC,Band-Power Envelope Coherence,BetaL,Medium,Cz,Fz,0.8249911261071414
BASELINE_EC,Band-Power Envelope Coherence,BetaL,Medium,Cz,Fp1,0.5861322813852987
BASELINE_EC,Band-Power Envelope Coherence,BetaL,Medium,Cz,F7,0.6018511047615034
BASELINE_EC,Band-Power Envelope Coherence,BetaL,Medium,Cz,F3,0.7967862434420221
BASELINE_EC,Band-Power Envelope Coherence,BetaL,Medium,Cz,FC1,0.826476141570478
BASELINE_EC,Band-Power Envelope Coherence,BetaL,Medium,Cz,C3,0.6245794597054499
BASELINE_EC,Band-Power Envelope Coherence,BetaL,Medium,Cz,FC5,0.7338753098474784
BASELINE_EC,Band-Power Envelope Coherence,BetaL,Medium,Cz,FT9,0.4246459392373478
BASELINE_EC,Band-Power Envelope Coherence,BetaL,Medium,Cz,T7,0.6201393023279079
BASELINE_EC,Band-Power Envelope Coherence,BetaL,Medium,Cz,CP5,0.27521153284404803
BASELINE_EC,Band-Power Envelope Coherence,BetaL,Medium,Cz,CP1,0.23939621918223808
BASELINE_EC,Band-Power Envelope Coherence,BetaL,Medium,Cz,P3,0.1508944943349153
BASELINE_EC,Band-Power Envelope Coherence,BetaL,Medium,Cz,P7,0.0829603764559779
BASELINE_EC,Band-Power Envelope Coherence,BetaL,Medium,Cz,PO9,0.027229355688416994
BASELINE_EC,Band-Power Envelope Coherence,BetaL,Medium,Cz,O1,0.03861048722776351
BASELINE_EC,Band-Power Envelope Coherence,BetaL,Medium,Cz,Pz,0.21056496780101094
BASELINE_EC,Band-Power Envelope Coherence,BetaL,Medium,Cz,Oz,0.08641170252799658
BASELINE_EC,Band-Power Envelope Coherence,BetaL,Medium,Cz,O2,0.054335696973043295
BASELINE_EC,Band-Power Envelope Coherence,BetaL,Medium,Cz,PO10,0.07895054026434509
BASELINE_EC,Band-Power Envelope Coherence,BetaL,Medium,Cz,P8,0.02784642787545733
BASELINE_EC,Band-Power Envelope Coherence,BetaL,Medium,Cz,P4,0.22867158769955676
BASELINE_EC,Band-Power Envelope Coherence,BetaL,Medium,Cz,CP2,0.2606165161544529
BASELINE_EC,Band-Power Envelope Coherence,BetaL,Medium,Cz,CP6,0.2517252100411424
BASELINE_EC,Band-Power Envelope Coherence,BetaL,Medium,Cz,T8,0.39293400732244704
BASELINE_EC,Band-Power Envelope Coherence,BetaL,Medium,Cz,FT10,0.26894329403708056
BASELINE_EC,Band-Power Envelope Coherence,BetaL,Medium,Cz,FC6,0.6927888100775133
BASELINE_EC,Band-Power Envelope Coherence,BetaL,Medium,Cz,C4,0.567213105107141
BASELINE_EC,Band-Power Envelope Coherence,BetaL,Medium,Cz,FC2,0.8425108909939137
BASELINE_EC,Band-Power Envelope Coherence,BetaL,Medium,Cz,F4,0.7429217558704695
BASELINE_EC,Band-Power Envelope Coherence,BetaL,Medium,Cz,F8,0.4932849226467736
BASELINE_EC,Band-Power Envelope Coherence,BetaL,Medium,Cz,Fp2,0.5664087270314444
BASELINE_EC,Band-Power Envelope Coherence,BetaL,Medium,Fz,Fp1,0.7544419173353321
BASELINE_EC,Band-Power Envelope Coherence,BetaL,Medium,Fz,F7,0.7352713426445145
BASELINE_EC,Band-Power Envelope Coherence,BetaL,Medium,Fz,F3,0.9201336797315759
BASELINE_EC,Band-Power Envelope Coherence,BetaL,Medium,Fz,FC1,0.8665460713571675
BASELINE_EC,Band-Power Envelope Coherence,BetaL,Medium,Fz,C3,0.5771239928747252
BASELINE_EC,Band-Power Envelope Coherence,BetaL,Medium,Fz,FC5,0.8066675919551071
BASELINE_EC,Band-Power Envelope Coherence,BetaL,Medium,Fz,FT9,0.47705718639304745
BASELINE_EC,Band-Power Envelope Coherence,BetaL,Medium,Fz,T7,0.6497947783321534
BASELINE_EC,Band-Power Envelope Coherence,BetaL,Medium,Fz,CP5,0.19798063812832112
BASELINE_EC,Band-Power Envelope Coherence,BetaL,Medium,Fz,CP1,0.1626346533762235
BASELINE_EC,Band-Power Envelope Coherence,BetaL,Medium,Fz,P3,0.08936077058726768
BASELINE_EC,Band-Power Envelope Coherence,BetaL,Medium,Fz,P7,0.04976826341313072
BASELINE_EC,Band-Power Envelope Coherence,BetaL,Medium,Fz,PO9,0.02624850438628762
BASELINE_EC,Band-Power Envelope Coherence,BetaL,Medium,Fz,O1,0.025487881577911917
BASELINE_EC,Band-Power Envelope Coherence,BetaL,Medium,Fz,Pz,0.14292396307091615
BASELINE_EC,Band-Power Envelope Coherence,BetaL,Medium,Fz,Oz,0.05135727861546955
BASELINE_EC,Band-Power Envelope Coherence,BetaL,Medium,Fz,O2,0.039975599956749014
BASELINE_EC,Band-Power Envelope Coherence,BetaL,Medium,Fz,PO10,0.10856523516312304
BASELINE_EC,Band-Power Envelope Coherence,BetaL,Medium,Fz,P8,0.04083497609252689
BASELINE_EC,Band-Power Envelope Coherence,BetaL,Medium,Fz,P4,0.17399153922356286
BASELINE_EC,Band-Power Envelope Coherence,BetaL,Medium,Fz,CP2,0.1931362009439943
BASELINE_EC,Band-Power Envelope Coherence,BetaL,Medium,Fz,CP6,0.27900051030350037
BASELINE_EC,Band-Power Envelope Coherence,BetaL,Medium,Fz,T8,0.46449206482817806
BASELINE_EC,Band-Power Envelope Coherence,BetaL,Medium,Fz,FT10,0.4146491270189293
BASELINE_EC,Band-Power Envelope Coherence,BetaL,Medium,Fz,FC6,0.8042009883753027
BASELINE_EC,Band-Power Envelope Coherence,BetaL,Medium,Fz,C4,0.5868552375594446
BASELINE_EC,Band-Power Envelope Coherence,BetaL,Medium,Fz,FC2,0.9193801563116417
BASELINE_EC,Band-Power Envelope Coherence,BetaL,Medium,Fz,F4,0.886928955187903
BASELINE_EC,Band-Power Envelope Coherence,BetaL,Medium,Fz,F8,0.6674527826764971
BASELINE_EC,Band-Power Envelope Coherence,BetaL,Medium,Fz,Fp2,0.7718765260470546
BASELINE_EC,Band-Power Envelope Coherence,BetaL,Medium,Fp1,F7,0.8745846240256445
BASELINE_EC,Band-Power Envelope Coherence,BetaL,Medium,Fp1,F3,0.835514502623498
BASELINE_EC,Band-Power Envelope Coherence,BetaL,Medium,Fp1,FC1,0.6497258206684141
BASELINE_EC,Band-Power Envelope Coherence,BetaL,Medium,Fp1,C3,0.3539684412058226
BASELINE_EC,Band-Power Envelope Coherence,BetaL,Medium,Fp1,FC5,0.6985505251336153
BASELINE_EC,Band-Power Envelope Coherence,BetaL,Medium,Fp1,FT9,0.678335537804422
BASELINE_EC,Band-Power Envelope Coherence,BetaL,Medium,Fp1,T7,0.5900564342330714
BASELINE_EC,Band-Power Envelope Coherence,BetaL,Medium,Fp1,CP5,0.10201950025462997
BASELINE_EC,Band-Power Envelope Coherence,BetaL,Medium,Fp1,CP1,0.14210499001509208
BASELINE_EC,Band-Power Envelope Coherence,BetaL,Medium,Fp1,P3,0.07250521374325145
BASELINE_EC,Band-Power Envelope Coherence,BetaL,Medium,Fp1,P7,0.09002302424511867
BASELINE_EC,Band-Power Envelope Coherence,BetaL,Medium,Fp1,PO9,0.036004946124467856
BASELINE_EC,Band-Power Envelope Coherence,BetaL,Medium,Fp1,O1,0.025235318897051218
BASELINE_EC,Band-Power Envelope Coherence,BetaL,Medium,Fp1,Pz,0.1448148070872583
BASELINE_EC,Band-Power Envelope Coherence,BetaL,Medium,Fp1,Oz,0.07917288913176318
BASELINE_EC,Band-Power Envelope Coherence,BetaL,Medium,Fp1,O2,0.07326473481750148
BASELINE_EC,Band-Power Envelope Coherence,BetaL,Medium,Fp1,PO10,0.12244337506405917
BASELINE_EC,Band-Power Envelope Coherence,BetaL,Medium,Fp1,P8,0.025572502937145126
BASELINE_EC,Band-Power Envelope Coherence,BetaL,Medium,Fp1,P4,0.16305960233695538
BASELINE_EC,Band-Power Envelope Coherence,BetaL,Medium,Fp1,CP2,0.1883041626705172
BASELINE_EC,Band-Power Envelope Coherence,BetaL,Medium,Fp1,CP6,0.1333405807783419
BASELINE_EC,Band-Power Envelope Coherence,BetaL,Medium,Fp1,T8,0.3320495880240244
BASELINE_EC,Band-Power Envelope Coherence,BetaL,Medium,Fp1,FT10,0.33464098643195894
BASELINE_EC,Band-Power Envelope Coherence,BetaL,Medium,Fp1,FC6,0.6024418432170835
BASELINE_EC,Band-Power Envelope Coherence,BetaL,Medium,Fp1,C4,0.325946286106746
BASELINE_EC,Band-Power Envelope Coherence,BetaL,Medium,Fp1,FC2,0.6416948147876309
BASELINE_EC,Band-Power Envelope Coherence,BetaL,Medium,Fp1,F4,0.709167663352945
BASELINE_EC,Band-Power Envelope Coherence,BetaL,Medium,Fp1,F8,0.6263960889059549
BASELINE_EC,Band-Power Envelope Coherence,BetaL,Medium,Fp1,Fp2,0.8476348308094311
BASELINE_EC,Band-Power Envelope Coherence,BetaL,Medium,F7,F3,0.8438741312851148
BASELINE_EC,Band-Power Envelope Coherence,BetaL,Medium,F7,FC1,0.672648846090691
BASELINE_EC,Band-Power Envelope Coherence,BetaL,Medium,F7,C3,0.4130236655205734
BASELINE_EC,Band-Power Envelope Coherence,BetaL,Medium,F7,FC5,0.7985214297073535
BASELINE_EC,Band-Power Envelope Coherence,BetaL,Medium,F7,FT9,0.7875643695107356
BASELINE_EC,Band-Power Envelope Coherence,BetaL,Medium,F7,T7,0.7027424291752815
BASELINE_EC,Band-Power Envelope Coherence,BetaL,Medium,F7,CP5,0.14961051832425093
BASELINE_EC,Band-Power Envelope Coherence,BetaL,Medium,F7,CP1,0.144122292355156
BASELINE_EC,Band-Power Envelope Coherence,BetaL,Medium,F7,P3,0.08520003356496686
BASELINE_EC,Band-Power Envelope Coherence,BetaL,Medium,F7,P7,0.12498656226820207
BASELINE_EC,Band-Power Envelope Coherence,BetaL,Medium,F7,PO9,0.04599265010940243
BASELINE_EC,Band-Power Envelope Coherence,BetaL,Medium,F7,O1,0.031781580829715106
BASELINE_EC,Band-Power Envelope Coherence,BetaL,Medium,F7,Pz,0.15772474885610743
BASELINE_EC,Band-Power Envelope Coherence,BetaL,Medium,F7,Oz,0.0828210847212727
BASELINE_EC,Band-Power Envelope Coherence,BetaL,Medium,F7,O2,0.07958043292533214
BASELINE_EC,Band-Power Envelope Coherence,BetaL,Medium,F7,PO10,0.12077160551759106
BASELINE_EC,Band-Power Envelope Coherence,BetaL,Medium,F7,P8,0.02379143449711603
BASELINE_EC,Band-Power Envelope Coherence,BetaL,Medium,F7,P4,0.16262539440408286
BASELINE_EC,Band-Power Envelope Coherence,BetaL,Medium,F7,CP2,0.1996047202838702
BASELINE_EC,Band-Power Envelope Coherence,BetaL,Medium,F7,CP6,0.10859777575296001
BASELINE_EC,Band-Power Envelope Coherence,BetaL,Medium,F7,T8,0.26511307415340285
BASELINE_EC,Band-Power Envelope Coherence,BetaL,Medium,F7,FT10,0.26059576673229345
BASELINE_EC,Band-Power Envelope Coherence,BetaL,Medium,F7,FC6,0.5376730795354889
BASELINE_EC,Band-Power Envelope Coherence,BetaL,Medium,F7,C4,0.2900284250521169
BASELINE_EC,Band-Power Envelope Coherence,BetaL,Medium,F7,FC2,0.6188104582274343
BASELINE_EC,Band-Power Envelope Coherence,BetaL,Medium,F7,F4,0.6597041269345134
BASELINE_EC,Band-Power Envelope Coherence,BetaL,Medium,F7,F8,0.5253599312670669
BASELINE_EC,Band-Power Envelope Coherence,BetaL,Medium,F7,Fp2,0.7292910150191567
BASELINE_EC,Band-Power Envelope Coherence,BetaL,Medium,F3,FC1,0.8073461072954768
BASELINE_EC,Band-Power Envelope Coherence,BetaL,Medium,F3,C3,0.5147543066449517
BASELINE_EC,Band-Power Envelope Coherence,BetaL,Medium,F3,FC5,0.8459345076867273
BASELINE_EC,Band-Power Envelope Coherence,BetaL,Medium,F3,FT9,0.5796793966539222
BASELINE_EC,Band-Power Envelope Coherence,BetaL,Medium,F3,T7,0.6871968052096025
BASELINE_EC,Band-Power Envelope Coherence,BetaL,Medium,F3,CP5,0.17416994584829226
BASELINE_EC,Band-Power Envelope Coherence,BetaL,Medium,F3,CP1,0.14296510148204164
BASELINE_EC,Band-Power Envelope Coherence,BetaL,Medium,F3,P3,0.07482756636208396
BASELINE_EC,Band-Power Envelope Coherence,BetaL,Medium,F3,P7,0.07829877761694237
BASELINE_EC,Band-Power Envelope Coherence,BetaL,Medium,F3,PO9,0.029185981753725367
BASELINE_EC,Band-Power Envelope Coherence,BetaL,Medium,F3,O1,0.022766430300637533
BASELINE_EC,Band-Power Envelope Coherence,BetaL,Medium,F3,Pz,0.13297655366196687
BASELINE_EC,Band-Power Envelope Coherence,BetaL,Medium,F3,Oz,0.06074507501458423
BASELINE_EC,Band-Power Envelope Coherence,BetaL,Medium,F3,O2,0.04305669557568672
BASELINE_EC,Band-Power Envelope Coherence,BetaL,Medium,F3,PO10,0.09420577632052139
BASELINE_EC,Band-Power Envelope Coherence,BetaL,Medium,F3,P8,0.022870865281596844
BASELINE_EC,Band-Power Envelope Coherence,BetaL,Medium,F3,P4,0.1484118612709138
BASELINE_EC,Band-Power Envelope Coherence,BetaL,Medium,F3,CP2,0.17488313902254726
BASELINE_EC,Band-Power Envelope Coherence,BetaL,Medium,F3,CP6,0.18741081038272212
BASELINE_EC,Band-Power Envelope Coherence,BetaL,Medium,F3,T8,0.37996092292674394
BASELINE_EC,Band-Power Envelope Coherence,BetaL,Medium,F3,FT10,0.3224180070676305
BASELINE_EC,Band-Power Envelope Coherence,BetaL,Medium,F3,FC6,0.6976719202812909
BASELINE_EC,Band-Power Envelope Coherence,BetaL,Medium,F3,C4,0.45216222721987753
BASELINE_EC,Band-Power Envelope Coherence,BetaL,Medium,F3,FC2,0.8165529134065908
BASELINE_EC,Band-Power Envelope Coherence,BetaL,Medium,F3,F4,0.8197052243500482
BASELINE_EC,Band-Power Envelope Coherence,BetaL,Medium,F3,F8,0.6017044367061823
BASELINE_EC,Band-Power Envelope Coherence,BetaL,Medium,F3,Fp2,0.7679904681942927
BASELINE_EC,Band-Power Envelope Coherence,BetaL,Medium,FC1,C3,0.7613919423273254
BASELINE_EC,Band-Power Envelope Coherence,BetaL,Medium,FC1,FC5,0.8430471451952323
BASELINE_EC,Band-Power Envelope Coherence,BetaL,Medium,FC1,FT9,0.4983670731666544
BASELINE_EC,Band-Power Envelope Coherence,BetaL,Medium,FC1,T7,0.7808717467602104
BASELINE_EC,Band-Power Envelope Coherence,BetaL,Medium,FC1,CP5,0.38087690812013353
BASELINE_EC,Band-Power Envelope Coherence,BetaL,Medium,FC1,CP1,0.3272623027762398
BASELINE_EC,Band-Power Envelope Coherence,BetaL,Medium,FC1,P3,0.2218097645185006
BASELINE_EC,Band-Power Envelope Coherence,BetaL,Medium,FC1,P7,0.09063830819478899
BASELINE_EC,Band-Power Envelope Coherence,BetaL,Medium,FC1,PO9,0.038714001244235
BASELINE_EC,Band-Power Envelope Coherence,BetaL,Medium,FC1,O1,0.053758843704418816
BASELINE_EC,Band-Power Envelope Coherence,BetaL,Medium,FC1,Pz,0.29976414866519807
BASELINE_EC,Band-Power Envelope Coherence,BetaL,Medium,FC1,Oz,0.12112420293889861
BASELINE_EC,Band-Power Envelope Coherence,BetaL,Medium,FC1,O2,0.09550845410983595
BASELINE_EC,Band-Power Envelope Coherence,BetaL,Medium,FC1,PO10,0.15131079086168744
BASELINE_EC,Band-Power Envelope Coherence,BetaL,Medium,FC1,P8,0.050348644890865255
BASELINE_EC,Band-Power Envelope Coherence,BetaL,Medium,FC1,P4,0.32234012674045254
BASELINE_EC,Band-Power Envelope Coherence,BetaL,Medium,FC1,CP2,0.36029804682672517
BASELINE_EC,Band-Power Envelope Coherence,BetaL,Medium,FC1,CP6,0.2531250272424038
BASELINE_EC,Band-Power Envelope Coherence,BetaL,Medium,FC1,T8,0.4395995091653879
BASELINE_EC,Band-Power Envelope Coherence,BetaL,Medium,FC1,FT10,0.30783108529836467
BASELINE_EC,Band-Power Envelope Coherence,BetaL,Medium,FC1,FC6,0.7367891627444553
BASELINE_EC,Band-Power Envelope Coherence,BetaL,Medium,FC1,C4,0.5663712461507581
BASELINE_EC,Band-Power Envelope Coherence,BetaL,Medium,FC1,FC2,0.8658424811301761
BASELINE_EC,Band-Power Envelope Coherence,BetaL,Medium,FC1,F4,0.774072908940269
BASELINE_EC,Band-Power Envelope Coherence,BetaL,Medium,FC1,F8,0.5424428186492217
BASELINE_EC,Band-Power Envelope Coherence,BetaL,Medium,FC1,Fp2,0.6343274821536518
BASELINE_EC,Band-Power Envelope Coherence,BetaL,Medium,C3,FC5,0.699098218456869
BASELINE_EC,Band-Power Envelope Coherence,BetaL,Medium,C3,FT9,0.3033271055641119
BASELINE_EC,Band-Power Envelope Coherence,BetaL,Medium,C3,T7,0.6911439190511942
BASELINE_EC,Band-Power Envelope Coherence,BetaL,Medium,C3,CP5,0.666850765049433
BASELINE_EC,Band-Power Envelope Coherence,BetaL,Medium,C3,CP1,0.42173743736524383
BASELINE_EC,Band-Power Envelope Coherence,BetaL,Medium,C3,P3,0.35967195305751026
BASELINE_EC,Band-Power Envelope Coherence,BetaL,Medium,C3,P7,0.10335828089422092
BASELINE_EC,Band-Power Envelope Coherence,BetaL,Medium,C3,PO9,0.04500291003162615
BASELINE_EC,Band-Power Envelope Coherence,BetaL,Medium,C3,O1,0.08704019182623969
BASELINE_EC,Band-Power Envelope Coherence,BetaL,Medium,C3,Pz,0.36625543079227907
BASELINE_EC,Band-Power Envelope Coherence,BetaL,Medium,C3,Oz,0.1560241850051582
BASELINE_EC,Band-Power Envelope Coherence,BetaL,Medium,C3,O2,0.1100480638756738
BASELINE_EC,Band-Power Envelope Coherence,BetaL,Medium,C3,PO10,0.11325299300821678
BASELINE_EC,Band-Power Envelope Coherence,BetaL,Medium,C3,P8,0.06677784435338147
BASELINE_EC,Band-Power Envelope Coherence,BetaL,Medium,C3,P4,0.356327200226424
BASELINE_EC,Band-Power Envelope Coherence,BetaL,Medium,C3,CP2,0.40097852648729543
BASELINE_EC,Band-Power Envelope Coherence,BetaL,Medium,C3,CP6,0.18071593018317872
BASELINE_EC,Band-Power Envelope Coherence,BetaL,Medium,C3,T8,0.25181234086040993
BASELINE_EC,Band-Power Envelope Coherence,BetaL,Medium,C3,FT10,0.1689785834665078
BASELINE_EC,Band-Power Envelope Coherence,BetaL,Medium,C3,FC6,0.4571514677933031
BASELINE_EC,Band-Power Envelope Coherence,BetaL,Medium,C3,C4,0.4289505454395085
BASELINE_EC,Band-Power Envelope Coherence,BetaL,Medium,C3,FC2,0.6093316731494128
BASELINE_EC,Band-Power Envelope Coherence,BetaL,Medium,C3,F4,0.4680982267887526
BASELINE_EC,Band-Power Envelope Coherence,BetaL,Medium,C3,F8,0.2804107857707475
BASELINE_EC,Band-Power Envelope Coherence,BetaL,Medium,C3,Fp2,0.3346248353114475
BASELINE_EC,Band-Power Envelope Coherence,BetaL,Medium,FC5,FT9,0.6172659951372867
BASELINE_EC,Band-Power Envelope Coherence,BetaL,Medium,FC5,T7,0.8647580788051986
BASELINE_EC,Band-Power Envelope Coherence,BetaL,Medium,FC5,CP5,0.37793402646731944
BASELINE_EC,Band-Power Envelope Coherence,BetaL,Medium,FC5,CP1,0.22627186820450104
BASELINE_EC,Band-Power Envelope Coherence,BetaL,Medium,FC5,P3,0.16096962465602327
BASELINE_EC,Band-Power Envelope Coherence,BetaL,Medium,FC5,P7,0.11151547477367169
BASELINE_EC,Band-Power Envelope Coherence,BetaL,Medium,FC5,PO9,0.03368986736277848
BASELINE_EC,Band-Power Envelope Coherence,BetaL,Medium,FC5,O1,0.041444533201600825
BASELINE_EC,Band-Power Envelope Coherence,BetaL,Medium,FC5,Pz,0.22318166494117897
BASELINE_EC,Band-Power Envelope Coherence,BetaL,Medium,FC5,Oz,0.09873867825903475
BASELINE_EC,Band-Power Envelope Coherence,BetaL,Medium,FC5,O2,0.0817099262746936
BASELINE_EC,Band-Power Envelope Coherence,BetaL,Medium,FC5,PO10,0.125578442766499
BASELINE_EC,Band-Power Envelope Coherence,BetaL,Medium,FC5,P8,0.03135923928843845
BASELINE_EC,Band-Power Envelope Coherence,BetaL,Medium,FC5,P4,0.2229831707265179
BASELINE_EC,Band-Power Envelope Coherence,BetaL,Medium,FC5,CP2,0.27037696265223565
BASELINE_EC,Band-Power Envelope Coherence,BetaL,Medium,FC5,CP6,0.15233965744944203
BASELINE_EC,Band-Power Envelope Coherence,BetaL,Medium,FC5,T8,0.2918898997221726
BASELINE_EC,Band-Power Envelope Coherence,BetaL,Medium,FC5,FT10,0.23336449478092364
BASELINE_EC,Band-Power Envelope Coherence,BetaL,Medium,FC5,FC6,0.568772188260229
BASELINE_EC,Band-Power Envelope Coherence,BetaL,Medium,FC5,C4,0.3969790028070722
BASELINE_EC,Band-Power Envelope Coherence,BetaL,Medium,FC5,FC2,0.7263019407847812
BASELINE_EC,Band-Power Envelope Coherence,BetaL,Medium,FC5,F4,0.6708874160356353
BASELINE_EC,Band-Power Envelope Coherence,BetaL,Medium,FC5,F8,0.46074649652516175
BASELINE_EC,Band-Power Envelope Coherence,BetaL,Medium,FC5,Fp2,0.6065971716615661
BASELINE_EC,Band-Power Envelope Coherence,BetaL,Medium,FT9,T7,0.658050854645473
BASELINE_EC,Band-Power Envelope Coherence,BetaL,Medium,FT9,CP5,0.14406514208364746
BASELINE_EC,Band-Power Envelope Coherence,BetaL,Medium,FT9,CP1,0.17079844858508442
BASELINE_EC,Band-Power Envelope Coherence,BetaL,Medium,FT9,P3,0.13008452594285153
BASELINE_EC,Band-Power Envelope Coherence,BetaL,Medium,FT9,P7,0.2240620573758175
BASELINE_EC,Band-Power Envelope Coherence,BetaL,Medium,FT9,PO9,0.08531755394233892
BASELINE_EC,Band-Power Envelope Coherence,BetaL,Medium,FT9,O1,0.07529095328221228
BASELINE_EC,Band-Power Envelope Coherence,BetaL,Medium,FT9,Pz,0.22322850641316833
BASELINE_EC,Band-Power Envelope Coherence,BetaL,Medium,FT9,Oz,0.14117904897077044
BASELINE_EC,Band-Power Envelope Coherence,BetaL,Medium,FT9,O2,0.14848858004533666
BASELINE_EC,Band-Power Envelope Coherence,BetaL,Medium,FT9,PO10,0.14563385632570236
BASELINE_EC,Band-Power Envelope Coherence,BetaL,Medium,FT9,P8,0.034974693719319876
BASELINE_EC,Band-Power Envelope Coherence,BetaL,Medium,FT9,P4,0.18923375772572684
BASELINE_EC,Band-Power Envelope Coherence,BetaL,Medium,FT9,CP2,0.251970446056733
BASELINE_EC,Band-Power Envelope Coherence,BetaL,Medium,FT9,CP6,0.06967268154264115
BASELINE_EC,Band-Power Envelope Coherence,BetaL,Medium,FT9,T8,0.18577317609924995
BASELINE_EC,Band-Power Envelope Coherence,BetaL,Medium,FT9,FT10,0.17748119827096703
BASELINE_EC,Band-Power Envelope Coherence,BetaL,Medium,FT9,FC6,0.3689297014637937
BASELINE_EC,Band-Power Envelope Coherence,BetaL,Medium,FT9,C4,0.15371783165920852
BASELINE_EC,Band-Power Envelope Coherence,BetaL,Medium,FT9,FC2,0.40565991300436677
BASELINE_EC,Band-Power Envelope Coherence,BetaL,Medium,FT9,F4,0.44963295456056745
BASELINE_EC,Band-Power Envelope Coherence,BetaL,Medium,FT9,F8,0.3926034383416407
BASELINE_EC,Band-Power Envelope Coherence,BetaL,Medium,FT9,Fp2,0.5284739919430066
BASELINE_EC,Band-Power Envelope Coherence,BetaL,Medium,T7,CP5,0.4806739834949975
BASELINE_EC,Band-Power Envelope Coherence,BetaL,Medium,T7,CP1,0.28424740372508817
BASELINE_EC,Band-Power Envelope Coherence,BetaL,Medium,T7,P3,0.23264171408798828
BASELINE_EC,Band-Power Envelope Coherence,BetaL,Medium,T7,P7,0.19598790591098528
BASELINE_EC,Band-Power Envelope Coherence,BetaL,Medium,T7,PO9,0.04799883798040737
BASELINE_EC,Band-Power Envelope Coherence,BetaL,Medium,T7,O1,0.0687096916146624
BASELINE_EC,Band-Power Envelope Coherence,BetaL,Medium,T7,Pz,0.3064767253089029
BASELINE_EC,Band-Power Envelope Coherence,BetaL,Medium,T7,Oz,0.14044659800299047
BASELINE_EC,Band-Power Envelope Coherence,BetaL,Medium,T7,O2,0.12539445379244415
BASELINE_EC,Band-Power Envelope Coherence,BetaL,Medium,T7,PO10,0.16143502222903464
BASELINE_EC,Band-Power Envelope Coherence,BetaL,Medium,T7,P8,0.028157024508360044
BASELINE_EC,Band-Power Envelope Coherence,BetaL,Medium,T7,P4,0.2728750822541066
BASELINE_EC,Band-Power Envelope Coherence,BetaL,Medium,T7,CP2,0.3434551413304921
BASELINE_EC,Band-Power Envelope Coherence,BetaL,Medium,T7,CP6,0.10919657499989507
BASELINE_EC,Band-Power Envelope Coherence,BetaL,Medium,T7,T8,0.2282143750965269
BASELINE_EC,Band-Power Envelope Coherence,BetaL,Medium,T7,FT10,0.1515664068926028
BASELINE_EC,Band-Power Envelope Coherence,BetaL,Medium,T7,FC6,0.4644956387255278
BASELINE_EC,Band-Power Envelope Coherence,BetaL,Medium,T7,C4,0.2911061742903458
BASELINE_EC,Band-Power Envelope Coherence,BetaL,Medium,T7,FC2,0.6018227761907409
BASELINE_EC,Band-Power Envelope Coherence,BetaL,Medium,T7,F4,0.5496431479113693
BASELINE_EC,Band-Power Envelope Coherence,BetaL,Medium,T7,F8,0.37513563001658795
BASELINE_EC,Band-Power Envelope Coherence,BetaL,Medium,T7,Fp2,0.4826065171594369
BASELINE_EC,Band-Power Envelope Coherence,BetaL,Medium,CP5,CP1,0.38651751229422476
BASELINE_EC,Band-Power Envelope Coherence,BetaL,Medium,CP5,P3,0.49269653008831016
BASELINE_EC,Band-Power Envelope Coherence,BetaL,Medium,CP5,P7,0.16317837691572387
BASELINE_EC,Band-Power Envelope Coherence,BetaL,Medium,CP5,PO9,0.0322381323969365
BASELINE_EC,Band-Power Envelope Coherence,BetaL,Medium,CP5,O1,0.12581813330668817
BASELINE_EC,Band-Power Envelope Coherence,BetaL,Medium,CP5,Pz,0.3582640774852712
BASELINE_EC,Band-Power Envelope Coherence,BetaL,Medium,CP5,Oz,0.15310496386197428
BASELINE_EC,Band-Power Envelope Coherence,BetaL,Medium,CP5,O2,0.0961549392121476
BASELINE_EC,Band-Power Envelope Coherence,BetaL,Medium,CP5,PO10,0.044073582203462656
BASELINE_EC,Band-Power Envelope Coherence,BetaL,Medium,CP5,P8,0.029612559282473135
BASELINE_EC,Band-Power Envelope Coherence,BetaL,Medium,CP5,P4,0.2753490637596555
BASELINE_EC,Band-Power Envelope Coherence,BetaL,Medium,CP5,CP2,0.34561428975504216
BASELINE_EC,Band-Power Envelope Coherence,BetaL,Medium,CP5,CP6,0.07032862954415804
BASELINE_EC,Band-Power Envelope Coherence,BetaL,Medium,CP5,T8,0.06242770667734671
BASELINE_EC,Band-Power Envelope Coherence,BetaL,Medium,CP5,FT10,0.03589299962873275
BASELINE_EC,Band-Power Envelope Coherence,BetaL,Medium,CP5,FC6,0.13086008437617375
BASELINE_EC,Band-Power Envelope Coherence,BetaL,Medium,CP5,C4,0.14491927850282862
BASELINE_EC,Band-Power Envelope Coherence,BetaL,Medium,CP5,FC2,0.2148117897510213
BASELINE_EC,Band-Power Envelope Coherence,BetaL,Medium,CP5,F4,0.12723374481209276
BASELINE_EC,Band-Power Envelope Coherence,BetaL,Medium,CP5,F8,0.06496800788913787
BASELINE_EC,Band-Power Envelope Coherence,BetaL,Medium,CP5,Fp2,0.08237148346217447
BASELINE_EC,Band-Power Envelope Coherence,BetaL,Medium,CP1,P3,0.8550661275929676
BASELINE_EC,Band-Power Envelope Coherence,BetaL,Medium,CP1,P7,0.230034171592442
BASELINE_EC,Band-Power Envelope Coherence,BetaL,Medium,CP1,PO9,0.18851631561878984
BASELINE_EC,Band-Power Envelope Coherence,BetaL,Medium,CP1,O1,0.5319407544735575
BASELINE_EC,Band-Power Envelope Coherence,BetaL,Medium,CP1,Pz,0.899022175833559
BASELINE_EC,Band-Power Envelope Coherence,BetaL,Medium,CP1,Oz,0.7345941820675379
BASELINE_EC,Band-Power Envelope Coherence,BetaL,Medium,CP1,O2,0.5974531185721366
BASELINE_EC,Band-Power Envelope Coherence,BetaL,Medium,CP1,PO10,0.23382154397922944
BASELINE_EC,Band-Power Envelope Coherence,BetaL,Medium,CP1,P8,0.13992123048671323
BASELINE_EC,Band-Power Envelope Coherence,BetaL,Medium,CP1,P4,0.8674967430047003
BASELINE_EC,Band-Power Envelope Coherence,BetaL,Medium,CP1,CP2,0.8891330903257116
BASELINE_EC,Band-Power Envelope Coherence,BetaL,Medium,CP1,CP6,0.18964388303249355
BASELINE_EC,Band-Power Envelope Coherence,BetaL,Medium,CP1,T8,0.13564793349350834
BASELINE_EC,Band-Power Envelope Coherence,BetaL,Medium,CP1,FT10,0.05996877306647035
BASELINE_EC,Band-Power Envelope Coherence,BetaL,Medium,CP1,FC6,0.17664478287839702
BASELINE_EC,Band-Power Envelope Coherence,BetaL,Medium,CP1,C4,0.22654556280489427
BASELINE_EC,Band-Power Envelope Coherence,BetaL,Medium,CP1,FC2,0.21929229345045886
BASELINE_EC,Band-Power Envelope Coherence,BetaL,Medium,CP1,F4,0.14023588718287175
BASELINE_EC,Band-Power Envelope Coherence,BetaL,Medium,CP1,F8,0.11439225013433185
BASELINE_EC,Band-Power Envelope Coherence,BetaL,Medium,CP1,Fp2,0.13516520745353927
BASELINE_EC,Band-Power Envelope Coherence,BetaL,Medium,P3,P7,0.2972222685146324
BASELINE_EC,Band-Power Envelope Coherence,BetaL,Medium,P3,PO9,0.19657533149311504
BASELINE_EC,Band-Power Envelope Coherence,BetaL,Medium,P3,O1,0.5913042533588939
BASELINE_EC,Band-Power Envelope Coherence,BetaL,Medium,P3,Pz,0.8713999101075032
BASELINE_EC,Band-Power Envelope Coherence,BetaL,Medium,P3,Oz,0.6998517288793651
BASELINE_EC,Band-Power Envelope Coherence,BetaL,Medium,P3,O2,0.5379014182796458
BASELINE_EC,Band-Power Envelope Coherence,BetaL,Medium,P3,PO10,0.14238356324913037
BASELINE_EC,Band-Power Envelope Coherence,BetaL,Medium,P3,P8,0.07937891251955131
BASELINE_EC,Band-Power Envelope Coherence,BetaL,Medium,P3,P4,0.7301689095033758
BASELINE_EC,Band-Power Envelope Coherence,BetaL,Medium,P3,CP2,0.8109658363561887
BASELINE_EC,Band-Power Envelope Coherence,BetaL,Medium,P3,CP6,0.12338365660182579
BASELINE_EC,Band-Power Envelope Coherence,BetaL,Medium,P3,T8,0.057785544893461785
BASELINE_EC,Band-Power Envelope Coherence,BetaL,Medium,P3,FT10,0.04107618858814507
BASELINE_EC,Band-Power Envelope Coherence,BetaL,Medium,P3,FC6,0.08260542729612484
BASELINE_EC,Band-Power Envelope Coherence,BetaL,Medium,P3,C4,0.11942371627442135
BASELINE_EC,Band-Power Envelope Coherence,BetaL,Medium,P3,FC2,0.12265171772945019
BASELINE_EC,Band-Power Envelope Coherence,BetaL,Medium,P3,F4,0.06725683475156599
BASELINE_EC,Band-Power Envelope Coherence,BetaL,Medium,P3,F8,0.048445556463435714
BASELINE_EC,Band-Power Envelope Coherence,BetaL,Medium,P3,Fp2,0.05933757923187617
BASELINE_EC,Band-Power Envelope Coherence,BetaL,Medium,P7,PO9,0.3025933604035516
BASELINE_EC,Band-Power Envelope Coherence,BetaL,Medium,P7,O1,0.2915614935004545
BASELINE_EC,Band-Power Envelope Coherence,BetaL,Medium,P7,Pz,0.34558576574086475
BASELINE_EC,Band-Power Envelope Coherence,BetaL,Medium,P7,Oz,0.2683438428732067
BASELINE_EC,Band-Power Envelope Coherence,BetaL,Medium,P7,O2,0.2160404293888483
BASELINE_EC,Band-Power Envelope Coherence,BetaL,Medium,P7,PO10,0.11270718219711454
BASELINE_EC,Band-Power Envelope Coherence,BetaL,Medium,P7,P8,0.042635815118110765
BASELINE_EC,Band-Power Envelope Coherence,BetaL,Medium,P7,P4,0.20440544864599233
BASELINE_EC,Band-Power Envelope Coherence,BetaL,Medium,P7,CP2,0.3034101142911741
BASELINE_EC,Band-Power Envelope Coherence,BetaL,Medium,P7,CP6,0.07044458753872904
BASELINE_EC,Band-Power Envelope Coherence,BetaL,Medium,P7,T8,0.009792692147608337
BASELINE_EC,Band-Power Envelope Coherence,BetaL,Medium,P7,FT10,0.02657094658968097
BASELINE_EC,Band-Power Envelope Coherence,BetaL,Medium,P7,FC6,0.0233653261264975
BASELINE_EC,Band-Power Envelope Coherence,BetaL,Medium,P7,C4,0.017192015635228
BASELINE_EC,Band-Power Envelope Coherence,BetaL,Medium,P7,FC2,0.0374341038681841
BASELINE_EC,Band-Power Envelope Coherence,BetaL,Medium,P7,F4,0.04228583290229437
BASELINE_EC,Band-Power Envelope Coherence,BetaL,Medium,P7,F8,0.033320186754099174
BASELINE_EC,Band-Power Envelope Coherence,BetaL,Medium,P7,Fp2,0.04038880068278414
BASELINE_EC,Band-Power Envelope Coherence,BetaL,Medium,PO9,O1,0.4124431630675833
BASELINE_EC,Band-Power Envelope Coherence,BetaL,Medium,PO9,Pz,0.26790771629335064
BASELINE_EC,Band-Power Envelope Coherence,BetaL,Medium,PO9,Oz,0.4145053882449954
BASELINE_EC,Band-Power Envelope Coherence,BetaL,Medium,PO9,O2,0.3497719158141873
BASELINE_EC,Band-Power Envelope Coherence,BetaL,Medium,PO9,PO10,0.14469352347849035
BASELINE_EC,Band-Power Envelope Coherence,BetaL,Medium,PO9,P8,0.058069955273373705
BASELINE_EC,Band-Power Envelope Coherence,BetaL,Medium,PO9,P4,0.17864042901394622
BASELINE_EC,Band-Power Envelope Coherence,BetaL,Medium,PO9,CP2,0.2415482244959526
BASELINE_EC,Band-Power Envelope Coherence,BetaL,Medium,PO9,CP6,0.07384638320272505
BASELINE_EC,Band-Power Envelope Coherence,BetaL,Medium,PO9,T8,0.04489912249659041
BASELINE_EC,Band-Power Envelope Coherence,BetaL,Medium,PO9,FT10,0.09226134390496835
BASELINE_EC,Band-Power Envelope Coherence,BetaL,Medium,PO9,FC6,0.05363979771968763
BASELINE_EC,Band-Power Envelope Coherence,BetaL,Medium,PO9,C4,0.07105548715221094
BASELINE_EC,Band-Power Envelope Coherence,BetaL,Medium,PO9,FC2,0.0409721861198544
BASELINE_EC,Band-Power Envelope Coherence,BetaL,Medium,PO9,F4,0.028966448597664677
BASELINE_EC,Band-Power Envelope Coherence,BetaL,Medium,PO9,F8,0.019255513704945826
BASELINE_EC,Band-Power Envelope Coherence,BetaL,Medium,PO9,Fp2,0.023236059874352746
BASELINE_EC,Band-Power Envelope Coherence,BetaL,Medium,O1,Pz,0.5990944960360515
BASELINE_EC,Band-Power Envelope Coherence,BetaL,Medium,O1,Oz,0.7562053663027264
BASELINE_EC,Band-Power Envelope Coherence,BetaL,Medium,O1,O2,0.5608708484223776
BASELINE_EC,Band-Power Envelope Coherence,BetaL,Medium,O1,PO10,0.10939780160978636
BASELINE_EC,Band-Power Envelope Coherence,BetaL,Medium,O1,P8,0.06559205316036246
BASELINE_EC,Band-Power Envelope Coherence,BetaL,Medium,O1,P4,0.4475181537742625
BASELINE_EC,Band-Power Envelope Coherence,BetaL,Medium,O1,CP2,0.5280441959509143
BASELINE_EC,Band-Power Envelope Coherence,BetaL,Medium,O1,CP6,0.07152883204554138
BASELINE_EC,Band-Power Envelope Coherence,BetaL,Medium,O1,T8,0.026708383507492755
BASELINE_EC,Band-Power Envelope Coherence,BetaL,Medium,O1,FT10,0.055248191126583954
BASELINE_EC,Band-Power Envelope Coherence,BetaL,Medium,O1,FC6,0.026902133087850746
BASELINE_EC,Band-Power Envelope Coherence,BetaL,Medium,O1,C4,0.04460381869274715
BASELINE_EC,Band-Power Envelope Coherence,BetaL,Medium,O1,FC2,0.034517244205144765
BASELINE_EC,Band-Power Envelope Coherence,BetaL,Medium,O1,F4,0.02202185225240137
BASELINE_EC,Band-Power Envelope Coherence,BetaL,Medium,O1,F8,0.016389770804993688
BASELINE_EC,Band-Power Envelope Coherence,BetaL,Medium,O1,Fp2,0.01809125048784998
BASELINE_EC,Band-Power Envelope Coherence,BetaL,Medium,Pz,Oz,0.8016027147079122
BASELINE_EC,Band-Power Envelope Coherence,BetaL,Medium,Pz,O2,0.7079345655765914
BASELINE_EC,Band-Power Envelope Coherence,BetaL,Medium,Pz,PO10,0.2904621988199343
BASELINE_EC,Band-Power Envelope Coherence,BetaL,Medium,Pz,P8,0.12648522192909575
BASELINE_EC,Band-Power Envelope Coherence,BetaL,Medium,Pz,P4,0.8924957209982373
BASELINE_EC,Band-Power Envelope Coherence,BetaL,Medium,Pz,CP2,0.9518333754924042
BASELINE_EC,Band-Power Envelope Coherence,BetaL,Medium,Pz,CP6,0.17651899697019552
BASELINE_EC,Band-Power Envelope Coherence,BetaL,Medium,Pz,T8,0.10081073271933486
BASELINE_EC,Band-Power Envelope Coherence,BetaL,Medium,Pz,FT10,0.05044835331169485
BASELINE_EC,Band-Power Envelope Coherence,BetaL,Medium,Pz,FC6,0.1358033192914746
BASELINE_EC,Band-Power Envelope Coherence,BetaL,Medium,Pz,C4,0.17353951957556038
BASELINE_EC,Band-Power Envelope Coherence,BetaL,Medium,Pz,FC2,0.18361985827670907
BASELINE_EC,Band-Power Envelope Coherence,BetaL,Medium,Pz,F4,0.11877378726879276
BASELINE_EC,Band-Power Envelope Coherence,BetaL,Medium,Pz,F8,0.09298705294644138
BASELINE_EC,Band-Power Envelope Coherence,BetaL,Medium,Pz,Fp2,0.11449100515796506
BASELINE_EC,Band-Power Envelope Coherence,BetaL,Medium,Oz,O2,0.8360972569071332
BASELINE_EC,Band-Power Envelope Coherence,BetaL,Medium,Oz,PO10,0.2688370359949474
BASELINE_EC,Band-Power Envelope Coherence,BetaL,Medium,Oz,P8,0.13242059091594288
BASELINE_EC,Band-Power Envelope Coherence,BetaL,Medium,Oz,P4,0.7067511315243313
BASELINE_EC,Band-Power Envelope Coherence,BetaL,Medium,Oz,CP2,0.7478893081577909
BASELINE_EC,Band-Power Envelope Coherence,BetaL,Medium,Oz,CP6,0.11160815710628841
BASELINE_EC,Band-Power Envelope Coherence,BetaL,Medium,Oz,T8,0.0534414176691928
BASELINE_EC,Band-Power Envelope Coherence,BetaL,Medium,Oz,FT10,0.03883485992540132
BASELINE_EC,Band-Power Envelope Coherence,BetaL,Medium,Oz,FC6,0.05102630331661892
BASELINE_EC,Band-Power Envelope Coherence,BetaL,Medium,Oz,C4,0.0752103752417019
BASELINE_EC,Band-Power Envelope Coherence,BetaL,Medium,Oz,FC2,0.0691319914436455
BASELINE_EC,Band-Power Envelope Coherence,BetaL,Medium,Oz,F4,0.042274195914226945
BASELINE_EC,Band-Power Envelope Coherence,BetaL,Medium,Oz,F8,0.03995267263414454
BASELINE_EC,Band-Power Envelope Coherence,BetaL,Medium,Oz,Fp2,0.05463062969450447
BASELINE_EC,Band-Power Envelope Coherence,BetaL,Medium,O2,PO10,0.4657364573593311
BASELINE_EC,Band-Power Envelope Coherence,BetaL,Medium,O2,P8,0.23802782333921768
BASELINE_EC,Band-Power Envelope Coherence,BetaL,Medium,O2,P4,0.696104914967666
BASELINE_EC,Band-Power Envelope Coherence,BetaL,Medium,O2,CP2,0.6855124700243977
BASELINE_EC,Band-Power Envelope Coherence,BetaL,Medium,O2,CP6,0.13865001045604733
BASELINE_EC,Band-Power Envelope Coherence,BetaL,Medium,O2,T8,0.048726430288893514
BASELINE_EC,Band-Power Envelope Coherence,BetaL,Medium,O2,FT10,0.0509701766848225
BASELINE_EC,Band-Power Envelope Coherence,BetaL,Medium,O2,FC6,0.041164077499394
BASELINE_EC,Band-Power Envelope Coherence,BetaL,Medium,O2,C4,0.0671660098749889
BASELINE_EC,Band-Power Envelope Coherence,BetaL,Medium,O2,FC2,0.054807065478893094
BASELINE_EC,Band-Power Envelope Coherence,BetaL,Medium,O2,F4,0.03389072420248504
BASELINE_EC,Band-Power Envelope Coherence,BetaL,Medium,O2,F8,0.03044118818722373
BASELINE_EC,Band-Power Envelope Coherence,BetaL,Medium,O2,Fp2,0.044974624953999155
BASELINE_EC,Band-Power Envelope Coherence,BetaL,Medium,PO10,P8,0.5044372366894037
BASELINE_EC,Band-Power Envelope Coherence,BetaL,Medium,PO10,P4,0.3599201839368278
BASELINE_EC,Band-Power Envelope Coherence,BetaL,Medium,PO10,CP2,0.3209390885041868
BASELINE_EC,Band-Power Envelope Coherence,BetaL,Medium,PO10,CP6,0.16628517261470452
BASELINE_EC,Band-Power Envelope Coherence,BetaL,Medium,PO10,T8,0.11906819000011136
BASELINE_EC,Band-Power Envelope Coherence,BetaL,Medium,PO10,FT10,0.0672043662256882
BASELINE_EC,Band-Power Envelope Coherence,BetaL,Medium,PO10,FC6,0.10055894478551286
BASELINE_EC,Band-Power Envelope Coherence,BetaL,Medium,PO10,C4,0.08996351110596484
BASELINE_EC,Band-Power Envelope Coherence,BetaL,Medium,PO10,FC2,0.11341797548771432
BASELINE_EC,Band-Power Envelope Coherence,BetaL,Medium,PO10,F4,0.1069860426510168
BASELINE_EC,Band-Power Envelope Coherence,BetaL,Medium,PO10,F8,0.08183014757532188
BASELINE_EC,Band-Power Envelope Coherence,BetaL,Medium,PO10,Fp2,0.09837083081198517
BASELINE_EC,Band-Power Envelope Coherence,BetaL,Medium,P8,P4,0.2303187233940307
BASELINE_EC,Band-Power Envelope Coherence,BetaL,Medium,P8,CP2,0.15215604608075603
BASELINE_EC,Band-Power Envelope Coherence,BetaL,Medium,P8,CP6,0.3732659397621941
BASELINE_EC,Band-Power Envelope Coherence,BetaL,Medium,P8,T8,0.12069885338881649
BASELINE_EC,Band-Power Envelope Coherence,BetaL,Medium,P8,FT10,0.07778403588820385
BASELINE_EC,Band-Power Envelope Coherence,BetaL,Medium,P8,FC6,0.05827377361405169
BASELINE_EC,Band-Power Envelope Coherence,BetaL,Medium,P8,C4,0.14016462159878681
BASELINE_EC,Band-Power Envelope Coherence,BetaL,Medium,P8,FC2,0.059842372971111606
BASELINE_EC,Band-Power Envelope Coherence,BetaL,Medium,P8,F4,0.036886051499852544
BASELINE_EC,Band-Power Envelope Coherence,BetaL,Medium,P8,F8,0.035258705485665565
BASELINE_EC,Band-Power Envelope Coherence,BetaL,Medium,P8,Fp2,0.03131097971099534
BASELINE_EC,Band-Power Envelope Coherence,BetaL,Medium,P4,CP2,0.9253788257382629
BASELINE_EC,Band-Power Envelope Coherence,BetaL,Medium,P4,CP6,0.27181642275646845
BASELINE_EC,Band-Power Envelope Coherence,BetaL,Medium,P4,T8,0.15358160496362913
BASELINE_EC,Band-Power Envelope Coherence,BetaL,Medium,P4,FT10,0.06647416480329493
BASELINE_EC,Band-Power Envelope Coherence,BetaL,Medium,P4,FC6,0.18460348566897886
BASELINE_EC,Band-Power Envelope Coherence,BetaL,Medium,P4,C4,0.2595685868198625
BASELINE_EC,Band-Power Envelope Coherence,BetaL,Medium,P4,FC2,0.22750805288056028
BASELINE_EC,Band-Power Envelope Coherence,BetaL,Medium,P4,F4,0.1518479580848261
BASELINE_EC,Band-Power Envelope Coherence,BetaL,Medium,P4,F8,0.12541747901306016
BASELINE_EC,Band-Power Envelope Coherence,BetaL,Medium,P4,Fp2,0.14725862119380712
BASELINE_EC,Band-Power Envelope Coherence,BetaL,Medium,CP2,CP6,0.22376844501731025
BASELINE_EC,Band-Power Envelope Coherence,BetaL,Medium,CP2,T8,0.14199581782658022
BASELINE_EC,Band-Power Envelope Coherence,BetaL,Medium,CP2,FT10,0.0644779687612202
BASELINE_EC,Band-Power Envelope Coherence,BetaL,Medium,CP2,FC6,0.18516926051872395
BASELINE_EC,Band-Power Envelope Coherence,BetaL,Medium,CP2,C4,0.23506089494869672
BASELINE_EC,Band-Power Envelope Coherence,BetaL,Medium,CP2,FC2,0.24182141855413442
BASELINE_EC,Band-Power Envelope Coherence,BetaL,Medium,CP2,F4,0.16328905766852828
BASELINE_EC,Band-Power Envelope Coherence,BetaL,Medium,CP2,F8,0.13739438752768995
BASELINE_EC,Band-Power Envelope Coherence,BetaL,Medium,CP2,Fp2,0.1642382616251613
BASELINE_EC,Band-Power Envelope Coherence,BetaL,Medium,CP6,T8,0.5321465694324725
BASELINE_EC,Band-Power Envelope Coherence,BetaL,Medium,CP6,FT10,0.38621648928485597
BASELINE_EC,Band-Power Envelope Coherence,BetaL,Medium,CP6,FC6,0.4266479582371906
BASELINE_EC,Band-Power Envelope Coherence,BetaL,Medium,CP6,C4,0.6425093787821801
BASELINE_EC,Band-Power Envelope Coherence,BetaL,Medium,CP6,FC2,0.38493751027839695
BASELINE_EC,Band-Power Envelope Coherence,BetaL,Medium,CP6,F4,0.28725716082853114
BASELINE_EC,Band-Power Envelope Coherence,BetaL,Medium,CP6,F8,0.2679188236360094
BASELINE_EC,Band-Power Envelope Coherence,BetaL,Medium,CP6,Fp2,0.21135831995208093
BASELINE_EC,Band-Power Envelope Coherence,BetaL,Medium,T8,FT10,0.5931102517256979
BASELINE_EC,Band-Power Envelope Coherence,BetaL,Medium,T8,FC6,0.7192088288544868
BASELINE_EC,Band-Power Envelope Coherence,BetaL,Medium,T8,C4,0.5673597701687838
BASELINE_EC,Band-Power Envelope Coherence,BetaL,Medium,T8,FC2,0.5479016664814964
BASELINE_EC,Band-Power Envelope Coherence,BetaL,Medium,T8,F4,0.5443003108191751
BASELINE_EC,Band-Power Envelope Coherence,BetaL,Medium,T8,F8,0.5771328647084962
BASELINE_EC,Band-Power Envelope Coherence,BetaL,Medium,T8,Fp2,0.4531280881432093
BASELINE_EC,Band-Power Envelope Coherence,BetaL,Medium,FT10,FC6,0.6064794310528688
BASELINE_EC,Band-Power Envelope Coherence,BetaL,Medium,FT10,C4,0.43980110014419127
BASELINE_EC,Band-Power Envelope Coherence,BetaL,Medium,FT10,FC2,0.44892241731216503
BASELINE_EC,Band-Power Envelope Coherence,BetaL,Medium,FT10,F4,0.4722204206844731
BASELINE_EC,Band-Power Envelope Coherence,BetaL,Medium,FT10,F8,0.6774128397944977
BASELINE_EC,Band-Power Envelope Coherence,BetaL,Medium,FT10,Fp2,0.5166085965876138
BASELINE_EC,Band-Power Envelope Coherence,BetaL,Medium,FC6,C4,0.7051168017674077
BASELINE_EC,Band-Power Envelope Coherence,BetaL,Medium,FC6,FC2,0.8801577503654262
BASELINE_EC,Band-Power Envelope Coherence,BetaL,Medium,FC6,F4,0.8781143741456388
BASELINE_EC,Band-Power Envelope Coherence,BetaL,Medium,FC6,F8,0.7786301079120954
BASELINE_EC,Band-Power Envelope Coherence,BetaL,Medium,FC6,Fp2,0.7242619215755517
BASELINE_EC,Band-Power Envelope Coherence,BetaL,Medium,C4,FC2,0.7128321779755464
BASELINE_EC,Band-Power Envelope Coherence,BetaL,Medium,C4,F4,0.5813823849581324
BASELINE_EC,Band-Power Envelope Coherence,BetaL,Medium,C4,F8,0.46386684468826095
BASELINE_EC,Band-Power Envelope Coherence,BetaL,Medium,C4,Fp2,0.42900127746141936
BASELINE_EC,Band-Power Envelope Coherence,BetaL,Medium,FC2,F4,0.8819128981801005
BASELINE_EC,Band-Power Envelope Coherence,BetaL,Medium,FC2,F8,0.6648063774823996
BASELINE_EC,Band-Power Envelope Coherence,BetaL,Medium,FC2,Fp2,0.7010102074547258
BASELINE_EC,Band-Power Envelope Coherence,BetaL,Medium,F4,F8,0.7281356961968171
BASELINE_EC,Band-Power Envelope Coherence,BetaL,Medium,F4,Fp2,0.7762899839674932
BASELINE_EC,Band-Power Envelope Coherence,BetaL,Medium,F8,Fp2,0.8046393065242199
BASELINE_EC,Band-Power Envelope Coherence,BetaL,Fast,Cz,Fz,0.8250006679696393
BASELINE_EC,Band-Power Envelope Coherence,BetaL,Fast,Cz,Fp1,0.5861449579425639
BASELINE_EC,Band-Power Envelope Coherence,BetaL,Fast,Cz,F7,0.6018724748308587
BASELINE_EC,Band-Power Envelope Coherence,BetaL,Fast,Cz,F3,0.7968078800269229
BASELINE_EC,Band-Power Envelope Coherence,BetaL,Fast,Cz,FC1,0.8264818445690817
BASELINE_EC,Band-Power Envelope Coherence,BetaL,Fast,Cz,C3,0.6245802448347311
BASELINE_EC,Band-Power Envelope Coherence,BetaL,Fast,Cz,FC5,0.7338919296298119
BASELINE_EC,Band-Power Envelope Coherence,BetaL,Fast,Cz,FT9,0.42467442111421355
BASELINE_EC,Band-Power Envelope Coherence,BetaL,Fast,Cz,T7,0.6201520662479905
BASELINE_EC,Band-Power Envelope Coherence,BetaL,Fast,Cz,CP5,0.27517968952196253
BASELINE_EC,Band-Power Envelope Coherence,BetaL,Fast,Cz,CP1,0.23937017137419336
BASELINE_EC,Band-Power Envelope Coherence,BetaL,Fast,Cz,P3,0.15085798580166532
BASELINE_EC,Band-Power Envelope Coherence,BetaL,Fast,Cz,P7,0.08296998618047063
BASELINE_EC,Band-Power Envelope Coherence,BetaL,Fast,Cz,PO9,0.02722191085448379
BASELINE_EC,Band-Power Envelope Coherence,BetaL,Fast,Cz,O1,0.03859502281996595
BASELINE_EC,Band-Power Envelope Coherence,BetaL,Fast,Cz,Pz,0.21052959527462517
BASELINE_EC,Band-Power Envelope Coherence,BetaL,Fast,Cz,Oz,0.08638950024376434
BASELINE_EC,Band-Power Envelope Coherence,BetaL,Fast,Cz,O2,0.054312896145270725
BASELINE_EC,Band-Power Envelope Coherence,BetaL,Fast,Cz,PO10,0.07893987843160011
BASELINE_EC,Band-Power Envelope Coherence,BetaL,Fast,Cz,P8,0.027831211950395583
BASELINE_EC,Band-Power Envelope Coherence,BetaL,Fast,Cz,P4,0.2286376052901231
BASELINE_EC,Band-Power Envelope Coherence,BetaL,Fast,Cz,CP2,0.26057992698504323
BASELINE_EC,Band-Power Envelope Coherence,BetaL,Fast,Cz,CP6,0.2516938917601359
BASELINE_EC,Band-Power Envelope Coherence,BetaL,Fast,Cz,T8,0.3929657762365254
BASELINE_EC,Band-Power Envelope Coherence,BetaL,Fast,Cz,FT10,0.26897331446228245
BASELINE_EC,Band-Power Envelope Coherence,BetaL,Fast,Cz,FC6,0.6928120036795994
BASELINE_EC,Band-Power Envelope Coherence,BetaL,Fast,Cz,C4,0.5672258994454931
BASELINE_EC,Band-Power Envelope Coherence,BetaL,Fast,Cz,FC2,0.8425186430041148
BASELINE_EC,Band-Power Envelope Coherence,BetaL,Fast,Cz,F4,0.7429460891306852
BASELINE_EC,Band-Power Envelope Coherence,BetaL,Fast,Cz,F8,0.49333775908780253
BASELINE_EC,Band-Power Envelope Coherence,BetaL,Fast,Cz,Fp2,0.5664242824555497
BASELINE_EC,Band-Power Envelope Coherence,BetaL,Fast,Fz,Fp1,0.7544409361767971
BASELINE_EC,Band-Power Envelope Coherence,BetaL,Fast,Fz,F7,0.7352726091589423
BASELINE_EC,Band-Power Envelope Coherence,BetaL,Fast,Fz,F3,0.9201354534866992
BASELINE_EC,Band-Power Envelope Coherence,BetaL,Fast,Fz,FC1,0.8665438116558455
BASELINE_EC,Band-Power Envelope Coherence,BetaL,Fast,Fz,C3,0.5771099063798992
BASELINE_EC,Band-Power Envelope Coherence,BetaL,Fast,Fz,FC5,0.8066674148303752
BASELINE_EC,Band-Power Envelope Coherence,BetaL,Fast,Fz,FT9,0.47706084997594134
BASELINE_EC,Band-Power Envelope Coherence,BetaL,Fast,Fz,T7,0.6497941287734836
BASELINE_EC,Band-Power Envelope Coherence,BetaL,Fast,Fz,CP5,0.19794162956090444
BASELINE_EC,Band-Power Envelope Coherence,BetaL,Fast,Fz,CP1,0.16260099550273704
BASELINE_EC,Band-Power Envelope Coherence,BetaL,Fast,Fz,P3,0.08933226088489873
BASELINE_EC,Band-Power Envelope Coherence,BetaL,Fast,Fz,P7,0.0497726233844818
BASELINE_EC,Band-Power Envelope Coherence,BetaL,Fast,Fz,PO9,0.02624370652808368
BASELINE_EC,Band-Power Envelope Coherence,BetaL,Fast,Fz,O1,0.025486158775857477
BASELINE_EC,Band-Power Envelope Coherence,BetaL,Fast,Fz,Pz,0.14288882369297584
BASELINE_EC,Band-Power Envelope Coherence,BetaL,Fast,Fz,Oz,0.051337800883256665
BASELINE_EC,Band-Power Envelope Coherence,BetaL,Fast,Fz,O2,0.03995779593352069
BASELINE_EC,Band-Power Envelope Coherence,BetaL,Fast,Fz,PO10,0.1085560955360669
BASELINE_EC,Band-Power Envelope Coherence,BetaL,Fast,Fz,P8,0.04081409521496181
BASELINE_EC,Band-Power Envelope Coherence,BetaL,Fast,Fz,P4,0.17396009338814342
BASELINE_EC,Band-Power Envelope Coherence,BetaL,Fast,Fz,CP2,0.19309901208180086
BASELINE_EC,Band-Power Envelope Coherence,BetaL,Fast,Fz,CP6,0.27897613612082395
BASELINE_EC,Band-Power Envelope Coherence,BetaL,Fast,Fz,T8,0.4645095192655534
BASELINE_EC,Band-Power Envelope Coherence,BetaL,Fast,Fz,FT10,0.41468002673003407
BASELINE_EC,Band-Power Envelope Coherence,BetaL,Fast,Fz,FC6,0.8042108682405898
BASELINE_EC,Band-Power Envelope Coherence,BetaL,Fast,Fz,C4,0.5868780683185466
BASELINE_EC,Band-Power Envelope Coherence,BetaL,Fast,Fz,FC2,0.9193843192943965
BASELINE_EC,Band-Power Envelope Coherence,BetaL,Fast,Fz,F4,0.8869434159548905
BASELINE_EC,Band-Power Envelope Coherence,BetaL,Fast,Fz,F8,0.6674980060179576
BASELINE_EC,Band-Power Envelope Coherence,BetaL,Fast,Fz,Fp2,0.7718802377927525
BASELINE_EC,Band-Power Envelope Coherence,BetaL,Fast,Fp1,F7,0.8745994317634165
BASELINE_EC,Band-Power Envelope Coherence,BetaL,Fast,Fp1,F3,0.8355175664939829
BASELINE_EC,Band-Power Envelope Coherence,BetaL,Fast,Fp1,FC1,0.6497326802644202
BASELINE_EC,Band-Power Envelope Coherence,BetaL,Fast,Fp1,C3,0.3539585631016006
BASELINE_EC,Band-Power Envelope Coherence,BetaL,Fast,Fp1,FC5,0.6985647266074103
BASELINE_EC,Band-Power Envelope Coherence,BetaL,Fast,Fp1,FT9,0.6783622107144976
BASELINE_EC,Band-Power Envelope Coherence,BetaL,Fast,Fp1,T7,0.5900739248159732
BASELINE_EC,Band-Power Envelope Coherence,BetaL,Fast,Fp1,CP5,0.10199851480578138
BASELINE_EC,Band-Power Envelope Coherence,BetaL,Fast,Fp1,CP1,0.14210773540908012
BASELINE_EC,Band-Power Envelope Coherence,BetaL,Fast,Fp1,P3,0.07249403987580985
BASELINE_EC,Band-Power Envelope Coherence,BetaL,Fast,Fp1,P7,0.09004045612354224
BASELINE_EC,Band-Power Envelope Coherence,BetaL,Fast,Fp1,PO9,0.0359967832888556
BASELINE_EC,Band-Power Envelope Coherence,BetaL,Fast,Fp1,O1,0.025229954886090575
BASELINE_EC,Band-Power Envelope Coherence,BetaL,Fast,Fp1,Pz,0.1448168289560945
BASELINE_EC,Band-Power Envelope Coherence,BetaL,Fast,Fp1,Oz,0.07917229363443881
BASELINE_EC,Band-Power Envelope Coherence,BetaL,Fast,Fp1,O2,0.07326288389991509
BASELINE_EC,Band-Power Envelope Coherence,BetaL,Fast,Fp1,PO10,0.12244821022040174
BASELINE_EC,Band-Power Envelope Coherence,BetaL,Fast,Fp1,P8,0.02556192649913158
BASELINE_EC,Band-Power Envelope Coherence,BetaL,Fast,Fp1,P4,0.16306969712131608
BASELINE_EC,Band-Power Envelope Coherence,BetaL,Fast,Fp1,CP2,0.18831167426980877
BASELINE_EC,Band-Power Envelope Coherence,BetaL,Fast,Fp1,CP6,0.1333129527547624
BASELINE_EC,Band-Power Envelope Coherence,BetaL,Fast,Fp1,T8,0.3320444968493226
BASELINE_EC,Band-Power Envelope Coherence,BetaL,Fast,Fp1,FT10,0.3346337347782359
BASELINE_EC,Band-Power Envelope Coherence,BetaL,Fast,Fp1,FC6,0.602433128666461
BASELINE_EC,Band-Power Envelope Coherence,BetaL,Fast,Fp1,C4,0.32593639639017385
BASELINE_EC,Band-Power Envelope Coherence,BetaL,Fast,Fp1,FC2,0.6416897538712558
BASELINE_EC,Band-Power Envelope Coherence,BetaL,Fast,Fp1,F4,0.7091691784966936
BASELINE_EC,Band-Power Envelope Coherence,BetaL,Fast,Fp1,F8,0.6264312814861044
BASELINE_EC,Band-Power Envelope Coherence,BetaL,Fast,Fp1,Fp2,0.8476387624674098
BASELINE_EC,Band-Power Envelope Coherence,BetaL,Fast,F7,F3,0.8438785428359413
BASELINE_EC,Band-Power Envelope Coherence,BetaL,Fast,F7,FC1,0.6726561588058962
BASELINE_EC,Band-Power Envelope Coherence,BetaL,Fast,F7,C3,0.41301300718906886
BASELINE_EC,Band-Power Envelope Coherence,BetaL,Fast,F7,FC5,0.7985303380112819
BASELINE_EC,Band-Power Envelope Coherence,BetaL,Fast,F7,FT9,0.7875828338846602
BASELINE_EC,Band-Power Envelope Coherence,BetaL,Fast,F7,T7,0.7027517703059054
BASELINE_EC,Band-Power Envelope Coherence,BetaL,Fast,F7,CP5,0.14958378992369226
BASELINE_EC,Band-Power Envelope Coherence,BetaL,Fast,F7,CP1,0.14412387214718264
BASELINE_EC,Band-Power Envelope Coherence,BetaL,Fast,F7,P3,0.08518861853870699
BASELINE_EC,Band-Power Envelope Coherence,BetaL,Fast,F7,P7,0.1250182328211396
BASELINE_EC,Band-Power Envelope Coherence,BetaL,Fast,F7,PO9,0.04598630112162366
BASELINE_EC,Band-Power Envelope Coherence,BetaL,Fast,F7,O1,0.03177652798084982
BASELINE_EC,Band-Power Envelope Coherence,BetaL,Fast,F7,Pz,0.15772945666324836
BASELINE_EC,Band-Power Envelope Coherence,BetaL,Fast,F7,Oz,0.08282284241669483
BASELINE_EC,Band-Power Envelope Coherence,BetaL,Fast,F7,O2,0.07958214928865842
BASELINE_EC,Band-Power Envelope Coherence,BetaL,Fast,F7,PO10,0.12077921373110703
BASELINE_EC,Band-Power Envelope Coherence,BetaL,Fast,F7,P8,0.023784632853022708
BASELINE_EC,Band-Power Envelope Coherence,BetaL,Fast,F7,P4,0.16263467423329445
BASELINE_EC,Band-Power Envelope Coherence,BetaL,Fast,F7,CP2,0.19961495876369112
BASELINE_EC,Band-Power Envelope Coherence,BetaL,Fast,F7,CP6,0.10857105516152935
BASELINE_EC,Band-Power Envelope Coherence,BetaL,Fast,F7,T8,0.265103987608597
BASELINE_EC,Band-Power Envelope Coherence,BetaL,Fast,F7,FT10,0.26058043588699054
BASELINE_EC,Band-Power Envelope Coherence,BetaL,Fast,F7,FC6,0.5376681327093258
BASELINE_EC,Band-Power Envelope Coherence,BetaL,Fast,F7,C4,0.2900188936600317
BASELINE_EC,Band-Power Envelope Coherence,BetaL,Fast,F7,FC2,0.6188079170953263
BASELINE_EC,Band-Power Envelope Coherence,BetaL,Fast,F7,F4,0.6597138107008578
BASELINE_EC,Band-Power Envelope Coherence,BetaL,Fast,F7,F8,0.5253925910626788
BASELINE_EC,Band-Power Envelope Coherence,BetaL,Fast,F7,Fp2,0.7292990732918254
BASELINE_EC,Band-Power Envelope Coherence,BetaL,Fast,F3,FC1,0.8073464339654401
BASELINE_EC,Band-Power Envelope Coherence,BetaL,Fast,F3,C3,0.5147415278060146
BASELINE_EC,Band-Power Envelope Coherence,BetaL,Fast,F3,FC5,0.8459384867515208
BASELINE_EC,Band-Power Envelope Coherence,BetaL,Fast,F3,FT9,0.5796949561893026
BASELINE_EC,Band-Power Envelope Coherence,BetaL,Fast,F3,T7,0.6872023370621356
BASELINE_EC,Band-Power Envelope Coherence,BetaL,Fast,F3,CP5,0.17413664316684505
BASELINE_EC,Band-Power Envelope Coherence,BetaL,Fast,F3,CP1,0.14294974745135475
BASELINE_EC,Band-Power Envelope Coherence,BetaL,Fast,F3,P3,0.07480613292480265
BASELINE_EC,Band-Power Envelope Coherence,BetaL,Fast,F3,P7,0.07831310589217598
BASELINE_EC,Band-Power Envelope Coherence,BetaL,Fast,F3,PO9,0.029176415889494156
BASELINE_EC,Band-Power Envelope Coherence,BetaL,Fast,F3,O1,0.02275835858750025
BASELINE_EC,Band-Power Envelope Coherence,BetaL,Fast,F3,Pz,0.13295856722888777
BASELINE_EC,Band-Power Envelope Coherence,BetaL,Fast,F3,Oz,0.06073372460263296
BASELINE_EC,Band-Power Envelope Coherence,BetaL,Fast,F3,O2,0.043042980673837924
BASELINE_EC,Band-Power Envelope Coherence,BetaL,Fast,F3,PO10,0.09420104941586482
BASELINE_EC,Band-Power Envelope Coherence,BetaL,Fast,F3,P8,0.022858222576086464
BASELINE_EC,Band-Power Envelope Coherence,BetaL,Fast,F3,P4,0.14839796388715112
BASELINE_EC,Band-Power Envelope Coherence,BetaL,Fast,F3,CP2,0.1748662318063018
BASELINE_EC,Band-Power Envelope Coherence,BetaL,Fast,F3,CP6,0.18738874963497998
BASELINE_EC,Band-Power Envelope Coherence,BetaL,Fast,F3,T8,0.379980715376503
BASELINE_EC,Band-Power Envelope Coherence,BetaL,Fast,F3,FT10,0.3224324616903803
BASELINE_EC,Band-Power Envelope Coherence,BetaL,Fast,F3,FC6,0.6976819914042456
BASELINE_EC,Band-Power Envelope Coherence,BetaL,Fast,F3,C4,0.45217362998129723
BASELINE_EC,Band-Power Envelope Coherence,BetaL,Fast,F3,FC2,0.8165574575418335
BASELINE_EC,Band-Power Envelope Coherence,BetaL,Fast,F3,F4,0.8197218837470864
BASELINE_EC,Band-Power Envelope Coherence,BetaL,Fast,F3,F8,0.6017525376998709
BASELINE_EC,Band-Power Envelope Coherence,BetaL,Fast,F3,Fp2,0.7679979364171721
BASELINE_EC,Band-Power Envelope Coherence,BetaL,Fast,FC1,C3,0.7613841893601285
BASELINE_EC,Band-Power Envelope Coherence,BetaL,Fast,FC1,FC5,0.8430483678320829
BASELINE_EC,Band-Power Envelope Coherence,BetaL,Fast,FC1,FT9,0.4983871930423205
BASELINE_EC,Band-Power Envelope Coherence,BetaL,Fast,FC1,T7,0.7808789490761019
BASELINE_EC,Band-Power Envelope Coherence,BetaL,Fast,FC1,CP5,0.3808332918188355
BASELINE_EC,Band-Power Envelope Coherence,BetaL,Fast,FC1,CP1,0.3272292551059155
BASELINE_EC,Band-Power Envelope Coherence,BetaL,Fast,FC1,P3,0.22176496299581672
BASELINE_EC,Band-Power Envelope Coherence,BetaL,Fast,FC1,P7,0.09065098515355793
BASELINE_EC,Band-Power Envelope Coherence,BetaL,Fast,FC1,PO9,0.038709716725955814
BASELINE_EC,Band-Power Envelope Coherence,BetaL,Fast,FC1,O1,0.05374136428900235
BASELINE_EC,Band-Power Envelope Coherence,BetaL,Fast,FC1,Pz,0.29972388840450137
BASELINE_EC,Band-Power Envelope Coherence,BetaL,Fast,FC1,Oz,0.12109624832725877
BASELINE_EC,Band-Power Envelope Coherence,BetaL,Fast,FC1,O2,0.0954800683355962
BASELINE_EC,Band-Power Envelope Coherence,BetaL,Fast,FC1,PO10,0.15130619494016623
BASELINE_EC,Band-Power Envelope Coherence,BetaL,Fast,FC1,P8,0.05032684892188677
BASELINE_EC,Band-Power Envelope Coherence,BetaL,Fast,FC1,P4,0.3223123647040106
BASELINE_EC,Band-Power Envelope Coherence,BetaL,Fast,FC1,CP2,0.36025915713374274
BASELINE_EC,Band-Power Envelope Coherence,BetaL,Fast,FC1,CP6,0.2530827858439655
BASELINE_EC,Band-Power Envelope Coherence,BetaL,Fast,FC1,T8,0.4396185230845797
BASELINE_EC,Band-Power Envelope Coherence,BetaL,Fast,FC1,FT10,0.3078323780066486
BASELINE_EC,Band-Power Envelope Coherence,BetaL,Fast,FC1,FC6,0.7368052119408119
BASELINE_EC,Band-Power Envelope Coherence,BetaL,Fast,FC1,C4,0.5663784401780434
BASELINE_EC,Band-Power Envelope Coherence,BetaL,Fast,FC1,FC2,0.8658394571455412
BASELINE_EC,Band-Power Envelope Coherence,BetaL,Fast,FC1,F4,0.774090352572685
BASELINE_EC,Band-Power Envelope Coherence,BetaL,Fast,FC1,F8,0.5424772306045211
BASELINE_EC,Band-Power Envelope Coherence,BetaL,Fast,FC1,Fp2,0.6343349136370169
BASELINE_EC,Band-Power Envelope Coherence,BetaL,Fast,C3,FC5,0.6990919090759522
BASELINE_EC,Band-Power Envelope Coherence,BetaL,Fast,C3,FT9,0.30333003682580073
BASELINE_EC,Band-Power Envelope Coherence,BetaL,Fast,C3,T7,0.6911446919593859
BASELINE_EC,Band-Power Envelope Coherence,BetaL,Fast,C3,CP5,0.6668398121943095
BASELINE_EC,Band-Power Envelope Coherence,BetaL,Fast,C3,CP1,0.42169570382003085
BASELINE_EC,Band-Power Envelope Coherence,BetaL,Fast,C3,P3,0.3596185842434103
BASELINE_EC,Band-Power Envelope Coherence,BetaL,Fast,C3,P7,0.10336893854230653
BASELINE_EC,Band-Power Envelope Coherence,BetaL,Fast,C3,PO9,0.04500511298682207
BASELINE_EC,Band-Power Envelope Coherence,BetaL,Fast,C3,O1,0.08701381808148115
BASELINE_EC,Band-Power Envelope Coherence,BetaL,Fast,C3,Pz,0.36619985901263713
BASELINE_EC,Band-Power Envelope Coherence,BetaL,Fast,C3,Oz,0.15598601345426105
BASELINE_EC,Band-Power Envelope Coherence,BetaL,Fast,C3,O2,0.11001083397204364
BASELINE_EC,Band-Power Envelope Coherence,BetaL,Fast,C3,PO10,0.1132364457092413
BASELINE_EC,Band-Power Envelope Coherence,BetaL,Fast,C3,P8,0.06675414861321852
BASELINE_EC,Band-Power Envelope Coherence,BetaL,Fast,C3,P4,0.35627357823271
BASELINE_EC,Band-Power Envelope Coherence,BetaL,Fast,C3,CP2,0.4009198490906861
BASELINE_EC,Band-Power Envelope Coherence,BetaL,Fast,C3,CP6,0.18066523140823565
BASELINE_EC,Band-Power Envelope Coherence,BetaL,Fast,C3,T8,0.25180743675836004
BASELINE_EC,Band-Power Envelope Coherence,BetaL,Fast,C3,FT10,0.16896672876908408
BASELINE_EC,Band-Power Envelope Coherence,BetaL,Fast,C3,FC6,0.45715416680404414
BASELINE_EC,Band-Power Envelope Coherence,BetaL,Fast,C3,C4,0.4289410239866065
BASELINE_EC,Band-Power Envelope Coherence,BetaL,Fast,C3,FC2,0.6093170685860204
BASELINE_EC,Band-Power Envelope Coherence,BetaL,Fast,C3,F4,0.46810046164976893
BASELINE_EC,Band-Power Envelope Coherence,BetaL,Fast,C3,F8,0.2804117159794006
BASELINE_EC,Band-Power Envelope Coherence,BetaL,Fast,C3,Fp2,0.33461273430547045
BASELINE_EC,Band-Power Envelope Coherence,BetaL,Fast,FC5,FT9,0.6172882329121085
BASELINE_EC,Band-Power Envelope Coherence,BetaL,Fast,FC5,T7,0.8647635211560709
BASELINE_EC,Band-Power Envelope Coherence,BetaL,Fast,FC5,CP5,0.3778931474064465
BASELINE_EC,Band-Power Envelope Coherence,BetaL,Fast,FC5,CP1,0.22625316426483463
BASELINE_EC,Band-Power Envelope Coherence,BetaL,Fast,FC5,P3,0.16094045589594208
BASELINE_EC,Band-Power Envelope Coherence,BetaL,Fast,FC5,P7,0.11154156530563185
BASELINE_EC,Band-Power Envelope Coherence,BetaL,Fast,FC5,PO9,0.03367968235676004
BASELINE_EC,Band-Power Envelope Coherence,BetaL,Fast,FC5,O1,0.041432135306716314
BASELINE_EC,Band-Power Envelope Coherence,BetaL,Fast,FC5,Pz,0.2231630727678353
BASELINE_EC,Band-Power Envelope Coherence,BetaL,Fast,FC5,Oz,0.09872738736261144
BASELINE_EC,Band-Power Envelope Coherence,BetaL,Fast,FC5,O2,0.0816969643940895
BASELINE_EC,Band-Power Envelope Coherence,BetaL,Fast,FC5,PO10,0.12558246622973818
BASELINE_EC,Band-Power Envelope Coherence,BetaL,Fast,FC5,P8,0.03134332198796516
BASELINE_EC,Band-Power Envelope Coherence,BetaL,Fast,FC5,P4,0.22296885358852947
BASELINE_EC,Band-Power Envelope Coherence,BetaL,Fast,FC5,CP2,0.27035980960481965
BASELINE_EC,Band-Power Envelope Coherence,BetaL,Fast,FC5,CP6,0.152302835977341
BASELINE_EC,Band-Power Envelope Coherence,BetaL,Fast,FC5,T8,0.2918870982703827
BASELINE_EC,Band-Power Envelope Coherence,BetaL,Fast,FC5,FT10,0.23334993307564253
BASELINE_EC,Band-Power Envelope Coherence,BetaL,Fast,FC5,FC6,0.5687685263994076
BASELINE_EC,Band-Power Envelope Coherence,BetaL,Fast,FC5,C4,0.39696921046965383
BASELINE_EC,Band-Power Envelope Coherence,BetaL,Fast,FC5,FC2,0.7262933314804605
BASELINE_EC,Band-Power Envelope Coherence,BetaL,Fast,FC5,F4,0.6708978430714498
BASELINE_EC,Band-Power Envelope Coherence,BetaL,Fast,FC5,F8,0.4607710383045569
BASELINE_EC,Band-Power Envelope Coherence,BetaL,Fast,FC5,Fp2,0.6066036366159238
BASELINE_EC,Band-Power Envelope Coherence,BetaL,Fast,FT9,T7,0.6580786562676167
BASELINE_EC,Band-Power Envelope Coherence,BetaL,Fast,FT9,CP5,0.14405560498818873
BASELINE_EC,Band-Power Envelope Coherence,BetaL,Fast,FT9,CP1,0.1708251248048439
BASELINE_EC,Band-Power Envelope Coherence,BetaL,Fast,FT9,P3,0.13009441884366563
BASELINE_EC,Band-Power Envelope Coherence,BetaL,Fast,FT9,P7,0.2241206094988486
BASELINE_EC,Band-Power Envelope Coherence,BetaL,Fast,FT9,PO9,0.08532281211268292
BASELINE_EC,Band-Power Envelope Coherence,BetaL,Fast,FT9,O1,0.07530028470811653
BASELINE_EC,Band-Power Envelope Coherence,BetaL,Fast,FT9,Pz,0.22327010156661659
BASELINE_EC,Band-Power Envelope Coherence,BetaL,Fast,FT9,Oz,0.141206047319315
BASELINE_EC,Band-Power Envelope Coherence,BetaL,Fast,FT9,O2,0.14852318686313282
BASELINE_EC,Band-Power Envelope Coherence,BetaL,Fast,FT9,PO10,0.14565862860146778
BASELINE_EC,Band-Power Envelope Coherence,BetaL,Fast,FT9,P8,0.03498646429797042
BASELINE_EC,Band-Power Envelope Coherence,BetaL,Fast,FT9,P4,0.18927325218536714
BASELINE_EC,Band-Power Envelope Coherence,BetaL,Fast,FT9,CP2,0.2520179180192358
BASELINE_EC,Band-Power Envelope Coherence,BetaL,Fast,FT9,CP6,0.06966271678415771
BASELINE_EC,Band-Power Envelope Coherence,BetaL,Fast,FT9,T8,0.18576127996616543
BASELINE_EC,Band-Power Envelope Coherence,BetaL,Fast,FT9,FT10,0.17745220322765975
BASELINE_EC,Band-Power Envelope Coherence,BetaL,Fast,FT9,FC6,0.3689224796910192
BASELINE_EC,Band-Power Envelope Coherence,BetaL,Fast,FT9,C4,0.1537015532860173
BASELINE_EC,Band-Power Envelope Coherence,BetaL,Fast,FT9,FC2,0.40565697082002655
BASELINE_EC,Band-Power Envelope Coherence,BetaL,Fast,FT9,F4,0.44964098929189483
BASELINE_EC,Band-Power Envelope Coherence,BetaL,Fast,FT9,F8,0.39262805382935984
BASELINE_EC,Band-Power Envelope Coherence,BetaL,Fast,FT9,Fp2,0.5284827782517258
BASELINE_EC,Band-Power Envelope Coherence,BetaL,Fast,T7,CP5,0.4806404266992166
BASELINE_EC,Band-Power Envelope Coherence,BetaL,Fast,T7,CP1,0.28424430108040455
BASELINE_EC,Band-Power Envelope Coherence,BetaL,Fast,T7,P3,0.2326204895290025
BASELINE_EC,Band-Power Envelope Coherence,BetaL,Fast,T7,P7,0.19603032902612616
BASELINE_EC,Band-Power Envelope Coherence,BetaL,Fast,T7,PO9,0.04799059499969531
BASELINE_EC,Band-Power Envelope Coherence,BetaL,Fast,T7,O1,0.06869908802150321
BASELINE_EC,Band-Power Envelope Coherence,BetaL,Fast,T7,Pz,0.3064770327215073
BASELINE_EC,Band-Power Envelope Coherence,BetaL,Fast,T7,Oz,0.14044357872048463
BASELINE_EC,Band-Power Envelope Coherence,BetaL,Fast,T7,O2,0.12539263887735624
BASELINE_EC,Band-Power Envelope Coherence,BetaL,Fast,T7,PO10,0.16145324344461706
BASELINE_EC,Band-Power Envelope Coherence,BetaL,Fast,T7,P8,0.028149813518383686
BASELINE_EC,Band-Power Envelope Coherence,BetaL,Fast,T7,P4,0.27287904243065986
BASELINE_EC,Band-Power Envelope Coherence,BetaL,Fast,T7,CP2,0.3434574937984871
BASELINE_EC,Band-Power Envelope Coherence,BetaL,Fast,T7,CP6,0.10916886161994732
BASELINE_EC,Band-Power Envelope Coherence,BetaL,Fast,T7,T8,0.22820785905929716
BASELINE_EC,Band-Power Envelope Coherence,BetaL,Fast,T7,FT10,0.15154649147860727
BASELINE_EC,Band-Power Envelope Coherence,BetaL,Fast,T7,FC6,0.46449129505240594
BASELINE_EC,Band-Power Envelope Coherence,BetaL,Fast,T7,C4,0.2910890939437484
BASELINE_EC,Band-Power Envelope Coherence,BetaL,Fast,T7,FC2,0.6018111065068683
BASELINE_EC,Band-Power Envelope Coherence,BetaL,Fast,T7,F4,0.5496517494643072
BASELINE_EC,Band-Power Envelope Coherence,BetaL,Fast,T7,F8,0.37516707508767916
BASELINE_EC,Band-Power Envelope Coherence,BetaL,Fast,T7,Fp2,0.48261759622012834
BASELINE_EC,Band-Power Envelope Coherence,BetaL,Fast,CP5,CP1,0.3864921787058656
BASELINE_EC,Band-Power Envelope Coherence,BetaL,Fast,CP5,P3,0.49267870090426885
BASELINE_EC,Band-Power Envelope Coherence,BetaL,Fast,CP5,P7,0.16318627534316862
BASELINE_EC,Band-Power Envelope Coherence,BetaL,Fast,CP5,PO9,0.03223014655862619
BASELINE_EC,Band-Power Envelope Coherence,BetaL,Fast,CP5,O1,0.12579886946768945
BASELINE_EC,Band-Power Envelope Coherence,BetaL,Fast,CP5,Pz,0.3582284559422584
BASELINE_EC,Band-Power Envelope Coherence,BetaL,Fast,CP5,Oz,0.15307868504740185
BASELINE_EC,Band-Power Envelope Coherence,BetaL,Fast,CP5,O2,0.096128152279362
BASELINE_EC,Band-Power Envelope Coherence,BetaL,Fast,CP5,PO10,0.04405942119192988
BASELINE_EC,Band-Power Envelope Coherence,BetaL,Fast,CP5,P8,0.029599201442243636
BASELINE_EC,Band-Power Envelope Coherence,BetaL,Fast,CP5,P4,0.2753092250852524
BASELINE_EC,Band-Power Envelope Coherence,BetaL,Fast,CP5,CP2,0.34557420550657497
BASELINE_EC,Band-Power Envelope Coherence,BetaL,Fast,CP5,CP6,0.07032365675903056
BASELINE_EC,Band-Power Envelope Coherence,BetaL,Fast,CP5,T8,0.06241116205928278
BASELINE_EC,Band-Power Envelope Coherence,BetaL,Fast,CP5,FT10,0.035882331703098735
BASELINE_EC,Band-Power Envelope Coherence,BetaL,Fast,CP5,FC6,0.13083527260389224
BASELINE_EC,Band-Power Envelope Coherence,BetaL,Fast,CP5,C4,0.14488323464522684
BASELINE_EC,Band-Power Envelope Coherence,BetaL,Fast,CP5,FC2,0.21476920428690133
BASELINE_EC,Band-Power Envelope Coherence,BetaL,Fast,CP5,F4,0.12720684279192307
BASELINE_EC,Band-Power Envelope Coherence,BetaL,Fast,CP5,F8,0.0649486885250381
BASELINE_EC,Band-Power Envelope Coherence,BetaL,Fast,CP5,Fp2,0.08234870204542902
BASELINE_EC,Band-Power Envelope Coherence,BetaL,Fast,CP1,P3,0.8550738075758588
BASELINE_EC,Band-Power Envelope Coherence,BetaL,Fast,CP1,P7,0.23005489852158365
BASELINE_EC,Band-Power Envelope Coherence,BetaL,Fast,CP1,PO9,0.1884869833581674
BASELINE_EC,Band-Power Envelope Coherence,BetaL,Fast,CP1,O1,0.5319280436959735
BASELINE_EC,Band-Power Envelope Coherence,BetaL,Fast,CP1,Pz,0.8990184167812962
BASELINE_EC,Band-Power Envelope Coherence,BetaL,Fast,CP1,Oz,0.7345909613782797
BASELINE_EC,Band-Power Envelope Coherence,BetaL,Fast,CP1,O2,0.5974273867675493
BASELINE_EC,Band-Power Envelope Coherence,BetaL,Fast,CP1,PO10,0.23379291623244353
BASELINE_EC,Band-Power Envelope Coherence,BetaL,Fast,CP1,P8,0.13988411988987923
BASELINE_EC,Band-Power Envelope Coherence,BetaL,Fast,CP1,P4,0.867497046621722
BASELINE_EC,Band-Power Envelope Coherence,BetaL,Fast,CP1,CP2,0.8891300694579757
BASELINE_EC,Band-Power Envelope Coherence,BetaL,Fast,CP1,CP6,0.18959639922616547
BASELINE_EC,Band-Power Envelope Coherence,BetaL,Fast,CP1,T8,0.1356257456034126
BASELINE_EC,Band-Power Envelope Coherence,BetaL,Fast,CP1,FT10,0.05994817090111137
BASELINE_EC,Band-Power Envelope Coherence,BetaL,Fast,CP1,FC6,0.17662621335167486
BASELINE_EC,Band-Power Envelope Coherence,BetaL,Fast,CP1,C4,0.22650182640864264
BASELINE_EC,Band-Power Envelope Coherence,BetaL,Fast,CP1,FC2,0.21925110909942291
BASELINE_EC,Band-Power Envelope Coherence,BetaL,Fast,CP1,F4,0.14021470982789386
BASELINE_EC,Band-Power Envelope Coherence,BetaL,Fast,CP1,F8,0.11438191788117633
BASELINE_EC,Band-Power Envelope Coherence,BetaL,Fast,CP1,Fp2,0.13515969717664
BASELINE_EC,Band-Power Envelope Coherence,BetaL,Fast,P3,P7,0.2972380184069825
BASELINE_EC,Band-Power Envelope Coherence,BetaL,Fast,P3,PO9,0.19654849223627466
BASELINE_EC,Band-Power Envelope Coherence,BetaL,Fast,P3,O1,0.5913067278221611
BASELINE_EC,Band-Power Envelope Coherence,BetaL,Fast,P3,Pz,0.8713893406867943
BASELINE_EC,Band-Power Envelope Coherence,BetaL,Fast,P3,Oz,0.6998452102325249
BASELINE_EC,Band-Power Envelope Coherence,BetaL,Fast,P3,O2,0.5378910969018046
BASELINE_EC,Band-Power Envelope Coherence,BetaL,Fast,P3,PO10,0.14236012725804398
BASELINE_EC,Band-Power Envelope Coherence,BetaL,Fast,P3,P8,0.07936142451823398
BASELINE_EC,Band-Power Envelope Coherence,BetaL,Fast,P3,P4,0.7301512829240269
BASELINE_EC,Band-Power Envelope Coherence,BetaL,Fast,P3,CP2,0.8109516352879874
BASELINE_EC,Band-Power Envelope Coherence,BetaL,Fast,P3,CP6,0.1233923296268609
BASELINE_EC,Band-Power Envelope Coherence,BetaL,Fast,P3,T8,0.05777071298328417
BASELINE_EC,Band-Power Envelope Coherence,BetaL,Fast,P3,FT10,0.04108596071010147
BASELINE_EC,Band-Power Envelope Coherence,BetaL,Fast,P3,FC6,0.08258348380081028
BASELINE_EC,Band-Power Envelope Coherence,BetaL,Fast,P3,C4,0.11938903091229944
BASELINE_EC,Band-Power Envelope Coherence,BetaL,Fast,P3,FC2,0.12261506298398703
BASELINE_EC,Band-Power Envelope Coherence,BetaL,Fast,P3,F4,0.06723665689327778
BASELINE_EC,Band-Power Envelope Coherence,BetaL,Fast,P3,F8,0.04843099150166716
BASELINE_EC,Band-Power Envelope Coherence,BetaL,Fast,P3,Fp2,0.059322364686835834
BASELINE_EC,Band-Power Envelope Coherence,BetaL,Fast,P7,PO9,0.3026129338250856
BASELINE_EC,Band-Power Envelope Coherence,BetaL,Fast,P7,O1,0.29158241430196863
BASELINE_EC,Band-Power Envelope Coherence,BetaL,Fast,P7,Pz,0.34563777148479957
BASELINE_EC,Band-Power Envelope Coherence,BetaL,Fast,P7,Oz,0.26837024024509676
BASELINE_EC,Band-Power Envelope Coherence,BetaL,Fast,P7,O2,0.2160792606636966
BASELINE_EC,Band-Power Envelope Coherence,BetaL,Fast,P7,PO10,0.1127413250736669
BASELINE_EC,Band-Power Envelope Coherence,BetaL,Fast,P7,P8,0.04267541953897129
BASELINE_EC,Band-Power Envelope Coherence,BetaL,Fast,P7,P4,0.20443879749580796
BASELINE_EC,Band-Power Envelope Coherence,BetaL,Fast,P7,CP2,0.3034640288782632
BASELINE_EC,Band-Power Envelope Coherence,BetaL,Fast,P7,CP6,0.07049694283919715
BASELINE_EC,Band-Power Envelope Coherence,BetaL,Fast,P7,T8,0.00979237191945512
BASELINE_EC,Band-Power Envelope Coherence,BetaL,Fast,P7,FT10,0.026592936499822098
BASELINE_EC,Band-Power Envelope Coherence,BetaL,Fast,P7,FC6,0.023363447834092575
BASELINE_EC,Band-Power Envelope Coherence,BetaL,Fast,P7,C4,0.01719744526181464
BASELINE_EC,Band-Power Envelope Coherence,BetaL,Fast,P7,FC2,0.03743367568496707
BASELINE_EC,Band-Power Envelope Coherence,BetaL,Fast,P7,F4,0.04228823095181427
BASELINE_EC,Band-Power Envelope Coherence,BetaL,Fast,P7,F8,0.03332492647447313
BASELINE_EC,Band-Power Envelope Coherence,BetaL,Fast,P7,Fp2,0.04039150519157079
BASELINE_EC,Band-Power Envelope Coherence,BetaL,Fast,PO9,O1,0.41245015177904876
BASELINE_EC,Band-Power Envelope Coherence,BetaL,Fast,PO9,Pz,0.26788871837653927
BASELINE_EC,Band-Power Envelope Coherence,BetaL,Fast,PO9,Oz,0.41450136016633576
BASELINE_EC,Band-Power Envelope Coherence,BetaL,Fast,PO9,O2,0.34978346500378144
BASELINE_EC,Band-Power Envelope Coherence,BetaL,Fast,PO9,PO10,0.14467564376201258
BASELINE_EC,Band-Power Envelope Coherence,BetaL,Fast,PO9,P8,0.05808638157755505
BASELINE_EC,Band-Power Envelope Coherence,BetaL,Fast,PO9,P4,0.17861878744765414
BASELINE_EC,Band-Power Envelope Coherence,BetaL,Fast,PO9,CP2,0.24153183844419696
BASELINE_EC,Band-Power Envelope Coherence,BetaL,Fast,PO9,CP6,0.07388478675587107
BASELINE_EC,Band-Power Envelope Coherence,BetaL,Fast,PO9,T8,0.0449185867736728
BASELINE_EC,Band-Power Envelope Coherence,BetaL,Fast,PO9,FT10,0.09234431728244008
BASELINE_EC,Band-Power Envelope Coherence,BetaL,Fast,PO9,FC6,0.053660937238322846
BASELINE_EC,Band-Power Envelope Coherence,BetaL,Fast,PO9,C4,0.071095775368144
BASELINE_EC,Band-Power Envelope Coherence,BetaL,Fast,PO9,FC2,0.040977984934069255
BASELINE_EC,Band-Power Envelope Coherence,BetaL,Fast,PO9,F4,0.028969466363674284
BASELINE_EC,Band-Power Envelope Coherence,BetaL,Fast,PO9,F8,0.01925325465747178
BASELINE_EC,Band-Power Envelope Coherence,BetaL,Fast,PO9,Fp2,0.02323015510133347
BASELINE_EC,Band-Power Envelope Coherence,BetaL,Fast,O1,Pz,0.5990914709827947
BASELINE_EC,Band-Power Envelope Coherence,BetaL,Fast,O1,Oz,0.7562217462517415
BASELINE_EC,Band-Power Envelope Coherence,BetaL,Fast,O1,O2,0.5608738831827664
BASELINE_EC,Band-Power Envelope Coherence,BetaL,Fast,O1,PO10,0.1093728854220141
BASELINE_EC,Band-Power Envelope Coherence,BetaL,Fast,O1,P8,0.06561466395452287
BASELINE_EC,Band-Power Envelope Coherence,BetaL,Fast,O1,P4,0.4474936482661648
BASELINE_EC,Band-Power Envelope Coherence,BetaL,Fast,O1,CP2,0.5280380974783782
BASELINE_EC,Band-Power Envelope Coherence,BetaL,Fast,O1,CP6,0.07156312094595971
BASELINE_EC,Band-Power Envelope Coherence,BetaL,Fast,O1,T8,0.026712428303059664
BASELINE_EC,Band-Power Envelope Coherence,BetaL,Fast,O1,FT10,0.05530867499731336
BASELINE_EC,Band-Power Envelope Coherence,BetaL,Fast,O1,FC6,0.02690347374507157
BASELINE_EC,Band-Power Envelope Coherence,BetaL,Fast,O1,C4,0.04461279024728984
BASELINE_EC,Band-Power Envelope Coherence,BetaL,Fast,O1,FC2,0.034513586961074566
BASELINE_EC,Band-Power Envelope Coherence,BetaL,Fast,O1,F4,0.022021954552885768
BASELINE_EC,Band-Power Envelope Coherence,BetaL,Fast,O1,F8,0.01638751218421618
BASELINE_EC,Band-Power Envelope Coherence,BetaL,Fast,O1,Fp2,0.01808657057540134
BASELINE_EC,Band-Power Envelope Coherence,BetaL,Fast,Pz,Oz,0.8016032317188287
BASELINE_EC,Band-Power Envelope Coherence,BetaL,Fast,Pz,O2,0.7079422807065905
BASELINE_EC,Band-Power Envelope Coherence,BetaL,Fast,Pz,PO10,0.29045524346191753
BASELINE_EC,Band-Power Envelope Coherence,BetaL,Fast,Pz,P8,0.1264600700313968
BASELINE_EC,Band-Power Envelope Coherence,BetaL,Fast,Pz,P4,0.892495209443379
BASELINE_EC,Band-Power Envelope Coherence,BetaL,Fast,Pz,CP2,0.951837209120918
BASELINE_EC,Band-Power Envelope Coherence,BetaL,Fast,Pz,CP6,0.17650212764696288
BASELINE_EC,Band-Power Envelope Coherence,BetaL,Fast,Pz,T8,0.10078548215368753
BASELINE_EC,Band-Power Envelope Coherence,BetaL,Fast,Pz,FT10,0.0504463166049414
BASELINE_EC,Band-Power Envelope Coherence,BetaL,Fast,Pz,FC6,0.13577530153251693
BASELINE_EC,Band-Power Envelope Coherence,BetaL,Fast,Pz,C4,0.1734940601463687
BASELINE_EC,Band-Power Envelope Coherence,BetaL,Fast,Pz,FC2,0.18357417475046572
BASELINE_EC,Band-Power Envelope Coherence,BetaL,Fast,Pz,F4,0.11874813381261752
BASELINE_EC,Band-Power Envelope Coherence,BetaL,Fast,Pz,F8,0.09297040393405237
BASELINE_EC,Band-Power Envelope Coherence,BetaL,Fast,Pz,Fp2,0.11447895622856136
BASELINE_EC,Band-Power Envelope Coherence,BetaL,Fast,Oz,O2,0.8360890197317365
BASELINE_EC,Band-Power Envelope Coherence,BetaL,Fast,Oz,PO10,0.26880256601150243
BASELINE_EC,Band-Power Envelope Coherence,BetaL,Fast,Oz,P8,0.13240258642167607
BASELINE_EC,Band-Power Envelope Coherence,BetaL,Fast,Oz,P4,0.706743261432569
BASELINE_EC,Band-Power Envelope Coherence,BetaL,Fast,Oz,CP2,0.7478915282081606
BASELINE_EC,Band-Power Envelope Coherence,BetaL,Fast,Oz,CP6,0.11160361941405945
BASELINE_EC,Band-Power Envelope Coherence,BetaL,Fast,Oz,T8,0.05342708724466623
BASELINE_EC,Band-Power Envelope Coherence,BetaL,Fast,Oz,FT10,0.038855546174049904
BASELINE_EC,Band-Power Envelope Coherence,BetaL,Fast,Oz,FC6,0.05100938700211487
BASELINE_EC,Band-Power Envelope Coherence,BetaL,Fast,Oz,C4,0.07519041261656456
BASELINE_EC,Band-Power Envelope Coherence,BetaL,Fast,Oz,FC2,0.069107153576501
BASELINE_EC,Band-Power Envelope Coherence,BetaL,Fast,Oz,F4,0.042258487028475275
BASELINE_EC,Band-Power Envelope Coherence,BetaL,Fast,Oz,F8,0.0399398815660911
BASELINE_EC,Band-Power Envelope Coherence,BetaL,Fast,Oz,Fp2,0.05462150961230702
BASELINE_EC,Band-Power Envelope Coherence,BetaL,Fast,O2,PO10,0.4657091349483733
BASELINE_EC,Band-Power Envelope Coherence,BetaL,Fast,O2,P8,0.23798538284406473
BASELINE_EC,Band-Power Envelope Coherence,BetaL,Fast,O2,P4,0.6961007968187733
BASELINE_EC,Band-Power Envelope Coherence,BetaL,Fast,O2,CP2,0.6855201304902152
BASELINE_EC,Band-Power Envelope Coherence,BetaL,Fast,O2,CP6,0.13866102814818287
BASELINE_EC,Band-Power Envelope Coherence,BetaL,Fast,O2,T8,0.04871709799011464
BASELINE_EC,Band-Power Envelope Coherence,BetaL,Fast,O2,FT10,0.05101518895389655
BASELINE_EC,Band-Power Envelope Coherence,BetaL,Fast,O2,FC6,0.041151903578870906
BASELINE_EC,Band-Power Envelope Coherence,BetaL,Fast,O2,C4,0.0671584157083148
BASELINE_EC,Band-Power Envelope Coherence,BetaL,Fast,O2,FC2,0.05478682877286427
BASELINE_EC,Band-Power Envelope Coherence,BetaL,Fast,O2,F4,0.03387682212261573
BASELINE_EC,Band-Power Envelope Coherence,BetaL,Fast,O2,F8,0.030428601401145262
BASELINE_EC,Band-Power Envelope Coherence,BetaL,Fast,O2,Fp2,0.04496374886224403
BASELINE_EC,Band-Power Envelope Coherence,BetaL,Fast,PO10,P8,0.5043607004148405
BASELINE_EC,Band-Power Envelope Coherence,BetaL,Fast,PO10,P4,0.3599242313897393
BASELINE_EC,Band-Power Envelope Coherence,BetaL,Fast,PO10,CP2,0.3209365209468106
BASELINE_EC,Band-Power Envelope Coherence,BetaL,Fast,PO10,CP6,0.16625490814451938
BASELINE_EC,Band-Power Envelope Coherence,BetaL,Fast,PO10,T8,0.11903808680730997
BASELINE_EC,Band-Power Envelope Coherence,BetaL,Fast,PO10,FT10,0.06718384850649015
BASELINE_EC,Band-Power Envelope Coherence,BetaL,Fast,PO10,FC6,0.10053946114978946
BASELINE_EC,Band-Power Envelope Coherence,BetaL,Fast,PO10,C4,0.08993890971148497
BASELINE_EC,Band-Power Envelope Coherence,BetaL,Fast,PO10,FC2,0.11339960293430909
BASELINE_EC,Band-Power Envelope Coherence,BetaL,Fast,PO10,F4,0.1069787039468794
BASELINE_EC,Band-Power Envelope Coherence,BetaL,Fast,PO10,F8,0.08181117332456614
BASELINE_EC,Band-Power Envelope Coherence,BetaL,Fast,PO10,Fp2,0.09836431585912822
BASELINE_EC,Band-Power Envelope Coherence,BetaL,Fast,P8,P4,0.23027072640386229
BASELINE_EC,Band-Power Envelope Coherence,BetaL,Fast,P8,CP2,0.15212258754256314
BASELINE_EC,Band-Power Envelope Coherence,BetaL,Fast,P8,CP6,0.3732319313145071
BASELINE_EC,Band-Power Envelope Coherence,BetaL,Fast,P8,T8,0.12065975328259443
BASELINE_EC,Band-Power Envelope Coherence,BetaL,Fast,P8,FT10,0.07775480811419014
BASELINE_EC,Band-Power Envelope Coherence,BetaL,Fast,P8,FC6,0.058249355243326424
BASELINE_EC,Band-Power Envelope Coherence,BetaL,Fast,P8,C4,0.1401501542867642
BASELINE_EC,Band-Power Envelope Coherence,BetaL,Fast,P8,FC2,0.05981715928618678
BASELINE_EC,Band-Power Envelope Coherence,BetaL,Fast,P8,F4,0.03686685427398586
BASELINE_EC,Band-Power Envelope Coherence,BetaL,Fast,P8,F8,0.035244069893742694
BASELINE_EC,Band-Power Envelope Coherence,BetaL,Fast,P8,Fp2,0.03129409363616738
BASELINE_EC,Band-Power Envelope Coherence,BetaL,Fast,P4,CP2,0.9253817612687945
BASELINE_EC,Band-Power Envelope Coherence,BetaL,Fast,P4,CP6,0.2717525218469419
BASELINE_EC,Band-Power Envelope Coherence,BetaL,Fast,P4,T8,0.15355433732844043
BASELINE_EC,Band-Power Envelope Coherence,BetaL,Fast,P4,FT10,0.06645127624851857
BASELINE_EC,Band-Power Envelope Coherence,BetaL,Fast,P4,FC6,0.18457949566848392
BASELINE_EC,Band-Power Envelope Coherence,BetaL,Fast,P4,C4,0.25951490693953383
BASELINE_EC,Band-Power Envelope Coherence,BetaL,Fast,P4,FC2,0.22746307548233963
BASELINE_EC,Band-Power Envelope Coherence,BetaL,Fast,P4,F4,0.15182572967245683
BASELINE_EC,Band-Power Envelope Coherence,BetaL,Fast,P4,F8,0.1254058791876254
BASELINE_EC,Band-Power Envelope Coherence,BetaL,Fast,P4,Fp2,0.1472558714804465
BASELINE_EC,Band-Power Envelope Coherence,BetaL,Fast,CP2,CP6,0.22372909492505094
BASELINE_EC,Band-Power Envelope Coherence,BetaL,Fast,CP2,T8,0.14196583619148617
BASELINE_EC,Band-Power Envelope Coherence,BetaL,Fast,CP2,FT10,0.0644602159857485
BASELINE_EC,Band-Power Envelope Coherence,BetaL,Fast,CP2,FC6,0.1851380713677977
BASELINE_EC,Band-Power Envelope Coherence,BetaL,Fast,CP2,C4,0.23500898361538317
BASELINE_EC,Band-Power Envelope Coherence,BetaL,Fast,CP2,FC2,0.2417709712735424
BASELINE_EC,Band-Power Envelope Coherence,BetaL,Fast,CP2,F4,0.16326169884723207
BASELINE_EC,Band-Power Envelope Coherence,BetaL,Fast,CP2,F8,0.13738156566579895
BASELINE_EC,Band-Power Envelope Coherence,BetaL,Fast,CP2,Fp2,0.16423188814109071
BASELINE_EC,Band-Power Envelope Coherence,BetaL,Fast,CP6,T8,0.5321174457082485
BASELINE_EC,Band-Power Envelope Coherence,BetaL,Fast,CP6,FT10,0.3862644093787182
BASELINE_EC,Band-Power Envelope Coherence,BetaL,Fast,CP6,FC6,0.42661608222702113
BASELINE_EC,Band-Power Envelope Coherence,BetaL,Fast,CP6,C4,0.6425527878344583
BASELINE_EC,Band-Power Envelope Coherence,BetaL,Fast,CP6,FC2,0.3849077754817936
BASELINE_EC,Band-Power Envelope Coherence,BetaL,Fast,CP6,F4,0.28722913812357453
BASELINE_EC,Band-Power Envelope Coherence,BetaL,Fast,CP6,F8,0.26789440968822115
BASELINE_EC,Band-Power Envelope Coherence,BetaL,Fast,CP6,Fp2,0.211337075855585
BASELINE_EC,Band-Power Envelope Coherence,BetaL,Fast,T8,FT10,0.5931033211833654
BASELINE_EC,Band-Power Envelope Coherence,BetaL,Fast,T8,FC6,0.7192137189591981
BASELINE_EC,Band-Power Envelope Coherence,BetaL,Fast,T8,C4,0.5674180876909531
BASELINE_EC,Band-Power Envelope Coherence,BetaL,Fast,T8,FC2,0.547924713091803
BASELINE_EC,Band-Power Envelope Coherence,BetaL,Fast,T8,F4,0.5443166915169727
BASELINE_EC,Band-Power Envelope Coherence,BetaL,Fast,T8,F8,0.577126015971293
BASELINE_EC,Band-Power Envelope Coherence,BetaL,Fast,T8,Fp2,0.45313176499620733
BASELINE_EC,Band-Power Envelope Coherence,BetaL,Fast,FT10,FC6,0.6065114792936194
BASELINE_EC,Band-Power Envelope Coherence,BetaL,Fast,FT10,C4,0.439899747276154
BASELINE_EC,Band-Power Envelope Coherence,BetaL,Fast,FT10,FC2,0.4489668502997852
BASELINE_EC,Band-Power Envelope Coherence,BetaL,Fast,FT10,F4,0.47224064622594186
BASELINE_EC,Band-Power Envelope Coherence,BetaL,Fast,FT10,F8,0.6774256163982029
BASELINE_EC,Band-Power Envelope Coherence,BetaL,Fast,FT10,Fp2,0.5166307337592531
BASELINE_EC,Band-Power Envelope Coherence,BetaL,Fast,FC6,C4,0.7051549787885826
BASELINE_EC,Band-Power Envelope Coherence,BetaL,Fast,FC6,FC2,0.8801724291269248
BASELINE_EC,Band-Power Envelope Coherence,BetaL,Fast,FC6,F4,0.8781238623769285
BASELINE_EC,Band-Power Envelope Coherence,BetaL,Fast,FC6,F8,0.7786422246564719
BASELINE_EC,Band-Power Envelope Coherence,BetaL,Fast,FC6,Fp2,0.724257066638806
BASELINE_EC,Band-Power Envelope Coherence,BetaL,Fast,C4,FC2,0.7128652693492765
BASELINE_EC,Band-Power Envelope Coherence,BetaL,Fast,C4,F4,0.5814069263055129
BASELINE_EC,Band-Power Envelope Coherence,BetaL,Fast,C4,F8,0.46389874562099753
BASELINE_EC,Band-Power Envelope Coherence,BetaL,Fast,C4,Fp2,0.4290137449332602
BASELINE_EC,Band-Power Envelope Coherence,BetaL,Fast,FC2,F4,0.8819283187333181
BASELINE_EC,Band-Power Envelope Coherence,BetaL,Fast,FC2,F8,0.6648517483962972
BASELINE_EC,Band-Power Envelope Coherence,BetaL,Fast,FC2,Fp2,0.7010156000578325
BASELINE_EC,Band-Power Envelope Coherence,BetaL,Fast,F4,F8,0.7281691748329803
BASELINE_EC,Band-Power Envelope Coherence,BetaL,Fast,F4,Fp2,0.7762921164081356
BASELINE_EC,Band-Power Envelope Coherence,BetaL,Fast,F8,Fp2,0.80467636369538
