Dataset,Metric,Band,Envelope_Band,Channel_A,Channel_B,Value
BASELINE_EC,Band-Power Envelope Coherence,Theta,UltraSlow,Cz,Fz,0.587663516615899
BASELINE_EC,Band-Power Envelope Coherence,Theta,UltraSlow,Cz,Fp1,0.27835866496532685
BASELINE_EC,Band-Power Envelope Coherence,Theta,UltraSlow,Cz,F7,0.41959665916677513
BASELINE_EC,Band-Power Envelope Coherence,Theta,UltraSlow,Cz,F3,0.6815741128492391
BASELINE_EC,Band-Power Envelope Coherence,Theta,UltraSlow,Cz,FC1,0.7223570625919742
BASELINE_EC,Band-Power Envelope Coherence,Theta,UltraSlow,Cz,C3,0.39467934094170737
BASELINE_EC,Band-Power Envelope Coherence,Theta,UltraSlow,Cz,FC5,0.4991686746736459
BASELINE_EC,Band-Power Envelope Coherence,Theta,UltraSlow,Cz,FT9,0.2492233677511295
BASELINE_EC,Band-Power Envelope Coherence,Theta,UltraSlow,Cz,T7,0.3357290984964424
BASELINE_EC,Band-Power Envelope Coherence,Theta,UltraSlow,Cz,CP5,0.46287133590612783
BASELINE_EC,Band-Power Envelope Coherence,Theta,UltraSlow,Cz,CP1,0.46756662158791856
BASELINE_EC,Band-Power Envelope Coherence,Theta,UltraSlow,Cz,P3,0.4593843491029839
BASELINE_EC,Band-Power Envelope Coherence,Theta,UltraSlow,Cz,P7,0.14952160659649194
BASELINE_EC,Band-Power Envelope Coherence,Theta,UltraSlow,Cz,PO9,0.16253330298298502
BASELINE_EC,Band-Power Envelope Coherence,Theta,UltraSlow,Cz,O1,0.17060041893557837
BASELINE_EC,Band-Power Envelope Coherence,Theta,UltraSlow,Cz,Pz,0.40457283203950706
BASELINE_EC,Band-Power Envelope Coherence,Theta,UltraSlow,Cz,Oz,0.3231846067603554
BASELINE_EC,Band-Power Envelope Coherence,Theta,UltraSlow,Cz,O2,0.29687330203688944
BASELINE_EC,Band-Power Envelope Coherence,Theta,UltraSlow,Cz,PO10,0.14953990405602646
BASELINE_EC,Band-Power Envelope Coherence,Theta,UltraSlow,Cz,P8,0.14334562638867954
BASELINE_EC,Band-Power Envelope Coherence,Theta,UltraSlow,Cz,P4,0.4306535658131358
BASELINE_EC,Band-Power Envelope Coherence,Theta,UltraSlow,Cz,CP2,0.4623648337500313
BASELINE_EC,Band-Power Envelope Coherence,Theta,UltraSlow,Cz,CP6,0.4281798964677884
BASELINE_EC,Band-Power Envelope Coherence,Theta,UltraSlow,Cz,T8,0.10314964134460167
BASELINE_EC,Band-Power Envelope Coherence,Theta,UltraSlow,Cz,FT10,0.15618700086407744
BASELINE_EC,Band-Power Envelope Coherence,Theta,UltraSlow,Cz,FC6,0.5353054231151819
BASELINE_EC,Band-Power Envelope Coherence,Theta,UltraSlow,Cz,C4,0.49102039335865993
BASELINE_EC,Band-Power Envelope Coherence,Theta,UltraSlow,Cz,FC2,0.3417378996368105
BASELINE_EC,Band-Power Envelope Coherence,Theta,UltraSlow,Cz,F4,0.2718864716259761
BASELINE_EC,Band-Power Envelope Coherence,Theta,UltraSlow,Cz,F8,0.20677519839348069
BASELINE_EC,Band-Power Envelope Coherence,Theta,UltraSlow,Cz,Fp2,0.25428817319189195
BASELINE_EC,Band-Power Envelope Coherence,Theta,UltraSlow,Fz,Fp1,0.38546037966798513
BASELINE_EC,Band-Power Envelope Coherence,Theta,UltraSlow,Fz,F7,0.5546988994978771
BASELINE_EC,Band-Power Envelope Coherence,Theta,UltraSlow,Fz,F3,0.7596333632038427
BASELINE_EC,Band-Power Envelope Coherence,Theta,UltraSlow,Fz,FC1,0.6851898597785214
BASELINE_EC,Band-Power Envelope Coherence,Theta,UltraSlow,Fz,C3,0.36783810131011835
BASELINE_EC,Band-Power Envelope Coherence,Theta,UltraSlow,Fz,FC5,0.5573226628331919
BASELINE_EC,Band-Power Envelope Coherence,Theta,UltraSlow,Fz,FT9,0.36283143704768706
BASELINE_EC,Band-Power Envelope Coherence,Theta,UltraSlow,Fz,T7,0.40722893616959793
BASELINE_EC,Band-Power Envelope Coherence,Theta,UltraSlow,Fz,CP5,0.4455130504325192
BASELINE_EC,Band-Power Envelope Coherence,Theta,UltraSlow,Fz,CP1,0.39426457733170234
BASELINE_EC,Band-Power Envelope Coherence,Theta,UltraSlow,Fz,P3,0.38205838996578473
BASELINE_EC,Band-Power Envelope Coherence,Theta,UltraSlow,Fz,P7,0.24403911643128906
BASELINE_EC,Band-Power Envelope Coherence,Theta,UltraSlow,Fz,PO9,0.22738662528405304
BASELINE_EC,Band-Power Envelope Coherence,Theta,UltraSlow,Fz,O1,0.15715843058842555
BASELINE_EC,Band-Power Envelope Coherence,Theta,UltraSlow,Fz,Pz,0.3485790103310617
BASELINE_EC,Band-Power Envelope Coherence,Theta,UltraSlow,Fz,Oz,0.2768892117890624
BASELINE_EC,Band-Power Envelope Coherence,Theta,UltraSlow,Fz,O2,0.2482914783497472
BASELINE_EC,Band-Power Envelope Coherence,Theta,UltraSlow,Fz,PO10,0.16098329451001703
BASELINE_EC,Band-Power Envelope Coherence,Theta,UltraSlow,Fz,P8,0.10948208727906888
BASELINE_EC,Band-Power Envelope Coherence,Theta,UltraSlow,Fz,P4,0.3345757741830489
BASELINE_EC,Band-Power Envelope Coherence,Theta,UltraSlow,Fz,CP2,0.3920877713104071
BASELINE_EC,Band-Power Envelope Coherence,Theta,UltraSlow,Fz,CP6,0.37494271747769525
BASELINE_EC,Band-Power Envelope Coherence,Theta,UltraSlow,Fz,T8,0.1281382507043588
BASELINE_EC,Band-Power Envelope Coherence,Theta,UltraSlow,Fz,FT10,0.23299987660617985
BASELINE_EC,Band-Power Envelope Coherence,Theta,UltraSlow,Fz,FC6,0.6148594913059559
BASELINE_EC,Band-Power Envelope Coherence,Theta,UltraSlow,Fz,C4,0.42911849861047385
BASELINE_EC,Band-Power Envelope Coherence,Theta,UltraSlow,Fz,FC2,0.37102028728035913
BASELINE_EC,Band-Power Envelope Coherence,Theta,UltraSlow,Fz,F4,0.29934946763547715
BASELINE_EC,Band-Power Envelope Coherence,Theta,UltraSlow,Fz,F8,0.3335316555259244
BASELINE_EC,Band-Power Envelope Coherence,Theta,UltraSlow,Fz,Fp2,0.3684051889386874
BASELINE_EC,Band-Power Envelope Coherence,Theta,UltraSlow,Fp1,F7,0.5540006737753164
BASELINE_EC,Band-Power Envelope Coherence,Theta,UltraSlow,Fp1,F3,0.5204958664535058
BASELINE_EC,Band-Power Envelope Coherence,Theta,UltraSlow,Fp1,FC1,0.41764614212959067
BASELINE_EC,Band-Power Envelope Coherence,Theta,UltraSlow,Fp1,C3,0.20667887842863195
BASELINE_EC,Band-Power Envelope Coherence,Theta,UltraSlow,Fp1,FC5,0.37379733932891435
BASELINE_EC,Band-Power Envelope Coherence,Theta,UltraSlow,Fp1,FT9,0.3374516516729717
BASELINE_EC,Band-Power Envelope Coherence,Theta,UltraSlow,Fp1,T7,0.2731054765599898
BASELINE_EC,Band-Power Envelope Coherence,Theta,UltraSlow,Fp1,CP5,0.24372049599391402
BASELINE_EC,Band-Power Envelope Coherence,Theta,UltraSlow,Fp1,CP1,0.22455227154429264
BASELINE_EC,Band-Power Envelope Coherence,Theta,UltraSlow,Fp1,P3,0.20614836320464028
BASELINE_EC,Band-Power Envelope Coherence,Theta,UltraSlow,Fp1,P7,0.15832760864968354
BASELINE_EC,Band-Power Envelope Coherence,Theta,UltraSlow,Fp1,PO9,0.1940891735109296
BASELINE_EC,Band-Power Envelope Coherence,Theta,UltraSlow,Fp1,O1,0.109632001817478
BASELINE_EC,Band-Power Envelope Coherence,Theta,UltraSlow,Fp1,Pz,0.20089159698678405
BASELINE_EC,Band-Power Envelope Coherence,Theta,UltraSlow,Fp1,Oz,0.1797106989689231
BASELINE_EC,Band-Power Envelope Coherence,Theta,UltraSlow,Fp1,O2,0.17476016870288005
BASELINE_EC,Band-Power Envelope Coherence,Theta,UltraSlow,Fp1,PO10,0.15478284489327504
BASELINE_EC,Band-Power Envelope Coherence,Theta,UltraSlow,Fp1,P8,0.09276750616288303
BASELINE_EC,Band-Power Envelope Coherence,Theta,UltraSlow,Fp1,P4,0.19024365299429835
BASELINE_EC,Band-Power Envelope Coherence,Theta,UltraSlow,Fp1,CP2,0.22205042630234975
BASELINE_EC,Band-Power Envelope Coherence,Theta,UltraSlow,Fp1,CP6,0.24486879831164438
BASELINE_EC,Band-Power Envelope Coherence,Theta,UltraSlow,Fp1,T8,0.14764439705105706
BASELINE_EC,Band-Power Envelope Coherence,Theta,UltraSlow,Fp1,FT10,0.18227248646790822
BASELINE_EC,Band-Power Envelope Coherence,Theta,UltraSlow,Fp1,FC6,0.39736647871417163
BASELINE_EC,Band-Power Envelope Coherence,Theta,UltraSlow,Fp1,C4,0.2563297817170905
BASELINE_EC,Band-Power Envelope Coherence,Theta,UltraSlow,Fp1,FC2,0.23439651302877695
BASELINE_EC,Band-Power Envelope Coherence,Theta,UltraSlow,Fp1,F4,0.18906840317954574
BASELINE_EC,Band-Power Envelope Coherence,Theta,UltraSlow,Fp1,F8,0.26914852720547855
BASELINE_EC,Band-Power Envelope Coherence,Theta,UltraSlow,Fp1,Fp2,0.7124467200510407
BASELINE_EC,Band-Power Envelope Coherence,Theta,UltraSlow,F7,F3,0.7412851694799621
BASELINE_EC,Band-Power Envelope Coherence,Theta,UltraSlow,F7,FC1,0.6597698228689707
BASELINE_EC,Band-Power Envelope Coherence,Theta,UltraSlow,F7,C3,0.379999225213173
BASELINE_EC,Band-Power Envelope Coherence,Theta,UltraSlow,F7,FC5,0.6778397582173595
BASELINE_EC,Band-Power Envelope Coherence,Theta,UltraSlow,F7,FT9,0.688036233288148
BASELINE_EC,Band-Power Envelope Coherence,Theta,UltraSlow,F7,T7,0.6021797474627534
BASELINE_EC,Band-Power Envelope Coherence,Theta,UltraSlow,F7,CP5,0.5120012002740348
BASELINE_EC,Band-Power Envelope Coherence,Theta,UltraSlow,F7,CP1,0.4114279010543166
BASELINE_EC,Band-Power Envelope Coherence,Theta,UltraSlow,F7,P3,0.39055160470765704
BASELINE_EC,Band-Power Envelope Coherence,Theta,UltraSlow,F7,P7,0.34654102172914886
BASELINE_EC,Band-Power Envelope Coherence,Theta,UltraSlow,F7,PO9,0.36347053241096733
BASELINE_EC,Band-Power Envelope Coherence,Theta,UltraSlow,F7,O1,0.2057108733087441
BASELINE_EC,Band-Power Envelope Coherence,Theta,UltraSlow,F7,Pz,0.37651898388685867
BASELINE_EC,Band-Power Envelope Coherence,Theta,UltraSlow,F7,Oz,0.32657152081005625
BASELINE_EC,Band-Power Envelope Coherence,Theta,UltraSlow,F7,O2,0.316402391603838
BASELINE_EC,Band-Power Envelope Coherence,Theta,UltraSlow,F7,PO10,0.25048798092891694
BASELINE_EC,Band-Power Envelope Coherence,Theta,UltraSlow,F7,P8,0.14149001098167882
BASELINE_EC,Band-Power Envelope Coherence,Theta,UltraSlow,F7,P4,0.3473892301467576
BASELINE_EC,Band-Power Envelope Coherence,Theta,UltraSlow,F7,CP2,0.39951789853083225
BASELINE_EC,Band-Power Envelope Coherence,Theta,UltraSlow,F7,CP6,0.35571132212246576
BASELINE_EC,Band-Power Envelope Coherence,Theta,UltraSlow,F7,T8,0.14415155591143655
BASELINE_EC,Band-Power Envelope Coherence,Theta,UltraSlow,F7,FT10,0.24475863927470473
BASELINE_EC,Band-Power Envelope Coherence,Theta,UltraSlow,F7,FC6,0.5338811692565388
BASELINE_EC,Band-Power Envelope Coherence,Theta,UltraSlow,F7,C4,0.37315372917877565
BASELINE_EC,Band-Power Envelope Coherence,Theta,UltraSlow,F7,FC2,0.3392017591337437
BASELINE_EC,Band-Power Envelope Coherence,Theta,UltraSlow,F7,F4,0.2819094382175064
BASELINE_EC,Band-Power Envelope Coherence,Theta,UltraSlow,F7,F8,0.3068031810511204
BASELINE_EC,Band-Power Envelope Coherence,Theta,UltraSlow,F7,Fp2,0.43162510755804173
BASELINE_EC,Band-Power Envelope Coherence,Theta,UltraSlow,F3,FC1,0.8054486221189596
BASELINE_EC,Band-Power Envelope Coherence,Theta,UltraSlow,F3,C3,0.44090313626579375
BASELINE_EC,Band-Power Envelope Coherence,Theta,UltraSlow,F3,FC5,0.6983736548511309
BASELINE_EC,Band-Power Envelope Coherence,Theta,UltraSlow,F3,FT9,0.4357041421926826
BASELINE_EC,Band-Power Envelope Coherence,Theta,UltraSlow,F3,T7,0.5055139552097383
BASELINE_EC,Band-Power Envelope Coherence,Theta,UltraSlow,F3,CP5,0.5303110514006197
BASELINE_EC,Band-Power Envelope Coherence,Theta,UltraSlow,F3,CP1,0.4275224688679547
BASELINE_EC,Band-Power Envelope Coherence,Theta,UltraSlow,F3,P3,0.40985734686175307
BASELINE_EC,Band-Power Envelope Coherence,Theta,UltraSlow,F3,P7,0.25379124869798936
BASELINE_EC,Band-Power Envelope Coherence,Theta,UltraSlow,F3,PO9,0.2577333904666633
BASELINE_EC,Band-Power Envelope Coherence,Theta,UltraSlow,F3,O1,0.17936572763326647
BASELINE_EC,Band-Power Envelope Coherence,Theta,UltraSlow,F3,Pz,0.3809594041058611
BASELINE_EC,Band-Power Envelope Coherence,Theta,UltraSlow,F3,Oz,0.30043905771269486
BASELINE_EC,Band-Power Envelope Coherence,Theta,UltraSlow,F3,O2,0.2767742030860625
BASELINE_EC,Band-Power Envelope Coherence,Theta,UltraSlow,F3,PO10,0.1895517350433094
BASELINE_EC,Band-Power Envelope Coherence,Theta,UltraSlow,F3,P8,0.1283227068903769
BASELINE_EC,Band-Power Envelope Coherence,Theta,UltraSlow,F3,P4,0.36247196451473046
BASELINE_EC,Band-Power Envelope Coherence,Theta,UltraSlow,F3,CP2,0.4210469339500477
BASELINE_EC,Band-Power Envelope Coherence,Theta,UltraSlow,F3,CP6,0.407667782207315
BASELINE_EC,Band-Power Envelope Coherence,Theta,UltraSlow,F3,T8,0.11746011763248139
BASELINE_EC,Band-Power Envelope Coherence,Theta,UltraSlow,F3,FT10,0.24603393764155956
BASELINE_EC,Band-Power Envelope Coherence,Theta,UltraSlow,F3,FC6,0.6610988637337946
BASELINE_EC,Band-Power Envelope Coherence,Theta,UltraSlow,F3,C4,0.4648191272710273
BASELINE_EC,Band-Power Envelope Coherence,Theta,UltraSlow,F3,FC2,0.40471356152671717
BASELINE_EC,Band-Power Envelope Coherence,Theta,UltraSlow,F3,F4,0.33552172347874
BASELINE_EC,Band-Power Envelope Coherence,Theta,UltraSlow,F3,F8,0.34372553671482353
BASELINE_EC,Band-Power Envelope Coherence,Theta,UltraSlow,F3,Fp2,0.4554799642252826
BASELINE_EC,Band-Power Envelope Coherence,Theta,UltraSlow,FC1,C3,0.5308794081496441
BASELINE_EC,Band-Power Envelope Coherence,Theta,UltraSlow,FC1,FC5,0.7294993743050725
BASELINE_EC,Band-Power Envelope Coherence,Theta,UltraSlow,FC1,FT9,0.4918429690372028
BASELINE_EC,Band-Power Envelope Coherence,Theta,UltraSlow,FC1,T7,0.5833953888341381
BASELINE_EC,Band-Power Envelope Coherence,Theta,UltraSlow,FC1,CP5,0.6989239338515906
BASELINE_EC,Band-Power Envelope Coherence,Theta,UltraSlow,FC1,CP1,0.6602194122685826
BASELINE_EC,Band-Power Envelope Coherence,Theta,UltraSlow,FC1,P3,0.6507292551181315
BASELINE_EC,Band-Power Envelope Coherence,Theta,UltraSlow,FC1,P7,0.35581177422562543
BASELINE_EC,Band-Power Envelope Coherence,Theta,UltraSlow,FC1,PO9,0.3762918147991235
BASELINE_EC,Band-Power Envelope Coherence,Theta,UltraSlow,FC1,O1,0.30667637452370544
BASELINE_EC,Band-Power Envelope Coherence,Theta,UltraSlow,FC1,Pz,0.5807004451711286
BASELINE_EC,Band-Power Envelope Coherence,Theta,UltraSlow,FC1,Oz,0.5203843343010393
BASELINE_EC,Band-Power Envelope Coherence,Theta,UltraSlow,FC1,O2,0.4822187426111695
BASELINE_EC,Band-Power Envelope Coherence,Theta,UltraSlow,FC1,PO10,0.30525311200971844
BASELINE_EC,Band-Power Envelope Coherence,Theta,UltraSlow,FC1,P8,0.20888549467539635
BASELINE_EC,Band-Power Envelope Coherence,Theta,UltraSlow,FC1,P4,0.5639681128378153
BASELINE_EC,Band-Power Envelope Coherence,Theta,UltraSlow,FC1,CP2,0.6367292489849802
BASELINE_EC,Band-Power Envelope Coherence,Theta,UltraSlow,FC1,CP6,0.5502676980859468
BASELINE_EC,Band-Power Envelope Coherence,Theta,UltraSlow,FC1,T8,0.2516566597587888
BASELINE_EC,Band-Power Envelope Coherence,Theta,UltraSlow,FC1,FT10,0.2859988215718907
BASELINE_EC,Band-Power Envelope Coherence,Theta,UltraSlow,FC1,FC6,0.7170178467520215
BASELINE_EC,Band-Power Envelope Coherence,Theta,UltraSlow,FC1,C4,0.558675891476106
BASELINE_EC,Band-Power Envelope Coherence,Theta,UltraSlow,FC1,FC2,0.4598554164858348
BASELINE_EC,Band-Power Envelope Coherence,Theta,UltraSlow,FC1,F4,0.3169791184661131
BASELINE_EC,Band-Power Envelope Coherence,Theta,UltraSlow,FC1,F8,0.3435513141913548
BASELINE_EC,Band-Power Envelope Coherence,Theta,UltraSlow,FC1,Fp2,0.3646248062291639
BASELINE_EC,Band-Power Envelope Coherence,Theta,UltraSlow,C3,FC5,0.45290371376921623
BASELINE_EC,Band-Power Envelope Coherence,Theta,UltraSlow,C3,FT9,0.30875697634672056
BASELINE_EC,Band-Power Envelope Coherence,Theta,UltraSlow,C3,T7,0.37597142226865793
BASELINE_EC,Band-Power Envelope Coherence,Theta,UltraSlow,C3,CP5,0.5008937034931225
BASELINE_EC,Band-Power Envelope Coherence,Theta,UltraSlow,C3,CP1,0.45063950618799126
BASELINE_EC,Band-Power Envelope Coherence,Theta,UltraSlow,C3,P3,0.4534748292875479
BASELINE_EC,Band-Power Envelope Coherence,Theta,UltraSlow,C3,P7,0.270703651985491
BASELINE_EC,Band-Power Envelope Coherence,Theta,UltraSlow,C3,PO9,0.27466690544105354
BASELINE_EC,Band-Power Envelope Coherence,Theta,UltraSlow,C3,O1,0.24042262643466475
BASELINE_EC,Band-Power Envelope Coherence,Theta,UltraSlow,C3,Pz,0.4136986268139598
BASELINE_EC,Band-Power Envelope Coherence,Theta,UltraSlow,C3,Oz,0.35581260327051273
BASELINE_EC,Band-Power Envelope Coherence,Theta,UltraSlow,C3,O2,0.3317784249047921
BASELINE_EC,Band-Power Envelope Coherence,Theta,UltraSlow,C3,PO10,0.1939211179119211
BASELINE_EC,Band-Power Envelope Coherence,Theta,UltraSlow,C3,P8,0.13360889561916678
BASELINE_EC,Band-Power Envelope Coherence,Theta,UltraSlow,C3,P4,0.3886750707013709
BASELINE_EC,Band-Power Envelope Coherence,Theta,UltraSlow,C3,CP2,0.43457761304807097
BASELINE_EC,Band-Power Envelope Coherence,Theta,UltraSlow,C3,CP6,0.3310669827520327
BASELINE_EC,Band-Power Envelope Coherence,Theta,UltraSlow,C3,T8,0.08064755140086509
BASELINE_EC,Band-Power Envelope Coherence,Theta,UltraSlow,C3,FT10,0.1464462934205864
BASELINE_EC,Band-Power Envelope Coherence,Theta,UltraSlow,C3,FC6,0.36892118757217207
BASELINE_EC,Band-Power Envelope Coherence,Theta,UltraSlow,C3,C4,0.3583739178009513
BASELINE_EC,Band-Power Envelope Coherence,Theta,UltraSlow,C3,FC2,0.29681514205665
BASELINE_EC,Band-Power Envelope Coherence,Theta,UltraSlow,C3,F4,0.18448009398255125
BASELINE_EC,Band-Power Envelope Coherence,Theta,UltraSlow,C3,F8,0.1800132097247147
BASELINE_EC,Band-Power Envelope Coherence,Theta,UltraSlow,C3,Fp2,0.16781107385955776
BASELINE_EC,Band-Power Envelope Coherence,Theta,UltraSlow,FC5,FT9,0.5125246358973493
BASELINE_EC,Band-Power Envelope Coherence,Theta,UltraSlow,FC5,T7,0.5695895701981976
BASELINE_EC,Band-Power Envelope Coherence,Theta,UltraSlow,FC5,CP5,0.6210000296420549
BASELINE_EC,Band-Power Envelope Coherence,Theta,UltraSlow,FC5,CP1,0.48366170035202943
BASELINE_EC,Band-Power Envelope Coherence,Theta,UltraSlow,FC5,P3,0.48084108089450806
BASELINE_EC,Band-Power Envelope Coherence,Theta,UltraSlow,FC5,P7,0.35848156112408697
BASELINE_EC,Band-Power Envelope Coherence,Theta,UltraSlow,FC5,PO9,0.35310651647198327
BASELINE_EC,Band-Power Envelope Coherence,Theta,UltraSlow,FC5,O1,0.24406570834136251
BASELINE_EC,Band-Power Envelope Coherence,Theta,UltraSlow,FC5,Pz,0.44097362655274513
BASELINE_EC,Band-Power Envelope Coherence,Theta,UltraSlow,FC5,Oz,0.36826911218066827
BASELINE_EC,Band-Power Envelope Coherence,Theta,UltraSlow,FC5,O2,0.34268554670341045
BASELINE_EC,Band-Power Envelope Coherence,Theta,UltraSlow,FC5,PO10,0.23734332009954787
BASELINE_EC,Band-Power Envelope Coherence,Theta,UltraSlow,FC5,P8,0.14250006175410632
BASELINE_EC,Band-Power Envelope Coherence,Theta,UltraSlow,FC5,P4,0.4057577795999935
BASELINE_EC,Band-Power Envelope Coherence,Theta,UltraSlow,FC5,CP2,0.46489741149463426
BASELINE_EC,Band-Power Envelope Coherence,Theta,UltraSlow,FC5,CP6,0.3952124303006255
BASELINE_EC,Band-Power Envelope Coherence,Theta,UltraSlow,FC5,T8,0.14906686347623602
BASELINE_EC,Band-Power Envelope Coherence,Theta,UltraSlow,FC5,FT10,0.2203481825714275
BASELINE_EC,Band-Power Envelope Coherence,Theta,UltraSlow,FC5,FC6,0.5392707655446549
BASELINE_EC,Band-Power Envelope Coherence,Theta,UltraSlow,FC5,C4,0.4282051488287546
BASELINE_EC,Band-Power Envelope Coherence,Theta,UltraSlow,FC5,FC2,0.3770594923481456
BASELINE_EC,Band-Power Envelope Coherence,Theta,UltraSlow,FC5,F4,0.2547318792187507
BASELINE_EC,Band-Power Envelope Coherence,Theta,UltraSlow,FC5,F8,0.2760531843125558
BASELINE_EC,Band-Power Envelope Coherence,Theta,UltraSlow,FC5,Fp2,0.2954893284628137
BASELINE_EC,Band-Power Envelope Coherence,Theta,UltraSlow,FT9,T7,0.5522693373440525
BASELINE_EC,Band-Power Envelope Coherence,Theta,UltraSlow,FT9,CP5,0.47452381084545403
BASELINE_EC,Band-Power Envelope Coherence,Theta,UltraSlow,FT9,CP1,0.39641774694781573
BASELINE_EC,Band-Power Envelope Coherence,Theta,UltraSlow,FT9,P3,0.38304093090964475
BASELINE_EC,Band-Power Envelope Coherence,Theta,UltraSlow,FT9,P7,0.4307844541905432
BASELINE_EC,Band-Power Envelope Coherence,Theta,UltraSlow,FT9,PO9,0.440612899584322
BASELINE_EC,Band-Power Envelope Coherence,Theta,UltraSlow,FT9,O1,0.22996941616929567
BASELINE_EC,Band-Power Envelope Coherence,Theta,UltraSlow,FT9,Pz,0.36844948695962254
BASELINE_EC,Band-Power Envelope Coherence,Theta,UltraSlow,FT9,Oz,0.35585599760105985
BASELINE_EC,Band-Power Envelope Coherence,Theta,UltraSlow,FT9,O2,0.334234267833949
BASELINE_EC,Band-Power Envelope Coherence,Theta,UltraSlow,FT9,PO10,0.27969692950511277
BASELINE_EC,Band-Power Envelope Coherence,Theta,UltraSlow,FT9,P8,0.13950889628170052
BASELINE_EC,Band-Power Envelope Coherence,Theta,UltraSlow,FT9,P4,0.3149071187854583
BASELINE_EC,Band-Power Envelope Coherence,Theta,UltraSlow,FT9,CP2,0.3707180270455861
BASELINE_EC,Band-Power Envelope Coherence,Theta,UltraSlow,FT9,CP6,0.30190388346626185
BASELINE_EC,Band-Power Envelope Coherence,Theta,UltraSlow,FT9,T8,0.14090988095018941
BASELINE_EC,Band-Power Envelope Coherence,Theta,UltraSlow,FT9,FT10,0.21652408094917372
BASELINE_EC,Band-Power Envelope Coherence,Theta,UltraSlow,FT9,FC6,0.3849848943114479
BASELINE_EC,Band-Power Envelope Coherence,Theta,UltraSlow,FT9,C4,0.27817796723047383
BASELINE_EC,Band-Power Envelope Coherence,Theta,UltraSlow,FT9,FC2,0.2511597459234854
BASELINE_EC,Band-Power Envelope Coherence,Theta,UltraSlow,FT9,F4,0.18073813849878714
BASELINE_EC,Band-Power Envelope Coherence,Theta,UltraSlow,FT9,F8,0.23030999054670787
BASELINE_EC,Band-Power Envelope Coherence,Theta,UltraSlow,FT9,Fp2,0.271893453048379
BASELINE_EC,Band-Power Envelope Coherence,Theta,UltraSlow,T7,CP5,0.5980313900966902
BASELINE_EC,Band-Power Envelope Coherence,Theta,UltraSlow,T7,CP1,0.46427979291503624
BASELINE_EC,Band-Power Envelope Coherence,Theta,UltraSlow,T7,P3,0.4563835961355683
BASELINE_EC,Band-Power Envelope Coherence,Theta,UltraSlow,T7,P7,0.40107600076632327
BASELINE_EC,Band-Power Envelope Coherence,Theta,UltraSlow,T7,PO9,0.3910814832594036
BASELINE_EC,Band-Power Envelope Coherence,Theta,UltraSlow,T7,O1,0.22816352809871718
BASELINE_EC,Band-Power Envelope Coherence,Theta,UltraSlow,T7,Pz,0.4177171741698498
BASELINE_EC,Band-Power Envelope Coherence,Theta,UltraSlow,T7,Oz,0.366199552058524
BASELINE_EC,Band-Power Envelope Coherence,Theta,UltraSlow,T7,O2,0.3458834025356386
BASELINE_EC,Band-Power Envelope Coherence,Theta,UltraSlow,T7,PO10,0.254750966522954
BASELINE_EC,Band-Power Envelope Coherence,Theta,UltraSlow,T7,P8,0.1429670762123246
BASELINE_EC,Band-Power Envelope Coherence,Theta,UltraSlow,T7,P4,0.3780241737115023
BASELINE_EC,Band-Power Envelope Coherence,Theta,UltraSlow,T7,CP2,0.43684486410773277
BASELINE_EC,Band-Power Envelope Coherence,Theta,UltraSlow,T7,CP6,0.3212122096645223
BASELINE_EC,Band-Power Envelope Coherence,Theta,UltraSlow,T7,T8,0.10963212178067333
BASELINE_EC,Band-Power Envelope Coherence,Theta,UltraSlow,T7,FT10,0.1894839789606311
BASELINE_EC,Band-Power Envelope Coherence,Theta,UltraSlow,T7,FC6,0.3965888871159302
BASELINE_EC,Band-Power Envelope Coherence,Theta,UltraSlow,T7,C4,0.3219700790836938
BASELINE_EC,Band-Power Envelope Coherence,Theta,UltraSlow,T7,FC2,0.2638046902763642
BASELINE_EC,Band-Power Envelope Coherence,Theta,UltraSlow,T7,F4,0.18383899066006817
BASELINE_EC,Band-Power Envelope Coherence,Theta,UltraSlow,T7,F8,0.1927652456881224
BASELINE_EC,Band-Power Envelope Coherence,Theta,UltraSlow,T7,Fp2,0.21659688307427752
BASELINE_EC,Band-Power Envelope Coherence,Theta,UltraSlow,CP5,CP1,0.6496879007447967
BASELINE_EC,Band-Power Envelope Coherence,Theta,UltraSlow,CP5,P3,0.6921023992344283
BASELINE_EC,Band-Power Envelope Coherence,Theta,UltraSlow,CP5,P7,0.5076704703625702
BASELINE_EC,Band-Power Envelope Coherence,Theta,UltraSlow,CP5,PO9,0.45420144081937613
BASELINE_EC,Band-Power Envelope Coherence,Theta,UltraSlow,CP5,O1,0.3439942517452728
BASELINE_EC,Band-Power Envelope Coherence,Theta,UltraSlow,CP5,Pz,0.5853746507448201
BASELINE_EC,Band-Power Envelope Coherence,Theta,UltraSlow,CP5,Oz,0.5123937562448015
BASELINE_EC,Band-Power Envelope Coherence,Theta,UltraSlow,CP5,O2,0.46217786067147326
BASELINE_EC,Band-Power Envelope Coherence,Theta,UltraSlow,CP5,PO10,0.2714372824911195
BASELINE_EC,Band-Power Envelope Coherence,Theta,UltraSlow,CP5,P8,0.16429537209690864
BASELINE_EC,Band-Power Envelope Coherence,Theta,UltraSlow,CP5,P4,0.5265208036430304
BASELINE_EC,Band-Power Envelope Coherence,Theta,UltraSlow,CP5,CP2,0.6037165806007034
BASELINE_EC,Band-Power Envelope Coherence,Theta,UltraSlow,CP5,CP6,0.4145775587627299
BASELINE_EC,Band-Power Envelope Coherence,Theta,UltraSlow,CP5,T8,0.10610505165500275
BASELINE_EC,Band-Power Envelope Coherence,Theta,UltraSlow,CP5,FT10,0.19695892684272487
BASELINE_EC,Band-Power Envelope Coherence,Theta,UltraSlow,CP5,FC6,0.4488982052239041
BASELINE_EC,Band-Power Envelope Coherence,Theta,UltraSlow,CP5,C4,0.41379983812343485
BASELINE_EC,Band-Power Envelope Coherence,Theta,UltraSlow,CP5,FC2,0.32243301172450994
BASELINE_EC,Band-Power Envelope Coherence,Theta,UltraSlow,CP5,F4,0.2047219251152293
BASELINE_EC,Band-Power Envelope Coherence,Theta,UltraSlow,CP5,F8,0.20799719962797408
BASELINE_EC,Band-Power Envelope Coherence,Theta,UltraSlow,CP5,Fp2,0.19300782326757152
BASELINE_EC,Band-Power Envelope Coherence,Theta,UltraSlow,CP1,P3,0.8407868453416164
BASELINE_EC,Band-Power Envelope Coherence,Theta,UltraSlow,CP1,P7,0.41298452922521206
BASELINE_EC,Band-Power Envelope Coherence,Theta,UltraSlow,CP1,PO9,0.4731072715643373
BASELINE_EC,Band-Power Envelope Coherence,Theta,UltraSlow,CP1,O1,0.4688648126575105
BASELINE_EC,Band-Power Envelope Coherence,Theta,UltraSlow,CP1,Pz,0.753713102280813
BASELINE_EC,Band-Power Envelope Coherence,Theta,UltraSlow,CP1,Oz,0.8043352552215417
BASELINE_EC,Band-Power Envelope Coherence,Theta,UltraSlow,CP1,O2,0.7716145754542235
BASELINE_EC,Band-Power Envelope Coherence,Theta,UltraSlow,CP1,PO10,0.4484400565725346
BASELINE_EC,Band-Power Envelope Coherence,Theta,UltraSlow,CP1,P8,0.35353415406614436
BASELINE_EC,Band-Power Envelope Coherence,Theta,UltraSlow,CP1,P4,0.7688609886948864
BASELINE_EC,Band-Power Envelope Coherence,Theta,UltraSlow,CP1,CP2,0.8045961629962477
BASELINE_EC,Band-Power Envelope Coherence,Theta,UltraSlow,CP1,CP6,0.602719760164362
BASELINE_EC,Band-Power Envelope Coherence,Theta,UltraSlow,CP1,T8,0.16213666893426648
BASELINE_EC,Band-Power Envelope Coherence,Theta,UltraSlow,CP1,FT10,0.20964535998365996
BASELINE_EC,Band-Power Envelope Coherence,Theta,UltraSlow,CP1,FC6,0.4919463236076264
BASELINE_EC,Band-Power Envelope Coherence,Theta,UltraSlow,CP1,C4,0.4787046046474368
BASELINE_EC,Band-Power Envelope Coherence,Theta,UltraSlow,CP1,FC2,0.32502644734605907
BASELINE_EC,Band-Power Envelope Coherence,Theta,UltraSlow,CP1,F4,0.21161283346897192
BASELINE_EC,Band-Power Envelope Coherence,Theta,UltraSlow,CP1,F8,0.22484639084509092
BASELINE_EC,Band-Power Envelope Coherence,Theta,UltraSlow,CP1,Fp2,0.20590672472279958
BASELINE_EC,Band-Power Envelope Coherence,Theta,UltraSlow,P3,P7,0.43448731635199633
BASELINE_EC,Band-Power Envelope Coherence,Theta,UltraSlow,P3,PO9,0.4565467254258175
BASELINE_EC,Band-Power Envelope Coherence,Theta,UltraSlow,P3,O1,0.4683299709929638
BASELINE_EC,Band-Power Envelope Coherence,Theta,UltraSlow,P3,Pz,0.7451759259979714
BASELINE_EC,Band-Power Envelope Coherence,Theta,UltraSlow,P3,Oz,0.7884436806161991
BASELINE_EC,Band-Power Envelope Coherence,Theta,UltraSlow,P3,O2,0.7268352325500287
BASELINE_EC,Band-Power Envelope Coherence,Theta,UltraSlow,P3,PO10,0.3845945361276079
BASELINE_EC,Band-Power Envelope Coherence,Theta,UltraSlow,P3,P8,0.293928564981765
BASELINE_EC,Band-Power Envelope Coherence,Theta,UltraSlow,P3,P4,0.736145414091883
BASELINE_EC,Band-Power Envelope Coherence,Theta,UltraSlow,P3,CP2,0.7889692183925766
BASELINE_EC,Band-Power Envelope Coherence,Theta,UltraSlow,P3,CP6,0.527510108302465
BASELINE_EC,Band-Power Envelope Coherence,Theta,UltraSlow,P3,T8,0.1436444155222992
BASELINE_EC,Band-Power Envelope Coherence,Theta,UltraSlow,P3,FT10,0.1790162552088825
BASELINE_EC,Band-Power Envelope Coherence,Theta,UltraSlow,P3,FC6,0.4409554398678582
BASELINE_EC,Band-Power Envelope Coherence,Theta,UltraSlow,P3,C4,0.4465535289740686
BASELINE_EC,Band-Power Envelope Coherence,Theta,UltraSlow,P3,FC2,0.310779640004305
BASELINE_EC,Band-Power Envelope Coherence,Theta,UltraSlow,P3,F4,0.1921797868510606
BASELINE_EC,Band-Power Envelope Coherence,Theta,UltraSlow,P3,F8,0.19336792978129494
BASELINE_EC,Band-Power Envelope Coherence,Theta,UltraSlow,P3,Fp2,0.18076547026811662
BASELINE_EC,Band-Power Envelope Coherence,Theta,UltraSlow,P7,PO9,0.5178935788896118
BASELINE_EC,Band-Power Envelope Coherence,Theta,UltraSlow,P7,O1,0.28763910785078484
BASELINE_EC,Band-Power Envelope Coherence,Theta,UltraSlow,P7,Pz,0.38353083010035804
BASELINE_EC,Band-Power Envelope Coherence,Theta,UltraSlow,P7,Oz,0.38290828864290066
BASELINE_EC,Band-Power Envelope Coherence,Theta,UltraSlow,P7,O2,0.33313401941202936
BASELINE_EC,Band-Power Envelope Coherence,Theta,UltraSlow,P7,PO10,0.264304929212277
BASELINE_EC,Band-Power Envelope Coherence,Theta,UltraSlow,P7,P8,0.1167124134864156
BASELINE_EC,Band-Power Envelope Coherence,Theta,UltraSlow,P7,P4,0.3205003055261419
BASELINE_EC,Band-Power Envelope Coherence,Theta,UltraSlow,P7,CP2,0.37608881652252074
BASELINE_EC,Band-Power Envelope Coherence,Theta,UltraSlow,P7,CP6,0.21934113565566163
BASELINE_EC,Band-Power Envelope Coherence,Theta,UltraSlow,P7,T8,0.07863584114817482
BASELINE_EC,Band-Power Envelope Coherence,Theta,UltraSlow,P7,FT10,0.13859849593642148
BASELINE_EC,Band-Power Envelope Coherence,Theta,UltraSlow,P7,FC6,0.25466285573431097
BASELINE_EC,Band-Power Envelope Coherence,Theta,UltraSlow,P7,C4,0.20832371402599464
BASELINE_EC,Band-Power Envelope Coherence,Theta,UltraSlow,P7,FC2,0.18759164448867108
BASELINE_EC,Band-Power Envelope Coherence,Theta,UltraSlow,P7,F4,0.10448406839912523
BASELINE_EC,Band-Power Envelope Coherence,Theta,UltraSlow,P7,F8,0.15169104984181672
BASELINE_EC,Band-Power Envelope Coherence,Theta,UltraSlow,P7,Fp2,0.12429056316654939
BASELINE_EC,Band-Power Envelope Coherence,Theta,UltraSlow,PO9,O1,0.3513427327281702
BASELINE_EC,Band-Power Envelope Coherence,Theta,UltraSlow,PO9,Pz,0.43104398090430324
BASELINE_EC,Band-Power Envelope Coherence,Theta,UltraSlow,PO9,Oz,0.5225668792245866
BASELINE_EC,Band-Power Envelope Coherence,Theta,UltraSlow,PO9,O2,0.47905566554195356
BASELINE_EC,Band-Power Envelope Coherence,Theta,UltraSlow,PO9,PO10,0.4335895748480748
BASELINE_EC,Band-Power Envelope Coherence,Theta,UltraSlow,PO9,P8,0.20342724682007748
BASELINE_EC,Band-Power Envelope Coherence,Theta,UltraSlow,PO9,P4,0.3882077363595904
BASELINE_EC,Band-Power Envelope Coherence,Theta,UltraSlow,PO9,CP2,0.4302145368541076
BASELINE_EC,Band-Power Envelope Coherence,Theta,UltraSlow,PO9,CP6,0.30382250156938084
BASELINE_EC,Band-Power Envelope Coherence,Theta,UltraSlow,PO9,T8,0.11044348042432524
BASELINE_EC,Band-Power Envelope Coherence,Theta,UltraSlow,PO9,FT10,0.2205243849623601
BASELINE_EC,Band-Power Envelope Coherence,Theta,UltraSlow,PO9,FC6,0.30434970444920806
BASELINE_EC,Band-Power Envelope Coherence,Theta,UltraSlow,PO9,C4,0.25529657066859357
BASELINE_EC,Band-Power Envelope Coherence,Theta,UltraSlow,PO9,FC2,0.1987862746262243
BASELINE_EC,Band-Power Envelope Coherence,Theta,UltraSlow,PO9,F4,0.12242479262401908
BASELINE_EC,Band-Power Envelope Coherence,Theta,UltraSlow,PO9,F8,0.19410330094309558
BASELINE_EC,Band-Power Envelope Coherence,Theta,UltraSlow,PO9,Fp2,0.16881437086575593
BASELINE_EC,Band-Power Envelope Coherence,Theta,UltraSlow,O1,Pz,0.4332049946909829
BASELINE_EC,Band-Power Envelope Coherence,Theta,UltraSlow,O1,Oz,0.5209775549443484
BASELINE_EC,Band-Power Envelope Coherence,Theta,UltraSlow,O1,O2,0.481664563212858
BASELINE_EC,Band-Power Envelope Coherence,Theta,UltraSlow,O1,PO10,0.28480891539103337
BASELINE_EC,Band-Power Envelope Coherence,Theta,UltraSlow,O1,P8,0.18693068628745338
BASELINE_EC,Band-Power Envelope Coherence,Theta,UltraSlow,O1,P4,0.418975220060735
BASELINE_EC,Band-Power Envelope Coherence,Theta,UltraSlow,O1,CP2,0.4353127933288835
BASELINE_EC,Band-Power Envelope Coherence,Theta,UltraSlow,O1,CP6,0.2947115304988255
BASELINE_EC,Band-Power Envelope Coherence,Theta,UltraSlow,O1,T8,0.08130379304753449
BASELINE_EC,Band-Power Envelope Coherence,Theta,UltraSlow,O1,FT10,0.12153700412534527
BASELINE_EC,Band-Power Envelope Coherence,Theta,UltraSlow,O1,FC6,0.22095968234719573
BASELINE_EC,Band-Power Envelope Coherence,Theta,UltraSlow,O1,C4,0.2419600928208723
BASELINE_EC,Band-Power Envelope Coherence,Theta,UltraSlow,O1,FC2,0.18240463761197756
BASELINE_EC,Band-Power Envelope Coherence,Theta,UltraSlow,O1,F4,0.09384460641882732
BASELINE_EC,Band-Power Envelope Coherence,Theta,UltraSlow,O1,F8,0.12288044330946901
BASELINE_EC,Band-Power Envelope Coherence,Theta,UltraSlow,O1,Fp2,0.09049329151054608
BASELINE_EC,Band-Power Envelope Coherence,Theta,UltraSlow,Pz,Oz,0.7066456426889239
BASELINE_EC,Band-Power Envelope Coherence,Theta,UltraSlow,Pz,O2,0.6738606653497974
BASELINE_EC,Band-Power Envelope Coherence,Theta,UltraSlow,Pz,PO10,0.39044764861465003
BASELINE_EC,Band-Power Envelope Coherence,Theta,UltraSlow,Pz,P8,0.3091069468332908
BASELINE_EC,Band-Power Envelope Coherence,Theta,UltraSlow,Pz,P4,0.6807626101135841
BASELINE_EC,Band-Power Envelope Coherence,Theta,UltraSlow,Pz,CP2,0.7150422499889045
BASELINE_EC,Band-Power Envelope Coherence,Theta,UltraSlow,Pz,CP6,0.5234017803777693
BASELINE_EC,Band-Power Envelope Coherence,Theta,UltraSlow,Pz,T8,0.13016839472344494
BASELINE_EC,Band-Power Envelope Coherence,Theta,UltraSlow,Pz,FT10,0.18840218859124247
BASELINE_EC,Band-Power Envelope Coherence,Theta,UltraSlow,Pz,FC6,0.4182341102731115
BASELINE_EC,Band-Power Envelope Coherence,Theta,UltraSlow,Pz,C4,0.4290297528086972
BASELINE_EC,Band-Power Envelope Coherence,Theta,UltraSlow,Pz,FC2,0.3022589833501587
BASELINE_EC,Band-Power Envelope Coherence,Theta,UltraSlow,Pz,F4,0.18605882902997184
BASELINE_EC,Band-Power Envelope Coherence,Theta,UltraSlow,Pz,F8,0.19559163419710315
BASELINE_EC,Band-Power Envelope Coherence,Theta,UltraSlow,Pz,Fp2,0.1715068934239468
BASELINE_EC,Band-Power Envelope Coherence,Theta,UltraSlow,Oz,O2,0.9103044893471967
BASELINE_EC,Band-Power Envelope Coherence,Theta,UltraSlow,Oz,PO10,0.5403066444493482
BASELINE_EC,Band-Power Envelope Coherence,Theta,UltraSlow,Oz,P8,0.39327933497215944
BASELINE_EC,Band-Power Envelope Coherence,Theta,UltraSlow,Oz,P4,0.7308383469846348
BASELINE_EC,Band-Power Envelope Coherence,Theta,UltraSlow,Oz,CP2,0.7539835225252536
BASELINE_EC,Band-Power Envelope Coherence,Theta,UltraSlow,Oz,CP6,0.5166635619924969
BASELINE_EC,Band-Power Envelope Coherence,Theta,UltraSlow,Oz,T8,0.151134764259788
BASELINE_EC,Band-Power Envelope Coherence,Theta,UltraSlow,Oz,FT10,0.18315108032950145
BASELINE_EC,Band-Power Envelope Coherence,Theta,UltraSlow,Oz,FC6,0.38693337538527284
BASELINE_EC,Band-Power Envelope Coherence,Theta,UltraSlow,Oz,C4,0.3751218572652434
BASELINE_EC,Band-Power Envelope Coherence,Theta,UltraSlow,Oz,FC2,0.25076708905976836
BASELINE_EC,Band-Power Envelope Coherence,Theta,UltraSlow,Oz,F4,0.14993745484585444
BASELINE_EC,Band-Power Envelope Coherence,Theta,UltraSlow,Oz,F8,0.19109990763554513
BASELINE_EC,Band-Power Envelope Coherence,Theta,UltraSlow,Oz,Fp2,0.1697104469899457
BASELINE_EC,Band-Power Envelope Coherence,Theta,UltraSlow,O2,PO10,0.6281102549959424
BASELINE_EC,Band-Power Envelope Coherence,Theta,UltraSlow,O2,P8,0.5167454699246794
BASELINE_EC,Band-Power Envelope Coherence,Theta,UltraSlow,O2,P4,0.7392994029817302
BASELINE_EC,Band-Power Envelope Coherence,Theta,UltraSlow,O2,CP2,0.7330764304472539
BASELINE_EC,Band-Power Envelope Coherence,Theta,UltraSlow,O2,CP6,0.5470353033491614
BASELINE_EC,Band-Power Envelope Coherence,Theta,UltraSlow,O2,T8,0.15876530647552348
BASELINE_EC,Band-Power Envelope Coherence,Theta,UltraSlow,O2,FT10,0.17550824217228705
BASELINE_EC,Band-Power Envelope Coherence,Theta,UltraSlow,O2,FC6,0.3697568957960391
BASELINE_EC,Band-Power Envelope Coherence,Theta,UltraSlow,O2,C4,0.359534358241894
BASELINE_EC,Band-Power Envelope Coherence,Theta,UltraSlow,O2,FC2,0.23138942146813
BASELINE_EC,Band-Power Envelope Coherence,Theta,UltraSlow,O2,F4,0.14509279415041515
BASELINE_EC,Band-Power Envelope Coherence,Theta,UltraSlow,O2,F8,0.1794148591370107
BASELINE_EC,Band-Power Envelope Coherence,Theta,UltraSlow,O2,Fp2,0.16492175038678217
BASELINE_EC,Band-Power Envelope Coherence,Theta,UltraSlow,PO10,P8,0.6393466942008476
BASELINE_EC,Band-Power Envelope Coherence,Theta,UltraSlow,PO10,P4,0.43587562150487735
BASELINE_EC,Band-Power Envelope Coherence,Theta,UltraSlow,PO10,CP2,0.4260962805899562
BASELINE_EC,Band-Power Envelope Coherence,Theta,UltraSlow,PO10,CP6,0.43598641460031345
BASELINE_EC,Band-Power Envelope Coherence,Theta,UltraSlow,PO10,T8,0.166535529986487
BASELINE_EC,Band-Power Envelope Coherence,Theta,UltraSlow,PO10,FT10,0.20191739735104414
BASELINE_EC,Band-Power Envelope Coherence,Theta,UltraSlow,PO10,FC6,0.3018636676117825
BASELINE_EC,Band-Power Envelope Coherence,Theta,UltraSlow,PO10,C4,0.23515537401413822
BASELINE_EC,Band-Power Envelope Coherence,Theta,UltraSlow,PO10,FC2,0.16949073303021012
BASELINE_EC,Band-Power Envelope Coherence,Theta,UltraSlow,PO10,F4,0.09049884101026924
BASELINE_EC,Band-Power Envelope Coherence,Theta,UltraSlow,PO10,F8,0.18205221582615272
BASELINE_EC,Band-Power Envelope Coherence,Theta,UltraSlow,PO10,Fp2,0.1531284568021283
BASELINE_EC,Band-Power Envelope Coherence,Theta,UltraSlow,P8,P4,0.39530343988084815
BASELINE_EC,Band-Power Envelope Coherence,Theta,UltraSlow,P8,CP2,0.34804946361801076
BASELINE_EC,Band-Power Envelope Coherence,Theta,UltraSlow,P8,CP6,0.48292593411883805
BASELINE_EC,Band-Power Envelope Coherence,Theta,UltraSlow,P8,T8,0.135884690862714
BASELINE_EC,Band-Power Envelope Coherence,Theta,UltraSlow,P8,FT10,0.1368973332702189
BASELINE_EC,Band-Power Envelope Coherence,Theta,UltraSlow,P8,FC6,0.22288823831234444
BASELINE_EC,Band-Power Envelope Coherence,Theta,UltraSlow,P8,C4,0.1970853743538659
BASELINE_EC,Band-Power Envelope Coherence,Theta,UltraSlow,P8,FC2,0.1153453002427601
BASELINE_EC,Band-Power Envelope Coherence,Theta,UltraSlow,P8,F4,0.05972729443422895
BASELINE_EC,Band-Power Envelope Coherence,Theta,UltraSlow,P8,F8,0.10953924533418019
BASELINE_EC,Band-Power Envelope Coherence,Theta,UltraSlow,P8,Fp2,0.08973445404775986
BASELINE_EC,Band-Power Envelope Coherence,Theta,UltraSlow,P4,CP2,0.7389667135514487
BASELINE_EC,Band-Power Envelope Coherence,Theta,UltraSlow,P4,CP6,0.5910677788209393
BASELINE_EC,Band-Power Envelope Coherence,Theta,UltraSlow,P4,T8,0.13696594896185077
BASELINE_EC,Band-Power Envelope Coherence,Theta,UltraSlow,P4,FT10,0.17649774680338212
BASELINE_EC,Band-Power Envelope Coherence,Theta,UltraSlow,P4,FC6,0.42686887875881113
BASELINE_EC,Band-Power Envelope Coherence,Theta,UltraSlow,P4,C4,0.4530654225401133
BASELINE_EC,Band-Power Envelope Coherence,Theta,UltraSlow,P4,FC2,0.2938583049153662
BASELINE_EC,Band-Power Envelope Coherence,Theta,UltraSlow,P4,F4,0.18599343704290175
BASELINE_EC,Band-Power Envelope Coherence,Theta,UltraSlow,P4,F8,0.1953372775889636
BASELINE_EC,Band-Power Envelope Coherence,Theta,UltraSlow,P4,Fp2,0.17496409463734103
BASELINE_EC,Band-Power Envelope Coherence,Theta,UltraSlow,CP2,CP6,0.5786458468976341
BASELINE_EC,Band-Power Envelope Coherence,Theta,UltraSlow,CP2,T8,0.14950775614777553
BASELINE_EC,Band-Power Envelope Coherence,Theta,UltraSlow,CP2,FT10,0.18989426055549205
BASELINE_EC,Band-Power Envelope Coherence,Theta,UltraSlow,CP2,FC6,0.4706885145089332
BASELINE_EC,Band-Power Envelope Coherence,Theta,UltraSlow,CP2,C4,0.4710903471465112
BASELINE_EC,Band-Power Envelope Coherence,Theta,UltraSlow,CP2,FC2,0.3250559610253042
BASELINE_EC,Band-Power Envelope Coherence,Theta,UltraSlow,CP2,F4,0.2092955116320905
BASELINE_EC,Band-Power Envelope Coherence,Theta,UltraSlow,CP2,F8,0.2150928198424653
BASELINE_EC,Band-Power Envelope Coherence,Theta,UltraSlow,CP2,Fp2,0.20263936046103873
BASELINE_EC,Band-Power Envelope Coherence,Theta,UltraSlow,CP6,T8,0.27165167321826894
BASELINE_EC,Band-Power Envelope Coherence,Theta,UltraSlow,CP6,FT10,0.31529600958388504
BASELINE_EC,Band-Power Envelope Coherence,Theta,UltraSlow,CP6,FC6,0.6185429756405306
BASELINE_EC,Band-Power Envelope Coherence,Theta,UltraSlow,CP6,C4,0.5125955423058804
BASELINE_EC,Band-Power Envelope Coherence,Theta,UltraSlow,CP6,FC2,0.3069576572117742
BASELINE_EC,Band-Power Envelope Coherence,Theta,UltraSlow,CP6,F4,0.2162073173005541
BASELINE_EC,Band-Power Envelope Coherence,Theta,UltraSlow,CP6,F8,0.3057187357726779
BASELINE_EC,Band-Power Envelope Coherence,Theta,UltraSlow,CP6,Fp2,0.2490340989051683
BASELINE_EC,Band-Power Envelope Coherence,Theta,UltraSlow,T8,FT10,0.2230043262812912
BASELINE_EC,Band-Power Envelope Coherence,Theta,UltraSlow,T8,FC6,0.31751295653545514
BASELINE_EC,Band-Power Envelope Coherence,Theta,UltraSlow,T8,C4,0.1478578518217617
BASELINE_EC,Band-Power Envelope Coherence,Theta,UltraSlow,T8,FC2,0.14309032791284412
BASELINE_EC,Band-Power Envelope Coherence,Theta,UltraSlow,T8,F4,0.07080116153685158
BASELINE_EC,Band-Power Envelope Coherence,Theta,UltraSlow,T8,F8,0.19297116352307322
BASELINE_EC,Band-Power Envelope Coherence,Theta,UltraSlow,T8,Fp2,0.13323324973832837
BASELINE_EC,Band-Power Envelope Coherence,Theta,UltraSlow,FT10,FC6,0.4742360972087532
BASELINE_EC,Band-Power Envelope Coherence,Theta,UltraSlow,FT10,C4,0.23084764718538162
BASELINE_EC,Band-Power Envelope Coherence,Theta,UltraSlow,FT10,FC2,0.15657002386968094
BASELINE_EC,Band-Power Envelope Coherence,Theta,UltraSlow,FT10,F4,0.15422608457465506
BASELINE_EC,Band-Power Envelope Coherence,Theta,UltraSlow,FT10,F8,0.42599666353726984
BASELINE_EC,Band-Power Envelope Coherence,Theta,UltraSlow,FT10,Fp2,0.22775858678510297
BASELINE_EC,Band-Power Envelope Coherence,Theta,UltraSlow,FC6,C4,0.5370944554894423
BASELINE_EC,Band-Power Envelope Coherence,Theta,UltraSlow,FC6,FC2,0.4263031360075098
BASELINE_EC,Band-Power Envelope Coherence,Theta,UltraSlow,FC6,F4,0.34113858421841337
BASELINE_EC,Band-Power Envelope Coherence,Theta,UltraSlow,FC6,F8,0.57002300777857
BASELINE_EC,Band-Power Envelope Coherence,Theta,UltraSlow,FC6,Fp2,0.4547595341990437
BASELINE_EC,Band-Power Envelope Coherence,Theta,UltraSlow,C4,FC2,0.3630370546653587
BASELINE_EC,Band-Power Envelope Coherence,Theta,UltraSlow,C4,F4,0.24308466541065102
BASELINE_EC,Band-Power Envelope Coherence,Theta,UltraSlow,C4,F8,0.27972678626174635
BASELINE_EC,Band-Power Envelope Coherence,Theta,UltraSlow,C4,Fp2,0.2415071877107219
BASELINE_EC,Band-Power Envelope Coherence,Theta,UltraSlow,FC2,F4,0.20075873515369114
BASELINE_EC,Band-Power Envelope Coherence,Theta,UltraSlow,FC2,F8,0.2519777323319602
BASELINE_EC,Band-Power Envelope Coherence,Theta,UltraSlow,FC2,Fp2,0.20611823508012322
BASELINE_EC,Band-Power Envelope Coherence,Theta,UltraSlow,F4,F8,0.1914887416452416
BASELINE_EC,Band-Power Envelope Coherence,Theta,UltraSlow,F4,Fp2,0.19973291730959908
BASELINE_EC,Band-Power Envelope Coherence,Theta,UltraSlow,F8,Fp2,0.35381729021617475
BASELINE_EC,Band-Power Envelope Coherence,Theta,Slow,Cz,Fz,0.5478956034952258
BASELINE_EC,Band-Power Envelope Coherence,Theta,Slow,Cz,Fp1,0.2775215653833992
BASELINE_EC,Band-Power Envelope Coherence,Theta,Slow,Cz,F7,0.44341029893592737
BASELINE_EC,Band-Power Envelope Coherence,Theta,Slow,Cz,F3,0.6848998527884178
BASELINE_EC,Band-Power Envelope Coherence,Theta,Slow,Cz,FC1,0.7071348341106632
BASELINE_EC,Band-Power Envelope Coherence,Theta,Slow,Cz,C3,0.4063313153041835
BASELINE_EC,Band-Power Envelope Coherence,Theta,Slow,Cz,FC5,0.4714297699572722
BASELINE_EC,Band-Power Envelope Coherence,Theta,Slow,Cz,FT9,0.2867031336280679
BASELINE_EC,Band-Power Envelope Coherence,Theta,Slow,Cz,T7,0.33508067604735753
BASELINE_EC,Band-Power Envelope Coherence,Theta,Slow,Cz,CP5,0.5005349530321358
BASELINE_EC,Band-Power Envelope Coherence,Theta,Slow,Cz,CP1,0.4948270092755719
BASELINE_EC,Band-Power Envelope Coherence,Theta,Slow,Cz,P3,0.4925855652981977
BASELINE_EC,Band-Power Envelope Coherence,Theta,Slow,Cz,P7,0.18456093874260812
BASELINE_EC,Band-Power Envelope Coherence,Theta,Slow,Cz,PO9,0.21757653369373597
BASELINE_EC,Band-Power Envelope Coherence,Theta,Slow,Cz,O1,0.23564243506593624
BASELINE_EC,Band-Power Envelope Coherence,Theta,Slow,Cz,Pz,0.44320009489945983
BASELINE_EC,Band-Power Envelope Coherence,Theta,Slow,Cz,Oz,0.36335086238234826
BASELINE_EC,Band-Power Envelope Coherence,Theta,Slow,Cz,O2,0.32650232509597416
BASELINE_EC,Band-Power Envelope Coherence,Theta,Slow,Cz,PO10,0.18097785397471922
BASELINE_EC,Band-Power Envelope Coherence,Theta,Slow,Cz,P8,0.1692387394555115
BASELINE_EC,Band-Power Envelope Coherence,Theta,Slow,Cz,P4,0.45886112229114545
BASELINE_EC,Band-Power Envelope Coherence,Theta,Slow,Cz,CP2,0.3847603021410458
BASELINE_EC,Band-Power Envelope Coherence,Theta,Slow,Cz,CP6,0.44535628392022636
BASELINE_EC,Band-Power Envelope Coherence,Theta,Slow,Cz,T8,0.08862643065600918
BASELINE_EC,Band-Power Envelope Coherence,Theta,Slow,Cz,FT10,0.20127440300169003
BASELINE_EC,Band-Power Envelope Coherence,Theta,Slow,Cz,FC6,0.5013817721281503
BASELINE_EC,Band-Power Envelope Coherence,Theta,Slow,Cz,C4,0.4606641753775762
BASELINE_EC,Band-Power Envelope Coherence,Theta,Slow,Cz,FC2,0.306511472571825
BASELINE_EC,Band-Power Envelope Coherence,Theta,Slow,Cz,F4,0.27122281880481347
BASELINE_EC,Band-Power Envelope Coherence,Theta,Slow,Cz,F8,0.22013616388139273
BASELINE_EC,Band-Power Envelope Coherence,Theta,Slow,Cz,Fp2,0.2468653174876387
BASELINE_EC,Band-Power Envelope Coherence,Theta,Slow,Fz,Fp1,0.37097479914824777
BASELINE_EC,Band-Power Envelope Coherence,Theta,Slow,Fz,F7,0.5428695686084138
BASELINE_EC,Band-Power Envelope Coherence,Theta,Slow,Fz,F3,0.7308722053092919
BASELINE_EC,Band-Power Envelope Coherence,Theta,Slow,Fz,FC1,0.6446982699192735
BASELINE_EC,Band-Power Envelope Coherence,Theta,Slow,Fz,C3,0.36628590361512414
BASELINE_EC,Band-Power Envelope Coherence,Theta,Slow,Fz,FC5,0.49922368105550247
BASELINE_EC,Band-Power Envelope Coherence,Theta,Slow,Fz,FT9,0.3742564286958065
BASELINE_EC,Band-Power Envelope Coherence,Theta,Slow,Fz,T7,0.38743192362301393
BASELINE_EC,Band-Power Envelope Coherence,Theta,Slow,Fz,CP5,0.45563640564372554
BASELINE_EC,Band-Power Envelope Coherence,Theta,Slow,Fz,CP1,0.3993978891633984
BASELINE_EC,Band-Power Envelope Coherence,Theta,Slow,Fz,P3,0.3949019244699088
BASELINE_EC,Band-Power Envelope Coherence,Theta,Slow,Fz,P7,0.2799045796388905
BASELINE_EC,Band-Power Envelope Coherence,Theta,Slow,Fz,PO9,0.2668764323540178
BASELINE_EC,Band-Power Envelope Coherence,Theta,Slow,Fz,O1,0.20375537606975908
BASELINE_EC,Band-Power Envelope Coherence,Theta,Slow,Fz,Pz,0.36035417143926407
BASELINE_EC,Band-Power Envelope Coherence,Theta,Slow,Fz,Oz,0.2912610077834313
BASELINE_EC,Band-Power Envelope Coherence,Theta,Slow,Fz,O2,0.251331663395218
BASELINE_EC,Band-Power Envelope Coherence,Theta,Slow,Fz,PO10,0.17879325166651416
BASELINE_EC,Band-Power Envelope Coherence,Theta,Slow,Fz,P8,0.10968236682116689
BASELINE_EC,Band-Power Envelope Coherence,Theta,Slow,Fz,P4,0.3378164722800774
BASELINE_EC,Band-Power Envelope Coherence,Theta,Slow,Fz,CP2,0.3137457334295614
BASELINE_EC,Band-Power Envelope Coherence,Theta,Slow,Fz,CP6,0.35877664801853937
BASELINE_EC,Band-Power Envelope Coherence,Theta,Slow,Fz,T8,0.11795633163531363
BASELINE_EC,Band-Power Envelope Coherence,Theta,Slow,Fz,FT10,0.2869535534785235
BASELINE_EC,Band-Power Envelope Coherence,Theta,Slow,Fz,FC6,0.574978321412703
BASELINE_EC,Band-Power Envelope Coherence,Theta,Slow,Fz,C4,0.3871473153754567
BASELINE_EC,Band-Power Envelope Coherence,Theta,Slow,Fz,FC2,0.3234188606429441
BASELINE_EC,Band-Power Envelope Coherence,Theta,Slow,Fz,F4,0.29040365019262704
BASELINE_EC,Band-Power Envelope Coherence,Theta,Slow,Fz,F8,0.37530662148174765
BASELINE_EC,Band-Power Envelope Coherence,Theta,Slow,Fz,Fp2,0.3607864365602494
BASELINE_EC,Band-Power Envelope Coherence,Theta,Slow,Fp1,F7,0.5526596662729559
BASELINE_EC,Band-Power Envelope Coherence,Theta,Slow,Fp1,F3,0.514554118819939
BASELINE_EC,Band-Power Envelope Coherence,Theta,Slow,Fp1,FC1,0.4309787202164751
BASELINE_EC,Band-Power Envelope Coherence,Theta,Slow,Fp1,C3,0.22734138495236764
BASELINE_EC,Band-Power Envelope Coherence,Theta,Slow,Fp1,FC5,0.36197443860507794
BASELINE_EC,Band-Power Envelope Coherence,Theta,Slow,Fp1,FT9,0.3655540400817646
BASELINE_EC,Band-Power Envelope Coherence,Theta,Slow,Fp1,T7,0.28529841340241985
BASELINE_EC,Band-Power Envelope Coherence,Theta,Slow,Fp1,CP5,0.28311225114915867
BASELINE_EC,Band-Power Envelope Coherence,Theta,Slow,Fp1,CP1,0.26057420796140074
BASELINE_EC,Band-Power Envelope Coherence,Theta,Slow,Fp1,P3,0.24728476275344893
BASELINE_EC,Band-Power Envelope Coherence,Theta,Slow,Fp1,P7,0.19729582427168302
BASELINE_EC,Band-Power Envelope Coherence,Theta,Slow,Fp1,PO9,0.24245565218241377
BASELINE_EC,Band-Power Envelope Coherence,Theta,Slow,Fp1,O1,0.16710715199424825
BASELINE_EC,Band-Power Envelope Coherence,Theta,Slow,Fp1,Pz,0.23730938387940256
BASELINE_EC,Band-Power Envelope Coherence,Theta,Slow,Fp1,Oz,0.2195217870167725
BASELINE_EC,Band-Power Envelope Coherence,Theta,Slow,Fp1,O2,0.21264462855767563
BASELINE_EC,Band-Power Envelope Coherence,Theta,Slow,Fp1,PO10,0.20210036119510186
BASELINE_EC,Band-Power Envelope Coherence,Theta,Slow,Fp1,P8,0.1186286589541061
BASELINE_EC,Band-Power Envelope Coherence,Theta,Slow,Fp1,P4,0.2278164744414281
BASELINE_EC,Band-Power Envelope Coherence,Theta,Slow,Fp1,CP2,0.19307306083183043
BASELINE_EC,Band-Power Envelope Coherence,Theta,Slow,Fp1,CP6,0.261478568259057
BASELINE_EC,Band-Power Envelope Coherence,Theta,Slow,Fp1,T8,0.16885319595977413
BASELINE_EC,Band-Power Envelope Coherence,Theta,Slow,Fp1,FT10,0.22207757866980987
BASELINE_EC,Band-Power Envelope Coherence,Theta,Slow,Fp1,FC6,0.3839609726954507
BASELINE_EC,Band-Power Envelope Coherence,Theta,Slow,Fp1,C4,0.2501397696427014
BASELINE_EC,Band-Power Envelope Coherence,Theta,Slow,Fp1,FC2,0.21934121578411653
BASELINE_EC,Band-Power Envelope Coherence,Theta,Slow,Fp1,F4,0.19002698074259322
BASELINE_EC,Band-Power Envelope Coherence,Theta,Slow,Fp1,F8,0.282903722036444
BASELINE_EC,Band-Power Envelope Coherence,Theta,Slow,Fp1,Fp2,0.6740496953038705
BASELINE_EC,Band-Power Envelope Coherence,Theta,Slow,F7,F3,0.7611613538238751
BASELINE_EC,Band-Power Envelope Coherence,Theta,Slow,F7,FC1,0.6948208257895967
BASELINE_EC,Band-Power Envelope Coherence,Theta,Slow,F7,C3,0.4239373066351316
BASELINE_EC,Band-Power Envelope Coherence,Theta,Slow,F7,FC5,0.6532027049052348
BASELINE_EC,Band-Power Envelope Coherence,Theta,Slow,F7,FT9,0.7196560969941193
BASELINE_EC,Band-Power Envelope Coherence,Theta,Slow,F7,T7,0.6163029749028124
BASELINE_EC,Band-Power Envelope Coherence,Theta,Slow,F7,CP5,0.591272507328457
BASELINE_EC,Band-Power Envelope Coherence,Theta,Slow,F7,CP1,0.4955762191159741
BASELINE_EC,Band-Power Envelope Coherence,Theta,Slow,F7,P3,0.47913902405737385
BASELINE_EC,Band-Power Envelope Coherence,Theta,Slow,F7,P7,0.40576458339470756
BASELINE_EC,Band-Power Envelope Coherence,Theta,Slow,F7,PO9,0.45012401289124554
BASELINE_EC,Band-Power Envelope Coherence,Theta,Slow,F7,O1,0.3195024978513427
BASELINE_EC,Band-Power Envelope Coherence,Theta,Slow,F7,Pz,0.4598675301023263
BASELINE_EC,Band-Power Envelope Coherence,Theta,Slow,F7,Oz,0.41683741292083937
BASELINE_EC,Band-Power Envelope Coherence,Theta,Slow,F7,O2,0.4059911240314818
BASELINE_EC,Band-Power Envelope Coherence,Theta,Slow,F7,PO10,0.34760031094491056
BASELINE_EC,Band-Power Envelope Coherence,Theta,Slow,F7,P8,0.20390413234124474
BASELINE_EC,Band-Power Envelope Coherence,Theta,Slow,F7,P4,0.43025414184916594
BASELINE_EC,Band-Power Envelope Coherence,Theta,Slow,F7,CP2,0.3501414844055694
BASELINE_EC,Band-Power Envelope Coherence,Theta,Slow,F7,CP6,0.4015074655754327
BASELINE_EC,Band-Power Envelope Coherence,Theta,Slow,F7,T8,0.15860648933572152
BASELINE_EC,Band-Power Envelope Coherence,Theta,Slow,F7,FT10,0.2996080919752631
BASELINE_EC,Band-Power Envelope Coherence,Theta,Slow,F7,FC6,0.5360501226152974
BASELINE_EC,Band-Power Envelope Coherence,Theta,Slow,F7,C4,0.37992598692650953
BASELINE_EC,Band-Power Envelope Coherence,Theta,Slow,F7,FC2,0.3257904627012165
BASELINE_EC,Band-Power Envelope Coherence,Theta,Slow,F7,F4,0.2950375446559026
BASELINE_EC,Band-Power Envelope Coherence,Theta,Slow,F7,F8,0.3478683058997375
BASELINE_EC,Band-Power Envelope Coherence,Theta,Slow,F7,Fp2,0.4258961693101109
BASELINE_EC,Band-Power Envelope Coherence,Theta,Slow,F3,FC1,0.8111954496014344
BASELINE_EC,Band-Power Envelope Coherence,Theta,Slow,F3,C3,0.4707391666238351
BASELINE_EC,Band-Power Envelope Coherence,Theta,Slow,F3,FC5,0.660806814295847
BASELINE_EC,Band-Power Envelope Coherence,Theta,Slow,F3,FT9,0.484027329454845
BASELINE_EC,Band-Power Envelope Coherence,Theta,Slow,F3,T7,0.5122003897152602
BASELINE_EC,Band-Power Envelope Coherence,Theta,Slow,F3,CP5,0.5926089583974401
BASELINE_EC,Band-Power Envelope Coherence,Theta,Slow,F3,CP1,0.4882522696536969
BASELINE_EC,Band-Power Envelope Coherence,Theta,Slow,F3,P3,0.4766507365025058
BASELINE_EC,Band-Power Envelope Coherence,Theta,Slow,F3,P7,0.31177745205384233
BASELINE_EC,Band-Power Envelope Coherence,Theta,Slow,F3,PO9,0.33596742936356555
BASELINE_EC,Band-Power Envelope Coherence,Theta,Slow,F3,O1,0.2718303293699599
BASELINE_EC,Band-Power Envelope Coherence,Theta,Slow,F3,Pz,0.447457165417075
BASELINE_EC,Band-Power Envelope Coherence,Theta,Slow,F3,Oz,0.3664780454902977
BASELINE_EC,Band-Power Envelope Coherence,Theta,Slow,F3,O2,0.3350520721387235
BASELINE_EC,Band-Power Envelope Coherence,Theta,Slow,F3,PO10,0.26194379230522874
BASELINE_EC,Band-Power Envelope Coherence,Theta,Slow,F3,P8,0.17486429047978344
BASELINE_EC,Band-Power Envelope Coherence,Theta,Slow,F3,P4,0.42158853864445606
BASELINE_EC,Band-Power Envelope Coherence,Theta,Slow,F3,CP2,0.36083722009048835
BASELINE_EC,Band-Power Envelope Coherence,Theta,Slow,F3,CP6,0.4447283574415588
BASELINE_EC,Band-Power Envelope Coherence,Theta,Slow,F3,T8,0.11537347489707209
BASELINE_EC,Band-Power Envelope Coherence,Theta,Slow,F3,FT10,0.32090143934055665
BASELINE_EC,Band-Power Envelope Coherence,Theta,Slow,F3,FC6,0.649429374141964
BASELINE_EC,Band-Power Envelope Coherence,Theta,Slow,F3,C4,0.4547633862194055
BASELINE_EC,Band-Power Envelope Coherence,Theta,Slow,F3,FC2,0.37783458609568243
BASELINE_EC,Band-Power Envelope Coherence,Theta,Slow,F3,F4,0.3417605871713828
BASELINE_EC,Band-Power Envelope Coherence,Theta,Slow,F3,F8,0.3953150851111128
BASELINE_EC,Band-Power Envelope Coherence,Theta,Slow,F3,Fp2,0.4530544434377575
BASELINE_EC,Band-Power Envelope Coherence,Theta,Slow,FC1,C3,0.548400646212623
BASELINE_EC,Band-Power Envelope Coherence,Theta,Slow,FC1,FC5,0.6860943812485912
BASELINE_EC,Band-Power Envelope Coherence,Theta,Slow,FC1,FT9,0.5378931434994821
BASELINE_EC,Band-Power Envelope Coherence,Theta,Slow,FC1,T7,0.5759310236860091
BASELINE_EC,Band-Power Envelope Coherence,Theta,Slow,FC1,CP5,0.7274102799384057
BASELINE_EC,Band-Power Envelope Coherence,Theta,Slow,FC1,CP1,0.6904373552334224
BASELINE_EC,Band-Power Envelope Coherence,Theta,Slow,FC1,P3,0.6842117793641616
BASELINE_EC,Band-Power Envelope Coherence,Theta,Slow,FC1,P7,0.392081565439525
BASELINE_EC,Band-Power Envelope Coherence,Theta,Slow,FC1,PO9,0.441629401329467
BASELINE_EC,Band-Power Envelope Coherence,Theta,Slow,FC1,O1,0.398307337363144
BASELINE_EC,Band-Power Envelope Coherence,Theta,Slow,FC1,Pz,0.6218250867802196
BASELINE_EC,Band-Power Envelope Coherence,Theta,Slow,FC1,Oz,0.5677835358121389
BASELINE_EC,Band-Power Envelope Coherence,Theta,Slow,FC1,O2,0.5267555182436454
BASELINE_EC,Band-Power Envelope Coherence,Theta,Slow,FC1,PO10,0.3733227563524494
BASELINE_EC,Band-Power Envelope Coherence,Theta,Slow,FC1,P8,0.25560914951177943
BASELINE_EC,Band-Power Envelope Coherence,Theta,Slow,FC1,P4,0.599200288044741
BASELINE_EC,Band-Power Envelope Coherence,Theta,Slow,FC1,CP2,0.5256290514169198
BASELINE_EC,Band-Power Envelope Coherence,Theta,Slow,FC1,CP6,0.5656779556061919
BASELINE_EC,Band-Power Envelope Coherence,Theta,Slow,FC1,T8,0.2462875045948753
BASELINE_EC,Band-Power Envelope Coherence,Theta,Slow,FC1,FT10,0.3460085051329442
BASELINE_EC,Band-Power Envelope Coherence,Theta,Slow,FC1,FC6,0.6838888283613803
BASELINE_EC,Band-Power Envelope Coherence,Theta,Slow,FC1,C4,0.5281661845511809
BASELINE_EC,Band-Power Envelope Coherence,Theta,Slow,FC1,FC2,0.4205549703358501
BASELINE_EC,Band-Power Envelope Coherence,Theta,Slow,FC1,F4,0.3159407439592703
BASELINE_EC,Band-Power Envelope Coherence,Theta,Slow,FC1,F8,0.3802444525432384
BASELINE_EC,Band-Power Envelope Coherence,Theta,Slow,FC1,Fp2,0.3638632234478865
BASELINE_EC,Band-Power Envelope Coherence,Theta,Slow,C3,FC5,0.4434613040897529
BASELINE_EC,Band-Power Envelope Coherence,Theta,Slow,C3,FT9,0.3565006657173999
BASELINE_EC,Band-Power Envelope Coherence,Theta,Slow,C3,T7,0.39012785356433327
BASELINE_EC,Band-Power Envelope Coherence,Theta,Slow,C3,CP5,0.5331281129005588
BASELINE_EC,Band-Power Envelope Coherence,Theta,Slow,C3,CP1,0.4836894422258136
BASELINE_EC,Band-Power Envelope Coherence,Theta,Slow,C3,P3,0.48576384592090505
BASELINE_EC,Band-Power Envelope Coherence,Theta,Slow,C3,P7,0.30283751007186055
BASELINE_EC,Band-Power Envelope Coherence,Theta,Slow,C3,PO9,0.32660213164147545
BASELINE_EC,Band-Power Envelope Coherence,Theta,Slow,C3,O1,0.3093053427914381
BASELINE_EC,Band-Power Envelope Coherence,Theta,Slow,C3,Pz,0.44885244456129053
BASELINE_EC,Band-Power Envelope Coherence,Theta,Slow,C3,Oz,0.3989026682117315
BASELINE_EC,Band-Power Envelope Coherence,Theta,Slow,C3,O2,0.3753525925809819
BASELINE_EC,Band-Power Envelope Coherence,Theta,Slow,C3,PO10,0.25327476492354906
BASELINE_EC,Band-Power Envelope Coherence,Theta,Slow,C3,P8,0.17461549271424337
BASELINE_EC,Band-Power Envelope Coherence,Theta,Slow,C3,P4,0.4236831923424424
BASELINE_EC,Band-Power Envelope Coherence,Theta,Slow,C3,CP2,0.37108805952573926
BASELINE_EC,Band-Power Envelope Coherence,Theta,Slow,C3,CP6,0.35811460326316
BASELINE_EC,Band-Power Envelope Coherence,Theta,Slow,C3,T8,0.08308703361728056
BASELINE_EC,Band-Power Envelope Coherence,Theta,Slow,C3,FT10,0.18427356601402867
BASELINE_EC,Band-Power Envelope Coherence,Theta,Slow,C3,FC6,0.37231177989795017
BASELINE_EC,Band-Power Envelope Coherence,Theta,Slow,C3,C4,0.3522026910671495
BASELINE_EC,Band-Power Envelope Coherence,Theta,Slow,C3,FC2,0.279957673507936
BASELINE_EC,Band-Power Envelope Coherence,Theta,Slow,C3,F4,0.1944468027943553
BASELINE_EC,Band-Power Envelope Coherence,Theta,Slow,C3,F8,0.2090500653151931
BASELINE_EC,Band-Power Envelope Coherence,Theta,Slow,C3,Fp2,0.17937146685123373
BASELINE_EC,Band-Power Envelope Coherence,Theta,Slow,FC5,FT9,0.5107904471881634
BASELINE_EC,Band-Power Envelope Coherence,Theta,Slow,FC5,T7,0.5289754644852525
BASELINE_EC,Band-Power Envelope Coherence,Theta,Slow,FC5,CP5,0.6103208269759656
BASELINE_EC,Band-Power Envelope Coherence,Theta,Slow,FC5,CP1,0.49214901983521653
BASELINE_EC,Band-Power Envelope Coherence,Theta,Slow,FC5,P3,0.49233027423019277
BASELINE_EC,Band-Power Envelope Coherence,Theta,Slow,FC5,P7,0.36663165422660576
BASELINE_EC,Band-Power Envelope Coherence,Theta,Slow,FC5,PO9,0.3842067364135191
BASELINE_EC,Band-Power Envelope Coherence,Theta,Slow,FC5,O1,0.30250574583879897
BASELINE_EC,Band-Power Envelope Coherence,Theta,Slow,FC5,Pz,0.45543724974127997
BASELINE_EC,Band-Power Envelope Coherence,Theta,Slow,FC5,Oz,0.3956099963167153
BASELINE_EC,Band-Power Envelope Coherence,Theta,Slow,FC5,O2,0.36882186122449806
BASELINE_EC,Band-Power Envelope Coherence,Theta,Slow,FC5,PO10,0.2827721599969019
BASELINE_EC,Band-Power Envelope Coherence,Theta,Slow,FC5,P8,0.17052572051475418
BASELINE_EC,Band-Power Envelope Coherence,Theta,Slow,FC5,P4,0.42125906526368967
BASELINE_EC,Band-Power Envelope Coherence,Theta,Slow,FC5,CP2,0.38065479489821263
BASELINE_EC,Band-Power Envelope Coherence,Theta,Slow,FC5,CP6,0.3920508503388123
BASELINE_EC,Band-Power Envelope Coherence,Theta,Slow,FC5,T8,0.14198528107992117
BASELINE_EC,Band-Power Envelope Coherence,Theta,Slow,FC5,FT10,0.24135882897453775
BASELINE_EC,Band-Power Envelope Coherence,Theta,Slow,FC5,FC6,0.49787871764544855
BASELINE_EC,Band-Power Envelope Coherence,Theta,Slow,FC5,C4,0.39208049912057813
BASELINE_EC,Band-Power Envelope Coherence,Theta,Slow,FC5,FC2,0.32788266198283095
BASELINE_EC,Band-Power Envelope Coherence,Theta,Slow,FC5,F4,0.24201773626693235
BASELINE_EC,Band-Power Envelope Coherence,Theta,Slow,FC5,F8,0.2826254472438501
BASELINE_EC,Band-Power Envelope Coherence,Theta,Slow,FC5,Fp2,0.27899820589765184
BASELINE_EC,Band-Power Envelope Coherence,Theta,Slow,FT9,T7,0.5722448366742099
BASELINE_EC,Band-Power Envelope Coherence,Theta,Slow,FT9,CP5,0.5492177055441039
BASELINE_EC,Band-Power Envelope Coherence,Theta,Slow,FT9,CP1,0.4735010191832393
BASELINE_EC,Band-Power Envelope Coherence,Theta,Slow,FT9,P3,0.46339860297338453
BASELINE_EC,Band-Power Envelope Coherence,Theta,Slow,FT9,P7,0.4659435159820464
BASELINE_EC,Band-Power Envelope Coherence,Theta,Slow,FT9,PO9,0.5045367135210834
BASELINE_EC,Band-Power Envelope Coherence,Theta,Slow,FT9,O1,0.33615350792015997
BASELINE_EC,Band-Power Envelope Coherence,Theta,Slow,FT9,Pz,0.44728860553614097
BASELINE_EC,Band-Power Envelope Coherence,Theta,Slow,FT9,Oz,0.4399104434348073
BASELINE_EC,Band-Power Envelope Coherence,Theta,Slow,FT9,O2,0.4161084913453955
BASELINE_EC,Band-Power Envelope Coherence,Theta,Slow,FT9,PO10,0.363184153314947
BASELINE_EC,Band-Power Envelope Coherence,Theta,Slow,FT9,P8,0.189518264669471
BASELINE_EC,Band-Power Envelope Coherence,Theta,Slow,FT9,P4,0.39372326783960204
BASELINE_EC,Band-Power Envelope Coherence,Theta,Slow,FT9,CP2,0.32501268109317805
BASELINE_EC,Band-Power Envelope Coherence,Theta,Slow,FT9,CP6,0.33841886782097497
BASELINE_EC,Band-Power Envelope Coherence,Theta,Slow,FT9,T8,0.14886620525430888
BASELINE_EC,Band-Power Envelope Coherence,Theta,Slow,FT9,FT10,0.25566255759103673
BASELINE_EC,Band-Power Envelope Coherence,Theta,Slow,FT9,FC6,0.3945572814305512
BASELINE_EC,Band-Power Envelope Coherence,Theta,Slow,FT9,C4,0.2935430287700806
BASELINE_EC,Band-Power Envelope Coherence,Theta,Slow,FT9,FC2,0.24723860925589392
BASELINE_EC,Band-Power Envelope Coherence,Theta,Slow,FT9,F4,0.19493618906036064
BASELINE_EC,Band-Power Envelope Coherence,Theta,Slow,FT9,F8,0.26041179053823105
BASELINE_EC,Band-Power Envelope Coherence,Theta,Slow,FT9,Fp2,0.2902655825760077
BASELINE_EC,Band-Power Envelope Coherence,Theta,Slow,T7,CP5,0.6126583598491988
BASELINE_EC,Band-Power Envelope Coherence,Theta,Slow,T7,CP1,0.4992405573059868
BASELINE_EC,Band-Power Envelope Coherence,Theta,Slow,T7,P3,0.4915983736845597
BASELINE_EC,Band-Power Envelope Coherence,Theta,Slow,T7,P7,0.4158584260233163
BASELINE_EC,Band-Power Envelope Coherence,Theta,Slow,T7,PO9,0.43545826918581815
BASELINE_EC,Band-Power Envelope Coherence,Theta,Slow,T7,O1,0.30894671605100155
BASELINE_EC,Band-Power Envelope Coherence,Theta,Slow,T7,Pz,0.4604264106826931
BASELINE_EC,Band-Power Envelope Coherence,Theta,Slow,T7,Oz,0.4179246574313845
BASELINE_EC,Band-Power Envelope Coherence,Theta,Slow,T7,O2,0.39953046173740686
BASELINE_EC,Band-Power Envelope Coherence,Theta,Slow,T7,PO10,0.320462549147777
BASELINE_EC,Band-Power Envelope Coherence,Theta,Slow,T7,P8,0.18678777464867097
BASELINE_EC,Band-Power Envelope Coherence,Theta,Slow,T7,P4,0.4182068309362085
BASELINE_EC,Band-Power Envelope Coherence,Theta,Slow,T7,CP2,0.3910681784808337
BASELINE_EC,Band-Power Envelope Coherence,Theta,Slow,T7,CP6,0.3369947933743299
BASELINE_EC,Band-Power Envelope Coherence,Theta,Slow,T7,T8,0.10543399341796797
BASELINE_EC,Band-Power Envelope Coherence,Theta,Slow,T7,FT10,0.2225834909754183
BASELINE_EC,Band-Power Envelope Coherence,Theta,Slow,T7,FC6,0.38140713541711224
BASELINE_EC,Band-Power Envelope Coherence,Theta,Slow,T7,C4,0.3126953970025302
BASELINE_EC,Band-Power Envelope Coherence,Theta,Slow,T7,FC2,0.24393057111671312
BASELINE_EC,Band-Power Envelope Coherence,Theta,Slow,T7,F4,0.1856748641451135
BASELINE_EC,Band-Power Envelope Coherence,Theta,Slow,T7,F8,0.21122527551383613
BASELINE_EC,Band-Power Envelope Coherence,Theta,Slow,T7,Fp2,0.21586437472881623
BASELINE_EC,Band-Power Envelope Coherence,Theta,Slow,CP5,CP1,0.7050490906768506
BASELINE_EC,Band-Power Envelope Coherence,Theta,Slow,CP5,P3,0.738782991760315
BASELINE_EC,Band-Power Envelope Coherence,Theta,Slow,CP5,P7,0.5425048564845264
BASELINE_EC,Band-Power Envelope Coherence,Theta,Slow,CP5,PO9,0.5366818655590687
BASELINE_EC,Band-Power Envelope Coherence,Theta,Slow,CP5,O1,0.45847560089045386
BASELINE_EC,Band-Power Envelope Coherence,Theta,Slow,CP5,Pz,0.6480645104750434
BASELINE_EC,Band-Power Envelope Coherence,Theta,Slow,CP5,Oz,0.5833464827868466
BASELINE_EC,Band-Power Envelope Coherence,Theta,Slow,CP5,O2,0.5398660841465753
BASELINE_EC,Band-Power Envelope Coherence,Theta,Slow,CP5,PO10,0.36302322887356697
BASELINE_EC,Band-Power Envelope Coherence,Theta,Slow,CP5,P8,0.2220191710717549
BASELINE_EC,Band-Power Envelope Coherence,Theta,Slow,CP5,P4,0.5892817855141064
BASELINE_EC,Band-Power Envelope Coherence,Theta,Slow,CP5,CP2,0.5033837895559474
BASELINE_EC,Band-Power Envelope Coherence,Theta,Slow,CP5,CP6,0.456331878539411
BASELINE_EC,Band-Power Envelope Coherence,Theta,Slow,CP5,T8,0.10900479114932862
BASELINE_EC,Band-Power Envelope Coherence,Theta,Slow,CP5,FT10,0.25156210117952976
BASELINE_EC,Band-Power Envelope Coherence,Theta,Slow,CP5,FC6,0.45994484663109286
BASELINE_EC,Band-Power Envelope Coherence,Theta,Slow,CP5,C4,0.4184360234412361
BASELINE_EC,Band-Power Envelope Coherence,Theta,Slow,CP5,FC2,0.313485860644183
BASELINE_EC,Band-Power Envelope Coherence,Theta,Slow,CP5,F4,0.22144058295642333
BASELINE_EC,Band-Power Envelope Coherence,Theta,Slow,CP5,F8,0.25265578882390954
BASELINE_EC,Band-Power Envelope Coherence,Theta,Slow,CP5,Fp2,0.21369389522305732
BASELINE_EC,Band-Power Envelope Coherence,Theta,Slow,CP1,P3,0.8545085435867197
BASELINE_EC,Band-Power Envelope Coherence,Theta,Slow,CP1,P7,0.4610789784434116
BASELINE_EC,Band-Power Envelope Coherence,Theta,Slow,CP1,PO9,0.5474894895260557
BASELINE_EC,Band-Power Envelope Coherence,Theta,Slow,CP1,O1,0.5614817285609756
BASELINE_EC,Band-Power Envelope Coherence,Theta,Slow,CP1,Pz,0.7810875021610341
BASELINE_EC,Band-Power Envelope Coherence,Theta,Slow,CP1,Oz,0.825881263773598
BASELINE_EC,Band-Power Envelope Coherence,Theta,Slow,CP1,O2,0.7940718783694484
BASELINE_EC,Band-Power Envelope Coherence,Theta,Slow,CP1,PO10,0.5166509969824478
BASELINE_EC,Band-Power Envelope Coherence,Theta,Slow,CP1,P8,0.3979415626741496
BASELINE_EC,Band-Power Envelope Coherence,Theta,Slow,CP1,P4,0.7881480190524424
BASELINE_EC,Band-Power Envelope Coherence,Theta,Slow,CP1,CP2,0.6504847417054166
BASELINE_EC,Band-Power Envelope Coherence,Theta,Slow,CP1,CP6,0.6078624544282364
BASELINE_EC,Band-Power Envelope Coherence,Theta,Slow,CP1,T8,0.15871073329470875
BASELINE_EC,Band-Power Envelope Coherence,Theta,Slow,CP1,FT10,0.253951670095756
BASELINE_EC,Band-Power Envelope Coherence,Theta,Slow,CP1,FC6,0.48790053326652416
BASELINE_EC,Band-Power Envelope Coherence,Theta,Slow,CP1,C4,0.4663121240442092
BASELINE_EC,Band-Power Envelope Coherence,Theta,Slow,CP1,FC2,0.31374503261234427
BASELINE_EC,Band-Power Envelope Coherence,Theta,Slow,CP1,F4,0.22345219481332249
BASELINE_EC,Band-Power Envelope Coherence,Theta,Slow,CP1,F8,0.2614308873664672
BASELINE_EC,Band-Power Envelope Coherence,Theta,Slow,CP1,Fp2,0.22030539844685795
BASELINE_EC,Band-Power Envelope Coherence,Theta,Slow,P3,P7,0.4823459505582023
BASELINE_EC,Band-Power Envelope Coherence,Theta,Slow,P3,PO9,0.5312378647028981
BASELINE_EC,Band-Power Envelope Coherence,Theta,Slow,P3,O1,0.5605846701917423
BASELINE_EC,Band-Power Envelope Coherence,Theta,Slow,P3,Pz,0.772683206842496
BASELINE_EC,Band-Power Envelope Coherence,Theta,Slow,P3,Oz,0.8113993459141576
BASELINE_EC,Band-Power Envelope Coherence,Theta,Slow,P3,O2,0.7552714500624437
BASELINE_EC,Band-Power Envelope Coherence,Theta,Slow,P3,PO10,0.4588499167875636
BASELINE_EC,Band-Power Envelope Coherence,Theta,Slow,P3,P8,0.3429143374574941
BASELINE_EC,Band-Power Envelope Coherence,Theta,Slow,P3,P4,0.7598388916860372
BASELINE_EC,Band-Power Envelope Coherence,Theta,Slow,P3,CP2,0.640830686599184
BASELINE_EC,Band-Power Envelope Coherence,Theta,Slow,P3,CP6,0.5414896441300718
BASELINE_EC,Band-Power Envelope Coherence,Theta,Slow,P3,T8,0.1440657327215569
BASELINE_EC,Band-Power Envelope Coherence,Theta,Slow,P3,FT10,0.22417456856637272
BASELINE_EC,Band-Power Envelope Coherence,Theta,Slow,P3,FC6,0.4452696326153476
BASELINE_EC,Band-Power Envelope Coherence,Theta,Slow,P3,C4,0.44104561690945904
BASELINE_EC,Band-Power Envelope Coherence,Theta,Slow,P3,FC2,0.305134251471921
BASELINE_EC,Band-Power Envelope Coherence,Theta,Slow,P3,F4,0.20675410103437916
BASELINE_EC,Band-Power Envelope Coherence,Theta,Slow,P3,F8,0.2344739098978189
BASELINE_EC,Band-Power Envelope Coherence,Theta,Slow,P3,Fp2,0.2000429501838394
BASELINE_EC,Band-Power Envelope Coherence,Theta,Slow,P7,PO9,0.5548307834833714
BASELINE_EC,Band-Power Envelope Coherence,Theta,Slow,P7,O1,0.3717474134438951
BASELINE_EC,Band-Power Envelope Coherence,Theta,Slow,P7,Pz,0.42982194875464474
BASELINE_EC,Band-Power Envelope Coherence,Theta,Slow,P7,Oz,0.4340784892337281
BASELINE_EC,Band-Power Envelope Coherence,Theta,Slow,P7,O2,0.3860904276402281
BASELINE_EC,Band-Power Envelope Coherence,Theta,Slow,P7,PO10,0.3231703121097253
BASELINE_EC,Band-Power Envelope Coherence,Theta,Slow,P7,P8,0.14985723431912315
BASELINE_EC,Band-Power Envelope Coherence,Theta,Slow,P7,P4,0.36743743066617984
BASELINE_EC,Band-Power Envelope Coherence,Theta,Slow,P7,CP2,0.31741975854745524
BASELINE_EC,Band-Power Envelope Coherence,Theta,Slow,P7,CP6,0.2453279316456508
BASELINE_EC,Band-Power Envelope Coherence,Theta,Slow,P7,T8,0.08238288494663408
BASELINE_EC,Band-Power Envelope Coherence,Theta,Slow,P7,FT10,0.17546449633179576
BASELINE_EC,Band-Power Envelope Coherence,Theta,Slow,P7,FC6,0.2763062542514908
BASELINE_EC,Band-Power Envelope Coherence,Theta,Slow,P7,C4,0.22378429168859057
BASELINE_EC,Band-Power Envelope Coherence,Theta,Slow,P7,FC2,0.1902889169224396
BASELINE_EC,Band-Power Envelope Coherence,Theta,Slow,P7,F4,0.12082157579201704
BASELINE_EC,Band-Power Envelope Coherence,Theta,Slow,P7,F8,0.19269138572270242
BASELINE_EC,Band-Power Envelope Coherence,Theta,Slow,P7,Fp2,0.1485750631637252
BASELINE_EC,Band-Power Envelope Coherence,Theta,Slow,PO9,O1,0.4620011619995262
BASELINE_EC,Band-Power Envelope Coherence,Theta,Slow,PO9,Pz,0.5042068724938183
BASELINE_EC,Band-Power Envelope Coherence,Theta,Slow,PO9,Oz,0.5890932197522761
BASELINE_EC,Band-Power Envelope Coherence,Theta,Slow,PO9,O2,0.5464341919671062
BASELINE_EC,Band-Power Envelope Coherence,Theta,Slow,PO9,PO10,0.5106828018672906
BASELINE_EC,Band-Power Envelope Coherence,Theta,Slow,PO9,P8,0.25023763393142046
BASELINE_EC,Band-Power Envelope Coherence,Theta,Slow,PO9,P4,0.4616581780063089
BASELINE_EC,Band-Power Envelope Coherence,Theta,Slow,PO9,CP2,0.368589701549605
BASELINE_EC,Band-Power Envelope Coherence,Theta,Slow,PO9,CP6,0.34232095389812317
BASELINE_EC,Band-Power Envelope Coherence,Theta,Slow,PO9,T8,0.11549301151750192
BASELINE_EC,Band-Power Envelope Coherence,Theta,Slow,PO9,FT10,0.26438960171351406
BASELINE_EC,Band-Power Envelope Coherence,Theta,Slow,PO9,FC6,0.33097134116135896
BASELINE_EC,Band-Power Envelope Coherence,Theta,Slow,PO9,C4,0.27781801896444464
BASELINE_EC,Band-Power Envelope Coherence,Theta,Slow,PO9,FC2,0.2086407016915559
BASELINE_EC,Band-Power Envelope Coherence,Theta,Slow,PO9,F4,0.1423144406922419
BASELINE_EC,Band-Power Envelope Coherence,Theta,Slow,PO9,F8,0.23731384496825078
BASELINE_EC,Band-Power Envelope Coherence,Theta,Slow,PO9,Fp2,0.1964644101111207
BASELINE_EC,Band-Power Envelope Coherence,Theta,Slow,O1,Pz,0.5253763819562361
BASELINE_EC,Band-Power Envelope Coherence,Theta,Slow,O1,Oz,0.6071698457036391
BASELINE_EC,Band-Power Envelope Coherence,Theta,Slow,O1,O2,0.5715034195570314
BASELINE_EC,Band-Power Envelope Coherence,Theta,Slow,O1,PO10,0.3945006690816784
BASELINE_EC,Band-Power Envelope Coherence,Theta,Slow,O1,P8,0.2530258241294053
BASELINE_EC,Band-Power Envelope Coherence,Theta,Slow,O1,P4,0.5078216712651314
BASELINE_EC,Band-Power Envelope Coherence,Theta,Slow,O1,CP2,0.37947264229542077
BASELINE_EC,Band-Power Envelope Coherence,Theta,Slow,O1,CP6,0.3490336472136016
BASELINE_EC,Band-Power Envelope Coherence,Theta,Slow,O1,T8,0.09697537113292175
BASELINE_EC,Band-Power Envelope Coherence,Theta,Slow,O1,FT10,0.1742757627334976
BASELINE_EC,Band-Power Envelope Coherence,Theta,Slow,O1,FC6,0.26485303332152726
BASELINE_EC,Band-Power Envelope Coherence,Theta,Slow,O1,C4,0.2784332816186612
BASELINE_EC,Band-Power Envelope Coherence,Theta,Slow,O1,FC2,0.20481305995805552
BASELINE_EC,Band-Power Envelope Coherence,Theta,Slow,O1,F4,0.12135432153402806
BASELINE_EC,Band-Power Envelope Coherence,Theta,Slow,O1,F8,0.17407899581831254
BASELINE_EC,Band-Power Envelope Coherence,Theta,Slow,O1,Fp2,0.12507381579945787
BASELINE_EC,Band-Power Envelope Coherence,Theta,Slow,Pz,Oz,0.7412182396343465
BASELINE_EC,Band-Power Envelope Coherence,Theta,Slow,Pz,O2,0.7097220245899953
BASELINE_EC,Band-Power Envelope Coherence,Theta,Slow,Pz,PO10,0.46276683181657596
BASELINE_EC,Band-Power Envelope Coherence,Theta,Slow,Pz,P8,0.35949676524629104
BASELINE_EC,Band-Power Envelope Coherence,Theta,Slow,Pz,P4,0.7118483523267595
BASELINE_EC,Band-Power Envelope Coherence,Theta,Slow,Pz,CP2,0.5801642146866766
BASELINE_EC,Band-Power Envelope Coherence,Theta,Slow,Pz,CP6,0.5397088487386124
BASELINE_EC,Band-Power Envelope Coherence,Theta,Slow,Pz,T8,0.13159028695162628
BASELINE_EC,Band-Power Envelope Coherence,Theta,Slow,Pz,FT10,0.2304705556261515
BASELINE_EC,Band-Power Envelope Coherence,Theta,Slow,Pz,FC6,0.4235166646216204
BASELINE_EC,Band-Power Envelope Coherence,Theta,Slow,Pz,C4,0.42384473394475564
BASELINE_EC,Band-Power Envelope Coherence,Theta,Slow,Pz,FC2,0.2933290523049274
BASELINE_EC,Band-Power Envelope Coherence,Theta,Slow,Pz,F4,0.19935629900582544
BASELINE_EC,Band-Power Envelope Coherence,Theta,Slow,Pz,F8,0.23084157660265806
BASELINE_EC,Band-Power Envelope Coherence,Theta,Slow,Pz,Fp2,0.18793829229561346
BASELINE_EC,Band-Power Envelope Coherence,Theta,Slow,Oz,O2,0.916100489684764
BASELINE_EC,Band-Power Envelope Coherence,Theta,Slow,Oz,PO10,0.6027567966063803
BASELINE_EC,Band-Power Envelope Coherence,Theta,Slow,Oz,P8,0.43404935074679774
BASELINE_EC,Band-Power Envelope Coherence,Theta,Slow,Oz,P4,0.7590180291729516
BASELINE_EC,Band-Power Envelope Coherence,Theta,Slow,Oz,CP2,0.6174802234565342
BASELINE_EC,Band-Power Envelope Coherence,Theta,Slow,Oz,CP6,0.5294150324144872
BASELINE_EC,Band-Power Envelope Coherence,Theta,Slow,Oz,T8,0.15142914724706533
BASELINE_EC,Band-Power Envelope Coherence,Theta,Slow,Oz,FT10,0.2224686355991558
BASELINE_EC,Band-Power Envelope Coherence,Theta,Slow,Oz,FC6,0.39374718540681247
BASELINE_EC,Band-Power Envelope Coherence,Theta,Slow,Oz,C4,0.3811361828917029
BASELINE_EC,Band-Power Envelope Coherence,Theta,Slow,Oz,FC2,0.254965633770795
BASELINE_EC,Band-Power Envelope Coherence,Theta,Slow,Oz,F4,0.1645277335380226
BASELINE_EC,Band-Power Envelope Coherence,Theta,Slow,Oz,F8,0.22713009806453335
BASELINE_EC,Band-Power Envelope Coherence,Theta,Slow,Oz,Fp2,0.18811131515545593
BASELINE_EC,Band-Power Envelope Coherence,Theta,Slow,O2,PO10,0.678588247220689
BASELINE_EC,Band-Power Envelope Coherence,Theta,Slow,O2,P8,0.5466028979623396
BASELINE_EC,Band-Power Envelope Coherence,Theta,Slow,O2,P4,0.7625043286052781
BASELINE_EC,Band-Power Envelope Coherence,Theta,Slow,O2,CP2,0.5982324978494836
BASELINE_EC,Band-Power Envelope Coherence,Theta,Slow,O2,CP6,0.5453557293423447
BASELINE_EC,Band-Power Envelope Coherence,Theta,Slow,O2,T8,0.15782347929038051
BASELINE_EC,Band-Power Envelope Coherence,Theta,Slow,O2,FT10,0.20577292734068328
BASELINE_EC,Band-Power Envelope Coherence,Theta,Slow,O2,FC6,0.36816015989469625
BASELINE_EC,Band-Power Envelope Coherence,Theta,Slow,O2,C4,0.36214031361806415
BASELINE_EC,Band-Power Envelope Coherence,Theta,Slow,O2,FC2,0.23736038013716243
BASELINE_EC,Band-Power Envelope Coherence,Theta,Slow,O2,F4,0.15542449773319392
BASELINE_EC,Band-Power Envelope Coherence,Theta,Slow,O2,F8,0.20613068787614697
BASELINE_EC,Band-Power Envelope Coherence,Theta,Slow,O2,Fp2,0.1782701333644103
BASELINE_EC,Band-Power Envelope Coherence,Theta,Slow,PO10,P8,0.6683162902009443
BASELINE_EC,Band-Power Envelope Coherence,Theta,Slow,PO10,P4,0.5032310740192311
BASELINE_EC,Band-Power Envelope Coherence,Theta,Slow,PO10,CP2,0.3666741284673235
BASELINE_EC,Band-Power Envelope Coherence,Theta,Slow,PO10,CP6,0.44808420379062736
BASELINE_EC,Band-Power Envelope Coherence,Theta,Slow,PO10,T8,0.1660578294983157
BASELINE_EC,Band-Power Envelope Coherence,Theta,Slow,PO10,FT10,0.2406206225712601
BASELINE_EC,Band-Power Envelope Coherence,Theta,Slow,PO10,FC6,0.32092272835942726
BASELINE_EC,Band-Power Envelope Coherence,Theta,Slow,PO10,C4,0.26077047132123604
BASELINE_EC,Band-Power Envelope Coherence,Theta,Slow,PO10,FC2,0.18904277925135424
BASELINE_EC,Band-Power Envelope Coherence,Theta,Slow,PO10,F4,0.10761191826703995
BASELINE_EC,Band-Power Envelope Coherence,Theta,Slow,PO10,F8,0.22404695919105888
BASELINE_EC,Band-Power Envelope Coherence,Theta,Slow,PO10,Fp2,0.18086659012693634
BASELINE_EC,Band-Power Envelope Coherence,Theta,Slow,P8,P4,0.4390795618090429
BASELINE_EC,Band-Power Envelope Coherence,Theta,Slow,P8,CP2,0.2939801898019692
BASELINE_EC,Band-Power Envelope Coherence,Theta,Slow,P8,CP6,0.46979104178541004
BASELINE_EC,Band-Power Envelope Coherence,Theta,Slow,P8,T8,0.12585730191320452
BASELINE_EC,Band-Power Envelope Coherence,Theta,Slow,P8,FT10,0.1560616729144228
BASELINE_EC,Band-Power Envelope Coherence,Theta,Slow,P8,FC6,0.22630370776188602
BASELINE_EC,Band-Power Envelope Coherence,Theta,Slow,P8,C4,0.20713807498728926
BASELINE_EC,Band-Power Envelope Coherence,Theta,Slow,P8,FC2,0.1269336425336311
BASELINE_EC,Band-Power Envelope Coherence,Theta,Slow,P8,F4,0.06825039626143423
BASELINE_EC,Band-Power Envelope Coherence,Theta,Slow,P8,F8,0.12899991424612023
BASELINE_EC,Band-Power Envelope Coherence,Theta,Slow,P8,Fp2,0.10335762316885531
BASELINE_EC,Band-Power Envelope Coherence,Theta,Slow,P4,CP2,0.5996942406446706
BASELINE_EC,Band-Power Envelope Coherence,Theta,Slow,P4,CP6,0.5918738686405709
BASELINE_EC,Band-Power Envelope Coherence,Theta,Slow,P4,T8,0.1338096248578942
BASELINE_EC,Band-Power Envelope Coherence,Theta,Slow,P4,FT10,0.21486612727538068
BASELINE_EC,Band-Power Envelope Coherence,Theta,Slow,P4,FC6,0.4249647547362549
BASELINE_EC,Band-Power Envelope Coherence,Theta,Slow,P4,C4,0.4402253152611693
BASELINE_EC,Band-Power Envelope Coherence,Theta,Slow,P4,FC2,0.28576032894701414
BASELINE_EC,Band-Power Envelope Coherence,Theta,Slow,P4,F4,0.19887520659493818
BASELINE_EC,Band-Power Envelope Coherence,Theta,Slow,P4,F8,0.22861635869978564
BASELINE_EC,Band-Power Envelope Coherence,Theta,Slow,P4,Fp2,0.19155176300783244
BASELINE_EC,Band-Power Envelope Coherence,Theta,Slow,CP2,CP6,0.4721425538281811
BASELINE_EC,Band-Power Envelope Coherence,Theta,Slow,CP2,T8,0.12108145121939994
BASELINE_EC,Band-Power Envelope Coherence,Theta,Slow,CP2,FT10,0.16883347287511943
BASELINE_EC,Band-Power Envelope Coherence,Theta,Slow,CP2,FC6,0.38358718109390255
BASELINE_EC,Band-Power Envelope Coherence,Theta,Slow,CP2,C4,0.37396754414516664
BASELINE_EC,Band-Power Envelope Coherence,Theta,Slow,CP2,FC2,0.25201255078284723
BASELINE_EC,Band-Power Envelope Coherence,Theta,Slow,CP2,F4,0.17322932374033476
BASELINE_EC,Band-Power Envelope Coherence,Theta,Slow,CP2,F8,0.18438685308968583
BASELINE_EC,Band-Power Envelope Coherence,Theta,Slow,CP2,Fp2,0.16826172877509096
BASELINE_EC,Band-Power Envelope Coherence,Theta,Slow,CP6,T8,0.23668727931284958
BASELINE_EC,Band-Power Envelope Coherence,Theta,Slow,CP6,FT10,0.32712734380277547
BASELINE_EC,Band-Power Envelope Coherence,Theta,Slow,CP6,FC6,0.567722590707084
BASELINE_EC,Band-Power Envelope Coherence,Theta,Slow,CP6,C4,0.4710559308529131
BASELINE_EC,Band-Power Envelope Coherence,Theta,Slow,CP6,FC2,0.2808049091645366
BASELINE_EC,Band-Power Envelope Coherence,Theta,Slow,CP6,F4,0.21820625971403024
BASELINE_EC,Band-Power Envelope Coherence,Theta,Slow,CP6,F8,0.3063506058756385
BASELINE_EC,Band-Power Envelope Coherence,Theta,Slow,CP6,Fp2,0.24792513263775057
BASELINE_EC,Band-Power Envelope Coherence,Theta,Slow,T8,FT10,0.204999081639113
BASELINE_EC,Band-Power Envelope Coherence,Theta,Slow,T8,FC6,0.2766196584290696
BASELINE_EC,Band-Power Envelope Coherence,Theta,Slow,T8,C4,0.13432099857827315
BASELINE_EC,Band-Power Envelope Coherence,Theta,Slow,T8,FC2,0.13133196922530138
BASELINE_EC,Band-Power Envelope Coherence,Theta,Slow,T8,F4,0.06357142901317663
BASELINE_EC,Band-Power Envelope Coherence,Theta,Slow,T8,F8,0.18006762076781285
BASELINE_EC,Band-Power Envelope Coherence,Theta,Slow,T8,Fp2,0.12953298071610508
BASELINE_EC,Band-Power Envelope Coherence,Theta,Slow,FT10,FC6,0.4797063476647594
BASELINE_EC,Band-Power Envelope Coherence,Theta,Slow,FT10,C4,0.2553275036026578
BASELINE_EC,Band-Power Envelope Coherence,Theta,Slow,FT10,FC2,0.16381364798227682
BASELINE_EC,Band-Power Envelope Coherence,Theta,Slow,FT10,F4,0.1788265885487161
BASELINE_EC,Band-Power Envelope Coherence,Theta,Slow,FT10,F8,0.4749064694712996
BASELINE_EC,Band-Power Envelope Coherence,Theta,Slow,FT10,Fp2,0.26230845788783286
BASELINE_EC,Band-Power Envelope Coherence,Theta,Slow,FC6,C4,0.4714672896346069
BASELINE_EC,Band-Power Envelope Coherence,Theta,Slow,FC6,FC2,0.37556151339971205
BASELINE_EC,Band-Power Envelope Coherence,Theta,Slow,FC6,F4,0.3186779578264331
BASELINE_EC,Band-Power Envelope Coherence,Theta,Slow,FC6,F8,0.5667367976388006
BASELINE_EC,Band-Power Envelope Coherence,Theta,Slow,FC6,Fp2,0.4276284204036643
BASELINE_EC,Band-Power Envelope Coherence,Theta,Slow,C4,FC2,0.31101345934174474
BASELINE_EC,Band-Power Envelope Coherence,Theta,Slow,C4,F4,0.224935836112557
BASELINE_EC,Band-Power Envelope Coherence,Theta,Slow,C4,F8,0.27571524818197174
BASELINE_EC,Band-Power Envelope Coherence,Theta,Slow,C4,Fp2,0.22802316849499854
BASELINE_EC,Band-Power Envelope Coherence,Theta,Slow,FC2,F4,0.1796790065336776
BASELINE_EC,Band-Power Envelope Coherence,Theta,Slow,FC2,F8,0.24416470544856025
BASELINE_EC,Band-Power Envelope Coherence,Theta,Slow,FC2,Fp2,0.1872127504970084
BASELINE_EC,Band-Power Envelope Coherence,Theta,Slow,F4,F8,0.2010821932155666
BASELINE_EC,Band-Power Envelope Coherence,Theta,Slow,F4,Fp2,0.19679106679641706
BASELINE_EC,Band-Power Envelope Coherence,Theta,Slow,F8,Fp2,0.3739786449757272
BASELINE_EC,Band-Power Envelope Coherence,Theta,Medium,Cz,Fz,0.5534981944175948
BASELINE_EC,Band-Power Envelope Coherence,Theta,Medium,Cz,Fp1,0.2771814664300664
BASELINE_EC,Band-Power Envelope Coherence,Theta,Medium,Cz,F7,0.43865036624406883
BASELINE_EC,Band-Power Envelope Coherence,Theta,Medium,Cz,F3,0.6833200342796554
BASELINE_EC,Band-Power Envelope Coherence,Theta,Medium,Cz,FC1,0.7091608087771373
BASELINE_EC,Band-Power Envelope Coherence,Theta,Medium,Cz,C3,0.4103390370703952
BASELINE_EC,Band-Power Envelope Coherence,Theta,Medium,Cz,FC5,0.4749616493644665
BASELINE_EC,Band-Power Envelope Coherence,Theta,Medium,Cz,FT9,0.27947465529575605
BASELINE_EC,Band-Power Envelope Coherence,Theta,Medium,Cz,T7,0.33486510091750304
BASELINE_EC,Band-Power Envelope Coherence,Theta,Medium,Cz,CP5,0.49361267656000046
BASELINE_EC,Band-Power Envelope Coherence,Theta,Medium,Cz,CP1,0.4885793369260356
BASELINE_EC,Band-Power Envelope Coherence,Theta,Medium,Cz,P3,0.485831754362041
BASELINE_EC,Band-Power Envelope Coherence,Theta,Medium,Cz,P7,0.17728178395913288
BASELINE_EC,Band-Power Envelope Coherence,Theta,Medium,Cz,PO9,0.20731718836601165
BASELINE_EC,Band-Power Envelope Coherence,Theta,Medium,Cz,O1,0.2246983649792289
BASELINE_EC,Band-Power Envelope Coherence,Theta,Medium,Cz,Pz,0.43377798709949766
BASELINE_EC,Band-Power Envelope Coherence,Theta,Medium,Cz,Oz,0.3557323839139608
BASELINE_EC,Band-Power Envelope Coherence,Theta,Medium,Cz,O2,0.32041662128644344
BASELINE_EC,Band-Power Envelope Coherence,Theta,Medium,Cz,PO10,0.17546073138072135
BASELINE_EC,Band-Power Envelope Coherence,Theta,Medium,Cz,P8,0.1638223206247741
BASELINE_EC,Band-Power Envelope Coherence,Theta,Medium,Cz,P4,0.45248209872776235
BASELINE_EC,Band-Power Envelope Coherence,Theta,Medium,Cz,CP2,0.39764989689436575
BASELINE_EC,Band-Power Envelope Coherence,Theta,Medium,Cz,CP6,0.44306182285417595
BASELINE_EC,Band-Power Envelope Coherence,Theta,Medium,Cz,T8,0.0912984594663431
BASELINE_EC,Band-Power Envelope Coherence,Theta,Medium,Cz,FT10,0.1934584385501456
BASELINE_EC,Band-Power Envelope Coherence,Theta,Medium,Cz,FC6,0.5069151961646601
BASELINE_EC,Band-Power Envelope Coherence,Theta,Medium,Cz,C4,0.4630911994341397
BASELINE_EC,Band-Power Envelope Coherence,Theta,Medium,Cz,FC2,0.30718422203866924
BASELINE_EC,Band-Power Envelope Coherence,Theta,Medium,Cz,F4,0.27210969611521685
BASELINE_EC,Band-Power Envelope Coherence,Theta,Medium,Cz,F8,0.21582501259955517
BASELINE_EC,Band-Power Envelope Coherence,Theta,Medium,Cz,Fp2,0.24676251362241866
BASELINE_EC,Band-Power Envelope Coherence,Theta,Medium,Fz,Fp1,0.3734735636109692
BASELINE_EC,Band-Power Envelope Coherence,Theta,Medium,Fz,F7,0.5443841573485414
BASELINE_EC,Band-Power Envelope Coherence,Theta,Medium,Fz,F3,0.7349991324816846
BASELINE_EC,Band-Power Envelope Coherence,Theta,Medium,Fz,FC1,0.6508177865633833
BASELINE_EC,Band-Power Envelope Coherence,Theta,Medium,Fz,C3,0.3732601835681965
BASELINE_EC,Band-Power Envelope Coherence,Theta,Medium,Fz,FC5,0.5082822200261845
BASELINE_EC,Band-Power Envelope Coherence,Theta,Medium,Fz,FT9,0.3718366969764861
BASELINE_EC,Band-Power Envelope Coherence,Theta,Medium,Fz,T7,0.39076089468590347
BASELINE_EC,Band-Power Envelope Coherence,Theta,Medium,Fz,CP5,0.4535897410678139
BASELINE_EC,Band-Power Envelope Coherence,Theta,Medium,Fz,CP1,0.39694933021113915
BASELINE_EC,Band-Power Envelope Coherence,Theta,Medium,Fz,P3,0.39165373161966266
BASELINE_EC,Band-Power Envelope Coherence,Theta,Medium,Fz,P7,0.2722430080498085
BASELINE_EC,Band-Power Envelope Coherence,Theta,Medium,Fz,PO9,0.25902343922871895
BASELINE_EC,Band-Power Envelope Coherence,Theta,Medium,Fz,O1,0.19588341150110283
BASELINE_EC,Band-Power Envelope Coherence,Theta,Medium,Fz,Pz,0.3558580350102371
BASELINE_EC,Band-Power Envelope Coherence,Theta,Medium,Fz,Oz,0.28771995863499855
BASELINE_EC,Band-Power Envelope Coherence,Theta,Medium,Fz,O2,0.2495806767079689
BASELINE_EC,Band-Power Envelope Coherence,Theta,Medium,Fz,PO10,0.17566057059444712
BASELINE_EC,Band-Power Envelope Coherence,Theta,Medium,Fz,P8,0.10857279401945588
BASELINE_EC,Band-Power Envelope Coherence,Theta,Medium,Fz,P4,0.33559623919070464
BASELINE_EC,Band-Power Envelope Coherence,Theta,Medium,Fz,CP2,0.32650616259822907
BASELINE_EC,Band-Power Envelope Coherence,Theta,Medium,Fz,CP6,0.362139205044572
BASELINE_EC,Band-Power Envelope Coherence,Theta,Medium,Fz,T8,0.11921553081904825
BASELINE_EC,Band-Power Envelope Coherence,Theta,Medium,Fz,FT10,0.2779273915024644
BASELINE_EC,Band-Power Envelope Coherence,Theta,Medium,Fz,FC6,0.581458803255756
BASELINE_EC,Band-Power Envelope Coherence,Theta,Medium,Fz,C4,0.3918074048022866
BASELINE_EC,Band-Power Envelope Coherence,Theta,Medium,Fz,FC2,0.3266142374200447
BASELINE_EC,Band-Power Envelope Coherence,Theta,Medium,Fz,F4,0.2931070590312407
BASELINE_EC,Band-Power Envelope Coherence,Theta,Medium,Fz,F8,0.3659586372743403
BASELINE_EC,Band-Power Envelope Coherence,Theta,Medium,Fz,Fp2,0.3603020611650148
BASELINE_EC,Band-Power Envelope Coherence,Theta,Medium,Fp1,F7,0.552610491509886
BASELINE_EC,Band-Power Envelope Coherence,Theta,Medium,Fp1,F3,0.5157873288706727
BASELINE_EC,Band-Power Envelope Coherence,Theta,Medium,Fp1,FC1,0.4292829323379282
BASELINE_EC,Band-Power Envelope Coherence,Theta,Medium,Fp1,C3,0.22852460093915117
BASELINE_EC,Band-Power Envelope Coherence,Theta,Medium,Fp1,FC5,0.3645105057148993
BASELINE_EC,Band-Power Envelope Coherence,Theta,Medium,Fp1,FT9,0.36192245645471305
BASELINE_EC,Band-Power Envelope Coherence,Theta,Medium,Fp1,T7,0.28382615699868186
BASELINE_EC,Band-Power Envelope Coherence,Theta,Medium,Fp1,CP5,0.2766757906170254
BASELINE_EC,Band-Power Envelope Coherence,Theta,Medium,Fp1,CP1,0.25366392950595396
BASELINE_EC,Band-Power Envelope Coherence,Theta,Medium,Fp1,P3,0.23976230025596507
BASELINE_EC,Band-Power Envelope Coherence,Theta,Medium,Fp1,P7,0.19054050336671674
BASELINE_EC,Band-Power Envelope Coherence,Theta,Medium,Fp1,PO9,0.23426735107559044
BASELINE_EC,Band-Power Envelope Coherence,Theta,Medium,Fp1,O1,0.15816804426072253
BASELINE_EC,Band-Power Envelope Coherence,Theta,Medium,Fp1,Pz,0.22994616519897126
BASELINE_EC,Band-Power Envelope Coherence,Theta,Medium,Fp1,Oz,0.21226914794943136
BASELINE_EC,Band-Power Envelope Coherence,Theta,Medium,Fp1,O2,0.20542909015962707
BASELINE_EC,Band-Power Envelope Coherence,Theta,Medium,Fp1,PO10,0.19474541680791008
BASELINE_EC,Band-Power Envelope Coherence,Theta,Medium,Fp1,P8,0.11304764465057024
BASELINE_EC,Band-Power Envelope Coherence,Theta,Medium,Fp1,P4,0.22042185198926562
BASELINE_EC,Band-Power Envelope Coherence,Theta,Medium,Fp1,CP2,0.19794916375721056
BASELINE_EC,Band-Power Envelope Coherence,Theta,Medium,Fp1,CP6,0.2595393537629074
BASELINE_EC,Band-Power Envelope Coherence,Theta,Medium,Fp1,T8,0.1651918503984518
BASELINE_EC,Band-Power Envelope Coherence,Theta,Medium,Fp1,FT10,0.2162783806122027
BASELINE_EC,Band-Power Envelope Coherence,Theta,Medium,Fp1,FC6,0.3865108718418679
BASELINE_EC,Band-Power Envelope Coherence,Theta,Medium,Fp1,C4,0.25025751112102623
BASELINE_EC,Band-Power Envelope Coherence,Theta,Medium,Fp1,FC2,0.21973174354814934
BASELINE_EC,Band-Power Envelope Coherence,Theta,Medium,Fp1,F4,0.1910681100692811
BASELINE_EC,Band-Power Envelope Coherence,Theta,Medium,Fp1,F8,0.2791105078460745
BASELINE_EC,Band-Power Envelope Coherence,Theta,Medium,Fp1,Fp2,0.678818638976808
BASELINE_EC,Band-Power Envelope Coherence,Theta,Medium,F7,F3,0.7576528261810487
BASELINE_EC,Band-Power Envelope Coherence,Theta,Medium,F7,FC1,0.6882091749450279
BASELINE_EC,Band-Power Envelope Coherence,Theta,Medium,F7,C3,0.4236002252568094
BASELINE_EC,Band-Power Envelope Coherence,Theta,Medium,F7,FC5,0.6565931575347311
BASELINE_EC,Band-Power Envelope Coherence,Theta,Medium,F7,FT9,0.7142378463140965
BASELINE_EC,Band-Power Envelope Coherence,Theta,Medium,F7,T7,0.6139223955312951
BASELINE_EC,Band-Power Envelope Coherence,Theta,Medium,F7,CP5,0.5769623441350142
BASELINE_EC,Band-Power Envelope Coherence,Theta,Medium,F7,CP1,0.47911598851767373
BASELINE_EC,Band-Power Envelope Coherence,Theta,Medium,F7,P3,0.4622827890974576
BASELINE_EC,Band-Power Envelope Coherence,Theta,Medium,F7,P7,0.39361500968710045
BASELINE_EC,Band-Power Envelope Coherence,Theta,Medium,F7,PO9,0.4337626103630723
BASELINE_EC,Band-Power Envelope Coherence,Theta,Medium,F7,O1,0.30076519035956806
BASELINE_EC,Band-Power Envelope Coherence,Theta,Medium,F7,Pz,0.4426967026323482
BASELINE_EC,Band-Power Envelope Coherence,Theta,Medium,F7,Oz,0.3997484394629076
BASELINE_EC,Band-Power Envelope Coherence,Theta,Medium,F7,O2,0.38879269528044186
BASELINE_EC,Band-Power Envelope Coherence,Theta,Medium,F7,PO10,0.3314695513756531
BASELINE_EC,Band-Power Envelope Coherence,Theta,Medium,F7,P8,0.19211189833837541
BASELINE_EC,Band-Power Envelope Coherence,Theta,Medium,F7,P4,0.41417673742644384
BASELINE_EC,Band-Power Envelope Coherence,Theta,Medium,F7,CP2,0.3579917446989317
BASELINE_EC,Band-Power Envelope Coherence,Theta,Medium,F7,CP6,0.39520329299702545
BASELINE_EC,Band-Power Envelope Coherence,Theta,Medium,F7,T8,0.15541717764782906
BASELINE_EC,Band-Power Envelope Coherence,Theta,Medium,F7,FT10,0.29144202201430425
BASELINE_EC,Band-Power Envelope Coherence,Theta,Medium,F7,FC6,0.5361655366591951
BASELINE_EC,Band-Power Envelope Coherence,Theta,Medium,F7,C4,0.37727902612007846
BASELINE_EC,Band-Power Envelope Coherence,Theta,Medium,F7,FC2,0.3243030891180203
BASELINE_EC,Band-Power Envelope Coherence,Theta,Medium,F7,F4,0.294846681685505
BASELINE_EC,Band-Power Envelope Coherence,Theta,Medium,F7,F8,0.339873035716389
BASELINE_EC,Band-Power Envelope Coherence,Theta,Medium,F7,Fp2,0.4251090971858129
BASELINE_EC,Band-Power Envelope Coherence,Theta,Medium,F3,FC1,0.8096297783618713
BASELINE_EC,Band-Power Envelope Coherence,Theta,Medium,F3,C3,0.47310501445839903
BASELINE_EC,Band-Power Envelope Coherence,Theta,Medium,F3,FC5,0.6663412424225739
BASELINE_EC,Band-Power Envelope Coherence,Theta,Medium,F3,FT9,0.4755028839067814
BASELINE_EC,Band-Power Envelope Coherence,Theta,Medium,F3,T7,0.5110429884673657
BASELINE_EC,Band-Power Envelope Coherence,Theta,Medium,F3,CP5,0.5815422219587242
BASELINE_EC,Band-Power Envelope Coherence,Theta,Medium,F3,CP1,0.4760369150439896
BASELINE_EC,Band-Power Envelope Coherence,Theta,Medium,F3,P3,0.4637401992667135
BASELINE_EC,Band-Power Envelope Coherence,Theta,Medium,F3,P7,0.3004092486118138
BASELINE_EC,Band-Power Envelope Coherence,Theta,Medium,F3,PO9,0.32155592879008565
BASELINE_EC,Band-Power Envelope Coherence,Theta,Medium,F3,O1,0.2564412216746523
BASELINE_EC,Band-Power Envelope Coherence,Theta,Medium,F3,Pz,0.43319923294927853
BASELINE_EC,Band-Power Envelope Coherence,Theta,Medium,F3,Oz,0.35387273808095226
BASELINE_EC,Band-Power Envelope Coherence,Theta,Medium,F3,O2,0.32367847357598784
BASELINE_EC,Band-Power Envelope Coherence,Theta,Medium,F3,PO10,0.24979403053984958
BASELINE_EC,Band-Power Envelope Coherence,Theta,Medium,F3,P8,0.16579265550031197
BASELINE_EC,Band-Power Envelope Coherence,Theta,Medium,F3,P4,0.4096201406871726
BASELINE_EC,Band-Power Envelope Coherence,Theta,Medium,F3,CP2,0.370556922950133
BASELINE_EC,Band-Power Envelope Coherence,Theta,Medium,F3,CP6,0.4397055272857995
BASELINE_EC,Band-Power Envelope Coherence,Theta,Medium,F3,T8,0.11543492473356647
BASELINE_EC,Band-Power Envelope Coherence,Theta,Medium,F3,FT10,0.30913601200569274
BASELINE_EC,Band-Power Envelope Coherence,Theta,Medium,F3,FC6,0.651974387608697
BASELINE_EC,Band-Power Envelope Coherence,Theta,Medium,F3,C4,0.45409255966730794
BASELINE_EC,Band-Power Envelope Coherence,Theta,Medium,F3,FC2,0.37713150919729366
BASELINE_EC,Band-Power Envelope Coherence,Theta,Medium,F3,F4,0.3420620732266344
BASELINE_EC,Band-Power Envelope Coherence,Theta,Medium,F3,F8,0.38494750703895353
BASELINE_EC,Band-Power Envelope Coherence,Theta,Medium,F3,Fp2,0.4517675421018287
BASELINE_EC,Band-Power Envelope Coherence,Theta,Medium,FC1,C3,0.554635433687047
BASELINE_EC,Band-Power Envelope Coherence,Theta,Medium,FC1,FC5,0.6923059337737338
BASELINE_EC,Band-Power Envelope Coherence,Theta,Medium,FC1,FT9,0.5292103575435954
BASELINE_EC,Band-Power Envelope Coherence,Theta,Medium,FC1,T7,0.5766919347333515
BASELINE_EC,Band-Power Envelope Coherence,Theta,Medium,FC1,CP5,0.7219413716371501
BASELINE_EC,Band-Power Envelope Coherence,Theta,Medium,FC1,CP1,0.6835192504649066
BASELINE_EC,Band-Power Envelope Coherence,Theta,Medium,FC1,P3,0.6774888611070211
BASELINE_EC,Band-Power Envelope Coherence,Theta,Medium,FC1,P7,0.38353984741671615
BASELINE_EC,Band-Power Envelope Coherence,Theta,Medium,FC1,PO9,0.4289582969098756
BASELINE_EC,Band-Power Envelope Coherence,Theta,Medium,FC1,O1,0.3839998599362549
BASELINE_EC,Band-Power Envelope Coherence,Theta,Medium,FC1,Pz,0.6110871627477817
BASELINE_EC,Band-Power Envelope Coherence,Theta,Medium,FC1,Oz,0.558753864995283
BASELINE_EC,Band-Power Envelope Coherence,Theta,Medium,FC1,O2,0.5178629193660973
BASELINE_EC,Band-Power Envelope Coherence,Theta,Medium,FC1,PO10,0.36253287996229666
BASELINE_EC,Band-Power Envelope Coherence,Theta,Medium,FC1,P8,0.24660124905280217
BASELINE_EC,Band-Power Envelope Coherence,Theta,Medium,FC1,P4,0.5915412384174629
BASELINE_EC,Band-Power Envelope Coherence,Theta,Medium,FC1,CP2,0.5444594219354479
BASELINE_EC,Band-Power Envelope Coherence,Theta,Medium,FC1,CP6,0.5650252186623292
BASELINE_EC,Band-Power Envelope Coherence,Theta,Medium,FC1,T8,0.24675150234618803
BASELINE_EC,Band-Power Envelope Coherence,Theta,Medium,FC1,FT10,0.33669722074601527
BASELINE_EC,Band-Power Envelope Coherence,Theta,Medium,FC1,FC6,0.6902387335723592
BASELINE_EC,Band-Power Envelope Coherence,Theta,Medium,FC1,C4,0.5310012332388803
BASELINE_EC,Band-Power Envelope Coherence,Theta,Medium,FC1,FC2,0.4215674067254757
BASELINE_EC,Band-Power Envelope Coherence,Theta,Medium,FC1,F4,0.317221574845306
BASELINE_EC,Band-Power Envelope Coherence,Theta,Medium,FC1,F8,0.37238573118900975
BASELINE_EC,Band-Power Envelope Coherence,Theta,Medium,FC1,Fp2,0.36274923103818657
BASELINE_EC,Band-Power Envelope Coherence,Theta,Medium,C3,FC5,0.4538847339430231
BASELINE_EC,Band-Power Envelope Coherence,Theta,Medium,C3,FT9,0.3550665969447365
BASELINE_EC,Band-Power Envelope Coherence,Theta,Medium,C3,T7,0.39419881025225756
BASELINE_EC,Band-Power Envelope Coherence,Theta,Medium,C3,CP5,0.5371592759307053
BASELINE_EC,Band-Power Envelope Coherence,Theta,Medium,C3,CP1,0.48558440313837337
BASELINE_EC,Band-Power Envelope Coherence,Theta,Medium,C3,P3,0.4882330970950568
BASELINE_EC,Band-Power Envelope Coherence,Theta,Medium,C3,P7,0.302122530376753
BASELINE_EC,Band-Power Envelope Coherence,Theta,Medium,C3,PO9,0.32262765312844466
BASELINE_EC,Band-Power Envelope Coherence,Theta,Medium,C3,O1,0.30513847026078655
BASELINE_EC,Band-Power Envelope Coherence,Theta,Medium,C3,Pz,0.44914000057949416
BASELINE_EC,Band-Power Envelope Coherence,Theta,Medium,C3,Oz,0.3971729470505353
BASELINE_EC,Band-Power Envelope Coherence,Theta,Medium,C3,O2,0.3721982376864975
BASELINE_EC,Band-Power Envelope Coherence,Theta,Medium,C3,PO10,0.24748340768056112
BASELINE_EC,Band-Power Envelope Coherence,Theta,Medium,C3,P8,0.1693569749838854
BASELINE_EC,Band-Power Envelope Coherence,Theta,Medium,C3,P4,0.4244949019976937
BASELINE_EC,Band-Power Envelope Coherence,Theta,Medium,C3,CP2,0.3902706182977499
BASELINE_EC,Band-Power Envelope Coherence,Theta,Medium,C3,CP6,0.36264291268715043
BASELINE_EC,Band-Power Envelope Coherence,Theta,Medium,C3,T8,0.08391983603498113
BASELINE_EC,Band-Power Envelope Coherence,Theta,Medium,C3,FT10,0.18232356825144916
BASELINE_EC,Band-Power Envelope Coherence,Theta,Medium,C3,FC6,0.37962838448956027
BASELINE_EC,Band-Power Envelope Coherence,Theta,Medium,C3,C4,0.3604353774714232
BASELINE_EC,Band-Power Envelope Coherence,Theta,Medium,C3,FC2,0.28664355867776103
BASELINE_EC,Band-Power Envelope Coherence,Theta,Medium,C3,F4,0.19773432285331724
BASELINE_EC,Band-Power Envelope Coherence,Theta,Medium,C3,F8,0.20767679500432268
BASELINE_EC,Band-Power Envelope Coherence,Theta,Medium,C3,Fp2,0.17965020367273685
BASELINE_EC,Band-Power Envelope Coherence,Theta,Medium,FC5,FT9,0.5102558334096161
BASELINE_EC,Band-Power Envelope Coherence,Theta,Medium,FC5,T7,0.5349734479448619
BASELINE_EC,Band-Power Envelope Coherence,Theta,Medium,FC5,CP5,0.6112351003356264
BASELINE_EC,Band-Power Envelope Coherence,Theta,Medium,FC5,CP1,0.48841792042860055
BASELINE_EC,Band-Power Envelope Coherence,Theta,Medium,FC5,P3,0.4885873694539645
BASELINE_EC,Band-Power Envelope Coherence,Theta,Medium,FC5,P7,0.3631657014607781
BASELINE_EC,Band-Power Envelope Coherence,Theta,Medium,FC5,PO9,0.3772477444919387
BASELINE_EC,Band-Power Envelope Coherence,Theta,Medium,FC5,O1,0.293766428549825
BASELINE_EC,Band-Power Envelope Coherence,Theta,Medium,FC5,Pz,0.4497090235083461
BASELINE_EC,Band-Power Envelope Coherence,Theta,Medium,FC5,Oz,0.38932216046198403
BASELINE_EC,Band-Power Envelope Coherence,Theta,Medium,FC5,O2,0.36243206589981347
BASELINE_EC,Band-Power Envelope Coherence,Theta,Medium,FC5,PO10,0.27521806489778256
BASELINE_EC,Band-Power Envelope Coherence,Theta,Medium,FC5,P8,0.16462529338743906
BASELINE_EC,Band-Power Envelope Coherence,Theta,Medium,FC5,P4,0.4166532561940143
BASELINE_EC,Band-Power Envelope Coherence,Theta,Medium,FC5,CP2,0.3939935861284229
BASELINE_EC,Band-Power Envelope Coherence,Theta,Medium,FC5,CP6,0.3940036901511261
BASELINE_EC,Band-Power Envelope Coherence,Theta,Medium,FC5,T8,0.1425527732730661
BASELINE_EC,Band-Power Envelope Coherence,Theta,Medium,FC5,FT10,0.23828434368146484
BASELINE_EC,Band-Power Envelope Coherence,Theta,Medium,FC5,FC6,0.5049114318568586
BASELINE_EC,Band-Power Envelope Coherence,Theta,Medium,FC5,C4,0.3966547957461334
BASELINE_EC,Band-Power Envelope Coherence,Theta,Medium,FC5,FC2,0.33217097364002973
BASELINE_EC,Band-Power Envelope Coherence,Theta,Medium,FC5,F4,0.2452979282287962
BASELINE_EC,Band-Power Envelope Coherence,Theta,Medium,FC5,F8,0.27991900532695013
BASELINE_EC,Band-Power Envelope Coherence,Theta,Medium,FC5,Fp2,0.2803450310502
BASELINE_EC,Band-Power Envelope Coherence,Theta,Medium,FT9,T7,0.5684488596767983
BASELINE_EC,Band-Power Envelope Coherence,Theta,Medium,FT9,CP5,0.5358179339851699
BASELINE_EC,Band-Power Envelope Coherence,Theta,Medium,FT9,CP1,0.45816668699480145
BASELINE_EC,Band-Power Envelope Coherence,Theta,Medium,FT9,P3,0.448025401304096
BASELINE_EC,Band-Power Envelope Coherence,Theta,Medium,FT9,P7,0.45832141296256096
BASELINE_EC,Band-Power Envelope Coherence,Theta,Medium,FT9,PO9,0.49198549467362107
BASELINE_EC,Band-Power Envelope Coherence,Theta,Medium,FT9,O1,0.31911835665208627
BASELINE_EC,Band-Power Envelope Coherence,Theta,Medium,FT9,Pz,0.4309334941768681
BASELINE_EC,Band-Power Envelope Coherence,Theta,Medium,FT9,Oz,0.4239485029152326
BASELINE_EC,Band-Power Envelope Coherence,Theta,Medium,FT9,O2,0.4001131516253721
BASELINE_EC,Band-Power Envelope Coherence,Theta,Medium,FT9,PO10,0.34969409564379433
BASELINE_EC,Band-Power Envelope Coherence,Theta,Medium,FT9,P8,0.17975777901024775
BASELINE_EC,Band-Power Envelope Coherence,Theta,Medium,FT9,P4,0.3782731810742167
BASELINE_EC,Band-Power Envelope Coherence,Theta,Medium,FT9,CP2,0.33212718362752347
BASELINE_EC,Band-Power Envelope Coherence,Theta,Medium,FT9,CP6,0.3329354152608074
BASELINE_EC,Band-Power Envelope Coherence,Theta,Medium,FT9,T8,0.1466967105474598
BASELINE_EC,Band-Power Envelope Coherence,Theta,Medium,FT9,FT10,0.24953866772362546
BASELINE_EC,Band-Power Envelope Coherence,Theta,Medium,FT9,FC6,0.3926953570224134
BASELINE_EC,Band-Power Envelope Coherence,Theta,Medium,FT9,C4,0.2896778856939566
BASELINE_EC,Band-Power Envelope Coherence,Theta,Medium,FT9,FC2,0.24525613810303604
BASELINE_EC,Band-Power Envelope Coherence,Theta,Medium,FT9,F4,0.19327256766600046
BASELINE_EC,Band-Power Envelope Coherence,Theta,Medium,FT9,F8,0.2541383996788333
BASELINE_EC,Band-Power Envelope Coherence,Theta,Medium,FT9,Fp2,0.2861304197123945
BASELINE_EC,Band-Power Envelope Coherence,Theta,Medium,T7,CP5,0.6092264757448226
BASELINE_EC,Band-Power Envelope Coherence,Theta,Medium,T7,CP1,0.49162883518253725
BASELINE_EC,Band-Power Envelope Coherence,Theta,Medium,T7,P3,0.48435209673761825
BASELINE_EC,Band-Power Envelope Coherence,Theta,Medium,T7,P7,0.41059504056889623
BASELINE_EC,Band-Power Envelope Coherence,Theta,Medium,T7,PO9,0.4260412646159205
BASELINE_EC,Band-Power Envelope Coherence,Theta,Medium,T7,O1,0.2956315524712071
BASELINE_EC,Band-Power Envelope Coherence,Theta,Medium,T7,Pz,0.45016102229428956
BASELINE_EC,Band-Power Envelope Coherence,Theta,Medium,T7,Oz,0.40806398226613294
BASELINE_EC,Band-Power Envelope Coherence,Theta,Medium,T7,O2,0.3890066663011552
BASELINE_EC,Band-Power Envelope Coherence,Theta,Medium,T7,PO10,0.31010723971730436
BASELINE_EC,Band-Power Envelope Coherence,Theta,Medium,T7,P8,0.1787034025018434
BASELINE_EC,Band-Power Envelope Coherence,Theta,Medium,T7,P4,0.4099912171427365
BASELINE_EC,Band-Power Envelope Coherence,Theta,Medium,T7,CP2,0.3986076556920782
BASELINE_EC,Band-Power Envelope Coherence,Theta,Medium,T7,CP6,0.3356006441324151
BASELINE_EC,Band-Power Envelope Coherence,Theta,Medium,T7,T8,0.1057541608313251
BASELINE_EC,Band-Power Envelope Coherence,Theta,Medium,T7,FT10,0.21756680176950519
BASELINE_EC,Band-Power Envelope Coherence,Theta,Medium,T7,FC6,0.38434330287203944
BASELINE_EC,Band-Power Envelope Coherence,Theta,Medium,T7,C4,0.3129565121648708
BASELINE_EC,Band-Power Envelope Coherence,Theta,Medium,T7,FC2,0.24402606612194516
BASELINE_EC,Band-Power Envelope Coherence,Theta,Medium,T7,F4,0.18609251306047808
BASELINE_EC,Band-Power Envelope Coherence,Theta,Medium,T7,F8,0.20728670845586547
BASELINE_EC,Band-Power Envelope Coherence,Theta,Medium,T7,Fp2,0.2154606147767817
BASELINE_EC,Band-Power Envelope Coherence,Theta,Medium,CP5,CP1,0.6937447399554071
BASELINE_EC,Band-Power Envelope Coherence,Theta,Medium,CP5,P3,0.7295725158645028
BASELINE_EC,Band-Power Envelope Coherence,Theta,Medium,CP5,P7,0.5336426055831367
BASELINE_EC,Band-Power Envelope Coherence,Theta,Medium,CP5,PO9,0.5206842275435276
BASELINE_EC,Band-Power Envelope Coherence,Theta,Medium,CP5,O1,0.44113621839324213
BASELINE_EC,Band-Power Envelope Coherence,Theta,Medium,CP5,Pz,0.6338366182097681
BASELINE_EC,Band-Power Envelope Coherence,Theta,Medium,CP5,Oz,0.5702240152844678
BASELINE_EC,Band-Power Envelope Coherence,Theta,Medium,CP5,O2,0.525036149292647
BASELINE_EC,Band-Power Envelope Coherence,Theta,Medium,CP5,PO10,0.34805633024279914
BASELINE_EC,Band-Power Envelope Coherence,Theta,Medium,CP5,P8,0.21120182572342536
BASELINE_EC,Band-Power Envelope Coherence,Theta,Medium,CP5,P4,0.5770190600556216
BASELINE_EC,Band-Power Envelope Coherence,Theta,Medium,CP5,CP2,0.5204394547691451
BASELINE_EC,Band-Power Envelope Coherence,Theta,Medium,CP5,CP6,0.45126378796315036
BASELINE_EC,Band-Power Envelope Coherence,Theta,Medium,CP5,T8,0.10811014525578112
BASELINE_EC,Band-Power Envelope Coherence,Theta,Medium,CP5,FT10,0.24350301535927033
BASELINE_EC,Band-Power Envelope Coherence,Theta,Medium,CP5,FC6,0.4587007991999169
BASELINE_EC,Band-Power Envelope Coherence,Theta,Medium,CP5,C4,0.4166667021119796
BASELINE_EC,Band-Power Envelope Coherence,Theta,Medium,CP5,FC2,0.31148850006628437
BASELINE_EC,Band-Power Envelope Coherence,Theta,Medium,CP5,F4,0.21944963147062574
BASELINE_EC,Band-Power Envelope Coherence,Theta,Medium,CP5,F8,0.2446016751404279
BASELINE_EC,Band-Power Envelope Coherence,Theta,Medium,CP5,Fp2,0.20935190174350338
BASELINE_EC,Band-Power Envelope Coherence,Theta,Medium,CP1,P3,0.8505601848844464
BASELINE_EC,Band-Power Envelope Coherence,Theta,Medium,CP1,P7,0.44956431565090915
BASELINE_EC,Band-Power Envelope Coherence,Theta,Medium,CP1,PO9,0.532297320980588
BASELINE_EC,Band-Power Envelope Coherence,Theta,Medium,CP1,O1,0.5480756967719121
BASELINE_EC,Band-Power Envelope Coherence,Theta,Medium,CP1,Pz,0.7714482431448488
BASELINE_EC,Band-Power Envelope Coherence,Theta,Medium,CP1,Oz,0.8213179369441235
BASELINE_EC,Band-Power Envelope Coherence,Theta,Medium,CP1,O2,0.7885461861693464
BASELINE_EC,Band-Power Envelope Coherence,Theta,Medium,CP1,PO10,0.5063403931463075
BASELINE_EC,Band-Power Envelope Coherence,Theta,Medium,CP1,P8,0.3893586228587331
BASELINE_EC,Band-Power Envelope Coherence,Theta,Medium,CP1,P4,0.782897530388141
BASELINE_EC,Band-Power Envelope Coherence,Theta,Medium,CP1,CP2,0.6763285139602557
BASELINE_EC,Band-Power Envelope Coherence,Theta,Medium,CP1,CP6,0.6087037704682998
BASELINE_EC,Band-Power Envelope Coherence,Theta,Medium,CP1,T8,0.15908567375231564
BASELINE_EC,Band-Power Envelope Coherence,Theta,Medium,CP1,FT10,0.24662469406919046
BASELINE_EC,Band-Power Envelope Coherence,Theta,Medium,CP1,FC6,0.48810551561667037
BASELINE_EC,Band-Power Envelope Coherence,Theta,Medium,CP1,C4,0.46582993960734737
BASELINE_EC,Band-Power Envelope Coherence,Theta,Medium,CP1,FC2,0.31103509841087984
BASELINE_EC,Band-Power Envelope Coherence,Theta,Medium,CP1,F4,0.22164645376518693
BASELINE_EC,Band-Power Envelope Coherence,Theta,Medium,CP1,F8,0.253722610059976
BASELINE_EC,Band-Power Envelope Coherence,Theta,Medium,CP1,Fp2,0.21656181307423483
BASELINE_EC,Band-Power Envelope Coherence,Theta,Medium,P3,P7,0.47116054654416173
BASELINE_EC,Band-Power Envelope Coherence,Theta,Medium,P3,PO9,0.5164479832738589
BASELINE_EC,Band-Power Envelope Coherence,Theta,Medium,P3,O1,0.547535578195723
BASELINE_EC,Band-Power Envelope Coherence,Theta,Medium,P3,Pz,0.7638040591680302
BASELINE_EC,Band-Power Envelope Coherence,Theta,Medium,P3,Oz,0.8073139527873892
BASELINE_EC,Band-Power Envelope Coherence,Theta,Medium,P3,O2,0.7493586315593919
BASELINE_EC,Band-Power Envelope Coherence,Theta,Medium,P3,PO10,0.44741817738036704
BASELINE_EC,Band-Power Envelope Coherence,Theta,Medium,P3,P8,0.3338624735041952
BASELINE_EC,Band-Power Envelope Coherence,Theta,Medium,P3,P4,0.7544325005221761
BASELINE_EC,Band-Power Envelope Coherence,Theta,Medium,P3,CP2,0.6663531762192192
BASELINE_EC,Band-Power Envelope Coherence,Theta,Medium,P3,CP6,0.5409674846426298
BASELINE_EC,Band-Power Envelope Coherence,Theta,Medium,P3,T8,0.14367660708878877
BASELINE_EC,Band-Power Envelope Coherence,Theta,Medium,P3,FT10,0.2167954970217726
BASELINE_EC,Band-Power Envelope Coherence,Theta,Medium,P3,FC6,0.4444599776077002
BASELINE_EC,Band-Power Envelope Coherence,Theta,Medium,P3,C4,0.4400926274760146
BASELINE_EC,Band-Power Envelope Coherence,Theta,Medium,P3,FC2,0.3022208167169232
BASELINE_EC,Band-Power Envelope Coherence,Theta,Medium,P3,F4,0.20473284822187854
BASELINE_EC,Band-Power Envelope Coherence,Theta,Medium,P3,F8,0.226389674230134
BASELINE_EC,Band-Power Envelope Coherence,Theta,Medium,P3,Fp2,0.19570936519825188
BASELINE_EC,Band-Power Envelope Coherence,Theta,Medium,P7,PO9,0.5447862749713045
BASELINE_EC,Band-Power Envelope Coherence,Theta,Medium,P7,O1,0.3586681206250118
BASELINE_EC,Band-Power Envelope Coherence,Theta,Medium,P7,Pz,0.41809627477303984
BASELINE_EC,Band-Power Envelope Coherence,Theta,Medium,P7,Oz,0.4227291459049217
BASELINE_EC,Band-Power Envelope Coherence,Theta,Medium,P7,O2,0.3741121653563966
BASELINE_EC,Band-Power Envelope Coherence,Theta,Medium,P7,PO10,0.31322562155421974
BASELINE_EC,Band-Power Envelope Coherence,Theta,Medium,P7,P8,0.14294312043678165
BASELINE_EC,Band-Power Envelope Coherence,Theta,Medium,P7,P4,0.35672406527478956
BASELINE_EC,Band-Power Envelope Coherence,Theta,Medium,P7,CP2,0.325553980767035
BASELINE_EC,Band-Power Envelope Coherence,Theta,Medium,P7,CP6,0.24098947159697437
BASELINE_EC,Band-Power Envelope Coherence,Theta,Medium,P7,T8,0.08109650111903571
BASELINE_EC,Band-Power Envelope Coherence,Theta,Medium,P7,FT10,0.16931286138130874
BASELINE_EC,Band-Power Envelope Coherence,Theta,Medium,P7,FC6,0.27167966728640813
BASELINE_EC,Band-Power Envelope Coherence,Theta,Medium,P7,C4,0.21970322893914634
BASELINE_EC,Band-Power Envelope Coherence,Theta,Medium,P7,FC2,0.18757177764900895
BASELINE_EC,Band-Power Envelope Coherence,Theta,Medium,P7,F4,0.11801442169494776
BASELINE_EC,Band-Power Envelope Coherence,Theta,Medium,P7,F8,0.18506208156056536
BASELINE_EC,Band-Power Envelope Coherence,Theta,Medium,P7,Fp2,0.14330502833518977
BASELINE_EC,Band-Power Envelope Coherence,Theta,Medium,PO9,O1,0.4454331157018553
BASELINE_EC,Band-Power Envelope Coherence,Theta,Medium,PO9,Pz,0.4882139772321432
BASELINE_EC,Band-Power Envelope Coherence,Theta,Medium,PO9,Oz,0.5763716717372476
BASELINE_EC,Band-Power Envelope Coherence,Theta,Medium,PO9,O2,0.5329234333131843
BASELINE_EC,Band-Power Envelope Coherence,Theta,Medium,PO9,PO10,0.49967891935283637
BASELINE_EC,Band-Power Envelope Coherence,Theta,Medium,PO9,P8,0.24143478009684527
BASELINE_EC,Band-Power Envelope Coherence,Theta,Medium,PO9,P4,0.44708141349899194
BASELINE_EC,Band-Power Envelope Coherence,Theta,Medium,PO9,CP2,0.3782746617596494
BASELINE_EC,Band-Power Envelope Coherence,Theta,Medium,PO9,CP6,0.33668804641473093
BASELINE_EC,Band-Power Envelope Coherence,Theta,Medium,PO9,T8,0.11403730705903109
BASELINE_EC,Band-Power Envelope Coherence,Theta,Medium,PO9,FT10,0.2579023177750117
BASELINE_EC,Band-Power Envelope Coherence,Theta,Medium,PO9,FC6,0.32604197873146695
BASELINE_EC,Band-Power Envelope Coherence,Theta,Medium,PO9,C4,0.27292269158390203
BASELINE_EC,Band-Power Envelope Coherence,Theta,Medium,PO9,FC2,0.2047349615716082
BASELINE_EC,Band-Power Envelope Coherence,Theta,Medium,PO9,F4,0.13907954733955818
BASELINE_EC,Band-Power Envelope Coherence,Theta,Medium,PO9,F8,0.22938988458970638
BASELINE_EC,Band-Power Envelope Coherence,Theta,Medium,PO9,Fp2,0.190778327959448
BASELINE_EC,Band-Power Envelope Coherence,Theta,Medium,O1,Pz,0.5110627272089094
BASELINE_EC,Band-Power Envelope Coherence,Theta,Medium,O1,Oz,0.5958644565551727
BASELINE_EC,Band-Power Envelope Coherence,Theta,Medium,O1,O2,0.5586065610719495
BASELINE_EC,Band-Power Envelope Coherence,Theta,Medium,O1,PO10,0.3798136858627657
BASELINE_EC,Band-Power Envelope Coherence,Theta,Medium,O1,P8,0.24235639573850645
BASELINE_EC,Band-Power Envelope Coherence,Theta,Medium,O1,P4,0.49514782174822847
BASELINE_EC,Band-Power Envelope Coherence,Theta,Medium,O1,CP2,0.3919703636518452
BASELINE_EC,Band-Power Envelope Coherence,Theta,Medium,O1,CP6,0.3431752551093732
BASELINE_EC,Band-Power Envelope Coherence,Theta,Medium,O1,T8,0.0943754236695087
BASELINE_EC,Band-Power Envelope Coherence,Theta,Medium,O1,FT10,0.16692939614451602
BASELINE_EC,Band-Power Envelope Coherence,Theta,Medium,O1,FC6,0.25872623077005685
BASELINE_EC,Band-Power Envelope Coherence,Theta,Medium,O1,C4,0.27380793714602464
BASELINE_EC,Band-Power Envelope Coherence,Theta,Medium,O1,FC2,0.2011844178349439
BASELINE_EC,Band-Power Envelope Coherence,Theta,Medium,O1,F4,0.11762920820989264
BASELINE_EC,Band-Power Envelope Coherence,Theta,Medium,O1,F8,0.16605360346618278
BASELINE_EC,Band-Power Envelope Coherence,Theta,Medium,O1,Fp2,0.11901436779305682
BASELINE_EC,Band-Power Envelope Coherence,Theta,Medium,Pz,Oz,0.7318404530275868
BASELINE_EC,Band-Power Envelope Coherence,Theta,Medium,Pz,O2,0.6995250605086407
BASELINE_EC,Band-Power Envelope Coherence,Theta,Medium,Pz,PO10,0.4503939915054038
BASELINE_EC,Band-Power Envelope Coherence,Theta,Medium,Pz,P8,0.34893244881901586
BASELINE_EC,Band-Power Envelope Coherence,Theta,Medium,Pz,P4,0.7023760352897772
BASELINE_EC,Band-Power Envelope Coherence,Theta,Medium,Pz,CP2,0.6003266706846141
BASELINE_EC,Band-Power Envelope Coherence,Theta,Medium,Pz,CP6,0.536576192890785
BASELINE_EC,Band-Power Envelope Coherence,Theta,Medium,Pz,T8,0.13039032709204867
BASELINE_EC,Band-Power Envelope Coherence,Theta,Medium,Pz,FT10,0.22288333378319208
BASELINE_EC,Band-Power Envelope Coherence,Theta,Medium,Pz,FC6,0.42050077102969563
BASELINE_EC,Band-Power Envelope Coherence,Theta,Medium,Pz,C4,0.4212831666624417
BASELINE_EC,Band-Power Envelope Coherence,Theta,Medium,Pz,FC2,0.29006650651005444
BASELINE_EC,Band-Power Envelope Coherence,Theta,Medium,Pz,F4,0.19683043367332087
BASELINE_EC,Band-Power Envelope Coherence,Theta,Medium,Pz,F8,0.2228431690739712
BASELINE_EC,Band-Power Envelope Coherence,Theta,Medium,Pz,Fp2,0.18332537856822195
BASELINE_EC,Band-Power Envelope Coherence,Theta,Medium,Oz,O2,0.9155304058461196
BASELINE_EC,Band-Power Envelope Coherence,Theta,Medium,Oz,PO10,0.5954191596760152
BASELINE_EC,Band-Power Envelope Coherence,Theta,Medium,Oz,P8,0.42719671292888306
BASELINE_EC,Band-Power Envelope Coherence,Theta,Medium,Oz,P4,0.75369997440244
BASELINE_EC,Band-Power Envelope Coherence,Theta,Medium,Oz,CP2,0.6417728630860389
BASELINE_EC,Band-Power Envelope Coherence,Theta,Medium,Oz,CP6,0.5293593272558951
BASELINE_EC,Band-Power Envelope Coherence,Theta,Medium,Oz,T8,0.1511312112458095
BASELINE_EC,Band-Power Envelope Coherence,Theta,Medium,Oz,FT10,0.2161879938965387
BASELINE_EC,Band-Power Envelope Coherence,Theta,Medium,Oz,FC6,0.392508625445316
BASELINE_EC,Band-Power Envelope Coherence,Theta,Medium,Oz,C4,0.37848539434513556
BASELINE_EC,Band-Power Envelope Coherence,Theta,Medium,Oz,FC2,0.2510101533928839
BASELINE_EC,Band-Power Envelope Coherence,Theta,Medium,Oz,F4,0.1622079071197847
BASELINE_EC,Band-Power Envelope Coherence,Theta,Medium,Oz,F8,0.2201468788569654
BASELINE_EC,Band-Power Envelope Coherence,Theta,Medium,Oz,Fp2,0.1841359990341387
BASELINE_EC,Band-Power Envelope Coherence,Theta,Medium,O2,PO10,0.6733267215308705
BASELINE_EC,Band-Power Envelope Coherence,Theta,Medium,O2,P8,0.5414873219750345
BASELINE_EC,Band-Power Envelope Coherence,Theta,Medium,O2,P4,0.7573759544297067
BASELINE_EC,Band-Power Envelope Coherence,Theta,Medium,O2,CP2,0.6214835575735664
BASELINE_EC,Band-Power Envelope Coherence,Theta,Medium,O2,CP6,0.5468628209320028
BASELINE_EC,Band-Power Envelope Coherence,Theta,Medium,O2,T8,0.1575138042034806
BASELINE_EC,Band-Power Envelope Coherence,Theta,Medium,O2,FT10,0.20047210483979777
BASELINE_EC,Band-Power Envelope Coherence,Theta,Medium,O2,FC6,0.3676568048878622
BASELINE_EC,Band-Power Envelope Coherence,Theta,Medium,O2,C4,0.3591901140192905
BASELINE_EC,Band-Power Envelope Coherence,Theta,Medium,O2,FC2,0.2328512517021894
BASELINE_EC,Band-Power Envelope Coherence,Theta,Medium,O2,F4,0.153406786317396
BASELINE_EC,Band-Power Envelope Coherence,Theta,Medium,O2,F8,0.20020371589705394
BASELINE_EC,Band-Power Envelope Coherence,Theta,Medium,O2,Fp2,0.1749130718166745
BASELINE_EC,Band-Power Envelope Coherence,Theta,Medium,PO10,P8,0.6675091604337379
BASELINE_EC,Band-Power Envelope Coherence,Theta,Medium,PO10,P4,0.493257714498103
BASELINE_EC,Band-Power Envelope Coherence,Theta,Medium,PO10,CP2,0.3789326280745259
BASELINE_EC,Band-Power Envelope Coherence,Theta,Medium,PO10,CP6,0.4491820235648444
BASELINE_EC,Band-Power Envelope Coherence,Theta,Medium,PO10,T8,0.16674038705664762
BASELINE_EC,Band-Power Envelope Coherence,Theta,Medium,PO10,FT10,0.2356245796902373
BASELINE_EC,Band-Power Envelope Coherence,Theta,Medium,PO10,FC6,0.31868570133299623
BASELINE_EC,Band-Power Envelope Coherence,Theta,Medium,PO10,C4,0.25579014969121044
BASELINE_EC,Band-Power Envelope Coherence,Theta,Medium,PO10,FC2,0.1847765124260342
BASELINE_EC,Band-Power Envelope Coherence,Theta,Medium,PO10,F4,0.1047894713002794
BASELINE_EC,Band-Power Envelope Coherence,Theta,Medium,PO10,F8,0.21710105168874644
BASELINE_EC,Band-Power Envelope Coherence,Theta,Medium,PO10,Fp2,0.17595886090708968
BASELINE_EC,Band-Power Envelope Coherence,Theta,Medium,P8,P4,0.4307395728124351
BASELINE_EC,Band-Power Envelope Coherence,Theta,Medium,P8,CP2,0.30289981582441
BASELINE_EC,Band-Power Envelope Coherence,Theta,Medium,P8,CP6,0.4710660399795621
BASELINE_EC,Band-Power Envelope Coherence,Theta,Medium,P8,T8,0.12702037110675732
BASELINE_EC,Band-Power Envelope Coherence,Theta,Medium,P8,FT10,0.15163832768685104
BASELINE_EC,Band-Power Envelope Coherence,Theta,Medium,P8,FC6,0.22402811131312067
BASELINE_EC,Band-Power Envelope Coherence,Theta,Medium,P8,C4,0.2029885069255982
BASELINE_EC,Band-Power Envelope Coherence,Theta,Medium,P8,FC2,0.12286246419146415
BASELINE_EC,Band-Power Envelope Coherence,Theta,Medium,P8,F4,0.06593820042414793
BASELINE_EC,Band-Power Envelope Coherence,Theta,Medium,P8,F8,0.12363391810596888
BASELINE_EC,Band-Power Envelope Coherence,Theta,Medium,P8,Fp2,0.09975289403147843
BASELINE_EC,Band-Power Envelope Coherence,Theta,Medium,P4,CP2,0.6232937776536763
BASELINE_EC,Band-Power Envelope Coherence,Theta,Medium,P4,CP6,0.5931684738487141
BASELINE_EC,Band-Power Envelope Coherence,Theta,Medium,P4,T8,0.13376737435308317
BASELINE_EC,Band-Power Envelope Coherence,Theta,Medium,P4,FT10,0.20811120012667234
BASELINE_EC,Band-Power Envelope Coherence,Theta,Medium,P4,FC6,0.4243023788477509
BASELINE_EC,Band-Power Envelope Coherence,Theta,Medium,P4,C4,0.43974542573157516
BASELINE_EC,Band-Power Envelope Coherence,Theta,Medium,P4,FC2,0.28298648086487466
BASELINE_EC,Band-Power Envelope Coherence,Theta,Medium,P4,F4,0.19676187527312333
BASELINE_EC,Band-Power Envelope Coherence,Theta,Medium,P4,F8,0.2212934763905015
BASELINE_EC,Band-Power Envelope Coherence,Theta,Medium,P4,Fp2,0.18720970922693908
BASELINE_EC,Band-Power Envelope Coherence,Theta,Medium,CP2,CP6,0.4925881781948195
BASELINE_EC,Band-Power Envelope Coherence,Theta,Medium,CP2,T8,0.1256432454889992
BASELINE_EC,Band-Power Envelope Coherence,Theta,Medium,CP2,FT10,0.17284332420516046
BASELINE_EC,Band-Power Envelope Coherence,Theta,Medium,CP2,FC6,0.398547982321039
BASELINE_EC,Band-Power Envelope Coherence,Theta,Medium,CP2,C4,0.38871576771383
BASELINE_EC,Band-Power Envelope Coherence,Theta,Medium,CP2,FC2,0.2605646961499567
BASELINE_EC,Band-Power Envelope Coherence,Theta,Medium,CP2,F4,0.18005644625739453
BASELINE_EC,Band-Power Envelope Coherence,Theta,Medium,CP2,F8,0.1886050147245812
BASELINE_EC,Band-Power Envelope Coherence,Theta,Medium,CP2,Fp2,0.17335683356959541
BASELINE_EC,Band-Power Envelope Coherence,Theta,Medium,CP6,T8,0.24306489433175182
BASELINE_EC,Band-Power Envelope Coherence,Theta,Medium,CP6,FT10,0.3260516203879493
BASELINE_EC,Band-Power Envelope Coherence,Theta,Medium,CP6,FC6,0.5777768718080467
BASELINE_EC,Band-Power Envelope Coherence,Theta,Medium,CP6,C4,0.47738935484895517
BASELINE_EC,Band-Power Envelope Coherence,Theta,Medium,CP6,FC2,0.28271494076669795
BASELINE_EC,Band-Power Envelope Coherence,Theta,Medium,CP6,F4,0.21890915314190418
BASELINE_EC,Band-Power Envelope Coherence,Theta,Medium,CP6,F8,0.3047576619722965
BASELINE_EC,Band-Power Envelope Coherence,Theta,Medium,CP6,Fp2,0.24768662101655622
BASELINE_EC,Band-Power Envelope Coherence,Theta,Medium,T8,FT10,0.20804808670711994
BASELINE_EC,Band-Power Envelope Coherence,Theta,Medium,T8,FC6,0.283520515258994
BASELINE_EC,Band-Power Envelope Coherence,Theta,Medium,T8,C4,0.13531507221133549
BASELINE_EC,Band-Power Envelope Coherence,Theta,Medium,T8,FC2,0.13122577616807485
BASELINE_EC,Band-Power Envelope Coherence,Theta,Medium,T8,F4,0.06467804368582757
BASELINE_EC,Band-Power Envelope Coherence,Theta,Medium,T8,F8,0.1807420151595594
BASELINE_EC,Band-Power Envelope Coherence,Theta,Medium,T8,Fp2,0.12947618543098863
BASELINE_EC,Band-Power Envelope Coherence,Theta,Medium,FT10,FC6,0.4797659139592053
BASELINE_EC,Band-Power Envelope Coherence,Theta,Medium,FT10,C4,0.25079702683096816
BASELINE_EC,Band-Power Envelope Coherence,Theta,Medium,FT10,FC2,0.16128433688624993
BASELINE_EC,Band-Power Envelope Coherence,Theta,Medium,FT10,F4,0.1757666023426241
BASELINE_EC,Band-Power Envelope Coherence,Theta,Medium,FT10,F8,0.46573575865098177
BASELINE_EC,Band-Power Envelope Coherence,Theta,Medium,FT10,Fp2,0.2562376779785184
BASELINE_EC,Band-Power Envelope Coherence,Theta,Medium,FC6,C4,0.4800569172571222
BASELINE_EC,Band-Power Envelope Coherence,Theta,Medium,FC6,FC2,0.3795197142694878
BASELINE_EC,Band-Power Envelope Coherence,Theta,Medium,FC6,F4,0.323923211392953
BASELINE_EC,Band-Power Envelope Coherence,Theta,Medium,FC6,F8,0.5646733744125635
BASELINE_EC,Band-Power Envelope Coherence,Theta,Medium,FC6,Fp2,0.4309392471657016
BASELINE_EC,Band-Power Envelope Coherence,Theta,Medium,C4,FC2,0.3153793786485261
BASELINE_EC,Band-Power Envelope Coherence,Theta,Medium,C4,F4,0.22843643974607308
BASELINE_EC,Band-Power Envelope Coherence,Theta,Medium,C4,F8,0.27352489562556975
BASELINE_EC,Band-Power Envelope Coherence,Theta,Medium,C4,Fp2,0.22780076928483659
BASELINE_EC,Band-Power Envelope Coherence,Theta,Medium,FC2,F4,0.18220659851054966
BASELINE_EC,Band-Power Envelope Coherence,Theta,Medium,FC2,F8,0.2420559161576908
BASELINE_EC,Band-Power Envelope Coherence,Theta,Medium,FC2,Fp2,0.18672327849953968
BASELINE_EC,Band-Power Envelope Coherence,Theta,Medium,F4,F8,0.1992208454806589
BASELINE_EC,Band-Power Envelope Coherence,Theta,Medium,F4,Fp2,0.19731813282337995
BASELINE_EC,Band-Power Envelope Coherence,Theta,Medium,F8,Fp2,0.367589806122147
BASELINE_EC,Band-Power Envelope Coherence,Theta,Fast,Cz,Fz,0.5534726689045286
BASELINE_EC,Band-Power Envelope Coherence,Theta,Fast,Cz,Fp1,0.2771843242570437
BASELINE_EC,Band-Power Envelope Coherence,Theta,Fast,Cz,F7,0.43865292499788416
BASELINE_EC,Band-Power Envelope Coherence,Theta,Fast,Cz,F3,0.6833026387368242
BASELINE_EC,Band-Power Envelope Coherence,Theta,Fast,Cz,FC1,0.7091368700595001
BASELINE_EC,Band-Power Envelope Coherence,Theta,Fast,Cz,C3,0.4103934666077969
BASELINE_EC,Band-Power Envelope Coherence,Theta,Fast,Cz,FC5,0.4749518311992399
BASELINE_EC,Band-Power Envelope Coherence,Theta,Fast,Cz,FT9,0.2794878358676439
BASELINE_EC,Band-Power Envelope Coherence,Theta,Fast,Cz,T7,0.3348538164124837
BASELINE_EC,Band-Power Envelope Coherence,Theta,Fast,Cz,CP5,0.4936337606708141
BASELINE_EC,Band-Power Envelope Coherence,Theta,Fast,Cz,CP1,0.4885690823827663
BASELINE_EC,Band-Power Envelope Coherence,Theta,Fast,Cz,P3,0.4858228201447513
BASELINE_EC,Band-Power Envelope Coherence,Theta,Fast,Cz,P7,0.17728311639466782
BASELINE_EC,Band-Power Envelope Coherence,Theta,Fast,Cz,PO9,0.20733174787958109
BASELINE_EC,Band-Power Envelope Coherence,Theta,Fast,Cz,O1,0.2247312071464624
BASELINE_EC,Band-Power Envelope Coherence,Theta,Fast,Cz,Pz,0.4337699733986657
BASELINE_EC,Band-Power Envelope Coherence,Theta,Fast,Cz,Oz,0.3557233475382957
BASELINE_EC,Band-Power Envelope Coherence,Theta,Fast,Cz,O2,0.32039431979481137
BASELINE_EC,Band-Power Envelope Coherence,Theta,Fast,Cz,PO10,0.17546340774099187
BASELINE_EC,Band-Power Envelope Coherence,Theta,Fast,Cz,P8,0.16381198859517623
BASELINE_EC,Band-Power Envelope Coherence,Theta,Fast,Cz,P4,0.4524831546434546
BASELINE_EC,Band-Power Envelope Coherence,Theta,Fast,Cz,CP2,0.39763441458142806
BASELINE_EC,Band-Power Envelope Coherence,Theta,Fast,Cz,CP6,0.4430763820537124
BASELINE_EC,Band-Power Envelope Coherence,Theta,Fast,Cz,T8,0.09128577111296284
BASELINE_EC,Band-Power Envelope Coherence,Theta,Fast,Cz,FT10,0.19349191603933769
BASELINE_EC,Band-Power Envelope Coherence,Theta,Fast,Cz,FC6,0.5068934121419375
BASELINE_EC,Band-Power Envelope Coherence,Theta,Fast,Cz,C4,0.4631347375731281
BASELINE_EC,Band-Power Envelope Coherence,Theta,Fast,Cz,FC2,0.30716886065186233
BASELINE_EC,Band-Power Envelope Coherence,Theta,Fast,Cz,F4,0.2721036762823398
BASELINE_EC,Band-Power Envelope Coherence,Theta,Fast,Cz,F8,0.21583785543279754
BASELINE_EC,Band-Power Envelope Coherence,Theta,Fast,Cz,Fp2,0.24674237062047
BASELINE_EC,Band-Power Envelope Coherence,Theta,Fast,Fz,Fp1,0.3734884957357183
BASELINE_EC,Band-Power Envelope Coherence,Theta,Fast,Fz,F7,0.5443926144880051
BASELINE_EC,Band-Power Envelope Coherence,Theta,Fast,Fz,F3,0.7349952200985799
BASELINE_EC,Band-Power Envelope Coherence,Theta,Fast,Fz,FC1,0.6507931946574528
BASELINE_EC,Band-Power Envelope Coherence,Theta,Fast,Fz,C3,0.37330295851149226
BASELINE_EC,Band-Power Envelope Coherence,Theta,Fast,Fz,FC5,0.5082756256636245
BASELINE_EC,Band-Power Envelope Coherence,Theta,Fast,Fz,FT9,0.37185317301201004
BASELINE_EC,Band-Power Envelope Coherence,Theta,Fast,Fz,T7,0.3907472124836244
BASELINE_EC,Band-Power Envelope Coherence,Theta,Fast,Fz,CP5,0.45359734050876593
BASELINE_EC,Band-Power Envelope Coherence,Theta,Fast,Fz,CP1,0.39692014347528093
BASELINE_EC,Band-Power Envelope Coherence,Theta,Fast,Fz,P3,0.3916301851418115
BASELINE_EC,Band-Power Envelope Coherence,Theta,Fast,Fz,P7,0.27225074872937144
BASELINE_EC,Band-Power Envelope Coherence,Theta,Fast,Fz,PO9,0.25902252553083904
BASELINE_EC,Band-Power Envelope Coherence,Theta,Fast,Fz,O1,0.19589058549503913
BASELINE_EC,Band-Power Envelope Coherence,Theta,Fast,Fz,Pz,0.3558298691737097
BASELINE_EC,Band-Power Envelope Coherence,Theta,Fast,Fz,Oz,0.2876863176421966
BASELINE_EC,Band-Power Envelope Coherence,Theta,Fast,Fz,O2,0.24953632039937232
BASELINE_EC,Band-Power Envelope Coherence,Theta,Fast,Fz,PO10,0.17564193560085112
BASELINE_EC,Band-Power Envelope Coherence,Theta,Fast,Fz,P8,0.1085428896546276
BASELINE_EC,Band-Power Envelope Coherence,Theta,Fast,Fz,P4,0.3355711695973547
BASELINE_EC,Band-Power Envelope Coherence,Theta,Fast,Fz,CP2,0.3264798362461556
BASELINE_EC,Band-Power Envelope Coherence,Theta,Fast,Fz,CP6,0.36212557637386034
BASELINE_EC,Band-Power Envelope Coherence,Theta,Fast,Fz,T8,0.11920509462736704
BASELINE_EC,Band-Power Envelope Coherence,Theta,Fast,Fz,FT10,0.2779930642271971
BASELINE_EC,Band-Power Envelope Coherence,Theta,Fast,Fz,FC6,0.5814594549627884
BASELINE_EC,Band-Power Envelope Coherence,Theta,Fast,Fz,C4,0.3918353054691247
BASELINE_EC,Band-Power Envelope Coherence,Theta,Fast,Fz,FC2,0.32659825864731873
BASELINE_EC,Band-Power Envelope Coherence,Theta,Fast,Fz,F4,0.29310267931562506
BASELINE_EC,Band-Power Envelope Coherence,Theta,Fast,Fz,F8,0.36603649139947103
BASELINE_EC,Band-Power Envelope Coherence,Theta,Fast,Fz,Fp2,0.36029500816486004
BASELINE_EC,Band-Power Envelope Coherence,Theta,Fast,Fp1,F7,0.5526246769981895
BASELINE_EC,Band-Power Envelope Coherence,Theta,Fast,Fp1,F3,0.5158055763930065
BASELINE_EC,Band-Power Envelope Coherence,Theta,Fast,Fp1,FC1,0.42931324184153685
BASELINE_EC,Band-Power Envelope Coherence,Theta,Fast,Fp1,C3,0.22856693273284456
BASELINE_EC,Band-Power Envelope Coherence,Theta,Fast,Fp1,FC5,0.3645348274919251
BASELINE_EC,Band-Power Envelope Coherence,Theta,Fast,Fp1,FT9,0.3619585715638356
BASELINE_EC,Band-Power Envelope Coherence,Theta,Fast,Fp1,T7,0.28384273993635933
BASELINE_EC,Band-Power Envelope Coherence,Theta,Fast,Fp1,CP5,0.2767070284345797
BASELINE_EC,Band-Power Envelope Coherence,Theta,Fast,Fp1,CP1,0.2536703373245554
BASELINE_EC,Band-Power Envelope Coherence,Theta,Fast,Fp1,P3,0.23977108013938353
BASELINE_EC,Band-Power Envelope Coherence,Theta,Fast,Fp1,P7,0.19056635857232573
BASELINE_EC,Band-Power Envelope Coherence,Theta,Fast,Fp1,PO9,0.23429200028555808
BASELINE_EC,Band-Power Envelope Coherence,Theta,Fast,Fp1,O1,0.15820638963649689
BASELINE_EC,Band-Power Envelope Coherence,Theta,Fast,Fp1,Pz,0.2299539086851684
BASELINE_EC,Band-Power Envelope Coherence,Theta,Fast,Fp1,Oz,0.2122722936495524
BASELINE_EC,Band-Power Envelope Coherence,Theta,Fast,Fp1,O2,0.20542920164313577
BASELINE_EC,Band-Power Envelope Coherence,Theta,Fast,Fp1,PO10,0.19479463709397735
BASELINE_EC,Band-Power Envelope Coherence,Theta,Fast,Fp1,P8,0.11304888797132476
BASELINE_EC,Band-Power Envelope Coherence,Theta,Fast,Fp1,P4,0.2204184334891035
BASELINE_EC,Band-Power Envelope Coherence,Theta,Fast,Fp1,CP2,0.19794820162337326
BASELINE_EC,Band-Power Envelope Coherence,Theta,Fast,Fp1,CP6,0.2595721691330307
BASELINE_EC,Band-Power Envelope Coherence,Theta,Fast,Fp1,T8,0.16521814524124095
BASELINE_EC,Band-Power Envelope Coherence,Theta,Fast,Fp1,FT10,0.2163443295257384
BASELINE_EC,Band-Power Envelope Coherence,Theta,Fast,Fp1,FC6,0.3865294372308229
BASELINE_EC,Band-Power Envelope Coherence,Theta,Fast,Fp1,C4,0.250301108133698
BASELINE_EC,Band-Power Envelope Coherence,Theta,Fast,Fp1,FC2,0.21975480282910614
BASELINE_EC,Band-Power Envelope Coherence,Theta,Fast,Fp1,F4,0.1910778965709118
BASELINE_EC,Band-Power Envelope Coherence,Theta,Fast,Fp1,F8,0.27915476321341826
BASELINE_EC,Band-Power Envelope Coherence,Theta,Fast,Fp1,Fp2,0.6787882085656787
BASELINE_EC,Band-Power Envelope Coherence,Theta,Fast,F7,F3,0.7576683032432501
BASELINE_EC,Band-Power Envelope Coherence,Theta,Fast,F7,FC1,0.6882245977713847
BASELINE_EC,Band-Power Envelope Coherence,Theta,Fast,F7,C3,0.42368214036202634
BASELINE_EC,Band-Power Envelope Coherence,Theta,Fast,F7,FC5,0.6566027523636857
BASELINE_EC,Band-Power Envelope Coherence,Theta,Fast,F7,FT9,0.7142537918674038
BASELINE_EC,Band-Power Envelope Coherence,Theta,Fast,F7,T7,0.6139325112309036
BASELINE_EC,Band-Power Envelope Coherence,Theta,Fast,F7,CP5,0.5770014173210533
BASELINE_EC,Band-Power Envelope Coherence,Theta,Fast,F7,CP1,0.47911689770715876
BASELINE_EC,Band-Power Envelope Coherence,Theta,Fast,F7,P3,0.4622863107063836
BASELINE_EC,Band-Power Envelope Coherence,Theta,Fast,F7,P7,0.39363576439486847
BASELINE_EC,Band-Power Envelope Coherence,Theta,Fast,F7,PO9,0.4337840665851188
BASELINE_EC,Band-Power Envelope Coherence,Theta,Fast,F7,O1,0.3008245731021377
BASELINE_EC,Band-Power Envelope Coherence,Theta,Fast,F7,Pz,0.44270431641988084
BASELINE_EC,Band-Power Envelope Coherence,Theta,Fast,F7,Oz,0.3997432507316223
BASELINE_EC,Band-Power Envelope Coherence,Theta,Fast,F7,O2,0.3887861380400942
BASELINE_EC,Band-Power Envelope Coherence,Theta,Fast,F7,PO10,0.3315191399170516
BASELINE_EC,Band-Power Envelope Coherence,Theta,Fast,F7,P8,0.19211746862493642
BASELINE_EC,Band-Power Envelope Coherence,Theta,Fast,F7,P4,0.4141863796809435
BASELINE_EC,Band-Power Envelope Coherence,Theta,Fast,F7,CP2,0.3579861547915335
BASELINE_EC,Band-Power Envelope Coherence,Theta,Fast,F7,CP6,0.39524119798344703
BASELINE_EC,Band-Power Envelope Coherence,Theta,Fast,F7,T8,0.15542101174174902
BASELINE_EC,Band-Power Envelope Coherence,Theta,Fast,F7,FT10,0.29151632978871045
BASELINE_EC,Band-Power Envelope Coherence,Theta,Fast,F7,FC6,0.5361837387902824
BASELINE_EC,Band-Power Envelope Coherence,Theta,Fast,F7,C4,0.3773299190473435
BASELINE_EC,Band-Power Envelope Coherence,Theta,Fast,F7,FC2,0.32432010923804433
BASELINE_EC,Band-Power Envelope Coherence,Theta,Fast,F7,F4,0.29486997018370664
BASELINE_EC,Band-Power Envelope Coherence,Theta,Fast,F7,F8,0.33993642016669734
BASELINE_EC,Band-Power Envelope Coherence,Theta,Fast,F7,Fp2,0.4250858150902135
BASELINE_EC,Band-Power Envelope Coherence,Theta,Fast,F3,FC1,0.8096170415697082
BASELINE_EC,Band-Power Envelope Coherence,Theta,Fast,F3,C3,0.4731828361082062
BASELINE_EC,Band-Power Envelope Coherence,Theta,Fast,F3,FC5,0.6663439256714284
BASELINE_EC,Band-Power Envelope Coherence,Theta,Fast,F3,FT9,0.4755376110412914
BASELINE_EC,Band-Power Envelope Coherence,Theta,Fast,F3,T7,0.5110433675396668
BASELINE_EC,Band-Power Envelope Coherence,Theta,Fast,F3,CP5,0.5815724645378224
BASELINE_EC,Band-Power Envelope Coherence,Theta,Fast,F3,CP1,0.476026190708485
BASELINE_EC,Band-Power Envelope Coherence,Theta,Fast,F3,P3,0.46373048999085853
BASELINE_EC,Band-Power Envelope Coherence,Theta,Fast,F3,P7,0.3004295959635178
BASELINE_EC,Band-Power Envelope Coherence,Theta,Fast,F3,PO9,0.32158000002116494
BASELINE_EC,Band-Power Envelope Coherence,Theta,Fast,F3,O1,0.2564837066861026
BASELINE_EC,Band-Power Envelope Coherence,Theta,Fast,F3,Pz,0.4331938733788114
BASELINE_EC,Band-Power Envelope Coherence,Theta,Fast,F3,Oz,0.35385994680766664
BASELINE_EC,Band-Power Envelope Coherence,Theta,Fast,F3,O2,0.32365667107768303
BASELINE_EC,Band-Power Envelope Coherence,Theta,Fast,F3,PO10,0.2498237852248114
BASELINE_EC,Band-Power Envelope Coherence,Theta,Fast,F3,P8,0.16578877506087458
BASELINE_EC,Band-Power Envelope Coherence,Theta,Fast,F3,P4,0.40961394064962675
BASELINE_EC,Band-Power Envelope Coherence,Theta,Fast,F3,CP2,0.3705387671903251
BASELINE_EC,Band-Power Envelope Coherence,Theta,Fast,F3,CP6,0.4397375921303188
BASELINE_EC,Band-Power Envelope Coherence,Theta,Fast,F3,T8,0.11542582684257546
BASELINE_EC,Band-Power Envelope Coherence,Theta,Fast,F3,FT10,0.30921958507251873
BASELINE_EC,Band-Power Envelope Coherence,Theta,Fast,F3,FC6,0.6519915014761886
BASELINE_EC,Band-Power Envelope Coherence,Theta,Fast,F3,C4,0.4541427051846597
BASELINE_EC,Band-Power Envelope Coherence,Theta,Fast,F3,FC2,0.3771260546362807
BASELINE_EC,Band-Power Envelope Coherence,Theta,Fast,F3,F4,0.3420720081453433
BASELINE_EC,Band-Power Envelope Coherence,Theta,Fast,F3,F8,0.38502879392336303
BASELINE_EC,Band-Power Envelope Coherence,Theta,Fast,F3,Fp2,0.4517560567903648
BASELINE_EC,Band-Power Envelope Coherence,Theta,Fast,FC1,C3,0.5547187165380578
BASELINE_EC,Band-Power Envelope Coherence,Theta,Fast,FC1,FC5,0.6923107723395048
BASELINE_EC,Band-Power Envelope Coherence,Theta,Fast,FC1,FT9,0.5292447572673131
BASELINE_EC,Band-Power Envelope Coherence,Theta,Fast,FC1,T7,0.5766882325809195
BASELINE_EC,Band-Power Envelope Coherence,Theta,Fast,FC1,CP5,0.7219730993782217
BASELINE_EC,Band-Power Envelope Coherence,Theta,Fast,FC1,CP1,0.6835137947103531
BASELINE_EC,Band-Power Envelope Coherence,Theta,Fast,FC1,P3,0.6774863383949209
BASELINE_EC,Band-Power Envelope Coherence,Theta,Fast,FC1,P7,0.38354978250601884
BASELINE_EC,Band-Power Envelope Coherence,Theta,Fast,FC1,PO9,0.4289826398815518
BASELINE_EC,Band-Power Envelope Coherence,Theta,Fast,FC1,O1,0.38406680972696583
BASELINE_EC,Band-Power Envelope Coherence,Theta,Fast,FC1,Pz,0.6110821464755225
BASELINE_EC,Band-Power Envelope Coherence,Theta,Fast,FC1,Oz,0.558747221805557
BASELINE_EC,Band-Power Envelope Coherence,Theta,Fast,FC1,O2,0.517844646591755
BASELINE_EC,Band-Power Envelope Coherence,Theta,Fast,FC1,PO10,0.3625703200505728
BASELINE_EC,Band-Power Envelope Coherence,Theta,Fast,FC1,P8,0.246599822642258
BASELINE_EC,Band-Power Envelope Coherence,Theta,Fast,FC1,P4,0.5915473434222476
BASELINE_EC,Band-Power Envelope Coherence,Theta,Fast,FC1,CP2,0.5444492875729344
BASELINE_EC,Band-Power Envelope Coherence,Theta,Fast,FC1,CP6,0.5650569573969415
BASELINE_EC,Band-Power Envelope Coherence,Theta,Fast,FC1,T8,0.24675911679613613
BASELINE_EC,Band-Power Envelope Coherence,Theta,Fast,FC1,FT10,0.33677652093290444
BASELINE_EC,Band-Power Envelope Coherence,Theta,Fast,FC1,FC6,0.6902441835131692
BASELINE_EC,Band-Power Envelope Coherence,Theta,Fast,FC1,C4,0.5310598878618643
BASELINE_EC,Band-Power Envelope Coherence,Theta,Fast,FC1,FC2,0.42157840221040804
BASELINE_EC,Band-Power Envelope Coherence,Theta,Fast,FC1,F4,0.31721648597123064
BASELINE_EC,Band-Power Envelope Coherence,Theta,Fast,FC1,F8,0.3724496022619598
BASELINE_EC,Band-Power Envelope Coherence,Theta,Fast,FC1,Fp2,0.3627351441081208
BASELINE_EC,Band-Power Envelope Coherence,Theta,Fast,C3,FC5,0.45395669887871715
BASELINE_EC,Band-Power Envelope Coherence,Theta,Fast,C3,FT9,0.3551486909959271
BASELINE_EC,Band-Power Envelope Coherence,Theta,Fast,C3,T7,0.3942457319858167
BASELINE_EC,Band-Power Envelope Coherence,Theta,Fast,C3,CP5,0.5372761713277698
BASELINE_EC,Band-Power Envelope Coherence,Theta,Fast,C3,CP1,0.4856689880151895
BASELINE_EC,Band-Power Envelope Coherence,Theta,Fast,C3,P3,0.48831666504250326
BASELINE_EC,Band-Power Envelope Coherence,Theta,Fast,C3,P7,0.302167726473073
BASELINE_EC,Band-Power Envelope Coherence,Theta,Fast,C3,PO9,0.32269339652139395
BASELINE_EC,Band-Power Envelope Coherence,Theta,Fast,C3,O1,0.3052594212334806
BASELINE_EC,Band-Power Envelope Coherence,Theta,Fast,C3,Pz,0.4492196351893375
BASELINE_EC,Band-Power Envelope Coherence,Theta,Fast,C3,Oz,0.3972323505640401
BASELINE_EC,Band-Power Envelope Coherence,Theta,Fast,C3,O2,0.3722440708451939
BASELINE_EC,Band-Power Envelope Coherence,Theta,Fast,C3,PO10,0.24755298116242802
BASELINE_EC,Band-Power Envelope Coherence,Theta,Fast,C3,P8,0.1693879940178847
BASELINE_EC,Band-Power Envelope Coherence,Theta,Fast,C3,P4,0.42457672023118737
BASELINE_EC,Band-Power Envelope Coherence,Theta,Fast,C3,CP2,0.3903297305593339
BASELINE_EC,Band-Power Envelope Coherence,Theta,Fast,C3,CP6,0.3627419532182068
BASELINE_EC,Band-Power Envelope Coherence,Theta,Fast,C3,T8,0.08391961414038057
BASELINE_EC,Band-Power Envelope Coherence,Theta,Fast,C3,FT10,0.18240482284251797
BASELINE_EC,Band-Power Envelope Coherence,Theta,Fast,C3,FC6,0.37969066883883873
BASELINE_EC,Band-Power Envelope Coherence,Theta,Fast,C3,C4,0.360556206385899
BASELINE_EC,Band-Power Envelope Coherence,Theta,Fast,C3,FC2,0.28670986004892485
BASELINE_EC,Band-Power Envelope Coherence,Theta,Fast,C3,F4,0.19776786469269914
BASELINE_EC,Band-Power Envelope Coherence,Theta,Fast,C3,F8,0.20774787623391974
BASELINE_EC,Band-Power Envelope Coherence,Theta,Fast,C3,Fp2,0.17965559645152657
BASELINE_EC,Band-Power Envelope Coherence,Theta,Fast,FC5,FT9,0.5102771825824255
BASELINE_EC,Band-Power Envelope Coherence,Theta,Fast,FC5,T7,0.5349653337736084
BASELINE_EC,Band-Power Envelope Coherence,Theta,Fast,FC5,CP5,0.6112603298546317
BASELINE_EC,Band-Power Envelope Coherence,Theta,Fast,FC5,CP1,0.488412645810066
BASELINE_EC,Band-Power Envelope Coherence,Theta,Fast,FC5,P3,0.4885831200066293
BASELINE_EC,Band-Power Envelope Coherence,Theta,Fast,FC5,P7,0.36316943319410283
BASELINE_EC,Band-Power Envelope Coherence,Theta,Fast,FC5,PO9,0.37725890126629924
BASELINE_EC,Band-Power Envelope Coherence,Theta,Fast,FC5,O1,0.29381976462984094
BASELINE_EC,Band-Power Envelope Coherence,Theta,Fast,FC5,Pz,0.44970737697156105
BASELINE_EC,Band-Power Envelope Coherence,Theta,Fast,FC5,Oz,0.38931090469067886
BASELINE_EC,Band-Power Envelope Coherence,Theta,Fast,FC5,O2,0.362416395200491
BASELINE_EC,Band-Power Envelope Coherence,Theta,Fast,FC5,PO10,0.2752481744923087
BASELINE_EC,Band-Power Envelope Coherence,Theta,Fast,FC5,P8,0.1646259821054661
BASELINE_EC,Band-Power Envelope Coherence,Theta,Fast,FC5,P4,0.4166566995007057
BASELINE_EC,Band-Power Envelope Coherence,Theta,Fast,FC5,CP2,0.39399002058682275
BASELINE_EC,Band-Power Envelope Coherence,Theta,Fast,FC5,CP6,0.3940382066584415
BASELINE_EC,Band-Power Envelope Coherence,Theta,Fast,FC5,T8,0.14255523026089034
BASELINE_EC,Band-Power Envelope Coherence,Theta,Fast,FC5,FT10,0.2383422459622263
BASELINE_EC,Band-Power Envelope Coherence,Theta,Fast,FC5,FC6,0.5049255837149468
BASELINE_EC,Band-Power Envelope Coherence,Theta,Fast,FC5,C4,0.39670602905939156
BASELINE_EC,Band-Power Envelope Coherence,Theta,Fast,FC5,FC2,0.3321818243597233
BASELINE_EC,Band-Power Envelope Coherence,Theta,Fast,FC5,F4,0.24529549482500368
BASELINE_EC,Band-Power Envelope Coherence,Theta,Fast,FC5,F8,0.2799678933768043
BASELINE_EC,Band-Power Envelope Coherence,Theta,Fast,FC5,Fp2,0.2803302293390223
BASELINE_EC,Band-Power Envelope Coherence,Theta,Fast,FT9,T7,0.5684678577726638
BASELINE_EC,Band-Power Envelope Coherence,Theta,Fast,FT9,CP5,0.5358738909561893
BASELINE_EC,Band-Power Envelope Coherence,Theta,Fast,FT9,CP1,0.45817880189704063
BASELINE_EC,Band-Power Envelope Coherence,Theta,Fast,FT9,P3,0.448042676462998
BASELINE_EC,Band-Power Envelope Coherence,Theta,Fast,FT9,P7,0.4583520383175306
BASELINE_EC,Band-Power Envelope Coherence,Theta,Fast,FT9,PO9,0.49200974467576053
BASELINE_EC,Band-Power Envelope Coherence,Theta,Fast,FT9,O1,0.31918286335537804
BASELINE_EC,Band-Power Envelope Coherence,Theta,Fast,FT9,Pz,0.4309513649772951
BASELINE_EC,Band-Power Envelope Coherence,Theta,Fast,FT9,Oz,0.4239495828661658
BASELINE_EC,Band-Power Envelope Coherence,Theta,Fast,FT9,O2,0.40010825140172235
BASELINE_EC,Band-Power Envelope Coherence,Theta,Fast,FT9,PO10,0.34973168414367806
BASELINE_EC,Band-Power Envelope Coherence,Theta,Fast,FT9,P8,0.17975392184580052
BASELINE_EC,Band-Power Envelope Coherence,Theta,Fast,FT9,P4,0.37828380184148447
BASELINE_EC,Band-Power Envelope Coherence,Theta,Fast,FT9,CP2,0.332127517975763
BASELINE_EC,Band-Power Envelope Coherence,Theta,Fast,FT9,CP6,0.3329568557257604
BASELINE_EC,Band-Power Envelope Coherence,Theta,Fast,FT9,T8,0.14670206196985205
BASELINE_EC,Band-Power Envelope Coherence,Theta,Fast,FT9,FT10,0.24958697925732554
BASELINE_EC,Band-Power Envelope Coherence,Theta,Fast,FT9,FC6,0.39270669832632044
BASELINE_EC,Band-Power Envelope Coherence,Theta,Fast,FT9,C4,0.2897125308800906
BASELINE_EC,Band-Power Envelope Coherence,Theta,Fast,FT9,FC2,0.24527734233534781
BASELINE_EC,Band-Power Envelope Coherence,Theta,Fast,FT9,F4,0.19328414260527507
BASELINE_EC,Band-Power Envelope Coherence,Theta,Fast,FT9,F8,0.25417310088302836
BASELINE_EC,Band-Power Envelope Coherence,Theta,Fast,FT9,Fp2,0.2861275982967148
BASELINE_EC,Band-Power Envelope Coherence,Theta,Fast,T7,CP5,0.6092412862274542
BASELINE_EC,Band-Power Envelope Coherence,Theta,Fast,T7,CP1,0.49162725830967846
BASELINE_EC,Band-Power Envelope Coherence,Theta,Fast,T7,P3,0.484344718649775
BASELINE_EC,Band-Power Envelope Coherence,Theta,Fast,T7,P7,0.4105950881556288
BASELINE_EC,Band-Power Envelope Coherence,Theta,Fast,T7,PO9,0.42604165471128386
BASELINE_EC,Band-Power Envelope Coherence,Theta,Fast,T7,O1,0.2956775221280479
BASELINE_EC,Band-Power Envelope Coherence,Theta,Fast,T7,Pz,0.45015953228617156
BASELINE_EC,Band-Power Envelope Coherence,Theta,Fast,T7,Oz,0.40804983601586137
BASELINE_EC,Band-Power Envelope Coherence,Theta,Fast,T7,O2,0.388990396526965
BASELINE_EC,Band-Power Envelope Coherence,Theta,Fast,T7,PO10,0.31013943077920214
BASELINE_EC,Band-Power Envelope Coherence,Theta,Fast,T7,P8,0.17870365371499655
BASELINE_EC,Band-Power Envelope Coherence,Theta,Fast,T7,P4,0.4099951456633127
BASELINE_EC,Band-Power Envelope Coherence,Theta,Fast,T7,CP2,0.39859950450687565
BASELINE_EC,Band-Power Envelope Coherence,Theta,Fast,T7,CP6,0.3356213167136776
BASELINE_EC,Band-Power Envelope Coherence,Theta,Fast,T7,T8,0.10575339552889183
BASELINE_EC,Band-Power Envelope Coherence,Theta,Fast,T7,FT10,0.21761163932959193
BASELINE_EC,Band-Power Envelope Coherence,Theta,Fast,T7,FC6,0.3843461698951157
BASELINE_EC,Band-Power Envelope Coherence,Theta,Fast,T7,C4,0.3129842947264891
BASELINE_EC,Band-Power Envelope Coherence,Theta,Fast,T7,FC2,0.24402861403988102
BASELINE_EC,Band-Power Envelope Coherence,Theta,Fast,T7,F4,0.18608843561843647
BASELINE_EC,Band-Power Envelope Coherence,Theta,Fast,T7,F8,0.2073132037643483
BASELINE_EC,Band-Power Envelope Coherence,Theta,Fast,T7,Fp2,0.21545161435649107
BASELINE_EC,Band-Power Envelope Coherence,Theta,Fast,CP5,CP1,0.6937815964891727
BASELINE_EC,Band-Power Envelope Coherence,Theta,Fast,CP5,P3,0.7296012574569559
BASELINE_EC,Band-Power Envelope Coherence,Theta,Fast,CP5,P7,0.5336749549771733
BASELINE_EC,Band-Power Envelope Coherence,Theta,Fast,CP5,PO9,0.5207247380329993
BASELINE_EC,Band-Power Envelope Coherence,Theta,Fast,CP5,O1,0.4412368326262144
BASELINE_EC,Band-Power Envelope Coherence,Theta,Fast,CP5,Pz,0.6338725312542084
BASELINE_EC,Band-Power Envelope Coherence,Theta,Fast,CP5,Oz,0.5702435991957755
BASELINE_EC,Band-Power Envelope Coherence,Theta,Fast,CP5,O2,0.5250452795317092
BASELINE_EC,Band-Power Envelope Coherence,Theta,Fast,CP5,PO10,0.34810903459556863
BASELINE_EC,Band-Power Envelope Coherence,Theta,Fast,CP5,P8,0.21121084527438266
BASELINE_EC,Band-Power Envelope Coherence,Theta,Fast,CP5,P4,0.5770557400203916
BASELINE_EC,Band-Power Envelope Coherence,Theta,Fast,CP5,CP2,0.5204628006398574
BASELINE_EC,Band-Power Envelope Coherence,Theta,Fast,CP5,CP6,0.45132555313719414
BASELINE_EC,Band-Power Envelope Coherence,Theta,Fast,CP5,T8,0.10811036719659638
BASELINE_EC,Band-Power Envelope Coherence,Theta,Fast,CP5,FT10,0.24357744069923934
BASELINE_EC,Band-Power Envelope Coherence,Theta,Fast,CP5,FC6,0.4587351817911062
BASELINE_EC,Band-Power Envelope Coherence,Theta,Fast,CP5,C4,0.41674153906730194
BASELINE_EC,Band-Power Envelope Coherence,Theta,Fast,CP5,FC2,0.31151454394891254
BASELINE_EC,Band-Power Envelope Coherence,Theta,Fast,CP5,F4,0.21945987754518606
BASELINE_EC,Band-Power Envelope Coherence,Theta,Fast,CP5,F8,0.2446515795091846
BASELINE_EC,Band-Power Envelope Coherence,Theta,Fast,CP5,Fp2,0.209350629044931
BASELINE_EC,Band-Power Envelope Coherence,Theta,Fast,CP1,P3,0.8505828083224046
BASELINE_EC,Band-Power Envelope Coherence,Theta,Fast,CP1,P7,0.44957398016600497
BASELINE_EC,Band-Power Envelope Coherence,Theta,Fast,CP1,PO9,0.532323975866537
BASELINE_EC,Band-Power Envelope Coherence,Theta,Fast,CP1,O1,0.5481752101821873
BASELINE_EC,Band-Power Envelope Coherence,Theta,Fast,CP1,Pz,0.7714634338129895
BASELINE_EC,Band-Power Envelope Coherence,Theta,Fast,CP1,Oz,0.8213284394305291
BASELINE_EC,Band-Power Envelope Coherence,Theta,Fast,CP1,O2,0.788548442168542
BASELINE_EC,Band-Power Envelope Coherence,Theta,Fast,CP1,PO10,0.5063947922836738
BASELINE_EC,Band-Power Envelope Coherence,Theta,Fast,CP1,P8,0.3893618597119273
BASELINE_EC,Band-Power Envelope Coherence,Theta,Fast,CP1,P4,0.7829386794563784
BASELINE_EC,Band-Power Envelope Coherence,Theta,Fast,CP1,CP2,0.676342786923403
BASELINE_EC,Band-Power Envelope Coherence,Theta,Fast,CP1,CP6,0.6087300767953551
BASELINE_EC,Band-Power Envelope Coherence,Theta,Fast,CP1,T8,0.15907064572585794
BASELINE_EC,Band-Power Envelope Coherence,Theta,Fast,CP1,FT10,0.24665869162375814
BASELINE_EC,Band-Power Envelope Coherence,Theta,Fast,CP1,FC6,0.48808648236906926
BASELINE_EC,Band-Power Envelope Coherence,Theta,Fast,CP1,C4,0.46587593390127635
BASELINE_EC,Band-Power Envelope Coherence,Theta,Fast,CP1,FC2,0.31103930602154184
BASELINE_EC,Band-Power Envelope Coherence,Theta,Fast,CP1,F4,0.22164039642367042
BASELINE_EC,Band-Power Envelope Coherence,Theta,Fast,CP1,F8,0.253739106317023
BASELINE_EC,Band-Power Envelope Coherence,Theta,Fast,CP1,Fp2,0.21654369539943052
BASELINE_EC,Band-Power Envelope Coherence,Theta,Fast,P3,P7,0.4711736443022641
BASELINE_EC,Band-Power Envelope Coherence,Theta,Fast,P3,PO9,0.5164701507217045
BASELINE_EC,Band-Power Envelope Coherence,Theta,Fast,P3,O1,0.5476383815431647
BASELINE_EC,Band-Power Envelope Coherence,Theta,Fast,P3,Pz,0.7638215636713144
BASELINE_EC,Band-Power Envelope Coherence,Theta,Fast,P3,Oz,0.8073231628720557
BASELINE_EC,Band-Power Envelope Coherence,Theta,Fast,P3,O2,0.7493578503971792
BASELINE_EC,Band-Power Envelope Coherence,Theta,Fast,P3,PO10,0.4474677128577974
BASELINE_EC,Band-Power Envelope Coherence,Theta,Fast,P3,P8,0.3338680406960428
BASELINE_EC,Band-Power Envelope Coherence,Theta,Fast,P3,P4,0.7544686763686346
BASELINE_EC,Band-Power Envelope Coherence,Theta,Fast,P3,CP2,0.6663667919919655
BASELINE_EC,Band-Power Envelope Coherence,Theta,Fast,P3,CP6,0.5410043214291117
BASELINE_EC,Band-Power Envelope Coherence,Theta,Fast,P3,T8,0.14367127153874154
BASELINE_EC,Band-Power Envelope Coherence,Theta,Fast,P3,FT10,0.21683493502594806
BASELINE_EC,Band-Power Envelope Coherence,Theta,Fast,P3,FC6,0.44445351230483654
BASELINE_EC,Band-Power Envelope Coherence,Theta,Fast,P3,C4,0.44014285790552865
BASELINE_EC,Band-Power Envelope Coherence,Theta,Fast,P3,FC2,0.3022295073819121
BASELINE_EC,Band-Power Envelope Coherence,Theta,Fast,P3,F4,0.20473114224789943
BASELINE_EC,Band-Power Envelope Coherence,Theta,Fast,P3,F8,0.22641045068804305
BASELINE_EC,Band-Power Envelope Coherence,Theta,Fast,P3,Fp2,0.19569483749590438
BASELINE_EC,Band-Power Envelope Coherence,Theta,Fast,P7,PO9,0.5448156722121165
BASELINE_EC,Band-Power Envelope Coherence,Theta,Fast,P7,O1,0.35874754251156715
BASELINE_EC,Band-Power Envelope Coherence,Theta,Fast,P7,Pz,0.4181086938090025
BASELINE_EC,Band-Power Envelope Coherence,Theta,Fast,P7,Oz,0.4227256856397972
BASELINE_EC,Band-Power Envelope Coherence,Theta,Fast,P7,O2,0.3741019134980862
BASELINE_EC,Band-Power Envelope Coherence,Theta,Fast,P7,PO10,0.3132632410215967
BASELINE_EC,Band-Power Envelope Coherence,Theta,Fast,P7,P8,0.14293524817650485
BASELINE_EC,Band-Power Envelope Coherence,Theta,Fast,P7,P4,0.35673133647552036
BASELINE_EC,Band-Power Envelope Coherence,Theta,Fast,P7,CP2,0.32555886607664264
BASELINE_EC,Band-Power Envelope Coherence,Theta,Fast,P7,CP6,0.24100348670359256
BASELINE_EC,Band-Power Envelope Coherence,Theta,Fast,P7,T8,0.0810976421863894
BASELINE_EC,Band-Power Envelope Coherence,Theta,Fast,P7,FT10,0.16935676060087035
BASELINE_EC,Band-Power Envelope Coherence,Theta,Fast,P7,FC6,0.2716927101833684
BASELINE_EC,Band-Power Envelope Coherence,Theta,Fast,P7,C4,0.21972170983616915
BASELINE_EC,Band-Power Envelope Coherence,Theta,Fast,P7,FC2,0.1875784149174033
BASELINE_EC,Band-Power Envelope Coherence,Theta,Fast,P7,F4,0.11801178265976697
BASELINE_EC,Band-Power Envelope Coherence,Theta,Fast,P7,F8,0.1850980015634861
BASELINE_EC,Band-Power Envelope Coherence,Theta,Fast,P7,Fp2,0.14330661161998792
BASELINE_EC,Band-Power Envelope Coherence,Theta,Fast,PO9,O1,0.445541732527756
BASELINE_EC,Band-Power Envelope Coherence,Theta,Fast,PO9,Pz,0.488238939810083
BASELINE_EC,Band-Power Envelope Coherence,Theta,Fast,PO9,Oz,0.5763927212906617
BASELINE_EC,Band-Power Envelope Coherence,Theta,Fast,PO9,O2,0.5329365080862322
BASELINE_EC,Band-Power Envelope Coherence,Theta,Fast,PO9,PO10,0.49977993358567085
BASELINE_EC,Band-Power Envelope Coherence,Theta,Fast,PO9,P8,0.24144392886581953
BASELINE_EC,Band-Power Envelope Coherence,Theta,Fast,PO9,P4,0.4471130250025028
BASELINE_EC,Band-Power Envelope Coherence,Theta,Fast,PO9,CP2,0.3782867134728776
BASELINE_EC,Band-Power Envelope Coherence,Theta,Fast,PO9,CP6,0.33672786730471516
BASELINE_EC,Band-Power Envelope Coherence,Theta,Fast,PO9,T8,0.11404000641644235
BASELINE_EC,Band-Power Envelope Coherence,Theta,Fast,PO9,FT10,0.2579783654233776
BASELINE_EC,Band-Power Envelope Coherence,Theta,Fast,PO9,FC6,0.32606249255429964
BASELINE_EC,Band-Power Envelope Coherence,Theta,Fast,PO9,C4,0.2729649790790206
BASELINE_EC,Band-Power Envelope Coherence,Theta,Fast,PO9,FC2,0.20475017926050998
BASELINE_EC,Band-Power Envelope Coherence,Theta,Fast,PO9,F4,0.13908486149094973
BASELINE_EC,Band-Power Envelope Coherence,Theta,Fast,PO9,F8,0.22943043921778236
BASELINE_EC,Band-Power Envelope Coherence,Theta,Fast,PO9,Fp2,0.19078098975325647
BASELINE_EC,Band-Power Envelope Coherence,Theta,Fast,O1,Pz,0.5111589917635903
BASELINE_EC,Band-Power Envelope Coherence,Theta,Fast,O1,Oz,0.5959704061563209
BASELINE_EC,Band-Power Envelope Coherence,Theta,Fast,O1,O2,0.5587010666641131
BASELINE_EC,Band-Power Envelope Coherence,Theta,Fast,O1,PO10,0.3799344008095039
BASELINE_EC,Band-Power Envelope Coherence,Theta,Fast,O1,P8,0.24239049351450453
BASELINE_EC,Band-Power Envelope Coherence,Theta,Fast,O1,P4,0.49525421015672566
BASELINE_EC,Band-Power Envelope Coherence,Theta,Fast,O1,CP2,0.39203818627856124
BASELINE_EC,Band-Power Envelope Coherence,Theta,Fast,O1,CP6,0.3432482604936844
BASELINE_EC,Band-Power Envelope Coherence,Theta,Fast,O1,T8,0.09438455574888152
BASELINE_EC,Band-Power Envelope Coherence,Theta,Fast,O1,FT10,0.1669862819621854
BASELINE_EC,Band-Power Envelope Coherence,Theta,Fast,O1,FC6,0.2587635160053581
BASELINE_EC,Band-Power Envelope Coherence,Theta,Fast,O1,C4,0.27388653068427493
BASELINE_EC,Band-Power Envelope Coherence,Theta,Fast,O1,FC2,0.20122688827771867
BASELINE_EC,Band-Power Envelope Coherence,Theta,Fast,O1,F4,0.11764838073205862
BASELINE_EC,Band-Power Envelope Coherence,Theta,Fast,O1,F8,0.16609586896089357
BASELINE_EC,Band-Power Envelope Coherence,Theta,Fast,O1,Fp2,0.11902308475819583
BASELINE_EC,Band-Power Envelope Coherence,Theta,Fast,Pz,Oz,0.7318473189677039
BASELINE_EC,Band-Power Envelope Coherence,Theta,Fast,Pz,O2,0.6995243571223311
BASELINE_EC,Band-Power Envelope Coherence,Theta,Fast,Pz,PO10,0.4504453921249868
BASELINE_EC,Band-Power Envelope Coherence,Theta,Fast,Pz,P8,0.3489394707853341
BASELINE_EC,Band-Power Envelope Coherence,Theta,Fast,Pz,P4,0.7024095545906994
BASELINE_EC,Band-Power Envelope Coherence,Theta,Fast,Pz,CP2,0.6003360309979602
BASELINE_EC,Band-Power Envelope Coherence,Theta,Fast,Pz,CP6,0.5366049482651052
BASELINE_EC,Band-Power Envelope Coherence,Theta,Fast,Pz,T8,0.13038153278831874
BASELINE_EC,Band-Power Envelope Coherence,Theta,Fast,Pz,FT10,0.2229195551580188
BASELINE_EC,Band-Power Envelope Coherence,Theta,Fast,Pz,FC6,0.42048899349205077
BASELINE_EC,Band-Power Envelope Coherence,Theta,Fast,Pz,C4,0.4213268084883236
BASELINE_EC,Band-Power Envelope Coherence,Theta,Fast,Pz,FC2,0.2900715675838256
BASELINE_EC,Band-Power Envelope Coherence,Theta,Fast,Pz,F4,0.19682462007183296
BASELINE_EC,Band-Power Envelope Coherence,Theta,Fast,Pz,F8,0.2228606605837856
BASELINE_EC,Band-Power Envelope Coherence,Theta,Fast,Pz,Fp2,0.1833080673234796
BASELINE_EC,Band-Power Envelope Coherence,Theta,Fast,Oz,O2,0.9155287158228811
BASELINE_EC,Band-Power Envelope Coherence,Theta,Fast,Oz,PO10,0.5954849895307465
BASELINE_EC,Band-Power Envelope Coherence,Theta,Fast,Oz,P8,0.42719754238453106
BASELINE_EC,Band-Power Envelope Coherence,Theta,Fast,Oz,P4,0.7537298182841572
BASELINE_EC,Band-Power Envelope Coherence,Theta,Fast,Oz,CP2,0.641776296178346
BASELINE_EC,Band-Power Envelope Coherence,Theta,Fast,Oz,CP6,0.5293770787034142
BASELINE_EC,Band-Power Envelope Coherence,Theta,Fast,Oz,T8,0.15112349063010636
BASELINE_EC,Band-Power Envelope Coherence,Theta,Fast,Oz,FT10,0.21621481656081465
BASELINE_EC,Band-Power Envelope Coherence,Theta,Fast,Oz,FC6,0.3924899516733227
BASELINE_EC,Band-Power Envelope Coherence,Theta,Fast,Oz,C4,0.3785168784097726
BASELINE_EC,Band-Power Envelope Coherence,Theta,Fast,Oz,FC2,0.2510112210216313
BASELINE_EC,Band-Power Envelope Coherence,Theta,Fast,Oz,F4,0.16220092340706746
BASELINE_EC,Band-Power Envelope Coherence,Theta,Fast,Oz,F8,0.22015891386247474
BASELINE_EC,Band-Power Envelope Coherence,Theta,Fast,Oz,Fp2,0.1841222935467257
BASELINE_EC,Band-Power Envelope Coherence,Theta,Fast,O2,PO10,0.6734001493328319
BASELINE_EC,Band-Power Envelope Coherence,Theta,Fast,O2,P8,0.5414878657150801
BASELINE_EC,Band-Power Envelope Coherence,Theta,Fast,O2,P4,0.7574001567126022
BASELINE_EC,Band-Power Envelope Coherence,Theta,Fast,O2,CP2,0.6214805821405909
BASELINE_EC,Band-Power Envelope Coherence,Theta,Fast,O2,CP6,0.5468611095805946
BASELINE_EC,Band-Power Envelope Coherence,Theta,Fast,O2,T8,0.1575047814654304
BASELINE_EC,Band-Power Envelope Coherence,Theta,Fast,O2,FT10,0.20048660674948754
BASELINE_EC,Band-Power Envelope Coherence,Theta,Fast,O2,FC6,0.36762446311086583
BASELINE_EC,Band-Power Envelope Coherence,Theta,Fast,O2,C4,0.3592049077408037
BASELINE_EC,Band-Power Envelope Coherence,Theta,Fast,O2,FC2,0.23284438899541518
BASELINE_EC,Band-Power Envelope Coherence,Theta,Fast,O2,F4,0.15339451552704858
BASELINE_EC,Band-Power Envelope Coherence,Theta,Fast,O2,F8,0.20020437696826587
BASELINE_EC,Band-Power Envelope Coherence,Theta,Fast,O2,Fp2,0.17489545718658145
BASELINE_EC,Band-Power Envelope Coherence,Theta,Fast,PO10,P8,0.6675965642510163
BASELINE_EC,Band-Power Envelope Coherence,Theta,Fast,PO10,P4,0.49332374400446644
BASELINE_EC,Band-Power Envelope Coherence,Theta,Fast,PO10,CP2,0.3789575064694193
BASELINE_EC,Band-Power Envelope Coherence,Theta,Fast,PO10,CP6,0.4492201261159352
BASELINE_EC,Band-Power Envelope Coherence,Theta,Fast,PO10,T8,0.1667514925934825
BASELINE_EC,Band-Power Envelope Coherence,Theta,Fast,PO10,FT10,0.23567420757652266
BASELINE_EC,Band-Power Envelope Coherence,Theta,Fast,PO10,FC6,0.3187009462246081
BASELINE_EC,Band-Power Envelope Coherence,Theta,Fast,PO10,C4,0.25580608588600806
BASELINE_EC,Band-Power Envelope Coherence,Theta,Fast,PO10,FC2,0.18479844692010605
BASELINE_EC,Band-Power Envelope Coherence,Theta,Fast,PO10,F4,0.1047923849612822
BASELINE_EC,Band-Power Envelope Coherence,Theta,Fast,PO10,F8,0.21714234000671495
BASELINE_EC,Band-Power Envelope Coherence,Theta,Fast,PO10,Fp2,0.17597605599586166
BASELINE_EC,Band-Power Envelope Coherence,Theta,Fast,P8,P4,0.4307595180248635
BASELINE_EC,Band-Power Envelope Coherence,Theta,Fast,P8,CP2,0.3028919455112907
BASELINE_EC,Band-Power Envelope Coherence,Theta,Fast,P8,CP6,0.47102782970375323
BASELINE_EC,Band-Power Envelope Coherence,Theta,Fast,P8,T8,0.12700347509610224
BASELINE_EC,Band-Power Envelope Coherence,Theta,Fast,P8,FT10,0.15162962543536268
BASELINE_EC,Band-Power Envelope Coherence,Theta,Fast,P8,FC6,0.22399478425682212
BASELINE_EC,Band-Power Envelope Coherence,Theta,Fast,P8,C4,0.20297962353169707
BASELINE_EC,Band-Power Envelope Coherence,Theta,Fast,P8,FC2,0.12285218861642558
BASELINE_EC,Band-Power Envelope Coherence,Theta,Fast,P8,F4,0.06592407277887256
BASELINE_EC,Band-Power Envelope Coherence,Theta,Fast,P8,F8,0.12361313247020961
BASELINE_EC,Band-Power Envelope Coherence,Theta,Fast,P8,Fp2,0.09973690661883511
BASELINE_EC,Band-Power Envelope Coherence,Theta,Fast,P4,CP2,0.6233249375472705
BASELINE_EC,Band-Power Envelope Coherence,Theta,Fast,P4,CP6,0.5932095849224924
BASELINE_EC,Band-Power Envelope Coherence,Theta,Fast,P4,T8,0.13375781682541033
BASELINE_EC,Band-Power Envelope Coherence,Theta,Fast,P4,FT10,0.20814052964755914
BASELINE_EC,Band-Power Envelope Coherence,Theta,Fast,P4,FC6,0.4242915029109948
BASELINE_EC,Band-Power Envelope Coherence,Theta,Fast,P4,C4,0.43979877265693823
BASELINE_EC,Band-Power Envelope Coherence,Theta,Fast,P4,FC2,0.2829958193331769
BASELINE_EC,Band-Power Envelope Coherence,Theta,Fast,P4,F4,0.19675823777151102
BASELINE_EC,Band-Power Envelope Coherence,Theta,Fast,P4,F8,0.2213083460473978
BASELINE_EC,Band-Power Envelope Coherence,Theta,Fast,P4,Fp2,0.18718911427095514
BASELINE_EC,Band-Power Envelope Coherence,Theta,Fast,CP2,CP6,0.4926059251969268
BASELINE_EC,Band-Power Envelope Coherence,Theta,Fast,CP2,T8,0.1256323991029934
BASELINE_EC,Band-Power Envelope Coherence,Theta,Fast,CP2,FT10,0.17286323832746325
BASELINE_EC,Band-Power Envelope Coherence,Theta,Fast,CP2,FC6,0.39852898402154463
BASELINE_EC,Band-Power Envelope Coherence,Theta,Fast,CP2,C4,0.3887626600642099
BASELINE_EC,Band-Power Envelope Coherence,Theta,Fast,CP2,FC2,0.26057315057092756
BASELINE_EC,Band-Power Envelope Coherence,Theta,Fast,CP2,F4,0.1800476601843301
BASELINE_EC,Band-Power Envelope Coherence,Theta,Fast,CP2,F8,0.18861125547845747
BASELINE_EC,Band-Power Envelope Coherence,Theta,Fast,CP2,Fp2,0.1733366357033284
BASELINE_EC,Band-Power Envelope Coherence,Theta,Fast,CP6,T8,0.2430401095028476
BASELINE_EC,Band-Power Envelope Coherence,Theta,Fast,CP6,FT10,0.32608683439390923
BASELINE_EC,Band-Power Envelope Coherence,Theta,Fast,CP6,FC6,0.5777602278566567
BASELINE_EC,Band-Power Envelope Coherence,Theta,Fast,CP6,C4,0.47744725161093104
BASELINE_EC,Band-Power Envelope Coherence,Theta,Fast,CP6,FC2,0.28273007343200707
BASELINE_EC,Band-Power Envelope Coherence,Theta,Fast,CP6,F4,0.21890827781825725
BASELINE_EC,Band-Power Envelope Coherence,Theta,Fast,CP6,F8,0.30477483722090626
BASELINE_EC,Band-Power Envelope Coherence,Theta,Fast,CP6,Fp2,0.2476804040635022
BASELINE_EC,Band-Power Envelope Coherence,Theta,Fast,T8,FT10,0.20804331342446952
BASELINE_EC,Band-Power Envelope Coherence,Theta,Fast,T8,FC6,0.2834953696049929
BASELINE_EC,Band-Power Envelope Coherence,Theta,Fast,T8,C4,0.13531033449669153
BASELINE_EC,Band-Power Envelope Coherence,Theta,Fast,T8,FC2,0.1312316964567805
BASELINE_EC,Band-Power Envelope Coherence,Theta,Fast,T8,F4,0.06466554342274851
BASELINE_EC,Band-Power Envelope Coherence,Theta,Fast,T8,F8,0.18074380929299208
BASELINE_EC,Band-Power Envelope Coherence,Theta,Fast,T8,Fp2,0.12946968888387306
BASELINE_EC,Band-Power Envelope Coherence,Theta,Fast,FT10,FC6,0.4798433365037471
BASELINE_EC,Band-Power Envelope Coherence,Theta,Fast,FT10,C4,0.2508631912431549
BASELINE_EC,Band-Power Envelope Coherence,Theta,Fast,FT10,FC2,0.16131870158268785
BASELINE_EC,Band-Power Envelope Coherence,Theta,Fast,FT10,F4,0.17579982168548686
BASELINE_EC,Band-Power Envelope Coherence,Theta,Fast,FT10,F8,0.46588822185139556
BASELINE_EC,Band-Power Envelope Coherence,Theta,Fast,FT10,Fp2,0.25628837751152844
BASELINE_EC,Band-Power Envelope Coherence,Theta,Fast,FC6,C4,0.4800937138103731
BASELINE_EC,Band-Power Envelope Coherence,Theta,Fast,FC6,FC2,0.3795370873680891
BASELINE_EC,Band-Power Envelope Coherence,Theta,Fast,FC6,F4,0.3239169061678825
BASELINE_EC,Band-Power Envelope Coherence,Theta,Fast,FC6,F8,0.5647781931093148
BASELINE_EC,Band-Power Envelope Coherence,Theta,Fast,FC6,Fp2,0.43092892378327463
BASELINE_EC,Band-Power Envelope Coherence,Theta,Fast,C4,FC2,0.31542539839446426
BASELINE_EC,Band-Power Envelope Coherence,Theta,Fast,C4,F4,0.228454208676101
BASELINE_EC,Band-Power Envelope Coherence,Theta,Fast,C4,F8,0.27358386816659874
BASELINE_EC,Band-Power Envelope Coherence,Theta,Fast,C4,Fp2,0.22780774658016026
BASELINE_EC,Band-Power Envelope Coherence,Theta,Fast,FC2,F4,0.18220222485223916
BASELINE_EC,Band-Power Envelope Coherence,Theta,Fast,FC2,F8,0.24211110505357386
BASELINE_EC,Band-Power Envelope Coherence,Theta,Fast,FC2,Fp2,0.18671436895448837
BASELINE_EC,Band-Power Envelope Coherence,Theta,Fast,F4,F8,0.19925033166897294
BASELINE_EC,Band-Power Envelope Coherence,Theta,Fast,F4,Fp2,0.19731360577736473
BASELINE_EC,Band-Power Envelope Coherence,Theta,Fast,F8,Fp2,0.36764428541901184
