Dataset,Metric,Band,Envelope_Band,Channel_A,Channel_B,Value
BASELINE_EC,Band-Power Envelope Coherence,BetaH,UltraSlow,Cz,Fz,0.7620135234783265
BASELINE_EC,Band-Power Envelope Coherence,BetaH,UltraSlow,Cz,Fp1,0.2143937884643761
BASELINE_EC,Band-Power Envelope Coherence,BetaH,UltraSlow,Cz,F7,0.2904607388416277
BASELINE_EC,Band-Power Envelope Coherence,BetaH,UltraSlow,Cz,F3,0.6045561473666439
BASELINE_EC,Band-Power Envelope Coherence,BetaH,UltraSlow,Cz,FC1,0.8018115765255011
BASELINE_EC,Band-Power Envelope Coherence,BetaH,UltraSlow,Cz,C3,0.6418503948437201
BASELINE_EC,Band-Power Envelope Coherence,BetaH,UltraSlow,Cz,FC5,0.631981136748985
BASELINE_EC,Band-Power Envelope Coherence,BetaH,UltraSlow,Cz,FT9,0.11891954514976075
BASELINE_EC,Band-Power Envelope Coherence,BetaH,UltraSlow,Cz,T7,0.5763852340517642
BASELINE_EC,Band-Power Envelope Coherence,BetaH,UltraSlow,Cz,CP5,0.4111151047556247
BASELINE_EC,Band-Power Envelope Coherence,BetaH,UltraSlow,Cz,CP1,0.3609880831846761
BASELINE_EC,Band-Power Envelope Coherence,BetaH,UltraSlow,Cz,P3,0.3174350014380632
BASELINE_EC,Band-Power Envelope Coherence,BetaH,UltraSlow,Cz,P7,0.1061463208012172
BASELINE_EC,Band-Power Envelope Coherence,BetaH,UltraSlow,Cz,PO9,0.1699100372220847
BASELINE_EC,Band-Power Envelope Coherence,BetaH,UltraSlow,Cz,O1,0.09274304095073446
BASELINE_EC,Band-Power Envelope Coherence,BetaH,UltraSlow,Cz,Pz,0.3309051532595118
BASELINE_EC,Band-Power Envelope Coherence,BetaH,UltraSlow,Cz,Oz,0.14393247937805786
BASELINE_EC,Band-Power Envelope Coherence,BetaH,UltraSlow,Cz,O2,0.08563652143593256
BASELINE_EC,Band-Power Envelope Coherence,BetaH,UltraSlow,Cz,PO10,0.016185923431302176
BASELINE_EC,Band-Power Envelope Coherence,BetaH,UltraSlow,Cz,P8,0.019251668954088464
BASELINE_EC,Band-Power Envelope Coherence,BetaH,UltraSlow,Cz,P4,0.32265832097876124
BASELINE_EC,Band-Power Envelope Coherence,BetaH,UltraSlow,Cz,CP2,0.3913533054940306
BASELINE_EC,Band-Power Envelope Coherence,BetaH,UltraSlow,Cz,CP6,0.1600652522489815
BASELINE_EC,Band-Power Envelope Coherence,BetaH,UltraSlow,Cz,T8,0.1742700897600319
BASELINE_EC,Band-Power Envelope Coherence,BetaH,UltraSlow,Cz,FT10,0.08990769492052034
BASELINE_EC,Band-Power Envelope Coherence,BetaH,UltraSlow,Cz,FC6,0.4569312547703698
BASELINE_EC,Band-Power Envelope Coherence,BetaH,UltraSlow,Cz,C4,0.5026918709019706
BASELINE_EC,Band-Power Envelope Coherence,BetaH,UltraSlow,Cz,FC2,0.7174295554858007
BASELINE_EC,Band-Power Envelope Coherence,BetaH,UltraSlow,Cz,F4,0.5031199951815204
BASELINE_EC,Band-Power Envelope Coherence,BetaH,UltraSlow,Cz,F8,0.1764355132896733
BASELINE_EC,Band-Power Envelope Coherence,BetaH,UltraSlow,Cz,Fp2,0.20900293914329254
BASELINE_EC,Band-Power Envelope Coherence,BetaH,UltraSlow,Fz,Fp1,0.4444425593966272
BASELINE_EC,Band-Power Envelope Coherence,BetaH,UltraSlow,Fz,F7,0.461490571973499
BASELINE_EC,Band-Power Envelope Coherence,BetaH,UltraSlow,Fz,F3,0.8285275267429589
BASELINE_EC,Band-Power Envelope Coherence,BetaH,UltraSlow,Fz,FC1,0.848003936706467
BASELINE_EC,Band-Power Envelope Coherence,BetaH,UltraSlow,Fz,C3,0.5838185700965408
BASELINE_EC,Band-Power Envelope Coherence,BetaH,UltraSlow,Fz,FC5,0.7075050139890166
BASELINE_EC,Band-Power Envelope Coherence,BetaH,UltraSlow,Fz,FT9,0.22212707789057343
BASELINE_EC,Band-Power Envelope Coherence,BetaH,UltraSlow,Fz,T7,0.5885890759355082
BASELINE_EC,Band-Power Envelope Coherence,BetaH,UltraSlow,Fz,CP5,0.3429788225622415
BASELINE_EC,Band-Power Envelope Coherence,BetaH,UltraSlow,Fz,CP1,0.2831463758778123
BASELINE_EC,Band-Power Envelope Coherence,BetaH,UltraSlow,Fz,P3,0.22840252272376338
BASELINE_EC,Band-Power Envelope Coherence,BetaH,UltraSlow,Fz,P7,0.08708469473658459
BASELINE_EC,Band-Power Envelope Coherence,BetaH,UltraSlow,Fz,PO9,0.13686218667560324
BASELINE_EC,Band-Power Envelope Coherence,BetaH,UltraSlow,Fz,O1,0.06073021405546309
BASELINE_EC,Band-Power Envelope Coherence,BetaH,UltraSlow,Fz,Pz,0.2548777682239009
BASELINE_EC,Band-Power Envelope Coherence,BetaH,UltraSlow,Fz,Oz,0.10656624501182649
BASELINE_EC,Band-Power Envelope Coherence,BetaH,UltraSlow,Fz,O2,0.07253544832930538
BASELINE_EC,Band-Power Envelope Coherence,BetaH,UltraSlow,Fz,PO10,0.01962961510812916
BASELINE_EC,Band-Power Envelope Coherence,BetaH,UltraSlow,Fz,P8,0.024980963150845956
BASELINE_EC,Band-Power Envelope Coherence,BetaH,UltraSlow,Fz,P4,0.2594793857405819
BASELINE_EC,Band-Power Envelope Coherence,BetaH,UltraSlow,Fz,CP2,0.32036757151166656
BASELINE_EC,Band-Power Envelope Coherence,BetaH,UltraSlow,Fz,CP6,0.22081955141172188
BASELINE_EC,Band-Power Envelope Coherence,BetaH,UltraSlow,Fz,T8,0.31398452567141183
BASELINE_EC,Band-Power Envelope Coherence,BetaH,UltraSlow,Fz,FT10,0.1604426917226097
BASELINE_EC,Band-Power Envelope Coherence,BetaH,UltraSlow,Fz,FC6,0.6776577621861902
BASELINE_EC,Band-Power Envelope Coherence,BetaH,UltraSlow,Fz,C4,0.5947410347988384
BASELINE_EC,Band-Power Envelope Coherence,BetaH,UltraSlow,Fz,FC2,0.8572263680252893
BASELINE_EC,Band-Power Envelope Coherence,BetaH,UltraSlow,Fz,F4,0.7697374064072701
BASELINE_EC,Band-Power Envelope Coherence,BetaH,UltraSlow,Fz,F8,0.34219577611948815
BASELINE_EC,Band-Power Envelope Coherence,BetaH,UltraSlow,Fz,Fp2,0.4552356484758766
BASELINE_EC,Band-Power Envelope Coherence,BetaH,UltraSlow,Fp1,F7,0.6519440675004224
BASELINE_EC,Band-Power Envelope Coherence,BetaH,UltraSlow,Fp1,F3,0.5914799228464033
BASELINE_EC,Band-Power Envelope Coherence,BetaH,UltraSlow,Fp1,FC1,0.3294455443123265
BASELINE_EC,Band-Power Envelope Coherence,BetaH,UltraSlow,Fp1,C3,0.15646180383194705
BASELINE_EC,Band-Power Envelope Coherence,BetaH,UltraSlow,Fp1,FC5,0.3634368264765128
BASELINE_EC,Band-Power Envelope Coherence,BetaH,UltraSlow,Fp1,FT9,0.4399877155094126
BASELINE_EC,Band-Power Envelope Coherence,BetaH,UltraSlow,Fp1,T7,0.24777089017439502
BASELINE_EC,Band-Power Envelope Coherence,BetaH,UltraSlow,Fp1,CP5,0.07110639183407165
BASELINE_EC,Band-Power Envelope Coherence,BetaH,UltraSlow,Fp1,CP1,0.053104970435848935
BASELINE_EC,Band-Power Envelope Coherence,BetaH,UltraSlow,Fp1,P3,0.03153797836906033
BASELINE_EC,Band-Power Envelope Coherence,BetaH,UltraSlow,Fp1,P7,0.02036310302114288
BASELINE_EC,Band-Power Envelope Coherence,BetaH,UltraSlow,Fp1,PO9,0.01582834156953442
BASELINE_EC,Band-Power Envelope Coherence,BetaH,UltraSlow,Fp1,O1,0.009634462160393336
BASELINE_EC,Band-Power Envelope Coherence,BetaH,UltraSlow,Fp1,Pz,0.04919976893901083
BASELINE_EC,Band-Power Envelope Coherence,BetaH,UltraSlow,Fp1,Oz,0.019675865000223877
BASELINE_EC,Band-Power Envelope Coherence,BetaH,UltraSlow,Fp1,O2,0.03258762095380456
BASELINE_EC,Band-Power Envelope Coherence,BetaH,UltraSlow,Fp1,PO10,0.07182038530666901
BASELINE_EC,Band-Power Envelope Coherence,BetaH,UltraSlow,Fp1,P8,0.0741471576034923
BASELINE_EC,Band-Power Envelope Coherence,BetaH,UltraSlow,Fp1,P4,0.07036824064558751
BASELINE_EC,Band-Power Envelope Coherence,BetaH,UltraSlow,Fp1,CP2,0.06221000650463016
BASELINE_EC,Band-Power Envelope Coherence,BetaH,UltraSlow,Fp1,CP6,0.16003716788460529
BASELINE_EC,Band-Power Envelope Coherence,BetaH,UltraSlow,Fp1,T8,0.2333344218186353
BASELINE_EC,Band-Power Envelope Coherence,BetaH,UltraSlow,Fp1,FT10,0.22419972626589327
BASELINE_EC,Band-Power Envelope Coherence,BetaH,UltraSlow,Fp1,FC6,0.3679940188791599
BASELINE_EC,Band-Power Envelope Coherence,BetaH,UltraSlow,Fp1,C4,0.2392134274828227
BASELINE_EC,Band-Power Envelope Coherence,BetaH,UltraSlow,Fp1,FC2,0.37530159328500545
BASELINE_EC,Band-Power Envelope Coherence,BetaH,UltraSlow,Fp1,F4,0.41723183765561767
BASELINE_EC,Band-Power Envelope Coherence,BetaH,UltraSlow,Fp1,F8,0.3176512592136788
BASELINE_EC,Band-Power Envelope Coherence,BetaH,UltraSlow,Fp1,Fp2,0.6253546037572865
BASELINE_EC,Band-Power Envelope Coherence,BetaH,UltraSlow,F7,F3,0.6710124631945668
BASELINE_EC,Band-Power Envelope Coherence,BetaH,UltraSlow,F7,FC1,0.4265398459449322
BASELINE_EC,Band-Power Envelope Coherence,BetaH,UltraSlow,F7,C3,0.27587325622074643
BASELINE_EC,Band-Power Envelope Coherence,BetaH,UltraSlow,F7,FC5,0.5925181308171042
BASELINE_EC,Band-Power Envelope Coherence,BetaH,UltraSlow,F7,FT9,0.5033311965632296
BASELINE_EC,Band-Power Envelope Coherence,BetaH,UltraSlow,F7,T7,0.4266227796867772
BASELINE_EC,Band-Power Envelope Coherence,BetaH,UltraSlow,F7,CP5,0.14734691619054704
BASELINE_EC,Band-Power Envelope Coherence,BetaH,UltraSlow,F7,CP1,0.12835658281196063
BASELINE_EC,Band-Power Envelope Coherence,BetaH,UltraSlow,F7,P3,0.08719374152336198
BASELINE_EC,Band-Power Envelope Coherence,BetaH,UltraSlow,F7,P7,0.051410014116612585
BASELINE_EC,Band-Power Envelope Coherence,BetaH,UltraSlow,F7,PO9,0.012269730575001948
BASELINE_EC,Band-Power Envelope Coherence,BetaH,UltraSlow,F7,O1,0.04828368661222995
BASELINE_EC,Band-Power Envelope Coherence,BetaH,UltraSlow,F7,Pz,0.12154201086264284
BASELINE_EC,Band-Power Envelope Coherence,BetaH,UltraSlow,F7,Oz,0.0770046329164846
BASELINE_EC,Band-Power Envelope Coherence,BetaH,UltraSlow,F7,O2,0.07621318205976557
BASELINE_EC,Band-Power Envelope Coherence,BetaH,UltraSlow,F7,PO10,0.04004166361263397
BASELINE_EC,Band-Power Envelope Coherence,BetaH,UltraSlow,F7,P8,0.05156904218095897
BASELINE_EC,Band-Power Envelope Coherence,BetaH,UltraSlow,F7,P4,0.14739765811508926
BASELINE_EC,Band-Power Envelope Coherence,BetaH,UltraSlow,F7,CP2,0.1314192458068762
BASELINE_EC,Band-Power Envelope Coherence,BetaH,UltraSlow,F7,CP6,0.10854064881159126
BASELINE_EC,Band-Power Envelope Coherence,BetaH,UltraSlow,F7,T8,0.1747792053916367
BASELINE_EC,Band-Power Envelope Coherence,BetaH,UltraSlow,F7,FT10,0.12894355505119914
BASELINE_EC,Band-Power Envelope Coherence,BetaH,UltraSlow,F7,FC6,0.31911313414001713
BASELINE_EC,Band-Power Envelope Coherence,BetaH,UltraSlow,F7,C4,0.22646555571124283
BASELINE_EC,Band-Power Envelope Coherence,BetaH,UltraSlow,F7,FC2,0.3969839118029215
BASELINE_EC,Band-Power Envelope Coherence,BetaH,UltraSlow,F7,F4,0.3645255971720639
BASELINE_EC,Band-Power Envelope Coherence,BetaH,UltraSlow,F7,F8,0.21163091418737842
BASELINE_EC,Band-Power Envelope Coherence,BetaH,UltraSlow,F7,Fp2,0.3751651670979747
BASELINE_EC,Band-Power Envelope Coherence,BetaH,UltraSlow,F3,FC1,0.7348656496465055
BASELINE_EC,Band-Power Envelope Coherence,BetaH,UltraSlow,F3,C3,0.5142345621076104
BASELINE_EC,Band-Power Envelope Coherence,BetaH,UltraSlow,F3,FC5,0.7628654858522644
BASELINE_EC,Band-Power Envelope Coherence,BetaH,UltraSlow,F3,FT9,0.29287289874529115
BASELINE_EC,Band-Power Envelope Coherence,BetaH,UltraSlow,F3,T7,0.5822598882287421
BASELINE_EC,Band-Power Envelope Coherence,BetaH,UltraSlow,F3,CP5,0.3089304640236317
BASELINE_EC,Band-Power Envelope Coherence,BetaH,UltraSlow,F3,CP1,0.2280519714803554
BASELINE_EC,Band-Power Envelope Coherence,BetaH,UltraSlow,F3,P3,0.18772338226090338
BASELINE_EC,Band-Power Envelope Coherence,BetaH,UltraSlow,F3,P7,0.10245127461369757
BASELINE_EC,Band-Power Envelope Coherence,BetaH,UltraSlow,F3,PO9,0.08592601111722063
BASELINE_EC,Band-Power Envelope Coherence,BetaH,UltraSlow,F3,O1,0.06887892793803668
BASELINE_EC,Band-Power Envelope Coherence,BetaH,UltraSlow,F3,Pz,0.21553321116633278
BASELINE_EC,Band-Power Envelope Coherence,BetaH,UltraSlow,F3,Oz,0.10539863926870009
BASELINE_EC,Band-Power Envelope Coherence,BetaH,UltraSlow,F3,O2,0.06907997604974934
BASELINE_EC,Band-Power Envelope Coherence,BetaH,UltraSlow,F3,PO10,0.011959738287404969
BASELINE_EC,Band-Power Envelope Coherence,BetaH,UltraSlow,F3,P8,0.02908080964340516
BASELINE_EC,Band-Power Envelope Coherence,BetaH,UltraSlow,F3,P4,0.21156331308456663
BASELINE_EC,Band-Power Envelope Coherence,BetaH,UltraSlow,F3,CP2,0.23898596682274756
BASELINE_EC,Band-Power Envelope Coherence,BetaH,UltraSlow,F3,CP6,0.12823229976685413
BASELINE_EC,Band-Power Envelope Coherence,BetaH,UltraSlow,F3,T8,0.1894511133844837
BASELINE_EC,Band-Power Envelope Coherence,BetaH,UltraSlow,F3,FT10,0.1274130248231291
BASELINE_EC,Band-Power Envelope Coherence,BetaH,UltraSlow,F3,FC6,0.4636545243782692
BASELINE_EC,Band-Power Envelope Coherence,BetaH,UltraSlow,F3,C4,0.38253888295345323
BASELINE_EC,Band-Power Envelope Coherence,BetaH,UltraSlow,F3,FC2,0.6551048950832462
BASELINE_EC,Band-Power Envelope Coherence,BetaH,UltraSlow,F3,F4,0.5782868184814411
BASELINE_EC,Band-Power Envelope Coherence,BetaH,UltraSlow,F3,F8,0.24061384154214335
BASELINE_EC,Band-Power Envelope Coherence,BetaH,UltraSlow,F3,Fp2,0.42470082504325984
BASELINE_EC,Band-Power Envelope Coherence,BetaH,UltraSlow,FC1,C3,0.7884863123191749
BASELINE_EC,Band-Power Envelope Coherence,BetaH,UltraSlow,FC1,FC5,0.8029430005317995
BASELINE_EC,Band-Power Envelope Coherence,BetaH,UltraSlow,FC1,FT9,0.20068313233672663
BASELINE_EC,Band-Power Envelope Coherence,BetaH,UltraSlow,FC1,T7,0.7659760475979218
BASELINE_EC,Band-Power Envelope Coherence,BetaH,UltraSlow,FC1,CP5,0.5331148624744078
BASELINE_EC,Band-Power Envelope Coherence,BetaH,UltraSlow,FC1,CP1,0.4480721757034924
BASELINE_EC,Band-Power Envelope Coherence,BetaH,UltraSlow,FC1,P3,0.38574637616889845
BASELINE_EC,Band-Power Envelope Coherence,BetaH,UltraSlow,FC1,P7,0.11685554947154796
BASELINE_EC,Band-Power Envelope Coherence,BetaH,UltraSlow,FC1,PO9,0.1484754235940292
BASELINE_EC,Band-Power Envelope Coherence,BetaH,UltraSlow,FC1,O1,0.11711625275774233
BASELINE_EC,Band-Power Envelope Coherence,BetaH,UltraSlow,FC1,Pz,0.416877522967232
BASELINE_EC,Band-Power Envelope Coherence,BetaH,UltraSlow,FC1,Oz,0.18177722666938767
BASELINE_EC,Band-Power Envelope Coherence,BetaH,UltraSlow,FC1,O2,0.11494365308493806
BASELINE_EC,Band-Power Envelope Coherence,BetaH,UltraSlow,FC1,PO10,0.02645442493009663
BASELINE_EC,Band-Power Envelope Coherence,BetaH,UltraSlow,FC1,P8,0.030045459070387536
BASELINE_EC,Band-Power Envelope Coherence,BetaH,UltraSlow,FC1,P4,0.3911258990118566
BASELINE_EC,Band-Power Envelope Coherence,BetaH,UltraSlow,FC1,CP2,0.4692089242919846
BASELINE_EC,Band-Power Envelope Coherence,BetaH,UltraSlow,FC1,CP6,0.19745017679089702
BASELINE_EC,Band-Power Envelope Coherence,BetaH,UltraSlow,FC1,T8,0.239206816519484
BASELINE_EC,Band-Power Envelope Coherence,BetaH,UltraSlow,FC1,FT10,0.13526396581635755
BASELINE_EC,Band-Power Envelope Coherence,BetaH,UltraSlow,FC1,FC6,0.5395053347698971
BASELINE_EC,Band-Power Envelope Coherence,BetaH,UltraSlow,FC1,C4,0.540243578498001
BASELINE_EC,Band-Power Envelope Coherence,BetaH,UltraSlow,FC1,FC2,0.7790879716393266
BASELINE_EC,Band-Power Envelope Coherence,BetaH,UltraSlow,FC1,F4,0.5820958106250017
BASELINE_EC,Band-Power Envelope Coherence,BetaH,UltraSlow,FC1,F8,0.23830624439754702
BASELINE_EC,Band-Power Envelope Coherence,BetaH,UltraSlow,FC1,Fp2,0.28721502430176743
BASELINE_EC,Band-Power Envelope Coherence,BetaH,UltraSlow,C3,FC5,0.7081469682453021
BASELINE_EC,Band-Power Envelope Coherence,BetaH,UltraSlow,C3,FT9,0.12311415457824902
BASELINE_EC,Band-Power Envelope Coherence,BetaH,UltraSlow,C3,T7,0.7623677584127275
BASELINE_EC,Band-Power Envelope Coherence,BetaH,UltraSlow,C3,CP5,0.7215428922710255
BASELINE_EC,Band-Power Envelope Coherence,BetaH,UltraSlow,C3,CP1,0.5511278392758193
BASELINE_EC,Band-Power Envelope Coherence,BetaH,UltraSlow,C3,P3,0.5397419298633594
BASELINE_EC,Band-Power Envelope Coherence,BetaH,UltraSlow,C3,P7,0.1521166793017941
BASELINE_EC,Band-Power Envelope Coherence,BetaH,UltraSlow,C3,PO9,0.196628300969269
BASELINE_EC,Band-Power Envelope Coherence,BetaH,UltraSlow,C3,O1,0.1839122697675605
BASELINE_EC,Band-Power Envelope Coherence,BetaH,UltraSlow,C3,Pz,0.5216288718139508
BASELINE_EC,Band-Power Envelope Coherence,BetaH,UltraSlow,C3,Oz,0.2601197998443433
BASELINE_EC,Band-Power Envelope Coherence,BetaH,UltraSlow,C3,O2,0.15504785042864327
BASELINE_EC,Band-Power Envelope Coherence,BetaH,UltraSlow,C3,PO10,0.025669445670446454
BASELINE_EC,Band-Power Envelope Coherence,BetaH,UltraSlow,C3,P8,0.02319507965415951
BASELINE_EC,Band-Power Envelope Coherence,BetaH,UltraSlow,C3,P4,0.44071871827749476
BASELINE_EC,Band-Power Envelope Coherence,BetaH,UltraSlow,C3,CP2,0.5466485983795745
BASELINE_EC,Band-Power Envelope Coherence,BetaH,UltraSlow,C3,CP6,0.12180328271124496
BASELINE_EC,Band-Power Envelope Coherence,BetaH,UltraSlow,C3,T8,0.11454899035182425
BASELINE_EC,Band-Power Envelope Coherence,BetaH,UltraSlow,C3,FT10,0.09324308674100928
BASELINE_EC,Band-Power Envelope Coherence,BetaH,UltraSlow,C3,FC6,0.29080150010358496
BASELINE_EC,Band-Power Envelope Coherence,BetaH,UltraSlow,C3,C4,0.3629121609569504
BASELINE_EC,Band-Power Envelope Coherence,BetaH,UltraSlow,C3,FC2,0.5297765946009754
BASELINE_EC,Band-Power Envelope Coherence,BetaH,UltraSlow,C3,F4,0.32600472223177834
BASELINE_EC,Band-Power Envelope Coherence,BetaH,UltraSlow,C3,F8,0.10919928483415765
BASELINE_EC,Band-Power Envelope Coherence,BetaH,UltraSlow,C3,Fp2,0.12930420825894665
BASELINE_EC,Band-Power Envelope Coherence,BetaH,UltraSlow,FC5,FT9,0.2865623240373964
BASELINE_EC,Band-Power Envelope Coherence,BetaH,UltraSlow,FC5,T7,0.8322883546459149
BASELINE_EC,Band-Power Envelope Coherence,BetaH,UltraSlow,FC5,CP5,0.5054191539933716
BASELINE_EC,Band-Power Envelope Coherence,BetaH,UltraSlow,FC5,CP1,0.31838863807539175
BASELINE_EC,Band-Power Envelope Coherence,BetaH,UltraSlow,FC5,P3,0.28630588381213784
BASELINE_EC,Band-Power Envelope Coherence,BetaH,UltraSlow,FC5,P7,0.09466219199549193
BASELINE_EC,Band-Power Envelope Coherence,BetaH,UltraSlow,FC5,PO9,0.09456710772157391
BASELINE_EC,Band-Power Envelope Coherence,BetaH,UltraSlow,FC5,O1,0.09462716924731501
BASELINE_EC,Band-Power Envelope Coherence,BetaH,UltraSlow,FC5,Pz,0.292538390289303
BASELINE_EC,Band-Power Envelope Coherence,BetaH,UltraSlow,FC5,Oz,0.14525951728246972
BASELINE_EC,Band-Power Envelope Coherence,BetaH,UltraSlow,FC5,O2,0.08926298208422868
BASELINE_EC,Band-Power Envelope Coherence,BetaH,UltraSlow,FC5,PO10,0.01568446134493751
BASELINE_EC,Band-Power Envelope Coherence,BetaH,UltraSlow,FC5,P8,0.022574346051904184
BASELINE_EC,Band-Power Envelope Coherence,BetaH,UltraSlow,FC5,P4,0.2717779086384662
BASELINE_EC,Band-Power Envelope Coherence,BetaH,UltraSlow,FC5,CP2,0.3130384871499539
BASELINE_EC,Band-Power Envelope Coherence,BetaH,UltraSlow,FC5,CP6,0.1075942477710282
BASELINE_EC,Band-Power Envelope Coherence,BetaH,UltraSlow,FC5,T8,0.15227607285690137
BASELINE_EC,Band-Power Envelope Coherence,BetaH,UltraSlow,FC5,FT10,0.10740718175605765
BASELINE_EC,Band-Power Envelope Coherence,BetaH,UltraSlow,FC5,FC6,0.37630870110712084
BASELINE_EC,Band-Power Envelope Coherence,BetaH,UltraSlow,FC5,C4,0.34361846242330213
BASELINE_EC,Band-Power Envelope Coherence,BetaH,UltraSlow,FC5,FC2,0.5968792122785657
BASELINE_EC,Band-Power Envelope Coherence,BetaH,UltraSlow,FC5,F4,0.43872520049435787
BASELINE_EC,Band-Power Envelope Coherence,BetaH,UltraSlow,FC5,F8,0.17288089720323851
BASELINE_EC,Band-Power Envelope Coherence,BetaH,UltraSlow,FC5,Fp2,0.24651102416539494
BASELINE_EC,Band-Power Envelope Coherence,BetaH,UltraSlow,FT9,T7,0.23229356645272634
BASELINE_EC,Band-Power Envelope Coherence,BetaH,UltraSlow,FT9,CP5,0.05850812797362184
BASELINE_EC,Band-Power Envelope Coherence,BetaH,UltraSlow,FT9,CP1,0.03350612128489008
BASELINE_EC,Band-Power Envelope Coherence,BetaH,UltraSlow,FT9,P3,0.02849911619773121
BASELINE_EC,Band-Power Envelope Coherence,BetaH,UltraSlow,FT9,P7,0.008737789842588328
BASELINE_EC,Band-Power Envelope Coherence,BetaH,UltraSlow,FT9,PO9,0.08706988313220174
BASELINE_EC,Band-Power Envelope Coherence,BetaH,UltraSlow,FT9,O1,0.006688165094537021
BASELINE_EC,Band-Power Envelope Coherence,BetaH,UltraSlow,FT9,Pz,0.030819102199733963
BASELINE_EC,Band-Power Envelope Coherence,BetaH,UltraSlow,FT9,Oz,0.009824579605966005
BASELINE_EC,Band-Power Envelope Coherence,BetaH,UltraSlow,FT9,O2,0.014647257598878959
BASELINE_EC,Band-Power Envelope Coherence,BetaH,UltraSlow,FT9,PO10,0.12228346572988008
BASELINE_EC,Band-Power Envelope Coherence,BetaH,UltraSlow,FT9,P8,0.06997571429461551
BASELINE_EC,Band-Power Envelope Coherence,BetaH,UltraSlow,FT9,P4,0.03869391255536402
BASELINE_EC,Band-Power Envelope Coherence,BetaH,UltraSlow,FT9,CP2,0.04061925515735292
BASELINE_EC,Band-Power Envelope Coherence,BetaH,UltraSlow,FT9,CP6,0.07280254396431643
BASELINE_EC,Band-Power Envelope Coherence,BetaH,UltraSlow,FT9,T8,0.1356281276664744
BASELINE_EC,Band-Power Envelope Coherence,BetaH,UltraSlow,FT9,FT10,0.23996191517990664
BASELINE_EC,Band-Power Envelope Coherence,BetaH,UltraSlow,FT9,FC6,0.18620119611036967
BASELINE_EC,Band-Power Envelope Coherence,BetaH,UltraSlow,FT9,C4,0.11104590737973831
BASELINE_EC,Band-Power Envelope Coherence,BetaH,UltraSlow,FT9,FC2,0.21672088254220487
BASELINE_EC,Band-Power Envelope Coherence,BetaH,UltraSlow,FT9,F4,0.19385200309835843
BASELINE_EC,Band-Power Envelope Coherence,BetaH,UltraSlow,FT9,F8,0.20415677903032814
BASELINE_EC,Band-Power Envelope Coherence,BetaH,UltraSlow,FT9,Fp2,0.311133869426101
BASELINE_EC,Band-Power Envelope Coherence,BetaH,UltraSlow,T7,CP5,0.6440689232255009
BASELINE_EC,Band-Power Envelope Coherence,BetaH,UltraSlow,T7,CP1,0.4193356235159584
BASELINE_EC,Band-Power Envelope Coherence,BetaH,UltraSlow,T7,P3,0.39362214415474744
BASELINE_EC,Band-Power Envelope Coherence,BetaH,UltraSlow,T7,P7,0.13891161762662738
BASELINE_EC,Band-Power Envelope Coherence,BetaH,UltraSlow,T7,PO9,0.13087422460609535
BASELINE_EC,Band-Power Envelope Coherence,BetaH,UltraSlow,T7,O1,0.1291152149477561
BASELINE_EC,Band-Power Envelope Coherence,BetaH,UltraSlow,T7,Pz,0.39275279803224483
BASELINE_EC,Band-Power Envelope Coherence,BetaH,UltraSlow,T7,Oz,0.19913198619379327
BASELINE_EC,Band-Power Envelope Coherence,BetaH,UltraSlow,T7,O2,0.11677857159909005
BASELINE_EC,Band-Power Envelope Coherence,BetaH,UltraSlow,T7,PO10,0.015581918743099358
BASELINE_EC,Band-Power Envelope Coherence,BetaH,UltraSlow,T7,P8,0.021645864150957497
BASELINE_EC,Band-Power Envelope Coherence,BetaH,UltraSlow,T7,P4,0.3511819165684091
BASELINE_EC,Band-Power Envelope Coherence,BetaH,UltraSlow,T7,CP2,0.3982469695673206
BASELINE_EC,Band-Power Envelope Coherence,BetaH,UltraSlow,T7,CP6,0.1011849981753618
BASELINE_EC,Band-Power Envelope Coherence,BetaH,UltraSlow,T7,T8,0.1169669025094302
BASELINE_EC,Band-Power Envelope Coherence,BetaH,UltraSlow,T7,FT10,0.10856727391315851
BASELINE_EC,Band-Power Envelope Coherence,BetaH,UltraSlow,T7,FC6,0.2922125131285084
BASELINE_EC,Band-Power Envelope Coherence,BetaH,UltraSlow,T7,C4,0.307347568621
BASELINE_EC,Band-Power Envelope Coherence,BetaH,UltraSlow,T7,FC2,0.5025152534703999
BASELINE_EC,Band-Power Envelope Coherence,BetaH,UltraSlow,T7,F4,0.3424884013847676
BASELINE_EC,Band-Power Envelope Coherence,BetaH,UltraSlow,T7,F8,0.13042928899200537
BASELINE_EC,Band-Power Envelope Coherence,BetaH,UltraSlow,T7,Fp2,0.17210062403717802
BASELINE_EC,Band-Power Envelope Coherence,BetaH,UltraSlow,CP5,CP1,0.4793637271613386
BASELINE_EC,Band-Power Envelope Coherence,BetaH,UltraSlow,CP5,P3,0.5655234050228046
BASELINE_EC,Band-Power Envelope Coherence,BetaH,UltraSlow,CP5,P7,0.20858018370214096
BASELINE_EC,Band-Power Envelope Coherence,BetaH,UltraSlow,CP5,PO9,0.15241415893450475
BASELINE_EC,Band-Power Envelope Coherence,BetaH,UltraSlow,CP5,O1,0.17157461324317336
BASELINE_EC,Band-Power Envelope Coherence,BetaH,UltraSlow,CP5,Pz,0.45761716290683374
BASELINE_EC,Band-Power Envelope Coherence,BetaH,UltraSlow,CP5,Oz,0.22654845491976996
BASELINE_EC,Band-Power Envelope Coherence,BetaH,UltraSlow,CP5,O2,0.13625817432248755
BASELINE_EC,Band-Power Envelope Coherence,BetaH,UltraSlow,CP5,PO10,0.014422935320536052
BASELINE_EC,Band-Power Envelope Coherence,BetaH,UltraSlow,CP5,P8,0.019436059287131012
BASELINE_EC,Band-Power Envelope Coherence,BetaH,UltraSlow,CP5,P4,0.3573766541374285
BASELINE_EC,Band-Power Envelope Coherence,BetaH,UltraSlow,CP5,CP2,0.4595303115257099
BASELINE_EC,Band-Power Envelope Coherence,BetaH,UltraSlow,CP5,CP6,0.06925099083650856
BASELINE_EC,Band-Power Envelope Coherence,BetaH,UltraSlow,CP5,T8,0.04781465039821587
BASELINE_EC,Band-Power Envelope Coherence,BetaH,UltraSlow,CP5,FT10,0.05017759141325666
BASELINE_EC,Band-Power Envelope Coherence,BetaH,UltraSlow,CP5,FC6,0.13317921784938688
BASELINE_EC,Band-Power Envelope Coherence,BetaH,UltraSlow,CP5,C4,0.20077385519706076
BASELINE_EC,Band-Power Envelope Coherence,BetaH,UltraSlow,CP5,FC2,0.2924922448408723
BASELINE_EC,Band-Power Envelope Coherence,BetaH,UltraSlow,CP5,F4,0.16699601383579102
BASELINE_EC,Band-Power Envelope Coherence,BetaH,UltraSlow,CP5,F8,0.044008883357762256
BASELINE_EC,Band-Power Envelope Coherence,BetaH,UltraSlow,CP5,Fp2,0.05449795206915846
BASELINE_EC,Band-Power Envelope Coherence,BetaH,UltraSlow,CP1,P3,0.8786932448417724
BASELINE_EC,Band-Power Envelope Coherence,BetaH,UltraSlow,CP1,P7,0.2729798945709085
BASELINE_EC,Band-Power Envelope Coherence,BetaH,UltraSlow,CP1,PO9,0.24155167470549285
BASELINE_EC,Band-Power Envelope Coherence,BetaH,UltraSlow,CP1,O1,0.5362581946162454
BASELINE_EC,Band-Power Envelope Coherence,BetaH,UltraSlow,CP1,Pz,0.943520360027886
BASELINE_EC,Band-Power Envelope Coherence,BetaH,UltraSlow,CP1,Oz,0.7479224908461878
BASELINE_EC,Band-Power Envelope Coherence,BetaH,UltraSlow,CP1,O2,0.5550555753277371
BASELINE_EC,Band-Power Envelope Coherence,BetaH,UltraSlow,CP1,PO10,0.11372531557813383
BASELINE_EC,Band-Power Envelope Coherence,BetaH,UltraSlow,CP1,P8,0.1203906100114065
BASELINE_EC,Band-Power Envelope Coherence,BetaH,UltraSlow,CP1,P4,0.8591645967620452
BASELINE_EC,Band-Power Envelope Coherence,BetaH,UltraSlow,CP1,CP2,0.919574227023934
BASELINE_EC,Band-Power Envelope Coherence,BetaH,UltraSlow,CP1,CP6,0.18787466273247674
BASELINE_EC,Band-Power Envelope Coherence,BetaH,UltraSlow,CP1,T8,0.09178146464510656
BASELINE_EC,Band-Power Envelope Coherence,BetaH,UltraSlow,CP1,FT10,0.07078058371631989
BASELINE_EC,Band-Power Envelope Coherence,BetaH,UltraSlow,CP1,FC6,0.16084446533311444
BASELINE_EC,Band-Power Envelope Coherence,BetaH,UltraSlow,CP1,C4,0.2786595981231779
BASELINE_EC,Band-Power Envelope Coherence,BetaH,UltraSlow,CP1,FC2,0.2741274746216394
BASELINE_EC,Band-Power Envelope Coherence,BetaH,UltraSlow,CP1,F4,0.15019486996432363
BASELINE_EC,Band-Power Envelope Coherence,BetaH,UltraSlow,CP1,F8,0.05144114519134133
BASELINE_EC,Band-Power Envelope Coherence,BetaH,UltraSlow,CP1,Fp2,0.04749141430541542
BASELINE_EC,Band-Power Envelope Coherence,BetaH,UltraSlow,P3,P7,0.3232196371903013
BASELINE_EC,Band-Power Envelope Coherence,BetaH,UltraSlow,P3,PO9,0.22056156858915085
BASELINE_EC,Band-Power Envelope Coherence,BetaH,UltraSlow,P3,O1,0.5617425951874649
BASELINE_EC,Band-Power Envelope Coherence,BetaH,UltraSlow,P3,Pz,0.8943832412602686
BASELINE_EC,Band-Power Envelope Coherence,BetaH,UltraSlow,P3,Oz,0.6922466105986325
BASELINE_EC,Band-Power Envelope Coherence,BetaH,UltraSlow,P3,O2,0.44985069443412246
BASELINE_EC,Band-Power Envelope Coherence,BetaH,UltraSlow,P3,PO10,0.06601041623130909
BASELINE_EC,Band-Power Envelope Coherence,BetaH,UltraSlow,P3,P8,0.06617802330604951
BASELINE_EC,Band-Power Envelope Coherence,BetaH,UltraSlow,P3,P4,0.7207337618538479
BASELINE_EC,Band-Power Envelope Coherence,BetaH,UltraSlow,P3,CP2,0.8302780804035957
BASELINE_EC,Band-Power Envelope Coherence,BetaH,UltraSlow,P3,CP6,0.10088651089810131
BASELINE_EC,Band-Power Envelope Coherence,BetaH,UltraSlow,P3,T8,0.04822555720695083
BASELINE_EC,Band-Power Envelope Coherence,BetaH,UltraSlow,P3,FT10,0.06673075872857955
BASELINE_EC,Band-Power Envelope Coherence,BetaH,UltraSlow,P3,FC6,0.09644308549665062
BASELINE_EC,Band-Power Envelope Coherence,BetaH,UltraSlow,P3,C4,0.1792542152059238
BASELINE_EC,Band-Power Envelope Coherence,BetaH,UltraSlow,P3,FC2,0.19987892450877673
BASELINE_EC,Band-Power Envelope Coherence,BetaH,UltraSlow,P3,F4,0.1004065271139419
BASELINE_EC,Band-Power Envelope Coherence,BetaH,UltraSlow,P3,F8,0.03853023050421594
BASELINE_EC,Band-Power Envelope Coherence,BetaH,UltraSlow,P3,Fp2,0.03243352838011022
BASELINE_EC,Band-Power Envelope Coherence,BetaH,UltraSlow,P7,PO9,0.06933941603975545
BASELINE_EC,Band-Power Envelope Coherence,BetaH,UltraSlow,P7,O1,0.2879019289764748
BASELINE_EC,Band-Power Envelope Coherence,BetaH,UltraSlow,P7,Pz,0.2947217178813581
BASELINE_EC,Band-Power Envelope Coherence,BetaH,UltraSlow,P7,Oz,0.24808032746855338
BASELINE_EC,Band-Power Envelope Coherence,BetaH,UltraSlow,P7,O2,0.11214256854407928
BASELINE_EC,Band-Power Envelope Coherence,BetaH,UltraSlow,P7,PO10,0.009085445324586822
BASELINE_EC,Band-Power Envelope Coherence,BetaH,UltraSlow,P7,P8,0.013363227157082864
BASELINE_EC,Band-Power Envelope Coherence,BetaH,UltraSlow,P7,P4,0.2004675652975285
BASELINE_EC,Band-Power Envelope Coherence,BetaH,UltraSlow,P7,CP2,0.24419636353170138
BASELINE_EC,Band-Power Envelope Coherence,BetaH,UltraSlow,P7,CP6,0.01518445824949672
BASELINE_EC,Band-Power Envelope Coherence,BetaH,UltraSlow,P7,T8,0.010470219877799596
BASELINE_EC,Band-Power Envelope Coherence,BetaH,UltraSlow,P7,FT10,0.04417707166892421
BASELINE_EC,Band-Power Envelope Coherence,BetaH,UltraSlow,P7,FC6,0.021212402937688803
BASELINE_EC,Band-Power Envelope Coherence,BetaH,UltraSlow,P7,C4,0.03852416445340259
BASELINE_EC,Band-Power Envelope Coherence,BetaH,UltraSlow,P7,FC2,0.06801267655559684
BASELINE_EC,Band-Power Envelope Coherence,BetaH,UltraSlow,P7,F4,0.047244510194164265
BASELINE_EC,Band-Power Envelope Coherence,BetaH,UltraSlow,P7,F8,0.02695965854100566
BASELINE_EC,Band-Power Envelope Coherence,BetaH,UltraSlow,P7,Fp2,0.01116059779841047
BASELINE_EC,Band-Power Envelope Coherence,BetaH,UltraSlow,PO9,O1,0.16276397797667494
BASELINE_EC,Band-Power Envelope Coherence,BetaH,UltraSlow,PO9,Pz,0.22779455729693607
BASELINE_EC,Band-Power Envelope Coherence,BetaH,UltraSlow,PO9,Oz,0.21096991326790454
BASELINE_EC,Band-Power Envelope Coherence,BetaH,UltraSlow,PO9,O2,0.11897399145447284
BASELINE_EC,Band-Power Envelope Coherence,BetaH,UltraSlow,PO9,PO10,0.21200349440961744
BASELINE_EC,Band-Power Envelope Coherence,BetaH,UltraSlow,PO9,P8,0.07803930034024739
BASELINE_EC,Band-Power Envelope Coherence,BetaH,UltraSlow,PO9,P4,0.1668594979216594
BASELINE_EC,Band-Power Envelope Coherence,BetaH,UltraSlow,PO9,CP2,0.23152403459222384
BASELINE_EC,Band-Power Envelope Coherence,BetaH,UltraSlow,PO9,CP6,0.024374833123425362
BASELINE_EC,Band-Power Envelope Coherence,BetaH,UltraSlow,PO9,T8,0.010088819839221864
BASELINE_EC,Band-Power Envelope Coherence,BetaH,UltraSlow,PO9,FT10,0.09797515847884909
BASELINE_EC,Band-Power Envelope Coherence,BetaH,UltraSlow,PO9,FC6,0.05249242352849903
BASELINE_EC,Band-Power Envelope Coherence,BetaH,UltraSlow,PO9,C4,0.07347483503971672
BASELINE_EC,Band-Power Envelope Coherence,BetaH,UltraSlow,PO9,FC2,0.06029065704485453
BASELINE_EC,Band-Power Envelope Coherence,BetaH,UltraSlow,PO9,F4,0.0510300871753783
BASELINE_EC,Band-Power Envelope Coherence,BetaH,UltraSlow,PO9,F8,0.011354087531978667
BASELINE_EC,Band-Power Envelope Coherence,BetaH,UltraSlow,PO9,Fp2,0.012296849878868088
BASELINE_EC,Band-Power Envelope Coherence,BetaH,UltraSlow,O1,Pz,0.5804324726425998
BASELINE_EC,Band-Power Envelope Coherence,BetaH,UltraSlow,O1,Oz,0.7066336972276342
BASELINE_EC,Band-Power Envelope Coherence,BetaH,UltraSlow,O1,O2,0.4746810978556729
BASELINE_EC,Band-Power Envelope Coherence,BetaH,UltraSlow,O1,PO10,0.07961673854973385
BASELINE_EC,Band-Power Envelope Coherence,BetaH,UltraSlow,O1,P8,0.06038425318873264
BASELINE_EC,Band-Power Envelope Coherence,BetaH,UltraSlow,O1,P4,0.4534746071658578
BASELINE_EC,Band-Power Envelope Coherence,BetaH,UltraSlow,O1,CP2,0.4943174484827312
BASELINE_EC,Band-Power Envelope Coherence,BetaH,UltraSlow,O1,CP6,0.0355041227252779
BASELINE_EC,Band-Power Envelope Coherence,BetaH,UltraSlow,O1,T8,0.014223984917006301
BASELINE_EC,Band-Power Envelope Coherence,BetaH,UltraSlow,O1,FT10,0.02249723287769853
BASELINE_EC,Band-Power Envelope Coherence,BetaH,UltraSlow,O1,FC6,0.019813331938127374
BASELINE_EC,Band-Power Envelope Coherence,BetaH,UltraSlow,O1,C4,0.03850417448824292
BASELINE_EC,Band-Power Envelope Coherence,BetaH,UltraSlow,O1,FC2,0.055553006439470656
BASELINE_EC,Band-Power Envelope Coherence,BetaH,UltraSlow,O1,F4,0.023009613352791912
BASELINE_EC,Band-Power Envelope Coherence,BetaH,UltraSlow,O1,F8,0.012753616841028352
BASELINE_EC,Band-Power Envelope Coherence,BetaH,UltraSlow,O1,Fp2,0.007380256658193532
BASELINE_EC,Band-Power Envelope Coherence,BetaH,UltraSlow,Pz,Oz,0.7840285222153007
BASELINE_EC,Band-Power Envelope Coherence,BetaH,UltraSlow,Pz,O2,0.5771244359703486
BASELINE_EC,Band-Power Envelope Coherence,BetaH,UltraSlow,Pz,PO10,0.1211205665690601
BASELINE_EC,Band-Power Envelope Coherence,BetaH,UltraSlow,Pz,P8,0.12710230420121713
BASELINE_EC,Band-Power Envelope Coherence,BetaH,UltraSlow,Pz,P4,0.8692149015972555
BASELINE_EC,Band-Power Envelope Coherence,BetaH,UltraSlow,Pz,CP2,0.9305173486712401
BASELINE_EC,Band-Power Envelope Coherence,BetaH,UltraSlow,Pz,CP6,0.17849423538686923
BASELINE_EC,Band-Power Envelope Coherence,BetaH,UltraSlow,Pz,T8,0.07737837318766708
BASELINE_EC,Band-Power Envelope Coherence,BetaH,UltraSlow,Pz,FT10,0.07330823273618653
BASELINE_EC,Band-Power Envelope Coherence,BetaH,UltraSlow,Pz,FC6,0.13362120651852608
BASELINE_EC,Band-Power Envelope Coherence,BetaH,UltraSlow,Pz,C4,0.2528540477816085
BASELINE_EC,Band-Power Envelope Coherence,BetaH,UltraSlow,Pz,FC2,0.25448354891575414
BASELINE_EC,Band-Power Envelope Coherence,BetaH,UltraSlow,Pz,F4,0.1294680459091723
BASELINE_EC,Band-Power Envelope Coherence,BetaH,UltraSlow,Pz,F8,0.04693370074787455
BASELINE_EC,Band-Power Envelope Coherence,BetaH,UltraSlow,Pz,Fp2,0.04191988264015983
BASELINE_EC,Band-Power Envelope Coherence,BetaH,UltraSlow,Oz,O2,0.7979868141598399
BASELINE_EC,Band-Power Envelope Coherence,BetaH,UltraSlow,Oz,PO10,0.19035868649528487
BASELINE_EC,Band-Power Envelope Coherence,BetaH,UltraSlow,Oz,P8,0.16099260365545062
BASELINE_EC,Band-Power Envelope Coherence,BetaH,UltraSlow,Oz,P4,0.7154202878928998
BASELINE_EC,Band-Power Envelope Coherence,BetaH,UltraSlow,Oz,CP2,0.7021189624095627
BASELINE_EC,Band-Power Envelope Coherence,BetaH,UltraSlow,Oz,CP6,0.09952796707557221
BASELINE_EC,Band-Power Envelope Coherence,BetaH,UltraSlow,Oz,T8,0.03497315003711836
BASELINE_EC,Band-Power Envelope Coherence,BetaH,UltraSlow,Oz,FT10,0.03954957629052853
BASELINE_EC,Band-Power Envelope Coherence,BetaH,UltraSlow,Oz,FC6,0.047264627546119445
BASELINE_EC,Band-Power Envelope Coherence,BetaH,UltraSlow,Oz,C4,0.09860444223539323
BASELINE_EC,Band-Power Envelope Coherence,BetaH,UltraSlow,Oz,FC2,0.09541866189751365
BASELINE_EC,Band-Power Envelope Coherence,BetaH,UltraSlow,Oz,F4,0.047641213690617516
BASELINE_EC,Band-Power Envelope Coherence,BetaH,UltraSlow,Oz,F8,0.018598453771661236
BASELINE_EC,Band-Power Envelope Coherence,BetaH,UltraSlow,Oz,Fp2,0.014253924965149666
BASELINE_EC,Band-Power Envelope Coherence,BetaH,UltraSlow,O2,PO10,0.36777142900880244
BASELINE_EC,Band-Power Envelope Coherence,BetaH,UltraSlow,O2,P8,0.35728071531052646
BASELINE_EC,Band-Power Envelope Coherence,BetaH,UltraSlow,O2,P4,0.6842017726232377
BASELINE_EC,Band-Power Envelope Coherence,BetaH,UltraSlow,O2,CP2,0.564809629194078
BASELINE_EC,Band-Power Envelope Coherence,BetaH,UltraSlow,O2,CP6,0.1951327429291953
BASELINE_EC,Band-Power Envelope Coherence,BetaH,UltraSlow,O2,T8,0.06710055983957612
BASELINE_EC,Band-Power Envelope Coherence,BetaH,UltraSlow,O2,FT10,0.02201266842902563
BASELINE_EC,Band-Power Envelope Coherence,BetaH,UltraSlow,O2,FC6,0.05077918714469732
BASELINE_EC,Band-Power Envelope Coherence,BetaH,UltraSlow,O2,C4,0.12317647446067582
BASELINE_EC,Band-Power Envelope Coherence,BetaH,UltraSlow,O2,FC2,0.08962747298262463
BASELINE_EC,Band-Power Envelope Coherence,BetaH,UltraSlow,O2,F4,0.046816923290327134
BASELINE_EC,Band-Power Envelope Coherence,BetaH,UltraSlow,O2,F8,0.014738819556168433
BASELINE_EC,Band-Power Envelope Coherence,BetaH,UltraSlow,O2,Fp2,0.030174795017025576
BASELINE_EC,Band-Power Envelope Coherence,BetaH,UltraSlow,PO10,P8,0.727736953575461
BASELINE_EC,Band-Power Envelope Coherence,BetaH,UltraSlow,PO10,P4,0.19992319425915317
BASELINE_EC,Band-Power Envelope Coherence,BetaH,UltraSlow,PO10,CP2,0.1347132284672779
BASELINE_EC,Band-Power Envelope Coherence,BetaH,UltraSlow,PO10,CP6,0.22895692532903522
BASELINE_EC,Band-Power Envelope Coherence,BetaH,UltraSlow,PO10,T8,0.103910434777566
BASELINE_EC,Band-Power Envelope Coherence,BetaH,UltraSlow,PO10,FT10,0.10555753873617967
BASELINE_EC,Band-Power Envelope Coherence,BetaH,UltraSlow,PO10,FC6,0.04016168502854505
BASELINE_EC,Band-Power Envelope Coherence,BetaH,UltraSlow,PO10,C4,0.055136443306173816
BASELINE_EC,Band-Power Envelope Coherence,BetaH,UltraSlow,PO10,FC2,0.03312910015898752
BASELINE_EC,Band-Power Envelope Coherence,BetaH,UltraSlow,PO10,F4,0.020123552927058003
BASELINE_EC,Band-Power Envelope Coherence,BetaH,UltraSlow,PO10,F8,0.03663453160042459
BASELINE_EC,Band-Power Envelope Coherence,BetaH,UltraSlow,PO10,Fp2,0.04072665595477327
BASELINE_EC,Band-Power Envelope Coherence,BetaH,UltraSlow,P8,P4,0.27101973170399635
BASELINE_EC,Band-Power Envelope Coherence,BetaH,UltraSlow,P8,CP2,0.1593583684912852
BASELINE_EC,Band-Power Envelope Coherence,BetaH,UltraSlow,P8,CP6,0.44373802558081826
BASELINE_EC,Band-Power Envelope Coherence,BetaH,UltraSlow,P8,T8,0.17655803906368966
BASELINE_EC,Band-Power Envelope Coherence,BetaH,UltraSlow,P8,FT10,0.10044152216261647
BASELINE_EC,Band-Power Envelope Coherence,BetaH,UltraSlow,P8,FC6,0.048202028039830896
BASELINE_EC,Band-Power Envelope Coherence,BetaH,UltraSlow,P8,C4,0.1135895580590758
BASELINE_EC,Band-Power Envelope Coherence,BetaH,UltraSlow,P8,FC2,0.054323081191844126
BASELINE_EC,Band-Power Envelope Coherence,BetaH,UltraSlow,P8,F4,0.030204820932451602
BASELINE_EC,Band-Power Envelope Coherence,BetaH,UltraSlow,P8,F8,0.0324747020189523
BASELINE_EC,Band-Power Envelope Coherence,BetaH,UltraSlow,P8,Fp2,0.05334949583404292
BASELINE_EC,Band-Power Envelope Coherence,BetaH,UltraSlow,P4,CP2,0.9034475874052933
BASELINE_EC,Band-Power Envelope Coherence,BetaH,UltraSlow,P4,CP6,0.3443540780390509
BASELINE_EC,Band-Power Envelope Coherence,BetaH,UltraSlow,P4,T8,0.1418121838567545
BASELINE_EC,Band-Power Envelope Coherence,BetaH,UltraSlow,P4,FT10,0.06182832675562919
BASELINE_EC,Band-Power Envelope Coherence,BetaH,UltraSlow,P4,FC6,0.17822560500002269
BASELINE_EC,Band-Power Envelope Coherence,BetaH,UltraSlow,P4,C4,0.35987295087890286
BASELINE_EC,Band-Power Envelope Coherence,BetaH,UltraSlow,P4,FC2,0.30010374503786397
BASELINE_EC,Band-Power Envelope Coherence,BetaH,UltraSlow,P4,F4,0.16302891760664961
BASELINE_EC,Band-Power Envelope Coherence,BetaH,UltraSlow,P4,F8,0.05410508632810098
BASELINE_EC,Band-Power Envelope Coherence,BetaH,UltraSlow,P4,Fp2,0.06164105089795074
BASELINE_EC,Band-Power Envelope Coherence,BetaH,UltraSlow,CP2,CP6,0.2789507668084394
BASELINE_EC,Band-Power Envelope Coherence,BetaH,UltraSlow,CP2,T8,0.13838631160347867
BASELINE_EC,Band-Power Envelope Coherence,BetaH,UltraSlow,CP2,FT10,0.06335972895294163
BASELINE_EC,Band-Power Envelope Coherence,BetaH,UltraSlow,CP2,FC6,0.2132375739468466
BASELINE_EC,Band-Power Envelope Coherence,BetaH,UltraSlow,CP2,C4,0.37139519656629433
BASELINE_EC,Band-Power Envelope Coherence,BetaH,UltraSlow,CP2,FC2,0.34118932071401215
BASELINE_EC,Band-Power Envelope Coherence,BetaH,UltraSlow,CP2,F4,0.19363954840503972
BASELINE_EC,Band-Power Envelope Coherence,BetaH,UltraSlow,CP2,F8,0.062210578535467215
BASELINE_EC,Band-Power Envelope Coherence,BetaH,UltraSlow,CP2,Fp2,0.0595412012895826
BASELINE_EC,Band-Power Envelope Coherence,BetaH,UltraSlow,CP6,T8,0.6105150986939741
BASELINE_EC,Band-Power Envelope Coherence,BetaH,UltraSlow,CP6,FT10,0.25092447406075713
BASELINE_EC,Band-Power Envelope Coherence,BetaH,UltraSlow,CP6,FC6,0.41736153397243725
BASELINE_EC,Band-Power Envelope Coherence,BetaH,UltraSlow,CP6,C4,0.6162397862935164
BASELINE_EC,Band-Power Envelope Coherence,BetaH,UltraSlow,CP6,FC2,0.3550069382903861
BASELINE_EC,Band-Power Envelope Coherence,BetaH,UltraSlow,CP6,F4,0.29244765988080673
BASELINE_EC,Band-Power Envelope Coherence,BetaH,UltraSlow,CP6,F8,0.2224150083264184
BASELINE_EC,Band-Power Envelope Coherence,BetaH,UltraSlow,CP6,Fp2,0.22274156041435667
BASELINE_EC,Band-Power Envelope Coherence,BetaH,UltraSlow,T8,FT10,0.5791204272411261
BASELINE_EC,Band-Power Envelope Coherence,BetaH,UltraSlow,T8,FC6,0.7143069351287695
BASELINE_EC,Band-Power Envelope Coherence,BetaH,UltraSlow,T8,C4,0.5191362804268549
BASELINE_EC,Band-Power Envelope Coherence,BetaH,UltraSlow,T8,FC2,0.3972870565752396
BASELINE_EC,Band-Power Envelope Coherence,BetaH,UltraSlow,T8,F4,0.4572122376865757
BASELINE_EC,Band-Power Envelope Coherence,BetaH,UltraSlow,T8,F8,0.6170695007578426
BASELINE_EC,Band-Power Envelope Coherence,BetaH,UltraSlow,T8,Fp2,0.39572780428983007
BASELINE_EC,Band-Power Envelope Coherence,BetaH,UltraSlow,FT10,FC6,0.38177258742504333
BASELINE_EC,Band-Power Envelope Coherence,BetaH,UltraSlow,FT10,C4,0.17912196635590294
BASELINE_EC,Band-Power Envelope Coherence,BetaH,UltraSlow,FT10,FC2,0.18947438531436808
BASELINE_EC,Band-Power Envelope Coherence,BetaH,UltraSlow,FT10,F4,0.23773063818487952
BASELINE_EC,Band-Power Envelope Coherence,BetaH,UltraSlow,FT10,F8,0.6177395142210217
BASELINE_EC,Band-Power Envelope Coherence,BetaH,UltraSlow,FT10,Fp2,0.3724955378719932
BASELINE_EC,Band-Power Envelope Coherence,BetaH,UltraSlow,FC6,C4,0.7101753262398894
BASELINE_EC,Band-Power Envelope Coherence,BetaH,UltraSlow,FC6,FC2,0.7380645196567802
BASELINE_EC,Band-Power Envelope Coherence,BetaH,UltraSlow,FC6,F4,0.7909713951289414
BASELINE_EC,Band-Power Envelope Coherence,BetaH,UltraSlow,FC6,F8,0.6904450678630737
BASELINE_EC,Band-Power Envelope Coherence,BetaH,UltraSlow,FC6,Fp2,0.5265335420705626
BASELINE_EC,Band-Power Envelope Coherence,BetaH,UltraSlow,C4,FC2,0.7434032774361431
BASELINE_EC,Band-Power Envelope Coherence,BetaH,UltraSlow,C4,F4,0.6112282295863221
BASELINE_EC,Band-Power Envelope Coherence,BetaH,UltraSlow,C4,F8,0.32018500408217293
BASELINE_EC,Band-Power Envelope Coherence,BetaH,UltraSlow,C4,Fp2,0.3214227835621926
BASELINE_EC,Band-Power Envelope Coherence,BetaH,UltraSlow,FC2,F4,0.7794808673405665
BASELINE_EC,Band-Power Envelope Coherence,BetaH,UltraSlow,FC2,F8,0.37161446157317873
BASELINE_EC,Band-Power Envelope Coherence,BetaH,UltraSlow,FC2,Fp2,0.4189081173213861
BASELINE_EC,Band-Power Envelope Coherence,BetaH,UltraSlow,F4,F8,0.5140467088598292
BASELINE_EC,Band-Power Envelope Coherence,BetaH,UltraSlow,F4,Fp2,0.5610279983823883
BASELINE_EC,Band-Power Envelope Coherence,BetaH,UltraSlow,F8,Fp2,0.5925573768751566
BASELINE_EC,Band-Power Envelope Coherence,BetaH,Slow,Cz,Fz,0.7832982017387292
BASELINE_EC,Band-Power Envelope Coherence,BetaH,Slow,Cz,Fp1,0.1776176392453219
BASELINE_EC,Band-Power Envelope Coherence,BetaH,Slow,Cz,F7,0.31545897662989525
BASELINE_EC,Band-Power Envelope Coherence,BetaH,Slow,Cz,F3,0.6321838674061098
BASELINE_EC,Band-Power Envelope Coherence,BetaH,Slow,Cz,FC1,0.8354807252915258
BASELINE_EC,Band-Power Envelope Coherence,BetaH,Slow,Cz,C3,0.698113106608984
BASELINE_EC,Band-Power Envelope Coherence,BetaH,Slow,Cz,FC5,0.6901090951288261
BASELINE_EC,Band-Power Envelope Coherence,BetaH,Slow,Cz,FT9,0.09703006332376864
BASELINE_EC,Band-Power Envelope Coherence,BetaH,Slow,Cz,T7,0.6339915764365338
BASELINE_EC,Band-Power Envelope Coherence,BetaH,Slow,Cz,CP5,0.4921848909353888
BASELINE_EC,Band-Power Envelope Coherence,BetaH,Slow,Cz,CP1,0.4465507945816321
BASELINE_EC,Band-Power Envelope Coherence,BetaH,Slow,Cz,P3,0.40479790055078235
BASELINE_EC,Band-Power Envelope Coherence,BetaH,Slow,Cz,P7,0.15555895431305433
BASELINE_EC,Band-Power Envelope Coherence,BetaH,Slow,Cz,PO9,0.271513898728149
BASELINE_EC,Band-Power Envelope Coherence,BetaH,Slow,Cz,O1,0.1462410274805303
BASELINE_EC,Band-Power Envelope Coherence,BetaH,Slow,Cz,Pz,0.4115818331673251
BASELINE_EC,Band-Power Envelope Coherence,BetaH,Slow,Cz,Oz,0.2123497949462051
BASELINE_EC,Band-Power Envelope Coherence,BetaH,Slow,Cz,O2,0.11654467211031062
BASELINE_EC,Band-Power Envelope Coherence,BetaH,Slow,Cz,PO10,0.024582802164815024
BASELINE_EC,Band-Power Envelope Coherence,BetaH,Slow,Cz,P8,0.018185657990915653
BASELINE_EC,Band-Power Envelope Coherence,BetaH,Slow,Cz,P4,0.39356423165955456
BASELINE_EC,Band-Power Envelope Coherence,BetaH,Slow,Cz,CP2,0.47416743617628637
BASELINE_EC,Band-Power Envelope Coherence,BetaH,Slow,Cz,CP6,0.13394006376890794
BASELINE_EC,Band-Power Envelope Coherence,BetaH,Slow,Cz,T8,0.1422710153878085
BASELINE_EC,Band-Power Envelope Coherence,BetaH,Slow,Cz,FT10,0.10738889098933933
BASELINE_EC,Band-Power Envelope Coherence,BetaH,Slow,Cz,FC6,0.42672603627151473
BASELINE_EC,Band-Power Envelope Coherence,BetaH,Slow,Cz,C4,0.4932454419472319
BASELINE_EC,Band-Power Envelope Coherence,BetaH,Slow,Cz,FC2,0.7129007144193571
BASELINE_EC,Band-Power Envelope Coherence,BetaH,Slow,Cz,F4,0.5041006102318032
BASELINE_EC,Band-Power Envelope Coherence,BetaH,Slow,Cz,F8,0.13906253045643108
BASELINE_EC,Band-Power Envelope Coherence,BetaH,Slow,Cz,Fp2,0.17212264344054756
BASELINE_EC,Band-Power Envelope Coherence,BetaH,Slow,Fz,Fp1,0.3832241764781875
BASELINE_EC,Band-Power Envelope Coherence,BetaH,Slow,Fz,F7,0.46709809507433814
BASELINE_EC,Band-Power Envelope Coherence,BetaH,Slow,Fz,F3,0.8266149559840226
BASELINE_EC,Band-Power Envelope Coherence,BetaH,Slow,Fz,FC1,0.8545433458921756
BASELINE_EC,Band-Power Envelope Coherence,BetaH,Slow,Fz,C3,0.6133928332537761
BASELINE_EC,Band-Power Envelope Coherence,BetaH,Slow,Fz,FC5,0.7214184279157283
BASELINE_EC,Band-Power Envelope Coherence,BetaH,Slow,Fz,FT9,0.17177077589413983
BASELINE_EC,Band-Power Envelope Coherence,BetaH,Slow,Fz,T7,0.6010286600136471
BASELINE_EC,Band-Power Envelope Coherence,BetaH,Slow,Fz,CP5,0.40453018071123564
BASELINE_EC,Band-Power Envelope Coherence,BetaH,Slow,Fz,CP1,0.35134401798939874
BASELINE_EC,Band-Power Envelope Coherence,BetaH,Slow,Fz,P3,0.2951581841011759
BASELINE_EC,Band-Power Envelope Coherence,BetaH,Slow,Fz,P7,0.12394964801734795
BASELINE_EC,Band-Power Envelope Coherence,BetaH,Slow,Fz,PO9,0.23774197175260536
BASELINE_EC,Band-Power Envelope Coherence,BetaH,Slow,Fz,O1,0.09627533749453926
BASELINE_EC,Band-Power Envelope Coherence,BetaH,Slow,Fz,Pz,0.3165315963747408
BASELINE_EC,Band-Power Envelope Coherence,BetaH,Slow,Fz,Oz,0.15790303198592615
BASELINE_EC,Band-Power Envelope Coherence,BetaH,Slow,Fz,O2,0.09895556712035533
BASELINE_EC,Band-Power Envelope Coherence,BetaH,Slow,Fz,PO10,0.030746648961926484
BASELINE_EC,Band-Power Envelope Coherence,BetaH,Slow,Fz,P8,0.02204939740114089
BASELINE_EC,Band-Power Envelope Coherence,BetaH,Slow,Fz,P4,0.3173189825912735
BASELINE_EC,Band-Power Envelope Coherence,BetaH,Slow,Fz,CP2,0.39554013529303417
BASELINE_EC,Band-Power Envelope Coherence,BetaH,Slow,Fz,CP6,0.2028841919418181
BASELINE_EC,Band-Power Envelope Coherence,BetaH,Slow,Fz,T8,0.27843425317783366
BASELINE_EC,Band-Power Envelope Coherence,BetaH,Slow,Fz,FT10,0.13595293199612726
BASELINE_EC,Band-Power Envelope Coherence,BetaH,Slow,Fz,FC6,0.6544527268093063
BASELINE_EC,Band-Power Envelope Coherence,BetaH,Slow,Fz,C4,0.615925280362788
BASELINE_EC,Band-Power Envelope Coherence,BetaH,Slow,Fz,FC2,0.8508929272208589
BASELINE_EC,Band-Power Envelope Coherence,BetaH,Slow,Fz,F4,0.7748087561324465
BASELINE_EC,Band-Power Envelope Coherence,BetaH,Slow,Fz,F8,0.2820239908774178
BASELINE_EC,Band-Power Envelope Coherence,BetaH,Slow,Fz,Fp2,0.4018251791047915
BASELINE_EC,Band-Power Envelope Coherence,BetaH,Slow,Fp1,F7,0.6362059709058301
BASELINE_EC,Band-Power Envelope Coherence,BetaH,Slow,Fp1,F3,0.5353721691735625
BASELINE_EC,Band-Power Envelope Coherence,BetaH,Slow,Fp1,FC1,0.28511691082114954
BASELINE_EC,Band-Power Envelope Coherence,BetaH,Slow,Fp1,C3,0.13030441605759951
BASELINE_EC,Band-Power Envelope Coherence,BetaH,Slow,Fp1,FC5,0.31502346843975587
BASELINE_EC,Band-Power Envelope Coherence,BetaH,Slow,Fp1,FT9,0.40988402759131765
BASELINE_EC,Band-Power Envelope Coherence,BetaH,Slow,Fp1,T7,0.2145422895176658
BASELINE_EC,Band-Power Envelope Coherence,BetaH,Slow,Fp1,CP5,0.06290651253495051
BASELINE_EC,Band-Power Envelope Coherence,BetaH,Slow,Fp1,CP1,0.055942928428289594
BASELINE_EC,Band-Power Envelope Coherence,BetaH,Slow,Fp1,P3,0.03197502601186757
BASELINE_EC,Band-Power Envelope Coherence,BetaH,Slow,Fp1,P7,0.03256519397557522
BASELINE_EC,Band-Power Envelope Coherence,BetaH,Slow,Fp1,PO9,0.01803242285631749
BASELINE_EC,Band-Power Envelope Coherence,BetaH,Slow,Fp1,O1,0.014565924670982265
BASELINE_EC,Band-Power Envelope Coherence,BetaH,Slow,Fp1,Pz,0.05439732515006143
BASELINE_EC,Band-Power Envelope Coherence,BetaH,Slow,Fp1,Oz,0.028024518271908144
BASELINE_EC,Band-Power Envelope Coherence,BetaH,Slow,Fp1,O2,0.04536658745697632
BASELINE_EC,Band-Power Envelope Coherence,BetaH,Slow,Fp1,PO10,0.0982039000303958
BASELINE_EC,Band-Power Envelope Coherence,BetaH,Slow,Fp1,P8,0.11063128074169506
BASELINE_EC,Band-Power Envelope Coherence,BetaH,Slow,Fp1,P4,0.08403892813566192
BASELINE_EC,Band-Power Envelope Coherence,BetaH,Slow,Fp1,CP2,0.06428206404820912
BASELINE_EC,Band-Power Envelope Coherence,BetaH,Slow,Fp1,CP6,0.18144010577975164
BASELINE_EC,Band-Power Envelope Coherence,BetaH,Slow,Fp1,T8,0.2041432023342902
BASELINE_EC,Band-Power Envelope Coherence,BetaH,Slow,Fp1,FT10,0.17586655070648052
BASELINE_EC,Band-Power Envelope Coherence,BetaH,Slow,Fp1,FC6,0.3154181567748711
BASELINE_EC,Band-Power Envelope Coherence,BetaH,Slow,Fp1,C4,0.23362547751607016
BASELINE_EC,Band-Power Envelope Coherence,BetaH,Slow,Fp1,FC2,0.3389565800366098
BASELINE_EC,Band-Power Envelope Coherence,BetaH,Slow,Fp1,F4,0.3735692669101117
BASELINE_EC,Band-Power Envelope Coherence,BetaH,Slow,Fp1,F8,0.24824400674847893
BASELINE_EC,Band-Power Envelope Coherence,BetaH,Slow,Fp1,Fp2,0.5888554298516465
BASELINE_EC,Band-Power Envelope Coherence,BetaH,Slow,F7,F3,0.683395340919508
BASELINE_EC,Band-Power Envelope Coherence,BetaH,Slow,F7,FC1,0.44893591200692823
BASELINE_EC,Band-Power Envelope Coherence,BetaH,Slow,F7,C3,0.2977807318871817
BASELINE_EC,Band-Power Envelope Coherence,BetaH,Slow,F7,FC5,0.5960804761564412
BASELINE_EC,Band-Power Envelope Coherence,BetaH,Slow,F7,FT9,0.44257091556037587
BASELINE_EC,Band-Power Envelope Coherence,BetaH,Slow,F7,T7,0.4391092421243022
BASELINE_EC,Band-Power Envelope Coherence,BetaH,Slow,F7,CP5,0.17363032682343876
BASELINE_EC,Band-Power Envelope Coherence,BetaH,Slow,F7,CP1,0.18597267569453083
BASELINE_EC,Band-Power Envelope Coherence,BetaH,Slow,F7,P3,0.12984849134922063
BASELINE_EC,Band-Power Envelope Coherence,BetaH,Slow,F7,P7,0.09336449207603138
BASELINE_EC,Band-Power Envelope Coherence,BetaH,Slow,F7,PO9,0.025987213487161556
BASELINE_EC,Band-Power Envelope Coherence,BetaH,Slow,F7,O1,0.09108189146298896
BASELINE_EC,Band-Power Envelope Coherence,BetaH,Slow,F7,Pz,0.1815777229887801
BASELINE_EC,Band-Power Envelope Coherence,BetaH,Slow,F7,Oz,0.1356957975768929
BASELINE_EC,Band-Power Envelope Coherence,BetaH,Slow,F7,O2,0.1254023425915044
BASELINE_EC,Band-Power Envelope Coherence,BetaH,Slow,F7,PO10,0.048850957741300036
BASELINE_EC,Band-Power Envelope Coherence,BetaH,Slow,F7,P8,0.07183076635925673
BASELINE_EC,Band-Power Envelope Coherence,BetaH,Slow,F7,P4,0.22063282742660295
BASELINE_EC,Band-Power Envelope Coherence,BetaH,Slow,F7,CP2,0.1828903429534178
BASELINE_EC,Band-Power Envelope Coherence,BetaH,Slow,F7,CP6,0.11212499782869298
BASELINE_EC,Band-Power Envelope Coherence,BetaH,Slow,F7,T8,0.15205669021585905
BASELINE_EC,Band-Power Envelope Coherence,BetaH,Slow,F7,FT10,0.10058200348470205
BASELINE_EC,Band-Power Envelope Coherence,BetaH,Slow,F7,FC6,0.3025744522820181
BASELINE_EC,Band-Power Envelope Coherence,BetaH,Slow,F7,C4,0.2462230455775396
BASELINE_EC,Band-Power Envelope Coherence,BetaH,Slow,F7,FC2,0.4229670504598283
BASELINE_EC,Band-Power Envelope Coherence,BetaH,Slow,F7,F4,0.37108649583549613
BASELINE_EC,Band-Power Envelope Coherence,BetaH,Slow,F7,F8,0.16533024235483101
BASELINE_EC,Band-Power Envelope Coherence,BetaH,Slow,F7,Fp2,0.3413902527536669
BASELINE_EC,Band-Power Envelope Coherence,BetaH,Slow,F3,FC1,0.7571435943621931
BASELINE_EC,Band-Power Envelope Coherence,BetaH,Slow,F3,C3,0.5564556602017225
BASELINE_EC,Band-Power Envelope Coherence,BetaH,Slow,F3,FC5,0.779534120152792
BASELINE_EC,Band-Power Envelope Coherence,BetaH,Slow,F3,FT9,0.2254668144701739
BASELINE_EC,Band-Power Envelope Coherence,BetaH,Slow,F3,T7,0.6177779629207412
BASELINE_EC,Band-Power Envelope Coherence,BetaH,Slow,F3,CP5,0.37607932770587565
BASELINE_EC,Band-Power Envelope Coherence,BetaH,Slow,F3,CP1,0.31583344961988263
BASELINE_EC,Band-Power Envelope Coherence,BetaH,Slow,F3,P3,0.27080434254239366
BASELINE_EC,Band-Power Envelope Coherence,BetaH,Slow,F3,P7,0.16855727104142704
BASELINE_EC,Band-Power Envelope Coherence,BetaH,Slow,F3,PO9,0.15410806728138182
BASELINE_EC,Band-Power Envelope Coherence,BetaH,Slow,F3,O1,0.12273832574024227
BASELINE_EC,Band-Power Envelope Coherence,BetaH,Slow,F3,Pz,0.3055017578123048
BASELINE_EC,Band-Power Envelope Coherence,BetaH,Slow,F3,Oz,0.17675807827963722
BASELINE_EC,Band-Power Envelope Coherence,BetaH,Slow,F3,O2,0.10364410741837732
BASELINE_EC,Band-Power Envelope Coherence,BetaH,Slow,F3,PO10,0.010897192504780336
BASELINE_EC,Band-Power Envelope Coherence,BetaH,Slow,F3,P8,0.031721294047012065
BASELINE_EC,Band-Power Envelope Coherence,BetaH,Slow,F3,P4,0.2947226855656781
BASELINE_EC,Band-Power Envelope Coherence,BetaH,Slow,F3,CP2,0.31996822495766924
BASELINE_EC,Band-Power Envelope Coherence,BetaH,Slow,F3,CP6,0.1136005943426954
BASELINE_EC,Band-Power Envelope Coherence,BetaH,Slow,F3,T8,0.15055462708712433
BASELINE_EC,Band-Power Envelope Coherence,BetaH,Slow,F3,FT10,0.13216136002507597
BASELINE_EC,Band-Power Envelope Coherence,BetaH,Slow,F3,FC6,0.41870987886298977
BASELINE_EC,Band-Power Envelope Coherence,BetaH,Slow,F3,C4,0.39034804574256043
BASELINE_EC,Band-Power Envelope Coherence,BetaH,Slow,F3,FC2,0.6520837431627095
BASELINE_EC,Band-Power Envelope Coherence,BetaH,Slow,F3,F4,0.563342666745291
BASELINE_EC,Band-Power Envelope Coherence,BetaH,Slow,F3,F8,0.18582123460203526
BASELINE_EC,Band-Power Envelope Coherence,BetaH,Slow,F3,Fp2,0.3609595816271458
BASELINE_EC,Band-Power Envelope Coherence,BetaH,Slow,FC1,C3,0.8171577861798381
BASELINE_EC,Band-Power Envelope Coherence,BetaH,Slow,FC1,FC5,0.8351547594009779
BASELINE_EC,Band-Power Envelope Coherence,BetaH,Slow,FC1,FT9,0.1523096796717375
BASELINE_EC,Band-Power Envelope Coherence,BetaH,Slow,FC1,T7,0.7957200190743866
BASELINE_EC,Band-Power Envelope Coherence,BetaH,Slow,FC1,CP5,0.5902995588442349
BASELINE_EC,Band-Power Envelope Coherence,BetaH,Slow,FC1,CP1,0.5231335990648724
BASELINE_EC,Band-Power Envelope Coherence,BetaH,Slow,FC1,P3,0.4606631664209563
BASELINE_EC,Band-Power Envelope Coherence,BetaH,Slow,FC1,P7,0.16983943557140663
BASELINE_EC,Band-Power Envelope Coherence,BetaH,Slow,FC1,PO9,0.24686861141246538
BASELINE_EC,Band-Power Envelope Coherence,BetaH,Slow,FC1,O1,0.16982309335380139
BASELINE_EC,Band-Power Envelope Coherence,BetaH,Slow,FC1,Pz,0.49003788051362124
BASELINE_EC,Band-Power Envelope Coherence,BetaH,Slow,FC1,Oz,0.251461955372318
BASELINE_EC,Band-Power Envelope Coherence,BetaH,Slow,FC1,O2,0.14372376518452987
BASELINE_EC,Band-Power Envelope Coherence,BetaH,Slow,FC1,PO10,0.02766585315919142
BASELINE_EC,Band-Power Envelope Coherence,BetaH,Slow,FC1,P8,0.026333903390734867
BASELINE_EC,Band-Power Envelope Coherence,BetaH,Slow,FC1,P4,0.4541637384427325
BASELINE_EC,Band-Power Envelope Coherence,BetaH,Slow,FC1,CP2,0.5377228613399803
BASELINE_EC,Band-Power Envelope Coherence,BetaH,Slow,FC1,CP6,0.1622554774385441
BASELINE_EC,Band-Power Envelope Coherence,BetaH,Slow,FC1,T8,0.19013023963820588
BASELINE_EC,Band-Power Envelope Coherence,BetaH,Slow,FC1,FT10,0.14222294856111747
BASELINE_EC,Band-Power Envelope Coherence,BetaH,Slow,FC1,FC6,0.49326047443431925
BASELINE_EC,Band-Power Envelope Coherence,BetaH,Slow,FC1,C4,0.5257028744502573
BASELINE_EC,Band-Power Envelope Coherence,BetaH,Slow,FC1,FC2,0.7604224891202915
BASELINE_EC,Band-Power Envelope Coherence,BetaH,Slow,FC1,F4,0.5718014377398677
BASELINE_EC,Band-Power Envelope Coherence,BetaH,Slow,FC1,F8,0.1855651683143486
BASELINE_EC,Band-Power Envelope Coherence,BetaH,Slow,FC1,Fp2,0.2377345141937243
BASELINE_EC,Band-Power Envelope Coherence,BetaH,Slow,C3,FC5,0.7496268934306644
BASELINE_EC,Band-Power Envelope Coherence,BetaH,Slow,C3,FT9,0.10120421315662582
BASELINE_EC,Band-Power Envelope Coherence,BetaH,Slow,C3,T7,0.79677031267345
BASELINE_EC,Band-Power Envelope Coherence,BetaH,Slow,C3,CP5,0.7648248343615969
BASELINE_EC,Band-Power Envelope Coherence,BetaH,Slow,C3,CP1,0.6229303277054541
BASELINE_EC,Band-Power Envelope Coherence,BetaH,Slow,C3,P3,0.6111922416125818
BASELINE_EC,Band-Power Envelope Coherence,BetaH,Slow,C3,P7,0.2053824005843744
BASELINE_EC,Band-Power Envelope Coherence,BetaH,Slow,C3,PO9,0.30309543032548647
BASELINE_EC,Band-Power Envelope Coherence,BetaH,Slow,C3,O1,0.24698200100247364
BASELINE_EC,Band-Power Envelope Coherence,BetaH,Slow,C3,Pz,0.5939064536254302
BASELINE_EC,Band-Power Envelope Coherence,BetaH,Slow,C3,Oz,0.3393446379907685
BASELINE_EC,Band-Power Envelope Coherence,BetaH,Slow,C3,O2,0.18830357049929736
BASELINE_EC,Band-Power Envelope Coherence,BetaH,Slow,C3,PO10,0.029852833961260372
BASELINE_EC,Band-Power Envelope Coherence,BetaH,Slow,C3,P8,0.022027485524209387
BASELINE_EC,Band-Power Envelope Coherence,BetaH,Slow,C3,P4,0.5001133702728485
BASELINE_EC,Band-Power Envelope Coherence,BetaH,Slow,C3,CP2,0.6098127778415245
BASELINE_EC,Band-Power Envelope Coherence,BetaH,Slow,C3,CP6,0.09705902034608174
BASELINE_EC,Band-Power Envelope Coherence,BetaH,Slow,C3,T8,0.08799357951569906
BASELINE_EC,Band-Power Envelope Coherence,BetaH,Slow,C3,FT10,0.13504760470451613
BASELINE_EC,Band-Power Envelope Coherence,BetaH,Slow,C3,FC6,0.26362020485389365
BASELINE_EC,Band-Power Envelope Coherence,BetaH,Slow,C3,C4,0.3488312098651617
BASELINE_EC,Band-Power Envelope Coherence,BetaH,Slow,C3,FC2,0.5237959102183181
BASELINE_EC,Band-Power Envelope Coherence,BetaH,Slow,C3,F4,0.3280410248309883
BASELINE_EC,Band-Power Envelope Coherence,BetaH,Slow,C3,F8,0.09087694087317125
BASELINE_EC,Band-Power Envelope Coherence,BetaH,Slow,C3,Fp2,0.10587636061640605
BASELINE_EC,Band-Power Envelope Coherence,BetaH,Slow,FC5,FT9,0.21838360205097015
BASELINE_EC,Band-Power Envelope Coherence,BetaH,Slow,FC5,T7,0.8576780088183396
BASELINE_EC,Band-Power Envelope Coherence,BetaH,Slow,FC5,CP5,0.5676396968059924
BASELINE_EC,Band-Power Envelope Coherence,BetaH,Slow,FC5,CP1,0.4164758591053935
BASELINE_EC,Band-Power Envelope Coherence,BetaH,Slow,FC5,P3,0.3819784781408628
BASELINE_EC,Band-Power Envelope Coherence,BetaH,Slow,FC5,P7,0.1541438578184051
BASELINE_EC,Band-Power Envelope Coherence,BetaH,Slow,FC5,PO9,0.16917436771503627
BASELINE_EC,Band-Power Envelope Coherence,BetaH,Slow,FC5,O1,0.15728009592587192
BASELINE_EC,Band-Power Envelope Coherence,BetaH,Slow,FC5,Pz,0.3901031540018678
BASELINE_EC,Band-Power Envelope Coherence,BetaH,Slow,FC5,Oz,0.2298800797067907
BASELINE_EC,Band-Power Envelope Coherence,BetaH,Slow,FC5,O2,0.12765855667071863
BASELINE_EC,Band-Power Envelope Coherence,BetaH,Slow,FC5,PO10,0.01307522953808091
BASELINE_EC,Band-Power Envelope Coherence,BetaH,Slow,FC5,P8,0.022801135052945953
BASELINE_EC,Band-Power Envelope Coherence,BetaH,Slow,FC5,P4,0.3600795784461876
BASELINE_EC,Band-Power Envelope Coherence,BetaH,Slow,FC5,CP2,0.3973372749942794
BASELINE_EC,Band-Power Envelope Coherence,BetaH,Slow,FC5,CP6,0.0893135843528212
BASELINE_EC,Band-Power Envelope Coherence,BetaH,Slow,FC5,T8,0.1188131953718933
BASELINE_EC,Band-Power Envelope Coherence,BetaH,Slow,FC5,FT10,0.1243839597039079
BASELINE_EC,Band-Power Envelope Coherence,BetaH,Slow,FC5,FC6,0.3391431954467684
BASELINE_EC,Band-Power Envelope Coherence,BetaH,Slow,FC5,C4,0.3421078351144771
BASELINE_EC,Band-Power Envelope Coherence,BetaH,Slow,FC5,FC2,0.5958977389155258
BASELINE_EC,Band-Power Envelope Coherence,BetaH,Slow,FC5,F4,0.4312013470748788
BASELINE_EC,Band-Power Envelope Coherence,BetaH,Slow,FC5,F8,0.13504058436242158
BASELINE_EC,Band-Power Envelope Coherence,BetaH,Slow,FC5,Fp2,0.19926389458784646
BASELINE_EC,Band-Power Envelope Coherence,BetaH,Slow,FT9,T7,0.17905167301835437
BASELINE_EC,Band-Power Envelope Coherence,BetaH,Slow,FT9,CP5,0.054918626654922226
BASELINE_EC,Band-Power Envelope Coherence,BetaH,Slow,FT9,CP1,0.029545959692759565
BASELINE_EC,Band-Power Envelope Coherence,BetaH,Slow,FT9,P3,0.030995560162493687
BASELINE_EC,Band-Power Envelope Coherence,BetaH,Slow,FT9,P7,0.007483257233063667
BASELINE_EC,Band-Power Envelope Coherence,BetaH,Slow,FT9,PO9,0.1351948307412638
BASELINE_EC,Band-Power Envelope Coherence,BetaH,Slow,FT9,O1,0.006891601813506048
BASELINE_EC,Band-Power Envelope Coherence,BetaH,Slow,FT9,Pz,0.025911438577356685
BASELINE_EC,Band-Power Envelope Coherence,BetaH,Slow,FT9,Oz,0.009869178301008624
BASELINE_EC,Band-Power Envelope Coherence,BetaH,Slow,FT9,O2,0.015170467151369438
BASELINE_EC,Band-Power Envelope Coherence,BetaH,Slow,FT9,PO10,0.1970110799494529
BASELINE_EC,Band-Power Envelope Coherence,BetaH,Slow,FT9,P8,0.11613235187852652
BASELINE_EC,Band-Power Envelope Coherence,BetaH,Slow,FT9,P4,0.03169190414724993
BASELINE_EC,Band-Power Envelope Coherence,BetaH,Slow,FT9,CP2,0.037543368776822725
BASELINE_EC,Band-Power Envelope Coherence,BetaH,Slow,FT9,CP6,0.063975548933081
BASELINE_EC,Band-Power Envelope Coherence,BetaH,Slow,FT9,T8,0.10481054040174066
BASELINE_EC,Band-Power Envelope Coherence,BetaH,Slow,FT9,FT10,0.186257084548727
BASELINE_EC,Band-Power Envelope Coherence,BetaH,Slow,FT9,FC6,0.14312311589376253
BASELINE_EC,Band-Power Envelope Coherence,BetaH,Slow,FT9,C4,0.08416065141899506
BASELINE_EC,Band-Power Envelope Coherence,BetaH,Slow,FT9,FC2,0.16492541954327805
BASELINE_EC,Band-Power Envelope Coherence,BetaH,Slow,FT9,F4,0.14521471817837947
BASELINE_EC,Band-Power Envelope Coherence,BetaH,Slow,FT9,F8,0.1548366207706362
BASELINE_EC,Band-Power Envelope Coherence,BetaH,Slow,FT9,Fp2,0.24744858407699397
BASELINE_EC,Band-Power Envelope Coherence,BetaH,Slow,T7,CP5,0.681771825021855
BASELINE_EC,Band-Power Envelope Coherence,BetaH,Slow,T7,CP1,0.5158637999827925
BASELINE_EC,Band-Power Envelope Coherence,BetaH,Slow,T7,P3,0.48780985002321386
BASELINE_EC,Band-Power Envelope Coherence,BetaH,Slow,T7,P7,0.20859541842765916
BASELINE_EC,Band-Power Envelope Coherence,BetaH,Slow,T7,PO9,0.20415889898412512
BASELINE_EC,Band-Power Envelope Coherence,BetaH,Slow,T7,O1,0.19989916484650475
BASELINE_EC,Band-Power Envelope Coherence,BetaH,Slow,T7,Pz,0.4939406242888071
BASELINE_EC,Band-Power Envelope Coherence,BetaH,Slow,T7,Oz,0.2938919279451787
BASELINE_EC,Band-Power Envelope Coherence,BetaH,Slow,T7,O2,0.15732368426954504
BASELINE_EC,Band-Power Envelope Coherence,BetaH,Slow,T7,PO10,0.013338595288010345
BASELINE_EC,Band-Power Envelope Coherence,BetaH,Slow,T7,P8,0.022160392310007975
BASELINE_EC,Band-Power Envelope Coherence,BetaH,Slow,T7,P4,0.4428568109680148
BASELINE_EC,Band-Power Envelope Coherence,BetaH,Slow,T7,CP2,0.47458808974019584
BASELINE_EC,Band-Power Envelope Coherence,BetaH,Slow,T7,CP6,0.07961391586121117
BASELINE_EC,Band-Power Envelope Coherence,BetaH,Slow,T7,T8,0.09010304353402851
BASELINE_EC,Band-Power Envelope Coherence,BetaH,Slow,T7,FT10,0.16207627594113497
BASELINE_EC,Band-Power Envelope Coherence,BetaH,Slow,T7,FC6,0.24849747191608454
BASELINE_EC,Band-Power Envelope Coherence,BetaH,Slow,T7,C4,0.29419353040208784
BASELINE_EC,Band-Power Envelope Coherence,BetaH,Slow,T7,FC2,0.4917387201918712
BASELINE_EC,Band-Power Envelope Coherence,BetaH,Slow,T7,F4,0.3268463448249206
BASELINE_EC,Band-Power Envelope Coherence,BetaH,Slow,T7,F8,0.1158791875096363
BASELINE_EC,Band-Power Envelope Coherence,BetaH,Slow,T7,Fp2,0.13875209081255152
BASELINE_EC,Band-Power Envelope Coherence,BetaH,Slow,CP5,CP1,0.5517845506692528
BASELINE_EC,Band-Power Envelope Coherence,BetaH,Slow,CP5,P3,0.6296183074309342
BASELINE_EC,Band-Power Envelope Coherence,BetaH,Slow,CP5,P7,0.25091137512550776
BASELINE_EC,Band-Power Envelope Coherence,BetaH,Slow,CP5,PO9,0.24603215100793102
BASELINE_EC,Band-Power Envelope Coherence,BetaH,Slow,CP5,O1,0.23024147585915195
BASELINE_EC,Band-Power Envelope Coherence,BetaH,Slow,CP5,Pz,0.5299804400971295
BASELINE_EC,Band-Power Envelope Coherence,BetaH,Slow,CP5,Oz,0.30183498817550125
BASELINE_EC,Band-Power Envelope Coherence,BetaH,Slow,CP5,O2,0.17338933864270986
BASELINE_EC,Band-Power Envelope Coherence,BetaH,Slow,CP5,PO10,0.01605898432038483
BASELINE_EC,Band-Power Envelope Coherence,BetaH,Slow,CP5,P8,0.01756980729372633
BASELINE_EC,Band-Power Envelope Coherence,BetaH,Slow,CP5,P4,0.42447893740555176
BASELINE_EC,Band-Power Envelope Coherence,BetaH,Slow,CP5,CP2,0.5309868718177344
BASELINE_EC,Band-Power Envelope Coherence,BetaH,Slow,CP5,CP6,0.05693564140260407
BASELINE_EC,Band-Power Envelope Coherence,BetaH,Slow,CP5,T8,0.03778392407845356
BASELINE_EC,Band-Power Envelope Coherence,BetaH,Slow,CP5,FT10,0.08948993358074783
BASELINE_EC,Band-Power Envelope Coherence,BetaH,Slow,CP5,FC6,0.13022899605337349
BASELINE_EC,Band-Power Envelope Coherence,BetaH,Slow,CP5,C4,0.20933539200415996
BASELINE_EC,Band-Power Envelope Coherence,BetaH,Slow,CP5,FC2,0.31701192841436066
BASELINE_EC,Band-Power Envelope Coherence,BetaH,Slow,CP5,F4,0.18742880628687345
BASELINE_EC,Band-Power Envelope Coherence,BetaH,Slow,CP5,F8,0.042644987574926976
BASELINE_EC,Band-Power Envelope Coherence,BetaH,Slow,CP5,Fp2,0.047852094133575156
BASELINE_EC,Band-Power Envelope Coherence,BetaH,Slow,CP1,P3,0.8962628914520561
BASELINE_EC,Band-Power Envelope Coherence,BetaH,Slow,CP1,P7,0.32507739401474445
BASELINE_EC,Band-Power Envelope Coherence,BetaH,Slow,CP1,PO9,0.3160854896822774
BASELINE_EC,Band-Power Envelope Coherence,BetaH,Slow,CP1,O1,0.5715486634592136
BASELINE_EC,Band-Power Envelope Coherence,BetaH,Slow,CP1,Pz,0.9523676723692248
BASELINE_EC,Band-Power Envelope Coherence,BetaH,Slow,CP1,Oz,0.7764341239487583
BASELINE_EC,Band-Power Envelope Coherence,BetaH,Slow,CP1,O2,0.555651483153201
BASELINE_EC,Band-Power Envelope Coherence,BetaH,Slow,CP1,PO10,0.09141141194211011
BASELINE_EC,Band-Power Envelope Coherence,BetaH,Slow,CP1,P8,0.09820078291639397
BASELINE_EC,Band-Power Envelope Coherence,BetaH,Slow,CP1,P4,0.8665553707535966
BASELINE_EC,Band-Power Envelope Coherence,BetaH,Slow,CP1,CP2,0.9224666208253145
BASELINE_EC,Band-Power Envelope Coherence,BetaH,Slow,CP1,CP6,0.14853573912666726
BASELINE_EC,Band-Power Envelope Coherence,BetaH,Slow,CP1,T8,0.06955597582876892
BASELINE_EC,Band-Power Envelope Coherence,BetaH,Slow,CP1,FT10,0.112237847653063
BASELINE_EC,Band-Power Envelope Coherence,BetaH,Slow,CP1,FC6,0.1532249388816438
BASELINE_EC,Band-Power Envelope Coherence,BetaH,Slow,CP1,C4,0.2730892555488002
BASELINE_EC,Band-Power Envelope Coherence,BetaH,Slow,CP1,FC2,0.29954191927505047
BASELINE_EC,Band-Power Envelope Coherence,BetaH,Slow,CP1,F4,0.1718189023134893
BASELINE_EC,Band-Power Envelope Coherence,BetaH,Slow,CP1,F8,0.04834508513036958
BASELINE_EC,Band-Power Envelope Coherence,BetaH,Slow,CP1,Fp2,0.04363716330073868
BASELINE_EC,Band-Power Envelope Coherence,BetaH,Slow,P3,P7,0.3705308029410737
BASELINE_EC,Band-Power Envelope Coherence,BetaH,Slow,P3,PO9,0.2936270066461686
BASELINE_EC,Band-Power Envelope Coherence,BetaH,Slow,P3,O1,0.6032931028789864
BASELINE_EC,Band-Power Envelope Coherence,BetaH,Slow,P3,Pz,0.907164478646539
BASELINE_EC,Band-Power Envelope Coherence,BetaH,Slow,P3,Oz,0.7292759563014836
BASELINE_EC,Band-Power Envelope Coherence,BetaH,Slow,P3,O2,0.4625613366044077
BASELINE_EC,Band-Power Envelope Coherence,BetaH,Slow,P3,PO10,0.05537518065157329
BASELINE_EC,Band-Power Envelope Coherence,BetaH,Slow,P3,P8,0.055699073493895135
BASELINE_EC,Band-Power Envelope Coherence,BetaH,Slow,P3,P4,0.7416181104925209
BASELINE_EC,Band-Power Envelope Coherence,BetaH,Slow,P3,CP2,0.8412035301195494
BASELINE_EC,Band-Power Envelope Coherence,BetaH,Slow,P3,CP6,0.08214760077610907
BASELINE_EC,Band-Power Envelope Coherence,BetaH,Slow,P3,T8,0.039396956886079366
BASELINE_EC,Band-Power Envelope Coherence,BetaH,Slow,P3,FT10,0.11976425224804627
BASELINE_EC,Band-Power Envelope Coherence,BetaH,Slow,P3,FC6,0.09074947128862719
BASELINE_EC,Band-Power Envelope Coherence,BetaH,Slow,P3,C4,0.17580538853531774
BASELINE_EC,Band-Power Envelope Coherence,BetaH,Slow,P3,FC2,0.22278109064992965
BASELINE_EC,Band-Power Envelope Coherence,BetaH,Slow,P3,F4,0.11783074514548535
BASELINE_EC,Band-Power Envelope Coherence,BetaH,Slow,P3,F8,0.04439209455995056
BASELINE_EC,Band-Power Envelope Coherence,BetaH,Slow,P3,Fp2,0.031297127408018995
BASELINE_EC,Band-Power Envelope Coherence,BetaH,Slow,P7,PO9,0.07706953963519265
BASELINE_EC,Band-Power Envelope Coherence,BetaH,Slow,P7,O1,0.36353887629388526
BASELINE_EC,Band-Power Envelope Coherence,BetaH,Slow,P7,Pz,0.35872422071921994
BASELINE_EC,Band-Power Envelope Coherence,BetaH,Slow,P7,Oz,0.31083263465551575
BASELINE_EC,Band-Power Envelope Coherence,BetaH,Slow,P7,O2,0.13604625408304996
BASELINE_EC,Band-Power Envelope Coherence,BetaH,Slow,P7,PO10,0.009982523844659558
BASELINE_EC,Band-Power Envelope Coherence,BetaH,Slow,P7,P8,0.0187331112454294
BASELINE_EC,Band-Power Envelope Coherence,BetaH,Slow,P7,P4,0.25804354985173655
BASELINE_EC,Band-Power Envelope Coherence,BetaH,Slow,P7,CP2,0.28694638247344
BASELINE_EC,Band-Power Envelope Coherence,BetaH,Slow,P7,CP6,0.012195722526923424
BASELINE_EC,Band-Power Envelope Coherence,BetaH,Slow,P7,T8,0.021189058449832383
BASELINE_EC,Band-Power Envelope Coherence,BetaH,Slow,P7,FT10,0.1003143997709133
BASELINE_EC,Band-Power Envelope Coherence,BetaH,Slow,P7,FC6,0.016264536021589837
BASELINE_EC,Band-Power Envelope Coherence,BetaH,Slow,P7,C4,0.04189835599164952
BASELINE_EC,Band-Power Envelope Coherence,BetaH,Slow,P7,FC2,0.09289887408970955
BASELINE_EC,Band-Power Envelope Coherence,BetaH,Slow,P7,F4,0.05606896876317162
BASELINE_EC,Band-Power Envelope Coherence,BetaH,Slow,P7,F8,0.06109056017868994
BASELINE_EC,Band-Power Envelope Coherence,BetaH,Slow,P7,Fp2,0.010078260222922176
BASELINE_EC,Band-Power Envelope Coherence,BetaH,Slow,PO9,O1,0.16237000974046706
BASELINE_EC,Band-Power Envelope Coherence,BetaH,Slow,PO9,Pz,0.2887824699779642
BASELINE_EC,Band-Power Envelope Coherence,BetaH,Slow,PO9,Oz,0.23374430659947334
BASELINE_EC,Band-Power Envelope Coherence,BetaH,Slow,PO9,O2,0.12249059775866168
BASELINE_EC,Band-Power Envelope Coherence,BetaH,Slow,PO9,PO10,0.24937145650539244
BASELINE_EC,Band-Power Envelope Coherence,BetaH,Slow,PO9,P8,0.09541512920696775
BASELINE_EC,Band-Power Envelope Coherence,BetaH,Slow,PO9,P4,0.21347272359156094
BASELINE_EC,Band-Power Envelope Coherence,BetaH,Slow,PO9,CP2,0.31129304462880236
BASELINE_EC,Band-Power Envelope Coherence,BetaH,Slow,PO9,CP6,0.024776105026379166
BASELINE_EC,Band-Power Envelope Coherence,BetaH,Slow,PO9,T8,0.010851001092614835
BASELINE_EC,Band-Power Envelope Coherence,BetaH,Slow,PO9,FT10,0.11751087685001162
BASELINE_EC,Band-Power Envelope Coherence,BetaH,Slow,PO9,FC6,0.0966445616893527
BASELINE_EC,Band-Power Envelope Coherence,BetaH,Slow,PO9,C4,0.11909715364793985
BASELINE_EC,Band-Power Envelope Coherence,BetaH,Slow,PO9,FC2,0.11096144876892852
BASELINE_EC,Band-Power Envelope Coherence,BetaH,Slow,PO9,F4,0.10174531613653329
BASELINE_EC,Band-Power Envelope Coherence,BetaH,Slow,PO9,F8,0.014503490073985124
BASELINE_EC,Band-Power Envelope Coherence,BetaH,Slow,PO9,Fp2,0.01534534192060221
BASELINE_EC,Band-Power Envelope Coherence,BetaH,Slow,O1,Pz,0.6186304818785402
BASELINE_EC,Band-Power Envelope Coherence,BetaH,Slow,O1,Oz,0.7395154230418169
BASELINE_EC,Band-Power Envelope Coherence,BetaH,Slow,O1,O2,0.49502525326417623
BASELINE_EC,Band-Power Envelope Coherence,BetaH,Slow,O1,PO10,0.06397391064835398
BASELINE_EC,Band-Power Envelope Coherence,BetaH,Slow,O1,P8,0.053001983844610384
BASELINE_EC,Band-Power Envelope Coherence,BetaH,Slow,O1,P4,0.49108266737179557
BASELINE_EC,Band-Power Envelope Coherence,BetaH,Slow,O1,CP2,0.5260972065196703
BASELINE_EC,Band-Power Envelope Coherence,BetaH,Slow,O1,CP6,0.031048992139149037
BASELINE_EC,Band-Power Envelope Coherence,BetaH,Slow,O1,T8,0.014788950108886537
BASELINE_EC,Band-Power Envelope Coherence,BetaH,Slow,O1,FT10,0.04750835205397068
BASELINE_EC,Band-Power Envelope Coherence,BetaH,Slow,O1,FC6,0.018315975090682588
BASELINE_EC,Band-Power Envelope Coherence,BetaH,Slow,O1,C4,0.038608684884262987
BASELINE_EC,Band-Power Envelope Coherence,BetaH,Slow,O1,FC2,0.07591570775911166
BASELINE_EC,Band-Power Envelope Coherence,BetaH,Slow,O1,F4,0.032094522988681
BASELINE_EC,Band-Power Envelope Coherence,BetaH,Slow,O1,F8,0.02301766583923521
BASELINE_EC,Band-Power Envelope Coherence,BetaH,Slow,O1,Fp2,0.009088538064349038
BASELINE_EC,Band-Power Envelope Coherence,BetaH,Slow,Pz,Oz,0.8097408369082838
BASELINE_EC,Band-Power Envelope Coherence,BetaH,Slow,Pz,O2,0.573248726758949
BASELINE_EC,Band-Power Envelope Coherence,BetaH,Slow,Pz,PO10,0.09663307261027233
BASELINE_EC,Band-Power Envelope Coherence,BetaH,Slow,Pz,P8,0.10628485020041353
BASELINE_EC,Band-Power Envelope Coherence,BetaH,Slow,Pz,P4,0.8751173544317008
BASELINE_EC,Band-Power Envelope Coherence,BetaH,Slow,Pz,CP2,0.925051345157864
BASELINE_EC,Band-Power Envelope Coherence,BetaH,Slow,Pz,CP6,0.14008987212298835
BASELINE_EC,Band-Power Envelope Coherence,BetaH,Slow,Pz,T8,0.060232904915498105
BASELINE_EC,Band-Power Envelope Coherence,BetaH,Slow,Pz,FT10,0.12487177941835051
BASELINE_EC,Band-Power Envelope Coherence,BetaH,Slow,Pz,FC6,0.12093074843426357
BASELINE_EC,Band-Power Envelope Coherence,BetaH,Slow,Pz,C4,0.24108474147823308
BASELINE_EC,Band-Power Envelope Coherence,BetaH,Slow,Pz,FC2,0.27690563199638485
BASELINE_EC,Band-Power Envelope Coherence,BetaH,Slow,Pz,F4,0.14489536227700028
BASELINE_EC,Band-Power Envelope Coherence,BetaH,Slow,Pz,F8,0.05128686480191294
BASELINE_EC,Band-Power Envelope Coherence,BetaH,Slow,Pz,Fp2,0.03843784610087857
BASELINE_EC,Band-Power Envelope Coherence,BetaH,Slow,Oz,O2,0.7909818162290023
BASELINE_EC,Band-Power Envelope Coherence,BetaH,Slow,Oz,PO10,0.15172923967816676
BASELINE_EC,Band-Power Envelope Coherence,BetaH,Slow,Oz,P8,0.13881808036002907
BASELINE_EC,Band-Power Envelope Coherence,BetaH,Slow,Oz,P4,0.7441264577628158
BASELINE_EC,Band-Power Envelope Coherence,BetaH,Slow,Oz,CP2,0.7208230358571333
BASELINE_EC,Band-Power Envelope Coherence,BetaH,Slow,Oz,CP6,0.079200605421784
BASELINE_EC,Band-Power Envelope Coherence,BetaH,Slow,Oz,T8,0.02733239188175999
BASELINE_EC,Band-Power Envelope Coherence,BetaH,Slow,Oz,FT10,0.07691410535810264
BASELINE_EC,Band-Power Envelope Coherence,BetaH,Slow,Oz,FC6,0.04587025783955427
BASELINE_EC,Band-Power Envelope Coherence,BetaH,Slow,Oz,C4,0.10295167353855995
BASELINE_EC,Band-Power Envelope Coherence,BetaH,Slow,Oz,FC2,0.12228864061995313
BASELINE_EC,Band-Power Envelope Coherence,BetaH,Slow,Oz,F4,0.0628880025042046
BASELINE_EC,Band-Power Envelope Coherence,BetaH,Slow,Oz,F8,0.0273971517793804
BASELINE_EC,Band-Power Envelope Coherence,BetaH,Slow,Oz,Fp2,0.01557780324068793
BASELINE_EC,Band-Power Envelope Coherence,BetaH,Slow,O2,PO10,0.3021696995854939
BASELINE_EC,Band-Power Envelope Coherence,BetaH,Slow,O2,P8,0.32155823080250345
BASELINE_EC,Band-Power Envelope Coherence,BetaH,Slow,O2,P4,0.6954484918971091
BASELINE_EC,Band-Power Envelope Coherence,BetaH,Slow,O2,CP2,0.5678191346217984
BASELINE_EC,Band-Power Envelope Coherence,BetaH,Slow,O2,CP6,0.17940949188254696
BASELINE_EC,Band-Power Envelope Coherence,BetaH,Slow,O2,T8,0.05810377291515808
BASELINE_EC,Band-Power Envelope Coherence,BetaH,Slow,O2,FT10,0.021366983516938935
BASELINE_EC,Band-Power Envelope Coherence,BetaH,Slow,O2,FC6,0.0541945886633916
BASELINE_EC,Band-Power Envelope Coherence,BetaH,Slow,O2,C4,0.13693731830474787
BASELINE_EC,Band-Power Envelope Coherence,BetaH,Slow,O2,FC2,0.11085998324204915
BASELINE_EC,Band-Power Envelope Coherence,BetaH,Slow,O2,F4,0.06100799095754499
BASELINE_EC,Band-Power Envelope Coherence,BetaH,Slow,O2,F8,0.012897399609695239
BASELINE_EC,Band-Power Envelope Coherence,BetaH,Slow,O2,Fp2,0.03776279907095948
BASELINE_EC,Band-Power Envelope Coherence,BetaH,Slow,PO10,P8,0.7496488110323642
BASELINE_EC,Band-Power Envelope Coherence,BetaH,Slow,PO10,P4,0.162094761931703
BASELINE_EC,Band-Power Envelope Coherence,BetaH,Slow,PO10,CP2,0.1088886365782096
BASELINE_EC,Band-Power Envelope Coherence,BetaH,Slow,PO10,CP6,0.19481999416139237
BASELINE_EC,Band-Power Envelope Coherence,BetaH,Slow,PO10,T8,0.08201968614808136
BASELINE_EC,Band-Power Envelope Coherence,BetaH,Slow,PO10,FT10,0.07705395089552634
BASELINE_EC,Band-Power Envelope Coherence,BetaH,Slow,PO10,FC6,0.06357295155211194
BASELINE_EC,Band-Power Envelope Coherence,BetaH,Slow,PO10,C4,0.04518529500496184
BASELINE_EC,Band-Power Envelope Coherence,BetaH,Slow,PO10,FC2,0.027790895285770275
BASELINE_EC,Band-Power Envelope Coherence,BetaH,Slow,PO10,F4,0.02833905643192857
BASELINE_EC,Band-Power Envelope Coherence,BetaH,Slow,PO10,F8,0.05643362287310127
BASELINE_EC,Band-Power Envelope Coherence,BetaH,Slow,PO10,Fp2,0.03286780269539273
BASELINE_EC,Band-Power Envelope Coherence,BetaH,Slow,P8,P4,0.24183915578443008
BASELINE_EC,Band-Power Envelope Coherence,BetaH,Slow,P8,CP2,0.12868275942313934
BASELINE_EC,Band-Power Envelope Coherence,BetaH,Slow,P8,CP6,0.4109129019331679
BASELINE_EC,Band-Power Envelope Coherence,BetaH,Slow,P8,T8,0.1330063912054532
BASELINE_EC,Band-Power Envelope Coherence,BetaH,Slow,P8,FT10,0.07550581145583142
BASELINE_EC,Band-Power Envelope Coherence,BetaH,Slow,P8,FC6,0.04200990594740535
BASELINE_EC,Band-Power Envelope Coherence,BetaH,Slow,P8,C4,0.09426763307103901
BASELINE_EC,Band-Power Envelope Coherence,BetaH,Slow,P8,FC2,0.045837441729203794
BASELINE_EC,Band-Power Envelope Coherence,BetaH,Slow,P8,F4,0.024195923434891384
BASELINE_EC,Band-Power Envelope Coherence,BetaH,Slow,P8,F8,0.03467632669590763
BASELINE_EC,Band-Power Envelope Coherence,BetaH,Slow,P8,Fp2,0.05214007553353358
BASELINE_EC,Band-Power Envelope Coherence,BetaH,Slow,P4,CP2,0.9005548047410934
BASELINE_EC,Band-Power Envelope Coherence,BetaH,Slow,P4,CP6,0.28599740552664227
BASELINE_EC,Band-Power Envelope Coherence,BetaH,Slow,P4,T8,0.10859713490863988
BASELINE_EC,Band-Power Envelope Coherence,BetaH,Slow,P4,FT10,0.08056635045554567
BASELINE_EC,Band-Power Envelope Coherence,BetaH,Slow,P4,FC6,0.16549822463147817
BASELINE_EC,Band-Power Envelope Coherence,BetaH,Slow,P4,C4,0.3538742242916119
BASELINE_EC,Band-Power Envelope Coherence,BetaH,Slow,P4,FC2,0.3306378292627719
BASELINE_EC,Band-Power Envelope Coherence,BetaH,Slow,P4,F4,0.185082488256244
BASELINE_EC,Band-Power Envelope Coherence,BetaH,Slow,P4,F8,0.046655771657106264
BASELINE_EC,Band-Power Envelope Coherence,BetaH,Slow,P4,Fp2,0.059669546201814486
BASELINE_EC,Band-Power Envelope Coherence,BetaH,Slow,CP2,CP6,0.23073256055981856
BASELINE_EC,Band-Power Envelope Coherence,BetaH,Slow,CP2,T8,0.11340145106185567
BASELINE_EC,Band-Power Envelope Coherence,BetaH,Slow,CP2,FT10,0.07428255011064724
BASELINE_EC,Band-Power Envelope Coherence,BetaH,Slow,CP2,FC6,0.21926103088731588
BASELINE_EC,Band-Power Envelope Coherence,BetaH,Slow,CP2,C4,0.3767052064632214
BASELINE_EC,Band-Power Envelope Coherence,BetaH,Slow,CP2,FC2,0.37841901578683707
BASELINE_EC,Band-Power Envelope Coherence,BetaH,Slow,CP2,F4,0.2304992944400204
BASELINE_EC,Band-Power Envelope Coherence,BetaH,Slow,CP2,F8,0.05264702100687854
BASELINE_EC,Band-Power Envelope Coherence,BetaH,Slow,CP2,Fp2,0.0581940878432878
BASELINE_EC,Band-Power Envelope Coherence,BetaH,Slow,CP6,T8,0.6082221590324901
BASELINE_EC,Band-Power Envelope Coherence,BetaH,Slow,CP6,FT10,0.25510201776908253
BASELINE_EC,Band-Power Envelope Coherence,BetaH,Slow,CP6,FC6,0.4045973249569492
BASELINE_EC,Band-Power Envelope Coherence,BetaH,Slow,CP6,C4,0.6101016218285609
BASELINE_EC,Band-Power Envelope Coherence,BetaH,Slow,CP6,FC2,0.3426483227214172
BASELINE_EC,Band-Power Envelope Coherence,BetaH,Slow,CP6,F4,0.30526908461461216
BASELINE_EC,Band-Power Envelope Coherence,BetaH,Slow,CP6,F8,0.22861885663718295
BASELINE_EC,Band-Power Envelope Coherence,BetaH,Slow,CP6,Fp2,0.27104002082539674
BASELINE_EC,Band-Power Envelope Coherence,BetaH,Slow,T8,FT10,0.575958527331876
BASELINE_EC,Band-Power Envelope Coherence,BetaH,Slow,T8,FC6,0.719876406807371
BASELINE_EC,Band-Power Envelope Coherence,BetaH,Slow,T8,C4,0.5133209961890562
BASELINE_EC,Band-Power Envelope Coherence,BetaH,Slow,T8,FC2,0.3639941343179033
BASELINE_EC,Band-Power Envelope Coherence,BetaH,Slow,T8,F4,0.4591960774834953
BASELINE_EC,Band-Power Envelope Coherence,BetaH,Slow,T8,F8,0.6670733392887975
BASELINE_EC,Band-Power Envelope Coherence,BetaH,Slow,T8,Fp2,0.4340071137791473
BASELINE_EC,Band-Power Envelope Coherence,BetaH,Slow,FT10,FC6,0.33019415133012026
BASELINE_EC,Band-Power Envelope Coherence,BetaH,Slow,FT10,C4,0.14362632458729965
BASELINE_EC,Band-Power Envelope Coherence,BetaH,Slow,FT10,FC2,0.14629445549993908
BASELINE_EC,Band-Power Envelope Coherence,BetaH,Slow,FT10,F4,0.18819065146963027
BASELINE_EC,Band-Power Envelope Coherence,BetaH,Slow,FT10,F8,0.6155283701066411
BASELINE_EC,Band-Power Envelope Coherence,BetaH,Slow,FT10,Fp2,0.3467390495639337
BASELINE_EC,Band-Power Envelope Coherence,BetaH,Slow,FC6,C4,0.7188906862861815
BASELINE_EC,Band-Power Envelope Coherence,BetaH,Slow,FC6,FC2,0.7099891985757872
BASELINE_EC,Band-Power Envelope Coherence,BetaH,Slow,FC6,F4,0.7971181765616168
BASELINE_EC,Band-Power Envelope Coherence,BetaH,Slow,FC6,F8,0.6775464198264459
BASELINE_EC,Band-Power Envelope Coherence,BetaH,Slow,FC6,Fp2,0.5160500936757489
BASELINE_EC,Band-Power Envelope Coherence,BetaH,Slow,C4,FC2,0.7609585221079068
BASELINE_EC,Band-Power Envelope Coherence,BetaH,Slow,C4,F4,0.6639101536352486
BASELINE_EC,Band-Power Envelope Coherence,BetaH,Slow,C4,F8,0.30302788812642684
BASELINE_EC,Band-Power Envelope Coherence,BetaH,Slow,C4,Fp2,0.3427119814989166
BASELINE_EC,Band-Power Envelope Coherence,BetaH,Slow,FC2,F4,0.7979025611010413
BASELINE_EC,Band-Power Envelope Coherence,BetaH,Slow,FC2,F8,0.3144550255969895
BASELINE_EC,Band-Power Envelope Coherence,BetaH,Slow,FC2,Fp2,0.38816170839339403
BASELINE_EC,Band-Power Envelope Coherence,BetaH,Slow,F4,F8,0.4689162778704654
BASELINE_EC,Band-Power Envelope Coherence,BetaH,Slow,F4,Fp2,0.5465972900849813
BASELINE_EC,Band-Power Envelope Coherence,BetaH,Slow,F8,Fp2,0.5618475708681309
BASELINE_EC,Band-Power Envelope Coherence,BetaH,Medium,Cz,Fz,0.7797394533674991
BASELINE_EC,Band-Power Envelope Coherence,BetaH,Medium,Cz,Fp1,0.182960978028508
BASELINE_EC,Band-Power Envelope Coherence,BetaH,Medium,Cz,F7,0.3130730095185158
BASELINE_EC,Band-Power Envelope Coherence,BetaH,Medium,Cz,F3,0.627855693185027
BASELINE_EC,Band-Power Envelope Coherence,BetaH,Medium,Cz,FC1,0.8305167304098453
BASELINE_EC,Band-Power Envelope Coherence,BetaH,Medium,Cz,C3,0.6888340638470221
BASELINE_EC,Band-Power Envelope Coherence,BetaH,Medium,Cz,FC5,0.6826607799159248
BASELINE_EC,Band-Power Envelope Coherence,BetaH,Medium,Cz,FT9,0.10203446578495454
BASELINE_EC,Band-Power Envelope Coherence,BetaH,Medium,Cz,T7,0.6255840326869004
BASELINE_EC,Band-Power Envelope Coherence,BetaH,Medium,Cz,CP5,0.47981319148966517
BASELINE_EC,Band-Power Envelope Coherence,BetaH,Medium,Cz,CP1,0.43211888624703004
BASELINE_EC,Band-Power Envelope Coherence,BetaH,Medium,Cz,P3,0.39036101015080377
BASELINE_EC,Band-Power Envelope Coherence,BetaH,Medium,Cz,P7,0.14791876195524012
BASELINE_EC,Band-Power Envelope Coherence,BetaH,Medium,Cz,PO9,0.25653465842772516
BASELINE_EC,Band-Power Envelope Coherence,BetaH,Medium,Cz,O1,0.1380984367354604
BASELINE_EC,Band-Power Envelope Coherence,BetaH,Medium,Cz,Pz,0.3980813102925971
BASELINE_EC,Band-Power Envelope Coherence,BetaH,Medium,Cz,Oz,0.20140944965409707
BASELINE_EC,Band-Power Envelope Coherence,BetaH,Medium,Cz,O2,0.11146719742994654
BASELINE_EC,Band-Power Envelope Coherence,BetaH,Medium,Cz,PO10,0.02392527563911256
BASELINE_EC,Band-Power Envelope Coherence,BetaH,Medium,Cz,P8,0.018425514836566174
BASELINE_EC,Band-Power Envelope Coherence,BetaH,Medium,Cz,P4,0.3819048846694431
BASELINE_EC,Band-Power Envelope Coherence,BetaH,Medium,Cz,CP2,0.4605485183641146
BASELINE_EC,Band-Power Envelope Coherence,BetaH,Medium,Cz,CP6,0.13816864602933757
BASELINE_EC,Band-Power Envelope Coherence,BetaH,Medium,Cz,T8,0.14747075415240515
BASELINE_EC,Band-Power Envelope Coherence,BetaH,Medium,Cz,FT10,0.10701469032445057
BASELINE_EC,Band-Power Envelope Coherence,BetaH,Medium,Cz,FC6,0.43096149838894404
BASELINE_EC,Band-Power Envelope Coherence,BetaH,Medium,Cz,C4,0.49373474950935226
BASELINE_EC,Band-Power Envelope Coherence,BetaH,Medium,Cz,FC2,0.7131977461618422
BASELINE_EC,Band-Power Envelope Coherence,BetaH,Medium,Cz,F4,0.5023169280377386
BASELINE_EC,Band-Power Envelope Coherence,BetaH,Medium,Cz,F8,0.14536271747297208
BASELINE_EC,Band-Power Envelope Coherence,BetaH,Medium,Cz,Fp2,0.17786872361167538
BASELINE_EC,Band-Power Envelope Coherence,BetaH,Medium,Fz,Fp1,0.39213862594900006
BASELINE_EC,Band-Power Envelope Coherence,BetaH,Medium,Fz,F7,0.46770061028050586
BASELINE_EC,Band-Power Envelope Coherence,BetaH,Medium,Fz,F3,0.8269667456292968
BASELINE_EC,Band-Power Envelope Coherence,BetaH,Medium,Fz,FC1,0.8532064094262037
BASELINE_EC,Band-Power Envelope Coherence,BetaH,Medium,Fz,C3,0.6078745359305141
BASELINE_EC,Band-Power Envelope Coherence,BetaH,Medium,Fz,FC5,0.7194011718796048
BASELINE_EC,Band-Power Envelope Coherence,BetaH,Medium,Fz,FT9,0.18162313385310508
BASELINE_EC,Band-Power Envelope Coherence,BetaH,Medium,Fz,T7,0.5989727868501301
BASELINE_EC,Band-Power Envelope Coherence,BetaH,Medium,Fz,CP5,0.39502568952982775
BASELINE_EC,Band-Power Envelope Coherence,BetaH,Medium,Fz,CP1,0.3403409930757794
BASELINE_EC,Band-Power Envelope Coherence,BetaH,Medium,Fz,P3,0.28448630607798175
BASELINE_EC,Band-Power Envelope Coherence,BetaH,Medium,Fz,P7,0.11902636216604545
BASELINE_EC,Band-Power Envelope Coherence,BetaH,Medium,Fz,PO9,0.22385564615393988
BASELINE_EC,Band-Power Envelope Coherence,BetaH,Medium,Fz,O1,0.09080975015328258
BASELINE_EC,Band-Power Envelope Coherence,BetaH,Medium,Fz,Pz,0.30657455659559
BASELINE_EC,Band-Power Envelope Coherence,BetaH,Medium,Fz,Oz,0.15003080815433228
BASELINE_EC,Band-Power Envelope Coherence,BetaH,Medium,Fz,O2,0.09485661629887106
BASELINE_EC,Band-Power Envelope Coherence,BetaH,Medium,Fz,PO10,0.02975982292466651
BASELINE_EC,Band-Power Envelope Coherence,BetaH,Medium,Fz,P8,0.022619924809077152
BASELINE_EC,Band-Power Envelope Coherence,BetaH,Medium,Fz,P4,0.30832074268708165
BASELINE_EC,Band-Power Envelope Coherence,BetaH,Medium,Fz,CP2,0.3838352015402088
BASELINE_EC,Band-Power Envelope Coherence,BetaH,Medium,Fz,CP6,0.20610006488633195
BASELINE_EC,Band-Power Envelope Coherence,BetaH,Medium,Fz,T8,0.28431095915262683
BASELINE_EC,Band-Power Envelope Coherence,BetaH,Medium,Fz,FT10,0.14192250848709326
BASELINE_EC,Band-Power Envelope Coherence,BetaH,Medium,Fz,FC6,0.6580073580874558
BASELINE_EC,Band-Power Envelope Coherence,BetaH,Medium,Fz,C4,0.6124644783946512
BASELINE_EC,Band-Power Envelope Coherence,BetaH,Medium,Fz,FC2,0.8513204570614565
BASELINE_EC,Band-Power Envelope Coherence,BetaH,Medium,Fz,F4,0.7724747142942746
BASELINE_EC,Band-Power Envelope Coherence,BetaH,Medium,Fz,F8,0.29138298633000786
BASELINE_EC,Band-Power Envelope Coherence,BetaH,Medium,Fz,Fp2,0.40949026223618423
BASELINE_EC,Band-Power Envelope Coherence,BetaH,Medium,Fp1,F7,0.6362560749264944
BASELINE_EC,Band-Power Envelope Coherence,BetaH,Medium,Fp1,F3,0.5424300450631202
BASELINE_EC,Band-Power Envelope Coherence,BetaH,Medium,Fp1,FC1,0.291098366116437
BASELINE_EC,Band-Power Envelope Coherence,BetaH,Medium,Fp1,C3,0.1340311226919154
BASELINE_EC,Band-Power Envelope Coherence,BetaH,Medium,Fp1,FC5,0.3207078458783631
BASELINE_EC,Band-Power Envelope Coherence,BetaH,Medium,Fp1,FT9,0.4130533202028742
BASELINE_EC,Band-Power Envelope Coherence,BetaH,Medium,Fp1,T7,0.21911293391637252
BASELINE_EC,Band-Power Envelope Coherence,BetaH,Medium,Fp1,CP5,0.06384321857991421
BASELINE_EC,Band-Power Envelope Coherence,BetaH,Medium,Fp1,CP1,0.05525070333827967
BASELINE_EC,Band-Power Envelope Coherence,BetaH,Medium,Fp1,P3,0.03173866682762186
BASELINE_EC,Band-Power Envelope Coherence,BetaH,Medium,Fp1,P7,0.030582775424510694
BASELINE_EC,Band-Power Envelope Coherence,BetaH,Medium,Fp1,PO9,0.017921173449638506
BASELINE_EC,Band-Power Envelope Coherence,BetaH,Medium,Fp1,O1,0.013523467547031225
BASELINE_EC,Band-Power Envelope Coherence,BetaH,Medium,Fp1,Pz,0.05327510365982516
BASELINE_EC,Band-Power Envelope Coherence,BetaH,Medium,Fp1,Oz,0.026549739173712224
BASELINE_EC,Band-Power Envelope Coherence,BetaH,Medium,Fp1,O2,0.043615504154334794
BASELINE_EC,Band-Power Envelope Coherence,BetaH,Medium,Fp1,PO10,0.09540190477709695
BASELINE_EC,Band-Power Envelope Coherence,BetaH,Medium,Fp1,P8,0.1070130033595422
BASELINE_EC,Band-Power Envelope Coherence,BetaH,Medium,Fp1,P4,0.08166994648129978
BASELINE_EC,Band-Power Envelope Coherence,BetaH,Medium,Fp1,CP2,0.06373009572010845
BASELINE_EC,Band-Power Envelope Coherence,BetaH,Medium,Fp1,CP6,0.1797361970132565
BASELINE_EC,Band-Power Envelope Coherence,BetaH,Medium,Fp1,T8,0.20949189389933304
BASELINE_EC,Band-Power Envelope Coherence,BetaH,Medium,Fp1,FT10,0.183893802169958
BASELINE_EC,Band-Power Envelope Coherence,BetaH,Medium,Fp1,FC6,0.3237507372390681
BASELINE_EC,Band-Power Envelope Coherence,BetaH,Medium,Fp1,C4,0.23444445604950698
BASELINE_EC,Band-Power Envelope Coherence,BetaH,Medium,Fp1,FC2,0.34321539315054667
BASELINE_EC,Band-Power Envelope Coherence,BetaH,Medium,Fp1,F4,0.3790084213336644
BASELINE_EC,Band-Power Envelope Coherence,BetaH,Medium,Fp1,F8,0.25938628024519683
BASELINE_EC,Band-Power Envelope Coherence,BetaH,Medium,Fp1,Fp2,0.5943232429067511
BASELINE_EC,Band-Power Envelope Coherence,BetaH,Medium,F7,F3,0.6827614522370659
BASELINE_EC,Band-Power Envelope Coherence,BetaH,Medium,F7,FC1,0.4472670244621001
BASELINE_EC,Band-Power Envelope Coherence,BetaH,Medium,F7,C3,0.29517496244096136
BASELINE_EC,Band-Power Envelope Coherence,BetaH,Medium,F7,FC5,0.5963600235094593
BASELINE_EC,Band-Power Envelope Coherence,BetaH,Medium,F7,FT9,0.45116204778704533
BASELINE_EC,Band-Power Envelope Coherence,BetaH,Medium,F7,T7,0.4385385786851365
BASELINE_EC,Band-Power Envelope Coherence,BetaH,Medium,F7,CP5,0.17006402904543624
BASELINE_EC,Band-Power Envelope Coherence,BetaH,Medium,F7,CP1,0.1790912478642632
BASELINE_EC,Band-Power Envelope Coherence,BetaH,Medium,F7,P3,0.12424898238013266
BASELINE_EC,Band-Power Envelope Coherence,BetaH,Medium,F7,P7,0.0882661599600049
BASELINE_EC,Band-Power Envelope Coherence,BetaH,Medium,F7,PO9,0.024516174782132277
BASELINE_EC,Band-Power Envelope Coherence,BetaH,Medium,F7,O1,0.08620455582939504
BASELINE_EC,Band-Power Envelope Coherence,BetaH,Medium,F7,Pz,0.17442236337060812
BASELINE_EC,Band-Power Envelope Coherence,BetaH,Medium,F7,Oz,0.1293662999446139
BASELINE_EC,Band-Power Envelope Coherence,BetaH,Medium,F7,O2,0.121198093956699
BASELINE_EC,Band-Power Envelope Coherence,BetaH,Medium,F7,PO10,0.048179577930000134
BASELINE_EC,Band-Power Envelope Coherence,BetaH,Medium,F7,P8,0.07028955677070163
BASELINE_EC,Band-Power Envelope Coherence,BetaH,Medium,F7,P4,0.21271038378189208
BASELINE_EC,Band-Power Envelope Coherence,BetaH,Medium,F7,CP2,0.17691959747263916
BASELINE_EC,Band-Power Envelope Coherence,BetaH,Medium,F7,CP6,0.11263862575230518
BASELINE_EC,Band-Power Envelope Coherence,BetaH,Medium,F7,T8,0.15687572884011208
BASELINE_EC,Band-Power Envelope Coherence,BetaH,Medium,F7,FT10,0.10605861345420776
BASELINE_EC,Band-Power Envelope Coherence,BetaH,Medium,F7,FC6,0.30685877170813053
BASELINE_EC,Band-Power Envelope Coherence,BetaH,Medium,F7,C4,0.24447473129955588
BASELINE_EC,Band-Power Envelope Coherence,BetaH,Medium,F7,FC2,0.4206479168495945
BASELINE_EC,Band-Power Envelope Coherence,BetaH,Medium,F7,F4,0.3709316452107406
BASELINE_EC,Band-Power Envelope Coherence,BetaH,Medium,F7,F8,0.17324786176110718
BASELINE_EC,Band-Power Envelope Coherence,BetaH,Medium,F7,Fp2,0.34558641392417966
BASELINE_EC,Band-Power Envelope Coherence,BetaH,Medium,F3,FC1,0.7535712452233304
BASELINE_EC,Band-Power Envelope Coherence,BetaH,Medium,F3,C3,0.5491135866962192
BASELINE_EC,Band-Power Envelope Coherence,BetaH,Medium,F3,FC5,0.7767220539382671
BASELINE_EC,Band-Power Envelope Coherence,BetaH,Medium,F3,FT9,0.23598809486892833
BASELINE_EC,Band-Power Envelope Coherence,BetaH,Medium,F3,T7,0.6118086948170081
BASELINE_EC,Band-Power Envelope Coherence,BetaH,Medium,F3,CP5,0.36590192571069924
BASELINE_EC,Band-Power Envelope Coherence,BetaH,Medium,F3,CP1,0.30230985791286125
BASELINE_EC,Band-Power Envelope Coherence,BetaH,Medium,F3,P3,0.2580001827855715
BASELINE_EC,Band-Power Envelope Coherence,BetaH,Medium,F3,P7,0.15951356053571097
BASELINE_EC,Band-Power Envelope Coherence,BetaH,Medium,F3,PO9,0.14505794070538583
BASELINE_EC,Band-Power Envelope Coherence,BetaH,Medium,F3,O1,0.11513805114181953
BASELINE_EC,Band-Power Envelope Coherence,BetaH,Medium,F3,Pz,0.29183338979787
BASELINE_EC,Band-Power Envelope Coherence,BetaH,Medium,F3,Oz,0.16646844242932377
BASELINE_EC,Band-Power Envelope Coherence,BetaH,Medium,F3,O2,0.09894193681748889
BASELINE_EC,Band-Power Envelope Coherence,BetaH,Medium,F3,PO10,0.011015810218568983
BASELINE_EC,Band-Power Envelope Coherence,BetaH,Medium,F3,P8,0.03146938973159861
BASELINE_EC,Band-Power Envelope Coherence,BetaH,Medium,F3,P4,0.2825084374851223
BASELINE_EC,Band-Power Envelope Coherence,BetaH,Medium,F3,CP2,0.30795744042705225
BASELINE_EC,Band-Power Envelope Coherence,BetaH,Medium,F3,CP6,0.11611123822903144
BASELINE_EC,Band-Power Envelope Coherence,BetaH,Medium,F3,T8,0.15700334636297256
BASELINE_EC,Band-Power Envelope Coherence,BetaH,Medium,F3,FT10,0.13406723686776684
BASELINE_EC,Band-Power Envelope Coherence,BetaH,Medium,F3,FC6,0.42577435097111244
BASELINE_EC,Band-Power Envelope Coherence,BetaH,Medium,F3,C4,0.38889810799482616
BASELINE_EC,Band-Power Envelope Coherence,BetaH,Medium,F3,FC2,0.652017130797318
BASELINE_EC,Band-Power Envelope Coherence,BetaH,Medium,F3,F4,0.5643051195358204
BASELINE_EC,Band-Power Envelope Coherence,BetaH,Medium,F3,F8,0.19528020574946667
BASELINE_EC,Band-Power Envelope Coherence,BetaH,Medium,F3,Fp2,0.3700859548013291
BASELINE_EC,Band-Power Envelope Coherence,BetaH,Medium,FC1,C3,0.8121372310630204
BASELINE_EC,Band-Power Envelope Coherence,BetaH,Medium,FC1,FC5,0.831042248071393
BASELINE_EC,Band-Power Envelope Coherence,BetaH,Medium,FC1,FT9,0.1607975419011896
BASELINE_EC,Band-Power Envelope Coherence,BetaH,Medium,FC1,T7,0.7911827195502298
BASELINE_EC,Band-Power Envelope Coherence,BetaH,Medium,FC1,CP5,0.5812412395212005
BASELINE_EC,Band-Power Envelope Coherence,BetaH,Medium,FC1,CP1,0.5112093567782316
BASELINE_EC,Band-Power Envelope Coherence,BetaH,Medium,FC1,P3,0.4487469864665475
BASELINE_EC,Band-Power Envelope Coherence,BetaH,Medium,FC1,P7,0.16197639279819237
BASELINE_EC,Band-Power Envelope Coherence,BetaH,Medium,FC1,PO9,0.2334928588381603
BASELINE_EC,Band-Power Envelope Coherence,BetaH,Medium,FC1,O1,0.1617985824045906
BASELINE_EC,Band-Power Envelope Coherence,BetaH,Medium,FC1,Pz,0.47847891081774424
BASELINE_EC,Band-Power Envelope Coherence,BetaH,Medium,FC1,Oz,0.24093823170918593
BASELINE_EC,Band-Power Envelope Coherence,BetaH,Medium,FC1,O2,0.13927329532788474
BASELINE_EC,Band-Power Envelope Coherence,BetaH,Medium,FC1,PO10,0.02810576120215991
BASELINE_EC,Band-Power Envelope Coherence,BetaH,Medium,FC1,P8,0.027013439033974816
BASELINE_EC,Band-Power Envelope Coherence,BetaH,Medium,FC1,P4,0.4443840650468152
BASELINE_EC,Band-Power Envelope Coherence,BetaH,Medium,FC1,CP2,0.5272242215149683
BASELINE_EC,Band-Power Envelope Coherence,BetaH,Medium,FC1,CP6,0.16796675418727497
BASELINE_EC,Band-Power Envelope Coherence,BetaH,Medium,FC1,T8,0.19818118718084493
BASELINE_EC,Band-Power Envelope Coherence,BetaH,Medium,FC1,FT10,0.14416124919349965
BASELINE_EC,Band-Power Envelope Coherence,BetaH,Medium,FC1,FC6,0.500457064955427
BASELINE_EC,Band-Power Envelope Coherence,BetaH,Medium,FC1,C4,0.527369569813495
BASELINE_EC,Band-Power Envelope Coherence,BetaH,Medium,FC1,FC2,0.7626370396832176
BASELINE_EC,Band-Power Envelope Coherence,BetaH,Medium,FC1,F4,0.5718776354316454
BASELINE_EC,Band-Power Envelope Coherence,BetaH,Medium,FC1,F8,0.19450696733535677
BASELINE_EC,Band-Power Envelope Coherence,BetaH,Medium,FC1,Fp2,0.2450986464764046
BASELINE_EC,Band-Power Envelope Coherence,BetaH,Medium,C3,FC5,0.7438379208968917
BASELINE_EC,Band-Power Envelope Coherence,BetaH,Medium,C3,FT9,0.10639573954030308
BASELINE_EC,Band-Power Envelope Coherence,BetaH,Medium,C3,T7,0.7911358710945069
BASELINE_EC,Band-Power Envelope Coherence,BetaH,Medium,C3,CP5,0.7581701686792709
BASELINE_EC,Band-Power Envelope Coherence,BetaH,Medium,C3,CP1,0.6112961849009246
BASELINE_EC,Band-Power Envelope Coherence,BetaH,Medium,C3,P3,0.5998179490784343
BASELINE_EC,Band-Power Envelope Coherence,BetaH,Medium,C3,P7,0.1967308605910027
BASELINE_EC,Band-Power Envelope Coherence,BetaH,Medium,C3,PO9,0.2883011173935811
BASELINE_EC,Band-Power Envelope Coherence,BetaH,Medium,C3,O1,0.23736363188954746
BASELINE_EC,Band-Power Envelope Coherence,BetaH,Medium,C3,Pz,0.582393087019947
BASELINE_EC,Band-Power Envelope Coherence,BetaH,Medium,C3,Oz,0.32733211910811544
BASELINE_EC,Band-Power Envelope Coherence,BetaH,Medium,C3,O2,0.18319194331851968
BASELINE_EC,Band-Power Envelope Coherence,BetaH,Medium,C3,PO10,0.02997552290963716
BASELINE_EC,Band-Power Envelope Coherence,BetaH,Medium,C3,P8,0.02236205548996361
BASELINE_EC,Band-Power Envelope Coherence,BetaH,Medium,C3,P4,0.49069404069501826
BASELINE_EC,Band-Power Envelope Coherence,BetaH,Medium,C3,CP2,0.5999070290461345
BASELINE_EC,Band-Power Envelope Coherence,BetaH,Medium,C3,CP6,0.10115093300042421
BASELINE_EC,Band-Power Envelope Coherence,BetaH,Medium,C3,T8,0.09242606361488787
BASELINE_EC,Band-Power Envelope Coherence,BetaH,Medium,C3,FT10,0.13154363151985174
BASELINE_EC,Band-Power Envelope Coherence,BetaH,Medium,C3,FC6,0.26731426734027897
BASELINE_EC,Band-Power Envelope Coherence,BetaH,Medium,C3,C4,0.3499853977556896
BASELINE_EC,Band-Power Envelope Coherence,BetaH,Medium,C3,FC2,0.5237224299701035
BASELINE_EC,Band-Power Envelope Coherence,BetaH,Medium,C3,F4,0.3262772349203822
BASELINE_EC,Band-Power Envelope Coherence,BetaH,Medium,C3,F8,0.09492877515408432
BASELINE_EC,Band-Power Envelope Coherence,BetaH,Medium,C3,Fp2,0.11003768849882198
BASELINE_EC,Band-Power Envelope Coherence,BetaH,Medium,FC5,FT9,0.22934776349869657
BASELINE_EC,Band-Power Envelope Coherence,BetaH,Medium,FC5,T7,0.8547588459018134
BASELINE_EC,Band-Power Envelope Coherence,BetaH,Medium,FC5,CP5,0.5591718050443817
BASELINE_EC,Band-Power Envelope Coherence,BetaH,Medium,FC5,CP1,0.4025549524042817
BASELINE_EC,Band-Power Envelope Coherence,BetaH,Medium,FC5,P3,0.3684508860522907
BASELINE_EC,Band-Power Envelope Coherence,BetaH,Medium,FC5,P7,0.1457761785898372
BASELINE_EC,Band-Power Envelope Coherence,BetaH,Medium,FC5,PO9,0.15965001953888305
BASELINE_EC,Band-Power Envelope Coherence,BetaH,Medium,FC5,O1,0.14885505795585385
BASELINE_EC,Band-Power Envelope Coherence,BetaH,Medium,FC5,Pz,0.3763246122535204
BASELINE_EC,Band-Power Envelope Coherence,BetaH,Medium,FC5,Oz,0.2185366839284341
BASELINE_EC,Band-Power Envelope Coherence,BetaH,Medium,FC5,O2,0.12289064735464283
BASELINE_EC,Band-Power Envelope Coherence,BetaH,Medium,FC5,PO10,0.013520410199189724
BASELINE_EC,Band-Power Envelope Coherence,BetaH,Medium,FC5,P8,0.022892467978031933
BASELINE_EC,Band-Power Envelope Coherence,BetaH,Medium,FC5,P4,0.34810168204866565
BASELINE_EC,Band-Power Envelope Coherence,BetaH,Medium,FC5,CP2,0.38575083926620535
BASELINE_EC,Band-Power Envelope Coherence,BetaH,Medium,FC5,CP6,0.0921758498388478
BASELINE_EC,Band-Power Envelope Coherence,BetaH,Medium,FC5,T8,0.12448308130220741
BASELINE_EC,Band-Power Envelope Coherence,BetaH,Medium,FC5,FT10,0.1247774234447593
BASELINE_EC,Band-Power Envelope Coherence,BetaH,Medium,FC5,FC6,0.3446591221206596
BASELINE_EC,Band-Power Envelope Coherence,BetaH,Medium,FC5,C4,0.34169304342958384
BASELINE_EC,Band-Power Envelope Coherence,BetaH,Medium,FC5,FC2,0.5955313602238788
BASELINE_EC,Band-Power Envelope Coherence,BetaH,Medium,FC5,F4,0.4309903568163499
BASELINE_EC,Band-Power Envelope Coherence,BetaH,Medium,FC5,F8,0.1419344486044326
BASELINE_EC,Band-Power Envelope Coherence,BetaH,Medium,FC5,Fp2,0.206029886115573
BASELINE_EC,Band-Power Envelope Coherence,BetaH,Medium,FT9,T7,0.18874631490687627
BASELINE_EC,Band-Power Envelope Coherence,BetaH,Medium,FT9,CP5,0.05723019154968178
BASELINE_EC,Band-Power Envelope Coherence,BetaH,Medium,FT9,CP1,0.030795501954202532
BASELINE_EC,Band-Power Envelope Coherence,BetaH,Medium,FT9,P3,0.03172166450061027
BASELINE_EC,Band-Power Envelope Coherence,BetaH,Medium,FT9,P7,0.00775554872200241
BASELINE_EC,Band-Power Envelope Coherence,BetaH,Medium,FT9,PO9,0.1292217662587415
BASELINE_EC,Band-Power Envelope Coherence,BetaH,Medium,FT9,O1,0.006866461977365465
BASELINE_EC,Band-Power Envelope Coherence,BetaH,Medium,FT9,Pz,0.02709318715153923
BASELINE_EC,Band-Power Envelope Coherence,BetaH,Medium,FT9,Oz,0.010097348094186602
BASELINE_EC,Band-Power Envelope Coherence,BetaH,Medium,FT9,O2,0.015264565338938448
BASELINE_EC,Band-Power Envelope Coherence,BetaH,Medium,FT9,PO10,0.1874821900904487
BASELINE_EC,Band-Power Envelope Coherence,BetaH,Medium,FT9,P8,0.10980592432299108
BASELINE_EC,Band-Power Envelope Coherence,BetaH,Medium,FT9,P4,0.03277670036299908
BASELINE_EC,Band-Power Envelope Coherence,BetaH,Medium,FT9,CP2,0.03882271991390369
BASELINE_EC,Band-Power Envelope Coherence,BetaH,Medium,FT9,CP6,0.06520471911288224
BASELINE_EC,Band-Power Envelope Coherence,BetaH,Medium,FT9,T8,0.11043367312645701
BASELINE_EC,Band-Power Envelope Coherence,BetaH,Medium,FT9,FT10,0.1952933639781161
BASELINE_EC,Band-Power Envelope Coherence,BetaH,Medium,FT9,FC6,0.15127411506345162
BASELINE_EC,Band-Power Envelope Coherence,BetaH,Medium,FT9,C4,0.08870088136889623
BASELINE_EC,Band-Power Envelope Coherence,BetaH,Medium,FT9,FC2,0.1727879433651442
BASELINE_EC,Band-Power Envelope Coherence,BetaH,Medium,FT9,F4,0.15323682628933072
BASELINE_EC,Band-Power Envelope Coherence,BetaH,Medium,FT9,F8,0.1640488589047379
BASELINE_EC,Band-Power Envelope Coherence,BetaH,Medium,FT9,Fp2,0.2567344776601941
BASELINE_EC,Band-Power Envelope Coherence,BetaH,Medium,T7,CP5,0.6759189705758996
BASELINE_EC,Band-Power Envelope Coherence,BetaH,Medium,T7,CP1,0.5011162989955606
BASELINE_EC,Band-Power Envelope Coherence,BetaH,Medium,T7,P3,0.4734281433778329
BASELINE_EC,Band-Power Envelope Coherence,BetaH,Medium,T7,P7,0.19777290553522311
BASELINE_EC,Band-Power Envelope Coherence,BetaH,Medium,T7,PO9,0.19403714661753066
BASELINE_EC,Band-Power Envelope Coherence,BetaH,Medium,T7,O1,0.18996088057439212
BASELINE_EC,Band-Power Envelope Coherence,BetaH,Medium,T7,Pz,0.478669672587206
BASELINE_EC,Band-Power Envelope Coherence,BetaH,Medium,T7,Oz,0.2803963173800493
BASELINE_EC,Band-Power Envelope Coherence,BetaH,Medium,T7,O2,0.15190846275307104
BASELINE_EC,Band-Power Envelope Coherence,BetaH,Medium,T7,PO10,0.01372916226336095
BASELINE_EC,Band-Power Envelope Coherence,BetaH,Medium,T7,P8,0.022096611633895355
BASELINE_EC,Band-Power Envelope Coherence,BetaH,Medium,T7,P4,0.4298018918814219
BASELINE_EC,Band-Power Envelope Coherence,BetaH,Medium,T7,CP2,0.4635120390095855
BASELINE_EC,Band-Power Envelope Coherence,BetaH,Medium,T7,CP6,0.08338114788859295
BASELINE_EC,Band-Power Envelope Coherence,BetaH,Medium,T7,T8,0.09522454358426477
BASELINE_EC,Band-Power Envelope Coherence,BetaH,Medium,T7,FT10,0.15710613880884194
BASELINE_EC,Band-Power Envelope Coherence,BetaH,Medium,T7,FC6,0.2557305824367029
BASELINE_EC,Band-Power Envelope Coherence,BetaH,Medium,T7,C4,0.2960932615199106
BASELINE_EC,Band-Power Envelope Coherence,BetaH,Medium,T7,FC2,0.49317855134276756
BASELINE_EC,Band-Power Envelope Coherence,BetaH,Medium,T7,F4,0.32864126876524313
BASELINE_EC,Band-Power Envelope Coherence,BetaH,Medium,T7,F8,0.120278843885745
BASELINE_EC,Band-Power Envelope Coherence,BetaH,Medium,T7,Fp2,0.14451423861779322
BASELINE_EC,Band-Power Envelope Coherence,BetaH,Medium,CP5,CP1,0.5407193874532579
BASELINE_EC,Band-Power Envelope Coherence,BetaH,Medium,CP5,P3,0.6201682863099224
BASELINE_EC,Band-Power Envelope Coherence,BetaH,Medium,CP5,P7,0.24331308076319821
BASELINE_EC,Band-Power Envelope Coherence,BetaH,Medium,CP5,PO9,0.23341675386613564
BASELINE_EC,Band-Power Envelope Coherence,BetaH,Medium,CP5,O1,0.22162831031429156
BASELINE_EC,Band-Power Envelope Coherence,BetaH,Medium,CP5,Pz,0.5192854211115852
BASELINE_EC,Band-Power Envelope Coherence,BetaH,Medium,CP5,Oz,0.2909851135069125
BASELINE_EC,Band-Power Envelope Coherence,BetaH,Medium,CP5,O2,0.16811060606709594
BASELINE_EC,Band-Power Envelope Coherence,BetaH,Medium,CP5,PO10,0.016190502057134553
BASELINE_EC,Band-Power Envelope Coherence,BetaH,Medium,CP5,P8,0.01788966909414083
BASELINE_EC,Band-Power Envelope Coherence,BetaH,Medium,CP5,P4,0.41462539214828203
BASELINE_EC,Band-Power Envelope Coherence,BetaH,Medium,CP5,CP2,0.5205531127192063
BASELINE_EC,Band-Power Envelope Coherence,BetaH,Medium,CP5,CP6,0.05899095501473692
BASELINE_EC,Band-Power Envelope Coherence,BetaH,Medium,CP5,T8,0.03957374272968635
BASELINE_EC,Band-Power Envelope Coherence,BetaH,Medium,CP5,FT10,0.08557308250351753
BASELINE_EC,Band-Power Envelope Coherence,BetaH,Medium,CP5,FC6,0.13027102581855166
BASELINE_EC,Band-Power Envelope Coherence,BetaH,Medium,CP5,C4,0.20727207730704078
BASELINE_EC,Band-Power Envelope Coherence,BetaH,Medium,CP5,FC2,0.31265703800510863
BASELINE_EC,Band-Power Envelope Coherence,BetaH,Medium,CP5,F4,0.18363039170519102
BASELINE_EC,Band-Power Envelope Coherence,BetaH,Medium,CP5,F8,0.04381649344744877
BASELINE_EC,Band-Power Envelope Coherence,BetaH,Medium,CP5,Fp2,0.049142352596927286
BASELINE_EC,Band-Power Envelope Coherence,BetaH,Medium,CP1,P3,0.8928119362855542
BASELINE_EC,Band-Power Envelope Coherence,BetaH,Medium,CP1,P7,0.31510896739064476
BASELINE_EC,Band-Power Envelope Coherence,BetaH,Medium,CP1,PO9,0.30740829827979255
BASELINE_EC,Band-Power Envelope Coherence,BetaH,Medium,CP1,O1,0.563887184245858
BASELINE_EC,Band-Power Envelope Coherence,BetaH,Medium,CP1,Pz,0.9505316027741626
BASELINE_EC,Band-Power Envelope Coherence,BetaH,Medium,CP1,Oz,0.771805305108036
BASELINE_EC,Band-Power Envelope Coherence,BetaH,Medium,CP1,O2,0.5553901086904652
BASELINE_EC,Band-Power Envelope Coherence,BetaH,Medium,CP1,PO10,0.09607071722031435
BASELINE_EC,Band-Power Envelope Coherence,BetaH,Medium,CP1,P8,0.10183060108567299
BASELINE_EC,Band-Power Envelope Coherence,BetaH,Medium,CP1,P4,0.8649738227261713
BASELINE_EC,Band-Power Envelope Coherence,BetaH,Medium,CP1,CP2,0.9216010886147312
BASELINE_EC,Band-Power Envelope Coherence,BetaH,Medium,CP1,CP6,0.15548153643505547
BASELINE_EC,Band-Power Envelope Coherence,BetaH,Medium,CP1,T8,0.07354527682669362
BASELINE_EC,Band-Power Envelope Coherence,BetaH,Medium,CP1,FT10,0.10746701193763078
BASELINE_EC,Band-Power Envelope Coherence,BetaH,Medium,CP1,FC6,0.15450871356824902
BASELINE_EC,Band-Power Envelope Coherence,BetaH,Medium,CP1,C4,0.2735074114594736
BASELINE_EC,Band-Power Envelope Coherence,BetaH,Medium,CP1,FC2,0.29524776319042656
BASELINE_EC,Band-Power Envelope Coherence,BetaH,Medium,CP1,F4,0.16800615543495306
BASELINE_EC,Band-Power Envelope Coherence,BetaH,Medium,CP1,F8,0.0497618454600135
BASELINE_EC,Band-Power Envelope Coherence,BetaH,Medium,CP1,Fp2,0.04448018634639175
BASELINE_EC,Band-Power Envelope Coherence,BetaH,Medium,P3,P7,0.36095119946757526
BASELINE_EC,Band-Power Envelope Coherence,BetaH,Medium,P3,PO9,0.28515351996581606
BASELINE_EC,Band-Power Envelope Coherence,BetaH,Medium,P3,O1,0.5946631632518045
BASELINE_EC,Band-Power Envelope Coherence,BetaH,Medium,P3,Pz,0.9047922514729676
BASELINE_EC,Band-Power Envelope Coherence,BetaH,Medium,P3,Oz,0.723177511667558
BASELINE_EC,Band-Power Envelope Coherence,BetaH,Medium,P3,O2,0.46002315158948054
BASELINE_EC,Band-Power Envelope Coherence,BetaH,Medium,P3,PO10,0.05786778217050856
BASELINE_EC,Band-Power Envelope Coherence,BetaH,Medium,P3,P8,0.05717155602067771
BASELINE_EC,Band-Power Envelope Coherence,BetaH,Medium,P3,P4,0.7375778077932952
BASELINE_EC,Band-Power Envelope Coherence,BetaH,Medium,P3,CP2,0.8389639062580326
BASELINE_EC,Band-Power Envelope Coherence,BetaH,Medium,P3,CP6,0.08565735763668592
BASELINE_EC,Band-Power Envelope Coherence,BetaH,Medium,P3,T8,0.041153045849532395
BASELINE_EC,Band-Power Envelope Coherence,BetaH,Medium,P3,FT10,0.11352412430025415
BASELINE_EC,Band-Power Envelope Coherence,BetaH,Medium,P3,FC6,0.0914708770565612
BASELINE_EC,Band-Power Envelope Coherence,BetaH,Medium,P3,C4,0.17574350790344612
BASELINE_EC,Band-Power Envelope Coherence,BetaH,Medium,P3,FC2,0.21867330693343356
BASELINE_EC,Band-Power Envelope Coherence,BetaH,Medium,P3,F4,0.11458022177223849
BASELINE_EC,Band-Power Envelope Coherence,BetaH,Medium,P3,F8,0.04468197809831258
BASELINE_EC,Band-Power Envelope Coherence,BetaH,Medium,P3,Fp2,0.031934705912091375
BASELINE_EC,Band-Power Envelope Coherence,BetaH,Medium,P7,PO9,0.0769657638819093
BASELINE_EC,Band-Power Envelope Coherence,BetaH,Medium,P7,O1,0.35045234976623985
BASELINE_EC,Band-Power Envelope Coherence,BetaH,Medium,P7,Pz,0.3472256408017608
BASELINE_EC,Band-Power Envelope Coherence,BetaH,Medium,P7,Oz,0.29993031492425215
BASELINE_EC,Band-Power Envelope Coherence,BetaH,Medium,P7,O2,0.13169323031550437
BASELINE_EC,Band-Power Envelope Coherence,BetaH,Medium,P7,PO10,0.009812368794459944
BASELINE_EC,Band-Power Envelope Coherence,BetaH,Medium,P7,P8,0.017462111648533667
BASELINE_EC,Band-Power Envelope Coherence,BetaH,Medium,P7,P4,0.2479337193644348
BASELINE_EC,Band-Power Envelope Coherence,BetaH,Medium,P7,CP2,0.2791184816499137
BASELINE_EC,Band-Power Envelope Coherence,BetaH,Medium,P7,CP6,0.012713723886520121
BASELINE_EC,Band-Power Envelope Coherence,BetaH,Medium,P7,T8,0.019739659837586694
BASELINE_EC,Band-Power Envelope Coherence,BetaH,Medium,P7,FT10,0.09273966232669184
BASELINE_EC,Band-Power Envelope Coherence,BetaH,Medium,P7,FC6,0.017216755204291466
BASELINE_EC,Band-Power Envelope Coherence,BetaH,Medium,P7,C4,0.041389786573975684
BASELINE_EC,Band-Power Envelope Coherence,BetaH,Medium,P7,FC2,0.08963468100663262
BASELINE_EC,Band-Power Envelope Coherence,BetaH,Medium,P7,F4,0.0552775845409682
BASELINE_EC,Band-Power Envelope Coherence,BetaH,Medium,P7,F8,0.056918826171329706
BASELINE_EC,Band-Power Envelope Coherence,BetaH,Medium,P7,Fp2,0.01033887466083575
BASELINE_EC,Band-Power Envelope Coherence,BetaH,Medium,PO9,O1,0.16543493765838693
BASELINE_EC,Band-Power Envelope Coherence,BetaH,Medium,PO9,Pz,0.2826590786836205
BASELINE_EC,Band-Power Envelope Coherence,BetaH,Medium,PO9,Oz,0.23437193908285578
BASELINE_EC,Band-Power Envelope Coherence,BetaH,Medium,PO9,O2,0.12449769257142476
BASELINE_EC,Band-Power Envelope Coherence,BetaH,Medium,PO9,PO10,0.24344154772549143
BASELINE_EC,Band-Power Envelope Coherence,BetaH,Medium,PO9,P8,0.09211508866588743
BASELINE_EC,Band-Power Envelope Coherence,BetaH,Medium,PO9,P4,0.2091723841756266
BASELINE_EC,Band-Power Envelope Coherence,BetaH,Medium,PO9,CP2,0.30181696699603455
BASELINE_EC,Band-Power Envelope Coherence,BetaH,Medium,PO9,CP6,0.024941014029288045
BASELINE_EC,Band-Power Envelope Coherence,BetaH,Medium,PO9,T8,0.01095578647608097
BASELINE_EC,Band-Power Envelope Coherence,BetaH,Medium,PO9,FT10,0.11520201751483036
BASELINE_EC,Band-Power Envelope Coherence,BetaH,Medium,PO9,FC6,0.09034898236990838
BASELINE_EC,Band-Power Envelope Coherence,BetaH,Medium,PO9,C4,0.11312863750266663
BASELINE_EC,Band-Power Envelope Coherence,BetaH,Medium,PO9,FC2,0.10440376035796564
BASELINE_EC,Band-Power Envelope Coherence,BetaH,Medium,PO9,F4,0.09471044909981832
BASELINE_EC,Band-Power Envelope Coherence,BetaH,Medium,PO9,F8,0.014151816283190847
BASELINE_EC,Band-Power Envelope Coherence,BetaH,Medium,PO9,Fp2,0.015011364986364038
BASELINE_EC,Band-Power Envelope Coherence,BetaH,Medium,O1,Pz,0.6104634262248247
BASELINE_EC,Band-Power Envelope Coherence,BetaH,Medium,O1,Oz,0.7305496623734383
BASELINE_EC,Band-Power Envelope Coherence,BetaH,Medium,O1,O2,0.48816938926136316
BASELINE_EC,Band-Power Envelope Coherence,BetaH,Medium,O1,PO10,0.06563864651177219
BASELINE_EC,Band-Power Envelope Coherence,BetaH,Medium,O1,P8,0.05305318530766928
BASELINE_EC,Band-Power Envelope Coherence,BetaH,Medium,O1,P4,0.4825596861773509
BASELINE_EC,Band-Power Envelope Coherence,BetaH,Medium,O1,CP2,0.5188902684641319
BASELINE_EC,Band-Power Envelope Coherence,BetaH,Medium,O1,CP6,0.03200217326472912
BASELINE_EC,Band-Power Envelope Coherence,BetaH,Medium,O1,T8,0.014947855597402191
BASELINE_EC,Band-Power Envelope Coherence,BetaH,Medium,O1,FT10,0.0446436973446158
BASELINE_EC,Band-Power Envelope Coherence,BetaH,Medium,O1,FC6,0.018406811744820954
BASELINE_EC,Band-Power Envelope Coherence,BetaH,Medium,O1,C4,0.03808525764255054
BASELINE_EC,Band-Power Envelope Coherence,BetaH,Medium,O1,FC2,0.07249242194545949
BASELINE_EC,Band-Power Envelope Coherence,BetaH,Medium,O1,F4,0.03049994346601529
BASELINE_EC,Band-Power Envelope Coherence,BetaH,Medium,O1,F8,0.022288781817922477
BASELINE_EC,Band-Power Envelope Coherence,BetaH,Medium,O1,Fp2,0.009020500075089763
BASELINE_EC,Band-Power Envelope Coherence,BetaH,Medium,Pz,Oz,0.8056721297981141
BASELINE_EC,Band-Power Envelope Coherence,BetaH,Medium,Pz,O2,0.5736141060883528
BASELINE_EC,Band-Power Envelope Coherence,BetaH,Medium,Pz,PO10,0.10137555802082873
BASELINE_EC,Band-Power Envelope Coherence,BetaH,Medium,Pz,P8,0.10950726528339368
BASELINE_EC,Band-Power Envelope Coherence,BetaH,Medium,Pz,P4,0.8737990731541032
BASELINE_EC,Band-Power Envelope Coherence,BetaH,Medium,Pz,CP2,0.9257325550661453
BASELINE_EC,Band-Power Envelope Coherence,BetaH,Medium,Pz,CP6,0.14690984518796446
BASELINE_EC,Band-Power Envelope Coherence,BetaH,Medium,Pz,T8,0.06349146118275824
BASELINE_EC,Band-Power Envelope Coherence,BetaH,Medium,Pz,FT10,0.11889512488856396
BASELINE_EC,Band-Power Envelope Coherence,BetaH,Medium,Pz,FC6,0.12291923401075605
BASELINE_EC,Band-Power Envelope Coherence,BetaH,Medium,Pz,C4,0.2424042427407877
BASELINE_EC,Band-Power Envelope Coherence,BetaH,Medium,Pz,FC2,0.27295088804672835
BASELINE_EC,Band-Power Envelope Coherence,BetaH,Medium,Pz,F4,0.14198436429185002
BASELINE_EC,Band-Power Envelope Coherence,BetaH,Medium,Pz,F8,0.05182320722291669
BASELINE_EC,Band-Power Envelope Coherence,BetaH,Medium,Pz,Fp2,0.039241091238155494
BASELINE_EC,Band-Power Envelope Coherence,BetaH,Medium,Oz,O2,0.791753252341908
BASELINE_EC,Band-Power Envelope Coherence,BetaH,Medium,Oz,PO10,0.15808123572896216
BASELINE_EC,Band-Power Envelope Coherence,BetaH,Medium,Oz,P8,0.14167803654119998
BASELINE_EC,Band-Power Envelope Coherence,BetaH,Medium,Oz,P4,0.7394025908685273
BASELINE_EC,Band-Power Envelope Coherence,BetaH,Medium,Oz,CP2,0.7176747046380201
BASELINE_EC,Band-Power Envelope Coherence,BetaH,Medium,Oz,CP6,0.0826620578302924
BASELINE_EC,Band-Power Envelope Coherence,BetaH,Medium,Oz,T8,0.028784626859666942
BASELINE_EC,Band-Power Envelope Coherence,BetaH,Medium,Oz,FT10,0.07229730415100025
BASELINE_EC,Band-Power Envelope Coherence,BetaH,Medium,Oz,FC6,0.04612844650095878
BASELINE_EC,Band-Power Envelope Coherence,BetaH,Medium,Oz,C4,0.10193157309689647
BASELINE_EC,Band-Power Envelope Coherence,BetaH,Medium,Oz,FC2,0.11793694506397352
BASELINE_EC,Band-Power Envelope Coherence,BetaH,Medium,Oz,F4,0.06037610178822846
BASELINE_EC,Band-Power Envelope Coherence,BetaH,Medium,Oz,F8,0.026790650702544647
BASELINE_EC,Band-Power Envelope Coherence,BetaH,Medium,Oz,Fp2,0.015497537427156947
BASELINE_EC,Band-Power Envelope Coherence,BetaH,Medium,O2,PO10,0.3124045251168859
BASELINE_EC,Band-Power Envelope Coherence,BetaH,Medium,O2,P8,0.32658091188186905
BASELINE_EC,Band-Power Envelope Coherence,BetaH,Medium,O2,P4,0.6938774957581255
BASELINE_EC,Band-Power Envelope Coherence,BetaH,Medium,O2,CP2,0.5670540939544806
BASELINE_EC,Band-Power Envelope Coherence,BetaH,Medium,O2,CP6,0.18184788033955013
BASELINE_EC,Band-Power Envelope Coherence,BetaH,Medium,O2,T8,0.0596753398932258
BASELINE_EC,Band-Power Envelope Coherence,BetaH,Medium,O2,FT10,0.021847439655621706
BASELINE_EC,Band-Power Envelope Coherence,BetaH,Medium,O2,FC6,0.05363488058909048
BASELINE_EC,Band-Power Envelope Coherence,BetaH,Medium,O2,C4,0.13464872777568343
BASELINE_EC,Band-Power Envelope Coherence,BetaH,Medium,O2,FC2,0.10744461221401526
BASELINE_EC,Band-Power Envelope Coherence,BetaH,Medium,O2,F4,0.05873451063225628
BASELINE_EC,Band-Power Envelope Coherence,BetaH,Medium,O2,F8,0.013276148324883282
BASELINE_EC,Band-Power Envelope Coherence,BetaH,Medium,O2,Fp2,0.03680485026701066
BASELINE_EC,Band-Power Envelope Coherence,BetaH,Medium,PO10,P8,0.7460335222624024
BASELINE_EC,Band-Power Envelope Coherence,BetaH,Medium,PO10,P4,0.16872138231445277
BASELINE_EC,Band-Power Envelope Coherence,BetaH,Medium,PO10,CP2,0.11437457146952106
BASELINE_EC,Band-Power Envelope Coherence,BetaH,Medium,PO10,CP6,0.20113438631892408
BASELINE_EC,Band-Power Envelope Coherence,BetaH,Medium,PO10,T8,0.08664555292134565
BASELINE_EC,Band-Power Envelope Coherence,BetaH,Medium,PO10,FT10,0.08253665247359776
BASELINE_EC,Band-Power Envelope Coherence,BetaH,Medium,PO10,FC6,0.061133058140005914
BASELINE_EC,Band-Power Envelope Coherence,BetaH,Medium,PO10,C4,0.04744789071780949
BASELINE_EC,Band-Power Envelope Coherence,BetaH,Medium,PO10,FC2,0.028984076065774494
BASELINE_EC,Band-Power Envelope Coherence,BetaH,Medium,PO10,F4,0.027591940712549487
BASELINE_EC,Band-Power Envelope Coherence,BetaH,Medium,PO10,F8,0.054388703960539075
BASELINE_EC,Band-Power Envelope Coherence,BetaH,Medium,PO10,Fp2,0.03453142039341949
BASELINE_EC,Band-Power Envelope Coherence,BetaH,Medium,P8,P4,0.2466135479474546
BASELINE_EC,Band-Power Envelope Coherence,BetaH,Medium,P8,CP2,0.13377792143126122
BASELINE_EC,Band-Power Envelope Coherence,BetaH,Medium,P8,CP6,0.41719168505420356
BASELINE_EC,Band-Power Envelope Coherence,BetaH,Medium,P8,T8,0.1410213679351099
BASELINE_EC,Band-Power Envelope Coherence,BetaH,Medium,P8,FT10,0.08023375635123317
BASELINE_EC,Band-Power Envelope Coherence,BetaH,Medium,P8,FC6,0.043593458912838313
BASELINE_EC,Band-Power Envelope Coherence,BetaH,Medium,P8,C4,0.09787079671871082
BASELINE_EC,Band-Power Envelope Coherence,BetaH,Medium,P8,FC2,0.047326996222800344
BASELINE_EC,Band-Power Envelope Coherence,BetaH,Medium,P8,F4,0.025293312058460526
BASELINE_EC,Band-Power Envelope Coherence,BetaH,Medium,P8,F8,0.03495429955344335
BASELINE_EC,Band-Power Envelope Coherence,BetaH,Medium,P8,Fp2,0.053288712278160635
BASELINE_EC,Band-Power Envelope Coherence,BetaH,Medium,P4,CP2,0.9009431221000266
BASELINE_EC,Band-Power Envelope Coherence,BetaH,Medium,P4,CP6,0.295669481500617
BASELINE_EC,Band-Power Envelope Coherence,BetaH,Medium,P4,T8,0.11429312128072154
BASELINE_EC,Band-Power Envelope Coherence,BetaH,Medium,P4,FT10,0.07908791121805653
BASELINE_EC,Band-Power Envelope Coherence,BetaH,Medium,P4,FC6,0.1676077132740192
BASELINE_EC,Band-Power Envelope Coherence,BetaH,Medium,P4,C4,0.3543769953246968
BASELINE_EC,Band-Power Envelope Coherence,BetaH,Medium,P4,FC2,0.325757521735673
BASELINE_EC,Band-Power Envelope Coherence,BetaH,Medium,P4,F4,0.18143319290618767
BASELINE_EC,Band-Power Envelope Coherence,BetaH,Medium,P4,F8,0.048483642334407516
BASELINE_EC,Band-Power Envelope Coherence,BetaH,Medium,P4,Fp2,0.05997028628681464
BASELINE_EC,Band-Power Envelope Coherence,BetaH,Medium,CP2,CP6,0.2388183845494979
BASELINE_EC,Band-Power Envelope Coherence,BetaH,Medium,CP2,T8,0.11758126891110472
BASELINE_EC,Band-Power Envelope Coherence,BetaH,Medium,CP2,FT10,0.07395810124930134
BASELINE_EC,Band-Power Envelope Coherence,BetaH,Medium,CP2,FC6,0.21826825641714154
BASELINE_EC,Band-Power Envelope Coherence,BetaH,Medium,CP2,C4,0.3753892219399342
BASELINE_EC,Band-Power Envelope Coherence,BetaH,Medium,CP2,FC2,0.3725845809024967
BASELINE_EC,Band-Power Envelope Coherence,BetaH,Medium,CP2,F4,0.22439414965025944
BASELINE_EC,Band-Power Envelope Coherence,BetaH,Medium,CP2,F8,0.05460918439609477
BASELINE_EC,Band-Power Envelope Coherence,BetaH,Medium,CP2,Fp2,0.05844825708026108
BASELINE_EC,Band-Power Envelope Coherence,BetaH,Medium,CP6,T8,0.6091689285877707
BASELINE_EC,Band-Power Envelope Coherence,BetaH,Medium,CP6,FT10,0.2541653400090466
BASELINE_EC,Band-Power Envelope Coherence,BetaH,Medium,CP6,FC6,0.4070930388974965
BASELINE_EC,Band-Power Envelope Coherence,BetaH,Medium,CP6,C4,0.6119474813565225
BASELINE_EC,Band-Power Envelope Coherence,BetaH,Medium,CP6,FC2,0.34505246778226145
BASELINE_EC,Band-Power Envelope Coherence,BetaH,Medium,CP6,F4,0.30396182950601014
BASELINE_EC,Band-Power Envelope Coherence,BetaH,Medium,CP6,F8,0.2278476929569604
BASELINE_EC,Band-Power Envelope Coherence,BetaH,Medium,CP6,Fp2,0.26551430524983866
BASELINE_EC,Band-Power Envelope Coherence,BetaH,Medium,T8,FT10,0.5754587075812743
BASELINE_EC,Band-Power Envelope Coherence,BetaH,Medium,T8,FC6,0.7193847976413952
BASELINE_EC,Band-Power Envelope Coherence,BetaH,Medium,T8,C4,0.5147733981620162
BASELINE_EC,Band-Power Envelope Coherence,BetaH,Medium,T8,FC2,0.36942543824696095
BASELINE_EC,Band-Power Envelope Coherence,BetaH,Medium,T8,F4,0.45908811979773423
BASELINE_EC,Band-Power Envelope Coherence,BetaH,Medium,T8,F8,0.6598202952991639
BASELINE_EC,Band-Power Envelope Coherence,BetaH,Medium,T8,Fp2,0.4295704039091135
BASELINE_EC,Band-Power Envelope Coherence,BetaH,Medium,FT10,FC6,0.33797938384352944
BASELINE_EC,Band-Power Envelope Coherence,BetaH,Medium,FT10,C4,0.1492127617330413
BASELINE_EC,Band-Power Envelope Coherence,BetaH,Medium,FT10,FC2,0.15380127453805104
BASELINE_EC,Band-Power Envelope Coherence,BetaH,Medium,FT10,F4,0.19577188453270816
BASELINE_EC,Band-Power Envelope Coherence,BetaH,Medium,FT10,F8,0.6154149948101676
BASELINE_EC,Band-Power Envelope Coherence,BetaH,Medium,FT10,Fp2,0.35063044546679445
BASELINE_EC,Band-Power Envelope Coherence,BetaH,Medium,FC6,C4,0.7176221433964978
BASELINE_EC,Band-Power Envelope Coherence,BetaH,Medium,FC6,FC2,0.7140422501593111
BASELINE_EC,Band-Power Envelope Coherence,BetaH,Medium,FC6,F4,0.7949427302713246
BASELINE_EC,Band-Power Envelope Coherence,BetaH,Medium,FC6,F8,0.678821162256833
BASELINE_EC,Band-Power Envelope Coherence,BetaH,Medium,FC6,Fp2,0.5172019581796438
BASELINE_EC,Band-Power Envelope Coherence,BetaH,Medium,C4,FC2,0.7582261063299045
BASELINE_EC,Band-Power Envelope Coherence,BetaH,Medium,C4,F4,0.6553306833793437
BASELINE_EC,Band-Power Envelope Coherence,BetaH,Medium,C4,F8,0.30514655609823393
BASELINE_EC,Band-Power Envelope Coherence,BetaH,Medium,C4,Fp2,0.33943493454594076
BASELINE_EC,Band-Power Envelope Coherence,BetaH,Medium,FC2,F4,0.793577643062617
BASELINE_EC,Band-Power Envelope Coherence,BetaH,Medium,FC2,F8,0.3226067903535556
BASELINE_EC,Band-Power Envelope Coherence,BetaH,Medium,FC2,Fp2,0.3915320024302267
BASELINE_EC,Band-Power Envelope Coherence,BetaH,Medium,F4,F8,0.4743217667714152
BASELINE_EC,Band-Power Envelope Coherence,BetaH,Medium,F4,Fp2,0.5469744186423091
BASELINE_EC,Band-Power Envelope Coherence,BetaH,Medium,F8,Fp2,0.5658205546447851
BASELINE_EC,Band-Power Envelope Coherence,BetaH,Fast,Cz,Fz,0.7797663416605088
BASELINE_EC,Band-Power Envelope Coherence,BetaH,Fast,Cz,Fp1,0.18292382092264714
BASELINE_EC,Band-Power Envelope Coherence,BetaH,Fast,Cz,F7,0.31313824349742203
BASELINE_EC,Band-Power Envelope Coherence,BetaH,Fast,Cz,F3,0.6278944250932049
BASELINE_EC,Band-Power Envelope Coherence,BetaH,Fast,Cz,FC1,0.8305593732728784
BASELINE_EC,Band-Power Envelope Coherence,BetaH,Fast,Cz,C3,0.6888936923214948
BASELINE_EC,Band-Power Envelope Coherence,BetaH,Fast,Cz,FC5,0.6827590399609781
BASELINE_EC,Band-Power Envelope Coherence,BetaH,Fast,Cz,FT9,0.1020462754779652
BASELINE_EC,Band-Power Envelope Coherence,BetaH,Fast,Cz,T7,0.6256598424017348
BASELINE_EC,Band-Power Envelope Coherence,BetaH,Fast,Cz,CP5,0.47989358785513714
BASELINE_EC,Band-Power Envelope Coherence,BetaH,Fast,Cz,CP1,0.4321834188417899
BASELINE_EC,Band-Power Envelope Coherence,BetaH,Fast,Cz,P3,0.3904310725257618
BASELINE_EC,Band-Power Envelope Coherence,BetaH,Fast,Cz,P7,0.14798779300412016
BASELINE_EC,Band-Power Envelope Coherence,BetaH,Fast,Cz,PO9,0.2566482826247484
BASELINE_EC,Band-Power Envelope Coherence,BetaH,Fast,Cz,O1,0.13815754572594888
BASELINE_EC,Band-Power Envelope Coherence,BetaH,Fast,Cz,Pz,0.39814649479465936
BASELINE_EC,Band-Power Envelope Coherence,BetaH,Fast,Cz,Oz,0.2014736541785181
BASELINE_EC,Band-Power Envelope Coherence,BetaH,Fast,Cz,O2,0.11149230135001045
BASELINE_EC,Band-Power Envelope Coherence,BetaH,Fast,Cz,PO10,0.02394480240352773
BASELINE_EC,Band-Power Envelope Coherence,BetaH,Fast,Cz,P8,0.018424439117027326
BASELINE_EC,Band-Power Envelope Coherence,BetaH,Fast,Cz,P4,0.3819662801695969
BASELINE_EC,Band-Power Envelope Coherence,BetaH,Fast,Cz,CP2,0.4606174944780137
BASELINE_EC,Band-Power Envelope Coherence,BetaH,Fast,Cz,CP6,0.13814517302870574
BASELINE_EC,Band-Power Envelope Coherence,BetaH,Fast,Cz,T8,0.1474409231041345
BASELINE_EC,Band-Power Envelope Coherence,BetaH,Fast,Cz,FT10,0.10706991487699088
BASELINE_EC,Band-Power Envelope Coherence,BetaH,Fast,Cz,FC6,0.43093035664301754
BASELINE_EC,Band-Power Envelope Coherence,BetaH,Fast,Cz,C4,0.4937216806250249
BASELINE_EC,Band-Power Envelope Coherence,BetaH,Fast,Cz,FC2,0.7131924487063779
BASELINE_EC,Band-Power Envelope Coherence,BetaH,Fast,Cz,F4,0.502305444171817
BASELINE_EC,Band-Power Envelope Coherence,BetaH,Fast,Cz,F8,0.14533943019170678
BASELINE_EC,Band-Power Envelope Coherence,BetaH,Fast,Cz,Fp2,0.1778349108693515
BASELINE_EC,Band-Power Envelope Coherence,BetaH,Fast,Fz,Fp1,0.39205846153802004
BASELINE_EC,Band-Power Envelope Coherence,BetaH,Fast,Fz,F7,0.4677311212373183
BASELINE_EC,Band-Power Envelope Coherence,BetaH,Fast,Fz,F3,0.8269688013574431
BASELINE_EC,Band-Power Envelope Coherence,BetaH,Fast,Fz,FC1,0.8532076569694014
BASELINE_EC,Band-Power Envelope Coherence,BetaH,Fast,Fz,C3,0.607895180913882
BASELINE_EC,Band-Power Envelope Coherence,BetaH,Fast,Fz,FC5,0.7194135786448927
BASELINE_EC,Band-Power Envelope Coherence,BetaH,Fast,Fz,FT9,0.1816076337411041
BASELINE_EC,Band-Power Envelope Coherence,BetaH,Fast,Fz,T7,0.5989780253212007
BASELINE_EC,Band-Power Envelope Coherence,BetaH,Fast,Fz,CP5,0.39508483096014224
BASELINE_EC,Band-Power Envelope Coherence,BetaH,Fast,Fz,CP1,0.3404004008624757
BASELINE_EC,Band-Power Envelope Coherence,BetaH,Fast,Fz,P3,0.28454360607874785
BASELINE_EC,Band-Power Envelope Coherence,BetaH,Fast,Fz,P7,0.11909042706943909
BASELINE_EC,Band-Power Envelope Coherence,BetaH,Fast,Fz,PO9,0.22398340523840993
BASELINE_EC,Band-Power Envelope Coherence,BetaH,Fast,Fz,O1,0.09084224237868065
BASELINE_EC,Band-Power Envelope Coherence,BetaH,Fast,Fz,Pz,0.3066278647845774
BASELINE_EC,Band-Power Envelope Coherence,BetaH,Fast,Fz,Oz,0.15008075889009181
BASELINE_EC,Band-Power Envelope Coherence,BetaH,Fast,Fz,O2,0.09487924695303121
BASELINE_EC,Band-Power Envelope Coherence,BetaH,Fast,Fz,PO10,0.029785743046425023
BASELINE_EC,Band-Power Envelope Coherence,BetaH,Fast,Fz,P8,0.022620337378774766
BASELINE_EC,Band-Power Envelope Coherence,BetaH,Fast,Fz,P4,0.30838040314289294
BASELINE_EC,Band-Power Envelope Coherence,BetaH,Fast,Fz,CP2,0.38390516711740885
BASELINE_EC,Band-Power Envelope Coherence,BetaH,Fast,Fz,CP6,0.20609290149351772
BASELINE_EC,Band-Power Envelope Coherence,BetaH,Fast,Fz,T8,0.28428009071018384
BASELINE_EC,Band-Power Envelope Coherence,BetaH,Fast,Fz,FT10,0.14192856543518106
BASELINE_EC,Band-Power Envelope Coherence,BetaH,Fast,Fz,FC6,0.6579836476045013
BASELINE_EC,Band-Power Envelope Coherence,BetaH,Fast,Fz,C4,0.6125039292157787
BASELINE_EC,Band-Power Envelope Coherence,BetaH,Fast,Fz,FC2,0.8513069034289075
BASELINE_EC,Band-Power Envelope Coherence,BetaH,Fast,Fz,F4,0.7724710767974149
BASELINE_EC,Band-Power Envelope Coherence,BetaH,Fast,Fz,F8,0.2913190257385583
BASELINE_EC,Band-Power Envelope Coherence,BetaH,Fast,Fz,Fp2,0.40942043634484176
BASELINE_EC,Band-Power Envelope Coherence,BetaH,Fast,Fp1,F7,0.6361950072589478
BASELINE_EC,Band-Power Envelope Coherence,BetaH,Fast,Fp1,F3,0.5423380611898418
BASELINE_EC,Band-Power Envelope Coherence,BetaH,Fast,Fp1,FC1,0.29104014238997533
BASELINE_EC,Band-Power Envelope Coherence,BetaH,Fast,Fp1,C3,0.13400389795910417
BASELINE_EC,Band-Power Envelope Coherence,BetaH,Fast,Fp1,FC5,0.320617904759596
BASELINE_EC,Band-Power Envelope Coherence,BetaH,Fast,Fp1,FT9,0.4129852955885588
BASELINE_EC,Band-Power Envelope Coherence,BetaH,Fast,Fp1,T7,0.21906269062064446
BASELINE_EC,Band-Power Envelope Coherence,BetaH,Fast,Fp1,CP5,0.06382965075156688
BASELINE_EC,Band-Power Envelope Coherence,BetaH,Fast,Fp1,CP1,0.05524932004670348
BASELINE_EC,Band-Power Envelope Coherence,BetaH,Fast,Fp1,P3,0.03173490510234244
BASELINE_EC,Band-Power Envelope Coherence,BetaH,Fast,Fp1,P7,0.03059544590911
BASELINE_EC,Band-Power Envelope Coherence,BetaH,Fast,Fp1,PO9,0.017928494229326214
BASELINE_EC,Band-Power Envelope Coherence,BetaH,Fast,Fp1,O1,0.013523251595036213
BASELINE_EC,Band-Power Envelope Coherence,BetaH,Fast,Fp1,Pz,0.05327510511328767
BASELINE_EC,Band-Power Envelope Coherence,BetaH,Fast,Fp1,Oz,0.0265552316515118
BASELINE_EC,Band-Power Envelope Coherence,BetaH,Fast,Fp1,O2,0.04363434425360733
BASELINE_EC,Band-Power Envelope Coherence,BetaH,Fast,Fp1,PO10,0.09545307044349702
BASELINE_EC,Band-Power Envelope Coherence,BetaH,Fast,Fp1,P8,0.10708299359555082
BASELINE_EC,Band-Power Envelope Coherence,BetaH,Fast,Fp1,P4,0.08168010038988782
BASELINE_EC,Band-Power Envelope Coherence,BetaH,Fast,Fp1,CP2,0.06372587870024043
BASELINE_EC,Band-Power Envelope Coherence,BetaH,Fast,Fp1,CP6,0.17978750843452673
BASELINE_EC,Band-Power Envelope Coherence,BetaH,Fast,Fp1,T8,0.20948288991688857
BASELINE_EC,Band-Power Envelope Coherence,BetaH,Fast,Fp1,FT10,0.18386236790729427
BASELINE_EC,Band-Power Envelope Coherence,BetaH,Fast,Fp1,FC6,0.32370476125552067
BASELINE_EC,Band-Power Envelope Coherence,BetaH,Fast,Fp1,C4,0.2344542617810447
BASELINE_EC,Band-Power Envelope Coherence,BetaH,Fast,Fp1,FC2,0.34315768916111733
BASELINE_EC,Band-Power Envelope Coherence,BetaH,Fast,Fp1,F4,0.3789517047747318
BASELINE_EC,Band-Power Envelope Coherence,BetaH,Fast,Fp1,F8,0.2593282948328191
BASELINE_EC,Band-Power Envelope Coherence,BetaH,Fast,Fp1,Fp2,0.5942809237220144
BASELINE_EC,Band-Power Envelope Coherence,BetaH,Fast,F7,F3,0.6827933671600969
BASELINE_EC,Band-Power Envelope Coherence,BetaH,Fast,F7,FC1,0.4473265211740035
BASELINE_EC,Band-Power Envelope Coherence,BetaH,Fast,F7,C3,0.295216298569123
BASELINE_EC,Band-Power Envelope Coherence,BetaH,Fast,F7,FC5,0.5963561725256177
BASELINE_EC,Band-Power Envelope Coherence,BetaH,Fast,F7,FT9,0.451065886160508
BASELINE_EC,Band-Power Envelope Coherence,BetaH,Fast,F7,T7,0.4385579640882486
BASELINE_EC,Band-Power Envelope Coherence,BetaH,Fast,F7,CP5,0.17009990086294896
BASELINE_EC,Band-Power Envelope Coherence,BetaH,Fast,F7,CP1,0.17919861640492946
BASELINE_EC,Band-Power Envelope Coherence,BetaH,Fast,F7,P3,0.1243178182691364
BASELINE_EC,Band-Power Envelope Coherence,BetaH,Fast,F7,P7,0.08833997841399363
BASELINE_EC,Band-Power Envelope Coherence,BetaH,Fast,F7,PO9,0.024543526283704487
BASELINE_EC,Band-Power Envelope Coherence,BetaH,Fast,F7,O1,0.08628641943466077
BASELINE_EC,Band-Power Envelope Coherence,BetaH,Fast,F7,Pz,0.1745329782395205
BASELINE_EC,Band-Power Envelope Coherence,BetaH,Fast,F7,Oz,0.12948604881620943
BASELINE_EC,Band-Power Envelope Coherence,BetaH,Fast,F7,O2,0.12131899392023665
BASELINE_EC,Band-Power Envelope Coherence,BetaH,Fast,F7,PO10,0.04820117813815204
BASELINE_EC,Band-Power Envelope Coherence,BetaH,Fast,F7,P8,0.07033818443224298
BASELINE_EC,Band-Power Envelope Coherence,BetaH,Fast,F7,P4,0.21286056351991445
BASELINE_EC,Band-Power Envelope Coherence,BetaH,Fast,F7,CP2,0.17701780071744228
BASELINE_EC,Band-Power Envelope Coherence,BetaH,Fast,F7,CP6,0.1126659882864185
BASELINE_EC,Band-Power Envelope Coherence,BetaH,Fast,F7,T8,0.1568801981844517
BASELINE_EC,Band-Power Envelope Coherence,BetaH,Fast,F7,FT10,0.10606046427359543
BASELINE_EC,Band-Power Envelope Coherence,BetaH,Fast,F7,FC6,0.3068772867759628
BASELINE_EC,Band-Power Envelope Coherence,BetaH,Fast,F7,C4,0.24453757273660154
BASELINE_EC,Band-Power Envelope Coherence,BetaH,Fast,F7,FC2,0.42071501959088425
BASELINE_EC,Band-Power Envelope Coherence,BetaH,Fast,F7,F4,0.37097263434335304
BASELINE_EC,Band-Power Envelope Coherence,BetaH,Fast,F7,F8,0.1732151094308819
BASELINE_EC,Band-Power Envelope Coherence,BetaH,Fast,F7,Fp2,0.3455354651453421
BASELINE_EC,Band-Power Envelope Coherence,BetaH,Fast,F3,FC1,0.7535945183117927
BASELINE_EC,Band-Power Envelope Coherence,BetaH,Fast,F3,C3,0.5491554925763916
BASELINE_EC,Band-Power Envelope Coherence,BetaH,Fast,F3,FC5,0.7767235556560171
BASELINE_EC,Band-Power Envelope Coherence,BetaH,Fast,F3,FT9,0.2359161940594461
BASELINE_EC,Band-Power Envelope Coherence,BetaH,Fast,F3,T7,0.6118276497661982
BASELINE_EC,Band-Power Envelope Coherence,BetaH,Fast,F3,CP5,0.3659767349036689
BASELINE_EC,Band-Power Envelope Coherence,BetaH,Fast,F3,CP1,0.30240278724043096
BASELINE_EC,Band-Power Envelope Coherence,BetaH,Fast,F3,P3,0.25808512220492846
BASELINE_EC,Band-Power Envelope Coherence,BetaH,Fast,F3,P7,0.1596126496395574
BASELINE_EC,Band-Power Envelope Coherence,BetaH,Fast,F3,PO9,0.14514974073768436
BASELINE_EC,Band-Power Envelope Coherence,BetaH,Fast,F3,O1,0.1152040820612318
BASELINE_EC,Band-Power Envelope Coherence,BetaH,Fast,F3,Pz,0.2919310169683984
BASELINE_EC,Band-Power Envelope Coherence,BetaH,Fast,F3,Oz,0.1665521957425934
BASELINE_EC,Band-Power Envelope Coherence,BetaH,Fast,F3,O2,0.09898623254170415
BASELINE_EC,Band-Power Envelope Coherence,BetaH,Fast,F3,PO10,0.011012185719486336
BASELINE_EC,Band-Power Envelope Coherence,BetaH,Fast,F3,P8,0.03147438446608286
BASELINE_EC,Band-Power Envelope Coherence,BetaH,Fast,F3,P4,0.28260910380936827
BASELINE_EC,Band-Power Envelope Coherence,BetaH,Fast,F3,CP2,0.30804957975882696
BASELINE_EC,Band-Power Envelope Coherence,BetaH,Fast,F3,CP6,0.11610780137139232
BASELINE_EC,Band-Power Envelope Coherence,BetaH,Fast,F3,T8,0.1569775996030477
BASELINE_EC,Band-Power Envelope Coherence,BetaH,Fast,F3,FT10,0.134121842030463
BASELINE_EC,Band-Power Envelope Coherence,BetaH,Fast,F3,FC6,0.42574148694095204
BASELINE_EC,Band-Power Envelope Coherence,BetaH,Fast,F3,C4,0.3889247573870279
BASELINE_EC,Band-Power Envelope Coherence,BetaH,Fast,F3,FC2,0.6520165375015683
BASELINE_EC,Band-Power Envelope Coherence,BetaH,Fast,F3,F4,0.56429150351119
BASELINE_EC,Band-Power Envelope Coherence,BetaH,Fast,F3,F8,0.19524489637446907
BASELINE_EC,Band-Power Envelope Coherence,BetaH,Fast,F3,Fp2,0.37000715444351934
BASELINE_EC,Band-Power Envelope Coherence,BetaH,Fast,FC1,C3,0.8121627143889196
BASELINE_EC,Band-Power Envelope Coherence,BetaH,Fast,FC1,FC5,0.8310892198574965
BASELINE_EC,Band-Power Envelope Coherence,BetaH,Fast,FC1,FT9,0.16077338219746223
BASELINE_EC,Band-Power Envelope Coherence,BetaH,Fast,FC1,T7,0.7912150992364968
BASELINE_EC,Band-Power Envelope Coherence,BetaH,Fast,FC1,CP5,0.5812935125091225
BASELINE_EC,Band-Power Envelope Coherence,BetaH,Fast,FC1,CP1,0.5112718452358502
BASELINE_EC,Band-Power Envelope Coherence,BetaH,Fast,FC1,P3,0.44880624163448846
BASELINE_EC,Band-Power Envelope Coherence,BetaH,Fast,FC1,P7,0.16205222819266613
BASELINE_EC,Band-Power Envelope Coherence,BetaH,Fast,FC1,PO9,0.23361506693385597
BASELINE_EC,Band-Power Envelope Coherence,BetaH,Fast,FC1,O1,0.16185250190425837
BASELINE_EC,Band-Power Envelope Coherence,BetaH,Fast,FC1,Pz,0.47854008073410403
BASELINE_EC,Band-Power Envelope Coherence,BetaH,Fast,FC1,Oz,0.24100629133694149
BASELINE_EC,Band-Power Envelope Coherence,BetaH,Fast,FC1,O2,0.13929935251307973
BASELINE_EC,Band-Power Envelope Coherence,BetaH,Fast,FC1,PO10,0.028117168215059773
BASELINE_EC,Band-Power Envelope Coherence,BetaH,Fast,FC1,P8,0.027010076267548654
BASELINE_EC,Band-Power Envelope Coherence,BetaH,Fast,FC1,P4,0.4444460595165479
BASELINE_EC,Band-Power Envelope Coherence,BetaH,Fast,FC1,CP2,0.5272841502430576
BASELINE_EC,Band-Power Envelope Coherence,BetaH,Fast,FC1,CP6,0.1679364786629412
BASELINE_EC,Band-Power Envelope Coherence,BetaH,Fast,FC1,T8,0.19813816782728488
BASELINE_EC,Band-Power Envelope Coherence,BetaH,Fast,FC1,FT10,0.14422026471012073
BASELINE_EC,Band-Power Envelope Coherence,BetaH,Fast,FC1,FC6,0.500410912955982
BASELINE_EC,Band-Power Envelope Coherence,BetaH,Fast,FC1,C4,0.527361226098911
BASELINE_EC,Band-Power Envelope Coherence,BetaH,Fast,FC1,FC2,0.762605278746838
BASELINE_EC,Band-Power Envelope Coherence,BetaH,Fast,FC1,F4,0.5718492522779396
BASELINE_EC,Band-Power Envelope Coherence,BetaH,Fast,FC1,F8,0.19446987041258318
BASELINE_EC,Band-Power Envelope Coherence,BetaH,Fast,FC1,Fp2,0.24504733640175771
BASELINE_EC,Band-Power Envelope Coherence,BetaH,Fast,C3,FC5,0.7438988587605817
BASELINE_EC,Band-Power Envelope Coherence,BetaH,Fast,C3,FT9,0.10641211005648882
BASELINE_EC,Band-Power Envelope Coherence,BetaH,Fast,C3,T7,0.7911796000456639
BASELINE_EC,Band-Power Envelope Coherence,BetaH,Fast,C3,CP5,0.7582122649064837
BASELINE_EC,Band-Power Envelope Coherence,BetaH,Fast,C3,CP1,0.6113556405724205
BASELINE_EC,Band-Power Envelope Coherence,BetaH,Fast,C3,P3,0.5998734410509869
BASELINE_EC,Band-Power Envelope Coherence,BetaH,Fast,C3,P7,0.19679874867952368
BASELINE_EC,Band-Power Envelope Coherence,BetaH,Fast,C3,PO9,0.2884265925402453
BASELINE_EC,Band-Power Envelope Coherence,BetaH,Fast,C3,O1,0.23743164251619203
BASELINE_EC,Band-Power Envelope Coherence,BetaH,Fast,C3,Pz,0.5824539485553171
BASELINE_EC,Band-Power Envelope Coherence,BetaH,Fast,C3,Oz,0.32741121857008515
BASELINE_EC,Band-Power Envelope Coherence,BetaH,Fast,C3,O2,0.18322660673105204
BASELINE_EC,Band-Power Envelope Coherence,BetaH,Fast,C3,PO10,0.029992404887031834
BASELINE_EC,Band-Power Envelope Coherence,BetaH,Fast,C3,P8,0.022362744608669
BASELINE_EC,Band-Power Envelope Coherence,BetaH,Fast,C3,P4,0.49075424097087095
BASELINE_EC,Band-Power Envelope Coherence,BetaH,Fast,C3,CP2,0.5999647158394033
BASELINE_EC,Band-Power Envelope Coherence,BetaH,Fast,C3,CP6,0.10113334466099852
BASELINE_EC,Band-Power Envelope Coherence,BetaH,Fast,C3,T8,0.09240270086935147
BASELINE_EC,Band-Power Envelope Coherence,BetaH,Fast,C3,FT10,0.131636151985438
BASELINE_EC,Band-Power Envelope Coherence,BetaH,Fast,C3,FC6,0.2672793602046252
BASELINE_EC,Band-Power Envelope Coherence,BetaH,Fast,C3,C4,0.3499669249246625
BASELINE_EC,Band-Power Envelope Coherence,BetaH,Fast,C3,FC2,0.5237081264083578
BASELINE_EC,Band-Power Envelope Coherence,BetaH,Fast,C3,F4,0.3262607457807661
BASELINE_EC,Band-Power Envelope Coherence,BetaH,Fast,C3,F8,0.09493116623603262
BASELINE_EC,Band-Power Envelope Coherence,BetaH,Fast,C3,Fp2,0.11002897920305983
BASELINE_EC,Band-Power Envelope Coherence,BetaH,Fast,FC5,FT9,0.2292782566983638
BASELINE_EC,Band-Power Envelope Coherence,BetaH,Fast,FC5,T7,0.8547859224373826
BASELINE_EC,Band-Power Envelope Coherence,BetaH,Fast,FC5,CP5,0.5592554261251328
BASELINE_EC,Band-Power Envelope Coherence,BetaH,Fast,FC5,CP1,0.40268123104095366
BASELINE_EC,Band-Power Envelope Coherence,BetaH,Fast,FC5,P3,0.36857178082408837
BASELINE_EC,Band-Power Envelope Coherence,BetaH,Fast,FC5,P7,0.14586545754743696
BASELINE_EC,Band-Power Envelope Coherence,BetaH,Fast,FC5,PO9,0.15975820337530858
BASELINE_EC,Band-Power Envelope Coherence,BetaH,Fast,FC5,O1,0.14894312578707475
BASELINE_EC,Band-Power Envelope Coherence,BetaH,Fast,FC5,Pz,0.37644922371403905
BASELINE_EC,Band-Power Envelope Coherence,BetaH,Fast,FC5,Oz,0.2186568926587741
BASELINE_EC,Band-Power Envelope Coherence,BetaH,Fast,FC5,O2,0.12295258458300287
BASELINE_EC,Band-Power Envelope Coherence,BetaH,Fast,FC5,PO10,0.013518526977314834
BASELINE_EC,Band-Power Envelope Coherence,BetaH,Fast,FC5,P8,0.022894496880310353
BASELINE_EC,Band-Power Envelope Coherence,BetaH,Fast,FC5,P4,0.3482297980094994
BASELINE_EC,Band-Power Envelope Coherence,BetaH,Fast,FC5,CP2,0.3858651849866945
BASELINE_EC,Band-Power Envelope Coherence,BetaH,Fast,FC5,CP6,0.09216478513452375
BASELINE_EC,Band-Power Envelope Coherence,BetaH,Fast,FC5,T8,0.12445948865363954
BASELINE_EC,Band-Power Envelope Coherence,BetaH,Fast,FC5,FT10,0.12485596303893275
BASELINE_EC,Band-Power Envelope Coherence,BetaH,Fast,FC5,FC6,0.34462228736099143
BASELINE_EC,Band-Power Envelope Coherence,BetaH,Fast,FC5,C4,0.34169759824614543
BASELINE_EC,Band-Power Envelope Coherence,BetaH,Fast,FC5,FC2,0.5955270374961983
BASELINE_EC,Band-Power Envelope Coherence,BetaH,Fast,FC5,F4,0.4309663897626064
BASELINE_EC,Band-Power Envelope Coherence,BetaH,Fast,FC5,F8,0.14191652133959548
BASELINE_EC,Band-Power Envelope Coherence,BetaH,Fast,FC5,Fp2,0.20597196178592536
BASELINE_EC,Band-Power Envelope Coherence,BetaH,Fast,FT9,T7,0.1887130129048097
BASELINE_EC,Band-Power Envelope Coherence,BetaH,Fast,FT9,CP5,0.05726547746007453
BASELINE_EC,Band-Power Envelope Coherence,BetaH,Fast,FT9,CP1,0.030807491303608586
BASELINE_EC,Band-Power Envelope Coherence,BetaH,Fast,FT9,P3,0.03174626742639859
BASELINE_EC,Band-Power Envelope Coherence,BetaH,Fast,FT9,P7,0.007760842955814494
BASELINE_EC,Band-Power Envelope Coherence,BetaH,Fast,FT9,PO9,0.1293028262875388
BASELINE_EC,Band-Power Envelope Coherence,BetaH,Fast,FT9,O1,0.006868431290526544
BASELINE_EC,Band-Power Envelope Coherence,BetaH,Fast,FT9,Pz,0.027100934493155995
BASELINE_EC,Band-Power Envelope Coherence,BetaH,Fast,FT9,Oz,0.010105549780923127
BASELINE_EC,Band-Power Envelope Coherence,BetaH,Fast,FT9,O2,0.015272892662346396
BASELINE_EC,Band-Power Envelope Coherence,BetaH,Fast,FT9,PO10,0.18760217173955424
BASELINE_EC,Band-Power Envelope Coherence,BetaH,Fast,FT9,P8,0.10987173589010353
BASELINE_EC,Band-Power Envelope Coherence,BetaH,Fast,FT9,P4,0.032775156905360835
BASELINE_EC,Band-Power Envelope Coherence,BetaH,Fast,FT9,CP2,0.038840121633420537
BASELINE_EC,Band-Power Envelope Coherence,BetaH,Fast,FT9,CP6,0.06519237977510359
BASELINE_EC,Band-Power Envelope Coherence,BetaH,Fast,FT9,T8,0.11042084666801845
BASELINE_EC,Band-Power Envelope Coherence,BetaH,Fast,FT9,FT10,0.19526152391470425
BASELINE_EC,Band-Power Envelope Coherence,BetaH,Fast,FT9,FC6,0.1512596338349647
BASELINE_EC,Band-Power Envelope Coherence,BetaH,Fast,FT9,C4,0.08868508442453343
BASELINE_EC,Band-Power Envelope Coherence,BetaH,Fast,FT9,FC2,0.17273413175083413
BASELINE_EC,Band-Power Envelope Coherence,BetaH,Fast,FT9,F4,0.15319947497574102
BASELINE_EC,Band-Power Envelope Coherence,BetaH,Fast,FT9,F8,0.16403695102337512
BASELINE_EC,Band-Power Envelope Coherence,BetaH,Fast,FT9,Fp2,0.2566635962637066
BASELINE_EC,Band-Power Envelope Coherence,BetaH,Fast,T7,CP5,0.6759604233158008
BASELINE_EC,Band-Power Envelope Coherence,BetaH,Fast,T7,CP1,0.5012265435731018
BASELINE_EC,Band-Power Envelope Coherence,BetaH,Fast,T7,P3,0.4735333161563125
BASELINE_EC,Band-Power Envelope Coherence,BetaH,Fast,T7,P7,0.1978654439366217
BASELINE_EC,Band-Power Envelope Coherence,BetaH,Fast,T7,PO9,0.1941311043287402
BASELINE_EC,Band-Power Envelope Coherence,BetaH,Fast,T7,O1,0.1900589468863943
BASELINE_EC,Band-Power Envelope Coherence,BetaH,Fast,T7,Pz,0.47878470336327
BASELINE_EC,Band-Power Envelope Coherence,BetaH,Fast,T7,Oz,0.2805202369939876
BASELINE_EC,Band-Power Envelope Coherence,BetaH,Fast,T7,O2,0.15197226349024945
BASELINE_EC,Band-Power Envelope Coherence,BetaH,Fast,T7,PO10,0.013727495451933528
BASELINE_EC,Band-Power Envelope Coherence,BetaH,Fast,T7,P8,0.02209529791020047
BASELINE_EC,Band-Power Envelope Coherence,BetaH,Fast,T7,P4,0.42992597125900645
BASELINE_EC,Band-Power Envelope Coherence,BetaH,Fast,T7,CP2,0.46360840178384316
BASELINE_EC,Band-Power Envelope Coherence,BetaH,Fast,T7,CP6,0.08337017406734196
BASELINE_EC,Band-Power Envelope Coherence,BetaH,Fast,T7,T8,0.09521241772620596
BASELINE_EC,Band-Power Envelope Coherence,BetaH,Fast,T7,FT10,0.15722025112447974
BASELINE_EC,Band-Power Envelope Coherence,BetaH,Fast,T7,FC6,0.2556920566699636
BASELINE_EC,Band-Power Envelope Coherence,BetaH,Fast,T7,C4,0.29608535098757316
BASELINE_EC,Band-Power Envelope Coherence,BetaH,Fast,T7,FC2,0.49316153960502795
BASELINE_EC,Band-Power Envelope Coherence,BetaH,Fast,T7,F4,0.32861608628631267
BASELINE_EC,Band-Power Envelope Coherence,BetaH,Fast,T7,F8,0.12030001818601437
BASELINE_EC,Band-Power Envelope Coherence,BetaH,Fast,T7,Fp2,0.14449178041253025
BASELINE_EC,Band-Power Envelope Coherence,BetaH,Fast,CP5,CP1,0.5407906964397726
BASELINE_EC,Band-Power Envelope Coherence,BetaH,Fast,CP5,P3,0.6202289760530282
BASELINE_EC,Band-Power Envelope Coherence,BetaH,Fast,CP5,P7,0.24336490471153585
BASELINE_EC,Band-Power Envelope Coherence,BetaH,Fast,CP5,PO9,0.2335346487123381
BASELINE_EC,Band-Power Envelope Coherence,BetaH,Fast,CP5,O1,0.2216962948690298
BASELINE_EC,Band-Power Envelope Coherence,BetaH,Fast,CP5,Pz,0.519356086239099
BASELINE_EC,Band-Power Envelope Coherence,BetaH,Fast,CP5,Oz,0.29107071609230944
BASELINE_EC,Band-Power Envelope Coherence,BetaH,Fast,CP5,O2,0.1681587835075022
BASELINE_EC,Band-Power Envelope Coherence,BetaH,Fast,CP5,PO10,0.016198715297044725
BASELINE_EC,Band-Power Envelope Coherence,BetaH,Fast,CP5,P8,0.017890315446599945
BASELINE_EC,Band-Power Envelope Coherence,BetaH,Fast,CP5,P4,0.41469877643503245
BASELINE_EC,Band-Power Envelope Coherence,BetaH,Fast,CP5,CP2,0.5206258599468186
BASELINE_EC,Band-Power Envelope Coherence,BetaH,Fast,CP5,CP6,0.05898383791225654
BASELINE_EC,Band-Power Envelope Coherence,BetaH,Fast,CP5,T8,0.039560332068863474
BASELINE_EC,Band-Power Envelope Coherence,BetaH,Fast,CP5,FT10,0.08564805824578314
BASELINE_EC,Band-Power Envelope Coherence,BetaH,Fast,CP5,FC6,0.13025323240225853
BASELINE_EC,Band-Power Envelope Coherence,BetaH,Fast,CP5,C4,0.2072674160006644
BASELINE_EC,Band-Power Envelope Coherence,BetaH,Fast,CP5,FC2,0.3126666383051193
BASELINE_EC,Band-Power Envelope Coherence,BetaH,Fast,CP5,F4,0.18363558385608406
BASELINE_EC,Band-Power Envelope Coherence,BetaH,Fast,CP5,F8,0.043828195251651964
BASELINE_EC,Band-Power Envelope Coherence,BetaH,Fast,CP5,Fp2,0.04913885580567328
BASELINE_EC,Band-Power Envelope Coherence,BetaH,Fast,CP1,P3,0.8928222440596957
BASELINE_EC,Band-Power Envelope Coherence,BetaH,Fast,CP1,P7,0.3151605532103478
BASELINE_EC,Band-Power Envelope Coherence,BetaH,Fast,CP1,PO9,0.3075046691117281
BASELINE_EC,Band-Power Envelope Coherence,BetaH,Fast,CP1,O1,0.5639177961337057
BASELINE_EC,Band-Power Envelope Coherence,BetaH,Fast,CP1,Pz,0.9505362256503578
BASELINE_EC,Band-Power Envelope Coherence,BetaH,Fast,CP1,Oz,0.7718380097467348
BASELINE_EC,Band-Power Envelope Coherence,BetaH,Fast,CP1,O2,0.5553973369306873
BASELINE_EC,Band-Power Envelope Coherence,BetaH,Fast,CP1,PO10,0.09606470024643893
BASELINE_EC,Band-Power Envelope Coherence,BetaH,Fast,CP1,P8,0.10181012104940818
BASELINE_EC,Band-Power Envelope Coherence,BetaH,Fast,CP1,P4,0.8649793452624711
BASELINE_EC,Band-Power Envelope Coherence,BetaH,Fast,CP1,CP2,0.9216014570271055
BASELINE_EC,Band-Power Envelope Coherence,BetaH,Fast,CP1,CP6,0.15545205068918527
BASELINE_EC,Band-Power Envelope Coherence,BetaH,Fast,CP1,T8,0.0735288670203258
BASELINE_EC,Band-Power Envelope Coherence,BetaH,Fast,CP1,FT10,0.1075328915497431
BASELINE_EC,Band-Power Envelope Coherence,BetaH,Fast,CP1,FC6,0.15449787257472147
BASELINE_EC,Band-Power Envelope Coherence,BetaH,Fast,CP1,C4,0.27349730193424054
BASELINE_EC,Band-Power Envelope Coherence,BetaH,Fast,CP1,FC2,0.29525859636695373
BASELINE_EC,Band-Power Envelope Coherence,BetaH,Fast,CP1,F4,0.16801631525672442
BASELINE_EC,Band-Power Envelope Coherence,BetaH,Fast,CP1,F8,0.049774851928153424
BASELINE_EC,Band-Power Envelope Coherence,BetaH,Fast,CP1,Fp2,0.04448061999463363
BASELINE_EC,Band-Power Envelope Coherence,BetaH,Fast,P3,P7,0.3609921392010711
BASELINE_EC,Band-Power Envelope Coherence,BetaH,Fast,P3,PO9,0.2852532787871299
BASELINE_EC,Band-Power Envelope Coherence,BetaH,Fast,P3,O1,0.59470015449958
BASELINE_EC,Band-Power Envelope Coherence,BetaH,Fast,P3,Pz,0.9047988759929488
BASELINE_EC,Band-Power Envelope Coherence,BetaH,Fast,P3,Oz,0.7232162864983895
BASELINE_EC,Band-Power Envelope Coherence,BetaH,Fast,P3,O2,0.46003546843960935
BASELINE_EC,Band-Power Envelope Coherence,BetaH,Fast,P3,PO10,0.05786710003497607
BASELINE_EC,Band-Power Envelope Coherence,BetaH,Fast,P3,P8,0.05715727814726327
BASELINE_EC,Band-Power Envelope Coherence,BetaH,Fast,P3,P4,0.7375866403139899
BASELINE_EC,Band-Power Envelope Coherence,BetaH,Fast,P3,CP2,0.8389679016744866
BASELINE_EC,Band-Power Envelope Coherence,BetaH,Fast,P3,CP6,0.08564407492376785
BASELINE_EC,Band-Power Envelope Coherence,BetaH,Fast,P3,T8,0.041146231196022426
BASELINE_EC,Band-Power Envelope Coherence,BetaH,Fast,P3,FT10,0.11360640006183295
BASELINE_EC,Band-Power Envelope Coherence,BetaH,Fast,P3,FC6,0.0914542666421264
BASELINE_EC,Band-Power Envelope Coherence,BetaH,Fast,P3,C4,0.17572468817005737
BASELINE_EC,Band-Power Envelope Coherence,BetaH,Fast,P3,FC2,0.21867633002773695
BASELINE_EC,Band-Power Envelope Coherence,BetaH,Fast,P3,F4,0.1145814486110961
BASELINE_EC,Band-Power Envelope Coherence,BetaH,Fast,P3,F8,0.04470558956239869
BASELINE_EC,Band-Power Envelope Coherence,BetaH,Fast,P3,Fp2,0.0319400085004768
BASELINE_EC,Band-Power Envelope Coherence,BetaH,Fast,P7,PO9,0.07699417166363542
BASELINE_EC,Band-Power Envelope Coherence,BetaH,Fast,P7,O1,0.35052767235648796
BASELINE_EC,Band-Power Envelope Coherence,BetaH,Fast,P7,Pz,0.3472918187601456
BASELINE_EC,Band-Power Envelope Coherence,BetaH,Fast,P7,Oz,0.29998684575374823
BASELINE_EC,Band-Power Envelope Coherence,BetaH,Fast,P7,O2,0.13170803803463188
BASELINE_EC,Band-Power Envelope Coherence,BetaH,Fast,P7,PO10,0.009811963350435354
BASELINE_EC,Band-Power Envelope Coherence,BetaH,Fast,P7,P8,0.017455816016546794
BASELINE_EC,Band-Power Envelope Coherence,BetaH,Fast,P7,P4,0.2479880383227384
BASELINE_EC,Band-Power Envelope Coherence,BetaH,Fast,P7,CP2,0.2791709759489425
BASELINE_EC,Band-Power Envelope Coherence,BetaH,Fast,P7,CP6,0.01271423677602294
BASELINE_EC,Band-Power Envelope Coherence,BetaH,Fast,P7,T8,0.01975416379430944
BASELINE_EC,Band-Power Envelope Coherence,BetaH,Fast,P7,FT10,0.09281651187987179
BASELINE_EC,Band-Power Envelope Coherence,BetaH,Fast,P7,FC6,0.017218217744539556
BASELINE_EC,Band-Power Envelope Coherence,BetaH,Fast,P7,C4,0.04140082049953956
BASELINE_EC,Band-Power Envelope Coherence,BetaH,Fast,P7,FC2,0.08968090754268282
BASELINE_EC,Band-Power Envelope Coherence,BetaH,Fast,P7,F4,0.055303835965560134
BASELINE_EC,Band-Power Envelope Coherence,BetaH,Fast,P7,F8,0.05697666958860844
BASELINE_EC,Band-Power Envelope Coherence,BetaH,Fast,P7,Fp2,0.010341609442414742
BASELINE_EC,Band-Power Envelope Coherence,BetaH,Fast,PO9,O1,0.16547749359386832
BASELINE_EC,Band-Power Envelope Coherence,BetaH,Fast,PO9,Pz,0.2827523771748943
BASELINE_EC,Band-Power Envelope Coherence,BetaH,Fast,PO9,Oz,0.23443925138901253
BASELINE_EC,Band-Power Envelope Coherence,BetaH,Fast,PO9,O2,0.12453018481938768
BASELINE_EC,Band-Power Envelope Coherence,BetaH,Fast,PO9,PO10,0.24347408481699034
BASELINE_EC,Band-Power Envelope Coherence,BetaH,Fast,PO9,P8,0.09212151522159792
BASELINE_EC,Band-Power Envelope Coherence,BetaH,Fast,PO9,P4,0.20925755364567555
BASELINE_EC,Band-Power Envelope Coherence,BetaH,Fast,PO9,CP2,0.30192683994502045
BASELINE_EC,Band-Power Envelope Coherence,BetaH,Fast,PO9,CP6,0.02494144622515857
BASELINE_EC,Band-Power Envelope Coherence,BetaH,Fast,PO9,T8,0.010956563709846295
BASELINE_EC,Band-Power Envelope Coherence,BetaH,Fast,PO9,FT10,0.11523556157766125
BASELINE_EC,Band-Power Envelope Coherence,BetaH,Fast,PO9,FC6,0.09039833223787727
BASELINE_EC,Band-Power Envelope Coherence,BetaH,Fast,PO9,C4,0.11319182390070794
BASELINE_EC,Band-Power Envelope Coherence,BetaH,Fast,PO9,FC2,0.10447499235355737
BASELINE_EC,Band-Power Envelope Coherence,BetaH,Fast,PO9,F4,0.09477377054214627
BASELINE_EC,Band-Power Envelope Coherence,BetaH,Fast,PO9,F8,0.014158427833386361
BASELINE_EC,Band-Power Envelope Coherence,BetaH,Fast,PO9,Fp2,0.01501760603279127
BASELINE_EC,Band-Power Envelope Coherence,BetaH,Fast,O1,Pz,0.6104946092426548
BASELINE_EC,Band-Power Envelope Coherence,BetaH,Fast,O1,Oz,0.7305506036003977
BASELINE_EC,Band-Power Envelope Coherence,BetaH,Fast,O1,O2,0.4881457209395986
BASELINE_EC,Band-Power Envelope Coherence,BetaH,Fast,O1,PO10,0.06561329685769449
BASELINE_EC,Band-Power Envelope Coherence,BetaH,Fast,O1,P8,0.05302787776019284
BASELINE_EC,Band-Power Envelope Coherence,BetaH,Fast,O1,P4,0.4825769401492015
BASELINE_EC,Band-Power Envelope Coherence,BetaH,Fast,O1,CP2,0.5189121738138667
BASELINE_EC,Band-Power Envelope Coherence,BetaH,Fast,O1,CP6,0.032008906499736756
BASELINE_EC,Band-Power Envelope Coherence,BetaH,Fast,O1,T8,0.0149552453188671
BASELINE_EC,Band-Power Envelope Coherence,BetaH,Fast,O1,FT10,0.044690105931601415
BASELINE_EC,Band-Power Envelope Coherence,BetaH,Fast,O1,FC6,0.01839956847314083
BASELINE_EC,Band-Power Envelope Coherence,BetaH,Fast,O1,C4,0.0380767193829177
BASELINE_EC,Band-Power Envelope Coherence,BetaH,Fast,O1,FC2,0.07250356611933421
BASELINE_EC,Band-Power Envelope Coherence,BetaH,Fast,O1,F4,0.03050023866252234
BASELINE_EC,Band-Power Envelope Coherence,BetaH,Fast,O1,F8,0.0223170238155123
BASELINE_EC,Band-Power Envelope Coherence,BetaH,Fast,O1,Fp2,0.009025955146298968
BASELINE_EC,Band-Power Envelope Coherence,BetaH,Fast,Pz,Oz,0.8057003220569758
BASELINE_EC,Band-Power Envelope Coherence,BetaH,Fast,Pz,O2,0.5736119690890183
BASELINE_EC,Band-Power Envelope Coherence,BetaH,Fast,Pz,PO10,0.10136127279529944
BASELINE_EC,Band-Power Envelope Coherence,BetaH,Fast,Pz,P8,0.10948216919158774
BASELINE_EC,Band-Power Envelope Coherence,BetaH,Fast,Pz,P4,0.8737998956499367
BASELINE_EC,Band-Power Envelope Coherence,BetaH,Fast,Pz,CP2,0.9257266408451955
BASELINE_EC,Band-Power Envelope Coherence,BetaH,Fast,Pz,CP6,0.14688043348215152
BASELINE_EC,Band-Power Envelope Coherence,BetaH,Fast,Pz,T8,0.06347962793453903
BASELINE_EC,Band-Power Envelope Coherence,BetaH,Fast,Pz,FT10,0.11897774136125272
BASELINE_EC,Band-Power Envelope Coherence,BetaH,Fast,Pz,FC6,0.12290080437108795
BASELINE_EC,Band-Power Envelope Coherence,BetaH,Fast,Pz,C4,0.24238662033078429
BASELINE_EC,Band-Power Envelope Coherence,BetaH,Fast,Pz,FC2,0.2729579565118109
BASELINE_EC,Band-Power Envelope Coherence,BetaH,Fast,Pz,F4,0.14198743746507772
BASELINE_EC,Band-Power Envelope Coherence,BetaH,Fast,Pz,F8,0.051848529269904055
BASELINE_EC,Band-Power Envelope Coherence,BetaH,Fast,Pz,Fp2,0.03924368517443656
BASELINE_EC,Band-Power Envelope Coherence,BetaH,Fast,Oz,O2,0.7917409644481299
BASELINE_EC,Band-Power Envelope Coherence,BetaH,Fast,Oz,PO10,0.158040072184375
BASELINE_EC,Band-Power Envelope Coherence,BetaH,Fast,Oz,P8,0.14164314661993146
BASELINE_EC,Band-Power Envelope Coherence,BetaH,Fast,Oz,P4,0.7394308382439811
BASELINE_EC,Band-Power Envelope Coherence,BetaH,Fast,Oz,CP2,0.7176939297724045
BASELINE_EC,Band-Power Envelope Coherence,BetaH,Fast,Oz,CP6,0.08264682595196016
BASELINE_EC,Band-Power Envelope Coherence,BetaH,Fast,Oz,T8,0.0287813062169231
BASELINE_EC,Band-Power Envelope Coherence,BetaH,Fast,Oz,FT10,0.07235583921067786
BASELINE_EC,Band-Power Envelope Coherence,BetaH,Fast,Oz,FC6,0.04612515347988364
BASELINE_EC,Band-Power Envelope Coherence,BetaH,Fast,Oz,C4,0.10193151957955231
BASELINE_EC,Band-Power Envelope Coherence,BetaH,Fast,Oz,FC2,0.11795597244750333
BASELINE_EC,Band-Power Envelope Coherence,BetaH,Fast,Oz,F4,0.060385336696956955
BASELINE_EC,Band-Power Envelope Coherence,BetaH,Fast,Oz,F8,0.026815434554156428
BASELINE_EC,Band-Power Envelope Coherence,BetaH,Fast,Oz,Fp2,0.015501905874991416
BASELINE_EC,Band-Power Envelope Coherence,BetaH,Fast,O2,PO10,0.31233468660809044
BASELINE_EC,Band-Power Envelope Coherence,BetaH,Fast,O2,P8,0.3265375113562226
BASELINE_EC,Band-Power Envelope Coherence,BetaH,Fast,O2,P4,0.6938972676072965
BASELINE_EC,Band-Power Envelope Coherence,BetaH,Fast,O2,CP2,0.5670572119977817
BASELINE_EC,Band-Power Envelope Coherence,BetaH,Fast,O2,CP6,0.18182901559978998
BASELINE_EC,Band-Power Envelope Coherence,BetaH,Fast,O2,T8,0.0596684766725723
BASELINE_EC,Band-Power Envelope Coherence,BetaH,Fast,O2,FT10,0.021853490935531093
BASELINE_EC,Band-Power Envelope Coherence,BetaH,Fast,O2,FC6,0.05363483027715278
BASELINE_EC,Band-Power Envelope Coherence,BetaH,Fast,O2,C4,0.13466118501944097
BASELINE_EC,Band-Power Envelope Coherence,BetaH,Fast,O2,FC2,0.10745970470925496
BASELINE_EC,Band-Power Envelope Coherence,BetaH,Fast,O2,F4,0.058744975444921625
BASELINE_EC,Band-Power Envelope Coherence,BetaH,Fast,O2,F8,0.013277411370526654
BASELINE_EC,Band-Power Envelope Coherence,BetaH,Fast,O2,Fp2,0.03681433903052616
BASELINE_EC,Band-Power Envelope Coherence,BetaH,Fast,PO10,P8,0.7460525431054562
BASELINE_EC,Band-Power Envelope Coherence,BetaH,Fast,PO10,P4,0.16868896456021487
BASELINE_EC,Band-Power Envelope Coherence,BetaH,Fast,PO10,CP2,0.11437121862645716
BASELINE_EC,Band-Power Envelope Coherence,BetaH,Fast,PO10,CP6,0.20111417352439265
BASELINE_EC,Band-Power Envelope Coherence,BetaH,Fast,PO10,T8,0.08664814134028673
BASELINE_EC,Band-Power Envelope Coherence,BetaH,Fast,PO10,FT10,0.08253700794335155
BASELINE_EC,Band-Power Envelope Coherence,BetaH,Fast,PO10,FC6,0.06117939842399936
BASELINE_EC,Band-Power Envelope Coherence,BetaH,Fast,PO10,C4,0.04745232900083472
BASELINE_EC,Band-Power Envelope Coherence,BetaH,Fast,PO10,FC2,0.02898839300295534
BASELINE_EC,Band-Power Envelope Coherence,BetaH,Fast,PO10,F4,0.027614901963682725
BASELINE_EC,Band-Power Envelope Coherence,BetaH,Fast,PO10,F8,0.05443153999605359
BASELINE_EC,Band-Power Envelope Coherence,BetaH,Fast,PO10,Fp2,0.03453540350423372
BASELINE_EC,Band-Power Envelope Coherence,BetaH,Fast,P8,P4,0.24658190305870797
BASELINE_EC,Band-Power Envelope Coherence,BetaH,Fast,P8,CP2,0.1337526346689429
BASELINE_EC,Band-Power Envelope Coherence,BetaH,Fast,P8,CP6,0.4171783115155682
BASELINE_EC,Band-Power Envelope Coherence,BetaH,Fast,P8,T8,0.1410060569052336
BASELINE_EC,Band-Power Envelope Coherence,BetaH,Fast,P8,FT10,0.08022979820773884
BASELINE_EC,Band-Power Envelope Coherence,BetaH,Fast,P8,FC6,0.04359913727404144
BASELINE_EC,Band-Power Envelope Coherence,BetaH,Fast,P8,C4,0.0978639862195935
BASELINE_EC,Band-Power Envelope Coherence,BetaH,Fast,P8,FC2,0.04732119409979285
BASELINE_EC,Band-Power Envelope Coherence,BetaH,Fast,P8,F4,0.025294037167387422
BASELINE_EC,Band-Power Envelope Coherence,BetaH,Fast,P8,F8,0.034969388546887956
BASELINE_EC,Band-Power Envelope Coherence,BetaH,Fast,P8,Fp2,0.05330455739418362
BASELINE_EC,Band-Power Envelope Coherence,BetaH,Fast,P4,CP2,0.9009410208779355
BASELINE_EC,Band-Power Envelope Coherence,BetaH,Fast,P4,CP6,0.2956180853608154
BASELINE_EC,Band-Power Envelope Coherence,BetaH,Fast,P4,T8,0.11427109713670269
BASELINE_EC,Band-Power Envelope Coherence,BetaH,Fast,P4,FT10,0.07913379065234119
BASELINE_EC,Band-Power Envelope Coherence,BetaH,Fast,P4,FC6,0.1675956333967004
BASELINE_EC,Band-Power Envelope Coherence,BetaH,Fast,P4,C4,0.3543726385955583
BASELINE_EC,Band-Power Envelope Coherence,BetaH,Fast,P4,FC2,0.32578067082104334
BASELINE_EC,Band-Power Envelope Coherence,BetaH,Fast,P4,F4,0.18145034015365633
BASELINE_EC,Band-Power Envelope Coherence,BetaH,Fast,P4,F8,0.048491751402065214
BASELINE_EC,Band-Power Envelope Coherence,BetaH,Fast,P4,Fp2,0.05996765685381224
BASELINE_EC,Band-Power Envelope Coherence,BetaH,Fast,CP2,CP6,0.23877654410064245
BASELINE_EC,Band-Power Envelope Coherence,BetaH,Fast,CP2,T8,0.11755703648230298
BASELINE_EC,Band-Power Envelope Coherence,BetaH,Fast,CP2,FT10,0.07399142744787884
BASELINE_EC,Band-Power Envelope Coherence,BetaH,Fast,CP2,FC6,0.2182637119011458
BASELINE_EC,Band-Power Envelope Coherence,BetaH,Fast,CP2,C4,0.37539047053711744
BASELINE_EC,Band-Power Envelope Coherence,BetaH,Fast,CP2,FC2,0.3726095617879438
BASELINE_EC,Band-Power Envelope Coherence,BetaH,Fast,CP2,F4,0.22441843711817402
BASELINE_EC,Band-Power Envelope Coherence,BetaH,Fast,CP2,F8,0.05460306990934227
BASELINE_EC,Band-Power Envelope Coherence,BetaH,Fast,CP2,Fp2,0.05844305825083303
BASELINE_EC,Band-Power Envelope Coherence,BetaH,Fast,CP6,T8,0.6091736194396533
BASELINE_EC,Band-Power Envelope Coherence,BetaH,Fast,CP6,FT10,0.25416361968916157
BASELINE_EC,Band-Power Envelope Coherence,BetaH,Fast,CP6,FC6,0.4070811592677222
BASELINE_EC,Band-Power Envelope Coherence,BetaH,Fast,CP6,C4,0.6119625731268827
BASELINE_EC,Band-Power Envelope Coherence,BetaH,Fast,CP6,FC2,0.3450434131075054
BASELINE_EC,Band-Power Envelope Coherence,BetaH,Fast,CP6,F4,0.3039921989432477
BASELINE_EC,Band-Power Envelope Coherence,BetaH,Fast,CP6,F8,0.22784651007888904
BASELINE_EC,Band-Power Envelope Coherence,BetaH,Fast,CP6,Fp2,0.26559079105552397
BASELINE_EC,Band-Power Envelope Coherence,BetaH,Fast,T8,FT10,0.575437012709543
BASELINE_EC,Band-Power Envelope Coherence,BetaH,Fast,T8,FC6,0.7193925826826443
BASELINE_EC,Band-Power Envelope Coherence,BetaH,Fast,T8,C4,0.5147843146255995
BASELINE_EC,Band-Power Envelope Coherence,BetaH,Fast,T8,FC2,0.36938874730424065
BASELINE_EC,Band-Power Envelope Coherence,BetaH,Fast,T8,F4,0.4591026813661951
BASELINE_EC,Band-Power Envelope Coherence,BetaH,Fast,T8,F8,0.6598831067183886
BASELINE_EC,Band-Power Envelope Coherence,BetaH,Fast,T8,Fp2,0.4296369404624738
BASELINE_EC,Band-Power Envelope Coherence,BetaH,Fast,FT10,FC6,0.3379120357918538
BASELINE_EC,Band-Power Envelope Coherence,BetaH,Fast,FT10,C4,0.14917763168975018
BASELINE_EC,Band-Power Envelope Coherence,BetaH,Fast,FT10,FC2,0.15376794784229686
BASELINE_EC,Band-Power Envelope Coherence,BetaH,Fast,FT10,F4,0.19571391253572895
BASELINE_EC,Band-Power Envelope Coherence,BetaH,Fast,FT10,F8,0.615405112093024
BASELINE_EC,Band-Power Envelope Coherence,BetaH,Fast,FT10,Fp2,0.35060160252691286
BASELINE_EC,Band-Power Envelope Coherence,BetaH,Fast,FC6,C4,0.717646406465232
BASELINE_EC,Band-Power Envelope Coherence,BetaH,Fast,FC6,FC2,0.7140053441633358
BASELINE_EC,Band-Power Envelope Coherence,BetaH,Fast,FC6,F4,0.7949494536842752
BASELINE_EC,Band-Power Envelope Coherence,BetaH,Fast,FC6,F8,0.6787936804110182
BASELINE_EC,Band-Power Envelope Coherence,BetaH,Fast,FC6,Fp2,0.5171781950073999
BASELINE_EC,Band-Power Envelope Coherence,BetaH,Fast,C4,FC2,0.7582591828722771
BASELINE_EC,Band-Power Envelope Coherence,BetaH,Fast,C4,F4,0.6554071205194305
BASELINE_EC,Band-Power Envelope Coherence,BetaH,Fast,C4,F8,0.3051246375928323
BASELINE_EC,Band-Power Envelope Coherence,BetaH,Fast,C4,Fp2,0.33947001663035253
BASELINE_EC,Band-Power Envelope Coherence,BetaH,Fast,FC2,F4,0.7935871731878656
BASELINE_EC,Band-Power Envelope Coherence,BetaH,Fast,FC2,F8,0.3225339619553864
BASELINE_EC,Band-Power Envelope Coherence,BetaH,Fast,FC2,Fp2,0.3914747904803318
BASELINE_EC,Band-Power Envelope Coherence,BetaH,Fast,F4,F8,0.47425376240362277
BASELINE_EC,Band-Power Envelope Coherence,BetaH,Fast,F4,Fp2,0.5469316690988669
BASELINE_EC,Band-Power Envelope Coherence,BetaH,Fast,F8,Fp2,0.565771922978056
