Metric,Band,Envelope_Band,Channel_A,Channel_B,Baseline,Modulation,Delta,Abs_Delta,Percent_Change
Band-Power Envelope Coherence Change,Theta,UltraSlow,Cz,Fz,0.587663516615899,0.6586110791842074,0.07094756256830836,0.07094756256830836,12.072820680934015
Band-Power Envelope Coherence Change,Theta,UltraSlow,Cz,Fp1,0.27835866496532685,0.17004103712318375,-0.1083176278421431,0.1083176278421431,-38.912971455598644
Band-Power Envelope Coherence Change,Theta,UltraSlow,Cz,F7,0.41959665916677513,0.14978391504825928,-0.26981274411851586,0.26981274411851586,-64.3028818804953
Band-Power Envelope Coherence Change,Theta,UltraSlow,Cz,F3,0.6815741128492391,0.5346014623823705,-0.14697265046686858,0.14697265046686858,-21.56370784865449
Band-Power Envelope Coherence Change,Theta,UltraSlow,Cz,FC1,0.7223570625919742,0.7850898420047929,0.06273277941281874,0.06273277941281874,8.684455743773016
Band-Power Envelope Coherence Change,Theta,UltraSlow,Cz,C3,0.39467934094170737,0.1607433331897989,-0.23393600775190848,0.23393600775190848,-59.272422821456956
Band-Power Envelope Coherence Change,Theta,UltraSlow,Cz,FC5,0.4991686746736459,0.2371941127991441,-0.2619745618745018,0.2619745618745018,-52.48217189225256
Band-Power Envelope Coherence Change,Theta,UltraSlow,Cz,FT9,0.2492233677511295,0.03955046108098148,-0.209672906670148,0.209672906670148,-84.13051655714887
Band-Power Envelope Coherence Change,Theta,UltraSlow,Cz,T7,0.3357290984964424,0.046793295796225015,-0.28893580270021735,0.28893580270021735,-86.06218644562296
Band-Power Envelope Coherence Change,Theta,UltraSlow,Cz,CP5,0.46287133590612783,0.1508474739435915,-0.31202386196253634,0.31202386196253634,-67.41049569459969
Band-Power Envelope Coherence Change,Theta,UltraSlow,Cz,CP1,0.46756662158791856,0.3895964264142476,-0.07797019517367099,0.07797019517367099,-16.675740220478914
Band-Power Envelope Coherence Change,Theta,UltraSlow,Cz,P3,0.4593843491029839,0.21185574740777602,-0.2475286016952079,0.2475286016952079,-53.88268063083651
Band-Power Envelope Coherence Change,Theta,UltraSlow,Cz,P7,0.14952160659649194,0.034551922406448284,-0.11496968419004366,0.11496968419004366,-76.89168596235581
Band-Power Envelope Coherence Change,Theta,UltraSlow,Cz,PO9,0.16253330298298502,0.07161381423142489,-0.09091948875156013,0.09091948875156013,-55.93899039944948
Band-Power Envelope Coherence Change,Theta,UltraSlow,Cz,O1,0.17060041893557837,0.05391158026427909,-0.11668883867129928,0.11668883867129928,-68.39891683698794
Band-Power Envelope Coherence Change,Theta,UltraSlow,Cz,Pz,0.40457283203950706,0.40088800451183465,-0.0036848275276724074,0.0036848275276724074,-0.9107946050397618
Band-Power Envelope Coherence Change,Theta,UltraSlow,Cz,Oz,0.3231846067603554,0.09318228308874192,-0.23000232367161344,0.23000232367161344,-71.16747483031037
Band-Power Envelope Coherence Change,Theta,UltraSlow,Cz,O2,0.29687330203688944,0.04007881932684881,-0.25679448271004063,0.25679448271004063,-86.49968890706494
Band-Power Envelope Coherence Change,Theta,UltraSlow,Cz,PO10,0.14953990405602646,0.004455453084264974,-0.14508445097176148,0.14508445097176148,-97.02055908595761
Band-Power Envelope Coherence Change,Theta,UltraSlow,Cz,P8,0.14334562638867954,0.09285984434951251,-0.050485782039167024,0.050485782039167024,-35.219618003744024
Band-Power Envelope Coherence Change,Theta,UltraSlow,Cz,P4,0.4306535658131358,0.4244393001136185,-0.006214265699517274,0.006214265699517274,-1.442984847410667
Band-Power Envelope Coherence Change,Theta,UltraSlow,Cz,CP2,0.4623648337500313,0.3561942067384091,-0.10617062701162217,0.10617062701162217,-22.962522073861113
Band-Power Envelope Coherence Change,Theta,UltraSlow,Cz,CP6,0.4281798964677884,0.412949881919689,-0.015230014548099413,0.015230014548099413,-3.556919573697256
Band-Power Envelope Coherence Change,Theta,UltraSlow,Cz,T8,0.10314964134460167,0.36789683668878753,0.2647471953441859,0.2647471953441859,256.6632243147799
Band-Power Envelope Coherence Change,Theta,UltraSlow,Cz,FT10,0.15618700086407744,0.01865268727334901,-0.13753431359072843,0.13753431359072843,-88.05746498098033
Band-Power Envelope Coherence Change,Theta,UltraSlow,Cz,FC6,0.5353054231151819,0.5142615866654077,-0.021043836449774256,0.021043836449774256,-3.931183122956377
Band-Power Envelope Coherence Change,Theta,UltraSlow,Cz,C4,0.49102039335865993,0.6459904465739901,0.15497005321533014,0.15497005321533014,31.56081810682232
Band-Power Envelope Coherence Change,Theta,UltraSlow,Cz,FC2,0.3417378996368105,0.7548246625163855,0.41308676287957496,0.41308676287957496,120.87824128333206
Band-Power Envelope Coherence Change,Theta,UltraSlow,Cz,F4,0.2718864716259761,0.6135400258211197,0.34165355419514354,0.34165355419514354,125.66037293136944
Band-Power Envelope Coherence Change,Theta,UltraSlow,Cz,F8,0.20677519839348069,0.07391470033822709,-0.1328604980552536,0.1328604980552536,-64.25359476740925
Band-Power Envelope Coherence Change,Theta,UltraSlow,Cz,Fp2,0.25428817319189195,0.30347806153473517,0.04918988834284321,0.04918988834284321,19.34415105720365
Band-Power Envelope Coherence Change,Theta,UltraSlow,Fz,Fp1,0.38546037966798513,0.23244777780346543,-0.1530126018645197,0.1530126018645197,-39.69606474115875
Band-Power Envelope Coherence Change,Theta,UltraSlow,Fz,F7,0.5546988994978771,0.25469660065073757,-0.3000022988471395,0.3000022988471395,-54.08380999470284
Band-Power Envelope Coherence Change,Theta,UltraSlow,Fz,F3,0.7596333632038427,0.7154686287585221,-0.04416473444532054,0.04416473444532054,-5.813954018429443
Band-Power Envelope Coherence Change,Theta,UltraSlow,Fz,FC1,0.6851898597785214,0.8481665005447422,0.16297664076622076,0.16297664076622076,23.78561772920878
Band-Power Envelope Coherence Change,Theta,UltraSlow,Fz,C3,0.36783810131011835,0.11922769097509857,-0.2486104103350198,0.2486104103350198,-67.58691104851599
Band-Power Envelope Coherence Change,Theta,UltraSlow,Fz,FC5,0.5573226628331919,0.2893242824995346,-0.26799838033365725,0.26799838033365725,-48.08675444333579
Band-Power Envelope Coherence Change,Theta,UltraSlow,Fz,FT9,0.36283143704768706,0.060253407166896616,-0.3025780298807904,0.3025780298807904,-83.39355386149258
Band-Power Envelope Coherence Change,Theta,UltraSlow,Fz,T7,0.40722893616959793,0.05402753519403611,-0.35320140097556185,0.35320140097556185,-86.73288403760795
Band-Power Envelope Coherence Change,Theta,UltraSlow,Fz,CP5,0.4455130504325192,0.08018194389437677,-0.36533110653814244,0.36533110653814244,-82.00233555076929
Band-Power Envelope Coherence Change,Theta,UltraSlow,Fz,CP1,0.39426457733170234,0.2232932665161539,-0.17097131081554845,0.17097131081554845,-43.36461367456479
Band-Power Envelope Coherence Change,Theta,UltraSlow,Fz,P3,0.38205838996578473,0.11936211802117452,-0.2626962719446102,0.2626962719446102,-68.75814766641716
Band-Power Envelope Coherence Change,Theta,UltraSlow,Fz,P7,0.24403911643128906,0.046354067414854774,-0.1976850490164343,0.1976850490164343,-81.00547646102214
Band-Power Envelope Coherence Change,Theta,UltraSlow,Fz,PO9,0.22738662528405304,0.08946911204516549,-0.13791751323888757,0.13791751323888757,-60.65330934332659
Band-Power Envelope Coherence Change,Theta,UltraSlow,Fz,O1,0.15715843058842555,0.036330521563230696,-0.12082790902519486,0.12082790902519486,-76.88286818136095
Band-Power Envelope Coherence Change,Theta,UltraSlow,Fz,Pz,0.3485790103310617,0.22053191142001094,-0.12804709891105076,0.12804709891105076,-36.734024458167596
Band-Power Envelope Coherence Change,Theta,UltraSlow,Fz,Oz,0.2768892117890624,0.05871027167388252,-0.21817894011517988,0.21817894011517988,-78.79647556705505
Band-Power Envelope Coherence Change,Theta,UltraSlow,Fz,O2,0.2482914783497472,0.02605834290034248,-0.22223313544940473,0.22223313544940473,-89.50493868193242
Band-Power Envelope Coherence Change,Theta,UltraSlow,Fz,PO10,0.16098329451001703,0.004312564583365207,-0.15667072992665182,0.15667072992665182,-97.32111049379918
Band-Power Envelope Coherence Change,Theta,UltraSlow,Fz,P8,0.10948208727906888,0.0779443375324505,-0.03153774974661838,0.03153774974661838,-28.806310265376045
Band-Power Envelope Coherence Change,Theta,UltraSlow,Fz,P4,0.3345757741830489,0.2621368029945222,-0.07243897118852671,0.07243897118852671,-21.6509911291111
Band-Power Envelope Coherence Change,Theta,UltraSlow,Fz,CP2,0.3920877713104071,0.18438359086868014,-0.20770418044172698,0.20770418044172698,-52.97389912150364
Band-Power Envelope Coherence Change,Theta,UltraSlow,Fz,CP6,0.37494271747769525,0.29488305498788003,-0.08005966248981522,0.08005966248981522,-21.352504998200917
Band-Power Envelope Coherence Change,Theta,UltraSlow,Fz,T8,0.1281382507043588,0.31933893687944703,0.19120068617508823,0.19120068617508823,149.21437207397767
Band-Power Envelope Coherence Change,Theta,UltraSlow,Fz,FT10,0.23299987660617985,0.020862628742772824,-0.21213724786340704,0.21213724786340704,-91.04607734276394
Band-Power Envelope Coherence Change,Theta,UltraSlow,Fz,FC6,0.6148594913059559,0.5485127988508108,-0.06634669245514502,0.06634669245514502,-10.790545383665666
Band-Power Envelope Coherence Change,Theta,UltraSlow,Fz,C4,0.42911849861047385,0.5254945048268878,0.0963760062164139,0.0963760062164139,22.4590658590782
Band-Power Envelope Coherence Change,Theta,UltraSlow,Fz,FC2,0.37102028728035913,0.8195849198309042,0.4485646325505451,0.4485646325505451,120.90029788899119
Band-Power Envelope Coherence Change,Theta,UltraSlow,Fz,F4,0.29934946763547715,0.8220851151328261,0.522735647497349,0.522735647497349,174.62387744543878
Band-Power Envelope Coherence Change,Theta,UltraSlow,Fz,F8,0.3335316555259244,0.1176846666751691,-0.21584698885075532,0.21584698885075532,-64.71559304030684
Band-Power Envelope Coherence Change,Theta,UltraSlow,Fz,Fp2,0.3684051889386874,0.3859264488135773,0.017521259874889894,0.017521259874889894,4.755975323085339
Band-Power Envelope Coherence Change,Theta,UltraSlow,Fp1,F7,0.5540006737753164,0.2771765023879333,-0.2768241713873831,0.2768241713873831,-49.96820121190926
Band-Power Envelope Coherence Change,Theta,UltraSlow,Fp1,F3,0.5204958664535058,0.24801208424599094,-0.2724837822075148,0.2724837822075148,-52.350806177219646
Band-Power Envelope Coherence Change,Theta,UltraSlow,Fp1,FC1,0.41764614212959067,0.1908351302023719,-0.22681101192721878,0.22681101192721878,-54.30698120918881
Band-Power Envelope Coherence Change,Theta,UltraSlow,Fp1,C3,0.20667887842863195,0.061293306001521074,-0.14538557242711087,0.14538557242711087,-70.34370107505387
Band-Power Envelope Coherence Change,Theta,UltraSlow,Fp1,FC5,0.37379733932891435,0.0973453291316812,-0.27645201019723314,0.27645201019723314,-73.9577255133899
Band-Power Envelope Coherence Change,Theta,UltraSlow,Fp1,FT9,0.3374516516729717,0.02991517733444425,-0.30753647433852743,0.30753647433852743,-91.134973799614
Band-Power Envelope Coherence Change,Theta,UltraSlow,Fp1,T7,0.2731054765599898,0.015880231934425032,-0.25722524462556473,0.25722524462556473,-94.185311794384
Band-Power Envelope Coherence Change,Theta,UltraSlow,Fp1,CP5,0.24372049599391402,0.01974982735182081,-0.2239706686420932,0.2239706686420932,-91.89652586612411
Band-Power Envelope Coherence Change,Theta,UltraSlow,Fp1,CP1,0.22455227154429264,0.06680608131773787,-0.15774619022655478,0.15774619022655478,-70.24920707401509
Band-Power Envelope Coherence Change,Theta,UltraSlow,Fp1,P3,0.20614836320464028,0.03876629417903729,-0.167382069025603,0.167382069025603,-81.19495416970419
Band-Power Envelope Coherence Change,Theta,UltraSlow,Fp1,P7,0.15832760864968354,0.020350605654078254,-0.13797700299560528,0.13797700299560528,-87.14652117363428
Band-Power Envelope Coherence Change,Theta,UltraSlow,Fp1,PO9,0.1940891735109296,0.02681093794588494,-0.16727823556504468,0.16727823556504468,-86.18627847143924
Band-Power Envelope Coherence Change,Theta,UltraSlow,Fp1,O1,0.109632001817478,0.021637090686340617,-0.08799491113113737,0.08799491113113737,-80.26389163050824
Band-Power Envelope Coherence Change,Theta,UltraSlow,Fp1,Pz,0.20089159698678405,0.06163106161640704,-0.13926053537037703,0.13926053537037703,-69.3212346654492
Band-Power Envelope Coherence Change,Theta,UltraSlow,Fp1,Oz,0.1797106989689231,0.03193940167397293,-0.14777129729495017,0.14777129729495017,-82.22732321602281
Band-Power Envelope Coherence Change,Theta,UltraSlow,Fp1,O2,0.17476016870288005,0.021760856011748753,-0.1529993126911313,0.1529993126911313,-87.54816033123333
Band-Power Envelope Coherence Change,Theta,UltraSlow,Fp1,PO10,0.15478284489327504,0.0010868559342332032,-0.15369598895904182,0.15369598895904182,-99.29781886682429
Band-Power Envelope Coherence Change,Theta,UltraSlow,Fp1,P8,0.09276750616288303,0.03552499795577306,-0.057242508207109966,0.057242508207109966,-61.70534336301165
Band-Power Envelope Coherence Change,Theta,UltraSlow,Fp1,P4,0.19024365299429835,0.08542958596279943,-0.10481406703149893,0.10481406703149893,-55.09464593525242
Band-Power Envelope Coherence Change,Theta,UltraSlow,Fp1,CP2,0.22205042630234975,0.04683765620315588,-0.17521277009919387,0.17521277009919387,-78.90674790266762
Band-Power Envelope Coherence Change,Theta,UltraSlow,Fp1,CP6,0.24486879831164438,0.11965766488479211,-0.12521113342685225,0.12521113342685225,-51.13396818630037
Band-Power Envelope Coherence Change,Theta,UltraSlow,Fp1,T8,0.14764439705105706,0.14455083411503714,-0.0030935629360199224,0.0030935629360199224,-2.095279602753997
Band-Power Envelope Coherence Change,Theta,UltraSlow,Fp1,FT10,0.18227248646790822,0.011555862330121442,-0.1707166241377868,0.1707166241377868,-93.6601170291513
Band-Power Envelope Coherence Change,Theta,UltraSlow,Fp1,FC6,0.39736647871417163,0.16844234335428165,-0.22892413535988998,0.22892413535988998,-57.61032890863364
Band-Power Envelope Coherence Change,Theta,UltraSlow,Fp1,C4,0.2563297817170905,0.1542972758009872,-0.10203250591610327,0.10203250591610327,-39.80517021183122
Band-Power Envelope Coherence Change,Theta,UltraSlow,Fp1,FC2,0.23439651302877695,0.19636748279752736,-0.038029030231249594,0.038029030231249594,-16.224230360705388
Band-Power Envelope Coherence Change,Theta,UltraSlow,Fp1,F4,0.18906840317954574,0.25139131308970825,0.06232290991016251,0.06232290991016251,32.963154531420344
Band-Power Envelope Coherence Change,Theta,UltraSlow,Fp1,F8,0.26914852720547855,0.07119269285273346,-0.1979558343527451,0.1979558343527451,-73.54891977603796
Band-Power Envelope Coherence Change,Theta,UltraSlow,Fp1,Fp2,0.7124467200510407,0.7390104167454865,0.026563696694445804,0.026563696694445804,3.7285169468592323
Band-Power Envelope Coherence Change,Theta,UltraSlow,F7,F3,0.7412851694799621,0.2990293147604913,-0.4422558547194708,0.4422558547194708,-59.660691044140144
Band-Power Envelope Coherence Change,Theta,UltraSlow,F7,FC1,0.6597698228689707,0.2117554225854442,-0.44801440028352646,0.44801440028352646,-67.90465170646361
Band-Power Envelope Coherence Change,Theta,UltraSlow,F7,C3,0.379999225213173,0.03873164546554988,-0.3412675797476231,0.3412675797476231,-89.807440937854
Band-Power Envelope Coherence Change,Theta,UltraSlow,F7,FC5,0.6778397582173595,0.25627683662559375,-0.4215629215917658,0.4215629215917658,-62.19212084880174
Band-Power Envelope Coherence Change,Theta,UltraSlow,F7,FT9,0.688036233288148,0.14384341536897197,-0.5441928179191761,0.5441928179191761,-79.09362786294851
Band-Power Envelope Coherence Change,Theta,UltraSlow,F7,T7,0.6021797474627534,0.07942290662403155,-0.5227568408387219,0.5227568408387219,-86.81076423465336
Band-Power Envelope Coherence Change,Theta,UltraSlow,F7,CP5,0.5120012002740348,0.040369895321269215,-0.4716313049527656,0.4716313049527656,-92.11527330411289
Band-Power Envelope Coherence Change,Theta,UltraSlow,F7,CP1,0.4114279010543166,0.047070613063178675,-0.3643572879911379,0.3643572879911379,-88.55920735016839
Band-Power Envelope Coherence Change,Theta,UltraSlow,F7,P3,0.39055160470765704,0.027839774202202974,-0.3627118305054541,0.3627118305054541,-92.87167845001122
Band-Power Envelope Coherence Change,Theta,UltraSlow,F7,P7,0.34654102172914886,0.09152264472710293,-0.25501837700204594,0.25501837700204594,-73.58966500692215
Band-Power Envelope Coherence Change,Theta,UltraSlow,F7,PO9,0.36347053241096733,0.14987561887552503,-0.2135949135354423,0.2135949135354423,-58.765400352712966
Band-Power Envelope Coherence Change,Theta,UltraSlow,F7,O1,0.2057108733087441,0.05191828523619854,-0.15379258807254556,0.15379258807254556,-74.76152601895951
Band-Power Envelope Coherence Change,Theta,UltraSlow,F7,Pz,0.37651898388685867,0.051618317985693676,-0.324900665901165,0.324900665901165,-86.29064663544173
Band-Power Envelope Coherence Change,Theta,UltraSlow,F7,Oz,0.32657152081005625,0.050890336054082545,-0.2756811847559737,0.2756811847559737,-84.4167868870348
Band-Power Envelope Coherence Change,Theta,UltraSlow,F7,O2,0.316402391603838,0.03638707583151668,-0.2800153157723213,0.2800153157723213,-88.49974690549232
Band-Power Envelope Coherence Change,Theta,UltraSlow,F7,PO10,0.25048798092891694,0.0021797934906269533,-0.24830818743829,0.24830818743829,-99.12978120445406
Band-Power Envelope Coherence Change,Theta,UltraSlow,F7,P8,0.14149001098167882,0.03886594549937339,-0.10262406548230543,0.10262406548230543,-72.53096156420114
Band-Power Envelope Coherence Change,Theta,UltraSlow,F7,P4,0.3473892301467576,0.06501921294988548,-0.2823700171968721,0.2823700171968721,-81.28346900034363
Band-Power Envelope Coherence Change,Theta,UltraSlow,F7,CP2,0.39951789853083225,0.03871276566677581,-0.36080513286405647,0.36080513286405647,-90.31012983169559
Band-Power Envelope Coherence Change,Theta,UltraSlow,F7,CP6,0.35571132212246576,0.09098548379198461,-0.26472583833048113,0.26472583833048113,-74.42153844047175
Band-Power Envelope Coherence Change,Theta,UltraSlow,F7,T8,0.14415155591143655,0.10727532208119248,-0.036876233830244076,0.036876233830244076,-25.581571837420885
Band-Power Envelope Coherence Change,Theta,UltraSlow,F7,FT10,0.24475863927470473,0.040829177101234154,-0.20392946217347058,0.20392946217347058,-83.31859613935443
Band-Power Envelope Coherence Change,Theta,UltraSlow,F7,FC6,0.5338811692565388,0.1453152471427815,-0.38856592211375734,0.38856592211375734,-72.78134995000075
Band-Power Envelope Coherence Change,Theta,UltraSlow,F7,C4,0.37315372917877565,0.11411581229321893,-0.2590379168855567,0.2590379168855567,-69.41855236329509
Band-Power Envelope Coherence Change,Theta,UltraSlow,F7,FC2,0.3392017591337437,0.17690020568574347,-0.1623015534480002,0.1623015534480002,-47.84808718636581
Band-Power Envelope Coherence Change,Theta,UltraSlow,F7,F4,0.2819094382175064,0.22224189310091302,-0.05966754511659339,0.05966754511659339,-21.165501053766445
Band-Power Envelope Coherence Change,Theta,UltraSlow,F7,F8,0.3068031810511204,0.05841067511800593,-0.2483925059331145,0.2483925059331145,-80.9615158102701
Band-Power Envelope Coherence Change,Theta,UltraSlow,F7,Fp2,0.43162510755804173,0.28366213597002254,-0.1479629715880192,0.1479629715880192,-34.28043665604467
Band-Power Envelope Coherence Change,Theta,UltraSlow,F3,FC1,0.8054486221189596,0.7222465109925092,-0.08320211112645037,0.08320211112645037,-10.329909176275423
Band-Power Envelope Coherence Change,Theta,UltraSlow,F3,C3,0.44090313626579375,0.12669217043691897,-0.31421096582887476,0.31421096582887476,-71.2653052300939
Band-Power Envelope Coherence Change,Theta,UltraSlow,F3,FC5,0.6983736548511309,0.3149521355131428,-0.3834215193379881,0.3834215193379881,-54.90205947412497
Band-Power Envelope Coherence Change,Theta,UltraSlow,F3,FT9,0.4357041421926826,0.053776863960639826,-0.38192727823204276,0.38192727823204276,-87.65748159060237
Band-Power Envelope Coherence Change,Theta,UltraSlow,F3,T7,0.5055139552097383,0.06551277927698985,-0.44000117593274846,0.44000117593274846,-87.04036187293612
Band-Power Envelope Coherence Change,Theta,UltraSlow,F3,CP5,0.5303110514006197,0.08224878722721424,-0.4480622641734055,0.4480622641734055,-84.49046328376815
Band-Power Envelope Coherence Change,Theta,UltraSlow,F3,CP1,0.4275224688679547,0.170335228430337,-0.2571872404376177,0.2571872404376177,-60.157596188717044
Band-Power Envelope Coherence Change,Theta,UltraSlow,F3,P3,0.40985734686175307,0.08812080173067324,-0.32173654513107985,0.32173654513107985,-78.49964081273458
Band-Power Envelope Coherence Change,Theta,UltraSlow,F3,P7,0.25379124869798936,0.033261714240962206,-0.22052953445702717,0.22052953445702717,-86.89406572858486
Band-Power Envelope Coherence Change,Theta,UltraSlow,F3,PO9,0.2577333904666633,0.08115802228031474,-0.17657536818634859,0.17657536818634859,-68.51086227773341
Band-Power Envelope Coherence Change,Theta,UltraSlow,F3,O1,0.17936572763326647,0.03449799395515445,-0.144867733678112,0.144867733678112,-80.76667465387284
Band-Power Envelope Coherence Change,Theta,UltraSlow,F3,Pz,0.3809594041058611,0.16835468786849733,-0.21260471623736377,0.21260471623736377,-55.807709153777736
Band-Power Envelope Coherence Change,Theta,UltraSlow,F3,Oz,0.30043905771269486,0.047780488648090126,-0.2526585690646047,0.2526585690646047,-84.09644571120248
Band-Power Envelope Coherence Change,Theta,UltraSlow,F3,O2,0.2767742030860625,0.02778466653692988,-0.2489895365491326,0.2489895365491326,-89.96125136406218
Band-Power Envelope Coherence Change,Theta,UltraSlow,F3,PO10,0.1895517350433094,0.002454431964661492,-0.18709730307864791,0.18709730307864791,-98.70513875058928
Band-Power Envelope Coherence Change,Theta,UltraSlow,F3,P8,0.1283227068903769,0.06592958755758367,-0.06239311933279322,0.06239311933279322,-48.622041137344624
Band-Power Envelope Coherence Change,Theta,UltraSlow,F3,P4,0.36247196451473046,0.19932686747264663,-0.16314509704208383,0.16314509704208383,-45.009024976731354
Band-Power Envelope Coherence Change,Theta,UltraSlow,F3,CP2,0.4210469339500477,0.14554388748798588,-0.2755030464620618,0.2755030464620618,-65.4328589635917
Band-Power Envelope Coherence Change,Theta,UltraSlow,F3,CP6,0.407667782207315,0.22774964298184533,-0.17991813922546965,0.17991813922546965,-44.13351927182076
Band-Power Envelope Coherence Change,Theta,UltraSlow,F3,T8,0.11746011763248139,0.2507495357785847,0.13328941814610334,0.13328941814610334,113.47631930963149
Band-Power Envelope Coherence Change,Theta,UltraSlow,F3,FT10,0.24603393764155956,0.01839964005915612,-0.22763429758240344,0.22763429758240344,-92.52150323832069
Band-Power Envelope Coherence Change,Theta,UltraSlow,F3,FC6,0.6610988637337946,0.4234638824563701,-0.23763498127742444,0.23763498127742444,-35.94545298948104
Band-Power Envelope Coherence Change,Theta,UltraSlow,F3,C4,0.4648191272710273,0.40388454800812407,-0.06093457926290324,0.06093457926290324,-13.109309769727577
Band-Power Envelope Coherence Change,Theta,UltraSlow,F3,FC2,0.40471356152671717,0.6048671876827597,0.20015362615604254,0.20015362615604254,49.455626196709346
Band-Power Envelope Coherence Change,Theta,UltraSlow,F3,F4,0.33552172347874,0.6132192933755944,0.27769756989685446,0.27769756989685446,82.76589873753748
Band-Power Envelope Coherence Change,Theta,UltraSlow,F3,F8,0.34372553671482353,0.09376325081866678,-0.24996228589615677,0.24996228589615677,-72.72147664243559
Band-Power Envelope Coherence Change,Theta,UltraSlow,F3,Fp2,0.4554799642252826,0.350914879320622,-0.1045650849046606,0.1045650849046606,-22.957120645803467
Band-Power Envelope Coherence Change,Theta,UltraSlow,FC1,C3,0.5308794081496441,0.19960950397226274,-0.33126990417738134,0.33126990417738134,-62.40021727947736
Band-Power Envelope Coherence Change,Theta,UltraSlow,FC1,FC5,0.7294993743050725,0.329334696300392,-0.4001646780046805,0.4001646780046805,-54.85469790647605
Band-Power Envelope Coherence Change,Theta,UltraSlow,FC1,FT9,0.4918429690372028,0.04938188448106346,-0.44246108455613936,0.44246108455613936,-89.95982710137547
Band-Power Envelope Coherence Change,Theta,UltraSlow,FC1,T7,0.5833953888341381,0.06681110920390873,-0.5165842796302293,0.5165842796302293,-88.54788527941152
Band-Power Envelope Coherence Change,Theta,UltraSlow,FC1,CP5,0.6989239338515906,0.16627044070288657,-0.532653493148704,0.532653493148704,-76.21050980660902
Band-Power Envelope Coherence Change,Theta,UltraSlow,FC1,CP1,0.6602194122685826,0.33079897784106493,-0.32942043442751767,0.32942043442751767,-49.89559960007762
Band-Power Envelope Coherence Change,Theta,UltraSlow,FC1,P3,0.6507292551181315,0.19584256614193035,-0.45488668897620116,0.45488668897620116,-69.90413991662666
Band-Power Envelope Coherence Change,Theta,UltraSlow,FC1,P7,0.35581177422562543,0.06350634608763671,-0.2923054281379887,0.2923054281379887,-82.151701914348
Band-Power Envelope Coherence Change,Theta,UltraSlow,FC1,PO9,0.3762918147991235,0.09110915094200199,-0.2851826638571215,0.2851826638571215,-75.78763412894352
Band-Power Envelope Coherence Change,Theta,UltraSlow,FC1,O1,0.30667637452370544,0.04686929272241803,-0.2598070818012874,0.2598070818012874,-84.71701878072284
Band-Power Envelope Coherence Change,Theta,UltraSlow,FC1,Pz,0.5807004451711286,0.3377014375932603,-0.2429990075778683,0.2429990075778683,-41.84584489275845
Band-Power Envelope Coherence Change,Theta,UltraSlow,FC1,Oz,0.5203843343010393,0.08137244862579875,-0.4390118856752405,0.4390118856752405,-84.36300955617828
Band-Power Envelope Coherence Change,Theta,UltraSlow,FC1,O2,0.4822187426111695,0.03865629101174328,-0.4435624515994262,0.4435624515994262,-91.98366060961814
Band-Power Envelope Coherence Change,Theta,UltraSlow,FC1,PO10,0.30525311200971844,0.0038440768691947683,-0.3014090351405237,0.3014090351405237,-98.74069199691816
Band-Power Envelope Coherence Change,Theta,UltraSlow,FC1,P8,0.20888549467539635,0.0926980871366692,-0.11618740753872715,0.11618740753872715,-55.6225350732371
Band-Power Envelope Coherence Change,Theta,UltraSlow,FC1,P4,0.5639681128378153,0.34706176515155074,-0.2169063476862646,0.2169063476862646,-38.46074676009954
Band-Power Envelope Coherence Change,Theta,UltraSlow,FC1,CP2,0.6367292489849802,0.279929056021915,-0.3568001929630652,0.3568001929630652,-56.03640692364075
Band-Power Envelope Coherence Change,Theta,UltraSlow,FC1,CP6,0.5502676980859468,0.3163536838112277,-0.23391401427471908,0.23391401427471908,-42.509130571968235
Band-Power Envelope Coherence Change,Theta,UltraSlow,FC1,T8,0.2516566597587888,0.2908071491614248,0.03915048940263599,0.03915048940263599,15.557104445462109
Band-Power Envelope Coherence Change,Theta,UltraSlow,FC1,FT10,0.2859988215718907,0.01838423558345551,-0.2676145859884352,0.2676145859884352,-93.57191911406728
Band-Power Envelope Coherence Change,Theta,UltraSlow,FC1,FC6,0.7170178467520215,0.5008890072273382,-0.2161288395246833,0.2161288395246833,-30.14274198385899
Band-Power Envelope Coherence Change,Theta,UltraSlow,FC1,C4,0.558675891476106,0.5543742122367531,-0.0043016792393528736,0.0043016792393528736,-0.7699776032910939
Band-Power Envelope Coherence Change,Theta,UltraSlow,FC1,FC2,0.4598554164858348,0.7941855684698228,0.334330151983988,0.334330151983988,72.70331934739461
Band-Power Envelope Coherence Change,Theta,UltraSlow,FC1,F4,0.3169791184661131,0.6971554590962094,0.38017634063009625,0.38017634063009625,119.937345548123
Band-Power Envelope Coherence Change,Theta,UltraSlow,FC1,F8,0.3435513141913548,0.08101044460197679,-0.26254086958937806,0.26254086958937806,-76.41969590695417
Band-Power Envelope Coherence Change,Theta,UltraSlow,FC1,Fp2,0.3646248062291639,0.30423521585830754,-0.06038959037085634,0.06038959037085634,-16.56211791934473
Band-Power Envelope Coherence Change,Theta,UltraSlow,C3,FC5,0.45290371376921623,0.09026130448411862,-0.3626424092850976,0.3626424092850976,-80.07053116589974
Band-Power Envelope Coherence Change,Theta,UltraSlow,C3,FT9,0.30875697634672056,0.007539823636128209,-0.30121715271059235,0.30121715271059235,-97.55800703668592
Band-Power Envelope Coherence Change,Theta,UltraSlow,C3,T7,0.37597142226865793,0.0404356645194851,-0.3355357577491728,0.3355357577491728,-89.24501647612169
Band-Power Envelope Coherence Change,Theta,UltraSlow,C3,CP5,0.5008937034931225,0.08263283972965917,-0.4182608637634633,0.4182608637634633,-83.50291905180761
Band-Power Envelope Coherence Change,Theta,UltraSlow,C3,CP1,0.45063950618799126,0.09080995243552054,-0.3598295537524707,0.3598295537524707,-79.84864815699542
Band-Power Envelope Coherence Change,Theta,UltraSlow,C3,P3,0.4534748292875479,0.05482378990149301,-0.3986510393860549,0.3986510393860549,-87.91029041509836
Band-Power Envelope Coherence Change,Theta,UltraSlow,C3,P7,0.270703651985491,0.012908301616783352,-0.25779535036870765,0.25779535036870765,-95.23157463074226
Band-Power Envelope Coherence Change,Theta,UltraSlow,C3,PO9,0.27466690544105354,0.01781043125587714,-0.25685647418517643,0.25685647418517643,-93.51562532541824
Band-Power Envelope Coherence Change,Theta,UltraSlow,C3,O1,0.24042262643466475,0.009813560933363568,-0.23060906550130117,0.23060906550130117,-95.91820408965108
Band-Power Envelope Coherence Change,Theta,UltraSlow,C3,Pz,0.4136986268139598,0.08803246569723623,-0.3256661611167236,0.3256661611167236,-78.72062898172868
Band-Power Envelope Coherence Change,Theta,UltraSlow,C3,Oz,0.35581260327051273,0.02063328021587564,-0.3351793230546371,0.3351793230546371,-94.2010822477278
Band-Power Envelope Coherence Change,Theta,UltraSlow,C3,O2,0.3317784249047921,0.007231043239486592,-0.3245473816653055,0.3245473816653055,-97.82052035434141
Band-Power Envelope Coherence Change,Theta,UltraSlow,C3,PO10,0.1939211179119211,0.0028644709404907456,-0.19105664697143035,0.19105664697143035,-98.5228679726404
Band-Power Envelope Coherence Change,Theta,UltraSlow,C3,P8,0.13360889561916678,0.010405369455659045,-0.12320352616350773,0.12320352616350773,-92.21206836009027
Band-Power Envelope Coherence Change,Theta,UltraSlow,C3,P4,0.3886750707013709,0.06302557450723577,-0.32564949619413514,0.32564949619413514,-83.78450812564205
Band-Power Envelope Coherence Change,Theta,UltraSlow,C3,CP2,0.43457761304807097,0.09586777302013413,-0.3387098400279368,0.3387098400279368,-77.94001114145526
Band-Power Envelope Coherence Change,Theta,UltraSlow,C3,CP6,0.3310669827520327,0.03060863525230668,-0.30045834749972605,0.30045834749972605,-90.754549125416
Band-Power Envelope Coherence Change,Theta,UltraSlow,C3,T8,0.08064755140086509,0.020379704168631992,-0.06026784723223309,0.06026784723223309,-74.72991576975096
Band-Power Envelope Coherence Change,Theta,UltraSlow,C3,FT10,0.1464462934205864,0.0042358168654417225,-0.14221047655514468,0.14221047655514468,-97.10759708115202
Band-Power Envelope Coherence Change,Theta,UltraSlow,C3,FC6,0.36892118757217207,0.052830798612620876,-0.3160903889595512,0.3160903889595512,-85.67965180848131
Band-Power Envelope Coherence Change,Theta,UltraSlow,C3,C4,0.3583739178009513,0.07554209167737573,-0.28283182612357555,0.28283182612357555,-78.92087344388341
Band-Power Envelope Coherence Change,Theta,UltraSlow,C3,FC2,0.29681514205665,0.1088874594709874,-0.18792768258566261,0.18792768258566261,-63.31472218145624
Band-Power Envelope Coherence Change,Theta,UltraSlow,C3,F4,0.18448009398255125,0.07372315326878104,-0.11075694071377021,0.11075694071377021,-60.03733970573864
Band-Power Envelope Coherence Change,Theta,UltraSlow,C3,F8,0.1800132097247147,0.04884588139437178,-0.13116732833034295,0.13116732833034295,-72.8653905626874
Band-Power Envelope Coherence Change,Theta,UltraSlow,C3,Fp2,0.16781107385955776,0.04289526836858414,-0.12491580549097361,0.12491580549097361,-74.43835655060316
Band-Power Envelope Coherence Change,Theta,UltraSlow,FC5,FT9,0.5125246358973493,0.03433924793708356,-0.4781853879602658,0.4781853879602658,-93.29998100931071
Band-Power Envelope Coherence Change,Theta,UltraSlow,FC5,T7,0.5695895701981976,0.08785712454915796,-0.4817324456490396,0.4817324456490396,-84.5753628321202
Band-Power Envelope Coherence Change,Theta,UltraSlow,FC5,CP5,0.6210000296420549,0.10398690287807381,-0.5170131267639811,0.5170131267639811,-83.25492787206277
Band-Power Envelope Coherence Change,Theta,UltraSlow,FC5,CP1,0.48366170035202943,0.08078692640297093,-0.4028747739490585,0.4028747739490585,-83.29681131580797
Band-Power Envelope Coherence Change,Theta,UltraSlow,FC5,P3,0.48084108089450806,0.040910377388407575,-0.4399307035061005,0.4399307035061005,-91.49191302201092
Band-Power Envelope Coherence Change,Theta,UltraSlow,FC5,P7,0.35848156112408697,0.06131496829181605,-0.2971665928322709,0.2971665928322709,-82.89592131334418
Band-Power Envelope Coherence Change,Theta,UltraSlow,FC5,PO9,0.35310651647198327,0.1286879752546964,-0.22441854121728685,0.22441854121728685,-63.555479932665875
Band-Power Envelope Coherence Change,Theta,UltraSlow,FC5,O1,0.24406570834136251,0.017994108692459047,-0.22607159964890347,0.22607159964890347,-92.62735071848292
Band-Power Envelope Coherence Change,Theta,UltraSlow,FC5,Pz,0.44097362655274513,0.07787586364692266,-0.36309776290582246,0.36309776290582246,-82.34001787006919
Band-Power Envelope Coherence Change,Theta,UltraSlow,FC5,Oz,0.36826911218066827,0.023363035376696994,-0.3449060768039713,0.3449060768039713,-93.6559883509222
Band-Power Envelope Coherence Change,Theta,UltraSlow,FC5,O2,0.34268554670341045,0.01536060382996376,-0.3273249428734467,0.3273249428734467,-95.51758048224364
Band-Power Envelope Coherence Change,Theta,UltraSlow,FC5,PO10,0.23734332009954787,0.0025300453175458033,-0.23481327478200206,0.23481327478200206,-98.93401452525201
Band-Power Envelope Coherence Change,Theta,UltraSlow,FC5,P8,0.14250006175410632,0.015611757602762753,-0.12688830415134356,0.12688830415134356,-89.04438537738886
Band-Power Envelope Coherence Change,Theta,UltraSlow,FC5,P4,0.4057577795999935,0.07172130565090112,-0.33403647394909236,0.33403647394909236,-82.3241083087536
Band-Power Envelope Coherence Change,Theta,UltraSlow,FC5,CP2,0.46489741149463426,0.060263478315439475,-0.40463393317919477,0.40463393317919477,-87.03725234311504
Band-Power Envelope Coherence Change,Theta,UltraSlow,FC5,CP6,0.3952124303006255,0.07606827706117032,-0.31914415323945516,0.31914415323945516,-80.7525595783241
Band-Power Envelope Coherence Change,Theta,UltraSlow,FC5,T8,0.14906686347623602,0.07369338386706253,-0.07537347960917348,0.07537347960917348,-50.56353763101039
Band-Power Envelope Coherence Change,Theta,UltraSlow,FC5,FT10,0.2203481825714275,0.007514606851332225,-0.21283357572009526,0.21283357572009526,-96.58966696995728
Band-Power Envelope Coherence Change,Theta,UltraSlow,FC5,FC6,0.5392707655446549,0.1338404325674858,-0.40543033297716913,0.40543033297716913,-75.18121857907333
Band-Power Envelope Coherence Change,Theta,UltraSlow,FC5,C4,0.4282051488287546,0.13597794871306848,-0.29222720011568615,0.29222720011568615,-68.24467218925291
Band-Power Envelope Coherence Change,Theta,UltraSlow,FC5,FC2,0.3770594923481456,0.23948877013628309,-0.13757072221186253,0.13757072221186253,-36.48515022261821
Band-Power Envelope Coherence Change,Theta,UltraSlow,FC5,F4,0.2547318792187507,0.21035505407266408,-0.044376825146086596,0.044376825146086596,-17.42099390236824
Band-Power Envelope Coherence Change,Theta,UltraSlow,FC5,F8,0.2760531843125558,0.024982935802494357,-0.2510702485100615,0.2510702485100615,-90.9499555802233
Band-Power Envelope Coherence Change,Theta,UltraSlow,FC5,Fp2,0.2954893284628137,0.11439833177085461,-0.1810909966919591,0.1810909966919591,-61.28512242185719
Band-Power Envelope Coherence Change,Theta,UltraSlow,FT9,T7,0.5522693373440525,0.05952020891141778,-0.4927491284326347,0.4927491284326347,-89.22261206865846
Band-Power Envelope Coherence Change,Theta,UltraSlow,FT9,CP5,0.47452381084545403,0.024403128203817504,-0.4501206826416365,0.4501206826416365,-94.85734379475316
Band-Power Envelope Coherence Change,Theta,UltraSlow,FT9,CP1,0.39641774694781573,0.04506989119070445,-0.35134785575711125,0.35134785575711125,-88.63070799990258
Band-Power Envelope Coherence Change,Theta,UltraSlow,FT9,P3,0.38304093090964475,0.048367323846003445,-0.3346736070636413,0.3346736070636413,-87.3728053732689
Band-Power Envelope Coherence Change,Theta,UltraSlow,FT9,P7,0.4307844541905432,0.09080315650339404,-0.33998129768714913,0.33998129768714913,-78.92144072979238
Band-Power Envelope Coherence Change,Theta,UltraSlow,FT9,PO9,0.440612899584322,0.05153896669523795,-0.38907393288908404,0.38907393288908404,-88.30289200705194
Band-Power Envelope Coherence Change,Theta,UltraSlow,FT9,O1,0.22996941616929567,0.07428072890202668,-0.15568868726726898,0.15568868726726898,-67.69973584342026
Band-Power Envelope Coherence Change,Theta,UltraSlow,FT9,Pz,0.36844948695962254,0.05514130433683683,-0.3133081826227857,0.3133081826227857,-85.03422957869944
Band-Power Envelope Coherence Change,Theta,UltraSlow,FT9,Oz,0.35585599760105985,0.06643788886762762,-0.2894181087334322,0.2894181087334322,-81.33011967888503
Band-Power Envelope Coherence Change,Theta,UltraSlow,FT9,O2,0.334234267833949,0.03577819964049893,-0.29845606819345005,0.29845606819345005,-89.29547234268811
Band-Power Envelope Coherence Change,Theta,UltraSlow,FT9,PO10,0.27969692950511277,0.0025110735761179385,-0.2771858559289948,0.2771858559289948,-99.10221625222665
Band-Power Envelope Coherence Change,Theta,UltraSlow,FT9,P8,0.13950889628170052,0.0428328184441342,-0.09667607783756632,0.09667607783756632,-69.29742863304939
Band-Power Envelope Coherence Change,Theta,UltraSlow,FT9,P4,0.3149071187854583,0.06082319071503692,-0.25408392807042135,0.25408392807042135,-80.68535543127085
Band-Power Envelope Coherence Change,Theta,UltraSlow,FT9,CP2,0.3707180270455861,0.033834005445975514,-0.33688402159961056,0.33688402159961056,-90.87338543646946
Band-Power Envelope Coherence Change,Theta,UltraSlow,FT9,CP6,0.30190388346626185,0.04935270370877986,-0.252551179757482,0.252551179757482,-83.65284237415413
Band-Power Envelope Coherence Change,Theta,UltraSlow,FT9,T8,0.14090988095018941,0.06735594998005555,-0.07355393097013387,0.07355393097013387,-52.19927124637528
Band-Power Envelope Coherence Change,Theta,UltraSlow,FT9,FT10,0.21652408094917372,0.03271996549169862,-0.1838041154574751,0.1838041154574751,-84.88853279124218
Band-Power Envelope Coherence Change,Theta,UltraSlow,FT9,FC6,0.3849848943114479,0.07138761648508393,-0.31359727782636393,0.31359727782636393,-81.45703440838584
Band-Power Envelope Coherence Change,Theta,UltraSlow,FT9,C4,0.27817796723047383,0.04938162803520405,-0.2287963391952698,0.2287963391952698,-82.24818862297215
Band-Power Envelope Coherence Change,Theta,UltraSlow,FT9,FC2,0.2511597459234854,0.042365896837142036,-0.20879384908634335,0.20879384908634335,-83.13189214244204
Band-Power Envelope Coherence Change,Theta,UltraSlow,FT9,F4,0.18073813849878714,0.07491871086960031,-0.10581942762918684,0.10581942762918684,-58.54847709958955
Band-Power Envelope Coherence Change,Theta,UltraSlow,FT9,F8,0.23030999054670787,0.06021021342480775,-0.1700997771219001,0.1700997771219001,-73.85688163944549
Band-Power Envelope Coherence Change,Theta,UltraSlow,FT9,Fp2,0.271893453048379,0.0751997361793269,-0.19669371686905207,0.19669371686905207,-72.34220414790704
Band-Power Envelope Coherence Change,Theta,UltraSlow,T7,CP5,0.5980313900966902,0.04730691271460048,-0.5507244773820896,0.5507244773820896,-92.08956026422761
Band-Power Envelope Coherence Change,Theta,UltraSlow,T7,CP1,0.46427979291503624,0.027501811957654852,-0.4367779809573814,0.4367779809573814,-94.07645726190636
Band-Power Envelope Coherence Change,Theta,UltraSlow,T7,P3,0.4563835961355683,0.019794106279409064,-0.4365894898561592,0.4365894898561592,-95.66283572700338
Band-Power Envelope Coherence Change,Theta,UltraSlow,T7,P7,0.40107600076632327,0.03650462502449293,-0.36457137574183035,0.36457137574183035,-90.89832726098179
Band-Power Envelope Coherence Change,Theta,UltraSlow,T7,PO9,0.3910814832594036,0.07908587140903628,-0.31199561185036734,0.31199561185036734,-79.77764870126087
Band-Power Envelope Coherence Change,Theta,UltraSlow,T7,O1,0.22816352809871718,0.026993606997993528,-0.20116992110072365,0.20116992110072365,-88.16918408348135
Band-Power Envelope Coherence Change,Theta,UltraSlow,T7,Pz,0.4177171741698498,0.029159036783210246,-0.3885581373866396,0.3885581373866396,-93.0194307090295
Band-Power Envelope Coherence Change,Theta,UltraSlow,T7,Oz,0.366199552058524,0.027210714146225865,-0.3389888379122981,0.3389888379122981,-92.56942997519637
Band-Power Envelope Coherence Change,Theta,UltraSlow,T7,O2,0.3458834025356386,0.0037816054451998093,-0.3421017970904388,0.3421017970904388,-98.90668201553552
Band-Power Envelope Coherence Change,Theta,UltraSlow,T7,PO10,0.254750966522954,0.005780258116198419,-0.24897070840675556,0.24897070840675556,-97.73101621748799
Band-Power Envelope Coherence Change,Theta,UltraSlow,T7,P8,0.1429670762123246,0.008840043178492992,-0.1341270330338316,0.1341270330338316,-93.81672800990602
Band-Power Envelope Coherence Change,Theta,UltraSlow,T7,P4,0.3780241737115023,0.020733931214955967,-0.35729024249654634,0.35729024249654634,-94.51518377478698
Band-Power Envelope Coherence Change,Theta,UltraSlow,T7,CP2,0.43684486410773277,0.020299388979736408,-0.41654547512799633,0.41654547512799633,-95.35318126694736
Band-Power Envelope Coherence Change,Theta,UltraSlow,T7,CP6,0.3212122096645223,0.017745766312350617,-0.30346644335217166,0.30346644335217166,-94.47537615992725
Band-Power Envelope Coherence Change,Theta,UltraSlow,T7,T8,0.10963212178067333,0.02160093161703573,-0.0880311901636376,0.0880311901636376,-80.29689541150185
Band-Power Envelope Coherence Change,Theta,UltraSlow,T7,FT10,0.1894839789606311,0.01759687802530924,-0.17188710093532186,0.17188710093532186,-90.713263399981
Band-Power Envelope Coherence Change,Theta,UltraSlow,T7,FC6,0.3965888871159302,0.03496261953931435,-0.36162626757661587,0.36162626757661587,-91.18416559940215
Band-Power Envelope Coherence Change,Theta,UltraSlow,T7,C4,0.3219700790836938,0.03227607559496576,-0.28969400348872804,0.28969400348872804,-89.97544253589606
Band-Power Envelope Coherence Change,Theta,UltraSlow,T7,FC2,0.2638046902763642,0.0411888110088168,-0.22261587926754742,0.22261587926754742,-84.38662672537512
Band-Power Envelope Coherence Change,Theta,UltraSlow,T7,F4,0.18383899066006817,0.04486686787969551,-0.13897212278037266,0.13897212278037266,-75.59447660226895
Band-Power Envelope Coherence Change,Theta,UltraSlow,T7,F8,0.1927652456881224,0.011679214083329996,-0.1810860316047924,0.1810860316047924,-93.94122418611393
Band-Power Envelope Coherence Change,Theta,UltraSlow,T7,Fp2,0.21659688307427752,0.028830921855055983,-0.18776596121922154,0.18776596121922154,-86.68913354345501
Band-Power Envelope Coherence Change,Theta,UltraSlow,CP5,CP1,0.6496879007447967,0.22113015019563562,-0.428557750549161,0.428557750549161,-65.96363424005065
Band-Power Envelope Coherence Change,Theta,UltraSlow,CP5,P3,0.6921023992344283,0.2137000963743591,-0.4784023028600692,0.4784023028600692,-69.12305222308949
Band-Power Envelope Coherence Change,Theta,UltraSlow,CP5,P7,0.5076704703625702,0.1795123088988368,-0.3281581614637334,0.3281581614637334,-64.63999397667705
Band-Power Envelope Coherence Change,Theta,UltraSlow,CP5,PO9,0.45420144081937613,0.05913243756641928,-0.39506900325295685,0.39506900325295685,-86.98101057104864
Band-Power Envelope Coherence Change,Theta,UltraSlow,CP5,O1,0.3439942517452728,0.054541355557974215,-0.2894528961872986,0.2894528961872986,-84.14468983674703
Band-Power Envelope Coherence Change,Theta,UltraSlow,CP5,Pz,0.5853746507448201,0.21527551739389672,-0.37009913335092337,0.37009913335092337,-63.22431845656725
Band-Power Envelope Coherence Change,Theta,UltraSlow,CP5,Oz,0.5123937562448015,0.06411859443257445,-0.4482751618122271,0.4482751618122271,-87.48646062698292
Band-Power Envelope Coherence Change,Theta,UltraSlow,CP5,O2,0.46217786067147326,0.03102039810692238,-0.4311574625645509,0.4311574625645509,-93.2882120182359
Band-Power Envelope Coherence Change,Theta,UltraSlow,CP5,PO10,0.2714372824911195,0.005025129974048832,-0.2664121525170706,0.2664121525170706,-98.14869573997697
Band-Power Envelope Coherence Change,Theta,UltraSlow,CP5,P8,0.16429537209690864,0.03426878573552275,-0.1300265863613859,0.1300265863613859,-79.14196529205368
Band-Power Envelope Coherence Change,Theta,UltraSlow,CP5,P4,0.5265208036430304,0.11693539350606366,-0.4095854101369668,0.4095854101369668,-77.79092626597462
Band-Power Envelope Coherence Change,Theta,UltraSlow,CP5,CP2,0.6037165806007034,0.08078048257987941,-0.522936098020824,0.522936098020824,-86.61946927157406
Band-Power Envelope Coherence Change,Theta,UltraSlow,CP5,CP6,0.4145775587627299,0.07600675236253342,-0.3385708064001965,0.3385708064001965,-81.66645763717436
Band-Power Envelope Coherence Change,Theta,UltraSlow,CP5,T8,0.10610505165500275,0.04993904639423347,-0.05616600526076928,0.05616600526076928,-52.93433666418757
Band-Power Envelope Coherence Change,Theta,UltraSlow,CP5,FT10,0.19695892684272487,0.018120931914918745,-0.1788379949278061,0.1788379949278061,-90.79963919107426
Band-Power Envelope Coherence Change,Theta,UltraSlow,CP5,FC6,0.4488982052239041,0.05986384884043247,-0.3890343563834716,0.3890343563834716,-86.66427084274635
Band-Power Envelope Coherence Change,Theta,UltraSlow,CP5,C4,0.41379983812343485,0.08527809676487849,-0.3285217413585564,0.3285217413585564,-79.39146202869216
Band-Power Envelope Coherence Change,Theta,UltraSlow,CP5,FC2,0.32243301172450994,0.08813149533849117,-0.23430151638601876,0.23430151638601876,-72.66672699947001
Band-Power Envelope Coherence Change,Theta,UltraSlow,CP5,F4,0.2047219251152293,0.06580432411670212,-0.13891760099852718,0.13891760099852718,-67.85672854548254
Band-Power Envelope Coherence Change,Theta,UltraSlow,CP5,F8,0.20799719962797408,0.011259206939993013,-0.19673799268798106,0.19673799268798106,-94.58684686133691
Band-Power Envelope Coherence Change,Theta,UltraSlow,CP5,Fp2,0.19300782326757152,0.043460601091743975,-0.14954722217582755,0.14954722217582755,-77.48246658815822
Band-Power Envelope Coherence Change,Theta,UltraSlow,CP1,P3,0.8407868453416164,0.47885265592578463,-0.3619341894158318,0.3619341894158318,-43.04708041296434
Band-Power Envelope Coherence Change,Theta,UltraSlow,CP1,P7,0.41298452922521206,0.10465678423166845,-0.3083277449935436,0.3083277449935436,-74.65842499523846
Band-Power Envelope Coherence Change,Theta,UltraSlow,CP1,PO9,0.4731072715643373,0.04171867096233484,-0.43138860060200246,0.43138860060200246,-91.18198483308207
Band-Power Envelope Coherence Change,Theta,UltraSlow,CP1,O1,0.4688648126575105,0.23007008277241087,-0.23879472988509964,0.23879472988509964,-50.93040113878857
Band-Power Envelope Coherence Change,Theta,UltraSlow,CP1,Pz,0.753713102280813,0.6368620677842405,-0.11685103449657253,0.11685103449657253,-15.503383733541227
Band-Power Envelope Coherence Change,Theta,UltraSlow,CP1,Oz,0.8043352552215417,0.34255009874712344,-0.46178515647441826,0.46178515647441826,-57.412024833752525
Band-Power Envelope Coherence Change,Theta,UltraSlow,CP1,O2,0.7716145754542235,0.16300963278201364,-0.6086049426722099,0.6086049426722099,-78.87421544803566
Band-Power Envelope Coherence Change,Theta,UltraSlow,CP1,PO10,0.4484400565725346,0.0052218516222771825,-0.44321820495025743,0.44321820495025743,-98.83555192143443
Band-Power Envelope Coherence Change,Theta,UltraSlow,CP1,P8,0.35353415406614436,0.15952686612923014,-0.1940072879369142,0.1940072879369142,-54.876533343541254
Band-Power Envelope Coherence Change,Theta,UltraSlow,CP1,P4,0.7688609886948864,0.5794887230169271,-0.18937226567795928,0.18937226567795928,-24.630234653914727
Band-Power Envelope Coherence Change,Theta,UltraSlow,CP1,CP2,0.8045961629962477,0.37891326579312423,-0.42568289720312347,0.42568289720312347,-52.906404079521906
Band-Power Envelope Coherence Change,Theta,UltraSlow,CP1,CP6,0.602719760164362,0.33754818042713164,-0.2651715797372304,0.2651715797372304,-43.99583309910363
Band-Power Envelope Coherence Change,Theta,UltraSlow,CP1,T8,0.16213666893426648,0.2193293575154682,0.05719268858120172,0.05719268858120172,35.27437004666033
Band-Power Envelope Coherence Change,Theta,UltraSlow,CP1,FT10,0.20964535998365996,0.017409993972967382,-0.19223536601069258,0.19223536601069258,-91.69550235963993
Band-Power Envelope Coherence Change,Theta,UltraSlow,CP1,FC6,0.4919463236076264,0.23629875841934772,-0.2556475651882787,0.2556475651882787,-51.96655669942189
Band-Power Envelope Coherence Change,Theta,UltraSlow,CP1,C4,0.4787046046474368,0.3657126488024806,-0.1129919558449562,0.1129919558449562,-23.603691033674956
Band-Power Envelope Coherence Change,Theta,UltraSlow,CP1,FC2,0.32502644734605907,0.2829759690005094,-0.04205047834554965,0.04205047834554965,-12.937555909343605
Band-Power Envelope Coherence Change,Theta,UltraSlow,CP1,F4,0.21161283346897192,0.2402385951931844,0.028625761724212495,0.028625761724212495,13.527422347194172
Band-Power Envelope Coherence Change,Theta,UltraSlow,CP1,F8,0.22484639084509092,0.028472374380176857,-0.19637401646491406,0.19637401646491406,-87.33696624030178
Band-Power Envelope Coherence Change,Theta,UltraSlow,CP1,Fp2,0.20590672472279958,0.14934232384403168,-0.056564400878767906,0.056564400878767906,-27.47088564247589
Band-Power Envelope Coherence Change,Theta,UltraSlow,P3,P7,0.43448731635199633,0.15312517769159778,-0.28136213866039855,0.28136213866039855,-64.7572732439571
Band-Power Envelope Coherence Change,Theta,UltraSlow,P3,PO9,0.4565467254258175,0.03186856826083604,-0.4246781571649814,0.4246781571649814,-93.01964804782851
Band-Power Envelope Coherence Change,Theta,UltraSlow,P3,O1,0.4683299709929638,0.2526976232817844,-0.2156323477111794,0.2156323477111794,-46.04282473188526
Band-Power Envelope Coherence Change,Theta,UltraSlow,P3,Pz,0.7451759259979714,0.5285612988593669,-0.21661462713860458,0.21661462713860458,-29.06892447558676
Band-Power Envelope Coherence Change,Theta,UltraSlow,P3,Oz,0.7884436806161991,0.3198344749224135,-0.46860920569378556,0.46860920569378556,-59.43470880856695
Band-Power Envelope Coherence Change,Theta,UltraSlow,P3,O2,0.7268352325500287,0.15260721811983505,-0.5742280144301937,0.5742280144301937,-79.00387718074317
Band-Power Envelope Coherence Change,Theta,UltraSlow,P3,PO10,0.3845945361276079,0.004067761334346948,-0.38052677479326097,0.38052677479326097,-98.94232472065146
Band-Power Envelope Coherence Change,Theta,UltraSlow,P3,P8,0.293928564981765,0.10936504258208211,-0.18456352239968288,0.18456352239968288,-62.79196525561679
Band-Power Envelope Coherence Change,Theta,UltraSlow,P3,P4,0.736145414091883,0.4045119751638472,-0.3316334389280359,0.3316334389280359,-45.04999047465948
Band-Power Envelope Coherence Change,Theta,UltraSlow,P3,CP2,0.7889692183925766,0.2539882045357922,-0.5349810138567844,0.5349810138567844,-67.80759012965544
Band-Power Envelope Coherence Change,Theta,UltraSlow,P3,CP6,0.527510108302465,0.18464172648414304,-0.342868381818322,0.342868381818322,-64.99749984349633
Band-Power Envelope Coherence Change,Theta,UltraSlow,P3,T8,0.1436444155222992,0.11660421520994287,-0.027040200312356336,0.027040200312356336,-18.824400666072982
Band-Power Envelope Coherence Change,Theta,UltraSlow,P3,FT10,0.1790162552088825,0.021540608148440943,-0.15747564706044156,0.15747564706044156,-87.96723340944285
Band-Power Envelope Coherence Change,Theta,UltraSlow,P3,FC6,0.4409554398678582,0.11961345315023925,-0.32134198671761893,0.32134198671761893,-72.87402709305866
Band-Power Envelope Coherence Change,Theta,UltraSlow,P3,C4,0.4465535289740686,0.19416497438647848,-0.25238855458759013,0.25238855458759013,-56.519216221947346
Band-Power Envelope Coherence Change,Theta,UltraSlow,P3,FC2,0.310779640004305,0.14668896960424893,-0.1640906704000561,0.1640906704000561,-52.799684817764465
Band-Power Envelope Coherence Change,Theta,UltraSlow,P3,F4,0.1921797868510606,0.12823017096503053,-0.06394961588603007,0.06394961588603007,-33.2759323620184
Band-Power Envelope Coherence Change,Theta,UltraSlow,P3,F8,0.19336792978129494,0.019811229199486604,-0.17355670058180833,0.17355670058180833,-89.75464585989326
Band-Power Envelope Coherence Change,Theta,UltraSlow,P3,Fp2,0.18076547026811662,0.09603539540525313,-0.08473007486286349,0.08473007486286349,-46.872931394026395
Band-Power Envelope Coherence Change,Theta,UltraSlow,P7,PO9,0.5178935788896118,0.15829825346273943,-0.35959532542687245,0.35959532542687245,-69.43421198576388
Band-Power Envelope Coherence Change,Theta,UltraSlow,P7,O1,0.28763910785078484,0.12167220153600054,-0.16596690631478428,0.16596690631478428,-57.699701391398065
Band-Power Envelope Coherence Change,Theta,UltraSlow,P7,Pz,0.38353083010035804,0.1286609752803272,-0.2548698548200309,0.2548698548200309,-66.45355074932031
Band-Power Envelope Coherence Change,Theta,UltraSlow,P7,Oz,0.38290828864290066,0.11044122303779642,-0.27246706560510425,0.27246706560510425,-71.15726498655306
Band-Power Envelope Coherence Change,Theta,UltraSlow,P7,O2,0.33313401941202936,0.04955135742400077,-0.2835826619880286,0.2835826619880286,-85.12569880690742
Band-Power Envelope Coherence Change,Theta,UltraSlow,P7,PO10,0.264304929212277,0.01757410286995977,-0.24673082634231722,0.24673082634231722,-93.35082288388004
Band-Power Envelope Coherence Change,Theta,UltraSlow,P7,P8,0.1167124134864156,0.046337670727953646,-0.07037474275846195,0.07037474275846195,-60.29756446314343
Band-Power Envelope Coherence Change,Theta,UltraSlow,P7,P4,0.3205003055261419,0.06949690343856028,-0.2510034020875816,0.2510034020875816,-78.31611944192305
Band-Power Envelope Coherence Change,Theta,UltraSlow,P7,CP2,0.37608881652252074,0.034411680662313586,-0.34167713586020715,0.34167713586020715,-90.85011860216989
Band-Power Envelope Coherence Change,Theta,UltraSlow,P7,CP6,0.21934113565566163,0.03720998014302274,-0.1821311555126389,0.1821311555126389,-83.03556693467759
Band-Power Envelope Coherence Change,Theta,UltraSlow,P7,T8,0.07863584114817482,0.024995244423841375,-0.05364059672433344,0.05364059672433344,-68.2139288409945
Band-Power Envelope Coherence Change,Theta,UltraSlow,P7,FT10,0.13859849593642148,0.03586609086021086,-0.10273240507621062,0.10273240507621062,-74.12230874665225
Band-Power Envelope Coherence Change,Theta,UltraSlow,P7,FC6,0.25466285573431097,0.03409607723975071,-0.22056677849456024,0.22056677849456024,-86.6112876408945
Band-Power Envelope Coherence Change,Theta,UltraSlow,P7,C4,0.20832371402599464,0.02687961930693034,-0.1814440947190643,0.1814440947190643,-87.09718697527815
Band-Power Envelope Coherence Change,Theta,UltraSlow,P7,FC2,0.18759164448867108,0.03414487952541638,-0.1534467649632547,0.1534467649632547,-81.79829404529879
Band-Power Envelope Coherence Change,Theta,UltraSlow,P7,F4,0.10448406839912523,0.0437423725535009,-0.06074169584562433,0.06074169584562433,-58.13488771665488
Band-Power Envelope Coherence Change,Theta,UltraSlow,P7,F8,0.15169104984181672,0.01888303369646188,-0.13280801614535484,0.13280801614535484,-87.55164941098826
Band-Power Envelope Coherence Change,Theta,UltraSlow,P7,Fp2,0.12429056316654939,0.032450926788646535,-0.09183963637790285,0.09183963637790285,-73.8910775187636
Band-Power Envelope Coherence Change,Theta,UltraSlow,PO9,O1,0.3513427327281702,0.09516855799817465,-0.25617417472999554,0.25617417472999554,-72.9128998174539
Band-Power Envelope Coherence Change,Theta,UltraSlow,PO9,Pz,0.43104398090430324,0.05143848146479682,-0.3796054994395064,0.3796054994395064,-88.06653526239198
Band-Power Envelope Coherence Change,Theta,UltraSlow,PO9,Oz,0.5225668792245866,0.08686583317682364,-0.43570104604776294,0.43570104604776294,-83.37708786562978
Band-Power Envelope Coherence Change,Theta,UltraSlow,PO9,O2,0.47905566554195356,0.04143694461170334,-0.4376187209302502,0.4376187209302502,-91.35028607482892
Band-Power Envelope Coherence Change,Theta,UltraSlow,PO9,PO10,0.4335895748480748,0.02020114667096754,-0.41338842817710725,0.41338842817710725,-95.34095194100416
Band-Power Envelope Coherence Change,Theta,UltraSlow,PO9,P8,0.20342724682007748,0.04037296641088248,-0.163054280409195,0.163054280409195,-80.15360919346729
Band-Power Envelope Coherence Change,Theta,UltraSlow,PO9,P4,0.3882077363595904,0.05496122433044197,-0.3332465120291484,0.3332465120291484,-85.84231606360048
Band-Power Envelope Coherence Change,Theta,UltraSlow,PO9,CP2,0.4302145368541076,0.02930910588584825,-0.40090543096825937,0.40090543096825937,-93.18732786200867
Band-Power Envelope Coherence Change,Theta,UltraSlow,PO9,CP6,0.30382250156938084,0.058096451736407165,-0.2457260498329737,0.2457260498329737,-80.87816029546441
Band-Power Envelope Coherence Change,Theta,UltraSlow,PO9,T8,0.11044348042432524,0.04361378593675375,-0.06682969448757148,0.06682969448757148,-60.51031190868936
Band-Power Envelope Coherence Change,Theta,UltraSlow,PO9,FT10,0.2205243849623601,0.02273130366234618,-0.1977930813000139,0.1977930813000139,-89.6921586852057
Band-Power Envelope Coherence Change,Theta,UltraSlow,PO9,FC6,0.30434970444920806,0.06539920161345814,-0.23895050283574992,0.23895050283574992,-78.51182351833944
Band-Power Envelope Coherence Change,Theta,UltraSlow,PO9,C4,0.25529657066859357,0.053645367364059234,-0.20165120330453434,0.20165120330453434,-78.9870395737914
Band-Power Envelope Coherence Change,Theta,UltraSlow,PO9,FC2,0.1987862746262243,0.07219779576504229,-0.12658847886118202,0.12658847886118202,-63.6806938000146
Band-Power Envelope Coherence Change,Theta,UltraSlow,PO9,F4,0.12242479262401908,0.07887056065191085,-0.043554231972108226,0.043554231972108226,-35.57631672358097
Band-Power Envelope Coherence Change,Theta,UltraSlow,PO9,F8,0.19410330094309558,0.020100050601476783,-0.1740032503416188,0.1740032503416188,-89.64466317480637
Band-Power Envelope Coherence Change,Theta,UltraSlow,PO9,Fp2,0.16881437086575593,0.04825989501729433,-0.1205544758484616,0.1205544758484616,-71.41244861453684
Band-Power Envelope Coherence Change,Theta,UltraSlow,O1,Pz,0.4332049946909829,0.28298124879508896,-0.15022374589589393,0.15022374589589393,-34.67728852088898
Band-Power Envelope Coherence Change,Theta,UltraSlow,O1,Oz,0.5209775549443484,0.6298109744746413,0.10883341953029291,0.10883341953029291,20.89023192984171
Band-Power Envelope Coherence Change,Theta,UltraSlow,O1,O2,0.481664563212858,0.28620418895476046,-0.19546037425809754,0.19546037425809754,-40.58018571146563
Band-Power Envelope Coherence Change,Theta,UltraSlow,O1,PO10,0.28480891539103337,0.009863929590867923,-0.27494498580016546,0.27494498580016546,-96.53664999309272
Band-Power Envelope Coherence Change,Theta,UltraSlow,O1,P8,0.18693068628745338,0.1318247517670935,-0.05510593452035989,0.05510593452035989,-29.479341040678857
Band-Power Envelope Coherence Change,Theta,UltraSlow,O1,P4,0.418975220060735,0.26774223465478975,-0.15123298540594526,0.15123298540594526,-36.09592600345729
Band-Power Envelope Coherence Change,Theta,UltraSlow,O1,CP2,0.4353127933288835,0.1301686782836703,-0.3051441150452132,0.3051441150452132,-70.09766763612517
Band-Power Envelope Coherence Change,Theta,UltraSlow,O1,CP6,0.2947115304988255,0.09993452945977896,-0.19477700103904652,0.19477700103904652,-66.0907297075785
Band-Power Envelope Coherence Change,Theta,UltraSlow,O1,T8,0.08130379304753449,0.06841379672737796,-0.012889996320156527,0.012889996320156527,-15.854114349401085
Band-Power Envelope Coherence Change,Theta,UltraSlow,O1,FT10,0.12153700412534527,0.026398932974575882,-0.09513807115076939,0.09513807115076939,-78.2790984815211
Band-Power Envelope Coherence Change,Theta,UltraSlow,O1,FC6,0.22095968234719573,0.05446163226756044,-0.1664980500796353,0.1664980500796353,-75.35223091876804
Band-Power Envelope Coherence Change,Theta,UltraSlow,O1,C4,0.2419600928208723,0.0693880997882957,-0.1725719930325766,0.1725719930325766,-71.32250240965766
Band-Power Envelope Coherence Change,Theta,UltraSlow,O1,FC2,0.18240463761197756,0.03770047059860477,-0.1447041670133728,0.1447041670133728,-79.33140785663382
Band-Power Envelope Coherence Change,Theta,UltraSlow,O1,F4,0.09384460641882732,0.04884665230978829,-0.04499795410903903,0.04499795410903903,-47.94943026156849
Band-Power Envelope Coherence Change,Theta,UltraSlow,O1,F8,0.12288044330946901,0.015134592934336765,-0.10774585037513225,0.10774585037513225,-87.68348117346797
Band-Power Envelope Coherence Change,Theta,UltraSlow,O1,Fp2,0.09049329151054608,0.06411260243426707,-0.02638068907627901,0.02638068907627901,-29.15209363691297
Band-Power Envelope Coherence Change,Theta,UltraSlow,Pz,Oz,0.7066456426889239,0.4367940006370113,-0.26985164205191264,0.26985164205191264,-38.1876892391319
Band-Power Envelope Coherence Change,Theta,UltraSlow,Pz,O2,0.6738606653497974,0.21252825539281653,-0.4613324099569809,0.4613324099569809,-68.46109792111189
Band-Power Envelope Coherence Change,Theta,UltraSlow,Pz,PO10,0.39044764861465003,0.006826686362931208,-0.3836209622517188,0.3836209622517188,-98.25157447172418
Band-Power Envelope Coherence Change,Theta,UltraSlow,Pz,P8,0.3091069468332908,0.22024627892616658,-0.08886066790712424,0.08886066790712424,-28.747547998346686
Band-Power Envelope Coherence Change,Theta,UltraSlow,Pz,P4,0.6807626101135841,0.7113705063554212,0.03060789624183713,0.03060789624183713,4.496118880079247
Band-Power Envelope Coherence Change,Theta,UltraSlow,Pz,CP2,0.7150422499889045,0.45824370212312326,-0.25679854786578127,0.25679854786578127,-35.913758644299136
Band-Power Envelope Coherence Change,Theta,UltraSlow,Pz,CP6,0.5234017803777693,0.38372835069368283,-0.13967342968408647,0.13967342968408647,-26.685700148607843
Band-Power Envelope Coherence Change,Theta,UltraSlow,Pz,T8,0.13016839472344494,0.22859032122500242,0.09842192650155748,0.09842192650155748,75.61123167468124
Band-Power Envelope Coherence Change,Theta,UltraSlow,Pz,FT10,0.18840218859124247,0.026833925718968497,-0.16156826287227397,0.16156826287227397,-85.75710509542571
Band-Power Envelope Coherence Change,Theta,UltraSlow,Pz,FC6,0.4182341102731115,0.25314952409361147,-0.16508458617950006,0.16508458617950006,-39.471813064624975
Band-Power Envelope Coherence Change,Theta,UltraSlow,Pz,C4,0.4290297528086972,0.39983855342724356,-0.029191199381453647,0.029191199381453647,-6.804003496342571
Band-Power Envelope Coherence Change,Theta,UltraSlow,Pz,FC2,0.3022589833501587,0.2864144531069503,-0.01584453024320842,0.01584453024320842,-5.242037827161275
Band-Power Envelope Coherence Change,Theta,UltraSlow,Pz,F4,0.18605882902997184,0.2445045487442744,0.05844571971430257,0.05844571971430257,31.41249464968291
Band-Power Envelope Coherence Change,Theta,UltraSlow,Pz,F8,0.19559163419710315,0.0354330745993467,-0.16015855959775646,0.16015855959775646,-81.88415637263924
Band-Power Envelope Coherence Change,Theta,UltraSlow,Pz,Fp2,0.1715068934239468,0.14589949110433642,-0.025607402319610367,0.025607402319610367,-14.930829780883263
Band-Power Envelope Coherence Change,Theta,UltraSlow,Oz,O2,0.9103044893471967,0.4425101168802987,-0.467794372466898,0.467794372466898,-51.388780121513584
Band-Power Envelope Coherence Change,Theta,UltraSlow,Oz,PO10,0.5403066444493482,0.02310378928338522,-0.517202855165963,0.517202855165963,-95.7239487019577
Band-Power Envelope Coherence Change,Theta,UltraSlow,Oz,P8,0.39327933497215944,0.28844393428738735,-0.1048354006847721,0.1048354006847721,-26.656727512060474
Band-Power Envelope Coherence Change,Theta,UltraSlow,Oz,P4,0.7308383469846348,0.4997597980831843,-0.23107854890145046,0.23107854890145046,-31.618284652804167
Band-Power Envelope Coherence Change,Theta,UltraSlow,Oz,CP2,0.7539835225252536,0.2525811914449548,-0.5014023310802989,0.5014023310802989,-66.50043616351114
Band-Power Envelope Coherence Change,Theta,UltraSlow,Oz,CP6,0.5166635619924969,0.18412984364508198,-0.33253371834741485,0.33253371834741485,-64.36175159421133
Band-Power Envelope Coherence Change,Theta,UltraSlow,Oz,T8,0.151134764259788,0.10820654798757633,-0.042928216272211675,0.042928216272211675,-28.40393239931328
Band-Power Envelope Coherence Change,Theta,UltraSlow,Oz,FT10,0.18315108032950145,0.03230001547218219,-0.15085106485731925,0.15085106485731925,-82.36427794252033
Band-Power Envelope Coherence Change,Theta,UltraSlow,Oz,FC6,0.38693337538527284,0.08995243129057061,-0.2969809440947022,0.2969809440947022,-76.75247548728403
Band-Power Envelope Coherence Change,Theta,UltraSlow,Oz,C4,0.3751218572652434,0.12943402870798967,-0.2456878285572537,0.2456878285572537,-65.49547135120183
Band-Power Envelope Coherence Change,Theta,UltraSlow,Oz,FC2,0.25076708905976836,0.06552890643813247,-0.18523818262163588,0.18523818262163588,-73.86861781431207
Band-Power Envelope Coherence Change,Theta,UltraSlow,Oz,F4,0.14993745484585444,0.07700512617908956,-0.07293232866676488,0.07293232866676488,-48.641834518095635
Band-Power Envelope Coherence Change,Theta,UltraSlow,Oz,F8,0.19109990763554513,0.02348005331098988,-0.16761985432455526,0.16761985432455526,-87.71320530632087
Band-Power Envelope Coherence Change,Theta,UltraSlow,Oz,Fp2,0.1697104469899457,0.0848522248905163,-0.08485822209942939,0.08485822209942939,-50.001766894442696
Band-Power Envelope Coherence Change,Theta,UltraSlow,O2,PO10,0.6281102549959424,0.025100807213973363,-0.6030094477819691,0.6030094477819691,-96.00375777750429
Band-Power Envelope Coherence Change,Theta,UltraSlow,O2,P8,0.5167454699246794,0.2521708076810689,-0.2645746622436105,0.2645746622436105,-51.200189966285485
Band-Power Envelope Coherence Change,Theta,UltraSlow,O2,P4,0.7392994029817302,0.2750551875995075,-0.46424421538222277,0.46424421538222277,-62.79515626684407
Band-Power Envelope Coherence Change,Theta,UltraSlow,O2,CP2,0.7330764304472539,0.10474826341116183,-0.6283281670360921,0.6283281670360921,-85.71114019485603
Band-Power Envelope Coherence Change,Theta,UltraSlow,O2,CP6,0.5470353033491614,0.11480780202068702,-0.4322275013284744,0.4322275013284744,-79.01272526328935
Band-Power Envelope Coherence Change,Theta,UltraSlow,O2,T8,0.15876530647552348,0.058345825438482296,-0.10041948103704118,0.10041948103704118,-63.25026749626982
Band-Power Envelope Coherence Change,Theta,UltraSlow,O2,FT10,0.17550824217228705,0.013576565966305715,-0.16193167620598134,0.16193167620598134,-92.26442826942662
Band-Power Envelope Coherence Change,Theta,UltraSlow,O2,FC6,0.3697568957960391,0.04160858921183729,-0.3281483065842018,0.3281483065842018,-88.74704172257304
Band-Power Envelope Coherence Change,Theta,UltraSlow,O2,C4,0.359534358241894,0.06445932602026198,-0.295075032221632,0.295075032221632,-82.0714419797137
Band-Power Envelope Coherence Change,Theta,UltraSlow,O2,FC2,0.23138942146813,0.030376346548117807,-0.2010130749200122,0.2010130749200122,-86.87219737385374
Band-Power Envelope Coherence Change,Theta,UltraSlow,O2,F4,0.14509279415041515,0.03436787761513549,-0.11072491653527966,0.11072491653527966,-76.31317405087194
Band-Power Envelope Coherence Change,Theta,UltraSlow,O2,F8,0.1794148591370107,0.008468661802673468,-0.17094619733433722,0.17094619733433722,-95.27984368551861
Band-Power Envelope Coherence Change,Theta,UltraSlow,O2,Fp2,0.16492175038678217,0.04213082046656326,-0.12279092992021891,0.12279092992021891,-74.45405450296514
Band-Power Envelope Coherence Change,Theta,UltraSlow,PO10,P8,0.6393466942008476,0.04610199289106729,-0.5932447013097802,0.5932447013097802,-92.78920289895413
Band-Power Envelope Coherence Change,Theta,UltraSlow,PO10,P4,0.43587562150487735,0.016155605311195958,-0.4197200161936814,0.4197200161936814,-96.29352858610946
Band-Power Envelope Coherence Change,Theta,UltraSlow,PO10,CP2,0.4260962805899562,0.006259841767342839,-0.41983643882261334,0.41983643882261334,-98.53088561142197
Band-Power Envelope Coherence Change,Theta,UltraSlow,PO10,CP6,0.43598641460031345,0.016059763507626477,-0.41992665109268695,0.41992665109268695,-96.3164532265646
Band-Power Envelope Coherence Change,Theta,UltraSlow,PO10,T8,0.166535529986487,0.014273104022149959,-0.15226242596433703,0.15226242596433703,-91.42939406185089
Band-Power Envelope Coherence Change,Theta,UltraSlow,PO10,FT10,0.20191739735104414,0.020146372886915495,-0.18177102446412863,0.18177102446412863,-90.02246802345121
Band-Power Envelope Coherence Change,Theta,UltraSlow,PO10,FC6,0.3018636676117825,0.03169149664212725,-0.2701721709696553,0.2701721709696553,-89.5013875327041
Band-Power Envelope Coherence Change,Theta,UltraSlow,PO10,C4,0.23515537401413822,0.00789521745961466,-0.22726015655452356,0.22726015655452356,-96.64255282588609
Band-Power Envelope Coherence Change,Theta,UltraSlow,PO10,FC2,0.16949073303021012,0.003736290596130898,-0.16575444243407922,0.16575444243407922,-97.79557824234264
Band-Power Envelope Coherence Change,Theta,UltraSlow,PO10,F4,0.09049884101026924,0.007619043511262347,-0.0828797974990069,0.0828797974990069,-91.581059573572
Band-Power Envelope Coherence Change,Theta,UltraSlow,PO10,F8,0.18205221582615272,0.008605510773806516,-0.17344670505234622,0.17344670505234622,-95.2730535386484
Band-Power Envelope Coherence Change,Theta,UltraSlow,PO10,Fp2,0.1531284568021283,0.004250043839513335,-0.14887841296261498,0.14887841296261498,-97.22452382250204
Band-Power Envelope Coherence Change,Theta,UltraSlow,P8,P4,0.39530343988084815,0.4804724131368017,0.08516897325595357,0.08516897325595357,21.545214299583403
Band-Power Envelope Coherence Change,Theta,UltraSlow,P8,CP2,0.34804946361801076,0.18014241538343911,-0.16790704823457164,0.16790704823457164,-48.24229478452868
Band-Power Envelope Coherence Change,Theta,UltraSlow,P8,CP6,0.48292593411883805,0.509211134060688,0.026285199941849913,0.026285199941849913,5.442905026380643
Band-Power Envelope Coherence Change,Theta,UltraSlow,P8,T8,0.135884690862714,0.3312241404696421,0.1953394496069281,0.1953394496069281,143.75383155140116
Band-Power Envelope Coherence Change,Theta,UltraSlow,P8,FT10,0.1368973332702189,0.06698211567030335,-0.06991521759991556,0.06991521759991556,-51.07127796413047
Band-Power Envelope Coherence Change,Theta,UltraSlow,P8,FC6,0.22288823831234444,0.21885247332891444,-0.004035764983430001,0.004035764983430001,-1.81066754082128
Band-Power Envelope Coherence Change,Theta,UltraSlow,P8,C4,0.1970853743538659,0.2625206720754145,0.06543529772154863,0.06543529772154863,33.201498556691405
Band-Power Envelope Coherence Change,Theta,UltraSlow,P8,FC2,0.1153453002427601,0.09639399657879615,-0.018951303663963956,0.018951303663963956,-16.430061410459135
Band-Power Envelope Coherence Change,Theta,UltraSlow,P8,F4,0.05972729443422895,0.12610415135621045,0.0663768569219815,0.0663768569219815,111.13320559844709
Band-Power Envelope Coherence Change,Theta,UltraSlow,P8,F8,0.10953924533418019,0.06125381333087552,-0.04828543200330467,0.04828543200330467,-44.080486273204116
Band-Power Envelope Coherence Change,Theta,UltraSlow,P8,Fp2,0.08973445404775986,0.08026548678232465,-0.00946896726543521,0.00946896726543521,-10.552209144099201
Band-Power Envelope Coherence Change,Theta,UltraSlow,P4,CP2,0.7389667135514487,0.5526446366510465,-0.18632207690040226,0.18632207690040226,-25.213865994713718
Band-Power Envelope Coherence Change,Theta,UltraSlow,P4,CP6,0.5910677788209393,0.6673332449864193,0.07626546616548002,0.07626546616548002,12.902998420521959
Band-Power Envelope Coherence Change,Theta,UltraSlow,P4,T8,0.13696594896185077,0.4077634994361501,0.2707975504742993,0.2707975504742993,197.71158636642218
Band-Power Envelope Coherence Change,Theta,UltraSlow,P4,FT10,0.17649774680338212,0.03595999973656418,-0.14053774706681793,0.14053774706681793,-79.62580237546969
Band-Power Envelope Coherence Change,Theta,UltraSlow,P4,FC6,0.42686887875881113,0.4064660366855078,-0.02040284207330334,0.02040284207330334,-4.779650869050898
Band-Power Envelope Coherence Change,Theta,UltraSlow,P4,C4,0.4530654225401133,0.6035399326046545,0.15047451006454127,0.15047451006454127,33.21253456529639
Band-Power Envelope Coherence Change,Theta,UltraSlow,P4,FC2,0.2938583049153662,0.35297891308964663,0.05912060817428044,0.05912060817428044,20.11874675153649
Band-Power Envelope Coherence Change,Theta,UltraSlow,P4,F4,0.18599343704290175,0.3406284091573403,0.15463497211443852,0.15463497211443852,83.14001535375144
Band-Power Envelope Coherence Change,Theta,UltraSlow,P4,F8,0.1953372775889636,0.06509614075168742,-0.13024113683727617,0.13024113683727617,-66.67500358602042
Band-Power Envelope Coherence Change,Theta,UltraSlow,P4,Fp2,0.17496409463734103,0.1947179265087769,0.019753831871435867,0.019753831871435867,11.290220380576292
Band-Power Envelope Coherence Change,Theta,UltraSlow,CP2,CP6,0.5786458468976341,0.3430084233888084,-0.23563742350882572,0.23563742350882572,-40.722218049637426
Band-Power Envelope Coherence Change,Theta,UltraSlow,CP2,T8,0.14950775614777553,0.2092289607325765,0.05972120458480096,0.05972120458480096,39.945221655103765
Band-Power Envelope Coherence Change,Theta,UltraSlow,CP2,FT10,0.18989426055549205,0.014269575191436906,-0.17562468536405515,0.17562468536405515,-92.4855152811388
Band-Power Envelope Coherence Change,Theta,UltraSlow,CP2,FC6,0.4706885145089332,0.25576034149796767,-0.2149281730109655,0.2149281730109655,-45.66250638921983
Band-Power Envelope Coherence Change,Theta,UltraSlow,CP2,C4,0.4710903471465112,0.4219702561096384,-0.049120091036872815,0.049120091036872815,-10.426893977854368
Band-Power Envelope Coherence Change,Theta,UltraSlow,CP2,FC2,0.3250559610253042,0.2568085230642388,-0.06824743796106542,0.06824743796106542,-20.995596495383957
Band-Power Envelope Coherence Change,Theta,UltraSlow,CP2,F4,0.2092955116320905,0.22325926586571684,0.013963754233626335,0.013963754233626335,6.6717886708303995
Band-Power Envelope Coherence Change,Theta,UltraSlow,CP2,F8,0.2150928198424653,0.042418642668479174,-0.17267417717398614,0.17267417717398614,-80.27891275052941
Band-Power Envelope Coherence Change,Theta,UltraSlow,CP2,Fp2,0.20263936046103873,0.09983515158273862,-0.10280420887830011,0.10280420887830011,-50.73259639410784
Band-Power Envelope Coherence Change,Theta,UltraSlow,CP6,T8,0.27165167321826894,0.7651219943970563,0.49347032117878736,0.49347032117878736,181.65554267810074
Band-Power Envelope Coherence Change,Theta,UltraSlow,CP6,FT10,0.31529600958388504,0.07480154706559064,-0.2404944625182944,0.2404944625182944,-76.27577108752163
Band-Power Envelope Coherence Change,Theta,UltraSlow,CP6,FC6,0.6185429756405306,0.6505887850032229,0.0320458093626923,0.0320458093626923,5.180854140249082
Band-Power Envelope Coherence Change,Theta,UltraSlow,CP6,C4,0.5125955423058804,0.7754603725557893,0.2628648302499088,0.2628648302499088,51.28113854978665
Band-Power Envelope Coherence Change,Theta,UltraSlow,CP6,FC2,0.3069576572117742,0.4032711386133545,0.0963134814015803,0.0963134814015803,31.376797137571433
Band-Power Envelope Coherence Change,Theta,UltraSlow,CP6,F4,0.2162073173005541,0.4644655713788518,0.2482582540782977,0.2482582540782977,114.82416838519345
Band-Power Envelope Coherence Change,Theta,UltraSlow,CP6,F8,0.3057187357726779,0.14204510243822424,-0.16367363333445364,0.16367363333445364,-53.53732505820508
Band-Power Envelope Coherence Change,Theta,UltraSlow,CP6,Fp2,0.2490340989051683,0.2807774207362608,0.031743321831092464,0.031743321831092464,12.746576461073413
Band-Power Envelope Coherence Change,Theta,UltraSlow,T8,FT10,0.2230043262812912,0.1233443614925164,-0.09965996478877479,0.09965996478877479,-44.68970017337986
Band-Power Envelope Coherence Change,Theta,UltraSlow,T8,FC6,0.31751295653545514,0.7466876681276126,0.4291747115921574,0.4291747115921574,135.1676215909739
Band-Power Envelope Coherence Change,Theta,UltraSlow,T8,C4,0.1478578518217617,0.672983553156664,0.5251257013349023,0.5251257013349023,355.15577621669087
Band-Power Envelope Coherence Change,Theta,UltraSlow,T8,FC2,0.14309032791284412,0.4048665800813767,0.2617762521685326,0.2617762521685326,182.94475663510934
Band-Power Envelope Coherence Change,Theta,UltraSlow,T8,F4,0.07080116153685158,0.5462743709083571,0.4754732093715055,0.4754732093715055,671.5613120612783
Band-Power Envelope Coherence Change,Theta,UltraSlow,T8,F8,0.19297116352307322,0.2643641459554238,0.07139298243235057,0.07139298243235057,36.99671035243264
Band-Power Envelope Coherence Change,Theta,UltraSlow,T8,Fp2,0.13323324973832837,0.3500100423785759,0.21677679264024755,0.21677679264024755,162.70472503372818
Band-Power Envelope Coherence Change,Theta,UltraSlow,FT10,FC6,0.4742360972087532,0.08163820524628088,-0.3925978919624723,0.3925978919624723,-82.78532449832795
Band-Power Envelope Coherence Change,Theta,UltraSlow,FT10,C4,0.23084764718538162,0.0483263065075332,-0.18252134067784842,0.18252134067784842,-79.06571407733479
Band-Power Envelope Coherence Change,Theta,UltraSlow,FT10,FC2,0.15657002386968094,0.01983117678019227,-0.13673884708948866,0.13673884708948866,-87.33398878657738
Band-Power Envelope Coherence Change,Theta,UltraSlow,FT10,F4,0.15422608457465506,0.04677042032744474,-0.10745566424721031,0.10745566424721031,-69.67411806087514
Band-Power Envelope Coherence Change,Theta,UltraSlow,FT10,F8,0.42599666353726984,0.08696937910604642,-0.33902728443122343,0.33902728443122343,-79.58449289628355
Band-Power Envelope Coherence Change,Theta,UltraSlow,FT10,Fp2,0.22775858678510297,0.048312736615635885,-0.17944585016946707,0.17944585016946707,-78.7877430670834
Band-Power Envelope Coherence Change,Theta,UltraSlow,FC6,C4,0.5370944554894423,0.7767620912606368,0.23966763577119443,0.23966763577119443,44.622995698734336
Band-Power Envelope Coherence Change,Theta,UltraSlow,FC6,FC2,0.4263031360075098,0.631637405813432,0.20533426980592218,0.20533426980592218,48.16625834117838
Band-Power Envelope Coherence Change,Theta,UltraSlow,FC6,F4,0.34113858421841337,0.7814809160143658,0.4403423317959524,0.4403423317959524,129.08018974307052
Band-Power Envelope Coherence Change,Theta,UltraSlow,FC6,F8,0.57002300777857,0.2636469363323158,-0.3063760714462542,0.3063760714462542,-53.74801845985635
Band-Power Envelope Coherence Change,Theta,UltraSlow,FC6,Fp2,0.4547595341990437,0.3892902363679643,-0.06546929783107941,0.06546929783107941,-14.396465144241297
Band-Power Envelope Coherence Change,Theta,UltraSlow,C4,FC2,0.3630370546653587,0.6773763829414191,0.3143393282760604,0.3143393282760604,86.58601766307657
Band-Power Envelope Coherence Change,Theta,UltraSlow,C4,F4,0.24308466541065102,0.7109040197699449,0.4678193543592939,0.4678193543592939,192.45119949009992
Band-Power Envelope Coherence Change,Theta,UltraSlow,C4,F8,0.27972678626174635,0.15249811002479846,-0.1272286762369479,0.1272286762369479,-45.483193775335224
Band-Power Envelope Coherence Change,Theta,UltraSlow,C4,Fp2,0.2415071877107219,0.3487870607671431,0.1072798730564212,0.1072798730564212,44.42098559191596
Band-Power Envelope Coherence Change,Theta,UltraSlow,FC2,F4,0.20075873515369114,0.8200359806508651,0.619277245497174,0.619277245497174,308.46839367815573
Band-Power Envelope Coherence Change,Theta,UltraSlow,FC2,F8,0.2519777323319602,0.11292145843563928,-0.13905627389632091,0.13905627389632091,-55.185937507019695
Band-Power Envelope Coherence Change,Theta,UltraSlow,FC2,Fp2,0.20611823508012322,0.3523793948480408,0.1462611597679176,0.1462611597679176,70.9598351213624
Band-Power Envelope Coherence Change,Theta,UltraSlow,F4,F8,0.1914887416452416,0.22071711176871547,0.029228370123473874,0.029228370123473874,15.263753822991497
Band-Power Envelope Coherence Change,Theta,UltraSlow,F4,Fp2,0.19973291730959908,0.5083720043996496,0.3086390870900505,0.3086390870900505,154.5258995099139
Band-Power Envelope Coherence Change,Theta,UltraSlow,F8,Fp2,0.35381729021617475,0.11378896438291718,-0.24002832583325756,0.24002832583325756,-67.83962583812833
Band-Power Envelope Coherence Change,Theta,Slow,Cz,Fz,0.5478956034952258,0.6046625655519988,0.05676696205677301,0.05676696205677301,10.36090848231595
Band-Power Envelope Coherence Change,Theta,Slow,Cz,Fp1,0.2775215653833992,0.17146008311615304,-0.10606148226724618,0.10606148226724618,-38.217383979050794
Band-Power Envelope Coherence Change,Theta,Slow,Cz,F7,0.44341029893592737,0.15199486081197622,-0.29141543812395115,0.29141543812395115,-65.72139592230369
Band-Power Envelope Coherence Change,Theta,Slow,Cz,F3,0.6848998527884178,0.5050506765419945,-0.17984917624642327,0.17984917624642327,-26.259193298729333
Band-Power Envelope Coherence Change,Theta,Slow,Cz,FC1,0.7071348341106632,0.7574985347473333,0.05036370063667006,0.05036370063667006,7.122220290563196
Band-Power Envelope Coherence Change,Theta,Slow,Cz,C3,0.4063313153041835,0.13886452639920865,-0.26746678890497483,0.26746678890497483,-65.82480326546987
Band-Power Envelope Coherence Change,Theta,Slow,Cz,FC5,0.4714297699572722,0.19567109716055361,-0.2757586727967186,0.2757586727967186,-58.49411521502171
Band-Power Envelope Coherence Change,Theta,Slow,Cz,FT9,0.2867031336280679,0.034400980932957355,-0.2523021526951105,0.2523021526951105,-88.00118418740941
Band-Power Envelope Coherence Change,Theta,Slow,Cz,T7,0.33508067604735753,0.040810973293472705,-0.2942697027538848,0.2942697027538848,-87.82055301580422
Band-Power Envelope Coherence Change,Theta,Slow,Cz,CP5,0.5005349530321358,0.149016044059509,-0.35151890897262683,0.35151890897262683,-70.22864374269948
Band-Power Envelope Coherence Change,Theta,Slow,Cz,CP1,0.4948270092755719,0.4462682686986452,-0.04855874057692666,0.04855874057692666,-9.813276087741613
Band-Power Envelope Coherence Change,Theta,Slow,Cz,P3,0.4925855652981977,0.2598158558642093,-0.2327697094339884,0.2327697094339884,-47.254675295463855
Band-Power Envelope Coherence Change,Theta,Slow,Cz,P7,0.18456093874260812,0.044393002073528885,-0.14016793666907923,0.14016793666907923,-75.94669686014106
Band-Power Envelope Coherence Change,Theta,Slow,Cz,PO9,0.21757653369373597,0.05450285298584688,-0.16307368070788908,0.16307368070788908,-74.95003157713417
Band-Power Envelope Coherence Change,Theta,Slow,Cz,O1,0.23564243506593624,0.058709628006929554,-0.17693280705900669,0.17693280705900669,-75.08529056300843
Band-Power Envelope Coherence Change,Theta,Slow,Cz,Pz,0.44320009489945983,0.42504841885568045,-0.018151676043779374,0.018151676043779374,-4.095593898258774
Band-Power Envelope Coherence Change,Theta,Slow,Cz,Oz,0.36335086238234826,0.1118389116181307,-0.25151195076421756,0.25151195076421756,-69.22013315591242
Band-Power Envelope Coherence Change,Theta,Slow,Cz,O2,0.32650232509597416,0.0464180469701659,-0.2800842781258083,0.2800842781258083,-85.78324152622145
Band-Power Envelope Coherence Change,Theta,Slow,Cz,PO10,0.18097785397471922,0.004890325964719265,-0.17608752800999994,0.17608752800999994,-97.29783183007441
Band-Power Envelope Coherence Change,Theta,Slow,Cz,P8,0.1692387394555115,0.11477072244668457,-0.05446801700882692,0.05446801700882692,-32.18413064530368
Band-Power Envelope Coherence Change,Theta,Slow,Cz,P4,0.45886112229114545,0.46484145369845253,0.005980331407307082,0.005980331407307082,1.3032987796932134
Band-Power Envelope Coherence Change,Theta,Slow,Cz,CP2,0.3847603021410458,0.29893511772419085,-0.08582518441685494,0.08582518441685494,-22.306143315531823
Band-Power Envelope Coherence Change,Theta,Slow,Cz,CP6,0.44535628392022636,0.4725459252529107,0.027189641332684367,0.027189641332684367,6.105143749931833
Band-Power Envelope Coherence Change,Theta,Slow,Cz,T8,0.08862643065600918,0.4311230793513132,0.34249664869530405,0.34249664869530405,386.4497827117238
Band-Power Envelope Coherence Change,Theta,Slow,Cz,FT10,0.20127440300169003,0.021159651542790273,-0.18011475145889977,0.18011475145889977,-89.48716218891849
Band-Power Envelope Coherence Change,Theta,Slow,Cz,FC6,0.5013817721281503,0.3824068660569809,-0.1189749060711694,0.1189749060711694,-23.729403956225216
Band-Power Envelope Coherence Change,Theta,Slow,Cz,C4,0.4606641753775762,0.6590677219400831,0.19840354656250692,0.19840354656250692,43.06902015983521
Band-Power Envelope Coherence Change,Theta,Slow,Cz,FC2,0.306511472571825,0.7412753184983625,0.4347638459265375,0.4347638459265375,141.84260128294517
Band-Power Envelope Coherence Change,Theta,Slow,Cz,F4,0.27122281880481347,0.6342775042498481,0.3630546854450346,0.3630546854450346,133.85845890286552
Band-Power Envelope Coherence Change,Theta,Slow,Cz,F8,0.22013616388139273,0.0762528805021876,-0.14388328337920514,0.14388328337920514,-65.36103875087424
Band-Power Envelope Coherence Change,Theta,Slow,Cz,Fp2,0.2468653174876387,0.34727653313627943,0.10041121564864072,0.10041121564864072,40.67449274386979
Band-Power Envelope Coherence Change,Theta,Slow,Fz,Fp1,0.37097479914824777,0.20496059759399768,-0.1660142015542501,0.1660142015542501,-44.75080300209504
Band-Power Envelope Coherence Change,Theta,Slow,Fz,F7,0.5428695686084138,0.23032560805206242,-0.3125439605563514,0.3125439605563514,-57.572569661166185
Band-Power Envelope Coherence Change,Theta,Slow,Fz,F3,0.7308722053092919,0.640268946578433,-0.09060325873085884,0.09060325873085884,-12.396593833051453
Band-Power Envelope Coherence Change,Theta,Slow,Fz,FC1,0.6446982699192735,0.7987502302309528,0.15405196031167934,0.15405196031167934,23.895202996429493
Band-Power Envelope Coherence Change,Theta,Slow,Fz,C3,0.36628590361512414,0.10142378159446529,-0.26486212202065884,0.26486212202065884,-72.3102143452846
Band-Power Envelope Coherence Change,Theta,Slow,Fz,FC5,0.49922368105550247,0.23180399170347327,-0.2674196893520292,0.2674196893520292,-53.56710819218893
Band-Power Envelope Coherence Change,Theta,Slow,Fz,FT9,0.3742564286958065,0.05088837050316332,-0.3233680581926432,0.3233680581926432,-86.40280657823381
Band-Power Envelope Coherence Change,Theta,Slow,Fz,T7,0.38743192362301393,0.04737495588464754,-0.3400569677383664,0.3400569677383664,-87.7720567160219
Band-Power Envelope Coherence Change,Theta,Slow,Fz,CP5,0.45563640564372554,0.07978372261599706,-0.37585268302772845,0.37585268302772845,-82.48960758452165
Band-Power Envelope Coherence Change,Theta,Slow,Fz,CP1,0.3993978891633984,0.2614823016767303,-0.1379155874866681,0.1379155874866681,-34.53087540736731
Band-Power Envelope Coherence Change,Theta,Slow,Fz,P3,0.3949019244699088,0.15938969256438168,-0.23551223190552711,0.23551223190552711,-59.638157555616814
Band-Power Envelope Coherence Change,Theta,Slow,Fz,P7,0.2799045796388905,0.05513450062247608,-0.2247700790164144,0.2247700790164144,-80.3023942324895
Band-Power Envelope Coherence Change,Theta,Slow,Fz,PO9,0.2668764323540178,0.06689985978071919,-0.19997657257329862,0.19997657257329862,-74.93227139218686
Band-Power Envelope Coherence Change,Theta,Slow,Fz,O1,0.20375537606975908,0.04269016827834267,-0.16106520779141642,0.16106520779141642,-79.04832299309396
Band-Power Envelope Coherence Change,Theta,Slow,Fz,Pz,0.36035417143926407,0.24734037249402563,-0.11301379894523844,0.11301379894523844,-31.36186782405164
Band-Power Envelope Coherence Change,Theta,Slow,Fz,Oz,0.2912610077834313,0.08341676442647598,-0.20784424335695528,0.20784424335695528,-71.3601332834428
Band-Power Envelope Coherence Change,Theta,Slow,Fz,O2,0.251331663395218,0.03263606545280701,-0.218695597942411,0.218695597942411,-87.01474179101463
Band-Power Envelope Coherence Change,Theta,Slow,Fz,PO10,0.17879325166651416,0.004516768253640509,-0.17427648341287366,0.17427648341287366,-97.47374791188138
Band-Power Envelope Coherence Change,Theta,Slow,Fz,P8,0.10968236682116689,0.09443137846062936,-0.015250988360537523,0.015250988360537523,-13.90468568699261
Band-Power Envelope Coherence Change,Theta,Slow,Fz,P4,0.3378164722800774,0.2907503770383023,-0.047066095241775074,0.047066095241775074,-13.932445307981737
Band-Power Envelope Coherence Change,Theta,Slow,Fz,CP2,0.3137457334295614,0.1542677052590634,-0.15947802817049803,0.15947802817049803,-50.83034163596115
Band-Power Envelope Coherence Change,Theta,Slow,Fz,CP6,0.35877664801853937,0.3067734116140086,-0.05200323640453075,0.05200323640453075,-14.4945989912486
Band-Power Envelope Coherence Change,Theta,Slow,Fz,T8,0.11795633163531363,0.32235165993976383,0.2043953283044502,0.2043953283044502,173.2805059896069
Band-Power Envelope Coherence Change,Theta,Slow,Fz,FT10,0.2869535534785235,0.019354103174346517,-0.26759945030417703,0.26759945030417703,-93.25531852115746
Band-Power Envelope Coherence Change,Theta,Slow,Fz,FC6,0.574978321412703,0.40458256331203896,-0.17039575810066404,0.17039575810066404,-29.635162188725168
Band-Power Envelope Coherence Change,Theta,Slow,Fz,C4,0.3871473153754567,0.5029126742136968,0.11576535883824007,0.11576535883824007,29.902146867780928
Band-Power Envelope Coherence Change,Theta,Slow,Fz,FC2,0.3234188606429441,0.7606002444766475,0.4371813838337034,0.4371813838337034,135.1749811265193
Band-Power Envelope Coherence Change,Theta,Slow,Fz,F4,0.29040365019262704,0.7723167566680382,0.4819131064754112,0.4819131064754112,165.94595355662864
Band-Power Envelope Coherence Change,Theta,Slow,Fz,F8,0.37530662148174765,0.10669817289408588,-0.26860844858766175,0.26860844858766175,-71.57039956480625
Band-Power Envelope Coherence Change,Theta,Slow,Fz,Fp2,0.3607864365602494,0.3725039850304506,0.011717548470201233,0.011717548470201233,3.247779651008157
Band-Power Envelope Coherence Change,Theta,Slow,Fp1,F7,0.5526596662729559,0.258517307232363,-0.29414235904059294,0.29414235904059294,-53.22305516236415
Band-Power Envelope Coherence Change,Theta,Slow,Fp1,F3,0.514554118819939,0.21039604817223428,-0.30415807064770467,0.30415807064770467,-59.110997176594466
Band-Power Envelope Coherence Change,Theta,Slow,Fp1,FC1,0.4309787202164751,0.18553174094979077,-0.24544697926668432,0.24544697926668432,-56.95106689801285
Band-Power Envelope Coherence Change,Theta,Slow,Fp1,C3,0.22734138495236764,0.07335373558150413,-0.1539876493708635,0.1539876493708635,-67.73410367106142
Band-Power Envelope Coherence Change,Theta,Slow,Fp1,FC5,0.36197443860507794,0.07696817120837583,-0.2850062673967021,0.2850062673967021,-78.7365728074656
Band-Power Envelope Coherence Change,Theta,Slow,Fp1,FT9,0.3655540400817646,0.021204401598437693,-0.34434963848332695,0.34434963848332695,-94.19937977058198
Band-Power Envelope Coherence Change,Theta,Slow,Fp1,T7,0.28529841340241985,0.014445523843100834,-0.270852889559319,0.270852889559319,-94.93669674821321
Band-Power Envelope Coherence Change,Theta,Slow,Fp1,CP5,0.28311225114915867,0.02213569714291868,-0.26097655400624,0.26097655400624,-92.18130015459613
Band-Power Envelope Coherence Change,Theta,Slow,Fp1,CP1,0.26057420796140074,0.0887214280220636,-0.17185277993933712,0.17185277993933712,-65.95156952939638
Band-Power Envelope Coherence Change,Theta,Slow,Fp1,P3,0.24728476275344893,0.055620195983137624,-0.1916645667703113,0.1916645667703113,-77.50763315789384
Band-Power Envelope Coherence Change,Theta,Slow,Fp1,P7,0.19729582427168302,0.02413344075899097,-0.17316238351269206,0.17316238351269206,-87.76789075588422
Band-Power Envelope Coherence Change,Theta,Slow,Fp1,PO9,0.24245565218241377,0.02003733264766141,-0.22241831953475236,0.22241831953475236,-91.7356710527061
Band-Power Envelope Coherence Change,Theta,Slow,Fp1,O1,0.16710715199424825,0.025680985653654495,-0.14142616634059374,0.14142616634059374,-84.63202481331354
Band-Power Envelope Coherence Change,Theta,Slow,Fp1,Pz,0.23730938387940256,0.0804546598265216,-0.15685472405288098,0.15685472405288098,-66.09714352155262
Band-Power Envelope Coherence Change,Theta,Slow,Fp1,Oz,0.2195217870167725,0.04733357473977488,-0.17218821227699763,0.17218821227699763,-78.43786925069156
Band-Power Envelope Coherence Change,Theta,Slow,Fp1,O2,0.21264462855767563,0.030123179589507474,-0.18252144896816816,0.18252144896816816,-85.83402750691295
Band-Power Envelope Coherence Change,Theta,Slow,Fp1,PO10,0.20210036119510186,0.001697442333162951,-0.2004029188619389,0.2004029188619389,-99.16009930752953
Band-Power Envelope Coherence Change,Theta,Slow,Fp1,P8,0.1186286589541061,0.0515205908648549,-0.0671080680892512,0.0671080680892512,-56.569861516527226
Band-Power Envelope Coherence Change,Theta,Slow,Fp1,P4,0.2278164744414281,0.10552414105854516,-0.12229233338288295,0.12229233338288295,-53.68019748471898
Band-Power Envelope Coherence Change,Theta,Slow,Fp1,CP2,0.19307306083183043,0.04126600093920216,-0.15180705989262827,0.15180705989262827,-78.62674328494462
Band-Power Envelope Coherence Change,Theta,Slow,Fp1,CP6,0.261478568259057,0.1401459404055459,-0.12133262785351112,0.12133262785351112,-46.40251346844693
Band-Power Envelope Coherence Change,Theta,Slow,Fp1,T8,0.16885319595977413,0.15165022341039439,-0.017202972549379747,0.017202972549379747,-10.188123743584935
Band-Power Envelope Coherence Change,Theta,Slow,Fp1,FT10,0.22207757866980987,0.010961462036599994,-0.21111611663320987,0.21111611663320987,-95.06412934513403
Band-Power Envelope Coherence Change,Theta,Slow,Fp1,FC6,0.3839609726954507,0.12358638733924451,-0.26037458535620617,0.26037458535620617,-67.81277365987128
Band-Power Envelope Coherence Change,Theta,Slow,Fp1,C4,0.2501397696427014,0.15517638293725378,-0.09496338670544763,0.09496338670544763,-37.96412975077611
Band-Power Envelope Coherence Change,Theta,Slow,Fp1,FC2,0.21934121578411653,0.1891311516780072,-0.030210064106109324,0.030210064106109324,-13.773090478281635
Band-Power Envelope Coherence Change,Theta,Slow,Fp1,F4,0.19002698074259322,0.22987522986746278,0.03984824912486956,0.03984824912486956,20.96978490588513
Band-Power Envelope Coherence Change,Theta,Slow,Fp1,F8,0.282903722036444,0.08134049557241275,-0.20156322646403124,0.20156322646403124,-71.24799384508121
Band-Power Envelope Coherence Change,Theta,Slow,Fp1,Fp2,0.6740496953038705,0.7008682726139086,0.026818577310038116,0.026818577310038116,3.978724046147361
Band-Power Envelope Coherence Change,Theta,Slow,F7,F3,0.7611613538238751,0.25640964446174797,-0.5047517093621271,0.5047517093621271,-66.31336533658559
Band-Power Envelope Coherence Change,Theta,Slow,F7,FC1,0.6948208257895967,0.2104029425480893,-0.48441788324150736,0.48441788324150736,-69.71838857751756
Band-Power Envelope Coherence Change,Theta,Slow,F7,C3,0.4239373066351316,0.03546375899180171,-0.3884735476433299,0.3884735476433299,-91.63466898601492
Band-Power Envelope Coherence Change,Theta,Slow,F7,FC5,0.6532027049052348,0.20330220205593458,-0.4499005028493002,0.4499005028493002,-68.87609305209028
Band-Power Envelope Coherence Change,Theta,Slow,F7,FT9,0.7196560969941193,0.11964543425035244,-0.6000106627437668,0.6000106627437668,-83.37463758730163
Band-Power Envelope Coherence Change,Theta,Slow,F7,T7,0.6163029749028124,0.07369440630145288,-0.5426085686013595,0.5426085686013595,-88.04250355710613
Band-Power Envelope Coherence Change,Theta,Slow,F7,CP5,0.591272507328457,0.05393695015031898,-0.5373355571781381,0.5373355571781381,-90.8778186907384
Band-Power Envelope Coherence Change,Theta,Slow,F7,CP1,0.4955762191159741,0.07115555641947709,-0.42442066269649703,0.42442066269649703,-85.6418541336776
Band-Power Envelope Coherence Change,Theta,Slow,F7,P3,0.47913902405737385,0.04895086289275163,-0.4301881611646222,0.4301881611646222,-89.78357836975306
Band-Power Envelope Coherence Change,Theta,Slow,F7,P7,0.40576458339470756,0.11557179866147663,-0.29019278473323096,0.29019278473323096,-71.51752435006036
Band-Power Envelope Coherence Change,Theta,Slow,F7,PO9,0.45012401289124554,0.1141939531067692,-0.3359300597844763,0.3359300597844763,-74.63055739388878
Band-Power Envelope Coherence Change,Theta,Slow,F7,O1,0.3195024978513427,0.06617455090201654,-0.25332794694932614,0.25332794694932614,-79.28825240896674
Band-Power Envelope Coherence Change,Theta,Slow,F7,Pz,0.4598675301023263,0.07458750372361841,-0.38528002637870784,0.38528002637870784,-83.78065446216179
Band-Power Envelope Coherence Change,Theta,Slow,F7,Oz,0.41683741292083937,0.08427626801563379,-0.3325611449052056,0.3325611449052056,-79.78198083874048
Band-Power Envelope Coherence Change,Theta,Slow,F7,O2,0.4059911240314818,0.0567080224429829,-0.3492831015884989,0.3492831015884989,-86.03220142354994
Band-Power Envelope Coherence Change,Theta,Slow,F7,PO10,0.34760031094491056,0.003183264378209469,-0.3444170465667011,0.3444170465667011,-99.08421705102732
Band-Power Envelope Coherence Change,Theta,Slow,F7,P8,0.20390413234124474,0.06641579930696125,-0.13748833303428348,0.13748833303428348,-67.42792873083573
Band-Power Envelope Coherence Change,Theta,Slow,F7,P4,0.43025414184916594,0.09172930991370429,-0.3385248319354617,0.3385248319354617,-78.68020293320924
Band-Power Envelope Coherence Change,Theta,Slow,F7,CP2,0.3501414844055694,0.03647721802051464,-0.3136642663850548,0.3136642663850548,-89.58214903257137
Band-Power Envelope Coherence Change,Theta,Slow,F7,CP6,0.4015074655754327,0.11603049170882894,-0.28547697386660376,0.28547697386660376,-71.10128661181024
Band-Power Envelope Coherence Change,Theta,Slow,F7,T8,0.15860648933572152,0.12108351733896756,-0.03752297199675396,0.03752297199675396,-23.657904638018486
Band-Power Envelope Coherence Change,Theta,Slow,F7,FT10,0.2996080919752631,0.05477648792509488,-0.24483160405016824,0.24483160405016824,-81.71728688502265
Band-Power Envelope Coherence Change,Theta,Slow,F7,FC6,0.5360501226152974,0.10751700428457117,-0.4285331183307262,0.4285331183307262,-79.94273301160459
Band-Power Envelope Coherence Change,Theta,Slow,F7,C4,0.37992598692650953,0.11941220599326094,-0.2605137809332486,0.2605137809332486,-68.56961352939533
Band-Power Envelope Coherence Change,Theta,Slow,F7,FC2,0.3257904627012165,0.1730117392140366,-0.15277872348717988,0.15277872348717988,-46.89478084178718
Band-Power Envelope Coherence Change,Theta,Slow,F7,F4,0.2950375446559026,0.21404314376600037,-0.08099440088990223,0.08099440088990223,-27.45223526868916
Band-Power Envelope Coherence Change,Theta,Slow,F7,F8,0.3478683058997375,0.05543287533668648,-0.292435430563051,0.292435430563051,-84.0649825245467
Band-Power Envelope Coherence Change,Theta,Slow,F7,Fp2,0.4258961693101109,0.27746557918691017,-0.1484305901232007,0.1484305901232007,-34.85135599215096
Band-Power Envelope Coherence Change,Theta,Slow,F3,FC1,0.8111954496014344,0.7028154125216992,-0.1083800370797352,0.1083800370797352,-13.360533165340819
Band-Power Envelope Coherence Change,Theta,Slow,F3,C3,0.4707391666238351,0.10801322258146,-0.36272594404237507,0.36272594404237507,-77.05454947457713
Band-Power Envelope Coherence Change,Theta,Slow,F3,FC5,0.660806814295847,0.2441456031868355,-0.41666121110901144,0.41666121110901144,-63.05340715243742
Band-Power Envelope Coherence Change,Theta,Slow,F3,FT9,0.484027329454845,0.04758131394859148,-0.4364460155062535,0.4364460155062535,-90.16970508624341
Band-Power Envelope Coherence Change,Theta,Slow,F3,T7,0.5122003897152602,0.05703572648329844,-0.4551646632319617,0.4551646632319617,-88.86456792525959
Band-Power Envelope Coherence Change,Theta,Slow,F3,CP5,0.5926089583974401,0.07818513571665275,-0.5144238226807873,0.5144238226807873,-86.80662271321638
Band-Power Envelope Coherence Change,Theta,Slow,F3,CP1,0.4882522696536969,0.21054974722206288,-0.277702522431634,0.277702522431634,-56.876852334675334
Band-Power Envelope Coherence Change,Theta,Slow,F3,P3,0.4766507365025058,0.12672902080362186,-0.3499217156988839,0.3499217156988839,-73.41260359031132
Band-Power Envelope Coherence Change,Theta,Slow,F3,P7,0.31177745205384233,0.03923394727835746,-0.2725435047754849,0.2725435047754849,-87.41604082658873
Band-Power Envelope Coherence Change,Theta,Slow,F3,PO9,0.33596742936356555,0.05975371510336285,-0.2762137142602027,0.2762137142602027,-82.21443214999849
Band-Power Envelope Coherence Change,Theta,Slow,F3,O1,0.2718303293699599,0.044726507376499094,-0.2271038219934608,0.2271038219934608,-83.5461673904583
Band-Power Envelope Coherence Change,Theta,Slow,F3,Pz,0.447457165417075,0.19674470652477552,-0.25071245889229943,0.25071245889229943,-56.03049370292467
Band-Power Envelope Coherence Change,Theta,Slow,F3,Oz,0.3664780454902977,0.07009546899290123,-0.2963825764973965,0.2963825764973965,-80.87321468353636
Band-Power Envelope Coherence Change,Theta,Slow,F3,O2,0.3350520721387235,0.03866370802516305,-0.29638836411356045,0.29638836411356045,-88.46038832759258
Band-Power Envelope Coherence Change,Theta,Slow,F3,PO10,0.26194379230522874,0.002815359292278114,-0.25912843301295063,0.25912843301295063,-98.92520480538911
Band-Power Envelope Coherence Change,Theta,Slow,F3,P8,0.17486429047978344,0.09045544923978757,-0.08440884123999587,0.08440884123999587,-48.271056948448035
Band-Power Envelope Coherence Change,Theta,Slow,F3,P4,0.42158853864445606,0.24026245042910022,-0.18132608821535584,0.18132608821535584,-43.01020345533539
Band-Power Envelope Coherence Change,Theta,Slow,F3,CP2,0.36083722009048835,0.12475128133551895,-0.23608593875496942,0.23608593875496942,-65.4272690316607
Band-Power Envelope Coherence Change,Theta,Slow,F3,CP6,0.4447283574415588,0.2538327588379976,-0.1908955986035612,0.1908955986035612,-42.92408959521915
Band-Power Envelope Coherence Change,Theta,Slow,F3,T8,0.11537347489707209,0.2753395738641468,0.15996609896707473,0.15996609896707473,138.65067261758819
Band-Power Envelope Coherence Change,Theta,Slow,F3,FT10,0.32090143934055665,0.015102159062849415,-0.30579928027770725,0.30579928027770725,-95.29383255684864
Band-Power Envelope Coherence Change,Theta,Slow,F3,FC6,0.649429374141964,0.319535371934291,-0.329894002207673,0.329894002207673,-50.79751784303474
Band-Power Envelope Coherence Change,Theta,Slow,F3,C4,0.4547633862194055,0.41080352635160455,-0.04395985986780093,0.04395985986780093,-9.666534553991562
Band-Power Envelope Coherence Change,Theta,Slow,F3,FC2,0.37783458609568243,0.5837396273554553,0.20590504125977283,0.20590504125977283,54.496080781665036
Band-Power Envelope Coherence Change,Theta,Slow,F3,F4,0.3417605871713828,0.6042690558035623,0.26250846863217947,0.26250846863217947,76.81063249711099
Band-Power Envelope Coherence Change,Theta,Slow,F3,F8,0.3953150851111128,0.09063977194060963,-0.30467531317050317,0.30467531317050317,-77.07151197755756
Band-Power Envelope Coherence Change,Theta,Slow,F3,Fp2,0.4530544434377575,0.3484183988935569,-0.10463604454420061,0.10463604454420061,-23.09568884265362
Band-Power Envelope Coherence Change,Theta,Slow,FC1,C3,0.548400646212623,0.16876247206986342,-0.3796381741427596,0.3796381741427596,-69.22642720511462
Band-Power Envelope Coherence Change,Theta,Slow,FC1,FC5,0.6860943812485912,0.26786104325954213,-0.4182333379890491,0.4182333379890491,-60.95857208856976
Band-Power Envelope Coherence Change,Theta,Slow,FC1,FT9,0.5378931434994821,0.04496369650619284,-0.4929294469932893,0.4929294469932893,-91.64077530089652
Band-Power Envelope Coherence Change,Theta,Slow,FC1,T7,0.5759310236860091,0.06029019592746802,-0.5156408277585411,0.5156408277585411,-89.53169851111589
Band-Power Envelope Coherence Change,Theta,Slow,FC1,CP5,0.7274102799384057,0.16414736270183866,-0.5632629172365671,0.5632629172365671,-77.43400564592818
Band-Power Envelope Coherence Change,Theta,Slow,FC1,CP1,0.6904373552334224,0.3942246192270051,-0.29621273600641734,0.29621273600641734,-42.90218855645115
Band-Power Envelope Coherence Change,Theta,Slow,FC1,P3,0.6842117793641616,0.2620146723773372,-0.42219710698682433,0.42219710698682433,-61.705618014815876
Band-Power Envelope Coherence Change,Theta,Slow,FC1,P7,0.392081565439525,0.08867424024527706,-0.30340732519424796,0.30340732519424796,-77.38372622903786
Band-Power Envelope Coherence Change,Theta,Slow,FC1,PO9,0.441629401329467,0.0696602225058364,-0.37196917882363056,0.37196917882363056,-84.22654327448907
Band-Power Envelope Coherence Change,Theta,Slow,FC1,O1,0.398307337363144,0.057489323865724695,-0.3408180134974193,0.3408180134974193,-85.56659180664035
Band-Power Envelope Coherence Change,Theta,Slow,FC1,Pz,0.6218250867802196,0.3813257823271962,-0.24049930445302342,0.24049930445302342,-38.67635924731137
Band-Power Envelope Coherence Change,Theta,Slow,FC1,Oz,0.5677835358121389,0.11264598498045089,-0.45513755083168805,0.45513755083168805,-80.16039954041186
Band-Power Envelope Coherence Change,Theta,Slow,FC1,O2,0.5267555182436454,0.05138673566034268,-0.47536878258330273,0.47536878258330273,-90.24467065258645
Band-Power Envelope Coherence Change,Theta,Slow,FC1,PO10,0.3733227563524494,0.0036649467829360525,-0.36965780956951333,0.36965780956951333,-99.01829001297847
Band-Power Envelope Coherence Change,Theta,Slow,FC1,P8,0.25560914951177943,0.1273303223587663,-0.12827882715301314,0.12827882715301314,-50.185538114746386
Band-Power Envelope Coherence Change,Theta,Slow,FC1,P4,0.599200288044741,0.40318813798966197,-0.19601215005507905,0.19601215005507905,-32.712292361321964
Band-Power Envelope Coherence Change,Theta,Slow,FC1,CP2,0.5256290514169198,0.23675998066490428,-0.28886907075201557,0.28886907075201557,-54.95683124312123
Band-Power Envelope Coherence Change,Theta,Slow,FC1,CP6,0.5656779556061919,0.3595502280927368,-0.20612772751345515,0.20612772751345515,-36.43905962228358
Band-Power Envelope Coherence Change,Theta,Slow,FC1,T8,0.2462875045948753,0.33208450751628316,0.08579700292140785,0.08579700292140785,34.836116863718914
Band-Power Envelope Coherence Change,Theta,Slow,FC1,FT10,0.3460085051329442,0.018725345158385528,-0.32728315997455865,0.32728315997455865,-94.58818356179111
Band-Power Envelope Coherence Change,Theta,Slow,FC1,FC6,0.6838888283613803,0.3744186666959386,-0.3094701616654417,0.3094701616654417,-45.251530487336986
Band-Power Envelope Coherence Change,Theta,Slow,FC1,C4,0.5281661845511809,0.5713305447554802,0.04316436020429926,0.04316436020429926,8.172495980782825
Band-Power Envelope Coherence Change,Theta,Slow,FC1,FC2,0.4205549703358501,0.799189086447331,0.3786341161114809,0.3786341161114809,90.03201550777257
Band-Power Envelope Coherence Change,Theta,Slow,FC1,F4,0.3159407439592703,0.7322459536248996,0.41630520966562934,0.41630520966562934,131.76686376331935
Band-Power Envelope Coherence Change,Theta,Slow,FC1,F8,0.3802444525432384,0.08146279632191035,-0.2987816562213281,0.2987816562213281,-78.57620386647271
Band-Power Envelope Coherence Change,Theta,Slow,FC1,Fp2,0.3638632234478865,0.3426130191317006,-0.021250204316185906,0.021250204316185906,-5.8401627168647945
Band-Power Envelope Coherence Change,Theta,Slow,C3,FC5,0.4434613040897529,0.0735117726860604,-0.36994953140369247,0.36994953140369247,-83.42318213379397
Band-Power Envelope Coherence Change,Theta,Slow,C3,FT9,0.3565006657173999,0.007018444704851723,-0.34948222101254817,0.34948222101254817,-98.03129548419544
Band-Power Envelope Coherence Change,Theta,Slow,C3,T7,0.39012785356433327,0.03518067624253092,-0.35494717732180237,0.35494717732180237,-90.98227006323467
Band-Power Envelope Coherence Change,Theta,Slow,C3,CP5,0.5331281129005588,0.07226383520848703,-0.46086427769207183,0.46086427769207183,-86.44531521413766
Band-Power Envelope Coherence Change,Theta,Slow,C3,CP1,0.4836894422258136,0.07702534822635061,-0.406664093999463,0.406664093999463,-84.0754538962232
Band-Power Envelope Coherence Change,Theta,Slow,C3,P3,0.48576384592090505,0.04732910305320023,-0.4384347428677048,0.4384347428677048,-90.25676705859524
Band-Power Envelope Coherence Change,Theta,Slow,C3,P7,0.30283751007186055,0.010215292363715453,-0.2926222177081451,0.2926222177081451,-96.62680743832182
Band-Power Envelope Coherence Change,Theta,Slow,C3,PO9,0.32660213164147545,0.014083374387236752,-0.3125187572542387,0.3125187572542387,-95.68791106278002
Band-Power Envelope Coherence Change,Theta,Slow,C3,O1,0.3093053427914381,0.008556176082836356,-0.30074916670860175,0.30074916670860175,-97.23374449157004
Band-Power Envelope Coherence Change,Theta,Slow,C3,Pz,0.44885244456129053,0.07389740058216877,-0.37495504397912177,0.37495504397912177,-83.5363711443309
Band-Power Envelope Coherence Change,Theta,Slow,C3,Oz,0.3989026682117315,0.018354355314448727,-0.38054831289728275,0.38054831289728275,-95.39878853236787
Band-Power Envelope Coherence Change,Theta,Slow,C3,O2,0.3753525925809819,0.005985285555153144,-0.36936730702582876,0.36936730702582876,-98.40542314787348
Band-Power Envelope Coherence Change,Theta,Slow,C3,PO10,0.25327476492354906,0.002245061765203837,-0.2510297031583452,0.2510297031583452,-99.11358647756262
Band-Power Envelope Coherence Change,Theta,Slow,C3,P8,0.17461549271424337,0.009041635840272084,-0.16557385687397128,0.16557385687397128,-94.82197386971346
Band-Power Envelope Coherence Change,Theta,Slow,C3,P4,0.4236831923424424,0.05415841690707025,-0.36952477543537215,0.36952477543537215,-87.21723734008862
Band-Power Envelope Coherence Change,Theta,Slow,C3,CP2,0.37108805952573926,0.08193219080155252,-0.28915586872418675,0.28915586872418675,-77.92109212399232
Band-Power Envelope Coherence Change,Theta,Slow,C3,CP6,0.35811460326316,0.0263602206985526,-0.33175438256460743,0.33175438256460743,-92.63916621708336
Band-Power Envelope Coherence Change,Theta,Slow,C3,T8,0.08308703361728056,0.017899817003048817,-0.06518721661423174,0.06518721661423174,-78.45654583662258
Band-Power Envelope Coherence Change,Theta,Slow,C3,FT10,0.18427356601402867,0.003626653430893632,-0.18064691258313503,0.18064691258313503,-98.03191878827724
Band-Power Envelope Coherence Change,Theta,Slow,C3,FC6,0.37231177989795017,0.04371410499903086,-0.32859767489891933,0.32859767489891933,-88.25873706950321
Band-Power Envelope Coherence Change,Theta,Slow,C3,C4,0.3522026910671495,0.06476571293907475,-0.2874369781280748,0.2874369781280748,-81.611238476674
Band-Power Envelope Coherence Change,Theta,Slow,C3,FC2,0.279957673507936,0.09275460024635165,-0.18720307326158434,0.18720307326158434,-66.8683486742426
Band-Power Envelope Coherence Change,Theta,Slow,C3,F4,0.1944468027943553,0.06320237322774826,-0.13124442956660703,0.13124442956660703,-67.49631656603252
Band-Power Envelope Coherence Change,Theta,Slow,C3,F8,0.2090500653151931,0.06321525239712569,-0.1458348129180674,0.1458348129180674,-69.76071148228844
Band-Power Envelope Coherence Change,Theta,Slow,C3,Fp2,0.17937146685123373,0.05601482081854652,-0.1233566460326872,0.1233566460326872,-68.77161022215209
Band-Power Envelope Coherence Change,Theta,Slow,FC5,FT9,0.5107904471881634,0.026572029931440706,-0.48421841725672266,0.48421841725672266,-94.79786082967755
Band-Power Envelope Coherence Change,Theta,Slow,FC5,T7,0.5289754644852525,0.07132375068426007,-0.4576517138009924,0.4576517138009924,-86.5166240264725
Band-Power Envelope Coherence Change,Theta,Slow,FC5,CP5,0.6103208269759656,0.08165010665419681,-0.5286707203217688,0.5286707203217688,-86.62177283728641
Band-Power Envelope Coherence Change,Theta,Slow,FC5,CP1,0.49214901983521653,0.0771600947215674,-0.41498892511364915,0.41498892511364915,-84.32180262242471
Band-Power Envelope Coherence Change,Theta,Slow,FC5,P3,0.49233027423019277,0.039107690891672,-0.4532225833385208,0.4532225833385208,-92.05661464698251
Band-Power Envelope Coherence Change,Theta,Slow,FC5,P7,0.36663165422660576,0.05708520840169532,-0.3095464458249104,0.3095464458249104,-84.42982002682932
Band-Power Envelope Coherence Change,Theta,Slow,FC5,PO9,0.3842067364135191,0.10071476102934361,-0.2834919753841755,0.2834919753841755,-73.78631047193691
Band-Power Envelope Coherence Change,Theta,Slow,FC5,O1,0.30250574583879897,0.01742968539911024,-0.28507606043968875,0.28507606043968875,-94.23822997120912
Band-Power Envelope Coherence Change,Theta,Slow,FC5,Pz,0.45543724974127997,0.07058971152543793,-0.38484753821584206,0.38484753821584206,-84.50067236144216
Band-Power Envelope Coherence Change,Theta,Slow,FC5,Oz,0.3956099963167153,0.023040075638178028,-0.3725699206785373,0.3725699206785373,-94.17606333189501
Band-Power Envelope Coherence Change,Theta,Slow,FC5,O2,0.36882186122449806,0.015797853917112126,-0.3530240073073859,0.3530240073073859,-95.71667095202467
Band-Power Envelope Coherence Change,Theta,Slow,FC5,PO10,0.2827721599969019,0.0019449220759669697,-0.28082723792093495,0.28082723792093495,-99.3121946389672
Band-Power Envelope Coherence Change,Theta,Slow,FC5,P8,0.17052572051475418,0.01329710219633787,-0.1572286183184163,0.1572286183184163,-92.20228939294387
Band-Power Envelope Coherence Change,Theta,Slow,FC5,P4,0.42125906526368967,0.06699432503019788,-0.3542647402334918,0.3542647402334918,-84.09664490228539
Band-Power Envelope Coherence Change,Theta,Slow,FC5,CP2,0.38065479489821263,0.04670848024592923,-0.3339463146522834,0.3339463146522834,-87.72943862209353
Band-Power Envelope Coherence Change,Theta,Slow,FC5,CP6,0.3920508503388123,0.07276016998094585,-0.31929068035786645,0.31929068035786645,-81.44113960776615
Band-Power Envelope Coherence Change,Theta,Slow,FC5,T8,0.14198528107992117,0.06901277081576723,-0.07297251026415394,0.07297251026415394,-51.39441899127482
Band-Power Envelope Coherence Change,Theta,Slow,FC5,FT10,0.24135882897453775,0.004587799434730395,-0.23677102953980736,0.23677102953980736,-98.09917894687234
Band-Power Envelope Coherence Change,Theta,Slow,FC5,FC6,0.49787871764544855,0.09953445767700929,-0.39834425996843925,0.39834425996843925,-80.00829235125286
Band-Power Envelope Coherence Change,Theta,Slow,FC5,C4,0.39208049912057813,0.11615632696553657,-0.27592417215504156,0.27592417215504156,-70.3743677061035
Band-Power Envelope Coherence Change,Theta,Slow,FC5,FC2,0.32788266198283095,0.19974691756878576,-0.12813574441404518,0.12813574441404518,-39.079756044177415
Band-Power Envelope Coherence Change,Theta,Slow,FC5,F4,0.24201773626693235,0.17606665554224024,-0.06595108072469211,0.06595108072469211,-27.250515496084002
Band-Power Envelope Coherence Change,Theta,Slow,FC5,F8,0.2826254472438501,0.020350154797173264,-0.2622752924466768,0.2622752924466768,-92.79960279740305
Band-Power Envelope Coherence Change,Theta,Slow,FC5,Fp2,0.27899820589765184,0.09755579782311222,-0.18144240807453962,0.18144240807453962,-65.03353937017798
Band-Power Envelope Coherence Change,Theta,Slow,FT9,T7,0.5722448366742099,0.05133814324833111,-0.5209066934258788,0.5209066934258788,-91.0286401976644
Band-Power Envelope Coherence Change,Theta,Slow,FT9,CP5,0.5492177055441039,0.024941084208846418,-0.5242766213352574,0.5242766213352574,-95.45879822207523
Band-Power Envelope Coherence Change,Theta,Slow,FT9,CP1,0.4735010191832393,0.04352383044064662,-0.42997718874259266,0.42997718874259266,-90.80808093808908
Band-Power Envelope Coherence Change,Theta,Slow,FT9,P3,0.46339860297338453,0.04579844114418167,-0.41760016182920284,0.41760016182920284,-90.1168365958988
Band-Power Envelope Coherence Change,Theta,Slow,FT9,P7,0.4659435159820464,0.07639028543132034,-0.3895532305507261,0.3895532305507261,-83.60524767249605
Band-Power Envelope Coherence Change,Theta,Slow,FT9,PO9,0.5045367135210834,0.03937679887979831,-0.46515991464128514,0.46515991464128514,-92.1954542009453
Band-Power Envelope Coherence Change,Theta,Slow,FT9,O1,0.33615350792015997,0.06756828916006684,-0.2685852187600931,0.2685852187600931,-79.89957338891878
Band-Power Envelope Coherence Change,Theta,Slow,FT9,Pz,0.44728860553614097,0.051886380976212225,-0.39540222455992874,0.39540222455992874,-88.39979817638797
Band-Power Envelope Coherence Change,Theta,Slow,FT9,Oz,0.4399104434348073,0.06644326617428362,-0.3734671772605237,0.3734671772605237,-84.89618349237253
Band-Power Envelope Coherence Change,Theta,Slow,FT9,O2,0.4161084913453955,0.035833122122670355,-0.38027536922272515,0.38027536922272515,-91.38851456580187
Band-Power Envelope Coherence Change,Theta,Slow,FT9,PO10,0.363184153314947,0.0021798796759073275,-0.3610042736390397,0.3610042736390397,-99.39978667681103
Band-Power Envelope Coherence Change,Theta,Slow,FT9,P8,0.189518264669471,0.04338414893487374,-0.14613411573459725,0.14613411573459725,-77.108196399678
Band-Power Envelope Coherence Change,Theta,Slow,FT9,P4,0.39372326783960204,0.05747433739429568,-0.33624893044530635,0.33624893044530635,-85.40235183212235
Band-Power Envelope Coherence Change,Theta,Slow,FT9,CP2,0.32501268109317805,0.027452678891050755,-0.2975600022021273,0.2975600022021273,-91.55335145732965
Band-Power Envelope Coherence Change,Theta,Slow,FT9,CP6,0.33841886782097497,0.043806756882303816,-0.2946121109386711,0.2946121109386711,-87.05546260928992
Band-Power Envelope Coherence Change,Theta,Slow,FT9,T8,0.14886620525430888,0.056500260658963644,-0.09236594459534524,0.09236594459534524,-62.04628138237019
Band-Power Envelope Coherence Change,Theta,Slow,FT9,FT10,0.25566255759103673,0.029574585088358838,-0.2260879725026779,0.2260879725026779,-88.43217975794995
Band-Power Envelope Coherence Change,Theta,Slow,FT9,FC6,0.3945572814305512,0.050530501677319206,-0.344026779753232,0.344026779753232,-87.19311388853093
Band-Power Envelope Coherence Change,Theta,Slow,FT9,C4,0.2935430287700806,0.04177988189641939,-0.2517631468736612,0.2517631468736612,-85.76703317688265
Band-Power Envelope Coherence Change,Theta,Slow,FT9,FC2,0.24723860925589392,0.036271933130186666,-0.21096667612570724,0.21096667612570724,-85.3291792736769
Band-Power Envelope Coherence Change,Theta,Slow,FT9,F4,0.19493618906036064,0.06320827797327253,-0.13172791108708812,0.13172791108708812,-67.5748878245996
Band-Power Envelope Coherence Change,Theta,Slow,FT9,F8,0.26041179053823105,0.04987463963462087,-0.2105371509036102,0.2105371509036102,-80.84777976775258
Band-Power Envelope Coherence Change,Theta,Slow,FT9,Fp2,0.2902655825760077,0.060235711800701336,-0.23002987077530637,0.23002987077530637,-79.2480695554292
Band-Power Envelope Coherence Change,Theta,Slow,T7,CP5,0.6126583598491988,0.044593055781887735,-0.568065304067311,0.568065304067311,-92.72138295919703
Band-Power Envelope Coherence Change,Theta,Slow,T7,CP1,0.4992405573059868,0.028840554959209196,-0.47040000234677765,0.47040000234677765,-94.2231145813074
Band-Power Envelope Coherence Change,Theta,Slow,T7,P3,0.4915983736845597,0.023284669581430606,-0.4683137041031291,0.4683137041031291,-95.26347709271074
Band-Power Envelope Coherence Change,Theta,Slow,T7,P7,0.4158584260233163,0.03771174711133122,-0.37814667891198506,0.37814667891198506,-90.93158999519302
Band-Power Envelope Coherence Change,Theta,Slow,T7,PO9,0.43545826918581815,0.06176237899319651,-0.3736958901926216,0.3736958901926216,-85.81669396043979
Band-Power Envelope Coherence Change,Theta,Slow,T7,O1,0.30894671605100155,0.029010709484430228,-0.2799360065665713,0.2799360065665713,-90.60980163335314
Band-Power Envelope Coherence Change,Theta,Slow,T7,Pz,0.4604264106826931,0.028954082979245344,-0.43147232770344773,0.43147232770344773,-93.71146348092545
Band-Power Envelope Coherence Change,Theta,Slow,T7,Oz,0.4179246574313845,0.03455007243496183,-0.3833745849964227,0.3833745849964227,-91.73294233288105
Band-Power Envelope Coherence Change,Theta,Slow,T7,O2,0.39953046173740686,0.004076503858829302,-0.39545395787857757,0.39545395787857757,-98.97967633278772
Band-Power Envelope Coherence Change,Theta,Slow,T7,PO10,0.320462549147777,0.0053456188186434914,-0.3151169303291335,0.3151169303291335,-98.33190529350173
Band-Power Envelope Coherence Change,Theta,Slow,T7,P8,0.18678777464867097,0.00792115187045378,-0.1788666227782172,0.1788666227782172,-95.75927713398126
Band-Power Envelope Coherence Change,Theta,Slow,T7,P4,0.4182068309362085,0.020052373851821383,-0.39815445708438707,0.39815445708438707,-95.2051539170387
Band-Power Envelope Coherence Change,Theta,Slow,T7,CP2,0.3910681784808337,0.01657249321369346,-0.3744956852671402,0.3744956852671402,-95.7622496215182
Band-Power Envelope Coherence Change,Theta,Slow,T7,CP6,0.3369947933743299,0.015424336772942044,-0.3215704566013879,0.3215704566013879,-95.4229747532601
Band-Power Envelope Coherence Change,Theta,Slow,T7,T8,0.10543399341796797,0.01948048501842166,-0.08595350839954631,0.08595350839954631,-81.52352539546149
Band-Power Envelope Coherence Change,Theta,Slow,T7,FT10,0.2225834909754183,0.02158867621054695,-0.20099481476487135,0.20099481476487135,-90.30086368223456
Band-Power Envelope Coherence Change,Theta,Slow,T7,FC6,0.38140713541711224,0.026394523569933954,-0.3550126118471783,0.3550126118471783,-93.07969853760903
Band-Power Envelope Coherence Change,Theta,Slow,T7,C4,0.3126953970025302,0.02764301924264389,-0.2850523777598863,0.2850523777598863,-91.15976138196233
Band-Power Envelope Coherence Change,Theta,Slow,T7,FC2,0.24393057111671312,0.03524169209666401,-0.20868887902004912,0.20868887902004912,-85.55257262944627
Band-Power Envelope Coherence Change,Theta,Slow,T7,F4,0.1856748641451135,0.04047056177675489,-0.1452043023683586,0.1452043023683586,-78.20353230735353
Band-Power Envelope Coherence Change,Theta,Slow,T7,F8,0.21122527551383613,0.00987163856899236,-0.20135363694484376,0.20135363694484376,-95.32648801381455
Band-Power Envelope Coherence Change,Theta,Slow,T7,Fp2,0.21586437472881623,0.029481337358415603,-0.18638303737040063,0.18638303737040063,-86.34265733034823
Band-Power Envelope Coherence Change,Theta,Slow,CP5,CP1,0.7050490906768506,0.2269559057223684,-0.4780931849544822,0.4780931849544822,-67.80991441255678
Band-Power Envelope Coherence Change,Theta,Slow,CP5,P3,0.738782991760315,0.21411280418772508,-0.52467018757259,0.52467018757259,-71.01817359417633
Band-Power Envelope Coherence Change,Theta,Slow,CP5,P7,0.5425048564845264,0.2088010192341431,-0.33370383725038333,0.33370383725038333,-61.51167740926967
Band-Power Envelope Coherence Change,Theta,Slow,CP5,PO9,0.5366818655590687,0.04493136251484883,-0.49175050304421986,0.49175050304421986,-91.62793353040851
Band-Power Envelope Coherence Change,Theta,Slow,CP5,O1,0.45847560089045386,0.05775326207298059,-0.40072233881747327,0.40072233881747327,-87.40319834669242
Band-Power Envelope Coherence Change,Theta,Slow,CP5,Pz,0.6480645104750434,0.21302797399683254,-0.4350365364782109,0.4350365364782109,-67.1285851094239
Band-Power Envelope Coherence Change,Theta,Slow,CP5,Oz,0.5833464827868466,0.08022359709859396,-0.5031228856882527,0.5031228856882527,-86.24769335792713
Band-Power Envelope Coherence Change,Theta,Slow,CP5,O2,0.5398660841465753,0.04017271449472718,-0.49969336965184813,0.49969336965184813,-92.55876305728067
Band-Power Envelope Coherence Change,Theta,Slow,CP5,PO10,0.36302322887356697,0.004894658107540959,-0.358128570766026,0.358128570766026,-98.65169561663348
Band-Power Envelope Coherence Change,Theta,Slow,CP5,P8,0.2220191710717549,0.04685408066455088,-0.17516509040720402,0.17516509040720402,-78.89638068713984
Band-Power Envelope Coherence Change,Theta,Slow,CP5,P4,0.5892817855141064,0.12566564295129573,-0.46361614256281064,0.46361614256281064,-78.67477902075976
Band-Power Envelope Coherence Change,Theta,Slow,CP5,CP2,0.5033837895559474,0.06118471978354185,-0.4421990697724056,0.4421990697724056,-87.84531384343643
Band-Power Envelope Coherence Change,Theta,Slow,CP5,CP6,0.456331878539411,0.09027447750931258,-0.36605740103009843,0.36605740103009843,-80.2173633369083
Band-Power Envelope Coherence Change,Theta,Slow,CP5,T8,0.10900479114932862,0.061637940620852434,-0.04736685052847619,0.04736685052847619,-43.45391613437162
Band-Power Envelope Coherence Change,Theta,Slow,CP5,FT10,0.25156210117952976,0.022707705966192412,-0.22885439521333734,0.22885439521333734,-90.97331996365111
Band-Power Envelope Coherence Change,Theta,Slow,CP5,FC6,0.45994484663109286,0.045359608794635846,-0.414585237836457,0.414585237836457,-90.1380330431189
Band-Power Envelope Coherence Change,Theta,Slow,CP5,C4,0.4184360234412361,0.08862304066149222,-0.32981298277974386,0.32981298277974386,-78.82040845034028
Band-Power Envelope Coherence Change,Theta,Slow,CP5,FC2,0.313485860644183,0.09424402246297195,-0.21924183818121104,0.21924183818121104,-69.93675495624917
Band-Power Envelope Coherence Change,Theta,Slow,CP5,F4,0.22144058295642333,0.07621331897026352,-0.14522726398615982,0.14522726398615982,-65.58294872929353
Band-Power Envelope Coherence Change,Theta,Slow,CP5,F8,0.25265578882390954,0.013797968004135438,-0.2388578208197741,0.2388578208197741,-94.53882767999745
Band-Power Envelope Coherence Change,Theta,Slow,CP5,Fp2,0.21369389522305732,0.05410682924132847,-0.15958706598172884,0.15958706598172884,-74.68021761461605
Band-Power Envelope Coherence Change,Theta,Slow,CP1,P3,0.8545085435867197,0.5353366301873967,-0.31917191339932294,0.31917191339932294,-37.351518108833496
Band-Power Envelope Coherence Change,Theta,Slow,CP1,P7,0.4610789784434116,0.12969730339934607,-0.33138167504406557,0.33138167504406557,-71.87091377767858
Band-Power Envelope Coherence Change,Theta,Slow,CP1,PO9,0.5474894895260557,0.033843644630448345,-0.5136458448956074,0.5136458448956074,-93.8183937266548
Band-Power Envelope Coherence Change,Theta,Slow,CP1,O1,0.5614817285609756,0.2198867841126105,-0.341594944448365,0.341594944448365,-60.8381229650768
Band-Power Envelope Coherence Change,Theta,Slow,CP1,Pz,0.7810875021610341,0.6681908202940483,-0.11289668186698576,0.11289668186698576,-14.453781625571349
Band-Power Envelope Coherence Change,Theta,Slow,CP1,Oz,0.825881263773598,0.3698686471811662,-0.45601261659243186,0.45601261659243186,-55.21527568125584
Band-Power Envelope Coherence Change,Theta,Slow,CP1,O2,0.7940718783694484,0.18905972186225922,-0.6050121565071891,0.6050121565071891,-76.19110725209467
Band-Power Envelope Coherence Change,Theta,Slow,CP1,PO10,0.5166509969824478,0.00494592664945162,-0.5117050703329962,0.5117050703329962,-99.04269484074572
Band-Power Envelope Coherence Change,Theta,Slow,CP1,P8,0.3979415626741496,0.21212852048622027,-0.18581304218792932,0.18581304218792932,-46.69354991202074
Band-Power Envelope Coherence Change,Theta,Slow,CP1,P4,0.7881480190524424,0.6377595187064382,-0.15038850034600415,0.15038850034600415,-19.081250819714043
Band-Power Envelope Coherence Change,Theta,Slow,CP1,CP2,0.6504847417054166,0.3183190781526699,-0.3321656635527467,0.3321656635527467,-51.0643282241928
Band-Power Envelope Coherence Change,Theta,Slow,CP1,CP6,0.6078624544282364,0.4259230960647985,-0.1819393583634379,0.1819393583634379,-29.93100775315569
Band-Power Envelope Coherence Change,Theta,Slow,CP1,T8,0.15871073329470875,0.30570848014591184,0.1469977468512031,0.1469977468512031,92.61991536403785
Band-Power Envelope Coherence Change,Theta,Slow,CP1,FT10,0.253951670095756,0.025564037554640102,-0.22838763254111588,0.22838763254111588,-89.9335028806856
Band-Power Envelope Coherence Change,Theta,Slow,CP1,FC6,0.48790053326652416,0.19002681193615947,-0.2978737213303647,0.2978737213303647,-61.05214096325777
Band-Power Envelope Coherence Change,Theta,Slow,CP1,C4,0.4663121240442092,0.43098178134241594,-0.03533034270179325,0.03533034270179325,-7.576543881248886
Band-Power Envelope Coherence Change,Theta,Slow,CP1,FC2,0.31374503261234427,0.35473660009679076,0.04099156748444649,0.04099156748444649,13.065248282383063
Band-Power Envelope Coherence Change,Theta,Slow,CP1,F4,0.22345219481332249,0.32674255185891243,0.10329035704558995,0.10329035704558995,46.22481203725982
Band-Power Envelope Coherence Change,Theta,Slow,CP1,F8,0.2614308873664672,0.03755801821743434,-0.22387286914903284,0.22387286914903284,-85.63367221227136
Band-Power Envelope Coherence Change,Theta,Slow,CP1,Fp2,0.22030539844685795,0.22584457250918172,0.005539174062323765,0.005539174062323765,2.5143160818457764
Band-Power Envelope Coherence Change,Theta,Slow,P3,P7,0.4823459505582023,0.1769126022774448,-0.3054333482807575,0.3054333482807575,-63.322465530661155
Band-Power Envelope Coherence Change,Theta,Slow,P3,PO9,0.5312378647028981,0.02518187976873265,-0.5060559849341655,0.5060559849341655,-95.25977317471225
Band-Power Envelope Coherence Change,Theta,Slow,P3,O1,0.5605846701917423,0.2359379518573765,-0.32464671833436576,0.32464671833436576,-57.91216485162244
Band-Power Envelope Coherence Change,Theta,Slow,P3,Pz,0.772683206842496,0.5572803907008788,-0.21540281614161727,0.21540281614161727,-27.877248299706487
Band-Power Envelope Coherence Change,Theta,Slow,P3,Oz,0.8113993459141576,0.358753264608624,-0.45264608130553363,0.45264608130553363,-55.785857307484385
Band-Power Envelope Coherence Change,Theta,Slow,P3,O2,0.7552714500624437,0.184620217803246,-0.5706512322591977,0.5706512322591977,-75.55577960904228
Band-Power Envelope Coherence Change,Theta,Slow,P3,PO10,0.4588499167875636,0.004051734141717447,-0.45479818264584615,0.45479818264584615,-99.11698052163028
Band-Power Envelope Coherence Change,Theta,Slow,P3,P8,0.3429143374574941,0.18097330422687052,-0.1619410332306236,0.1619410332306236,-47.22492341128692
Band-Power Envelope Coherence Change,Theta,Slow,P3,P4,0.7598388916860372,0.46875987270620045,-0.2910790189798368,0.2910790189798368,-38.307991623586126
Band-Power Envelope Coherence Change,Theta,Slow,P3,CP2,0.640830686599184,0.21296499041459208,-0.4278656961845919,0.4278656961845919,-66.76735448722451
Band-Power Envelope Coherence Change,Theta,Slow,P3,CP6,0.5414896441300718,0.25858973331481433,-0.2828999108152575,0.2828999108152575,-52.24474999327999
Band-Power Envelope Coherence Change,Theta,Slow,P3,T8,0.1440657327215569,0.18354277289715265,0.03947704017559575,0.03947704017559575,27.402102796988522
Band-Power Envelope Coherence Change,Theta,Slow,P3,FT10,0.22417456856637272,0.033685365807047216,-0.19048920275932552,0.19048920275932552,-84.97360069767514
Band-Power Envelope Coherence Change,Theta,Slow,P3,FC6,0.4452696326153476,0.09458808169192082,-0.3506815509234268,0.3506815509234268,-78.75712270420381
Band-Power Envelope Coherence Change,Theta,Slow,P3,C4,0.44104561690945904,0.2540221840832839,-0.18702343282617512,0.18702343282617512,-42.404555369284765
Band-Power Envelope Coherence Change,Theta,Slow,P3,FC2,0.305134251471921,0.2073052412395921,-0.09782901023232893,0.09782901023232893,-32.06097308329586
Band-Power Envelope Coherence Change,Theta,Slow,P3,F4,0.20675410103437916,0.20175205090081233,-0.005002050133566832,0.005002050133566832,-2.41932329687385
Band-Power Envelope Coherence Change,Theta,Slow,P3,F8,0.2344739098978189,0.028852677258986343,-0.20562123263883256,0.20562123263883256,-87.6947173902802
Band-Power Envelope Coherence Change,Theta,Slow,P3,Fp2,0.2000429501838394,0.15875906042675922,-0.041283889757080194,0.041283889757080194,-20.637512953663357
Band-Power Envelope Coherence Change,Theta,Slow,P7,PO9,0.5548307834833714,0.1207551792302827,-0.4340756042530888,0.4340756042530888,-78.23567422266113
Band-Power Envelope Coherence Change,Theta,Slow,P7,O1,0.3717474134438951,0.11904005986536428,-0.2527073535785308,0.2527073535785308,-67.9782412572643
Band-Power Envelope Coherence Change,Theta,Slow,P7,Pz,0.42982194875464474,0.1534679580176952,-0.27635399073694955,0.27635399073694955,-64.29499273772562
Band-Power Envelope Coherence Change,Theta,Slow,P7,Oz,0.4340784892337281,0.13788477166271082,-0.2961937175710173,0.2961937175710173,-68.2350599989148
Band-Power Envelope Coherence Change,Theta,Slow,P7,O2,0.3860904276402281,0.06616405069749133,-0.3199263769427368,0.3199263769427368,-82.8630688665648
Band-Power Envelope Coherence Change,Theta,Slow,P7,PO10,0.3231703121097253,0.022747138794648424,-0.3004231733150769,0.3004231733150769,-92.9612535736497
Band-Power Envelope Coherence Change,Theta,Slow,P7,P8,0.14985723431912315,0.07912752944312326,-0.07072970487599989,0.07072970487599989,-47.19805833689681
Band-Power Envelope Coherence Change,Theta,Slow,P7,P4,0.36743743066617984,0.08808105060134643,-0.27935638006483343,0.27935638006483343,-76.02828583858437
Band-Power Envelope Coherence Change,Theta,Slow,P7,CP2,0.31741975854745524,0.0303276862576946,-0.28709207228976064,0.28709207228976064,-90.44555814783642
Band-Power Envelope Coherence Change,Theta,Slow,P7,CP6,0.2453279316456508,0.04852154192355662,-0.1968063897220942,0.1968063897220942,-80.22176211323517
Band-Power Envelope Coherence Change,Theta,Slow,P7,T8,0.08238288494663408,0.02552913275772952,-0.05685375218890456,0.05685375218890456,-69.01160626473961
Band-Power Envelope Coherence Change,Theta,Slow,P7,FT10,0.17546449633179576,0.05557168388418292,-0.11989281244761284,0.11989281244761284,-68.32881577416136
Band-Power Envelope Coherence Change,Theta,Slow,P7,FC6,0.2763062542514908,0.025452927860007583,-0.2508533263914832,0.2508533263914832,-90.78814631649973
Band-Power Envelope Coherence Change,Theta,Slow,P7,C4,0.22378429168859057,0.02963117609569591,-0.19415311559289467,0.19415311559289467,-86.75904556476668
Band-Power Envelope Coherence Change,Theta,Slow,P7,FC2,0.1902889169224396,0.04261305671456155,-0.14767586020787804,0.14767586020787804,-77.60612787978064
Band-Power Envelope Coherence Change,Theta,Slow,P7,F4,0.12082157579201704,0.05130600642275389,-0.06951556936926315,0.06951556936926315,-57.53572481865958
Band-Power Envelope Coherence Change,Theta,Slow,P7,F8,0.19269138572270242,0.018915913648465562,-0.17377547207423685,0.17377547207423685,-90.1833112167832
Band-Power Envelope Coherence Change,Theta,Slow,P7,Fp2,0.1485750631637252,0.03611466198888467,-0.11246040117484055,0.11246040117484055,-75.692649075917
Band-Power Envelope Coherence Change,Theta,Slow,PO9,O1,0.4620011619995262,0.07553199892850618,-0.38646916307101997,0.38646916307101997,-83.65112360289179
Band-Power Envelope Coherence Change,Theta,Slow,PO9,Pz,0.5042068724938183,0.04012749685617344,-0.4640793756376449,0.4640793756376449,-92.04146174015797
Band-Power Envelope Coherence Change,Theta,Slow,PO9,Oz,0.5890932197522761,0.06632864640314329,-0.5227645733491328,0.5227645733491328,-88.7405517192957
Band-Power Envelope Coherence Change,Theta,Slow,PO9,O2,0.5464341919671062,0.0332065701621299,-0.5132276218049763,0.5132276218049763,-93.9230431312159
Band-Power Envelope Coherence Change,Theta,Slow,PO9,PO10,0.5106828018672906,0.016069094529975146,-0.4946137073373155,0.4946137073373155,-96.85340989138088
Band-Power Envelope Coherence Change,Theta,Slow,PO9,P8,0.25023763393142046,0.032015211280687135,-0.21822242265073333,0.21822242265073333,-87.20607656901792
Band-Power Envelope Coherence Change,Theta,Slow,PO9,P4,0.4616581780063089,0.04206101545967903,-0.4195971625466298,0.4195971625466298,-90.88914320952324
Band-Power Envelope Coherence Change,Theta,Slow,PO9,CP2,0.368589701549605,0.0216295511853265,-0.3469601503642785,0.3469601503642785,-94.13180805258727
Band-Power Envelope Coherence Change,Theta,Slow,PO9,CP6,0.34232095389812317,0.04429265268823415,-0.298028301209889,0.298028301209889,-87.06107464826242
Band-Power Envelope Coherence Change,Theta,Slow,PO9,T8,0.11549301151750192,0.03232417420481692,-0.08316883731268501,0.08316883731268501,-72.0120085361888
Band-Power Envelope Coherence Change,Theta,Slow,PO9,FT10,0.26438960171351406,0.023737893144309793,-0.24065170856920426,0.24065170856920426,-91.021623773982
Band-Power Envelope Coherence Change,Theta,Slow,PO9,FC6,0.33097134116135896,0.046652045996776526,-0.28431929516458243,0.28431929516458243,-85.90450586051432
Band-Power Envelope Coherence Change,Theta,Slow,PO9,C4,0.27781801896444464,0.039058775685459755,-0.23875924327898487,0.23875924327898487,-85.94087747402067
Band-Power Envelope Coherence Change,Theta,Slow,PO9,FC2,0.2086407016915559,0.053519578072928856,-0.15512112361862707,0.15512112361862707,-74.34844800701948
Band-Power Envelope Coherence Change,Theta,Slow,PO9,F4,0.1423144406922419,0.057961586893195194,-0.0843528537990467,0.0843528537990467,-59.27216759503809
Band-Power Envelope Coherence Change,Theta,Slow,PO9,F8,0.23731384496825078,0.014938523164332397,-0.2223753218039184,0.2223753218039184,-93.70516154827335
Band-Power Envelope Coherence Change,Theta,Slow,PO9,Fp2,0.1964644101111207,0.0364357185510564,-0.1600286915600643,0.1600286915600643,-81.45429061149127
Band-Power Envelope Coherence Change,Theta,Slow,O1,Pz,0.5253763819562361,0.2615284295146985,-0.26384795244153764,0.26384795244153764,-50.22074868670366
Band-Power Envelope Coherence Change,Theta,Slow,O1,Oz,0.6071698457036391,0.5631166736787534,-0.04405317202488568,0.04405317202488568,-7.255494049417621
Band-Power Envelope Coherence Change,Theta,Slow,O1,O2,0.5715034195570314,0.2760484419256422,-0.2954549776313892,0.2954549776313892,-51.69784948275453
Band-Power Envelope Coherence Change,Theta,Slow,O1,PO10,0.3945006690816784,0.00868763866061063,-0.3858130304210678,0.3858130304210678,-97.7978139604088
Band-Power Envelope Coherence Change,Theta,Slow,O1,P8,0.2530258241294053,0.15168461215505222,-0.10134121197435306,0.10134121197435306,-40.051726863469874
Band-Power Envelope Coherence Change,Theta,Slow,O1,P4,0.5078216712651314,0.2536692197381213,-0.25415245152701016,0.25415245152701016,-50.04757888607678
Band-Power Envelope Coherence Change,Theta,Slow,O1,CP2,0.37947264229542077,0.10262824380116897,-0.2768443984942518,0.2768443984942518,-72.95503486618344
Band-Power Envelope Coherence Change,Theta,Slow,O1,CP6,0.3490336472136016,0.11256931470172121,-0.23646433251188037,0.23646433251188037,-67.74829143253599
Band-Power Envelope Coherence Change,Theta,Slow,O1,T8,0.09697537113292175,0.08351460782180455,-0.013460763311117202,0.013460763311117202,-13.880599943945423
Band-Power Envelope Coherence Change,Theta,Slow,O1,FT10,0.1742757627334976,0.04210419622568776,-0.13217156650780984,0.13217156650780984,-75.84047513820182
Band-Power Envelope Coherence Change,Theta,Slow,O1,FC6,0.26485303332152726,0.041013519808084695,-0.22383951351344256,0.22383951351344256,-84.5146120119021
Band-Power Envelope Coherence Change,Theta,Slow,O1,C4,0.2784332816186612,0.0752244422090713,-0.2032088394095899,0.2032088394095899,-72.98295599873805
Band-Power Envelope Coherence Change,Theta,Slow,O1,FC2,0.20481305995805552,0.044267923850960685,-0.16054513610709484,0.16054513610709484,-78.38618110582085
Band-Power Envelope Coherence Change,Theta,Slow,O1,F4,0.12135432153402806,0.0611599069179726,-0.06019441461605546,0.06019441461605546,-49.602201104290124
Band-Power Envelope Coherence Change,Theta,Slow,O1,F8,0.17407899581831254,0.01690465941258922,-0.15717433640572331,0.15717433640572331,-90.28908724276377
Band-Power Envelope Coherence Change,Theta,Slow,O1,Fp2,0.12507381579945787,0.0833118630404881,-0.04176195275896977,0.04176195275896977,-33.38984462257909
Band-Power Envelope Coherence Change,Theta,Slow,Pz,Oz,0.7412182396343465,0.44388552464782516,-0.29733271498652136,0.29733271498652136,-40.11405805842013
Band-Power Envelope Coherence Change,Theta,Slow,Pz,O2,0.7097220245899953,0.22822384849913593,-0.48149817609085943,0.48149817609085943,-67.84320612975478
Band-Power Envelope Coherence Change,Theta,Slow,Pz,PO10,0.46276683181657596,0.006727966085870281,-0.4560388657307057,0.4560388657307057,-98.54614340888264
Band-Power Envelope Coherence Change,Theta,Slow,Pz,P8,0.35949676524629104,0.2741744277776648,-0.08532233746862622,0.08532233746862622,-23.7338262029067
Band-Power Envelope Coherence Change,Theta,Slow,Pz,P4,0.7118483523267595,0.7212270545013008,0.009378702174541287,0.009378702174541287,1.317514066568519
Band-Power Envelope Coherence Change,Theta,Slow,Pz,CP2,0.5801642146866766,0.36813239739766257,-0.212031817289014,0.212031817289014,-36.5468624092101
Band-Power Envelope Coherence Change,Theta,Slow,Pz,CP6,0.5397088487386124,0.4375699742252879,-0.10213887451332443,0.10213887451332443,-18.924810062321498
Band-Power Envelope Coherence Change,Theta,Slow,Pz,T8,0.13159028695162628,0.2924158239348961,0.16082553698326985,0.16082553698326985,122.21687535523856
Band-Power Envelope Coherence Change,Theta,Slow,Pz,FT10,0.2304705556261515,0.03887826385565142,-0.19159229177050008,0.19159229177050008,-83.13091937057841
Band-Power Envelope Coherence Change,Theta,Slow,Pz,FC6,0.4235166646216204,0.19413395923341706,-0.22938270538820335,0.22938270538820335,-54.16143555841874
Band-Power Envelope Coherence Change,Theta,Slow,Pz,C4,0.42384473394475564,0.43097588436374046,0.007131150418984822,0.007131150418984822,1.682491216208977
Band-Power Envelope Coherence Change,Theta,Slow,Pz,FC2,0.2933290523049274,0.33324250333120237,0.03991345102627497,0.03991345102627497,13.6070568914474
Band-Power Envelope Coherence Change,Theta,Slow,Pz,F4,0.19935629900582544,0.31098216457675354,0.1116258655709281,0.1116258655709281,55.99314700744232
Band-Power Envelope Coherence Change,Theta,Slow,Pz,F8,0.23084157660265806,0.04357545224228771,-0.18726612436037035,0.18726612436037035,-81.12322187207504
Band-Power Envelope Coherence Change,Theta,Slow,Pz,Fp2,0.18793829229561346,0.20897997053727788,0.02104167824166442,0.02104167824166442,11.196056952868004
Band-Power Envelope Coherence Change,Theta,Slow,Oz,O2,0.916100489684764,0.46232936488717513,-0.45377112479758885,0.45377112479758885,-49.53289840001443
Band-Power Envelope Coherence Change,Theta,Slow,Oz,PO10,0.6027567966063803,0.022028587624350136,-0.5807282089820301,0.5807282089820301,-96.3453605586242
Band-Power Envelope Coherence Change,Theta,Slow,Oz,P8,0.43404935074679774,0.3515069471795559,-0.08254240356724185,0.08254240356724185,-19.01682456735038
Band-Power Envelope Coherence Change,Theta,Slow,Oz,P4,0.7590180291729516,0.5110080818599121,-0.2480099473130395,0.2480099473130395,-32.67510622682816
Band-Power Envelope Coherence Change,Theta,Slow,Oz,CP2,0.6174802234565342,0.2088429510983144,-0.4086372723582198,0.4086372723582198,-66.17819597051187
Band-Power Envelope Coherence Change,Theta,Slow,Oz,CP6,0.5294150324144872,0.22957832004675754,-0.29983671236772963,0.29983671236772963,-56.63547387392333
Band-Power Envelope Coherence Change,Theta,Slow,Oz,T8,0.15142914724706533,0.1574271135866363,0.005997966339570976,0.005997966339570976,3.960906105998834
Band-Power Envelope Coherence Change,Theta,Slow,Oz,FT10,0.2224686355991558,0.06206763803214274,-0.16040099756701306,0.16040099756701306,-72.10049953109962
Band-Power Envelope Coherence Change,Theta,Slow,Oz,FC6,0.39374718540681247,0.0700175979605319,-0.32372958744628055,0.32372958744628055,-82.21762578742221
Band-Power Envelope Coherence Change,Theta,Slow,Oz,C4,0.3811361828917029,0.15505674114283932,-0.2260794417488636,0.2260794417488636,-59.317234074599114
Band-Power Envelope Coherence Change,Theta,Slow,Oz,FC2,0.254965633770795,0.08789896892606291,-0.1670666648447321,0.1670666648447321,-65.52516995091153
Band-Power Envelope Coherence Change,Theta,Slow,Oz,F4,0.1645277335380226,0.11479004991953684,-0.04973768361848577,0.04973768361848577,-30.230577270421897
Band-Power Envelope Coherence Change,Theta,Slow,Oz,F8,0.22713009806453335,0.03134370781350248,-0.19578639025103087,0.19578639025103087,-86.20010818443052
Band-Power Envelope Coherence Change,Theta,Slow,Oz,Fp2,0.18811131515545593,0.1386127970101059,-0.04949851814535003,0.04949851814535003,-26.31341878846802
Band-Power Envelope Coherence Change,Theta,Slow,O2,PO10,0.678588247220689,0.029829654606179402,-0.6487585926145096,0.6487585926145096,-95.60415985270104
Band-Power Envelope Coherence Change,Theta,Slow,O2,P8,0.5466028979623396,0.29495799084044344,-0.2516449071218962,0.2516449071218962,-46.037975294312155
Band-Power Envelope Coherence Change,Theta,Slow,O2,P4,0.7625043286052781,0.28304514446828677,-0.4794591841369913,0.4794591841369913,-62.87953604328857
Band-Power Envelope Coherence Change,Theta,Slow,O2,CP2,0.5982324978494836,0.08472407356316435,-0.5135084242863193,0.5135084242863193,-85.837600954858
Band-Power Envelope Coherence Change,Theta,Slow,O2,CP6,0.5453557293423447,0.1325666953332403,-0.4127890340091044,0.4127890340091044,-75.69170209450168
Band-Power Envelope Coherence Change,Theta,Slow,O2,T8,0.15782347929038051,0.07569988265804899,-0.08212359663233153,0.08212359663233153,-52.03509452559448
Band-Power Envelope Coherence Change,Theta,Slow,O2,FT10,0.20577292734068328,0.02227934069170405,-0.18349358664897925,0.18349358664897925,-89.17285136600222
Band-Power Envelope Coherence Change,Theta,Slow,O2,FC6,0.36816015989469625,0.03163930416975199,-0.3365208557249443,0.3365208557249443,-91.4061032082337
Band-Power Envelope Coherence Change,Theta,Slow,O2,C4,0.36214031361806415,0.07116513131305048,-0.2909751823050137,0.2909751823050137,-80.3487409059612
Band-Power Envelope Coherence Change,Theta,Slow,O2,FC2,0.23736038013716243,0.037639406985703165,-0.19972097315145926,0.19972097315145926,-84.14250644359744
Band-Power Envelope Coherence Change,Theta,Slow,O2,F4,0.15542449773319392,0.04485354709925167,-0.11057095063394225,0.11057095063394225,-71.14126295827025
Band-Power Envelope Coherence Change,Theta,Slow,O2,F8,0.20613068787614697,0.009819153482424134,-0.19631153439372284,0.19631153439372284,-95.23644267450175
Band-Power Envelope Coherence Change,Theta,Slow,O2,Fp2,0.1782701333644103,0.06345099357873779,-0.11481913978567251,0.11481913978567251,-64.40738985198678
Band-Power Envelope Coherence Change,Theta,Slow,PO10,P8,0.6683162902009443,0.03695183193437825,-0.6313644582665661,0.6313644582665661,-94.47090659375252
Band-Power Envelope Coherence Change,Theta,Slow,PO10,P4,0.5032310740192311,0.013992693416325894,-0.48923838060290514,0.48923838060290514,-97.21942977317192
Band-Power Envelope Coherence Change,Theta,Slow,PO10,CP2,0.3666741284673235,0.0049470417606360595,-0.36172708670668746,0.36172708670668746,-98.65083424856988
Band-Power Envelope Coherence Change,Theta,Slow,PO10,CP6,0.44808420379062736,0.01566740036284801,-0.43241680342777933,0.43241680342777933,-96.50346960899144
Band-Power Envelope Coherence Change,Theta,Slow,PO10,T8,0.1660578294983157,0.014512955570452464,-0.15154487392786326,0.15154487392786326,-91.26030033374629
Band-Power Envelope Coherence Change,Theta,Slow,PO10,FT10,0.2406206225712601,0.03174107638859287,-0.20887954618266724,0.20887954618266724,-86.8086633433954
Band-Power Envelope Coherence Change,Theta,Slow,PO10,FC6,0.32092272835942726,0.04068436886865778,-0.2802383594907695,0.2802383594907695,-87.32269008286254
Band-Power Envelope Coherence Change,Theta,Slow,PO10,C4,0.26077047132123604,0.007798427475705056,-0.25297204384553096,0.25297204384553096,-97.00946681723852
Band-Power Envelope Coherence Change,Theta,Slow,PO10,FC2,0.18904277925135424,0.004061108461320882,-0.18498167079003336,0.18498167079003336,-97.85175161018917
Band-Power Envelope Coherence Change,Theta,Slow,PO10,F4,0.10761191826703995,0.008803428562260322,-0.09880848970477962,0.09880848970477962,-91.81928107589856
Band-Power Envelope Coherence Change,Theta,Slow,PO10,F8,0.22404695919105888,0.01006013919643421,-0.21398681999462468,0.21398681999462468,-95.50980775067994
Band-Power Envelope Coherence Change,Theta,Slow,PO10,Fp2,0.18086659012693634,0.005937716946757968,-0.17492887318017838,0.17492887318017838,-96.71707364937288
Band-Power Envelope Coherence Change,Theta,Slow,P8,P4,0.4390795618090429,0.5054704763950068,0.06639091458596386,0.06639091458596386,15.120474820651634
Band-Power Envelope Coherence Change,Theta,Slow,P8,CP2,0.2939801898019692,0.15201146387304015,-0.14196872592892906,0.14196872592892906,-48.291936277938305
Band-Power Envelope Coherence Change,Theta,Slow,P8,CP6,0.46979104178541004,0.5049425911459917,0.03515154936058168,0.03515154936058168,7.482379661176705
Band-Power Envelope Coherence Change,Theta,Slow,P8,T8,0.12585730191320452,0.3398652416764961,0.2140079397632916,0.2140079397632916,170.0401458716148
Band-Power Envelope Coherence Change,Theta,Slow,P8,FT10,0.1560616729144228,0.09836451084232929,-0.05769716207209351,0.05769716207209351,-36.97074431832602
Band-Power Envelope Coherence Change,Theta,Slow,P8,FC6,0.22630370776188602,0.1665686777886048,-0.05973502997328123,0.05973502997328123,-26.395957257639672
Band-Power Envelope Coherence Change,Theta,Slow,P8,C4,0.20713807498728926,0.27057276430277527,0.06343468931548601,0.06343468931548601,30.62435011978295
Band-Power Envelope Coherence Change,Theta,Slow,P8,FC2,0.1269336425336311,0.11636689005595145,-0.010566752477679645,0.010566752477679645,-8.32462715696509
Band-Power Envelope Coherence Change,Theta,Slow,P8,F4,0.06825039626143423,0.15667441518289624,0.08842401892146201,0.08842401892146201,129.55824986385778
Band-Power Envelope Coherence Change,Theta,Slow,P8,F8,0.12899991424612023,0.06365931449488628,-0.06534059975123395,0.06534059975123395,-50.65166138527035
Band-Power Envelope Coherence Change,Theta,Slow,P8,Fp2,0.10335762316885531,0.12495284100561585,0.021595217836760536,0.021595217836760536,20.893686575474394
Band-Power Envelope Coherence Change,Theta,Slow,P4,CP2,0.5996942406446706,0.4520539491334699,-0.14764029151120067,0.14764029151120067,-24.61926120092258
Band-Power Envelope Coherence Change,Theta,Slow,P4,CP6,0.5918738686405709,0.7035116889390678,0.11163782029849689,0.11163782029849689,18.861758596457236
Band-Power Envelope Coherence Change,Theta,Slow,P4,T8,0.1338096248578942,0.4809603821350191,0.34715075727712497,0.34715075727712497,259.4363130797198
Band-Power Envelope Coherence Change,Theta,Slow,P4,FT10,0.21486612727538068,0.04986130016021085,-0.16500482711516984,0.16500482711516984,-76.7942482174928
Band-Power Envelope Coherence Change,Theta,Slow,P4,FC6,0.4249647547362549,0.30929220081505815,-0.11567255392119674,0.11567255392119674,-27.219328810688406
Band-Power Envelope Coherence Change,Theta,Slow,P4,C4,0.4402253152611693,0.6328243847127989,0.19259906945162958,0.19259906945162958,43.75011222091299
Band-Power Envelope Coherence Change,Theta,Slow,P4,FC2,0.28576032894701414,0.40962006825778013,0.12385973931076599,0.12385973931076599,43.34392382846541
Band-Power Envelope Coherence Change,Theta,Slow,P4,F4,0.19887520659493818,0.42068710934073333,0.22181190274579515,0.22181190274579515,111.53321047081228
Band-Power Envelope Coherence Change,Theta,Slow,P4,F8,0.22861635869978564,0.07230600118342767,-0.15631035751635797,0.15631035751635797,-68.37234150930622
Band-Power Envelope Coherence Change,Theta,Slow,P4,Fp2,0.19155176300783244,0.27505467632286784,0.0835029133150354,0.0835029133150354,43.59287119253557
Band-Power Envelope Coherence Change,Theta,Slow,CP2,CP6,0.4721425538281811,0.2911312591489432,-0.18101129467923788,0.18101129467923788,-38.338271611313026
Band-Power Envelope Coherence Change,Theta,Slow,CP2,T8,0.12108145121939994,0.19141326233975825,0.07033181112035831,0.07033181112035831,58.086362867353536
Band-Power Envelope Coherence Change,Theta,Slow,CP2,FT10,0.16883347287511943,0.014663731171471722,-0.15416974170364772,0.15416974170364772,-91.31467775805454
Band-Power Envelope Coherence Change,Theta,Slow,CP2,FC6,0.38358718109390255,0.19180358566820355,-0.191783595425699,0.191783595425699,-49.997394302587544
Band-Power Envelope Coherence Change,Theta,Slow,CP2,C4,0.37396754414516664,0.36008840142217846,-0.01387914272298818,0.01387914272298818,-3.7113227980021115
Band-Power Envelope Coherence Change,Theta,Slow,CP2,FC2,0.25201255078284723,0.22006479120110936,-0.03194775958173787,0.03194775958173787,-12.677050997061825
Band-Power Envelope Coherence Change,Theta,Slow,CP2,F4,0.17322932374033476,0.20121411942042236,0.027984795680087604,0.027984795680087604,16.15476818580434
Band-Power Envelope Coherence Change,Theta,Slow,CP2,F8,0.18438685308968583,0.03958274964849102,-0.14480410344119482,0.14480410344119482,-78.53277010523199
Band-Power Envelope Coherence Change,Theta,Slow,CP2,Fp2,0.16826172877509096,0.1003785888297099,-0.06788313994538106,0.06788313994538106,-40.34377896837008
Band-Power Envelope Coherence Change,Theta,Slow,CP6,T8,0.23668727931284958,0.7897733330395214,0.5530860537266717,0.5530860537266717,233.67798021608553
Band-Power Envelope Coherence Change,Theta,Slow,CP6,FT10,0.32712734380277547,0.08692378350236186,-0.24020356030041362,0.24020356030041362,-73.42815110106844
Band-Power Envelope Coherence Change,Theta,Slow,CP6,FC6,0.567722590707084,0.49117105218649293,-0.07655153852059104,0.07655153852059104,-13.483969067577188
Band-Power Envelope Coherence Change,Theta,Slow,CP6,C4,0.4710559308529131,0.7814405051526805,0.3103845742997674,0.3103845742997674,65.89123583218078
Band-Power Envelope Coherence Change,Theta,Slow,CP6,FC2,0.2808049091645366,0.44544905173758037,0.16464414257304377,0.16464414257304377,58.63292884120168
Band-Power Envelope Coherence Change,Theta,Slow,CP6,F4,0.21820625971403024,0.5149689818570603,0.29676272214303007,0.29676272214303007,136.00101231374015
Band-Power Envelope Coherence Change,Theta,Slow,CP6,F8,0.3063506058756385,0.13709791822936784,-0.16925268764627066,0.16925268764627066,-55.248034245761524
Band-Power Envelope Coherence Change,Theta,Slow,CP6,Fp2,0.24792513263775057,0.3553704841462872,0.10744535150853662,0.10744535150853662,43.337821529182214
Band-Power Envelope Coherence Change,Theta,Slow,T8,FT10,0.204999081639113,0.11994415691499816,-0.08505492472411486,0.08505492472411486,-41.49039305153976
Band-Power Envelope Coherence Change,Theta,Slow,T8,FC6,0.2766196584290696,0.5619085670576888,0.28528890862861916,0.28528890862861916,103.13399642266297
Band-Power Envelope Coherence Change,Theta,Slow,T8,C4,0.13432099857827315,0.7097192597721945,0.5753982611939213,0.5753982611939213,428.37550888115106
Band-Power Envelope Coherence Change,Theta,Slow,T8,FC2,0.13133196922530138,0.44764149039356504,0.31630952116826366,0.31630952116826366,240.84731465925967
Band-Power Envelope Coherence Change,Theta,Slow,T8,F4,0.06357142901317663,0.5866498090463217,0.5230783800331451,0.5230783800331451,822.8199179299952
Band-Power Envelope Coherence Change,Theta,Slow,T8,F8,0.18006762076781285,0.23936572102840278,0.05929810026058993,0.05929810026058993,32.93101780749995
Band-Power Envelope Coherence Change,Theta,Slow,T8,Fp2,0.12953298071610508,0.4067624337971398,0.2772294530810347,0.2772294530810347,214.02229111721985
Band-Power Envelope Coherence Change,Theta,Slow,FT10,FC6,0.4797063476647594,0.06807284393896885,-0.41163350372579055,0.41163350372579055,-85.80947609504194
Band-Power Envelope Coherence Change,Theta,Slow,FT10,C4,0.2553275036026578,0.05169862052698446,-0.20362888307567337,0.20362888307567337,-79.75203618978777
Band-Power Envelope Coherence Change,Theta,Slow,FT10,FC2,0.16381364798227682,0.017978179393875936,-0.14583546858840088,0.14583546858840088,-89.02522493374848
Band-Power Envelope Coherence Change,Theta,Slow,FT10,F4,0.1788265885487161,0.04585306582209918,-0.13297352272661694,0.13297352272661694,-74.3589215707664
Band-Power Envelope Coherence Change,Theta,Slow,FT10,F8,0.4749064694712996,0.08688192038528443,-0.3880245490860152,0.3880245490860152,-81.70546708239041
Band-Power Envelope Coherence Change,Theta,Slow,FT10,Fp2,0.26230845788783286,0.05337356976160265,-0.2089348881262302,0.2089348881262302,-79.6523641702678
Band-Power Envelope Coherence Change,Theta,Slow,FC6,C4,0.4714672896346069,0.5820921344275557,0.11062484479294882,0.11062484479294882,23.463949085138967
Band-Power Envelope Coherence Change,Theta,Slow,FC6,FC2,0.37556151339971205,0.47566433761032123,0.10010282421060918,0.10010282421060918,26.654175318563386
Band-Power Envelope Coherence Change,Theta,Slow,FC6,F4,0.3186779578264331,0.5861046126140034,0.2674266547875703,0.2674266547875703,83.917524955781
Band-Power Envelope Coherence Change,Theta,Slow,FC6,F8,0.5667367976388006,0.20573220952711996,-0.3610045881116806,0.3610045881116806,-63.69880862081596
Band-Power Envelope Coherence Change,Theta,Slow,FC6,Fp2,0.4276284204036643,0.29075097342700384,-0.13687744697666043,0.13687744697666043,-32.00850094281702
Band-Power Envelope Coherence Change,Theta,Slow,C4,FC2,0.31101345934174474,0.6892438528638879,0.37823039352214316,0.37823039352214316,121.6122267900116
Band-Power Envelope Coherence Change,Theta,Slow,C4,F4,0.224935836112557,0.7350233039724265,0.5100874678598696,0.5100874678598696,226.77020997428966
Band-Power Envelope Coherence Change,Theta,Slow,C4,F8,0.27571524818197174,0.14479474665369063,-0.1309205015282811,0.1309205015282811,-47.48395396756357
Band-Power Envelope Coherence Change,Theta,Slow,C4,Fp2,0.22802316849499854,0.39765422169202724,0.1696310531970287,0.1696310531970287,74.39202530016128
Band-Power Envelope Coherence Change,Theta,Slow,FC2,F4,0.1796790065336776,0.8283615299989068,0.6486825234652291,0.6486825234652291,361.0229909322463
Band-Power Envelope Coherence Change,Theta,Slow,FC2,F8,0.24416470544856025,0.10700991647831286,-0.1371547889702474,0.1371547889702474,-56.1730610156277
Band-Power Envelope Coherence Change,Theta,Slow,FC2,Fp2,0.1872127504970084,0.37966619155132925,0.19245344105432086,0.19245344105432086,102.7993235201126
Band-Power Envelope Coherence Change,Theta,Slow,F4,F8,0.2010821932155666,0.2039957371005953,0.00291354388502868,0.00291354388502868,1.4489318215786848
Band-Power Envelope Coherence Change,Theta,Slow,F4,Fp2,0.19679106679641706,0.5204494421963235,0.32365837539990644,0.32365837539990644,164.46802218656362
Band-Power Envelope Coherence Change,Theta,Slow,F8,Fp2,0.3739786449757272,0.0942586755703576,-0.2797199694053696,0.2797199694053696,-74.79570642958092
Band-Power Envelope Coherence Change,Theta,Medium,Cz,Fz,0.5534981944175948,0.614048145763517,0.060549951345922115,0.060549951345922115,10.939502957120634
Band-Power Envelope Coherence Change,Theta,Medium,Cz,Fp1,0.2771814664300664,0.17244212045081153,-0.10473934597925488,0.10473934597925488,-37.78728330152654
Band-Power Envelope Coherence Change,Theta,Medium,Cz,F7,0.43865036624406883,0.1523322245810707,-0.2863181416629981,0.2863181416629981,-65.27251854696691
Band-Power Envelope Coherence Change,Theta,Medium,Cz,F3,0.6833200342796554,0.5086198192899467,-0.17470021498970867,0.17470021498970867,-25.56638269414634
Band-Power Envelope Coherence Change,Theta,Medium,Cz,FC1,0.7091608087771373,0.7618079747447601,0.052647165967622866,0.052647165967622866,7.423868509937343
Band-Power Envelope Coherence Change,Theta,Medium,Cz,C3,0.4103390370703952,0.14544254536896095,-0.26489649170143426,0.26489649170143426,-64.55551818629195
Band-Power Envelope Coherence Change,Theta,Medium,Cz,FC5,0.4749616493644665,0.20501755589369855,-0.269944093470768,0.269944093470768,-56.83492421587574
Band-Power Envelope Coherence Change,Theta,Medium,Cz,FT9,0.27947465529575605,0.03546577291368094,-0.2440088823820751,0.2440088823820751,-87.3098428635151
Band-Power Envelope Coherence Change,Theta,Medium,Cz,T7,0.33486510091750304,0.04198432534829205,-0.292880775569211,0.292880775569211,-87.4623168454227
Band-Power Envelope Coherence Change,Theta,Medium,Cz,CP5,0.49361267656000046,0.14863759813260813,-0.34497507842739233,0.34497507842739233,-69.88780775071106
Band-Power Envelope Coherence Change,Theta,Medium,Cz,CP1,0.4885793369260356,0.4426479892151627,-0.04593134771087293,0.04593134771087293,-9.401000869143658
Band-Power Envelope Coherence Change,Theta,Medium,Cz,P3,0.485831754362041,0.2520049203671584,-0.23382683399488263,0.23382683399488263,-48.12917885573928
Band-Power Envelope Coherence Change,Theta,Medium,Cz,P7,0.17728178395913288,0.04266352999496391,-0.134618253964169,0.134618253964169,-75.93462281223506
Band-Power Envelope Coherence Change,Theta,Medium,Cz,PO9,0.20731718836601165,0.05834405085735543,-0.1489731375086562,0.1489731375086562,-71.8575911060732
Band-Power Envelope Coherence Change,Theta,Medium,Cz,O1,0.2246983649792289,0.057852874523813255,-0.16684549045541563,0.16684549045541563,-74.25309501955601
Band-Power Envelope Coherence Change,Theta,Medium,Cz,Pz,0.43377798709949766,0.4209960955527706,-0.012781891546727042,0.012781891546727042,-2.9466436580137483
Band-Power Envelope Coherence Change,Theta,Medium,Cz,Oz,0.3557323839139608,0.10826136435731715,-0.24747101955664363,0.24747101955664363,-69.56662669668506
Band-Power Envelope Coherence Change,Theta,Medium,Cz,O2,0.32041662128644344,0.045545788002070965,-0.27487083328437245,0.27487083328437245,-85.78544776509757
Band-Power Envelope Coherence Change,Theta,Medium,Cz,PO10,0.17546073138072135,0.004916850983054343,-0.17054388039766702,0.17054388039766702,-97.197748496565
Band-Power Envelope Coherence Change,Theta,Medium,Cz,P8,0.1638223206247741,0.1110505532367522,-0.05277176738802189,0.05277176738802189,-32.21280664732658
Band-Power Envelope Coherence Change,Theta,Medium,Cz,P4,0.45248209872776235,0.4579165433856747,0.005434444657912374,0.005434444657912374,1.2010297585677592
Band-Power Envelope Coherence Change,Theta,Medium,Cz,CP2,0.39764989689436575,0.3090946229028349,-0.08855527399153085,0.08855527399153085,-22.26965848178133
Band-Power Envelope Coherence Change,Theta,Medium,Cz,CP6,0.44306182285417595,0.4635480347036245,0.020486211849448543,0.020486211849448543,4.623781782297937
Band-Power Envelope Coherence Change,Theta,Medium,Cz,T8,0.0912984594663431,0.4216464034984122,0.33034794403206913,0.33034794403206913,361.8329881610444
Band-Power Envelope Coherence Change,Theta,Medium,Cz,FT10,0.1934584385501456,0.02177351531086707,-0.17168492323927853,0.17168492323927853,-88.74511989549464
Band-Power Envelope Coherence Change,Theta,Medium,Cz,FC6,0.5069151961646601,0.40775984793282394,-0.09915534823183614,0.09915534823183614,-19.5605397080319
Band-Power Envelope Coherence Change,Theta,Medium,Cz,C4,0.4630911994341397,0.6567844087038698,0.1936932092697301,0.1936932092697301,41.82614774506786
Band-Power Envelope Coherence Change,Theta,Medium,Cz,FC2,0.30718422203866924,0.743832862998575,0.43664864095990574,0.43664864095990574,142.14553015191618
Band-Power Envelope Coherence Change,Theta,Medium,Cz,F4,0.27210969611521685,0.6307512799427643,0.3586415838275474,0.3586415838275474,131.8003690966202
Band-Power Envelope Coherence Change,Theta,Medium,Cz,F8,0.21582501259955517,0.0759339134691267,-0.13989109913042846,0.13989109913042846,-64.81690766305405
Band-Power Envelope Coherence Change,Theta,Medium,Cz,Fp2,0.24676251362241866,0.34194755990787906,0.0951850462854604,0.0951850462854604,38.5735438045938
Band-Power Envelope Coherence Change,Theta,Medium,Fz,Fp1,0.3734735636109692,0.21071563257364823,-0.16275793103732095,0.16275793103732095,-43.57950519005374
Band-Power Envelope Coherence Change,Theta,Medium,Fz,F7,0.5443841573485414,0.23524908642340836,-0.30913507092513304,0.30913507092513304,-56.7861990016013
Band-Power Envelope Coherence Change,Theta,Medium,Fz,F3,0.7349991324816846,0.6521703958634122,-0.08282873661827239,0.08282873661827239,-11.269229167469309
Band-Power Envelope Coherence Change,Theta,Medium,Fz,FC1,0.6508177865633833,0.8080291721549986,0.1572113855916153,0.1572113855916153,24.15597557985678
Band-Power Envelope Coherence Change,Theta,Medium,Fz,C3,0.3732601835681965,0.10644700281088693,-0.2668131807573096,0.2668131807573096,-71.48182219884738
Band-Power Envelope Coherence Change,Theta,Medium,Fz,FC5,0.5082822200261845,0.24484686328042948,-0.263435356745755,0.263435356745755,-51.828560269565195
Band-Power Envelope Coherence Change,Theta,Medium,Fz,FT9,0.3718366969764861,0.05266229357936281,-0.3191744033971233,0.3191744033971233,-85.83725221109819
Band-Power Envelope Coherence Change,Theta,Medium,Fz,T7,0.39076089468590347,0.04865355853614792,-0.3421073361497555,0.3421073361497555,-87.54902059090226
Band-Power Envelope Coherence Change,Theta,Medium,Fz,CP5,0.4535897410678139,0.07957903854233095,-0.37401070252548296,0.37401070252548296,-82.45572345728306
Band-Power Envelope Coherence Change,Theta,Medium,Fz,CP1,0.39694933021113915,0.2590008468098265,-0.13794848340131266,0.13794848340131266,-34.75216429460587
Band-Power Envelope Coherence Change,Theta,Medium,Fz,P3,0.39165373161966266,0.15341412721497366,-0.238239604404689,0.238239604404689,-60.82914196156439
Band-Power Envelope Coherence Change,Theta,Medium,Fz,P7,0.2722430080498085,0.05380721607046534,-0.21843579197934315,0.21843579197934315,-80.23559302554393
Band-Power Envelope Coherence Change,Theta,Medium,Fz,PO9,0.25902343922871895,0.071730405082509,-0.18729303414620996,0.18729303414620996,-72.30736905660082
Band-Power Envelope Coherence Change,Theta,Medium,Fz,O1,0.19588341150110283,0.04173402412145989,-0.15414938737964295,0.15414938737964295,-78.69445717652057
Band-Power Envelope Coherence Change,Theta,Medium,Fz,Pz,0.3558580350102371,0.2433069535233316,-0.11255108148690551,0.11255108148690551,-31.628084914161825
Band-Power Envelope Coherence Change,Theta,Medium,Fz,Oz,0.28771995863499855,0.07897636485825094,-0.20874359377674762,0.20874359377674762,-72.55096058232084
Band-Power Envelope Coherence Change,Theta,Medium,Fz,O2,0.2495806767079689,0.03181583232610089,-0.21776484438186802,0.21776484438186802,-87.25228541497698
Band-Power Envelope Coherence Change,Theta,Medium,Fz,PO10,0.17566057059444712,0.004551342454888962,-0.17110922813955814,0.17110922813955814,-97.40901305313598
Band-Power Envelope Coherence Change,Theta,Medium,Fz,P8,0.10857279401945588,0.09198392655066334,-0.01658886746879254,0.01658886746879254,-15.279027880428194
Band-Power Envelope Coherence Change,Theta,Medium,Fz,P4,0.33559623919070464,0.28588616422461166,-0.049710074966092976,0.049710074966092976,-14.812464849418328
Band-Power Envelope Coherence Change,Theta,Medium,Fz,CP2,0.32650616259822907,0.15969324046095157,-0.1668129221372775,0.1668129221372775,-51.09028289384646
Band-Power Envelope Coherence Change,Theta,Medium,Fz,CP6,0.362139205044572,0.30534898151353174,-0.05679022353104024,0.05679022353104024,-15.681876676139089
Band-Power Envelope Coherence Change,Theta,Medium,Fz,T8,0.11921553081904825,0.3225105204455862,0.20329498962653797,0.20329498962653797,170.5272695846232
Band-Power Envelope Coherence Change,Theta,Medium,Fz,FT10,0.2779273915024644,0.020234031311618075,-0.2576933601908464,0.2576933601908464,-92.71966998206486
Band-Power Envelope Coherence Change,Theta,Medium,Fz,FC6,0.581458803255756,0.4320480681697648,-0.14941073508599123,0.14941073508599123,-25.695841949489335
Band-Power Envelope Coherence Change,Theta,Medium,Fz,C4,0.3918074048022866,0.5067027627217071,0.11489535791942052,0.11489535791942052,29.32444780552294
Band-Power Envelope Coherence Change,Theta,Medium,Fz,FC2,0.3266142374200447,0.771525129277795,0.44491089185775035,0.44491089185775035,136.21907464051216
Band-Power Envelope Coherence Change,Theta,Medium,Fz,F4,0.2931070590312407,0.7813166396442482,0.48820958061300757,0.48820958061300757,166.56356971633767
Band-Power Envelope Coherence Change,Theta,Medium,Fz,F8,0.3659586372743403,0.10899535364838187,-0.25696328362595844,0.25696328362595844,-70.2164828079536
Band-Power Envelope Coherence Change,Theta,Medium,Fz,Fp2,0.3603020611650148,0.37615572840891887,0.01585366724390408,0.01585366724390408,4.40010451026625
Band-Power Envelope Coherence Change,Theta,Medium,Fp1,F7,0.552610491509886,0.26113871246544107,-0.2914717790444449,0.2914717790444449,-52.74452503571959
Band-Power Envelope Coherence Change,Theta,Medium,Fp1,F3,0.5157873288706727,0.21764639223277077,-0.2981409366379019,0.2981409366379019,-57.80307501750534
Band-Power Envelope Coherence Change,Theta,Medium,Fp1,FC1,0.4292829323379282,0.18762055464005803,-0.24166237769787016,0.24166237769787016,-56.2944294993856
Band-Power Envelope Coherence Change,Theta,Medium,Fp1,C3,0.22852460093915117,0.07111055178896661,-0.15741404915018456,0.15741404915018456,-68.88275857534434
Band-Power Envelope Coherence Change,Theta,Medium,Fp1,FC5,0.3645105057148993,0.08132670310992074,-0.28318380260497855,0.28318380260497855,-77.68879035450074
Band-Power Envelope Coherence Change,Theta,Medium,Fp1,FT9,0.36192245645471305,0.022563222161047905,-0.33935923429366516,0.33935923429366516,-93.76573026662379
Band-Power Envelope Coherence Change,Theta,Medium,Fp1,T7,0.28382615699868186,0.014945941918129382,-0.2688802150805525,0.2688802150805525,-94.73412102810568
Band-Power Envelope Coherence Change,Theta,Medium,Fp1,CP5,0.2766757906170254,0.021692861752814683,-0.2549829288642107,0.2549829288642107,-92.15946516157535
Band-Power Envelope Coherence Change,Theta,Medium,Fp1,CP1,0.25366392950595396,0.08690955233781375,-0.1667543771681402,0.1667543771681402,-65.73830875084121
Band-Power Envelope Coherence Change,Theta,Medium,Fp1,P3,0.23976230025596507,0.05351288025719428,-0.1862494199987708,0.1862494199987708,-77.68086133638813
Band-Power Envelope Coherence Change,Theta,Medium,Fp1,P7,0.19054050336671674,0.023500858623050607,-0.16703964474366614,0.16703964474366614,-87.66621363552267
Band-Power Envelope Coherence Change,Theta,Medium,Fp1,PO9,0.23426735107559044,0.021469717582631644,-0.2127976334929588,0.2127976334929588,-90.83537783474401
Band-Power Envelope Coherence Change,Theta,Medium,Fp1,O1,0.15816804426072253,0.025387666713297747,-0.13278037754742478,0.13278037754742478,-83.94892796964159
Band-Power Envelope Coherence Change,Theta,Medium,Fp1,Pz,0.22994616519897126,0.07788551657015139,-0.15206064862881988,0.15206064862881988,-66.12880388644123
Band-Power Envelope Coherence Change,Theta,Medium,Fp1,Oz,0.21226914794943136,0.044670386491614096,-0.16759876145781727,0.16759876145781727,-78.95577999763967
Band-Power Envelope Coherence Change,Theta,Medium,Fp1,O2,0.20542909015962707,0.02932745568448127,-0.1761016344751458,0.1761016344751458,-85.72380588275371
Band-Power Envelope Coherence Change,Theta,Medium,Fp1,PO10,0.19474541680791008,0.0016118605736819757,-0.1931335562342281,0.1931335562342281,-99.1723242579455
Band-Power Envelope Coherence Change,Theta,Medium,Fp1,P8,0.11304764465057024,0.04925938977393689,-0.06378825487663335,0.06378825487663335,-56.42599195569493
Band-Power Envelope Coherence Change,Theta,Medium,Fp1,P4,0.22042185198926562,0.10275864985296351,-0.1176632021363021,0.1176632021363021,-53.38091531053474
Band-Power Envelope Coherence Change,Theta,Medium,Fp1,CP2,0.19794916375721056,0.04239170445429449,-0.15555745930291606,0.15555745930291606,-78.58454986640461
Band-Power Envelope Coherence Change,Theta,Medium,Fp1,CP6,0.2595393537629074,0.13783685798111736,-0.12170249578179002,0.12170249578179002,-46.891731067869905
Band-Power Envelope Coherence Change,Theta,Medium,Fp1,T8,0.1651918503984518,0.15150769865595837,-0.013684151742493433,0.013684151742493433,-8.283793485869012
Band-Power Envelope Coherence Change,Theta,Medium,Fp1,FT10,0.2162783806122027,0.011056554411862885,-0.20522182620033982,0.20522182620033982,-94.88781339097976
Band-Power Envelope Coherence Change,Theta,Medium,Fp1,FC6,0.3865108718418679,0.132733612802241,-0.2537772590396269,0.2537772590396269,-65.65850472207521
Band-Power Envelope Coherence Change,Theta,Medium,Fp1,C4,0.25025751112102623,0.15582214524954116,-0.09443536587148507,0.09443536587148507,-37.73527733431965
Band-Power Envelope Coherence Change,Theta,Medium,Fp1,FC2,0.21973174354814934,0.19151635408557277,-0.028215389462576568,0.028215389462576568,-12.84083446795833
Band-Power Envelope Coherence Change,Theta,Medium,Fp1,F4,0.1910681100692811,0.23461476635785855,0.04354665628857746,0.04354665628857746,22.791169218551165
Band-Power Envelope Coherence Change,Theta,Medium,Fp1,F8,0.2791105078460745,0.08157675137397111,-0.1975337564721034,0.1975337564721034,-70.77259756233917
Band-Power Envelope Coherence Change,Theta,Medium,Fp1,Fp2,0.678818638976808,0.7078226586545834,0.029004019677775328,0.029004019677775328,4.2727199891702226
Band-Power Envelope Coherence Change,Theta,Medium,F7,F3,0.7576528261810487,0.26370893969860304,-0.49394388648244564,0.49394388648244564,-65.19396079760848
Band-Power Envelope Coherence Change,Theta,Medium,F7,FC1,0.6882091749450279,0.21152976254069616,-0.4766794124043317,0.4766794124043317,-69.26373982770681
Band-Power Envelope Coherence Change,Theta,Medium,F7,C3,0.4236002252568094,0.03612451880678316,-0.38747570645002627,0.38747570645002627,-91.47202559090178
Band-Power Envelope Coherence Change,Theta,Medium,F7,FC5,0.6565931575347311,0.21528982827288962,-0.4413033292618415,0.4413033292618415,-67.21107647828303
Band-Power Envelope Coherence Change,Theta,Medium,F7,FT9,0.7142378463140965,0.12299380920577807,-0.5912440371083184,0.5912440371083184,-82.77971269087725
Band-Power Envelope Coherence Change,Theta,Medium,F7,T7,0.6139223955312951,0.07469590161916015,-0.539226493912135,0.539226493912135,-87.83300590386224
Band-Power Envelope Coherence Change,Theta,Medium,F7,CP5,0.5769623441350142,0.05174866058238696,-0.5252136835526273,0.5252136835526273,-91.0308426349784
Band-Power Envelope Coherence Change,Theta,Medium,F7,CP1,0.47911598851767373,0.06800700037052121,-0.4111089881471525,0.4111089881471525,-85.80573347574423
Band-Power Envelope Coherence Change,Theta,Medium,F7,P3,0.4622827890974576,0.045577875648785904,-0.4167049134486717,0.4167049134486717,-90.14069380827041
Band-Power Envelope Coherence Change,Theta,Medium,F7,P7,0.39361500968710045,0.11228012743926893,-0.28133488224783154,0.28133488224783154,-71.47463265475454
Band-Power Envelope Coherence Change,Theta,Medium,F7,PO9,0.4337626103630723,0.12258961591551944,-0.31117299444755286,0.31117299444755286,-71.73808599756714
Band-Power Envelope Coherence Change,Theta,Medium,F7,O1,0.30076519035956806,0.06430726480672591,-0.23645792555284215,0.23645792555284215,-78.61878074060171
Band-Power Envelope Coherence Change,Theta,Medium,F7,Pz,0.4426967026323482,0.07114046435443458,-0.3715562382779136,0.3715562382779136,-83.93020234137241
Band-Power Envelope Coherence Change,Theta,Medium,F7,Oz,0.3997484394629076,0.07858412601691817,-0.32116431344598945,0.32116431344598945,-80.3416053049508
Band-Power Envelope Coherence Change,Theta,Medium,F7,O2,0.38879269528044186,0.05435512065857839,-0.33443757462186346,0.33443757462186346,-86.01951082970547
Band-Power Envelope Coherence Change,Theta,Medium,F7,PO10,0.3314695513756531,0.0030532504588591646,-0.3284163009167939,0.3284163009167939,-99.07887453125402
Band-Power Envelope Coherence Change,Theta,Medium,F7,P8,0.19211189833837541,0.06224069095292031,-0.1298712073854551,0.1298712073854551,-67.60185522538903
Band-Power Envelope Coherence Change,Theta,Medium,F7,P4,0.41417673742644384,0.0875221795829067,-0.32665455784353714,0.32665455784353714,-78.86839803540383
Band-Power Envelope Coherence Change,Theta,Medium,F7,CP2,0.3579917446989317,0.03682012331465598,-0.3211716213842757,0.3211716213842757,-89.71481218215759
Band-Power Envelope Coherence Change,Theta,Medium,F7,CP6,0.39520329299702545,0.11256827747753148,-0.282635015519494,0.282635015519494,-71.51636145947329
Band-Power Envelope Coherence Change,Theta,Medium,F7,T8,0.15541717764782906,0.11929361172829117,-0.03612356591953789,0.03612356591953789,-23.242968677112945
Band-Power Envelope Coherence Change,Theta,Medium,F7,FT10,0.29144202201430425,0.05515916982533396,-0.23628285218897027,0.23628285218897027,-81.07370740701671
Band-Power Envelope Coherence Change,Theta,Medium,F7,FC6,0.5361655366591951,0.11495091783784771,-0.42121461882134736,0.42121461882134736,-78.56055453431458
Band-Power Envelope Coherence Change,Theta,Medium,F7,C4,0.37727902612007846,0.11879304839770197,-0.25848597772237647,0.25848597772237647,-68.51321166210465
Band-Power Envelope Coherence Change,Theta,Medium,F7,FC2,0.3243030891180203,0.17438714335723968,-0.14991594576078063,0.14991594576078063,-46.22711000641232
Band-Power Envelope Coherence Change,Theta,Medium,F7,F4,0.294846681685505,0.2159130937510751,-0.0789335879344299,0.0789335879344299,-26.77106199167727
Band-Power Envelope Coherence Change,Theta,Medium,F7,F8,0.339873035716389,0.05616129355546271,-0.28371174216092626,0.28371174216092626,-83.47580194554558
Band-Power Envelope Coherence Change,Theta,Medium,F7,Fp2,0.4251090971858129,0.2780333612951069,-0.147075735890706,0.147075735890706,-34.5971744345946
Band-Power Envelope Coherence Change,Theta,Medium,F3,FC1,0.8096297783618713,0.7043619263140299,-0.10526785204784139,0.10526785204784139,-13.001973847951895
Band-Power Envelope Coherence Change,Theta,Medium,F3,C3,0.47310501445839903,0.11312746909103727,-0.35997754536736176,0.35997754536736176,-76.0882963329942
Band-Power Envelope Coherence Change,Theta,Medium,F3,FC5,0.6663412424225739,0.25786003369868205,-0.4084812087238918,0.4084812087238918,-61.30210509540172
Band-Power Envelope Coherence Change,Theta,Medium,F3,FT9,0.4755028839067814,0.04870681191438505,-0.4267960719923964,0.4267960719923964,-89.75677886236888
Band-Power Envelope Coherence Change,Theta,Medium,F3,T7,0.5110429884673657,0.058543387795350815,-0.4524996006720149,0.4524996006720149,-88.54433205885002
Band-Power Envelope Coherence Change,Theta,Medium,F3,CP5,0.5815422219587242,0.07747407783429947,-0.5040681441244247,0.5040681441244247,-86.67782408414736
Band-Power Envelope Coherence Change,Theta,Medium,F3,CP1,0.4760369150439896,0.20567211767846696,-0.27036479736552266,0.27036479736552266,-56.794922582955316
Band-Power Envelope Coherence Change,Theta,Medium,F3,P3,0.4637401992667135,0.12015031305145764,-0.3435898862152559,0.3435898862152559,-74.09102914919936
Band-Power Envelope Coherence Change,Theta,Medium,F3,P7,0.3004092486118138,0.03815001635908878,-0.262259232252725,0.262259232252725,-87.30065184897623
Band-Power Envelope Coherence Change,Theta,Medium,F3,PO9,0.32155592879008565,0.06412447188602488,-0.2574314569040608,0.2574314569040608,-80.0580657531941
Band-Power Envelope Coherence Change,Theta,Medium,F3,O1,0.2564412216746523,0.04315766158189473,-0.21328356009275756,0.21328356009275756,-83.17054438437788
Band-Power Envelope Coherence Change,Theta,Medium,F3,Pz,0.43319923294927853,0.1916435587093318,-0.24155567423994673,0.24155567423994673,-55.76087302726814
Band-Power Envelope Coherence Change,Theta,Medium,F3,Oz,0.35387273808095226,0.06606592932562547,-0.2878068087553268,0.2878068087553268,-81.33059650655764
Band-Power Envelope Coherence Change,Theta,Medium,F3,O2,0.32367847357598784,0.03717077691141489,-0.28650769666457293,0.28650769666457293,-88.51614180555366
Band-Power Envelope Coherence Change,Theta,Medium,F3,PO10,0.24979403053984958,0.0026926048947926978,-0.24710142564505688,0.24710142564505688,-98.92206995940876
Band-Power Envelope Coherence Change,Theta,Medium,F3,P8,0.16579265550031197,0.08642091906107169,-0.07937173643924028,0.07937173643924028,-47.87409683482085
Band-Power Envelope Coherence Change,Theta,Medium,F3,P4,0.4096201406871726,0.23284256561448122,-0.1767775750726914,0.1767775750726914,-43.156465591787544
Band-Power Envelope Coherence Change,Theta,Medium,F3,CP2,0.370556922950133,0.12809614047749115,-0.24246078247264183,0.24246078247264183,-65.43145396996687
Band-Power Envelope Coherence Change,Theta,Medium,F3,CP6,0.4397055272857995,0.24957168328571847,-0.19013384400008101,0.19013384400008101,-43.241176696989285
Band-Power Envelope Coherence Change,Theta,Medium,F3,T8,0.11543492473356647,0.27152541216541093,0.15609048743184445,0.15609048743184445,135.2194648128497
Band-Power Envelope Coherence Change,Theta,Medium,F3,FT10,0.30913601200569274,0.015738358373605845,-0.2933976536320869,0.2933976536320869,-94.90892106956598
Band-Power Envelope Coherence Change,Theta,Medium,F3,FC6,0.651974387608697,0.33894398405327436,-0.3130304035554226,0.3130304035554226,-48.012684164411944
Band-Power Envelope Coherence Change,Theta,Medium,F3,C4,0.45409255966730794,0.4087260642142745,-0.04536649545303345,0.04536649545303345,-9.990583304485616
Band-Power Envelope Coherence Change,Theta,Medium,F3,FC2,0.37713150919729366,0.586449037970739,0.20931752877344534,0.20931752877344534,55.502529931526446
Band-Power Envelope Coherence Change,Theta,Medium,F3,F4,0.3420620732266344,0.6047928535257441,0.2627307802991097,0.2627307802991097,76.80792489526792
Band-Power Envelope Coherence Change,Theta,Medium,F3,F8,0.38494750703895353,0.09139579394273395,-0.2935517130962196,0.2935517130962196,-76.257595575626
Band-Power Envelope Coherence Change,Theta,Medium,F3,Fp2,0.4517675421018287,0.3497701740957464,-0.10199736800608228,0.10199736800608228,-22.57740065422673
Band-Power Envelope Coherence Change,Theta,Medium,FC1,C3,0.554635433687047,0.17724304047986164,-0.37739239320718543,0.37739239320718543,-68.04332545044878
Band-Power Envelope Coherence Change,Theta,Medium,FC1,FC5,0.6923059337737338,0.2811493781725166,-0.4111565556012172,0.4111565556012172,-59.38943110887671
Band-Power Envelope Coherence Change,Theta,Medium,FC1,FT9,0.5292103575435954,0.04601927358202225,-0.4831910839615731,0.4831910839615731,-91.30416233808666
Band-Power Envelope Coherence Change,Theta,Medium,FC1,T7,0.5766919347333515,0.0616228836981068,-0.5150690510352447,0.5150690510352447,-89.31441901877824
Band-Power Envelope Coherence Change,Theta,Medium,FC1,CP5,0.7219413716371501,0.16291052434865505,-0.5590308472884951,0.5590308472884951,-77.43438307473333
Band-Power Envelope Coherence Change,Theta,Medium,FC1,CP1,0.6835192504649066,0.3883496618085013,-0.2951695886564053,0.2951695886564053,-43.18380037660109
Band-Power Envelope Coherence Change,Theta,Medium,FC1,P3,0.6774888611070211,0.250945138438418,-0.42654372266860313,0.42654372266860313,-62.959518178886064
Band-Power Envelope Coherence Change,Theta,Medium,FC1,P7,0.38353984741671615,0.0847332787687095,-0.29880656864800664,0.29880656864800664,-77.90756831671605
Band-Power Envelope Coherence Change,Theta,Medium,FC1,PO9,0.4289582969098756,0.07449201987310095,-0.35446627703677464,0.35446627703677464,-82.63420467450435
Band-Power Envelope Coherence Change,Theta,Medium,FC1,O1,0.3839998599362549,0.05569994432839191,-0.328299915607863,0.328299915607863,-85.49480087371951
Band-Power Envelope Coherence Change,Theta,Medium,FC1,Pz,0.6110871627477817,0.3738943064439888,-0.23719285630379294,0.23719285630379294,-38.81489757324377
Band-Power Envelope Coherence Change,Theta,Medium,FC1,Oz,0.558753864995283,0.106970586443893,-0.45178327855139,0.45178327855139,-80.85550845455073
Band-Power Envelope Coherence Change,Theta,Medium,FC1,O2,0.5178629193660973,0.04958028131205514,-0.46828263805404213,0.46828263805404213,-90.42598350684287
Band-Power Envelope Coherence Change,Theta,Medium,FC1,PO10,0.36253287996229666,0.003776058112058363,-0.35875682185023827,0.35875682185023827,-98.95842327116617
Band-Power Envelope Coherence Change,Theta,Medium,FC1,P8,0.24660124905280217,0.12176461041196114,-0.12483663864084103,0.12483663864084103,-50.6228736149309
Band-Power Envelope Coherence Change,Theta,Medium,FC1,P4,0.5915412384174629,0.39347152227000454,-0.19806971614745833,0.19806971614745833,-33.48366999354937
Band-Power Envelope Coherence Change,Theta,Medium,FC1,CP2,0.5444594219354479,0.24449113940577216,-0.2999682825296758,0.2999682825296758,-55.094699521104175
Band-Power Envelope Coherence Change,Theta,Medium,FC1,CP6,0.5650252186623292,0.3526779883319264,-0.21234723033040287,0.21234723033040287,-37.58190312870016
Band-Power Envelope Coherence Change,Theta,Medium,FC1,T8,0.24675150234618803,0.32577401492024305,0.07902251257405501,0.07902251257405501,32.02513939031172
Band-Power Envelope Coherence Change,Theta,Medium,FC1,FT10,0.33669722074601527,0.019064657203482323,-0.31763256354253294,0.31763256354253294,-94.33774440987631
Band-Power Envelope Coherence Change,Theta,Medium,FC1,FC6,0.6902387335723592,0.39882169297534315,-0.29141704059701606,0.29141704059701606,-42.219746070866684
Band-Power Envelope Coherence Change,Theta,Medium,FC1,C4,0.5310012332388803,0.5682349781758391,0.03723374493695886,0.03723374493695886,7.011988410996515
Band-Power Envelope Coherence Change,Theta,Medium,FC1,FC2,0.4215674067254757,0.7990688106712776,0.37750140394580184,0.37750140394580184,89.5471039561724
Band-Power Envelope Coherence Change,Theta,Medium,FC1,F4,0.317221574845306,0.7267190194015342,0.40949744455622816,0.40949744455622816,129.08877485899902
Band-Power Envelope Coherence Change,Theta,Medium,FC1,F8,0.37238573118900975,0.08162593262864194,-0.2907597985603678,0.2907597985603678,-78.08027381499977
Band-Power Envelope Coherence Change,Theta,Medium,FC1,Fp2,0.36274923103818657,0.33797491288982623,-0.02477431814836034,0.02477431814836034,-6.829599080735847
Band-Power Envelope Coherence Change,Theta,Medium,C3,FC5,0.4538847339430231,0.07767255494803842,-0.37621217899498466,0.37621217899498466,-82.88716294260983
Band-Power Envelope Coherence Change,Theta,Medium,C3,FT9,0.3550665969447365,0.007282167847788239,-0.3477844290969483,0.3477844290969483,-97.9490698616965
Band-Power Envelope Coherence Change,Theta,Medium,C3,T7,0.39419881025225756,0.03667807658017242,-0.35752073367208514,0.35752073367208514,-90.69553848812959
Band-Power Envelope Coherence Change,Theta,Medium,C3,CP5,0.5371592759307053,0.07525811063714177,-0.46190116529356356,0.46190116529356356,-85.98960978440775
Band-Power Envelope Coherence Change,Theta,Medium,C3,CP1,0.48558440313837337,0.08123863775211451,-0.4043457653862589,0.4043457653862589,-83.26992439891762
Band-Power Envelope Coherence Change,Theta,Medium,C3,P3,0.4882330970950568,0.04945435779088001,-0.43877873930417677,0.43877873930417677,-89.87074860653057
Band-Power Envelope Coherence Change,Theta,Medium,C3,P7,0.302122530376753,0.01079062451628994,-0.2913319058604631,0.2913319058604631,-96.4283946308692
Band-Power Envelope Coherence Change,Theta,Medium,C3,PO9,0.32262765312844466,0.01495285761328179,-0.30767479551516286,0.30767479551516286,-95.36528953166678
Band-Power Envelope Coherence Change,Theta,Medium,C3,O1,0.30513847026078655,0.009003816450682118,-0.29613465381010445,0.29613465381010445,-97.04926866711136
Band-Power Envelope Coherence Change,Theta,Medium,C3,Pz,0.44914000057949416,0.07782799094564483,-0.37131200963384936,0.37131200963384936,-82.67177475948952
Band-Power Envelope Coherence Change,Theta,Medium,C3,Oz,0.3971729470505353,0.019201228548089665,-0.37797171850244565,0.37797171850244565,-95.16552456790404
Band-Power Envelope Coherence Change,Theta,Medium,C3,O2,0.3721982376864975,0.006430075162798069,-0.3657681625236994,0.3657681625236994,-98.27240580106827
Band-Power Envelope Coherence Change,Theta,Medium,C3,PO10,0.24748340768056112,0.0024236649591953003,-0.24505974272136583,0.24505974272136583,-99.02067577705103
Band-Power Envelope Coherence Change,Theta,Medium,C3,P8,0.1693569749838854,0.009544402201900398,-0.15981257278198502,0.15981257278198502,-94.36432883687928
Band-Power Envelope Coherence Change,Theta,Medium,C3,P4,0.4244949019976937,0.05689880500426589,-0.36759609699342777,0.36759609699342777,-86.59611582224018
Band-Power Envelope Coherence Change,Theta,Medium,C3,CP2,0.3902706182977499,0.0860197563924085,-0.3042508619053414,0.3042508619053414,-77.95894634148931
Band-Power Envelope Coherence Change,Theta,Medium,C3,CP6,0.36264291268715043,0.027697013886234474,-0.33494589880091596,0.33494589880091596,-92.36245548520384
Band-Power Envelope Coherence Change,Theta,Medium,C3,T8,0.08391983603498113,0.018769310916772624,-0.0651505251182085,0.0651505251182085,-77.63423785891474
Band-Power Envelope Coherence Change,Theta,Medium,C3,FT10,0.18232356825144916,0.0037233037346154395,-0.17860026451683372,0.17860026451683372,-97.95785933199788
Band-Power Envelope Coherence Change,Theta,Medium,C3,FC6,0.37962838448956027,0.04623085169804167,-0.3333975327915186,0.3333975327915186,-87.82207717154697
Band-Power Envelope Coherence Change,Theta,Medium,C3,C4,0.3604353774714232,0.06795786624641577,-0.2924775112250074,0.2924775112250074,-81.1456170803312
Band-Power Envelope Coherence Change,Theta,Medium,C3,FC2,0.28664355867776103,0.09744984471680626,-0.18919371396095477,0.18919371396095477,-66.00312765919941
Band-Power Envelope Coherence Change,Theta,Medium,C3,F4,0.19773432285331724,0.06624749452900396,-0.1314868283243133,0.1314868283243133,-66.49671459509462
Band-Power Envelope Coherence Change,Theta,Medium,C3,F8,0.20767679500432268,0.06058400285986146,-0.14709279214446122,0.14709279214446122,-70.82774565227645
Band-Power Envelope Coherence Change,Theta,Medium,C3,Fp2,0.17965020367273685,0.05367468258811792,-0.12597552108461893,0.12597552108461893,-70.12267089555021
Band-Power Envelope Coherence Change,Theta,Medium,FC5,FT9,0.5102558334096161,0.02819546187289885,-0.48206037153671727,0.48206037153671727,-94.47424996898282
Band-Power Envelope Coherence Change,Theta,Medium,FC5,T7,0.5349734479448619,0.0745066844923544,-0.4604667634525075,0.4604667634525075,-86.07282571152324
Band-Power Envelope Coherence Change,Theta,Medium,FC5,CP5,0.6112351003356264,0.08479253628775751,-0.5264425640478689,0.5264425640478689,-86.12767227516903
Band-Power Envelope Coherence Change,Theta,Medium,FC5,CP1,0.48841792042860055,0.07901671037583224,-0.4094012100527683,0.4094012100527683,-83.82190598033486
Band-Power Envelope Coherence Change,Theta,Medium,FC5,P3,0.4885873694539645,0.039214465685183025,-0.4493729037687815,0.4493729037687815,-91.97390924595362
Band-Power Envelope Coherence Change,Theta,Medium,FC5,P7,0.3631657014607781,0.059088047396486806,-0.30407765406429127,0.30407765406429127,-83.72972801153462
Band-Power Envelope Coherence Change,Theta,Medium,FC5,PO9,0.3772477444919387,0.10917025440996103,-0.2680774900819777,0.2680774900819777,-71.06138976205493
Band-Power Envelope Coherence Change,Theta,Medium,FC5,O1,0.293766428549825,0.017506987816958773,-0.27625944073286623,0.27625944073286623,-94.04050765658221
Band-Power Envelope Coherence Change,Theta,Medium,FC5,Pz,0.4497090235083461,0.07236607380839907,-0.377342949699947,0.377342949699947,-83.90824510394641
Band-Power Envelope Coherence Change,Theta,Medium,FC5,Oz,0.38932216046198403,0.022927905910373553,-0.36639425455161045,0.36639425455161045,-94.1108140663849
Band-Power Envelope Coherence Change,Theta,Medium,FC5,O2,0.36243206589981347,0.01602798467386561,-0.34640408122594785,0.34640408122594785,-95.5776582201487
Band-Power Envelope Coherence Change,Theta,Medium,FC5,PO10,0.27521806489778256,0.002097730240735009,-0.27312033465704755,0.27312033465704755,-99.23779340519884
Band-Power Envelope Coherence Change,Theta,Medium,FC5,P8,0.16462529338743906,0.013643925870065946,-0.15098136751737312,0.15098136751737312,-91.71213269278404
Band-Power Envelope Coherence Change,Theta,Medium,FC5,P4,0.4166532561940143,0.06844700848506749,-0.3482062477089468,0.3482062477089468,-83.57218923228692
Band-Power Envelope Coherence Change,Theta,Medium,FC5,CP2,0.3939935861284229,0.04931649387868263,-0.34467709224974025,0.34467709224974025,-87.48291961722244
Band-Power Envelope Coherence Change,Theta,Medium,FC5,CP6,0.3940036901511261,0.07465393920107005,-0.319349750950056,0.319349750950056,-81.05247715511614
Band-Power Envelope Coherence Change,Theta,Medium,FC5,T8,0.1425527732730661,0.0708827420974085,-0.0716700311756576,0.0716700311756576,-50.27613951667605
Band-Power Envelope Coherence Change,Theta,Medium,FC5,FT10,0.23828434368146484,0.0048926130530318555,-0.233391730628433,0.233391730628433,-97.94673331137012
Band-Power Envelope Coherence Change,Theta,Medium,FC5,FC6,0.5049114318568586,0.1074871790133827,-0.39742425284347593,0.39742425284347593,-78.7116764977793
Band-Power Envelope Coherence Change,Theta,Medium,FC5,C4,0.3966547957461334,0.12100645712046113,-0.2756483386256723,0.2756483386256723,-69.49325750799505
Band-Power Envelope Coherence Change,Theta,Medium,FC5,FC2,0.33217097364002973,0.2094561633708443,-0.12271481026918543,0.12271481026918543,-36.94326717486466
Band-Power Envelope Coherence Change,Theta,Medium,FC5,F4,0.2452979282287962,0.18433872451519093,-0.060959203713605276,0.060959203713605276,-24.851087880671756
Band-Power Envelope Coherence Change,Theta,Medium,FC5,F8,0.27991900532695013,0.021407320595774715,-0.2585116847311754,0.2585116847311754,-92.3523161384592
Band-Power Envelope Coherence Change,Theta,Medium,FC5,Fp2,0.2803450310502,0.10201809590283972,-0.17832693514736025,0.17832693514736025,-63.60980769993677
Band-Power Envelope Coherence Change,Theta,Medium,FT9,T7,0.5684488596767983,0.05262079393993261,-0.5158280657368657,0.5158280657368657,-90.74309094931581
Band-Power Envelope Coherence Change,Theta,Medium,FT9,CP5,0.5358179339851699,0.025237921508205495,-0.5105800124769644,0.5105800124769644,-95.28983262644881
Band-Power Envelope Coherence Change,Theta,Medium,FT9,CP1,0.45816668699480145,0.04444768717616808,-0.41371899981863336,0.41371899981863336,-90.29879551747672
Band-Power Envelope Coherence Change,Theta,Medium,FT9,P3,0.448025401304096,0.046465882927491986,-0.40155951837660403,0.40155951837660403,-89.62873917589476
Band-Power Envelope Coherence Change,Theta,Medium,FT9,P7,0.45832141296256096,0.07878007943159485,-0.3795413335309661,0.3795413335309661,-82.81117198466347
Band-Power Envelope Coherence Change,Theta,Medium,FT9,PO9,0.49198549467362107,0.04180301182547668,-0.4501824828481444,0.4501824828481444,-91.50320237526344
Band-Power Envelope Coherence Change,Theta,Medium,FT9,O1,0.31911835665208627,0.06952879115375443,-0.24958956549833183,0.24958956549833183,-78.21222449150517
Band-Power Envelope Coherence Change,Theta,Medium,FT9,Pz,0.4309334941768681,0.052835797934080095,-0.378097696242788,0.378097696242788,-87.73922225864516
Band-Power Envelope Coherence Change,Theta,Medium,FT9,Oz,0.4239485029152326,0.0665074830798862,-0.35744101983534643,0.35744101983534643,-84.3123675110172
Band-Power Envelope Coherence Change,Theta,Medium,FT9,O2,0.4001131516253721,0.03639535551991975,-0.36371779610545235,0.36371779610545235,-90.90373426315242
Band-Power Envelope Coherence Change,Theta,Medium,FT9,PO10,0.34969409564379433,0.002249016619028904,-0.3474450790247654,0.3474450790247654,-99.35686171226642
Band-Power Envelope Coherence Change,Theta,Medium,FT9,P8,0.17975777901024775,0.04317355648501818,-0.13658422252522956,0.13658422252522956,-75.98237098681724
Band-Power Envelope Coherence Change,Theta,Medium,FT9,P4,0.3782731810742167,0.058177295967322906,-0.3200958851068938,0.3200958851068938,-84.62029589247868
Band-Power Envelope Coherence Change,Theta,Medium,FT9,CP2,0.33212718362752347,0.02852626386115977,-0.3036009197663637,0.3036009197663637,-91.41104213464455
Band-Power Envelope Coherence Change,Theta,Medium,FT9,CP6,0.3329354152608074,0.04452907653011294,-0.28840633873069443,0.28840633873069443,-86.62531094950329
Band-Power Envelope Coherence Change,Theta,Medium,FT9,T8,0.1466967105474598,0.05777921694281045,-0.08891749360464936,0.08891749360464936,-60.61314754285677
Band-Power Envelope Coherence Change,Theta,Medium,FT9,FT10,0.24953866772362546,0.031062743218767064,-0.2184759245048584,0.2184759245048584,-87.5519319301767
Band-Power Envelope Coherence Change,Theta,Medium,FT9,FC6,0.3926953570224134,0.05416570063883946,-0.33852965638357396,0.33852965638357396,-86.20668676870862
Band-Power Envelope Coherence Change,Theta,Medium,FT9,C4,0.2896778856939566,0.04294112424965327,-0.24673676144430332,0.24673676144430332,-85.17625045944295
Band-Power Envelope Coherence Change,Theta,Medium,FT9,FC2,0.24525613810303604,0.037495675676203766,-0.20776046242683227,0.20776046242683227,-84.7116259897841
Band-Power Envelope Coherence Change,Theta,Medium,FT9,F4,0.19327256766600046,0.06524427653798212,-0.12802829112801833,0.12802829112801833,-66.24235020733386
Band-Power Envelope Coherence Change,Theta,Medium,FT9,F8,0.2541383996788333,0.05165539658806155,-0.20248300309077172,0.20248300309077172,-79.67430476726818
Band-Power Envelope Coherence Change,Theta,Medium,FT9,Fp2,0.2861304197123945,0.06285643748950752,-0.22327398222288697,0.22327398222288697,-78.0322422367087
Band-Power Envelope Coherence Change,Theta,Medium,T7,CP5,0.6092264757448226,0.044911575398065465,-0.5643149003467571,0.5643149003467571,-92.62809855018892
Band-Power Envelope Coherence Change,Theta,Medium,T7,CP1,0.49162883518253725,0.028849401394773086,-0.46277943378776415,0.46277943378776415,-94.13187361476436
Band-Power Envelope Coherence Change,Theta,Medium,T7,P3,0.48435209673761825,0.022644985075916564,-0.4617071116617017,0.4617071116617017,-95.3246852386016
Band-Power Envelope Coherence Change,Theta,Medium,T7,P7,0.41059504056889623,0.037363426832834334,-0.3732316137360619,0.3732316137360619,-90.90017580800153
Band-Power Envelope Coherence Change,Theta,Medium,T7,PO9,0.4260412646159205,0.06519598666884854,-0.360845277947072,0.360845277947072,-84.6972600816911
Band-Power Envelope Coherence Change,Theta,Medium,T7,O1,0.2956315524712071,0.028560684127079676,-0.2670708683441274,0.2670708683441274,-90.33909476565046
Band-Power Envelope Coherence Change,Theta,Medium,T7,Pz,0.45016102229428956,0.028921539085621204,-0.42123948320866833,0.42123948320866833,-93.5752902509818
Band-Power Envelope Coherence Change,Theta,Medium,T7,Oz,0.40806398226613294,0.033024173098615835,-0.3750398091675171,0.3750398091675171,-91.90710904813992
Band-Power Envelope Coherence Change,Theta,Medium,T7,O2,0.3890066663011552,0.004013896477710583,-0.3849927698234446,0.3849927698234446,-98.96816768826189
Band-Power Envelope Coherence Change,Theta,Medium,T7,PO10,0.31010723971730436,0.005491068103138303,-0.30461617161416604,0.30461617161416604,-98.22930025492343
Band-Power Envelope Coherence Change,Theta,Medium,T7,P8,0.1787034025018434,0.008059424375165977,-0.17064397812667742,0.17064397812667742,-95.4900554425186
Band-Power Envelope Coherence Change,Theta,Medium,T7,P4,0.4099912171427365,0.020093235786498242,-0.38989798135623827,0.38989798135623827,-95.0991057987706
Band-Power Envelope Coherence Change,Theta,Medium,T7,CP2,0.3986076556920782,0.017302612846667027,-0.38130504284541117,0.38130504284541117,-95.6592371973826
Band-Power Envelope Coherence Change,Theta,Medium,T7,CP6,0.3356006441324151,0.01577428435277919,-0.3198263597796359,0.3198263597796359,-95.29968591283298
Band-Power Envelope Coherence Change,Theta,Medium,T7,T8,0.1057541608313251,0.019770467037389182,-0.08598369379393592,0.08598369379393592,-81.3052584579414
Band-Power Envelope Coherence Change,Theta,Medium,T7,FT10,0.21756680176950519,0.02209248403914822,-0.19547431773035698,0.19547431773035698,-89.84565482441873
Band-Power Envelope Coherence Change,Theta,Medium,T7,FC6,0.38434330287203944,0.027930732652147267,-0.35641257021989214,0.35641257021989214,-92.73286865064841
Band-Power Envelope Coherence Change,Theta,Medium,T7,C4,0.3129565121648708,0.028419068778383086,-0.28453744338648773,0.28453744338648773,-90.91916363018149
Band-Power Envelope Coherence Change,Theta,Medium,T7,FC2,0.24402606612194516,0.03637515907869176,-0.2076509070432534,0.2076509070432534,-85.09374032997184
Band-Power Envelope Coherence Change,Theta,Medium,T7,F4,0.18609251306047808,0.041184869930724344,-0.14490764312975374,0.14490764312975374,-77.86860457016898
Band-Power Envelope Coherence Change,Theta,Medium,T7,F8,0.20728670845586547,0.010055032391541655,-0.19723167606432382,0.19723167606432382,-95.14921508164016
Band-Power Envelope Coherence Change,Theta,Medium,T7,Fp2,0.2154606147767817,0.029288183407301355,-0.18617243136948033,0.18617243136948033,-86.40671129726235
Band-Power Envelope Coherence Change,Theta,Medium,CP5,CP1,0.6937447399554071,0.2267815422912826,-0.4669631976641245,0.4669631976641245,-67.31052082559073
Band-Power Envelope Coherence Change,Theta,Medium,CP5,P3,0.7295725158645028,0.21225916477626972,-0.5173133510882331,0.5173133510882331,-70.90636500680753
Band-Power Envelope Coherence Change,Theta,Medium,CP5,P7,0.5336426055831367,0.20574099790514477,-0.3279016076779919,0.3279016076779919,-61.44591984361485
Band-Power Envelope Coherence Change,Theta,Medium,CP5,PO9,0.5206842275435276,0.048228100739834995,-0.47245612680369264,0.47245612680369264,-90.73755297575184
Band-Power Envelope Coherence Change,Theta,Medium,CP5,O1,0.44113621839324213,0.05675826072778429,-0.38437795766545785,0.38437795766545785,-87.13362032831586
Band-Power Envelope Coherence Change,Theta,Medium,CP5,Pz,0.6338366182097681,0.21232455862151106,-0.42151205958825705,0.42151205958825705,-66.5016894698813
Band-Power Envelope Coherence Change,Theta,Medium,CP5,Oz,0.5702240152844678,0.07666730309842715,-0.4935567121860406,0.4935567121860406,-86.55488000445226
Band-Power Envelope Coherence Change,Theta,Medium,CP5,O2,0.525036149292647,0.038974231354078216,-0.48606191793856873,0.48606191793856873,-92.57684801197287
Band-Power Envelope Coherence Change,Theta,Medium,CP5,PO10,0.34805633024279914,0.004993836350737673,-0.34306249389206145,0.34306249389206145,-98.56522179980061
Band-Power Envelope Coherence Change,Theta,Medium,CP5,P8,0.21120182572342536,0.04455873597321816,-0.1666430897502072,0.1666430897502072,-78.90229602864842
Band-Power Envelope Coherence Change,Theta,Medium,CP5,P4,0.5770190600556216,0.12355018813691614,-0.4534688719187055,0.4534688719187055,-78.58819635437925
Band-Power Envelope Coherence Change,Theta,Medium,CP5,CP2,0.5204394547691451,0.06392174358017574,-0.45651771118896933,0.45651771118896933,-87.71773680984083
Band-Power Envelope Coherence Change,Theta,Medium,CP5,CP6,0.45126378796315036,0.08800771830357015,-0.36325606965958024,0.36325606965958024,-80.49750043077759
Band-Power Envelope Coherence Change,Theta,Medium,CP5,T8,0.10811014525578112,0.05997451149182023,-0.04813563376396089,0.04813563376396089,-44.52462222678113
Band-Power Envelope Coherence Change,Theta,Medium,CP5,FT10,0.24350301535927033,0.022736167156817387,-0.22076684820245293,0.22076684820245293,-90.66288065333734
Band-Power Envelope Coherence Change,Theta,Medium,CP5,FC6,0.4587007991999169,0.04832966075945777,-0.41037113844045914,0.41037113844045914,-89.463794080203
Band-Power Envelope Coherence Change,Theta,Medium,CP5,C4,0.4166667021119796,0.08769246169653994,-0.32897424041543966,0.32897424041543966,-78.95381098320343
Band-Power Envelope Coherence Change,Theta,Medium,CP5,FC2,0.31148850006628437,0.09302575631390489,-0.21846274375237948,0.21846274375237948,-70.13509124924062
Band-Power Envelope Coherence Change,Theta,Medium,CP5,F4,0.21944963147062574,0.07448978130131595,-0.1449598501693098,0.1449598501693098,-66.05609186849479
Band-Power Envelope Coherence Change,Theta,Medium,CP5,F8,0.2446016751404279,0.01339393693310629,-0.23120773820732163,0.23120773820732163,-94.52418429864933
Band-Power Envelope Coherence Change,Theta,Medium,CP5,Fp2,0.20935190174350338,0.053006029049926504,-0.15634587269357686,0.15634587269357686,-74.68089441343162
Band-Power Envelope Coherence Change,Theta,Medium,CP1,P3,0.8505601848844464,0.5327210838471078,-0.3178391010373386,0.3178391010373386,-37.368208233320836
Band-Power Envelope Coherence Change,Theta,Medium,CP1,P7,0.44956431565090915,0.12736820460571452,-0.32219611104519463,0.32219611104519463,-71.6685243531168
Band-Power Envelope Coherence Change,Theta,Medium,CP1,PO9,0.532297320980588,0.03610170410116454,-0.4961956168794235,0.4961956168794235,-93.21775581461529
Band-Power Envelope Coherence Change,Theta,Medium,CP1,O1,0.5480756967719121,0.22456547528193782,-0.3235102214899743,0.3235102214899743,-59.026558447200536
Band-Power Envelope Coherence Change,Theta,Medium,CP1,Pz,0.7714482431448488,0.6722455878198658,-0.09920265532498307,0.09920265532498307,-12.859275551730898
Band-Power Envelope Coherence Change,Theta,Medium,CP1,Oz,0.8213179369441235,0.3689214121939369,-0.45239652475018655,0.45239652475018655,-55.08177824940944
Band-Power Envelope Coherence Change,Theta,Medium,CP1,O2,0.7885461861693464,0.1901733411169969,-0.5983728450523494,0.5983728450523494,-75.88304344722863
Band-Power Envelope Coherence Change,Theta,Medium,CP1,PO10,0.5063403931463075,0.005192082512399773,-0.5011483106339077,0.5011483106339077,-98.97458654638689
Band-Power Envelope Coherence Change,Theta,Medium,CP1,P8,0.3893586228587331,0.20646682965283386,-0.18289179320589927,0.18289179320589927,-46.97258066691282
Band-Power Envelope Coherence Change,Theta,Medium,CP1,P4,0.782897530388141,0.6362274848091369,-0.1466700455790041,0.1466700455790041,-18.734258301503232
Band-Power Envelope Coherence Change,Theta,Medium,CP1,CP2,0.6763285139602557,0.33214440446026283,-0.3441841094999929,0.3441841094999929,-50.89007817881516
Band-Power Envelope Coherence Change,Theta,Medium,CP1,CP6,0.6087037704682998,0.4178660498844099,-0.19083772058388992,0.19083772058388992,-31.351493097713348
Band-Power Envelope Coherence Change,Theta,Medium,CP1,T8,0.15908567375231564,0.2967835128808396,0.13769783912852396,0.13769783912852396,86.55577581606065
Band-Power Envelope Coherence Change,Theta,Medium,CP1,FT10,0.24662469406919046,0.025493592080007104,-0.22113110198918337,0.22113110198918337,-89.66300103230746
Band-Power Envelope Coherence Change,Theta,Medium,CP1,FC6,0.48810551561667037,0.20251566474766436,-0.285589850869006,0.285589850869006,-58.50985939140496
Band-Power Envelope Coherence Change,Theta,Medium,CP1,C4,0.46582993960734737,0.42563741909250485,-0.04019252051484251,0.04019252051484251,-8.62815313002878
Band-Power Envelope Coherence Change,Theta,Medium,CP1,FC2,0.31103509841087984,0.34832000749533987,0.03728490908446003,0.03728490908446003,11.987363893963622
Band-Power Envelope Coherence Change,Theta,Medium,CP1,F4,0.22164645376518693,0.31712754363920825,0.09548108987402132,0.09548108987402132,43.0781040039442
Band-Power Envelope Coherence Change,Theta,Medium,CP1,F8,0.253722610059976,0.03646375763126829,-0.21725885242870768,0.21725885242870768,-85.62849498408957
Band-Power Envelope Coherence Change,Theta,Medium,CP1,Fp2,0.21656181307423483,0.21826068739672383,0.0016988743224889968,0.0016988743224889968,0.784475479943753
Band-Power Envelope Coherence Change,Theta,Medium,P3,P7,0.47116054654416173,0.17386438846072783,-0.2972961580834339,0.2972961580834339,-63.098695394600156
Band-Power Envelope Coherence Change,Theta,Medium,P3,PO9,0.5164479832738589,0.026661027669455342,-0.48978695560440355,0.48978695560440355,-94.83761607501182
Band-Power Envelope Coherence Change,Theta,Medium,P3,O1,0.547535578195723,0.23912590221764168,-0.3084096759780813,0.3084096759780813,-56.32687413562679
Band-Power Envelope Coherence Change,Theta,Medium,P3,Pz,0.7638040591680302,0.5534238821988821,-0.21038017696914812,0.21038017696914812,-27.543736439199304
Band-Power Envelope Coherence Change,Theta,Medium,P3,Oz,0.8073139527873892,0.35198361592262106,-0.4553303368647681,0.4553303368647681,-56.40065247140378
Band-Power Envelope Coherence Change,Theta,Medium,P3,O2,0.7493586315593919,0.18291833798305002,-0.5664402935763418,0.5664402935763418,-75.59001387594579
Band-Power Envelope Coherence Change,Theta,Medium,P3,PO10,0.44741817738036704,0.004193585819816855,-0.44322459156055016,0.44322459156055016,-99.06271447343282
Band-Power Envelope Coherence Change,Theta,Medium,P3,P8,0.3338624735041952,0.1712485799478414,-0.16261389355635378,0.16261389355635378,-48.70684981440731
Band-Power Envelope Coherence Change,Theta,Medium,P3,P4,0.7544325005221761,0.4590652838357724,-0.29536721668640376,0.29536721668640376,-39.15091363136755
Band-Power Envelope Coherence Change,Theta,Medium,P3,CP2,0.6663531762192192,0.21923620358197826,-0.44711697263724093,0.44711697263724093,-67.09909828510321
Band-Power Envelope Coherence Change,Theta,Medium,P3,CP6,0.5409674846426298,0.24741420636040096,-0.2935532782822288,0.2935532782822288,-54.26449585526457
Band-Power Envelope Coherence Change,Theta,Medium,P3,T8,0.14367660708878877,0.17362225174940044,0.02994564466061167,0.02994564466061167,20.842394087233675
Band-Power Envelope Coherence Change,Theta,Medium,P3,FT10,0.2167954970217726,0.03317321590725142,-0.18362228111452117,0.18362228111452117,-84.69838333223322
Band-Power Envelope Coherence Change,Theta,Medium,P3,FC6,0.4444599776077002,0.0996838246227972,-0.34477615298490294,0.34477615298490294,-77.57192331256819
Band-Power Envelope Coherence Change,Theta,Medium,P3,C4,0.4400926274760146,0.24446062596612778,-0.1956320015098868,0.1956320015098868,-44.45246052674421
Band-Power Envelope Coherence Change,Theta,Medium,P3,FC2,0.3022208167169232,0.19801731606958645,-0.10420350064733674,0.10420350064733674,-34.479259827075225
Band-Power Envelope Coherence Change,Theta,Medium,P3,F4,0.20473284822187854,0.1906275915256046,-0.014105256696273938,0.014105256696273938,-6.8895913961922775
Band-Power Envelope Coherence Change,Theta,Medium,P3,F8,0.226389674230134,0.027382578019238317,-0.19900709621089568,0.19900709621089568,-87.90467007280427
Band-Power Envelope Coherence Change,Theta,Medium,P3,Fp2,0.19570936519825188,0.1509406077204124,-0.04476875747783948,0.04476875747783948,-22.875122727258923
Band-Power Envelope Coherence Change,Theta,Medium,P7,PO9,0.5447862749713045,0.12955681620117238,-0.4152294587701321,0.4152294587701321,-76.21878117102041
Band-Power Envelope Coherence Change,Theta,Medium,P7,O1,0.3586681206250118,0.11979954325405795,-0.23886857737095385,0.23886857737095385,-66.59877575813084
Band-Power Envelope Coherence Change,Theta,Medium,P7,Pz,0.41809627477303984,0.15038449419267205,-0.2677117805803678,0.2677117805803678,-64.03113271594992
Band-Power Envelope Coherence Change,Theta,Medium,P7,Oz,0.4227291459049217,0.13334275356491698,-0.28938639234000474,0.28938639234000474,-68.45669269397672
Band-Power Envelope Coherence Change,Theta,Medium,P7,O2,0.3741121653563966,0.06463082064898464,-0.30948134470741195,0.30948134470741195,-82.72421304786646
Band-Power Envelope Coherence Change,Theta,Medium,P7,PO10,0.31322562155421974,0.022447771616657466,-0.2907778499375623,0.2907778499375623,-92.83335395576134
Band-Power Envelope Coherence Change,Theta,Medium,P7,P8,0.14294312043678165,0.07462649416461994,-0.0683166262721617,0.0683166262721617,-47.79287458075016
Band-Power Envelope Coherence Change,Theta,Medium,P7,P4,0.35672406527478956,0.08527004294563847,-0.27145402232915106,0.27145402232915106,-76.0963581529175
Band-Power Envelope Coherence Change,Theta,Medium,P7,CP2,0.325553980767035,0.030941792655609524,-0.2946121881114255,0.2946121881114255,-90.4956491139479
Band-Power Envelope Coherence Change,Theta,Medium,P7,CP6,0.24098947159697437,0.046915165312963726,-0.19407430628401065,0.19407430628401065,-80.53227595294138
Band-Power Envelope Coherence Change,Theta,Medium,P7,T8,0.08109650111903571,0.02540746559902829,-0.055689035520007424,0.055689035520007424,-68.6700840992702
Band-Power Envelope Coherence Change,Theta,Medium,P7,FT10,0.16931286138130874,0.056906376444957496,-0.11240648493635125,0.11240648493635125,-66.38980879497458
Band-Power Envelope Coherence Change,Theta,Medium,P7,FC6,0.27167966728640813,0.027181629148831925,-0.2444980381375762,0.2444980381375762,-89.99497112893003
Band-Power Envelope Coherence Change,Theta,Medium,P7,C4,0.21970322893914634,0.029098962015357294,-0.19060426692378904,0.19060426692378904,-86.75533256572339
Band-Power Envelope Coherence Change,Theta,Medium,P7,FC2,0.18757177764900895,0.041259845040685195,-0.14631193260832376,0.14631193260832376,-78.00317000892741
Band-Power Envelope Coherence Change,Theta,Medium,P7,F4,0.11801442169494776,0.05014942987447671,-0.06786499182047105,0.06786499182047105,-57.50567671796368
Band-Power Envelope Coherence Change,Theta,Medium,P7,F8,0.18506208156056536,0.019007924837683668,-0.1660541567228817,0.1660541567228817,-89.72889277079545
Band-Power Envelope Coherence Change,Theta,Medium,P7,Fp2,0.14330502833518977,0.03562540869497219,-0.10767961964021758,0.10767961964021758,-75.140154460146
Band-Power Envelope Coherence Change,Theta,Medium,PO9,O1,0.4454331157018553,0.07987379889722951,-0.3655593168046258,0.3655593168046258,-82.06828453439641
Band-Power Envelope Coherence Change,Theta,Medium,PO9,Pz,0.4882139772321432,0.04286430246179952,-0.4453496747703437,0.4453496747703437,-91.22018121955206
Band-Power Envelope Coherence Change,Theta,Medium,PO9,Oz,0.5763716717372476,0.07040204296364208,-0.5059696287736055,0.5059696287736055,-87.785304792749
Band-Power Envelope Coherence Change,Theta,Medium,PO9,O2,0.5329234333131843,0.035623585806433086,-0.49729984750675116,0.49729984750675116,-93.31544015901846
Band-Power Envelope Coherence Change,Theta,Medium,PO9,PO10,0.49967891935283637,0.017283827309755008,-0.48239509204308134,0.48239509204308134,-96.54101331067952
Band-Power Envelope Coherence Change,Theta,Medium,PO9,P8,0.24143478009684527,0.034034108813623745,-0.20740067128322154,0.20740067128322154,-85.90339436597667
Band-Power Envelope Coherence Change,Theta,Medium,PO9,P4,0.44708141349899194,0.04476605774399625,-0.40231535575499566,0.40231535575499566,-89.98704567169459
Band-Power Envelope Coherence Change,Theta,Medium,PO9,CP2,0.3782746617596494,0.02310711191717813,-0.3551675498424713,0.3551675498424713,-93.89144601711122
Band-Power Envelope Coherence Change,Theta,Medium,PO9,CP6,0.33668804641473093,0.047379407932232505,-0.28930863848249844,0.28930863848249844,-85.92780217867588
Band-Power Envelope Coherence Change,Theta,Medium,PO9,T8,0.11403730705903109,0.034642455499731696,-0.0793948515592994,0.0793948515592994,-69.62182254812531
Band-Power Envelope Coherence Change,Theta,Medium,PO9,FT10,0.2579023177750117,0.02633325402292437,-0.23156906375208736,0.23156906375208736,-89.78944654312998
Band-Power Envelope Coherence Change,Theta,Medium,PO9,FC6,0.32604197873146695,0.05050416475781636,-0.27553781397365057,0.27553781397365057,-84.50991956486304
Band-Power Envelope Coherence Change,Theta,Medium,PO9,C4,0.27292269158390203,0.041883886689376856,-0.23103880489452516,0.23103880489452516,-84.65357114635486
Band-Power Envelope Coherence Change,Theta,Medium,PO9,FC2,0.2047349615716082,0.05732949048494404,-0.14740547108666416,0.14740547108666416,-71.99819217740568
Band-Power Envelope Coherence Change,Theta,Medium,PO9,F4,0.13907954733955818,0.06214190530967073,-0.07693764202988745,0.07693764202988745,-55.3191633864372
Band-Power Envelope Coherence Change,Theta,Medium,PO9,F8,0.22938988458970638,0.015992844097692194,-0.2133970404920142,0.2133970404920142,-93.02809532063827
Band-Power Envelope Coherence Change,Theta,Medium,PO9,Fp2,0.190778327959448,0.03897322744117694,-0.15180510051827106,0.15180510051827106,-79.57145978894357
Band-Power Envelope Coherence Change,Theta,Medium,O1,Pz,0.5110627272089094,0.26586705149597156,-0.24519567571293788,0.24519567571293788,-47.977608747175985
Band-Power Envelope Coherence Change,Theta,Medium,O1,Oz,0.5958644565551727,0.5756194997986954,-0.020244956756477306,0.020244956756477306,-3.397577508401488
Band-Power Envelope Coherence Change,Theta,Medium,O1,O2,0.5586065610719495,0.28465461729088476,-0.27395194378106474,0.27395194378106474,-49.042020425853764
Band-Power Envelope Coherence Change,Theta,Medium,O1,PO10,0.3798136858627657,0.009135550199328343,-0.3706781356634374,0.3706781356634374,-97.59472853681497
Band-Power Envelope Coherence Change,Theta,Medium,O1,P8,0.24235639573850645,0.15016578589861862,-0.09219060983988783,0.09219060983988783,-38.039272518047376
Band-Power Envelope Coherence Change,Theta,Medium,O1,P4,0.49514782174822847,0.25669801337406023,-0.23844980837416824,0.23844980837416824,-48.15729725564957
Band-Power Envelope Coherence Change,Theta,Medium,O1,CP2,0.3919703636518452,0.10728973483054642,-0.28468062882129874,0.28468062882129874,-72.62810029029566
Band-Power Envelope Coherence Change,Theta,Medium,O1,CP6,0.3431752551093732,0.110769396411217,-0.2324058586981562,0.2324058586981562,-67.7222076003371
Band-Power Envelope Coherence Change,Theta,Medium,O1,T8,0.0943754236695087,0.08145926893729843,-0.012916154732210264,0.012916154732210264,-13.685930330168448
Band-Power Envelope Coherence Change,Theta,Medium,O1,FT10,0.16692939614451602,0.04359363882234138,-0.12333575732217464,0.12333575732217464,-73.88498381399462
Band-Power Envelope Coherence Change,Theta,Medium,O1,FC6,0.25872623077005685,0.043456965451151824,-0.21526926531890503,0.21526926531890503,-83.20349455027842
Band-Power Envelope Coherence Change,Theta,Medium,O1,C4,0.27380793714602464,0.0740050573229189,-0.19980287982310574,0.19980287982310574,-72.97190939959815
Band-Power Envelope Coherence Change,Theta,Medium,O1,FC2,0.2011844178349439,0.04318666666901491,-0.15799775116592898,0.15799775116592898,-78.53379146667005
Band-Power Envelope Coherence Change,Theta,Medium,O1,F4,0.11762920820989264,0.05917509363634177,-0.058454114573550875,0.058454114573550875,-49.6935373986772
Band-Power Envelope Coherence Change,Theta,Medium,O1,F8,0.16605360346618278,0.01663061718321987,-0.1494229862829629,0.1494229862829629,-89.98478994970637
Band-Power Envelope Coherence Change,Theta,Medium,O1,Fp2,0.11901436779305682,0.08141907468196516,-0.037595293111091665,0.037595293111091665,-31.58886931741105
Band-Power Envelope Coherence Change,Theta,Medium,Pz,Oz,0.7318404530275868,0.4426562710623603,-0.28918418196522655,0.28918418196522655,-39.51464841399328
Band-Power Envelope Coherence Change,Theta,Medium,Pz,O2,0.6995250605086407,0.22920253058454138,-0.47032252992409934,0.47032252992409934,-67.23455047945203
Band-Power Envelope Coherence Change,Theta,Medium,Pz,PO10,0.4503939915054038,0.006947248839678331,-0.4434467426657255,0.4434467426657255,-98.45751742458691
Band-Power Envelope Coherence Change,Theta,Medium,Pz,P8,0.34893244881901586,0.2665596414015796,-0.08237280741743624,0.08237280741743624,-23.607092919054182
Band-Power Envelope Coherence Change,Theta,Medium,Pz,P4,0.7023760352897772,0.7206392345248531,0.01826319923507591,0.01826319923507591,2.6002025008642438
Band-Power Envelope Coherence Change,Theta,Medium,Pz,CP2,0.6003266706846141,0.3842774901553957,-0.2160491805292184,0.2160491805292184,-35.9886027190555
Band-Power Envelope Coherence Change,Theta,Medium,Pz,CP6,0.536576192890785,0.42940476458318916,-0.1071714283075958,0.1071714283075958,-19.973198536858963
Band-Power Envelope Coherence Change,Theta,Medium,Pz,T8,0.13039032709204867,0.2825407358393399,0.15215040874729124,0.15215040874729124,116.68841710925467
Band-Power Envelope Coherence Change,Theta,Medium,Pz,FT10,0.22288333378319208,0.03895564385819757,-0.18392768992499453,0.18392768992499453,-82.5219574757028
Band-Power Envelope Coherence Change,Theta,Medium,Pz,FC6,0.42050077102969563,0.2056493902530228,-0.21485138077667282,0.21485138077667282,-51.09417046978496
Band-Power Envelope Coherence Change,Theta,Medium,Pz,C4,0.4212831666624417,0.4255577964651176,0.0042746298026759,0.0042746298026759,1.0146690257151907
Band-Power Envelope Coherence Change,Theta,Medium,Pz,FC2,0.29006650651005444,0.3257476989115662,0.03568119240151174,0.03568119240151174,12.30103841729653
Band-Power Envelope Coherence Change,Theta,Medium,Pz,F4,0.19683043367332087,0.30003871653715375,0.10320828286383288,0.10320828286383288,52.43512445597081
Band-Power Envelope Coherence Change,Theta,Medium,Pz,F8,0.2228431690739712,0.042188117613805226,-0.18065505146016597,0.18065505146016597,-81.06824732877445
Band-Power Envelope Coherence Change,Theta,Medium,Pz,Fp2,0.18332537856822195,0.20018791635852676,0.016862537790304805,0.016862537790304805,9.198146989795877
Band-Power Envelope Coherence Change,Theta,Medium,Oz,O2,0.9155304058461196,0.46545496590687546,-0.4500754399392441,0.4500754399392441,-49.16007563105357
Band-Power Envelope Coherence Change,Theta,Medium,Oz,PO10,0.5954191596760152,0.022714791119321703,-0.5727043685566935,0.5727043685566935,-96.18507554716889
Band-Power Envelope Coherence Change,Theta,Medium,Oz,P8,0.42719671292888306,0.34202163322743306,-0.08517507970145,0.08517507970145,-19.93814023462053
Band-Power Envelope Coherence Change,Theta,Medium,Oz,P4,0.75369997440244,0.5085627535005615,-0.2451372209018785,0.2451372209018785,-32.524509649377656
Band-Power Envelope Coherence Change,Theta,Medium,Oz,CP2,0.6417728630860389,0.21668830248263138,-0.4250845606034075,0.4250845606034075,-66.23598239404193
Band-Power Envelope Coherence Change,Theta,Medium,Oz,CP6,0.5293593272558951,0.221248930983374,-0.30811039627252107,0.30811039627252107,-58.20439546606475
Band-Power Envelope Coherence Change,Theta,Medium,Oz,T8,0.1511312112458095,0.14875897342276248,-0.0023722378230470187,0.0023722378230470187,-1.5696544767239766
Band-Power Envelope Coherence Change,Theta,Medium,Oz,FT10,0.2161879938965387,0.06184484479834733,-0.15434314909819136,0.15434314909819136,-71.39302526302895
Band-Power Envelope Coherence Change,Theta,Medium,Oz,FC6,0.392508625445316,0.07339063758426861,-0.3191179878610474,0.3191179878610474,-81.30215928350513
Band-Power Envelope Coherence Change,Theta,Medium,Oz,C4,0.37848539434513556,0.14982664189597567,-0.2286587524491599,0.2286587524491599,-60.414154909409575
Band-Power Envelope Coherence Change,Theta,Medium,Oz,FC2,0.2510101533928839,0.0837742557150348,-0.1672358976778491,0.1672358976778491,-66.6251525754377
Band-Power Envelope Coherence Change,Theta,Medium,Oz,F4,0.1622079071197847,0.10781430239331544,-0.05439360472646926,0.05439360472646926,-33.53326338542889
Band-Power Envelope Coherence Change,Theta,Medium,Oz,F8,0.2201468788569654,0.029883021884735038,-0.19026385697223036,0.19026385697223036,-86.4258707459801
Band-Power Envelope Coherence Change,Theta,Medium,Oz,Fp2,0.1841359990341387,0.12984826365285485,-0.05428773538128384,0.05428773538128384,-29.482412817723347
Band-Power Envelope Coherence Change,Theta,Medium,O2,PO10,0.6733267215308705,0.030875579858481703,-0.6424511416723888,0.6424511416723888,-95.41447281517608
Band-Power Envelope Coherence Change,Theta,Medium,O2,P8,0.5414873219750345,0.29412779961318314,-0.24735952236185133,0.24735952236185133,-45.6814984069481
Band-Power Envelope Coherence Change,Theta,Medium,O2,P4,0.7573759544297067,0.28491031849051485,-0.4724656359391919,0.4724656359391919,-62.38191656017807
Band-Power Envelope Coherence Change,Theta,Medium,O2,CP2,0.6214835575735664,0.08858352945997819,-0.5329000281135883,0.5329000281135883,-85.746440371515
Band-Power Envelope Coherence Change,Theta,Medium,O2,CP6,0.5468628209320028,0.13087257620709689,-0.41599024472490587,0.41599024472490587,-76.06848167442531
Band-Power Envelope Coherence Change,Theta,Medium,O2,T8,0.1575138042034806,0.07353795917078076,-0.08397584503269984,0.08397584503269984,-53.31332416060345
Band-Power Envelope Coherence Change,Theta,Medium,O2,FT10,0.20047210483979777,0.022156514896497278,-0.1783155899433005,0.1783155899433005,-88.94783146303416
Band-Power Envelope Coherence Change,Theta,Medium,O2,FC6,0.3676568048878622,0.0335705579459864,-0.3340862469418758,0.3340862469418758,-90.86905029373096
Band-Power Envelope Coherence Change,Theta,Medium,O2,C4,0.3591901140192905,0.0701922946795588,-0.28899781933973173,0.28899781933973173,-80.45817745535473
Band-Power Envelope Coherence Change,Theta,Medium,O2,FC2,0.2328512517021894,0.03652741515355082,-0.19632383654863858,0.19632383654863858,-84.31298312268967
Band-Power Envelope Coherence Change,Theta,Medium,O2,F4,0.153406786317396,0.04327957748036585,-0.11012720883703014,0.11012720883703014,-71.78770345216597
Band-Power Envelope Coherence Change,Theta,Medium,O2,F8,0.20020371589705394,0.009773853516445163,-0.19042986238060877,0.19042986238060877,-95.11804590007164
Band-Power Envelope Coherence Change,Theta,Medium,O2,Fp2,0.1749130718166745,0.06121566428721621,-0.1136974075294583,0.1136974075294583,-65.00223588127477
Band-Power Envelope Coherence Change,Theta,Medium,PO10,P8,0.6675091604337379,0.03872303302344815,-0.6287861274102897,0.6287861274102897,-94.19887616249544
Band-Power Envelope Coherence Change,Theta,Medium,PO10,P4,0.493257714498103,0.014614847005579357,-0.47864286749252366,0.47864286749252366,-97.0370768513068
Band-Power Envelope Coherence Change,Theta,Medium,PO10,CP2,0.3789326280745259,0.005353990014089147,-0.37357863806043673,0.37357863806043673,-98.5870865643599
Band-Power Envelope Coherence Change,Theta,Medium,PO10,CP6,0.4491820235648444,0.0157917934833467,-0.4333902300814977,0.4333902300814977,-96.48432202205728
Band-Power Envelope Coherence Change,Theta,Medium,PO10,T8,0.16674038705664762,0.014489621764436328,-0.1522507652922113,0.1522507652922113,-91.3100706912035
Band-Power Envelope Coherence Change,Theta,Medium,PO10,FT10,0.2356245796902373,0.032748885332998155,-0.20287569435723915,0.20287569435723915,-86.10124403147951
Band-Power Envelope Coherence Change,Theta,Medium,PO10,FC6,0.31868570133299623,0.038816637973073026,-0.27986906335992323,0.27986906335992323,-87.81977421305348
Band-Power Envelope Coherence Change,Theta,Medium,PO10,C4,0.25579014969121044,0.007920096546488425,-0.24787005314472202,0.24787005314472202,-96.90367414224139
Band-Power Envelope Coherence Change,Theta,Medium,PO10,FC2,0.1847765124260342,0.004077469534599167,-0.18069904289143504,0.18069904289143504,-97.79329662571082
Band-Power Envelope Coherence Change,Theta,Medium,PO10,F4,0.1047894713002794,0.008725523104903075,-0.09606394819537632,0.09606394819537632,-91.6732826336153
Band-Power Envelope Coherence Change,Theta,Medium,PO10,F8,0.21710105168874644,0.009955417347302882,-0.20714563434144356,0.20714563434144356,-95.41438548092538
Band-Power Envelope Coherence Change,Theta,Medium,PO10,Fp2,0.17595886090708968,0.005709105819358283,-0.17024975508773138,0.17024975508773138,-96.75543147419394
Band-Power Envelope Coherence Change,Theta,Medium,P8,P4,0.4307395728124351,0.501565763818802,0.07082619100636695,0.07082619100636695,16.44292641698099
Band-Power Envelope Coherence Change,Theta,Medium,P8,CP2,0.30289981582441,0.1568244849862046,-0.1460753308382054,0.1460753308382054,-48.225625506119414
Band-Power Envelope Coherence Change,Theta,Medium,P8,CP6,0.4710660399795621,0.505005807536991,0.03393976755742889,0.03393976755742889,7.204885234117369
Band-Power Envelope Coherence Change,Theta,Medium,P8,T8,0.12702037110675732,0.3376161603449988,0.2105957892382415,0.2105957892382415,165.79686187599088
Band-Power Envelope Coherence Change,Theta,Medium,P8,FT10,0.15163832768685104,0.09850224229131624,-0.0531360853955348,0.0531360853955348,-35.04132906639959
Band-Power Envelope Coherence Change,Theta,Medium,P8,FC6,0.22402811131312067,0.17601992690756563,-0.04800818440555504,0.04800818440555504,-21.429535840015514
Band-Power Envelope Coherence Change,Theta,Medium,P8,C4,0.2029885069255982,0.2687349616095606,0.06574645468396242,0.06574645468396242,32.389249854456345
Band-Power Envelope Coherence Change,Theta,Medium,P8,FC2,0.12286246419146415,0.11312090771332968,-0.009741556478134475,0.009741556478134475,-7.928830454640407
Band-Power Envelope Coherence Change,Theta,Medium,P8,F4,0.06593820042414793,0.1515858553571118,0.08564765493296388,0.08564765493296388,129.89079832636432
Band-Power Envelope Coherence Change,Theta,Medium,P8,F8,0.12363391810596888,0.06367252560137435,-0.059961392504594535,0.059961392504594535,-48.499144428311766
Band-Power Envelope Coherence Change,Theta,Medium,P8,Fp2,0.09975289403147843,0.11859077164437573,0.018837877612897305,0.018837877612897305,18.88454244440542
Band-Power Envelope Coherence Change,Theta,Medium,P4,CP2,0.6232937776536763,0.4702840636804363,-0.15300971397324004,0.15300971397324004,-24.548570747686423
Band-Power Envelope Coherence Change,Theta,Medium,P4,CP6,0.5931684738487141,0.6973016220403826,0.10413314819166852,0.10413314819166852,17.55540841811957
Band-Power Envelope Coherence Change,Theta,Medium,P4,T8,0.13376737435308317,0.4686104395231681,0.33484306517008494,0.33484306517008494,250.3174386052134
Band-Power Envelope Coherence Change,Theta,Medium,P4,FT10,0.20811120012667234,0.05032020035821832,-0.157790999768454,0.157790999768454,-75.82052271689865
Band-Power Envelope Coherence Change,Theta,Medium,P4,FC6,0.4243023788477509,0.32753467619811455,-0.09676770264963636,0.09676770264963636,-22.806306887183105
Band-Power Envelope Coherence Change,Theta,Medium,P4,C4,0.43974542573157516,0.6271155163245868,0.18737009059301168,0.18737009059301168,42.6087639868673
Band-Power Envelope Coherence Change,Theta,Medium,P4,FC2,0.28298648086487466,0.4000526573265685,0.11706617646169382,0.11706617646169382,41.36811628029419
Band-Power Envelope Coherence Change,Theta,Medium,P4,F4,0.19676187527312333,0.40669127243063063,0.2099293971575073,0.2099293971575073,106.69211038271833
Band-Power Envelope Coherence Change,Theta,Medium,P4,F8,0.2212934763905015,0.07118069904761216,-0.15011277734288936,0.15011277734288936,-67.8342533143614
Band-Power Envelope Coherence Change,Theta,Medium,P4,Fp2,0.18720970922693908,0.2630311975748905,0.07582148834795144,0.07582148834795144,40.500831212786736
Band-Power Envelope Coherence Change,Theta,Medium,CP2,CP6,0.4925881781948195,0.3002842864522486,-0.1923038917425709,0.1923038917425709,-39.039485772335034
Band-Power Envelope Coherence Change,Theta,Medium,CP2,T8,0.1256432454889992,0.1943632873350239,0.0687200418460247,0.0687200418460247,54.694577156590206
Band-Power Envelope Coherence Change,Theta,Medium,CP2,FT10,0.17284332420516046,0.015078678986963988,-0.15776464521819647,0.15776464521819647,-91.27609986888126
Band-Power Envelope Coherence Change,Theta,Medium,CP2,FC6,0.398547982321039,0.203774987914983,-0.194772994406056,0.194772994406056,-48.87065122541811
Band-Power Envelope Coherence Change,Theta,Medium,CP2,C4,0.38871576771383,0.37086906299502853,-0.017846704718801454,0.017846704718801454,-4.591196499119141
Band-Power Envelope Coherence Change,Theta,Medium,CP2,FC2,0.2605646961499567,0.226786878172357,-0.03377781797759971,0.03377781797759971,-12.963313325516806
Band-Power Envelope Coherence Change,Theta,Medium,CP2,F4,0.18005644625739453,0.20497798543061863,0.024921539173224094,0.024921539173224094,13.840959149886931
Band-Power Envelope Coherence Change,Theta,Medium,CP2,F8,0.1886050147245812,0.04031784634478563,-0.14828716837979555,0.14828716837979555,-78.62313130769002
Band-Power Envelope Coherence Change,Theta,Medium,CP2,Fp2,0.17335683356959541,0.10050691874689706,-0.07284991482269836,0.07284991482269836,-42.02309959327459
Band-Power Envelope Coherence Change,Theta,Medium,CP6,T8,0.24306489433175182,0.7856845844344349,0.5426196901026831,0.5426196901026831,223.2406664872296
Band-Power Envelope Coherence Change,Theta,Medium,CP6,FT10,0.3260516203879493,0.08922291662828727,-0.23682870375966206,0.23682870375966206,-72.63534021940261
Band-Power Envelope Coherence Change,Theta,Medium,CP6,FC6,0.5777768718080467,0.5213420435481408,-0.05643482825990587,0.05643482825990587,-9.767581745406913
Band-Power Envelope Coherence Change,Theta,Medium,CP6,C4,0.47738935484895517,0.7802809638956231,0.3028916090466679,0.3028916090466679,63.447499608050975
Band-Power Envelope Coherence Change,Theta,Medium,CP6,FC2,0.28271494076669795,0.43901484714452843,0.15629990637783048,0.15629990637783048,55.28533651386054
Band-Power Envelope Coherence Change,Theta,Medium,CP6,F4,0.21890915314190418,0.5066164371787887,0.2877072840368845,0.2877072840368845,131.4277086670666
Band-Power Envelope Coherence Change,Theta,Medium,CP6,F8,0.3047576619722965,0.13859557738486333,-0.16616208458743315,0.16616208458743315,-54.522693051286716
Band-Power Envelope Coherence Change,Theta,Medium,CP6,Fp2,0.24768662101655622,0.34537549152702596,0.09768887051046973,0.09768887051046973,39.440511606777456
Band-Power Envelope Coherence Change,Theta,Medium,T8,FT10,0.20804808670711994,0.12482068916558745,-0.0832273975415325,0.0832273975415325,-40.00392354422178
Band-Power Envelope Coherence Change,Theta,Medium,T8,FC6,0.283520515258994,0.5968586828632981,0.3133381676043041,0.3133381676043041,110.51692937213798
Band-Power Envelope Coherence Change,Theta,Medium,T8,C4,0.13531507221133549,0.7037172872420994,0.5684022150307639,0.5684022150307639,420.05831703879346
Band-Power Envelope Coherence Change,Theta,Medium,T8,FC2,0.13122577616807485,0.44126651803210915,0.3100407418640343,0.3100407418640343,236.26512329935244
Band-Power Envelope Coherence Change,Theta,Medium,T8,F4,0.06467804368582757,0.5801394848158741,0.5154614411300465,0.5154614411300465,796.9651086447377
Band-Power Envelope Coherence Change,Theta,Medium,T8,F8,0.1807420151595594,0.24502449716812497,0.06428248200856557,0.06428248200856557,35.56587656268901
Band-Power Envelope Coherence Change,Theta,Medium,T8,Fp2,0.12947618543098863,0.3995042680026929,0.2700280825717043,0.2700280825717043,208.5542462290337
Band-Power Envelope Coherence Change,Theta,Medium,FT10,FC6,0.4797659139592053,0.07366243668383121,-0.4061034772753741,0.4061034772753741,-84.64617128050186
Band-Power Envelope Coherence Change,Theta,Medium,FT10,C4,0.25079702683096816,0.05359900944333641,-0.19719801738763176,0.19719801738763176,-78.62853076027055
Band-Power Envelope Coherence Change,Theta,Medium,FT10,FC2,0.16128433688624993,0.018839299071462316,-0.14244503781478762,0.14244503781478762,-88.3192010859993
Band-Power Envelope Coherence Change,Theta,Medium,FT10,F4,0.1757666023426241,0.047923288741976156,-0.12784331360064793,0.12784331360064793,-72.73470152847429
Band-Power Envelope Coherence Change,Theta,Medium,FT10,F8,0.46573575865098177,0.09061772912931462,-0.3751180295216672,0.3751180295216672,-80.54310251121973
Band-Power Envelope Coherence Change,Theta,Medium,FT10,Fp2,0.2562376779785184,0.05524598879415918,-0.2009916891843592,0.2009916891843592,-78.43955298455728
Band-Power Envelope Coherence Change,Theta,Medium,FC6,C4,0.4800569172571222,0.6187420000994782,0.13868508284235603,0.13868508284235603,28.88929996775262
Band-Power Envelope Coherence Change,Theta,Medium,FC6,FC2,0.3795197142694878,0.505657767956023,0.12613805368653525,0.12613805368653525,33.23623225458261
Band-Power Envelope Coherence Change,Theta,Medium,FC6,F4,0.323923211392953,0.623391123289865,0.299467911896912,0.299467911896912,92.45027875869812
Band-Power Envelope Coherence Change,Theta,Medium,FC6,F8,0.5646733744125635,0.2179981473638251,-0.3466752270487384,0.3466752270487384,-61.3939390022398
Band-Power Envelope Coherence Change,Theta,Medium,FC6,Fp2,0.4309392471657016,0.31080790997780394,-0.12013133718789765,0.12013133718789765,-27.876629473412905
Band-Power Envelope Coherence Change,Theta,Medium,C4,FC2,0.3153793786485261,0.687028089138322,0.3716487104897959,0.3716487104897959,117.84179171206341
Band-Power Envelope Coherence Change,Theta,Medium,C4,F4,0.22843643974607308,0.7303960647596257,0.5019596250135526,0.5019596250135526,219.7371074297622
Band-Power Envelope Coherence Change,Theta,Medium,C4,F8,0.27352489562556975,0.14670878133768708,-0.12681611428788267,0.12681611428788267,-46.36364598470853
Band-Power Envelope Coherence Change,Theta,Medium,C4,Fp2,0.22780076928483659,0.39104101874867403,0.16324024946383744,0.16324024946383744,71.65921782280101
Band-Power Envelope Coherence Change,Theta,Medium,FC2,F4,0.18220659851054966,0.8271529889277178,0.6449463904171682,0.6449463904171682,353.96434360187357
Band-Power Envelope Coherence Change,Theta,Medium,FC2,F8,0.2420559161576908,0.1085029666971909,-0.1335529494604999,0.1335529494604999,-55.1744206795156
Band-Power Envelope Coherence Change,Theta,Medium,FC2,Fp2,0.18672327849953968,0.3766826869162384,0.18995940841669873,0.18995940841669873,101.73311541183497
Band-Power Envelope Coherence Change,Theta,Medium,F4,F8,0.1992208454806589,0.20803925737834772,0.00881841189768881,0.00881841189768881,4.426450392986077
Band-Power Envelope Coherence Change,Theta,Medium,F4,Fp2,0.19731813282337995,0.5197337276098706,0.3224155947864906,0.3224155947864906,163.39886769305983
Band-Power Envelope Coherence Change,Theta,Medium,F8,Fp2,0.367589806122147,0.09899357172395104,-0.2685962343981959,0.2685962343981959,-73.06955468426229
Band-Power Envelope Coherence Change,Theta,Fast,Cz,Fz,0.5534726689045286,0.6140391402992954,0.060566471394766785,0.060566471394766785,10.94299227361021
Band-Power Envelope Coherence Change,Theta,Fast,Cz,Fp1,0.2771843242570437,0.1724886405094811,-0.1046956837475626,0.1046956837475626,-37.7711416503028
Band-Power Envelope Coherence Change,Theta,Fast,Cz,F7,0.43865292499788416,0.15236145603794624,-0.28629146895993796,0.28629146895993796,-65.26605720486621
Band-Power Envelope Coherence Change,Theta,Fast,Cz,F3,0.6833026387368242,0.5085951858462976,-0.17470745289052658,0.17470745289052658,-25.568092816602693
Band-Power Envelope Coherence Change,Theta,Fast,Cz,FC1,0.7091368700595001,0.7617859982966793,0.052649128237179155,0.052649128237179155,7.424395833876419
Band-Power Envelope Coherence Change,Theta,Fast,Cz,C3,0.4103934666077969,0.1454144682880491,-0.2649789983197478,0.2649789983197478,-64.56706060893065
Band-Power Envelope Coherence Change,Theta,Fast,Cz,FC5,0.4749518311992399,0.20505143145004734,-0.26990039974919255,0.26990039974919255,-56.82689949161828
Band-Power Envelope Coherence Change,Theta,Fast,Cz,FT9,0.2794878358676439,0.03547236800098584,-0.24401546786665806,0.24401546786665806,-87.30808162335038
Band-Power Envelope Coherence Change,Theta,Fast,Cz,T7,0.3348538164124837,0.04197757984557353,-0.29287623656691014,0.29287623656691014,-87.46390879001832
Band-Power Envelope Coherence Change,Theta,Fast,Cz,CP5,0.4936337606708141,0.1486408233521965,-0.3449929373186176,0.3449929373186176,-69.88844054138356
Band-Power Envelope Coherence Change,Theta,Fast,Cz,CP1,0.4885690823827663,0.4428458588045121,-0.0457232235782542,0.0457232235782542,-9.358599474870708
Band-Power Envelope Coherence Change,Theta,Fast,Cz,P3,0.4858228201447513,0.25206639774989115,-0.23375642239486016,0.23375642239486016,-48.11557067764175
Band-Power Envelope Coherence Change,Theta,Fast,Cz,P7,0.17728311639466782,0.04267264216169178,-0.13461047423297604,0.13461047423297604,-75.92966378891157
Band-Power Envelope Coherence Change,Theta,Fast,Cz,PO9,0.20733174787958109,0.05836174963085132,-0.14896999824872975,0.14896999824872975,-71.85103090687876
Band-Power Envelope Coherence Change,Theta,Fast,Cz,O1,0.2247312071464624,0.05785680136087595,-0.16687440578558643,0.16687440578558643,-74.25511031800342
Band-Power Envelope Coherence Change,Theta,Fast,Cz,Pz,0.4337699733986657,0.4210311576415532,-0.012738815757112498,0.012738815757112498,-2.9367675354062865
Band-Power Envelope Coherence Change,Theta,Fast,Cz,Oz,0.3557233475382957,0.108255310118232,-0.2474680374200637,0.2474680374200637,-69.56755555479032
Band-Power Envelope Coherence Change,Theta,Fast,Cz,O2,0.32039431979481137,0.04556150888737837,-0.274832810907433,0.274832810907433,-85.77955161110313
Band-Power Envelope Coherence Change,Theta,Fast,Cz,PO10,0.17546340774099187,0.004917791422641675,-0.1705456163183502,0.1705456163183502,-97.19725526481224
Band-Power Envelope Coherence Change,Theta,Fast,Cz,P8,0.16381198859517623,0.11106740771687534,-0.05274458087830089,0.05274458087830089,-32.19824222306893
Band-Power Envelope Coherence Change,Theta,Fast,Cz,P4,0.4524831546434546,0.4579579917705826,0.005474837127127985,0.005474837127127985,1.2099538006982866
Band-Power Envelope Coherence Change,Theta,Fast,Cz,CP2,0.39763441458142806,0.30904390251644576,-0.08859051206498231,0.08859051206498231,-22.27938750176782
Band-Power Envelope Coherence Change,Theta,Fast,Cz,CP6,0.4430763820537124,0.46365849413005866,0.02058211207634625,0.02058211207634625,4.645274022719442
Band-Power Envelope Coherence Change,Theta,Fast,Cz,T8,0.09128577111296284,0.42176473737567877,0.33047896626271595,0.33047896626271595,362.02681122533346
Band-Power Envelope Coherence Change,Theta,Fast,Cz,FT10,0.19349191603933769,0.02180555885973425,-0.17168635717960343,0.17168635717960343,-88.73050652136749
Band-Power Envelope Coherence Change,Theta,Fast,Cz,FC6,0.5068934121419375,0.4078076727741218,-0.09908573936781573,0.09908573936781573,-19.547647886982258
Band-Power Envelope Coherence Change,Theta,Fast,Cz,C4,0.4631347375731281,0.6568357708763336,0.19370103330320548,0.19370103330320548,41.823905137890996
Band-Power Envelope Coherence Change,Theta,Fast,Cz,FC2,0.30716886065186233,0.7438507605976877,0.4366818999458254,0.4366818999458254,142.16346638103724
Band-Power Envelope Coherence Change,Theta,Fast,Cz,F4,0.2721036762823398,0.6307984096561802,0.3586947333738404,0.3586947333738404,131.82281778569288
Band-Power Envelope Coherence Change,Theta,Fast,Cz,F8,0.21583785543279754,0.07593138009462723,-0.1399064753381703,0.1399064753381703,-64.82017487508398
Band-Power Envelope Coherence Change,Theta,Fast,Cz,Fp2,0.24674237062047,0.342066090734539,0.09532372011406898,0.09532372011406898,38.63289465622116
Band-Power Envelope Coherence Change,Theta,Fast,Fz,Fp1,0.3734884957357183,0.2107277050100429,-0.1627607907256754,0.1627607907256754,-43.57852854478428
Band-Power Envelope Coherence Change,Theta,Fast,Fz,F7,0.5443926144880051,0.23526510965431569,-0.30912750483368945,0.30912750483368945,-56.78392700540588
Band-Power Envelope Coherence Change,Theta,Fast,Fz,F3,0.7349952200985799,0.6521262033479641,-0.08286901675061575,0.08286901675061575,-11.274769479385334
Band-Power Envelope Coherence Change,Theta,Fast,Fz,FC1,0.6507931946574528,0.8080375948340126,0.15724440017655983,0.15724440017655983,24.16196135230424
Band-Power Envelope Coherence Change,Theta,Fast,Fz,C3,0.37330295851149226,0.10642327329623645,-0.2668796852152558,0.2668796852152558,-71.49144659324735
Band-Power Envelope Coherence Change,Theta,Fast,Fz,FC5,0.5082756256636245,0.2448935910620909,-0.2633820346015336,0.2633820346015336,-51.818741899663536
Band-Power Envelope Coherence Change,Theta,Fast,Fz,FT9,0.37185317301201004,0.05267049713723451,-0.31918267587477556,0.31918267587477556,-85.83567360455645
Band-Power Envelope Coherence Change,Theta,Fast,Fz,T7,0.3907472124836244,0.048643701096119776,-0.3421035113875046,0.3421035113875046,-87.55110732922802
Band-Power Envelope Coherence Change,Theta,Fast,Fz,CP5,0.45359734050876593,0.07958329182288926,-0.3740140486858767,0.3740140486858767,-82.45507971152858
Band-Power Envelope Coherence Change,Theta,Fast,Fz,CP1,0.39692014347528093,0.25913197225586454,-0.1377881712194164,0.1377881712194164,-34.7143306996203
Band-Power Envelope Coherence Change,Theta,Fast,Fz,P3,0.3916301851418115,0.15347013130400658,-0.23816005383780495,0.23816005383780495,-60.81248659409791
Band-Power Envelope Coherence Change,Theta,Fast,Fz,P7,0.27225074872937144,0.053823007600022794,-0.21842774112934865,0.21842774112934865,-80.23035460830813
Band-Power Envelope Coherence Change,Theta,Fast,Fz,PO9,0.25902252553083904,0.07174849209322867,-0.18727403343761037,0.18727403343761037,-72.30028857676074
Band-Power Envelope Coherence Change,Theta,Fast,Fz,O1,0.19589058549503913,0.04174237754303893,-0.15414820795200018,0.15414820795200018,-78.69097310748705
Band-Power Envelope Coherence Change,Theta,Fast,Fz,Pz,0.3558298691737097,0.2433484968893227,-0.11248137228438698,0.11248137228438698,-31.61099784725369
Band-Power Envelope Coherence Change,Theta,Fast,Fz,Oz,0.2876863176421966,0.07898366391926973,-0.20870265372292687,0.20870265372292687,-72.54521363177797
Band-Power Envelope Coherence Change,Theta,Fast,Fz,O2,0.24953632039937232,0.031831432176952834,-0.21770488822241948,0.21770488822241948,-87.24376791081636
Band-Power Envelope Coherence Change,Theta,Fast,Fz,PO10,0.17564193560085112,0.00455298008966447,-0.17108895551118664,0.17108895551118664,-97.40780578733134
Band-Power Envelope Coherence Change,Theta,Fast,Fz,P8,0.1085428896546276,0.09200491183581619,-0.016537977818811417,0.016537977818811417,-15.236352995054373
Band-Power Envelope Coherence Change,Theta,Fast,Fz,P4,0.3355711695973547,0.28592038653167856,-0.04965078306567616,0.04965078306567616,-14.795902498194692
Band-Power Envelope Coherence Change,Theta,Fast,Fz,CP2,0.3264798362461556,0.15966565174799718,-0.16681418449815844,0.16681418449815844,-51.09478931874548
Band-Power Envelope Coherence Change,Theta,Fast,Fz,CP6,0.36212557637386034,0.305399853829454,-0.05672572254440633,0.05672572254440633,-15.664655093525456
Band-Power Envelope Coherence Change,Theta,Fast,Fz,T8,0.11920509462736704,0.3225615886513157,0.20335649402394862,0.20335649402394862,170.59379438407169
Band-Power Envelope Coherence Change,Theta,Fast,Fz,FT10,0.2779930642271971,0.020249221369771794,-0.2577438428574253,0.2577438428574253,-92.71592569186453
Band-Power Envelope Coherence Change,Theta,Fast,Fz,FC6,0.5814594549627884,0.4320806963347543,-0.14937875862803407,0.14937875862803407,-25.690313804871202
Band-Power Envelope Coherence Change,Theta,Fast,Fz,C4,0.3918353054691247,0.5067250304945802,0.11488972502545547,0.11488972502545547,29.320922188954817
Band-Power Envelope Coherence Change,Theta,Fast,Fz,FC2,0.32659825864731873,0.7715368573759522,0.4449385987286335,0.4449385987286335,136.234222610815
Band-Power Envelope Coherence Change,Theta,Fast,Fz,F4,0.29310267931562506,0.7813272163975602,0.48822453708193514,0.48822453708193514,166.57116141753
Band-Power Envelope Coherence Change,Theta,Fast,Fz,F8,0.36603649139947103,0.1089853617844995,-0.25705112961497156,0.25705112961497156,-70.22554735791105
Band-Power Envelope Coherence Change,Theta,Fast,Fz,Fp2,0.36029500816486004,0.3762048869017176,0.015909878736857563,0.015909878736857563,4.415792163730918
Band-Power Envelope Coherence Change,Theta,Fast,Fp1,F7,0.5526246769981895,0.2610967855552484,-0.2915278914429411,0.2915278914429411,-52.7533249196355
Band-Power Envelope Coherence Change,Theta,Fast,Fp1,F3,0.5158055763930065,0.21764598815059277,-0.29815958824241373,0.29815958824241373,-57.80464614737661
Band-Power Envelope Coherence Change,Theta,Fast,Fp1,FC1,0.42931324184153685,0.18765429418037896,-0.2416589476611579,0.2416589476611579,-56.289656155156806
Band-Power Envelope Coherence Change,Theta,Fast,Fp1,C3,0.22856693273284456,0.07111485839308802,-0.15745207433975655,0.15745207433975655,-68.88663747515524
Band-Power Envelope Coherence Change,Theta,Fast,Fp1,FC5,0.3645348274919251,0.08133193645609524,-0.28320289103582985,0.28320289103582985,-77.68884333612901
Band-Power Envelope Coherence Change,Theta,Fast,Fp1,FT9,0.3619585715638356,0.02255760121252881,-0.3394009703513068,0.3394009703513068,-93.76790522874784
Band-Power Envelope Coherence Change,Theta,Fast,Fp1,T7,0.28384273993635933,0.014946587577283704,-0.2688961523590756,0.2688961523590756,-94.73420120569759
Band-Power Envelope Coherence Change,Theta,Fast,Fp1,CP5,0.2767070284345797,0.021696065768144687,-0.255010962666435,0.255010962666435,-92.15919238087797
Band-Power Envelope Coherence Change,Theta,Fast,Fp1,CP1,0.2536703373245554,0.08697784297344688,-0.16669249435110853,0.16669249435110853,-65.71225319806938
Band-Power Envelope Coherence Change,Theta,Fast,Fp1,P3,0.23977108013938353,0.053548103906571956,-0.1862229762328116,0.1862229762328116,-77.66698808069623
Band-Power Envelope Coherence Change,Theta,Fast,Fp1,P7,0.19056635857232573,0.023503753618899913,-0.16706260495342581,0.16706260495342581,-87.66636787574468
Band-Power Envelope Coherence Change,Theta,Fast,Fp1,PO9,0.23429200028555808,0.021473637722792028,-0.21281836256276604,0.21281836256276604,-90.83466883349851
Band-Power Envelope Coherence Change,Theta,Fast,Fp1,O1,0.15820638963649689,0.025399356809068595,-0.13280703282742828,0.13280703282742828,-83.94542921595806
Band-Power Envelope Coherence Change,Theta,Fast,Fp1,Pz,0.2299539086851684,0.07792173236842304,-0.15203217631674537,0.15203217631674537,-66.11419531245879
Band-Power Envelope Coherence Change,Theta,Fast,Fp1,Oz,0.2122722936495524,0.04468352017765331,-0.1675887734718991,0.1675887734718991,-78.94990466752911
Band-Power Envelope Coherence Change,Theta,Fast,Fp1,O2,0.20542920164313577,0.029353945969903823,-0.17607525567323196,0.17607525567323196,-85.71091853781508
Band-Power Envelope Coherence Change,Theta,Fast,Fp1,PO10,0.19479463709397735,0.0016127407497674839,-0.19318189634420987,0.19318189634420987,-99.17208154504304
Band-Power Envelope Coherence Change,Theta,Fast,Fp1,P8,0.11304888797132476,0.04928681928478517,-0.06376206868653958,0.06376206868653958,-56.40220777997662
Band-Power Envelope Coherence Change,Theta,Fast,Fp1,P4,0.2204184334891035,0.10279871150808548,-0.11761972198101803,0.11761972198101803,-53.362017014258754
Band-Power Envelope Coherence Change,Theta,Fast,Fp1,CP2,0.19794820162337326,0.042394926369451275,-0.15555327525392199,0.15555327525392199,-78.58281812021
Band-Power Envelope Coherence Change,Theta,Fast,Fp1,CP6,0.2595721691330307,0.13789599816736225,-0.12167617096566846,0.12167617096566846,-46.87566135154861
Band-Power Envelope Coherence Change,Theta,Fast,Fp1,T8,0.16521814524124095,0.1515580642275925,-0.013660081013648462,0.013660081013648462,-8.267906042464578
Band-Power Envelope Coherence Change,Theta,Fast,Fp1,FT10,0.2163443295257384,0.011055487551805004,-0.2052888419739334,0.2052888419739334,-94.88986488527785
Band-Power Envelope Coherence Change,Theta,Fast,Fp1,FC6,0.3865294372308229,0.13275897407126488,-0.253770463159558,0.253770463159558,-65.65359290035508
Band-Power Envelope Coherence Change,Theta,Fast,Fp1,C4,0.250301108133698,0.15585974084025256,-0.09444136729344543,0.09444136729344543,-37.7311023501341
Band-Power Envelope Coherence Change,Theta,Fast,Fp1,FC2,0.21975480282910614,0.19155035911158297,-0.028204443717523175,0.028204443717523175,-12.834506165244797
Band-Power Envelope Coherence Change,Theta,Fast,Fp1,F4,0.1910778965709118,0.23463208114703474,0.04355418457612295,0.04355418457612295,22.79394182045507
Band-Power Envelope Coherence Change,Theta,Fast,Fp1,F8,0.27915476321341826,0.08161379173736416,-0.1975409714760541,0.1975409714760541,-70.76396232760352
Band-Power Envelope Coherence Change,Theta,Fast,Fp1,Fp2,0.6787882085656787,0.7077945420133526,0.029006333447673893,0.029006333447673893,4.27325240504193
Band-Power Envelope Coherence Change,Theta,Fast,F7,F3,0.7576683032432501,0.2636989265539221,-0.493969376689328,0.493969376689328,-65.19599336211623
Band-Power Envelope Coherence Change,Theta,Fast,F7,FC1,0.6882245977713847,0.21155816064197963,-0.47666643712940504,0.47666643712940504,-69.26030233051111
Band-Power Envelope Coherence Change,Theta,Fast,F7,C3,0.42368214036202634,0.03611159019688932,-0.38757055016513703,0.38757055016513703,-91.47672588558187
Band-Power Envelope Coherence Change,Theta,Fast,F7,FC5,0.6566027523636857,0.21533002505230517,-0.44127272731138056,0.44127272731138056,-67.2054336846526
Band-Power Envelope Coherence Change,Theta,Fast,F7,FT9,0.7142537918674038,0.12297848480676385,-0.5912753070606399,0.5912753070606399,-82.78224264161919
Band-Power Envelope Coherence Change,Theta,Fast,F7,T7,0.6139325112309036,0.07468368472775866,-0.539248826503145,0.539248826503145,-87.83519631856251
Band-Power Envelope Coherence Change,Theta,Fast,F7,CP5,0.5770014173210533,0.05176245933779644,-0.5252389579832568,0.5252389579832568,-91.02905854579645
Band-Power Envelope Coherence Change,Theta,Fast,F7,CP1,0.47911689770715876,0.06804483318552443,-0.41107206452163436,0.41107206452163436,-85.79786404713406
Band-Power Envelope Coherence Change,Theta,Fast,F7,P3,0.4622863107063836,0.04559578883050655,-0.4166905218758771,0.4166905218758771,-90.13689400388363
Band-Power Envelope Coherence Change,Theta,Fast,F7,P7,0.39363576439486847,0.1123243444023029,-0.2813114199925656,0.2813114199925656,-71.46490370991118
Band-Power Envelope Coherence Change,Theta,Fast,F7,PO9,0.4337840665851188,0.12264220896737504,-0.31114185761774377,0.31114185761774377,-71.72735966702233
Band-Power Envelope Coherence Change,Theta,Fast,F7,O1,0.3008245731021377,0.06433513414757593,-0.23648943895456181,0.23648943895456181,-78.61373707468623
Band-Power Envelope Coherence Change,Theta,Fast,F7,Pz,0.44270431641988084,0.07117140850375174,-0.3715329079161291,0.3715329079161291,-83.92348891483373
Band-Power Envelope Coherence Change,Theta,Fast,F7,Oz,0.3997432507316223,0.07860753393937256,-0.3211357167922497,0.3211357167922497,-80.33549439659015
Band-Power Envelope Coherence Change,Theta,Fast,F7,O2,0.3887861380400942,0.05440410215946656,-0.33438203588062765,0.33438203588062765,-86.00667646389799
Band-Power Envelope Coherence Change,Theta,Fast,F7,PO10,0.3315191399170516,0.0030549283286595242,-0.3284642115883921,0.3284642115883921,-99.07850619743287
Band-Power Envelope Coherence Change,Theta,Fast,F7,P8,0.19211746862493642,0.062275417671018934,-0.1298420509539175,0.1298420509539175,-67.58471880940881
Band-Power Envelope Coherence Change,Theta,Fast,F7,P4,0.4141863796809435,0.08755294588346343,-0.3266334337974801,0.3266334337974801,-78.86146184939561
Band-Power Envelope Coherence Change,Theta,Fast,F7,CP2,0.3579861547915335,0.03681907393372686,-0.32116708085780665,0.32116708085780665,-89.71494471478437
Band-Power Envelope Coherence Change,Theta,Fast,F7,CP6,0.39524119798344703,0.11261753464354149,-0.2826236633399055,0.2826236633399055,-71.50663057947264
Band-Power Envelope Coherence Change,Theta,Fast,F7,T8,0.15542101174174902,0.1193293611358571,-0.03609165060589192,0.03609165060589192,-23.221860546026175
Band-Power Envelope Coherence Change,Theta,Fast,F7,FT10,0.29151632978871045,0.05525476614132119,-0.23626156364738926,0.23626156364738926,-81.04573895350234
Band-Power Envelope Coherence Change,Theta,Fast,F7,FC6,0.5361837387902824,0.11496990477912775,-0.42121383401115464,0.42121383401115464,-78.55774122532726
Band-Power Envelope Coherence Change,Theta,Fast,F7,C4,0.3773299190473435,0.11881696058395605,-0.2585129584633874,0.2585129584633874,-68.51112127977105
Band-Power Envelope Coherence Change,Theta,Fast,F7,FC2,0.32432010923804433,0.17441374331215162,-0.1499063659258927,0.1499063659258927,-46.22173021527459
Band-Power Envelope Coherence Change,Theta,Fast,F7,F4,0.29486997018370664,0.21593091796135222,-0.07893905222235442,0.07893905222235442,-26.77080076115404
Band-Power Envelope Coherence Change,Theta,Fast,F7,F8,0.33993642016669734,0.05615978778275045,-0.2837766323839469,0.2837766323839469,-83.47932600007645
Band-Power Envelope Coherence Change,Theta,Fast,F7,Fp2,0.4250858150902135,0.27801571877304915,-0.14707009631716433,0.14707009631716433,-34.59774264308314
Band-Power Envelope Coherence Change,Theta,Fast,F3,FC1,0.8096170415697082,0.7043326279715971,-0.10528441359811103,0.10528441359811103,-13.00422399632086
Band-Power Envelope Coherence Change,Theta,Fast,F3,C3,0.4731828361082062,0.11310103817331518,-0.36008179793489103,0.36008179793489103,-76.09781472558495
Band-Power Envelope Coherence Change,Theta,Fast,F3,FC5,0.6663439256714284,0.2578719363584173,-0.4084719893130111,0.4084719893130111,-61.300474661252785
Band-Power Envelope Coherence Change,Theta,Fast,F3,FT9,0.4755376110412914,0.04871342541481298,-0.4268241856264784,0.4268241856264784,-89.75613615332244
Band-Power Envelope Coherence Change,Theta,Fast,F3,T7,0.5110433675396668,0.05853143400063429,-0.4525119335390325,0.4525119335390325,-88.5466796521743
Band-Power Envelope Coherence Change,Theta,Fast,F3,CP5,0.5815724645378224,0.07745031638148159,-0.5041221481563408,0.5041221481563408,-86.68260258108478
Band-Power Envelope Coherence Change,Theta,Fast,F3,CP1,0.476026190708485,0.20574875250162683,-0.2702774382068582,0.2702774382068582,-56.777850354115095
Band-Power Envelope Coherence Change,Theta,Fast,F3,P3,0.46373048999085853,0.12018007572630669,-0.34355041426455185,0.34355041426455185,-74.08406858719259
Band-Power Envelope Coherence Change,Theta,Fast,F3,P7,0.3004295959635178,0.03815718299544495,-0.26227241296807285,0.26227241296807285,-87.29912648150733
Band-Power Envelope Coherence Change,Theta,Fast,F3,PO9,0.32158000002116494,0.06413548021363032,-0.25744451980753463,0.25744451980753463,-80.0561352666804
Band-Power Envelope Coherence Change,Theta,Fast,F3,O1,0.2564837066861026,0.043170327652566974,-0.21331337903353562,0.21331337903353562,-83.16839373138
Band-Power Envelope Coherence Change,Theta,Fast,F3,Pz,0.4331938733788114,0.19166622920051232,-0.24152764417829906,0.24152764417829906,-55.75509235494022
Band-Power Envelope Coherence Change,Theta,Fast,F3,Oz,0.35385994680766664,0.06607432207969703,-0.2877856247279696,0.2877856247279696,-81.32754987508932
Band-Power Envelope Coherence Change,Theta,Fast,F3,O2,0.32365667107768303,0.03719192110473417,-0.28646474997294885,0.28646474997294885,-88.508835309683
Band-Power Envelope Coherence Change,Theta,Fast,F3,PO10,0.2498237852248114,0.002689814002647267,-0.24713397122216416,0.24713397122216416,-98.92331548806422
Band-Power Envelope Coherence Change,Theta,Fast,F3,P8,0.16578877506087458,0.08644537714850772,-0.07934339791236686,0.07934339791236686,-47.85812422055319
Band-Power Envelope Coherence Change,Theta,Fast,F3,P4,0.40961394064962675,0.23287174530929305,-0.1767421953403337,0.1767421953403337,-43.14848148479263
Band-Power Envelope Coherence Change,Theta,Fast,F3,CP2,0.3705387671903251,0.12807061197061842,-0.24246815521970666,0.24246815521970666,-65.43664973526624
Band-Power Envelope Coherence Change,Theta,Fast,F3,CP6,0.4397375921303188,0.2496199353157807,-0.19011765681453813,0.19011765681453813,-43.23434252994127
Band-Power Envelope Coherence Change,Theta,Fast,F3,T8,0.11542582684257546,0.2715755692671693,0.15614974242459384,0.15614974242459384,135.28145883465064
Band-Power Envelope Coherence Change,Theta,Fast,F3,FT10,0.30921958507251873,0.01573871520998811,-0.29348086986253064,0.29348086986253064,-94.91018164121235
Band-Power Envelope Coherence Change,Theta,Fast,F3,FC6,0.6519915014761886,0.33896977364894637,-0.3130217278272422,0.3130217278272422,-48.01009324792159
Band-Power Envelope Coherence Change,Theta,Fast,F3,C4,0.4541427051846597,0.4087451635529086,-0.04539754163175114,0.04539754163175114,-9.996316381057353
Band-Power Envelope Coherence Change,Theta,Fast,F3,FC2,0.3771260546362807,0.5864432641976709,0.20931720956139022,0.20931720956139022,55.50324804879001
Band-Power Envelope Coherence Change,Theta,Fast,F3,F4,0.3420720081453433,0.6047885666655457,0.2627165585202024,0.2627165585202024,76.80153659593701
Band-Power Envelope Coherence Change,Theta,Fast,F3,F8,0.38502879392336303,0.09138878353349092,-0.2936400103898721,0.2936400103898721,-76.26442879706259
Band-Power Envelope Coherence Change,Theta,Fast,F3,Fp2,0.4517560567903648,0.3498110597532438,-0.10194499703712101,0.10194499703712101,-22.56638190120118
Band-Power Envelope Coherence Change,Theta,Fast,FC1,C3,0.5547187165380578,0.1772051067291689,-0.37751360980888893,0.37751360980888893,-68.05496165063842
Band-Power Envelope Coherence Change,Theta,Fast,FC1,FC5,0.6923107723395048,0.28118727856994286,-0.4111234937695619,0.4111234937695619,-59.384240458987044
Band-Power Envelope Coherence Change,Theta,Fast,FC1,FT9,0.5292447572673131,0.04602985591142401,-0.4832149013558891,0.4832149013558891,-91.30272803284944
Band-Power Envelope Coherence Change,Theta,Fast,FC1,T7,0.5766882325809195,0.06161267770440136,-0.5150755548765181,0.5150755548765181,-89.31612018010858
Band-Power Envelope Coherence Change,Theta,Fast,FC1,CP5,0.7219730993782217,0.16289265689656596,-0.5590804424816558,0.5590804424816558,-77.43784954912414
Band-Power Envelope Coherence Change,Theta,Fast,FC1,CP1,0.6835137947103531,0.38851003365472975,-0.29500376105562337,0.29500376105562337,-43.15988401969775
Band-Power Envelope Coherence Change,Theta,Fast,FC1,P3,0.6774863383949209,0.25100774796329894,-0.42647859043162195,0.42647859043162195,-62.950138809001146
Band-Power Envelope Coherence Change,Theta,Fast,FC1,P7,0.38354978250601884,0.08476645558488571,-0.29878332692113313,0.29878332692113313,-77.89949063950897
Band-Power Envelope Coherence Change,Theta,Fast,FC1,PO9,0.4289826398815518,0.07451459219251519,-0.3544680476890366,0.3544680476890366,-82.62992828495584
Band-Power Envelope Coherence Change,Theta,Fast,FC1,O1,0.38406680972696583,0.05570666303506089,-0.32836014669190494,0.32836014669190494,-85.49558003341583
Band-Power Envelope Coherence Change,Theta,Fast,FC1,Pz,0.6110821464755225,0.373932222405238,-0.2371499240702845,0.2371499240702845,-38.808190590752886
Band-Power Envelope Coherence Change,Theta,Fast,FC1,Oz,0.558747221805557,0.10697395947205268,-0.45177326233350434,0.45177326233350434,-80.85467716038517
Band-Power Envelope Coherence Change,Theta,Fast,FC1,O2,0.517844646591755,0.04960300741870521,-0.4682416391730498,0.4682416391730498,-90.42125708063756
Band-Power Envelope Coherence Change,Theta,Fast,FC1,PO10,0.3625703200505728,0.003776162009588282,-0.3587941580409845,0.3587941580409845,-98.9585021716445
Band-Power Envelope Coherence Change,Theta,Fast,FC1,P8,0.246599822642258,0.12179651682006626,-0.12480330582219173,0.12480330582219173,-50.60964946566231
Band-Power Envelope Coherence Change,Theta,Fast,FC1,P4,0.5915473434222476,0.3935127420048415,-0.1980346014174061,0.1980346014174061,-33.477388347604936
Band-Power Envelope Coherence Change,Theta,Fast,FC1,CP2,0.5444492875729344,0.24444582558002872,-0.30000346199290573,0.30000346199290573,-55.1021865287531
Band-Power Envelope Coherence Change,Theta,Fast,FC1,CP6,0.5650569573969415,0.3527422663453286,-0.21231469105161288,0.21231469105161288,-37.57403360356573
Band-Power Envelope Coherence Change,Theta,Fast,FC1,T8,0.24675911679613613,0.3258428624212327,0.0790837456250966,0.0790837456250966,32.04896607343301
Band-Power Envelope Coherence Change,Theta,Fast,FC1,FT10,0.33677652093290444,0.01907500432629763,-0.31770151660660684,0.31770151660660684,-94.33600529114739
Band-Power Envelope Coherence Change,Theta,Fast,FC1,FC6,0.6902441835131692,0.3988583862713654,-0.2913857972418038,0.2913857972418038,-42.21488629700919
Band-Power Envelope Coherence Change,Theta,Fast,FC1,C4,0.5310598878618643,0.5682694330879918,0.037209545226127516,0.037209545226127516,7.006657078910507
Band-Power Envelope Coherence Change,Theta,Fast,FC1,FC2,0.42157840221040804,0.7991068485537625,0.3775284463433544,0.3775284463433544,89.55118297424816
Band-Power Envelope Coherence Change,Theta,Fast,FC1,F4,0.31721648597123064,0.7267770638657163,0.40956057789448563,0.40956057789448563,129.11074802449895
Band-Power Envelope Coherence Change,Theta,Fast,FC1,F8,0.3724496022619598,0.08162059768925119,-0.2908290045727086,0.2908290045727086,-78.0854652029286
Band-Power Envelope Coherence Change,Theta,Fast,FC1,Fp2,0.3627351441081208,0.33807127938793674,-0.02466386472018406,0.02466386472018406,-6.799414151288433
Band-Power Envelope Coherence Change,Theta,Fast,C3,FC5,0.45395669887871715,0.07765997490639995,-0.37629672397231717,0.37629672397231717,-82.89264700835524
Band-Power Envelope Coherence Change,Theta,Fast,C3,FT9,0.3551486909959271,0.007284332203896636,-0.3478643587920305,0.3478643587920305,-97.94893451994163
Band-Power Envelope Coherence Change,Theta,Fast,C3,T7,0.3942457319858167,0.036671433922589175,-0.3575742980632275,0.3575742980632275,-90.69833077510437
Band-Power Envelope Coherence Change,Theta,Fast,C3,CP5,0.5372761713277698,0.07525288270928829,-0.4620232886184815,0.4620232886184815,-85.99363107369605
Band-Power Envelope Coherence Change,Theta,Fast,C3,CP1,0.4856689880151895,0.08122845109389525,-0.4044405369212942,0.4044405369212942,-83.27493558403717
Band-Power Envelope Coherence Change,Theta,Fast,C3,P3,0.48831666504250326,0.04944814417819569,-0.43886852086430755,0.43886852086430755,-89.87375452896089
Band-Power Envelope Coherence Change,Theta,Fast,C3,P7,0.302167726473073,0.01078796251618521,-0.2913797639568878,0.2913797639568878,-96.42980981387285
Band-Power Envelope Coherence Change,Theta,Fast,C3,PO9,0.32269339652139395,0.014951256522459164,-0.3077421399989348,0.3077421399989348,-95.36672994129029
Band-Power Envelope Coherence Change,Theta,Fast,C3,O1,0.3052594212334806,0.0090034367204119,-0.29625598451306867,0.29625598451306867,-97.05056221228777
Band-Power Envelope Coherence Change,Theta,Fast,C3,Pz,0.4492196351893375,0.07781711480901399,-0.3714025203803235,0.3714025203803235,-82.67726770754008
Band-Power Envelope Coherence Change,Theta,Fast,C3,Oz,0.3972323505640401,0.01919839237827251,-0.37803395818576757,0.37803395818576757,-95.1669615148383
Band-Power Envelope Coherence Change,Theta,Fast,C3,O2,0.3722440708451939,0.006430895156950341,-0.36581317568824356,0.36581317568824356,-98.27239822991706
Band-Power Envelope Coherence Change,Theta,Fast,C3,PO10,0.24755298116242802,0.0024234650643856362,-0.24512951609804237,0.24512951609804237,-99.02103175934063
Band-Power Envelope Coherence Change,Theta,Fast,C3,P8,0.1693879940178847,0.0095433677267184,-0.1598446262911663,0.1598446262911663,-94.36597157782577
Band-Power Envelope Coherence Change,Theta,Fast,C3,P4,0.42457672023118737,0.05689056097436489,-0.36768615925682246,0.36768615925682246,-86.60064052890435
Band-Power Envelope Coherence Change,Theta,Fast,C3,CP2,0.3903297305593339,0.08600391961468654,-0.3043258109446474,0.3043258109446474,-77.96634156167279
Band-Power Envelope Coherence Change,Theta,Fast,C3,CP6,0.3627419532182068,0.027692666528275435,-0.33504928668993134,0.33504928668993134,-92.36573925828287
Band-Power Envelope Coherence Change,Theta,Fast,C3,T8,0.08391961414038057,0.018766408221982896,-0.06515320591839768,0.06515320591839768,-77.63763761998419
Band-Power Envelope Coherence Change,Theta,Fast,C3,FT10,0.18240482284251797,0.003719287812055571,-0.1786855350304624,0.1786855350304624,-97.96097068372656
Band-Power Envelope Coherence Change,Theta,Fast,C3,FC6,0.37969066883883873,0.04622167169481822,-0.3334689971440205,0.3334689971440205,-87.82649259299095
Band-Power Envelope Coherence Change,Theta,Fast,C3,C4,0.360556206385899,0.06794508066282648,-0.2926111257230726,0.2926111257230726,-81.15548159775521
Band-Power Envelope Coherence Change,Theta,Fast,C3,FC2,0.28670986004892485,0.09742895095644714,-0.1892809090924777,0.1892809090924777,-66.01827682528196
Band-Power Envelope Coherence Change,Theta,Fast,C3,F4,0.19776786469269914,0.06623194170292082,-0.13153592298977831,0.13153592298977831,-66.51026100431682
Band-Power Envelope Coherence Change,Theta,Fast,C3,F8,0.20774787623391974,0.06059636066498078,-0.14715151556893896,0.14715151556893896,-70.83177851755724
Band-Power Envelope Coherence Change,Theta,Fast,C3,Fp2,0.17965559645152657,0.0536756458102228,-0.12597995064130377,0.12597995064130377,-70.12303158354146
Band-Power Envelope Coherence Change,Theta,Fast,FC5,FT9,0.5102771825824255,0.028202230613810882,-0.4820749519686146,0.4820749519686146,-94.47315467427248
Band-Power Envelope Coherence Change,Theta,Fast,FC5,T7,0.5349653337736084,0.07450120495682963,-0.4604641288167788,0.4604641288167788,-86.07363874752346
Band-Power Envelope Coherence Change,Theta,Fast,FC5,CP5,0.6112603298546317,0.08478024529245137,-0.5264800845621804,0.5264800845621804,-86.13025561259414
Band-Power Envelope Coherence Change,Theta,Fast,FC5,CP1,0.488412645810066,0.07904741138164278,-0.4093652344284232,0.4093652344284232,-83.8154453903344
Band-Power Envelope Coherence Change,Theta,Fast,FC5,P3,0.4885831200066293,0.03921542161931564,-0.44936769838731366,0.44936769838731366,-91.97364378474975
Band-Power Envelope Coherence Change,Theta,Fast,FC5,P7,0.36316943319410283,0.059130493973172174,-0.30403893922093067,0.30403893922093067,-83.71820737964785
Band-Power Envelope Coherence Change,Theta,Fast,FC5,PO9,0.37725890126629924,0.10925215906280729,-0.26800674220349197,0.26800674220349197,-71.04053510835827
Band-Power Envelope Coherence Change,Theta,Fast,FC5,O1,0.29381976462984094,0.01750956182721797,-0.276310202802623,0.276310202802623,-94.0407134117486
Band-Power Envelope Coherence Change,Theta,Fast,FC5,Pz,0.44970737697156105,0.07238451902968135,-0.3773228579418797,0.3773228579418797,-83.9040845811478
Band-Power Envelope Coherence Change,Theta,Fast,FC5,Oz,0.38931090469067886,0.022927251661536044,-0.36638365302914283,0.36638365302914283,-94.1108118510699
Band-Power Envelope Coherence Change,Theta,Fast,FC5,O2,0.362416395200491,0.016039659437927192,-0.34637673576256384,0.34637673576256384,-95.57424563282962
Band-Power Envelope Coherence Change,Theta,Fast,FC5,PO10,0.2752481744923087,0.0020983607573799652,-0.27314981373492875,0.27314981373492875,-99.2376477114697
Band-Power Envelope Coherence Change,Theta,Fast,FC5,P8,0.1646259821054661,0.013642636374715756,-0.15098334573075037,0.15098334573075037,-91.71295065321117
Band-Power Envelope Coherence Change,Theta,Fast,FC5,P4,0.4166566995007057,0.06846746171034387,-0.3481892377903618,0.3481892377903618,-83.56741610241937
Band-Power Envelope Coherence Change,Theta,Fast,FC5,CP2,0.39399002058682275,0.04931364903371779,-0.344676371553105,0.344676371553105,-87.483528399966
Band-Power Envelope Coherence Change,Theta,Fast,FC5,CP6,0.3940382066584415,0.07469491705583317,-0.3193432896026084,0.3193432896026084,-81.04373743620759
Band-Power Envelope Coherence Change,Theta,Fast,FC5,T8,0.14255523026089034,0.0709154284918242,-0.07163980176906615,0.07163980176906615,-50.25406759047573
Band-Power Envelope Coherence Change,Theta,Fast,FC5,FT10,0.2383422459622263,0.004886999748029349,-0.23345524621419697,0.23345524621419697,-97.94958727174037
Band-Power Envelope Coherence Change,Theta,Fast,FC5,FC6,0.5049255837149468,0.10752975972396418,-0.3973958239909826,0.3973958239909826,-78.70384009207393
Band-Power Envelope Coherence Change,Theta,Fast,FC5,C4,0.39670602905939156,0.12104278195366956,-0.275663247105722,0.275663247105722,-69.48804074375487
Band-Power Envelope Coherence Change,Theta,Fast,FC5,FC2,0.3321818243597233,0.2095136153309347,-0.12266820902878861,0.12266820902878861,-36.92803158789021
Band-Power Envelope Coherence Change,Theta,Fast,FC5,F4,0.24529549482500368,0.18438580769783858,-0.0609096871271651,0.0609096871271651,-24.83114790616872
Band-Power Envelope Coherence Change,Theta,Fast,FC5,F8,0.2799678933768043,0.021408445686060353,-0.2585594476907439,0.2585594476907439,-92.35324971451384
Band-Power Envelope Coherence Change,Theta,Fast,FC5,Fp2,0.2803302293390223,0.102047708964768,-0.1782825203742543,0.1782825203742543,-63.59732262718096
Band-Power Envelope Coherence Change,Theta,Fast,FT9,T7,0.5684678577726638,0.052610434123818314,-0.5158574236488456,0.5158574236488456,-90.7452227237696
Band-Power Envelope Coherence Change,Theta,Fast,FT9,CP5,0.5358738909561893,0.025250144729015572,-0.5106237462271738,0.5106237462271738,-95.28804348277534
Band-Power Envelope Coherence Change,Theta,Fast,FT9,CP1,0.45817880189704063,0.04446802809383925,-0.41371077380320137,0.41371077380320137,-90.29461251596013
Band-Power Envelope Coherence Change,Theta,Fast,FT9,P3,0.448042676462998,0.046476092068247016,-0.401566584394751,0.401566584394751,-89.62686045107463
Band-Power Envelope Coherence Change,Theta,Fast,FT9,P7,0.4583520383175306,0.07877599541172771,-0.3795760429058029,0.3795760429058029,-82.81321149985715
Band-Power Envelope Coherence Change,Theta,Fast,FT9,PO9,0.49200974467576053,0.0418038810852496,-0.45020586359051096,0.45020586359051096,-91.50344448710081
Band-Power Envelope Coherence Change,Theta,Fast,FT9,O1,0.31918286335537804,0.0695574928357374,-0.24962537051964065,0.24962537051964065,-78.20763555269816
Band-Power Envelope Coherence Change,Theta,Fast,FT9,Pz,0.4309513649772951,0.0528523329272496,-0.37809903205004547,0.37809903205004547,-87.73589383339483
Band-Power Envelope Coherence Change,Theta,Fast,FT9,Oz,0.4239495828661658,0.066517193705701,-0.3574323891604648,0.3574323891604648,-84.31011695871878
Band-Power Envelope Coherence Change,Theta,Fast,FT9,O2,0.40010825140172235,0.036416840500695144,-0.3636914109010272,0.3636914109010272,-90.89825306698525
Band-Power Envelope Coherence Change,Theta,Fast,FT9,PO10,0.34973168414367806,0.0022485311056066417,-0.3474831530380714,0.3474831530380714,-99.35706966009893
Band-Power Envelope Coherence Change,Theta,Fast,FT9,P8,0.17975392184580052,0.043178986380557276,-0.13657493546524324,0.13657493546524324,-75.97883487760686
Band-Power Envelope Coherence Change,Theta,Fast,FT9,P4,0.37828380184148447,0.05818796758060382,-0.3200958342608806,0.3200958342608806,-84.61790663587894
Band-Power Envelope Coherence Change,Theta,Fast,FT9,CP2,0.332127517975763,0.028526091762612924,-0.30360142621315006,0.30360142621315006,-91.41110259804049
Band-Power Envelope Coherence Change,Theta,Fast,FT9,CP6,0.3329568557257604,0.044530787323780345,-0.28842606840198004,0.28842606840198004,-86.6256583824608
Band-Power Envelope Coherence Change,Theta,Fast,FT9,T8,0.14670206196985205,0.05776899939435602,-0.08893306257549603,0.08893306257549603,-60.62154913253516
Band-Power Envelope Coherence Change,Theta,Fast,FT9,FT10,0.24958697925732554,0.03109161328493227,-0.21849536597239327,0.21849536597239327,-87.54277431561178
Band-Power Envelope Coherence Change,Theta,Fast,FT9,FC6,0.39270669832632044,0.05416937384077043,-0.33853732448555,0.33853732448555,-86.20614976224361
Band-Power Envelope Coherence Change,Theta,Fast,FT9,C4,0.2897125308800906,0.042944187839016976,-0.2467683430410736,0.2467683430410736,-85.17696569473165
Band-Power Envelope Coherence Change,Theta,Fast,FT9,FC2,0.24527734233534781,0.03750222877870557,-0.20777511355664224,0.20777511355664224,-84.71027595878309
Band-Power Envelope Coherence Change,Theta,Fast,FT9,F4,0.19328414260527507,0.06525117154404486,-0.1280329710612302,0.1280329710612302,-66.24080451478069
Band-Power Envelope Coherence Change,Theta,Fast,FT9,F8,0.25417310088302836,0.05165331825445593,-0.20251978262857243,0.20251978262857243,-79.677897434856
Band-Power Envelope Coherence Change,Theta,Fast,FT9,Fp2,0.2861275982967148,0.06286126416470339,-0.2232663341320114,0.2232663341320114,-78.03033872338446
Band-Power Envelope Coherence Change,Theta,Fast,T7,CP5,0.6092412862274542,0.04490821879303196,-0.5643330674344222,0.5643330674344222,-92.62882870740543
Band-Power Envelope Coherence Change,Theta,Fast,T7,CP1,0.49162725830967846,0.028851763440315516,-0.4627754948693629,0.4627754948693629,-94.13137433845426
Band-Power Envelope Coherence Change,Theta,Fast,T7,P3,0.484344718649775,0.022646867977100242,-0.46169785067267477,0.46169785067267477,-95.32422526661719
Band-Power Envelope Coherence Change,Theta,Fast,T7,P7,0.4105950881556288,0.03736004901103653,-0.3732350391445923,0.3732350391445923,-90.90099952757453
Band-Power Envelope Coherence Change,Theta,Fast,T7,PO9,0.42604165471128386,0.06518849003600874,-0.3608531646752751,0.3608531646752751,-84.69903369420882
Band-Power Envelope Coherence Change,Theta,Fast,T7,O1,0.2956775221280479,0.02856356576622043,-0.26711395636182744,0.26711395636182744,-90.33962218005516
Band-Power Envelope Coherence Change,Theta,Fast,T7,Pz,0.45015953228617156,0.028921675457072846,-0.4212378568290987,0.4212378568290987,-93.57523869144971
Band-Power Envelope Coherence Change,Theta,Fast,T7,Oz,0.40804983601586137,0.03302308444599196,-0.3750267515698694,0.3750267515698694,-91.90709527825706
Band-Power Envelope Coherence Change,Theta,Fast,T7,O2,0.388990396526965,0.004013007088105081,-0.3849773894388599,0.3849773894388599,-98.96835317171464
Band-Power Envelope Coherence Change,Theta,Fast,T7,PO10,0.31013943077920214,0.005490724147576337,-0.3046487066316258,0.3046487066316258,-98.22959494902621
Band-Power Envelope Coherence Change,Theta,Fast,T7,P8,0.17870365371499655,0.008056411673376984,-0.17064724204161957,0.17064724204161957,-95.4917476470707
Band-Power Envelope Coherence Change,Theta,Fast,T7,P4,0.4099951456633127,0.020089978038540686,-0.389905167624772,0.389905167624772,-95.09994734058667
Band-Power Envelope Coherence Change,Theta,Fast,T7,CP2,0.39859950450687565,0.01729864134319175,-0.3813008631636839,0.3813008631636839,-95.66014479506376
Band-Power Envelope Coherence Change,Theta,Fast,T7,CP6,0.3356213167136776,0.01577214512873816,-0.3198491715849395,0.3198491715849395,-95.30061282067088
Band-Power Envelope Coherence Change,Theta,Fast,T7,T8,0.10575339552889183,0.019766991115084655,-0.08598640441380717,0.08598640441380717,-81.30840998889315
Band-Power Envelope Coherence Change,Theta,Fast,T7,FT10,0.21761163932959193,0.022132383395975643,-0.19547925593361629,0.19547925593361629,-89.82941194498599
Band-Power Envelope Coherence Change,Theta,Fast,T7,FC6,0.3843461698951157,0.027927394171460368,-0.3564187757236553,0.3564187757236553,-92.73379147265041
Band-Power Envelope Coherence Change,Theta,Fast,T7,C4,0.3129842947264891,0.028415521338343006,-0.28456877338814607,0.28456877338814607,-90.92110312973537
Band-Power Envelope Coherence Change,Theta,Fast,T7,FC2,0.24402861403988102,0.03636828341028234,-0.20766033062959868,0.20766033062959868,-85.09671353362734
Band-Power Envelope Coherence Change,Theta,Fast,T7,F4,0.18608843561843647,0.04117784089319873,-0.14491059472523773,0.14491059472523773,-77.87189689872427
Band-Power Envelope Coherence Change,Theta,Fast,T7,F8,0.2073132037643483,0.010048710360339387,-0.19726449340400892,0.19726449340400892,-95.1528845351492
Band-Power Envelope Coherence Change,Theta,Fast,T7,Fp2,0.21545161435649107,0.02928582385421771,-0.18616579050227336,0.18616579050227336,-86.40723860821915
Band-Power Envelope Coherence Change,Theta,Fast,CP5,CP1,0.6937815964891727,0.22682902808727373,-0.46695256840189897,0.46695256840189897,-67.30541293756937
Band-Power Envelope Coherence Change,Theta,Fast,CP5,P3,0.7296012574569559,0.21225840604070403,-0.5173428514162519,0.5173428514162519,-70.90761510190701
Band-Power Envelope Coherence Change,Theta,Fast,CP5,P7,0.5336749549771733,0.20583215229680552,-0.3278428026803678,0.3278428026803678,-61.4311763411102
Band-Power Envelope Coherence Change,Theta,Fast,CP5,PO9,0.5207247380329993,0.048249065942635685,-0.4724756720903637,0.4724756720903637,-90.73424740201645
Band-Power Envelope Coherence Change,Theta,Fast,CP5,O1,0.4412368326262144,0.05675544519843746,-0.38448138742777693,0.38448138742777693,-87.1371923190019
Band-Power Envelope Coherence Change,Theta,Fast,CP5,Pz,0.6338725312542084,0.21233404472872425,-0.42153848652548415,0.42153848652548415,-66.50209083700304
Band-Power Envelope Coherence Change,Theta,Fast,CP5,Oz,0.5702435991957755,0.07666190043211496,-0.49358169876366054,0.49358169876366054,-86.55628918233671
Band-Power Envelope Coherence Change,Theta,Fast,CP5,O2,0.5250452795317092,0.038996388427174025,-0.4860488911045352,0.4860488911045352,-92.57275706545632
Band-Power Envelope Coherence Change,Theta,Fast,CP5,PO10,0.34810903459556863,0.004994994273106431,-0.3431140403224622,0.3431140403224622,-98.56510639578498
Band-Power Envelope Coherence Change,Theta,Fast,CP5,P8,0.21121084527438266,0.04456879182237307,-0.1666420534520096,0.1666420534520096,-78.89843593757034
Band-Power Envelope Coherence Change,Theta,Fast,CP5,P4,0.5770557400203916,0.12356216354800216,-0.45349357647238947,0.45349357647238947,-78.58748211331616
Band-Power Envelope Coherence Change,Theta,Fast,CP5,CP2,0.5204628006398574,0.0639018002709262,-0.4565610003689312,0.4565610003689312,-87.722119584269
Band-Power Envelope Coherence Change,Theta,Fast,CP5,CP6,0.45132555313719414,0.08803755505879553,-0.3632879980783986,0.3632879980783986,-80.4935584863652
Band-Power Envelope Coherence Change,Theta,Fast,CP5,T8,0.10811036719659638,0.060000371960285855,-0.04810999523631052,0.04810999523631052,-44.50081567924335
Band-Power Envelope Coherence Change,Theta,Fast,CP5,FT10,0.24357744069923934,0.022767252174147337,-0.220810188525092,0.220810188525092,-90.6529717576516
Band-Power Envelope Coherence Change,Theta,Fast,CP5,FC6,0.4587351817911062,0.04834855785125541,-0.41038662393985076,0.41038662393985076,-89.4604643876493
Band-Power Envelope Coherence Change,Theta,Fast,CP5,C4,0.41674153906730194,0.0877037412377738,-0.32903779782952813,0.32903779782952813,-78.95488377902974
Band-Power Envelope Coherence Change,Theta,Fast,CP5,FC2,0.31151454394891254,0.09303820856060246,-0.21847633538831007,0.21847633538831007,-70.13359075271283
Band-Power Envelope Coherence Change,Theta,Fast,CP5,F4,0.21945987754518606,0.07450892074536039,-0.14495095679982567,0.14495095679982567,-66.04895547250123
Band-Power Envelope Coherence Change,Theta,Fast,CP5,F8,0.2446515795091846,0.01339731685597841,-0.23125426265320617,0.23125426265320617,-94.52391973807981
Band-Power Envelope Coherence Change,Theta,Fast,CP5,Fp2,0.209350629044931,0.053036994852857074,-0.15631363419207395,0.15631363419207395,-74.66594913289025
Band-Power Envelope Coherence Change,Theta,Fast,CP1,P3,0.8505828083224046,0.5329778936432424,-0.3176049146791622,0.3176049146791622,-37.339681871253774
Band-Power Envelope Coherence Change,Theta,Fast,CP1,P7,0.44957398016600497,0.1274406470939316,-0.32213333307207337,0.32213333307207337,-71.65301981069406
Band-Power Envelope Coherence Change,Theta,Fast,CP1,PO9,0.532323975866537,0.03612235367873222,-0.4962016221878048,0.4962016221878048,-93.21421628249396
Band-Power Envelope Coherence Change,Theta,Fast,CP1,O1,0.5481752101821873,0.22463715634344933,-0.32353805383873796,0.32353805383873796,-59.02092028773234
Band-Power Envelope Coherence Change,Theta,Fast,CP1,Pz,0.7714634338129895,0.672513530634403,-0.09894990317858654,0.09894990317858654,-12.826259656860545
Band-Power Envelope Coherence Change,Theta,Fast,CP1,Oz,0.8213284394305291,0.36901961320440446,-0.45230882622612467,0.45230882622612467,-55.07039626434153
Band-Power Envelope Coherence Change,Theta,Fast,CP1,O2,0.788548442168542,0.1903529688006872,-0.5981954733678548,0.5981954733678548,-75.86033290774016
Band-Power Envelope Coherence Change,Theta,Fast,CP1,PO10,0.5063947922836738,0.005193453375086541,-0.5012013389085872,0.5012013389085872,-98.97442599050716
Band-Power Envelope Coherence Change,Theta,Fast,CP1,P8,0.3893618597119273,0.206594887312127,-0.18276697239980033,0.18276697239980033,-46.94013238354215
Band-Power Envelope Coherence Change,Theta,Fast,CP1,P4,0.7829386794563784,0.6364897550535511,-0.1464489244028273,0.1464489244028273,-18.705031217069504
Band-Power Envelope Coherence Change,Theta,Fast,CP1,CP2,0.676342786923403,0.33215386328148777,-0.3441889236419152,0.3441889236419152,-50.88971602810857
Band-Power Envelope Coherence Change,Theta,Fast,CP1,CP6,0.6087300767953551,0.4181273820745047,-0.19060269472085034,0.19060269472085034,-31.31152903176292
Band-Power Envelope Coherence Change,Theta,Fast,CP1,T8,0.15907064572585794,0.2970115247666063,0.13794087904074837,0.13794087904074837,86.71674048427226
Band-Power Envelope Coherence Change,Theta,Fast,CP1,FT10,0.24665869162375814,0.025538970907754477,-0.22111972071600366,0.22111972071600366,-89.64602838860816
Band-Power Envelope Coherence Change,Theta,Fast,CP1,FC6,0.48808648236906926,0.20262020045268164,-0.2854662819163876,0.2854662819163876,-58.48682400110617
Band-Power Envelope Coherence Change,Theta,Fast,CP1,C4,0.46587593390127635,0.42584515556731084,-0.04003077833396551,0.04003077833396551,-8.592583437127796
Band-Power Envelope Coherence Change,Theta,Fast,CP1,FC2,0.31103930602154184,0.34851997931686374,0.0374806732953219,0.0374806732953219,12.050140470904367
Band-Power Envelope Coherence Change,Theta,Fast,CP1,F4,0.22164039642367042,0.3173275326260441,0.09568713620237365,0.09568713620237365,43.172245559183
Band-Power Envelope Coherence Change,Theta,Fast,CP1,F8,0.253739106317023,0.03647642055487795,-0.21726268576214505,0.21726268576214505,-85.62443878504713
Band-Power Envelope Coherence Change,Theta,Fast,CP1,Fp2,0.21654369539943052,0.2184702879137418,0.001926592514311265,0.001926592514311265,0.8897015037808077
Band-Power Envelope Coherence Change,Theta,Fast,P3,P7,0.4711736443022641,0.17392149030219722,-0.2972521540000669,0.2972521540000669,-63.08760211752755
Band-Power Envelope Coherence Change,Theta,Fast,P3,PO9,0.5164701507217045,0.02667146142189288,-0.4897986892998117,0.4897986892998117,-94.83581744566985
Band-Power Envelope Coherence Change,Theta,Fast,P3,O1,0.5476383815431647,0.23915698775311334,-0.30848139379005135,0.30848139379005135,-56.32939621959951
Band-Power Envelope Coherence Change,Theta,Fast,P3,Pz,0.7638215636713144,0.5535396257745935,-0.2102819378967209,0.2102819378967209,-27.530243698017518
Band-Power Envelope Coherence Change,Theta,Fast,P3,Oz,0.8073231628720557,0.35203950651562843,-0.4552836563564273,0.4552836563564273,-56.394226908683464
Band-Power Envelope Coherence Change,Theta,Fast,P3,O2,0.7493578503971792,0.18306775406628017,-0.566290096330899,0.566290096330899,-75.57004921357006
Band-Power Envelope Coherence Change,Theta,Fast,P3,PO10,0.4474677128577974,0.004195250358984202,-0.4432724624988132,0.4432724624988132,-99.0624462417208
Band-Power Envelope Coherence Change,Theta,Fast,P3,P8,0.3338680406960428,0.17137390858423368,-0.16249413211180913,0.16249413211180913,-48.67016674403573
Band-Power Envelope Coherence Change,Theta,Fast,P3,P4,0.7544686763686346,0.4591930478925801,-0.2952756284760545,0.2952756284760545,-39.136896961350104
Band-Power Envelope Coherence Change,Theta,Fast,P3,CP2,0.6663667919919655,0.2192093826235778,-0.44715740936838766,0.44715740936838766,-67.10379549852765
Band-Power Envelope Coherence Change,Theta,Fast,P3,CP6,0.5410043214291117,0.2475231056838887,-0.293481215745223,0.293481215745223,-54.247480864841506
Band-Power Envelope Coherence Change,Theta,Fast,P3,T8,0.14367127153874154,0.17371805539829674,0.0300467838595552,0.0300467838595552,20.913564373551857
Band-Power Envelope Coherence Change,Theta,Fast,P3,FT10,0.21683493502594806,0.03322962541143152,-0.18360530961451654,0.18360530961451654,-84.67515144298358
Band-Power Envelope Coherence Change,Theta,Fast,P3,FC6,0.44445351230483654,0.09971128592090525,-0.34474222638393126,0.34474222638393126,-77.56541839351773
Band-Power Envelope Coherence Change,Theta,Fast,P3,C4,0.44014285790552865,0.244541440946072,-0.19560141695945665,0.19560141695945665,-44.44043869989142
Band-Power Envelope Coherence Change,Theta,Fast,P3,FC2,0.3022295073819121,0.19809504553430463,-0.1041344618476075,0.1041344618476075,-34.455425199769806
Band-Power Envelope Coherence Change,Theta,Fast,P3,F4,0.20473114224789943,0.19072476925359205,-0.014006372994307376,0.014006372994307376,-6.8413495086876965
Band-Power Envelope Coherence Change,Theta,Fast,P3,F8,0.22641045068804305,0.027388790290813064,-0.19902166039723,0.19902166039723,-87.90303618601494
Band-Power Envelope Coherence Change,Theta,Fast,P3,Fp2,0.19569483749590438,0.15106934796299737,-0.044625489532907014,0.044625489532907014,-22.80361102210525
Band-Power Envelope Coherence Change,Theta,Fast,P7,PO9,0.5448156722121165,0.12961631469972082,-0.4151993575123957,0.4151993575123957,-76.20914351207274
Band-Power Envelope Coherence Change,Theta,Fast,P7,O1,0.35874754251156715,0.11981352985774882,-0.23893401265381833,0.23893401265381833,-66.6022716089029
Band-Power Envelope Coherence Change,Theta,Fast,P7,Pz,0.4181086938090025,0.15044412823241793,-0.2676645655765846,0.2676645655765846,-64.01793828732421
Band-Power Envelope Coherence Change,Theta,Fast,P7,Oz,0.4227256856397972,0.1333691060714193,-0.2893565795683779,0.2893565795683779,-68.45020054327559
Band-Power Envelope Coherence Change,Theta,Fast,P7,O2,0.3741019134980862,0.0646846291529204,-0.3094172843451658,0.3094172843451658,-82.70935624250654
Band-Power Envelope Coherence Change,Theta,Fast,P7,PO10,0.3132632410215967,0.022464246728109538,-0.29079899429348716,0.29079899429348716,-92.82895540030474
Band-Power Envelope Coherence Change,Theta,Fast,P7,P8,0.14293524817650485,0.07468287352388452,-0.06825237465262034,0.06825237465262034,-47.7505552502615
Band-Power Envelope Coherence Change,Theta,Fast,P7,P4,0.35673133647552036,0.08529945538741679,-0.27143188108810357,0.27143188108810357,-76.08860039317847
Band-Power Envelope Coherence Change,Theta,Fast,P7,CP2,0.32555886607664264,0.030938492328520757,-0.2946203737481219,0.2946203737481219,-90.49680547749628
Band-Power Envelope Coherence Change,Theta,Fast,P7,CP6,0.24100348670359256,0.04693521247696689,-0.19406827422662568,0.19406827422662568,-80.52508985702269
Band-Power Envelope Coherence Change,Theta,Fast,P7,T8,0.0810976421863894,0.02540891196310671,-0.05568873022328269,0.05568873022328269,-68.66874143552957
Band-Power Envelope Coherence Change,Theta,Fast,P7,FT10,0.16935676060087035,0.05706686968005255,-0.1122898909208178,0.1122898909208178,-66.30375458435684
Band-Power Envelope Coherence Change,Theta,Fast,P7,FC6,0.2716927101833684,0.027189232553412157,-0.24450347762995622,0.24450347762995622,-89.99265290001273
Band-Power Envelope Coherence Change,Theta,Fast,P7,C4,0.21972170983616915,0.029103511744718875,-0.19061819809145028,0.19061819809145028,-86.75437590285489
Band-Power Envelope Coherence Change,Theta,Fast,P7,FC2,0.1875784149174033,0.04127279979728817,-0.1463056151201151,0.1463056151201151,-77.99704202881664
Band-Power Envelope Coherence Change,Theta,Fast,P7,F4,0.11801178265976697,0.050163206601867884,-0.0678485760578991,0.0678485760578991,-57.4930524128336
Band-Power Envelope Coherence Change,Theta,Fast,P7,F8,0.1850980015634861,0.019011141230202158,-0.16608686033328396,0.16608686033328396,-89.72914830542804
Band-Power Envelope Coherence Change,Theta,Fast,P7,Fp2,0.14330661161998792,0.03563314325626461,-0.10767346836372331,0.10767346836372331,-75.13503190574731
Band-Power Envelope Coherence Change,Theta,Fast,PO9,O1,0.445541732527756,0.07989682657446354,-0.36564490595329247,0.36564490595329247,-82.06748756818506
Band-Power Envelope Coherence Change,Theta,Fast,PO9,Pz,0.488238939810083,0.04288598445761578,-0.4453529553524672,0.4453529553524672,-91.21618925473301
Band-Power Envelope Coherence Change,Theta,Fast,PO9,Oz,0.5763927212906617,0.07041451875357677,-0.5059782025370849,0.5059782025370849,-87.78358640686784
Band-Power Envelope Coherence Change,Theta,Fast,PO9,O2,0.5329365080862322,0.03565127326034858,-0.4972852348258836,0.4972852348258836,-93.31040889122575
Band-Power Envelope Coherence Change,Theta,Fast,PO9,PO10,0.49977993358567085,0.01729579814701278,-0.4824841354386581,0.4824841354386581,-96.53931721049221
Band-Power Envelope Coherence Change,Theta,Fast,PO9,P8,0.24144392886581953,0.034047066015591175,-0.20739686285022835,0.20739686285022835,-85.8985619661149
Band-Power Envelope Coherence Change,Theta,Fast,PO9,P4,0.4471130250025028,0.044779387998725405,-0.4023336370037774,0.4023336370037774,-89.98477219524644
Band-Power Envelope Coherence Change,Theta,Fast,PO9,CP2,0.3782867134728776,0.023108383042517514,-0.3551783304303601,0.3551783304303601,-93.89130460587157
Band-Power Envelope Coherence Change,Theta,Fast,PO9,CP6,0.33672786730471516,0.04739722315347013,-0.28933064415124504,0.28933064415124504,-85.92417564579561
Band-Power Envelope Coherence Change,Theta,Fast,PO9,T8,0.11404000641644235,0.034649257782356835,-0.07939074863408552,0.07939074863408552,-69.61657678637145
Band-Power Envelope Coherence Change,Theta,Fast,PO9,FT10,0.2579783654233776,0.02641871658896293,-0.23155964883441466,0.23155964883441466,-89.75932863765291
Band-Power Envelope Coherence Change,Theta,Fast,PO9,FC6,0.32606249255429964,0.05051717623900376,-0.2755453163152959,0.2755453163152959,-84.50690361738216
Band-Power Envelope Coherence Change,Theta,Fast,PO9,C4,0.2729649790790206,0.04189086333671243,-0.23107411574230818,0.23107411574230818,-84.65339272530434
Band-Power Envelope Coherence Change,Theta,Fast,PO9,FC2,0.20475017926050998,0.05734109409192228,-0.1474090851685877,0.1474090851685877,-71.99460615906693
Band-Power Envelope Coherence Change,Theta,Fast,PO9,F4,0.13908486149094973,0.062153225017444615,-0.07693163647350512,0.07693163647350512,-55.312731845019
Band-Power Envelope Coherence Change,Theta,Fast,PO9,F8,0.22943043921778236,0.015993112718472167,-0.2134373264993102,0.2134373264993102,-93.02921060823537
Band-Power Envelope Coherence Change,Theta,Fast,PO9,Fp2,0.19078098975325647,0.038984867551974924,-0.15179612220128155,0.15179612220128155,-79.56564351490398
Band-Power Envelope Coherence Change,Theta,Fast,O1,Pz,0.5111589917635903,0.2658894432312062,-0.24526954853238403,0.24526954853238403,-47.98302533741216
Band-Power Envelope Coherence Change,Theta,Fast,O1,Oz,0.5959704061563209,0.5756544364014119,-0.020315969754909013,0.020315969754909013,-3.4088890228519513
Band-Power Envelope Coherence Change,Theta,Fast,O1,O2,0.5587010666641131,0.28485710557063865,-0.2738439610934745,0.2738439610934745,-49.014397400122995
Band-Power Envelope Coherence Change,Theta,Fast,O1,PO10,0.3799344008095039,0.009139074479412035,-0.3707953263300919,0.3707953263300919,-97.59456515126297
Band-Power Envelope Coherence Change,Theta,Fast,O1,P8,0.24239049351450453,0.15023667389889117,-0.09215381961561336,0.09215381961561336,-38.01874334238233
Band-Power Envelope Coherence Change,Theta,Fast,O1,P4,0.49525421015672566,0.25672512367873246,-0.2385290864779932,0.2385290864779932,-48.162959867117436
Band-Power Envelope Coherence Change,Theta,Fast,O1,CP2,0.39203818627856124,0.10727242387471206,-0.2847657624038492,0.2847657624038492,-72.6372512603938
Band-Power Envelope Coherence Change,Theta,Fast,O1,CP6,0.3432482604936844,0.11079547475820699,-0.2324527857354774,0.2324527857354774,-67.72147523811105
Band-Power Envelope Coherence Change,Theta,Fast,O1,T8,0.09438455574888152,0.08148879027209116,-0.01289576547679036,0.01289576547679036,-13.663003840480734
Band-Power Envelope Coherence Change,Theta,Fast,O1,FT10,0.1669862819621854,0.04373604128731105,-0.12325024067487435,0.12325024067487435,-73.80860225559414
Band-Power Envelope Coherence Change,Theta,Fast,O1,FC6,0.2587635160053581,0.0434608490471063,-0.2153026669582518,0.2153026669582518,-83.2044139305147
Band-Power Envelope Coherence Change,Theta,Fast,O1,C4,0.27388653068427493,0.07400972344606112,-0.19987680723821383,0.19987680723821383,-72.97796161747857
Band-Power Envelope Coherence Change,Theta,Fast,O1,FC2,0.20122688827771867,0.043192590732017234,-0.15803429754570145,0.15803429754570145,-78.53537809897156
Band-Power Envelope Coherence Change,Theta,Fast,O1,F4,0.11764838073205862,0.05919085555691324,-0.05845752517514538,0.05845752517514538,-49.688338089651225
Band-Power Envelope Coherence Change,Theta,Fast,O1,F8,0.16609586896089357,0.01663276747847598,-0.1494631014824176,0.1494631014824176,-89.98604385375046
Band-Power Envelope Coherence Change,Theta,Fast,O1,Fp2,0.11902308475819583,0.08147051499473194,-0.03755256976346388,0.03755256976346388,-31.55066081487864
Band-Power Envelope Coherence Change,Theta,Fast,Pz,Oz,0.7318473189677039,0.4426680253647112,-0.2891792936029927,0.2891792936029927,-39.513609752767856
Band-Power Envelope Coherence Change,Theta,Fast,Pz,O2,0.6995243571223311,0.2293369390754208,-0.4701874180469103,0.4701874180469103,-67.21530326422716
Band-Power Envelope Coherence Change,Theta,Fast,Pz,PO10,0.4504453921249868,0.006948006688854759,-0.44349738543613204,0.44349738543613204,-98.45752519388036
Band-Power Envelope Coherence Change,Theta,Fast,Pz,P8,0.3489394707853341,0.26664656349804816,-0.08229290728728594,0.08229290728728594,-23.583719864673075
Band-Power Envelope Coherence Change,Theta,Fast,Pz,P4,0.7024095545906994,0.7206982847419878,0.0182887301512884,0.0182887301512884,2.603713180118316
Band-Power Envelope Coherence Change,Theta,Fast,Pz,CP2,0.6003360309979602,0.3842111213488741,-0.2161249096490861,0.2161249096490861,-36.00065604754955
Band-Power Envelope Coherence Change,Theta,Fast,Pz,CP6,0.5366049482651052,0.42948661849331893,-0.10711832977178626,0.10711832977178626,-19.962232945877595
Band-Power Envelope Coherence Change,Theta,Fast,Pz,T8,0.13038153278831874,0.2826226353151167,0.15224110252679798,0.15224110252679798,116.76584810056606
Band-Power Envelope Coherence Change,Theta,Fast,Pz,FT10,0.2229195551580188,0.0390306428609656,-0.1838889122970532,0.1838889122970532,-82.49115344174344
Band-Power Envelope Coherence Change,Theta,Fast,Pz,FC6,0.42048899349205077,0.20567346699021846,-0.2148155265018323,0.2148155265018323,-51.08707476926939
Band-Power Envelope Coherence Change,Theta,Fast,Pz,C4,0.4213268084883236,0.42559560576857236,0.0042687972802487595,0.0042687972802487595,1.0131796017359438
Band-Power Envelope Coherence Change,Theta,Fast,Pz,FC2,0.2900715675838256,0.32580044699343824,0.03572887940961267,0.03572887940961267,12.31726353162402
Band-Power Envelope Coherence Change,Theta,Fast,Pz,F4,0.19682462007183296,0.30010548412142474,0.10328086404959178,0.10328086404959178,52.47354930084381
Band-Power Envelope Coherence Change,Theta,Fast,Pz,F8,0.2228606605837856,0.042187663669869424,-0.18067299691391617,0.18067299691391617,-81.06993690166831
Band-Power Envelope Coherence Change,Theta,Fast,Pz,Fp2,0.1833080673234796,0.20029943460685662,0.016991367283377024,0.016991367283377024,9.26929596251361
Band-Power Envelope Coherence Change,Theta,Fast,Oz,O2,0.9155287158228811,0.46568887169998036,-0.44983984412290073,0.44983984412290073,-49.13443307112249
Band-Power Envelope Coherence Change,Theta,Fast,Oz,PO10,0.5954849895307465,0.022722621506140177,-0.5727623680246063,0.5727623680246063,-96.18418232102776
Band-Power Envelope Coherence Change,Theta,Fast,Oz,P8,0.42719754238453106,0.34210370048405275,-0.0850938419004783,0.0850938419004783,-19.91908507373463
Band-Power Envelope Coherence Change,Theta,Fast,Oz,P4,0.7537298182841572,0.5085574342869688,-0.24517238399718844,0.24517238399718844,-32.527887055777605
Band-Power Envelope Coherence Change,Theta,Fast,Oz,CP2,0.641776296178346,0.21664275645890294,-0.425133539719443,0.425133539719443,-66.24325987903124
Band-Power Envelope Coherence Change,Theta,Fast,Oz,CP6,0.5293770787034142,0.22126179632294296,-0.30811528238047126,0.30811528238047126,-58.20336670698471
Band-Power Envelope Coherence Change,Theta,Fast,Oz,T8,0.15112349063010636,0.14878300066205102,-0.0023404899680553315,0.0023404899680553315,-1.5487267785416454
Band-Power Envelope Coherence Change,Theta,Fast,Oz,FT10,0.21621481656081465,0.06202219939886662,-0.15419261716194804,0.15419261716194804,-71.31454708543453
Band-Power Envelope Coherence Change,Theta,Fast,Oz,FC6,0.3924899516733227,0.07338214025605366,-0.319107811417269,0.319107811417269,-81.30343466292581
Band-Power Envelope Coherence Change,Theta,Fast,Oz,C4,0.3785168784097726,0.14981494031816217,-0.22870193809161043,0.22870193809161043,-60.420538986909754
Band-Power Envelope Coherence Change,Theta,Fast,Oz,FC2,0.2510112210216313,0.08377317270885573,-0.16723804831277558,0.16723804831277558,-66.62572598631499
Band-Power Envelope Coherence Change,Theta,Fast,Oz,F4,0.16220092340706746,0.10782412743999081,-0.05437679596707665,0.05437679596707665,-33.52434426690035
Band-Power Envelope Coherence Change,Theta,Fast,Oz,F8,0.22015891386247474,0.029881392622496603,-0.19027752123997815,0.19027752123997815,-86.42735281608338
Band-Power Envelope Coherence Change,Theta,Fast,Oz,Fp2,0.1841222935467257,0.12990680700925095,-0.054215486537474766,0.054215486537474766,-29.445367800459326
Band-Power Envelope Coherence Change,Theta,Fast,O2,PO10,0.6734001493328319,0.030929538406171696,-0.6424706109266601,0.6424706109266601,-95.40695997219261
Band-Power Envelope Coherence Change,Theta,Fast,O2,P8,0.5414878657150801,0.2943605928295931,-0.24712727288548703,0.24712727288548703,-45.63856155098411
Band-Power Envelope Coherence Change,Theta,Fast,O2,P4,0.7574001567126022,0.2850304742363192,-0.47236968247628297,0.47236968247628297,-62.36725438855766
Band-Power Envelope Coherence Change,Theta,Fast,O2,CP2,0.6214805821405909,0.0885860749283722,-0.5328945072122186,0.5328945072122186,-85.74596254910306
Band-Power Envelope Coherence Change,Theta,Fast,O2,CP6,0.5468611095805946,0.13093028034471105,-0.4159308292358836,0.4159308292358836,-76.05785490119682
Band-Power Envelope Coherence Change,Theta,Fast,O2,T8,0.1575047814654304,0.07357737421565796,-0.08392740724977243,0.08392740724977243,-53.28562502605235
Band-Power Envelope Coherence Change,Theta,Fast,O2,FT10,0.20048660674948754,0.02220639149022929,-0.17828021525925825,0.17828021525925825,-88.92375313729725
Band-Power Envelope Coherence Change,Theta,Fast,O2,FC6,0.36762446311086583,0.03357704342855798,-0.33404741968230783,0.33404741968230783,-90.86648283837627
Band-Power Envelope Coherence Change,Theta,Fast,O2,C4,0.3592049077408037,0.07020723632095102,-0.28899767141985266,0.28899767141985266,-80.45482263521538
Band-Power Envelope Coherence Change,Theta,Fast,O2,FC2,0.23284438899541518,0.036539231899754825,-0.19630515709566035,0.19630515709566035,-84.3074458193303
Band-Power Envelope Coherence Change,Theta,Fast,O2,F4,0.15339451552704858,0.043296862216612005,-0.11009765331043658,0.11009765331043658,-71.77417845230762
Band-Power Envelope Coherence Change,Theta,Fast,O2,F8,0.20020437696826587,0.009779082162005886,-0.19042529480626,0.19042529480626,-95.11545036622455
Band-Power Envelope Coherence Change,Theta,Fast,O2,Fp2,0.17489545718658145,0.06127602303108165,-0.1136194341554998,0.1136194341554998,-64.96419974721736
Band-Power Envelope Coherence Change,Theta,Fast,PO10,P8,0.6675965642510163,0.038718931511043886,-0.6288776327399724,0.6288776327399724,-94.20025003356884
Band-Power Envelope Coherence Change,Theta,Fast,PO10,P4,0.49332374400446644,0.014615189251234128,-0.4787085547532323,0.4787085547532323,-97.03740405183056
Band-Power Envelope Coherence Change,Theta,Fast,PO10,CP2,0.3789575064694193,0.005353073752008993,-0.3736044327174103,0.3736044327174103,-98.58742110642397
Band-Power Envelope Coherence Change,Theta,Fast,PO10,CP6,0.4492201261159352,0.015788930394044796,-0.4334311957218904,0.4334311957218904,-96.48525756613809
Band-Power Envelope Coherence Change,Theta,Fast,PO10,T8,0.1667514925934825,0.014485765883832843,-0.15226572670964963,0.15226572670964963,-91.31296178610695
Band-Power Envelope Coherence Change,Theta,Fast,PO10,FT10,0.23567420757652266,0.03285192836138273,-0.20282227921513993,0.20282227921513993,-86.06044815034933
Band-Power Envelope Coherence Change,Theta,Fast,PO10,FC6,0.3187009462246081,0.03880353106442444,-0.2798974151601836,0.2798974151601836,-87.8244694519742
Band-Power Envelope Coherence Change,Theta,Fast,PO10,C4,0.25580608588600806,0.007919563955289843,-0.24788652193071822,0.24788652193071822,-96.90407523813998
Band-Power Envelope Coherence Change,Theta,Fast,PO10,FC2,0.18479844692010605,0.004078802655518013,-0.18071964426458803,0.18071964426458803,-97.79283715664482
Band-Power Envelope Coherence Change,Theta,Fast,PO10,F4,0.1047923849612822,0.008729567127957251,-0.09606281783332495,0.09606281783332495,-91.66965506970514
Band-Power Envelope Coherence Change,Theta,Fast,PO10,F8,0.21714234000671495,0.00995860084779102,-0.20718373915892394,0.20718373915892394,-95.41379131887265
Band-Power Envelope Coherence Change,Theta,Fast,PO10,Fp2,0.17597605599586166,0.005712661134611232,-0.17026339486125044,0.17026339486125044,-96.75372816927688
Band-Power Envelope Coherence Change,Theta,Fast,P8,P4,0.4307595180248635,0.5015839710548586,0.07082445302999513,0.07082445302999513,16.441761601633868
Band-Power Envelope Coherence Change,Theta,Fast,P8,CP2,0.3028919455112907,0.15678815831343307,-0.14610378719785766,0.14610378719785766,-48.23627348400766
Band-Power Envelope Coherence Change,Theta,Fast,P8,CP6,0.47102782970375323,0.5049645374635509,0.033936707759797624,0.033936707759797624,7.204820101848689
Band-Power Envelope Coherence Change,Theta,Fast,P8,T8,0.12700347509610224,0.33758019884797746,0.21057672375187522,0.21057672375187522,165.80390701320098
Band-Power Envelope Coherence Change,Theta,Fast,P8,FT10,0.15162962543536268,0.09870517078774076,-0.052924454647621924,0.052924454647621924,-34.9037692968402
Band-Power Envelope Coherence Change,Theta,Fast,P8,FC6,0.22399478425682212,0.17599325765813878,-0.04800152659868334,0.04800152659868334,-21.429751928351596
Band-Power Envelope Coherence Change,Theta,Fast,P8,C4,0.20297962353169707,0.26871240106155886,0.06573277752986179,0.06573277752986179,32.38392917779603
Band-Power Envelope Coherence Change,Theta,Fast,P8,FC2,0.12285218861642558,0.11313125345829446,-0.00972093515813112,0.00972093515813112,-7.912708163858801
Band-Power Envelope Coherence Change,Theta,Fast,P8,F4,0.06592407277887256,0.1516024709486468,0.08567839816977423,0.08567839816977423,129.96526846446986
Band-Power Envelope Coherence Change,Theta,Fast,P8,F8,0.12361313247020961,0.06366435074429239,-0.05994878172591722,0.05994878172591722,-48.49709778236119
Band-Power Envelope Coherence Change,Theta,Fast,P8,Fp2,0.09973690661883511,0.11866422505419798,0.01892731843536287,0.01892731843536287,18.977246314343265
Band-Power Envelope Coherence Change,Theta,Fast,P4,CP2,0.6233249375472705,0.47020081301191974,-0.15312412453535074,0.15312412453535074,-24.56569845221994
Band-Power Envelope Coherence Change,Theta,Fast,P4,CP6,0.5932095849224924,0.6973254562274178,0.10411587130492539,0.10411587130492539,17.551279337222603
Band-Power Envelope Coherence Change,Theta,Fast,P4,T8,0.13375781682541033,0.46867045062959545,0.3349126338041851,0.3349126338041851,250.38733567349976
Band-Power Envelope Coherence Change,Theta,Fast,P4,FT10,0.20814052964755914,0.05041696805708505,-0.15772356159047407,0.15772356159047407,-75.77743837663175
Band-Power Envelope Coherence Change,Theta,Fast,P4,FC6,0.4242915029109948,0.32753838881819974,-0.09675311409279508,0.09675311409279508,-22.80345315166289
Band-Power Envelope Coherence Change,Theta,Fast,P4,C4,0.43979877265693823,0.6271178295225855,0.18731905686564732,0.18731905686564732,42.59199172703561
Band-Power Envelope Coherence Change,Theta,Fast,P4,FC2,0.2829958193331769,0.40009634593882887,0.11710052660565196,0.11710052660565196,41.37888922938012
Band-Power Envelope Coherence Change,Theta,Fast,P4,F4,0.19675823777151102,0.40674590089213253,0.2099876631206215,0.2099876631206215,106.72369578979122
Band-Power Envelope Coherence Change,Theta,Fast,P4,F8,0.2213083460473978,0.07117454010941879,-0.150133805937979,0.150133805937979,-67.83919749046642
Band-Power Envelope Coherence Change,Theta,Fast,P4,Fp2,0.18718911427095514,0.2631512882233809,0.07596217395242577,0.07596217395242577,40.58044413975429
Band-Power Envelope Coherence Change,Theta,Fast,CP2,CP6,0.4926059251969268,0.3002352410043092,-0.1923706841926176,0.1923706841926176,-39.05163830819016
Band-Power Envelope Coherence Change,Theta,Fast,CP2,T8,0.1256323991029934,0.1943409958341325,0.0687085967311391,0.0687085967311391,54.69018917231042
Band-Power Envelope Coherence Change,Theta,Fast,CP2,FT10,0.17286323832746325,0.015090117733666454,-0.1577731205937968,0.1577731205937968,-91.27048765274169
Band-Power Envelope Coherence Change,Theta,Fast,CP2,FC6,0.39852898402154463,0.20374587017448542,-0.1947831138470592,0.1947831138470592,-48.87552013946598
Band-Power Envelope Coherence Change,Theta,Fast,CP2,C4,0.3887626600642099,0.3708110506710623,-0.017951609393147605,0.017951609393147605,-4.6176269578417415
Band-Power Envelope Coherence Change,Theta,Fast,CP2,FC2,0.26057315057092756,0.22674781752006462,-0.03382533305086294,0.03382533305086294,-12.98112755544848
Band-Power Envelope Coherence Change,Theta,Fast,CP2,F4,0.1800476601843301,0.20494956153864696,0.024901901354316858,0.024901901354316858,13.830727557815893
Band-Power Envelope Coherence Change,Theta,Fast,CP2,F8,0.18861125547845747,0.04030904431373327,-0.1483022111647242,0.1483022111647242,-78.62850538188732
Band-Power Envelope Coherence Change,Theta,Fast,CP2,Fp2,0.1733366357033284,0.10052136235681619,-0.07281527334651222,0.07281527334651222,-42.00801120378156
Band-Power Envelope Coherence Change,Theta,Fast,CP6,T8,0.2430401095028476,0.7857154613032163,0.5426753518003687,0.5426753518003687,223.28633446982974
Band-Power Envelope Coherence Change,Theta,Fast,CP6,FT10,0.32608683439390923,0.08936100523324655,-0.23672582916066268,0.23672582916066268,-72.59594813162575
Band-Power Envelope Coherence Change,Theta,Fast,CP6,FC6,0.5777602278566567,0.5213447264578441,-0.05641550139881257,0.05641550139881257,-9.764517991849269
Band-Power Envelope Coherence Change,Theta,Fast,CP6,C4,0.47744725161093104,0.7802979757695125,0.3028507241585815,0.3028507241585815,63.43124253763068
Band-Power Envelope Coherence Change,Theta,Fast,CP6,FC2,0.28273007343200707,0.43908153933879374,0.15635146590678667,0.15635146590678667,55.30061376523046
Band-Power Envelope Coherence Change,Theta,Fast,CP6,F4,0.21890827781825725,0.5066752308021165,0.28776695298385924,0.28776695298385924,131.45549170268018
Band-Power Envelope Coherence Change,Theta,Fast,CP6,F8,0.30477483722090626,0.1385796702720855,-0.16619516694882075,0.16619516694882075,-54.530475174484145
Band-Power Envelope Coherence Change,Theta,Fast,CP6,Fp2,0.2476804040635022,0.3455308250853316,0.09785042102182942,0.09785042102182942,39.50672698222092
Band-Power Envelope Coherence Change,Theta,Fast,T8,FT10,0.20804331342446952,0.12493266371032552,-0.083110649714144,0.083110649714144,-39.94872430462297
Band-Power Envelope Coherence Change,Theta,Fast,T8,FC6,0.2834953696049929,0.5968614525906402,0.3133660829856473,0.3133660829856473,110.53657892976334
Band-Power Envelope Coherence Change,Theta,Fast,T8,C4,0.13531033449669153,0.7037835854429946,0.5684732509463031,0.5684732509463031,420.1255233466316
Band-Power Envelope Coherence Change,Theta,Fast,T8,FC2,0.1312316964567805,0.44134788892121235,0.31011619246443184,0.31011619246443184,236.31195880071905
Band-Power Envelope Coherence Change,Theta,Fast,T8,F4,0.06466554342274851,0.5802020007718345,0.5155364573490859,0.5155364573490859,797.2351735742575
Band-Power Envelope Coherence Change,Theta,Fast,T8,F8,0.18074380929299208,0.24498571532460053,0.06424190603160845,0.06424190603160845,35.54307407977114
Band-Power Envelope Coherence Change,Theta,Fast,T8,Fp2,0.12946968888387306,0.39964407287554937,0.2701743839916763,0.2701743839916763,208.6777116101726
Band-Power Envelope Coherence Change,Theta,Fast,FT10,FC6,0.4798433365037471,0.07373814266527554,-0.40610519383847155,0.40610519383847155,-84.63287138620092
Band-Power Envelope Coherence Change,Theta,Fast,FT10,C4,0.2508631912431549,0.05367326250437492,-0.19718992873878,0.19718992873878,-78.60456839506962
Band-Power Envelope Coherence Change,Theta,Fast,FT10,FC2,0.16131870158268785,0.018851390599124024,-0.14246731098356383,0.14246731098356383,-88.31419394392951
Band-Power Envelope Coherence Change,Theta,Fast,FT10,F4,0.17579982168548686,0.047973334736474374,-0.1278264869490125,0.1278264869490125,-72.71138600908218
Band-Power Envelope Coherence Change,Theta,Fast,FT10,F8,0.46588822185139556,0.09070625666986064,-0.3751819651815349,0.3751819651815349,-80.53046795014421
Band-Power Envelope Coherence Change,Theta,Fast,FT10,Fp2,0.25628837751152844,0.055328787437710955,-0.20095959007381747,0.20095959007381747,-78.41151129250012
Band-Power Envelope Coherence Change,Theta,Fast,FC6,C4,0.4800937138103731,0.6187510548159323,0.1386573410055592,0.1386573410055592,28.88130733999278
Band-Power Envelope Coherence Change,Theta,Fast,FC6,FC2,0.3795370873680891,0.5056915046432249,0.12615441727513577,0.12615441727513577,33.23902234428715
Band-Power Envelope Coherence Change,Theta,Fast,FC6,F4,0.3239169061678825,0.6234055284378379,0.29948862226995543,0.29948862226995543,92.45847208565701
Band-Power Envelope Coherence Change,Theta,Fast,FC6,F8,0.5647781931093148,0.21797254698929053,-0.34680564612002424,0.34680564612002424,-61.4056368236758
Band-Power Envelope Coherence Change,Theta,Fast,FC6,Fp2,0.43092892378327463,0.31087372676603875,-0.12005519701723588,0.12005519701723588,-27.85962844248876
Band-Power Envelope Coherence Change,Theta,Fast,C4,FC2,0.31542539839446426,0.6870588836849284,0.37163348529046414,0.37163348529046414,117.81977202283097
Band-Power Envelope Coherence Change,Theta,Fast,C4,F4,0.228454208676101,0.7304272500871396,0.5019730414110386,0.5019730414110386,219.72588919240638
Band-Power Envelope Coherence Change,Theta,Fast,C4,F8,0.27358386816659874,0.1466946394997593,-0.12688922866683944,0.12688922866683944,-46.380376707580695
Band-Power Envelope Coherence Change,Theta,Fast,C4,Fp2,0.22780774658016026,0.3911580566851448,0.16335031010498455,0.16335031010498455,71.70533599370177
Band-Power Envelope Coherence Change,Theta,Fast,FC2,F4,0.18220222485223916,0.8271847932105579,0.6449825683583188,0.6449825683583188,353.9926962370418
Band-Power Envelope Coherence Change,Theta,Fast,FC2,F8,0.24211110505357386,0.10849160155233621,-0.13361950350123764,0.13361950350123764,-55.18933279482185
Band-Power Envelope Coherence Change,Theta,Fast,FC2,Fp2,0.18671436895448837,0.37676856591404106,0.1900541969595527,0.1900541969595527,101.78873646616796
Band-Power Envelope Coherence Change,Theta,Fast,F4,F8,0.19925033166897294,0.20801489662445422,0.00876456495548128,0.00876456495548128,4.3987705727097115
Band-Power Envelope Coherence Change,Theta,Fast,F4,Fp2,0.19731360577736473,0.5197982538648973,0.3224846480875326,0.3224846480875326,163.4376133450231
Band-Power Envelope Coherence Change,Theta,Fast,F8,Fp2,0.36764428541901184,0.09897561024495477,-0.26866867517405707,0.26866867517405707,-73.0784309262008
