Dataset,Metric,Band,Envelope_Band,Channel_A,Channel_B,Value
MODULATION_DATASET,Raw EEG Phase-Locking Value,Theta,,Fp1,Fp2,0.8377201859588683
MODULATION_DATASET,Raw EEG Phase-Locking Value,Theta,,Fp1,F7,0.7620023304962862
MODULATION_DATASET,Raw EEG Phase-Locking Value,Theta,,Fp1,F3,0.681865237649214
MODULATION_DATASET,Raw EEG Phase-Locking Value,Theta,,Fp1,Fz,0.628786958995187
MODULATION_DATASET,Raw EEG Phase-Locking Value,Theta,,Fp1,F4,0.6302325074798371
MODULATION_DATASET,Raw EEG Phase-Locking Value,Theta,,Fp1,F8,0.5572703096090008
MODULATION_DATASET,Raw EEG Phase-Locking Value,Theta,,Fp1,FC1,0.5079765311145039
MODULATION_DATASET,Raw EEG Phase-Locking Value,Theta,,Fp1,FC2,0.5196926754742122
MODULATION_DATASET,Raw EEG Phase-Locking Value,Theta,,Fp1,FC5,0.5909814693322779
MODULATION_DATASET,Raw EEG Phase-Locking Value,Theta,,Fp1,FC6,0.5068274021068252
MODULATION_DATASET,Raw EEG Phase-Locking Value,Theta,,Fp1,C3,0.38334912331775506
MODULATION_DATASET,Raw EEG Phase-Locking Value,Theta,,Fp1,Cz,0.4108754206881973
MODULATION_DATASET,Raw EEG Phase-Locking Value,Theta,,Fp1,C4,0.39887965416003335
MODULATION_DATASET,Raw EEG Phase-Locking Value,Theta,,Fp1,FT9,0.4334286609229558
MODULATION_DATASET,Raw EEG Phase-Locking Value,Theta,,Fp1,FT10,0.3769926773660359
MODULATION_DATASET,Raw EEG Phase-Locking Value,Theta,,Fp1,T7,0.40669180429770463
MODULATION_DATASET,Raw EEG Phase-Locking Value,Theta,,Fp1,T8,0.4019118861017588
MODULATION_DATASET,Raw EEG Phase-Locking Value,Theta,,Fp1,CP1,0.18601177207948855
MODULATION_DATASET,Raw EEG Phase-Locking Value,Theta,,Fp1,CP2,0.24737523242888448
MODULATION_DATASET,Raw EEG Phase-Locking Value,Theta,,Fp1,CP5,0.16195478404332078
MODULATION_DATASET,Raw EEG Phase-Locking Value,Theta,,Fp1,CP6,0.27974944885024733
MODULATION_DATASET,Raw EEG Phase-Locking Value,Theta,,Fp1,P3,0.059880110851251965
MODULATION_DATASET,Raw EEG Phase-Locking Value,Theta,,Fp1,Pz,0.17144420254208706
MODULATION_DATASET,Raw EEG Phase-Locking Value,Theta,,Fp1,P4,0.19682029362580247
MODULATION_DATASET,Raw EEG Phase-Locking Value,Theta,,Fp1,P7,0.20915722346539806
MODULATION_DATASET,Raw EEG Phase-Locking Value,Theta,,Fp1,P8,0.13160692728063803
MODULATION_DATASET,Raw EEG Phase-Locking Value,Theta,,Fp1,O1,0.07229083887421872
MODULATION_DATASET,Raw EEG Phase-Locking Value,Theta,,Fp1,Oz,0.011502757037013403
MODULATION_DATASET,Raw EEG Phase-Locking Value,Theta,,Fp1,O2,0.0119910691814205
MODULATION_DATASET,Raw EEG Phase-Locking Value,Theta,,Fp1,PO9,0.2500215390759169
MODULATION_DATASET,Raw EEG Phase-Locking Value,Theta,,Fp1,PO10,0.04183635844152515
MODULATION_DATASET,Raw EEG Phase-Locking Value,Theta,,Fp2,F7,0.6137068551001095
MODULATION_DATASET,Raw EEG Phase-Locking Value,Theta,,Fp2,F3,0.6431852538924575
MODULATION_DATASET,Raw EEG Phase-Locking Value,Theta,,Fp2,Fz,0.6374451583888038
MODULATION_DATASET,Raw EEG Phase-Locking Value,Theta,,Fp2,F4,0.7234732415361178
MODULATION_DATASET,Raw EEG Phase-Locking Value,Theta,,Fp2,F8,0.7122729672883152
MODULATION_DATASET,Raw EEG Phase-Locking Value,Theta,,Fp2,FC1,0.5014949688766419
MODULATION_DATASET,Raw EEG Phase-Locking Value,Theta,,Fp2,FC2,0.5649431531038527
MODULATION_DATASET,Raw EEG Phase-Locking Value,Theta,,Fp2,FC5,0.4905979495464795
MODULATION_DATASET,Raw EEG Phase-Locking Value,Theta,,Fp2,FC6,0.6243012927618012
MODULATION_DATASET,Raw EEG Phase-Locking Value,Theta,,Fp2,C3,0.3509548100992089
MODULATION_DATASET,Raw EEG Phase-Locking Value,Theta,,Fp2,Cz,0.42490767901316
MODULATION_DATASET,Raw EEG Phase-Locking Value,Theta,,Fp2,C4,0.4907752652627904
MODULATION_DATASET,Raw EEG Phase-Locking Value,Theta,,Fp2,FT9,0.3643993752710894
MODULATION_DATASET,Raw EEG Phase-Locking Value,Theta,,Fp2,FT10,0.5055387719191573
MODULATION_DATASET,Raw EEG Phase-Locking Value,Theta,,Fp2,T7,0.30624054677846696
MODULATION_DATASET,Raw EEG Phase-Locking Value,Theta,,Fp2,T8,0.5321729426301588
MODULATION_DATASET,Raw EEG Phase-Locking Value,Theta,,Fp2,CP1,0.21964242879386145
MODULATION_DATASET,Raw EEG Phase-Locking Value,Theta,,Fp2,CP2,0.3068960422231931
MODULATION_DATASET,Raw EEG Phase-Locking Value,Theta,,Fp2,CP5,0.11916451201074858
MODULATION_DATASET,Raw EEG Phase-Locking Value,Theta,,Fp2,CP6,0.3882659821265948
MODULATION_DATASET,Raw EEG Phase-Locking Value,Theta,,Fp2,P3,0.08143993621520723
MODULATION_DATASET,Raw EEG Phase-Locking Value,Theta,,Fp2,Pz,0.21976239439510123
MODULATION_DATASET,Raw EEG Phase-Locking Value,Theta,,Fp2,P4,0.2700514591171282
MODULATION_DATASET,Raw EEG Phase-Locking Value,Theta,,Fp2,P7,0.20299626128752535
MODULATION_DATASET,Raw EEG Phase-Locking Value,Theta,,Fp2,P8,0.2303639447813867
MODULATION_DATASET,Raw EEG Phase-Locking Value,Theta,,Fp2,O1,0.024551446245001482
MODULATION_DATASET,Raw EEG Phase-Locking Value,Theta,,Fp2,Oz,0.04317521353670954
MODULATION_DATASET,Raw EEG Phase-Locking Value,Theta,,Fp2,O2,0.07280860235269211
MODULATION_DATASET,Raw EEG Phase-Locking Value,Theta,,Fp2,PO9,0.18956390511597213
MODULATION_DATASET,Raw EEG Phase-Locking Value,Theta,,Fp2,PO10,0.12483812161226714
MODULATION_DATASET,Raw EEG Phase-Locking Value,Theta,,F7,F3,0.6232482508331565
MODULATION_DATASET,Raw EEG Phase-Locking Value,Theta,,F7,Fz,0.5304365671927506
MODULATION_DATASET,Raw EEG Phase-Locking Value,Theta,,F7,F4,0.49442067310190996
MODULATION_DATASET,Raw EEG Phase-Locking Value,Theta,,F7,F8,0.40936853939829193
MODULATION_DATASET,Raw EEG Phase-Locking Value,Theta,,F7,FC1,0.4524275683964554
MODULATION_DATASET,Raw EEG Phase-Locking Value,Theta,,F7,FC2,0.42580650134470466
MODULATION_DATASET,Raw EEG Phase-Locking Value,Theta,,F7,FC5,0.6894359773436961
MODULATION_DATASET,Raw EEG Phase-Locking Value,Theta,,F7,FC6,0.3888101516336578
MODULATION_DATASET,Raw EEG Phase-Locking Value,Theta,,F7,C3,0.3939184795664085
MODULATION_DATASET,Raw EEG Phase-Locking Value,Theta,,F7,Cz,0.3474596506191022
MODULATION_DATASET,Raw EEG Phase-Locking Value,Theta,,F7,C4,0.29851222131476746
MODULATION_DATASET,Raw EEG Phase-Locking Value,Theta,,F7,FT9,0.5882044625215072
MODULATION_DATASET,Raw EEG Phase-Locking Value,Theta,,F7,FT10,0.26242517184780456
MODULATION_DATASET,Raw EEG Phase-Locking Value,Theta,,F7,T7,0.5921669285605276
MODULATION_DATASET,Raw EEG Phase-Locking Value,Theta,,F7,T8,0.2875935740746566
MODULATION_DATASET,Raw EEG Phase-Locking Value,Theta,,F7,CP1,0.12000342846940425
MODULATION_DATASET,Raw EEG Phase-Locking Value,Theta,,F7,CP2,0.16284788538481415
MODULATION_DATASET,Raw EEG Phase-Locking Value,Theta,,F7,CP5,0.21072859152589601
MODULATION_DATASET,Raw EEG Phase-Locking Value,Theta,,F7,CP6,0.18036036486372856
MODULATION_DATASET,Raw EEG Phase-Locking Value,Theta,,F7,P3,0.009057388767753423
MODULATION_DATASET,Raw EEG Phase-Locking Value,Theta,,F7,Pz,0.09629265769236327
MODULATION_DATASET,Raw EEG Phase-Locking Value,Theta,,F7,P4,0.10582524258369183
MODULATION_DATASET,Raw EEG Phase-Locking Value,Theta,,F7,P7,0.23749849529970052
MODULATION_DATASET,Raw EEG Phase-Locking Value,Theta,,F7,P8,0.03600553201523941
MODULATION_DATASET,Raw EEG Phase-Locking Value,Theta,,F7,O1,0.1623658860338743
MODULATION_DATASET,Raw EEG Phase-Locking Value,Theta,,F7,Oz,0.1056468890471022
MODULATION_DATASET,Raw EEG Phase-Locking Value,Theta,,F7,O2,0.08198151179862682
MODULATION_DATASET,Raw EEG Phase-Locking Value,Theta,,F7,PO9,0.3601863285349513
MODULATION_DATASET,Raw EEG Phase-Locking Value,Theta,,F7,PO10,0.049582843460596875
MODULATION_DATASET,Raw EEG Phase-Locking Value,Theta,,F3,Fz,0.9057985011533856
MODULATION_DATASET,Raw EEG Phase-Locking Value,Theta,,F3,F4,0.8079027784875298
MODULATION_DATASET,Raw EEG Phase-Locking Value,Theta,,F3,F8,0.5083459225575023
MODULATION_DATASET,Raw EEG Phase-Locking Value,Theta,,F3,FC1,0.858161800710002
MODULATION_DATASET,Raw EEG Phase-Locking Value,Theta,,F3,FC2,0.823056686363796
MODULATION_DATASET,Raw EEG Phase-Locking Value,Theta,,F3,FC5,0.7869350025854017
MODULATION_DATASET,Raw EEG Phase-Locking Value,Theta,,F3,FC6,0.6844279963097101
MODULATION_DATASET,Raw EEG Phase-Locking Value,Theta,,F3,C3,0.7128555033947149
MODULATION_DATASET,Raw EEG Phase-Locking Value,Theta,,F3,Cz,0.7378761784409767
MODULATION_DATASET,Raw EEG Phase-Locking Value,Theta,,F3,C4,0.6454649729328841
MODULATION_DATASET,Raw EEG Phase-Locking Value,Theta,,F3,FT9,0.2312154522157038
MODULATION_DATASET,Raw EEG Phase-Locking Value,Theta,,F3,FT10,0.27302988012918367
MODULATION_DATASET,Raw EEG Phase-Locking Value,Theta,,F3,T7,0.4931091009565289
MODULATION_DATASET,Raw EEG Phase-Locking Value,Theta,,F3,T8,0.511430709549049
MODULATION_DATASET,Raw EEG Phase-Locking Value,Theta,,F3,CP1,0.4755884741334426
MODULATION_DATASET,Raw EEG Phase-Locking Value,Theta,,F3,CP2,0.515827741753586
MODULATION_DATASET,Raw EEG Phase-Locking Value,Theta,,F3,CP5,0.4374895254604964
MODULATION_DATASET,Raw EEG Phase-Locking Value,Theta,,F3,CP6,0.4588551221200801
MODULATION_DATASET,Raw EEG Phase-Locking Value,Theta,,F3,P3,0.3321246430121292
MODULATION_DATASET,Raw EEG Phase-Locking Value,Theta,,F3,Pz,0.4414408296618608
MODULATION_DATASET,Raw EEG Phase-Locking Value,Theta,,F3,P4,0.42628778722987465
MODULATION_DATASET,Raw EEG Phase-Locking Value,Theta,,F3,P7,0.02558887043183345
MODULATION_DATASET,Raw EEG Phase-Locking Value,Theta,,F3,P8,0.23700334216309454
MODULATION_DATASET,Raw EEG Phase-Locking Value,Theta,,F3,O1,0.06998010845603438
MODULATION_DATASET,Raw EEG Phase-Locking Value,Theta,,F3,Oz,0.11934377136610216
MODULATION_DATASET,Raw EEG Phase-Locking Value,Theta,,F3,O2,0.1330213760096495
MODULATION_DATASET,Raw EEG Phase-Locking Value,Theta,,F3,PO9,0.35719169345211726
MODULATION_DATASET,Raw EEG Phase-Locking Value,Theta,,F3,PO10,0.04725526998277528
MODULATION_DATASET,Raw EEG Phase-Locking Value,Theta,,Fz,F4,0.8638032644412066
MODULATION_DATASET,Raw EEG Phase-Locking Value,Theta,,Fz,F8,0.5289832574594777
MODULATION_DATASET,Raw EEG Phase-Locking Value,Theta,,Fz,FC1,0.8712784683477309
MODULATION_DATASET,Raw EEG Phase-Locking Value,Theta,,Fz,FC2,0.893786496705458
MODULATION_DATASET,Raw EEG Phase-Locking Value,Theta,,Fz,FC5,0.6921150360916201
MODULATION_DATASET,Raw EEG Phase-Locking Value,Theta,,Fz,FC6,0.7280055795397368
MODULATION_DATASET,Raw EEG Phase-Locking Value,Theta,,Fz,C3,0.673129261801677
MODULATION_DATASET,Raw EEG Phase-Locking Value,Theta,,Fz,Cz,0.7708733986847454
MODULATION_DATASET,Raw EEG Phase-Locking Value,Theta,,Fz,C4,0.6870362183848173
MODULATION_DATASET,Raw EEG Phase-Locking Value,Theta,,Fz,FT9,0.17641925758421367
MODULATION_DATASET,Raw EEG Phase-Locking Value,Theta,,Fz,FT10,0.28588290722243864
MODULATION_DATASET,Raw EEG Phase-Locking Value,Theta,,Fz,T7,0.42096558154007596
MODULATION_DATASET,Raw EEG Phase-Locking Value,Theta,,Fz,T8,0.5445933545915645
MODULATION_DATASET,Raw EEG Phase-Locking Value,Theta,,Fz,CP1,0.4819425845434376
MODULATION_DATASET,Raw EEG Phase-Locking Value,Theta,,Fz,CP2,0.5345289534551054
MODULATION_DATASET,Raw EEG Phase-Locking Value,Theta,,Fz,CP5,0.3957017709087375
MODULATION_DATASET,Raw EEG Phase-Locking Value,Theta,,Fz,CP6,0.491922096726617
MODULATION_DATASET,Raw EEG Phase-Locking Value,Theta,,Fz,P3,0.3336799299837767
MODULATION_DATASET,Raw EEG Phase-Locking Value,Theta,,Fz,Pz,0.4536962626963786
MODULATION_DATASET,Raw EEG Phase-Locking Value,Theta,,Fz,P4,0.4468005400889958
MODULATION_DATASET,Raw EEG Phase-Locking Value,Theta,,Fz,P7,0.02902140168054906
MODULATION_DATASET,Raw EEG Phase-Locking Value,Theta,,Fz,P8,0.2586864058834037
MODULATION_DATASET,Raw EEG Phase-Locking Value,Theta,,Fz,O1,0.08069331016202787
MODULATION_DATASET,Raw EEG Phase-Locking Value,Theta,,Fz,Oz,0.1309285891476116
MODULATION_DATASET,Raw EEG Phase-Locking Value,Theta,,Fz,O2,0.14328058783317515
MODULATION_DATASET,Raw EEG Phase-Locking Value,Theta,,Fz,PO9,0.32519436328802426
MODULATION_DATASET,Raw EEG Phase-Locking Value,Theta,,Fz,PO10,0.03766988198405873
MODULATION_DATASET,Raw EEG Phase-Locking Value,Theta,,F4,F8,0.698151989894816
MODULATION_DATASET,Raw EEG Phase-Locking Value,Theta,,F4,FC1,0.7561213806045363
MODULATION_DATASET,Raw EEG Phase-Locking Value,Theta,,F4,FC2,0.8688954439942149
MODULATION_DATASET,Raw EEG Phase-Locking Value,Theta,,F4,FC5,0.5773447761313751
MODULATION_DATASET,Raw EEG Phase-Locking Value,Theta,,F4,FC6,0.8716888153690947
MODULATION_DATASET,Raw EEG Phase-Locking Value,Theta,,F4,C3,0.5587997414869644
MODULATION_DATASET,Raw EEG Phase-Locking Value,Theta,,F4,Cz,0.6930209418383472
MODULATION_DATASET,Raw EEG Phase-Locking Value,Theta,,F4,C4,0.7767709173887525
MODULATION_DATASET,Raw EEG Phase-Locking Value,Theta,,F4,FT9,0.20604921035418328
MODULATION_DATASET,Raw EEG Phase-Locking Value,Theta,,F4,FT10,0.44605832939092155
MODULATION_DATASET,Raw EEG Phase-Locking Value,Theta,,F4,T7,0.3406357009678104
MODULATION_DATASET,Raw EEG Phase-Locking Value,Theta,,F4,T8,0.6947638039106404
MODULATION_DATASET,Raw EEG Phase-Locking Value,Theta,,F4,CP1,0.4434205921909823
MODULATION_DATASET,Raw EEG Phase-Locking Value,Theta,,F4,CP2,0.5491369321395237
MODULATION_DATASET,Raw EEG Phase-Locking Value,Theta,,F4,CP5,0.2849654814983908
MODULATION_DATASET,Raw EEG Phase-Locking Value,Theta,,F4,CP6,0.60906219830449
MODULATION_DATASET,Raw EEG Phase-Locking Value,Theta,,F4,P3,0.2798100477005127
MODULATION_DATASET,Raw EEG Phase-Locking Value,Theta,,F4,Pz,0.43881332418727226
MODULATION_DATASET,Raw EEG Phase-Locking Value,Theta,,F4,P4,0.48898151773603804
MODULATION_DATASET,Raw EEG Phase-Locking Value,Theta,,F4,P7,0.08000361820023351
MODULATION_DATASET,Raw EEG Phase-Locking Value,Theta,,F4,P8,0.36185203659026927
MODULATION_DATASET,Raw EEG Phase-Locking Value,Theta,,F4,O1,0.07906155190512527
MODULATION_DATASET,Raw EEG Phase-Locking Value,Theta,,F4,Oz,0.14833473280374856
MODULATION_DATASET,Raw EEG Phase-Locking Value,Theta,,F4,O2,0.17654437955555383
MODULATION_DATASET,Raw EEG Phase-Locking Value,Theta,,F4,PO9,0.25975591465139164
MODULATION_DATASET,Raw EEG Phase-Locking Value,Theta,,F4,PO10,0.11869202971603017
MODULATION_DATASET,Raw EEG Phase-Locking Value,Theta,,F8,FC1,0.4261860134616522
MODULATION_DATASET,Raw EEG Phase-Locking Value,Theta,,F8,FC2,0.5244013945630357
MODULATION_DATASET,Raw EEG Phase-Locking Value,Theta,,F8,FC5,0.337844126459462
MODULATION_DATASET,Raw EEG Phase-Locking Value,Theta,,F8,FC6,0.7426165843869765
MODULATION_DATASET,Raw EEG Phase-Locking Value,Theta,,F8,C3,0.2670150722104706
MODULATION_DATASET,Raw EEG Phase-Locking Value,Theta,,F8,Cz,0.37679761212061375
MODULATION_DATASET,Raw EEG Phase-Locking Value,Theta,,F8,C4,0.5686421776436412
MODULATION_DATASET,Raw EEG Phase-Locking Value,Theta,,F8,FT9,0.30698464799665814
MODULATION_DATASET,Raw EEG Phase-Locking Value,Theta,,F8,FT10,0.7540233420142313
MODULATION_DATASET,Raw EEG Phase-Locking Value,Theta,,F8,T7,0.1906805987297257
MODULATION_DATASET,Raw EEG Phase-Locking Value,Theta,,F8,T8,0.7451592486029955
MODULATION_DATASET,Raw EEG Phase-Locking Value,Theta,,F8,CP1,0.21010789707234848
MODULATION_DATASET,Raw EEG Phase-Locking Value,Theta,,F8,CP2,0.33915977886872345
MODULATION_DATASET,Raw EEG Phase-Locking Value,Theta,,F8,CP5,0.04377725282563994
MODULATION_DATASET,Raw EEG Phase-Locking Value,Theta,,F8,CP6,0.5382737790181155
MODULATION_DATASET,Raw EEG Phase-Locking Value,Theta,,F8,P3,0.06608239748232335
MODULATION_DATASET,Raw EEG Phase-Locking Value,Theta,,F8,Pz,0.2324202583963904
MODULATION_DATASET,Raw EEG Phase-Locking Value,Theta,,F8,P4,0.33326152620083893
MODULATION_DATASET,Raw EEG Phase-Locking Value,Theta,,F8,P7,0.2245930223323559
MODULATION_DATASET,Raw EEG Phase-Locking Value,Theta,,F8,P8,0.3719932396369033
MODULATION_DATASET,Raw EEG Phase-Locking Value,Theta,,F8,O1,0.010151180139863445
MODULATION_DATASET,Raw EEG Phase-Locking Value,Theta,,F8,Oz,0.08163198893507502
MODULATION_DATASET,Raw EEG Phase-Locking Value,Theta,,F8,O2,0.12907385416630876
MODULATION_DATASET,Raw EEG Phase-Locking Value,Theta,,F8,PO9,0.10729912713925596
MODULATION_DATASET,Raw EEG Phase-Locking Value,Theta,,F8,PO10,0.24800911813243348
MODULATION_DATASET,Raw EEG Phase-Locking Value,Theta,,FC1,FC2,0.8643179098394124
MODULATION_DATASET,Raw EEG Phase-Locking Value,Theta,,FC1,FC5,0.7240914286876192
MODULATION_DATASET,Raw EEG Phase-Locking Value,Theta,,FC1,FC6,0.6776708505320812
MODULATION_DATASET,Raw EEG Phase-Locking Value,Theta,,FC1,C3,0.8096097296150452
MODULATION_DATASET,Raw EEG Phase-Locking Value,Theta,,FC1,Cz,0.8623203912285619
MODULATION_DATASET,Raw EEG Phase-Locking Value,Theta,,FC1,C4,0.7014798343379813
MODULATION_DATASET,Raw EEG Phase-Locking Value,Theta,,FC1,FT9,0.08570285380477428
MODULATION_DATASET,Raw EEG Phase-Locking Value,Theta,,FC1,FT10,0.19771953772366044
MODULATION_DATASET,Raw EEG Phase-Locking Value,Theta,,FC1,T7,0.4379630149664618
MODULATION_DATASET,Raw EEG Phase-Locking Value,Theta,,FC1,T8,0.5031792716803288
MODULATION_DATASET,Raw EEG Phase-Locking Value,Theta,,FC1,CP1,0.6179331732667579
MODULATION_DATASET,Raw EEG Phase-Locking Value,Theta,,FC1,CP2,0.6365740534158564
MODULATION_DATASET,Raw EEG Phase-Locking Value,Theta,,FC1,CP5,0.5390394295172777
MODULATION_DATASET,Raw EEG Phase-Locking Value,Theta,,FC1,CP6,0.5059887105639371
MODULATION_DATASET,Raw EEG Phase-Locking Value,Theta,,FC1,P3,0.48169856793792193
MODULATION_DATASET,Raw EEG Phase-Locking Value,Theta,,FC1,Pz,0.5777350536564914
MODULATION_DATASET,Raw EEG Phase-Locking Value,Theta,,FC1,P4,0.5289093962810516
MODULATION_DATASET,Raw EEG Phase-Locking Value,Theta,,FC1,P7,0.11478078421236207
MODULATION_DATASET,Raw EEG Phase-Locking Value,Theta,,FC1,P8,0.27482490227677103
MODULATION_DATASET,Raw EEG Phase-Locking Value,Theta,,FC1,O1,0.1736347700122647
MODULATION_DATASET,Raw EEG Phase-Locking Value,Theta,,FC1,Oz,0.21939202169090316
MODULATION_DATASET,Raw EEG Phase-Locking Value,Theta,,FC1,O2,0.21850431561060432
MODULATION_DATASET,Raw EEG Phase-Locking Value,Theta,,FC1,PO9,0.3382242281159197
MODULATION_DATASET,Raw EEG Phase-Locking Value,Theta,,FC1,PO10,0.06382956773026491
MODULATION_DATASET,Raw EEG Phase-Locking Value,Theta,,FC2,FC5,0.6156018067420524
MODULATION_DATASET,Raw EEG Phase-Locking Value,Theta,,FC2,FC6,0.7919610380345389
MODULATION_DATASET,Raw EEG Phase-Locking Value,Theta,,FC2,C3,0.675908870769477
MODULATION_DATASET,Raw EEG Phase-Locking Value,Theta,,FC2,Cz,0.847015822985835
MODULATION_DATASET,Raw EEG Phase-Locking Value,Theta,,FC2,C4,0.8016459508352939
MODULATION_DATASET,Raw EEG Phase-Locking Value,Theta,,FC2,FT9,0.11062786485907856
MODULATION_DATASET,Raw EEG Phase-Locking Value,Theta,,FC2,FT10,0.2888186970023864
MODULATION_DATASET,Raw EEG Phase-Locking Value,Theta,,FC2,T7,0.3601200539186811
MODULATION_DATASET,Raw EEG Phase-Locking Value,Theta,,FC2,T8,0.6028957145554543
MODULATION_DATASET,Raw EEG Phase-Locking Value,Theta,,FC2,CP1,0.5575938583452683
MODULATION_DATASET,Raw EEG Phase-Locking Value,Theta,,FC2,CP2,0.6397173796939727
MODULATION_DATASET,Raw EEG Phase-Locking Value,Theta,,FC2,CP5,0.4000190936603261
MODULATION_DATASET,Raw EEG Phase-Locking Value,Theta,,FC2,CP6,0.5924217033277697
MODULATION_DATASET,Raw EEG Phase-Locking Value,Theta,,FC2,P3,0.39849738438119775
MODULATION_DATASET,Raw EEG Phase-Locking Value,Theta,,FC2,Pz,0.5414816318646455
MODULATION_DATASET,Raw EEG Phase-Locking Value,Theta,,FC2,P4,0.5516725254504241
MODULATION_DATASET,Raw EEG Phase-Locking Value,Theta,,FC2,P7,0.035275408463132804
MODULATION_DATASET,Raw EEG Phase-Locking Value,Theta,,FC2,P8,0.3417188467959686
MODULATION_DATASET,Raw EEG Phase-Locking Value,Theta,,FC2,O1,0.14296957292465826
MODULATION_DATASET,Raw EEG Phase-Locking Value,Theta,,FC2,Oz,0.2045394788729233
MODULATION_DATASET,Raw EEG Phase-Locking Value,Theta,,FC2,O2,0.2195895604877088
MODULATION_DATASET,Raw EEG Phase-Locking Value,Theta,,FC2,PO9,0.29189308793186985
MODULATION_DATASET,Raw EEG Phase-Locking Value,Theta,,FC2,PO10,0.07487430613474061
MODULATION_DATASET,Raw EEG Phase-Locking Value,Theta,,FC5,FC6,0.47677161000314694
MODULATION_DATASET,Raw EEG Phase-Locking Value,Theta,,FC5,C3,0.7420582813671988
MODULATION_DATASET,Raw EEG Phase-Locking Value,Theta,,FC5,Cz,0.6114935682752038
MODULATION_DATASET,Raw EEG Phase-Locking Value,Theta,,FC5,C4,0.4578685623427979
MODULATION_DATASET,Raw EEG Phase-Locking Value,Theta,,FC5,FT9,0.3071391402022417
MODULATION_DATASET,Raw EEG Phase-Locking Value,Theta,,FC5,FT10,0.1317809948429544
MODULATION_DATASET,Raw EEG Phase-Locking Value,Theta,,FC5,T7,0.6942356897945227
MODULATION_DATASET,Raw EEG Phase-Locking Value,Theta,,FC5,T8,0.32523556788298497
MODULATION_DATASET,Raw EEG Phase-Locking Value,Theta,,FC5,CP1,0.4122537951027846
MODULATION_DATASET,Raw EEG Phase-Locking Value,Theta,,FC5,CP2,0.39389384260995597
MODULATION_DATASET,Raw EEG Phase-Locking Value,Theta,,FC5,CP5,0.5553851985631132
MODULATION_DATASET,Raw EEG Phase-Locking Value,Theta,,FC5,CP6,0.2870250669036452
MODULATION_DATASET,Raw EEG Phase-Locking Value,Theta,,FC5,P3,0.3061454192167309
MODULATION_DATASET,Raw EEG Phase-Locking Value,Theta,,FC5,Pz,0.35703214275737494
MODULATION_DATASET,Raw EEG Phase-Locking Value,Theta,,FC5,P4,0.2956418020326924
MODULATION_DATASET,Raw EEG Phase-Locking Value,Theta,,FC5,P7,0.03571355790085887
MODULATION_DATASET,Raw EEG Phase-Locking Value,Theta,,FC5,P8,0.0906803098199004
MODULATION_DATASET,Raw EEG Phase-Locking Value,Theta,,FC5,O1,0.04111036379771551
MODULATION_DATASET,Raw EEG Phase-Locking Value,Theta,,FC5,Oz,0.05021575030051075
MODULATION_DATASET,Raw EEG Phase-Locking Value,Theta,,FC5,O2,0.05478035187496253
MODULATION_DATASET,Raw EEG Phase-Locking Value,Theta,,FC5,PO9,0.4577732547380949
MODULATION_DATASET,Raw EEG Phase-Locking Value,Theta,,FC5,PO10,0.14311852995932312
MODULATION_DATASET,Raw EEG Phase-Locking Value,Theta,,FC6,C3,0.5064543251326421
MODULATION_DATASET,Raw EEG Phase-Locking Value,Theta,,FC6,Cz,0.6541350595685164
MODULATION_DATASET,Raw EEG Phase-Locking Value,Theta,,FC6,C4,0.8759122191538069
MODULATION_DATASET,Raw EEG Phase-Locking Value,Theta,,FC6,FT9,0.16647433158223143
MODULATION_DATASET,Raw EEG Phase-Locking Value,Theta,,FC6,FT10,0.5467268645162948
MODULATION_DATASET,Raw EEG Phase-Locking Value,Theta,,FC6,T7,0.26957683774163443
MODULATION_DATASET,Raw EEG Phase-Locking Value,Theta,,FC6,T8,0.8600649151710399
MODULATION_DATASET,Raw EEG Phase-Locking Value,Theta,,FC6,CP1,0.48183024975260047
MODULATION_DATASET,Raw EEG Phase-Locking Value,Theta,,FC6,CP2,0.6242220684237184
MODULATION_DATASET,Raw EEG Phase-Locking Value,Theta,,FC6,CP5,0.2531205784741861
MODULATION_DATASET,Raw EEG Phase-Locking Value,Theta,,FC6,CP6,0.7742613411902237
MODULATION_DATASET,Raw EEG Phase-Locking Value,Theta,,FC6,P3,0.31159376042808734
MODULATION_DATASET,Raw EEG Phase-Locking Value,Theta,,FC6,Pz,0.49864586634765434
MODULATION_DATASET,Raw EEG Phase-Locking Value,Theta,,FC6,P4,0.5934707227034756
MODULATION_DATASET,Raw EEG Phase-Locking Value,Theta,,FC6,P7,0.07443662996919234
MODULATION_DATASET,Raw EEG Phase-Locking Value,Theta,,FC6,P8,0.5086749525179304
MODULATION_DATASET,Raw EEG Phase-Locking Value,Theta,,FC6,O1,0.13948104398813335
MODULATION_DATASET,Raw EEG Phase-Locking Value,Theta,,FC6,Oz,0.22521166974634493
MODULATION_DATASET,Raw EEG Phase-Locking Value,Theta,,FC6,O2,0.26989806587427456
MODULATION_DATASET,Raw EEG Phase-Locking Value,Theta,,FC6,PO9,0.20391331349225478
MODULATION_DATASET,Raw EEG Phase-Locking Value,Theta,,FC6,PO10,0.23323299403899267
MODULATION_DATASET,Raw EEG Phase-Locking Value,Theta,,C3,Cz,0.7630512001821019
MODULATION_DATASET,Raw EEG Phase-Locking Value,Theta,,C3,C4,0.5652501173889655
MODULATION_DATASET,Raw EEG Phase-Locking Value,Theta,,C3,FT9,0.05110610768529223
MODULATION_DATASET,Raw EEG Phase-Locking Value,Theta,,C3,FT10,0.06557618434748877
MODULATION_DATASET,Raw EEG Phase-Locking Value,Theta,,C3,T7,0.5040359837563463
MODULATION_DATASET,Raw EEG Phase-Locking Value,Theta,,C3,T8,0.35555527249096774
MODULATION_DATASET,Raw EEG Phase-Locking Value,Theta,,C3,CP1,0.6617135446070619
MODULATION_DATASET,Raw EEG Phase-Locking Value,Theta,,C3,CP2,0.6045124110098653
MODULATION_DATASET,Raw EEG Phase-Locking Value,Theta,,C3,CP5,0.7250932979530105
MODULATION_DATASET,Raw EEG Phase-Locking Value,Theta,,C3,CP6,0.39634881414457995
MODULATION_DATASET,Raw EEG Phase-Locking Value,Theta,,C3,P3,0.576307133140805
MODULATION_DATASET,Raw EEG Phase-Locking Value,Theta,,C3,Pz,0.5995031344052787
MODULATION_DATASET,Raw EEG Phase-Locking Value,Theta,,C3,P4,0.483100251259702
MODULATION_DATASET,Raw EEG Phase-Locking Value,Theta,,C3,P7,0.23941113862512686
MODULATION_DATASET,Raw EEG Phase-Locking Value,Theta,,C3,P8,0.1918857761784687
MODULATION_DATASET,Raw EEG Phase-Locking Value,Theta,,C3,O1,0.2083080561043467
MODULATION_DATASET,Raw EEG Phase-Locking Value,Theta,,C3,Oz,0.22814091861229777
MODULATION_DATASET,Raw EEG Phase-Locking Value,Theta,,C3,O2,0.2091081604503178
MODULATION_DATASET,Raw EEG Phase-Locking Value,Theta,,C3,PO9,0.37763916270919423
MODULATION_DATASET,Raw EEG Phase-Locking Value,Theta,,C3,PO10,0.12189550283806777
MODULATION_DATASET,Raw EEG Phase-Locking Value,Theta,,Cz,C4,0.7305466977328154
MODULATION_DATASET,Raw EEG Phase-Locking Value,Theta,,Cz,FT9,0.05240403234556348
MODULATION_DATASET,Raw EEG Phase-Locking Value,Theta,,Cz,FT10,0.1686244428047116
MODULATION_DATASET,Raw EEG Phase-Locking Value,Theta,,Cz,T7,0.3593511618290567
MODULATION_DATASET,Raw EEG Phase-Locking Value,Theta,,Cz,T8,0.4913119324540413
MODULATION_DATASET,Raw EEG Phase-Locking Value,Theta,,Cz,CP1,0.6652055971279828
MODULATION_DATASET,Raw EEG Phase-Locking Value,Theta,,Cz,CP2,0.7079766028927691
MODULATION_DATASET,Raw EEG Phase-Locking Value,Theta,,Cz,CP5,0.512236069838681
MODULATION_DATASET,Raw EEG Phase-Locking Value,Theta,,Cz,CP6,0.5338809767527607
MODULATION_DATASET,Raw EEG Phase-Locking Value,Theta,,Cz,P3,0.5231325749300691
MODULATION_DATASET,Raw EEG Phase-Locking Value,Theta,,Cz,Pz,0.639693118560806
MODULATION_DATASET,Raw EEG Phase-Locking Value,Theta,,Cz,P4,0.5912755744419564
MODULATION_DATASET,Raw EEG Phase-Locking Value,Theta,,Cz,P7,0.12442948460831582
MODULATION_DATASET,Raw EEG Phase-Locking Value,Theta,,Cz,P8,0.3121282000174859
MODULATION_DATASET,Raw EEG Phase-Locking Value,Theta,,Cz,O1,0.22079620186277302
MODULATION_DATASET,Raw EEG Phase-Locking Value,Theta,,Cz,Oz,0.27578751564623977
MODULATION_DATASET,Raw EEG Phase-Locking Value,Theta,,Cz,O2,0.27619210457515775
MODULATION_DATASET,Raw EEG Phase-Locking Value,Theta,,Cz,PO9,0.2973453782638413
MODULATION_DATASET,Raw EEG Phase-Locking Value,Theta,,Cz,PO10,0.0686136919888707
MODULATION_DATASET,Raw EEG Phase-Locking Value,Theta,,C4,FT9,0.0695256024016763
MODULATION_DATASET,Raw EEG Phase-Locking Value,Theta,,C4,FT10,0.38805762304240204
MODULATION_DATASET,Raw EEG Phase-Locking Value,Theta,,C4,T7,0.24872672692895198
MODULATION_DATASET,Raw EEG Phase-Locking Value,Theta,,C4,T8,0.7667417276220864
MODULATION_DATASET,Raw EEG Phase-Locking Value,Theta,,C4,CP1,0.6132945660498527
MODULATION_DATASET,Raw EEG Phase-Locking Value,Theta,,C4,CP2,0.7653804358245039
MODULATION_DATASET,Raw EEG Phase-Locking Value,Theta,,C4,CP5,0.33938350386564137
MODULATION_DATASET,Raw EEG Phase-Locking Value,Theta,,C4,CP6,0.8324728427515311
MODULATION_DATASET,Raw EEG Phase-Locking Value,Theta,,C4,P3,0.4427828581218705
MODULATION_DATASET,Raw EEG Phase-Locking Value,Theta,,C4,Pz,0.6357824308977231
MODULATION_DATASET,Raw EEG Phase-Locking Value,Theta,,C4,P4,0.7274092022811005
MODULATION_DATASET,Raw EEG Phase-Locking Value,Theta,,C4,P7,0.038462033597219704
MODULATION_DATASET,Raw EEG Phase-Locking Value,Theta,,C4,P8,0.5549912268518568
MODULATION_DATASET,Raw EEG Phase-Locking Value,Theta,,C4,O1,0.24283085077057198
MODULATION_DATASET,Raw EEG Phase-Locking Value,Theta,,C4,Oz,0.3308656666135185
MODULATION_DATASET,Raw EEG Phase-Locking Value,Theta,,C4,O2,0.37080553366046415
MODULATION_DATASET,Raw EEG Phase-Locking Value,Theta,,C4,PO9,0.19908162114421318
MODULATION_DATASET,Raw EEG Phase-Locking Value,Theta,,C4,PO10,0.233152070300196
MODULATION_DATASET,Raw EEG Phase-Locking Value,Theta,,FT9,FT10,0.33976954153386035
MODULATION_DATASET,Raw EEG Phase-Locking Value,Theta,,FT9,T7,0.40694323763147
MODULATION_DATASET,Raw EEG Phase-Locking Value,Theta,,FT9,T8,0.15913974508301026
MODULATION_DATASET,Raw EEG Phase-Locking Value,Theta,,FT9,CP1,0.20082061045990973
MODULATION_DATASET,Raw EEG Phase-Locking Value,Theta,,FT9,CP2,0.12043251927993344
MODULATION_DATASET,Raw EEG Phase-Locking Value,Theta,,FT9,CP5,0.12820343010888183
MODULATION_DATASET,Raw EEG Phase-Locking Value,Theta,,FT9,CP6,0.04628793113204185
MODULATION_DATASET,Raw EEG Phase-Locking Value,Theta,,FT9,P3,0.29497577548720255
MODULATION_DATASET,Raw EEG Phase-Locking Value,Theta,,FT9,Pz,0.18945079280491373
MODULATION_DATASET,Raw EEG Phase-Locking Value,Theta,,FT9,P4,0.12336421552659026
MODULATION_DATASET,Raw EEG Phase-Locking Value,Theta,,FT9,P7,0.44849173732213565
MODULATION_DATASET,Raw EEG Phase-Locking Value,Theta,,FT9,P8,0.04442279468389757
MODULATION_DATASET,Raw EEG Phase-Locking Value,Theta,,FT9,O1,0.29714373664115934
MODULATION_DATASET,Raw EEG Phase-Locking Value,Theta,,FT9,Oz,0.23117269988762212
MODULATION_DATASET,Raw EEG Phase-Locking Value,Theta,,FT9,O2,0.1849796226514409
MODULATION_DATASET,Raw EEG Phase-Locking Value,Theta,,FT9,PO9,0.21127367961121893
MODULATION_DATASET,Raw EEG Phase-Locking Value,Theta,,FT9,PO10,0.07173963564687263
MODULATION_DATASET,Raw EEG Phase-Locking Value,Theta,,FT10,T7,0.04013410503534748
MODULATION_DATASET,Raw EEG Phase-Locking Value,Theta,,FT10,T8,0.6720692835325254
MODULATION_DATASET,Raw EEG Phase-Locking Value,Theta,,FT10,CP1,0.05751397051073515
MODULATION_DATASET,Raw EEG Phase-Locking Value,Theta,,FT10,CP2,0.1903312247552022
MODULATION_DATASET,Raw EEG Phase-Locking Value,Theta,,FT10,CP5,0.14874818414982496
MODULATION_DATASET,Raw EEG Phase-Locking Value,Theta,,FT10,CP6,0.45461499118419435
MODULATION_DATASET,Raw EEG Phase-Locking Value,Theta,,FT10,P3,0.07488083338153384
MODULATION_DATASET,Raw EEG Phase-Locking Value,Theta,,FT10,Pz,0.09308840076092396
MODULATION_DATASET,Raw EEG Phase-Locking Value,Theta,,FT10,P4,0.2285147703302316
MODULATION_DATASET,Raw EEG Phase-Locking Value,Theta,,FT10,P7,0.31418108471759565
MODULATION_DATASET,Raw EEG Phase-Locking Value,Theta,,FT10,P8,0.40732724288827143
MODULATION_DATASET,Raw EEG Phase-Locking Value,Theta,,FT10,O1,0.025410453622003365
MODULATION_DATASET,Raw EEG Phase-Locking Value,Theta,,FT10,Oz,0.06628461349616052
MODULATION_DATASET,Raw EEG Phase-Locking Value,Theta,,FT10,O2,0.13296592016592074
MODULATION_DATASET,Raw EEG Phase-Locking Value,Theta,,FT10,PO9,0.036847916701547495
MODULATION_DATASET,Raw EEG Phase-Locking Value,Theta,,FT10,PO10,0.3954595263695126
MODULATION_DATASET,Raw EEG Phase-Locking Value,Theta,,T7,T8,0.163916723990003
MODULATION_DATASET,Raw EEG Phase-Locking Value,Theta,,T7,CP1,0.21606574313850765
MODULATION_DATASET,Raw EEG Phase-Locking Value,Theta,,T7,CP2,0.19452453834718764
MODULATION_DATASET,Raw EEG Phase-Locking Value,Theta,,T7,CP5,0.4811915586790636
MODULATION_DATASET,Raw EEG Phase-Locking Value,Theta,,T7,CP6,0.12288733264367775
MODULATION_DATASET,Raw EEG Phase-Locking Value,Theta,,T7,P3,0.15982789772270384
MODULATION_DATASET,Raw EEG Phase-Locking Value,Theta,,T7,Pz,0.17276337621164006
MODULATION_DATASET,Raw EEG Phase-Locking Value,Theta,,T7,P4,0.11371583091248097
MODULATION_DATASET,Raw EEG Phase-Locking Value,Theta,,T7,P7,0.0461922663814286
MODULATION_DATASET,Raw EEG Phase-Locking Value,Theta,,T7,P8,0.06197602239943219
MODULATION_DATASET,Raw EEG Phase-Locking Value,Theta,,T7,O1,0.1464738626894998
MODULATION_DATASET,Raw EEG Phase-Locking Value,Theta,,T7,Oz,0.1220500824112885
MODULATION_DATASET,Raw EEG Phase-Locking Value,Theta,,T7,O2,0.1214642506712015
MODULATION_DATASET,Raw EEG Phase-Locking Value,Theta,,T7,PO9,0.5106399800393145
MODULATION_DATASET,Raw EEG Phase-Locking Value,Theta,,T7,PO10,0.23425040758926186
MODULATION_DATASET,Raw EEG Phase-Locking Value,Theta,,T8,CP1,0.3975041083559184
MODULATION_DATASET,Raw EEG Phase-Locking Value,Theta,,T8,CP2,0.5549150766643458
MODULATION_DATASET,Raw EEG Phase-Locking Value,Theta,,T8,CP5,0.1388445233982408
MODULATION_DATASET,Raw EEG Phase-Locking Value,Theta,,T8,CP6,0.8226040270416579
MODULATION_DATASET,Raw EEG Phase-Locking Value,Theta,,T8,P3,0.24130946125836714
MODULATION_DATASET,Raw EEG Phase-Locking Value,Theta,,T8,Pz,0.4326787694661289
MODULATION_DATASET,Raw EEG Phase-Locking Value,Theta,,T8,P4,0.5736333072985123
MODULATION_DATASET,Raw EEG Phase-Locking Value,Theta,,T8,P7,0.11525733564939031
MODULATION_DATASET,Raw EEG Phase-Locking Value,Theta,,T8,P8,0.6220200719079306
MODULATION_DATASET,Raw EEG Phase-Locking Value,Theta,,T8,O1,0.1455024468996989
MODULATION_DATASET,Raw EEG Phase-Locking Value,Theta,,T8,Oz,0.24282529632432256
MODULATION_DATASET,Raw EEG Phase-Locking Value,Theta,,T8,O2,0.3077531807222494
MODULATION_DATASET,Raw EEG Phase-Locking Value,Theta,,T8,PO9,0.11044782522275809
MODULATION_DATASET,Raw EEG Phase-Locking Value,Theta,,T8,PO10,0.35981516350363957
MODULATION_DATASET,Raw EEG Phase-Locking Value,Theta,,CP1,CP2,0.8383271585869402
MODULATION_DATASET,Raw EEG Phase-Locking Value,Theta,,CP1,CP5,0.6048003881509693
MODULATION_DATASET,Raw EEG Phase-Locking Value,Theta,,CP1,CP6,0.5471080103700147
MODULATION_DATASET,Raw EEG Phase-Locking Value,Theta,,CP1,P3,0.8469195430372878
MODULATION_DATASET,Raw EEG Phase-Locking Value,Theta,,CP1,Pz,0.9015602595782838
MODULATION_DATASET,Raw EEG Phase-Locking Value,Theta,,CP1,P4,0.7747808133518077
MODULATION_DATASET,Raw EEG Phase-Locking Value,Theta,,CP1,P7,0.39048217883345343
MODULATION_DATASET,Raw EEG Phase-Locking Value,Theta,,CP1,P8,0.42537110805634226
MODULATION_DATASET,Raw EEG Phase-Locking Value,Theta,,CP1,O1,0.5763135636411323
MODULATION_DATASET,Raw EEG Phase-Locking Value,Theta,,CP1,Oz,0.6102062010115045
MODULATION_DATASET,Raw EEG Phase-Locking Value,Theta,,CP1,O2,0.5741901677903638
MODULATION_DATASET,Raw EEG Phase-Locking Value,Theta,,CP1,PO9,0.1773639632968796
MODULATION_DATASET,Raw EEG Phase-Locking Value,Theta,,CP1,PO10,0.17329038013811432
MODULATION_DATASET,Raw EEG Phase-Locking Value,Theta,,CP2,CP5,0.4756165221888974
MODULATION_DATASET,Raw EEG Phase-Locking Value,Theta,,CP2,CP6,0.7178277892608274
MODULATION_DATASET,Raw EEG Phase-Locking Value,Theta,,CP2,P3,0.7186197393493549
MODULATION_DATASET,Raw EEG Phase-Locking Value,Theta,,CP2,Pz,0.8844811879396002
MODULATION_DATASET,Raw EEG Phase-Locking Value,Theta,,CP2,P4,0.8888822107071304
MODULATION_DATASET,Raw EEG Phase-Locking Value,Theta,,CP2,P7,0.24247551940470544
MODULATION_DATASET,Raw EEG Phase-Locking Value,Theta,,CP2,P8,0.5667581391089452
MODULATION_DATASET,Raw EEG Phase-Locking Value,Theta,,CP2,O1,0.509960253967329
MODULATION_DATASET,Raw EEG Phase-Locking Value,Theta,,CP2,Oz,0.5914660286844763
MODULATION_DATASET,Raw EEG Phase-Locking Value,Theta,,CP2,O2,0.6005764925964814
MODULATION_DATASET,Raw EEG Phase-Locking Value,Theta,,CP2,PO9,0.15960850148855438
MODULATION_DATASET,Raw EEG Phase-Locking Value,Theta,,CP2,PO10,0.2673935746457541
MODULATION_DATASET,Raw EEG Phase-Locking Value,Theta,,CP5,CP6,0.22293174246734263
MODULATION_DATASET,Raw EEG Phase-Locking Value,Theta,,CP5,P3,0.6285626127540831
MODULATION_DATASET,Raw EEG Phase-Locking Value,Theta,,CP5,Pz,0.535255463143239
MODULATION_DATASET,Raw EEG Phase-Locking Value,Theta,,CP5,P4,0.3680191136485342
MODULATION_DATASET,Raw EEG Phase-Locking Value,Theta,,CP5,P7,0.4527763215833784
MODULATION_DATASET,Raw EEG Phase-Locking Value,Theta,,CP5,P8,0.08236528345705835
MODULATION_DATASET,Raw EEG Phase-Locking Value,Theta,,CP5,O1,0.24865621393228005
MODULATION_DATASET,Raw EEG Phase-Locking Value,Theta,,CP5,Oz,0.2223869488065775
MODULATION_DATASET,Raw EEG Phase-Locking Value,Theta,,CP5,O2,0.17603323876642724
MODULATION_DATASET,Raw EEG Phase-Locking Value,Theta,,CP5,PO9,0.35876297433116194
MODULATION_DATASET,Raw EEG Phase-Locking Value,Theta,,CP5,PO10,0.22920009790399767
MODULATION_DATASET,Raw EEG Phase-Locking Value,Theta,,CP6,P3,0.39764784335904313
MODULATION_DATASET,Raw EEG Phase-Locking Value,Theta,,CP6,Pz,0.597169171810979
MODULATION_DATASET,Raw EEG Phase-Locking Value,Theta,,CP6,P4,0.7671520493588122
MODULATION_DATASET,Raw EEG Phase-Locking Value,Theta,,CP6,P7,0.015435759112663427
MODULATION_DATASET,Raw EEG Phase-Locking Value,Theta,,CP6,P8,0.7420891268953471
MODULATION_DATASET,Raw EEG Phase-Locking Value,Theta,,CP6,O1,0.2896202666086284
MODULATION_DATASET,Raw EEG Phase-Locking Value,Theta,,CP6,Oz,0.3995268581516375
MODULATION_DATASET,Raw EEG Phase-Locking Value,Theta,,CP6,O2,0.47038019962671734
MODULATION_DATASET,Raw EEG Phase-Locking Value,Theta,,CP6,PO9,0.09839246595524416
MODULATION_DATASET,Raw EEG Phase-Locking Value,Theta,,CP6,PO10,0.40021375942729354
MODULATION_DATASET,Raw EEG Phase-Locking Value,Theta,,P3,Pz,0.8312579901946507
MODULATION_DATASET,Raw EEG Phase-Locking Value,Theta,,P3,P4,0.6573034448395406
MODULATION_DATASET,Raw EEG Phase-Locking Value,Theta,,P3,P7,0.5208672276991845
MODULATION_DATASET,Raw EEG Phase-Locking Value,Theta,,P3,P8,0.31734492977545403
MODULATION_DATASET,Raw EEG Phase-Locking Value,Theta,,P3,O1,0.6414993989010499
MODULATION_DATASET,Raw EEG Phase-Locking Value,Theta,,P3,Oz,0.6278437022723837
MODULATION_DATASET,Raw EEG Phase-Locking Value,Theta,,P3,O2,0.5533413354674082
MODULATION_DATASET,Raw EEG Phase-Locking Value,Theta,,P3,PO9,0.16737685600442706
MODULATION_DATASET,Raw EEG Phase-Locking Value,Theta,,P3,PO10,0.12493655557000016
MODULATION_DATASET,Raw EEG Phase-Locking Value,Theta,,Pz,P4,0.836411038331853
MODULATION_DATASET,Raw EEG Phase-Locking Value,Theta,,Pz,P7,0.3513723653206242
MODULATION_DATASET,Raw EEG Phase-Locking Value,Theta,,Pz,P8,0.4912044147731879
MODULATION_DATASET,Raw EEG Phase-Locking Value,Theta,,Pz,O1,0.6035158635524097
MODULATION_DATASET,Raw EEG Phase-Locking Value,Theta,,Pz,Oz,0.6578317303439621
MODULATION_DATASET,Raw EEG Phase-Locking Value,Theta,,Pz,O2,0.632293344040148
MODULATION_DATASET,Raw EEG Phase-Locking Value,Theta,,Pz,PO9,0.15192498583969793
MODULATION_DATASET,Raw EEG Phase-Locking Value,Theta,,Pz,PO10,0.22981352804443367
MODULATION_DATASET,Raw EEG Phase-Locking Value,Theta,,P4,P7,0.20422994217222737
MODULATION_DATASET,Raw EEG Phase-Locking Value,Theta,,P4,P8,0.6902761008566272
MODULATION_DATASET,Raw EEG Phase-Locking Value,Theta,,P4,O1,0.5466731288482151
MODULATION_DATASET,Raw EEG Phase-Locking Value,Theta,,P4,Oz,0.6588607669357288
MODULATION_DATASET,Raw EEG Phase-Locking Value,Theta,,P4,O2,0.7008751464292589
MODULATION_DATASET,Raw EEG Phase-Locking Value,Theta,,P4,PO9,0.11286469222629229
MODULATION_DATASET,Raw EEG Phase-Locking Value,Theta,,P4,PO10,0.39049831791651074
MODULATION_DATASET,Raw EEG Phase-Locking Value,Theta,,P7,P8,0.026697100101695088
MODULATION_DATASET,Raw EEG Phase-Locking Value,Theta,,P7,O1,0.4358892581728298
MODULATION_DATASET,Raw EEG Phase-Locking Value,Theta,,P7,Oz,0.3242906690205533
MODULATION_DATASET,Raw EEG Phase-Locking Value,Theta,,P7,O2,0.2368898068189959
MODULATION_DATASET,Raw EEG Phase-Locking Value,Theta,,P7,PO9,0.22639500058961273
MODULATION_DATASET,Raw EEG Phase-Locking Value,Theta,,P7,PO10,0.1399478769937359
MODULATION_DATASET,Raw EEG Phase-Locking Value,Theta,,P8,O1,0.38158145111612113
MODULATION_DATASET,Raw EEG Phase-Locking Value,Theta,,P8,Oz,0.5149538198085846
MODULATION_DATASET,Raw EEG Phase-Locking Value,Theta,,P8,O2,0.6322605373037791
MODULATION_DATASET,Raw EEG Phase-Locking Value,Theta,,P8,PO9,0.14715295366030023
MODULATION_DATASET,Raw EEG Phase-Locking Value,Theta,,P8,PO10,0.7108517105458618
MODULATION_DATASET,Raw EEG Phase-Locking Value,Theta,,O1,Oz,0.8724846662971304
MODULATION_DATASET,Raw EEG Phase-Locking Value,Theta,,O1,O2,0.7668299204441442
MODULATION_DATASET,Raw EEG Phase-Locking Value,Theta,,O1,PO9,0.3587463664245506
MODULATION_DATASET,Raw EEG Phase-Locking Value,Theta,,O1,PO10,0.3546963492805436
MODULATION_DATASET,Raw EEG Phase-Locking Value,Theta,,Oz,O2,0.893354776295946
MODULATION_DATASET,Raw EEG Phase-Locking Value,Theta,,Oz,PO9,0.31127255617715677
MODULATION_DATASET,Raw EEG Phase-Locking Value,Theta,,Oz,PO10,0.46875859180159635
MODULATION_DATASET,Raw EEG Phase-Locking Value,Theta,,O2,PO9,0.28982567527671665
MODULATION_DATASET,Raw EEG Phase-Locking Value,Theta,,O2,PO10,0.571914929167189
MODULATION_DATASET,Raw EEG Phase-Locking Value,Theta,,PO9,PO10,0.3976280336964459
MODULATION_DATASET,Raw EEG Phase-Locking Value,Alpha,,Fp1,Fp2,0.9499949458401736
MODULATION_DATASET,Raw EEG Phase-Locking Value,Alpha,,Fp1,F7,0.9170605197292894
MODULATION_DATASET,Raw EEG Phase-Locking Value,Alpha,,Fp1,F3,0.8703309691067008
MODULATION_DATASET,Raw EEG Phase-Locking Value,Alpha,,Fp1,Fz,0.8633551206791279
MODULATION_DATASET,Raw EEG Phase-Locking Value,Alpha,,Fp1,F4,0.8567618561926039
MODULATION_DATASET,Raw EEG Phase-Locking Value,Alpha,,Fp1,F8,0.8010431893319936
MODULATION_DATASET,Raw EEG Phase-Locking Value,Alpha,,Fp1,FC1,0.7029593328134848
MODULATION_DATASET,Raw EEG Phase-Locking Value,Alpha,,Fp1,FC2,0.7737625225975928
MODULATION_DATASET,Raw EEG Phase-Locking Value,Alpha,,Fp1,FC5,0.7690874355950857
MODULATION_DATASET,Raw EEG Phase-Locking Value,Alpha,,Fp1,FC6,0.7019632197305337
MODULATION_DATASET,Raw EEG Phase-Locking Value,Alpha,,Fp1,C3,0.43098611107199275
MODULATION_DATASET,Raw EEG Phase-Locking Value,Alpha,,Fp1,Cz,0.6154779514505739
MODULATION_DATASET,Raw EEG Phase-Locking Value,Alpha,,Fp1,C4,0.49732056398323415
MODULATION_DATASET,Raw EEG Phase-Locking Value,Alpha,,Fp1,FT9,0.7342131886703605
MODULATION_DATASET,Raw EEG Phase-Locking Value,Alpha,,Fp1,FT10,0.6437055723527823
MODULATION_DATASET,Raw EEG Phase-Locking Value,Alpha,,Fp1,T7,0.5966642617043498
MODULATION_DATASET,Raw EEG Phase-Locking Value,Alpha,,Fp1,T8,0.538200936334454
MODULATION_DATASET,Raw EEG Phase-Locking Value,Alpha,,Fp1,CP1,0.2470392369183127
MODULATION_DATASET,Raw EEG Phase-Locking Value,Alpha,,Fp1,CP2,0.18299293347963785
MODULATION_DATASET,Raw EEG Phase-Locking Value,Alpha,,Fp1,CP5,0.03735339236827111
MODULATION_DATASET,Raw EEG Phase-Locking Value,Alpha,,Fp1,CP6,0.22120269619032318
MODULATION_DATASET,Raw EEG Phase-Locking Value,Alpha,,Fp1,P3,0.36867436513463125
MODULATION_DATASET,Raw EEG Phase-Locking Value,Alpha,,Fp1,Pz,0.26366180360613106
MODULATION_DATASET,Raw EEG Phase-Locking Value,Alpha,,Fp1,P4,0.2183864769083694
MODULATION_DATASET,Raw EEG Phase-Locking Value,Alpha,,Fp1,P7,0.6207012883349347
MODULATION_DATASET,Raw EEG Phase-Locking Value,Alpha,,Fp1,P8,0.16032573853504947
MODULATION_DATASET,Raw EEG Phase-Locking Value,Alpha,,Fp1,O1,0.5037148707008131
MODULATION_DATASET,Raw EEG Phase-Locking Value,Alpha,,Fp1,Oz,0.44168979010615644
MODULATION_DATASET,Raw EEG Phase-Locking Value,Alpha,,Fp1,O2,0.398952780739431
MODULATION_DATASET,Raw EEG Phase-Locking Value,Alpha,,Fp1,PO9,0.5159113929653348
MODULATION_DATASET,Raw EEG Phase-Locking Value,Alpha,,Fp1,PO10,0.21948564208718777
MODULATION_DATASET,Raw EEG Phase-Locking Value,Alpha,,Fp2,F7,0.862037108687146
MODULATION_DATASET,Raw EEG Phase-Locking Value,Alpha,,Fp2,F3,0.8558421447175277
MODULATION_DATASET,Raw EEG Phase-Locking Value,Alpha,,Fp2,Fz,0.8633513670182144
MODULATION_DATASET,Raw EEG Phase-Locking Value,Alpha,,Fp2,F4,0.8913288562271099
MODULATION_DATASET,Raw EEG Phase-Locking Value,Alpha,,Fp2,F8,0.8600299822560308
MODULATION_DATASET,Raw EEG Phase-Locking Value,Alpha,,Fp2,FC1,0.7005242669472088
MODULATION_DATASET,Raw EEG Phase-Locking Value,Alpha,,Fp2,FC2,0.7902626757405148
MODULATION_DATASET,Raw EEG Phase-Locking Value,Alpha,,Fp2,FC5,0.7265956901963411
MODULATION_DATASET,Raw EEG Phase-Locking Value,Alpha,,Fp2,FC6,0.7509420819662875
MODULATION_DATASET,Raw EEG Phase-Locking Value,Alpha,,Fp2,C3,0.4107165943606685
MODULATION_DATASET,Raw EEG Phase-Locking Value,Alpha,,Fp2,Cz,0.6164058621332281
MODULATION_DATASET,Raw EEG Phase-Locking Value,Alpha,,Fp2,C4,0.5355855369698905
MODULATION_DATASET,Raw EEG Phase-Locking Value,Alpha,,Fp2,FT9,0.6998511497058346
MODULATION_DATASET,Raw EEG Phase-Locking Value,Alpha,,Fp2,FT10,0.6971805009844428
MODULATION_DATASET,Raw EEG Phase-Locking Value,Alpha,,Fp2,T7,0.5459465109585553
MODULATION_DATASET,Raw EEG Phase-Locking Value,Alpha,,Fp2,T8,0.5938042636612437
MODULATION_DATASET,Raw EEG Phase-Locking Value,Alpha,,Fp2,CP1,0.23219955030926492
MODULATION_DATASET,Raw EEG Phase-Locking Value,Alpha,,Fp2,CP2,0.17725965343489838
MODULATION_DATASET,Raw EEG Phase-Locking Value,Alpha,,Fp2,CP5,0.04761660927031446
MODULATION_DATASET,Raw EEG Phase-Locking Value,Alpha,,Fp2,CP6,0.2625736790114683
MODULATION_DATASET,Raw EEG Phase-Locking Value,Alpha,,Fp2,P3,0.3548584343370274
MODULATION_DATASET,Raw EEG Phase-Locking Value,Alpha,,Fp2,Pz,0.24516995124324348
MODULATION_DATASET,Raw EEG Phase-Locking Value,Alpha,,Fp2,P4,0.19596835356692074
MODULATION_DATASET,Raw EEG Phase-Locking Value,Alpha,,Fp2,P7,0.6126961553220343
MODULATION_DATASET,Raw EEG Phase-Locking Value,Alpha,,Fp2,P8,0.12415720900775853
MODULATION_DATASET,Raw EEG Phase-Locking Value,Alpha,,Fp2,O1,0.476529349204698
MODULATION_DATASET,Raw EEG Phase-Locking Value,Alpha,,Fp2,Oz,0.413545047965841
MODULATION_DATASET,Raw EEG Phase-Locking Value,Alpha,,Fp2,O2,0.3693307277980302
MODULATION_DATASET,Raw EEG Phase-Locking Value,Alpha,,Fp2,PO9,0.47949808600071225
MODULATION_DATASET,Raw EEG Phase-Locking Value,Alpha,,Fp2,PO10,0.1914095414826136
MODULATION_DATASET,Raw EEG Phase-Locking Value,Alpha,,F7,F3,0.8458679667597967
MODULATION_DATASET,Raw EEG Phase-Locking Value,Alpha,,F7,Fz,0.8171753580227087
MODULATION_DATASET,Raw EEG Phase-Locking Value,Alpha,,F7,F4,0.7930688559992255
MODULATION_DATASET,Raw EEG Phase-Locking Value,Alpha,,F7,F8,0.7344361455535844
MODULATION_DATASET,Raw EEG Phase-Locking Value,Alpha,,F7,FC1,0.6777817531566637
MODULATION_DATASET,Raw EEG Phase-Locking Value,Alpha,,F7,FC2,0.7257918524543941
MODULATION_DATASET,Raw EEG Phase-Locking Value,Alpha,,F7,FC5,0.819202477010204
MODULATION_DATASET,Raw EEG Phase-Locking Value,Alpha,,F7,FC6,0.6501476987918363
MODULATION_DATASET,Raw EEG Phase-Locking Value,Alpha,,F7,C3,0.4501803065829995
MODULATION_DATASET,Raw EEG Phase-Locking Value,Alpha,,F7,Cz,0.5878981832301013
MODULATION_DATASET,Raw EEG Phase-Locking Value,Alpha,,F7,C4,0.4571013911584526
MODULATION_DATASET,Raw EEG Phase-Locking Value,Alpha,,F7,FT9,0.7999963335384981
MODULATION_DATASET,Raw EEG Phase-Locking Value,Alpha,,F7,FT10,0.5947774309845425
MODULATION_DATASET,Raw EEG Phase-Locking Value,Alpha,,F7,T7,0.6945678211144813
MODULATION_DATASET,Raw EEG Phase-Locking Value,Alpha,,F7,T8,0.49211549323501946
MODULATION_DATASET,Raw EEG Phase-Locking Value,Alpha,,F7,CP1,0.2702543489103775
MODULATION_DATASET,Raw EEG Phase-Locking Value,Alpha,,F7,CP2,0.19675605616083464
MODULATION_DATASET,Raw EEG Phase-Locking Value,Alpha,,F7,CP5,0.04995166491507654
MODULATION_DATASET,Raw EEG Phase-Locking Value,Alpha,,F7,CP6,0.18882912088983317
MODULATION_DATASET,Raw EEG Phase-Locking Value,Alpha,,F7,P3,0.38925002173493134
MODULATION_DATASET,Raw EEG Phase-Locking Value,Alpha,,F7,Pz,0.28975661598882935
MODULATION_DATASET,Raw EEG Phase-Locking Value,Alpha,,F7,P4,0.24727911044310086
MODULATION_DATASET,Raw EEG Phase-Locking Value,Alpha,,F7,P7,0.640678895641898
MODULATION_DATASET,Raw EEG Phase-Locking Value,Alpha,,F7,P8,0.1960983685942214
MODULATION_DATASET,Raw EEG Phase-Locking Value,Alpha,,F7,O1,0.552009706133504
MODULATION_DATASET,Raw EEG Phase-Locking Value,Alpha,,F7,Oz,0.48551277205049576
MODULATION_DATASET,Raw EEG Phase-Locking Value,Alpha,,F7,O2,0.4401141518816657
MODULATION_DATASET,Raw EEG Phase-Locking Value,Alpha,,F7,PO9,0.5885953288318392
MODULATION_DATASET,Raw EEG Phase-Locking Value,Alpha,,F7,PO10,0.2547144181610458
MODULATION_DATASET,Raw EEG Phase-Locking Value,Alpha,,F3,Fz,0.9643049327846841
MODULATION_DATASET,Raw EEG Phase-Locking Value,Alpha,,F3,F4,0.9123928320480905
MODULATION_DATASET,Raw EEG Phase-Locking Value,Alpha,,F3,F8,0.7495922398266258
MODULATION_DATASET,Raw EEG Phase-Locking Value,Alpha,,F3,FC1,0.8818538775446825
MODULATION_DATASET,Raw EEG Phase-Locking Value,Alpha,,F3,FC2,0.9103704253619115
MODULATION_DATASET,Raw EEG Phase-Locking Value,Alpha,,F3,FC5,0.8763932144733848
MODULATION_DATASET,Raw EEG Phase-Locking Value,Alpha,,F3,FC6,0.7865137350743875
MODULATION_DATASET,Raw EEG Phase-Locking Value,Alpha,,F3,C3,0.627884102934916
MODULATION_DATASET,Raw EEG Phase-Locking Value,Alpha,,F3,Cz,0.7917488032764698
MODULATION_DATASET,Raw EEG Phase-Locking Value,Alpha,,F3,C4,0.6339141616712702
MODULATION_DATASET,Raw EEG Phase-Locking Value,Alpha,,F3,FT9,0.5994761267903248
MODULATION_DATASET,Raw EEG Phase-Locking Value,Alpha,,F3,FT10,0.5681217516530761
MODULATION_DATASET,Raw EEG Phase-Locking Value,Alpha,,F3,T7,0.6594561000124949
MODULATION_DATASET,Raw EEG Phase-Locking Value,Alpha,,F3,T8,0.5964270536897218
MODULATION_DATASET,Raw EEG Phase-Locking Value,Alpha,,F3,CP1,0.1278749415616549
MODULATION_DATASET,Raw EEG Phase-Locking Value,Alpha,,F3,CP2,0.1971881742682365
MODULATION_DATASET,Raw EEG Phase-Locking Value,Alpha,,F3,CP5,0.19067033602329098
MODULATION_DATASET,Raw EEG Phase-Locking Value,Alpha,,F3,CP6,0.325195609966581
MODULATION_DATASET,Raw EEG Phase-Locking Value,Alpha,,F3,P3,0.19269473392731304
MODULATION_DATASET,Raw EEG Phase-Locking Value,Alpha,,F3,Pz,0.13694645152903254
MODULATION_DATASET,Raw EEG Phase-Locking Value,Alpha,,F3,P4,0.12418963428103408
MODULATION_DATASET,Raw EEG Phase-Locking Value,Alpha,,F3,P7,0.47737359032158566
MODULATION_DATASET,Raw EEG Phase-Locking Value,Alpha,,F3,P8,0.0861284663656447
MODULATION_DATASET,Raw EEG Phase-Locking Value,Alpha,,F3,O1,0.3865598264639924
MODULATION_DATASET,Raw EEG Phase-Locking Value,Alpha,,F3,Oz,0.3253306180417416
MODULATION_DATASET,Raw EEG Phase-Locking Value,Alpha,,F3,O2,0.2934743313213602
MODULATION_DATASET,Raw EEG Phase-Locking Value,Alpha,,F3,PO9,0.5494156336797845
MODULATION_DATASET,Raw EEG Phase-Locking Value,Alpha,,F3,PO10,0.19908542259548592
MODULATION_DATASET,Raw EEG Phase-Locking Value,Alpha,,Fz,F4,0.9377882843558146
MODULATION_DATASET,Raw EEG Phase-Locking Value,Alpha,,Fz,F8,0.7619010302644914
MODULATION_DATASET,Raw EEG Phase-Locking Value,Alpha,,Fz,FC1,0.8788690443463076
MODULATION_DATASET,Raw EEG Phase-Locking Value,Alpha,,Fz,FC2,0.9383984713450338
MODULATION_DATASET,Raw EEG Phase-Locking Value,Alpha,,Fz,FC5,0.8272191342899505
MODULATION_DATASET,Raw EEG Phase-Locking Value,Alpha,,Fz,FC6,0.8010407427276436
MODULATION_DATASET,Raw EEG Phase-Locking Value,Alpha,,Fz,C3,0.5940930376474859
MODULATION_DATASET,Raw EEG Phase-Locking Value,Alpha,,Fz,Cz,0.7998724334527096
MODULATION_DATASET,Raw EEG Phase-Locking Value,Alpha,,Fz,C4,0.6440215537357759
MODULATION_DATASET,Raw EEG Phase-Locking Value,Alpha,,Fz,FT9,0.5835092668534212
MODULATION_DATASET,Raw EEG Phase-Locking Value,Alpha,,Fz,FT10,0.5767884790608674
MODULATION_DATASET,Raw EEG Phase-Locking Value,Alpha,,Fz,T7,0.6110055514002374
MODULATION_DATASET,Raw EEG Phase-Locking Value,Alpha,,Fz,T8,0.6041275003658021
MODULATION_DATASET,Raw EEG Phase-Locking Value,Alpha,,Fz,CP1,0.12126642418351163
MODULATION_DATASET,Raw EEG Phase-Locking Value,Alpha,,Fz,CP2,0.1953273660707105
MODULATION_DATASET,Raw EEG Phase-Locking Value,Alpha,,Fz,CP5,0.155459358448151
MODULATION_DATASET,Raw EEG Phase-Locking Value,Alpha,,Fz,CP6,0.3285739874851734
MODULATION_DATASET,Raw EEG Phase-Locking Value,Alpha,,Fz,P3,0.1924671304493076
MODULATION_DATASET,Raw EEG Phase-Locking Value,Alpha,,Fz,Pz,0.13165284359711318
MODULATION_DATASET,Raw EEG Phase-Locking Value,Alpha,,Fz,P4,0.12095598416487824
MODULATION_DATASET,Raw EEG Phase-Locking Value,Alpha,,Fz,P7,0.47562195109476146
MODULATION_DATASET,Raw EEG Phase-Locking Value,Alpha,,Fz,P8,0.08620184377954086
MODULATION_DATASET,Raw EEG Phase-Locking Value,Alpha,,Fz,O1,0.3748254399284003
MODULATION_DATASET,Raw EEG Phase-Locking Value,Alpha,,Fz,Oz,0.3174283419542853
MODULATION_DATASET,Raw EEG Phase-Locking Value,Alpha,,Fz,O2,0.2883387483315619
MODULATION_DATASET,Raw EEG Phase-Locking Value,Alpha,,Fz,PO9,0.5155816241058948
MODULATION_DATASET,Raw EEG Phase-Locking Value,Alpha,,Fz,PO10,0.19372782672703912
MODULATION_DATASET,Raw EEG Phase-Locking Value,Alpha,,F4,F8,0.8519506792827279
MODULATION_DATASET,Raw EEG Phase-Locking Value,Alpha,,F4,FC1,0.8134208936857893
MODULATION_DATASET,Raw EEG Phase-Locking Value,Alpha,,F4,FC2,0.9229545292897576
MODULATION_DATASET,Raw EEG Phase-Locking Value,Alpha,,F4,FC5,0.7533836303563564
MODULATION_DATASET,Raw EEG Phase-Locking Value,Alpha,,F4,FC6,0.879807530277769
MODULATION_DATASET,Raw EEG Phase-Locking Value,Alpha,,F4,C3,0.5155331115844031
MODULATION_DATASET,Raw EEG Phase-Locking Value,Alpha,,F4,Cz,0.7443109673905515
MODULATION_DATASET,Raw EEG Phase-Locking Value,Alpha,,F4,C4,0.6932675352824395
MODULATION_DATASET,Raw EEG Phase-Locking Value,Alpha,,F4,FT9,0.5972698278632406
MODULATION_DATASET,Raw EEG Phase-Locking Value,Alpha,,F4,FT10,0.6696816441687624
MODULATION_DATASET,Raw EEG Phase-Locking Value,Alpha,,F4,T7,0.5524571234203255
MODULATION_DATASET,Raw EEG Phase-Locking Value,Alpha,,F4,T8,0.6952558555220418
MODULATION_DATASET,Raw EEG Phase-Locking Value,Alpha,,F4,CP1,0.134386313320525
MODULATION_DATASET,Raw EEG Phase-Locking Value,Alpha,,F4,CP2,0.201049151606776
MODULATION_DATASET,Raw EEG Phase-Locking Value,Alpha,,F4,CP5,0.08244872981606484
MODULATION_DATASET,Raw EEG Phase-Locking Value,Alpha,,F4,CP6,0.393312057812426
MODULATION_DATASET,Raw EEG Phase-Locking Value,Alpha,,F4,P3,0.22965438029825133
MODULATION_DATASET,Raw EEG Phase-Locking Value,Alpha,,F4,Pz,0.144797416805232
MODULATION_DATASET,Raw EEG Phase-Locking Value,Alpha,,F4,P4,0.1305427790975078
MODULATION_DATASET,Raw EEG Phase-Locking Value,Alpha,,F4,P7,0.5150585790810251
MODULATION_DATASET,Raw EEG Phase-Locking Value,Alpha,,F4,P8,0.04850554698560705
MODULATION_DATASET,Raw EEG Phase-Locking Value,Alpha,,F4,O1,0.38435661626330164
MODULATION_DATASET,Raw EEG Phase-Locking Value,Alpha,,F4,Oz,0.3178067698767408
MODULATION_DATASET,Raw EEG Phase-Locking Value,Alpha,,F4,O2,0.2780253397808406
MODULATION_DATASET,Raw EEG Phase-Locking Value,Alpha,,F4,PO9,0.480781778540514
MODULATION_DATASET,Raw EEG Phase-Locking Value,Alpha,,F4,PO10,0.14986900121859897
MODULATION_DATASET,Raw EEG Phase-Locking Value,Alpha,,F8,FC1,0.6225786880914258
MODULATION_DATASET,Raw EEG Phase-Locking Value,Alpha,,F8,FC2,0.7339629857727563
MODULATION_DATASET,Raw EEG Phase-Locking Value,Alpha,,F8,FC5,0.6151211183508282
MODULATION_DATASET,Raw EEG Phase-Locking Value,Alpha,,F8,FC6,0.8323868591532593
MODULATION_DATASET,Raw EEG Phase-Locking Value,Alpha,,F8,C3,0.34569582881183486
MODULATION_DATASET,Raw EEG Phase-Locking Value,Alpha,,F8,Cz,0.5568952590483862
MODULATION_DATASET,Raw EEG Phase-Locking Value,Alpha,,F8,C4,0.6000832416703101
MODULATION_DATASET,Raw EEG Phase-Locking Value,Alpha,,F8,FT9,0.6472389279210831
MODULATION_DATASET,Raw EEG Phase-Locking Value,Alpha,,F8,FT10,0.8581391806891743
MODULATION_DATASET,Raw EEG Phase-Locking Value,Alpha,,F8,T7,0.45739292714193586
MODULATION_DATASET,Raw EEG Phase-Locking Value,Alpha,,F8,T8,0.7510190367641362
MODULATION_DATASET,Raw EEG Phase-Locking Value,Alpha,,F8,CP1,0.2210834618318596
MODULATION_DATASET,Raw EEG Phase-Locking Value,Alpha,,F8,CP2,0.18312848422108313
MODULATION_DATASET,Raw EEG Phase-Locking Value,Alpha,,F8,CP5,0.09579138548255603
MODULATION_DATASET,Raw EEG Phase-Locking Value,Alpha,,F8,CP6,0.38196602234920574
MODULATION_DATASET,Raw EEG Phase-Locking Value,Alpha,,F8,P3,0.34439873757894546
MODULATION_DATASET,Raw EEG Phase-Locking Value,Alpha,,F8,Pz,0.22480019647718236
MODULATION_DATASET,Raw EEG Phase-Locking Value,Alpha,,F8,P4,0.16442266118975446
MODULATION_DATASET,Raw EEG Phase-Locking Value,Alpha,,F8,P7,0.6044196637855311
MODULATION_DATASET,Raw EEG Phase-Locking Value,Alpha,,F8,P8,0.0601435631314352
MODULATION_DATASET,Raw EEG Phase-Locking Value,Alpha,,F8,O1,0.4370253693420042
MODULATION_DATASET,Raw EEG Phase-Locking Value,Alpha,,F8,Oz,0.36228993664413156
MODULATION_DATASET,Raw EEG Phase-Locking Value,Alpha,,F8,O2,0.3041337422444648
MODULATION_DATASET,Raw EEG Phase-Locking Value,Alpha,,F8,PO9,0.4153790918359851
MODULATION_DATASET,Raw EEG Phase-Locking Value,Alpha,,F8,PO10,0.11184273925283049
MODULATION_DATASET,Raw EEG Phase-Locking Value,Alpha,,FC1,FC2,0.9038572552031993
MODULATION_DATASET,Raw EEG Phase-Locking Value,Alpha,,FC1,FC5,0.8222338036158275
MODULATION_DATASET,Raw EEG Phase-Locking Value,Alpha,,FC1,FC6,0.7616054402769153
MODULATION_DATASET,Raw EEG Phase-Locking Value,Alpha,,FC1,C3,0.770492862566947
MODULATION_DATASET,Raw EEG Phase-Locking Value,Alpha,,FC1,Cz,0.9105584642471537
MODULATION_DATASET,Raw EEG Phase-Locking Value,Alpha,,FC1,C4,0.7133734879328449
MODULATION_DATASET,Raw EEG Phase-Locking Value,Alpha,,FC1,FT9,0.4253670833507423
MODULATION_DATASET,Raw EEG Phase-Locking Value,Alpha,,FC1,FT10,0.4493802911162087
MODULATION_DATASET,Raw EEG Phase-Locking Value,Alpha,,FC1,T7,0.6009224873079134
MODULATION_DATASET,Raw EEG Phase-Locking Value,Alpha,,FC1,T8,0.5847261326835611
MODULATION_DATASET,Raw EEG Phase-Locking Value,Alpha,,FC1,CP1,0.24744164578915046
MODULATION_DATASET,Raw EEG Phase-Locking Value,Alpha,,FC1,CP2,0.35322352577255267
MODULATION_DATASET,Raw EEG Phase-Locking Value,Alpha,,FC1,CP5,0.3577407512687475
MODULATION_DATASET,Raw EEG Phase-Locking Value,Alpha,,FC1,CP6,0.416077407292191
MODULATION_DATASET,Raw EEG Phase-Locking Value,Alpha,,FC1,P3,0.12236728814854357
MODULATION_DATASET,Raw EEG Phase-Locking Value,Alpha,,FC1,Pz,0.22537867493472855
MODULATION_DATASET,Raw EEG Phase-Locking Value,Alpha,,FC1,P4,0.20500767783506488
MODULATION_DATASET,Raw EEG Phase-Locking Value,Alpha,,FC1,P7,0.29860714868573973
MODULATION_DATASET,Raw EEG Phase-Locking Value,Alpha,,FC1,P8,0.03893775447316313
MODULATION_DATASET,Raw EEG Phase-Locking Value,Alpha,,FC1,O1,0.22465420025113267
MODULATION_DATASET,Raw EEG Phase-Locking Value,Alpha,,FC1,Oz,0.17294601854503314
MODULATION_DATASET,Raw EEG Phase-Locking Value,Alpha,,FC1,O2,0.15048888583871325
MODULATION_DATASET,Raw EEG Phase-Locking Value,Alpha,,FC1,PO9,0.4787826151820243
MODULATION_DATASET,Raw EEG Phase-Locking Value,Alpha,,FC1,PO10,0.1388483370415637
MODULATION_DATASET,Raw EEG Phase-Locking Value,Alpha,,FC2,FC5,0.771996933063424
MODULATION_DATASET,Raw EEG Phase-Locking Value,Alpha,,FC2,FC6,0.8541958138234498
MODULATION_DATASET,Raw EEG Phase-Locking Value,Alpha,,FC2,C3,0.6237232231320541
MODULATION_DATASET,Raw EEG Phase-Locking Value,Alpha,,FC2,Cz,0.8638652312163981
MODULATION_DATASET,Raw EEG Phase-Locking Value,Alpha,,FC2,C4,0.7508440062241607
MODULATION_DATASET,Raw EEG Phase-Locking Value,Alpha,,FC2,FT9,0.5025634497017534
MODULATION_DATASET,Raw EEG Phase-Locking Value,Alpha,,FC2,FT10,0.5549680603505502
MODULATION_DATASET,Raw EEG Phase-Locking Value,Alpha,,FC2,T7,0.5573493234951105
MODULATION_DATASET,Raw EEG Phase-Locking Value,Alpha,,FC2,T8,0.6603395774937748
MODULATION_DATASET,Raw EEG Phase-Locking Value,Alpha,,FC2,CP1,0.15881136277379887
MODULATION_DATASET,Raw EEG Phase-Locking Value,Alpha,,FC2,CP2,0.2888691464601599
MODULATION_DATASET,Raw EEG Phase-Locking Value,Alpha,,FC2,CP5,0.1963707155646663
MODULATION_DATASET,Raw EEG Phase-Locking Value,Alpha,,FC2,CP6,0.4331962164329614
MODULATION_DATASET,Raw EEG Phase-Locking Value,Alpha,,FC2,P3,0.1284488806793454
MODULATION_DATASET,Raw EEG Phase-Locking Value,Alpha,,FC2,Pz,0.15594017415464348
MODULATION_DATASET,Raw EEG Phase-Locking Value,Alpha,,FC2,P4,0.16365064877829213
MODULATION_DATASET,Raw EEG Phase-Locking Value,Alpha,,FC2,P7,0.40456140106854377
MODULATION_DATASET,Raw EEG Phase-Locking Value,Alpha,,FC2,P8,0.03912543537351206
MODULATION_DATASET,Raw EEG Phase-Locking Value,Alpha,,FC2,O1,0.2929235650696041
MODULATION_DATASET,Raw EEG Phase-Locking Value,Alpha,,FC2,Oz,0.2314067450534306
MODULATION_DATASET,Raw EEG Phase-Locking Value,Alpha,,FC2,O2,0.20102344029418873
MODULATION_DATASET,Raw EEG Phase-Locking Value,Alpha,,FC2,PO9,0.47082319594754124
MODULATION_DATASET,Raw EEG Phase-Locking Value,Alpha,,FC2,PO10,0.14026442946837162
MODULATION_DATASET,Raw EEG Phase-Locking Value,Alpha,,FC5,FC6,0.6447096675234296
MODULATION_DATASET,Raw EEG Phase-Locking Value,Alpha,,FC5,C3,0.7145574039141513
MODULATION_DATASET,Raw EEG Phase-Locking Value,Alpha,,FC5,Cz,0.725876913069123
MODULATION_DATASET,Raw EEG Phase-Locking Value,Alpha,,FC5,C4,0.5239561555694645
MODULATION_DATASET,Raw EEG Phase-Locking Value,Alpha,,FC5,FT9,0.5801762514264441
MODULATION_DATASET,Raw EEG Phase-Locking Value,Alpha,,FC5,FT10,0.4467840134563979
MODULATION_DATASET,Raw EEG Phase-Locking Value,Alpha,,FC5,T7,0.813336143510307
MODULATION_DATASET,Raw EEG Phase-Locking Value,Alpha,,FC5,T8,0.46873422859704134
MODULATION_DATASET,Raw EEG Phase-Locking Value,Alpha,,FC5,CP1,0.12068300308121341
MODULATION_DATASET,Raw EEG Phase-Locking Value,Alpha,,FC5,CP2,0.16045246234733043
MODULATION_DATASET,Raw EEG Phase-Locking Value,Alpha,,FC5,CP5,0.3334907167736763
MODULATION_DATASET,Raw EEG Phase-Locking Value,Alpha,,FC5,CP6,0.2246949502516644
MODULATION_DATASET,Raw EEG Phase-Locking Value,Alpha,,FC5,P3,0.16426048571693833
MODULATION_DATASET,Raw EEG Phase-Locking Value,Alpha,,FC5,Pz,0.1309810366003751
MODULATION_DATASET,Raw EEG Phase-Locking Value,Alpha,,FC5,P4,0.12765611193829793
MODULATION_DATASET,Raw EEG Phase-Locking Value,Alpha,,FC5,P7,0.413407870798122
MODULATION_DATASET,Raw EEG Phase-Locking Value,Alpha,,FC5,P8,0.16305482858001574
MODULATION_DATASET,Raw EEG Phase-Locking Value,Alpha,,FC5,O1,0.4120095106364744
MODULATION_DATASET,Raw EEG Phase-Locking Value,Alpha,,FC5,Oz,0.36192989375573564
MODULATION_DATASET,Raw EEG Phase-Locking Value,Alpha,,FC5,O2,0.3416435214662697
MODULATION_DATASET,Raw EEG Phase-Locking Value,Alpha,,FC5,PO9,0.6372001202650832
MODULATION_DATASET,Raw EEG Phase-Locking Value,Alpha,,FC5,PO10,0.28099623598314244
MODULATION_DATASET,Raw EEG Phase-Locking Value,Alpha,,FC6,C3,0.5012981219981385
MODULATION_DATASET,Raw EEG Phase-Locking Value,Alpha,,FC6,Cz,0.7234333859553326
MODULATION_DATASET,Raw EEG Phase-Locking Value,Alpha,,FC6,C4,0.8433184102910337
MODULATION_DATASET,Raw EEG Phase-Locking Value,Alpha,,FC6,FT9,0.496677462954032
MODULATION_DATASET,Raw EEG Phase-Locking Value,Alpha,,FC6,FT10,0.7107612732311214
MODULATION_DATASET,Raw EEG Phase-Locking Value,Alpha,,FC6,T7,0.4613909940218906
MODULATION_DATASET,Raw EEG Phase-Locking Value,Alpha,,FC6,T8,0.8724688188041291
MODULATION_DATASET,Raw EEG Phase-Locking Value,Alpha,,FC6,CP1,0.16385970104427597
MODULATION_DATASET,Raw EEG Phase-Locking Value,Alpha,,FC6,CP2,0.3218017131317162
MODULATION_DATASET,Raw EEG Phase-Locking Value,Alpha,,FC6,CP5,0.10483646977064875
MODULATION_DATASET,Raw EEG Phase-Locking Value,Alpha,,FC6,CP6,0.6030457757270123
MODULATION_DATASET,Raw EEG Phase-Locking Value,Alpha,,FC6,P3,0.15512445512577017
MODULATION_DATASET,Raw EEG Phase-Locking Value,Alpha,,FC6,Pz,0.17161003137420525
MODULATION_DATASET,Raw EEG Phase-Locking Value,Alpha,,FC6,P4,0.2275686846759123
MODULATION_DATASET,Raw EEG Phase-Locking Value,Alpha,,FC6,P7,0.44427439158249366
MODULATION_DATASET,Raw EEG Phase-Locking Value,Alpha,,FC6,P8,0.16924905488112335
MODULATION_DATASET,Raw EEG Phase-Locking Value,Alpha,,FC6,O1,0.2810950545454385
MODULATION_DATASET,Raw EEG Phase-Locking Value,Alpha,,FC6,Oz,0.20406991352037898
MODULATION_DATASET,Raw EEG Phase-Locking Value,Alpha,,FC6,O2,0.1500080931665215
MODULATION_DATASET,Raw EEG Phase-Locking Value,Alpha,,FC6,PO9,0.4062124265196739
MODULATION_DATASET,Raw EEG Phase-Locking Value,Alpha,,FC6,PO10,0.07718643749861248
MODULATION_DATASET,Raw EEG Phase-Locking Value,Alpha,,C3,Cz,0.7579388972570404
MODULATION_DATASET,Raw EEG Phase-Locking Value,Alpha,,C3,C4,0.546289711028031
MODULATION_DATASET,Raw EEG Phase-Locking Value,Alpha,,C3,FT9,0.2235895203991122
MODULATION_DATASET,Raw EEG Phase-Locking Value,Alpha,,C3,FT10,0.20657205805335538
MODULATION_DATASET,Raw EEG Phase-Locking Value,Alpha,,C3,T7,0.5884561030355575
MODULATION_DATASET,Raw EEG Phase-Locking Value,Alpha,,C3,T8,0.3687068521602684
MODULATION_DATASET,Raw EEG Phase-Locking Value,Alpha,,C3,CP1,0.4000158572625492
MODULATION_DATASET,Raw EEG Phase-Locking Value,Alpha,,C3,CP2,0.40875766855637813
MODULATION_DATASET,Raw EEG Phase-Locking Value,Alpha,,C3,CP5,0.6767316582291857
MODULATION_DATASET,Raw EEG Phase-Locking Value,Alpha,,C3,CP6,0.32124076704140436
MODULATION_DATASET,Raw EEG Phase-Locking Value,Alpha,,C3,P3,0.2930181932334225
MODULATION_DATASET,Raw EEG Phase-Locking Value,Alpha,,C3,Pz,0.34038495131212315
MODULATION_DATASET,Raw EEG Phase-Locking Value,Alpha,,C3,P4,0.2405419273940803
MODULATION_DATASET,Raw EEG Phase-Locking Value,Alpha,,C3,P7,0.08483808438386309
MODULATION_DATASET,Raw EEG Phase-Locking Value,Alpha,,C3,P8,0.022978686302298375
MODULATION_DATASET,Raw EEG Phase-Locking Value,Alpha,,C3,O1,0.11826330981836697
MODULATION_DATASET,Raw EEG Phase-Locking Value,Alpha,,C3,Oz,0.09220742843009581
MODULATION_DATASET,Raw EEG Phase-Locking Value,Alpha,,C3,O2,0.08159694266318139
MODULATION_DATASET,Raw EEG Phase-Locking Value,Alpha,,C3,PO9,0.4469097788973721
MODULATION_DATASET,Raw EEG Phase-Locking Value,Alpha,,C3,PO10,0.1679595074733903
MODULATION_DATASET,Raw EEG Phase-Locking Value,Alpha,,Cz,C4,0.7399742048101134
MODULATION_DATASET,Raw EEG Phase-Locking Value,Alpha,,Cz,FT9,0.3616841878975589
MODULATION_DATASET,Raw EEG Phase-Locking Value,Alpha,,Cz,FT10,0.3994087861329323
MODULATION_DATASET,Raw EEG Phase-Locking Value,Alpha,,Cz,T7,0.5225268750591023
MODULATION_DATASET,Raw EEG Phase-Locking Value,Alpha,,Cz,T8,0.5595614133597494
MODULATION_DATASET,Raw EEG Phase-Locking Value,Alpha,,Cz,CP1,0.33044458516456243
MODULATION_DATASET,Raw EEG Phase-Locking Value,Alpha,,Cz,CP2,0.4467805516077855
MODULATION_DATASET,Raw EEG Phase-Locking Value,Alpha,,Cz,CP5,0.37607527122285506
MODULATION_DATASET,Raw EEG Phase-Locking Value,Alpha,,Cz,CP6,0.45208158522133174
MODULATION_DATASET,Raw EEG Phase-Locking Value,Alpha,,Cz,P3,0.19070670647624294
MODULATION_DATASET,Raw EEG Phase-Locking Value,Alpha,,Cz,Pz,0.3126969019460959
MODULATION_DATASET,Raw EEG Phase-Locking Value,Alpha,,Cz,P4,0.2830281119257035
MODULATION_DATASET,Raw EEG Phase-Locking Value,Alpha,,Cz,P7,0.24842722207523824
MODULATION_DATASET,Raw EEG Phase-Locking Value,Alpha,,Cz,P8,0.07141227791737423
MODULATION_DATASET,Raw EEG Phase-Locking Value,Alpha,,Cz,O1,0.1800808592147511
MODULATION_DATASET,Raw EEG Phase-Locking Value,Alpha,,Cz,Oz,0.13741880550504607
MODULATION_DATASET,Raw EEG Phase-Locking Value,Alpha,,Cz,O2,0.11497228400607395
MODULATION_DATASET,Raw EEG Phase-Locking Value,Alpha,,Cz,PO9,0.42780618901180345
MODULATION_DATASET,Raw EEG Phase-Locking Value,Alpha,,Cz,PO10,0.10550654806811188
MODULATION_DATASET,Raw EEG Phase-Locking Value,Alpha,,C4,FT9,0.31744885283977314
MODULATION_DATASET,Raw EEG Phase-Locking Value,Alpha,,C4,FT10,0.507482043812247
MODULATION_DATASET,Raw EEG Phase-Locking Value,Alpha,,C4,T7,0.35441501930276403
MODULATION_DATASET,Raw EEG Phase-Locking Value,Alpha,,C4,T8,0.7926813187101658
MODULATION_DATASET,Raw EEG Phase-Locking Value,Alpha,,C4,CP1,0.3485437414390798
MODULATION_DATASET,Raw EEG Phase-Locking Value,Alpha,,C4,CP2,0.5471817805985201
MODULATION_DATASET,Raw EEG Phase-Locking Value,Alpha,,C4,CP5,0.2284809239671459
MODULATION_DATASET,Raw EEG Phase-Locking Value,Alpha,,C4,CP6,0.7739359999209423
MODULATION_DATASET,Raw EEG Phase-Locking Value,Alpha,,C4,P3,0.19577314922517508
MODULATION_DATASET,Raw EEG Phase-Locking Value,Alpha,,C4,Pz,0.36331650669142723
MODULATION_DATASET,Raw EEG Phase-Locking Value,Alpha,,C4,P4,0.4441595424574186
MODULATION_DATASET,Raw EEG Phase-Locking Value,Alpha,,C4,P7,0.26657484497752276
MODULATION_DATASET,Raw EEG Phase-Locking Value,Alpha,,C4,P8,0.3173142816215791
MODULATION_DATASET,Raw EEG Phase-Locking Value,Alpha,,C4,O1,0.1578222763698156
MODULATION_DATASET,Raw EEG Phase-Locking Value,Alpha,,C4,Oz,0.15191987644974378
MODULATION_DATASET,Raw EEG Phase-Locking Value,Alpha,,C4,O2,0.1510808908633197
MODULATION_DATASET,Raw EEG Phase-Locking Value,Alpha,,C4,PO9,0.29395020276397854
MODULATION_DATASET,Raw EEG Phase-Locking Value,Alpha,,C4,PO10,0.141738360914772
MODULATION_DATASET,Raw EEG Phase-Locking Value,Alpha,,FT9,FT10,0.6137361352655987
MODULATION_DATASET,Raw EEG Phase-Locking Value,Alpha,,FT9,T7,0.5731713501707909
MODULATION_DATASET,Raw EEG Phase-Locking Value,Alpha,,FT9,T8,0.40861844212649695
MODULATION_DATASET,Raw EEG Phase-Locking Value,Alpha,,FT9,CP1,0.4641959641654669
MODULATION_DATASET,Raw EEG Phase-Locking Value,Alpha,,FT9,CP2,0.3410364504298552
MODULATION_DATASET,Raw EEG Phase-Locking Value,Alpha,,FT9,CP5,0.19498715853901338
MODULATION_DATASET,Raw EEG Phase-Locking Value,Alpha,,FT9,CP6,0.1626816298334858
MODULATION_DATASET,Raw EEG Phase-Locking Value,Alpha,,FT9,P3,0.5741851037212615
MODULATION_DATASET,Raw EEG Phase-Locking Value,Alpha,,FT9,Pz,0.46349235019158974
MODULATION_DATASET,Raw EEG Phase-Locking Value,Alpha,,FT9,P4,0.3745616414011294
MODULATION_DATASET,Raw EEG Phase-Locking Value,Alpha,,FT9,P7,0.7669170050834577
MODULATION_DATASET,Raw EEG Phase-Locking Value,Alpha,,FT9,P8,0.23088081806087232
MODULATION_DATASET,Raw EEG Phase-Locking Value,Alpha,,FT9,O1,0.6417969950669445
MODULATION_DATASET,Raw EEG Phase-Locking Value,Alpha,,FT9,Oz,0.5700183816286778
MODULATION_DATASET,Raw EEG Phase-Locking Value,Alpha,,FT9,O2,0.5000543019495658
MODULATION_DATASET,Raw EEG Phase-Locking Value,Alpha,,FT9,PO9,0.5173205254616259
MODULATION_DATASET,Raw EEG Phase-Locking Value,Alpha,,FT9,PO10,0.2344638374776091
MODULATION_DATASET,Raw EEG Phase-Locking Value,Alpha,,FT10,T7,0.3266053915143066
MODULATION_DATASET,Raw EEG Phase-Locking Value,Alpha,,FT10,T8,0.7503914971076953
MODULATION_DATASET,Raw EEG Phase-Locking Value,Alpha,,FT10,CP1,0.2753522612770859
MODULATION_DATASET,Raw EEG Phase-Locking Value,Alpha,,FT10,CP2,0.20335066750576758
MODULATION_DATASET,Raw EEG Phase-Locking Value,Alpha,,FT10,CP5,0.21485043490398648
MODULATION_DATASET,Raw EEG Phase-Locking Value,Alpha,,FT10,CP6,0.3960519590552868
MODULATION_DATASET,Raw EEG Phase-Locking Value,Alpha,,FT10,P3,0.3894532931330576
MODULATION_DATASET,Raw EEG Phase-Locking Value,Alpha,,FT10,Pz,0.26360979131137574
MODULATION_DATASET,Raw EEG Phase-Locking Value,Alpha,,FT10,P4,0.18575107155407314
MODULATION_DATASET,Raw EEG Phase-Locking Value,Alpha,,FT10,P7,0.6195361180151248
MODULATION_DATASET,Raw EEG Phase-Locking Value,Alpha,,FT10,P8,0.1315976683588909
MODULATION_DATASET,Raw EEG Phase-Locking Value,Alpha,,FT10,O1,0.4135028801848996
MODULATION_DATASET,Raw EEG Phase-Locking Value,Alpha,,FT10,Oz,0.3345063510633337
MODULATION_DATASET,Raw EEG Phase-Locking Value,Alpha,,FT10,O2,0.25970087999307684
MODULATION_DATASET,Raw EEG Phase-Locking Value,Alpha,,FT10,PO9,0.3096461728054347
MODULATION_DATASET,Raw EEG Phase-Locking Value,Alpha,,FT10,PO10,0.14337953753257618
MODULATION_DATASET,Raw EEG Phase-Locking Value,Alpha,,T7,T8,0.3203289295165946
MODULATION_DATASET,Raw EEG Phase-Locking Value,Alpha,,T7,CP1,0.15111467804275394
MODULATION_DATASET,Raw EEG Phase-Locking Value,Alpha,,T7,CP2,0.12071055479702297
MODULATION_DATASET,Raw EEG Phase-Locking Value,Alpha,,T7,CP5,0.347298612565678
MODULATION_DATASET,Raw EEG Phase-Locking Value,Alpha,,T7,CP6,0.09990409457267098
MODULATION_DATASET,Raw EEG Phase-Locking Value,Alpha,,T7,P3,0.22250587135330568
MODULATION_DATASET,Raw EEG Phase-Locking Value,Alpha,,T7,Pz,0.18880555661078857
MODULATION_DATASET,Raw EEG Phase-Locking Value,Alpha,,T7,P4,0.2076630330791347
MODULATION_DATASET,Raw EEG Phase-Locking Value,Alpha,,T7,P7,0.3864278353421318
MODULATION_DATASET,Raw EEG Phase-Locking Value,Alpha,,T7,P8,0.26175125224461143
MODULATION_DATASET,Raw EEG Phase-Locking Value,Alpha,,T7,O1,0.4990393157441004
MODULATION_DATASET,Raw EEG Phase-Locking Value,Alpha,,T7,Oz,0.45951386042408876
MODULATION_DATASET,Raw EEG Phase-Locking Value,Alpha,,T7,O2,0.43745783693083007
MODULATION_DATASET,Raw EEG Phase-Locking Value,Alpha,,T7,PO9,0.7194796368105232
MODULATION_DATASET,Raw EEG Phase-Locking Value,Alpha,,T7,PO10,0.37681888705990113
MODULATION_DATASET,Raw EEG Phase-Locking Value,Alpha,,T8,CP1,0.173862264120517
MODULATION_DATASET,Raw EEG Phase-Locking Value,Alpha,,T8,CP2,0.34740299165710053
MODULATION_DATASET,Raw EEG Phase-Locking Value,Alpha,,T8,CP5,0.06077783780980485
MODULATION_DATASET,Raw EEG Phase-Locking Value,Alpha,,T8,CP6,0.721914613925876
MODULATION_DATASET,Raw EEG Phase-Locking Value,Alpha,,T8,P3,0.14405545974810824
MODULATION_DATASET,Raw EEG Phase-Locking Value,Alpha,,T8,Pz,0.1912034622797427
MODULATION_DATASET,Raw EEG Phase-Locking Value,Alpha,,T8,P4,0.29790081301436455
MODULATION_DATASET,Raw EEG Phase-Locking Value,Alpha,,T8,P7,0.40736105314973103
MODULATION_DATASET,Raw EEG Phase-Locking Value,Alpha,,T8,P8,0.33827536815699527
MODULATION_DATASET,Raw EEG Phase-Locking Value,Alpha,,T8,O1,0.2149757744967004
MODULATION_DATASET,Raw EEG Phase-Locking Value,Alpha,,T8,Oz,0.14358687176936857
MODULATION_DATASET,Raw EEG Phase-Locking Value,Alpha,,T8,O2,0.1020295154928922
MODULATION_DATASET,Raw EEG Phase-Locking Value,Alpha,,T8,PO9,0.291540306848343
MODULATION_DATASET,Raw EEG Phase-Locking Value,Alpha,,T8,PO10,0.20655487002103923
MODULATION_DATASET,Raw EEG Phase-Locking Value,Alpha,,CP1,CP2,0.8535491441224685
MODULATION_DATASET,Raw EEG Phase-Locking Value,Alpha,,CP1,CP5,0.5092072006064398
MODULATION_DATASET,Raw EEG Phase-Locking Value,Alpha,,CP1,CP6,0.4403269356391825
MODULATION_DATASET,Raw EEG Phase-Locking Value,Alpha,,CP1,P3,0.9017483821870004
MODULATION_DATASET,Raw EEG Phase-Locking Value,Alpha,,CP1,Pz,0.9466661476586103
MODULATION_DATASET,Raw EEG Phase-Locking Value,Alpha,,CP1,P4,0.7880098148994121
MODULATION_DATASET,Raw EEG Phase-Locking Value,Alpha,,CP1,P7,0.5273999623751562
MODULATION_DATASET,Raw EEG Phase-Locking Value,Alpha,,CP1,P8,0.43942158894395356
MODULATION_DATASET,Raw EEG Phase-Locking Value,Alpha,,CP1,O1,0.6915691520040401
MODULATION_DATASET,Raw EEG Phase-Locking Value,Alpha,,CP1,Oz,0.7195571970635054
MODULATION_DATASET,Raw EEG Phase-Locking Value,Alpha,,CP1,O2,0.657854054705741
MODULATION_DATASET,Raw EEG Phase-Locking Value,Alpha,,CP1,PO9,0.19092486877162687
MODULATION_DATASET,Raw EEG Phase-Locking Value,Alpha,,CP1,PO10,0.3136527266565948
MODULATION_DATASET,Raw EEG Phase-Locking Value,Alpha,,CP2,CP5,0.3941412610838781
MODULATION_DATASET,Raw EEG Phase-Locking Value,Alpha,,CP2,CP6,0.6553092198505582
MODULATION_DATASET,Raw EEG Phase-Locking Value,Alpha,,CP2,P3,0.7197734330589579
MODULATION_DATASET,Raw EEG Phase-Locking Value,Alpha,,CP2,Pz,0.8946894883842482
MODULATION_DATASET,Raw EEG Phase-Locking Value,Alpha,,CP2,P4,0.8955602576954389
MODULATION_DATASET,Raw EEG Phase-Locking Value,Alpha,,CP2,P7,0.35225278399714954
MODULATION_DATASET,Raw EEG Phase-Locking Value,Alpha,,CP2,P8,0.5650248114629259
MODULATION_DATASET,Raw EEG Phase-Locking Value,Alpha,,CP2,O1,0.5677032307167129
MODULATION_DATASET,Raw EEG Phase-Locking Value,Alpha,,CP2,Oz,0.6457763185607822
MODULATION_DATASET,Raw EEG Phase-Locking Value,Alpha,,CP2,O2,0.6432990420691651
MODULATION_DATASET,Raw EEG Phase-Locking Value,Alpha,,CP2,PO9,0.11706587860958846
MODULATION_DATASET,Raw EEG Phase-Locking Value,Alpha,,CP2,PO10,0.3992179859898071
MODULATION_DATASET,Raw EEG Phase-Locking Value,Alpha,,CP5,CP6,0.1491641265102507
MODULATION_DATASET,Raw EEG Phase-Locking Value,Alpha,,CP5,P3,0.5095443449640509
MODULATION_DATASET,Raw EEG Phase-Locking Value,Alpha,,CP5,Pz,0.43244556899415687
MODULATION_DATASET,Raw EEG Phase-Locking Value,Alpha,,CP5,P4,0.25640160473124624
MODULATION_DATASET,Raw EEG Phase-Locking Value,Alpha,,CP5,P7,0.3548963735623079
MODULATION_DATASET,Raw EEG Phase-Locking Value,Alpha,,CP5,P8,0.03422489653025557
MODULATION_DATASET,Raw EEG Phase-Locking Value,Alpha,,CP5,O1,0.17026893456889217
MODULATION_DATASET,Raw EEG Phase-Locking Value,Alpha,,CP5,Oz,0.15133149939857748
MODULATION_DATASET,Raw EEG Phase-Locking Value,Alpha,,CP5,O2,0.09649066079649407
MODULATION_DATASET,Raw EEG Phase-Locking Value,Alpha,,CP5,PO9,0.25581542167396537
MODULATION_DATASET,Raw EEG Phase-Locking Value,Alpha,,CP5,PO10,0.1880875103709616
MODULATION_DATASET,Raw EEG Phase-Locking Value,Alpha,,CP6,P3,0.28285892138563923
MODULATION_DATASET,Raw EEG Phase-Locking Value,Alpha,,CP6,Pz,0.48373928368016933
MODULATION_DATASET,Raw EEG Phase-Locking Value,Alpha,,CP6,P4,0.6551565563244124
MODULATION_DATASET,Raw EEG Phase-Locking Value,Alpha,,CP6,P7,0.15579228517692184
MODULATION_DATASET,Raw EEG Phase-Locking Value,Alpha,,CP6,P8,0.6482699252177763
MODULATION_DATASET,Raw EEG Phase-Locking Value,Alpha,,CP6,O1,0.21903238333110894
MODULATION_DATASET,Raw EEG Phase-Locking Value,Alpha,,CP6,Oz,0.3153508910978389
MODULATION_DATASET,Raw EEG Phase-Locking Value,Alpha,,CP6,O2,0.3872641889164634
MODULATION_DATASET,Raw EEG Phase-Locking Value,Alpha,,CP6,PO9,0.07176607823011132
MODULATION_DATASET,Raw EEG Phase-Locking Value,Alpha,,CP6,PO10,0.44190707577889293
MODULATION_DATASET,Raw EEG Phase-Locking Value,Alpha,,P3,Pz,0.8763912420690674
MODULATION_DATASET,Raw EEG Phase-Locking Value,Alpha,,P3,P4,0.6826004682698187
MODULATION_DATASET,Raw EEG Phase-Locking Value,Alpha,,P3,P7,0.6659972298448499
MODULATION_DATASET,Raw EEG Phase-Locking Value,Alpha,,P3,P8,0.3549150780415964
MODULATION_DATASET,Raw EEG Phase-Locking Value,Alpha,,P3,O1,0.7687375520616937
MODULATION_DATASET,Raw EEG Phase-Locking Value,Alpha,,P3,Oz,0.750991223778927
MODULATION_DATASET,Raw EEG Phase-Locking Value,Alpha,,P3,O2,0.6562273946016444
MODULATION_DATASET,Raw EEG Phase-Locking Value,Alpha,,P3,PO9,0.2859094180619952
MODULATION_DATASET,Raw EEG Phase-Locking Value,Alpha,,P3,PO10,0.2687438566134648
MODULATION_DATASET,Raw EEG Phase-Locking Value,Alpha,,Pz,P4,0.8561100433726344
MODULATION_DATASET,Raw EEG Phase-Locking Value,Alpha,,Pz,P7,0.5012635321349163
MODULATION_DATASET,Raw EEG Phase-Locking Value,Alpha,,Pz,P8,0.5081601982079027
MODULATION_DATASET,Raw EEG Phase-Locking Value,Alpha,,Pz,O1,0.7122500943053512
MODULATION_DATASET,Raw EEG Phase-Locking Value,Alpha,,Pz,Oz,0.761285836906863
MODULATION_DATASET,Raw EEG Phase-Locking Value,Alpha,,Pz,O2,0.7166389885719338
MODULATION_DATASET,Raw EEG Phase-Locking Value,Alpha,,Pz,PO9,0.2226115034098427
MODULATION_DATASET,Raw EEG Phase-Locking Value,Alpha,,Pz,PO10,0.38073563188128695
MODULATION_DATASET,Raw EEG Phase-Locking Value,Alpha,,P4,P7,0.3565559115873307
MODULATION_DATASET,Raw EEG Phase-Locking Value,Alpha,,P4,P8,0.7244742169394751
MODULATION_DATASET,Raw EEG Phase-Locking Value,Alpha,,P4,O1,0.6341672607111666
MODULATION_DATASET,Raw EEG Phase-Locking Value,Alpha,,P4,Oz,0.7426989642677325
MODULATION_DATASET,Raw EEG Phase-Locking Value,Alpha,,P4,O2,0.7867494259650001
MODULATION_DATASET,Raw EEG Phase-Locking Value,Alpha,,P4,PO9,0.22860484909268078
MODULATION_DATASET,Raw EEG Phase-Locking Value,Alpha,,P4,PO10,0.5703905281171096
MODULATION_DATASET,Raw EEG Phase-Locking Value,Alpha,,P7,P8,0.16274977740695895
MODULATION_DATASET,Raw EEG Phase-Locking Value,Alpha,,P7,O1,0.6690372175010301
MODULATION_DATASET,Raw EEG Phase-Locking Value,Alpha,,P7,Oz,0.5681723145123934
MODULATION_DATASET,Raw EEG Phase-Locking Value,Alpha,,P7,O2,0.46531306690111496
MODULATION_DATASET,Raw EEG Phase-Locking Value,Alpha,,P7,PO9,0.4859436127147614
MODULATION_DATASET,Raw EEG Phase-Locking Value,Alpha,,P7,PO10,0.1796657216441483
MODULATION_DATASET,Raw EEG Phase-Locking Value,Alpha,,P8,O1,0.44105094372222164
MODULATION_DATASET,Raw EEG Phase-Locking Value,Alpha,,P8,Oz,0.5672149332346219
MODULATION_DATASET,Raw EEG Phase-Locking Value,Alpha,,P8,O2,0.7052503946565909
MODULATION_DATASET,Raw EEG Phase-Locking Value,Alpha,,P8,PO9,0.27014333863532797
MODULATION_DATASET,Raw EEG Phase-Locking Value,Alpha,,P8,PO10,0.851997195251741
MODULATION_DATASET,Raw EEG Phase-Locking Value,Alpha,,O1,Oz,0.9305397011711484
MODULATION_DATASET,Raw EEG Phase-Locking Value,Alpha,,O1,O2,0.8202155999790611
MODULATION_DATASET,Raw EEG Phase-Locking Value,Alpha,,O1,PO9,0.6023144445516376
MODULATION_DATASET,Raw EEG Phase-Locking Value,Alpha,,O1,PO10,0.45814915986757776
MODULATION_DATASET,Raw EEG Phase-Locking Value,Alpha,,Oz,O2,0.9243326209323315
MODULATION_DATASET,Raw EEG Phase-Locking Value,Alpha,,Oz,PO9,0.5409972257565896
MODULATION_DATASET,Raw EEG Phase-Locking Value,Alpha,,Oz,PO10,0.5705156010749702
MODULATION_DATASET,Raw EEG Phase-Locking Value,Alpha,,O2,PO9,0.4967170549831543
MODULATION_DATASET,Raw EEG Phase-Locking Value,Alpha,,O2,PO10,0.7026976203360923
MODULATION_DATASET,Raw EEG Phase-Locking Value,Alpha,,PO9,PO10,0.42367419428967534
MODULATION_DATASET,Raw EEG Phase-Locking Value,BetaL,,Fp1,Fp2,0.8468153592081381
MODULATION_DATASET,Raw EEG Phase-Locking Value,BetaL,,Fp1,F7,0.8216758962768723
MODULATION_DATASET,Raw EEG Phase-Locking Value,BetaL,,Fp1,F3,0.7759603225492776
MODULATION_DATASET,Raw EEG Phase-Locking Value,BetaL,,Fp1,Fz,0.7540730190514718
MODULATION_DATASET,Raw EEG Phase-Locking Value,BetaL,,Fp1,F4,0.7384203203064603
MODULATION_DATASET,Raw EEG Phase-Locking Value,BetaL,,Fp1,F8,0.6914942799227853
MODULATION_DATASET,Raw EEG Phase-Locking Value,BetaL,,Fp1,FC1,0.6111503458446339
MODULATION_DATASET,Raw EEG Phase-Locking Value,BetaL,,Fp1,FC2,0.6469385710344182
MODULATION_DATASET,Raw EEG Phase-Locking Value,BetaL,,Fp1,FC5,0.6544730052275153
MODULATION_DATASET,Raw EEG Phase-Locking Value,BetaL,,Fp1,FC6,0.6066565944797615
MODULATION_DATASET,Raw EEG Phase-Locking Value,BetaL,,Fp1,C3,0.3965303162023666
MODULATION_DATASET,Raw EEG Phase-Locking Value,BetaL,,Fp1,Cz,0.5198598383728041
MODULATION_DATASET,Raw EEG Phase-Locking Value,BetaL,,Fp1,C4,0.4449088386271813
MODULATION_DATASET,Raw EEG Phase-Locking Value,BetaL,,Fp1,FT9,0.6472674651733245
MODULATION_DATASET,Raw EEG Phase-Locking Value,BetaL,,Fp1,FT10,0.5701792405299355
MODULATION_DATASET,Raw EEG Phase-Locking Value,BetaL,,Fp1,T7,0.45492112650181943
MODULATION_DATASET,Raw EEG Phase-Locking Value,BetaL,,Fp1,T8,0.5006553020913872
MODULATION_DATASET,Raw EEG Phase-Locking Value,BetaL,,Fp1,CP1,0.0911714859229613
MODULATION_DATASET,Raw EEG Phase-Locking Value,BetaL,,Fp1,CP2,0.17689122129121496
MODULATION_DATASET,Raw EEG Phase-Locking Value,BetaL,,Fp1,CP5,0.10006125827354542
MODULATION_DATASET,Raw EEG Phase-Locking Value,BetaL,,Fp1,CP6,0.2926365759922282
MODULATION_DATASET,Raw EEG Phase-Locking Value,BetaL,,Fp1,P3,0.15546932861393747
MODULATION_DATASET,Raw EEG Phase-Locking Value,BetaL,,Fp1,Pz,0.09124344401009896
MODULATION_DATASET,Raw EEG Phase-Locking Value,BetaL,,Fp1,P4,0.10770584117605497
MODULATION_DATASET,Raw EEG Phase-Locking Value,BetaL,,Fp1,P7,0.4065405508935285
MODULATION_DATASET,Raw EEG Phase-Locking Value,BetaL,,Fp1,P8,0.09543534481651704
MODULATION_DATASET,Raw EEG Phase-Locking Value,BetaL,,Fp1,O1,0.28867108028897664
MODULATION_DATASET,Raw EEG Phase-Locking Value,BetaL,,Fp1,Oz,0.21066378813671402
MODULATION_DATASET,Raw EEG Phase-Locking Value,BetaL,,Fp1,O2,0.15031914571741886
MODULATION_DATASET,Raw EEG Phase-Locking Value,BetaL,,Fp1,PO9,0.3063089330057196
MODULATION_DATASET,Raw EEG Phase-Locking Value,BetaL,,Fp1,PO10,0.038080060000314574
MODULATION_DATASET,Raw EEG Phase-Locking Value,BetaL,,Fp2,F7,0.7145493365339112
MODULATION_DATASET,Raw EEG Phase-Locking Value,BetaL,,Fp2,F3,0.7360804309680505
MODULATION_DATASET,Raw EEG Phase-Locking Value,BetaL,,Fp2,Fz,0.7499621458978943
MODULATION_DATASET,Raw EEG Phase-Locking Value,BetaL,,Fp2,F4,0.8006687277216324
MODULATION_DATASET,Raw EEG Phase-Locking Value,BetaL,,Fp2,F8,0.7991906460524609
MODULATION_DATASET,Raw EEG Phase-Locking Value,BetaL,,Fp2,FC1,0.5940939725801608
MODULATION_DATASET,Raw EEG Phase-Locking Value,BetaL,,Fp2,FC2,0.673597506700683
MODULATION_DATASET,Raw EEG Phase-Locking Value,BetaL,,Fp2,FC5,0.5743657955506003
MODULATION_DATASET,Raw EEG Phase-Locking Value,BetaL,,Fp2,FC6,0.6856279918819121
MODULATION_DATASET,Raw EEG Phase-Locking Value,BetaL,,Fp2,C3,0.36230806574924557
MODULATION_DATASET,Raw EEG Phase-Locking Value,BetaL,,Fp2,Cz,0.5183342841721291
MODULATION_DATASET,Raw EEG Phase-Locking Value,BetaL,,Fp2,C4,0.5056174281008644
MODULATION_DATASET,Raw EEG Phase-Locking Value,BetaL,,Fp2,FT9,0.5879241157889415
MODULATION_DATASET,Raw EEG Phase-Locking Value,BetaL,,Fp2,FT10,0.652320403180111
MODULATION_DATASET,Raw EEG Phase-Locking Value,BetaL,,Fp2,T7,0.37476596329794176
MODULATION_DATASET,Raw EEG Phase-Locking Value,BetaL,,Fp2,T8,0.5894861413763568
MODULATION_DATASET,Raw EEG Phase-Locking Value,BetaL,,Fp2,CP1,0.09558147556235515
MODULATION_DATASET,Raw EEG Phase-Locking Value,BetaL,,Fp2,CP2,0.2090549277298613
MODULATION_DATASET,Raw EEG Phase-Locking Value,BetaL,,Fp2,CP5,0.07654681035014003
MODULATION_DATASET,Raw EEG Phase-Locking Value,BetaL,,Fp2,CP6,0.3645827204191659
MODULATION_DATASET,Raw EEG Phase-Locking Value,BetaL,,Fp2,P3,0.13601736633516634
MODULATION_DATASET,Raw EEG Phase-Locking Value,BetaL,,Fp2,Pz,0.0982831779003141
MODULATION_DATASET,Raw EEG Phase-Locking Value,BetaL,,Fp2,P4,0.1427752592359471
MODULATION_DATASET,Raw EEG Phase-Locking Value,BetaL,,Fp2,P7,0.39387051353922503
MODULATION_DATASET,Raw EEG Phase-Locking Value,BetaL,,Fp2,P8,0.15221082954612022
MODULATION_DATASET,Raw EEG Phase-Locking Value,BetaL,,Fp2,O1,0.25043831226946955
MODULATION_DATASET,Raw EEG Phase-Locking Value,BetaL,,Fp2,Oz,0.17032041270230433
MODULATION_DATASET,Raw EEG Phase-Locking Value,BetaL,,Fp2,O2,0.1107789844646107
MODULATION_DATASET,Raw EEG Phase-Locking Value,BetaL,,Fp2,PO9,0.25654756269699674
MODULATION_DATASET,Raw EEG Phase-Locking Value,BetaL,,Fp2,PO10,0.08093958435612948
MODULATION_DATASET,Raw EEG Phase-Locking Value,BetaL,,F7,F3,0.7465964818864254
MODULATION_DATASET,Raw EEG Phase-Locking Value,BetaL,,F7,Fz,0.6898448439990461
MODULATION_DATASET,Raw EEG Phase-Locking Value,BetaL,,F7,F4,0.6379776429083813
MODULATION_DATASET,Raw EEG Phase-Locking Value,BetaL,,F7,F8,0.5763161955746668
MODULATION_DATASET,Raw EEG Phase-Locking Value,BetaL,,F7,FC1,0.585843866314318
MODULATION_DATASET,Raw EEG Phase-Locking Value,BetaL,,F7,FC2,0.5803568563439481
MODULATION_DATASET,Raw EEG Phase-Locking Value,BetaL,,F7,FC5,0.733339487644854
MODULATION_DATASET,Raw EEG Phase-Locking Value,BetaL,,F7,FC6,0.513020381420214
MODULATION_DATASET,Raw EEG Phase-Locking Value,BetaL,,F7,C3,0.43772751943352467
MODULATION_DATASET,Raw EEG Phase-Locking Value,BetaL,,F7,Cz,0.4910858843426342
MODULATION_DATASET,Raw EEG Phase-Locking Value,BetaL,,F7,C4,0.37240136938869856
MODULATION_DATASET,Raw EEG Phase-Locking Value,BetaL,,F7,FT9,0.7094416775574944
MODULATION_DATASET,Raw EEG Phase-Locking Value,BetaL,,F7,FT10,0.4733477972950858
MODULATION_DATASET,Raw EEG Phase-Locking Value,BetaL,,F7,T7,0.5717206327473654
MODULATION_DATASET,Raw EEG Phase-Locking Value,BetaL,,F7,T8,0.4142403980079242
MODULATION_DATASET,Raw EEG Phase-Locking Value,BetaL,,F7,CP1,0.0857144549313318
MODULATION_DATASET,Raw EEG Phase-Locking Value,BetaL,,F7,CP2,0.13923990949320678
MODULATION_DATASET,Raw EEG Phase-Locking Value,BetaL,,F7,CP5,0.13937294699400068
MODULATION_DATASET,Raw EEG Phase-Locking Value,BetaL,,F7,CP6,0.22669276923098558
MODULATION_DATASET,Raw EEG Phase-Locking Value,BetaL,,F7,P3,0.16465457076188605
MODULATION_DATASET,Raw EEG Phase-Locking Value,BetaL,,F7,Pz,0.086026386594853
MODULATION_DATASET,Raw EEG Phase-Locking Value,BetaL,,F7,P4,0.07782156999033348
MODULATION_DATASET,Raw EEG Phase-Locking Value,BetaL,,F7,P7,0.40732046387010085
MODULATION_DATASET,Raw EEG Phase-Locking Value,BetaL,,F7,P8,0.042223752395721105
MODULATION_DATASET,Raw EEG Phase-Locking Value,BetaL,,F7,O1,0.3363056735881647
MODULATION_DATASET,Raw EEG Phase-Locking Value,BetaL,,F7,Oz,0.25690613717748534
MODULATION_DATASET,Raw EEG Phase-Locking Value,BetaL,,F7,O2,0.19473233194560496
MODULATION_DATASET,Raw EEG Phase-Locking Value,BetaL,,F7,PO9,0.376278776932085
MODULATION_DATASET,Raw EEG Phase-Locking Value,BetaL,,F7,PO10,0.0163587182554378
MODULATION_DATASET,Raw EEG Phase-Locking Value,BetaL,,F3,Fz,0.9233619669058385
MODULATION_DATASET,Raw EEG Phase-Locking Value,BetaL,,F3,F4,0.8302075237965946
MODULATION_DATASET,Raw EEG Phase-Locking Value,BetaL,,F3,F8,0.633642193195965
MODULATION_DATASET,Raw EEG Phase-Locking Value,BetaL,,F3,FC1,0.8458213813973402
MODULATION_DATASET,Raw EEG Phase-Locking Value,BetaL,,F3,FC2,0.8383718902257553
MODULATION_DATASET,Raw EEG Phase-Locking Value,BetaL,,F3,FC5,0.8062172501381653
MODULATION_DATASET,Raw EEG Phase-Locking Value,BetaL,,F3,FC6,0.7111332678043764
MODULATION_DATASET,Raw EEG Phase-Locking Value,BetaL,,F3,C3,0.6389542198365333
MODULATION_DATASET,Raw EEG Phase-Locking Value,BetaL,,F3,Cz,0.7606748932285579
MODULATION_DATASET,Raw EEG Phase-Locking Value,BetaL,,F3,C4,0.6084455018564314
MODULATION_DATASET,Raw EEG Phase-Locking Value,BetaL,,F3,FT9,0.48810135512103947
MODULATION_DATASET,Raw EEG Phase-Locking Value,BetaL,,F3,FT10,0.4700603955080234
MODULATION_DATASET,Raw EEG Phase-Locking Value,BetaL,,F3,T7,0.5346503664483127
MODULATION_DATASET,Raw EEG Phase-Locking Value,BetaL,,F3,T8,0.5729950915087022
MODULATION_DATASET,Raw EEG Phase-Locking Value,BetaL,,F3,CP1,0.2624034237191321
MODULATION_DATASET,Raw EEG Phase-Locking Value,BetaL,,F3,CP2,0.3693841866090259
MODULATION_DATASET,Raw EEG Phase-Locking Value,BetaL,,F3,CP5,0.2725959454413998
MODULATION_DATASET,Raw EEG Phase-Locking Value,BetaL,,F3,CP6,0.4196103851049203
MODULATION_DATASET,Raw EEG Phase-Locking Value,BetaL,,F3,P3,0.09244239101745243
MODULATION_DATASET,Raw EEG Phase-Locking Value,BetaL,,F3,Pz,0.24326741852744102
MODULATION_DATASET,Raw EEG Phase-Locking Value,BetaL,,F3,P4,0.2555825991900864
MODULATION_DATASET,Raw EEG Phase-Locking Value,BetaL,,F3,P7,0.25945020019913073
MODULATION_DATASET,Raw EEG Phase-Locking Value,BetaL,,F3,P8,0.16898205528516555
MODULATION_DATASET,Raw EEG Phase-Locking Value,BetaL,,F3,O1,0.17176837736662506
MODULATION_DATASET,Raw EEG Phase-Locking Value,BetaL,,F3,Oz,0.09618489336585524
MODULATION_DATASET,Raw EEG Phase-Locking Value,BetaL,,F3,O2,0.04597889305335411
MODULATION_DATASET,Raw EEG Phase-Locking Value,BetaL,,F3,PO9,0.363480328736623
MODULATION_DATASET,Raw EEG Phase-Locking Value,BetaL,,F3,PO10,0.04471250949049709
MODULATION_DATASET,Raw EEG Phase-Locking Value,BetaL,,Fz,F4,0.8849369530051651
MODULATION_DATASET,Raw EEG Phase-Locking Value,BetaL,,Fz,F8,0.6593977485300313
MODULATION_DATASET,Raw EEG Phase-Locking Value,BetaL,,Fz,FC1,0.8536397963326152
MODULATION_DATASET,Raw EEG Phase-Locking Value,BetaL,,Fz,FC2,0.8993465483873744
MODULATION_DATASET,Raw EEG Phase-Locking Value,BetaL,,Fz,FC5,0.7327541813271979
MODULATION_DATASET,Raw EEG Phase-Locking Value,BetaL,,Fz,FC6,0.7554361093238189
MODULATION_DATASET,Raw EEG Phase-Locking Value,BetaL,,Fz,C3,0.5985665212038428
MODULATION_DATASET,Raw EEG Phase-Locking Value,BetaL,,Fz,Cz,0.793675382492392
MODULATION_DATASET,Raw EEG Phase-Locking Value,BetaL,,Fz,C4,0.6529219765095243
MODULATION_DATASET,Raw EEG Phase-Locking Value,BetaL,,Fz,FT9,0.4550257379643251
MODULATION_DATASET,Raw EEG Phase-Locking Value,BetaL,,Fz,FT10,0.48396178489198866
MODULATION_DATASET,Raw EEG Phase-Locking Value,BetaL,,Fz,T7,0.47285164712650846
MODULATION_DATASET,Raw EEG Phase-Locking Value,BetaL,,Fz,T8,0.6026463054246807
MODULATION_DATASET,Raw EEG Phase-Locking Value,BetaL,,Fz,CP1,0.26436214312188133
MODULATION_DATASET,Raw EEG Phase-Locking Value,BetaL,,Fz,CP2,0.3871158359643568
MODULATION_DATASET,Raw EEG Phase-Locking Value,BetaL,,Fz,CP5,0.23509389488776264
MODULATION_DATASET,Raw EEG Phase-Locking Value,BetaL,,Fz,CP6,0.44592745474667844
MODULATION_DATASET,Raw EEG Phase-Locking Value,BetaL,,Fz,P3,0.09092313626898521
MODULATION_DATASET,Raw EEG Phase-Locking Value,BetaL,,Fz,Pz,0.25111677385088804
MODULATION_DATASET,Raw EEG Phase-Locking Value,BetaL,,Fz,P4,0.2734348402362747
MODULATION_DATASET,Raw EEG Phase-Locking Value,BetaL,,Fz,P7,0.2609169780692818
MODULATION_DATASET,Raw EEG Phase-Locking Value,BetaL,,Fz,P8,0.17774417798901057
MODULATION_DATASET,Raw EEG Phase-Locking Value,BetaL,,Fz,O1,0.16195392678092804
MODULATION_DATASET,Raw EEG Phase-Locking Value,BetaL,,Fz,Oz,0.08875506080961158
MODULATION_DATASET,Raw EEG Phase-Locking Value,BetaL,,Fz,O2,0.040700052140079546
MODULATION_DATASET,Raw EEG Phase-Locking Value,BetaL,,Fz,PO9,0.3343228074693048
MODULATION_DATASET,Raw EEG Phase-Locking Value,BetaL,,Fz,PO10,0.03741966223496899
MODULATION_DATASET,Raw EEG Phase-Locking Value,BetaL,,F4,F8,0.7870633894368809
MODULATION_DATASET,Raw EEG Phase-Locking Value,BetaL,,F4,FC1,0.7524865248969307
MODULATION_DATASET,Raw EEG Phase-Locking Value,BetaL,,F4,FC2,0.8778560154505657
MODULATION_DATASET,Raw EEG Phase-Locking Value,BetaL,,F4,FC5,0.617033918769744
MODULATION_DATASET,Raw EEG Phase-Locking Value,BetaL,,F4,FC6,0.8689224615082883
MODULATION_DATASET,Raw EEG Phase-Locking Value,BetaL,,F4,C3,0.4851366319934144
MODULATION_DATASET,Raw EEG Phase-Locking Value,BetaL,,F4,Cz,0.7031951594205299
MODULATION_DATASET,Raw EEG Phase-Locking Value,BetaL,,F4,C4,0.7244318184418453
MODULATION_DATASET,Raw EEG Phase-Locking Value,BetaL,,F4,FT9,0.4687464655900504
MODULATION_DATASET,Raw EEG Phase-Locking Value,BetaL,,F4,FT10,0.6027574680397698
MODULATION_DATASET,Raw EEG Phase-Locking Value,BetaL,,F4,T7,0.3820664282282568
MODULATION_DATASET,Raw EEG Phase-Locking Value,BetaL,,F4,T8,0.7219106400118162
MODULATION_DATASET,Raw EEG Phase-Locking Value,BetaL,,F4,CP1,0.22565424012733706
MODULATION_DATASET,Raw EEG Phase-Locking Value,BetaL,,F4,CP2,0.38788166280408737
MODULATION_DATASET,Raw EEG Phase-Locking Value,BetaL,,F4,CP5,0.13903602890312317
MODULATION_DATASET,Raw EEG Phase-Locking Value,BetaL,,F4,CP6,0.532056477653065
MODULATION_DATASET,Raw EEG Phase-Locking Value,BetaL,,F4,P3,0.0575545904550871
MODULATION_DATASET,Raw EEG Phase-Locking Value,BetaL,,F4,Pz,0.22948037211913555
MODULATION_DATASET,Raw EEG Phase-Locking Value,BetaL,,F4,P4,0.2946832629415534
MODULATION_DATASET,Raw EEG Phase-Locking Value,BetaL,,F4,P7,0.3049490151760486
MODULATION_DATASET,Raw EEG Phase-Locking Value,BetaL,,F4,P8,0.24398119913219918
MODULATION_DATASET,Raw EEG Phase-Locking Value,BetaL,,F4,O1,0.15792961951595116
MODULATION_DATASET,Raw EEG Phase-Locking Value,BetaL,,F4,Oz,0.07882951448731147
MODULATION_DATASET,Raw EEG Phase-Locking Value,BetaL,,F4,O2,0.027876556994011967
MODULATION_DATASET,Raw EEG Phase-Locking Value,BetaL,,F4,PO9,0.2746387042079934
MODULATION_DATASET,Raw EEG Phase-Locking Value,BetaL,,F4,PO10,0.09387455902893221
MODULATION_DATASET,Raw EEG Phase-Locking Value,BetaL,,F8,FC1,0.5255379747618886
MODULATION_DATASET,Raw EEG Phase-Locking Value,BetaL,,F8,FC2,0.6374983229029872
MODULATION_DATASET,Raw EEG Phase-Locking Value,BetaL,,F8,FC5,0.45452708867787806
MODULATION_DATASET,Raw EEG Phase-Locking Value,BetaL,,F8,FC6,0.778662553077449
MODULATION_DATASET,Raw EEG Phase-Locking Value,BetaL,,F8,C3,0.2905226304321683
MODULATION_DATASET,Raw EEG Phase-Locking Value,BetaL,,F8,Cz,0.46667669715221066
MODULATION_DATASET,Raw EEG Phase-Locking Value,BetaL,,F8,C4,0.5831186053671955
MODULATION_DATASET,Raw EEG Phase-Locking Value,BetaL,,F8,FT9,0.5283239965059677
MODULATION_DATASET,Raw EEG Phase-Locking Value,BetaL,,F8,FT10,0.8032625529096793
MODULATION_DATASET,Raw EEG Phase-Locking Value,BetaL,,F8,T7,0.27202724266726624
MODULATION_DATASET,Raw EEG Phase-Locking Value,BetaL,,F8,T8,0.7419621783647058
MODULATION_DATASET,Raw EEG Phase-Locking Value,BetaL,,F8,CP1,0.09980825173859545
MODULATION_DATASET,Raw EEG Phase-Locking Value,BetaL,,F8,CP2,0.25401326163778426
MODULATION_DATASET,Raw EEG Phase-Locking Value,BetaL,,F8,CP5,0.07342144204308625
MODULATION_DATASET,Raw EEG Phase-Locking Value,BetaL,,F8,CP6,0.4894266505247942
MODULATION_DATASET,Raw EEG Phase-Locking Value,BetaL,,F8,P3,0.1191324484118215
MODULATION_DATASET,Raw EEG Phase-Locking Value,BetaL,,F8,Pz,0.11327908805519882
MODULATION_DATASET,Raw EEG Phase-Locking Value,BetaL,,F8,P4,0.20713389802649565
MODULATION_DATASET,Raw EEG Phase-Locking Value,BetaL,,F8,P7,0.39007690355983654
MODULATION_DATASET,Raw EEG Phase-Locking Value,BetaL,,F8,P8,0.2670733016389908
MODULATION_DATASET,Raw EEG Phase-Locking Value,BetaL,,F8,O1,0.19460682179070873
MODULATION_DATASET,Raw EEG Phase-Locking Value,BetaL,,F8,Oz,0.1106555273597929
MODULATION_DATASET,Raw EEG Phase-Locking Value,BetaL,,F8,O2,0.04908962044708006
MODULATION_DATASET,Raw EEG Phase-Locking Value,BetaL,,F8,PO9,0.18170304147420988
MODULATION_DATASET,Raw EEG Phase-Locking Value,BetaL,,F8,PO10,0.1814455030808642
MODULATION_DATASET,Raw EEG Phase-Locking Value,BetaL,,FC1,FC2,0.841768395681828
MODULATION_DATASET,Raw EEG Phase-Locking Value,BetaL,,FC1,FC5,0.7529369104791579
MODULATION_DATASET,Raw EEG Phase-Locking Value,BetaL,,FC1,FC6,0.6830103924061941
MODULATION_DATASET,Raw EEG Phase-Locking Value,BetaL,,FC1,C3,0.7396519758418246
MODULATION_DATASET,Raw EEG Phase-Locking Value,BetaL,,FC1,Cz,0.8566146623026566
MODULATION_DATASET,Raw EEG Phase-Locking Value,BetaL,,FC1,C4,0.6538203247052099
MODULATION_DATASET,Raw EEG Phase-Locking Value,BetaL,,FC1,FT9,0.3375177707034034
MODULATION_DATASET,Raw EEG Phase-Locking Value,BetaL,,FC1,FT10,0.3715309721371092
MODULATION_DATASET,Raw EEG Phase-Locking Value,BetaL,,FC1,T7,0.49696210138628694
MODULATION_DATASET,Raw EEG Phase-Locking Value,BetaL,,FC1,T8,0.5517881263667105
MODULATION_DATASET,Raw EEG Phase-Locking Value,BetaL,,FC1,CP1,0.42827317644454566
MODULATION_DATASET,Raw EEG Phase-Locking Value,BetaL,,FC1,CP2,0.5085542724973946
MODULATION_DATASET,Raw EEG Phase-Locking Value,BetaL,,FC1,CP5,0.4006666913693091
MODULATION_DATASET,Raw EEG Phase-Locking Value,BetaL,,FC1,CP6,0.47089580531702835
MODULATION_DATASET,Raw EEG Phase-Locking Value,BetaL,,FC1,P3,0.2559559012538611
MODULATION_DATASET,Raw EEG Phase-Locking Value,BetaL,,FC1,Pz,0.40052647668302316
MODULATION_DATASET,Raw EEG Phase-Locking Value,BetaL,,FC1,P4,0.37724941140083224
MODULATION_DATASET,Raw EEG Phase-Locking Value,BetaL,,FC1,P7,0.11576008837813723
MODULATION_DATASET,Raw EEG Phase-Locking Value,BetaL,,FC1,P8,0.21735817890586967
MODULATION_DATASET,Raw EEG Phase-Locking Value,BetaL,,FC1,O1,0.03959691263539112
MODULATION_DATASET,Raw EEG Phase-Locking Value,BetaL,,FC1,Oz,0.038841371014292206
MODULATION_DATASET,Raw EEG Phase-Locking Value,BetaL,,FC1,O2,0.06536019244782773
MODULATION_DATASET,Raw EEG Phase-Locking Value,BetaL,,FC1,PO9,0.32808587268064154
MODULATION_DATASET,Raw EEG Phase-Locking Value,BetaL,,FC1,PO10,0.06532620636773645
MODULATION_DATASET,Raw EEG Phase-Locking Value,BetaL,,FC2,FC5,0.6435494790766041
MODULATION_DATASET,Raw EEG Phase-Locking Value,BetaL,,FC2,FC6,0.8087394898253761
MODULATION_DATASET,Raw EEG Phase-Locking Value,BetaL,,FC2,C3,0.5859600999376228
MODULATION_DATASET,Raw EEG Phase-Locking Value,BetaL,,FC2,Cz,0.8412784714022438
MODULATION_DATASET,Raw EEG Phase-Locking Value,BetaL,,FC2,C4,0.7678050005134964
MODULATION_DATASET,Raw EEG Phase-Locking Value,BetaL,,FC2,FT9,0.3780905849970598
MODULATION_DATASET,Raw EEG Phase-Locking Value,BetaL,,FC2,FT10,0.46745658961836256
MODULATION_DATASET,Raw EEG Phase-Locking Value,BetaL,,FC2,T7,0.40534910081980324
MODULATION_DATASET,Raw EEG Phase-Locking Value,BetaL,,FC2,T8,0.659383022936055
MODULATION_DATASET,Raw EEG Phase-Locking Value,BetaL,,FC2,CP1,0.340545463587512
MODULATION_DATASET,Raw EEG Phase-Locking Value,BetaL,,FC2,CP2,0.4934754730470144
MODULATION_DATASET,Raw EEG Phase-Locking Value,BetaL,,FC2,CP5,0.23905410981713987
MODULATION_DATASET,Raw EEG Phase-Locking Value,BetaL,,FC2,CP6,0.5464690294388846
MODULATION_DATASET,Raw EEG Phase-Locking Value,BetaL,,FC2,P3,0.15069679964668153
MODULATION_DATASET,Raw EEG Phase-Locking Value,BetaL,,FC2,Pz,0.33955109533596106
MODULATION_DATASET,Raw EEG Phase-Locking Value,BetaL,,FC2,P4,0.3754092093088378
MODULATION_DATASET,Raw EEG Phase-Locking Value,BetaL,,FC2,P7,0.21205921068115896
MODULATION_DATASET,Raw EEG Phase-Locking Value,BetaL,,FC2,P8,0.25072016366231187
MODULATION_DATASET,Raw EEG Phase-Locking Value,BetaL,,FC2,O1,0.08914049360460637
MODULATION_DATASET,Raw EEG Phase-Locking Value,BetaL,,FC2,Oz,0.03438433712908204
MODULATION_DATASET,Raw EEG Phase-Locking Value,BetaL,,FC2,O2,0.041711931731035504
MODULATION_DATASET,Raw EEG Phase-Locking Value,BetaL,,FC2,PO9,0.29031639500786693
MODULATION_DATASET,Raw EEG Phase-Locking Value,BetaL,,FC2,PO10,0.0731862898911204
MODULATION_DATASET,Raw EEG Phase-Locking Value,BetaL,,FC5,FC6,0.5080676447229598
MODULATION_DATASET,Raw EEG Phase-Locking Value,BetaL,,FC5,C3,0.7304957697544441
MODULATION_DATASET,Raw EEG Phase-Locking Value,BetaL,,FC5,Cz,0.649568720791255
MODULATION_DATASET,Raw EEG Phase-Locking Value,BetaL,,FC5,C4,0.43341389818522136
MODULATION_DATASET,Raw EEG Phase-Locking Value,BetaL,,FC5,FT9,0.4667128236183017
MODULATION_DATASET,Raw EEG Phase-Locking Value,BetaL,,FC5,FT10,0.31475583233978666
MODULATION_DATASET,Raw EEG Phase-Locking Value,BetaL,,FC5,T7,0.7130676615867856
MODULATION_DATASET,Raw EEG Phase-Locking Value,BetaL,,FC5,T8,0.3872939281373874
MODULATION_DATASET,Raw EEG Phase-Locking Value,BetaL,,FC5,CP1,0.250672033545828
MODULATION_DATASET,Raw EEG Phase-Locking Value,BetaL,,FC5,CP2,0.2811550319409651
MODULATION_DATASET,Raw EEG Phase-Locking Value,BetaL,,FC5,CP5,0.43782500090777926
MODULATION_DATASET,Raw EEG Phase-Locking Value,BetaL,,FC5,CP6,0.26438341407797067
MODULATION_DATASET,Raw EEG Phase-Locking Value,BetaL,,FC5,P3,0.11902780092331625
MODULATION_DATASET,Raw EEG Phase-Locking Value,BetaL,,FC5,Pz,0.20500147007404645
MODULATION_DATASET,Raw EEG Phase-Locking Value,BetaL,,FC5,P4,0.1613478821771949
MODULATION_DATASET,Raw EEG Phase-Locking Value,BetaL,,FC5,P7,0.17653789679703671
MODULATION_DATASET,Raw EEG Phase-Locking Value,BetaL,,FC5,P8,0.05272718597063654
MODULATION_DATASET,Raw EEG Phase-Locking Value,BetaL,,FC5,O1,0.20248615682275917
MODULATION_DATASET,Raw EEG Phase-Locking Value,BetaL,,FC5,Oz,0.14633823140923685
MODULATION_DATASET,Raw EEG Phase-Locking Value,BetaL,,FC5,O2,0.10869133242295607
MODULATION_DATASET,Raw EEG Phase-Locking Value,BetaL,,FC5,PO9,0.4475955252019937
MODULATION_DATASET,Raw EEG Phase-Locking Value,BetaL,,FC5,PO10,0.10175194725704627
MODULATION_DATASET,Raw EEG Phase-Locking Value,BetaL,,FC6,C3,0.4408093621242145
MODULATION_DATASET,Raw EEG Phase-Locking Value,BetaL,,FC6,Cz,0.6536938641692114
MODULATION_DATASET,Raw EEG Phase-Locking Value,BetaL,,FC6,C4,0.8438517712336144
MODULATION_DATASET,Raw EEG Phase-Locking Value,BetaL,,FC6,FT9,0.3928289275163343
MODULATION_DATASET,Raw EEG Phase-Locking Value,BetaL,,FC6,FT10,0.6467595985165107
MODULATION_DATASET,Raw EEG Phase-Locking Value,BetaL,,FC6,T7,0.3007425887350204
MODULATION_DATASET,Raw EEG Phase-Locking Value,BetaL,,FC6,T8,0.8677365763725702
MODULATION_DATASET,Raw EEG Phase-Locking Value,BetaL,,FC6,CP1,0.2954568739124503
MODULATION_DATASET,Raw EEG Phase-Locking Value,BetaL,,FC6,CP2,0.49260438696675307
MODULATION_DATASET,Raw EEG Phase-Locking Value,BetaL,,FC6,CP5,0.12786258470588482
MODULATION_DATASET,Raw EEG Phase-Locking Value,BetaL,,FC6,CP6,0.710423174196333
MODULATION_DATASET,Raw EEG Phase-Locking Value,BetaL,,FC6,P3,0.10037498910529422
MODULATION_DATASET,Raw EEG Phase-Locking Value,BetaL,,FC6,Pz,0.31787089536981833
MODULATION_DATASET,Raw EEG Phase-Locking Value,BetaL,,FC6,P4,0.42567577833693365
MODULATION_DATASET,Raw EEG Phase-Locking Value,BetaL,,FC6,P7,0.26410138733290384
MODULATION_DATASET,Raw EEG Phase-Locking Value,BetaL,,FC6,P8,0.39572613409850127
MODULATION_DATASET,Raw EEG Phase-Locking Value,BetaL,,FC6,O1,0.06491244740787439
MODULATION_DATASET,Raw EEG Phase-Locking Value,BetaL,,FC6,Oz,0.045265496472797435
MODULATION_DATASET,Raw EEG Phase-Locking Value,BetaL,,FC6,O2,0.09993874322181374
MODULATION_DATASET,Raw EEG Phase-Locking Value,BetaL,,FC6,PO9,0.2095746486188082
MODULATION_DATASET,Raw EEG Phase-Locking Value,BetaL,,FC6,PO10,0.20622225451887954
MODULATION_DATASET,Raw EEG Phase-Locking Value,BetaL,,C3,Cz,0.6947274353427072
MODULATION_DATASET,Raw EEG Phase-Locking Value,BetaL,,C3,C4,0.4602221562464959
MODULATION_DATASET,Raw EEG Phase-Locking Value,BetaL,,C3,FT9,0.21005339023517847
MODULATION_DATASET,Raw EEG Phase-Locking Value,BetaL,,C3,FT10,0.16809084467570717
MODULATION_DATASET,Raw EEG Phase-Locking Value,BetaL,,C3,T7,0.563454745465855
MODULATION_DATASET,Raw EEG Phase-Locking Value,BetaL,,C3,T8,0.3362008884406196
MODULATION_DATASET,Raw EEG Phase-Locking Value,BetaL,,C3,CP1,0.5131004337484043
MODULATION_DATASET,Raw EEG Phase-Locking Value,BetaL,,C3,CP2,0.4764380442372629
MODULATION_DATASET,Raw EEG Phase-Locking Value,BetaL,,C3,CP5,0.661405192271763
MODULATION_DATASET,Raw EEG Phase-Locking Value,BetaL,,C3,CP6,0.3217025867784537
MODULATION_DATASET,Raw EEG Phase-Locking Value,BetaL,,C3,P3,0.4085069548631653
MODULATION_DATASET,Raw EEG Phase-Locking Value,BetaL,,C3,Pz,0.45487931355503997
MODULATION_DATASET,Raw EEG Phase-Locking Value,BetaL,,C3,P4,0.3397523522789289
MODULATION_DATASET,Raw EEG Phase-Locking Value,BetaL,,C3,P7,0.09811832663704838
MODULATION_DATASET,Raw EEG Phase-Locking Value,BetaL,,C3,P8,0.12973822018333753
MODULATION_DATASET,Raw EEG Phase-Locking Value,BetaL,,C3,O1,0.04891113846848043
MODULATION_DATASET,Raw EEG Phase-Locking Value,BetaL,,C3,Oz,0.07832931983608346
MODULATION_DATASET,Raw EEG Phase-Locking Value,BetaL,,C3,O2,0.08292352547011353
MODULATION_DATASET,Raw EEG Phase-Locking Value,BetaL,,C3,PO9,0.35425323573329626
MODULATION_DATASET,Raw EEG Phase-Locking Value,BetaL,,C3,PO10,0.1075333765842124
MODULATION_DATASET,Raw EEG Phase-Locking Value,BetaL,,Cz,C4,0.6806388256037781
MODULATION_DATASET,Raw EEG Phase-Locking Value,BetaL,,Cz,FT9,0.2746166576455993
MODULATION_DATASET,Raw EEG Phase-Locking Value,BetaL,,Cz,FT10,0.31773791681037233
MODULATION_DATASET,Raw EEG Phase-Locking Value,BetaL,,Cz,T7,0.41943895040196183
MODULATION_DATASET,Raw EEG Phase-Locking Value,BetaL,,Cz,T8,0.5248781283578725
MODULATION_DATASET,Raw EEG Phase-Locking Value,BetaL,,Cz,CP1,0.4772478863043916
MODULATION_DATASET,Raw EEG Phase-Locking Value,BetaL,,Cz,CP2,0.5816660266935577
MODULATION_DATASET,Raw EEG Phase-Locking Value,BetaL,,Cz,CP5,0.3706601349639348
MODULATION_DATASET,Raw EEG Phase-Locking Value,BetaL,,Cz,CP6,0.48804564897723646
MODULATION_DATASET,Raw EEG Phase-Locking Value,BetaL,,Cz,P3,0.2969850823062326
MODULATION_DATASET,Raw EEG Phase-Locking Value,BetaL,,Cz,Pz,0.46474349741529686
MODULATION_DATASET,Raw EEG Phase-Locking Value,BetaL,,Cz,P4,0.4344232580753682
MODULATION_DATASET,Raw EEG Phase-Locking Value,BetaL,,Cz,P7,0.09674489606384638
MODULATION_DATASET,Raw EEG Phase-Locking Value,BetaL,,Cz,P8,0.22837934115915567
MODULATION_DATASET,Raw EEG Phase-Locking Value,BetaL,,Cz,O1,0.03686030460060903
MODULATION_DATASET,Raw EEG Phase-Locking Value,BetaL,,Cz,Oz,0.08575280421164085
MODULATION_DATASET,Raw EEG Phase-Locking Value,BetaL,,Cz,O2,0.10607527760718845
MODULATION_DATASET,Raw EEG Phase-Locking Value,BetaL,,Cz,PO9,0.29502395573850787
MODULATION_DATASET,Raw EEG Phase-Locking Value,BetaL,,Cz,PO10,0.05399538512801194
MODULATION_DATASET,Raw EEG Phase-Locking Value,BetaL,,C4,FT9,0.26016894701632415
MODULATION_DATASET,Raw EEG Phase-Locking Value,BetaL,,C4,FT10,0.47618864406751693
MODULATION_DATASET,Raw EEG Phase-Locking Value,BetaL,,C4,T7,0.24773592179159498
MODULATION_DATASET,Raw EEG Phase-Locking Value,BetaL,,C4,T8,0.7845760059554898
MODULATION_DATASET,Raw EEG Phase-Locking Value,BetaL,,C4,CP1,0.43513231298062777
MODULATION_DATASET,Raw EEG Phase-Locking Value,BetaL,,C4,CP2,0.6552045133660855
MODULATION_DATASET,Raw EEG Phase-Locking Value,BetaL,,C4,CP5,0.19373631107606196
MODULATION_DATASET,Raw EEG Phase-Locking Value,BetaL,,C4,CP6,0.8087422597894772
MODULATION_DATASET,Raw EEG Phase-Locking Value,BetaL,,C4,P3,0.23557260470492017
MODULATION_DATASET,Raw EEG Phase-Locking Value,BetaL,,C4,Pz,0.47197925096613347
MODULATION_DATASET,Raw EEG Phase-Locking Value,BetaL,,C4,P4,0.5869093310043294
MODULATION_DATASET,Raw EEG Phase-Locking Value,BetaL,,C4,P7,0.1498572257030925
MODULATION_DATASET,Raw EEG Phase-Locking Value,BetaL,,C4,P8,0.4649796752090574
MODULATION_DATASET,Raw EEG Phase-Locking Value,BetaL,,C4,O1,0.07089038954228895
MODULATION_DATASET,Raw EEG Phase-Locking Value,BetaL,,C4,Oz,0.16428730926860785
MODULATION_DATASET,Raw EEG Phase-Locking Value,BetaL,,C4,O2,0.21877159252093822
MODULATION_DATASET,Raw EEG Phase-Locking Value,BetaL,,C4,PO9,0.17047430777212552
MODULATION_DATASET,Raw EEG Phase-Locking Value,BetaL,,C4,PO10,0.22837819702151702
MODULATION_DATASET,Raw EEG Phase-Locking Value,BetaL,,FT9,FT10,0.5285561690896283
MODULATION_DATASET,Raw EEG Phase-Locking Value,BetaL,,FT9,T7,0.41462802335360277
MODULATION_DATASET,Raw EEG Phase-Locking Value,BetaL,,FT9,T8,0.35590369409364336
MODULATION_DATASET,Raw EEG Phase-Locking Value,BetaL,,FT9,CP1,0.2323179121202531
MODULATION_DATASET,Raw EEG Phase-Locking Value,BetaL,,FT9,CP2,0.1452102018061698
MODULATION_DATASET,Raw EEG Phase-Locking Value,BetaL,,FT9,CP5,0.17599051136399593
MODULATION_DATASET,Raw EEG Phase-Locking Value,BetaL,,FT9,CP6,0.17746347777573487
MODULATION_DATASET,Raw EEG Phase-Locking Value,BetaL,,FT9,P3,0.3497892925696427
MODULATION_DATASET,Raw EEG Phase-Locking Value,BetaL,,FT9,Pz,0.22285504508041049
MODULATION_DATASET,Raw EEG Phase-Locking Value,BetaL,,FT9,P4,0.14472542208239786
MODULATION_DATASET,Raw EEG Phase-Locking Value,BetaL,,FT9,P7,0.5487241196880116
MODULATION_DATASET,Raw EEG Phase-Locking Value,BetaL,,FT9,P8,0.07295516351009365
MODULATION_DATASET,Raw EEG Phase-Locking Value,BetaL,,FT9,O1,0.3995039298446539
MODULATION_DATASET,Raw EEG Phase-Locking Value,BetaL,,FT9,Oz,0.3089152259763793
MODULATION_DATASET,Raw EEG Phase-Locking Value,BetaL,,FT9,O2,0.23311001290121108
MODULATION_DATASET,Raw EEG Phase-Locking Value,BetaL,,FT9,PO9,0.2798888284582691
MODULATION_DATASET,Raw EEG Phase-Locking Value,BetaL,,FT9,PO10,0.08653700962419852
MODULATION_DATASET,Raw EEG Phase-Locking Value,BetaL,,FT10,T7,0.16928976470038273
MODULATION_DATASET,Raw EEG Phase-Locking Value,BetaL,,FT10,T8,0.7128953631417574
MODULATION_DATASET,Raw EEG Phase-Locking Value,BetaL,,FT10,CP1,0.09474251336029454
MODULATION_DATASET,Raw EEG Phase-Locking Value,BetaL,,FT10,CP2,0.19782468586980892
MODULATION_DATASET,Raw EEG Phase-Locking Value,BetaL,,FT10,CP5,0.17101610668020795
MODULATION_DATASET,Raw EEG Phase-Locking Value,BetaL,,FT10,CP6,0.46498245701232765
MODULATION_DATASET,Raw EEG Phase-Locking Value,BetaL,,FT10,P3,0.19016652613590881
MODULATION_DATASET,Raw EEG Phase-Locking Value,BetaL,,FT10,Pz,0.09934363370380137
MODULATION_DATASET,Raw EEG Phase-Locking Value,BetaL,,FT10,P4,0.18842953401076984
MODULATION_DATASET,Raw EEG Phase-Locking Value,BetaL,,FT10,P7,0.43402818729317194
MODULATION_DATASET,Raw EEG Phase-Locking Value,BetaL,,FT10,P8,0.3419446016619123
MODULATION_DATASET,Raw EEG Phase-Locking Value,BetaL,,FT10,O1,0.18477466363727624
MODULATION_DATASET,Raw EEG Phase-Locking Value,BetaL,,FT10,Oz,0.10060313329147562
MODULATION_DATASET,Raw EEG Phase-Locking Value,BetaL,,FT10,O2,0.05914254886466011
MODULATION_DATASET,Raw EEG Phase-Locking Value,BetaL,,FT10,PO9,0.07787347625380606
MODULATION_DATASET,Raw EEG Phase-Locking Value,BetaL,,FT10,PO10,0.32426966150221914
MODULATION_DATASET,Raw EEG Phase-Locking Value,BetaL,,T7,T8,0.20512254093911095
MODULATION_DATASET,Raw EEG Phase-Locking Value,BetaL,,T7,CP1,0.13592887381256008
MODULATION_DATASET,Raw EEG Phase-Locking Value,BetaL,,T7,CP2,0.13212144663722156
MODULATION_DATASET,Raw EEG Phase-Locking Value,BetaL,,T7,CP5,0.45447739554889616
MODULATION_DATASET,Raw EEG Phase-Locking Value,BetaL,,T7,CP6,0.11327946625003149
MODULATION_DATASET,Raw EEG Phase-Locking Value,BetaL,,T7,P3,0.05440569492720104
MODULATION_DATASET,Raw EEG Phase-Locking Value,BetaL,,T7,Pz,0.08877888441604807
MODULATION_DATASET,Raw EEG Phase-Locking Value,BetaL,,T7,P4,0.0353353815346016
MODULATION_DATASET,Raw EEG Phase-Locking Value,BetaL,,T7,P7,0.11110231367028903
MODULATION_DATASET,Raw EEG Phase-Locking Value,BetaL,,T7,P8,0.07696625197859583
MODULATION_DATASET,Raw EEG Phase-Locking Value,BetaL,,T7,O1,0.25546257828122554
MODULATION_DATASET,Raw EEG Phase-Locking Value,BetaL,,T7,Oz,0.22025595984348945
MODULATION_DATASET,Raw EEG Phase-Locking Value,BetaL,,T7,O2,0.18833975517101115
MODULATION_DATASET,Raw EEG Phase-Locking Value,BetaL,,T7,PO9,0.5025817476566748
MODULATION_DATASET,Raw EEG Phase-Locking Value,BetaL,,T7,PO10,0.2087027779438134
MODULATION_DATASET,Raw EEG Phase-Locking Value,BetaL,,T8,CP1,0.2772903537138343
MODULATION_DATASET,Raw EEG Phase-Locking Value,BetaL,,T8,CP2,0.4880984577481871
MODULATION_DATASET,Raw EEG Phase-Locking Value,BetaL,,T8,CP5,0.0676381516676167
MODULATION_DATASET,Raw EEG Phase-Locking Value,BetaL,,T8,CP6,0.7872875294489464
MODULATION_DATASET,Raw EEG Phase-Locking Value,BetaL,,T8,P3,0.09210847037713674
MODULATION_DATASET,Raw EEG Phase-Locking Value,BetaL,,T8,Pz,0.31584207917419305
MODULATION_DATASET,Raw EEG Phase-Locking Value,BetaL,,T8,P4,0.4673694618162986
MODULATION_DATASET,Raw EEG Phase-Locking Value,BetaL,,T8,P7,0.26567869628346347
MODULATION_DATASET,Raw EEG Phase-Locking Value,BetaL,,T8,P8,0.5347788811391254
MODULATION_DATASET,Raw EEG Phase-Locking Value,BetaL,,T8,O1,0.027518699546980142
MODULATION_DATASET,Raw EEG Phase-Locking Value,BetaL,,T8,Oz,0.10420895739551568
MODULATION_DATASET,Raw EEG Phase-Locking Value,BetaL,,T8,O2,0.17883399875564443
MODULATION_DATASET,Raw EEG Phase-Locking Value,BetaL,,T8,PO9,0.12667435551787898
MODULATION_DATASET,Raw EEG Phase-Locking Value,BetaL,,T8,PO10,0.3448020662340421
MODULATION_DATASET,Raw EEG Phase-Locking Value,BetaL,,CP1,CP2,0.7844261508212361
MODULATION_DATASET,Raw EEG Phase-Locking Value,BetaL,,CP1,CP5,0.5305333091009061
MODULATION_DATASET,Raw EEG Phase-Locking Value,BetaL,,CP1,CP6,0.45336891803402807
MODULATION_DATASET,Raw EEG Phase-Locking Value,BetaL,,CP1,P3,0.8235818789822394
MODULATION_DATASET,Raw EEG Phase-Locking Value,BetaL,,CP1,Pz,0.8910649208547364
MODULATION_DATASET,Raw EEG Phase-Locking Value,BetaL,,CP1,P4,0.7242975404181653
MODULATION_DATASET,Raw EEG Phase-Locking Value,BetaL,,CP1,P7,0.3917302914418938
MODULATION_DATASET,Raw EEG Phase-Locking Value,BetaL,,CP1,P8,0.3895691651447485
MODULATION_DATASET,Raw EEG Phase-Locking Value,BetaL,,CP1,O1,0.5807108663723728
MODULATION_DATASET,Raw EEG Phase-Locking Value,BetaL,,CP1,Oz,0.6145200673124781
MODULATION_DATASET,Raw EEG Phase-Locking Value,BetaL,,CP1,O2,0.5733080232200756
MODULATION_DATASET,Raw EEG Phase-Locking Value,BetaL,,CP1,PO9,0.13409688021137942
MODULATION_DATASET,Raw EEG Phase-Locking Value,BetaL,,CP1,PO10,0.21786970108396525
MODULATION_DATASET,Raw EEG Phase-Locking Value,BetaL,,CP2,CP5,0.36830809539971077
MODULATION_DATASET,Raw EEG Phase-Locking Value,BetaL,,CP2,CP6,0.6817810463044541
MODULATION_DATASET,Raw EEG Phase-Locking Value,BetaL,,CP2,P3,0.6320000051221598
MODULATION_DATASET,Raw EEG Phase-Locking Value,BetaL,,CP2,Pz,0.8521821033094916
MODULATION_DATASET,Raw EEG Phase-Locking Value,BetaL,,CP2,P4,0.8651329847045606
MODULATION_DATASET,Raw EEG Phase-Locking Value,BetaL,,CP2,P7,0.18782596470364846
MODULATION_DATASET,Raw EEG Phase-Locking Value,BetaL,,CP2,P8,0.5464582177567696
MODULATION_DATASET,Raw EEG Phase-Locking Value,BetaL,,CP2,O1,0.45097783160293814
MODULATION_DATASET,Raw EEG Phase-Locking Value,BetaL,,CP2,Oz,0.5469842225129236
MODULATION_DATASET,Raw EEG Phase-Locking Value,BetaL,,CP2,O2,0.5667592608735913
MODULATION_DATASET,Raw EEG Phase-Locking Value,BetaL,,CP2,PO9,0.09331483445606134
MODULATION_DATASET,Raw EEG Phase-Locking Value,BetaL,,CP2,PO10,0.31200211732342414
MODULATION_DATASET,Raw EEG Phase-Locking Value,BetaL,,CP5,CP6,0.1264567606831369
MODULATION_DATASET,Raw EEG Phase-Locking Value,BetaL,,CP5,P3,0.5570963378759298
MODULATION_DATASET,Raw EEG Phase-Locking Value,BetaL,,CP5,Pz,0.45191758995395787
MODULATION_DATASET,Raw EEG Phase-Locking Value,BetaL,,CP5,P4,0.2608776052572514
MODULATION_DATASET,Raw EEG Phase-Locking Value,BetaL,,CP5,P7,0.390053752928645
MODULATION_DATASET,Raw EEG Phase-Locking Value,BetaL,,CP5,P8,0.05502191964946498
MODULATION_DATASET,Raw EEG Phase-Locking Value,BetaL,,CP5,O1,0.19055320021561778
MODULATION_DATASET,Raw EEG Phase-Locking Value,BetaL,,CP5,Oz,0.16142875235452903
MODULATION_DATASET,Raw EEG Phase-Locking Value,BetaL,,CP5,O2,0.12356743586609897
MODULATION_DATASET,Raw EEG Phase-Locking Value,BetaL,,CP5,PO9,0.2633160847145496
MODULATION_DATASET,Raw EEG Phase-Locking Value,BetaL,,CP5,PO10,0.2083046230874106
MODULATION_DATASET,Raw EEG Phase-Locking Value,BetaL,,CP6,P3,0.26802459920805327
MODULATION_DATASET,Raw EEG Phase-Locking Value,BetaL,,CP6,Pz,0.5133496677392847
MODULATION_DATASET,Raw EEG Phase-Locking Value,BetaL,,CP6,P4,0.7058824751799957
MODULATION_DATASET,Raw EEG Phase-Locking Value,BetaL,,CP6,P7,0.10890551898399428
MODULATION_DATASET,Raw EEG Phase-Locking Value,BetaL,,CP6,P8,0.6876727194864277
MODULATION_DATASET,Raw EEG Phase-Locking Value,BetaL,,CP6,O1,0.18225147102678563
MODULATION_DATASET,Raw EEG Phase-Locking Value,BetaL,,CP6,Oz,0.3038865557860072
MODULATION_DATASET,Raw EEG Phase-Locking Value,BetaL,,CP6,O2,0.3891586263345639
MODULATION_DATASET,Raw EEG Phase-Locking Value,BetaL,,CP6,PO9,0.06576937522662969
MODULATION_DATASET,Raw EEG Phase-Locking Value,BetaL,,CP6,PO10,0.42093700870904244
MODULATION_DATASET,Raw EEG Phase-Locking Value,BetaL,,P3,Pz,0.8004481281220622
MODULATION_DATASET,Raw EEG Phase-Locking Value,BetaL,,P3,P4,0.5790717014066992
MODULATION_DATASET,Raw EEG Phase-Locking Value,BetaL,,P3,P7,0.5558798969755294
MODULATION_DATASET,Raw EEG Phase-Locking Value,BetaL,,P3,P8,0.26143358397007094
MODULATION_DATASET,Raw EEG Phase-Locking Value,BetaL,,P3,O1,0.6692112584975634
MODULATION_DATASET,Raw EEG Phase-Locking Value,BetaL,,P3,Oz,0.6395786552770556
MODULATION_DATASET,Raw EEG Phase-Locking Value,BetaL,,P3,O2,0.5507317049410224
MODULATION_DATASET,Raw EEG Phase-Locking Value,BetaL,,P3,PO9,0.17339273610934816
MODULATION_DATASET,Raw EEG Phase-Locking Value,BetaL,,P3,PO10,0.15530055150031896
MODULATION_DATASET,Raw EEG Phase-Locking Value,BetaL,,Pz,P4,0.8058382178688656
MODULATION_DATASET,Raw EEG Phase-Locking Value,BetaL,,Pz,P7,0.34818076219319516
MODULATION_DATASET,Raw EEG Phase-Locking Value,BetaL,,Pz,P8,0.45838739118702493
MODULATION_DATASET,Raw EEG Phase-Locking Value,BetaL,,Pz,O1,0.5960433203010951
MODULATION_DATASET,Raw EEG Phase-Locking Value,BetaL,,Pz,Oz,0.6571229833774574
MODULATION_DATASET,Raw EEG Phase-Locking Value,BetaL,,Pz,O2,0.6310722398652985
MODULATION_DATASET,Raw EEG Phase-Locking Value,BetaL,,Pz,PO9,0.12679099328549806
MODULATION_DATASET,Raw EEG Phase-Locking Value,BetaL,,Pz,PO10,0.2704573165647458
MODULATION_DATASET,Raw EEG Phase-Locking Value,BetaL,,P4,P7,0.169847321788114
MODULATION_DATASET,Raw EEG Phase-Locking Value,BetaL,,P4,P8,0.6789634113485308
MODULATION_DATASET,Raw EEG Phase-Locking Value,BetaL,,P4,O1,0.5047239704762232
MODULATION_DATASET,Raw EEG Phase-Locking Value,BetaL,,P4,Oz,0.636525313111111
MODULATION_DATASET,Raw EEG Phase-Locking Value,BetaL,,P4,O2,0.6936008883265384
MODULATION_DATASET,Raw EEG Phase-Locking Value,BetaL,,P4,PO9,0.10854835999552327
MODULATION_DATASET,Raw EEG Phase-Locking Value,BetaL,,P4,PO10,0.4467099337355079
MODULATION_DATASET,Raw EEG Phase-Locking Value,BetaL,,P7,P8,0.06463158238439817
MODULATION_DATASET,Raw EEG Phase-Locking Value,BetaL,,P7,O1,0.5265758264511571
MODULATION_DATASET,Raw EEG Phase-Locking Value,BetaL,,P7,Oz,0.3886707203737304
MODULATION_DATASET,Raw EEG Phase-Locking Value,BetaL,,P7,O2,0.28081766662340185
MODULATION_DATASET,Raw EEG Phase-Locking Value,BetaL,,P7,PO9,0.315616650126264
MODULATION_DATASET,Raw EEG Phase-Locking Value,BetaL,,P7,PO10,0.1428614386428425
MODULATION_DATASET,Raw EEG Phase-Locking Value,BetaL,,P8,O1,0.3254016324369026
MODULATION_DATASET,Raw EEG Phase-Locking Value,BetaL,,P8,Oz,0.47616597666159566
MODULATION_DATASET,Raw EEG Phase-Locking Value,BetaL,,P8,O2,0.6138381071276455
MODULATION_DATASET,Raw EEG Phase-Locking Value,BetaL,,P8,PO9,0.15046607837694914
MODULATION_DATASET,Raw EEG Phase-Locking Value,BetaL,,P8,PO10,0.7618525299559714
MODULATION_DATASET,Raw EEG Phase-Locking Value,BetaL,,O1,Oz,0.872967484419458
MODULATION_DATASET,Raw EEG Phase-Locking Value,BetaL,,O1,O2,0.7362014078629042
MODULATION_DATASET,Raw EEG Phase-Locking Value,BetaL,,O1,PO9,0.47205806518045323
MODULATION_DATASET,Raw EEG Phase-Locking Value,BetaL,,O1,PO10,0.31532565455828293
MODULATION_DATASET,Raw EEG Phase-Locking Value,BetaL,,Oz,O2,0.8855402362803461
MODULATION_DATASET,Raw EEG Phase-Locking Value,BetaL,,Oz,PO9,0.39393406738725717
MODULATION_DATASET,Raw EEG Phase-Locking Value,BetaL,,Oz,PO10,0.4500693093064567
MODULATION_DATASET,Raw EEG Phase-Locking Value,BetaL,,O2,PO9,0.3360457434624723
MODULATION_DATASET,Raw EEG Phase-Locking Value,BetaL,,O2,PO10,0.5686289126152659
MODULATION_DATASET,Raw EEG Phase-Locking Value,BetaL,,PO9,PO10,0.32062272413369236
MODULATION_DATASET,Raw EEG Phase-Locking Value,BetaH,,Fp1,Fp2,0.76581141233711
MODULATION_DATASET,Raw EEG Phase-Locking Value,BetaH,,Fp1,F7,0.7878194171966244
MODULATION_DATASET,Raw EEG Phase-Locking Value,BetaH,,Fp1,F3,0.7295300046753491
MODULATION_DATASET,Raw EEG Phase-Locking Value,BetaH,,Fp1,Fz,0.6871126020107011
MODULATION_DATASET,Raw EEG Phase-Locking Value,BetaH,,Fp1,F4,0.6582271453728119
MODULATION_DATASET,Raw EEG Phase-Locking Value,BetaH,,Fp1,F8,0.6125775904623257
MODULATION_DATASET,Raw EEG Phase-Locking Value,BetaH,,Fp1,FC1,0.537603461067549
MODULATION_DATASET,Raw EEG Phase-Locking Value,BetaH,,Fp1,FC2,0.5594262741629455
MODULATION_DATASET,Raw EEG Phase-Locking Value,BetaH,,Fp1,FC5,0.5903401523482908
MODULATION_DATASET,Raw EEG Phase-Locking Value,BetaH,,Fp1,FC6,0.5312568427955311
MODULATION_DATASET,Raw EEG Phase-Locking Value,BetaH,,Fp1,C3,0.3478996186711676
MODULATION_DATASET,Raw EEG Phase-Locking Value,BetaH,,Fp1,Cz,0.4219513495414486
MODULATION_DATASET,Raw EEG Phase-Locking Value,BetaH,,Fp1,C4,0.373321285980869
MODULATION_DATASET,Raw EEG Phase-Locking Value,BetaH,,Fp1,FT9,0.6250895917218667
MODULATION_DATASET,Raw EEG Phase-Locking Value,BetaH,,Fp1,FT10,0.5174388156535088
MODULATION_DATASET,Raw EEG Phase-Locking Value,BetaH,,Fp1,T7,0.39114098033058564
MODULATION_DATASET,Raw EEG Phase-Locking Value,BetaH,,Fp1,T8,0.4363285706087858
MODULATION_DATASET,Raw EEG Phase-Locking Value,BetaH,,Fp1,CP1,0.10190601178951825
MODULATION_DATASET,Raw EEG Phase-Locking Value,BetaH,,Fp1,CP2,0.15151612544561877
MODULATION_DATASET,Raw EEG Phase-Locking Value,BetaH,,Fp1,CP5,0.10921488198109784
MODULATION_DATASET,Raw EEG Phase-Locking Value,BetaH,,Fp1,CP6,0.2291531514300267
MODULATION_DATASET,Raw EEG Phase-Locking Value,BetaH,,Fp1,P3,0.15921620820653773
MODULATION_DATASET,Raw EEG Phase-Locking Value,BetaH,,Fp1,Pz,0.09378931754731888
MODULATION_DATASET,Raw EEG Phase-Locking Value,BetaH,,Fp1,P4,0.08354514445330163
MODULATION_DATASET,Raw EEG Phase-Locking Value,BetaH,,Fp1,P7,0.3451044772086356
MODULATION_DATASET,Raw EEG Phase-Locking Value,BetaH,,Fp1,P8,0.08480030007519294
MODULATION_DATASET,Raw EEG Phase-Locking Value,BetaH,,Fp1,O1,0.2629119064742136
MODULATION_DATASET,Raw EEG Phase-Locking Value,BetaH,,Fp1,Oz,0.19297784500271276
MODULATION_DATASET,Raw EEG Phase-Locking Value,BetaH,,Fp1,O2,0.13834238693312711
MODULATION_DATASET,Raw EEG Phase-Locking Value,BetaH,,Fp1,PO9,0.2640582490018769
MODULATION_DATASET,Raw EEG Phase-Locking Value,BetaH,,Fp1,PO10,0.01656880450667922
MODULATION_DATASET,Raw EEG Phase-Locking Value,BetaH,,Fp2,F7,0.6129192236156176
MODULATION_DATASET,Raw EEG Phase-Locking Value,BetaH,,Fp2,F3,0.6418097282897066
MODULATION_DATASET,Raw EEG Phase-Locking Value,BetaH,,Fp2,Fz,0.6613215011797525
MODULATION_DATASET,Raw EEG Phase-Locking Value,BetaH,,Fp2,F4,0.7315144438149606
MODULATION_DATASET,Raw EEG Phase-Locking Value,BetaH,,Fp2,F8,0.7528459116310751
MODULATION_DATASET,Raw EEG Phase-Locking Value,BetaH,,Fp2,FC1,0.5012381822944063
MODULATION_DATASET,Raw EEG Phase-Locking Value,BetaH,,Fp2,FC2,0.5714154821486378
MODULATION_DATASET,Raw EEG Phase-Locking Value,BetaH,,Fp2,FC5,0.47286910922427383
MODULATION_DATASET,Raw EEG Phase-Locking Value,BetaH,,Fp2,FC6,0.6083145900409929
MODULATION_DATASET,Raw EEG Phase-Locking Value,BetaH,,Fp2,C3,0.29906207564405823
MODULATION_DATASET,Raw EEG Phase-Locking Value,BetaH,,Fp2,Cz,0.40923129113299694
MODULATION_DATASET,Raw EEG Phase-Locking Value,BetaH,,Fp2,C4,0.4269228371996858
MODULATION_DATASET,Raw EEG Phase-Locking Value,BetaH,,Fp2,FT9,0.5502048567952855
MODULATION_DATASET,Raw EEG Phase-Locking Value,BetaH,,Fp2,FT10,0.6106372529174587
MODULATION_DATASET,Raw EEG Phase-Locking Value,BetaH,,Fp2,T7,0.29716327089518574
MODULATION_DATASET,Raw EEG Phase-Locking Value,BetaH,,Fp2,T8,0.5129708404309129
MODULATION_DATASET,Raw EEG Phase-Locking Value,BetaH,,Fp2,CP1,0.10425356661594955
MODULATION_DATASET,Raw EEG Phase-Locking Value,BetaH,,Fp2,CP2,0.17984816833872433
MODULATION_DATASET,Raw EEG Phase-Locking Value,BetaH,,Fp2,CP5,0.10616679358704374
MODULATION_DATASET,Raw EEG Phase-Locking Value,BetaH,,Fp2,CP6,0.2893278457185966
MODULATION_DATASET,Raw EEG Phase-Locking Value,BetaH,,Fp2,P3,0.14511824355028835
MODULATION_DATASET,Raw EEG Phase-Locking Value,BetaH,,Fp2,Pz,0.09936620410293932
MODULATION_DATASET,Raw EEG Phase-Locking Value,BetaH,,Fp2,P4,0.11548511975603509
MODULATION_DATASET,Raw EEG Phase-Locking Value,BetaH,,Fp2,P7,0.3363475958400393
MODULATION_DATASET,Raw EEG Phase-Locking Value,BetaH,,Fp2,P8,0.1345209416498062
MODULATION_DATASET,Raw EEG Phase-Locking Value,BetaH,,Fp2,O1,0.22631965332307824
MODULATION_DATASET,Raw EEG Phase-Locking Value,BetaH,,Fp2,Oz,0.15775965818500054
MODULATION_DATASET,Raw EEG Phase-Locking Value,BetaH,,Fp2,O2,0.10406631541232692
MODULATION_DATASET,Raw EEG Phase-Locking Value,BetaH,,Fp2,PO9,0.21039562110655374
MODULATION_DATASET,Raw EEG Phase-Locking Value,BetaH,,Fp2,PO10,0.05503515925364803
MODULATION_DATASET,Raw EEG Phase-Locking Value,BetaH,,F7,F3,0.7149643548711564
MODULATION_DATASET,Raw EEG Phase-Locking Value,BetaH,,F7,Fz,0.6221224091994595
MODULATION_DATASET,Raw EEG Phase-Locking Value,BetaH,,F7,F4,0.5551023946585582
MODULATION_DATASET,Raw EEG Phase-Locking Value,BetaH,,F7,F8,0.49821281527973976
MODULATION_DATASET,Raw EEG Phase-Locking Value,BetaH,,F7,FC1,0.5201079328046587
MODULATION_DATASET,Raw EEG Phase-Locking Value,BetaH,,F7,FC2,0.49905643198556315
MODULATION_DATASET,Raw EEG Phase-Locking Value,BetaH,,F7,FC5,0.7040760248375788
MODULATION_DATASET,Raw EEG Phase-Locking Value,BetaH,,F7,FC6,0.4451520661400381
MODULATION_DATASET,Raw EEG Phase-Locking Value,BetaH,,F7,C3,0.39779722994108224
MODULATION_DATASET,Raw EEG Phase-Locking Value,BetaH,,F7,Cz,0.39633091980963925
MODULATION_DATASET,Raw EEG Phase-Locking Value,BetaH,,F7,C4,0.31381708123632507
MODULATION_DATASET,Raw EEG Phase-Locking Value,BetaH,,F7,FT9,0.6746835949950135
MODULATION_DATASET,Raw EEG Phase-Locking Value,BetaH,,F7,FT10,0.42482568396536174
MODULATION_DATASET,Raw EEG Phase-Locking Value,BetaH,,F7,T7,0.5158520688670575
MODULATION_DATASET,Raw EEG Phase-Locking Value,BetaH,,F7,T8,0.35243619186869246
MODULATION_DATASET,Raw EEG Phase-Locking Value,BetaH,,F7,CP1,0.09316017459698622
MODULATION_DATASET,Raw EEG Phase-Locking Value,BetaH,,F7,CP2,0.11556340963205819
MODULATION_DATASET,Raw EEG Phase-Locking Value,BetaH,,F7,CP5,0.13421919285484502
MODULATION_DATASET,Raw EEG Phase-Locking Value,BetaH,,F7,CP6,0.16896154071030933
MODULATION_DATASET,Raw EEG Phase-Locking Value,BetaH,,F7,P3,0.16113658901952418
MODULATION_DATASET,Raw EEG Phase-Locking Value,BetaH,,F7,Pz,0.0875683331889317
MODULATION_DATASET,Raw EEG Phase-Locking Value,BetaH,,F7,P4,0.05968596685391615
MODULATION_DATASET,Raw EEG Phase-Locking Value,BetaH,,F7,P7,0.3445603731072858
MODULATION_DATASET,Raw EEG Phase-Locking Value,BetaH,,F7,P8,0.02834072301151055
MODULATION_DATASET,Raw EEG Phase-Locking Value,BetaH,,F7,O1,0.3088676191292326
MODULATION_DATASET,Raw EEG Phase-Locking Value,BetaH,,F7,Oz,0.23885795868566198
MODULATION_DATASET,Raw EEG Phase-Locking Value,BetaH,,F7,O2,0.18298187251810277
MODULATION_DATASET,Raw EEG Phase-Locking Value,BetaH,,F7,PO9,0.33126374791314744
MODULATION_DATASET,Raw EEG Phase-Locking Value,BetaH,,F7,PO10,0.0499151123063976
MODULATION_DATASET,Raw EEG Phase-Locking Value,BetaH,,F3,Fz,0.8929125752227819
MODULATION_DATASET,Raw EEG Phase-Locking Value,BetaH,,F3,F4,0.7657050132125289
MODULATION_DATASET,Raw EEG Phase-Locking Value,BetaH,,F3,F8,0.5641462808285599
MODULATION_DATASET,Raw EEG Phase-Locking Value,BetaH,,F3,FC1,0.8135602716986009
MODULATION_DATASET,Raw EEG Phase-Locking Value,BetaH,,F3,FC2,0.781771850982322
MODULATION_DATASET,Raw EEG Phase-Locking Value,BetaH,,F3,FC5,0.7725133333625157
MODULATION_DATASET,Raw EEG Phase-Locking Value,BetaH,,F3,FC6,0.6522551857934078
MODULATION_DATASET,Raw EEG Phase-Locking Value,BetaH,,F3,C3,0.6008096428028744
MODULATION_DATASET,Raw EEG Phase-Locking Value,BetaH,,F3,Cz,0.6791700488112145
MODULATION_DATASET,Raw EEG Phase-Locking Value,BetaH,,F3,C4,0.5498469881212759
MODULATION_DATASET,Raw EEG Phase-Locking Value,BetaH,,F3,FT9,0.4745540160910135
MODULATION_DATASET,Raw EEG Phase-Locking Value,BetaH,,F3,FT10,0.43338746111731524
MODULATION_DATASET,Raw EEG Phase-Locking Value,BetaH,,F3,T7,0.495990489003947
MODULATION_DATASET,Raw EEG Phase-Locking Value,BetaH,,F3,T8,0.5161613505770238
MODULATION_DATASET,Raw EEG Phase-Locking Value,BetaH,,F3,CP1,0.24857466487540145
MODULATION_DATASET,Raw EEG Phase-Locking Value,BetaH,,F3,CP2,0.34636865758657215
MODULATION_DATASET,Raw EEG Phase-Locking Value,BetaH,,F3,CP5,0.2517500606860254
MODULATION_DATASET,Raw EEG Phase-Locking Value,BetaH,,F3,CP6,0.357049319467786
MODULATION_DATASET,Raw EEG Phase-Locking Value,BetaH,,F3,P3,0.09508517645307969
MODULATION_DATASET,Raw EEG Phase-Locking Value,BetaH,,F3,Pz,0.23020377769037256
MODULATION_DATASET,Raw EEG Phase-Locking Value,BetaH,,F3,P4,0.23429215643747772
MODULATION_DATASET,Raw EEG Phase-Locking Value,BetaH,,F3,P7,0.20288531878767854
MODULATION_DATASET,Raw EEG Phase-Locking Value,BetaH,,F3,P8,0.1693227382008488
MODULATION_DATASET,Raw EEG Phase-Locking Value,BetaH,,F3,O1,0.1514733860897437
MODULATION_DATASET,Raw EEG Phase-Locking Value,BetaH,,F3,Oz,0.0805989189050914
MODULATION_DATASET,Raw EEG Phase-Locking Value,BetaH,,F3,O2,0.04398810119748373
MODULATION_DATASET,Raw EEG Phase-Locking Value,BetaH,,F3,PO9,0.32422283023690757
MODULATION_DATASET,Raw EEG Phase-Locking Value,BetaH,,F3,PO10,0.06422373298304936
MODULATION_DATASET,Raw EEG Phase-Locking Value,BetaH,,Fz,F4,0.8473045009871646
MODULATION_DATASET,Raw EEG Phase-Locking Value,BetaH,,Fz,F8,0.6026364389328095
MODULATION_DATASET,Raw EEG Phase-Locking Value,BetaH,,Fz,FC1,0.834420620071483
MODULATION_DATASET,Raw EEG Phase-Locking Value,BetaH,,Fz,FC2,0.8802998316361804
MODULATION_DATASET,Raw EEG Phase-Locking Value,BetaH,,Fz,FC5,0.6744435458605066
MODULATION_DATASET,Raw EEG Phase-Locking Value,BetaH,,Fz,FC6,0.7139638047274091
MODULATION_DATASET,Raw EEG Phase-Locking Value,BetaH,,Fz,C3,0.5613094660235972
MODULATION_DATASET,Raw EEG Phase-Locking Value,BetaH,,Fz,Cz,0.7424342636565967
MODULATION_DATASET,Raw EEG Phase-Locking Value,BetaH,,Fz,C4,0.6078836191055239
MODULATION_DATASET,Raw EEG Phase-Locking Value,BetaH,,Fz,FT9,0.43513436852964515
MODULATION_DATASET,Raw EEG Phase-Locking Value,BetaH,,Fz,FT10,0.45344028252710955
MODULATION_DATASET,Raw EEG Phase-Locking Value,BetaH,,Fz,T7,0.42244160486662796
MODULATION_DATASET,Raw EEG Phase-Locking Value,BetaH,,Fz,T8,0.5579933686678215
MODULATION_DATASET,Raw EEG Phase-Locking Value,BetaH,,Fz,CP1,0.26543861488456433
MODULATION_DATASET,Raw EEG Phase-Locking Value,BetaH,,Fz,CP2,0.37893668688112575
MODULATION_DATASET,Raw EEG Phase-Locking Value,BetaH,,Fz,CP5,0.2147722638568357
MODULATION_DATASET,Raw EEG Phase-Locking Value,BetaH,,Fz,CP6,0.39073901474224654
MODULATION_DATASET,Raw EEG Phase-Locking Value,BetaH,,Fz,P3,0.1046366602503128
MODULATION_DATASET,Raw EEG Phase-Locking Value,BetaH,,Fz,Pz,0.25200953342845384
MODULATION_DATASET,Raw EEG Phase-Locking Value,BetaH,,Fz,P4,0.26132136485787005
MODULATION_DATASET,Raw EEG Phase-Locking Value,BetaH,,Fz,P7,0.20129712428999888
MODULATION_DATASET,Raw EEG Phase-Locking Value,BetaH,,Fz,P8,0.18530473289845856
MODULATION_DATASET,Raw EEG Phase-Locking Value,BetaH,,Fz,O1,0.13581705100911498
MODULATION_DATASET,Raw EEG Phase-Locking Value,BetaH,,Fz,Oz,0.06424887908183878
MODULATION_DATASET,Raw EEG Phase-Locking Value,BetaH,,Fz,O2,0.020967998291823157
MODULATION_DATASET,Raw EEG Phase-Locking Value,BetaH,,Fz,PO9,0.2885511333479421
MODULATION_DATASET,Raw EEG Phase-Locking Value,BetaH,,Fz,PO10,0.045988956511639645
MODULATION_DATASET,Raw EEG Phase-Locking Value,BetaH,,F4,F8,0.7634128319666852
MODULATION_DATASET,Raw EEG Phase-Locking Value,BetaH,,F4,FC1,0.6943733225327062
MODULATION_DATASET,Raw EEG Phase-Locking Value,BetaH,,F4,FC2,0.8317488994538783
MODULATION_DATASET,Raw EEG Phase-Locking Value,BetaH,,F4,FC5,0.5318182196968897
MODULATION_DATASET,Raw EEG Phase-Locking Value,BetaH,,F4,FC6,0.8454794631992777
MODULATION_DATASET,Raw EEG Phase-Locking Value,BetaH,,F4,C3,0.42895338447823295
MODULATION_DATASET,Raw EEG Phase-Locking Value,BetaH,,F4,Cz,0.6201281421651973
MODULATION_DATASET,Raw EEG Phase-Locking Value,BetaH,,F4,C4,0.677043343395333
MODULATION_DATASET,Raw EEG Phase-Locking Value,BetaH,,F4,FT9,0.44701109721572424
MODULATION_DATASET,Raw EEG Phase-Locking Value,BetaH,,F4,FT10,0.582258855102538
MODULATION_DATASET,Raw EEG Phase-Locking Value,BetaH,,F4,T7,0.32165128649901087
MODULATION_DATASET,Raw EEG Phase-Locking Value,BetaH,,F4,T8,0.6859722199807938
MODULATION_DATASET,Raw EEG Phase-Locking Value,BetaH,,F4,CP1,0.21926969516755143
MODULATION_DATASET,Raw EEG Phase-Locking Value,BetaH,,F4,CP2,0.3667888241135555
MODULATION_DATASET,Raw EEG Phase-Locking Value,BetaH,,F4,CP5,0.12605534405230792
MODULATION_DATASET,Raw EEG Phase-Locking Value,BetaH,,F4,CP6,0.47509506311264976
MODULATION_DATASET,Raw EEG Phase-Locking Value,BetaH,,F4,P3,0.0788589311453601
MODULATION_DATASET,Raw EEG Phase-Locking Value,BetaH,,F4,Pz,0.2223435665394395
MODULATION_DATASET,Raw EEG Phase-Locking Value,BetaH,,F4,P4,0.2797893675282366
MODULATION_DATASET,Raw EEG Phase-Locking Value,BetaH,,F4,P7,0.25598288421681586
MODULATION_DATASET,Raw EEG Phase-Locking Value,BetaH,,F4,P8,0.2504753436441801
MODULATION_DATASET,Raw EEG Phase-Locking Value,BetaH,,F4,O1,0.14607539086711377
MODULATION_DATASET,Raw EEG Phase-Locking Value,BetaH,,F4,Oz,0.06546567090713053
MODULATION_DATASET,Raw EEG Phase-Locking Value,BetaH,,F4,O2,0.009201890962400844
MODULATION_DATASET,Raw EEG Phase-Locking Value,BetaH,,F4,PO9,0.2390353138952481
MODULATION_DATASET,Raw EEG Phase-Locking Value,BetaH,,F4,PO10,0.08443347648017861
MODULATION_DATASET,Raw EEG Phase-Locking Value,BetaH,,F8,FC1,0.462635110676324
MODULATION_DATASET,Raw EEG Phase-Locking Value,BetaH,,F8,FC2,0.5720889258926525
MODULATION_DATASET,Raw EEG Phase-Locking Value,BetaH,,F8,FC5,0.3753709807953962
MODULATION_DATASET,Raw EEG Phase-Locking Value,BetaH,,F8,FC6,0.7535653702965831
MODULATION_DATASET,Raw EEG Phase-Locking Value,BetaH,,F8,C3,0.2536087413693597
MODULATION_DATASET,Raw EEG Phase-Locking Value,BetaH,,F8,Cz,0.3885698187859402
MODULATION_DATASET,Raw EEG Phase-Locking Value,BetaH,,F8,C4,0.545451554115996
MODULATION_DATASET,Raw EEG Phase-Locking Value,BetaH,,F8,FT9,0.5103534037297349
MODULATION_DATASET,Raw EEG Phase-Locking Value,BetaH,,F8,FT10,0.7873261970904867
MODULATION_DATASET,Raw EEG Phase-Locking Value,BetaH,,F8,T7,0.2106258869435058
MODULATION_DATASET,Raw EEG Phase-Locking Value,BetaH,,F8,T8,0.703910375217815
MODULATION_DATASET,Raw EEG Phase-Locking Value,BetaH,,F8,CP1,0.12287816911862239
MODULATION_DATASET,Raw EEG Phase-Locking Value,BetaH,,F8,CP2,0.2399402363002948
MODULATION_DATASET,Raw EEG Phase-Locking Value,BetaH,,F8,CP5,0.12868848120393572
MODULATION_DATASET,Raw EEG Phase-Locking Value,BetaH,,F8,CP6,0.44445945563530975
MODULATION_DATASET,Raw EEG Phase-Locking Value,BetaH,,F8,P3,0.14248138389910336
MODULATION_DATASET,Raw EEG Phase-Locking Value,BetaH,,F8,Pz,0.1261364726033917
MODULATION_DATASET,Raw EEG Phase-Locking Value,BetaH,,F8,P4,0.1976853441406531
MODULATION_DATASET,Raw EEG Phase-Locking Value,BetaH,,F8,P7,0.3560491832598658
MODULATION_DATASET,Raw EEG Phase-Locking Value,BetaH,,F8,P8,0.2690022195889077
MODULATION_DATASET,Raw EEG Phase-Locking Value,BetaH,,F8,O1,0.19048719110352422
MODULATION_DATASET,Raw EEG Phase-Locking Value,BetaH,,F8,Oz,0.10926181512125138
MODULATION_DATASET,Raw EEG Phase-Locking Value,BetaH,,F8,O2,0.04535725689598731
MODULATION_DATASET,Raw EEG Phase-Locking Value,BetaH,,F8,PO9,0.1560197758477287
MODULATION_DATASET,Raw EEG Phase-Locking Value,BetaH,,F8,PO10,0.16588985460702851
MODULATION_DATASET,Raw EEG Phase-Locking Value,BetaH,,FC1,FC2,0.8202809581071362
MODULATION_DATASET,Raw EEG Phase-Locking Value,BetaH,,FC1,FC5,0.7104114056672008
MODULATION_DATASET,Raw EEG Phase-Locking Value,BetaH,,FC1,FC6,0.6314291523625285
MODULATION_DATASET,Raw EEG Phase-Locking Value,BetaH,,FC1,C3,0.7194928343180819
MODULATION_DATASET,Raw EEG Phase-Locking Value,BetaH,,FC1,Cz,0.8222804597005562
MODULATION_DATASET,Raw EEG Phase-Locking Value,BetaH,,FC1,C4,0.6065565607297589
MODULATION_DATASET,Raw EEG Phase-Locking Value,BetaH,,FC1,FT9,0.32506148078295827
MODULATION_DATASET,Raw EEG Phase-Locking Value,BetaH,,FC1,FT10,0.3389714920154614
MODULATION_DATASET,Raw EEG Phase-Locking Value,BetaH,,FC1,T7,0.46366891087831047
MODULATION_DATASET,Raw EEG Phase-Locking Value,BetaH,,FC1,T8,0.49594617257052676
MODULATION_DATASET,Raw EEG Phase-Locking Value,BetaH,,FC1,CP1,0.43455791912755787
MODULATION_DATASET,Raw EEG Phase-Locking Value,BetaH,,FC1,CP2,0.49443454123700037
MODULATION_DATASET,Raw EEG Phase-Locking Value,BetaH,,FC1,CP5,0.3855328550045233
MODULATION_DATASET,Raw EEG Phase-Locking Value,BetaH,,FC1,CP6,0.41021926887163934
MODULATION_DATASET,Raw EEG Phase-Locking Value,BetaH,,FC1,P3,0.27420458488824895
MODULATION_DATASET,Raw EEG Phase-Locking Value,BetaH,,FC1,Pz,0.40606305670304943
MODULATION_DATASET,Raw EEG Phase-Locking Value,BetaH,,FC1,P4,0.3578467084127444
MODULATION_DATASET,Raw EEG Phase-Locking Value,BetaH,,FC1,P7,0.07556374186224617
MODULATION_DATASET,Raw EEG Phase-Locking Value,BetaH,,FC1,P8,0.21961997030745115
MODULATION_DATASET,Raw EEG Phase-Locking Value,BetaH,,FC1,O1,0.012907305842797173
MODULATION_DATASET,Raw EEG Phase-Locking Value,BetaH,,FC1,Oz,0.046151222674558644
MODULATION_DATASET,Raw EEG Phase-Locking Value,BetaH,,FC1,O2,0.07554693227559561
MODULATION_DATASET,Raw EEG Phase-Locking Value,BetaH,,FC1,PO9,0.2770467618515549
MODULATION_DATASET,Raw EEG Phase-Locking Value,BetaH,,FC1,PO10,0.08016991576835923
MODULATION_DATASET,Raw EEG Phase-Locking Value,BetaH,,FC2,FC5,0.5833297986964726
MODULATION_DATASET,Raw EEG Phase-Locking Value,BetaH,,FC2,FC6,0.7666195781465571
MODULATION_DATASET,Raw EEG Phase-Locking Value,BetaH,,FC2,C3,0.5523141209086879
MODULATION_DATASET,Raw EEG Phase-Locking Value,BetaH,,FC2,Cz,0.8141835098286907
MODULATION_DATASET,Raw EEG Phase-Locking Value,BetaH,,FC2,C4,0.7217706725114126
MODULATION_DATASET,Raw EEG Phase-Locking Value,BetaH,,FC2,FT9,0.35120627185382525
MODULATION_DATASET,Raw EEG Phase-Locking Value,BetaH,,FC2,FT10,0.42681240016393235
MODULATION_DATASET,Raw EEG Phase-Locking Value,BetaH,,FC2,T7,0.36085813207401957
MODULATION_DATASET,Raw EEG Phase-Locking Value,BetaH,,FC2,T8,0.6080237243073925
MODULATION_DATASET,Raw EEG Phase-Locking Value,BetaH,,FC2,CP1,0.35446263611999423
MODULATION_DATASET,Raw EEG Phase-Locking Value,BetaH,,FC2,CP2,0.4841022254118524
MODULATION_DATASET,Raw EEG Phase-Locking Value,BetaH,,FC2,CP5,0.22763047948123144
MODULATION_DATASET,Raw EEG Phase-Locking Value,BetaH,,FC2,CP6,0.4832242530365665
MODULATION_DATASET,Raw EEG Phase-Locking Value,BetaH,,FC2,P3,0.17812345736263446
MODULATION_DATASET,Raw EEG Phase-Locking Value,BetaH,,FC2,Pz,0.34856131252881034
MODULATION_DATASET,Raw EEG Phase-Locking Value,BetaH,,FC2,P4,0.36006526772510716
MODULATION_DATASET,Raw EEG Phase-Locking Value,BetaH,,FC2,P7,0.14475224406999418
MODULATION_DATASET,Raw EEG Phase-Locking Value,BetaH,,FC2,P8,0.2531741611549168
MODULATION_DATASET,Raw EEG Phase-Locking Value,BetaH,,FC2,O1,0.06360098721527047
MODULATION_DATASET,Raw EEG Phase-Locking Value,BetaH,,FC2,Oz,0.022617452738552223
MODULATION_DATASET,Raw EEG Phase-Locking Value,BetaH,,FC2,O2,0.05178073312625088
MODULATION_DATASET,Raw EEG Phase-Locking Value,BetaH,,FC2,PO9,0.24265335445355615
MODULATION_DATASET,Raw EEG Phase-Locking Value,BetaH,,FC2,PO10,0.06613129831523766
MODULATION_DATASET,Raw EEG Phase-Locking Value,BetaH,,FC5,FC6,0.4340559011049591
MODULATION_DATASET,Raw EEG Phase-Locking Value,BetaH,,FC5,C3,0.7097296707966426
MODULATION_DATASET,Raw EEG Phase-Locking Value,BetaH,,FC5,Cz,0.5673954782150818
MODULATION_DATASET,Raw EEG Phase-Locking Value,BetaH,,FC5,C4,0.3649754318166762
MODULATION_DATASET,Raw EEG Phase-Locking Value,BetaH,,FC5,FT9,0.4435425081314085
MODULATION_DATASET,Raw EEG Phase-Locking Value,BetaH,,FC5,FT10,0.2694205927534486
MODULATION_DATASET,Raw EEG Phase-Locking Value,BetaH,,FC5,T7,0.6923888737759247
MODULATION_DATASET,Raw EEG Phase-Locking Value,BetaH,,FC5,T8,0.31449601948611666
MODULATION_DATASET,Raw EEG Phase-Locking Value,BetaH,,FC5,CP1,0.24150470416240874
MODULATION_DATASET,Raw EEG Phase-Locking Value,BetaH,,FC5,CP2,0.2475329926516528
MODULATION_DATASET,Raw EEG Phase-Locking Value,BetaH,,FC5,CP5,0.42921983092298677
MODULATION_DATASET,Raw EEG Phase-Locking Value,BetaH,,FC5,CP6,0.19419494420438033
MODULATION_DATASET,Raw EEG Phase-Locking Value,BetaH,,FC5,P3,0.1260302465199942
MODULATION_DATASET,Raw EEG Phase-Locking Value,BetaH,,FC5,Pz,0.1919905587870548
MODULATION_DATASET,Raw EEG Phase-Locking Value,BetaH,,FC5,P4,0.12669443936588676
MODULATION_DATASET,Raw EEG Phase-Locking Value,BetaH,,FC5,P7,0.1094640292852316
MODULATION_DATASET,Raw EEG Phase-Locking Value,BetaH,,FC5,P8,0.0501396525983871
MODULATION_DATASET,Raw EEG Phase-Locking Value,BetaH,,FC5,O1,0.17375391515932104
MODULATION_DATASET,Raw EEG Phase-Locking Value,BetaH,,FC5,Oz,0.1389920027594651
MODULATION_DATASET,Raw EEG Phase-Locking Value,BetaH,,FC5,O2,0.11383038756463099
MODULATION_DATASET,Raw EEG Phase-Locking Value,BetaH,,FC5,PO9,0.39907753685539993
MODULATION_DATASET,Raw EEG Phase-Locking Value,BetaH,,FC5,PO10,0.145762075146903
MODULATION_DATASET,Raw EEG Phase-Locking Value,BetaH,,FC6,C3,0.38778359114287686
MODULATION_DATASET,Raw EEG Phase-Locking Value,BetaH,,FC6,Cz,0.5837722894603089
MODULATION_DATASET,Raw EEG Phase-Locking Value,BetaH,,FC6,C4,0.8301522501340628
MODULATION_DATASET,Raw EEG Phase-Locking Value,BetaH,,FC6,FT9,0.380433096262923
MODULATION_DATASET,Raw EEG Phase-Locking Value,BetaH,,FC6,FT10,0.636510587943541
MODULATION_DATASET,Raw EEG Phase-Locking Value,BetaH,,FC6,T7,0.24642689733742254
MODULATION_DATASET,Raw EEG Phase-Locking Value,BetaH,,FC6,T8,0.8600267338824047
MODULATION_DATASET,Raw EEG Phase-Locking Value,BetaH,,FC6,CP1,0.2932082918702452
MODULATION_DATASET,Raw EEG Phase-Locking Value,BetaH,,FC6,CP2,0.4850014952625144
MODULATION_DATASET,Raw EEG Phase-Locking Value,BetaH,,FC6,CP5,0.11430115689426583
MODULATION_DATASET,Raw EEG Phase-Locking Value,BetaH,,FC6,CP6,0.6798793446243119
MODULATION_DATASET,Raw EEG Phase-Locking Value,BetaH,,FC6,P3,0.11750530643495834
MODULATION_DATASET,Raw EEG Phase-Locking Value,BetaH,,FC6,Pz,0.3192209500356761
MODULATION_DATASET,Raw EEG Phase-Locking Value,BetaH,,FC6,P4,0.4242673735789725
MODULATION_DATASET,Raw EEG Phase-Locking Value,BetaH,,FC6,P7,0.2244321912518802
MODULATION_DATASET,Raw EEG Phase-Locking Value,BetaH,,FC6,P8,0.41785218870978474
MODULATION_DATASET,Raw EEG Phase-Locking Value,BetaH,,FC6,O1,0.06346081966490211
MODULATION_DATASET,Raw EEG Phase-Locking Value,BetaH,,FC6,Oz,0.047908002238512694
MODULATION_DATASET,Raw EEG Phase-Locking Value,BetaH,,FC6,O2,0.11044719839371277
MODULATION_DATASET,Raw EEG Phase-Locking Value,BetaH,,FC6,PO9,0.18169805894631566
MODULATION_DATASET,Raw EEG Phase-Locking Value,BetaH,,FC6,PO10,0.2082352743784198
MODULATION_DATASET,Raw EEG Phase-Locking Value,BetaH,,C3,Cz,0.6418526932497817
MODULATION_DATASET,Raw EEG Phase-Locking Value,BetaH,,C3,C4,0.410116752060866
MODULATION_DATASET,Raw EEG Phase-Locking Value,BetaH,,C3,FT9,0.23820327290829366
MODULATION_DATASET,Raw EEG Phase-Locking Value,BetaH,,C3,FT10,0.18259321151783633
MODULATION_DATASET,Raw EEG Phase-Locking Value,BetaH,,C3,T7,0.5619915900181173
MODULATION_DATASET,Raw EEG Phase-Locking Value,BetaH,,C3,T8,0.2850384701880241
MODULATION_DATASET,Raw EEG Phase-Locking Value,BetaH,,C3,CP1,0.5093874364400887
MODULATION_DATASET,Raw EEG Phase-Locking Value,BetaH,,C3,CP2,0.4500045661021466
MODULATION_DATASET,Raw EEG Phase-Locking Value,BetaH,,C3,CP5,0.6563468973080891
MODULATION_DATASET,Raw EEG Phase-Locking Value,BetaH,,C3,CP6,0.26576288681604404
MODULATION_DATASET,Raw EEG Phase-Locking Value,BetaH,,C3,P3,0.41572778741151295
MODULATION_DATASET,Raw EEG Phase-Locking Value,BetaH,,C3,Pz,0.4439921740468093
MODULATION_DATASET,Raw EEG Phase-Locking Value,BetaH,,C3,P4,0.3090090433497377
MODULATION_DATASET,Raw EEG Phase-Locking Value,BetaH,,C3,P7,0.16679522179976183
MODULATION_DATASET,Raw EEG Phase-Locking Value,BetaH,,C3,P8,0.12792605116058745
MODULATION_DATASET,Raw EEG Phase-Locking Value,BetaH,,C3,O1,0.06007454245027896
MODULATION_DATASET,Raw EEG Phase-Locking Value,BetaH,,C3,Oz,0.08142417811226363
MODULATION_DATASET,Raw EEG Phase-Locking Value,BetaH,,C3,O2,0.08426898605575739
MODULATION_DATASET,Raw EEG Phase-Locking Value,BetaH,,C3,PO9,0.3231921276859622
MODULATION_DATASET,Raw EEG Phase-Locking Value,BetaH,,C3,PO10,0.13557972866502177
MODULATION_DATASET,Raw EEG Phase-Locking Value,BetaH,,Cz,C4,0.6204952609400378
MODULATION_DATASET,Raw EEG Phase-Locking Value,BetaH,,Cz,FT9,0.25611176626179555
MODULATION_DATASET,Raw EEG Phase-Locking Value,BetaH,,Cz,FT10,0.277762639140751
MODULATION_DATASET,Raw EEG Phase-Locking Value,BetaH,,Cz,T7,0.36410851232120145
MODULATION_DATASET,Raw EEG Phase-Locking Value,BetaH,,Cz,T8,0.4588111639452437
MODULATION_DATASET,Raw EEG Phase-Locking Value,BetaH,,Cz,CP1,0.4786377844274873
MODULATION_DATASET,Raw EEG Phase-Locking Value,BetaH,,Cz,CP2,0.5631327717598718
MODULATION_DATASET,Raw EEG Phase-Locking Value,BetaH,,Cz,CP5,0.3465570464630229
MODULATION_DATASET,Raw EEG Phase-Locking Value,BetaH,,Cz,CP6,0.4150293309145827
MODULATION_DATASET,Raw EEG Phase-Locking Value,BetaH,,Cz,P3,0.3139663846358431
MODULATION_DATASET,Raw EEG Phase-Locking Value,BetaH,,Cz,Pz,0.463337402125317
MODULATION_DATASET,Raw EEG Phase-Locking Value,BetaH,,Cz,P4,0.4070597728538041
MODULATION_DATASET,Raw EEG Phase-Locking Value,BetaH,,Cz,P7,0.07064198145939841
MODULATION_DATASET,Raw EEG Phase-Locking Value,BetaH,,Cz,P8,0.22417465844259502
MODULATION_DATASET,Raw EEG Phase-Locking Value,BetaH,,Cz,O1,0.05089881059582339
MODULATION_DATASET,Raw EEG Phase-Locking Value,BetaH,,Cz,Oz,0.09250201575191008
MODULATION_DATASET,Raw EEG Phase-Locking Value,BetaH,,Cz,O2,0.1100019594534287
MODULATION_DATASET,Raw EEG Phase-Locking Value,BetaH,,Cz,PO9,0.22799092562421155
MODULATION_DATASET,Raw EEG Phase-Locking Value,BetaH,,Cz,PO10,0.05751295529748326
MODULATION_DATASET,Raw EEG Phase-Locking Value,BetaH,,C4,FT9,0.2523655819356703
MODULATION_DATASET,Raw EEG Phase-Locking Value,BetaH,,C4,FT10,0.46765794175061653
MODULATION_DATASET,Raw EEG Phase-Locking Value,BetaH,,C4,T7,0.19769026280637134
MODULATION_DATASET,Raw EEG Phase-Locking Value,BetaH,,C4,T8,0.7841896850226928
MODULATION_DATASET,Raw EEG Phase-Locking Value,BetaH,,C4,CP1,0.43318127381270793
MODULATION_DATASET,Raw EEG Phase-Locking Value,BetaH,,C4,CP2,0.6512525175155525
MODULATION_DATASET,Raw EEG Phase-Locking Value,BetaH,,C4,CP5,0.16637479629531593
MODULATION_DATASET,Raw EEG Phase-Locking Value,BetaH,,C4,CP6,0.7944968936402994
MODULATION_DATASET,Raw EEG Phase-Locking Value,BetaH,,C4,P3,0.245932340979986
MODULATION_DATASET,Raw EEG Phase-Locking Value,BetaH,,C4,Pz,0.4741517354240289
MODULATION_DATASET,Raw EEG Phase-Locking Value,BetaH,,C4,P4,0.5886465881917433
MODULATION_DATASET,Raw EEG Phase-Locking Value,BetaH,,C4,P7,0.11770188689882893
MODULATION_DATASET,Raw EEG Phase-Locking Value,BetaH,,C4,P8,0.4991279255303078
MODULATION_DATASET,Raw EEG Phase-Locking Value,BetaH,,C4,O1,0.08321803438260907
MODULATION_DATASET,Raw EEG Phase-Locking Value,BetaH,,C4,Oz,0.1735087617026324
MODULATION_DATASET,Raw EEG Phase-Locking Value,BetaH,,C4,O2,0.23165330494023767
MODULATION_DATASET,Raw EEG Phase-Locking Value,BetaH,,C4,PO9,0.138681334128784
MODULATION_DATASET,Raw EEG Phase-Locking Value,BetaH,,C4,PO10,0.2456111249925238
MODULATION_DATASET,Raw EEG Phase-Locking Value,BetaH,,FT9,FT10,0.5341947803484531
MODULATION_DATASET,Raw EEG Phase-Locking Value,BetaH,,FT9,T7,0.35743958133640724
MODULATION_DATASET,Raw EEG Phase-Locking Value,BetaH,,FT9,T8,0.3414207241852821
MODULATION_DATASET,Raw EEG Phase-Locking Value,BetaH,,FT9,CP1,0.2798476984017766
MODULATION_DATASET,Raw EEG Phase-Locking Value,BetaH,,FT9,CP2,0.1859740498289334
MODULATION_DATASET,Raw EEG Phase-Locking Value,BetaH,,FT9,CP5,0.22389902576354584
MODULATION_DATASET,Raw EEG Phase-Locking Value,BetaH,,FT9,CP6,0.16622724785099313
MODULATION_DATASET,Raw EEG Phase-Locking Value,BetaH,,FT9,P3,0.36904514890659446
MODULATION_DATASET,Raw EEG Phase-Locking Value,BetaH,,FT9,Pz,0.2616899968330619
MODULATION_DATASET,Raw EEG Phase-Locking Value,BetaH,,FT9,P4,0.16793672214127647
MODULATION_DATASET,Raw EEG Phase-Locking Value,BetaH,,FT9,P7,0.5212691314226978
MODULATION_DATASET,Raw EEG Phase-Locking Value,BetaH,,FT9,P8,0.0826323201538741
MODULATION_DATASET,Raw EEG Phase-Locking Value,BetaH,,FT9,O1,0.4050581286354993
MODULATION_DATASET,Raw EEG Phase-Locking Value,BetaH,,FT9,Oz,0.32285546012024774
MODULATION_DATASET,Raw EEG Phase-Locking Value,BetaH,,FT9,O2,0.24706086023975551
MODULATION_DATASET,Raw EEG Phase-Locking Value,BetaH,,FT9,PO9,0.24210964839945281
MODULATION_DATASET,Raw EEG Phase-Locking Value,BetaH,,FT9,PO10,0.06874198822068747
MODULATION_DATASET,Raw EEG Phase-Locking Value,BetaH,,FT10,T7,0.13064165374464803
MODULATION_DATASET,Raw EEG Phase-Locking Value,BetaH,,FT10,T8,0.6976144850998719
MODULATION_DATASET,Raw EEG Phase-Locking Value,BetaH,,FT10,CP1,0.1516144747332479
MODULATION_DATASET,Raw EEG Phase-Locking Value,BetaH,,FT10,CP2,0.20715793390481657
MODULATION_DATASET,Raw EEG Phase-Locking Value,BetaH,,FT10,CP5,0.22882492398912724
MODULATION_DATASET,Raw EEG Phase-Locking Value,BetaH,,FT10,CP6,0.4538083598503804
MODULATION_DATASET,Raw EEG Phase-Locking Value,BetaH,,FT10,P3,0.21841647303982836
MODULATION_DATASET,Raw EEG Phase-Locking Value,BetaH,,FT10,Pz,0.14179662392528275
MODULATION_DATASET,Raw EEG Phase-Locking Value,BetaH,,FT10,P4,0.19821795619511637
MODULATION_DATASET,Raw EEG Phase-Locking Value,BetaH,,FT10,P7,0.4277561335797059
MODULATION_DATASET,Raw EEG Phase-Locking Value,BetaH,,FT10,P8,0.3468643165077723
MODULATION_DATASET,Raw EEG Phase-Locking Value,BetaH,,FT10,O1,0.1992825158416789
MODULATION_DATASET,Raw EEG Phase-Locking Value,BetaH,,FT10,Oz,0.1209205932288929
MODULATION_DATASET,Raw EEG Phase-Locking Value,BetaH,,FT10,O2,0.07321594416921322
MODULATION_DATASET,Raw EEG Phase-Locking Value,BetaH,,FT10,PO9,0.06895636393969903
MODULATION_DATASET,Raw EEG Phase-Locking Value,BetaH,,FT10,PO10,0.3051194369858328
MODULATION_DATASET,Raw EEG Phase-Locking Value,BetaH,,T7,T8,0.15304912469788576
MODULATION_DATASET,Raw EEG Phase-Locking Value,BetaH,,T7,CP1,0.14513500516901512
MODULATION_DATASET,Raw EEG Phase-Locking Value,BetaH,,T7,CP2,0.11602591904544154
MODULATION_DATASET,Raw EEG Phase-Locking Value,BetaH,,T7,CP5,0.46980980370732695
MODULATION_DATASET,Raw EEG Phase-Locking Value,BetaH,,T7,CP6,0.06341996836816434
MODULATION_DATASET,Raw EEG Phase-Locking Value,BetaH,,T7,P3,0.07887472190542748
MODULATION_DATASET,Raw EEG Phase-Locking Value,BetaH,,T7,Pz,0.08950676284134482
MODULATION_DATASET,Raw EEG Phase-Locking Value,BetaH,,T7,P4,0.013963635700146061
MODULATION_DATASET,Raw EEG Phase-Locking Value,BetaH,,T7,P7,0.020420721013850854
MODULATION_DATASET,Raw EEG Phase-Locking Value,BetaH,,T7,P8,0.09411320580374376
MODULATION_DATASET,Raw EEG Phase-Locking Value,BetaH,,T7,O1,0.21954861625469757
MODULATION_DATASET,Raw EEG Phase-Locking Value,BetaH,,T7,Oz,0.20554186093261578
MODULATION_DATASET,Raw EEG Phase-Locking Value,BetaH,,T7,O2,0.18504023076647694
MODULATION_DATASET,Raw EEG Phase-Locking Value,BetaH,,T7,PO9,0.4472479305715533
MODULATION_DATASET,Raw EEG Phase-Locking Value,BetaH,,T7,PO10,0.24270095278228632
MODULATION_DATASET,Raw EEG Phase-Locking Value,BetaH,,T8,CP1,0.27428004132513534
MODULATION_DATASET,Raw EEG Phase-Locking Value,BetaH,,T8,CP2,0.481558369161108
MODULATION_DATASET,Raw EEG Phase-Locking Value,BetaH,,T8,CP5,0.07999326217334372
MODULATION_DATASET,Raw EEG Phase-Locking Value,BetaH,,T8,CP6,0.7756467430763506
MODULATION_DATASET,Raw EEG Phase-Locking Value,BetaH,,T8,P3,0.1067380215279835
MODULATION_DATASET,Raw EEG Phase-Locking Value,BetaH,,T8,Pz,0.31668142976445907
MODULATION_DATASET,Raw EEG Phase-Locking Value,BetaH,,T8,P4,0.4733121481605724
MODULATION_DATASET,Raw EEG Phase-Locking Value,BetaH,,T8,P7,0.24058249061202758
MODULATION_DATASET,Raw EEG Phase-Locking Value,BetaH,,T8,P8,0.5578076996293418
MODULATION_DATASET,Raw EEG Phase-Locking Value,BetaH,,T8,O1,0.04500094764547928
MODULATION_DATASET,Raw EEG Phase-Locking Value,BetaH,,T8,Oz,0.10983370709335048
MODULATION_DATASET,Raw EEG Phase-Locking Value,BetaH,,T8,O2,0.18839731917431288
MODULATION_DATASET,Raw EEG Phase-Locking Value,BetaH,,T8,PO9,0.10550029173723428
MODULATION_DATASET,Raw EEG Phase-Locking Value,BetaH,,T8,PO10,0.3459548055677886
MODULATION_DATASET,Raw EEG Phase-Locking Value,BetaH,,CP1,CP2,0.7769456049126447
MODULATION_DATASET,Raw EEG Phase-Locking Value,BetaH,,CP1,CP5,0.5243692954481484
MODULATION_DATASET,Raw EEG Phase-Locking Value,BetaH,,CP1,CP6,0.4409622555941826
MODULATION_DATASET,Raw EEG Phase-Locking Value,BetaH,,CP1,P3,0.8283560660928027
MODULATION_DATASET,Raw EEG Phase-Locking Value,BetaH,,CP1,Pz,0.8875646045350215
MODULATION_DATASET,Raw EEG Phase-Locking Value,BetaH,,CP1,P4,0.7115849762494112
MODULATION_DATASET,Raw EEG Phase-Locking Value,BetaH,,CP1,P7,0.45583424484537594
MODULATION_DATASET,Raw EEG Phase-Locking Value,BetaH,,CP1,P8,0.4147772763844236
MODULATION_DATASET,Raw EEG Phase-Locking Value,BetaH,,CP1,O1,0.583859252385885
MODULATION_DATASET,Raw EEG Phase-Locking Value,BetaH,,CP1,Oz,0.6066973889533284
MODULATION_DATASET,Raw EEG Phase-Locking Value,BetaH,,CP1,O2,0.5626271719563161
MODULATION_DATASET,Raw EEG Phase-Locking Value,BetaH,,CP1,PO9,0.1847598391642155
MODULATION_DATASET,Raw EEG Phase-Locking Value,BetaH,,CP1,PO10,0.26235341244982885
MODULATION_DATASET,Raw EEG Phase-Locking Value,BetaH,,CP2,CP5,0.3536359152128768
MODULATION_DATASET,Raw EEG Phase-Locking Value,BetaH,,CP2,CP6,0.6711289951309407
MODULATION_DATASET,Raw EEG Phase-Locking Value,BetaH,,CP2,P3,0.6336212161295192
MODULATION_DATASET,Raw EEG Phase-Locking Value,BetaH,,CP2,Pz,0.8466676833868072
MODULATION_DATASET,Raw EEG Phase-Locking Value,BetaH,,CP2,P4,0.8556936627484261
MODULATION_DATASET,Raw EEG Phase-Locking Value,BetaH,,CP2,P7,0.24989707992569624
MODULATION_DATASET,Raw EEG Phase-Locking Value,BetaH,,CP2,P8,0.5831557662311921
MODULATION_DATASET,Raw EEG Phase-Locking Value,BetaH,,CP2,O1,0.448912459010512
MODULATION_DATASET,Raw EEG Phase-Locking Value,BetaH,,CP2,Oz,0.5449974906490724
MODULATION_DATASET,Raw EEG Phase-Locking Value,BetaH,,CP2,O2,0.5658630691704183
MODULATION_DATASET,Raw EEG Phase-Locking Value,BetaH,,CP2,PO9,0.12359007663194051
MODULATION_DATASET,Raw EEG Phase-Locking Value,BetaH,,CP2,PO10,0.35199478781780635
MODULATION_DATASET,Raw EEG Phase-Locking Value,BetaH,,CP5,CP6,0.10668824668046971
MODULATION_DATASET,Raw EEG Phase-Locking Value,BetaH,,CP5,P3,0.5599027546250068
MODULATION_DATASET,Raw EEG Phase-Locking Value,BetaH,,CP5,Pz,0.44516899461978415
MODULATION_DATASET,Raw EEG Phase-Locking Value,BetaH,,CP5,P4,0.24099706990882516
MODULATION_DATASET,Raw EEG Phase-Locking Value,BetaH,,CP5,P7,0.4508854816928396
MODULATION_DATASET,Raw EEG Phase-Locking Value,BetaH,,CP5,P8,0.07769688979602009
MODULATION_DATASET,Raw EEG Phase-Locking Value,BetaH,,CP5,O1,0.2112083381043578
MODULATION_DATASET,Raw EEG Phase-Locking Value,BetaH,,CP5,Oz,0.17664934003659938
MODULATION_DATASET,Raw EEG Phase-Locking Value,BetaH,,CP5,O2,0.13143119639712122
MODULATION_DATASET,Raw EEG Phase-Locking Value,BetaH,,CP5,PO9,0.2607545992349104
MODULATION_DATASET,Raw EEG Phase-Locking Value,BetaH,,CP5,PO10,0.20976572248930192
MODULATION_DATASET,Raw EEG Phase-Locking Value,BetaH,,CP6,P3,0.27057887228877686
MODULATION_DATASET,Raw EEG Phase-Locking Value,BetaH,,CP6,Pz,0.5108097505085355
MODULATION_DATASET,Raw EEG Phase-Locking Value,BetaH,,CP6,P4,0.7144590799417985
MODULATION_DATASET,Raw EEG Phase-Locking Value,BetaH,,CP6,P7,0.09580958718104338
MODULATION_DATASET,Raw EEG Phase-Locking Value,BetaH,,CP6,P8,0.7257091133605288
MODULATION_DATASET,Raw EEG Phase-Locking Value,BetaH,,CP6,O1,0.18945581701944375
MODULATION_DATASET,Raw EEG Phase-Locking Value,BetaH,,CP6,Oz,0.3154478389049825
MODULATION_DATASET,Raw EEG Phase-Locking Value,BetaH,,CP6,O2,0.4037090346101453
MODULATION_DATASET,Raw EEG Phase-Locking Value,BetaH,,CP6,PO9,0.046438480580133695
MODULATION_DATASET,Raw EEG Phase-Locking Value,BetaH,,CP6,PO10,0.4472921578099482
MODULATION_DATASET,Raw EEG Phase-Locking Value,BetaH,,P3,Pz,0.8003401357317593
MODULATION_DATASET,Raw EEG Phase-Locking Value,BetaH,,P3,P4,0.5722336568116173
MODULATION_DATASET,Raw EEG Phase-Locking Value,BetaH,,P3,P7,0.6055385201718043
MODULATION_DATASET,Raw EEG Phase-Locking Value,BetaH,,P3,P8,0.28561840157215007
MODULATION_DATASET,Raw EEG Phase-Locking Value,BetaH,,P3,O1,0.6684787596600374
MODULATION_DATASET,Raw EEG Phase-Locking Value,BetaH,,P3,Oz,0.6309282566442262
MODULATION_DATASET,Raw EEG Phase-Locking Value,BetaH,,P3,O2,0.5358559416578801
MODULATION_DATASET,Raw EEG Phase-Locking Value,BetaH,,P3,PO9,0.24120273869004935
MODULATION_DATASET,Raw EEG Phase-Locking Value,BetaH,,P3,PO10,0.20688133827996877
MODULATION_DATASET,Raw EEG Phase-Locking Value,BetaH,,Pz,P4,0.7968170933941661
MODULATION_DATASET,Raw EEG Phase-Locking Value,BetaH,,Pz,P7,0.4073973640669134
MODULATION_DATASET,Raw EEG Phase-Locking Value,BetaH,,Pz,P8,0.4941865078657036
MODULATION_DATASET,Raw EEG Phase-Locking Value,BetaH,,Pz,O1,0.5969341310323398
MODULATION_DATASET,Raw EEG Phase-Locking Value,BetaH,,Pz,Oz,0.651511363279683
MODULATION_DATASET,Raw EEG Phase-Locking Value,BetaH,,Pz,O2,0.6235807491766381
MODULATION_DATASET,Raw EEG Phase-Locking Value,BetaH,,Pz,PO9,0.18245022869408403
MODULATION_DATASET,Raw EEG Phase-Locking Value,BetaH,,Pz,PO10,0.3212156251708713
MODULATION_DATASET,Raw EEG Phase-Locking Value,BetaH,,P4,P7,0.21554888813914513
MODULATION_DATASET,Raw EEG Phase-Locking Value,BetaH,,P4,P8,0.7240108977334505
MODULATION_DATASET,Raw EEG Phase-Locking Value,BetaH,,P4,O1,0.4952054584397423
MODULATION_DATASET,Raw EEG Phase-Locking Value,BetaH,,P4,Oz,0.6329937110676288
MODULATION_DATASET,Raw EEG Phase-Locking Value,BetaH,,P4,O2,0.6934325715841995
MODULATION_DATASET,Raw EEG Phase-Locking Value,BetaH,,P4,PO9,0.13924117914687412
MODULATION_DATASET,Raw EEG Phase-Locking Value,BetaH,,P4,PO10,0.488869166847543
MODULATION_DATASET,Raw EEG Phase-Locking Value,BetaH,,P7,P8,0.08004000610767215
MODULATION_DATASET,Raw EEG Phase-Locking Value,BetaH,,P7,O1,0.5648610016234826
MODULATION_DATASET,Raw EEG Phase-Locking Value,BetaH,,P7,Oz,0.42699867682173576
MODULATION_DATASET,Raw EEG Phase-Locking Value,BetaH,,P7,O2,0.31198935448290116
MODULATION_DATASET,Raw EEG Phase-Locking Value,BetaH,,P7,PO9,0.3106363481563089
MODULATION_DATASET,Raw EEG Phase-Locking Value,BetaH,,P7,PO10,0.1477405711671131
MODULATION_DATASET,Raw EEG Phase-Locking Value,BetaH,,P8,O1,0.33566198223726507
MODULATION_DATASET,Raw EEG Phase-Locking Value,BetaH,,P8,Oz,0.5034498295992035
MODULATION_DATASET,Raw EEG Phase-Locking Value,BetaH,,P8,O2,0.6431807354596618
MODULATION_DATASET,Raw EEG Phase-Locking Value,BetaH,,P8,PO9,0.14994354176639083
MODULATION_DATASET,Raw EEG Phase-Locking Value,BetaH,,P8,PO10,0.7529565023355664
MODULATION_DATASET,Raw EEG Phase-Locking Value,BetaH,,O1,Oz,0.8563296853058285
MODULATION_DATASET,Raw EEG Phase-Locking Value,BetaH,,O1,O2,0.7139952283771774
MODULATION_DATASET,Raw EEG Phase-Locking Value,BetaH,,O1,PO9,0.5092892470451504
MODULATION_DATASET,Raw EEG Phase-Locking Value,BetaH,,O1,PO10,0.3559405991784354
MODULATION_DATASET,Raw EEG Phase-Locking Value,BetaH,,Oz,O2,0.8796991460804111
MODULATION_DATASET,Raw EEG Phase-Locking Value,BetaH,,Oz,PO9,0.42549471544692186
MODULATION_DATASET,Raw EEG Phase-Locking Value,BetaH,,Oz,PO10,0.50382692954463
MODULATION_DATASET,Raw EEG Phase-Locking Value,BetaH,,O2,PO9,0.35084968793219723
MODULATION_DATASET,Raw EEG Phase-Locking Value,BetaH,,O2,PO10,0.6220557158852916
MODULATION_DATASET,Raw EEG Phase-Locking Value,BetaH,,PO9,PO10,0.34496743140996494
MODULATION_DATASET,Raw EEG Phase-Locking Value,Gamma,,Fp1,Fp2,0.47752724936099367
MODULATION_DATASET,Raw EEG Phase-Locking Value,Gamma,,Fp1,F7,0.5059471507257249
MODULATION_DATASET,Raw EEG Phase-Locking Value,Gamma,,Fp1,F3,0.5182726807039673
MODULATION_DATASET,Raw EEG Phase-Locking Value,Gamma,,Fp1,Fz,0.44023224575457376
MODULATION_DATASET,Raw EEG Phase-Locking Value,Gamma,,Fp1,F4,0.383580201578692
MODULATION_DATASET,Raw EEG Phase-Locking Value,Gamma,,Fp1,F8,0.30257099159825684
MODULATION_DATASET,Raw EEG Phase-Locking Value,Gamma,,Fp1,FC1,0.29197565952799126
MODULATION_DATASET,Raw EEG Phase-Locking Value,Gamma,,Fp1,FC2,0.30167003497142897
MODULATION_DATASET,Raw EEG Phase-Locking Value,Gamma,,Fp1,FC5,0.3640779508271372
MODULATION_DATASET,Raw EEG Phase-Locking Value,Gamma,,Fp1,FC6,0.2763833682054249
MODULATION_DATASET,Raw EEG Phase-Locking Value,Gamma,,Fp1,C3,0.18536512887858392
MODULATION_DATASET,Raw EEG Phase-Locking Value,Gamma,,Fp1,Cz,0.22072388488267433
MODULATION_DATASET,Raw EEG Phase-Locking Value,Gamma,,Fp1,C4,0.1976710419810656
MODULATION_DATASET,Raw EEG Phase-Locking Value,Gamma,,Fp1,FT9,0.3107932426888646
MODULATION_DATASET,Raw EEG Phase-Locking Value,Gamma,,Fp1,FT10,0.2500831674625372
MODULATION_DATASET,Raw EEG Phase-Locking Value,Gamma,,Fp1,T7,0.2030328386699127
MODULATION_DATASET,Raw EEG Phase-Locking Value,Gamma,,Fp1,T8,0.23938046172414282
MODULATION_DATASET,Raw EEG Phase-Locking Value,Gamma,,Fp1,CP1,0.077833247751977
MODULATION_DATASET,Raw EEG Phase-Locking Value,Gamma,,Fp1,CP2,0.10130230190717386
MODULATION_DATASET,Raw EEG Phase-Locking Value,Gamma,,Fp1,CP5,0.05828351135174268
MODULATION_DATASET,Raw EEG Phase-Locking Value,Gamma,,Fp1,CP6,0.1274867721062136
MODULATION_DATASET,Raw EEG Phase-Locking Value,Gamma,,Fp1,P3,0.0787627336453558
MODULATION_DATASET,Raw EEG Phase-Locking Value,Gamma,,Fp1,Pz,0.07353590582354436
MODULATION_DATASET,Raw EEG Phase-Locking Value,Gamma,,Fp1,P4,0.08239179728440293
MODULATION_DATASET,Raw EEG Phase-Locking Value,Gamma,,Fp1,P7,0.07701488001547736
MODULATION_DATASET,Raw EEG Phase-Locking Value,Gamma,,Fp1,P8,0.07686282322141991
MODULATION_DATASET,Raw EEG Phase-Locking Value,Gamma,,Fp1,O1,0.098807889853657
MODULATION_DATASET,Raw EEG Phase-Locking Value,Gamma,,Fp1,Oz,0.07762784959022408
MODULATION_DATASET,Raw EEG Phase-Locking Value,Gamma,,Fp1,O2,0.05937599805395198
MODULATION_DATASET,Raw EEG Phase-Locking Value,Gamma,,Fp1,PO9,0.09614811337096232
MODULATION_DATASET,Raw EEG Phase-Locking Value,Gamma,,Fp1,PO10,0.0400487766207953
MODULATION_DATASET,Raw EEG Phase-Locking Value,Gamma,,Fp2,F7,0.29722652864594284
MODULATION_DATASET,Raw EEG Phase-Locking Value,Gamma,,Fp2,F3,0.40410630794913155
MODULATION_DATASET,Raw EEG Phase-Locking Value,Gamma,,Fp2,Fz,0.4595504905216779
MODULATION_DATASET,Raw EEG Phase-Locking Value,Gamma,,Fp2,F4,0.5378873866647037
MODULATION_DATASET,Raw EEG Phase-Locking Value,Gamma,,Fp2,F8,0.498766664232325
MODULATION_DATASET,Raw EEG Phase-Locking Value,Gamma,,Fp2,FC1,0.2772732957809091
MODULATION_DATASET,Raw EEG Phase-Locking Value,Gamma,,Fp2,FC2,0.3567312260013297
MODULATION_DATASET,Raw EEG Phase-Locking Value,Gamma,,Fp2,FC5,0.22795040152958618
MODULATION_DATASET,Raw EEG Phase-Locking Value,Gamma,,Fp2,FC6,0.4037356355856596
MODULATION_DATASET,Raw EEG Phase-Locking Value,Gamma,,Fp2,C3,0.15228720151724426
MODULATION_DATASET,Raw EEG Phase-Locking Value,Gamma,,Fp2,Cz,0.23537003448887253
MODULATION_DATASET,Raw EEG Phase-Locking Value,Gamma,,Fp2,C4,0.2697620970052379
MODULATION_DATASET,Raw EEG Phase-Locking Value,Gamma,,Fp2,FT9,0.23140960158544652
MODULATION_DATASET,Raw EEG Phase-Locking Value,Gamma,,Fp2,FT10,0.36422119963563476
MODULATION_DATASET,Raw EEG Phase-Locking Value,Gamma,,Fp2,T7,0.12566883327830977
MODULATION_DATASET,Raw EEG Phase-Locking Value,Gamma,,Fp2,T8,0.3513000080162095
MODULATION_DATASET,Raw EEG Phase-Locking Value,Gamma,,Fp2,CP1,0.08863013768457716
MODULATION_DATASET,Raw EEG Phase-Locking Value,Gamma,,Fp2,CP2,0.12693171994333488
MODULATION_DATASET,Raw EEG Phase-Locking Value,Gamma,,Fp2,CP5,0.056051110675529446
MODULATION_DATASET,Raw EEG Phase-Locking Value,Gamma,,Fp2,CP6,0.192832107104701
MODULATION_DATASET,Raw EEG Phase-Locking Value,Gamma,,Fp2,P3,0.07456549063957024
MODULATION_DATASET,Raw EEG Phase-Locking Value,Gamma,,Fp2,Pz,0.08666149087092695
MODULATION_DATASET,Raw EEG Phase-Locking Value,Gamma,,Fp2,P4,0.1107174254267353
MODULATION_DATASET,Raw EEG Phase-Locking Value,Gamma,,Fp2,P7,0.08251165029173746
MODULATION_DATASET,Raw EEG Phase-Locking Value,Gamma,,Fp2,P8,0.11969540623387291
MODULATION_DATASET,Raw EEG Phase-Locking Value,Gamma,,Fp2,O1,0.08194683345869382
MODULATION_DATASET,Raw EEG Phase-Locking Value,Gamma,,Fp2,Oz,0.06160588235047237
MODULATION_DATASET,Raw EEG Phase-Locking Value,Gamma,,Fp2,O2,0.04993333756324284
MODULATION_DATASET,Raw EEG Phase-Locking Value,Gamma,,Fp2,PO9,0.07520467471554193
MODULATION_DATASET,Raw EEG Phase-Locking Value,Gamma,,Fp2,PO10,0.05875921104977217
MODULATION_DATASET,Raw EEG Phase-Locking Value,Gamma,,F7,F3,0.5130684031690019
MODULATION_DATASET,Raw EEG Phase-Locking Value,Gamma,,F7,Fz,0.34578610245277436
MODULATION_DATASET,Raw EEG Phase-Locking Value,Gamma,,F7,F4,0.2601200964772036
MODULATION_DATASET,Raw EEG Phase-Locking Value,Gamma,,F7,F8,0.19988788044439987
MODULATION_DATASET,Raw EEG Phase-Locking Value,Gamma,,F7,FC1,0.2677486641702059
MODULATION_DATASET,Raw EEG Phase-Locking Value,Gamma,,F7,FC2,0.21952852663025704
MODULATION_DATASET,Raw EEG Phase-Locking Value,Gamma,,F7,FC5,0.5083183680673178
MODULATION_DATASET,Raw EEG Phase-Locking Value,Gamma,,F7,FC6,0.1816501572783978
MODULATION_DATASET,Raw EEG Phase-Locking Value,Gamma,,F7,C3,0.227313352617073
MODULATION_DATASET,Raw EEG Phase-Locking Value,Gamma,,F7,Cz,0.17230480738665577
MODULATION_DATASET,Raw EEG Phase-Locking Value,Gamma,,F7,C4,0.121597549756056
MODULATION_DATASET,Raw EEG Phase-Locking Value,Gamma,,F7,FT9,0.3506260645334932
MODULATION_DATASET,Raw EEG Phase-Locking Value,Gamma,,F7,FT10,0.1634075802223515
MODULATION_DATASET,Raw EEG Phase-Locking Value,Gamma,,F7,T7,0.30778579651274984
MODULATION_DATASET,Raw EEG Phase-Locking Value,Gamma,,F7,T8,0.14716823887488947
MODULATION_DATASET,Raw EEG Phase-Locking Value,Gamma,,F7,CP1,0.05297739114982459
MODULATION_DATASET,Raw EEG Phase-Locking Value,Gamma,,F7,CP2,0.05477884192054685
MODULATION_DATASET,Raw EEG Phase-Locking Value,Gamma,,F7,CP5,0.0893679085250673
MODULATION_DATASET,Raw EEG Phase-Locking Value,Gamma,,F7,CP6,0.06136313110201655
MODULATION_DATASET,Raw EEG Phase-Locking Value,Gamma,,F7,P3,0.07472047351214714
MODULATION_DATASET,Raw EEG Phase-Locking Value,Gamma,,F7,Pz,0.052857660294569224
MODULATION_DATASET,Raw EEG Phase-Locking Value,Gamma,,F7,P4,0.0501727179157653
MODULATION_DATASET,Raw EEG Phase-Locking Value,Gamma,,F7,P7,0.07249960588066783
MODULATION_DATASET,Raw EEG Phase-Locking Value,Gamma,,F7,P8,0.030225961109406552
MODULATION_DATASET,Raw EEG Phase-Locking Value,Gamma,,F7,O1,0.11866486364686718
MODULATION_DATASET,Raw EEG Phase-Locking Value,Gamma,,F7,Oz,0.10058334584975968
MODULATION_DATASET,Raw EEG Phase-Locking Value,Gamma,,F7,O2,0.07445352742782908
MODULATION_DATASET,Raw EEG Phase-Locking Value,Gamma,,F7,PO9,0.13510878191893408
MODULATION_DATASET,Raw EEG Phase-Locking Value,Gamma,,F7,PO10,0.054465292486049435
MODULATION_DATASET,Raw EEG Phase-Locking Value,Gamma,,F3,Fz,0.6547278474484791
MODULATION_DATASET,Raw EEG Phase-Locking Value,Gamma,,F3,F4,0.5171299066520622
MODULATION_DATASET,Raw EEG Phase-Locking Value,Gamma,,F3,F8,0.3171244688090723
MODULATION_DATASET,Raw EEG Phase-Locking Value,Gamma,,F3,FC1,0.5107805732332988
MODULATION_DATASET,Raw EEG Phase-Locking Value,Gamma,,F3,FC2,0.5077004399780001
MODULATION_DATASET,Raw EEG Phase-Locking Value,Gamma,,F3,FC5,0.5662885631222816
MODULATION_DATASET,Raw EEG Phase-Locking Value,Gamma,,F3,FC6,0.4117289782842928
MODULATION_DATASET,Raw EEG Phase-Locking Value,Gamma,,F3,C3,0.3933730736810103
MODULATION_DATASET,Raw EEG Phase-Locking Value,Gamma,,F3,Cz,0.4627557468135128
MODULATION_DATASET,Raw EEG Phase-Locking Value,Gamma,,F3,C4,0.3596583351261425
MODULATION_DATASET,Raw EEG Phase-Locking Value,Gamma,,F3,FT9,0.2661016637018849
MODULATION_DATASET,Raw EEG Phase-Locking Value,Gamma,,F3,FT10,0.23707401269906286
MODULATION_DATASET,Raw EEG Phase-Locking Value,Gamma,,F3,T7,0.31728402090494223
MODULATION_DATASET,Raw EEG Phase-Locking Value,Gamma,,F3,T8,0.34566663171078377
MODULATION_DATASET,Raw EEG Phase-Locking Value,Gamma,,F3,CP1,0.1903728767200807
MODULATION_DATASET,Raw EEG Phase-Locking Value,Gamma,,F3,CP2,0.22657122184536163
MODULATION_DATASET,Raw EEG Phase-Locking Value,Gamma,,F3,CP5,0.1799190959263454
MODULATION_DATASET,Raw EEG Phase-Locking Value,Gamma,,F3,CP6,0.2404698607959199
MODULATION_DATASET,Raw EEG Phase-Locking Value,Gamma,,F3,P3,0.1073878881799453
MODULATION_DATASET,Raw EEG Phase-Locking Value,Gamma,,F3,Pz,0.17515548791124355
MODULATION_DATASET,Raw EEG Phase-Locking Value,Gamma,,F3,P4,0.1805365994258994
MODULATION_DATASET,Raw EEG Phase-Locking Value,Gamma,,F3,P7,0.05295828742349629
MODULATION_DATASET,Raw EEG Phase-Locking Value,Gamma,,F3,P8,0.160154598223201
MODULATION_DATASET,Raw EEG Phase-Locking Value,Gamma,,F3,O1,0.04727592963749646
MODULATION_DATASET,Raw EEG Phase-Locking Value,Gamma,,F3,Oz,0.04962271426006491
MODULATION_DATASET,Raw EEG Phase-Locking Value,Gamma,,F3,O2,0.06892487221779389
MODULATION_DATASET,Raw EEG Phase-Locking Value,Gamma,,F3,PO9,0.08419285224305365
MODULATION_DATASET,Raw EEG Phase-Locking Value,Gamma,,F3,PO10,0.0552269300353502
MODULATION_DATASET,Raw EEG Phase-Locking Value,Gamma,,Fz,F4,0.6694727192999971
MODULATION_DATASET,Raw EEG Phase-Locking Value,Gamma,,Fz,F8,0.40852120780930107
MODULATION_DATASET,Raw EEG Phase-Locking Value,Gamma,,Fz,FC1,0.55305418445153
MODULATION_DATASET,Raw EEG Phase-Locking Value,Gamma,,Fz,FC2,0.6595008575720477
MODULATION_DATASET,Raw EEG Phase-Locking Value,Gamma,,Fz,FC5,0.41163358627295843
MODULATION_DATASET,Raw EEG Phase-Locking Value,Gamma,,Fz,FC6,0.5404862882717926
MODULATION_DATASET,Raw EEG Phase-Locking Value,Gamma,,Fz,C3,0.35451980476125516
MODULATION_DATASET,Raw EEG Phase-Locking Value,Gamma,,Fz,Cz,0.5770247162939599
MODULATION_DATASET,Raw EEG Phase-Locking Value,Gamma,,Fz,C4,0.48222580016948513
MODULATION_DATASET,Raw EEG Phase-Locking Value,Gamma,,Fz,FT9,0.22169953937063433
MODULATION_DATASET,Raw EEG Phase-Locking Value,Gamma,,Fz,FT10,0.29785263099244863
MODULATION_DATASET,Raw EEG Phase-Locking Value,Gamma,,Fz,T7,0.23161844223840067
MODULATION_DATASET,Raw EEG Phase-Locking Value,Gamma,,Fz,T8,0.4514330918080725
MODULATION_DATASET,Raw EEG Phase-Locking Value,Gamma,,Fz,CP1,0.22831604713295503
MODULATION_DATASET,Raw EEG Phase-Locking Value,Gamma,,Fz,CP2,0.2909682778661694
MODULATION_DATASET,Raw EEG Phase-Locking Value,Gamma,,Fz,CP5,0.15442361581480576
MODULATION_DATASET,Raw EEG Phase-Locking Value,Gamma,,Fz,CP6,0.32453981961681116
MODULATION_DATASET,Raw EEG Phase-Locking Value,Gamma,,Fz,P3,0.13509920531322359
MODULATION_DATASET,Raw EEG Phase-Locking Value,Gamma,,Fz,Pz,0.21905930578360716
MODULATION_DATASET,Raw EEG Phase-Locking Value,Gamma,,Fz,P4,0.24171859793656253
MODULATION_DATASET,Raw EEG Phase-Locking Value,Gamma,,Fz,P7,0.06459532137018753
MODULATION_DATASET,Raw EEG Phase-Locking Value,Gamma,,Fz,P8,0.21613518706690255
MODULATION_DATASET,Raw EEG Phase-Locking Value,Gamma,,Fz,O1,0.0635342645017114
MODULATION_DATASET,Raw EEG Phase-Locking Value,Gamma,,Fz,Oz,0.07752471479763924
MODULATION_DATASET,Raw EEG Phase-Locking Value,Gamma,,Fz,O2,0.09579272196918491
MODULATION_DATASET,Raw EEG Phase-Locking Value,Gamma,,Fz,PO9,0.06274625026963968
MODULATION_DATASET,Raw EEG Phase-Locking Value,Gamma,,Fz,PO10,0.09662832800729766
MODULATION_DATASET,Raw EEG Phase-Locking Value,Gamma,,F4,F8,0.5798135389651053
MODULATION_DATASET,Raw EEG Phase-Locking Value,Gamma,,F4,FC1,0.4376172541185777
MODULATION_DATASET,Raw EEG Phase-Locking Value,Gamma,,F4,FC2,0.6272092787002256
MODULATION_DATASET,Raw EEG Phase-Locking Value,Gamma,,F4,FC5,0.2764032546636778
MODULATION_DATASET,Raw EEG Phase-Locking Value,Gamma,,F4,FC6,0.6672720353823198
MODULATION_DATASET,Raw EEG Phase-Locking Value,Gamma,,F4,C3,0.24573033730802385
MODULATION_DATASET,Raw EEG Phase-Locking Value,Gamma,,F4,Cz,0.4454516341719117
MODULATION_DATASET,Raw EEG Phase-Locking Value,Gamma,,F4,C4,0.5128524666522438
MODULATION_DATASET,Raw EEG Phase-Locking Value,Gamma,,F4,FT9,0.1981826520833422
MODULATION_DATASET,Raw EEG Phase-Locking Value,Gamma,,F4,FT10,0.39556626525608624
MODULATION_DATASET,Raw EEG Phase-Locking Value,Gamma,,F4,T7,0.15183890044203818
MODULATION_DATASET,Raw EEG Phase-Locking Value,Gamma,,F4,T8,0.5513484731601439
MODULATION_DATASET,Raw EEG Phase-Locking Value,Gamma,,F4,CP1,0.18561702781111958
MODULATION_DATASET,Raw EEG Phase-Locking Value,Gamma,,F4,CP2,0.26476000109716613
MODULATION_DATASET,Raw EEG Phase-Locking Value,Gamma,,F4,CP5,0.08725002798253906
MODULATION_DATASET,Raw EEG Phase-Locking Value,Gamma,,F4,CP6,0.36164840385529917
MODULATION_DATASET,Raw EEG Phase-Locking Value,Gamma,,F4,P3,0.1008127842941693
MODULATION_DATASET,Raw EEG Phase-Locking Value,Gamma,,F4,Pz,0.19067736920857892
MODULATION_DATASET,Raw EEG Phase-Locking Value,Gamma,,F4,P4,0.23562607518213544
MODULATION_DATASET,Raw EEG Phase-Locking Value,Gamma,,F4,P7,0.0522365479232629
MODULATION_DATASET,Raw EEG Phase-Locking Value,Gamma,,F4,P8,0.2401152935133309
MODULATION_DATASET,Raw EEG Phase-Locking Value,Gamma,,F4,O1,0.05451235512348928
MODULATION_DATASET,Raw EEG Phase-Locking Value,Gamma,,F4,Oz,0.0646167649037451
MODULATION_DATASET,Raw EEG Phase-Locking Value,Gamma,,F4,O2,0.08156631586961094
MODULATION_DATASET,Raw EEG Phase-Locking Value,Gamma,,F4,PO9,0.04955216105093129
MODULATION_DATASET,Raw EEG Phase-Locking Value,Gamma,,F4,PO10,0.1178128749750231
MODULATION_DATASET,Raw EEG Phase-Locking Value,Gamma,,F8,FC1,0.248952123031697
MODULATION_DATASET,Raw EEG Phase-Locking Value,Gamma,,F8,FC2,0.37439742581907337
MODULATION_DATASET,Raw EEG Phase-Locking Value,Gamma,,F8,FC5,0.15156418751073197
MODULATION_DATASET,Raw EEG Phase-Locking Value,Gamma,,F8,FC6,0.5419160948098719
MODULATION_DATASET,Raw EEG Phase-Locking Value,Gamma,,F8,C3,0.12308840947645593
MODULATION_DATASET,Raw EEG Phase-Locking Value,Gamma,,F8,Cz,0.2348661817758501
MODULATION_DATASET,Raw EEG Phase-Locking Value,Gamma,,F8,C4,0.3512962678735146
MODULATION_DATASET,Raw EEG Phase-Locking Value,Gamma,,F8,FT9,0.2141825475162853
MODULATION_DATASET,Raw EEG Phase-Locking Value,Gamma,,F8,FT10,0.48972384495862503
MODULATION_DATASET,Raw EEG Phase-Locking Value,Gamma,,F8,T7,0.08578742278736713
MODULATION_DATASET,Raw EEG Phase-Locking Value,Gamma,,F8,T8,0.5001929301355393
MODULATION_DATASET,Raw EEG Phase-Locking Value,Gamma,,F8,CP1,0.10030321086190952
MODULATION_DATASET,Raw EEG Phase-Locking Value,Gamma,,F8,CP2,0.15658098680414656
MODULATION_DATASET,Raw EEG Phase-Locking Value,Gamma,,F8,CP5,0.06375845329130413
MODULATION_DATASET,Raw EEG Phase-Locking Value,Gamma,,F8,CP6,0.28933209984010694
MODULATION_DATASET,Raw EEG Phase-Locking Value,Gamma,,F8,P3,0.08609469636455165
MODULATION_DATASET,Raw EEG Phase-Locking Value,Gamma,,F8,Pz,0.10521769692380038
MODULATION_DATASET,Raw EEG Phase-Locking Value,Gamma,,F8,P4,0.15118786389569475
MODULATION_DATASET,Raw EEG Phase-Locking Value,Gamma,,F8,P7,0.10393606180954176
MODULATION_DATASET,Raw EEG Phase-Locking Value,Gamma,,F8,P8,0.19219855029344765
MODULATION_DATASET,Raw EEG Phase-Locking Value,Gamma,,F8,O1,0.0927456183466365
MODULATION_DATASET,Raw EEG Phase-Locking Value,Gamma,,F8,Oz,0.07444180572119462
MODULATION_DATASET,Raw EEG Phase-Locking Value,Gamma,,F8,O2,0.06179208647022963
MODULATION_DATASET,Raw EEG Phase-Locking Value,Gamma,,F8,PO9,0.07173417900915575
MODULATION_DATASET,Raw EEG Phase-Locking Value,Gamma,,F8,PO10,0.11084609115180567
MODULATION_DATASET,Raw EEG Phase-Locking Value,Gamma,,FC1,FC2,0.510404589708367
MODULATION_DATASET,Raw EEG Phase-Locking Value,Gamma,,FC1,FC5,0.40781110012897487
MODULATION_DATASET,Raw EEG Phase-Locking Value,Gamma,,FC1,FC6,0.39092416515952183
MODULATION_DATASET,Raw EEG Phase-Locking Value,Gamma,,FC1,C3,0.41667349524016867
MODULATION_DATASET,Raw EEG Phase-Locking Value,Gamma,,FC1,Cz,0.5331002008735298
MODULATION_DATASET,Raw EEG Phase-Locking Value,Gamma,,FC1,C4,0.3995997944919675
MODULATION_DATASET,Raw EEG Phase-Locking Value,Gamma,,FC1,FT9,0.15377899491318084
MODULATION_DATASET,Raw EEG Phase-Locking Value,Gamma,,FC1,FT10,0.1878212887931552
MODULATION_DATASET,Raw EEG Phase-Locking Value,Gamma,,FC1,T7,0.24332760107573614
MODULATION_DATASET,Raw EEG Phase-Locking Value,Gamma,,FC1,T8,0.3398690356247046
MODULATION_DATASET,Raw EEG Phase-Locking Value,Gamma,,FC1,CP1,0.29360916393207154
MODULATION_DATASET,Raw EEG Phase-Locking Value,Gamma,,FC1,CP2,0.3282171351140901
MODULATION_DATASET,Raw EEG Phase-Locking Value,Gamma,,FC1,CP5,0.2339548377577323
MODULATION_DATASET,Raw EEG Phase-Locking Value,Gamma,,FC1,CP6,0.2953637455926939
MODULATION_DATASET,Raw EEG Phase-Locking Value,Gamma,,FC1,P3,0.2217402026598921
MODULATION_DATASET,Raw EEG Phase-Locking Value,Gamma,,FC1,Pz,0.2835183229817521
MODULATION_DATASET,Raw EEG Phase-Locking Value,Gamma,,FC1,P4,0.28036884886932434
MODULATION_DATASET,Raw EEG Phase-Locking Value,Gamma,,FC1,P7,0.12466447562444724
MODULATION_DATASET,Raw EEG Phase-Locking Value,Gamma,,FC1,P8,0.22700670390308314
MODULATION_DATASET,Raw EEG Phase-Locking Value,Gamma,,FC1,O1,0.12016830632484717
MODULATION_DATASET,Raw EEG Phase-Locking Value,Gamma,,FC1,Oz,0.1494473330197859
MODULATION_DATASET,Raw EEG Phase-Locking Value,Gamma,,FC1,O2,0.16113901401871267
MODULATION_DATASET,Raw EEG Phase-Locking Value,Gamma,,FC1,PO9,0.014368449827543381
MODULATION_DATASET,Raw EEG Phase-Locking Value,Gamma,,FC1,PO10,0.11401109242505668
MODULATION_DATASET,Raw EEG Phase-Locking Value,Gamma,,FC2,FC5,0.2980009281518676
MODULATION_DATASET,Raw EEG Phase-Locking Value,Gamma,,FC2,FC6,0.5507353886278105
MODULATION_DATASET,Raw EEG Phase-Locking Value,Gamma,,FC2,C3,0.3223606755112476
MODULATION_DATASET,Raw EEG Phase-Locking Value,Gamma,,FC2,Cz,0.617795175737623
MODULATION_DATASET,Raw EEG Phase-Locking Value,Gamma,,FC2,C4,0.5640997943460145
MODULATION_DATASET,Raw EEG Phase-Locking Value,Gamma,,FC2,FT9,0.15294536820957855
MODULATION_DATASET,Raw EEG Phase-Locking Value,Gamma,,FC2,FT10,0.27627239512457863
MODULATION_DATASET,Raw EEG Phase-Locking Value,Gamma,,FC2,T7,0.17512663898597222
MODULATION_DATASET,Raw EEG Phase-Locking Value,Gamma,,FC2,T8,0.47191107112591923
MODULATION_DATASET,Raw EEG Phase-Locking Value,Gamma,,FC2,CP1,0.27131426082238097
MODULATION_DATASET,Raw EEG Phase-Locking Value,Gamma,,FC2,CP2,0.3562957090195915
MODULATION_DATASET,Raw EEG Phase-Locking Value,Gamma,,FC2,CP5,0.14925432669461144
MODULATION_DATASET,Raw EEG Phase-Locking Value,Gamma,,FC2,CP6,0.38472044205727696
MODULATION_DATASET,Raw EEG Phase-Locking Value,Gamma,,FC2,P3,0.17990731777573074
MODULATION_DATASET,Raw EEG Phase-Locking Value,Gamma,,FC2,Pz,0.2761733549944579
MODULATION_DATASET,Raw EEG Phase-Locking Value,Gamma,,FC2,P4,0.30841222056549217
MODULATION_DATASET,Raw EEG Phase-Locking Value,Gamma,,FC2,P7,0.06859927233459205
MODULATION_DATASET,Raw EEG Phase-Locking Value,Gamma,,FC2,P8,0.27019315197137644
MODULATION_DATASET,Raw EEG Phase-Locking Value,Gamma,,FC2,O1,0.08659446306607174
MODULATION_DATASET,Raw EEG Phase-Locking Value,Gamma,,FC2,Oz,0.11905151176411469
MODULATION_DATASET,Raw EEG Phase-Locking Value,Gamma,,FC2,O2,0.1390881053758187
MODULATION_DATASET,Raw EEG Phase-Locking Value,Gamma,,FC2,PO9,0.03382012263761044
MODULATION_DATASET,Raw EEG Phase-Locking Value,Gamma,,FC2,PO10,0.133521912699304
MODULATION_DATASET,Raw EEG Phase-Locking Value,Gamma,,FC5,FC6,0.2102846766000496
MODULATION_DATASET,Raw EEG Phase-Locking Value,Gamma,,FC5,C3,0.4214370178992611
MODULATION_DATASET,Raw EEG Phase-Locking Value,Gamma,,FC5,Cz,0.3194130565871816
MODULATION_DATASET,Raw EEG Phase-Locking Value,Gamma,,FC5,C4,0.18735892346514957
MODULATION_DATASET,Raw EEG Phase-Locking Value,Gamma,,FC5,FT9,0.2543583931175907
MODULATION_DATASET,Raw EEG Phase-Locking Value,Gamma,,FC5,FT10,0.11386775171631562
MODULATION_DATASET,Raw EEG Phase-Locking Value,Gamma,,FC5,T7,0.41277295347459153
MODULATION_DATASET,Raw EEG Phase-Locking Value,Gamma,,FC5,T8,0.15816631952284838
MODULATION_DATASET,Raw EEG Phase-Locking Value,Gamma,,FC5,CP1,0.16339053850354365
MODULATION_DATASET,Raw EEG Phase-Locking Value,Gamma,,FC5,CP2,0.14537913507968783
MODULATION_DATASET,Raw EEG Phase-Locking Value,Gamma,,FC5,CP5,0.27494502746908434
MODULATION_DATASET,Raw EEG Phase-Locking Value,Gamma,,FC5,CP6,0.10738595068624797
MODULATION_DATASET,Raw EEG Phase-Locking Value,Gamma,,FC5,P3,0.12168865229572816
MODULATION_DATASET,Raw EEG Phase-Locking Value,Gamma,,FC5,Pz,0.13462099382263204
MODULATION_DATASET,Raw EEG Phase-Locking Value,Gamma,,FC5,P4,0.09730653509627198
MODULATION_DATASET,Raw EEG Phase-Locking Value,Gamma,,FC5,P7,0.0963956322968423
MODULATION_DATASET,Raw EEG Phase-Locking Value,Gamma,,FC5,P8,0.056282012044110874
MODULATION_DATASET,Raw EEG Phase-Locking Value,Gamma,,FC5,O1,0.042580978731100665
MODULATION_DATASET,Raw EEG Phase-Locking Value,Gamma,,FC5,Oz,0.0327601316736758
MODULATION_DATASET,Raw EEG Phase-Locking Value,Gamma,,FC5,O2,0.037915835646630404
MODULATION_DATASET,Raw EEG Phase-Locking Value,Gamma,,FC5,PO9,0.08888297089893733
MODULATION_DATASET,Raw EEG Phase-Locking Value,Gamma,,FC5,PO10,0.030452054826364927
MODULATION_DATASET,Raw EEG Phase-Locking Value,Gamma,,FC6,C3,0.21926837352734987
MODULATION_DATASET,Raw EEG Phase-Locking Value,Gamma,,FC6,Cz,0.4292636549563295
MODULATION_DATASET,Raw EEG Phase-Locking Value,Gamma,,FC6,C4,0.5673080714334432
MODULATION_DATASET,Raw EEG Phase-Locking Value,Gamma,,FC6,FT9,0.16402462276507276
MODULATION_DATASET,Raw EEG Phase-Locking Value,Gamma,,FC6,FT10,0.42147353120226616
MODULATION_DATASET,Raw EEG Phase-Locking Value,Gamma,,FC6,T7,0.1198793087212633
MODULATION_DATASET,Raw EEG Phase-Locking Value,Gamma,,FC6,T8,0.6530445766233335
MODULATION_DATASET,Raw EEG Phase-Locking Value,Gamma,,FC6,CP1,0.23025315819236722
MODULATION_DATASET,Raw EEG Phase-Locking Value,Gamma,,FC6,CP2,0.3368798952166658
MODULATION_DATASET,Raw EEG Phase-Locking Value,Gamma,,FC6,CP5,0.08603853843057133
MODULATION_DATASET,Raw EEG Phase-Locking Value,Gamma,,FC6,CP6,0.48206037302746213
MODULATION_DATASET,Raw EEG Phase-Locking Value,Gamma,,FC6,P3,0.14003931863307514
MODULATION_DATASET,Raw EEG Phase-Locking Value,Gamma,,FC6,Pz,0.24971359735258322
MODULATION_DATASET,Raw EEG Phase-Locking Value,Gamma,,FC6,P4,0.327448340437427
MODULATION_DATASET,Raw EEG Phase-Locking Value,Gamma,,FC6,P7,0.056169836909088985
MODULATION_DATASET,Raw EEG Phase-Locking Value,Gamma,,FC6,P8,0.35527775927123667
MODULATION_DATASET,Raw EEG Phase-Locking Value,Gamma,,FC6,O1,0.08762230042307435
MODULATION_DATASET,Raw EEG Phase-Locking Value,Gamma,,FC6,Oz,0.12683953748569998
MODULATION_DATASET,Raw EEG Phase-Locking Value,Gamma,,FC6,O2,0.1556882820215821
MODULATION_DATASET,Raw EEG Phase-Locking Value,Gamma,,FC6,PO9,0.0360006247335981
MODULATION_DATASET,Raw EEG Phase-Locking Value,Gamma,,FC6,PO10,0.202184227635556
MODULATION_DATASET,Raw EEG Phase-Locking Value,Gamma,,C3,Cz,0.4042340686095525
MODULATION_DATASET,Raw EEG Phase-Locking Value,Gamma,,C3,C4,0.25437458689949644
MODULATION_DATASET,Raw EEG Phase-Locking Value,Gamma,,C3,FT9,0.12841164625981014
MODULATION_DATASET,Raw EEG Phase-Locking Value,Gamma,,C3,FT10,0.1129455474548577
MODULATION_DATASET,Raw EEG Phase-Locking Value,Gamma,,C3,T7,0.3059929595709276
MODULATION_DATASET,Raw EEG Phase-Locking Value,Gamma,,C3,T8,0.18709144729471025
MODULATION_DATASET,Raw EEG Phase-Locking Value,Gamma,,C3,CP1,0.3059027904342722
MODULATION_DATASET,Raw EEG Phase-Locking Value,Gamma,,C3,CP2,0.278012292235481
MODULATION_DATASET,Raw EEG Phase-Locking Value,Gamma,,C3,CP5,0.36361081449899635
MODULATION_DATASET,Raw EEG Phase-Locking Value,Gamma,,C3,CP6,0.1832417384130365
MODULATION_DATASET,Raw EEG Phase-Locking Value,Gamma,,C3,P3,0.2865189246697625
MODULATION_DATASET,Raw EEG Phase-Locking Value,Gamma,,C3,Pz,0.2820712849045321
MODULATION_DATASET,Raw EEG Phase-Locking Value,Gamma,,C3,P4,0.2319172512444139
MODULATION_DATASET,Raw EEG Phase-Locking Value,Gamma,,C3,P7,0.2020208877428654
MODULATION_DATASET,Raw EEG Phase-Locking Value,Gamma,,C3,P8,0.15305699732778916
MODULATION_DATASET,Raw EEG Phase-Locking Value,Gamma,,C3,O1,0.14928431662455346
MODULATION_DATASET,Raw EEG Phase-Locking Value,Gamma,,C3,Oz,0.15719651314786315
MODULATION_DATASET,Raw EEG Phase-Locking Value,Gamma,,C3,O2,0.1534851330822387
MODULATION_DATASET,Raw EEG Phase-Locking Value,Gamma,,C3,PO9,0.011935827187786009
MODULATION_DATASET,Raw EEG Phase-Locking Value,Gamma,,C3,PO10,0.06457110769814861
MODULATION_DATASET,Raw EEG Phase-Locking Value,Gamma,,Cz,C4,0.5166607674469106
MODULATION_DATASET,Raw EEG Phase-Locking Value,Gamma,,Cz,FT9,0.12947194579903673
MODULATION_DATASET,Raw EEG Phase-Locking Value,Gamma,,Cz,FT10,0.19079927733843832
MODULATION_DATASET,Raw EEG Phase-Locking Value,Gamma,,Cz,T7,0.2023214493457416
MODULATION_DATASET,Raw EEG Phase-Locking Value,Gamma,,Cz,T8,0.37954208068472733
MODULATION_DATASET,Raw EEG Phase-Locking Value,Gamma,,Cz,CP1,0.36018493549016223
MODULATION_DATASET,Raw EEG Phase-Locking Value,Gamma,,Cz,CP2,0.4344313431166774
MODULATION_DATASET,Raw EEG Phase-Locking Value,Gamma,,Cz,CP5,0.23297907805968757
MODULATION_DATASET,Raw EEG Phase-Locking Value,Gamma,,Cz,CP6,0.3656193104039712
MODULATION_DATASET,Raw EEG Phase-Locking Value,Gamma,,Cz,P3,0.27424530042446266
MODULATION_DATASET,Raw EEG Phase-Locking Value,Gamma,,Cz,Pz,0.3619086968167166
MODULATION_DATASET,Raw EEG Phase-Locking Value,Gamma,,Cz,P4,0.36498945231026786
MODULATION_DATASET,Raw EEG Phase-Locking Value,Gamma,,Cz,P7,0.12326062522968985
MODULATION_DATASET,Raw EEG Phase-Locking Value,Gamma,,Cz,P8,0.2727343235151811
MODULATION_DATASET,Raw EEG Phase-Locking Value,Gamma,,Cz,O1,0.13733507716809798
MODULATION_DATASET,Raw EEG Phase-Locking Value,Gamma,,Cz,Oz,0.16974903392099586
MODULATION_DATASET,Raw EEG Phase-Locking Value,Gamma,,Cz,O2,0.1832490910092068
MODULATION_DATASET,Raw EEG Phase-Locking Value,Gamma,,Cz,PO9,0.022345180709198206
MODULATION_DATASET,Raw EEG Phase-Locking Value,Gamma,,Cz,PO10,0.13427993934043056
MODULATION_DATASET,Raw EEG Phase-Locking Value,Gamma,,C4,FT9,0.11920428428702573
MODULATION_DATASET,Raw EEG Phase-Locking Value,Gamma,,C4,FT10,0.29596059123139823
MODULATION_DATASET,Raw EEG Phase-Locking Value,Gamma,,C4,T7,0.11475983247483942
MODULATION_DATASET,Raw EEG Phase-Locking Value,Gamma,,C4,T8,0.5699484333283014
MODULATION_DATASET,Raw EEG Phase-Locking Value,Gamma,,C4,CP1,0.3331685868144006
MODULATION_DATASET,Raw EEG Phase-Locking Value,Gamma,,C4,CP2,0.4605093395106613
MODULATION_DATASET,Raw EEG Phase-Locking Value,Gamma,,C4,CP5,0.13232915432041556
MODULATION_DATASET,Raw EEG Phase-Locking Value,Gamma,,C4,CP6,0.5592356258965788
MODULATION_DATASET,Raw EEG Phase-Locking Value,Gamma,,C4,P3,0.24045074589452017
MODULATION_DATASET,Raw EEG Phase-Locking Value,Gamma,,C4,Pz,0.3644116727300803
MODULATION_DATASET,Raw EEG Phase-Locking Value,Gamma,,C4,P4,0.4597625953056188
MODULATION_DATASET,Raw EEG Phase-Locking Value,Gamma,,C4,P7,0.09909535246918372
MODULATION_DATASET,Raw EEG Phase-Locking Value,Gamma,,C4,P8,0.43428420467088136
MODULATION_DATASET,Raw EEG Phase-Locking Value,Gamma,,C4,O1,0.1690493797482144
MODULATION_DATASET,Raw EEG Phase-Locking Value,Gamma,,C4,Oz,0.22602993825803563
MODULATION_DATASET,Raw EEG Phase-Locking Value,Gamma,,C4,O2,0.25694788378505923
MODULATION_DATASET,Raw EEG Phase-Locking Value,Gamma,,C4,PO9,0.026768055282300036
MODULATION_DATASET,Raw EEG Phase-Locking Value,Gamma,,C4,PO10,0.2525881695825567
MODULATION_DATASET,Raw EEG Phase-Locking Value,Gamma,,FT9,FT10,0.2738180034123045
MODULATION_DATASET,Raw EEG Phase-Locking Value,Gamma,,FT9,T7,0.20725497193921233
MODULATION_DATASET,Raw EEG Phase-Locking Value,Gamma,,FT9,T8,0.17087831578480844
MODULATION_DATASET,Raw EEG Phase-Locking Value,Gamma,,FT9,CP1,0.16925940820669683
MODULATION_DATASET,Raw EEG Phase-Locking Value,Gamma,,FT9,CP2,0.14441877355001606
MODULATION_DATASET,Raw EEG Phase-Locking Value,Gamma,,FT9,CP5,0.10681676713153378
MODULATION_DATASET,Raw EEG Phase-Locking Value,Gamma,,FT9,CP6,0.10280906029285412
MODULATION_DATASET,Raw EEG Phase-Locking Value,Gamma,,FT9,P3,0.20498156906022785
MODULATION_DATASET,Raw EEG Phase-Locking Value,Gamma,,FT9,Pz,0.1703536642416848
MODULATION_DATASET,Raw EEG Phase-Locking Value,Gamma,,FT9,P4,0.15371488481815168
MODULATION_DATASET,Raw EEG Phase-Locking Value,Gamma,,FT9,P7,0.197387733482693
MODULATION_DATASET,Raw EEG Phase-Locking Value,Gamma,,FT9,P8,0.11824216900304599
MODULATION_DATASET,Raw EEG Phase-Locking Value,Gamma,,FT9,O1,0.2511849305336927
MODULATION_DATASET,Raw EEG Phase-Locking Value,Gamma,,FT9,Oz,0.23914600184670023
MODULATION_DATASET,Raw EEG Phase-Locking Value,Gamma,,FT9,O2,0.20728538486649145
MODULATION_DATASET,Raw EEG Phase-Locking Value,Gamma,,FT9,PO9,0.18371829795605973
MODULATION_DATASET,Raw EEG Phase-Locking Value,Gamma,,FT9,PO10,0.11256586988396872
MODULATION_DATASET,Raw EEG Phase-Locking Value,Gamma,,FT10,T7,0.08275934496075596
MODULATION_DATASET,Raw EEG Phase-Locking Value,Gamma,,FT10,T8,0.4638872521174446
MODULATION_DATASET,Raw EEG Phase-Locking Value,Gamma,,FT10,CP1,0.12743558767583735
MODULATION_DATASET,Raw EEG Phase-Locking Value,Gamma,,FT10,CP2,0.14845532839863337
MODULATION_DATASET,Raw EEG Phase-Locking Value,Gamma,,FT10,CP5,0.11984220435873337
MODULATION_DATASET,Raw EEG Phase-Locking Value,Gamma,,FT10,CP6,0.2866573352305681
MODULATION_DATASET,Raw EEG Phase-Locking Value,Gamma,,FT10,P3,0.1448053660029171
MODULATION_DATASET,Raw EEG Phase-Locking Value,Gamma,,FT10,Pz,0.12387066774166482
MODULATION_DATASET,Raw EEG Phase-Locking Value,Gamma,,FT10,P4,0.15601790785871963
MODULATION_DATASET,Raw EEG Phase-Locking Value,Gamma,,FT10,P7,0.17669604275631087
MODULATION_DATASET,Raw EEG Phase-Locking Value,Gamma,,FT10,P8,0.21114794731973197
MODULATION_DATASET,Raw EEG Phase-Locking Value,Gamma,,FT10,O1,0.1635229017704856
MODULATION_DATASET,Raw EEG Phase-Locking Value,Gamma,,FT10,Oz,0.13800877853118132
MODULATION_DATASET,Raw EEG Phase-Locking Value,Gamma,,FT10,O2,0.1174962215008906
MODULATION_DATASET,Raw EEG Phase-Locking Value,Gamma,,FT10,PO9,0.10873399058034554
MODULATION_DATASET,Raw EEG Phase-Locking Value,Gamma,,FT10,PO10,0.13256662324865812
MODULATION_DATASET,Raw EEG Phase-Locking Value,Gamma,,T7,T8,0.08805954070903832
MODULATION_DATASET,Raw EEG Phase-Locking Value,Gamma,,T7,CP1,0.1344714335914434
MODULATION_DATASET,Raw EEG Phase-Locking Value,Gamma,,T7,CP2,0.10463011754900169
MODULATION_DATASET,Raw EEG Phase-Locking Value,Gamma,,T7,CP5,0.27307602045289087
MODULATION_DATASET,Raw EEG Phase-Locking Value,Gamma,,T7,CP6,0.06777661931555502
MODULATION_DATASET,Raw EEG Phase-Locking Value,Gamma,,T7,P3,0.12414687130640524
MODULATION_DATASET,Raw EEG Phase-Locking Value,Gamma,,T7,Pz,0.11071860810575897
MODULATION_DATASET,Raw EEG Phase-Locking Value,Gamma,,T7,P4,0.06855915580188793
MODULATION_DATASET,Raw EEG Phase-Locking Value,Gamma,,T7,P7,0.16104280228628767
MODULATION_DATASET,Raw EEG Phase-Locking Value,Gamma,,T7,P8,0.032988082299654164
MODULATION_DATASET,Raw EEG Phase-Locking Value,Gamma,,T7,O1,0.054568730084966786
MODULATION_DATASET,Raw EEG Phase-Locking Value,Gamma,,T7,Oz,0.046829661756637705
MODULATION_DATASET,Raw EEG Phase-Locking Value,Gamma,,T7,O2,0.04821524170964981
MODULATION_DATASET,Raw EEG Phase-Locking Value,Gamma,,T7,PO9,0.05439182564892968
MODULATION_DATASET,Raw EEG Phase-Locking Value,Gamma,,T7,PO10,0.02917081001382936
MODULATION_DATASET,Raw EEG Phase-Locking Value,Gamma,,T8,CP1,0.2415460535233558
MODULATION_DATASET,Raw EEG Phase-Locking Value,Gamma,,T8,CP2,0.36045833552616147
MODULATION_DATASET,Raw EEG Phase-Locking Value,Gamma,,T8,CP5,0.07800924857523048
MODULATION_DATASET,Raw EEG Phase-Locking Value,Gamma,,T8,CP6,0.5538510611369383
MODULATION_DATASET,Raw EEG Phase-Locking Value,Gamma,,T8,P3,0.15746951592836614
MODULATION_DATASET,Raw EEG Phase-Locking Value,Gamma,,T8,Pz,0.2751377428826976
MODULATION_DATASET,Raw EEG Phase-Locking Value,Gamma,,T8,P4,0.3823670378902218
MODULATION_DATASET,Raw EEG Phase-Locking Value,Gamma,,T8,P7,0.07486351084605705
MODULATION_DATASET,Raw EEG Phase-Locking Value,Gamma,,T8,P8,0.4566834156679682
MODULATION_DATASET,Raw EEG Phase-Locking Value,Gamma,,T8,O1,0.11856221079869984
MODULATION_DATASET,Raw EEG Phase-Locking Value,Gamma,,T8,Oz,0.1714868379060441
MODULATION_DATASET,Raw EEG Phase-Locking Value,Gamma,,T8,O2,0.2059215153972165
MODULATION_DATASET,Raw EEG Phase-Locking Value,Gamma,,T8,PO9,0.04480874847857984
MODULATION_DATASET,Raw EEG Phase-Locking Value,Gamma,,T8,PO10,0.2964503020264332
MODULATION_DATASET,Raw EEG Phase-Locking Value,Gamma,,CP1,CP2,0.47091144068192015
MODULATION_DATASET,Raw EEG Phase-Locking Value,Gamma,,CP1,CP5,0.313809388692715
MODULATION_DATASET,Raw EEG Phase-Locking Value,Gamma,,CP1,CP6,0.3522484985523639
MODULATION_DATASET,Raw EEG Phase-Locking Value,Gamma,,CP1,P3,0.5168321284032283
MODULATION_DATASET,Raw EEG Phase-Locking Value,Gamma,,CP1,Pz,0.5872136586025789
MODULATION_DATASET,Raw EEG Phase-Locking Value,Gamma,,CP1,P4,0.5192755261661194
MODULATION_DATASET,Raw EEG Phase-Locking Value,Gamma,,CP1,P7,0.3667780742173666
MODULATION_DATASET,Raw EEG Phase-Locking Value,Gamma,,CP1,P8,0.4029641403060428
MODULATION_DATASET,Raw EEG Phase-Locking Value,Gamma,,CP1,O1,0.4695974518785879
MODULATION_DATASET,Raw EEG Phase-Locking Value,Gamma,,CP1,Oz,0.506098047545219
MODULATION_DATASET,Raw EEG Phase-Locking Value,Gamma,,CP1,O2,0.4763213867780509
MODULATION_DATASET,Raw EEG Phase-Locking Value,Gamma,,CP1,PO9,0.2004571545452011
MODULATION_DATASET,Raw EEG Phase-Locking Value,Gamma,,CP1,PO10,0.29607567683983577
MODULATION_DATASET,Raw EEG Phase-Locking Value,Gamma,,CP2,CP5,0.25435668019220947
MODULATION_DATASET,Raw EEG Phase-Locking Value,Gamma,,CP2,CP6,0.48189247388158224
MODULATION_DATASET,Raw EEG Phase-Locking Value,Gamma,,CP2,P3,0.4705690234801754
MODULATION_DATASET,Raw EEG Phase-Locking Value,Gamma,,CP2,Pz,0.5567178516338226
MODULATION_DATASET,Raw EEG Phase-Locking Value,Gamma,,CP2,P4,0.5707912150275928
MODULATION_DATASET,Raw EEG Phase-Locking Value,Gamma,,CP2,P7,0.28529428809030305
MODULATION_DATASET,Raw EEG Phase-Locking Value,Gamma,,CP2,P8,0.502541935412843
MODULATION_DATASET,Raw EEG Phase-Locking Value,Gamma,,CP2,O1,0.4108370285694714
MODULATION_DATASET,Raw EEG Phase-Locking Value,Gamma,,CP2,Oz,0.47639129582071954
MODULATION_DATASET,Raw EEG Phase-Locking Value,Gamma,,CP2,O2,0.47685555235060234
MODULATION_DATASET,Raw EEG Phase-Locking Value,Gamma,,CP2,PO9,0.14922974092776387
MODULATION_DATASET,Raw EEG Phase-Locking Value,Gamma,,CP2,PO10,0.3439243282515954
MODULATION_DATASET,Raw EEG Phase-Locking Value,Gamma,,CP5,CP6,0.11181234238736527
MODULATION_DATASET,Raw EEG Phase-Locking Value,Gamma,,CP5,P3,0.36943714430462515
MODULATION_DATASET,Raw EEG Phase-Locking Value,Gamma,,CP5,Pz,0.2979255466193862
MODULATION_DATASET,Raw EEG Phase-Locking Value,Gamma,,CP5,P4,0.21679743221241063
MODULATION_DATASET,Raw EEG Phase-Locking Value,Gamma,,CP5,P7,0.3297770805170849
MODULATION_DATASET,Raw EEG Phase-Locking Value,Gamma,,CP5,P8,0.12401981927669253
MODULATION_DATASET,Raw EEG Phase-Locking Value,Gamma,,CP5,O1,0.2455042336817132
MODULATION_DATASET,Raw EEG Phase-Locking Value,Gamma,,CP5,Oz,0.23118689721980565
MODULATION_DATASET,Raw EEG Phase-Locking Value,Gamma,,CP5,O2,0.2057287820923231
MODULATION_DATASET,Raw EEG Phase-Locking Value,Gamma,,CP5,PO9,0.09111655272348354
MODULATION_DATASET,Raw EEG Phase-Locking Value,Gamma,,CP5,PO10,0.06784001672718729
MODULATION_DATASET,Raw EEG Phase-Locking Value,Gamma,,CP6,P3,0.27354727292888475
MODULATION_DATASET,Raw EEG Phase-Locking Value,Gamma,,CP6,Pz,0.40019141489419296
MODULATION_DATASET,Raw EEG Phase-Locking Value,Gamma,,CP6,P4,0.5404576421593221
MODULATION_DATASET,Raw EEG Phase-Locking Value,Gamma,,CP6,P7,0.1260553975584135
MODULATION_DATASET,Raw EEG Phase-Locking Value,Gamma,,CP6,P8,0.5827036998218762
MODULATION_DATASET,Raw EEG Phase-Locking Value,Gamma,,CP6,O1,0.24931053432568936
MODULATION_DATASET,Raw EEG Phase-Locking Value,Gamma,,CP6,Oz,0.3348793641677046
MODULATION_DATASET,Raw EEG Phase-Locking Value,Gamma,,CP6,O2,0.37979057069289124
MODULATION_DATASET,Raw EEG Phase-Locking Value,Gamma,,CP6,PO9,0.07351225605791764
MODULATION_DATASET,Raw EEG Phase-Locking Value,Gamma,,CP6,PO10,0.38885752705159604
MODULATION_DATASET,Raw EEG Phase-Locking Value,Gamma,,P3,Pz,0.5579842307140347
MODULATION_DATASET,Raw EEG Phase-Locking Value,Gamma,,P3,P4,0.4695732905993735
MODULATION_DATASET,Raw EEG Phase-Locking Value,Gamma,,P3,P7,0.4478355119001395
MODULATION_DATASET,Raw EEG Phase-Locking Value,Gamma,,P3,P8,0.3497233344178545
MODULATION_DATASET,Raw EEG Phase-Locking Value,Gamma,,P3,O1,0.5311879670301023
MODULATION_DATASET,Raw EEG Phase-Locking Value,Gamma,,P3,Oz,0.5358825890298221
MODULATION_DATASET,Raw EEG Phase-Locking Value,Gamma,,P3,O2,0.48330197132510705
MODULATION_DATASET,Raw EEG Phase-Locking Value,Gamma,,P3,PO9,0.24717747822461966
MODULATION_DATASET,Raw EEG Phase-Locking Value,Gamma,,P3,PO10,0.26428698292890246
MODULATION_DATASET,Raw EEG Phase-Locking Value,Gamma,,Pz,P4,0.5735424945539688
MODULATION_DATASET,Raw EEG Phase-Locking Value,Gamma,,Pz,P7,0.3517230588830916
MODULATION_DATASET,Raw EEG Phase-Locking Value,Gamma,,Pz,P8,0.4596378964780105
MODULATION_DATASET,Raw EEG Phase-Locking Value,Gamma,,Pz,O1,0.48857513612110354
MODULATION_DATASET,Raw EEG Phase-Locking Value,Gamma,,Pz,Oz,0.5348502377758396
MODULATION_DATASET,Raw EEG Phase-Locking Value,Gamma,,Pz,O2,0.5158385147615335
MODULATION_DATASET,Raw EEG Phase-Locking Value,Gamma,,Pz,PO9,0.20516743155670422
MODULATION_DATASET,Raw EEG Phase-Locking Value,Gamma,,Pz,PO10,0.34124922384025286
MODULATION_DATASET,Raw EEG Phase-Locking Value,Gamma,,P4,P7,0.28075566547866865
MODULATION_DATASET,Raw EEG Phase-Locking Value,Gamma,,P4,P8,0.6262286554527221
MODULATION_DATASET,Raw EEG Phase-Locking Value,Gamma,,P4,O1,0.46871122482704236
MODULATION_DATASET,Raw EEG Phase-Locking Value,Gamma,,P4,Oz,0.5692346348627951
MODULATION_DATASET,Raw EEG Phase-Locking Value,Gamma,,P4,O2,0.5974564686931915
MODULATION_DATASET,Raw EEG Phase-Locking Value,Gamma,,P4,PO9,0.16815413146741343
MODULATION_DATASET,Raw EEG Phase-Locking Value,Gamma,,P4,PO10,0.4517989978281946
MODULATION_DATASET,Raw EEG Phase-Locking Value,Gamma,,P7,P8,0.19920520163636937
MODULATION_DATASET,Raw EEG Phase-Locking Value,Gamma,,P7,O1,0.47452259383550066
MODULATION_DATASET,Raw EEG Phase-Locking Value,Gamma,,P7,Oz,0.42454134677572547
MODULATION_DATASET,Raw EEG Phase-Locking Value,Gamma,,P7,O2,0.3517628047384175
MODULATION_DATASET,Raw EEG Phase-Locking Value,Gamma,,P7,PO9,0.3718458309788656
MODULATION_DATASET,Raw EEG Phase-Locking Value,Gamma,,P7,PO10,0.17055486374029294
MODULATION_DATASET,Raw EEG Phase-Locking Value,Gamma,,P8,O1,0.39283223541008344
MODULATION_DATASET,Raw EEG Phase-Locking Value,Gamma,,P8,Oz,0.5275198433633158
MODULATION_DATASET,Raw EEG Phase-Locking Value,Gamma,,P8,O2,0.6107691936683254
MODULATION_DATASET,Raw EEG Phase-Locking Value,Gamma,,P8,PO9,0.1443394551083413
MODULATION_DATASET,Raw EEG Phase-Locking Value,Gamma,,P8,PO10,0.6053760161332585
MODULATION_DATASET,Raw EEG Phase-Locking Value,Gamma,,O1,Oz,0.7190835611509526
MODULATION_DATASET,Raw EEG Phase-Locking Value,Gamma,,O1,O2,0.6090764240697719
MODULATION_DATASET,Raw EEG Phase-Locking Value,Gamma,,O1,PO9,0.442177094559173
MODULATION_DATASET,Raw EEG Phase-Locking Value,Gamma,,O1,PO10,0.3522806796873911
MODULATION_DATASET,Raw EEG Phase-Locking Value,Gamma,,Oz,O2,0.7598311809985664
MODULATION_DATASET,Raw EEG Phase-Locking Value,Gamma,,Oz,PO9,0.3382810130262552
MODULATION_DATASET,Raw EEG Phase-Locking Value,Gamma,,Oz,PO10,0.47135900123610824
MODULATION_DATASET,Raw EEG Phase-Locking Value,Gamma,,O2,PO9,0.242341131262053
MODULATION_DATASET,Raw EEG Phase-Locking Value,Gamma,,O2,PO10,0.5472170448232647
MODULATION_DATASET,Raw EEG Phase-Locking Value,Gamma,,PO9,PO10,0.219631490095925
