Dataset,Metric,Band,Envelope_Band,Channel_A,Channel_B,Value
MODULATION_DATASET,Band-Power Envelope Coherence,Gamma,UltraSlow,Cz,Fz,0.2708932137667127
MODULATION_DATASET,Band-Power Envelope Coherence,Gamma,UltraSlow,Cz,Fp1,0.006461073648056131
MODULATION_DATASET,Band-Power Envelope Coherence,Gamma,UltraSlow,Cz,F7,0.016727531984453124
MODULATION_DATASET,Band-Power Envelope Coherence,Gamma,UltraSlow,Cz,F3,0.13637440599469663
MODULATION_DATASET,Band-Power Envelope Coherence,Gamma,UltraSlow,Cz,FC1,0.3413622776830221
MODULATION_DATASET,Band-Power Envelope Coherence,Gamma,UltraSlow,Cz,C3,0.15813542667346722
MODULATION_DATASET,Band-Power Envelope Coherence,Gamma,UltraSlow,Cz,FC5,0.08577598279003122
MODULATION_DATASET,Band-Power Envelope Coherence,Gamma,UltraSlow,Cz,FT9,0.021514854064975216
MODULATION_DATASET,Band-Power Envelope Coherence,Gamma,UltraSlow,Cz,T7,0.018332219169815187
MODULATION_DATASET,Band-Power Envelope Coherence,Gamma,UltraSlow,Cz,CP5,0.039232490270674165
MODULATION_DATASET,Band-Power Envelope Coherence,Gamma,UltraSlow,Cz,CP1,0.17537814824962775
MODULATION_DATASET,Band-Power Envelope Coherence,Gamma,UltraSlow,Cz,P3,0.02546892301473033
MODULATION_DATASET,Band-Power Envelope Coherence,Gamma,UltraSlow,Cz,P7,0.006968216165924652
MODULATION_DATASET,Band-Power Envelope Coherence,Gamma,UltraSlow,Cz,PO9,0.0034394787021333265
MODULATION_DATASET,Band-Power Envelope Coherence,Gamma,UltraSlow,Cz,O1,0.007593944553694194
MODULATION_DATASET,Band-Power Envelope Coherence,Gamma,UltraSlow,Cz,Pz,0.09525226151592912
MODULATION_DATASET,Band-Power Envelope Coherence,Gamma,UltraSlow,Cz,Oz,0.010693611745248806
MODULATION_DATASET,Band-Power Envelope Coherence,Gamma,UltraSlow,Cz,O2,0.01421443828317543
MODULATION_DATASET,Band-Power Envelope Coherence,Gamma,UltraSlow,Cz,PO10,0.006038031523062962
MODULATION_DATASET,Band-Power Envelope Coherence,Gamma,UltraSlow,Cz,P8,0.01429391064302122
MODULATION_DATASET,Band-Power Envelope Coherence,Gamma,UltraSlow,Cz,P4,0.05059250418076757
MODULATION_DATASET,Band-Power Envelope Coherence,Gamma,UltraSlow,Cz,CP2,0.17804009071470242
MODULATION_DATASET,Band-Power Envelope Coherence,Gamma,UltraSlow,Cz,CP6,0.11398010811447506
MODULATION_DATASET,Band-Power Envelope Coherence,Gamma,UltraSlow,Cz,T8,0.06041514405916701
MODULATION_DATASET,Band-Power Envelope Coherence,Gamma,UltraSlow,Cz,FT10,0.07223469534679472
MODULATION_DATASET,Band-Power Envelope Coherence,Gamma,UltraSlow,Cz,FC6,0.08378473585536673
MODULATION_DATASET,Band-Power Envelope Coherence,Gamma,UltraSlow,Cz,C4,0.17264094700185836
MODULATION_DATASET,Band-Power Envelope Coherence,Gamma,UltraSlow,Cz,FC2,0.3876582252385431
MODULATION_DATASET,Band-Power Envelope Coherence,Gamma,UltraSlow,Cz,F4,0.10172497394105484
MODULATION_DATASET,Band-Power Envelope Coherence,Gamma,UltraSlow,Cz,F8,0.03872545274603568
MODULATION_DATASET,Band-Power Envelope Coherence,Gamma,UltraSlow,Cz,Fp2,0.01113844640084705
MODULATION_DATASET,Band-Power Envelope Coherence,Gamma,UltraSlow,Fz,Fp1,0.04810649102045214
MODULATION_DATASET,Band-Power Envelope Coherence,Gamma,UltraSlow,Fz,F7,0.03564854860659461
MODULATION_DATASET,Band-Power Envelope Coherence,Gamma,UltraSlow,Fz,F3,0.4506877792346145
MODULATION_DATASET,Band-Power Envelope Coherence,Gamma,UltraSlow,Fz,FC1,0.40099588201208713
MODULATION_DATASET,Band-Power Envelope Coherence,Gamma,UltraSlow,Fz,C3,0.06986906830803946
MODULATION_DATASET,Band-Power Envelope Coherence,Gamma,UltraSlow,Fz,FC5,0.07520287663478332
MODULATION_DATASET,Band-Power Envelope Coherence,Gamma,UltraSlow,Fz,FT9,0.03245341493392206
MODULATION_DATASET,Band-Power Envelope Coherence,Gamma,UltraSlow,Fz,T7,0.015253686501527685
MODULATION_DATASET,Band-Power Envelope Coherence,Gamma,UltraSlow,Fz,CP5,0.00595438917152388
MODULATION_DATASET,Band-Power Envelope Coherence,Gamma,UltraSlow,Fz,CP1,0.030611387132807387
MODULATION_DATASET,Band-Power Envelope Coherence,Gamma,UltraSlow,Fz,P3,0.005346891021008965
MODULATION_DATASET,Band-Power Envelope Coherence,Gamma,UltraSlow,Fz,P7,0.0035382431664648024
MODULATION_DATASET,Band-Power Envelope Coherence,Gamma,UltraSlow,Fz,PO9,0.020635010132929867
MODULATION_DATASET,Band-Power Envelope Coherence,Gamma,UltraSlow,Fz,O1,0.012056553626685144
MODULATION_DATASET,Band-Power Envelope Coherence,Gamma,UltraSlow,Fz,Pz,0.03245739711281576
MODULATION_DATASET,Band-Power Envelope Coherence,Gamma,UltraSlow,Fz,Oz,0.007626820573202991
MODULATION_DATASET,Band-Power Envelope Coherence,Gamma,UltraSlow,Fz,O2,0.0070348023800054305
MODULATION_DATASET,Band-Power Envelope Coherence,Gamma,UltraSlow,Fz,PO10,0.0067027639982998955
MODULATION_DATASET,Band-Power Envelope Coherence,Gamma,UltraSlow,Fz,P8,0.03258423375180995
MODULATION_DATASET,Band-Power Envelope Coherence,Gamma,UltraSlow,Fz,P4,0.014921213083473774
MODULATION_DATASET,Band-Power Envelope Coherence,Gamma,UltraSlow,Fz,CP2,0.05210857882262261
MODULATION_DATASET,Band-Power Envelope Coherence,Gamma,UltraSlow,Fz,CP6,0.12340945376047997
MODULATION_DATASET,Band-Power Envelope Coherence,Gamma,UltraSlow,Fz,T8,0.24949291802506457
MODULATION_DATASET,Band-Power Envelope Coherence,Gamma,UltraSlow,Fz,FT10,0.16184654337865373
MODULATION_DATASET,Band-Power Envelope Coherence,Gamma,UltraSlow,Fz,FC6,0.4025642184565759
MODULATION_DATASET,Band-Power Envelope Coherence,Gamma,UltraSlow,Fz,C4,0.28069118271086824
MODULATION_DATASET,Band-Power Envelope Coherence,Gamma,UltraSlow,Fz,FC2,0.59437831308774
MODULATION_DATASET,Band-Power Envelope Coherence,Gamma,UltraSlow,Fz,F4,0.5166539367026562
MODULATION_DATASET,Band-Power Envelope Coherence,Gamma,UltraSlow,Fz,F8,0.19185794051944985
MODULATION_DATASET,Band-Power Envelope Coherence,Gamma,UltraSlow,Fz,Fp2,0.054297707043727744
MODULATION_DATASET,Band-Power Envelope Coherence,Gamma,UltraSlow,Fp1,F7,0.23176981618348214
MODULATION_DATASET,Band-Power Envelope Coherence,Gamma,UltraSlow,Fp1,F3,0.09819460338815925
MODULATION_DATASET,Band-Power Envelope Coherence,Gamma,UltraSlow,Fp1,FC1,0.017448964349790763
MODULATION_DATASET,Band-Power Envelope Coherence,Gamma,UltraSlow,Fp1,C3,0.06056884159368126
MODULATION_DATASET,Band-Power Envelope Coherence,Gamma,UltraSlow,Fp1,FC5,0.04735095108589444
MODULATION_DATASET,Band-Power Envelope Coherence,Gamma,UltraSlow,Fp1,FT9,0.07699230726395599
MODULATION_DATASET,Band-Power Envelope Coherence,Gamma,UltraSlow,Fp1,T7,0.08802954884083598
MODULATION_DATASET,Band-Power Envelope Coherence,Gamma,UltraSlow,Fp1,CP5,0.06655890010885951
MODULATION_DATASET,Band-Power Envelope Coherence,Gamma,UltraSlow,Fp1,CP1,0.045211701066469094
MODULATION_DATASET,Band-Power Envelope Coherence,Gamma,UltraSlow,Fp1,P3,0.029020597430616014
MODULATION_DATASET,Band-Power Envelope Coherence,Gamma,UltraSlow,Fp1,P7,0.07793767962343713
MODULATION_DATASET,Band-Power Envelope Coherence,Gamma,UltraSlow,Fp1,PO9,0.009042233613513057
MODULATION_DATASET,Band-Power Envelope Coherence,Gamma,UltraSlow,Fp1,O1,0.009303526452370087
MODULATION_DATASET,Band-Power Envelope Coherence,Gamma,UltraSlow,Fp1,Pz,0.032456068018484656
MODULATION_DATASET,Band-Power Envelope Coherence,Gamma,UltraSlow,Fp1,Oz,0.022314320622556262
MODULATION_DATASET,Band-Power Envelope Coherence,Gamma,UltraSlow,Fp1,O2,0.01733680124888929
MODULATION_DATASET,Band-Power Envelope Coherence,Gamma,UltraSlow,Fp1,PO10,0.032201581784736005
MODULATION_DATASET,Band-Power Envelope Coherence,Gamma,UltraSlow,Fp1,P8,0.008292721285004469
MODULATION_DATASET,Band-Power Envelope Coherence,Gamma,UltraSlow,Fp1,P4,0.007345049289898638
MODULATION_DATASET,Band-Power Envelope Coherence,Gamma,UltraSlow,Fp1,CP2,0.0026656833514863807
MODULATION_DATASET,Band-Power Envelope Coherence,Gamma,UltraSlow,Fp1,CP6,0.023840406029712123
MODULATION_DATASET,Band-Power Envelope Coherence,Gamma,UltraSlow,Fp1,T8,0.009447307755640661
MODULATION_DATASET,Band-Power Envelope Coherence,Gamma,UltraSlow,Fp1,FT10,0.025517077309378532
MODULATION_DATASET,Band-Power Envelope Coherence,Gamma,UltraSlow,Fp1,FC6,0.011128714065570604
MODULATION_DATASET,Band-Power Envelope Coherence,Gamma,UltraSlow,Fp1,C4,0.008850805505850738
MODULATION_DATASET,Band-Power Envelope Coherence,Gamma,UltraSlow,Fp1,FC2,0.018410073604173884
MODULATION_DATASET,Band-Power Envelope Coherence,Gamma,UltraSlow,Fp1,F4,0.0286595553672323
MODULATION_DATASET,Band-Power Envelope Coherence,Gamma,UltraSlow,Fp1,F8,0.028260720029632744
MODULATION_DATASET,Band-Power Envelope Coherence,Gamma,UltraSlow,Fp1,Fp2,0.4322400684627756
MODULATION_DATASET,Band-Power Envelope Coherence,Gamma,UltraSlow,F7,F3,0.3179855465939705
MODULATION_DATASET,Band-Power Envelope Coherence,Gamma,UltraSlow,F7,FC1,0.033090954946213676
MODULATION_DATASET,Band-Power Envelope Coherence,Gamma,UltraSlow,F7,C3,0.16836401325566966
MODULATION_DATASET,Band-Power Envelope Coherence,Gamma,UltraSlow,F7,FC5,0.36843841551352274
MODULATION_DATASET,Band-Power Envelope Coherence,Gamma,UltraSlow,F7,FT9,0.09030452551362399
MODULATION_DATASET,Band-Power Envelope Coherence,Gamma,UltraSlow,F7,T7,0.17412135772586718
MODULATION_DATASET,Band-Power Envelope Coherence,Gamma,UltraSlow,F7,CP5,0.05363327416795421
MODULATION_DATASET,Band-Power Envelope Coherence,Gamma,UltraSlow,F7,CP1,0.009687281143305337
MODULATION_DATASET,Band-Power Envelope Coherence,Gamma,UltraSlow,F7,P3,0.0034798875964509456
MODULATION_DATASET,Band-Power Envelope Coherence,Gamma,UltraSlow,F7,P7,0.0073314753400682605
MODULATION_DATASET,Band-Power Envelope Coherence,Gamma,UltraSlow,F7,PO9,0.006499465238026984
MODULATION_DATASET,Band-Power Envelope Coherence,Gamma,UltraSlow,F7,O1,0.012019937456190623
MODULATION_DATASET,Band-Power Envelope Coherence,Gamma,UltraSlow,F7,Pz,0.003788398989910827
MODULATION_DATASET,Band-Power Envelope Coherence,Gamma,UltraSlow,F7,Oz,0.0036848653378389845
MODULATION_DATASET,Band-Power Envelope Coherence,Gamma,UltraSlow,F7,O2,0.0035847996949955373
MODULATION_DATASET,Band-Power Envelope Coherence,Gamma,UltraSlow,F7,PO10,0.020645254361753313
MODULATION_DATASET,Band-Power Envelope Coherence,Gamma,UltraSlow,F7,P8,0.015376367564104381
MODULATION_DATASET,Band-Power Envelope Coherence,Gamma,UltraSlow,F7,P4,0.011687889874783048
MODULATION_DATASET,Band-Power Envelope Coherence,Gamma,UltraSlow,F7,CP2,0.006585632666997723
MODULATION_DATASET,Band-Power Envelope Coherence,Gamma,UltraSlow,F7,CP6,0.03363501738257332
MODULATION_DATASET,Band-Power Envelope Coherence,Gamma,UltraSlow,F7,T8,0.02270109764113345
MODULATION_DATASET,Band-Power Envelope Coherence,Gamma,UltraSlow,F7,FT10,0.053234385299480255
MODULATION_DATASET,Band-Power Envelope Coherence,Gamma,UltraSlow,F7,FC6,0.043049052694549374
MODULATION_DATASET,Band-Power Envelope Coherence,Gamma,UltraSlow,F7,C4,0.005655694580790848
MODULATION_DATASET,Band-Power Envelope Coherence,Gamma,UltraSlow,F7,FC2,0.046728581103406205
MODULATION_DATASET,Band-Power Envelope Coherence,Gamma,UltraSlow,F7,F4,0.02636071409715254
MODULATION_DATASET,Band-Power Envelope Coherence,Gamma,UltraSlow,F7,F8,0.09706187438569612
MODULATION_DATASET,Band-Power Envelope Coherence,Gamma,UltraSlow,F7,Fp2,0.051997513922748206
MODULATION_DATASET,Band-Power Envelope Coherence,Gamma,UltraSlow,F3,FC1,0.34244963685688345
MODULATION_DATASET,Band-Power Envelope Coherence,Gamma,UltraSlow,F3,C3,0.1875500180073856
MODULATION_DATASET,Band-Power Envelope Coherence,Gamma,UltraSlow,F3,FC5,0.3822358364864368
MODULATION_DATASET,Band-Power Envelope Coherence,Gamma,UltraSlow,F3,FT9,0.03995087165555456
MODULATION_DATASET,Band-Power Envelope Coherence,Gamma,UltraSlow,F3,T7,0.0883399389880127
MODULATION_DATASET,Band-Power Envelope Coherence,Gamma,UltraSlow,F3,CP5,0.017256560437127845
MODULATION_DATASET,Band-Power Envelope Coherence,Gamma,UltraSlow,F3,CP1,0.022850955559086974
MODULATION_DATASET,Band-Power Envelope Coherence,Gamma,UltraSlow,F3,P3,0.0033441524191535547
MODULATION_DATASET,Band-Power Envelope Coherence,Gamma,UltraSlow,F3,P7,0.0056550155135475545
MODULATION_DATASET,Band-Power Envelope Coherence,Gamma,UltraSlow,F3,PO9,0.026524718978653605
MODULATION_DATASET,Band-Power Envelope Coherence,Gamma,UltraSlow,F3,O1,0.007922781146199582
MODULATION_DATASET,Band-Power Envelope Coherence,Gamma,UltraSlow,F3,Pz,0.013020146456270552
MODULATION_DATASET,Band-Power Envelope Coherence,Gamma,UltraSlow,F3,Oz,0.009019807676353759
MODULATION_DATASET,Band-Power Envelope Coherence,Gamma,UltraSlow,F3,O2,0.006136671910141622
MODULATION_DATASET,Band-Power Envelope Coherence,Gamma,UltraSlow,F3,PO10,0.005542052903833369
MODULATION_DATASET,Band-Power Envelope Coherence,Gamma,UltraSlow,F3,P8,0.014610176590850975
MODULATION_DATASET,Band-Power Envelope Coherence,Gamma,UltraSlow,F3,P4,0.0095506662851303
MODULATION_DATASET,Band-Power Envelope Coherence,Gamma,UltraSlow,F3,CP2,0.016770505402880338
MODULATION_DATASET,Band-Power Envelope Coherence,Gamma,UltraSlow,F3,CP6,0.041194653883241256
MODULATION_DATASET,Band-Power Envelope Coherence,Gamma,UltraSlow,F3,T8,0.12763297679295935
MODULATION_DATASET,Band-Power Envelope Coherence,Gamma,UltraSlow,F3,FT10,0.0935884726655979
MODULATION_DATASET,Band-Power Envelope Coherence,Gamma,UltraSlow,F3,FC6,0.20399347493803113
MODULATION_DATASET,Band-Power Envelope Coherence,Gamma,UltraSlow,F3,C4,0.08680860335609751
MODULATION_DATASET,Band-Power Envelope Coherence,Gamma,UltraSlow,F3,FC2,0.3345801794407715
MODULATION_DATASET,Band-Power Envelope Coherence,Gamma,UltraSlow,F3,F4,0.2169266777983001
MODULATION_DATASET,Band-Power Envelope Coherence,Gamma,UltraSlow,F3,F8,0.17473381925463144
MODULATION_DATASET,Band-Power Envelope Coherence,Gamma,UltraSlow,F3,Fp2,0.0415832140245098
MODULATION_DATASET,Band-Power Envelope Coherence,Gamma,UltraSlow,FC1,C3,0.17004919412683314
MODULATION_DATASET,Band-Power Envelope Coherence,Gamma,UltraSlow,FC1,FC5,0.18372485864281246
MODULATION_DATASET,Band-Power Envelope Coherence,Gamma,UltraSlow,FC1,FT9,0.06859363009818208
MODULATION_DATASET,Band-Power Envelope Coherence,Gamma,UltraSlow,FC1,T7,0.030899750341149414
MODULATION_DATASET,Band-Power Envelope Coherence,Gamma,UltraSlow,FC1,CP5,0.027769478492425406
MODULATION_DATASET,Band-Power Envelope Coherence,Gamma,UltraSlow,FC1,CP1,0.0898129731573161
MODULATION_DATASET,Band-Power Envelope Coherence,Gamma,UltraSlow,FC1,P3,0.008108391578863311
MODULATION_DATASET,Band-Power Envelope Coherence,Gamma,UltraSlow,FC1,P7,0.00982703770598088
MODULATION_DATASET,Band-Power Envelope Coherence,Gamma,UltraSlow,FC1,PO9,0.011195826353061007
MODULATION_DATASET,Band-Power Envelope Coherence,Gamma,UltraSlow,FC1,O1,0.022586262188210433
MODULATION_DATASET,Band-Power Envelope Coherence,Gamma,UltraSlow,FC1,Pz,0.05007021001250165
MODULATION_DATASET,Band-Power Envelope Coherence,Gamma,UltraSlow,FC1,Oz,0.013475120940825562
MODULATION_DATASET,Band-Power Envelope Coherence,Gamma,UltraSlow,FC1,O2,0.018321725705015085
MODULATION_DATASET,Band-Power Envelope Coherence,Gamma,UltraSlow,FC1,PO10,0.005409939962623609
MODULATION_DATASET,Band-Power Envelope Coherence,Gamma,UltraSlow,FC1,P8,0.012359358393681612
MODULATION_DATASET,Band-Power Envelope Coherence,Gamma,UltraSlow,FC1,P4,0.03060929527057117
MODULATION_DATASET,Band-Power Envelope Coherence,Gamma,UltraSlow,FC1,CP2,0.07841249620977381
MODULATION_DATASET,Band-Power Envelope Coherence,Gamma,UltraSlow,FC1,CP6,0.04428416968318913
MODULATION_DATASET,Band-Power Envelope Coherence,Gamma,UltraSlow,FC1,T8,0.10288773323417309
MODULATION_DATASET,Band-Power Envelope Coherence,Gamma,UltraSlow,FC1,FT10,0.040027695145392665
MODULATION_DATASET,Band-Power Envelope Coherence,Gamma,UltraSlow,FC1,FC6,0.13623163162571442
MODULATION_DATASET,Band-Power Envelope Coherence,Gamma,UltraSlow,FC1,C4,0.13183826680263036
MODULATION_DATASET,Band-Power Envelope Coherence,Gamma,UltraSlow,FC1,FC2,0.334768517102083
MODULATION_DATASET,Band-Power Envelope Coherence,Gamma,UltraSlow,FC1,F4,0.1695930662474521
MODULATION_DATASET,Band-Power Envelope Coherence,Gamma,UltraSlow,FC1,F8,0.07790095251006192
MODULATION_DATASET,Band-Power Envelope Coherence,Gamma,UltraSlow,FC1,Fp2,0.014100226317198379
MODULATION_DATASET,Band-Power Envelope Coherence,Gamma,UltraSlow,C3,FC5,0.22539695784076325
MODULATION_DATASET,Band-Power Envelope Coherence,Gamma,UltraSlow,C3,FT9,0.02798771658352435
MODULATION_DATASET,Band-Power Envelope Coherence,Gamma,UltraSlow,C3,T7,0.11989709316741229
MODULATION_DATASET,Band-Power Envelope Coherence,Gamma,UltraSlow,C3,CP5,0.10584463101605263
MODULATION_DATASET,Band-Power Envelope Coherence,Gamma,UltraSlow,C3,CP1,0.09871371558509573
MODULATION_DATASET,Band-Power Envelope Coherence,Gamma,UltraSlow,C3,P3,0.01573298646862122
MODULATION_DATASET,Band-Power Envelope Coherence,Gamma,UltraSlow,C3,P7,0.010578531521998318
MODULATION_DATASET,Band-Power Envelope Coherence,Gamma,UltraSlow,C3,PO9,0.003269825386445227
MODULATION_DATASET,Band-Power Envelope Coherence,Gamma,UltraSlow,C3,O1,0.007184247301151833
MODULATION_DATASET,Band-Power Envelope Coherence,Gamma,UltraSlow,C3,Pz,0.025813269581449926
MODULATION_DATASET,Band-Power Envelope Coherence,Gamma,UltraSlow,C3,Oz,0.012040101353181433
MODULATION_DATASET,Band-Power Envelope Coherence,Gamma,UltraSlow,C3,O2,0.010365450824542407
MODULATION_DATASET,Band-Power Envelope Coherence,Gamma,UltraSlow,C3,PO10,0.012609486058310564
MODULATION_DATASET,Band-Power Envelope Coherence,Gamma,UltraSlow,C3,P8,0.01838254062499464
MODULATION_DATASET,Band-Power Envelope Coherence,Gamma,UltraSlow,C3,P4,0.014928951070265668
MODULATION_DATASET,Band-Power Envelope Coherence,Gamma,UltraSlow,C3,CP2,0.02416786143320646
MODULATION_DATASET,Band-Power Envelope Coherence,Gamma,UltraSlow,C3,CP6,0.013115617722139223
MODULATION_DATASET,Band-Power Envelope Coherence,Gamma,UltraSlow,C3,T8,0.02295351067829217
MODULATION_DATASET,Band-Power Envelope Coherence,Gamma,UltraSlow,C3,FT10,0.04229406404891254
MODULATION_DATASET,Band-Power Envelope Coherence,Gamma,UltraSlow,C3,FC6,0.03611584753839419
MODULATION_DATASET,Band-Power Envelope Coherence,Gamma,UltraSlow,C3,C4,0.024613606786136954
MODULATION_DATASET,Band-Power Envelope Coherence,Gamma,UltraSlow,C3,FC2,0.14059707493176613
MODULATION_DATASET,Band-Power Envelope Coherence,Gamma,UltraSlow,C3,F4,0.0395593359753612
MODULATION_DATASET,Band-Power Envelope Coherence,Gamma,UltraSlow,C3,F8,0.04619951856385866
MODULATION_DATASET,Band-Power Envelope Coherence,Gamma,UltraSlow,C3,Fp2,0.01550301302402013
MODULATION_DATASET,Band-Power Envelope Coherence,Gamma,UltraSlow,FC5,FT9,0.02936978924153188
MODULATION_DATASET,Band-Power Envelope Coherence,Gamma,UltraSlow,FC5,T7,0.20028706040334185
MODULATION_DATASET,Band-Power Envelope Coherence,Gamma,UltraSlow,FC5,CP5,0.0740670736877417
MODULATION_DATASET,Band-Power Envelope Coherence,Gamma,UltraSlow,FC5,CP1,0.034811316773051
MODULATION_DATASET,Band-Power Envelope Coherence,Gamma,UltraSlow,FC5,P3,0.007475714058058789
MODULATION_DATASET,Band-Power Envelope Coherence,Gamma,UltraSlow,FC5,P7,0.017657591119967318
MODULATION_DATASET,Band-Power Envelope Coherence,Gamma,UltraSlow,FC5,PO9,0.010315259579564801
MODULATION_DATASET,Band-Power Envelope Coherence,Gamma,UltraSlow,FC5,O1,0.005392590493219053
MODULATION_DATASET,Band-Power Envelope Coherence,Gamma,UltraSlow,FC5,Pz,0.010623931947692981
MODULATION_DATASET,Band-Power Envelope Coherence,Gamma,UltraSlow,FC5,Oz,0.005454513950375486
MODULATION_DATASET,Band-Power Envelope Coherence,Gamma,UltraSlow,FC5,O2,0.011512718611581972
MODULATION_DATASET,Band-Power Envelope Coherence,Gamma,UltraSlow,FC5,PO10,0.007588833824987237
MODULATION_DATASET,Band-Power Envelope Coherence,Gamma,UltraSlow,FC5,P8,0.006069739257422371
MODULATION_DATASET,Band-Power Envelope Coherence,Gamma,UltraSlow,FC5,P4,0.013904787618517784
MODULATION_DATASET,Band-Power Envelope Coherence,Gamma,UltraSlow,FC5,CP2,0.006541527108973997
MODULATION_DATASET,Band-Power Envelope Coherence,Gamma,UltraSlow,FC5,CP6,0.013956654516569992
MODULATION_DATASET,Band-Power Envelope Coherence,Gamma,UltraSlow,FC5,T8,0.016606891105750032
MODULATION_DATASET,Band-Power Envelope Coherence,Gamma,UltraSlow,FC5,FT10,0.025643812323308632
MODULATION_DATASET,Band-Power Envelope Coherence,Gamma,UltraSlow,FC5,FC6,0.034759516509337986
MODULATION_DATASET,Band-Power Envelope Coherence,Gamma,UltraSlow,FC5,C4,0.006828956097287938
MODULATION_DATASET,Band-Power Envelope Coherence,Gamma,UltraSlow,FC5,FC2,0.08759116675763624
MODULATION_DATASET,Band-Power Envelope Coherence,Gamma,UltraSlow,FC5,F4,0.020690500803921912
MODULATION_DATASET,Band-Power Envelope Coherence,Gamma,UltraSlow,FC5,F8,0.09932776919918865
MODULATION_DATASET,Band-Power Envelope Coherence,Gamma,UltraSlow,FC5,Fp2,0.019587658125138754
MODULATION_DATASET,Band-Power Envelope Coherence,Gamma,UltraSlow,FT9,T7,0.04916815647463812
MODULATION_DATASET,Band-Power Envelope Coherence,Gamma,UltraSlow,FT9,CP5,0.030200664364600817
MODULATION_DATASET,Band-Power Envelope Coherence,Gamma,UltraSlow,FT9,CP1,0.05413168472622914
MODULATION_DATASET,Band-Power Envelope Coherence,Gamma,UltraSlow,FT9,P3,0.019068722046718393
MODULATION_DATASET,Band-Power Envelope Coherence,Gamma,UltraSlow,FT9,P7,0.042399218037857365
MODULATION_DATASET,Band-Power Envelope Coherence,Gamma,UltraSlow,FT9,PO9,0.023987039466355276
MODULATION_DATASET,Band-Power Envelope Coherence,Gamma,UltraSlow,FT9,O1,0.07098449409632808
MODULATION_DATASET,Band-Power Envelope Coherence,Gamma,UltraSlow,FT9,Pz,0.047256234466705786
MODULATION_DATASET,Band-Power Envelope Coherence,Gamma,UltraSlow,FT9,Oz,0.05885762127030298
MODULATION_DATASET,Band-Power Envelope Coherence,Gamma,UltraSlow,FT9,O2,0.05741576636832251
MODULATION_DATASET,Band-Power Envelope Coherence,Gamma,UltraSlow,FT9,PO10,0.02473260513716883
MODULATION_DATASET,Band-Power Envelope Coherence,Gamma,UltraSlow,FT9,P8,0.022880888586003345
MODULATION_DATASET,Band-Power Envelope Coherence,Gamma,UltraSlow,FT9,P4,0.024945381053788372
MODULATION_DATASET,Band-Power Envelope Coherence,Gamma,UltraSlow,FT9,CP2,0.029235346683534804
MODULATION_DATASET,Band-Power Envelope Coherence,Gamma,UltraSlow,FT9,CP6,0.003035496327249324
MODULATION_DATASET,Band-Power Envelope Coherence,Gamma,UltraSlow,FT9,T8,0.01795653920045467
MODULATION_DATASET,Band-Power Envelope Coherence,Gamma,UltraSlow,FT9,FT10,0.049216373757342495
MODULATION_DATASET,Band-Power Envelope Coherence,Gamma,UltraSlow,FT9,FC6,0.017508476397780214
MODULATION_DATASET,Band-Power Envelope Coherence,Gamma,UltraSlow,FT9,C4,0.021004046473728877
MODULATION_DATASET,Band-Power Envelope Coherence,Gamma,UltraSlow,FT9,FC2,0.0228205031433798
MODULATION_DATASET,Band-Power Envelope Coherence,Gamma,UltraSlow,FT9,F4,0.023050264115961446
MODULATION_DATASET,Band-Power Envelope Coherence,Gamma,UltraSlow,FT9,F8,0.0498207421279886
MODULATION_DATASET,Band-Power Envelope Coherence,Gamma,UltraSlow,FT9,Fp2,0.06590996450299608
MODULATION_DATASET,Band-Power Envelope Coherence,Gamma,UltraSlow,T7,CP5,0.07377825266088438
MODULATION_DATASET,Band-Power Envelope Coherence,Gamma,UltraSlow,T7,CP1,0.012926532854654034
MODULATION_DATASET,Band-Power Envelope Coherence,Gamma,UltraSlow,T7,P3,0.007231244208134568
MODULATION_DATASET,Band-Power Envelope Coherence,Gamma,UltraSlow,T7,P7,0.04934867682684236
MODULATION_DATASET,Band-Power Envelope Coherence,Gamma,UltraSlow,T7,PO9,0.016302715149732683
MODULATION_DATASET,Band-Power Envelope Coherence,Gamma,UltraSlow,T7,O1,0.004927383846559747
MODULATION_DATASET,Band-Power Envelope Coherence,Gamma,UltraSlow,T7,Pz,0.01641042422556873
MODULATION_DATASET,Band-Power Envelope Coherence,Gamma,UltraSlow,T7,Oz,0.0038126263595129484
MODULATION_DATASET,Band-Power Envelope Coherence,Gamma,UltraSlow,T7,O2,0.01157199981243387
MODULATION_DATASET,Band-Power Envelope Coherence,Gamma,UltraSlow,T7,PO10,0.006356757806280544
MODULATION_DATASET,Band-Power Envelope Coherence,Gamma,UltraSlow,T7,P8,0.017008472150512394
MODULATION_DATASET,Band-Power Envelope Coherence,Gamma,UltraSlow,T7,P4,0.007504681539888606
MODULATION_DATASET,Band-Power Envelope Coherence,Gamma,UltraSlow,T7,CP2,0.002292548663619114
MODULATION_DATASET,Band-Power Envelope Coherence,Gamma,UltraSlow,T7,CP6,0.03800119610334652
MODULATION_DATASET,Band-Power Envelope Coherence,Gamma,UltraSlow,T7,T8,0.009694475298619918
MODULATION_DATASET,Band-Power Envelope Coherence,Gamma,UltraSlow,T7,FT10,0.020033374817034284
MODULATION_DATASET,Band-Power Envelope Coherence,Gamma,UltraSlow,T7,FC6,0.014299511027625979
MODULATION_DATASET,Band-Power Envelope Coherence,Gamma,UltraSlow,T7,C4,0.005894865277552697
MODULATION_DATASET,Band-Power Envelope Coherence,Gamma,UltraSlow,T7,FC2,0.0196399364712191
MODULATION_DATASET,Band-Power Envelope Coherence,Gamma,UltraSlow,T7,F4,0.005461832167219833
MODULATION_DATASET,Band-Power Envelope Coherence,Gamma,UltraSlow,T7,F8,0.05362586520262243
MODULATION_DATASET,Band-Power Envelope Coherence,Gamma,UltraSlow,T7,Fp2,0.025318947850516162
MODULATION_DATASET,Band-Power Envelope Coherence,Gamma,UltraSlow,CP5,CP1,0.12348837544984993
MODULATION_DATASET,Band-Power Envelope Coherence,Gamma,UltraSlow,CP5,P3,0.07929796328812302
MODULATION_DATASET,Band-Power Envelope Coherence,Gamma,UltraSlow,CP5,P7,0.1482737088726072
MODULATION_DATASET,Band-Power Envelope Coherence,Gamma,UltraSlow,CP5,PO9,0.05659570059455977
MODULATION_DATASET,Band-Power Envelope Coherence,Gamma,UltraSlow,CP5,O1,0.06805117642857846
MODULATION_DATASET,Band-Power Envelope Coherence,Gamma,UltraSlow,CP5,Pz,0.1452149441165691
MODULATION_DATASET,Band-Power Envelope Coherence,Gamma,UltraSlow,CP5,Oz,0.10407426375923029
MODULATION_DATASET,Band-Power Envelope Coherence,Gamma,UltraSlow,CP5,O2,0.07137456084173985
MODULATION_DATASET,Band-Power Envelope Coherence,Gamma,UltraSlow,CP5,PO10,0.04923038363733032
MODULATION_DATASET,Band-Power Envelope Coherence,Gamma,UltraSlow,CP5,P8,0.09074908794733295
MODULATION_DATASET,Band-Power Envelope Coherence,Gamma,UltraSlow,CP5,P4,0.033536714616486156
MODULATION_DATASET,Band-Power Envelope Coherence,Gamma,UltraSlow,CP5,CP2,0.028308310569218564
MODULATION_DATASET,Band-Power Envelope Coherence,Gamma,UltraSlow,CP5,CP6,0.019129675419331603
MODULATION_DATASET,Band-Power Envelope Coherence,Gamma,UltraSlow,CP5,T8,0.003942340024765504
MODULATION_DATASET,Band-Power Envelope Coherence,Gamma,UltraSlow,CP5,FT10,0.047807446512574625
MODULATION_DATASET,Band-Power Envelope Coherence,Gamma,UltraSlow,CP5,FC6,0.006778526305199249
MODULATION_DATASET,Band-Power Envelope Coherence,Gamma,UltraSlow,CP5,C4,0.004677115598897445
MODULATION_DATASET,Band-Power Envelope Coherence,Gamma,UltraSlow,CP5,FC2,0.01007359300378641
MODULATION_DATASET,Band-Power Envelope Coherence,Gamma,UltraSlow,CP5,F4,0.0016336536957897933
MODULATION_DATASET,Band-Power Envelope Coherence,Gamma,UltraSlow,CP5,F8,0.05506295040540989
MODULATION_DATASET,Band-Power Envelope Coherence,Gamma,UltraSlow,CP5,Fp2,0.03905248345651554
MODULATION_DATASET,Band-Power Envelope Coherence,Gamma,UltraSlow,CP1,P3,0.16067829798987618
MODULATION_DATASET,Band-Power Envelope Coherence,Gamma,UltraSlow,CP1,P7,0.14494513158293632
MODULATION_DATASET,Band-Power Envelope Coherence,Gamma,UltraSlow,CP1,PO9,0.08936907037993803
MODULATION_DATASET,Band-Power Envelope Coherence,Gamma,UltraSlow,CP1,O1,0.20927358048573755
MODULATION_DATASET,Band-Power Envelope Coherence,Gamma,UltraSlow,CP1,Pz,0.3970085696822208
MODULATION_DATASET,Band-Power Envelope Coherence,Gamma,UltraSlow,CP1,Oz,0.2605958405599658
MODULATION_DATASET,Band-Power Envelope Coherence,Gamma,UltraSlow,CP1,O2,0.21894113933209727
MODULATION_DATASET,Band-Power Envelope Coherence,Gamma,UltraSlow,CP1,PO10,0.07849433443561418
MODULATION_DATASET,Band-Power Envelope Coherence,Gamma,UltraSlow,CP1,P8,0.1157890671569981
MODULATION_DATASET,Band-Power Envelope Coherence,Gamma,UltraSlow,CP1,P4,0.20360416221642766
MODULATION_DATASET,Band-Power Envelope Coherence,Gamma,UltraSlow,CP1,CP2,0.25700418613262704
MODULATION_DATASET,Band-Power Envelope Coherence,Gamma,UltraSlow,CP1,CP6,0.08491060248281725
MODULATION_DATASET,Band-Power Envelope Coherence,Gamma,UltraSlow,CP1,T8,0.040758430726825876
MODULATION_DATASET,Band-Power Envelope Coherence,Gamma,UltraSlow,CP1,FT10,0.048561344873350946
MODULATION_DATASET,Band-Power Envelope Coherence,Gamma,UltraSlow,CP1,FC6,0.0203341432138081
MODULATION_DATASET,Band-Power Envelope Coherence,Gamma,UltraSlow,CP1,C4,0.04420493371666618
MODULATION_DATASET,Band-Power Envelope Coherence,Gamma,UltraSlow,CP1,FC2,0.06994494635517029
MODULATION_DATASET,Band-Power Envelope Coherence,Gamma,UltraSlow,CP1,F4,0.010535904954356844
MODULATION_DATASET,Band-Power Envelope Coherence,Gamma,UltraSlow,CP1,F8,0.008254260996287096
MODULATION_DATASET,Band-Power Envelope Coherence,Gamma,UltraSlow,CP1,Fp2,0.02082724917022673
MODULATION_DATASET,Band-Power Envelope Coherence,Gamma,UltraSlow,P3,P7,0.10154257747826892
MODULATION_DATASET,Band-Power Envelope Coherence,Gamma,UltraSlow,P3,PO9,0.04922527777263253
MODULATION_DATASET,Band-Power Envelope Coherence,Gamma,UltraSlow,P3,O1,0.16233366690367604
MODULATION_DATASET,Band-Power Envelope Coherence,Gamma,UltraSlow,P3,Pz,0.21214292345388105
MODULATION_DATASET,Band-Power Envelope Coherence,Gamma,UltraSlow,P3,Oz,0.16890114681215448
MODULATION_DATASET,Band-Power Envelope Coherence,Gamma,UltraSlow,P3,O2,0.11617737061514938
MODULATION_DATASET,Band-Power Envelope Coherence,Gamma,UltraSlow,P3,PO10,0.02425334110331315
MODULATION_DATASET,Band-Power Envelope Coherence,Gamma,UltraSlow,P3,P8,0.02302494382428782
MODULATION_DATASET,Band-Power Envelope Coherence,Gamma,UltraSlow,P3,P4,0.05821752417346159
MODULATION_DATASET,Band-Power Envelope Coherence,Gamma,UltraSlow,P3,CP2,0.0720866934647693
MODULATION_DATASET,Band-Power Envelope Coherence,Gamma,UltraSlow,P3,CP6,0.0058962375262361115
MODULATION_DATASET,Band-Power Envelope Coherence,Gamma,UltraSlow,P3,T8,0.0035627950493842377
MODULATION_DATASET,Band-Power Envelope Coherence,Gamma,UltraSlow,P3,FT10,0.017851582270794284
MODULATION_DATASET,Band-Power Envelope Coherence,Gamma,UltraSlow,P3,FC6,0.006038438705037036
MODULATION_DATASET,Band-Power Envelope Coherence,Gamma,UltraSlow,P3,C4,0.0034624764811979876
MODULATION_DATASET,Band-Power Envelope Coherence,Gamma,UltraSlow,P3,FC2,0.0058378718499378975
MODULATION_DATASET,Band-Power Envelope Coherence,Gamma,UltraSlow,P3,F4,0.003490332807322555
MODULATION_DATASET,Band-Power Envelope Coherence,Gamma,UltraSlow,P3,F8,0.003002472808472227
MODULATION_DATASET,Band-Power Envelope Coherence,Gamma,UltraSlow,P3,Fp2,0.020907237312910498
MODULATION_DATASET,Band-Power Envelope Coherence,Gamma,UltraSlow,P7,PO9,0.3462658080852297
MODULATION_DATASET,Band-Power Envelope Coherence,Gamma,UltraSlow,P7,O1,0.28306479416264674
MODULATION_DATASET,Band-Power Envelope Coherence,Gamma,UltraSlow,P7,Pz,0.14108992008152
MODULATION_DATASET,Band-Power Envelope Coherence,Gamma,UltraSlow,P7,Oz,0.2437531886419518
MODULATION_DATASET,Band-Power Envelope Coherence,Gamma,UltraSlow,P7,O2,0.12410530058362652
MODULATION_DATASET,Band-Power Envelope Coherence,Gamma,UltraSlow,P7,PO10,0.06974339089082336
MODULATION_DATASET,Band-Power Envelope Coherence,Gamma,UltraSlow,P7,P8,0.053349289593315224
MODULATION_DATASET,Band-Power Envelope Coherence,Gamma,UltraSlow,P7,P4,0.06717409286323177
MODULATION_DATASET,Band-Power Envelope Coherence,Gamma,UltraSlow,P7,CP2,0.02716323065881422
MODULATION_DATASET,Band-Power Envelope Coherence,Gamma,UltraSlow,P7,CP6,0.010993036886924913
MODULATION_DATASET,Band-Power Envelope Coherence,Gamma,UltraSlow,P7,T8,0.011940594016498668
MODULATION_DATASET,Band-Power Envelope Coherence,Gamma,UltraSlow,P7,FT10,0.008122378819946157
MODULATION_DATASET,Band-Power Envelope Coherence,Gamma,UltraSlow,P7,FC6,0.0023848753596104355
MODULATION_DATASET,Band-Power Envelope Coherence,Gamma,UltraSlow,P7,C4,0.00539434566151898
MODULATION_DATASET,Band-Power Envelope Coherence,Gamma,UltraSlow,P7,FC2,0.002924698031042361
MODULATION_DATASET,Band-Power Envelope Coherence,Gamma,UltraSlow,P7,F4,0.009915118600159522
MODULATION_DATASET,Band-Power Envelope Coherence,Gamma,UltraSlow,P7,F8,0.006605472178128824
MODULATION_DATASET,Band-Power Envelope Coherence,Gamma,UltraSlow,P7,Fp2,0.0710592447311996
MODULATION_DATASET,Band-Power Envelope Coherence,Gamma,UltraSlow,PO9,O1,0.3507888983490767
MODULATION_DATASET,Band-Power Envelope Coherence,Gamma,UltraSlow,PO9,Pz,0.09533475601242335
MODULATION_DATASET,Band-Power Envelope Coherence,Gamma,UltraSlow,PO9,Oz,0.25832443099426067
MODULATION_DATASET,Band-Power Envelope Coherence,Gamma,UltraSlow,PO9,O2,0.11323065407279387
MODULATION_DATASET,Band-Power Envelope Coherence,Gamma,UltraSlow,PO9,PO10,0.09715150920760514
MODULATION_DATASET,Band-Power Envelope Coherence,Gamma,UltraSlow,PO9,P8,0.0687051550716619
MODULATION_DATASET,Band-Power Envelope Coherence,Gamma,UltraSlow,PO9,P4,0.049744882520028844
MODULATION_DATASET,Band-Power Envelope Coherence,Gamma,UltraSlow,PO9,CP2,0.021099474502505725
MODULATION_DATASET,Band-Power Envelope Coherence,Gamma,UltraSlow,PO9,CP6,0.009136322322249223
MODULATION_DATASET,Band-Power Envelope Coherence,Gamma,UltraSlow,PO9,T8,0.005483050796777029
MODULATION_DATASET,Band-Power Envelope Coherence,Gamma,UltraSlow,PO9,FT10,0.008964443130166054
MODULATION_DATASET,Band-Power Envelope Coherence,Gamma,UltraSlow,PO9,FC6,0.006790086670633074
MODULATION_DATASET,Band-Power Envelope Coherence,Gamma,UltraSlow,PO9,C4,0.002646747945375797
MODULATION_DATASET,Band-Power Envelope Coherence,Gamma,UltraSlow,PO9,FC2,0.002853133100321653
MODULATION_DATASET,Band-Power Envelope Coherence,Gamma,UltraSlow,PO9,F4,0.0024722485125960795
MODULATION_DATASET,Band-Power Envelope Coherence,Gamma,UltraSlow,PO9,F8,0.018399318078213
MODULATION_DATASET,Band-Power Envelope Coherence,Gamma,UltraSlow,PO9,Fp2,0.0222967542543887
MODULATION_DATASET,Band-Power Envelope Coherence,Gamma,UltraSlow,O1,Pz,0.33345908293761006
MODULATION_DATASET,Band-Power Envelope Coherence,Gamma,UltraSlow,O1,Oz,0.7053127595768455
MODULATION_DATASET,Band-Power Envelope Coherence,Gamma,UltraSlow,O1,O2,0.48401675515198106
MODULATION_DATASET,Band-Power Envelope Coherence,Gamma,UltraSlow,O1,PO10,0.10529575950850756
MODULATION_DATASET,Band-Power Envelope Coherence,Gamma,UltraSlow,O1,P8,0.1308519527090111
MODULATION_DATASET,Band-Power Envelope Coherence,Gamma,UltraSlow,O1,P4,0.2034007785334042
MODULATION_DATASET,Band-Power Envelope Coherence,Gamma,UltraSlow,O1,CP2,0.12867996993058278
MODULATION_DATASET,Band-Power Envelope Coherence,Gamma,UltraSlow,O1,CP6,0.01222565818617818
MODULATION_DATASET,Band-Power Envelope Coherence,Gamma,UltraSlow,O1,T8,0.00468480348315781
MODULATION_DATASET,Band-Power Envelope Coherence,Gamma,UltraSlow,O1,FT10,0.007673186374050245
MODULATION_DATASET,Band-Power Envelope Coherence,Gamma,UltraSlow,O1,FC6,0.0041405100924442615
MODULATION_DATASET,Band-Power Envelope Coherence,Gamma,UltraSlow,O1,C4,0.0069361752851955175
MODULATION_DATASET,Band-Power Envelope Coherence,Gamma,UltraSlow,O1,FC2,0.0034546434553886225
MODULATION_DATASET,Band-Power Envelope Coherence,Gamma,UltraSlow,O1,F4,0.004499445084367149
MODULATION_DATASET,Band-Power Envelope Coherence,Gamma,UltraSlow,O1,F8,0.006305985378004932
MODULATION_DATASET,Band-Power Envelope Coherence,Gamma,UltraSlow,O1,Fp2,0.024396336939692866
MODULATION_DATASET,Band-Power Envelope Coherence,Gamma,UltraSlow,Pz,Oz,0.39274667117867
MODULATION_DATASET,Band-Power Envelope Coherence,Gamma,UltraSlow,Pz,O2,0.3313157951047996
MODULATION_DATASET,Band-Power Envelope Coherence,Gamma,UltraSlow,Pz,PO10,0.08129675505842145
MODULATION_DATASET,Band-Power Envelope Coherence,Gamma,UltraSlow,Pz,P8,0.20281133786625494
MODULATION_DATASET,Band-Power Envelope Coherence,Gamma,UltraSlow,Pz,P4,0.34855203599369566
MODULATION_DATASET,Band-Power Envelope Coherence,Gamma,UltraSlow,Pz,CP2,0.3368833288848214
MODULATION_DATASET,Band-Power Envelope Coherence,Gamma,UltraSlow,Pz,CP6,0.11622204704177465
MODULATION_DATASET,Band-Power Envelope Coherence,Gamma,UltraSlow,Pz,T8,0.03034084397468397
MODULATION_DATASET,Band-Power Envelope Coherence,Gamma,UltraSlow,Pz,FT10,0.043299283928920525
MODULATION_DATASET,Band-Power Envelope Coherence,Gamma,UltraSlow,Pz,FC6,0.037429155452429565
MODULATION_DATASET,Band-Power Envelope Coherence,Gamma,UltraSlow,Pz,C4,0.050574708008561925
MODULATION_DATASET,Band-Power Envelope Coherence,Gamma,UltraSlow,Pz,FC2,0.037348891324731195
MODULATION_DATASET,Band-Power Envelope Coherence,Gamma,UltraSlow,Pz,F4,0.017741723794959807
MODULATION_DATASET,Band-Power Envelope Coherence,Gamma,UltraSlow,Pz,F8,0.014745331441360386
MODULATION_DATASET,Band-Power Envelope Coherence,Gamma,UltraSlow,Pz,Fp2,0.026886433609538896
MODULATION_DATASET,Band-Power Envelope Coherence,Gamma,UltraSlow,Oz,O2,0.7214958538048477
MODULATION_DATASET,Band-Power Envelope Coherence,Gamma,UltraSlow,Oz,PO10,0.21482472834850988
MODULATION_DATASET,Band-Power Envelope Coherence,Gamma,UltraSlow,Oz,P8,0.2673841891694723
MODULATION_DATASET,Band-Power Envelope Coherence,Gamma,UltraSlow,Oz,P4,0.30228105838110164
MODULATION_DATASET,Band-Power Envelope Coherence,Gamma,UltraSlow,Oz,CP2,0.16607415928844807
MODULATION_DATASET,Band-Power Envelope Coherence,Gamma,UltraSlow,Oz,CP6,0.035047837191201685
MODULATION_DATASET,Band-Power Envelope Coherence,Gamma,UltraSlow,Oz,T8,0.004391063621612823
MODULATION_DATASET,Band-Power Envelope Coherence,Gamma,UltraSlow,Oz,FT10,0.010123798278687524
MODULATION_DATASET,Band-Power Envelope Coherence,Gamma,UltraSlow,Oz,FC6,0.004065095102609195
MODULATION_DATASET,Band-Power Envelope Coherence,Gamma,UltraSlow,Oz,C4,0.010739428856447429
MODULATION_DATASET,Band-Power Envelope Coherence,Gamma,UltraSlow,Oz,FC2,0.009075272247219133
MODULATION_DATASET,Band-Power Envelope Coherence,Gamma,UltraSlow,Oz,F4,0.003632860076447074
MODULATION_DATASET,Band-Power Envelope Coherence,Gamma,UltraSlow,Oz,F8,0.004449338131629414
MODULATION_DATASET,Band-Power Envelope Coherence,Gamma,UltraSlow,Oz,Fp2,0.022303384834577496
MODULATION_DATASET,Band-Power Envelope Coherence,Gamma,UltraSlow,O2,PO10,0.27687641764075643
MODULATION_DATASET,Band-Power Envelope Coherence,Gamma,UltraSlow,O2,P8,0.36096683984404826
MODULATION_DATASET,Band-Power Envelope Coherence,Gamma,UltraSlow,O2,P4,0.34587020885450487
MODULATION_DATASET,Band-Power Envelope Coherence,Gamma,UltraSlow,O2,CP2,0.18564370961085938
MODULATION_DATASET,Band-Power Envelope Coherence,Gamma,UltraSlow,O2,CP6,0.06907126949428473
MODULATION_DATASET,Band-Power Envelope Coherence,Gamma,UltraSlow,O2,T8,0.010860062354681115
MODULATION_DATASET,Band-Power Envelope Coherence,Gamma,UltraSlow,O2,FT10,0.014177335513410298
MODULATION_DATASET,Band-Power Envelope Coherence,Gamma,UltraSlow,O2,FC6,0.007174605761122398
MODULATION_DATASET,Band-Power Envelope Coherence,Gamma,UltraSlow,O2,C4,0.013297738595879722
MODULATION_DATASET,Band-Power Envelope Coherence,Gamma,UltraSlow,O2,FC2,0.006066270666992838
MODULATION_DATASET,Band-Power Envelope Coherence,Gamma,UltraSlow,O2,F4,0.0051689693178431865
MODULATION_DATASET,Band-Power Envelope Coherence,Gamma,UltraSlow,O2,F8,0.009066416617820351
MODULATION_DATASET,Band-Power Envelope Coherence,Gamma,UltraSlow,O2,Fp2,0.019466757321953895
MODULATION_DATASET,Band-Power Envelope Coherence,Gamma,UltraSlow,PO10,P8,0.391882114713035
MODULATION_DATASET,Band-Power Envelope Coherence,Gamma,UltraSlow,PO10,P4,0.13959302597146792
MODULATION_DATASET,Band-Power Envelope Coherence,Gamma,UltraSlow,PO10,CP2,0.05702989847676676
MODULATION_DATASET,Band-Power Envelope Coherence,Gamma,UltraSlow,PO10,CP6,0.11265237974756843
MODULATION_DATASET,Band-Power Envelope Coherence,Gamma,UltraSlow,PO10,T8,0.04592247390880675
MODULATION_DATASET,Band-Power Envelope Coherence,Gamma,UltraSlow,PO10,FT10,0.01582640205141149
MODULATION_DATASET,Band-Power Envelope Coherence,Gamma,UltraSlow,PO10,FC6,0.02135659334634904
MODULATION_DATASET,Band-Power Envelope Coherence,Gamma,UltraSlow,PO10,C4,0.025421796865490235
MODULATION_DATASET,Band-Power Envelope Coherence,Gamma,UltraSlow,PO10,FC2,0.006054279703133159
MODULATION_DATASET,Band-Power Envelope Coherence,Gamma,UltraSlow,PO10,F4,0.007614682921847782
MODULATION_DATASET,Band-Power Envelope Coherence,Gamma,UltraSlow,PO10,F8,0.01896633574301053
MODULATION_DATASET,Band-Power Envelope Coherence,Gamma,UltraSlow,PO10,Fp2,0.023841082085420552
MODULATION_DATASET,Band-Power Envelope Coherence,Gamma,UltraSlow,P8,P4,0.32866547728835904
MODULATION_DATASET,Band-Power Envelope Coherence,Gamma,UltraSlow,P8,CP2,0.17208422524270658
MODULATION_DATASET,Band-Power Envelope Coherence,Gamma,UltraSlow,P8,CP6,0.3334615941834508
MODULATION_DATASET,Band-Power Envelope Coherence,Gamma,UltraSlow,P8,T8,0.11022349142074525
MODULATION_DATASET,Band-Power Envelope Coherence,Gamma,UltraSlow,P8,FT10,0.070991982988683
MODULATION_DATASET,Band-Power Envelope Coherence,Gamma,UltraSlow,P8,FC6,0.07586712486710584
MODULATION_DATASET,Band-Power Envelope Coherence,Gamma,UltraSlow,P8,C4,0.08436279270632988
MODULATION_DATASET,Band-Power Envelope Coherence,Gamma,UltraSlow,P8,FC2,0.023001702229419052
MODULATION_DATASET,Band-Power Envelope Coherence,Gamma,UltraSlow,P8,F4,0.032261973217706026
MODULATION_DATASET,Band-Power Envelope Coherence,Gamma,UltraSlow,P8,F8,0.04490214828064945
MODULATION_DATASET,Band-Power Envelope Coherence,Gamma,UltraSlow,P8,Fp2,0.010228070419908909
MODULATION_DATASET,Band-Power Envelope Coherence,Gamma,UltraSlow,P4,CP2,0.3804675817498166
MODULATION_DATASET,Band-Power Envelope Coherence,Gamma,UltraSlow,P4,CP6,0.22707384265010833
MODULATION_DATASET,Band-Power Envelope Coherence,Gamma,UltraSlow,P4,T8,0.04111104538041216
MODULATION_DATASET,Band-Power Envelope Coherence,Gamma,UltraSlow,P4,FT10,0.007666101598735078
MODULATION_DATASET,Band-Power Envelope Coherence,Gamma,UltraSlow,P4,FC6,0.022372393637404446
MODULATION_DATASET,Band-Power Envelope Coherence,Gamma,UltraSlow,P4,C4,0.12839964692842898
MODULATION_DATASET,Band-Power Envelope Coherence,Gamma,UltraSlow,P4,FC2,0.020961222145659483
MODULATION_DATASET,Band-Power Envelope Coherence,Gamma,UltraSlow,P4,F4,0.011068600624395152
MODULATION_DATASET,Band-Power Envelope Coherence,Gamma,UltraSlow,P4,F8,0.01380524597132443
MODULATION_DATASET,Band-Power Envelope Coherence,Gamma,UltraSlow,P4,Fp2,0.008401378852556164
MODULATION_DATASET,Band-Power Envelope Coherence,Gamma,UltraSlow,CP2,CP6,0.1979057994706154
MODULATION_DATASET,Band-Power Envelope Coherence,Gamma,UltraSlow,CP2,T8,0.08936372823172246
MODULATION_DATASET,Band-Power Envelope Coherence,Gamma,UltraSlow,CP2,FT10,0.038895077378527265
MODULATION_DATASET,Band-Power Envelope Coherence,Gamma,UltraSlow,CP2,FC6,0.05990624790374278
MODULATION_DATASET,Band-Power Envelope Coherence,Gamma,UltraSlow,CP2,C4,0.20277804138032937
MODULATION_DATASET,Band-Power Envelope Coherence,Gamma,UltraSlow,CP2,FC2,0.09221877893904841
MODULATION_DATASET,Band-Power Envelope Coherence,Gamma,UltraSlow,CP2,F4,0.05124345163121316
MODULATION_DATASET,Band-Power Envelope Coherence,Gamma,UltraSlow,CP2,F8,0.0053007181312081635
MODULATION_DATASET,Band-Power Envelope Coherence,Gamma,UltraSlow,CP2,Fp2,0.007374917465718583
MODULATION_DATASET,Band-Power Envelope Coherence,Gamma,UltraSlow,CP6,T8,0.3052735721636253
MODULATION_DATASET,Band-Power Envelope Coherence,Gamma,UltraSlow,CP6,FT10,0.14869788641134826
MODULATION_DATASET,Band-Power Envelope Coherence,Gamma,UltraSlow,CP6,FC6,0.2443370177101146
MODULATION_DATASET,Band-Power Envelope Coherence,Gamma,UltraSlow,CP6,C4,0.3245207059193527
MODULATION_DATASET,Band-Power Envelope Coherence,Gamma,UltraSlow,CP6,FC2,0.1564455540412525
MODULATION_DATASET,Band-Power Envelope Coherence,Gamma,UltraSlow,CP6,F4,0.13491254827691743
MODULATION_DATASET,Band-Power Envelope Coherence,Gamma,UltraSlow,CP6,F8,0.08179830398884078
MODULATION_DATASET,Band-Power Envelope Coherence,Gamma,UltraSlow,CP6,Fp2,0.025637561250051292
MODULATION_DATASET,Band-Power Envelope Coherence,Gamma,UltraSlow,T8,FT10,0.21028061938679982
MODULATION_DATASET,Band-Power Envelope Coherence,Gamma,UltraSlow,T8,FC6,0.6324471715120489
MODULATION_DATASET,Band-Power Envelope Coherence,Gamma,UltraSlow,T8,C4,0.32589766538723897
MODULATION_DATASET,Band-Power Envelope Coherence,Gamma,UltraSlow,T8,FC2,0.3316210068408809
MODULATION_DATASET,Band-Power Envelope Coherence,Gamma,UltraSlow,T8,F4,0.4007767203204358
MODULATION_DATASET,Band-Power Envelope Coherence,Gamma,UltraSlow,T8,F8,0.2559141402866769
MODULATION_DATASET,Band-Power Envelope Coherence,Gamma,UltraSlow,T8,Fp2,0.037977038318956935
MODULATION_DATASET,Band-Power Envelope Coherence,Gamma,UltraSlow,FT10,FC6,0.266875332506081
MODULATION_DATASET,Band-Power Envelope Coherence,Gamma,UltraSlow,FT10,C4,0.12085369572140517
MODULATION_DATASET,Band-Power Envelope Coherence,Gamma,UltraSlow,FT10,FC2,0.17983319059921074
MODULATION_DATASET,Band-Power Envelope Coherence,Gamma,UltraSlow,FT10,F4,0.23420195347395836
MODULATION_DATASET,Band-Power Envelope Coherence,Gamma,UltraSlow,FT10,F8,0.2890637081579557
MODULATION_DATASET,Band-Power Envelope Coherence,Gamma,UltraSlow,FT10,Fp2,0.05937293389035719
MODULATION_DATASET,Band-Power Envelope Coherence,Gamma,UltraSlow,FC6,C4,0.3596873034286483
MODULATION_DATASET,Band-Power Envelope Coherence,Gamma,UltraSlow,FC6,FC2,0.4711552770509833
MODULATION_DATASET,Band-Power Envelope Coherence,Gamma,UltraSlow,FC6,F4,0.605311174924731
MODULATION_DATASET,Band-Power Envelope Coherence,Gamma,UltraSlow,FC6,F8,0.40415262525016404
MODULATION_DATASET,Band-Power Envelope Coherence,Gamma,UltraSlow,FC6,Fp2,0.05026376008117965
MODULATION_DATASET,Band-Power Envelope Coherence,Gamma,UltraSlow,C4,FC2,0.3791155342429242
MODULATION_DATASET,Band-Power Envelope Coherence,Gamma,UltraSlow,C4,F4,0.28074333715155
MODULATION_DATASET,Band-Power Envelope Coherence,Gamma,UltraSlow,C4,F8,0.0808579095571093
MODULATION_DATASET,Band-Power Envelope Coherence,Gamma,UltraSlow,C4,Fp2,0.012902125303183938
MODULATION_DATASET,Band-Power Envelope Coherence,Gamma,UltraSlow,FC2,F4,0.45817478532372014
MODULATION_DATASET,Band-Power Envelope Coherence,Gamma,UltraSlow,FC2,F8,0.18792695939268808
MODULATION_DATASET,Band-Power Envelope Coherence,Gamma,UltraSlow,FC2,Fp2,0.028839906054933143
MODULATION_DATASET,Band-Power Envelope Coherence,Gamma,UltraSlow,F4,F8,0.43755236596544383
MODULATION_DATASET,Band-Power Envelope Coherence,Gamma,UltraSlow,F4,Fp2,0.12525087813775884
MODULATION_DATASET,Band-Power Envelope Coherence,Gamma,UltraSlow,F8,Fp2,0.17175160546157328
MODULATION_DATASET,Band-Power Envelope Coherence,Gamma,Slow,Cz,Fz,0.2536847756866131
MODULATION_DATASET,Band-Power Envelope Coherence,Gamma,Slow,Cz,Fp1,0.006942036199321211
MODULATION_DATASET,Band-Power Envelope Coherence,Gamma,Slow,Cz,F7,0.02117286002119688
MODULATION_DATASET,Band-Power Envelope Coherence,Gamma,Slow,Cz,F3,0.1440574410120621
MODULATION_DATASET,Band-Power Envelope Coherence,Gamma,Slow,Cz,FC1,0.34286673318434013
MODULATION_DATASET,Band-Power Envelope Coherence,Gamma,Slow,Cz,C3,0.17443031038086004
MODULATION_DATASET,Band-Power Envelope Coherence,Gamma,Slow,Cz,FC5,0.11755641478285452
MODULATION_DATASET,Band-Power Envelope Coherence,Gamma,Slow,Cz,FT9,0.026954140656950933
MODULATION_DATASET,Band-Power Envelope Coherence,Gamma,Slow,Cz,T7,0.019861363264810243
MODULATION_DATASET,Band-Power Envelope Coherence,Gamma,Slow,Cz,CP5,0.050944239688757206
MODULATION_DATASET,Band-Power Envelope Coherence,Gamma,Slow,Cz,CP1,0.20964154122095335
MODULATION_DATASET,Band-Power Envelope Coherence,Gamma,Slow,Cz,P3,0.032412280395534045
MODULATION_DATASET,Band-Power Envelope Coherence,Gamma,Slow,Cz,P7,0.006766737682830001
MODULATION_DATASET,Band-Power Envelope Coherence,Gamma,Slow,Cz,PO9,0.00429943045845377
MODULATION_DATASET,Band-Power Envelope Coherence,Gamma,Slow,Cz,O1,0.006834173675076953
MODULATION_DATASET,Band-Power Envelope Coherence,Gamma,Slow,Cz,Pz,0.09227045471743013
MODULATION_DATASET,Band-Power Envelope Coherence,Gamma,Slow,Cz,Oz,0.009594203492992955
MODULATION_DATASET,Band-Power Envelope Coherence,Gamma,Slow,Cz,O2,0.012652677521522075
MODULATION_DATASET,Band-Power Envelope Coherence,Gamma,Slow,Cz,PO10,0.0068841675226149635
MODULATION_DATASET,Band-Power Envelope Coherence,Gamma,Slow,Cz,P8,0.012753776339845414
MODULATION_DATASET,Band-Power Envelope Coherence,Gamma,Slow,Cz,P4,0.04383231206553811
MODULATION_DATASET,Band-Power Envelope Coherence,Gamma,Slow,Cz,CP2,0.17925766681038566
MODULATION_DATASET,Band-Power Envelope Coherence,Gamma,Slow,Cz,CP6,0.13300499056432458
MODULATION_DATASET,Band-Power Envelope Coherence,Gamma,Slow,Cz,T8,0.05796700908018694
MODULATION_DATASET,Band-Power Envelope Coherence,Gamma,Slow,Cz,FT10,0.11698511033472124
MODULATION_DATASET,Band-Power Envelope Coherence,Gamma,Slow,Cz,FC6,0.07765842682146246
MODULATION_DATASET,Band-Power Envelope Coherence,Gamma,Slow,Cz,C4,0.15112409232549112
MODULATION_DATASET,Band-Power Envelope Coherence,Gamma,Slow,Cz,FC2,0.37647046832748193
MODULATION_DATASET,Band-Power Envelope Coherence,Gamma,Slow,Cz,F4,0.09913351843577964
MODULATION_DATASET,Band-Power Envelope Coherence,Gamma,Slow,Cz,F8,0.052600238653189337
MODULATION_DATASET,Band-Power Envelope Coherence,Gamma,Slow,Cz,Fp2,0.011843320222610051
MODULATION_DATASET,Band-Power Envelope Coherence,Gamma,Slow,Fz,Fp1,0.04862853617753001
MODULATION_DATASET,Band-Power Envelope Coherence,Gamma,Slow,Fz,F7,0.030728288480350283
MODULATION_DATASET,Band-Power Envelope Coherence,Gamma,Slow,Fz,F3,0.4342690978904651
MODULATION_DATASET,Band-Power Envelope Coherence,Gamma,Slow,Fz,FC1,0.39425485866113763
MODULATION_DATASET,Band-Power Envelope Coherence,Gamma,Slow,Fz,C3,0.06405408823396719
MODULATION_DATASET,Band-Power Envelope Coherence,Gamma,Slow,Fz,FC5,0.06914387959189576
MODULATION_DATASET,Band-Power Envelope Coherence,Gamma,Slow,Fz,FT9,0.04031989527580849
MODULATION_DATASET,Band-Power Envelope Coherence,Gamma,Slow,Fz,T7,0.015076653020582885
MODULATION_DATASET,Band-Power Envelope Coherence,Gamma,Slow,Fz,CP5,0.0067894924411415255
MODULATION_DATASET,Band-Power Envelope Coherence,Gamma,Slow,Fz,CP1,0.03665308010213265
MODULATION_DATASET,Band-Power Envelope Coherence,Gamma,Slow,Fz,P3,0.009299831877674077
MODULATION_DATASET,Band-Power Envelope Coherence,Gamma,Slow,Fz,P7,0.003243202783274277
MODULATION_DATASET,Band-Power Envelope Coherence,Gamma,Slow,Fz,PO9,0.029574657581950933
MODULATION_DATASET,Band-Power Envelope Coherence,Gamma,Slow,Fz,O1,0.01747435755382061
MODULATION_DATASET,Band-Power Envelope Coherence,Gamma,Slow,Fz,Pz,0.03865799600642984
MODULATION_DATASET,Band-Power Envelope Coherence,Gamma,Slow,Fz,Oz,0.009523004513507672
MODULATION_DATASET,Band-Power Envelope Coherence,Gamma,Slow,Fz,O2,0.008241975364173728
MODULATION_DATASET,Band-Power Envelope Coherence,Gamma,Slow,Fz,PO10,0.0074720290131202105
MODULATION_DATASET,Band-Power Envelope Coherence,Gamma,Slow,Fz,P8,0.04073443538457385
MODULATION_DATASET,Band-Power Envelope Coherence,Gamma,Slow,Fz,P4,0.012567739613026358
MODULATION_DATASET,Band-Power Envelope Coherence,Gamma,Slow,Fz,CP2,0.050736669347056076
MODULATION_DATASET,Band-Power Envelope Coherence,Gamma,Slow,Fz,CP6,0.1470145681612426
MODULATION_DATASET,Band-Power Envelope Coherence,Gamma,Slow,Fz,T8,0.2921568256935094
MODULATION_DATASET,Band-Power Envelope Coherence,Gamma,Slow,Fz,FT10,0.24104462274873867
MODULATION_DATASET,Band-Power Envelope Coherence,Gamma,Slow,Fz,FC6,0.4549237238085692
MODULATION_DATASET,Band-Power Envelope Coherence,Gamma,Slow,Fz,C4,0.31273820606193303
MODULATION_DATASET,Band-Power Envelope Coherence,Gamma,Slow,Fz,FC2,0.6051188387331027
MODULATION_DATASET,Band-Power Envelope Coherence,Gamma,Slow,Fz,F4,0.5389684481451492
MODULATION_DATASET,Band-Power Envelope Coherence,Gamma,Slow,Fz,F8,0.22533443779994905
MODULATION_DATASET,Band-Power Envelope Coherence,Gamma,Slow,Fz,Fp2,0.046236149923470256
MODULATION_DATASET,Band-Power Envelope Coherence,Gamma,Slow,Fp1,F7,0.23378037506861185
MODULATION_DATASET,Band-Power Envelope Coherence,Gamma,Slow,Fp1,F3,0.0848857580279286
MODULATION_DATASET,Band-Power Envelope Coherence,Gamma,Slow,Fp1,FC1,0.017954717165597465
MODULATION_DATASET,Band-Power Envelope Coherence,Gamma,Slow,Fp1,C3,0.07781616017982078
MODULATION_DATASET,Band-Power Envelope Coherence,Gamma,Slow,Fp1,FC5,0.042018080051377575
MODULATION_DATASET,Band-Power Envelope Coherence,Gamma,Slow,Fp1,FT9,0.08409567125575504
MODULATION_DATASET,Band-Power Envelope Coherence,Gamma,Slow,Fp1,T7,0.10709667224307894
MODULATION_DATASET,Band-Power Envelope Coherence,Gamma,Slow,Fp1,CP5,0.0888027486978882
MODULATION_DATASET,Band-Power Envelope Coherence,Gamma,Slow,Fp1,CP1,0.06455227463682339
MODULATION_DATASET,Band-Power Envelope Coherence,Gamma,Slow,Fp1,P3,0.046268697406977595
MODULATION_DATASET,Band-Power Envelope Coherence,Gamma,Slow,Fp1,P7,0.09693463485635696
MODULATION_DATASET,Band-Power Envelope Coherence,Gamma,Slow,Fp1,PO9,0.01142310515652997
MODULATION_DATASET,Band-Power Envelope Coherence,Gamma,Slow,Fp1,O1,0.009179900498643808
MODULATION_DATASET,Band-Power Envelope Coherence,Gamma,Slow,Fp1,Pz,0.04778043080533724
MODULATION_DATASET,Band-Power Envelope Coherence,Gamma,Slow,Fp1,Oz,0.028781472338611273
MODULATION_DATASET,Band-Power Envelope Coherence,Gamma,Slow,Fp1,O2,0.024830439967003216
MODULATION_DATASET,Band-Power Envelope Coherence,Gamma,Slow,Fp1,PO10,0.04558007852922149
MODULATION_DATASET,Band-Power Envelope Coherence,Gamma,Slow,Fp1,P8,0.0070134641525016255
MODULATION_DATASET,Band-Power Envelope Coherence,Gamma,Slow,Fp1,P4,0.009321072343608613
MODULATION_DATASET,Band-Power Envelope Coherence,Gamma,Slow,Fp1,CP2,0.0031002980100741217
MODULATION_DATASET,Band-Power Envelope Coherence,Gamma,Slow,Fp1,CP6,0.03227171163454312
MODULATION_DATASET,Band-Power Envelope Coherence,Gamma,Slow,Fp1,T8,0.00839801219473395
MODULATION_DATASET,Band-Power Envelope Coherence,Gamma,Slow,Fp1,FT10,0.029438174688440417
MODULATION_DATASET,Band-Power Envelope Coherence,Gamma,Slow,Fp1,FC6,0.010885188112800297
MODULATION_DATASET,Band-Power Envelope Coherence,Gamma,Slow,Fp1,C4,0.011920298220575953
MODULATION_DATASET,Band-Power Envelope Coherence,Gamma,Slow,Fp1,FC2,0.02151538086365932
MODULATION_DATASET,Band-Power Envelope Coherence,Gamma,Slow,Fp1,F4,0.02548727976598615
MODULATION_DATASET,Band-Power Envelope Coherence,Gamma,Slow,Fp1,F8,0.0277426736069012
MODULATION_DATASET,Band-Power Envelope Coherence,Gamma,Slow,Fp1,Fp2,0.4664922281752183
MODULATION_DATASET,Band-Power Envelope Coherence,Gamma,Slow,F7,F3,0.33037580467981126
MODULATION_DATASET,Band-Power Envelope Coherence,Gamma,Slow,F7,FC1,0.03630325087032597
MODULATION_DATASET,Band-Power Envelope Coherence,Gamma,Slow,F7,C3,0.2127600469422699
MODULATION_DATASET,Band-Power Envelope Coherence,Gamma,Slow,F7,FC5,0.36010433689066507
MODULATION_DATASET,Band-Power Envelope Coherence,Gamma,Slow,F7,FT9,0.08813663606492768
MODULATION_DATASET,Band-Power Envelope Coherence,Gamma,Slow,F7,T7,0.20581119407275444
MODULATION_DATASET,Band-Power Envelope Coherence,Gamma,Slow,F7,CP5,0.07703101211829756
MODULATION_DATASET,Band-Power Envelope Coherence,Gamma,Slow,F7,CP1,0.013339762122433494
MODULATION_DATASET,Band-Power Envelope Coherence,Gamma,Slow,F7,P3,0.004038809956553295
MODULATION_DATASET,Band-Power Envelope Coherence,Gamma,Slow,F7,P7,0.0100676620983211
MODULATION_DATASET,Band-Power Envelope Coherence,Gamma,Slow,F7,PO9,0.009255454133092523
MODULATION_DATASET,Band-Power Envelope Coherence,Gamma,Slow,F7,O1,0.015391952048338644
MODULATION_DATASET,Band-Power Envelope Coherence,Gamma,Slow,F7,Pz,0.004551401924555289
MODULATION_DATASET,Band-Power Envelope Coherence,Gamma,Slow,F7,Oz,0.004699136503745498
MODULATION_DATASET,Band-Power Envelope Coherence,Gamma,Slow,F7,O2,0.004275473389700249
MODULATION_DATASET,Band-Power Envelope Coherence,Gamma,Slow,F7,PO10,0.026192676139960677
MODULATION_DATASET,Band-Power Envelope Coherence,Gamma,Slow,F7,P8,0.0191530614332076
MODULATION_DATASET,Band-Power Envelope Coherence,Gamma,Slow,F7,P4,0.01717280515382794
MODULATION_DATASET,Band-Power Envelope Coherence,Gamma,Slow,F7,CP2,0.009211960421222685
MODULATION_DATASET,Band-Power Envelope Coherence,Gamma,Slow,F7,CP6,0.04656050155576193
MODULATION_DATASET,Band-Power Envelope Coherence,Gamma,Slow,F7,T8,0.025370674836851754
MODULATION_DATASET,Band-Power Envelope Coherence,Gamma,Slow,F7,FT10,0.07248481413526972
MODULATION_DATASET,Band-Power Envelope Coherence,Gamma,Slow,F7,FC6,0.05080658186356094
MODULATION_DATASET,Band-Power Envelope Coherence,Gamma,Slow,F7,C4,0.005607023125028336
MODULATION_DATASET,Band-Power Envelope Coherence,Gamma,Slow,F7,FC2,0.05679172505579155
MODULATION_DATASET,Band-Power Envelope Coherence,Gamma,Slow,F7,F4,0.026408319305262516
MODULATION_DATASET,Band-Power Envelope Coherence,Gamma,Slow,F7,F8,0.1277079733034973
MODULATION_DATASET,Band-Power Envelope Coherence,Gamma,Slow,F7,Fp2,0.055096289744470076
MODULATION_DATASET,Band-Power Envelope Coherence,Gamma,Slow,F3,FC1,0.36416303611641554
MODULATION_DATASET,Band-Power Envelope Coherence,Gamma,Slow,F3,C3,0.220097572360066
MODULATION_DATASET,Band-Power Envelope Coherence,Gamma,Slow,F3,FC5,0.38271658740412623
MODULATION_DATASET,Band-Power Envelope Coherence,Gamma,Slow,F3,FT9,0.04166747003381983
MODULATION_DATASET,Band-Power Envelope Coherence,Gamma,Slow,F3,T7,0.09913440209015591
MODULATION_DATASET,Band-Power Envelope Coherence,Gamma,Slow,F3,CP5,0.023567362008177457
MODULATION_DATASET,Band-Power Envelope Coherence,Gamma,Slow,F3,CP1,0.030686486254869822
MODULATION_DATASET,Band-Power Envelope Coherence,Gamma,Slow,F3,P3,0.006457609637026735
MODULATION_DATASET,Band-Power Envelope Coherence,Gamma,Slow,F3,P7,0.007331766277916701
MODULATION_DATASET,Band-Power Envelope Coherence,Gamma,Slow,F3,PO9,0.038054916892275165
MODULATION_DATASET,Band-Power Envelope Coherence,Gamma,Slow,F3,O1,0.011215346767350113
MODULATION_DATASET,Band-Power Envelope Coherence,Gamma,Slow,F3,Pz,0.014704230274065526
MODULATION_DATASET,Band-Power Envelope Coherence,Gamma,Slow,F3,Oz,0.012866378765371222
MODULATION_DATASET,Band-Power Envelope Coherence,Gamma,Slow,F3,O2,0.008511620448553185
MODULATION_DATASET,Band-Power Envelope Coherence,Gamma,Slow,F3,PO10,0.006466278315635163
MODULATION_DATASET,Band-Power Envelope Coherence,Gamma,Slow,F3,P8,0.016366349435563865
MODULATION_DATASET,Band-Power Envelope Coherence,Gamma,Slow,F3,P4,0.01197415957028944
MODULATION_DATASET,Band-Power Envelope Coherence,Gamma,Slow,F3,CP2,0.018514504193519646
MODULATION_DATASET,Band-Power Envelope Coherence,Gamma,Slow,F3,CP6,0.04724319866948184
MODULATION_DATASET,Band-Power Envelope Coherence,Gamma,Slow,F3,T8,0.15927211953648418
MODULATION_DATASET,Band-Power Envelope Coherence,Gamma,Slow,F3,FT10,0.14097527830650872
MODULATION_DATASET,Band-Power Envelope Coherence,Gamma,Slow,F3,FC6,0.2443249971847228
MODULATION_DATASET,Band-Power Envelope Coherence,Gamma,Slow,F3,C4,0.09323273430897294
MODULATION_DATASET,Band-Power Envelope Coherence,Gamma,Slow,F3,FC2,0.38639046456765647
MODULATION_DATASET,Band-Power Envelope Coherence,Gamma,Slow,F3,F4,0.22852088169048587
MODULATION_DATASET,Band-Power Envelope Coherence,Gamma,Slow,F3,F8,0.23277274266909467
MODULATION_DATASET,Band-Power Envelope Coherence,Gamma,Slow,F3,Fp2,0.03392839216135612
MODULATION_DATASET,Band-Power Envelope Coherence,Gamma,Slow,FC1,C3,0.16726451017401858
MODULATION_DATASET,Band-Power Envelope Coherence,Gamma,Slow,FC1,FC5,0.22412598215199206
MODULATION_DATASET,Band-Power Envelope Coherence,Gamma,Slow,FC1,FT9,0.09802711469955348
MODULATION_DATASET,Band-Power Envelope Coherence,Gamma,Slow,FC1,T7,0.03275925861234335
MODULATION_DATASET,Band-Power Envelope Coherence,Gamma,Slow,FC1,CP5,0.03343169923303366
MODULATION_DATASET,Band-Power Envelope Coherence,Gamma,Slow,FC1,CP1,0.1111899141258034
MODULATION_DATASET,Band-Power Envelope Coherence,Gamma,Slow,FC1,P3,0.011803130290107334
MODULATION_DATASET,Band-Power Envelope Coherence,Gamma,Slow,FC1,P7,0.014313526065359477
MODULATION_DATASET,Band-Power Envelope Coherence,Gamma,Slow,FC1,PO9,0.019934848624364322
MODULATION_DATASET,Band-Power Envelope Coherence,Gamma,Slow,FC1,O1,0.034265775304354276
MODULATION_DATASET,Band-Power Envelope Coherence,Gamma,Slow,FC1,Pz,0.053489002725758045
MODULATION_DATASET,Band-Power Envelope Coherence,Gamma,Slow,FC1,Oz,0.016911387092667828
MODULATION_DATASET,Band-Power Envelope Coherence,Gamma,Slow,FC1,O2,0.023943219418827592
MODULATION_DATASET,Band-Power Envelope Coherence,Gamma,Slow,FC1,PO10,0.0064438205253825615
MODULATION_DATASET,Band-Power Envelope Coherence,Gamma,Slow,FC1,P8,0.01098087356299136
MODULATION_DATASET,Band-Power Envelope Coherence,Gamma,Slow,FC1,P4,0.02705125374955046
MODULATION_DATASET,Band-Power Envelope Coherence,Gamma,Slow,FC1,CP2,0.07616504725118385
MODULATION_DATASET,Band-Power Envelope Coherence,Gamma,Slow,FC1,CP6,0.041017327655932974
MODULATION_DATASET,Band-Power Envelope Coherence,Gamma,Slow,FC1,T8,0.12263476635351679
MODULATION_DATASET,Band-Power Envelope Coherence,Gamma,Slow,FC1,FT10,0.06293033629647743
MODULATION_DATASET,Band-Power Envelope Coherence,Gamma,Slow,FC1,FC6,0.14738572835132063
MODULATION_DATASET,Band-Power Envelope Coherence,Gamma,Slow,FC1,C4,0.1213176518689106
MODULATION_DATASET,Band-Power Envelope Coherence,Gamma,Slow,FC1,FC2,0.34647520474022386
MODULATION_DATASET,Band-Power Envelope Coherence,Gamma,Slow,FC1,F4,0.17980816843239555
MODULATION_DATASET,Band-Power Envelope Coherence,Gamma,Slow,FC1,F8,0.10878438604883961
MODULATION_DATASET,Band-Power Envelope Coherence,Gamma,Slow,FC1,Fp2,0.015351438689993972
MODULATION_DATASET,Band-Power Envelope Coherence,Gamma,Slow,C3,FC5,0.240753408017075
MODULATION_DATASET,Band-Power Envelope Coherence,Gamma,Slow,C3,FT9,0.03458422561440217
MODULATION_DATASET,Band-Power Envelope Coherence,Gamma,Slow,C3,T7,0.13386994902246266
MODULATION_DATASET,Band-Power Envelope Coherence,Gamma,Slow,C3,CP5,0.10404627349354506
MODULATION_DATASET,Band-Power Envelope Coherence,Gamma,Slow,C3,CP1,0.10929999354502487
MODULATION_DATASET,Band-Power Envelope Coherence,Gamma,Slow,C3,P3,0.018554975763254763
MODULATION_DATASET,Band-Power Envelope Coherence,Gamma,Slow,C3,P7,0.01163223130875777
MODULATION_DATASET,Band-Power Envelope Coherence,Gamma,Slow,C3,PO9,0.004526710789869323
MODULATION_DATASET,Band-Power Envelope Coherence,Gamma,Slow,C3,O1,0.010017351255046658
MODULATION_DATASET,Band-Power Envelope Coherence,Gamma,Slow,C3,Pz,0.021387084744494706
MODULATION_DATASET,Band-Power Envelope Coherence,Gamma,Slow,C3,Oz,0.016994775374921448
MODULATION_DATASET,Band-Power Envelope Coherence,Gamma,Slow,C3,O2,0.016315793553905385
MODULATION_DATASET,Band-Power Envelope Coherence,Gamma,Slow,C3,PO10,0.018755552030428318
MODULATION_DATASET,Band-Power Envelope Coherence,Gamma,Slow,C3,P8,0.026402951476185814
MODULATION_DATASET,Band-Power Envelope Coherence,Gamma,Slow,C3,P4,0.021379004799208567
MODULATION_DATASET,Band-Power Envelope Coherence,Gamma,Slow,C3,CP2,0.019067556332627137
MODULATION_DATASET,Band-Power Envelope Coherence,Gamma,Slow,C3,CP6,0.011711091837704978
MODULATION_DATASET,Band-Power Envelope Coherence,Gamma,Slow,C3,T8,0.025565579741191707
MODULATION_DATASET,Band-Power Envelope Coherence,Gamma,Slow,C3,FT10,0.058035120814347994
MODULATION_DATASET,Band-Power Envelope Coherence,Gamma,Slow,C3,FC6,0.040249280032685165
MODULATION_DATASET,Band-Power Envelope Coherence,Gamma,Slow,C3,C4,0.021493927271279006
MODULATION_DATASET,Band-Power Envelope Coherence,Gamma,Slow,C3,FC2,0.16631980774303967
MODULATION_DATASET,Band-Power Envelope Coherence,Gamma,Slow,C3,F4,0.04255464144161551
MODULATION_DATASET,Band-Power Envelope Coherence,Gamma,Slow,C3,F8,0.06381969777758019
MODULATION_DATASET,Band-Power Envelope Coherence,Gamma,Slow,C3,Fp2,0.018105566613265196
MODULATION_DATASET,Band-Power Envelope Coherence,Gamma,Slow,FC5,FT9,0.02609314770732366
MODULATION_DATASET,Band-Power Envelope Coherence,Gamma,Slow,FC5,T7,0.2007848021234802
MODULATION_DATASET,Band-Power Envelope Coherence,Gamma,Slow,FC5,CP5,0.09070850657717634
MODULATION_DATASET,Band-Power Envelope Coherence,Gamma,Slow,FC5,CP1,0.05057186662601166
MODULATION_DATASET,Band-Power Envelope Coherence,Gamma,Slow,FC5,P3,0.016207928683343413
MODULATION_DATASET,Band-Power Envelope Coherence,Gamma,Slow,FC5,P7,0.02473885507045636
MODULATION_DATASET,Band-Power Envelope Coherence,Gamma,Slow,FC5,PO9,0.014478792879252224
MODULATION_DATASET,Band-Power Envelope Coherence,Gamma,Slow,FC5,O1,0.007632141515878903
MODULATION_DATASET,Band-Power Envelope Coherence,Gamma,Slow,FC5,Pz,0.012289560909335109
MODULATION_DATASET,Band-Power Envelope Coherence,Gamma,Slow,FC5,Oz,0.00836368056363232
MODULATION_DATASET,Band-Power Envelope Coherence,Gamma,Slow,FC5,O2,0.01628571207036598
MODULATION_DATASET,Band-Power Envelope Coherence,Gamma,Slow,FC5,PO10,0.007144514917102158
MODULATION_DATASET,Band-Power Envelope Coherence,Gamma,Slow,FC5,P8,0.0049568585364163234
MODULATION_DATASET,Band-Power Envelope Coherence,Gamma,Slow,FC5,P4,0.023490790883975207
MODULATION_DATASET,Band-Power Envelope Coherence,Gamma,Slow,FC5,CP2,0.008659281801113923
MODULATION_DATASET,Band-Power Envelope Coherence,Gamma,Slow,FC5,CP6,0.012773462222530315
MODULATION_DATASET,Band-Power Envelope Coherence,Gamma,Slow,FC5,T8,0.015078910911521396
MODULATION_DATASET,Band-Power Envelope Coherence,Gamma,Slow,FC5,FT10,0.03020813990775939
MODULATION_DATASET,Band-Power Envelope Coherence,Gamma,Slow,FC5,FC6,0.034460891518591864
MODULATION_DATASET,Band-Power Envelope Coherence,Gamma,Slow,FC5,C4,0.005542072022474023
MODULATION_DATASET,Band-Power Envelope Coherence,Gamma,Slow,FC5,FC2,0.10201888719507338
MODULATION_DATASET,Band-Power Envelope Coherence,Gamma,Slow,FC5,F4,0.015624321449812434
MODULATION_DATASET,Band-Power Envelope Coherence,Gamma,Slow,FC5,F8,0.12672682647798103
MODULATION_DATASET,Band-Power Envelope Coherence,Gamma,Slow,FC5,Fp2,0.017234466381948824
MODULATION_DATASET,Band-Power Envelope Coherence,Gamma,Slow,FT9,T7,0.05780354796100533
MODULATION_DATASET,Band-Power Envelope Coherence,Gamma,Slow,FT9,CP5,0.03961173270435907
MODULATION_DATASET,Band-Power Envelope Coherence,Gamma,Slow,FT9,CP1,0.06428950873053436
MODULATION_DATASET,Band-Power Envelope Coherence,Gamma,Slow,FT9,P3,0.022752533329436737
MODULATION_DATASET,Band-Power Envelope Coherence,Gamma,Slow,FT9,P7,0.05006197750336835
MODULATION_DATASET,Band-Power Envelope Coherence,Gamma,Slow,FT9,PO9,0.027380153784456927
MODULATION_DATASET,Band-Power Envelope Coherence,Gamma,Slow,FT9,O1,0.07908137957513077
MODULATION_DATASET,Band-Power Envelope Coherence,Gamma,Slow,FT9,Pz,0.059550538756132136
MODULATION_DATASET,Band-Power Envelope Coherence,Gamma,Slow,FT9,Oz,0.06810540824380998
MODULATION_DATASET,Band-Power Envelope Coherence,Gamma,Slow,FT9,O2,0.06986192927776629
MODULATION_DATASET,Band-Power Envelope Coherence,Gamma,Slow,FT9,PO10,0.03186130497082052
MODULATION_DATASET,Band-Power Envelope Coherence,Gamma,Slow,FT9,P8,0.027767562022855127
MODULATION_DATASET,Band-Power Envelope Coherence,Gamma,Slow,FT9,P4,0.029831143556007363
MODULATION_DATASET,Band-Power Envelope Coherence,Gamma,Slow,FT9,CP2,0.03739987477670623
MODULATION_DATASET,Band-Power Envelope Coherence,Gamma,Slow,FT9,CP6,0.003496149799708147
MODULATION_DATASET,Band-Power Envelope Coherence,Gamma,Slow,FT9,T8,0.022610038233335388
MODULATION_DATASET,Band-Power Envelope Coherence,Gamma,Slow,FT9,FT10,0.06030456202186386
MODULATION_DATASET,Band-Power Envelope Coherence,Gamma,Slow,FT9,FC6,0.022906045142614215
MODULATION_DATASET,Band-Power Envelope Coherence,Gamma,Slow,FT9,C4,0.029766386452428358
MODULATION_DATASET,Band-Power Envelope Coherence,Gamma,Slow,FT9,FC2,0.02676540133359986
MODULATION_DATASET,Band-Power Envelope Coherence,Gamma,Slow,FT9,F4,0.029667079123536055
MODULATION_DATASET,Band-Power Envelope Coherence,Gamma,Slow,FT9,F8,0.07238004950745515
MODULATION_DATASET,Band-Power Envelope Coherence,Gamma,Slow,FT9,Fp2,0.08548193419586282
MODULATION_DATASET,Band-Power Envelope Coherence,Gamma,Slow,T7,CP5,0.08395156586995335
MODULATION_DATASET,Band-Power Envelope Coherence,Gamma,Slow,T7,CP1,0.015703529426180505
MODULATION_DATASET,Band-Power Envelope Coherence,Gamma,Slow,T7,P3,0.010170015646744116
MODULATION_DATASET,Band-Power Envelope Coherence,Gamma,Slow,T7,P7,0.062009516355982015
MODULATION_DATASET,Band-Power Envelope Coherence,Gamma,Slow,T7,PO9,0.022016372582456225
MODULATION_DATASET,Band-Power Envelope Coherence,Gamma,Slow,T7,O1,0.005797160239002151
MODULATION_DATASET,Band-Power Envelope Coherence,Gamma,Slow,T7,Pz,0.023791625402048083
MODULATION_DATASET,Band-Power Envelope Coherence,Gamma,Slow,T7,Oz,0.005166831999842627
MODULATION_DATASET,Band-Power Envelope Coherence,Gamma,Slow,T7,O2,0.01582920109925656
MODULATION_DATASET,Band-Power Envelope Coherence,Gamma,Slow,T7,PO10,0.006753816087583094
MODULATION_DATASET,Band-Power Envelope Coherence,Gamma,Slow,T7,P8,0.01967129643994344
MODULATION_DATASET,Band-Power Envelope Coherence,Gamma,Slow,T7,P4,0.009996169070385428
MODULATION_DATASET,Band-Power Envelope Coherence,Gamma,Slow,T7,CP2,0.002440108093679642
MODULATION_DATASET,Band-Power Envelope Coherence,Gamma,Slow,T7,CP6,0.055333439401538245
MODULATION_DATASET,Band-Power Envelope Coherence,Gamma,Slow,T7,T8,0.011890935064127223
MODULATION_DATASET,Band-Power Envelope Coherence,Gamma,Slow,T7,FT10,0.029302532299000136
MODULATION_DATASET,Band-Power Envelope Coherence,Gamma,Slow,T7,FC6,0.019443848522063024
MODULATION_DATASET,Band-Power Envelope Coherence,Gamma,Slow,T7,C4,0.007328333255481031
MODULATION_DATASET,Band-Power Envelope Coherence,Gamma,Slow,T7,FC2,0.02434701801511515
MODULATION_DATASET,Band-Power Envelope Coherence,Gamma,Slow,T7,F4,0.005129700324908133
MODULATION_DATASET,Band-Power Envelope Coherence,Gamma,Slow,T7,F8,0.08403040897364035
MODULATION_DATASET,Band-Power Envelope Coherence,Gamma,Slow,T7,Fp2,0.02937360700006137
MODULATION_DATASET,Band-Power Envelope Coherence,Gamma,Slow,CP5,CP1,0.15305532145997489
MODULATION_DATASET,Band-Power Envelope Coherence,Gamma,Slow,CP5,P3,0.11502879064850308
MODULATION_DATASET,Band-Power Envelope Coherence,Gamma,Slow,CP5,P7,0.18567013997544013
MODULATION_DATASET,Band-Power Envelope Coherence,Gamma,Slow,CP5,PO9,0.07607105855301104
MODULATION_DATASET,Band-Power Envelope Coherence,Gamma,Slow,CP5,O1,0.0896989012366863
MODULATION_DATASET,Band-Power Envelope Coherence,Gamma,Slow,CP5,Pz,0.19960488930066905
MODULATION_DATASET,Band-Power Envelope Coherence,Gamma,Slow,CP5,Oz,0.14566238451008956
MODULATION_DATASET,Band-Power Envelope Coherence,Gamma,Slow,CP5,O2,0.1052349012767141
MODULATION_DATASET,Band-Power Envelope Coherence,Gamma,Slow,CP5,PO10,0.0686682198832585
MODULATION_DATASET,Band-Power Envelope Coherence,Gamma,Slow,CP5,P8,0.12572891814848622
MODULATION_DATASET,Band-Power Envelope Coherence,Gamma,Slow,CP5,P4,0.04526104928442953
MODULATION_DATASET,Band-Power Envelope Coherence,Gamma,Slow,CP5,CP2,0.02708852417505892
MODULATION_DATASET,Band-Power Envelope Coherence,Gamma,Slow,CP5,CP6,0.02576115972277661
MODULATION_DATASET,Band-Power Envelope Coherence,Gamma,Slow,CP5,T8,0.0034350697794797453
MODULATION_DATASET,Band-Power Envelope Coherence,Gamma,Slow,CP5,FT10,0.06954802061471804
MODULATION_DATASET,Band-Power Envelope Coherence,Gamma,Slow,CP5,FC6,0.009545721588441684
MODULATION_DATASET,Band-Power Envelope Coherence,Gamma,Slow,CP5,C4,0.005096653656242166
MODULATION_DATASET,Band-Power Envelope Coherence,Gamma,Slow,CP5,FC2,0.012604269314077328
MODULATION_DATASET,Band-Power Envelope Coherence,Gamma,Slow,CP5,F4,0.002051363484691432
MODULATION_DATASET,Band-Power Envelope Coherence,Gamma,Slow,CP5,F8,0.08223856028404887
MODULATION_DATASET,Band-Power Envelope Coherence,Gamma,Slow,CP5,Fp2,0.03987000835798635
MODULATION_DATASET,Band-Power Envelope Coherence,Gamma,Slow,CP1,P3,0.21246688510283213
MODULATION_DATASET,Band-Power Envelope Coherence,Gamma,Slow,CP1,P7,0.18076337173132567
MODULATION_DATASET,Band-Power Envelope Coherence,Gamma,Slow,CP1,PO9,0.1301216308831172
MODULATION_DATASET,Band-Power Envelope Coherence,Gamma,Slow,CP1,O1,0.22509403677663403
MODULATION_DATASET,Band-Power Envelope Coherence,Gamma,Slow,CP1,Pz,0.38568898369246973
MODULATION_DATASET,Band-Power Envelope Coherence,Gamma,Slow,CP1,Oz,0.2766740564650758
MODULATION_DATASET,Band-Power Envelope Coherence,Gamma,Slow,CP1,O2,0.22999209810057142
MODULATION_DATASET,Band-Power Envelope Coherence,Gamma,Slow,CP1,PO10,0.09987753976501497
MODULATION_DATASET,Band-Power Envelope Coherence,Gamma,Slow,CP1,P8,0.11808048667829672
MODULATION_DATASET,Band-Power Envelope Coherence,Gamma,Slow,CP1,P4,0.18361925538289917
MODULATION_DATASET,Band-Power Envelope Coherence,Gamma,Slow,CP1,CP2,0.25113566097481843
MODULATION_DATASET,Band-Power Envelope Coherence,Gamma,Slow,CP1,CP6,0.0831653558734084
MODULATION_DATASET,Band-Power Envelope Coherence,Gamma,Slow,CP1,T8,0.04789594522312267
MODULATION_DATASET,Band-Power Envelope Coherence,Gamma,Slow,CP1,FT10,0.06696572191093403
MODULATION_DATASET,Band-Power Envelope Coherence,Gamma,Slow,CP1,FC6,0.02128772507083148
MODULATION_DATASET,Band-Power Envelope Coherence,Gamma,Slow,CP1,C4,0.03506467524175733
MODULATION_DATASET,Band-Power Envelope Coherence,Gamma,Slow,CP1,FC2,0.08132485198321399
MODULATION_DATASET,Band-Power Envelope Coherence,Gamma,Slow,CP1,F4,0.011246845985698303
MODULATION_DATASET,Band-Power Envelope Coherence,Gamma,Slow,CP1,F8,0.012056573965315788
MODULATION_DATASET,Band-Power Envelope Coherence,Gamma,Slow,CP1,Fp2,0.0294150086649229
MODULATION_DATASET,Band-Power Envelope Coherence,Gamma,Slow,P3,P7,0.16017471941410658
MODULATION_DATASET,Band-Power Envelope Coherence,Gamma,Slow,P3,PO9,0.08954490057269607
MODULATION_DATASET,Band-Power Envelope Coherence,Gamma,Slow,P3,O1,0.22729804552407729
MODULATION_DATASET,Band-Power Envelope Coherence,Gamma,Slow,P3,Pz,0.2891274184876968
MODULATION_DATASET,Band-Power Envelope Coherence,Gamma,Slow,P3,Oz,0.23797541272819608
MODULATION_DATASET,Band-Power Envelope Coherence,Gamma,Slow,P3,O2,0.15696911388880885
MODULATION_DATASET,Band-Power Envelope Coherence,Gamma,Slow,P3,PO10,0.03747122422046589
MODULATION_DATASET,Band-Power Envelope Coherence,Gamma,Slow,P3,P8,0.028314735971770755
MODULATION_DATASET,Band-Power Envelope Coherence,Gamma,Slow,P3,P4,0.06352343792051147
MODULATION_DATASET,Band-Power Envelope Coherence,Gamma,Slow,P3,CP2,0.08013740411240769
MODULATION_DATASET,Band-Power Envelope Coherence,Gamma,Slow,P3,CP6,0.005522815935763495
MODULATION_DATASET,Band-Power Envelope Coherence,Gamma,Slow,P3,T8,0.0053290608095423265
MODULATION_DATASET,Band-Power Envelope Coherence,Gamma,Slow,P3,FT10,0.02989650011812632
MODULATION_DATASET,Band-Power Envelope Coherence,Gamma,Slow,P3,FC6,0.00899258614943918
MODULATION_DATASET,Band-Power Envelope Coherence,Gamma,Slow,P3,C4,0.003181566629393399
MODULATION_DATASET,Band-Power Envelope Coherence,Gamma,Slow,P3,FC2,0.008125317401816368
MODULATION_DATASET,Band-Power Envelope Coherence,Gamma,Slow,P3,F4,0.0043376746160267345
MODULATION_DATASET,Band-Power Envelope Coherence,Gamma,Slow,P3,F8,0.005382564895523725
MODULATION_DATASET,Band-Power Envelope Coherence,Gamma,Slow,P3,Fp2,0.03400401427379558
MODULATION_DATASET,Band-Power Envelope Coherence,Gamma,Slow,P7,PO9,0.4073124671657992
MODULATION_DATASET,Band-Power Envelope Coherence,Gamma,Slow,P7,O1,0.3173705940807451
MODULATION_DATASET,Band-Power Envelope Coherence,Gamma,Slow,P7,Pz,0.19417216503240148
MODULATION_DATASET,Band-Power Envelope Coherence,Gamma,Slow,P7,Oz,0.29503007999192055
MODULATION_DATASET,Band-Power Envelope Coherence,Gamma,Slow,P7,O2,0.15330426903571465
MODULATION_DATASET,Band-Power Envelope Coherence,Gamma,Slow,P7,PO10,0.0951694312230206
MODULATION_DATASET,Band-Power Envelope Coherence,Gamma,Slow,P7,P8,0.06864151576263228
MODULATION_DATASET,Band-Power Envelope Coherence,Gamma,Slow,P7,P4,0.09477322618608253
MODULATION_DATASET,Band-Power Envelope Coherence,Gamma,Slow,P7,CP2,0.0313609928901732
MODULATION_DATASET,Band-Power Envelope Coherence,Gamma,Slow,P7,CP6,0.014178003228973887
MODULATION_DATASET,Band-Power Envelope Coherence,Gamma,Slow,P7,T8,0.013065188499521648
MODULATION_DATASET,Band-Power Envelope Coherence,Gamma,Slow,P7,FT10,0.007485061737768443
MODULATION_DATASET,Band-Power Envelope Coherence,Gamma,Slow,P7,FC6,0.0022200350550233136
MODULATION_DATASET,Band-Power Envelope Coherence,Gamma,Slow,P7,C4,0.0067595117544873755
MODULATION_DATASET,Band-Power Envelope Coherence,Gamma,Slow,P7,FC2,0.0031999165500675745
MODULATION_DATASET,Band-Power Envelope Coherence,Gamma,Slow,P7,F4,0.01308967102208474
MODULATION_DATASET,Band-Power Envelope Coherence,Gamma,Slow,P7,F8,0.008335054307457197
MODULATION_DATASET,Band-Power Envelope Coherence,Gamma,Slow,P7,Fp2,0.07765839249315103
MODULATION_DATASET,Band-Power Envelope Coherence,Gamma,Slow,PO9,O1,0.40277960168464794
MODULATION_DATASET,Band-Power Envelope Coherence,Gamma,Slow,PO9,Pz,0.15165570652215724
MODULATION_DATASET,Band-Power Envelope Coherence,Gamma,Slow,PO9,Oz,0.3173534912063477
MODULATION_DATASET,Band-Power Envelope Coherence,Gamma,Slow,PO9,O2,0.1500634000935215
MODULATION_DATASET,Band-Power Envelope Coherence,Gamma,Slow,PO9,PO10,0.1264373044574495
MODULATION_DATASET,Band-Power Envelope Coherence,Gamma,Slow,PO9,P8,0.0940420815488408
MODULATION_DATASET,Band-Power Envelope Coherence,Gamma,Slow,PO9,P4,0.07557698202614224
MODULATION_DATASET,Band-Power Envelope Coherence,Gamma,Slow,PO9,CP2,0.030952199705148155
MODULATION_DATASET,Band-Power Envelope Coherence,Gamma,Slow,PO9,CP6,0.011904077137304035
MODULATION_DATASET,Band-Power Envelope Coherence,Gamma,Slow,PO9,T8,0.008115448368983402
MODULATION_DATASET,Band-Power Envelope Coherence,Gamma,Slow,PO9,FT10,0.012227702745448089
MODULATION_DATASET,Band-Power Envelope Coherence,Gamma,Slow,PO9,FC6,0.009185503900245933
MODULATION_DATASET,Band-Power Envelope Coherence,Gamma,Slow,PO9,C4,0.004662890197214699
MODULATION_DATASET,Band-Power Envelope Coherence,Gamma,Slow,PO9,FC2,0.0038079685339480777
MODULATION_DATASET,Band-Power Envelope Coherence,Gamma,Slow,PO9,F4,0.0032656589808813573
MODULATION_DATASET,Band-Power Envelope Coherence,Gamma,Slow,PO9,F8,0.024228636867411717
MODULATION_DATASET,Band-Power Envelope Coherence,Gamma,Slow,PO9,Fp2,0.02139442025781133
MODULATION_DATASET,Band-Power Envelope Coherence,Gamma,Slow,O1,Pz,0.4060428341385541
MODULATION_DATASET,Band-Power Envelope Coherence,Gamma,Slow,O1,Oz,0.7258077744273699
MODULATION_DATASET,Band-Power Envelope Coherence,Gamma,Slow,O1,O2,0.5087466802371305
MODULATION_DATASET,Band-Power Envelope Coherence,Gamma,Slow,O1,PO10,0.11923558519788369
MODULATION_DATASET,Band-Power Envelope Coherence,Gamma,Slow,O1,P8,0.14330516246391248
MODULATION_DATASET,Band-Power Envelope Coherence,Gamma,Slow,O1,P4,0.22741960714143847
MODULATION_DATASET,Band-Power Envelope Coherence,Gamma,Slow,O1,CP2,0.1406321501761869
MODULATION_DATASET,Band-Power Envelope Coherence,Gamma,Slow,O1,CP6,0.011205959258892164
MODULATION_DATASET,Band-Power Envelope Coherence,Gamma,Slow,O1,T8,0.005500410287427451
MODULATION_DATASET,Band-Power Envelope Coherence,Gamma,Slow,O1,FT10,0.00837382589928865
MODULATION_DATASET,Band-Power Envelope Coherence,Gamma,Slow,O1,FC6,0.004990031097850297
MODULATION_DATASET,Band-Power Envelope Coherence,Gamma,Slow,O1,C4,0.009308633542809315
MODULATION_DATASET,Band-Power Envelope Coherence,Gamma,Slow,O1,FC2,0.004325487355282199
MODULATION_DATASET,Band-Power Envelope Coherence,Gamma,Slow,O1,F4,0.005153911842942786
MODULATION_DATASET,Band-Power Envelope Coherence,Gamma,Slow,O1,F8,0.007765428677587745
MODULATION_DATASET,Band-Power Envelope Coherence,Gamma,Slow,O1,Fp2,0.02406709768319313
MODULATION_DATASET,Band-Power Envelope Coherence,Gamma,Slow,Pz,Oz,0.46125184392950036
MODULATION_DATASET,Band-Power Envelope Coherence,Gamma,Slow,Pz,O2,0.38434053339023994
MODULATION_DATASET,Band-Power Envelope Coherence,Gamma,Slow,Pz,PO10,0.09788031249234078
MODULATION_DATASET,Band-Power Envelope Coherence,Gamma,Slow,Pz,P8,0.22833234125449245
MODULATION_DATASET,Band-Power Envelope Coherence,Gamma,Slow,Pz,P4,0.3328250953945663
MODULATION_DATASET,Band-Power Envelope Coherence,Gamma,Slow,Pz,CP2,0.3049429460613612
MODULATION_DATASET,Band-Power Envelope Coherence,Gamma,Slow,Pz,CP6,0.11147193312647077
MODULATION_DATASET,Band-Power Envelope Coherence,Gamma,Slow,Pz,T8,0.03052804049726339
MODULATION_DATASET,Band-Power Envelope Coherence,Gamma,Slow,Pz,FT10,0.06476454100098432
MODULATION_DATASET,Band-Power Envelope Coherence,Gamma,Slow,Pz,FC6,0.04452104933761232
MODULATION_DATASET,Band-Power Envelope Coherence,Gamma,Slow,Pz,C4,0.03930597106937151
MODULATION_DATASET,Band-Power Envelope Coherence,Gamma,Slow,Pz,FC2,0.03605347592964567
MODULATION_DATASET,Band-Power Envelope Coherence,Gamma,Slow,Pz,F4,0.01943571425600708
MODULATION_DATASET,Band-Power Envelope Coherence,Gamma,Slow,Pz,F8,0.02162100670755666
MODULATION_DATASET,Band-Power Envelope Coherence,Gamma,Slow,Pz,Fp2,0.03419914045729043
MODULATION_DATASET,Band-Power Envelope Coherence,Gamma,Slow,Oz,O2,0.7320760628475266
MODULATION_DATASET,Band-Power Envelope Coherence,Gamma,Slow,Oz,PO10,0.2369133991737643
MODULATION_DATASET,Band-Power Envelope Coherence,Gamma,Slow,Oz,P8,0.28333068882183743
MODULATION_DATASET,Band-Power Envelope Coherence,Gamma,Slow,Oz,P4,0.31021157223854884
MODULATION_DATASET,Band-Power Envelope Coherence,Gamma,Slow,Oz,CP2,0.16159846052440946
MODULATION_DATASET,Band-Power Envelope Coherence,Gamma,Slow,Oz,CP6,0.02983586083649737
MODULATION_DATASET,Band-Power Envelope Coherence,Gamma,Slow,Oz,T8,0.00461467957741099
MODULATION_DATASET,Band-Power Envelope Coherence,Gamma,Slow,Oz,FT10,0.01083363873301436
MODULATION_DATASET,Band-Power Envelope Coherence,Gamma,Slow,Oz,FC6,0.004179817368086388
MODULATION_DATASET,Band-Power Envelope Coherence,Gamma,Slow,Oz,C4,0.0133572748633924
MODULATION_DATASET,Band-Power Envelope Coherence,Gamma,Slow,Oz,FC2,0.01346665378444429
MODULATION_DATASET,Band-Power Envelope Coherence,Gamma,Slow,Oz,F4,0.0038614413989781523
MODULATION_DATASET,Band-Power Envelope Coherence,Gamma,Slow,Oz,F8,0.005218971871267046
MODULATION_DATASET,Band-Power Envelope Coherence,Gamma,Slow,Oz,Fp2,0.025290787599996596
MODULATION_DATASET,Band-Power Envelope Coherence,Gamma,Slow,O2,PO10,0.2980091458996012
MODULATION_DATASET,Band-Power Envelope Coherence,Gamma,Slow,O2,P8,0.3828874738693392
MODULATION_DATASET,Band-Power Envelope Coherence,Gamma,Slow,O2,P4,0.3535237293556079
MODULATION_DATASET,Band-Power Envelope Coherence,Gamma,Slow,O2,CP2,0.18479850558951927
MODULATION_DATASET,Band-Power Envelope Coherence,Gamma,Slow,O2,CP6,0.06637891169777224
MODULATION_DATASET,Band-Power Envelope Coherence,Gamma,Slow,O2,T8,0.011478183956685283
MODULATION_DATASET,Band-Power Envelope Coherence,Gamma,Slow,O2,FT10,0.016681251565668048
MODULATION_DATASET,Band-Power Envelope Coherence,Gamma,Slow,O2,FC6,0.0074949498125744295
MODULATION_DATASET,Band-Power Envelope Coherence,Gamma,Slow,O2,C4,0.013926768273653807
MODULATION_DATASET,Band-Power Envelope Coherence,Gamma,Slow,O2,FC2,0.008998030712266927
MODULATION_DATASET,Band-Power Envelope Coherence,Gamma,Slow,O2,F4,0.005650924108579083
MODULATION_DATASET,Band-Power Envelope Coherence,Gamma,Slow,O2,F8,0.012803542611535396
MODULATION_DATASET,Band-Power Envelope Coherence,Gamma,Slow,O2,Fp2,0.02661493598548505
MODULATION_DATASET,Band-Power Envelope Coherence,Gamma,Slow,PO10,P8,0.41701543116949613
MODULATION_DATASET,Band-Power Envelope Coherence,Gamma,Slow,PO10,P4,0.14633828084929473
MODULATION_DATASET,Band-Power Envelope Coherence,Gamma,Slow,PO10,CP2,0.05902326967064682
MODULATION_DATASET,Band-Power Envelope Coherence,Gamma,Slow,PO10,CP6,0.11631476249872988
MODULATION_DATASET,Band-Power Envelope Coherence,Gamma,Slow,PO10,T8,0.04820760662604266
MODULATION_DATASET,Band-Power Envelope Coherence,Gamma,Slow,PO10,FT10,0.01490858713072
MODULATION_DATASET,Band-Power Envelope Coherence,Gamma,Slow,PO10,FC6,0.021966790422438345
MODULATION_DATASET,Band-Power Envelope Coherence,Gamma,Slow,PO10,C4,0.022780920799973767
MODULATION_DATASET,Band-Power Envelope Coherence,Gamma,Slow,PO10,FC2,0.006606849655344311
MODULATION_DATASET,Band-Power Envelope Coherence,Gamma,Slow,PO10,F4,0.007475320236439317
MODULATION_DATASET,Band-Power Envelope Coherence,Gamma,Slow,PO10,F8,0.022539669176301697
MODULATION_DATASET,Band-Power Envelope Coherence,Gamma,Slow,PO10,Fp2,0.035390816181923995
MODULATION_DATASET,Band-Power Envelope Coherence,Gamma,Slow,P8,P4,0.3071153625788756
MODULATION_DATASET,Band-Power Envelope Coherence,Gamma,Slow,P8,CP2,0.16615345074174895
MODULATION_DATASET,Band-Power Envelope Coherence,Gamma,Slow,P8,CP6,0.33125704220506486
MODULATION_DATASET,Band-Power Envelope Coherence,Gamma,Slow,P8,T8,0.10091991639825362
MODULATION_DATASET,Band-Power Envelope Coherence,Gamma,Slow,P8,FT10,0.09086984129473942
MODULATION_DATASET,Band-Power Envelope Coherence,Gamma,Slow,P8,FC6,0.07923706790672683
MODULATION_DATASET,Band-Power Envelope Coherence,Gamma,Slow,P8,C4,0.07719400574436676
MODULATION_DATASET,Band-Power Envelope Coherence,Gamma,Slow,P8,FC2,0.02240516001976898
MODULATION_DATASET,Band-Power Envelope Coherence,Gamma,Slow,P8,F4,0.03733108938822652
MODULATION_DATASET,Band-Power Envelope Coherence,Gamma,Slow,P8,F8,0.058745678983663
MODULATION_DATASET,Band-Power Envelope Coherence,Gamma,Slow,P8,Fp2,0.00918662552945291
MODULATION_DATASET,Band-Power Envelope Coherence,Gamma,Slow,P4,CP2,0.37032363268573015
MODULATION_DATASET,Band-Power Envelope Coherence,Gamma,Slow,P4,CP6,0.19205523002087113
MODULATION_DATASET,Band-Power Envelope Coherence,Gamma,Slow,P4,T8,0.03403798482039118
MODULATION_DATASET,Band-Power Envelope Coherence,Gamma,Slow,P4,FT10,0.007618043119435095
MODULATION_DATASET,Band-Power Envelope Coherence,Gamma,Slow,P4,FC6,0.021129206405139413
MODULATION_DATASET,Band-Power Envelope Coherence,Gamma,Slow,P4,C4,0.11276836927442299
MODULATION_DATASET,Band-Power Envelope Coherence,Gamma,Slow,P4,FC2,0.021229721537601616
MODULATION_DATASET,Band-Power Envelope Coherence,Gamma,Slow,P4,F4,0.010642033210485098
MODULATION_DATASET,Band-Power Envelope Coherence,Gamma,Slow,P4,F8,0.02187638089509766
MODULATION_DATASET,Band-Power Envelope Coherence,Gamma,Slow,P4,Fp2,0.008324126444134243
MODULATION_DATASET,Band-Power Envelope Coherence,Gamma,Slow,CP2,CP6,0.19112207390733962
MODULATION_DATASET,Band-Power Envelope Coherence,Gamma,Slow,CP2,T8,0.10070549129380471
MODULATION_DATASET,Band-Power Envelope Coherence,Gamma,Slow,CP2,FT10,0.060050853865807365
MODULATION_DATASET,Band-Power Envelope Coherence,Gamma,Slow,CP2,FC6,0.06512955019310213
MODULATION_DATASET,Band-Power Envelope Coherence,Gamma,Slow,CP2,C4,0.21092373028973885
MODULATION_DATASET,Band-Power Envelope Coherence,Gamma,Slow,CP2,FC2,0.09407003639671233
MODULATION_DATASET,Band-Power Envelope Coherence,Gamma,Slow,CP2,F4,0.06297509363397291
MODULATION_DATASET,Band-Power Envelope Coherence,Gamma,Slow,CP2,F8,0.005403539427041874
MODULATION_DATASET,Band-Power Envelope Coherence,Gamma,Slow,CP2,Fp2,0.00789488161767676
MODULATION_DATASET,Band-Power Envelope Coherence,Gamma,Slow,CP6,T8,0.2994628144972111
MODULATION_DATASET,Band-Power Envelope Coherence,Gamma,Slow,CP6,FT10,0.20746308808689695
MODULATION_DATASET,Band-Power Envelope Coherence,Gamma,Slow,CP6,FC6,0.26407641615764643
MODULATION_DATASET,Band-Power Envelope Coherence,Gamma,Slow,CP6,C4,0.31912346650052353
MODULATION_DATASET,Band-Power Envelope Coherence,Gamma,Slow,CP6,FC2,0.18219212285300784
MODULATION_DATASET,Band-Power Envelope Coherence,Gamma,Slow,CP6,F4,0.16576374943183636
MODULATION_DATASET,Band-Power Envelope Coherence,Gamma,Slow,CP6,F8,0.09784193802408958
MODULATION_DATASET,Band-Power Envelope Coherence,Gamma,Slow,CP6,Fp2,0.02809014574078286
MODULATION_DATASET,Band-Power Envelope Coherence,Gamma,Slow,T8,FT10,0.23305962206314332
MODULATION_DATASET,Band-Power Envelope Coherence,Gamma,Slow,T8,FC6,0.6712361728641268
MODULATION_DATASET,Band-Power Envelope Coherence,Gamma,Slow,T8,C4,0.334072072414364
MODULATION_DATASET,Band-Power Envelope Coherence,Gamma,Slow,T8,FC2,0.3906990854463928
MODULATION_DATASET,Band-Power Envelope Coherence,Gamma,Slow,T8,F4,0.4495795844796762
MODULATION_DATASET,Band-Power Envelope Coherence,Gamma,Slow,T8,F8,0.26112791709417305
MODULATION_DATASET,Band-Power Envelope Coherence,Gamma,Slow,T8,Fp2,0.033651565265138114
MODULATION_DATASET,Band-Power Envelope Coherence,Gamma,Slow,FT10,FC6,0.33863539410242693
MODULATION_DATASET,Band-Power Envelope Coherence,Gamma,Slow,FT10,C4,0.17748134499601867
MODULATION_DATASET,Band-Power Envelope Coherence,Gamma,Slow,FT10,FC2,0.2620493028598036
MODULATION_DATASET,Band-Power Envelope Coherence,Gamma,Slow,FT10,F4,0.3035450496251968
MODULATION_DATASET,Band-Power Envelope Coherence,Gamma,Slow,FT10,F8,0.3416724935614605
MODULATION_DATASET,Band-Power Envelope Coherence,Gamma,Slow,FT10,Fp2,0.06907194240294588
MODULATION_DATASET,Band-Power Envelope Coherence,Gamma,Slow,FC6,C4,0.37276362933236357
MODULATION_DATASET,Band-Power Envelope Coherence,Gamma,Slow,FC6,FC2,0.5219872031416434
MODULATION_DATASET,Band-Power Envelope Coherence,Gamma,Slow,FC6,F4,0.6372400150554564
MODULATION_DATASET,Band-Power Envelope Coherence,Gamma,Slow,FC6,F8,0.4294231822659541
MODULATION_DATASET,Band-Power Envelope Coherence,Gamma,Slow,FC6,Fp2,0.045101073259393915
MODULATION_DATASET,Band-Power Envelope Coherence,Gamma,Slow,C4,FC2,0.39420268995772906
MODULATION_DATASET,Band-Power Envelope Coherence,Gamma,Slow,C4,F4,0.30676081654981796
MODULATION_DATASET,Band-Power Envelope Coherence,Gamma,Slow,C4,F8,0.08407620871491754
MODULATION_DATASET,Band-Power Envelope Coherence,Gamma,Slow,C4,Fp2,0.014849580605641542
MODULATION_DATASET,Band-Power Envelope Coherence,Gamma,Slow,FC2,F4,0.46711122472001415
MODULATION_DATASET,Band-Power Envelope Coherence,Gamma,Slow,FC2,F8,0.22653126401339027
MODULATION_DATASET,Band-Power Envelope Coherence,Gamma,Slow,FC2,Fp2,0.027151816787455776
MODULATION_DATASET,Band-Power Envelope Coherence,Gamma,Slow,F4,F8,0.446198672479578
MODULATION_DATASET,Band-Power Envelope Coherence,Gamma,Slow,F4,Fp2,0.10968241003064096
MODULATION_DATASET,Band-Power Envelope Coherence,Gamma,Slow,F8,Fp2,0.17081394513954626
MODULATION_DATASET,Band-Power Envelope Coherence,Gamma,Medium,Cz,Fz,0.2552722924894011
MODULATION_DATASET,Band-Power Envelope Coherence,Gamma,Medium,Cz,Fp1,0.006886411869870638
MODULATION_DATASET,Band-Power Envelope Coherence,Gamma,Medium,Cz,F7,0.02078268049304791
MODULATION_DATASET,Band-Power Envelope Coherence,Gamma,Medium,Cz,F3,0.1431305667230877
MODULATION_DATASET,Band-Power Envelope Coherence,Gamma,Medium,Cz,FC1,0.3429264096163255
MODULATION_DATASET,Band-Power Envelope Coherence,Gamma,Medium,Cz,C3,0.17261925203968395
MODULATION_DATASET,Band-Power Envelope Coherence,Gamma,Medium,Cz,FC5,0.11395464291041092
MODULATION_DATASET,Band-Power Envelope Coherence,Gamma,Medium,Cz,FT9,0.026222426394669235
MODULATION_DATASET,Band-Power Envelope Coherence,Gamma,Medium,Cz,T7,0.019855062938130184
MODULATION_DATASET,Band-Power Envelope Coherence,Gamma,Medium,Cz,CP5,0.049627956809102924
MODULATION_DATASET,Band-Power Envelope Coherence,Gamma,Medium,Cz,CP1,0.20487890995309824
MODULATION_DATASET,Band-Power Envelope Coherence,Gamma,Medium,Cz,P3,0.031041583986603866
MODULATION_DATASET,Band-Power Envelope Coherence,Gamma,Medium,Cz,P7,0.006641146088458546
MODULATION_DATASET,Band-Power Envelope Coherence,Gamma,Medium,Cz,PO9,0.004251272919920522
MODULATION_DATASET,Band-Power Envelope Coherence,Gamma,Medium,Cz,O1,0.006728967692807477
MODULATION_DATASET,Band-Power Envelope Coherence,Gamma,Medium,Cz,Pz,0.09179268762113776
MODULATION_DATASET,Band-Power Envelope Coherence,Gamma,Medium,Cz,Oz,0.009540042914577038
MODULATION_DATASET,Band-Power Envelope Coherence,Gamma,Medium,Cz,O2,0.012399927508203273
MODULATION_DATASET,Band-Power Envelope Coherence,Gamma,Medium,Cz,PO10,0.006904487286718205
MODULATION_DATASET,Band-Power Envelope Coherence,Gamma,Medium,Cz,P8,0.012981513418830599
MODULATION_DATASET,Band-Power Envelope Coherence,Gamma,Medium,Cz,P4,0.04425239435398824
MODULATION_DATASET,Band-Power Envelope Coherence,Gamma,Medium,Cz,CP2,0.17808595237635977
MODULATION_DATASET,Band-Power Envelope Coherence,Gamma,Medium,Cz,CP6,0.13028912260096423
MODULATION_DATASET,Band-Power Envelope Coherence,Gamma,Medium,Cz,T8,0.0582642523320725
MODULATION_DATASET,Band-Power Envelope Coherence,Gamma,Medium,Cz,FT10,0.1125317128947588
MODULATION_DATASET,Band-Power Envelope Coherence,Gamma,Medium,Cz,FC6,0.07847982987781285
MODULATION_DATASET,Band-Power Envelope Coherence,Gamma,Medium,Cz,C4,0.1528306879052003
MODULATION_DATASET,Band-Power Envelope Coherence,Gamma,Medium,Cz,FC2,0.37773992321508143
MODULATION_DATASET,Band-Power Envelope Coherence,Gamma,Medium,Cz,F4,0.09931812270540975
MODULATION_DATASET,Band-Power Envelope Coherence,Gamma,Medium,Cz,F8,0.05118157468055609
MODULATION_DATASET,Band-Power Envelope Coherence,Gamma,Medium,Cz,Fp2,0.011817484251523996
MODULATION_DATASET,Band-Power Envelope Coherence,Gamma,Medium,Fz,Fp1,0.04983530067140123
MODULATION_DATASET,Band-Power Envelope Coherence,Gamma,Medium,Fz,F7,0.031589125174964455
MODULATION_DATASET,Band-Power Envelope Coherence,Gamma,Medium,Fz,F3,0.4370039881859738
MODULATION_DATASET,Band-Power Envelope Coherence,Gamma,Medium,Fz,FC1,0.3956309605944426
MODULATION_DATASET,Band-Power Envelope Coherence,Gamma,Medium,Fz,C3,0.06502328491248606
MODULATION_DATASET,Band-Power Envelope Coherence,Gamma,Medium,Fz,FC5,0.06987984270584399
MODULATION_DATASET,Band-Power Envelope Coherence,Gamma,Medium,Fz,FT9,0.03935985085994426
MODULATION_DATASET,Band-Power Envelope Coherence,Gamma,Medium,Fz,T7,0.015171470612233982
MODULATION_DATASET,Band-Power Envelope Coherence,Gamma,Medium,Fz,CP5,0.006523450548107735
MODULATION_DATASET,Band-Power Envelope Coherence,Gamma,Medium,Fz,CP1,0.03519714310963373
MODULATION_DATASET,Band-Power Envelope Coherence,Gamma,Medium,Fz,P3,0.00867013414744394
MODULATION_DATASET,Band-Power Envelope Coherence,Gamma,Medium,Fz,P7,0.0031283069429945973
MODULATION_DATASET,Band-Power Envelope Coherence,Gamma,Medium,Fz,PO9,0.02811920893425596
MODULATION_DATASET,Band-Power Envelope Coherence,Gamma,Medium,Fz,O1,0.016341436889595898
MODULATION_DATASET,Band-Power Envelope Coherence,Gamma,Medium,Fz,Pz,0.03713998071514499
MODULATION_DATASET,Band-Power Envelope Coherence,Gamma,Medium,Fz,Oz,0.009192146788688842
MODULATION_DATASET,Band-Power Envelope Coherence,Gamma,Medium,Fz,O2,0.00832679388295416
MODULATION_DATASET,Band-Power Envelope Coherence,Gamma,Medium,Fz,PO10,0.007247982076154279
MODULATION_DATASET,Band-Power Envelope Coherence,Gamma,Medium,Fz,P8,0.03940916784492226
MODULATION_DATASET,Band-Power Envelope Coherence,Gamma,Medium,Fz,P4,0.012963730256386165
MODULATION_DATASET,Band-Power Envelope Coherence,Gamma,Medium,Fz,CP2,0.0501106059568108
MODULATION_DATASET,Band-Power Envelope Coherence,Gamma,Medium,Fz,CP6,0.14355687282279767
MODULATION_DATASET,Band-Power Envelope Coherence,Gamma,Medium,Fz,T8,0.28620470578538776
MODULATION_DATASET,Band-Power Envelope Coherence,Gamma,Medium,Fz,FT10,0.23249024122972103
MODULATION_DATASET,Band-Power Envelope Coherence,Gamma,Medium,Fz,FC6,0.44786781273649656
MODULATION_DATASET,Band-Power Envelope Coherence,Gamma,Medium,Fz,C4,0.30806536201725443
MODULATION_DATASET,Band-Power Envelope Coherence,Gamma,Medium,Fz,FC2,0.6035566310917189
MODULATION_DATASET,Band-Power Envelope Coherence,Gamma,Medium,Fz,F4,0.5363573128603416
MODULATION_DATASET,Band-Power Envelope Coherence,Gamma,Medium,Fz,F8,0.22078366575919606
MODULATION_DATASET,Band-Power Envelope Coherence,Gamma,Medium,Fz,Fp2,0.048203069011556465
MODULATION_DATASET,Band-Power Envelope Coherence,Gamma,Medium,Fp1,F7,0.2338203903661346
MODULATION_DATASET,Band-Power Envelope Coherence,Gamma,Medium,Fp1,F3,0.08913309594649507
MODULATION_DATASET,Band-Power Envelope Coherence,Gamma,Medium,Fp1,FC1,0.018386981491957236
MODULATION_DATASET,Band-Power Envelope Coherence,Gamma,Medium,Fp1,C3,0.07474578680394234
MODULATION_DATASET,Band-Power Envelope Coherence,Gamma,Medium,Fp1,FC5,0.043364851327003254
MODULATION_DATASET,Band-Power Envelope Coherence,Gamma,Medium,Fp1,FT9,0.08283580822888229
MODULATION_DATASET,Band-Power Envelope Coherence,Gamma,Medium,Fp1,T7,0.1039371369629455
MODULATION_DATASET,Band-Power Envelope Coherence,Gamma,Medium,Fp1,CP5,0.08500959906750082
MODULATION_DATASET,Band-Power Envelope Coherence,Gamma,Medium,Fp1,CP1,0.061581818976340796
MODULATION_DATASET,Band-Power Envelope Coherence,Gamma,Medium,Fp1,P3,0.04424675053715218
MODULATION_DATASET,Band-Power Envelope Coherence,Gamma,Medium,Fp1,P7,0.09305714773405113
MODULATION_DATASET,Band-Power Envelope Coherence,Gamma,Medium,Fp1,PO9,0.010878323270550841
MODULATION_DATASET,Band-Power Envelope Coherence,Gamma,Medium,Fp1,O1,0.009125855604108363
MODULATION_DATASET,Band-Power Envelope Coherence,Gamma,Medium,Fp1,Pz,0.0458617649522178
MODULATION_DATASET,Band-Power Envelope Coherence,Gamma,Medium,Fp1,Oz,0.027736102285833265
MODULATION_DATASET,Band-Power Envelope Coherence,Gamma,Medium,Fp1,O2,0.023871992070581122
MODULATION_DATASET,Band-Power Envelope Coherence,Gamma,Medium,Fp1,PO10,0.0435405421474738
MODULATION_DATASET,Band-Power Envelope Coherence,Gamma,Medium,Fp1,P8,0.0071760337985295256
MODULATION_DATASET,Band-Power Envelope Coherence,Gamma,Medium,Fp1,P4,0.008976385860002795
MODULATION_DATASET,Band-Power Envelope Coherence,Gamma,Medium,Fp1,CP2,0.0030611433226074786
MODULATION_DATASET,Band-Power Envelope Coherence,Gamma,Medium,Fp1,CP6,0.03101387980734
MODULATION_DATASET,Band-Power Envelope Coherence,Gamma,Medium,Fp1,T8,0.00869353187247262
MODULATION_DATASET,Band-Power Envelope Coherence,Gamma,Medium,Fp1,FT10,0.02898479623456876
MODULATION_DATASET,Band-Power Envelope Coherence,Gamma,Medium,Fp1,FC6,0.011139640099160434
MODULATION_DATASET,Band-Power Envelope Coherence,Gamma,Medium,Fp1,C4,0.011681727581443443
MODULATION_DATASET,Band-Power Envelope Coherence,Gamma,Medium,Fp1,FC2,0.021426495415347375
MODULATION_DATASET,Band-Power Envelope Coherence,Gamma,Medium,Fp1,F4,0.026637953171886244
MODULATION_DATASET,Band-Power Envelope Coherence,Gamma,Medium,Fp1,F8,0.028117961071808174
MODULATION_DATASET,Band-Power Envelope Coherence,Gamma,Medium,Fp1,Fp2,0.4597135001671762
MODULATION_DATASET,Band-Power Envelope Coherence,Gamma,Medium,F7,F3,0.3287079853029503
MODULATION_DATASET,Band-Power Envelope Coherence,Gamma,Medium,F7,FC1,0.035727594298630545
MODULATION_DATASET,Band-Power Envelope Coherence,Gamma,Medium,F7,C3,0.20568186073847688
MODULATION_DATASET,Band-Power Envelope Coherence,Gamma,Medium,F7,FC5,0.36165085247657147
MODULATION_DATASET,Band-Power Envelope Coherence,Gamma,Medium,F7,FT9,0.08861225732189212
MODULATION_DATASET,Band-Power Envelope Coherence,Gamma,Medium,F7,T7,0.20094457657787518
MODULATION_DATASET,Band-Power Envelope Coherence,Gamma,Medium,F7,CP5,0.07351804937820317
MODULATION_DATASET,Band-Power Envelope Coherence,Gamma,Medium,F7,CP1,0.012669477480222808
MODULATION_DATASET,Band-Power Envelope Coherence,Gamma,Medium,F7,P3,0.004162838959579321
MODULATION_DATASET,Band-Power Envelope Coherence,Gamma,Medium,F7,P7,0.00959111966203752
MODULATION_DATASET,Band-Power Envelope Coherence,Gamma,Medium,F7,PO9,0.008755145524525207
MODULATION_DATASET,Band-Power Envelope Coherence,Gamma,Medium,F7,O1,0.015360135968500829
MODULATION_DATASET,Band-Power Envelope Coherence,Gamma,Medium,F7,Pz,0.004325019332354648
MODULATION_DATASET,Band-Power Envelope Coherence,Gamma,Medium,F7,Oz,0.004629085331968247
MODULATION_DATASET,Band-Power Envelope Coherence,Gamma,Medium,F7,O2,0.004066239541147886
MODULATION_DATASET,Band-Power Envelope Coherence,Gamma,Medium,F7,PO10,0.02507638055646786
MODULATION_DATASET,Band-Power Envelope Coherence,Gamma,Medium,F7,P8,0.01846016269889287
MODULATION_DATASET,Band-Power Envelope Coherence,Gamma,Medium,F7,P4,0.016996977839182817
MODULATION_DATASET,Band-Power Envelope Coherence,Gamma,Medium,F7,CP2,0.009172870781323658
MODULATION_DATASET,Band-Power Envelope Coherence,Gamma,Medium,F7,CP6,0.04471920515256463
MODULATION_DATASET,Band-Power Envelope Coherence,Gamma,Medium,F7,T8,0.02492259070572344
MODULATION_DATASET,Band-Power Envelope Coherence,Gamma,Medium,F7,FT10,0.06999591006686712
MODULATION_DATASET,Band-Power Envelope Coherence,Gamma,Medium,F7,FC6,0.04958449484102826
MODULATION_DATASET,Band-Power Envelope Coherence,Gamma,Medium,F7,C4,0.005622163533675826
MODULATION_DATASET,Band-Power Envelope Coherence,Gamma,Medium,F7,FC2,0.055566480632721404
MODULATION_DATASET,Band-Power Envelope Coherence,Gamma,Medium,F7,F4,0.026508522025923374
MODULATION_DATASET,Band-Power Envelope Coherence,Gamma,Medium,F7,F8,0.12373714024427389
MODULATION_DATASET,Band-Power Envelope Coherence,Gamma,Medium,F7,Fp2,0.05464419219844845
MODULATION_DATASET,Band-Power Envelope Coherence,Gamma,Medium,F3,FC1,0.36185014342743277
MODULATION_DATASET,Band-Power Envelope Coherence,Gamma,Medium,F3,C3,0.21556535561956464
MODULATION_DATASET,Band-Power Envelope Coherence,Gamma,Medium,F3,FC5,0.38233529388323306
MODULATION_DATASET,Band-Power Envelope Coherence,Gamma,Medium,F3,FT9,0.041634269430259926
MODULATION_DATASET,Band-Power Envelope Coherence,Gamma,Medium,F3,T7,0.09762659842005136
MODULATION_DATASET,Band-Power Envelope Coherence,Gamma,Medium,F3,CP5,0.022573898650833413
MODULATION_DATASET,Band-Power Envelope Coherence,Gamma,Medium,F3,CP1,0.02912340789200331
MODULATION_DATASET,Band-Power Envelope Coherence,Gamma,Medium,F3,P3,0.006076505492551506
MODULATION_DATASET,Band-Power Envelope Coherence,Gamma,Medium,F3,P7,0.006954347934461187
MODULATION_DATASET,Band-Power Envelope Coherence,Gamma,Medium,F3,PO9,0.03647428274571358
MODULATION_DATASET,Band-Power Envelope Coherence,Gamma,Medium,F3,O1,0.010762309127830239
MODULATION_DATASET,Band-Power Envelope Coherence,Gamma,Medium,F3,Pz,0.014240095506342386
MODULATION_DATASET,Band-Power Envelope Coherence,Gamma,Medium,F3,Oz,0.012858066843882784
MODULATION_DATASET,Band-Power Envelope Coherence,Gamma,Medium,F3,O2,0.008359115667496494
MODULATION_DATASET,Band-Power Envelope Coherence,Gamma,Medium,F3,PO10,0.006392542672340531
MODULATION_DATASET,Band-Power Envelope Coherence,Gamma,Medium,F3,P8,0.01583454183173537
MODULATION_DATASET,Band-Power Envelope Coherence,Gamma,Medium,F3,P4,0.012198656534659048
MODULATION_DATASET,Band-Power Envelope Coherence,Gamma,Medium,F3,CP2,0.018015045610887532
MODULATION_DATASET,Band-Power Envelope Coherence,Gamma,Medium,F3,CP6,0.046206996312799155
MODULATION_DATASET,Band-Power Envelope Coherence,Gamma,Medium,F3,T8,0.1549807779293667
MODULATION_DATASET,Band-Power Envelope Coherence,Gamma,Medium,F3,FT10,0.13560169653221743
MODULATION_DATASET,Band-Power Envelope Coherence,Gamma,Medium,F3,FC6,0.23863943021391948
MODULATION_DATASET,Band-Power Envelope Coherence,Gamma,Medium,F3,C4,0.09206107636817559
MODULATION_DATASET,Band-Power Envelope Coherence,Gamma,Medium,F3,FC2,0.3800408271513191
MODULATION_DATASET,Band-Power Envelope Coherence,Gamma,Medium,F3,F4,0.22691774468305564
MODULATION_DATASET,Band-Power Envelope Coherence,Gamma,Medium,F3,F8,0.22580257583936947
MODULATION_DATASET,Band-Power Envelope Coherence,Gamma,Medium,F3,Fp2,0.035545337175898514
MODULATION_DATASET,Band-Power Envelope Coherence,Gamma,Medium,FC1,C3,0.1680797046056516
MODULATION_DATASET,Band-Power Envelope Coherence,Gamma,Medium,FC1,FC5,0.2185726779818827
MODULATION_DATASET,Band-Power Envelope Coherence,Gamma,Medium,FC1,FT9,0.09486725513139632
MODULATION_DATASET,Band-Power Envelope Coherence,Gamma,Medium,FC1,T7,0.03250966764960994
MODULATION_DATASET,Band-Power Envelope Coherence,Gamma,Medium,FC1,CP5,0.03259461438841088
MODULATION_DATASET,Band-Power Envelope Coherence,Gamma,Medium,FC1,CP1,0.10759183423266092
MODULATION_DATASET,Band-Power Envelope Coherence,Gamma,Medium,FC1,P3,0.011045507877634397
MODULATION_DATASET,Band-Power Envelope Coherence,Gamma,Medium,FC1,P7,0.01362550680069077
MODULATION_DATASET,Band-Power Envelope Coherence,Gamma,Medium,FC1,PO9,0.018715688401695914
MODULATION_DATASET,Band-Power Envelope Coherence,Gamma,Medium,FC1,O1,0.03237698640572942
MODULATION_DATASET,Band-Power Envelope Coherence,Gamma,Medium,FC1,Pz,0.052443062716250016
MODULATION_DATASET,Band-Power Envelope Coherence,Gamma,Medium,FC1,Oz,0.016389166765803504
MODULATION_DATASET,Band-Power Envelope Coherence,Gamma,Medium,FC1,O2,0.022977148889559672
MODULATION_DATASET,Band-Power Envelope Coherence,Gamma,Medium,FC1,PO10,0.006428841163059312
MODULATION_DATASET,Band-Power Envelope Coherence,Gamma,Medium,FC1,P8,0.011309196155289875
MODULATION_DATASET,Band-Power Envelope Coherence,Gamma,Medium,FC1,P4,0.0273323486794429
MODULATION_DATASET,Band-Power Envelope Coherence,Gamma,Medium,FC1,CP2,0.07589050191580943
MODULATION_DATASET,Band-Power Envelope Coherence,Gamma,Medium,FC1,CP6,0.041410138779436965
MODULATION_DATASET,Band-Power Envelope Coherence,Gamma,Medium,FC1,T8,0.11986359904158944
MODULATION_DATASET,Band-Power Envelope Coherence,Gamma,Medium,FC1,FT10,0.0608836138047161
MODULATION_DATASET,Band-Power Envelope Coherence,Gamma,Medium,FC1,FC6,0.14564614036031098
MODULATION_DATASET,Band-Power Envelope Coherence,Gamma,Medium,FC1,C4,0.12195246126477546
MODULATION_DATASET,Band-Power Envelope Coherence,Gamma,Medium,FC1,FC2,0.3453257709350266
MODULATION_DATASET,Band-Power Envelope Coherence,Gamma,Medium,FC1,F4,0.17847831980104198
MODULATION_DATASET,Band-Power Envelope Coherence,Gamma,Medium,FC1,F8,0.1052294933326962
MODULATION_DATASET,Band-Power Envelope Coherence,Gamma,Medium,FC1,Fp2,0.015266445011170622
MODULATION_DATASET,Band-Power Envelope Coherence,Gamma,Medium,C3,FC5,0.23827250849963993
MODULATION_DATASET,Band-Power Envelope Coherence,Gamma,Medium,C3,FT9,0.03349890758384101
MODULATION_DATASET,Band-Power Envelope Coherence,Gamma,Medium,C3,T7,0.13162169471822968
MODULATION_DATASET,Band-Power Envelope Coherence,Gamma,Medium,C3,CP5,0.10413954416851437
MODULATION_DATASET,Band-Power Envelope Coherence,Gamma,Medium,C3,CP1,0.10721825798218024
MODULATION_DATASET,Band-Power Envelope Coherence,Gamma,Medium,C3,P3,0.018042951679040516
MODULATION_DATASET,Band-Power Envelope Coherence,Gamma,Medium,C3,P7,0.011232777373201676
MODULATION_DATASET,Band-Power Envelope Coherence,Gamma,Medium,C3,PO9,0.004252615538511229
MODULATION_DATASET,Band-Power Envelope Coherence,Gamma,Medium,C3,O1,0.009834479285657007
MODULATION_DATASET,Band-Power Envelope Coherence,Gamma,Medium,C3,Pz,0.021897608169821482
MODULATION_DATASET,Band-Power Envelope Coherence,Gamma,Medium,C3,Oz,0.01685020776549409
MODULATION_DATASET,Band-Power Envelope Coherence,Gamma,Medium,C3,O2,0.01620228925445885
MODULATION_DATASET,Band-Power Envelope Coherence,Gamma,Medium,C3,PO10,0.01813014024676763
MODULATION_DATASET,Band-Power Envelope Coherence,Gamma,Medium,C3,P8,0.025757804196101172
MODULATION_DATASET,Band-Power Envelope Coherence,Gamma,Medium,C3,P4,0.021205065785491972
MODULATION_DATASET,Band-Power Envelope Coherence,Gamma,Medium,C3,CP2,0.019771100800748058
MODULATION_DATASET,Band-Power Envelope Coherence,Gamma,Medium,C3,CP6,0.011978802655895309
MODULATION_DATASET,Band-Power Envelope Coherence,Gamma,Medium,C3,T8,0.02507873005207972
MODULATION_DATASET,Band-Power Envelope Coherence,Gamma,Medium,C3,FT10,0.05617187919805438
MODULATION_DATASET,Band-Power Envelope Coherence,Gamma,Medium,C3,FC6,0.039508061059171415
MODULATION_DATASET,Band-Power Envelope Coherence,Gamma,Medium,C3,C4,0.021882391524847583
MODULATION_DATASET,Band-Power Envelope Coherence,Gamma,Medium,C3,FC2,0.16246996418150744
MODULATION_DATASET,Band-Power Envelope Coherence,Gamma,Medium,C3,F4,0.04197248751259739
MODULATION_DATASET,Band-Power Envelope Coherence,Gamma,Medium,C3,F8,0.061660781123194064
MODULATION_DATASET,Band-Power Envelope Coherence,Gamma,Medium,C3,Fp2,0.017731999382803457
MODULATION_DATASET,Band-Power Envelope Coherence,Gamma,Medium,FC5,FT9,0.02671432005828702
MODULATION_DATASET,Band-Power Envelope Coherence,Gamma,Medium,FC5,T7,0.2008441125902628
MODULATION_DATASET,Band-Power Envelope Coherence,Gamma,Medium,FC5,CP5,0.08801498999399021
MODULATION_DATASET,Band-Power Envelope Coherence,Gamma,Medium,FC5,CP1,0.047915841913570886
MODULATION_DATASET,Band-Power Envelope Coherence,Gamma,Medium,FC5,P3,0.01511903595152288
MODULATION_DATASET,Band-Power Envelope Coherence,Gamma,Medium,FC5,P7,0.023469130399424804
MODULATION_DATASET,Band-Power Envelope Coherence,Gamma,Medium,FC5,PO9,0.013730598508550768
MODULATION_DATASET,Band-Power Envelope Coherence,Gamma,Medium,FC5,O1,0.007279669514897051
MODULATION_DATASET,Band-Power Envelope Coherence,Gamma,Medium,FC5,Pz,0.01168254542445787
MODULATION_DATASET,Band-Power Envelope Coherence,Gamma,Medium,FC5,Oz,0.007840325404017155
MODULATION_DATASET,Band-Power Envelope Coherence,Gamma,Medium,FC5,O2,0.015334751090348406
MODULATION_DATASET,Band-Power Envelope Coherence,Gamma,Medium,FC5,PO10,0.007014576825299214
MODULATION_DATASET,Band-Power Envelope Coherence,Gamma,Medium,FC5,P8,0.005056240417353712
MODULATION_DATASET,Band-Power Envelope Coherence,Gamma,Medium,FC5,P4,0.0230643661207934
MODULATION_DATASET,Band-Power Envelope Coherence,Gamma,Medium,FC5,CP2,0.008735222574233054
MODULATION_DATASET,Band-Power Envelope Coherence,Gamma,Medium,FC5,CP6,0.012713970658182597
MODULATION_DATASET,Band-Power Envelope Coherence,Gamma,Medium,FC5,T8,0.015214563147522803
MODULATION_DATASET,Band-Power Envelope Coherence,Gamma,Medium,FC5,FT10,0.0296223738605834
MODULATION_DATASET,Band-Power Envelope Coherence,Gamma,Medium,FC5,FC6,0.03429078899226674
MODULATION_DATASET,Band-Power Envelope Coherence,Gamma,Medium,FC5,C4,0.005742498922843313
MODULATION_DATASET,Band-Power Envelope Coherence,Gamma,Medium,FC5,FC2,0.10034735553069693
MODULATION_DATASET,Band-Power Envelope Coherence,Gamma,Medium,FC5,F4,0.016418156197534554
MODULATION_DATASET,Band-Power Envelope Coherence,Gamma,Medium,FC5,F8,0.12351109785793246
MODULATION_DATASET,Band-Power Envelope Coherence,Gamma,Medium,FC5,Fp2,0.017521725078385852
MODULATION_DATASET,Band-Power Envelope Coherence,Gamma,Medium,FT9,T7,0.056847939852348234
MODULATION_DATASET,Band-Power Envelope Coherence,Gamma,Medium,FT9,CP5,0.038163522589316004
MODULATION_DATASET,Band-Power Envelope Coherence,Gamma,Medium,FT9,CP1,0.06272343702374883
MODULATION_DATASET,Band-Power Envelope Coherence,Gamma,Medium,FT9,P3,0.02230378584715475
MODULATION_DATASET,Band-Power Envelope Coherence,Gamma,Medium,FT9,P7,0.0488393059821674
MODULATION_DATASET,Band-Power Envelope Coherence,Gamma,Medium,FT9,PO9,0.026849236010808884
MODULATION_DATASET,Band-Power Envelope Coherence,Gamma,Medium,FT9,O1,0.07798440166973505
MODULATION_DATASET,Band-Power Envelope Coherence,Gamma,Medium,FT9,Pz,0.05823530807643135
MODULATION_DATASET,Band-Power Envelope Coherence,Gamma,Medium,FT9,Oz,0.06675115437071874
MODULATION_DATASET,Band-Power Envelope Coherence,Gamma,Medium,FT9,O2,0.06869936661903857
MODULATION_DATASET,Band-Power Envelope Coherence,Gamma,Medium,FT9,PO10,0.030689673550480415
MODULATION_DATASET,Band-Power Envelope Coherence,Gamma,Medium,FT9,P8,0.026969356335003206
MODULATION_DATASET,Band-Power Envelope Coherence,Gamma,Medium,FT9,P4,0.02891977775216706
MODULATION_DATASET,Band-Power Envelope Coherence,Gamma,Medium,FT9,CP2,0.03624790254247302
MODULATION_DATASET,Band-Power Envelope Coherence,Gamma,Medium,FT9,CP6,0.0034444352780658534
MODULATION_DATASET,Band-Power Envelope Coherence,Gamma,Medium,FT9,T8,0.021958518223927716
MODULATION_DATASET,Band-Power Envelope Coherence,Gamma,Medium,FT9,FT10,0.059000125396647424
MODULATION_DATASET,Band-Power Envelope Coherence,Gamma,Medium,FT9,FC6,0.022255302501838978
MODULATION_DATASET,Band-Power Envelope Coherence,Gamma,Medium,FT9,C4,0.02869830298771983
MODULATION_DATASET,Band-Power Envelope Coherence,Gamma,Medium,FT9,FC2,0.02630981665774374
MODULATION_DATASET,Band-Power Envelope Coherence,Gamma,Medium,FT9,F4,0.028869149739132426
MODULATION_DATASET,Band-Power Envelope Coherence,Gamma,Medium,FT9,F8,0.06940886533446028
MODULATION_DATASET,Band-Power Envelope Coherence,Gamma,Medium,FT9,Fp2,0.08231549580890699
MODULATION_DATASET,Band-Power Envelope Coherence,Gamma,Medium,T7,CP5,0.08246708618157798
MODULATION_DATASET,Band-Power Envelope Coherence,Gamma,Medium,T7,CP1,0.015077513204897627
MODULATION_DATASET,Band-Power Envelope Coherence,Gamma,Medium,T7,P3,0.009791654697328529
MODULATION_DATASET,Band-Power Envelope Coherence,Gamma,Medium,T7,P7,0.05989155117353167
MODULATION_DATASET,Band-Power Envelope Coherence,Gamma,Medium,T7,PO9,0.021133867906894803
MODULATION_DATASET,Band-Power Envelope Coherence,Gamma,Medium,T7,O1,0.0056895305531243275
MODULATION_DATASET,Band-Power Envelope Coherence,Gamma,Medium,T7,Pz,0.022536854197796323
MODULATION_DATASET,Band-Power Envelope Coherence,Gamma,Medium,T7,Oz,0.004890062745201181
MODULATION_DATASET,Band-Power Envelope Coherence,Gamma,Medium,T7,O2,0.015274223853759327
MODULATION_DATASET,Band-Power Envelope Coherence,Gamma,Medium,T7,PO10,0.006679974136157677
MODULATION_DATASET,Band-Power Envelope Coherence,Gamma,Medium,T7,P8,0.01930215555143667
MODULATION_DATASET,Band-Power Envelope Coherence,Gamma,Medium,T7,P4,0.009435995838204068
MODULATION_DATASET,Band-Power Envelope Coherence,Gamma,Medium,T7,CP2,0.0023407035268624907
MODULATION_DATASET,Band-Power Envelope Coherence,Gamma,Medium,T7,CP6,0.052959868071738955
MODULATION_DATASET,Band-Power Envelope Coherence,Gamma,Medium,T7,T8,0.011569588505446145
MODULATION_DATASET,Band-Power Envelope Coherence,Gamma,Medium,T7,FT10,0.028152548984085354
MODULATION_DATASET,Band-Power Envelope Coherence,Gamma,Medium,T7,FC6,0.0186082387799271
MODULATION_DATASET,Band-Power Envelope Coherence,Gamma,Medium,T7,C4,0.0070704759816153095
MODULATION_DATASET,Band-Power Envelope Coherence,Gamma,Medium,T7,FC2,0.023718741671799128
MODULATION_DATASET,Band-Power Envelope Coherence,Gamma,Medium,T7,F4,0.005141629651046475
MODULATION_DATASET,Band-Power Envelope Coherence,Gamma,Medium,T7,F8,0.08010442241578114
MODULATION_DATASET,Band-Power Envelope Coherence,Gamma,Medium,T7,Fp2,0.028481634733053967
MODULATION_DATASET,Band-Power Envelope Coherence,Gamma,Medium,CP5,CP1,0.1486304202284626
MODULATION_DATASET,Band-Power Envelope Coherence,Gamma,Medium,CP5,P3,0.11068000259024043
MODULATION_DATASET,Band-Power Envelope Coherence,Gamma,Medium,CP5,P7,0.17903899169805232
MODULATION_DATASET,Band-Power Envelope Coherence,Gamma,Medium,CP5,PO9,0.07272587704444995
MODULATION_DATASET,Band-Power Envelope Coherence,Gamma,Medium,CP5,O1,0.08682377194319033
MODULATION_DATASET,Band-Power Envelope Coherence,Gamma,Medium,CP5,Pz,0.19351546683626508
MODULATION_DATASET,Band-Power Envelope Coherence,Gamma,Medium,CP5,Oz,0.14057343647312434
MODULATION_DATASET,Band-Power Envelope Coherence,Gamma,Medium,CP5,O2,0.10190924610864566
MODULATION_DATASET,Band-Power Envelope Coherence,Gamma,Medium,CP5,PO10,0.06580873746894626
MODULATION_DATASET,Band-Power Envelope Coherence,Gamma,Medium,CP5,P8,0.12088116685089076
MODULATION_DATASET,Band-Power Envelope Coherence,Gamma,Medium,CP5,P4,0.04392126693016074
MODULATION_DATASET,Band-Power Envelope Coherence,Gamma,Medium,CP5,CP2,0.027025880085746582
MODULATION_DATASET,Band-Power Envelope Coherence,Gamma,Medium,CP5,CP6,0.024726699799789538
MODULATION_DATASET,Band-Power Envelope Coherence,Gamma,Medium,CP5,T8,0.003486326760031376
MODULATION_DATASET,Band-Power Envelope Coherence,Gamma,Medium,CP5,FT10,0.06689967559513134
MODULATION_DATASET,Band-Power Envelope Coherence,Gamma,Medium,CP5,FC6,0.009097072244105237
MODULATION_DATASET,Band-Power Envelope Coherence,Gamma,Medium,CP5,C4,0.005185965158591883
MODULATION_DATASET,Band-Power Envelope Coherence,Gamma,Medium,CP5,FC2,0.012142865927212509
MODULATION_DATASET,Band-Power Envelope Coherence,Gamma,Medium,CP5,F4,0.0019152125205992828
MODULATION_DATASET,Band-Power Envelope Coherence,Gamma,Medium,CP5,F8,0.0790433174005695
MODULATION_DATASET,Band-Power Envelope Coherence,Gamma,Medium,CP5,Fp2,0.03974819748983663
MODULATION_DATASET,Band-Power Envelope Coherence,Gamma,Medium,CP1,P3,0.2048658461050591
MODULATION_DATASET,Band-Power Envelope Coherence,Gamma,Medium,CP1,P7,0.17497955935929815
MODULATION_DATASET,Band-Power Envelope Coherence,Gamma,Medium,CP1,PO9,0.12335198956952284
MODULATION_DATASET,Band-Power Envelope Coherence,Gamma,Medium,CP1,O1,0.22206487170588307
MODULATION_DATASET,Band-Power Envelope Coherence,Gamma,Medium,CP1,Pz,0.3878344309255392
MODULATION_DATASET,Band-Power Envelope Coherence,Gamma,Medium,CP1,Oz,0.27369527666384874
MODULATION_DATASET,Band-Power Envelope Coherence,Gamma,Medium,CP1,O2,0.2279847627022929
MODULATION_DATASET,Band-Power Envelope Coherence,Gamma,Medium,CP1,PO10,0.09629725345680516
MODULATION_DATASET,Band-Power Envelope Coherence,Gamma,Medium,CP1,P8,0.11763345077597989
MODULATION_DATASET,Band-Power Envelope Coherence,Gamma,Medium,CP1,P4,0.18618123712100043
MODULATION_DATASET,Band-Power Envelope Coherence,Gamma,Medium,CP1,CP2,0.25204951678538745
MODULATION_DATASET,Band-Power Envelope Coherence,Gamma,Medium,CP1,CP6,0.08333608968030162
MODULATION_DATASET,Band-Power Envelope Coherence,Gamma,Medium,CP1,T8,0.04676385203857928
MODULATION_DATASET,Band-Power Envelope Coherence,Gamma,Medium,CP1,FT10,0.06528947669134029
MODULATION_DATASET,Band-Power Envelope Coherence,Gamma,Medium,CP1,FC6,0.021103686434549927
MODULATION_DATASET,Band-Power Envelope Coherence,Gamma,Medium,CP1,C4,0.03626806210222798
MODULATION_DATASET,Band-Power Envelope Coherence,Gamma,Medium,CP1,FC2,0.07912373557412798
MODULATION_DATASET,Band-Power Envelope Coherence,Gamma,Medium,CP1,F4,0.010987644580894268
MODULATION_DATASET,Band-Power Envelope Coherence,Gamma,Medium,CP1,F8,0.01165223798167091
MODULATION_DATASET,Band-Power Envelope Coherence,Gamma,Medium,CP1,Fp2,0.028200584930707272
MODULATION_DATASET,Band-Power Envelope Coherence,Gamma,Medium,P3,P7,0.15174232227948528
MODULATION_DATASET,Band-Power Envelope Coherence,Gamma,Medium,P3,PO9,0.08404580609049554
MODULATION_DATASET,Band-Power Envelope Coherence,Gamma,Medium,P3,O1,0.21852570483885755
MODULATION_DATASET,Band-Power Envelope Coherence,Gamma,Medium,P3,Pz,0.27988382220283065
MODULATION_DATASET,Band-Power Envelope Coherence,Gamma,Medium,P3,Oz,0.22870411433052118
MODULATION_DATASET,Band-Power Envelope Coherence,Gamma,Medium,P3,O2,0.15110500687367817
MODULATION_DATASET,Band-Power Envelope Coherence,Gamma,Medium,P3,PO10,0.035584553387148804
MODULATION_DATASET,Band-Power Envelope Coherence,Gamma,Medium,P3,P8,0.02724493830643518
MODULATION_DATASET,Band-Power Envelope Coherence,Gamma,Medium,P3,P4,0.061873249101526334
MODULATION_DATASET,Band-Power Envelope Coherence,Gamma,Medium,P3,CP2,0.07801490742532433
MODULATION_DATASET,Band-Power Envelope Coherence,Gamma,Medium,P3,CP6,0.005700450562848172
MODULATION_DATASET,Band-Power Envelope Coherence,Gamma,Medium,P3,T8,0.005016294968806284
MODULATION_DATASET,Band-Power Envelope Coherence,Gamma,Medium,P3,FT10,0.028887647653958064
MODULATION_DATASET,Band-Power Envelope Coherence,Gamma,Medium,P3,FC6,0.008505464837035657
MODULATION_DATASET,Band-Power Envelope Coherence,Gamma,Medium,P3,C4,0.0031621870541608237
MODULATION_DATASET,Band-Power Envelope Coherence,Gamma,Medium,P3,FC2,0.0076434165520388835
MODULATION_DATASET,Band-Power Envelope Coherence,Gamma,Medium,P3,F4,0.004359323685386465
MODULATION_DATASET,Band-Power Envelope Coherence,Gamma,Medium,P3,F8,0.005036148305280749
MODULATION_DATASET,Band-Power Envelope Coherence,Gamma,Medium,P3,Fp2,0.03228020118984086
MODULATION_DATASET,Band-Power Envelope Coherence,Gamma,Medium,P7,PO9,0.3959120862097101
MODULATION_DATASET,Band-Power Envelope Coherence,Gamma,Medium,P7,O1,0.3125284047798596
MODULATION_DATASET,Band-Power Envelope Coherence,Gamma,Medium,P7,Pz,0.18733310027089672
MODULATION_DATASET,Band-Power Envelope Coherence,Gamma,Medium,P7,Oz,0.28783071756433887
MODULATION_DATASET,Band-Power Envelope Coherence,Gamma,Medium,P7,O2,0.1502087972913613
MODULATION_DATASET,Band-Power Envelope Coherence,Gamma,Medium,P7,PO10,0.090840301234103
MODULATION_DATASET,Band-Power Envelope Coherence,Gamma,Medium,P7,P8,0.06571428163667027
MODULATION_DATASET,Band-Power Envelope Coherence,Gamma,Medium,P7,P4,0.0907354681037672
MODULATION_DATASET,Band-Power Envelope Coherence,Gamma,Medium,P7,CP2,0.030506457246523608
MODULATION_DATASET,Band-Power Envelope Coherence,Gamma,Medium,P7,CP6,0.013786212619011591
MODULATION_DATASET,Band-Power Envelope Coherence,Gamma,Medium,P7,T8,0.01304673228565351
MODULATION_DATASET,Band-Power Envelope Coherence,Gamma,Medium,P7,FT10,0.007611303386624744
MODULATION_DATASET,Band-Power Envelope Coherence,Gamma,Medium,P7,FC6,0.0022422817656127855
MODULATION_DATASET,Band-Power Envelope Coherence,Gamma,Medium,P7,C4,0.006784010247386283
MODULATION_DATASET,Band-Power Envelope Coherence,Gamma,Medium,P7,FC2,0.0031663399258006096
MODULATION_DATASET,Band-Power Envelope Coherence,Gamma,Medium,P7,F4,0.01305339329488609
MODULATION_DATASET,Band-Power Envelope Coherence,Gamma,Medium,P7,F8,0.008029721890477886
MODULATION_DATASET,Band-Power Envelope Coherence,Gamma,Medium,P7,Fp2,0.07581126493884864
MODULATION_DATASET,Band-Power Envelope Coherence,Gamma,Medium,PO9,O1,0.39335563682255
MODULATION_DATASET,Band-Power Envelope Coherence,Gamma,Medium,PO9,Pz,0.14388883966313068
MODULATION_DATASET,Band-Power Envelope Coherence,Gamma,Medium,PO9,Oz,0.3075423261130307
MODULATION_DATASET,Band-Power Envelope Coherence,Gamma,Medium,PO9,O2,0.14529711329556794
MODULATION_DATASET,Band-Power Envelope Coherence,Gamma,Medium,PO9,PO10,0.12122095300667547
MODULATION_DATASET,Band-Power Envelope Coherence,Gamma,Medium,PO9,P8,0.0899813168677901
MODULATION_DATASET,Band-Power Envelope Coherence,Gamma,Medium,PO9,P4,0.07153717810632246
MODULATION_DATASET,Band-Power Envelope Coherence,Gamma,Medium,PO9,CP2,0.029450628599157765
MODULATION_DATASET,Band-Power Envelope Coherence,Gamma,Medium,PO9,CP6,0.011450367676358382
MODULATION_DATASET,Band-Power Envelope Coherence,Gamma,Medium,PO9,T8,0.007651970433714005
MODULATION_DATASET,Band-Power Envelope Coherence,Gamma,Medium,PO9,FT10,0.011639204571362477
MODULATION_DATASET,Band-Power Envelope Coherence,Gamma,Medium,PO9,FC6,0.008775256895241251
MODULATION_DATASET,Band-Power Envelope Coherence,Gamma,Medium,PO9,C4,0.0044843491954316885
MODULATION_DATASET,Band-Power Envelope Coherence,Gamma,Medium,PO9,FC2,0.00361483790193394
MODULATION_DATASET,Band-Power Envelope Coherence,Gamma,Medium,PO9,F4,0.003078331710442495
MODULATION_DATASET,Band-Power Envelope Coherence,Gamma,Medium,PO9,F8,0.023377924512062633
MODULATION_DATASET,Band-Power Envelope Coherence,Gamma,Medium,PO9,Fp2,0.021363689637078728
MODULATION_DATASET,Band-Power Envelope Coherence,Gamma,Medium,O1,Pz,0.39724983863823515
MODULATION_DATASET,Band-Power Envelope Coherence,Gamma,Medium,O1,Oz,0.7218728275805382
MODULATION_DATASET,Band-Power Envelope Coherence,Gamma,Medium,O1,O2,0.5051768050294096
MODULATION_DATASET,Band-Power Envelope Coherence,Gamma,Medium,O1,PO10,0.11606812989531595
MODULATION_DATASET,Band-Power Envelope Coherence,Gamma,Medium,O1,P8,0.14097083655201126
MODULATION_DATASET,Band-Power Envelope Coherence,Gamma,Medium,O1,P4,0.22310008433866915
MODULATION_DATASET,Band-Power Envelope Coherence,Gamma,Medium,O1,CP2,0.13828577608336623
MODULATION_DATASET,Band-Power Envelope Coherence,Gamma,Medium,O1,CP6,0.011378475522572599
MODULATION_DATASET,Band-Power Envelope Coherence,Gamma,Medium,O1,T8,0.005255917346076125
MODULATION_DATASET,Band-Power Envelope Coherence,Gamma,Medium,O1,FT10,0.00815536147235219
MODULATION_DATASET,Band-Power Envelope Coherence,Gamma,Medium,O1,FC6,0.004727312141150871
MODULATION_DATASET,Band-Power Envelope Coherence,Gamma,Medium,O1,C4,0.009306842712429104
MODULATION_DATASET,Band-Power Envelope Coherence,Gamma,Medium,O1,FC2,0.004265950716729911
MODULATION_DATASET,Band-Power Envelope Coherence,Gamma,Medium,O1,F4,0.0049654552314501825
MODULATION_DATASET,Band-Power Envelope Coherence,Gamma,Medium,O1,F8,0.0075314913753441685
MODULATION_DATASET,Band-Power Envelope Coherence,Gamma,Medium,O1,Fp2,0.024389331307888475
MODULATION_DATASET,Band-Power Envelope Coherence,Gamma,Medium,Pz,Oz,0.4527026834935152
MODULATION_DATASET,Band-Power Envelope Coherence,Gamma,Medium,Pz,O2,0.37813085410188185
MODULATION_DATASET,Band-Power Envelope Coherence,Gamma,Medium,Pz,PO10,0.09510149559176252
MODULATION_DATASET,Band-Power Envelope Coherence,Gamma,Medium,Pz,P8,0.22543119340318402
MODULATION_DATASET,Band-Power Envelope Coherence,Gamma,Medium,Pz,P4,0.33398617392241947
MODULATION_DATASET,Band-Power Envelope Coherence,Gamma,Medium,Pz,CP2,0.3088117300294235
MODULATION_DATASET,Band-Power Envelope Coherence,Gamma,Medium,Pz,CP6,0.11223351932832028
MODULATION_DATASET,Band-Power Envelope Coherence,Gamma,Medium,Pz,T8,0.030512160291883757
MODULATION_DATASET,Band-Power Envelope Coherence,Gamma,Medium,Pz,FT10,0.06325684900221783
MODULATION_DATASET,Band-Power Envelope Coherence,Gamma,Medium,Pz,FC6,0.043496575896037434
MODULATION_DATASET,Band-Power Envelope Coherence,Gamma,Medium,Pz,C4,0.04125605349351466
MODULATION_DATASET,Band-Power Envelope Coherence,Gamma,Medium,Pz,FC2,0.03594684879161464
MODULATION_DATASET,Band-Power Envelope Coherence,Gamma,Medium,Pz,F4,0.018784443164070273
MODULATION_DATASET,Band-Power Envelope Coherence,Gamma,Medium,Pz,F8,0.020643977240077698
MODULATION_DATASET,Band-Power Envelope Coherence,Gamma,Medium,Pz,Fp2,0.03366464579476679
MODULATION_DATASET,Band-Power Envelope Coherence,Gamma,Medium,Oz,O2,0.7309055679016037
MODULATION_DATASET,Band-Power Envelope Coherence,Gamma,Medium,Oz,PO10,0.2326659513279572
MODULATION_DATASET,Band-Power Envelope Coherence,Gamma,Medium,Oz,P8,0.28075334298078625
MODULATION_DATASET,Band-Power Envelope Coherence,Gamma,Medium,Oz,P4,0.30794633596801557
MODULATION_DATASET,Band-Power Envelope Coherence,Gamma,Medium,Oz,CP2,0.16143641528231478
MODULATION_DATASET,Band-Power Envelope Coherence,Gamma,Medium,Oz,CP6,0.030506744568719543
MODULATION_DATASET,Band-Power Envelope Coherence,Gamma,Medium,Oz,T8,0.004570177953688182
MODULATION_DATASET,Band-Power Envelope Coherence,Gamma,Medium,Oz,FT10,0.010613888028307249
MODULATION_DATASET,Band-Power Envelope Coherence,Gamma,Medium,Oz,FC6,0.0041191563329104055
MODULATION_DATASET,Band-Power Envelope Coherence,Gamma,Medium,Oz,C4,0.01343481269526641
MODULATION_DATASET,Band-Power Envelope Coherence,Gamma,Medium,Oz,FC2,0.013436361970286137
MODULATION_DATASET,Band-Power Envelope Coherence,Gamma,Medium,Oz,F4,0.003845761072449043
MODULATION_DATASET,Band-Power Envelope Coherence,Gamma,Medium,Oz,F8,0.0050461467739039
MODULATION_DATASET,Band-Power Envelope Coherence,Gamma,Medium,Oz,Fp2,0.02508691940055017
MODULATION_DATASET,Band-Power Envelope Coherence,Gamma,Medium,O2,PO10,0.29474688623629985
MODULATION_DATASET,Band-Power Envelope Coherence,Gamma,Medium,O2,P8,0.38073673161664534
MODULATION_DATASET,Band-Power Envelope Coherence,Gamma,Medium,O2,P4,0.35119410645771154
MODULATION_DATASET,Band-Power Envelope Coherence,Gamma,Medium,O2,CP2,0.18423724585615045
MODULATION_DATASET,Band-Power Envelope Coherence,Gamma,Medium,O2,CP6,0.06648258061806805
MODULATION_DATASET,Band-Power Envelope Coherence,Gamma,Medium,O2,T8,0.011253472072232248
MODULATION_DATASET,Band-Power Envelope Coherence,Gamma,Medium,O2,FT10,0.016420071744949624
MODULATION_DATASET,Band-Power Envelope Coherence,Gamma,Medium,O2,FC6,0.00728588096493671
MODULATION_DATASET,Band-Power Envelope Coherence,Gamma,Medium,O2,C4,0.014283475702739737
MODULATION_DATASET,Band-Power Envelope Coherence,Gamma,Medium,O2,FC2,0.008999972986203121
MODULATION_DATASET,Band-Power Envelope Coherence,Gamma,Medium,O2,F4,0.005427862692176645
MODULATION_DATASET,Band-Power Envelope Coherence,Gamma,Medium,O2,F8,0.012345992836053735
MODULATION_DATASET,Band-Power Envelope Coherence,Gamma,Medium,O2,Fp2,0.02589735681752206
MODULATION_DATASET,Band-Power Envelope Coherence,Gamma,Medium,PO10,P8,0.41264741888137985
MODULATION_DATASET,Band-Power Envelope Coherence,Gamma,Medium,PO10,P4,0.14468146918181046
MODULATION_DATASET,Band-Power Envelope Coherence,Gamma,Medium,PO10,CP2,0.05848777072631253
MODULATION_DATASET,Band-Power Envelope Coherence,Gamma,Medium,PO10,CP6,0.11537447175617452
MODULATION_DATASET,Band-Power Envelope Coherence,Gamma,Medium,PO10,T8,0.047662117589862926
MODULATION_DATASET,Band-Power Envelope Coherence,Gamma,Medium,PO10,FT10,0.015175081550919227
MODULATION_DATASET,Band-Power Envelope Coherence,Gamma,Medium,PO10,FC6,0.021704075702966813
MODULATION_DATASET,Band-Power Envelope Coherence,Gamma,Medium,PO10,C4,0.022980132750802913
MODULATION_DATASET,Band-Power Envelope Coherence,Gamma,Medium,PO10,FC2,0.006641281012184792
MODULATION_DATASET,Band-Power Envelope Coherence,Gamma,Medium,PO10,F4,0.00743504032881483
MODULATION_DATASET,Band-Power Envelope Coherence,Gamma,Medium,PO10,F8,0.02200574149375798
MODULATION_DATASET,Band-Power Envelope Coherence,Gamma,Medium,PO10,Fp2,0.0335735511265184
MODULATION_DATASET,Band-Power Envelope Coherence,Gamma,Medium,P8,P4,0.3102266414919851
MODULATION_DATASET,Band-Power Envelope Coherence,Gamma,Medium,P8,CP2,0.16725361543901313
MODULATION_DATASET,Band-Power Envelope Coherence,Gamma,Medium,P8,CP6,0.3319074364622664
MODULATION_DATASET,Band-Power Envelope Coherence,Gamma,Medium,P8,T8,0.10242577645610423
MODULATION_DATASET,Band-Power Envelope Coherence,Gamma,Medium,P8,FT10,0.08847462909584519
MODULATION_DATASET,Band-Power Envelope Coherence,Gamma,Medium,P8,FC6,0.07862219356371948
MODULATION_DATASET,Band-Power Envelope Coherence,Gamma,Medium,P8,C4,0.07834863632602337
MODULATION_DATASET,Band-Power Envelope Coherence,Gamma,Medium,P8,FC2,0.02242723294997081
MODULATION_DATASET,Band-Power Envelope Coherence,Gamma,Medium,P8,F4,0.03634278758808504
MODULATION_DATASET,Band-Power Envelope Coherence,Gamma,Medium,P8,F8,0.05686186678491584
MODULATION_DATASET,Band-Power Envelope Coherence,Gamma,Medium,P8,Fp2,0.009595547412995148
MODULATION_DATASET,Band-Power Envelope Coherence,Gamma,Medium,P4,CP2,0.3714094391293327
MODULATION_DATASET,Band-Power Envelope Coherence,Gamma,Medium,P4,CP6,0.19713861044620767
MODULATION_DATASET,Band-Power Envelope Coherence,Gamma,Medium,P4,T8,0.03578586600810337
MODULATION_DATASET,Band-Power Envelope Coherence,Gamma,Medium,P4,FT10,0.007666607890811894
MODULATION_DATASET,Band-Power Envelope Coherence,Gamma,Medium,P4,FC6,0.02182160694644172
MODULATION_DATASET,Band-Power Envelope Coherence,Gamma,Medium,P4,C4,0.11478755840001975
MODULATION_DATASET,Band-Power Envelope Coherence,Gamma,Medium,P4,FC2,0.021818968712645485
MODULATION_DATASET,Band-Power Envelope Coherence,Gamma,Medium,P4,F4,0.01087009794162156
MODULATION_DATASET,Band-Power Envelope Coherence,Gamma,Medium,P4,F8,0.021686985948250047
MODULATION_DATASET,Band-Power Envelope Coherence,Gamma,Medium,P4,Fp2,0.008604111355063266
MODULATION_DATASET,Band-Power Envelope Coherence,Gamma,Medium,CP2,CP6,0.19200966797675048
MODULATION_DATASET,Band-Power Envelope Coherence,Gamma,Medium,CP2,T8,0.09925416181200365
MODULATION_DATASET,Band-Power Envelope Coherence,Gamma,Medium,CP2,FT10,0.05780342718488316
MODULATION_DATASET,Band-Power Envelope Coherence,Gamma,Medium,CP2,FC6,0.06421505332655891
MODULATION_DATASET,Band-Power Envelope Coherence,Gamma,Medium,CP2,C4,0.20967462498528872
MODULATION_DATASET,Band-Power Envelope Coherence,Gamma,Medium,CP2,FC2,0.09301189349546532
MODULATION_DATASET,Band-Power Envelope Coherence,Gamma,Medium,CP2,F4,0.06064235035591939
MODULATION_DATASET,Band-Power Envelope Coherence,Gamma,Medium,CP2,F8,0.005348688676272021
MODULATION_DATASET,Band-Power Envelope Coherence,Gamma,Medium,CP2,Fp2,0.008044908298045526
MODULATION_DATASET,Band-Power Envelope Coherence,Gamma,Medium,CP6,T8,0.3008241592406433
MODULATION_DATASET,Band-Power Envelope Coherence,Gamma,Medium,CP6,FT10,0.201153752977624
MODULATION_DATASET,Band-Power Envelope Coherence,Gamma,Medium,CP6,FC6,0.26150367510917544
MODULATION_DATASET,Band-Power Envelope Coherence,Gamma,Medium,CP6,C4,0.3199760242100678
MODULATION_DATASET,Band-Power Envelope Coherence,Gamma,Medium,CP6,FC2,0.17844370264207526
MODULATION_DATASET,Band-Power Envelope Coherence,Gamma,Medium,CP6,F4,0.1614812399971418
MODULATION_DATASET,Band-Power Envelope Coherence,Gamma,Medium,CP6,F8,0.09566817370424213
MODULATION_DATASET,Band-Power Envelope Coherence,Gamma,Medium,CP6,Fp2,0.0277109139675671
MODULATION_DATASET,Band-Power Envelope Coherence,Gamma,Medium,T8,FT10,0.2307839669511138
MODULATION_DATASET,Band-Power Envelope Coherence,Gamma,Medium,T8,FC6,0.665309260204451
MODULATION_DATASET,Band-Power Envelope Coherence,Gamma,Medium,T8,C4,0.3335643979436317
MODULATION_DATASET,Band-Power Envelope Coherence,Gamma,Medium,T8,FC2,0.3816209344145798
MODULATION_DATASET,Band-Power Envelope Coherence,Gamma,Medium,T8,F4,0.44243351234496253
MODULATION_DATASET,Band-Power Envelope Coherence,Gamma,Medium,T8,F8,0.2602965607766694
MODULATION_DATASET,Band-Power Envelope Coherence,Gamma,Medium,T8,Fp2,0.034616227711059
MODULATION_DATASET,Band-Power Envelope Coherence,Gamma,Medium,FT10,FC6,0.33067281228468076
MODULATION_DATASET,Band-Power Envelope Coherence,Gamma,Medium,FT10,C4,0.1718968736541253
MODULATION_DATASET,Band-Power Envelope Coherence,Gamma,Medium,FT10,FC2,0.2530269549546898
MODULATION_DATASET,Band-Power Envelope Coherence,Gamma,Medium,FT10,F4,0.2960528864992159
MODULATION_DATASET,Band-Power Envelope Coherence,Gamma,Medium,FT10,F8,0.3360677455355743
MODULATION_DATASET,Band-Power Envelope Coherence,Gamma,Medium,FT10,Fp2,0.06809033911385423
MODULATION_DATASET,Band-Power Envelope Coherence,Gamma,Medium,FC6,C4,0.3709756724411245
MODULATION_DATASET,Band-Power Envelope Coherence,Gamma,Medium,FC6,FC2,0.5141391659444888
MODULATION_DATASET,Band-Power Envelope Coherence,Gamma,Medium,FC6,F4,0.6325655371487805
MODULATION_DATASET,Band-Power Envelope Coherence,Gamma,Medium,FC6,F8,0.4256311109715187
MODULATION_DATASET,Band-Power Envelope Coherence,Gamma,Medium,FC6,Fp2,0.04634245654458904
MODULATION_DATASET,Band-Power Envelope Coherence,Gamma,Medium,C4,FC2,0.391647412720578
MODULATION_DATASET,Band-Power Envelope Coherence,Gamma,Medium,C4,F4,0.30233105090014945
MODULATION_DATASET,Band-Power Envelope Coherence,Gamma,Medium,C4,F8,0.08294476667716173
MODULATION_DATASET,Band-Power Envelope Coherence,Gamma,Medium,C4,Fp2,0.015034163956314819
MODULATION_DATASET,Band-Power Envelope Coherence,Gamma,Medium,FC2,F4,0.46589577979296676
MODULATION_DATASET,Band-Power Envelope Coherence,Gamma,Medium,FC2,F8,0.22139235414998665
MODULATION_DATASET,Band-Power Envelope Coherence,Gamma,Medium,FC2,Fp2,0.02807214488273932
MODULATION_DATASET,Band-Power Envelope Coherence,Gamma,Medium,F4,F8,0.44436778823239104
MODULATION_DATASET,Band-Power Envelope Coherence,Gamma,Medium,F4,Fp2,0.11280739165702094
MODULATION_DATASET,Band-Power Envelope Coherence,Gamma,Medium,F8,Fp2,0.17151968079567054
MODULATION_DATASET,Band-Power Envelope Coherence,Gamma,Fast,Cz,Fz,0.25521793246449337
MODULATION_DATASET,Band-Power Envelope Coherence,Gamma,Fast,Cz,Fp1,0.006885292675934148
MODULATION_DATASET,Band-Power Envelope Coherence,Gamma,Fast,Cz,F7,0.020797273493619872
MODULATION_DATASET,Band-Power Envelope Coherence,Gamma,Fast,Cz,F3,0.14314588934919656
MODULATION_DATASET,Band-Power Envelope Coherence,Gamma,Fast,Cz,FC1,0.3429333896543676
MODULATION_DATASET,Band-Power Envelope Coherence,Gamma,Fast,Cz,C3,0.17266739273343906
MODULATION_DATASET,Band-Power Envelope Coherence,Gamma,Fast,Cz,FC5,0.1140370369869504
MODULATION_DATASET,Band-Power Envelope Coherence,Gamma,Fast,Cz,FT9,0.026233158684069627
MODULATION_DATASET,Band-Power Envelope Coherence,Gamma,Fast,Cz,T7,0.019866598051704713
MODULATION_DATASET,Band-Power Envelope Coherence,Gamma,Fast,Cz,CP5,0.049654792443019506
MODULATION_DATASET,Band-Power Envelope Coherence,Gamma,Fast,Cz,CP1,0.2049502876249305
MODULATION_DATASET,Band-Power Envelope Coherence,Gamma,Fast,Cz,P3,0.03104779772575257
MODULATION_DATASET,Band-Power Envelope Coherence,Gamma,Fast,Cz,P7,0.006638216269997379
MODULATION_DATASET,Band-Power Envelope Coherence,Gamma,Fast,Cz,PO9,0.004253274995113055
MODULATION_DATASET,Band-Power Envelope Coherence,Gamma,Fast,Cz,O1,0.006720733784545798
MODULATION_DATASET,Band-Power Envelope Coherence,Gamma,Fast,Cz,Pz,0.09177037244805794
MODULATION_DATASET,Band-Power Envelope Coherence,Gamma,Fast,Cz,Oz,0.009530790417355356
MODULATION_DATASET,Band-Power Envelope Coherence,Gamma,Fast,Cz,O2,0.012384360484224609
MODULATION_DATASET,Band-Power Envelope Coherence,Gamma,Fast,Cz,PO10,0.006908791324957428
MODULATION_DATASET,Band-Power Envelope Coherence,Gamma,Fast,Cz,P8,0.012975516834275879
MODULATION_DATASET,Band-Power Envelope Coherence,Gamma,Fast,Cz,P4,0.044221645293401765
MODULATION_DATASET,Band-Power Envelope Coherence,Gamma,Fast,Cz,CP2,0.17806846916792088
MODULATION_DATASET,Band-Power Envelope Coherence,Gamma,Fast,Cz,CP6,0.13031528741550152
MODULATION_DATASET,Band-Power Envelope Coherence,Gamma,Fast,Cz,T8,0.05824818252384422
MODULATION_DATASET,Band-Power Envelope Coherence,Gamma,Fast,Cz,FT10,0.11265360386540318
MODULATION_DATASET,Band-Power Envelope Coherence,Gamma,Fast,Cz,FC6,0.0784594554638649
MODULATION_DATASET,Band-Power Envelope Coherence,Gamma,Fast,Cz,C4,0.1527574751798809
MODULATION_DATASET,Band-Power Envelope Coherence,Gamma,Fast,Cz,FC2,0.3777078885613893
MODULATION_DATASET,Band-Power Envelope Coherence,Gamma,Fast,Cz,F4,0.09930361747252212
MODULATION_DATASET,Band-Power Envelope Coherence,Gamma,Fast,Cz,F8,0.0512183959480994
MODULATION_DATASET,Band-Power Envelope Coherence,Gamma,Fast,Cz,Fp2,0.011815779205748365
MODULATION_DATASET,Band-Power Envelope Coherence,Gamma,Fast,Fz,Fp1,0.04984573040799351
MODULATION_DATASET,Band-Power Envelope Coherence,Gamma,Fast,Fz,F7,0.03158292685615233
MODULATION_DATASET,Band-Power Envelope Coherence,Gamma,Fast,Fz,F3,0.436992521708941
MODULATION_DATASET,Band-Power Envelope Coherence,Gamma,Fast,Fz,FC1,0.39563077603398744
MODULATION_DATASET,Band-Power Envelope Coherence,Gamma,Fast,Fz,C3,0.0650172786104726
MODULATION_DATASET,Band-Power Envelope Coherence,Gamma,Fast,Fz,FC5,0.06986876370147702
MODULATION_DATASET,Band-Power Envelope Coherence,Gamma,Fast,Fz,FT9,0.03937529604515271
MODULATION_DATASET,Band-Power Envelope Coherence,Gamma,Fast,Fz,T7,0.015172180780446397
MODULATION_DATASET,Band-Power Envelope Coherence,Gamma,Fast,Fz,CP5,0.006519248686397592
MODULATION_DATASET,Band-Power Envelope Coherence,Gamma,Fast,Fz,CP1,0.03519010375922731
MODULATION_DATASET,Band-Power Envelope Coherence,Gamma,Fast,Fz,P3,0.008673141213642242
MODULATION_DATASET,Band-Power Envelope Coherence,Gamma,Fast,Fz,P7,0.0031230981972826073
MODULATION_DATASET,Band-Power Envelope Coherence,Gamma,Fast,Fz,PO9,0.028128578742008265
MODULATION_DATASET,Band-Power Envelope Coherence,Gamma,Fast,Fz,O1,0.016337019574703737
MODULATION_DATASET,Band-Power Envelope Coherence,Gamma,Fast,Fz,Pz,0.03713021695338388
MODULATION_DATASET,Band-Power Envelope Coherence,Gamma,Fast,Fz,Oz,0.009191001912600005
MODULATION_DATASET,Band-Power Envelope Coherence,Gamma,Fast,Fz,O2,0.008335601850410615
MODULATION_DATASET,Band-Power Envelope Coherence,Gamma,Fast,Fz,PO10,0.007243818923702813
MODULATION_DATASET,Band-Power Envelope Coherence,Gamma,Fast,Fz,P8,0.03941252443824515
MODULATION_DATASET,Band-Power Envelope Coherence,Gamma,Fast,Fz,P4,0.012958821436553965
MODULATION_DATASET,Band-Power Envelope Coherence,Gamma,Fast,Fz,CP2,0.05008950453987915
MODULATION_DATASET,Band-Power Envelope Coherence,Gamma,Fast,Fz,CP6,0.14358764856092
MODULATION_DATASET,Band-Power Envelope Coherence,Gamma,Fast,Fz,T8,0.2862735747408923
MODULATION_DATASET,Band-Power Envelope Coherence,Gamma,Fast,Fz,FT10,0.2326819962286663
MODULATION_DATASET,Band-Power Envelope Coherence,Gamma,Fast,Fz,FC6,0.44797156591568404
MODULATION_DATASET,Band-Power Envelope Coherence,Gamma,Fast,Fz,C4,0.30812437954928806
MODULATION_DATASET,Band-Power Envelope Coherence,Gamma,Fast,Fz,FC2,0.6035815030692298
MODULATION_DATASET,Band-Power Envelope Coherence,Gamma,Fast,Fz,F4,0.5364024313572425
MODULATION_DATASET,Band-Power Envelope Coherence,Gamma,Fast,Fz,F8,0.2208465682922537
MODULATION_DATASET,Band-Power Envelope Coherence,Gamma,Fast,Fz,Fp2,0.0481856041464456
MODULATION_DATASET,Band-Power Envelope Coherence,Gamma,Fast,Fp1,F7,0.23381953198904637
MODULATION_DATASET,Band-Power Envelope Coherence,Gamma,Fast,Fp1,F3,0.08912181028070253
MODULATION_DATASET,Band-Power Envelope Coherence,Gamma,Fast,Fp1,FC1,0.018393380987792217
MODULATION_DATASET,Band-Power Envelope Coherence,Gamma,Fast,Fp1,C3,0.07476167565095157
MODULATION_DATASET,Band-Power Envelope Coherence,Gamma,Fast,Fp1,FC5,0.04335425937335573
MODULATION_DATASET,Band-Power Envelope Coherence,Gamma,Fast,Fp1,FT9,0.08283460482624444
MODULATION_DATASET,Band-Power Envelope Coherence,Gamma,Fast,Fp1,T7,0.10396622869377109
MODULATION_DATASET,Band-Power Envelope Coherence,Gamma,Fast,Fp1,CP5,0.0850357483256565
MODULATION_DATASET,Band-Power Envelope Coherence,Gamma,Fast,Fp1,CP1,0.06160859300683147
MODULATION_DATASET,Band-Power Envelope Coherence,Gamma,Fast,Fp1,P3,0.04428904092056621
MODULATION_DATASET,Band-Power Envelope Coherence,Gamma,Fast,Fp1,P7,0.09307348522196321
MODULATION_DATASET,Band-Power Envelope Coherence,Gamma,Fast,Fp1,PO9,0.010877310338730392
MODULATION_DATASET,Band-Power Envelope Coherence,Gamma,Fast,Fp1,O1,0.009123220699221241
MODULATION_DATASET,Band-Power Envelope Coherence,Gamma,Fast,Fp1,Pz,0.04589338013927793
MODULATION_DATASET,Band-Power Envelope Coherence,Gamma,Fast,Fp1,Oz,0.027743232584506144
MODULATION_DATASET,Band-Power Envelope Coherence,Gamma,Fast,Fp1,O2,0.023885852431390294
MODULATION_DATASET,Band-Power Envelope Coherence,Gamma,Fast,Fp1,PO10,0.04355899016670067
MODULATION_DATASET,Band-Power Envelope Coherence,Gamma,Fast,Fp1,P8,0.007173499524367942
MODULATION_DATASET,Band-Power Envelope Coherence,Gamma,Fast,Fp1,P4,0.00897636604493821
MODULATION_DATASET,Band-Power Envelope Coherence,Gamma,Fast,Fp1,CP2,0.0030606769159358307
MODULATION_DATASET,Band-Power Envelope Coherence,Gamma,Fast,Fp1,CP6,0.031026159521033568
MODULATION_DATASET,Band-Power Envelope Coherence,Gamma,Fast,Fp1,T8,0.008690152496659706
MODULATION_DATASET,Band-Power Envelope Coherence,Gamma,Fast,Fp1,FT10,0.028993813840555674
MODULATION_DATASET,Band-Power Envelope Coherence,Gamma,Fast,Fp1,FC6,0.01113519061918222
MODULATION_DATASET,Band-Power Envelope Coherence,Gamma,Fast,Fp1,C4,0.011690050515869821
MODULATION_DATASET,Band-Power Envelope Coherence,Gamma,Fast,Fp1,FC2,0.021435089581203538
MODULATION_DATASET,Band-Power Envelope Coherence,Gamma,Fast,Fp1,F4,0.026632273489759425
MODULATION_DATASET,Band-Power Envelope Coherence,Gamma,Fast,Fp1,F8,0.028111729173992368
MODULATION_DATASET,Band-Power Envelope Coherence,Gamma,Fast,Fp1,Fp2,0.4597540393656495
MODULATION_DATASET,Band-Power Envelope Coherence,Gamma,Fast,F7,F3,0.3287174707297972
MODULATION_DATASET,Band-Power Envelope Coherence,Gamma,Fast,F7,FC1,0.035731891189117244
MODULATION_DATASET,Band-Power Envelope Coherence,Gamma,Fast,F7,C3,0.20574957603825195
MODULATION_DATASET,Band-Power Envelope Coherence,Gamma,Fast,F7,FC5,0.36164345333132353
MODULATION_DATASET,Band-Power Envelope Coherence,Gamma,Fast,F7,FT9,0.08860938280227293
MODULATION_DATASET,Band-Power Envelope Coherence,Gamma,Fast,F7,T7,0.20099820588791484
MODULATION_DATASET,Band-Power Envelope Coherence,Gamma,Fast,F7,CP5,0.07355120347627994
MODULATION_DATASET,Band-Power Envelope Coherence,Gamma,Fast,F7,CP1,0.012670403557050902
MODULATION_DATASET,Band-Power Envelope Coherence,Gamma,Fast,F7,P3,0.004167782240760615
MODULATION_DATASET,Band-Power Envelope Coherence,Gamma,Fast,F7,P7,0.009593305329327725
MODULATION_DATASET,Band-Power Envelope Coherence,Gamma,Fast,F7,PO9,0.008755230399001364
MODULATION_DATASET,Band-Power Envelope Coherence,Gamma,Fast,F7,O1,0.015376956241879352
MODULATION_DATASET,Band-Power Envelope Coherence,Gamma,Fast,F7,Pz,0.004322670514873187
MODULATION_DATASET,Band-Power Envelope Coherence,Gamma,Fast,F7,Oz,0.0046321717431129115
MODULATION_DATASET,Band-Power Envelope Coherence,Gamma,Fast,F7,O2,0.004064982212800715
MODULATION_DATASET,Band-Power Envelope Coherence,Gamma,Fast,F7,PO10,0.025079682897949946
MODULATION_DATASET,Band-Power Envelope Coherence,Gamma,Fast,F7,P8,0.01846352094164977
MODULATION_DATASET,Band-Power Envelope Coherence,Gamma,Fast,F7,P4,0.017021085926862224
MODULATION_DATASET,Band-Power Envelope Coherence,Gamma,Fast,F7,CP2,0.00918517194106885
MODULATION_DATASET,Band-Power Envelope Coherence,Gamma,Fast,F7,CP6,0.0447420256489205
MODULATION_DATASET,Band-Power Envelope Coherence,Gamma,Fast,F7,T8,0.02492724928538409
MODULATION_DATASET,Band-Power Envelope Coherence,Gamma,Fast,F7,FT10,0.07003586330371564
MODULATION_DATASET,Band-Power Envelope Coherence,Gamma,Fast,F7,FC6,0.04959832665517305
MODULATION_DATASET,Band-Power Envelope Coherence,Gamma,Fast,F7,C4,0.005622611350339005
MODULATION_DATASET,Band-Power Envelope Coherence,Gamma,Fast,F7,FC2,0.05559302321190628
MODULATION_DATASET,Band-Power Envelope Coherence,Gamma,Fast,F7,F4,0.026510368910080587
MODULATION_DATASET,Band-Power Envelope Coherence,Gamma,Fast,F7,F8,0.12380125295013661
MODULATION_DATASET,Band-Power Envelope Coherence,Gamma,Fast,F7,Fp2,0.05465147902482031
MODULATION_DATASET,Band-Power Envelope Coherence,Gamma,Fast,F3,FC1,0.36191035493285273
MODULATION_DATASET,Band-Power Envelope Coherence,Gamma,Fast,F3,C3,0.21562715141384436
MODULATION_DATASET,Band-Power Envelope Coherence,Gamma,Fast,F3,FC5,0.38232972743100596
MODULATION_DATASET,Band-Power Envelope Coherence,Gamma,Fast,F3,FT9,0.041636883023075236
MODULATION_DATASET,Band-Power Envelope Coherence,Gamma,Fast,F3,T7,0.09764467581235522
MODULATION_DATASET,Band-Power Envelope Coherence,Gamma,Fast,F3,CP5,0.02257732315171545
MODULATION_DATASET,Band-Power Envelope Coherence,Gamma,Fast,F3,CP1,0.029122133567772768
MODULATION_DATASET,Band-Power Envelope Coherence,Gamma,Fast,F3,P3,0.006081686997571432
MODULATION_DATASET,Band-Power Envelope Coherence,Gamma,Fast,F3,P7,0.006952312911313275
MODULATION_DATASET,Band-Power Envelope Coherence,Gamma,Fast,F3,PO9,0.036494412639170665
MODULATION_DATASET,Band-Power Envelope Coherence,Gamma,Fast,F3,O1,0.010766218809369846
MODULATION_DATASET,Band-Power Envelope Coherence,Gamma,Fast,F3,Pz,0.014235173231939763
MODULATION_DATASET,Band-Power Envelope Coherence,Gamma,Fast,F3,Oz,0.012878040312277399
MODULATION_DATASET,Band-Power Envelope Coherence,Gamma,Fast,F3,O2,0.00836906595384744
MODULATION_DATASET,Band-Power Envelope Coherence,Gamma,Fast,F3,PO10,0.006394891334163607
MODULATION_DATASET,Band-Power Envelope Coherence,Gamma,Fast,F3,P8,0.01582853683832381
MODULATION_DATASET,Band-Power Envelope Coherence,Gamma,Fast,F3,P4,0.01221600846073027
MODULATION_DATASET,Band-Power Envelope Coherence,Gamma,Fast,F3,CP2,0.018009212914085675
MODULATION_DATASET,Band-Power Envelope Coherence,Gamma,Fast,F3,CP6,0.04621076367338759
MODULATION_DATASET,Band-Power Envelope Coherence,Gamma,Fast,F3,T8,0.1550360582593882
MODULATION_DATASET,Band-Power Envelope Coherence,Gamma,Fast,F3,FT10,0.13570666019387245
MODULATION_DATASET,Band-Power Envelope Coherence,Gamma,Fast,F3,FC6,0.23871516578808977
MODULATION_DATASET,Band-Power Envelope Coherence,Gamma,Fast,F3,C4,0.09207295717765088
MODULATION_DATASET,Band-Power Envelope Coherence,Gamma,Fast,F3,FC2,0.38016574515227247
MODULATION_DATASET,Band-Power Envelope Coherence,Gamma,Fast,F3,F4,0.22694129608552918
MODULATION_DATASET,Band-Power Envelope Coherence,Gamma,Fast,F3,F8,0.2259368750654099
MODULATION_DATASET,Band-Power Envelope Coherence,Gamma,Fast,F3,Fp2,0.03553378506067645
MODULATION_DATASET,Band-Power Envelope Coherence,Gamma,Fast,FC1,C3,0.168091243339688
MODULATION_DATASET,Band-Power Envelope Coherence,Gamma,Fast,FC1,FC5,0.21865387922360757
MODULATION_DATASET,Band-Power Envelope Coherence,Gamma,Fast,FC1,FT9,0.09494026198850594
MODULATION_DATASET,Band-Power Envelope Coherence,Gamma,Fast,FC1,T7,0.03251531162140488
MODULATION_DATASET,Band-Power Envelope Coherence,Gamma,Fast,FC1,CP5,0.03259990051890935
MODULATION_DATASET,Band-Power Envelope Coherence,Gamma,Fast,FC1,CP1,0.10761151606580246
MODULATION_DATASET,Band-Power Envelope Coherence,Gamma,Fast,FC1,P3,0.0110463675413061
MODULATION_DATASET,Band-Power Envelope Coherence,Gamma,Fast,FC1,P7,0.013631149682813051
MODULATION_DATASET,Band-Power Envelope Coherence,Gamma,Fast,FC1,PO9,0.01872779334342498
MODULATION_DATASET,Band-Power Envelope Coherence,Gamma,Fast,FC1,O1,0.03238731265187317
MODULATION_DATASET,Band-Power Envelope Coherence,Gamma,Fast,FC1,Pz,0.05243176112229997
MODULATION_DATASET,Band-Power Envelope Coherence,Gamma,Fast,FC1,Oz,0.016390312552232684
MODULATION_DATASET,Band-Power Envelope Coherence,Gamma,Fast,FC1,O2,0.02297809656124117
MODULATION_DATASET,Band-Power Envelope Coherence,Gamma,Fast,FC1,PO10,0.006432124877637733
MODULATION_DATASET,Band-Power Envelope Coherence,Gamma,Fast,FC1,P8,0.011304904088649929
MODULATION_DATASET,Band-Power Envelope Coherence,Gamma,Fast,FC1,P4,0.027316584203601425
MODULATION_DATASET,Band-Power Envelope Coherence,Gamma,Fast,FC1,CP2,0.07587058044422416
MODULATION_DATASET,Band-Power Envelope Coherence,Gamma,Fast,FC1,CP6,0.04139153975838298
MODULATION_DATASET,Band-Power Envelope Coherence,Gamma,Fast,FC1,T8,0.11988893139465363
MODULATION_DATASET,Band-Power Envelope Coherence,Gamma,Fast,FC1,FT10,0.06094952862232595
MODULATION_DATASET,Band-Power Envelope Coherence,Gamma,Fast,FC1,FC6,0.1456545485042221
MODULATION_DATASET,Band-Power Envelope Coherence,Gamma,Fast,FC1,C4,0.1219158074768991
MODULATION_DATASET,Band-Power Envelope Coherence,Gamma,Fast,FC1,FC2,0.3453540623433042
MODULATION_DATASET,Band-Power Envelope Coherence,Gamma,Fast,FC1,F4,0.17849462877477337
MODULATION_DATASET,Band-Power Envelope Coherence,Gamma,Fast,FC1,F8,0.10529800754473104
MODULATION_DATASET,Band-Power Envelope Coherence,Gamma,Fast,FC1,Fp2,0.01526212135619934
MODULATION_DATASET,Band-Power Envelope Coherence,Gamma,Fast,C3,FC5,0.23830499792433454
MODULATION_DATASET,Band-Power Envelope Coherence,Gamma,Fast,C3,FT9,0.03350592544323973
MODULATION_DATASET,Band-Power Envelope Coherence,Gamma,Fast,C3,T7,0.13164878302600563
MODULATION_DATASET,Band-Power Envelope Coherence,Gamma,Fast,C3,CP5,0.10413721163282373
MODULATION_DATASET,Band-Power Envelope Coherence,Gamma,Fast,C3,CP1,0.1072279688621518
MODULATION_DATASET,Band-Power Envelope Coherence,Gamma,Fast,C3,P3,0.018046357197918864
MODULATION_DATASET,Band-Power Envelope Coherence,Gamma,Fast,C3,P7,0.011227305493759223
MODULATION_DATASET,Band-Power Envelope Coherence,Gamma,Fast,C3,PO9,0.004252135751152417
MODULATION_DATASET,Band-Power Envelope Coherence,Gamma,Fast,C3,O1,0.009843651633807918
MODULATION_DATASET,Band-Power Envelope Coherence,Gamma,Fast,C3,Pz,0.02188769450827948
MODULATION_DATASET,Band-Power Envelope Coherence,Gamma,Fast,C3,Oz,0.016868903710171333
MODULATION_DATASET,Band-Power Envelope Coherence,Gamma,Fast,C3,O2,0.016228962155986335
MODULATION_DATASET,Band-Power Envelope Coherence,Gamma,Fast,C3,PO10,0.018145128974693114
MODULATION_DATASET,Band-Power Envelope Coherence,Gamma,Fast,C3,P8,0.025781299519867032
MODULATION_DATASET,Band-Power Envelope Coherence,Gamma,Fast,C3,P4,0.021229939542204004
MODULATION_DATASET,Band-Power Envelope Coherence,Gamma,Fast,C3,CP2,0.019760073426369738
MODULATION_DATASET,Band-Power Envelope Coherence,Gamma,Fast,C3,CP6,0.011977120555884891
MODULATION_DATASET,Band-Power Envelope Coherence,Gamma,Fast,C3,T8,0.025079290877093572
MODULATION_DATASET,Band-Power Envelope Coherence,Gamma,Fast,C3,FT10,0.05620578811933473
MODULATION_DATASET,Band-Power Envelope Coherence,Gamma,Fast,C3,FC6,0.039510327348805246
MODULATION_DATASET,Band-Power Envelope Coherence,Gamma,Fast,C3,C4,0.021876724470442935
MODULATION_DATASET,Band-Power Envelope Coherence,Gamma,Fast,C3,FC2,0.16251574705953475
MODULATION_DATASET,Band-Power Envelope Coherence,Gamma,Fast,C3,F4,0.041975367546730084
MODULATION_DATASET,Band-Power Envelope Coherence,Gamma,Fast,C3,F8,0.06169797621836317
MODULATION_DATASET,Band-Power Envelope Coherence,Gamma,Fast,C3,Fp2,0.017734223853149506
MODULATION_DATASET,Band-Power Envelope Coherence,Gamma,Fast,FC5,FT9,0.026710773263114967
MODULATION_DATASET,Band-Power Envelope Coherence,Gamma,Fast,FC5,T7,0.2008598227706648
MODULATION_DATASET,Band-Power Envelope Coherence,Gamma,Fast,FC5,CP5,0.08803596793893692
MODULATION_DATASET,Band-Power Envelope Coherence,Gamma,Fast,FC5,CP1,0.04793071289312255
MODULATION_DATASET,Band-Power Envelope Coherence,Gamma,Fast,FC5,P3,0.015135888388019124
MODULATION_DATASET,Band-Power Envelope Coherence,Gamma,Fast,FC5,P7,0.02347451153299921
MODULATION_DATASET,Band-Power Envelope Coherence,Gamma,Fast,FC5,PO9,0.013733934201719039
MODULATION_DATASET,Band-Power Envelope Coherence,Gamma,Fast,FC5,O1,0.0072822211407386275
MODULATION_DATASET,Band-Power Envelope Coherence,Gamma,Fast,FC5,Pz,0.011677412837102202
MODULATION_DATASET,Band-Power Envelope Coherence,Gamma,Fast,FC5,Oz,0.00784152953104267
MODULATION_DATASET,Band-Power Envelope Coherence,Gamma,Fast,FC5,O2,0.01533622142944854
MODULATION_DATASET,Band-Power Envelope Coherence,Gamma,Fast,FC5,PO10,0.007010454114017042
MODULATION_DATASET,Band-Power Envelope Coherence,Gamma,Fast,FC5,P8,0.005053783934749705
MODULATION_DATASET,Band-Power Envelope Coherence,Gamma,Fast,FC5,P4,0.02310244214572796
MODULATION_DATASET,Band-Power Envelope Coherence,Gamma,Fast,FC5,CP2,0.008747031475861622
MODULATION_DATASET,Band-Power Envelope Coherence,Gamma,Fast,FC5,CP6,0.012708017554036
MODULATION_DATASET,Band-Power Envelope Coherence,Gamma,Fast,FC5,T8,0.015212029343459289
MODULATION_DATASET,Band-Power Envelope Coherence,Gamma,Fast,FC5,FT10,0.029633620192899245
MODULATION_DATASET,Band-Power Envelope Coherence,Gamma,Fast,FC5,FC6,0.034290785590965316
MODULATION_DATASET,Band-Power Envelope Coherence,Gamma,Fast,FC5,C4,0.005742409320809683
MODULATION_DATASET,Band-Power Envelope Coherence,Gamma,Fast,FC5,FC2,0.10039013689742944
MODULATION_DATASET,Band-Power Envelope Coherence,Gamma,Fast,FC5,F4,0.016413641331997665
MODULATION_DATASET,Band-Power Envelope Coherence,Gamma,Fast,FC5,F8,0.12357969711975325
MODULATION_DATASET,Band-Power Envelope Coherence,Gamma,Fast,FC5,Fp2,0.01751808463172309
MODULATION_DATASET,Band-Power Envelope Coherence,Gamma,Fast,FT9,T7,0.056870289574829425
MODULATION_DATASET,Band-Power Envelope Coherence,Gamma,Fast,FT9,CP5,0.03817384074540001
MODULATION_DATASET,Band-Power Envelope Coherence,Gamma,Fast,FT9,CP1,0.06273886008889205
MODULATION_DATASET,Band-Power Envelope Coherence,Gamma,Fast,FT9,P3,0.02231185408760685
MODULATION_DATASET,Band-Power Envelope Coherence,Gamma,Fast,FT9,P7,0.04884728590946955
MODULATION_DATASET,Band-Power Envelope Coherence,Gamma,Fast,FT9,PO9,0.026854774932305495
MODULATION_DATASET,Band-Power Envelope Coherence,Gamma,Fast,FT9,O1,0.0780005122402028
MODULATION_DATASET,Band-Power Envelope Coherence,Gamma,Fast,FT9,Pz,0.05826393852057228
MODULATION_DATASET,Band-Power Envelope Coherence,Gamma,Fast,FT9,Oz,0.06676491317163588
MODULATION_DATASET,Band-Power Envelope Coherence,Gamma,Fast,FT9,O2,0.06873555910799617
MODULATION_DATASET,Band-Power Envelope Coherence,Gamma,Fast,FT9,PO10,0.030696284171396006
MODULATION_DATASET,Band-Power Envelope Coherence,Gamma,Fast,FT9,P8,0.026974976746919913
MODULATION_DATASET,Band-Power Envelope Coherence,Gamma,Fast,FT9,P4,0.02892135649903709
MODULATION_DATASET,Band-Power Envelope Coherence,Gamma,Fast,FT9,CP2,0.03626041851929161
MODULATION_DATASET,Band-Power Envelope Coherence,Gamma,Fast,FT9,CP6,0.0034436253950524513
MODULATION_DATASET,Band-Power Envelope Coherence,Gamma,Fast,FT9,T8,0.021965744668176686
MODULATION_DATASET,Band-Power Envelope Coherence,Gamma,Fast,FT9,FT10,0.05902761216588114
MODULATION_DATASET,Band-Power Envelope Coherence,Gamma,Fast,FT9,FC6,0.02226593097658429
MODULATION_DATASET,Band-Power Envelope Coherence,Gamma,Fast,FT9,C4,0.02871619439354676
MODULATION_DATASET,Band-Power Envelope Coherence,Gamma,Fast,FT9,FC2,0.026320217168767625
MODULATION_DATASET,Band-Power Envelope Coherence,Gamma,Fast,FT9,F4,0.028883877932819588
MODULATION_DATASET,Band-Power Envelope Coherence,Gamma,Fast,FT9,F8,0.06944991797248123
MODULATION_DATASET,Band-Power Envelope Coherence,Gamma,Fast,FT9,Fp2,0.08233831094662392
MODULATION_DATASET,Band-Power Envelope Coherence,Gamma,Fast,T7,CP5,0.08248666367814032
MODULATION_DATASET,Band-Power Envelope Coherence,Gamma,Fast,T7,CP1,0.01507806612939051
MODULATION_DATASET,Band-Power Envelope Coherence,Gamma,Fast,T7,P3,0.009797898577946681
MODULATION_DATASET,Band-Power Envelope Coherence,Gamma,Fast,T7,P7,0.05991115731302364
MODULATION_DATASET,Band-Power Envelope Coherence,Gamma,Fast,T7,PO9,0.021142265878596498
MODULATION_DATASET,Band-Power Envelope Coherence,Gamma,Fast,T7,O1,0.005689759785370299
MODULATION_DATASET,Band-Power Envelope Coherence,Gamma,Fast,T7,Pz,0.022544612048824755
MODULATION_DATASET,Band-Power Envelope Coherence,Gamma,Fast,T7,Oz,0.004889216018644933
MODULATION_DATASET,Band-Power Envelope Coherence,Gamma,Fast,T7,O2,0.01528125467245214
MODULATION_DATASET,Band-Power Envelope Coherence,Gamma,Fast,T7,PO10,0.00667936809376986
MODULATION_DATASET,Band-Power Envelope Coherence,Gamma,Fast,T7,P8,0.019308831247156252
MODULATION_DATASET,Band-Power Envelope Coherence,Gamma,Fast,T7,P4,0.009435478874640336
MODULATION_DATASET,Band-Power Envelope Coherence,Gamma,Fast,T7,CP2,0.002337981338219072
MODULATION_DATASET,Band-Power Envelope Coherence,Gamma,Fast,T7,CP6,0.05299275204239087
MODULATION_DATASET,Band-Power Envelope Coherence,Gamma,Fast,T7,T8,0.011572189430482417
MODULATION_DATASET,Band-Power Envelope Coherence,Gamma,Fast,T7,FT10,0.028171064723276046
MODULATION_DATASET,Band-Power Envelope Coherence,Gamma,Fast,T7,FC6,0.018614052512212563
MODULATION_DATASET,Band-Power Envelope Coherence,Gamma,Fast,T7,C4,0.007072002579532003
MODULATION_DATASET,Band-Power Envelope Coherence,Gamma,Fast,T7,FC2,0.02372943418476084
MODULATION_DATASET,Band-Power Envelope Coherence,Gamma,Fast,T7,F4,0.005139068045194945
MODULATION_DATASET,Band-Power Envelope Coherence,Gamma,Fast,T7,F8,0.08016373648399341
MODULATION_DATASET,Band-Power Envelope Coherence,Gamma,Fast,T7,Fp2,0.028484720610799118
MODULATION_DATASET,Band-Power Envelope Coherence,Gamma,Fast,CP5,CP1,0.14867116929330598
MODULATION_DATASET,Band-Power Envelope Coherence,Gamma,Fast,CP5,P3,0.11076280778428184
MODULATION_DATASET,Band-Power Envelope Coherence,Gamma,Fast,CP5,P7,0.1790781764455322
MODULATION_DATASET,Band-Power Envelope Coherence,Gamma,Fast,CP5,PO9,0.0727470570143201
MODULATION_DATASET,Band-Power Envelope Coherence,Gamma,Fast,CP5,O1,0.08686674601817965
MODULATION_DATASET,Band-Power Envelope Coherence,Gamma,Fast,CP5,Pz,0.19364525353252
MODULATION_DATASET,Band-Power Envelope Coherence,Gamma,Fast,CP5,Oz,0.1406618323409103
MODULATION_DATASET,Band-Power Envelope Coherence,Gamma,Fast,CP5,O2,0.10200155062659225
MODULATION_DATASET,Band-Power Envelope Coherence,Gamma,Fast,CP5,PO10,0.06584061757851167
MODULATION_DATASET,Band-Power Envelope Coherence,Gamma,Fast,CP5,P8,0.12094697457901159
MODULATION_DATASET,Band-Power Envelope Coherence,Gamma,Fast,CP5,P4,0.04394511788339319
MODULATION_DATASET,Band-Power Envelope Coherence,Gamma,Fast,CP5,CP2,0.027016330804686232
MODULATION_DATASET,Band-Power Envelope Coherence,Gamma,Fast,CP5,CP6,0.024735457735940877
MODULATION_DATASET,Band-Power Envelope Coherence,Gamma,Fast,CP5,T8,0.003485363743488999
MODULATION_DATASET,Band-Power Envelope Coherence,Gamma,Fast,CP5,FT10,0.06694691242332507
MODULATION_DATASET,Band-Power Envelope Coherence,Gamma,Fast,CP5,FC6,0.00909868253701995
MODULATION_DATASET,Band-Power Envelope Coherence,Gamma,Fast,CP5,C4,0.005189232951470491
MODULATION_DATASET,Band-Power Envelope Coherence,Gamma,Fast,CP5,FC2,0.012143042004669709
MODULATION_DATASET,Band-Power Envelope Coherence,Gamma,Fast,CP5,F4,0.001913255705187398
MODULATION_DATASET,Band-Power Envelope Coherence,Gamma,Fast,CP5,F8,0.07910274167944498
MODULATION_DATASET,Band-Power Envelope Coherence,Gamma,Fast,CP5,Fp2,0.039753872074872715
MODULATION_DATASET,Band-Power Envelope Coherence,Gamma,Fast,CP1,P3,0.20496283565807716
MODULATION_DATASET,Band-Power Envelope Coherence,Gamma,Fast,CP1,P7,0.17501168427276298
MODULATION_DATASET,Band-Power Envelope Coherence,Gamma,Fast,CP1,PO9,0.12338828753148631
MODULATION_DATASET,Band-Power Envelope Coherence,Gamma,Fast,CP1,O1,0.22205994326616582
MODULATION_DATASET,Band-Power Envelope Coherence,Gamma,Fast,CP1,Pz,0.3878264095645996
MODULATION_DATASET,Band-Power Envelope Coherence,Gamma,Fast,CP1,Oz,0.27369190118298986
MODULATION_DATASET,Band-Power Envelope Coherence,Gamma,Fast,CP1,O2,0.22797814019701718
MODULATION_DATASET,Band-Power Envelope Coherence,Gamma,Fast,CP1,PO10,0.09631380080127137
MODULATION_DATASET,Band-Power Envelope Coherence,Gamma,Fast,CP1,P8,0.11762744751222962
MODULATION_DATASET,Band-Power Envelope Coherence,Gamma,Fast,CP1,P4,0.1861281796616396
MODULATION_DATASET,Band-Power Envelope Coherence,Gamma,Fast,CP1,CP2,0.2520403271770109
MODULATION_DATASET,Band-Power Envelope Coherence,Gamma,Fast,CP1,CP6,0.08333101025419212
MODULATION_DATASET,Band-Power Envelope Coherence,Gamma,Fast,CP1,T8,0.04677242358626771
MODULATION_DATASET,Band-Power Envelope Coherence,Gamma,Fast,CP1,FT10,0.06534687512273302
MODULATION_DATASET,Band-Power Envelope Coherence,Gamma,Fast,CP1,FC6,0.021100873843003288
MODULATION_DATASET,Band-Power Envelope Coherence,Gamma,Fast,CP1,C4,0.03625072929722104
MODULATION_DATASET,Band-Power Envelope Coherence,Gamma,Fast,CP1,FC2,0.07912960640908456
MODULATION_DATASET,Band-Power Envelope Coherence,Gamma,Fast,CP1,F4,0.010983195983495711
MODULATION_DATASET,Band-Power Envelope Coherence,Gamma,Fast,CP1,F8,0.011660434159258787
MODULATION_DATASET,Band-Power Envelope Coherence,Gamma,Fast,CP1,Fp2,0.02821346769320815
MODULATION_DATASET,Band-Power Envelope Coherence,Gamma,Fast,P3,P7,0.15183893876331173
MODULATION_DATASET,Band-Power Envelope Coherence,Gamma,Fast,P3,PO9,0.08411502985907857
MODULATION_DATASET,Band-Power Envelope Coherence,Gamma,Fast,P3,O1,0.2186654882923741
MODULATION_DATASET,Band-Power Envelope Coherence,Gamma,Fast,P3,Pz,0.28007844791907077
MODULATION_DATASET,Band-Power Envelope Coherence,Gamma,Fast,P3,Oz,0.22885120680022858
MODULATION_DATASET,Band-Power Envelope Coherence,Gamma,Fast,P3,O2,0.15118410105773147
MODULATION_DATASET,Band-Power Envelope Coherence,Gamma,Fast,P3,PO10,0.035609300637566746
MODULATION_DATASET,Band-Power Envelope Coherence,Gamma,Fast,P3,P8,0.02724880275110286
MODULATION_DATASET,Band-Power Envelope Coherence,Gamma,Fast,P3,P4,0.06186485549857161
MODULATION_DATASET,Band-Power Envelope Coherence,Gamma,Fast,P3,CP2,0.07801226971141247
MODULATION_DATASET,Band-Power Envelope Coherence,Gamma,Fast,P3,CP6,0.005704827856679084
MODULATION_DATASET,Band-Power Envelope Coherence,Gamma,Fast,P3,T8,0.005017071395288292
MODULATION_DATASET,Band-Power Envelope Coherence,Gamma,Fast,P3,FT10,0.028928936743626368
MODULATION_DATASET,Band-Power Envelope Coherence,Gamma,Fast,P3,FC6,0.008506422521679605
MODULATION_DATASET,Band-Power Envelope Coherence,Gamma,Fast,P3,C4,0.0031611999147999753
MODULATION_DATASET,Band-Power Envelope Coherence,Gamma,Fast,P3,FC2,0.0076407527237535924
MODULATION_DATASET,Band-Power Envelope Coherence,Gamma,Fast,P3,F4,0.004362033389192402
MODULATION_DATASET,Band-Power Envelope Coherence,Gamma,Fast,P3,F8,0.0050394710436310886
MODULATION_DATASET,Band-Power Envelope Coherence,Gamma,Fast,P3,Fp2,0.032303976197289926
MODULATION_DATASET,Band-Power Envelope Coherence,Gamma,Fast,P7,PO9,0.3959814419842387
MODULATION_DATASET,Band-Power Envelope Coherence,Gamma,Fast,P7,O1,0.3125776589885911
MODULATION_DATASET,Band-Power Envelope Coherence,Gamma,Fast,P7,Pz,0.18742683427814325
MODULATION_DATASET,Band-Power Envelope Coherence,Gamma,Fast,P7,Oz,0.28790728215975253
MODULATION_DATASET,Band-Power Envelope Coherence,Gamma,Fast,P7,O2,0.15026613002824843
MODULATION_DATASET,Band-Power Envelope Coherence,Gamma,Fast,P7,PO10,0.09086472136336116
MODULATION_DATASET,Band-Power Envelope Coherence,Gamma,Fast,P7,P8,0.06572557780102146
MODULATION_DATASET,Band-Power Envelope Coherence,Gamma,Fast,P7,P4,0.09077275758837244
MODULATION_DATASET,Band-Power Envelope Coherence,Gamma,Fast,P7,CP2,0.03050472001750907
MODULATION_DATASET,Band-Power Envelope Coherence,Gamma,Fast,P7,CP6,0.01379481348384902
MODULATION_DATASET,Band-Power Envelope Coherence,Gamma,Fast,P7,T8,0.013055128818971874
MODULATION_DATASET,Band-Power Envelope Coherence,Gamma,Fast,P7,FT10,0.007612945485999691
MODULATION_DATASET,Band-Power Envelope Coherence,Gamma,Fast,P7,FC6,0.0022420365639098687
MODULATION_DATASET,Band-Power Envelope Coherence,Gamma,Fast,P7,C4,0.006792110953201723
MODULATION_DATASET,Band-Power Envelope Coherence,Gamma,Fast,P7,FC2,0.0031667713014459364
MODULATION_DATASET,Band-Power Envelope Coherence,Gamma,Fast,P7,F4,0.013069008994242726
MODULATION_DATASET,Band-Power Envelope Coherence,Gamma,Fast,P7,F8,0.008031600431335474
MODULATION_DATASET,Band-Power Envelope Coherence,Gamma,Fast,P7,Fp2,0.07581618825770219
MODULATION_DATASET,Band-Power Envelope Coherence,Gamma,Fast,PO9,O1,0.3933981443928458
MODULATION_DATASET,Band-Power Envelope Coherence,Gamma,Fast,PO9,Pz,0.14398057803178177
MODULATION_DATASET,Band-Power Envelope Coherence,Gamma,Fast,PO9,Oz,0.30760662845375353
MODULATION_DATASET,Band-Power Envelope Coherence,Gamma,Fast,PO9,O2,0.1453637519250357
MODULATION_DATASET,Band-Power Envelope Coherence,Gamma,Fast,PO9,PO10,0.12124642368525673
MODULATION_DATASET,Band-Power Envelope Coherence,Gamma,Fast,PO9,P8,0.09001348576135398
MODULATION_DATASET,Band-Power Envelope Coherence,Gamma,Fast,PO9,P4,0.07156566384990412
MODULATION_DATASET,Band-Power Envelope Coherence,Gamma,Fast,PO9,CP2,0.029462752067395466
MODULATION_DATASET,Band-Power Envelope Coherence,Gamma,Fast,PO9,CP6,0.011454668900772402
MODULATION_DATASET,Band-Power Envelope Coherence,Gamma,Fast,PO9,T8,0.007654225888168145
MODULATION_DATASET,Band-Power Envelope Coherence,Gamma,Fast,PO9,FT10,0.011642859993537135
MODULATION_DATASET,Band-Power Envelope Coherence,Gamma,Fast,PO9,FC6,0.008778016729530507
MODULATION_DATASET,Band-Power Envelope Coherence,Gamma,Fast,PO9,C4,0.00449034790290366
MODULATION_DATASET,Band-Power Envelope Coherence,Gamma,Fast,PO9,FC2,0.003613996449486112
MODULATION_DATASET,Band-Power Envelope Coherence,Gamma,Fast,PO9,F4,0.003077971812287277
MODULATION_DATASET,Band-Power Envelope Coherence,Gamma,Fast,PO9,F8,0.02338970057596324
MODULATION_DATASET,Band-Power Envelope Coherence,Gamma,Fast,PO9,Fp2,0.021365399809493736
MODULATION_DATASET,Band-Power Envelope Coherence,Gamma,Fast,O1,Pz,0.3974049386882326
MODULATION_DATASET,Band-Power Envelope Coherence,Gamma,Fast,O1,Oz,0.7218787578460368
MODULATION_DATASET,Band-Power Envelope Coherence,Gamma,Fast,O1,O2,0.5052070945379983
MODULATION_DATASET,Band-Power Envelope Coherence,Gamma,Fast,O1,PO10,0.11605650720219111
MODULATION_DATASET,Band-Power Envelope Coherence,Gamma,Fast,O1,P8,0.1409763385706571
MODULATION_DATASET,Band-Power Envelope Coherence,Gamma,Fast,O1,P4,0.22311254190438795
MODULATION_DATASET,Band-Power Envelope Coherence,Gamma,Fast,O1,CP2,0.138283997987931
MODULATION_DATASET,Band-Power Envelope Coherence,Gamma,Fast,O1,CP6,0.011377034915841366
MODULATION_DATASET,Band-Power Envelope Coherence,Gamma,Fast,O1,T8,0.005253427846375111
MODULATION_DATASET,Band-Power Envelope Coherence,Gamma,Fast,O1,FT10,0.008155149484178136
MODULATION_DATASET,Band-Power Envelope Coherence,Gamma,Fast,O1,FC6,0.004723476407642388
MODULATION_DATASET,Band-Power Envelope Coherence,Gamma,Fast,O1,C4,0.009319145801109537
MODULATION_DATASET,Band-Power Envelope Coherence,Gamma,Fast,O1,FC2,0.0042669364505027235
MODULATION_DATASET,Band-Power Envelope Coherence,Gamma,Fast,O1,F4,0.004961533376753723
MODULATION_DATASET,Band-Power Envelope Coherence,Gamma,Fast,O1,F8,0.007532034555085934
MODULATION_DATASET,Band-Power Envelope Coherence,Gamma,Fast,O1,Fp2,0.024399937763114936
MODULATION_DATASET,Band-Power Envelope Coherence,Gamma,Fast,Pz,Oz,0.4528319876146302
MODULATION_DATASET,Band-Power Envelope Coherence,Gamma,Fast,Pz,O2,0.37823967072463904
MODULATION_DATASET,Band-Power Envelope Coherence,Gamma,Fast,Pz,PO10,0.09511028453387989
MODULATION_DATASET,Band-Power Envelope Coherence,Gamma,Fast,Pz,P8,0.2254768856991735
MODULATION_DATASET,Band-Power Envelope Coherence,Gamma,Fast,Pz,P4,0.33391571456167973
MODULATION_DATASET,Band-Power Envelope Coherence,Gamma,Fast,Pz,CP2,0.3087393890275926
MODULATION_DATASET,Band-Power Envelope Coherence,Gamma,Fast,Pz,CP6,0.11222223091214763
MODULATION_DATASET,Band-Power Envelope Coherence,Gamma,Fast,Pz,T8,0.030507298300278145
MODULATION_DATASET,Band-Power Envelope Coherence,Gamma,Fast,Pz,FT10,0.06333452763725919
MODULATION_DATASET,Band-Power Envelope Coherence,Gamma,Fast,Pz,FC6,0.04350150312221944
MODULATION_DATASET,Band-Power Envelope Coherence,Gamma,Fast,Pz,C4,0.04124096909290555
MODULATION_DATASET,Band-Power Envelope Coherence,Gamma,Fast,Pz,FC2,0.035933274738687904
MODULATION_DATASET,Band-Power Envelope Coherence,Gamma,Fast,Pz,F4,0.01877341837618781
MODULATION_DATASET,Band-Power Envelope Coherence,Gamma,Fast,Pz,F8,0.020652732229633645
MODULATION_DATASET,Band-Power Envelope Coherence,Gamma,Fast,Pz,Fp2,0.0336871933828892
MODULATION_DATASET,Band-Power Envelope Coherence,Gamma,Fast,Oz,O2,0.730921073981089
MODULATION_DATASET,Band-Power Envelope Coherence,Gamma,Fast,Oz,PO10,0.23266623498978206
MODULATION_DATASET,Band-Power Envelope Coherence,Gamma,Fast,Oz,P8,0.28076556664769775
MODULATION_DATASET,Band-Power Envelope Coherence,Gamma,Fast,Oz,P4,0.3079208848241414
MODULATION_DATASET,Band-Power Envelope Coherence,Gamma,Fast,Oz,CP2,0.16139945805963285
MODULATION_DATASET,Band-Power Envelope Coherence,Gamma,Fast,Oz,CP6,0.030492313920164625
MODULATION_DATASET,Band-Power Envelope Coherence,Gamma,Fast,Oz,T8,0.0045692936853289874
MODULATION_DATASET,Band-Power Envelope Coherence,Gamma,Fast,Oz,FT10,0.010614454851245682
MODULATION_DATASET,Band-Power Envelope Coherence,Gamma,Fast,Oz,FC6,0.004115617052930695
MODULATION_DATASET,Band-Power Envelope Coherence,Gamma,Fast,Oz,C4,0.013448590288935885
MODULATION_DATASET,Band-Power Envelope Coherence,Gamma,Fast,Oz,FC2,0.013455554762773686
MODULATION_DATASET,Band-Power Envelope Coherence,Gamma,Fast,Oz,F4,0.0038430346635742207
MODULATION_DATASET,Band-Power Envelope Coherence,Gamma,Fast,Oz,F8,0.005044698293210175
MODULATION_DATASET,Band-Power Envelope Coherence,Gamma,Fast,Oz,Fp2,0.025098145507217076
MODULATION_DATASET,Band-Power Envelope Coherence,Gamma,Fast,O2,PO10,0.2947684201339802
MODULATION_DATASET,Band-Power Envelope Coherence,Gamma,Fast,O2,P8,0.38078485877753293
MODULATION_DATASET,Band-Power Envelope Coherence,Gamma,Fast,O2,P4,0.35117262263175075
MODULATION_DATASET,Band-Power Envelope Coherence,Gamma,Fast,O2,CP2,0.18420988311915465
MODULATION_DATASET,Band-Power Envelope Coherence,Gamma,Fast,O2,CP6,0.06646881908571488
MODULATION_DATASET,Band-Power Envelope Coherence,Gamma,Fast,O2,T8,0.011249337015248329
MODULATION_DATASET,Band-Power Envelope Coherence,Gamma,Fast,O2,FT10,0.01642763374333952
MODULATION_DATASET,Band-Power Envelope Coherence,Gamma,Fast,O2,FC6,0.0072791746086889805
MODULATION_DATASET,Band-Power Envelope Coherence,Gamma,Fast,O2,C4,0.01429507398182605
MODULATION_DATASET,Band-Power Envelope Coherence,Gamma,Fast,O2,FC2,0.009013008691419314
MODULATION_DATASET,Band-Power Envelope Coherence,Gamma,Fast,O2,F4,0.005421696776038631
MODULATION_DATASET,Band-Power Envelope Coherence,Gamma,Fast,O2,F8,0.012351764567088464
MODULATION_DATASET,Band-Power Envelope Coherence,Gamma,Fast,O2,Fp2,0.025914776931029494
MODULATION_DATASET,Band-Power Envelope Coherence,Gamma,Fast,PO10,P8,0.4126700117486149
MODULATION_DATASET,Band-Power Envelope Coherence,Gamma,Fast,PO10,P4,0.14466846651769982
MODULATION_DATASET,Band-Power Envelope Coherence,Gamma,Fast,PO10,CP2,0.05847517740846033
MODULATION_DATASET,Band-Power Envelope Coherence,Gamma,Fast,PO10,CP6,0.11537090062238325
MODULATION_DATASET,Band-Power Envelope Coherence,Gamma,Fast,PO10,T8,0.0476607420046586
MODULATION_DATASET,Band-Power Envelope Coherence,Gamma,Fast,PO10,FT10,0.01517747405507634
MODULATION_DATASET,Band-Power Envelope Coherence,Gamma,Fast,PO10,FC6,0.021700127868552844
MODULATION_DATASET,Band-Power Envelope Coherence,Gamma,Fast,PO10,C4,0.02297074409520386
MODULATION_DATASET,Band-Power Envelope Coherence,Gamma,Fast,PO10,FC2,0.0066417550401184095
MODULATION_DATASET,Band-Power Envelope Coherence,Gamma,Fast,PO10,F4,0.007430047567784231
MODULATION_DATASET,Band-Power Envelope Coherence,Gamma,Fast,PO10,F8,0.02201078027211087
MODULATION_DATASET,Band-Power Envelope Coherence,Gamma,Fast,PO10,Fp2,0.033584987099441604
MODULATION_DATASET,Band-Power Envelope Coherence,Gamma,Fast,P8,P4,0.31017387822026105
MODULATION_DATASET,Band-Power Envelope Coherence,Gamma,Fast,P8,CP2,0.1672273700129165
MODULATION_DATASET,Band-Power Envelope Coherence,Gamma,Fast,P8,CP6,0.331902121463474
MODULATION_DATASET,Band-Power Envelope Coherence,Gamma,Fast,P8,T8,0.10240665087115122
MODULATION_DATASET,Band-Power Envelope Coherence,Gamma,Fast,P8,FT10,0.08852237045870151
MODULATION_DATASET,Band-Power Envelope Coherence,Gamma,Fast,P8,FC6,0.07862353817666455
MODULATION_DATASET,Band-Power Envelope Coherence,Gamma,Fast,P8,C4,0.07832678936376028
MODULATION_DATASET,Band-Power Envelope Coherence,Gamma,Fast,P8,FC2,0.02241746768940804
MODULATION_DATASET,Band-Power Envelope Coherence,Gamma,Fast,P8,F4,0.03634073488444699
MODULATION_DATASET,Band-Power Envelope Coherence,Gamma,Fast,P8,F8,0.05688642309112364
MODULATION_DATASET,Band-Power Envelope Coherence,Gamma,Fast,P8,Fp2,0.009599148583549348
MODULATION_DATASET,Band-Power Envelope Coherence,Gamma,Fast,P4,CP2,0.3713727740467695
MODULATION_DATASET,Band-Power Envelope Coherence,Gamma,Fast,P4,CP6,0.19707223666654294
MODULATION_DATASET,Band-Power Envelope Coherence,Gamma,Fast,P4,T8,0.035775986642695684
MODULATION_DATASET,Band-Power Envelope Coherence,Gamma,Fast,P4,FT10,0.007667744079065748
MODULATION_DATASET,Band-Power Envelope Coherence,Gamma,Fast,P4,FC6,0.021819434436264516
MODULATION_DATASET,Band-Power Envelope Coherence,Gamma,Fast,P4,C4,0.11474146569418125
MODULATION_DATASET,Band-Power Envelope Coherence,Gamma,Fast,P4,FC2,0.02182421415806201
MODULATION_DATASET,Band-Power Envelope Coherence,Gamma,Fast,P4,F4,0.01086684912913526
MODULATION_DATASET,Band-Power Envelope Coherence,Gamma,Fast,P4,F8,0.021721220422789362
MODULATION_DATASET,Band-Power Envelope Coherence,Gamma,Fast,P4,Fp2,0.008609868024557708
MODULATION_DATASET,Band-Power Envelope Coherence,Gamma,Fast,CP2,CP6,0.191984075332928
MODULATION_DATASET,Band-Power Envelope Coherence,Gamma,Fast,CP2,T8,0.09926983980411462
MODULATION_DATASET,Band-Power Envelope Coherence,Gamma,Fast,CP2,FT10,0.057860354960438495
MODULATION_DATASET,Band-Power Envelope Coherence,Gamma,Fast,CP2,FC6,0.06421124109063331
MODULATION_DATASET,Band-Power Envelope Coherence,Gamma,Fast,CP2,C4,0.20967931426732303
MODULATION_DATASET,Band-Power Envelope Coherence,Gamma,Fast,CP2,FC2,0.09299146302984113
MODULATION_DATASET,Band-Power Envelope Coherence,Gamma,Fast,CP2,F4,0.06064554727262188
MODULATION_DATASET,Band-Power Envelope Coherence,Gamma,Fast,CP2,F8,0.005346712086566454
MODULATION_DATASET,Band-Power Envelope Coherence,Gamma,Fast,CP2,Fp2,0.008049224370208446
MODULATION_DATASET,Band-Power Envelope Coherence,Gamma,Fast,CP6,T8,0.30081687736630414
MODULATION_DATASET,Band-Power Envelope Coherence,Gamma,Fast,CP6,FT10,0.20129931016027186
MODULATION_DATASET,Band-Power Envelope Coherence,Gamma,Fast,CP6,FC6,0.2615420424770094
MODULATION_DATASET,Band-Power Envelope Coherence,Gamma,Fast,CP6,C4,0.3199478786800436
MODULATION_DATASET,Band-Power Envelope Coherence,Gamma,Fast,CP6,FC2,0.1784773484824338
MODULATION_DATASET,Band-Power Envelope Coherence,Gamma,Fast,CP6,F4,0.1615303668852867
MODULATION_DATASET,Band-Power Envelope Coherence,Gamma,Fast,CP6,F8,0.09569793064518761
MODULATION_DATASET,Band-Power Envelope Coherence,Gamma,Fast,CP6,Fp2,0.02771370047867242
MODULATION_DATASET,Band-Power Envelope Coherence,Gamma,Fast,T8,FT10,0.23085295365387562
MODULATION_DATASET,Band-Power Envelope Coherence,Gamma,Fast,T8,FC6,0.6653739025781811
MODULATION_DATASET,Band-Power Envelope Coherence,Gamma,Fast,T8,C4,0.33357884393488
MODULATION_DATASET,Band-Power Envelope Coherence,Gamma,Fast,T8,FC2,0.38170955835336196
MODULATION_DATASET,Band-Power Envelope Coherence,Gamma,Fast,T8,F4,0.4425162905148676
MODULATION_DATASET,Band-Power Envelope Coherence,Gamma,Fast,T8,F8,0.26030381976201894
MODULATION_DATASET,Band-Power Envelope Coherence,Gamma,Fast,T8,Fp2,0.034608650281752404
MODULATION_DATASET,Band-Power Envelope Coherence,Gamma,Fast,FT10,FC6,0.330859545307375
MODULATION_DATASET,Band-Power Envelope Coherence,Gamma,Fast,FT10,C4,0.17205332363329812
MODULATION_DATASET,Band-Power Envelope Coherence,Gamma,Fast,FT10,FC2,0.2532321316643844
MODULATION_DATASET,Band-Power Envelope Coherence,Gamma,Fast,FT10,F4,0.2962343980959129
MODULATION_DATASET,Band-Power Envelope Coherence,Gamma,Fast,FT10,F8,0.3362070153631703
MODULATION_DATASET,Band-Power Envelope Coherence,Gamma,Fast,FT10,Fp2,0.06811010110129037
MODULATION_DATASET,Band-Power Envelope Coherence,Gamma,Fast,FC6,C4,0.37099559954976713
MODULATION_DATASET,Band-Power Envelope Coherence,Gamma,Fast,FC6,FC2,0.514218052033617
MODULATION_DATASET,Band-Power Envelope Coherence,Gamma,Fast,FC6,F4,0.6326214563061029
MODULATION_DATASET,Band-Power Envelope Coherence,Gamma,Fast,FC6,F8,0.42566912948076563
MODULATION_DATASET,Band-Power Envelope Coherence,Gamma,Fast,FC6,Fp2,0.04632914297681401
MODULATION_DATASET,Band-Power Envelope Coherence,Gamma,Fast,C4,FC2,0.39166273607243957
MODULATION_DATASET,Band-Power Envelope Coherence,Gamma,Fast,C4,F4,0.302355775797553
MODULATION_DATASET,Band-Power Envelope Coherence,Gamma,Fast,C4,F8,0.08293080229664752
MODULATION_DATASET,Band-Power Envelope Coherence,Gamma,Fast,C4,Fp2,0.015042825977582951
MODULATION_DATASET,Band-Power Envelope Coherence,Gamma,Fast,FC2,F4,0.4659116715448267
MODULATION_DATASET,Band-Power Envelope Coherence,Gamma,Fast,FC2,F8,0.22147266042525615
MODULATION_DATASET,Band-Power Envelope Coherence,Gamma,Fast,FC2,Fp2,0.028071656075241945
MODULATION_DATASET,Band-Power Envelope Coherence,Gamma,Fast,F4,F8,0.4443606452488222
MODULATION_DATASET,Band-Power Envelope Coherence,Gamma,Fast,F4,Fp2,0.11276776059960823
MODULATION_DATASET,Band-Power Envelope Coherence,Gamma,Fast,F8,Fp2,0.1715039150509986
