Metric,Band,Envelope_Band,Channel_A,Channel_B,Baseline,Modulation,Delta,Abs_Delta,Percent_Change
Band-Power Envelope Coherence Change,BetaL,UltraSlow,Cz,Fz,0.8071717772150572,0.6359284284774405,-0.1712433487376167,0.1712433487376167,-21.215229963620477
Band-Power Envelope Coherence Change,BetaL,UltraSlow,Cz,Fp1,0.5497102967075771,0.2134119841792512,-0.33629831252832587,0.33629831252832587,-61.17737188889196
Band-Power Envelope Coherence Change,BetaL,UltraSlow,Cz,F7,0.5642567106414702,0.1626915938006421,-0.4015651168408281,0.4015651168408281,-71.16709633533864
Band-Power Envelope Coherence Change,BetaL,UltraSlow,Cz,F3,0.7661303469070423,0.5711164198547244,-0.1950139270523179,0.1950139270523179,-25.454405746960933
Band-Power Envelope Coherence Change,BetaL,UltraSlow,Cz,FC1,0.8075752188772363,0.7846580787954646,-0.022917140081771703,0.022917140081771703,-2.8377715841297326
Band-Power Envelope Coherence Change,BetaL,UltraSlow,Cz,C3,0.5973061467261047,0.3315550510614782,-0.2657510956646265,0.2657510956646265,-44.49160570692853
Band-Power Envelope Coherence Change,BetaL,UltraSlow,Cz,FC5,0.7052262833843291,0.29530562808038396,-0.40992065530394517,0.40992065530394517,-58.12611710056609
Band-Power Envelope Coherence Change,BetaL,UltraSlow,Cz,FT9,0.38703223005249615,0.03269459405930422,-0.3543376359931919,0.3543376359931919,-91.55248800471485
Band-Power Envelope Coherence Change,BetaL,UltraSlow,Cz,T7,0.5911544288310869,0.0715511519740284,-0.5196032768570585,0.5196032768570585,-87.89636878547805
Band-Power Envelope Coherence Change,BetaL,UltraSlow,Cz,CP5,0.26960081772703404,0.1262916307728283,-0.14330918695420575,0.14330918695420575,-53.15606538675402
Band-Power Envelope Coherence Change,BetaL,UltraSlow,Cz,CP1,0.21656193300520865,0.1815324135236196,-0.035029519481589055,0.035029519481589055,-16.17528944052533
Band-Power Envelope Coherence Change,BetaL,UltraSlow,Cz,P3,0.14916459346373925,0.04819628873838195,-0.10096830472535731,0.10096830472535731,-67.68918976063975
Band-Power Envelope Coherence Change,BetaL,UltraSlow,Cz,P7,0.06459728161400284,0.02119627461121579,-0.043401007002787054,0.043401007002787054,-67.1870486162671
Band-Power Envelope Coherence Change,BetaL,UltraSlow,Cz,PO9,0.030800609493273422,0.020106558152208708,-0.010694051341064714,0.010694051341064714,-34.72025884228103
Band-Power Envelope Coherence Change,BetaL,UltraSlow,Cz,O1,0.04140733751740898,0.0029510058722944502,-0.03845633164511453,0.03845633164511453,-92.87322960319834
Band-Power Envelope Coherence Change,BetaL,UltraSlow,Cz,Pz,0.19993915859183356,0.14664751161325432,-0.053291646978579243,0.053291646978579243,-26.65393180300996
Band-Power Envelope Coherence Change,BetaL,UltraSlow,Cz,Oz,0.08117143733587588,0.004223312824215075,-0.0769481245116608,0.0769481245116608,-94.79704565691056
Band-Power Envelope Coherence Change,BetaL,UltraSlow,Cz,O2,0.054775892449939696,0.00688981588826118,-0.047886076561678516,0.047886076561678516,-87.42180988733709
Band-Power Envelope Coherence Change,BetaL,UltraSlow,Cz,PO10,0.061403825985894195,0.00898887620867775,-0.052414949777216446,0.052414949777216446,-85.36104865722423
Band-Power Envelope Coherence Change,BetaL,UltraSlow,Cz,P8,0.03277847977584097,0.014021324684712278,-0.01875715509112869,0.01875715509112869,-57.2239933621127
Band-Power Envelope Coherence Change,BetaL,UltraSlow,Cz,P4,0.21320547892556946,0.12442253711897058,-0.08878294180659888,0.08878294180659888,-41.641960729158
Band-Power Envelope Coherence Change,BetaL,UltraSlow,Cz,CP2,0.25135214702211983,0.2820478023050754,0.030695655282955592,0.030695655282955592,12.212211292650812
Band-Power Envelope Coherence Change,BetaL,UltraSlow,Cz,CP6,0.26954478640398727,0.16008443847550485,-0.10946034792848242,0.10946034792848242,-40.60933598041324
Band-Power Envelope Coherence Change,BetaL,UltraSlow,Cz,T8,0.36055116147909716,0.18995345531813765,-0.1705977061609595,0.1705977061609595,-47.315811010318946
Band-Power Envelope Coherence Change,BetaL,UltraSlow,Cz,FT10,0.2502464815854537,0.059847950863007475,-0.19039853072244622,0.19039853072244622,-76.08439867612256
Band-Power Envelope Coherence Change,BetaL,UltraSlow,Cz,FC6,0.6580333670199477,0.3849418455379477,-0.27309152148200005,0.27309152148200005,-41.50116622790065
Band-Power Envelope Coherence Change,BetaL,UltraSlow,Cz,C4,0.5634915987391741,0.4201182161191466,-0.14337338262002747,0.14337338262002747,-25.443748041821536
Band-Power Envelope Coherence Change,BetaL,UltraSlow,Cz,FC2,0.826529392093848,0.7407901596703781,-0.08573923242346992,0.08573923242346992,-10.373403927749818
Band-Power Envelope Coherence Change,BetaL,UltraSlow,Cz,F4,0.704767567019505,0.5080194809754748,-0.19674808604403027,0.19674808604403027,-27.916733863915887
Band-Power Envelope Coherence Change,BetaL,UltraSlow,Cz,F8,0.4494518441296884,0.14645908411311293,-0.3029927600165755,0.3029927600165755,-67.41384287860382
Band-Power Envelope Coherence Change,BetaL,UltraSlow,Cz,Fp2,0.5321036003316414,0.19737150083702704,-0.33473209949461435,0.33473209949461435,-62.90731716267051
Band-Power Envelope Coherence Change,BetaL,UltraSlow,Fz,Fp1,0.7457641509425401,0.5256750473184567,-0.2200891036240834,0.2200891036240834,-29.511891037658753
Band-Power Envelope Coherence Change,BetaL,UltraSlow,Fz,F7,0.7249675461709161,0.4187664473843451,-0.306201098786571,0.306201098786571,-42.23652498706224
Band-Power Envelope Coherence Change,BetaL,UltraSlow,Fz,F3,0.914255954551135,0.8955428081850509,-0.01871314636608401,0.01871314636608401,-2.0468170070898206
Band-Power Envelope Coherence Change,BetaL,UltraSlow,Fz,FC1,0.8593905519280269,0.7880447259765927,-0.07134582595143424,0.07134582595143424,-8.301909509171493
Band-Power Envelope Coherence Change,BetaL,UltraSlow,Fz,C3,0.5582813179916608,0.23385393859135617,-0.32442737940030464,0.32442737940030464,-58.11181011168113
Band-Power Envelope Coherence Change,BetaL,UltraSlow,Fz,FC5,0.7965226538550066,0.44812343843628394,-0.3483992154187227,0.3483992154187227,-43.74002594057329
Band-Power Envelope Coherence Change,BetaL,UltraSlow,Fz,FT9,0.46641181604013887,0.09989405769716293,-0.36651775834297595,0.36651775834297595,-78.58243417903329
Band-Power Envelope Coherence Change,BetaL,UltraSlow,Fz,T7,0.6379320728644143,0.10714740650298929,-0.5307846663614251,0.5307846663614251,-83.20394740118948
Band-Power Envelope Coherence Change,BetaL,UltraSlow,Fz,CP5,0.20126681244792444,0.06386892341867843,-0.137397889029246,0.137397889029246,-68.26654000137066
Band-Power Envelope Coherence Change,BetaL,UltraSlow,Fz,CP1,0.1547177733303837,0.06861144131294011,-0.08610633201744358,0.08610633201744358,-55.65380768088775
Band-Power Envelope Coherence Change,BetaL,UltraSlow,Fz,P3,0.09566247287912426,0.020509169157852412,-0.07515330372127185,0.07515330372127185,-78.5609042494991
Band-Power Envelope Coherence Change,BetaL,UltraSlow,Fz,P7,0.038165216252885,0.03655823220699394,-0.0016069840458910606,0.0016069840458910606,-4.210598559806627
Band-Power Envelope Coherence Change,BetaL,UltraSlow,Fz,PO9,0.028443455081375458,0.031014294246513332,0.002570839165137874,0.002570839165137874,9.038420816960588
Band-Power Envelope Coherence Change,BetaL,UltraSlow,Fz,O1,0.027183504101106114,0.006565149352397004,-0.02061835474870911,0.02061835474870911,-75.84877458042702
Band-Power Envelope Coherence Change,BetaL,UltraSlow,Fz,Pz,0.14185770333025205,0.05305719543329698,-0.08880050789695507,0.08880050789695507,-62.598298021379144
Band-Power Envelope Coherence Change,BetaL,UltraSlow,Fz,Oz,0.054846657322792806,0.005192521708963119,-0.049654135613829684,0.049654135613829684,-90.53265602240221
Band-Power Envelope Coherence Change,BetaL,UltraSlow,Fz,O2,0.04398722915180588,0.0037541587133987785,-0.040233070438407105,0.040233070438407105,-91.46534395143948
Band-Power Envelope Coherence Change,BetaL,UltraSlow,Fz,PO10,0.08727143788482726,0.018108854734856662,-0.06916258314997059,0.06916258314997059,-79.24996405037459
Band-Power Envelope Coherence Change,BetaL,UltraSlow,Fz,P8,0.04472509465363105,0.010715943634064378,-0.034009151019566676,0.034009151019566676,-76.04042268204704
Band-Power Envelope Coherence Change,BetaL,UltraSlow,Fz,P4,0.16416474920394394,0.061642889597567745,-0.10252185960637619,0.10252185960637619,-62.45059314104759
Band-Power Envelope Coherence Change,BetaL,UltraSlow,Fz,CP2,0.19030277577902746,0.12058542376651817,-0.0697173520125093,0.0697173520125093,-36.634963272139814
Band-Power Envelope Coherence Change,BetaL,UltraSlow,Fz,CP6,0.2896529866009288,0.1311322334835658,-0.158520753117363,0.158520753117363,-54.72781585220316
Band-Power Envelope Coherence Change,BetaL,UltraSlow,Fz,T8,0.44726302019753705,0.2709127771430502,-0.17635024305448688,0.17635024305448688,-39.42875558471176
Band-Power Envelope Coherence Change,BetaL,UltraSlow,Fz,FT10,0.39933894342955445,0.1383180738238375,-0.2610208696057169,0.2610208696057169,-65.36323939860435
Band-Power Envelope Coherence Change,BetaL,UltraSlow,Fz,FC6,0.7960000492707011,0.541647188152319,-0.25435286111838207,0.25435286111838207,-31.953875047045702
Band-Power Envelope Coherence Change,BetaL,UltraSlow,Fz,C4,0.5771530235441681,0.36280608111425533,-0.21434694242991276,0.21434694242991276,-37.13866750860213
Band-Power Envelope Coherence Change,BetaL,UltraSlow,Fz,FC2,0.9140939451426374,0.8463418089026788,-0.06775213623995857,0.06775213623995857,-7.411944538084251
Band-Power Envelope Coherence Change,BetaL,UltraSlow,Fz,F4,0.8729123232183745,0.8113471914758885,-0.06156513174248601,0.06156513174248601,-7.052842548435922
Band-Power Envelope Coherence Change,BetaL,UltraSlow,Fz,F8,0.6380067802079155,0.3557867560273439,-0.28222002418057157,0.28222002418057157,-44.23464341375822
Band-Power Envelope Coherence Change,BetaL,UltraSlow,Fz,Fp2,0.7585758152473772,0.4488340171990147,-0.30974179804836244,0.30974179804836244,-40.832015972899605
Band-Power Envelope Coherence Change,BetaL,UltraSlow,Fp1,F7,0.856700433453844,0.7000341374213886,-0.1566662960324553,0.1566662960324553,-18.287173662425367
Band-Power Envelope Coherence Change,BetaL,UltraSlow,Fp1,F3,0.8239968606960185,0.5379643178144585,-0.28603254288156,0.28603254288156,-34.71281949301995
Band-Power Envelope Coherence Change,BetaL,UltraSlow,Fp1,FC1,0.6222970469436101,0.30287723647575043,-0.31941981046785967,0.31941981046785967,-51.32915414538422
Band-Power Envelope Coherence Change,BetaL,UltraSlow,Fp1,C3,0.33096153670174094,0.0634434457628135,-0.2675180909389274,0.2675180909389274,-80.83056829048141
Band-Power Envelope Coherence Change,BetaL,UltraSlow,Fp1,FC5,0.6693945453385495,0.3078706333920288,-0.36152391194652067,0.36152391194652067,-54.00759753183801
Band-Power Envelope Coherence Change,BetaL,UltraSlow,Fp1,FT9,0.649251297894693,0.2597035756428126,-0.38954772225188045,0.38954772225188045,-59.99952922929145
Band-Power Envelope Coherence Change,BetaL,UltraSlow,Fp1,T7,0.5505069194712636,0.07448941724517379,-0.47601750222608985,0.47601750222608985,-86.46894078702637
Band-Power Envelope Coherence Change,BetaL,UltraSlow,Fp1,CP5,0.09774611403730873,0.04499123128163635,-0.05275488275567238,0.05275488275567238,-53.9713351013999
Band-Power Envelope Coherence Change,BetaL,UltraSlow,Fp1,CP1,0.11381233093589942,0.059811754270391294,-0.05400057666550812,0.05400057666550812,-47.4470351511577
Band-Power Envelope Coherence Change,BetaL,UltraSlow,Fp1,P3,0.06349776358100746,0.0322813450784783,-0.03121641850252916,0.03121641850252916,-49.161445603835666
Band-Power Envelope Coherence Change,BetaL,UltraSlow,Fp1,P7,0.05967223844698566,0.11183624566881312,0.05216400722182746,0.05216400722182746,87.41754722033981
Band-Power Envelope Coherence Change,BetaL,UltraSlow,Fp1,PO9,0.03995829733046647,0.018079831553225942,-0.02187846577724053,0.02187846577724053,-54.75324835865603
Band-Power Envelope Coherence Change,BetaL,UltraSlow,Fp1,O1,0.024650084993127083,0.032213988515513915,0.007563903522386832,0.007563903522386832,30.685101185232398
Band-Power Envelope Coherence Change,BetaL,UltraSlow,Fp1,Pz,0.11485851477044849,0.04674164860770827,-0.06811686616274022,0.06811686616274022,-59.30502087622828
Band-Power Envelope Coherence Change,BetaL,UltraSlow,Fp1,Oz,0.06412164976556972,0.017867803983706302,-0.04625384578186342,0.04625384578186342,-72.13452235082624
Band-Power Envelope Coherence Change,BetaL,UltraSlow,Fp1,O2,0.05658216105383014,0.010303078646283699,-0.04627908240754644,0.04627908240754644,-81.79094178378635
Band-Power Envelope Coherence Change,BetaL,UltraSlow,Fp1,PO10,0.08553545493879937,0.01212545426303303,-0.07341000067576633,0.07341000067576633,-85.82406059369322
Band-Power Envelope Coherence Change,BetaL,UltraSlow,Fp1,P8,0.02874216039038838,0.004794480340491855,-0.023947680049896527,0.023947680049896527,-83.31899803156352
Band-Power Envelope Coherence Change,BetaL,UltraSlow,Fp1,P4,0.12798481225630323,0.056995247678648345,-0.07098956457765489,0.07098956457765489,-55.46717874265481
Band-Power Envelope Coherence Change,BetaL,UltraSlow,Fp1,CP2,0.15264886922810775,0.07354296844831278,-0.07910590077979497,0.07910590077979497,-51.822133488316034
Band-Power Envelope Coherence Change,BetaL,UltraSlow,Fp1,CP6,0.15023697089298668,0.032414575244417494,-0.1178223956485692,0.1178223956485692,-78.42436848150626
Band-Power Envelope Coherence Change,BetaL,UltraSlow,Fp1,T8,0.3321913618370965,0.11764266577072795,-0.21454869606636856,0.21454869606636856,-64.58587450313689
Band-Power Envelope Coherence Change,BetaL,UltraSlow,Fp1,FT10,0.3537597307773806,0.18675847343905658,-0.16700125733832402,0.16700125733832402,-47.2075374354627
Band-Power Envelope Coherence Change,BetaL,UltraSlow,Fp1,FC6,0.6065874945526135,0.23739019132775632,-0.3691973032248572,0.3691973032248572,-60.86464138156316
Band-Power Envelope Coherence Change,BetaL,UltraSlow,Fp1,C4,0.32930547459659154,0.09767169897547728,-0.23163377562111426,0.23163377562111426,-70.3400925553613
Band-Power Envelope Coherence Change,BetaL,UltraSlow,Fp1,FC2,0.6332702471643841,0.3453769529132012,-0.2878932942511829,0.2878932942511829,-45.461364329098444
Band-Power Envelope Coherence Change,BetaL,UltraSlow,Fp1,F4,0.7019801673781954,0.45440464156983196,-0.2475755258083634,0.2475755258083634,-35.26816530059899
Band-Power Envelope Coherence Change,BetaL,UltraSlow,Fp1,F8,0.6124371049803036,0.3687232689280437,-0.24371383605225988,0.24371383605225988,-39.79410033624561
Band-Power Envelope Coherence Change,BetaL,UltraSlow,Fp1,Fp2,0.8444750103957365,0.7170173281139871,-0.12745768228174936,0.12745768228174936,-15.09312658310876
Band-Power Envelope Coherence Change,BetaL,UltraSlow,F7,F3,0.8344266433311628,0.49723401760452307,-0.3371926257266397,0.3371926257266397,-40.41009816998575
Band-Power Envelope Coherence Change,BetaL,UltraSlow,F7,FC1,0.648012022080514,0.2640665939755283,-0.3839454281049857,0.3839454281049857,-59.2497384342171
Band-Power Envelope Coherence Change,BetaL,UltraSlow,F7,C3,0.3939463297893387,0.08544332852686581,-0.3085030012624729,0.3085030012624729,-78.3109215479793
Band-Power Envelope Coherence Change,BetaL,UltraSlow,F7,FC5,0.778542965177676,0.48708256600344657,-0.2914603991742294,0.2914603991742294,-37.436649255152346
Band-Power Envelope Coherence Change,BetaL,UltraSlow,F7,FT9,0.7642028588842766,0.39237142999098845,-0.3718314288932882,0.3718314288932882,-48.65611592138714
Band-Power Envelope Coherence Change,BetaL,UltraSlow,F7,T7,0.6728428007531948,0.17699234477509887,-0.49585045597809596,0.49585045597809596,-73.69484453471601
Band-Power Envelope Coherence Change,BetaL,UltraSlow,F7,CP5,0.1457283929618756,0.03242793608648689,-0.1133004568753887,0.1133004568753887,-77.74768840347367
Band-Power Envelope Coherence Change,BetaL,UltraSlow,F7,CP1,0.1163120568230775,0.03001599664523706,-0.08629606017784044,0.08629606017784044,-74.19356387885527
Band-Power Envelope Coherence Change,BetaL,UltraSlow,F7,P3,0.07427513036372303,0.02813419353018557,-0.04614093683353746,0.04614093683353746,-62.12165041998138
Band-Power Envelope Coherence Change,BetaL,UltraSlow,F7,P7,0.08164274934369022,0.10390536774533708,0.022262618401646866,0.022262618401646866,27.2683350090628
Band-Power Envelope Coherence Change,BetaL,UltraSlow,F7,PO9,0.04841753991255307,0.029634578884862758,-0.018782961027690313,0.018782961027690313,-38.79371207544667
Band-Power Envelope Coherence Change,BetaL,UltraSlow,F7,O1,0.029309846198412755,0.05236920756005869,0.023059361361645932,0.023059361361645932,78.67445364791675
Band-Power Envelope Coherence Change,BetaL,UltraSlow,F7,Pz,0.12394785840531736,0.023680297578561663,-0.1002675608267557,0.1002675608267557,-80.89495221359486
Band-Power Envelope Coherence Change,BetaL,UltraSlow,F7,Oz,0.06530424344897051,0.02355547925045549,-0.04174876419851502,0.04174876419851502,-63.92963457441778
Band-Power Envelope Coherence Change,BetaL,UltraSlow,F7,O2,0.059669355583193306,0.016916199286350665,-0.04275315629684264,0.04275315629684264,-71.65010561784021
Band-Power Envelope Coherence Change,BetaL,UltraSlow,F7,PO10,0.08339503141921277,0.004423412360720292,-0.07897161905849248,0.07897161905849248,-94.69583225110314
Band-Power Envelope Coherence Change,BetaL,UltraSlow,F7,P8,0.027280882767807445,0.002381585972338551,-0.024899296795468893,0.024899296795468893,-91.27012863693355
Band-Power Envelope Coherence Change,BetaL,UltraSlow,F7,P4,0.12804241756008358,0.0238417044883351,-0.10420071307174848,0.10420071307174848,-81.37983885133421
Band-Power Envelope Coherence Change,BetaL,UltraSlow,F7,CP2,0.16057104551748624,0.025314830391702816,-0.13525621512578342,0.13525621512578342,-84.23449862326142
Band-Power Envelope Coherence Change,BetaL,UltraSlow,F7,CP6,0.12687800558433146,0.011325715388148415,-0.11555229019618304,0.11555229019618304,-91.07353923480409
Band-Power Envelope Coherence Change,BetaL,UltraSlow,F7,T8,0.2683009989257833,0.05934574040178861,-0.20895525852399469,0.20895525852399469,-77.88090963529932
Band-Power Envelope Coherence Change,BetaL,UltraSlow,F7,FT10,0.2818304344121446,0.08321504110178458,-0.19861539331036004,0.19861539331036004,-70.47336591757436
Band-Power Envelope Coherence Change,BetaL,UltraSlow,F7,FC6,0.5382338271119274,0.13825625720330034,-0.399977569908627,0.399977569908627,-74.31297509761504
Band-Power Envelope Coherence Change,BetaL,UltraSlow,F7,C4,0.2972584929246469,0.04981320218859054,-0.24744529073605637,0.24744529073605637,-83.24246291552792
Band-Power Envelope Coherence Change,BetaL,UltraSlow,F7,FC2,0.6117249645230667,0.248404435933095,-0.36332052858997166,0.36332052858997166,-59.392790822790055
Band-Power Envelope Coherence Change,BetaL,UltraSlow,F7,F4,0.6471473750610941,0.2948781418285874,-0.3522692332325067,0.3522692332325067,-54.43415932873877
Band-Power Envelope Coherence Change,BetaL,UltraSlow,F7,F8,0.5081001065223842,0.19218657142943563,-0.3159135350929486,0.3159135350929486,-62.17545145880246
Band-Power Envelope Coherence Change,BetaL,UltraSlow,F7,Fp2,0.7192049864483839,0.42298506757295246,-0.2962199188754315,0.2962199188754315,-41.187133634631806
Band-Power Envelope Coherence Change,BetaL,UltraSlow,F3,FC1,0.7917463949776976,0.7774275707927263,-0.014318824184971324,0.014318824184971324,-1.8085114470744972
Band-Power Envelope Coherence Change,BetaL,UltraSlow,F3,C3,0.4952988938078557,0.2627703155617506,-0.23252857824610507,0.23252857824610507,-46.947122465472596
Band-Power Envelope Coherence Change,BetaL,UltraSlow,F3,FC5,0.8341341772268138,0.5687710177748527,-0.2653631594519611,0.2653631594519611,-31.813006431914225
Band-Power Envelope Coherence Change,BetaL,UltraSlow,F3,FT9,0.5590718624220895,0.1156440795791933,-0.4434277828428962,0.4434277828428962,-79.3149884027102
Band-Power Envelope Coherence Change,BetaL,UltraSlow,F3,T7,0.6677874229309126,0.15743600107407826,-0.5103514218568344,0.5103514218568344,-76.42423387024972
Band-Power Envelope Coherence Change,BetaL,UltraSlow,F3,CP5,0.1750949219571187,0.07598614637435999,-0.09910877558275871,0.09910877558275871,-56.60288400998331
Band-Power Envelope Coherence Change,BetaL,UltraSlow,F3,CP1,0.12321255224299815,0.06381851881058877,-0.059394033432409385,0.059394033432409385,-48.20453139812676
Band-Power Envelope Coherence Change,BetaL,UltraSlow,F3,P3,0.07324275110679185,0.02129665700492551,-0.05194609410186633,0.05194609410186633,-70.9231880519154
Band-Power Envelope Coherence Change,BetaL,UltraSlow,F3,P7,0.05499904780731697,0.040406846575132715,-0.014592201232184257,0.014592201232184257,-26.53173430075809
Band-Power Envelope Coherence Change,BetaL,UltraSlow,F3,PO9,0.035605324640916584,0.04728587583100318,0.011680551190086597,0.011680551190086597,32.80563035974584
Band-Power Envelope Coherence Change,BetaL,UltraSlow,F3,O1,0.024639420004132325,0.008667786729884506,-0.015971633274247818,0.015971633274247818,-64.82146605548826
Band-Power Envelope Coherence Change,BetaL,UltraSlow,F3,Pz,0.11706630351412045,0.04897413876462682,-0.06809216474949363,0.06809216474949363,-58.16546923024728
Band-Power Envelope Coherence Change,BetaL,UltraSlow,F3,Oz,0.054428336625379894,0.008063756889742809,-0.04636457973563708,0.04636457973563708,-85.18463471473665
Band-Power Envelope Coherence Change,BetaL,UltraSlow,F3,O2,0.03941746537079716,0.005592917282791801,-0.03382454808800536,0.03382454808800536,-85.81106818974878
Band-Power Envelope Coherence Change,BetaL,UltraSlow,F3,PO10,0.0687859397897944,0.020851187211174353,-0.04793475257862005,0.04793475257862005,-69.68684694154896
Band-Power Envelope Coherence Change,BetaL,UltraSlow,F3,P8,0.025882433083431192,0.009544455591823075,-0.01633797749160812,0.01633797749160812,-63.12380848795465
Band-Power Envelope Coherence Change,BetaL,UltraSlow,F3,P4,0.12689678179674727,0.053260847273009886,-0.07363593452373737,0.07363593452373737,-58.02821275773668
Band-Power Envelope Coherence Change,BetaL,UltraSlow,F3,CP2,0.1555101709548993,0.09795925764288015,-0.057550913312019156,0.057550913312019156,-37.00781303154116
Band-Power Envelope Coherence Change,BetaL,UltraSlow,F3,CP6,0.19729826643711437,0.10922317409554326,-0.08807509234157111,0.08807509234157111,-44.64058094988058
Band-Power Envelope Coherence Change,BetaL,UltraSlow,F3,T8,0.36022001245595103,0.23683489083903558,-0.12338512161691545,0.12338512161691545,-34.25271149586766
Band-Power Envelope Coherence Change,BetaL,UltraSlow,F3,FT10,0.31831143494146896,0.12675710183912062,-0.19155433310234835,0.19155433310234835,-60.17827576240587
Band-Power Envelope Coherence Change,BetaL,UltraSlow,F3,FC6,0.6835586364616065,0.46145701303039016,-0.22210162343121637,0.22210162343121637,-32.49196361279405
Band-Power Envelope Coherence Change,BetaL,UltraSlow,F3,C4,0.4428709170150288,0.2951568221445489,-0.14771409487047987,0.14771409487047987,-33.35375821606891
Band-Power Envelope Coherence Change,BetaL,UltraSlow,F3,FC2,0.8039198513024495,0.7285307004801402,-0.07538915082230924,0.07538915082230924,-9.377694890873698
Band-Power Envelope Coherence Change,BetaL,UltraSlow,F3,F4,0.8000210162411702,0.7089072738173262,-0.09111374242384396,0.09111374242384396,-11.388918612655207
Band-Power Envelope Coherence Change,BetaL,UltraSlow,F3,F8,0.569362003551554,0.3194500402526838,-0.24991196329887017,0.24991196329887017,-43.89333354526202
Band-Power Envelope Coherence Change,BetaL,UltraSlow,F3,Fp2,0.7540119034836763,0.4036672652844933,-0.350344638199183,0.350344638199183,-46.464072593618894
Band-Power Envelope Coherence Change,BetaL,UltraSlow,FC1,C3,0.7518912484872441,0.3915409819384163,-0.3603502665488278,0.3603502665488278,-47.925849286559576
Band-Power Envelope Coherence Change,BetaL,UltraSlow,FC1,FC5,0.8339547652863175,0.4874449237620494,-0.3465098415242681,0.3465098415242681,-41.55019623939706
Band-Power Envelope Coherence Change,BetaL,UltraSlow,FC1,FT9,0.4711179578636782,0.04626633618942582,-0.4248516216742524,0.4248516216742524,-90.17945815540035
Band-Power Envelope Coherence Change,BetaL,UltraSlow,FC1,T7,0.7693511304110285,0.12305313619343941,-0.6462979942175892,0.6462979942175892,-84.00559493196587
Band-Power Envelope Coherence Change,BetaL,UltraSlow,FC1,CP5,0.38915272301633413,0.1341255638207326,-0.25502715919560154,0.25502715919560154,-65.5339521252424
Band-Power Envelope Coherence Change,BetaL,UltraSlow,FC1,CP1,0.31350788065836455,0.13445931983582057,-0.17904856082254397,0.17904856082254397,-57.11134292590768
Band-Power Envelope Coherence Change,BetaL,UltraSlow,FC1,P3,0.22995058795392834,0.0394592982425841,-0.19049128971134424,0.19049128971134424,-82.84009682528408
Band-Power Envelope Coherence Change,BetaL,UltraSlow,FC1,P7,0.07174712670464757,0.01945592124431766,-0.052291205460329906,0.052291205460329906,-72.88264751784496
Band-Power Envelope Coherence Change,BetaL,UltraSlow,FC1,PO9,0.04198730023091291,0.03475211498734419,-0.007235185243568719,0.007235185243568719,-17.231842018367868
Band-Power Envelope Coherence Change,BetaL,UltraSlow,FC1,O1,0.06254990162145604,0.0036962221470918637,-0.05885367947436418,0.05885367947436418,-94.09076265305592
Band-Power Envelope Coherence Change,BetaL,UltraSlow,FC1,Pz,0.2977866489772126,0.10160416117033923,-0.19618248780687336,0.19618248780687336,-65.88021608110635
Band-Power Envelope Coherence Change,BetaL,UltraSlow,FC1,Oz,0.12499854341337388,0.0044855988213434944,-0.12051294459203038,0.12051294459203038,-96.41147912699311
Band-Power Envelope Coherence Change,BetaL,UltraSlow,FC1,O2,0.10078307056450506,0.00479735804678488,-0.09598571251772017,0.09598571251772017,-95.2399167638831
Band-Power Envelope Coherence Change,BetaL,UltraSlow,FC1,PO10,0.12349731595496297,0.01264803023368391,-0.11084928572127906,0.11084928572127906,-89.75845739165992
Band-Power Envelope Coherence Change,BetaL,UltraSlow,FC1,P8,0.058775070795720995,0.012112637920537515,-0.04666243287518348,0.04666243287518348,-79.39153835707612
Band-Power Envelope Coherence Change,BetaL,UltraSlow,FC1,P4,0.3076873604159193,0.08159114863627198,-0.22609621177964734,0.22609621177964734,-73.48245032685763
Band-Power Envelope Coherence Change,BetaL,UltraSlow,FC1,CP2,0.3589251922935689,0.18732771780074586,-0.17159747449282303,0.17159747449282303,-47.808701695274586
Band-Power Envelope Coherence Change,BetaL,UltraSlow,FC1,CP6,0.2837278398131646,0.14985618977164947,-0.1338716500415151,0.1338716500415151,-47.183121025300125
Band-Power Envelope Coherence Change,BetaL,UltraSlow,FC1,T8,0.41769162008516075,0.22997442064870377,-0.18771719943645698,0.18771719943645698,-44.94157661055886
Band-Power Envelope Coherence Change,BetaL,UltraSlow,FC1,FT10,0.3072329089585239,0.07392384928718894,-0.23330905967133497,0.23330905967133497,-75.93882454266364
Band-Power Envelope Coherence Change,BetaL,UltraSlow,FC1,FC6,0.7127866048738466,0.448318267079686,-0.2644683377941606,0.2644683377941606,-37.10343825007316
Band-Power Envelope Coherence Change,BetaL,UltraSlow,FC1,C4,0.5703559568518513,0.3858133155576299,-0.18454264129422138,0.18454264129422138,-32.35569631162035
Band-Power Envelope Coherence Change,BetaL,UltraSlow,FC1,FC2,0.8596158169221829,0.7586702776730583,-0.10094553924912464,0.10094553924912464,-11.743099331344991
Band-Power Envelope Coherence Change,BetaL,UltraSlow,FC1,F4,0.7443482106754554,0.6114260883671062,-0.1329221223083492,0.1329221223083492,-17.85751888725972
Band-Power Envelope Coherence Change,BetaL,UltraSlow,FC1,F8,0.5135276166134689,0.20049901166598907,-0.31302860494747986,0.31302860494747986,-60.95652791018166
Band-Power Envelope Coherence Change,BetaL,UltraSlow,FC1,Fp2,0.6112032636214351,0.24384161550830344,-0.36736164811313166,0.36736164811313166,-60.10466075336058
Band-Power Envelope Coherence Change,BetaL,UltraSlow,C3,FC5,0.6890554926448087,0.3410596727509876,-0.3479958198938211,0.3479958198938211,-50.50330831238355
Band-Power Envelope Coherence Change,BetaL,UltraSlow,C3,FT9,0.2876337716321186,0.026534075612417288,-0.26109969601970134,0.26109969601970134,-90.77504861064989
Band-Power Envelope Coherence Change,BetaL,UltraSlow,C3,T7,0.6879194887270885,0.16389963934390075,-0.5240198493831878,0.5240198493831878,-76.1745899004581
Band-Power Envelope Coherence Change,BetaL,UltraSlow,C3,CP5,0.6683960891579711,0.2787675818704431,-0.389628507287528,0.389628507287528,-58.29305610964486
Band-Power Envelope Coherence Change,BetaL,UltraSlow,C3,CP1,0.41341165714882,0.11201313576693152,-0.3013985213818885,0.3013985213818885,-72.90518207941848
Band-Power Envelope Coherence Change,BetaL,UltraSlow,C3,P3,0.37507939173163396,0.06034970122532248,-0.3147296905063115,0.3147296905063115,-83.91015274214209
Band-Power Envelope Coherence Change,BetaL,UltraSlow,C3,P7,0.09499132255303461,0.005691561097861065,-0.08929976145517354,0.08929976145517354,-94.00833576700292
Band-Power Envelope Coherence Change,BetaL,UltraSlow,C3,PO9,0.04487498684648484,0.03584294131280328,-0.00903204553368156,0.00903204553368156,-20.127126865974915
Band-Power Envelope Coherence Change,BetaL,UltraSlow,C3,O1,0.10282795571738225,0.004420251345983537,-0.09840770437139872,0.09840770437139872,-95.70131360178706
Band-Power Envelope Coherence Change,BetaL,UltraSlow,C3,Pz,0.37952411780464457,0.07379884229423407,-0.3057252755104105,0.3057252755104105,-80.55490051037518
Band-Power Envelope Coherence Change,BetaL,UltraSlow,C3,Oz,0.16912361161618786,0.005274251118744123,-0.16384936049744372,0.16384936049744372,-96.88142237009838
Band-Power Envelope Coherence Change,BetaL,UltraSlow,C3,O2,0.12457093637511595,0.006799691937071353,-0.1177712444380446,0.1177712444380446,-94.54151013475914
Band-Power Envelope Coherence Change,BetaL,UltraSlow,C3,PO10,0.10362259649979665,0.012525702533503229,-0.09109689396629342,0.09109689396629342,-87.91219004676475
Band-Power Envelope Coherence Change,BetaL,UltraSlow,C3,P8,0.07106528977851831,0.0046570804056725945,-0.06640820937284571,0.06640820937284571,-93.44675801620336
Band-Power Envelope Coherence Change,BetaL,UltraSlow,C3,P4,0.3550724541192745,0.035613778923074275,-0.31945867519620025,0.31945867519620025,-89.96999668380047
Band-Power Envelope Coherence Change,BetaL,UltraSlow,C3,CP2,0.4153864216570312,0.08569773229467893,-0.3296886893623523,0.3296886893623523,-79.36915415944043
Band-Power Envelope Coherence Change,BetaL,UltraSlow,C3,CP6,0.20073048108145056,0.04345931724611986,-0.15727116383533069,0.15727116383533069,-78.34941807941698
Band-Power Envelope Coherence Change,BetaL,UltraSlow,C3,T8,0.23033126847817267,0.06148187268435184,-0.16884939579382083,0.16884939579382083,-73.30719659099252
Band-Power Envelope Coherence Change,BetaL,UltraSlow,C3,FT10,0.1620564815521454,0.015488860134083939,-0.14656762141806146,0.14656762141806146,-90.4423075302298
Band-Power Envelope Coherence Change,BetaL,UltraSlow,C3,FC6,0.4190562308303358,0.11673152538792747,-0.3023247054424083,0.3023247054424083,-72.14418572022406
Band-Power Envelope Coherence Change,BetaL,UltraSlow,C3,C4,0.41724789632263803,0.11387846485927167,-0.30336943146336637,0.30336943146336637,-72.70724050068911
Band-Power Envelope Coherence Change,BetaL,UltraSlow,C3,FC2,0.5885852937273813,0.2268448325920873,-0.361740461135294,0.361740461135294,-61.459310144239446
Band-Power Envelope Coherence Change,BetaL,UltraSlow,C3,F4,0.43046757050149687,0.13835514393485743,-0.29211242656663944,0.29211242656663944,-67.8593340321379
Band-Power Envelope Coherence Change,BetaL,UltraSlow,C3,F8,0.25639922717273395,0.02855889975179512,-0.22784032742093882,0.22784032742093882,-88.86154998721769
Band-Power Envelope Coherence Change,BetaL,UltraSlow,C3,Fp2,0.312336682998697,0.03962916117780195,-0.272707521820895,0.272707521820895,-87.31203751114714
Band-Power Envelope Coherence Change,BetaL,UltraSlow,FC5,FT9,0.5887055645984239,0.10589721781014912,-0.48280834678827483,0.48280834678827483,-82.01185377237172
Band-Power Envelope Coherence Change,BetaL,UltraSlow,FC5,T7,0.8551302084877748,0.3312421733107619,-0.5238880351770129,0.5238880351770129,-61.264124454621296
Band-Power Envelope Coherence Change,BetaL,UltraSlow,FC5,CP5,0.38033727113482385,0.12317863435133919,-0.25715863678348466,0.25715863678348466,-67.61331489185707
Band-Power Envelope Coherence Change,BetaL,UltraSlow,FC5,CP1,0.20517327745607125,0.03483623245142469,-0.17033704500464655,0.17033704500464655,-83.02106742000876
Band-Power Envelope Coherence Change,BetaL,UltraSlow,FC5,P3,0.15729095914277638,0.030322378419061678,-0.1269685807237147,0.1269685807237147,-80.72210978665505
Band-Power Envelope Coherence Change,BetaL,UltraSlow,FC5,P7,0.07919063736246744,0.011990823741888146,-0.0671998136205793,0.0671998136205793,-84.8582810528417
Band-Power Envelope Coherence Change,BetaL,UltraSlow,FC5,PO9,0.04003825764932746,0.06183102345124802,0.021792765801920556,0.021792765801920556,54.4298555466402
Band-Power Envelope Coherence Change,BetaL,UltraSlow,FC5,O1,0.04373806885799438,0.04434621551699038,0.0006081466589960005,0.0006081466589960005,1.390428692612121
Band-Power Envelope Coherence Change,BetaL,UltraSlow,FC5,Pz,0.20309526687266333,0.02812481275331885,-0.17497045411934448,0.17497045411934448,-86.15191127474549
Band-Power Envelope Coherence Change,BetaL,UltraSlow,FC5,Oz,0.0897571896720663,0.0249911392649796,-0.0647660504070867,0.0647660504070867,-72.15694992647794
Band-Power Envelope Coherence Change,BetaL,UltraSlow,FC5,O2,0.07334473040504796,0.021739951934049182,-0.051604778470998786,0.051604778470998786,-70.35921760978628
Band-Power Envelope Coherence Change,BetaL,UltraSlow,FC5,PO10,0.09384172229759043,0.007505829224140468,-0.08633589307344997,0.08633589307344997,-92.00160755752329
Band-Power Envelope Coherence Change,BetaL,UltraSlow,FC5,P8,0.03734757509686095,0.0023582748883218038,-0.034989300208539145,0.034989300208539145,-93.68560105386865
Band-Power Envelope Coherence Change,BetaL,UltraSlow,FC5,P4,0.19852268270581064,0.02028704683026754,-0.17823563587554309,0.17823563587554309,-89.78099300605825
Band-Power Envelope Coherence Change,BetaL,UltraSlow,FC5,CP2,0.248157186362839,0.029200469191982988,-0.21895671717085602,0.21895671717085602,-88.23307532618136
Band-Power Envelope Coherence Change,BetaL,UltraSlow,FC5,CP6,0.173803977923094,0.018529329142014373,-0.1552746487810796,0.1552746487810796,-89.33894991159904
Band-Power Envelope Coherence Change,BetaL,UltraSlow,FC5,T8,0.28523754678826074,0.05090576622138146,-0.23433178056687928,0.23433178056687928,-82.15320290243201
Band-Power Envelope Coherence Change,BetaL,UltraSlow,FC5,FT10,0.2430247657217245,0.03179917154472385,-0.21122559417700065,0.21122559417700065,-86.91525472711061
Band-Power Envelope Coherence Change,BetaL,UltraSlow,FC5,FC6,0.5595746050714611,0.1352313654939851,-0.424343239577476,0.424343239577476,-75.83318394573764
Band-Power Envelope Coherence Change,BetaL,UltraSlow,FC5,C4,0.4030210567282382,0.074419496480297,-0.3286015602479412,0.3286015602479412,-81.53458851891232
Band-Power Envelope Coherence Change,BetaL,UltraSlow,FC5,FC2,0.7216418330914511,0.3024413657193091,-0.41920046737214206,0.41920046737214206,-58.08982353147732
Band-Power Envelope Coherence Change,BetaL,UltraSlow,FC5,F4,0.649232174835367,0.2496775702207655,-0.39955460461460146,0.39955460461460146,-61.54263761125532
Band-Power Envelope Coherence Change,BetaL,UltraSlow,FC5,F8,0.43735926477597126,0.09461468681779776,-0.3427445779581735,0.3427445779581735,-78.36682690001724
Band-Power Envelope Coherence Change,BetaL,UltraSlow,FC5,Fp2,0.5850812206652134,0.16117157272932772,-0.4239096479358857,0.4239096479358857,-72.45312838000814
Band-Power Envelope Coherence Change,BetaL,UltraSlow,FT9,T7,0.6188389820049074,0.07413645162534241,-0.544702530379565,0.544702530379565,-88.02007407724122
Band-Power Envelope Coherence Change,BetaL,UltraSlow,FT9,CP5,0.13423365555452157,0.012975766130960782,-0.12125788942356079,0.12125788942356079,-90.33344798861532
Band-Power Envelope Coherence Change,BetaL,UltraSlow,FT9,CP1,0.13475974489915357,0.04831140171534396,-0.08644834318380962,0.08644834318380962,-64.14997538656857
Band-Power Envelope Coherence Change,BetaL,UltraSlow,FT9,P3,0.10412710234595939,0.08757428574916833,-0.01655281659679106,0.01655281659679106,-15.896741793308326
Band-Power Envelope Coherence Change,BetaL,UltraSlow,FT9,P7,0.15312223928901825,0.198600319451314,0.045478080162295764,0.045478080162295764,29.700506192608565
Band-Power Envelope Coherence Change,BetaL,UltraSlow,FT9,PO9,0.07805408672243225,0.013410428172409854,-0.0646436585500224,0.0646436585500224,-82.81905696994623
Band-Power Envelope Coherence Change,BetaL,UltraSlow,FT9,O1,0.05884957541487352,0.08172524202100138,0.022875666606127866,0.022875666606127866,38.87142166253644
Band-Power Envelope Coherence Change,BetaL,UltraSlow,FT9,Pz,0.16645139264437606,0.03840267003023351,-0.12804872261414255,0.12804872261414255,-76.9285979407328
Band-Power Envelope Coherence Change,BetaL,UltraSlow,FT9,Oz,0.1038600997203437,0.03966277099795306,-0.06419732872239065,0.06419732872239065,-61.811349012036366
Band-Power Envelope Coherence Change,BetaL,UltraSlow,FT9,O2,0.10185161178209995,0.021451051504349176,-0.08040056027775078,0.08040056027775078,-78.93891797192049
Band-Power Envelope Coherence Change,BetaL,UltraSlow,FT9,PO10,0.09872126814500158,0.007365458569410583,-0.091355809575591,0.091355809575591,-92.53913699873443
Band-Power Envelope Coherence Change,BetaL,UltraSlow,FT9,P8,0.03146369963883222,0.003134019467404665,-0.028329680171427556,0.028329680171427556,-90.03925316037315
Band-Power Envelope Coherence Change,BetaL,UltraSlow,FT9,P4,0.14362858723668118,0.013402445477390655,-0.1302261417592905,0.1302261417592905,-90.66867833538933
Band-Power Envelope Coherence Change,BetaL,UltraSlow,FT9,CP2,0.1941224322612218,0.01637507370403786,-0.17774735855718393,0.17774735855718393,-91.56456391294198
Band-Power Envelope Coherence Change,BetaL,UltraSlow,FT9,CP6,0.08138919485285433,0.007924611913460751,-0.07346458293939358,0.07346458293939358,-90.26331206766713
Band-Power Envelope Coherence Change,BetaL,UltraSlow,FT9,T8,0.19688985794296895,0.04008509095963925,-0.1568047669833297,0.1568047669833297,-79.6408553602338
Band-Power Envelope Coherence Change,BetaL,UltraSlow,FT9,FT10,0.20985415556559825,0.08713914565410734,-0.12271500991149091,0.12271500991149091,-58.47633065961921
Band-Power Envelope Coherence Change,BetaL,UltraSlow,FT9,FC6,0.37600475965397384,0.05546462168217849,-0.32054013797179537,0.32054013797179537,-85.24895755755301
Band-Power Envelope Coherence Change,BetaL,UltraSlow,FT9,C4,0.1715735339024802,0.017177644608802906,-0.15439588929367729,0.15439588929367729,-89.9881734565388
Band-Power Envelope Coherence Change,BetaL,UltraSlow,FT9,FC2,0.40531887535572503,0.056920756395487465,-0.34839811896023754,0.34839811896023754,-85.95654931058135
Band-Power Envelope Coherence Change,BetaL,UltraSlow,FT9,F4,0.4404664573444741,0.0944576539497224,-0.3460088033947517,0.3460088033947517,-78.55508577901762
Band-Power Envelope Coherence Change,BetaL,UltraSlow,FT9,F8,0.38433510316087127,0.11399592380362869,-0.2703391793572426,0.2703391793572426,-70.33944522212603
Band-Power Envelope Coherence Change,BetaL,UltraSlow,FT9,Fp2,0.5192703534086749,0.18464099337834233,-0.33462936003033256,0.33462936003033256,-64.44222317598273
Band-Power Envelope Coherence Change,BetaL,UltraSlow,T7,CP5,0.4888851693788483,0.10727854314339749,-0.38160662623545083,0.38160662623545083,-78.05649468162434
Band-Power Envelope Coherence Change,BetaL,UltraSlow,T7,CP1,0.2580821149097649,0.0075937515237218004,-0.2504883633860431,0.2504883633860431,-97.05762194083968
Band-Power Envelope Coherence Change,BetaL,UltraSlow,T7,P3,0.2223426352325027,0.00465518773557187,-0.21768744749693084,0.21768744749693084,-97.90630000822652
Band-Power Envelope Coherence Change,BetaL,UltraSlow,T7,P7,0.14463234573315173,0.005661180439896684,-0.13897116529325504,0.13897116529325504,-96.08581302391264
Band-Power Envelope Coherence Change,BetaL,UltraSlow,T7,PO9,0.05275271756862518,0.10305030765056028,0.0502975900819351,0.0502975900819351,95.34596964886929
Band-Power Envelope Coherence Change,BetaL,UltraSlow,T7,O1,0.06717477879903974,0.022449629234952074,-0.04472514956408767,0.04472514956408767,-66.58027069636887
Band-Power Envelope Coherence Change,BetaL,UltraSlow,T7,Pz,0.2730386174058089,0.006406258432469885,-0.26663235897333903,0.26663235897333903,-97.65371708466117
Band-Power Envelope Coherence Change,BetaL,UltraSlow,T7,Oz,0.12391109909758025,0.015351097627597643,-0.1085600014699826,0.1085600014699826,-87.61120049826317
Band-Power Envelope Coherence Change,BetaL,UltraSlow,T7,O2,0.10664821061929355,0.010218454786392243,-0.09642975583290131,0.09642975583290131,-90.4185408015241
Band-Power Envelope Coherence Change,BetaL,UltraSlow,T7,PO10,0.11685713741580957,0.010088218571585211,-0.10676891884422436,0.10676891884422436,-91.36704972013086
Band-Power Envelope Coherence Change,BetaL,UltraSlow,T7,P8,0.03386308977247327,0.00258310978553229,-0.03127997998694098,0.03127997998694098,-92.37190166966967
Band-Power Envelope Coherence Change,BetaL,UltraSlow,T7,P4,0.24044183177423734,0.0038299553324104064,-0.23661187644182693,0.23661187644182693,-98.40711771984563
Band-Power Envelope Coherence Change,BetaL,UltraSlow,T7,CP2,0.3104608650407427,0.00901524331642058,-0.30144562172432215,0.30144562172432215,-97.09617400079155
Band-Power Envelope Coherence Change,BetaL,UltraSlow,T7,CP6,0.13023057429129678,0.0211997344023637,-0.10903083988893308,0.10903083988893308,-83.72138453836148
Band-Power Envelope Coherence Change,BetaL,UltraSlow,T7,T8,0.2259452406964538,0.0112367107489988,-0.214708529947455,0.214708529947455,-95.02679909770937
Band-Power Envelope Coherence Change,BetaL,UltraSlow,T7,FT10,0.16681538423342876,0.00916646162694794,-0.1576489226064808,0.1576489226064808,-94.50502621861236
Band-Power Envelope Coherence Change,BetaL,UltraSlow,T7,FC6,0.45435035752984265,0.024741617944126614,-0.42960873958571605,0.42960873958571605,-94.55450677344267
Band-Power Envelope Coherence Change,BetaL,UltraSlow,T7,C4,0.30687524716778564,0.01835756478064241,-0.2885176823871432,0.2885176823871432,-94.01790631532907
Band-Power Envelope Coherence Change,BetaL,UltraSlow,T7,FC2,0.5997112267994452,0.06168614668909913,-0.5380250801103461,0.5380250801103461,-89.71402502862797
Band-Power Envelope Coherence Change,BetaL,UltraSlow,T7,F4,0.5256401381067306,0.04588055632405374,-0.47975958178267686,0.47975958178267686,-91.27148918092368
Band-Power Envelope Coherence Change,BetaL,UltraSlow,T7,F8,0.34797368849929994,0.020976816144492306,-0.3269968723548076,0.3269968723548076,-93.97172348433622
Band-Power Envelope Coherence Change,BetaL,UltraSlow,T7,Fp2,0.45767076573774806,0.042724053072165015,-0.41494671266558303,0.41494671266558303,-90.66489357184624
Band-Power Envelope Coherence Change,BetaL,UltraSlow,CP5,CP1,0.3753775097687568,0.21096214434248542,-0.16441536542627136,0.16441536542627136,-43.80000430168443
Band-Power Envelope Coherence Change,BetaL,UltraSlow,CP5,P3,0.48439451512051884,0.1864005579003752,-0.29799395722014366,0.29799395722014366,-61.518854553091266
Band-Power Envelope Coherence Change,BetaL,UltraSlow,CP5,P7,0.15899505684893953,0.12378871826030613,-0.035206338588633396,0.035206338588633396,-22.143039718576144
Band-Power Envelope Coherence Change,BetaL,UltraSlow,CP5,PO9,0.03752463637206224,0.019027440648273757,-0.018497195723788485,0.018497195723788485,-49.293470935696995
Band-Power Envelope Coherence Change,BetaL,UltraSlow,CP5,O1,0.12982070424747705,0.017808392319150376,-0.11201231192832667,0.11201231192832667,-86.28231727567719
Band-Power Envelope Coherence Change,BetaL,UltraSlow,CP5,Pz,0.35906621596697774,0.12390977466205576,-0.23515644130492197,0.23515644130492197,-65.49110744703106
Band-Power Envelope Coherence Change,BetaL,UltraSlow,CP5,Oz,0.15517283349662445,0.012717667471935841,-0.1424551660246886,0.1424551660246886,-91.80419201908013
Band-Power Envelope Coherence Change,BetaL,UltraSlow,CP5,O2,0.10188956505549142,0.009163885883622309,-0.09272567917186911,0.09272567917186911,-91.00606045512957
Band-Power Envelope Coherence Change,BetaL,UltraSlow,CP5,PO10,0.04418150280612298,0.023712735747866243,-0.020468767058256735,0.020468767058256735,-46.328815812530564
Band-Power Envelope Coherence Change,BetaL,UltraSlow,CP5,P8,0.034758591602738365,0.005482628498354281,-0.029275963104384083,0.029275963104384083,-84.22655163645253
Band-Power Envelope Coherence Change,BetaL,UltraSlow,CP5,P4,0.27248368642874177,0.03625020267014807,-0.2362334837585937,0.2362334837585937,-86.69637689314366
Band-Power Envelope Coherence Change,BetaL,UltraSlow,CP5,CP2,0.34905679955314983,0.0924293284904122,-0.25662747106273764,0.25662747106273764,-73.52026128448523
Band-Power Envelope Coherence Change,BetaL,UltraSlow,CP5,CP6,0.0771928123757847,0.01301305789723457,-0.06417975447855012,0.06417975447855012,-83.1421378536057
Band-Power Envelope Coherence Change,BetaL,UltraSlow,CP5,T8,0.06262985417948942,0.009986404362042746,-0.052643449817446675,0.052643449817446675,-84.05488166486393
Band-Power Envelope Coherence Change,BetaL,UltraSlow,CP5,FT10,0.040513029800549945,0.01745292406013053,-0.023060105740419414,0.023060105740419414,-56.920220121641904
Band-Power Envelope Coherence Change,BetaL,UltraSlow,CP5,FC6,0.12620930435214106,0.028200009000060325,-0.09800929535208074,0.09800929535208074,-77.65615685403155
Band-Power Envelope Coherence Change,BetaL,UltraSlow,CP5,C4,0.15368983558536786,0.03894714058736787,-0.114742694998,0.114742694998,-74.65861002516692
Band-Power Envelope Coherence Change,BetaL,UltraSlow,CP5,FC2,0.21965390915810082,0.0731204961305011,-0.1465334130275997,0.1465334130275997,-66.71104265307156
Band-Power Envelope Coherence Change,BetaL,UltraSlow,CP5,F4,0.12325969727914665,0.04529748212394744,-0.07796221515519922,0.07796221515519922,-63.25037045859193
Band-Power Envelope Coherence Change,BetaL,UltraSlow,CP5,F8,0.06515843243622882,0.022217748311168302,-0.04294068412506052,0.04294068412506052,-65.90196006800345
Band-Power Envelope Coherence Change,BetaL,UltraSlow,CP5,Fp2,0.08237494776213622,0.04125791872713762,-0.0411170290349986,0.0411170290349986,-49.91448268195214
Band-Power Envelope Coherence Change,BetaL,UltraSlow,CP1,P3,0.8530153724267792,0.671799004686996,-0.1812163677397831,0.1812163677397831,-21.24420890847876
Band-Power Envelope Coherence Change,BetaL,UltraSlow,CP1,P7,0.2181744172016076,0.16837071192801384,-0.04980370527359376,0.04980370527359376,-22.82747258473107
Band-Power Envelope Coherence Change,BetaL,UltraSlow,CP1,PO9,0.22847329936141955,0.0105441630701036,-0.21792913629131594,0.21792913629131594,-95.38494734414286
Band-Power Envelope Coherence Change,BetaL,UltraSlow,CP1,O1,0.5489417614328059,0.28024732184947904,-0.2686944395833269,0.2686944395833269,-48.947713302409554
Band-Power Envelope Coherence Change,BetaL,UltraSlow,CP1,Pz,0.9086101685104478,0.8609849499791601,-0.04762521853128776,0.04762521853128776,-5.241545844612692
Band-Power Envelope Coherence Change,BetaL,UltraSlow,CP1,Oz,0.7493039502900802,0.297997294928303,-0.4513066553617772,0.4513066553617772,-60.23011825669163
Band-Power Envelope Coherence Change,BetaL,UltraSlow,CP1,O2,0.6220454769434544,0.22685041704342754,-0.3951950599000268,0.3951950599000268,-63.5315382151635
Band-Power Envelope Coherence Change,BetaL,UltraSlow,CP1,PO10,0.24030863696569751,0.018205729774190105,-0.2221029071915074,0.2221029071915074,-92.42402187284311
Band-Power Envelope Coherence Change,BetaL,UltraSlow,CP1,P8,0.16906333355379102,0.06844740577409197,-0.10061592777969905,0.10061592777969905,-59.51374888020056
Band-Power Envelope Coherence Change,BetaL,UltraSlow,CP1,P4,0.8657428542577471,0.560771711819331,-0.30497114243841605,0.30497114243841605,-35.22652724634799
Band-Power Envelope Coherence Change,BetaL,UltraSlow,CP1,CP2,0.8968925345437849,0.6918670163896014,-0.20502551815418357,0.20502551815418357,-22.85954116659832
Band-Power Envelope Coherence Change,BetaL,UltraSlow,CP1,CP6,0.2327781095356423,0.12424150642271257,-0.10853660311292972,0.10853660311292972,-46.62663655506272
Band-Power Envelope Coherence Change,BetaL,UltraSlow,CP1,T8,0.13430335952447867,0.031937944520230035,-0.10236541500424863,0.10236541500424863,-76.21954906168308
Band-Power Envelope Coherence Change,BetaL,UltraSlow,CP1,FT10,0.06921156397890534,0.04404263487817246,-0.025168929100732873,0.025168929100732873,-36.365207855155525
Band-Power Envelope Coherence Change,BetaL,UltraSlow,CP1,FC6,0.16142689034706525,0.046938990037463164,-0.1144879003096021,0.1144879003096021,-70.92244672709418
Band-Power Envelope Coherence Change,BetaL,UltraSlow,CP1,C4,0.24078821161332095,0.10537990110714954,-0.13540831050617141,0.13540831050617141,-56.23544009854688
Band-Power Envelope Coherence Change,BetaL,UltraSlow,CP1,FC2,0.2150644016857823,0.0772641994664889,-0.1378002022192934,0.1378002022192934,-64.07392443340065
Band-Power Envelope Coherence Change,BetaL,UltraSlow,CP1,F4,0.12446408319556768,0.056317442465195426,-0.06814664073037224,0.06814664073037224,-54.75205294630655
Band-Power Envelope Coherence Change,BetaL,UltraSlow,CP1,F8,0.1018606456105985,0.040629830693678336,-0.061230814916920166,0.061230814916920166,-60.112337350578464
Band-Power Envelope Coherence Change,BetaL,UltraSlow,CP1,Fp2,0.11457304435829747,0.10080722555454778,-0.013765818803749691,0.013765818803749691,-12.014884374286734
Band-Power Envelope Coherence Change,BetaL,UltraSlow,P3,P7,0.28426030437221167,0.2684000971246914,-0.015860207247520297,0.015860207247520297,-5.579466075134034
Band-Power Envelope Coherence Change,BetaL,UltraSlow,P3,PO9,0.22538891615138948,0.007604619773036373,-0.21778429637835311,0.21778429637835311,-96.62600100178463
Band-Power Envelope Coherence Change,BetaL,UltraSlow,P3,O1,0.5835635244736136,0.3856253592865619,-0.1979381651870517,0.1979381651870517,-33.91887204835087
Band-Power Envelope Coherence Change,BetaL,UltraSlow,P3,Pz,0.8765109239064665,0.6423750919358447,-0.2341358319706217,0.2341358319706217,-26.71225487152133
Band-Power Envelope Coherence Change,BetaL,UltraSlow,P3,Oz,0.7008243470102086,0.33663082815094514,-0.36419351885926343,0.36419351885926343,-51.96644785714878
Band-Power Envelope Coherence Change,BetaL,UltraSlow,P3,O2,0.5385425392341248,0.21148544513125359,-0.3270570941028712,0.3270570941028712,-60.730038998959586
Band-Power Envelope Coherence Change,BetaL,UltraSlow,P3,PO10,0.14836109434574715,0.007872661274593221,-0.14048843307115394,0.14048843307115394,-94.69358101643115
Band-Power Envelope Coherence Change,BetaL,UltraSlow,P3,P8,0.09816669680929463,0.02122932749563761,-0.07693736931365702,0.07693736931365702,-78.37420613542783
Band-Power Envelope Coherence Change,BetaL,UltraSlow,P3,P4,0.7328153053416304,0.2792209889968497,-0.4535943163447807,0.4535943163447807,-61.89749491289896
Band-Power Envelope Coherence Change,BetaL,UltraSlow,P3,CP2,0.8164023216075321,0.3355210500619248,-0.48088127154560734,0.48088127154560734,-58.902487023644284
Band-Power Envelope Coherence Change,BetaL,UltraSlow,P3,CP6,0.13683999190151486,0.029211830480494264,-0.1076281614210206,0.1076281614210206,-78.65256342493916
Band-Power Envelope Coherence Change,BetaL,UltraSlow,P3,T8,0.06487928826352266,0.010198323112167737,-0.05468096515135492,0.05468096515135492,-84.2810804724848
Band-Power Envelope Coherence Change,BetaL,UltraSlow,P3,FT10,0.043016189802185786,0.0393189701300444,-0.003697219672141386,0.003697219672141386,-8.59494922526476
Band-Power Envelope Coherence Change,BetaL,UltraSlow,P3,FC6,0.08580223534440305,0.011860924790438212,-0.07394131055396484,0.07394131055396484,-86.17643847758809
Band-Power Envelope Coherence Change,BetaL,UltraSlow,P3,C4,0.1392642972157162,0.02374078659507012,-0.11552351062064609,0.11552351062064609,-82.95271144886736
Band-Power Envelope Coherence Change,BetaL,UltraSlow,P3,FC2,0.13349100421080567,0.016433472139353648,-0.11705753207145203,0.11705753207145203,-87.68945350549441
Band-Power Envelope Coherence Change,BetaL,UltraSlow,P3,F4,0.0687126640818353,0.015842551585349918,-0.05287011249648538,0.05287011249648538,-76.94376750335022
Band-Power Envelope Coherence Change,BetaL,UltraSlow,P3,F8,0.0512122229748393,0.022938910915422564,-0.028273312059416737,0.028273312059416737,-55.208132779761364
Band-Power Envelope Coherence Change,BetaL,UltraSlow,P3,Fp2,0.05838549086182401,0.03593207793630874,-0.022453412925515275,0.022453412925515275,-38.45717933356741
Band-Power Envelope Coherence Change,BetaL,UltraSlow,P7,PO9,0.27970135706214205,0.03736624523882925,-0.2423351118233128,0.2423351118233128,-86.64066358801131
Band-Power Envelope Coherence Change,BetaL,UltraSlow,P7,O1,0.2639285838364996,0.20793351513566422,-0.05599506870083537,0.05599506870083537,-21.215992556351384
Band-Power Envelope Coherence Change,BetaL,UltraSlow,P7,Pz,0.29621377126906173,0.1201547524052064,-0.17605901886385533,0.17605901886385533,-59.43647322998177
Band-Power Envelope Coherence Change,BetaL,UltraSlow,P7,Oz,0.2312108525968844,0.08987996229179665,-0.14133089030508775,0.14133089030508775,-61.12640852179107
Band-Power Envelope Coherence Change,BetaL,UltraSlow,P7,O2,0.16341115400402653,0.04097356272373724,-0.12243759128028929,0.12243759128028929,-74.92609181211239
Band-Power Envelope Coherence Change,BetaL,UltraSlow,P7,PO10,0.06727200389294018,0.006591536358643108,-0.06068046753429707,0.06068046753429707,-90.20166491675617
Band-Power Envelope Coherence Change,BetaL,UltraSlow,P7,P8,0.024357327241958562,0.008309428812046028,-0.016047898429912534,0.016047898429912534,-65.88530125040981
Band-Power Envelope Coherence Change,BetaL,UltraSlow,P7,P4,0.1731052684811255,0.04813285408169987,-0.12497241439942564,0.12497241439942564,-72.19446033963546
Band-Power Envelope Coherence Change,BetaL,UltraSlow,P7,CP2,0.2557867220688524,0.06153776912536504,-0.19424895294348735,0.19424895294348735,-75.94176561330639
Band-Power Envelope Coherence Change,BetaL,UltraSlow,P7,CP6,0.04195958987174255,0.0060748339048663415,-0.03588475596687621,0.03588475596687621,-85.52217997498254
Band-Power Envelope Coherence Change,BetaL,UltraSlow,P7,T8,0.01103035345917566,0.015701350585627966,0.004670997126452305,0.004670997126452305,42.34675836762701
Band-Power Envelope Coherence Change,BetaL,UltraSlow,P7,FT10,0.018566552730867956,0.04040197093118119,0.021835418200313234,0.021835418200313234,117.60620572288899
Band-Power Envelope Coherence Change,BetaL,UltraSlow,P7,FC6,0.02149228207490639,0.018313823960932434,-0.0031784581139739573,0.0031784581139739573,-14.788834907787711
Band-Power Envelope Coherence Change,BetaL,UltraSlow,P7,C4,0.017821041389048834,0.009907045951646952,-0.007913995437401882,0.007913995437401882,-44.40815362375564
Band-Power Envelope Coherence Change,BetaL,UltraSlow,P7,FC2,0.033355804973949424,0.021727653312650495,-0.011628151661298929,0.011628151661298929,-34.860953499339644
Band-Power Envelope Coherence Change,BetaL,UltraSlow,P7,F4,0.032860640948293246,0.03175633431170746,-0.0011043066365857834,0.0011043066365857834,-3.3605754626741087
Band-Power Envelope Coherence Change,BetaL,UltraSlow,P7,F8,0.026402563715850095,0.044769410971075944,0.01836684725522585,0.01836684725522585,69.564635665285
Band-Power Envelope Coherence Change,BetaL,UltraSlow,P7,Fp2,0.031122466281159448,0.1084483518555646,0.07732588557440516,0.07732588557440516,248.45680569092877
Band-Power Envelope Coherence Change,BetaL,UltraSlow,PO9,O1,0.40663495977980074,0.1853323344030802,-0.22130262537672055,0.22130262537672055,-54.42292160432036
Band-Power Envelope Coherence Change,BetaL,UltraSlow,PO9,Pz,0.2892297193709138,0.014211379630308961,-0.27501833974060486,0.27501833974060486,-95.08647324997608
Band-Power Envelope Coherence Change,BetaL,UltraSlow,PO9,Oz,0.42439721907447353,0.11875974607037453,-0.305637473004099,0.305637473004099,-72.01684159727388
Band-Power Envelope Coherence Change,BetaL,UltraSlow,PO9,O2,0.3317441937421916,0.07708862916642456,-0.25465556457576705,0.25465556457576705,-76.76262897118481
Band-Power Envelope Coherence Change,BetaL,UltraSlow,PO9,PO10,0.1559826959590856,0.043842263398055144,-0.11214043256103046,0.11214043256103046,-71.89286726422847
Band-Power Envelope Coherence Change,BetaL,UltraSlow,PO9,P8,0.05612823464796249,0.008062373943624593,-0.048065860704337895,0.048065860704337895,-85.635796325696
Band-Power Envelope Coherence Change,BetaL,UltraSlow,PO9,P4,0.20353372375716436,0.016522132095368732,-0.18701159166179562,0.18701159166179562,-91.8823614139339
Band-Power Envelope Coherence Change,BetaL,UltraSlow,PO9,CP2,0.2599815737477169,0.012462489585149682,-0.24751908416256724,0.24751908416256724,-95.20639505119578
Band-Power Envelope Coherence Change,BetaL,UltraSlow,PO9,CP6,0.05087253377512051,0.004690041622295524,-0.04618249215282498,0.04618249215282498,-90.78079805690902
Band-Power Envelope Coherence Change,BetaL,UltraSlow,PO9,T8,0.0317876469490353,0.006184308393791696,-0.0256033385552436,0.0256033385552436,-80.54493179785558
Band-Power Envelope Coherence Change,BetaL,UltraSlow,PO9,FT10,0.049970642744073195,0.002691946150760965,-0.04727869659331223,0.04727869659331223,-94.61294471526435
Band-Power Envelope Coherence Change,BetaL,UltraSlow,PO9,FC6,0.03309102730484841,0.008894935090365763,-0.02419609221448265,0.02419609221448265,-73.1197976768086
Band-Power Envelope Coherence Change,BetaL,UltraSlow,PO9,C4,0.04319566868348817,0.00294578549947583,-0.04024988318401234,0.04024988318401234,-93.18036833493476
Band-Power Envelope Coherence Change,BetaL,UltraSlow,PO9,FC2,0.03310117507303881,0.017132025044780164,-0.015969150028258643,0.015969150028258643,-48.243453572334516
Band-Power Envelope Coherence Change,BetaL,UltraSlow,PO9,F4,0.023982991361756037,0.01668189507122699,-0.007301096290529045,0.007301096290529045,-30.442809157541465
Band-Power Envelope Coherence Change,BetaL,UltraSlow,PO9,F8,0.021403541948545723,0.010868560631275816,-0.010534981317269907,0.010534981317269907,-49.2207380563277
Band-Power Envelope Coherence Change,BetaL,UltraSlow,PO9,Fp2,0.02706811845271488,0.014693491517563113,-0.012374626935151768,0.012374626935151768,-45.71661291038357
Band-Power Envelope Coherence Change,BetaL,UltraSlow,O1,Pz,0.5967526162020064,0.3220954054348532,-0.27465721076715316,0.27465721076715316,-46.02530484326844
Band-Power Envelope Coherence Change,BetaL,UltraSlow,O1,Oz,0.7345716767574179,0.8057003530933955,0.07112867633597764,0.07112867633597764,9.683013732568252
Band-Power Envelope Coherence Change,BetaL,UltraSlow,O1,O2,0.5464286121123836,0.559371356576527,0.012942744464143452,0.012942744464143452,2.368606653687001
Band-Power Envelope Coherence Change,BetaL,UltraSlow,O1,PO10,0.12432935139466386,0.03368266196702114,-0.09064668942764273,0.09064668942764273,-72.90851951756682
Band-Power Envelope Coherence Change,BetaL,UltraSlow,O1,P8,0.0693341973573979,0.0360407521420803,-0.0332934452153176,0.0332934452153176,-48.01879373276572
Band-Power Envelope Coherence Change,BetaL,UltraSlow,O1,P4,0.46085493641600794,0.18690221160399464,-0.27395272481201327,0.27395272481201327,-59.44445923537197
Band-Power Envelope Coherence Change,BetaL,UltraSlow,O1,CP2,0.5267535674311309,0.12614761163336363,-0.40060595579776725,0.40060595579776725,-76.05187331743006
Band-Power Envelope Coherence Change,BetaL,UltraSlow,O1,CP6,0.06540784546564025,0.004332976524542013,-0.061074868941098245,0.061074868941098245,-93.37544832168766
Band-Power Envelope Coherence Change,BetaL,UltraSlow,O1,T8,0.028715744750561597,0.005826544331397987,-0.022889200419163612,0.022889200419163612,-79.70958308060585
Band-Power Envelope Coherence Change,BetaL,UltraSlow,O1,FT10,0.03358902558583633,0.011815993871740104,-0.02177303171409623,0.02177303171409623,-64.821861707347
Band-Power Envelope Coherence Change,BetaL,UltraSlow,O1,FC6,0.027540142268639985,0.009254196383801455,-0.01828594588483853,0.01828594588483853,-66.3974270955774
Band-Power Envelope Coherence Change,BetaL,UltraSlow,O1,C4,0.04699786715240512,0.008754010173624755,-0.03824385697878037,0.03824385697878037,-81.37360117803397
Band-Power Envelope Coherence Change,BetaL,UltraSlow,O1,FC2,0.03745508590145019,0.005579557363236713,-0.03187552853821348,0.03187552853821348,-85.10333849475785
Band-Power Envelope Coherence Change,BetaL,UltraSlow,O1,F4,0.02177804624399831,0.007988966250136413,-0.013789079993861897,0.013789079993861897,-63.31642351830322
Band-Power Envelope Coherence Change,BetaL,UltraSlow,O1,F8,0.01833111919448242,0.016214175259267674,-0.0021169439352147455,0.0021169439352147455,-11.548361628961182
Band-Power Envelope Coherence Change,BetaL,UltraSlow,O1,Fp2,0.020037288919943434,0.030944664718612572,0.010907375798669138,0.010907375798669138,54.43538715366255
Band-Power Envelope Coherence Change,BetaL,UltraSlow,Pz,Oz,0.8005756374335345,0.3843836090449374,-0.41619202838859715,0.41619202838859715,-51.98659675965349
Band-Power Envelope Coherence Change,BetaL,UltraSlow,Pz,O2,0.699093526871317,0.31794865108597076,-0.3811448757853462,0.3811448757853462,-54.51986910694197
Band-Power Envelope Coherence Change,BetaL,UltraSlow,Pz,PO10,0.27598000623464763,0.0285955894828554,-0.24738441675179224,0.24738441675179224,-89.63852857567427
Band-Power Envelope Coherence Change,BetaL,UltraSlow,Pz,P8,0.15852041079391807,0.11168755229438658,-0.04683285849953149,0.04683285849953149,-29.54374030762247
Band-Power Envelope Coherence Change,BetaL,UltraSlow,Pz,P4,0.8921416206653913,0.6970922520031212,-0.19504936866227007,0.19504936866227007,-21.86305000732902
Band-Power Envelope Coherence Change,BetaL,UltraSlow,Pz,CP2,0.9484528525615628,0.7707477902990733,-0.1777050622624895,0.1777050622624895,-18.736309536372545
Band-Power Envelope Coherence Change,BetaL,UltraSlow,Pz,CP6,0.21375715915537005,0.171347030004611,-0.04241012915075906,0.04241012915075906,-19.840331579225904
Band-Power Envelope Coherence Change,BetaL,UltraSlow,Pz,T8,0.11172541743472085,0.041642648610975885,-0.07008276882374496,0.07008276882374496,-62.72768581481744
Band-Power Envelope Coherence Change,BetaL,UltraSlow,Pz,FT10,0.05889405310500002,0.055694803184075686,-0.003199249920924331,0.003199249920924331,-5.432212171270514
Band-Power Envelope Coherence Change,BetaL,UltraSlow,Pz,FC6,0.1373340970163763,0.046500020710743356,-0.09083407630563295,0.09083407630563295,-66.14094990175784
Band-Power Envelope Coherence Change,BetaL,UltraSlow,Pz,C4,0.20330852330557497,0.11888062252351207,-0.0844279007820629,0.0844279007820629,-41.526985396065676
Band-Power Envelope Coherence Change,BetaL,UltraSlow,Pz,FC2,0.1928267290502112,0.06166310981575956,-0.13116361923445163,0.13116361923445163,-68.02149260142106
Band-Power Envelope Coherence Change,BetaL,UltraSlow,Pz,F4,0.11272091577749128,0.045470251992502424,-0.06725066378498887,0.06725066378498887,-59.66121133875479
Band-Power Envelope Coherence Change,BetaL,UltraSlow,Pz,F8,0.08905173209638416,0.0453681542186598,-0.04368357787772436,0.04368357787772436,-49.054158576549554
Band-Power Envelope Coherence Change,BetaL,UltraSlow,Pz,Fp2,0.1019242026271582,0.0717314358104708,-0.030192766816687408,0.030192766816687408,-29.62276479820348
Band-Power Envelope Coherence Change,BetaL,UltraSlow,Oz,O2,0.840640114463723,0.8338620679098924,-0.00677804655383063,0.00677804655383063,-0.8062958734909539
Band-Power Envelope Coherence Change,BetaL,UltraSlow,Oz,PO10,0.287458804129267,0.12195361241097197,-0.16550519171829503,0.16550519171829503,-57.57527316640098
Band-Power Envelope Coherence Change,BetaL,UltraSlow,Oz,P8,0.1652702380697382,0.12233677158878799,-0.042933466480950214,0.042933466480950214,-25.97773621094066
Band-Power Envelope Coherence Change,BetaL,UltraSlow,Oz,P4,0.7172603846912994,0.3168890899929856,-0.4003712946983138,0.4003712946983138,-55.81951871922063
Band-Power Envelope Coherence Change,BetaL,UltraSlow,Oz,CP2,0.7451690380323597,0.18878872263228869,-0.556380315400071,0.556380315400071,-74.66498029349277
Band-Power Envelope Coherence Change,BetaL,UltraSlow,Oz,CP6,0.13406104772699548,0.027773441118646495,-0.10628760660834899,0.10628760660834899,-79.28298966064709
Band-Power Envelope Coherence Change,BetaL,UltraSlow,Oz,T8,0.06235219871055619,0.004411120178156361,-0.057941078532399826,0.057941078532399826,-92.92547773875123
Band-Power Envelope Coherence Change,BetaL,UltraSlow,Oz,FT10,0.037059931951542086,0.016175480158866187,-0.0208844517926759,0.0208844517926759,-56.35318440407143
Band-Power Envelope Coherence Change,BetaL,UltraSlow,Oz,FC6,0.05682728234042372,0.004319691807724958,-0.05250759053269876,0.05250759053269876,-92.39855993491321
Band-Power Envelope Coherence Change,BetaL,UltraSlow,Oz,C4,0.09162370958603372,0.006178932284901891,-0.08544477730113183,0.08544477730113183,-93.25618629411645
Band-Power Envelope Coherence Change,BetaL,UltraSlow,Oz,FC2,0.07783064100159301,0.003942337263197818,-0.0738883037383952,0.0738883037383952,-94.93472337826805
Band-Power Envelope Coherence Change,BetaL,UltraSlow,Oz,F4,0.04418139793101155,0.005281176735887725,-0.038900221195123826,0.038900221195123826,-88.0466056231761
Band-Power Envelope Coherence Change,BetaL,UltraSlow,Oz,F8,0.04175797736102653,0.02231757935694782,-0.01944039800407871,0.01944039800407871,-46.55493209358072
Band-Power Envelope Coherence Change,BetaL,UltraSlow,Oz,Fp2,0.05119231543882639,0.016557536455691482,-0.034634778983134905,0.034634778983134905,-67.65620715969109
Band-Power Envelope Coherence Change,BetaL,UltraSlow,O2,PO10,0.4786314543823569,0.23174170309624953,-0.24688975128610735,0.24688975128610735,-51.58243342044929
Band-Power Envelope Coherence Change,BetaL,UltraSlow,O2,P8,0.29805917171474655,0.27144324114198215,-0.0266159305727644,0.0266159305727644,-8.929747210811152
Band-Power Envelope Coherence Change,BetaL,UltraSlow,O2,P4,0.7089840968983167,0.3762560795888747,-0.33272801730944196,0.33272801730944196,-46.93025115303287
Band-Power Envelope Coherence Change,BetaL,UltraSlow,O2,CP2,0.6761920264761192,0.19185713961393305,-0.4843348868621862,0.4843348868621862,-71.62682609350337
Band-Power Envelope Coherence Change,BetaL,UltraSlow,O2,CP6,0.16375126177429955,0.0521522505049813,-0.11159901126931826,0.11159901126931826,-68.15154280956723
Band-Power Envelope Coherence Change,BetaL,UltraSlow,O2,T8,0.06025084303513812,0.0066997935360150205,-0.0535510494991231,0.0535510494991231,-88.88016632048166
Band-Power Envelope Coherence Change,BetaL,UltraSlow,O2,FT10,0.04014732482089061,0.00594119724054298,-0.034206127580347634,0.034206127580347634,-85.20151151527914
Band-Power Envelope Coherence Change,BetaL,UltraSlow,O2,FC6,0.048511213479593536,0.00535290314779146,-0.04315831033180208,0.04315831033180208,-88.96563750143423
Band-Power Envelope Coherence Change,BetaL,UltraSlow,O2,C4,0.08190941392969338,0.0089549893312611,-0.07295442459843228,0.07295442459843228,-89.06720375395729
Band-Power Envelope Coherence Change,BetaL,UltraSlow,O2,FC2,0.06425107451944308,0.005333501055226038,-0.05891757346421704,0.05891757346421704,-91.69896986919329
Band-Power Envelope Coherence Change,BetaL,UltraSlow,O2,F4,0.037057833118699965,0.004139898430050018,-0.032917934688649945,0.032917934688649945,-88.82854694501562
Band-Power Envelope Coherence Change,BetaL,UltraSlow,O2,F8,0.03461828108741164,0.00869223788287517,-0.02592604320453647,0.02592604320453647,-74.8911915616863
Band-Power Envelope Coherence Change,BetaL,UltraSlow,O2,Fp2,0.04306887431279859,0.006442211287923206,-0.03662666302487538,0.03662666302487538,-85.04207181934912
Band-Power Envelope Coherence Change,BetaL,UltraSlow,PO10,P8,0.5973948774797466,0.5438843901217575,-0.053510487357989134,0.053510487357989134,-8.957306025745641
Band-Power Envelope Coherence Change,BetaL,UltraSlow,PO10,P4,0.34772587057929977,0.10455668101766175,-0.24316918956163802,0.24316918956163802,-69.93129074823402
Band-Power Envelope Coherence Change,BetaL,UltraSlow,PO10,CP2,0.30483875906680474,0.0390137931541685,-0.26582496591263627,0.26582496591263627,-87.20182654148034
Band-Power Envelope Coherence Change,BetaL,UltraSlow,PO10,CP6,0.2115974436224768,0.12195563485279343,-0.08964180876968336,0.08964180876968336,-42.36431557728008
Band-Power Envelope Coherence Change,BetaL,UltraSlow,PO10,T8,0.130944989229275,0.054479145694347156,-0.07646584353492784,0.07646584353492784,-58.395394879174646
Band-Power Envelope Coherence Change,BetaL,UltraSlow,PO10,FT10,0.08262986860058154,0.03934744716954378,-0.043282421431037756,0.043282421431037756,-52.381084665954724
Band-Power Envelope Coherence Change,BetaL,UltraSlow,PO10,FC6,0.09488028536843048,0.02860715728018738,-0.0662731280882431,0.0662731280882431,-69.84920822159981
Band-Power Envelope Coherence Change,BetaL,UltraSlow,PO10,C4,0.10080093713038442,0.030269769363465412,-0.070531167766919,0.070531167766919,-69.97074608114809
Band-Power Envelope Coherence Change,BetaL,UltraSlow,PO10,FC2,0.10417175469376215,0.01479846749192003,-0.08937328720184212,0.08937328720184212,-85.79416509261682
Band-Power Envelope Coherence Change,BetaL,UltraSlow,PO10,F4,0.08606918943153882,0.018939922310710504,-0.06712926712082831,0.06712926712082831,-77.9945385383515
Band-Power Envelope Coherence Change,BetaL,UltraSlow,PO10,F8,0.07351968301157584,0.04236774798372301,-0.03115193502785283,0.03115193502785283,-42.37223795285935
Band-Power Envelope Coherence Change,BetaL,UltraSlow,PO10,Fp2,0.07751179264481682,0.013318861513786251,-0.06419293113103057,0.06419293113103057,-82.81698686183479
Band-Power Envelope Coherence Change,BetaL,UltraSlow,P8,P4,0.2708220960869909,0.34764697874939404,0.07682488266240312,0.07682488266240312,28.367287519156545
Band-Power Envelope Coherence Change,BetaL,UltraSlow,P8,CP2,0.1887072501012309,0.17852527223757697,-0.010181977863653935,0.010181977863653935,-5.3956474158739915
Band-Power Envelope Coherence Change,BetaL,UltraSlow,P8,CP6,0.38758777876112654,0.39322693639844225,0.005639157637315706,0.005639157637315706,1.454936906251413
Band-Power Envelope Coherence Change,BetaL,UltraSlow,P8,T8,0.13941633405583845,0.1565158257956963,0.017099491739857864,0.017099491739857864,12.265056211425877
Band-Power Envelope Coherence Change,BetaL,UltraSlow,P8,FT10,0.08561964209233078,0.026173870321132886,-0.05944577177119789,0.05944577177119789,-69.4300633808917
Band-Power Envelope Coherence Change,BetaL,UltraSlow,P8,FC6,0.06763715885802975,0.06265852719283153,-0.004978631665198213,0.004978631665198213,-7.360793607029459
Band-Power Envelope Coherence Change,BetaL,UltraSlow,P8,C4,0.13520357728576196,0.10477075516735729,-0.030432822118404673,0.030432822118404673,-22.508888247892166
Band-Power Envelope Coherence Change,BetaL,UltraSlow,P8,FC2,0.06723837279660766,0.01665133428723657,-0.05058703850937109,0.05058703850937109,-75.23536993138437
Band-Power Envelope Coherence Change,BetaL,UltraSlow,P8,F4,0.04199187454569368,0.015209430490044907,-0.026782444055648776,0.026782444055648776,-63.78006303696996
Band-Power Envelope Coherence Change,BetaL,UltraSlow,P8,F8,0.04196677301070309,0.0354432786738383,-0.006523494336864791,0.006523494336864791,-15.544426861700938
Band-Power Envelope Coherence Change,BetaL,UltraSlow,P8,Fp2,0.03542874669535731,0.008114449510835871,-0.02731429718452144,0.02731429718452144,-77.09642516962303
Band-Power Envelope Coherence Change,BetaL,UltraSlow,P4,CP2,0.9239965042984132,0.8025340829220314,-0.12146242137638175,0.12146242137638175,-13.14533343052068
Band-Power Envelope Coherence Change,BetaL,UltraSlow,P4,CP6,0.33444185016879485,0.4019365152775592,0.06749466510876434,0.06749466510876434,20.18128564792336
Band-Power Envelope Coherence Change,BetaL,UltraSlow,P4,T8,0.16012966920382216,0.09338599921148516,-0.066743669992337,0.066743669992337,-41.68101409575876
Band-Power Envelope Coherence Change,BetaL,UltraSlow,P4,FT10,0.07907856005139337,0.05053578138669401,-0.028542778664699356,0.028542778664699356,-36.09420637673388
Band-Power Envelope Coherence Change,BetaL,UltraSlow,P4,FC6,0.1773772888088777,0.07983776360703394,-0.09753952520184377,0.09753952520184377,-54.989861360966934
Band-Power Envelope Coherence Change,BetaL,UltraSlow,P4,C4,0.28471471905128193,0.20631610367086697,-0.07839861538041495,0.07839861538041495,-27.53584909190945
Band-Power Envelope Coherence Change,BetaL,UltraSlow,P4,FC2,0.22814317486878927,0.0732559167625725,-0.15488725810621679,0.15488725810621679,-67.89037550445953
Band-Power Envelope Coherence Change,BetaL,UltraSlow,P4,F4,0.13764129531569708,0.05569740313722043,-0.08194389217847664,0.08194389217847664,-59.53438028211544
Band-Power Envelope Coherence Change,BetaL,UltraSlow,P4,F8,0.11361238657977045,0.05795519276117474,-0.05565719381859571,0.05565719381859571,-48.988667075941784
Band-Power Envelope Coherence Change,BetaL,UltraSlow,P4,Fp2,0.12448609435780877,0.08444022359384959,-0.040045870763959185,0.040045870763959185,-32.16895105477071
Band-Power Envelope Coherence Change,BetaL,UltraSlow,CP2,CP6,0.2774596980971697,0.37636252630224126,0.09890282820507157,0.09890282820507157,35.645835731586004
Band-Power Envelope Coherence Change,BetaL,UltraSlow,CP2,T8,0.15537720818855574,0.11887388317714978,-0.03650332501140596,0.03650332501140596,-23.493358798870865
Band-Power Envelope Coherence Change,BetaL,UltraSlow,CP2,FT10,0.0792705913231163,0.06823300670335622,-0.01103758461976008,0.01103758461976008,-13.923933750878152
Band-Power Envelope Coherence Change,BetaL,UltraSlow,CP2,FC6,0.18841760486107487,0.13928575211981695,-0.04913185274125792,0.04913185274125792,-26.076041449249974
Band-Power Envelope Coherence Change,BetaL,UltraSlow,CP2,C4,0.27100174082047007,0.31889014081148964,0.04788839999101957,0.04788839999101957,17.670882794344887
Band-Power Envelope Coherence Change,BetaL,UltraSlow,CP2,FC2,0.25309260665217603,0.16735874690228428,-0.08573385974989176,0.08573385974989176,-33.87450186078149
Band-Power Envelope Coherence Change,BetaL,UltraSlow,CP2,F4,0.15601986892041156,0.1137926976726744,-0.04222717124773716,0.04222717124773716,-27.0652523553125
Band-Power Envelope Coherence Change,BetaL,UltraSlow,CP2,F8,0.12840982452780766,0.0743251878176646,-0.05408463671014306,0.05408463671014306,-42.11876848911262
Band-Power Envelope Coherence Change,BetaL,UltraSlow,CP2,Fp2,0.1438741887234287,0.129071542653401,-0.01480264607002768,0.01480264607002768,-10.28860437120032
Band-Power Envelope Coherence Change,BetaL,UltraSlow,CP6,T8,0.5489970749589769,0.5865104930954871,0.03751341813651021,0.03751341813651021,6.833081604180379
Band-Power Envelope Coherence Change,BetaL,UltraSlow,CP6,FT10,0.34691725966352716,0.12869120635663164,-0.2182260533068955,0.2182260533068955,-62.904351751928274
Band-Power Envelope Coherence Change,BetaL,UltraSlow,CP6,FC6,0.447147307054683,0.4602380124535641,0.01309070539888113,0.01309070539888113,2.9276046601081798
Band-Power Envelope Coherence Change,BetaL,UltraSlow,CP6,C4,0.628082107656282,0.6462966097037306,0.018214502047448566,0.018214502047448566,2.900019253122309
Band-Power Envelope Coherence Change,BetaL,UltraSlow,CP6,FC2,0.4015725157319992,0.2198070691131136,-0.1817654466188856,0.1817654466188856,-45.26341806225402
Band-Power Envelope Coherence Change,BetaL,UltraSlow,CP6,F4,0.3003185502143461,0.2167297635642975,-0.08358878665004862,0.08358878665004862,-27.83337445868358
Band-Power Envelope Coherence Change,BetaL,UltraSlow,CP6,F8,0.2770647444032692,0.1787588309523173,-0.09830591345095194,0.09830591345095194,-35.48120626558937
Band-Power Envelope Coherence Change,BetaL,UltraSlow,CP6,Fp2,0.21802772042723306,0.05610257148213966,-0.1619251489450934,0.1619251489450934,-74.26814747583258
Band-Power Envelope Coherence Change,BetaL,UltraSlow,T8,FT10,0.6047099873976706,0.3390660909103839,-0.26564389648728665,0.26564389648728665,-43.92913992217453
Band-Power Envelope Coherence Change,BetaL,UltraSlow,T8,FC6,0.716801701451514,0.7795731182869988,0.06277141683548482,0.06277141683548482,8.757152320979921
Band-Power Envelope Coherence Change,BetaL,UltraSlow,T8,C4,0.5348443107281325,0.5891943665859043,0.05435005585777175,0.05435005585777175,10.161846123740203
Band-Power Envelope Coherence Change,BetaL,UltraSlow,T8,FC2,0.52680961365243,0.3685691008901059,-0.15824051276232404,0.15824051276232404,-30.037514248311616
Band-Power Envelope Coherence Change,BetaL,UltraSlow,T8,F4,0.52833522962016,0.45979607910099746,-0.06853915051916254,0.06853915051916254,-12.972663316136973
Band-Power Envelope Coherence Change,BetaL,UltraSlow,T8,F8,0.5815798299042312,0.46313686923778064,-0.11844296066645055,0.11844296066645055,-20.365727038015496
Band-Power Envelope Coherence Change,BetaL,UltraSlow,T8,Fp2,0.44438064130283816,0.16820118065693682,-0.2761794606459014,0.2761794606459014,-62.14930061674076
Band-Power Envelope Coherence Change,BetaL,UltraSlow,FT10,FC6,0.6029945069450611,0.28220383922744274,-0.3207906677176183,0.3207906677176183,-53.19960033182286
Band-Power Envelope Coherence Change,BetaL,UltraSlow,FT10,C4,0.3837362497883649,0.14692746657825567,-0.23680878321010923,0.23680878321010923,-61.71134036482404
Band-Power Envelope Coherence Change,BetaL,UltraSlow,FT10,FC2,0.42683737876410305,0.14123088288564664,-0.28560649587845643,0.28560649587845643,-66.91225044662744
Band-Power Envelope Coherence Change,BetaL,UltraSlow,FT10,F4,0.46904807416013855,0.25051309529194704,-0.2185349788681915,0.2185349788681915,-46.59116856187775
Band-Power Envelope Coherence Change,BetaL,UltraSlow,FT10,F8,0.6837813797140299,0.4967781834612212,-0.18700319625280865,0.18700319625280865,-27.348389675515424
Band-Power Envelope Coherence Change,BetaL,UltraSlow,FT10,Fp2,0.5132192337046861,0.27962013531242663,-0.2335990983922595,0.2335990983922595,-45.516434897815195
Band-Power Envelope Coherence Change,BetaL,UltraSlow,FC6,C4,0.688025721669383,0.7201776494124063,0.03215192774302322,0.03215192774302322,4.6730706033797365
Band-Power Envelope Coherence Change,BetaL,UltraSlow,FC6,FC2,0.8639619205164585,0.6725916869787847,-0.1913702335376738,0.1913702335376738,-22.150308826490484
Band-Power Envelope Coherence Change,BetaL,UltraSlow,FC6,F4,0.8664442495502666,0.7692660944441498,-0.09717815510611671,0.09717815510611671,-11.215742404264056
Band-Power Envelope Coherence Change,BetaL,UltraSlow,FC6,F8,0.7850412788645182,0.5356390799997751,-0.24940219886474313,0.24940219886474313,-31.769310172514476
Band-Power Envelope Coherence Change,BetaL,UltraSlow,FC6,Fp2,0.7265541716648518,0.30211903746426855,-0.42443513420058326,0.42443513420058326,-58.417548305863775
Band-Power Envelope Coherence Change,BetaL,UltraSlow,C4,FC2,0.7017821390504174,0.579407461453827,-0.12237467759659038,0.12237467759659038,-17.437701928717615
Band-Power Envelope Coherence Change,BetaL,UltraSlow,C4,F4,0.5645315411891377,0.4926269734693088,-0.07190456771982895,0.07190456771982895,-12.737032826964475
Band-Power Envelope Coherence Change,BetaL,UltraSlow,C4,F8,0.44273132921906166,0.2463007953316222,-0.19643053388743947,0.19643053388743947,-44.36788655411518
Band-Power Envelope Coherence Change,BetaL,UltraSlow,C4,Fp2,0.4125895006464965,0.138182877894113,-0.27440662275238353,0.27440662275238353,-66.50838722808243
Band-Power Envelope Coherence Change,BetaL,UltraSlow,FC2,F4,0.8625889832894846,0.828327269040813,-0.03426171424867164,0.03426171424867164,-3.971962882949714
Band-Power Envelope Coherence Change,BetaL,UltraSlow,FC2,F8,0.6373102278094227,0.33725678943928167,-0.30005343837014103,0.30005343837014103,-47.08122124471336
Band-Power Envelope Coherence Change,BetaL,UltraSlow,FC2,Fp2,0.6848687613822846,0.34453244603905236,-0.3403363153432322,0.3403363153432322,-49.693654395379994
Band-Power Envelope Coherence Change,BetaL,UltraSlow,F4,F8,0.7173125660185528,0.5609854461930762,-0.15632711982547653,0.15632711982547653,-21.79344503793807
Band-Power Envelope Coherence Change,BetaL,UltraSlow,F4,Fp2,0.7717932097590539,0.5068358562971116,-0.26495735346194227,0.26495735346194227,-34.33009647035627
Band-Power Envelope Coherence Change,BetaL,UltraSlow,F8,Fp2,0.785470001670488,0.5360190678255224,-0.24945093384496553,0.24945093384496553,-31.75817450882262
Band-Power Envelope Coherence Change,BetaL,Slow,Cz,Fz,0.828956396559686,0.6885870730007245,-0.14036932355896148,0.14036932355896148,-16.933257785514257
Band-Power Envelope Coherence Change,BetaL,Slow,Cz,Fp1,0.5944844840707314,0.2403341728149895,-0.3541503112557419,0.3541503112557419,-59.57267527500438
Band-Power Envelope Coherence Change,BetaL,Slow,Cz,F7,0.6101082677916689,0.16923817098811464,-0.44087009680355427,0.44087009680355427,-72.26096089458278
Band-Power Envelope Coherence Change,BetaL,Slow,Cz,F3,0.8035048951426534,0.6280063041454892,-0.17549859099716425,0.17549859099716425,-21.841633082522343
Band-Power Envelope Coherence Change,BetaL,Slow,Cz,FC1,0.8305800455169005,0.8142651132363246,-0.0163149322805759,0.0163149322805759,-1.9642817532923655
Band-Power Envelope Coherence Change,BetaL,Slow,Cz,C3,0.6314013994973067,0.28696862130244954,-0.3444327781948571,0.3444327781948571,-54.55052498601983
Band-Power Envelope Coherence Change,BetaL,Slow,Cz,FC5,0.7401904711614282,0.25379574347621797,-0.48639472768521025,0.48639472768521025,-65.71210338901166
Band-Power Envelope Coherence Change,BetaL,Slow,Cz,FT9,0.4320112629151093,0.03162621076214655,-0.4003850521529627,0.4003850521529627,-92.67930874099429
Band-Power Envelope Coherence Change,BetaL,Slow,Cz,T7,0.6264735864115162,0.06310035516369313,-0.563373231247823,0.563373231247823,-89.92769104199007
Band-Power Envelope Coherence Change,BetaL,Slow,Cz,CP5,0.27676654866114575,0.1555663232648508,-0.12120022539629496,0.12120022539629496,-43.79150080911127
Band-Power Envelope Coherence Change,BetaL,Slow,Cz,CP1,0.24560285175502383,0.20616731769477473,-0.039435534060249106,0.039435534060249106,-16.05662710284163
Band-Power Envelope Coherence Change,BetaL,Slow,Cz,P3,0.1517049131863822,0.05081347804359197,-0.10089143514279024,0.10089143514279024,-66.50505446638809
Band-Power Envelope Coherence Change,BetaL,Slow,Cz,P7,0.08738348531572372,0.029986241952344856,-0.05739724336337887,0.05739724336337887,-65.68431455440111
Band-Power Envelope Coherence Change,BetaL,Slow,Cz,PO9,0.026297245906562468,0.01810417330052008,-0.008193072606042389,0.008193072606042389,-31.155629890496673
Band-Power Envelope Coherence Change,BetaL,Slow,Cz,O1,0.03840935008931321,0.004038201990953067,-0.034371148098360144,0.034371148098360144,-89.48640895624882
Band-Power Envelope Coherence Change,BetaL,Slow,Cz,Pz,0.21400403129332418,0.16032379709831815,-0.05368023419500603,0.05368023419500603,-25.0837490633199
Band-Power Envelope Coherence Change,BetaL,Slow,Cz,Oz,0.08823322618815549,0.0041792907548024675,-0.08405393543335302,0.08405393543335302,-95.26335946745252
Band-Power Envelope Coherence Change,BetaL,Slow,Cz,O2,0.05472466767828758,0.00833190599176186,-0.046392761686525716,0.046392761686525716,-84.77486233312001
Band-Power Envelope Coherence Change,BetaL,Slow,Cz,PO10,0.0832059385691207,0.008339824654474625,-0.07486611391464608,0.07486611391464608,-89.97688771030859
Band-Power Envelope Coherence Change,BetaL,Slow,Cz,P8,0.02674804502761695,0.013019936758399991,-0.013728108269216957,0.013728108269216957,-51.32378181299939
Band-Power Envelope Coherence Change,BetaL,Slow,Cz,P4,0.233151111355483,0.13769849148068009,-0.09545261987480291,0.09545261987480291,-40.94023799409102
Band-Power Envelope Coherence Change,BetaL,Slow,Cz,CP2,0.264015098993064,0.30367912517424867,0.03966402618118464,0.03966402618118464,15.02339310609908
Band-Power Envelope Coherence Change,BetaL,Slow,Cz,CP6,0.24869148589993492,0.18195988053828163,-0.06673160536165329,0.06673160536165329,-26.833088040860332
Band-Power Envelope Coherence Change,BetaL,Slow,Cz,T8,0.3992501970859576,0.21532416481992098,-0.18392603226603663,0.18392603226603663,-46.067862610581955
Band-Power Envelope Coherence Change,BetaL,Slow,Cz,FT10,0.2714400277979994,0.08308284749785913,-0.1883571803001403,0.1883571803001403,-69.39182176930521
Band-Power Envelope Coherence Change,BetaL,Slow,Cz,FC6,0.6999329636230018,0.41794514957778117,-0.28198781404522066,0.28198781404522066,-40.28783164970425
Band-Power Envelope Coherence Change,BetaL,Slow,Cz,C4,0.5685817097328649,0.4392737960180388,-0.12930791371482614,0.12930791371482614,-22.74218665520889
Band-Power Envelope Coherence Change,BetaL,Slow,Cz,FC2,0.8463166865645384,0.7727063119845826,-0.07361037457995578,0.07361037457995578,-8.697734045486342
Band-Power Envelope Coherence Change,BetaL,Slow,Cz,F4,0.75110794641156,0.5805385906479015,-0.1705693557636585,0.1705693557636585,-22.709033578802963
Band-Power Envelope Coherence Change,BetaL,Slow,Cz,F8,0.50124423282751,0.1535500337207367,-0.34769419910677324,0.34769419910677324,-69.36622435443023
Band-Power Envelope Coherence Change,BetaL,Slow,Cz,Fp2,0.5740655090581133,0.21662585343706342,-0.35743965562104985,0.35743965562104985,-62.264610916533194
Band-Power Envelope Coherence Change,BetaL,Slow,Fz,Fp1,0.7566960765385091,0.5114916163544805,-0.24520446018402864,0.24520446018402864,-32.40461630324707
Band-Power Envelope Coherence Change,BetaL,Slow,Fz,F7,0.7374652316937138,0.3925307630631467,-0.3449344686305671,0.3449344686305671,-46.77298044795504
Band-Power Envelope Coherence Change,BetaL,Slow,Fz,F3,0.9214632779788712,0.901004164155414,-0.02045911382345722,0.02045911382345722,-2.220285312761681
Band-Power Envelope Coherence Change,BetaL,Slow,Fz,FC1,0.8682195076771635,0.8068133857381267,-0.06140612193903683,0.06140612193903683,-7.072649415966581
Band-Power Envelope Coherence Change,BetaL,Slow,Fz,C3,0.5823944691705442,0.2118110335184763,-0.37058343565206786,0.37058343565206786,-63.63100188431715
Band-Power Envelope Coherence Change,BetaL,Slow,Fz,FC5,0.8090695359113987,0.3827198252580336,-0.42634971065336513,0.42634971065336513,-52.696300098988615
Band-Power Envelope Coherence Change,BetaL,Slow,Fz,FT9,0.47851454916738084,0.08420020976525085,-0.39431433940213,0.39431433940213,-82.40383496974964
Band-Power Envelope Coherence Change,BetaL,Slow,Fz,T7,0.6520581798415166,0.08806941367220854,-0.563988766169308,0.563988766169308,-86.49362642860889
Band-Power Envelope Coherence Change,BetaL,Slow,Fz,CP5,0.19749291383541312,0.0961115633882629,-0.10138135044715021,0.10138135044715021,-51.33417117519443
Band-Power Envelope Coherence Change,BetaL,Slow,Fz,CP1,0.16547375664092856,0.10751275258762341,-0.05796100405330515,0.05796100405330515,-35.02730900047082
Band-Power Envelope Coherence Change,BetaL,Slow,Fz,P3,0.08768893076464683,0.03000563570221458,-0.05768329506243225,0.05768329506243225,-65.78172930087565
Band-Power Envelope Coherence Change,BetaL,Slow,Fz,P7,0.052495143474539874,0.04577054422401884,-0.006724599250521032,0.006724599250521032,-12.809945464350356
Band-Power Envelope Coherence Change,BetaL,Slow,Fz,PO9,0.02544358805509631,0.025478426205384503,3.4838150288193925e-05,3.4838150288193925e-05,0.13692310303387378
Band-Power Envelope Coherence Change,BetaL,Slow,Fz,O1,0.024549076186240634,0.006043207308169981,-0.018505868878070653,0.018505868878070653,-75.38315795542195
Band-Power Envelope Coherence Change,BetaL,Slow,Fz,Pz,0.1439046995410794,0.08315255050524382,-0.060752149035835576,0.060752149035835576,-42.21693192062369
Band-Power Envelope Coherence Change,BetaL,Slow,Fz,Oz,0.05083792637869092,0.004321379512308963,-0.04651654686638196,0.04651654686638196,-91.49969359466185
Band-Power Envelope Coherence Change,BetaL,Slow,Fz,O2,0.03924050259126066,0.003427768565816467,-0.035812734025444194,0.035812734025444194,-91.26471798406611
Band-Power Envelope Coherence Change,BetaL,Slow,Fz,PO10,0.11354640525842474,0.023731429546402442,-0.0898149757120223,0.0898149757120223,-79.09979669335092
Band-Power Envelope Coherence Change,BetaL,Slow,Fz,P8,0.040150339191961606,0.011464767775004077,-0.02868557141695753,0.02868557141695753,-71.44540244058659
Band-Power Envelope Coherence Change,BetaL,Slow,Fz,P4,0.1771119598782815,0.09744360047863733,-0.07966835939964416,0.07966835939964416,-44.98191960294239
Band-Power Envelope Coherence Change,BetaL,Slow,Fz,CP2,0.19493981410446498,0.17331895454816507,-0.021620859556299915,0.021620859556299915,-11.091043487254819
Band-Power Envelope Coherence Change,BetaL,Slow,Fz,CP6,0.27764587143586356,0.1674821136881614,-0.11016375774770215,0.11016375774770215,-39.67779429889706
Band-Power Envelope Coherence Change,BetaL,Slow,Fz,T8,0.4680255400195615,0.2847850542789193,-0.18324048574064217,0.18324048574064217,-39.15181332475649
Band-Power Envelope Coherence Change,BetaL,Slow,Fz,FT10,0.4161221240923124,0.15791650413020222,-0.2582056199621102,0.2582056199621102,-62.05044264957899
Band-Power Envelope Coherence Change,BetaL,Slow,Fz,FC6,0.8057002913180429,0.5485681410772909,-0.257132150240752,0.257132150240752,-31.91411906034069
Band-Power Envelope Coherence Change,BetaL,Slow,Fz,C4,0.5895425650304709,0.3924658603080752,-0.1970767047223957,0.1970767047223957,-33.428749069579
Band-Power Envelope Coherence Change,BetaL,Slow,Fz,FC2,0.9206436114005159,0.8560282006283533,-0.0646154107721626,0.0646154107721626,-7.018504225958548
Band-Power Envelope Coherence Change,BetaL,Slow,Fz,F4,0.8900433902543811,0.8219609087900372,-0.06808248146434381,0.06808248146434381,-7.649344089267978
Band-Power Envelope Coherence Change,BetaL,Slow,Fz,F8,0.6726813301949015,0.3392168798558769,-0.3334644503390246,0.3334644503390246,-49.57242536260182
Band-Power Envelope Coherence Change,BetaL,Slow,Fz,Fp2,0.7748820566592028,0.42108647061257415,-0.3537955860466287,0.3537955860466287,-45.65799182032548
Band-Power Envelope Coherence Change,BetaL,Slow,Fp1,F7,0.8787039575453023,0.6937065561823293,-0.18499740136297294,0.18499740136297294,-21.053438962511475
Band-Power Envelope Coherence Change,BetaL,Slow,Fp1,F3,0.8384149834322238,0.5072153130585317,-0.331199670373692,0.331199670373692,-39.50307150020843
Band-Power Envelope Coherence Change,BetaL,Slow,Fp1,FC1,0.655960212295066,0.3011462020307485,-0.35481401026431747,0.35481401026431747,-54.090782278226655
Band-Power Envelope Coherence Change,BetaL,Slow,Fp1,C3,0.35979776185032414,0.05383934348246455,-0.3059584183678596,0.3059584183678596,-85.03622056858104
Band-Power Envelope Coherence Change,BetaL,Slow,Fp1,FC5,0.7050929047741465,0.2715241861448416,-0.43356871862930496,0.43356871862930496,-61.491005751672475
Band-Power Envelope Coherence Change,BetaL,Slow,Fp1,FT9,0.6841071418280158,0.21119351684882107,-0.47291362497919476,0.47291362497919476,-69.12859054731007
Band-Power Envelope Coherence Change,BetaL,Slow,Fp1,T7,0.5988867452387674,0.05814928583648953,-0.5407374594022779,0.5407374594022779,-90.29043699851694
Band-Power Envelope Coherence Change,BetaL,Slow,Fp1,CP5,0.10298154639603806,0.07938242905484201,-0.023599117341196046,0.023599117341196046,-22.915870043784814
Band-Power Envelope Coherence Change,BetaL,Slow,Fp1,CP1,0.14870544124734722,0.11699697781581567,-0.03170846343153155,0.03170846343153155,-21.32300147564184
Band-Power Envelope Coherence Change,BetaL,Slow,Fp1,P3,0.07473632434931843,0.0475455629895897,-0.027190761359728727,0.027190761359728727,-36.3822566823581
Band-Power Envelope Coherence Change,BetaL,Slow,Fp1,P7,0.09688582256129585,0.13629075756518264,0.03940493500388678,0.03940493500388678,40.67151824918122
Band-Power Envelope Coherence Change,BetaL,Slow,Fp1,PO9,0.03538945546872,0.014624694786841367,-0.020764760681878634,0.020764760681878634,-58.67499346021916
Band-Power Envelope Coherence Change,BetaL,Slow,Fp1,O1,0.02565831201955105,0.030765022055026594,0.005106710035475543,0.005106710035475543,19.902751325123596
Band-Power Envelope Coherence Change,BetaL,Slow,Fp1,Pz,0.15177742964177157,0.08924827171807771,-0.06252915792369386,0.06252915792369386,-41.1979291461692
Band-Power Envelope Coherence Change,BetaL,Slow,Fp1,Oz,0.08284914198691379,0.01737991322794182,-0.06546922875897197,0.06546922875897197,-79.0222169944898
Band-Power Envelope Coherence Change,BetaL,Slow,Fp1,O2,0.07721177036375255,0.010377033452203656,-0.0668347369115489,0.0668347369115489,-86.56029591949985
Band-Power Envelope Coherence Change,BetaL,Slow,Fp1,PO10,0.1304454465000115,0.016413712086981738,-0.11403173441302976,0.11403173441302976,-87.41718279374336
Band-Power Envelope Coherence Change,BetaL,Slow,Fp1,P8,0.024411252799000402,0.0054314123138343735,-0.01897984048516603,0.01897984048516603,-77.7503745565374
Band-Power Envelope Coherence Change,BetaL,Slow,Fp1,P4,0.17073678061875502,0.11399134503640139,-0.056745435582353634,0.056745435582353634,-33.23562467132538
Band-Power Envelope Coherence Change,BetaL,Slow,Fp1,CP2,0.1965230134952743,0.13381616100069132,-0.06270685249458297,0.06270685249458297,-31.90814723390696
Band-Power Envelope Coherence Change,BetaL,Slow,Fp1,CP6,0.13013594042923343,0.03569873655624885,-0.09443720387298458,0.09443720387298458,-72.56811881598423
Band-Power Envelope Coherence Change,BetaL,Slow,Fp1,T8,0.3322015732843679,0.09481308298966504,-0.23738849029470285,0.23738849029470285,-71.45917099299704
Band-Power Envelope Coherence Change,BetaL,Slow,Fp1,FT10,0.3298984346635728,0.1930830617758573,-0.13681537288771553,0.13681537288771553,-41.47196788831038
Band-Power Envelope Coherence Change,BetaL,Slow,Fp1,FC6,0.6020201337605878,0.20349512370535563,-0.3985250100552322,0.3985250100552322,-66.19795380692669
Band-Power Envelope Coherence Change,BetaL,Slow,Fp1,C4,0.32598340260176484,0.09199960227601856,-0.23398380032574628,0.23398380032574628,-71.77782625074039
Band-Power Envelope Coherence Change,BetaL,Slow,Fp1,FC2,0.6441174420495562,0.33639097572442467,-0.30772646632513156,0.30772646632513156,-47.774900388655546
Band-Power Envelope Coherence Change,BetaL,Slow,Fp1,F4,0.7117198157240774,0.41647334462133645,-0.29524647110274094,0.29524647110274094,-41.48352548008912
Band-Power Envelope Coherence Change,BetaL,Slow,Fp1,F8,0.6287784105712292,0.3371323771065971,-0.2916460334646321,0.2916460334646321,-46.382959173117776
Band-Power Envelope Coherence Change,BetaL,Slow,Fp1,Fp2,0.8486359649755566,0.711095538438597,-0.13754042653695964,0.13754042653695964,-16.207235164835517
Band-Power Envelope Coherence Change,BetaL,Slow,F7,F3,0.8459366029903681,0.4491990299529488,-0.3967375730374193,0.3967375730374193,-46.899208715518434
Band-Power Envelope Coherence Change,BetaL,Slow,F7,FC1,0.6779577151859986,0.24514706953519516,-0.4328106456508034,0.4328106456508034,-63.84035994517169
Band-Power Envelope Coherence Change,BetaL,Slow,F7,C3,0.4179095131277061,0.06999391728982157,-0.3479155958378845,0.3479155958378845,-83.25141804837722
Band-Power Envelope Coherence Change,BetaL,Slow,F7,FC5,0.8028436428187935,0.47355219707967555,-0.32929144573911795,0.32929144573911795,-41.01563843527138
Band-Power Envelope Coherence Change,BetaL,Slow,F7,FT9,0.7913798018116898,0.3539631455365582,-0.43741665627513154,0.43741665627513154,-55.272658624059204
Band-Power Envelope Coherence Change,BetaL,Slow,F7,T7,0.7091565801093558,0.14638100640622212,-0.5627755737031337,0.5627755737031337,-79.35843641419088
Band-Power Envelope Coherence Change,BetaL,Slow,F7,CP5,0.15060066474010345,0.05337058454940738,-0.09723008019069607,0.09723008019069607,-64.56152126452379
Band-Power Envelope Coherence Change,BetaL,Slow,F7,CP1,0.15056283645048515,0.05662351403654226,-0.0939393224139429,0.0939393224139429,-62.39210460466867
Band-Power Envelope Coherence Change,BetaL,Slow,F7,P3,0.0878288959237158,0.04195001964706247,-0.04587887627665333,0.04587887627665333,-52.2366537733796
Band-Power Envelope Coherence Change,BetaL,Slow,F7,P7,0.13445966268855863,0.13526951942515694,0.0008098567365983078,0.0008098567365983078,0.6023046022911224
Band-Power Envelope Coherence Change,BetaL,Slow,F7,PO9,0.04573295169800452,0.023561321041822847,-0.022171630656181676,0.022171630656181676,-48.48064652067733
Band-Power Envelope Coherence Change,BetaL,Slow,F7,O1,0.03267052245074628,0.05935650337006227,0.02668598091931599,0.02668598091931599,81.68213703820464
Band-Power Envelope Coherence Change,BetaL,Slow,F7,Pz,0.16545867854916063,0.04157956297106209,-0.12387911557809854,0.12387911557809854,-74.87012265802178
Band-Power Envelope Coherence Change,BetaL,Slow,F7,Oz,0.08698465807194619,0.022484285018689234,-0.06450037305325695,0.06450037305325695,-74.1514359922043
Band-Power Envelope Coherence Change,BetaL,Slow,F7,O2,0.08423881471227067,0.01858876778612211,-0.06565004692614856,0.06565004692614856,-77.93325102019227
Band-Power Envelope Coherence Change,BetaL,Slow,F7,PO10,0.12904167408665843,0.005718526362959313,-0.12332314772369911,0.12332314772369911,-95.56846545626878
Band-Power Envelope Coherence Change,BetaL,Slow,F7,P8,0.022546808542167625,0.0026677170310284537,-0.01987909151113917,0.01987909151113917,-88.16809471708947
Band-Power Envelope Coherence Change,BetaL,Slow,F7,P4,0.17018482792254552,0.04620361322312206,-0.12398121469942347,0.12398121469942347,-72.85092109142053
Band-Power Envelope Coherence Change,BetaL,Slow,F7,CP2,0.20845304371767565,0.043134243608839704,-0.16531880010883593,0.16531880010883593,-79.307453208858
Band-Power Envelope Coherence Change,BetaL,Slow,F7,CP6,0.10478238489895257,0.010738873854595347,-0.09404351104435722,0.09404351104435722,-89.75126032400252
Band-Power Envelope Coherence Change,BetaL,Slow,F7,T8,0.2644612197926336,0.04588391443742637,-0.21857730535520722,0.21857730535520722,-82.65004053395641
Band-Power Envelope Coherence Change,BetaL,Slow,F7,FT10,0.2554674519988157,0.06616793057587397,-0.18929952142294174,0.18929952142294174,-74.09927172398434
Band-Power Envelope Coherence Change,BetaL,Slow,F7,FC6,0.537558593531017,0.10805145933550131,-0.42950713419551567,0.42950713419551567,-79.89959408410671
Band-Power Envelope Coherence Change,BetaL,Slow,F7,C4,0.2889063557553547,0.03905117541439505,-0.24985518034095966,0.24985518034095966,-86.48310269523337
Band-Power Envelope Coherence Change,BetaL,Slow,F7,FC2,0.6205692342376945,0.22850931117831447,-0.39205992305938003,0.39205992305938003,-63.17746698174384
Band-Power Envelope Coherence Change,BetaL,Slow,F7,F4,0.6629332729177254,0.2523298015208292,-0.41060347139689624,0.41060347139689624,-61.93737562601643
Band-Power Envelope Coherence Change,BetaL,Slow,F7,F8,0.5279669978212015,0.15532567200396036,-0.37264132581724113,0.37264132581724113,-70.58042024502407
Band-Power Envelope Coherence Change,BetaL,Slow,F7,Fp2,0.7313247725945917,0.3951093662029664,-0.33621540639162534,0.33621540639162534,-45.97347430182098
Band-Power Envelope Coherence Change,BetaL,Slow,F3,FC1,0.8108187024901097,0.7988534711708855,-0.011965231319224223,0.011965231319224223,-1.4756974996355827
Band-Power Envelope Coherence Change,BetaL,Slow,F3,C3,0.520062797112868,0.2294818406614461,-0.29058095645142185,0.29058095645142185,-55.87420558912961
Band-Power Envelope Coherence Change,BetaL,Slow,F3,FC5,0.8486262170249007,0.4804397638047959,-0.3681864532201048,0.3681864532201048,-43.38617471787362
Band-Power Envelope Coherence Change,BetaL,Slow,F3,FT9,0.583310730590229,0.09533267706431194,-0.48797805352591705,0.48797805352591705,-83.6566220943941
Band-Power Envelope Coherence Change,BetaL,Slow,F3,T7,0.6912471925689305,0.12883348335486122,-0.5624137092140693,0.5624137092140693,-81.36216902725228
Band-Power Envelope Coherence Change,BetaL,Slow,F3,CP5,0.17412418009545888,0.11482798054495172,-0.05929619955050716,0.05929619955050716,-34.053972008941905
Band-Power Envelope Coherence Change,BetaL,Slow,F3,CP1,0.1480341050793997,0.10352309069757276,-0.04451101438182695,0.04451101438182695,-30.068080837150994
Band-Power Envelope Coherence Change,BetaL,Slow,F3,P3,0.07520900152051438,0.033107986471624024,-0.042101015048890356,0.042101015048890356,-55.97869164292345
Band-Power Envelope Coherence Change,BetaL,Slow,F3,P7,0.08349600932852554,0.05340056091549246,-0.030095448413033077,0.030095448413033077,-36.04417582955223
Band-Power Envelope Coherence Change,BetaL,Slow,F3,PO9,0.027905726782181124,0.04330560157176677,0.015399874789585648,0.015399874789585648,55.18535643163774
Band-Power Envelope Coherence Change,BetaL,Slow,F3,O1,0.0224792264975683,0.007248657774316291,-0.01523056872325201,0.01523056872325201,-67.7539715385651
Band-Power Envelope Coherence Change,BetaL,Slow,F3,Pz,0.13717172952139112,0.08141091017254522,-0.0557608193488459,0.0557608193488459,-40.65037274327749
Band-Power Envelope Coherence Change,BetaL,Slow,F3,Oz,0.06260620438780956,0.008883985194172425,-0.053722219193637136,0.053722219193637136,-85.80973678081293
Band-Power Envelope Coherence Change,BetaL,Slow,F3,O2,0.044236133125729334,0.006114199955385539,-0.03812193317034379,0.03812193317034379,-86.17826757594844
Band-Power Envelope Coherence Change,BetaL,Slow,F3,PO10,0.10004055467762886,0.03096474270015095,-0.0690758119774779,0.0690758119774779,-69.04780986077907
Band-Power Envelope Coherence Change,BetaL,Slow,F3,P8,0.02193179646136226,0.012203483903880433,-0.009728312557481827,0.009728312557481827,-44.35711673058983
Band-Power Envelope Coherence Change,BetaL,Slow,F3,P4,0.15372058553677845,0.09127588810188475,-0.0624446974348937,0.0624446974348937,-40.62220893632589
Band-Power Envelope Coherence Change,BetaL,Slow,F3,CP2,0.1800055094602572,0.14498416341075576,-0.03502134604950144,0.03502134604950144,-19.45570785833846
Band-Power Envelope Coherence Change,BetaL,Slow,F3,CP6,0.18600942359889816,0.14474377059681112,-0.04126565300208704,0.04126565300208704,-22.18471096984329
Band-Power Envelope Coherence Change,BetaL,Slow,F3,T8,0.3838510979576369,0.25743796595169294,-0.12641313200594395,0.12641313200594395,-32.93285669327311
Band-Power Envelope Coherence Change,BetaL,Slow,F3,FT10,0.3219743936856804,0.14365267300461826,-0.17832172068106217,0.17832172068106217,-55.38382063237748
Band-Power Envelope Coherence Change,BetaL,Slow,F3,FC6,0.7006415423185819,0.47533061591842457,-0.22531092640015732,0.22531092640015732,-32.1578029265225
Band-Power Envelope Coherence Change,BetaL,Slow,F3,C4,0.45477121464571285,0.32714433916064856,-0.1276268754850643,0.1276268754850643,-28.063974010424417
Band-Power Envelope Coherence Change,BetaL,Slow,F3,FC2,0.8195558416388451,0.7522119498354581,-0.06734389180338696,0.06734389180338696,-8.217120589210989
Band-Power Envelope Coherence Change,BetaL,Slow,F3,F4,0.8243045392218473,0.7308766608819692,-0.09342787833987809,0.09342787833987809,-11.33414580345209
Band-Power Envelope Coherence Change,BetaL,Slow,F3,F8,0.6073326918689522,0.31343746338259415,-0.2938952284863581,0.2938952284863581,-48.391142518929904
Band-Power Envelope Coherence Change,BetaL,Slow,F3,Fp2,0.7710443361337772,0.3678247193288815,-0.4032196168048957,0.4032196168048957,-52.29525695328324
Band-Power Envelope Coherence Change,BetaL,Slow,FC1,C3,0.7644167846877093,0.33116461320623014,-0.4332521714814792,0.4332521714814792,-56.67748016005139
Band-Power Envelope Coherence Change,BetaL,Slow,FC1,FC5,0.8452159257076068,0.4111121894116697,-0.4341037362959371,0.4341037362959371,-51.360099010499546
Band-Power Envelope Coherence Change,BetaL,Slow,FC1,FT9,0.5033823841763637,0.0416356767824568,-0.46174670739390694,0.46174670739390694,-91.72881727862185
Band-Power Envelope Coherence Change,BetaL,Slow,FC1,T7,0.7829112637358513,0.10042252304506144,-0.6824887406907898,0.6824887406907898,-87.17319219985787
Band-Power Envelope Coherence Change,BetaL,Slow,FC1,CP5,0.3796500529275052,0.15890603885846383,-0.22074401406904137,0.22074401406904137,-58.144075673602714
Band-Power Envelope Coherence Change,BetaL,Slow,FC1,CP1,0.33194934249703884,0.15787925266753547,-0.17407008982950337,0.17407008982950337,-52.438751202242905
Band-Power Envelope Coherence Change,BetaL,Slow,FC1,P3,0.220651348283674,0.046249634106608435,-0.17440171417706557,0.17440171417706557,-79.039496261247
Band-Power Envelope Coherence Change,BetaL,Slow,FC1,P7,0.09498393334782183,0.027638730020517675,-0.06734520332730416,0.06734520332730416,-70.90167879307825
Band-Power Envelope Coherence Change,BetaL,Slow,FC1,PO9,0.03748507757009224,0.032054716540552405,-0.0054303610295398375,0.0054303610295398375,-14.486727470113314
Band-Power Envelope Coherence Change,BetaL,Slow,FC1,O1,0.0521024848318448,0.003584719879817814,-0.04851776495202698,0.04851776495202698,-93.11986771573925
Band-Power Envelope Coherence Change,BetaL,Slow,FC1,Pz,0.3016301566541618,0.12055093687820241,-0.18107921977595942,0.18107921977595942,-60.03352641678275
Band-Power Envelope Coherence Change,BetaL,Slow,FC1,Oz,0.1209985953417465,0.0038168376921002465,-0.11718175764964626,0.11718175764964626,-96.84555206503016
Band-Power Envelope Coherence Change,BetaL,Slow,FC1,O2,0.09508094115871693,0.004467501020686861,-0.09061344013803008,0.09061344013803008,-95.30137063617269
Band-Power Envelope Coherence Change,BetaL,Slow,FC1,PO10,0.15774173232592742,0.014003950103342174,-0.14373778222258524,0.14373778222258524,-91.12222878698512
Band-Power Envelope Coherence Change,BetaL,Slow,FC1,P8,0.04877084563980451,0.011763933084237493,-0.03700691255556701,0.03700691255556701,-75.87916934818058
Band-Power Envelope Coherence Change,BetaL,Slow,FC1,P4,0.32685358282037613,0.09717265276262349,-0.22968093005775264,0.22968093005775264,-70.270280679155
Band-Power Envelope Coherence Change,BetaL,Slow,FC1,CP2,0.3623124063225658,0.21348693936787633,-0.14882546695468946,0.14882546695468946,-41.076558339597824
Band-Power Envelope Coherence Change,BetaL,Slow,FC1,CP6,0.24734295166814502,0.17896938981382782,-0.0683735618543172,0.0683735618543172,-27.64322225201412
Band-Power Envelope Coherence Change,BetaL,Slow,FC1,T8,0.44400268239440155,0.25673925403732006,-0.18726342835708149,0.18726342835708149,-42.176193023702936
Band-Power Envelope Coherence Change,BetaL,Slow,FC1,FT10,0.30725440987555835,0.0903231371257683,-0.21693127274979007,0.21693127274979007,-70.6031437718501
Band-Power Envelope Coherence Change,BetaL,Slow,FC1,FC6,0.7415936907122384,0.474261746538056,-0.2673319441741824,0.2673319441741824,-36.048303474296354
Band-Power Envelope Coherence Change,BetaL,Slow,FC1,C4,0.5664309269133229,0.4131828080141799,-0.15324811889914297,0.15324811889914297,-27.055040891613164
Band-Power Envelope Coherence Change,BetaL,Slow,FC1,FC2,0.8674102992486932,0.7789983165304337,-0.08841198271825945,0.08841198271825945,-10.192636955641111
Band-Power Envelope Coherence Change,BetaL,Slow,FC1,F4,0.7804409285600662,0.6617832806120136,-0.11865764794805256,0.11865764794805256,-15.20392429533123
Band-Power Envelope Coherence Change,BetaL,Slow,FC1,F8,0.547875569974571,0.19499425976312074,-0.35288131021145025,0.35288131021145025,-64.40902452135781
Band-Power Envelope Coherence Change,BetaL,Slow,FC1,Fp2,0.6394602495590924,0.23070422771192647,-0.408756021847166,0.408756021847166,-63.9220377074264
Band-Power Envelope Coherence Change,BetaL,Slow,C3,FC5,0.7024703117871929,0.2690916524288474,-0.43337865935834546,0.43337865935834546,-61.69351958174051
Band-Power Envelope Coherence Change,BetaL,Slow,C3,FT9,0.3066764379773547,0.0300429649375483,-0.2766334730398064,0.2766334730398064,-90.20369313805362
Band-Power Envelope Coherence Change,BetaL,Slow,C3,T7,0.6919626668169792,0.13809575494866125,-0.5538669118683179,0.5538669118683179,-80.04288936802037
Band-Power Envelope Coherence Change,BetaL,Slow,C3,CP5,0.6667529248433398,0.22292568893594863,-0.44382723590739115,0.44382723590739115,-66.56547266165691
Band-Power Envelope Coherence Change,BetaL,Slow,C3,CP1,0.42563321601444026,0.0888523922673307,-0.33678082374710955,0.33678082374710955,-79.12465735185567
Band-Power Envelope Coherence Change,BetaL,Slow,C3,P3,0.35735930903012725,0.04883947492002006,-0.3085198341101072,0.3085198341101072,-86.33322997725446
Band-Power Envelope Coherence Change,BetaL,Slow,C3,P7,0.10534337531262515,0.005421828176970267,-0.09992154713565489,0.09992154713565489,-94.85318544153344
Band-Power Envelope Coherence Change,BetaL,Slow,C3,PO9,0.04411861243026261,0.03295318665724072,-0.01116542577302189,0.01116542577302189,-25.307744641042028
Band-Power Envelope Coherence Change,BetaL,Slow,C3,O1,0.0843350932311086,0.0050442047575309035,-0.0792908884735777,0.0792908884735777,-94.01885435318371
Band-Power Envelope Coherence Change,BetaL,Slow,C3,Pz,0.3652438991043969,0.060200878462254866,-0.30504302064214206,0.30504302064214206,-83.51762244082063
Band-Power Envelope Coherence Change,BetaL,Slow,C3,Oz,0.15414555185601206,0.003997052106317078,-0.150148499749695,0.150148499749695,-97.40696240780873
Band-Power Envelope Coherence Change,BetaL,Slow,C3,O2,0.10768358768458994,0.005920380849155891,-0.10176320683543405,0.10176320683543405,-94.5020583206264
Band-Power Envelope Coherence Change,BetaL,Slow,C3,PO10,0.11606752880073193,0.014598559112211841,-0.1014689696885201,0.1014689696885201,-87.42235725783819
Band-Power Envelope Coherence Change,BetaL,Slow,C3,P8,0.0664345779157203,0.004567718119022803,-0.061866859796697496,0.061866859796697496,-93.12448688269312
Band-Power Envelope Coherence Change,BetaL,Slow,C3,P4,0.35877264959457106,0.030398952793379317,-0.3283736968011917,0.3283736968011917,-91.52695925184612
Band-Power Envelope Coherence Change,BetaL,Slow,C3,CP2,0.40008404996400954,0.06950120601290816,-0.3305828439511014,0.3305828439511014,-82.62834871343651
Band-Power Envelope Coherence Change,BetaL,Slow,C3,CP6,0.17760430182839826,0.04768806788605635,-0.12991623394234192,0.12991623394234192,-73.14926080330382
Band-Power Envelope Coherence Change,BetaL,Slow,C3,T8,0.2567745176989312,0.07303368978486881,-0.18374082791406243,0.18374082791406243,-71.55726727116242
Band-Power Envelope Coherence Change,BetaL,Slow,C3,FT10,0.17061995826549337,0.01724899666895466,-0.1533709615965387,0.1533709615965387,-89.8903991981323
Band-Power Envelope Coherence Change,BetaL,Slow,C3,FC6,0.4657464715518699,0.12064886897250122,-0.34509760257936867,0.34509760257936867,-74.09559141253428
Band-Power Envelope Coherence Change,BetaL,Slow,C3,C4,0.4332440828181239,0.11091199911252632,-0.32233208370559757,0.32233208370559757,-74.3996505639323
Band-Power Envelope Coherence Change,BetaL,Slow,C3,FC2,0.6148771022574797,0.2102600885265176,-0.40461701373096215,0.40461701373096215,-65.8045343118874
Band-Power Envelope Coherence Change,BetaL,Slow,C3,F4,0.4767605341826824,0.13531428280199373,-0.3414462513806886,0.3414462513806886,-71.6179773491602
Band-Power Envelope Coherence Change,BetaL,Slow,C3,F8,0.28591822216645746,0.02379846562084885,-0.2621197565456086,0.2621197565456086,-91.67647817598917
Band-Power Envelope Coherence Change,BetaL,Slow,C3,Fp2,0.34040194494799497,0.03221648695331193,-0.30818545799468305,0.30818545799468305,-90.53575121075357
Band-Power Envelope Coherence Change,BetaL,Slow,FC5,FT9,0.6223949093945004,0.09298123682784255,-0.5294136725666578,0.5294136725666578,-85.06073307728373
Band-Power Envelope Coherence Change,BetaL,Slow,FC5,T7,0.8664503639778711,0.2768403789626805,-0.5896099850151906,0.5896099850151906,-68.04890499535286
Band-Power Envelope Coherence Change,BetaL,Slow,FC5,CP5,0.37818908539493995,0.11450229274762193,-0.26368679264731804,0.26368679264731804,-69.72353323522067
Band-Power Envelope Coherence Change,BetaL,Slow,FC5,CP1,0.23206309289653684,0.04044705246432548,-0.19161604043221137,0.19161604043221137,-82.57066560671997
Band-Power Envelope Coherence Change,BetaL,Slow,FC5,P3,0.16234379662450002,0.05270072096906326,-0.10964307565543677,0.10964307565543677,-67.53758254714246
Band-Power Envelope Coherence Change,BetaL,Slow,FC5,P7,0.11850544568613687,0.016034125001601614,-0.10247132068453525,0.10247132068453525,-86.4697146120456
Band-Power Envelope Coherence Change,BetaL,Slow,FC5,PO9,0.032402331514502836,0.04972783232275276,0.017325500808249926,0.017325500808249926,53.469920213905816
Band-Power Envelope Coherence Change,BetaL,Slow,FC5,O1,0.04131601021755989,0.08192780260799425,0.04061179239043436,0.04061179239043436,98.29553283722873
Band-Power Envelope Coherence Change,BetaL,Slow,FC5,Pz,0.22868692945531283,0.03712016118877219,-0.19156676826654062,0.19156676826654062,-83.76813170862668
Band-Power Envelope Coherence Change,BetaL,Slow,FC5,Oz,0.1012855462622573,0.041791830851849524,-0.05949371541040778,0.05949371541040778,-58.738603488755935
Band-Power Envelope Coherence Change,BetaL,Slow,FC5,O2,0.08416739361485617,0.03790821492667121,-0.046259178688184965,0.046259178688184965,-54.96092572364017
Band-Power Envelope Coherence Change,BetaL,Slow,FC5,PO10,0.13287109460979224,0.0069250457378332705,-0.12594604887195898,0.12594604887195898,-94.78814729556468
Band-Power Envelope Coherence Change,BetaL,Slow,FC5,P8,0.0302145632585879,0.0043890604829617316,-0.025825502775626168,0.025825502775626168,-85.47369212191333
Band-Power Envelope Coherence Change,BetaL,Slow,FC5,P4,0.22930926727055273,0.030198391356577387,-0.19911087591397533,0.19911087591397533,-86.83071481757972
Band-Power Envelope Coherence Change,BetaL,Slow,FC5,CP2,0.2765239659649725,0.028148918508349483,-0.24837504745662298,0.24837504745662298,-89.82044163509677
Band-Power Envelope Coherence Change,BetaL,Slow,FC5,CP6,0.14840738914967336,0.01714462258935994,-0.1312627665603134,0.1312627665603134,-88.44759503715204
Band-Power Envelope Coherence Change,BetaL,Slow,FC5,T8,0.29346014905479145,0.037613007420899444,-0.255847141633892,0.255847141633892,-87.18292499269576
Band-Power Envelope Coherence Change,BetaL,Slow,FC5,FT10,0.2312475763782893,0.02566338199047674,-0.20558419438781256,0.20558419438781256,-88.90220499068282
Band-Power Envelope Coherence Change,BetaL,Slow,FC5,FC6,0.5708048312429941,0.10169467991757951,-0.46911015132541456,0.46911015132541456,-82.18398402548074
Band-Power Envelope Coherence Change,BetaL,Slow,FC5,C4,0.3967519302199334,0.05656502740947063,-0.34018690281046277,0.34018690281046277,-85.74297360617385
Band-Power Envelope Coherence Change,BetaL,Slow,FC5,FC2,0.7277553517977466,0.24931726518918584,-0.4784380866085608,0.4784380866085608,-65.7416102027547
Band-Power Envelope Coherence Change,BetaL,Slow,FC5,F4,0.6757345443482723,0.19973719913670618,-0.4759973452115661,0.4759973452115661,-70.441469833491
Band-Power Envelope Coherence Change,BetaL,Slow,FC5,F8,0.4652579838745941,0.0738683017003376,-0.3913896821742565,0.3913896821742565,-84.12315225948963
Band-Power Envelope Coherence Change,BetaL,Slow,FC5,Fp2,0.6114149237581217,0.1287983088293992,-0.4826166149287225,0.4826166149287225,-78.93438582792062
Band-Power Envelope Coherence Change,BetaL,Slow,FT9,T7,0.6663632398100869,0.06328548396742105,-0.6030777558426659,0.6030777558426659,-90.50285487154763
Band-Power Envelope Coherence Change,BetaL,Slow,FT9,CP5,0.14623125249368019,0.013281385047678475,-0.1329498674460017,0.1329498674460017,-90.91754681629875
Band-Power Envelope Coherence Change,BetaL,Slow,FT9,CP1,0.1784122494898797,0.066998805383323,-0.11141344410655668,0.11141344410655668,-62.44719430706832
Band-Power Envelope Coherence Change,BetaL,Slow,FT9,P3,0.13584963501692496,0.11178871043084299,-0.024060924586081972,0.024060924586081972,-17.711438520305425
Band-Power Envelope Coherence Change,BetaL,Slow,FT9,P7,0.23943064521017396,0.2304315133131369,-0.00899913189703705,0.00899913189703705,-3.7585547535644594
Band-Power Envelope Coherence Change,BetaL,Slow,FT9,PO9,0.08715980084593332,0.010428579934166947,-0.07673122091176637,0.07673122091176637,-88.03510353058188
Band-Power Envelope Coherence Change,BetaL,Slow,FT9,O1,0.07928140031881227,0.08190080049127525,0.0026194001724629823,0.0026194001724629823,3.3039277332762227
Band-Power Envelope Coherence Change,BetaL,Slow,FT9,Pz,0.23528960904403873,0.04777925649598063,-0.1875103525480581,0.1875103525480581,-79.69342688353149
Band-Power Envelope Coherence Change,BetaL,Slow,FT9,Oz,0.14926789699121118,0.0345168586750985,-0.11475103831611268,0.11475103831611268,-76.8758993923986
Band-Power Envelope Coherence Change,BetaL,Slow,FT9,O2,0.15835947820374927,0.018088056053439338,-0.14027142215030994,0.14027142215030994,-88.57785068591424
Band-Power Envelope Coherence Change,BetaL,Slow,FT9,PO10,0.15553512791862326,0.018479001042259594,-0.13705612687636365,0.13705612687636365,-88.11908197874894
Band-Power Envelope Coherence Change,BetaL,Slow,FT9,P8,0.034448093503218785,0.003976265098263954,-0.030471828404954833,0.030471828404954833,-88.45722739955866
Band-Power Envelope Coherence Change,BetaL,Slow,FT9,P4,0.19842013971884626,0.015759897329406723,-0.18266024238943954,0.18266024238943954,-92.05730963009204
Band-Power Envelope Coherence Change,BetaL,Slow,FT9,CP2,0.2641040621415829,0.019964227860470432,-0.24413983428111247,0.24413983428111247,-92.44077213406591
Band-Power Envelope Coherence Change,BetaL,Slow,FT9,CP6,0.06607532069490026,0.008892572842557043,-0.057182747852343216,0.057182747852343216,-86.5417636281811
Band-Power Envelope Coherence Change,BetaL,Slow,FT9,T8,0.18285032044681426,0.0312510271665655,-0.15159929328024876,0.15159929328024876,-82.90895685049921
Band-Power Envelope Coherence Change,BetaL,Slow,FT9,FT10,0.16971495280650692,0.07177437643861881,-0.09794057636788811,0.09794057636788811,-57.70886698448473
Band-Power Envelope Coherence Change,BetaL,Slow,FT9,FC6,0.36681040024532474,0.04456448675082229,-0.32224591349450243,0.32224591349450243,-87.85081155795547
Band-Power Envelope Coherence Change,BetaL,Slow,FT9,C4,0.14970291451873427,0.01681097930480134,-0.13289193521393294,0.13289193521393294,-88.77043953429674
Band-Power Envelope Coherence Change,BetaL,Slow,FT9,FC2,0.40521619247701246,0.04898313556875791,-0.3562330569082546,0.3562330569082546,-87.91185138250944
Band-Power Envelope Coherence Change,BetaL,Slow,FT9,F4,0.45139223790420285,0.07589998321074189,-0.375492254693461,0.375492254693461,-83.18535924251985
Band-Power Envelope Coherence Change,BetaL,Slow,FT9,F8,0.3928481968022739,0.09279277046142392,-0.30005542634085,0.30005542634085,-76.37948418326893
Band-Power Envelope Coherence Change,BetaL,Slow,FT9,Fp2,0.5294221057435473,0.14686618293734227,-0.38255592280620504,0.38255592280620504,-72.25915175357555
Band-Power Envelope Coherence Change,BetaL,Slow,T7,CP5,0.4790139996085149,0.10288671880689598,-0.3761272808016189,0.3761272808016189,-78.52114575127605
Band-Power Envelope Coherence Change,BetaL,Slow,T7,CP1,0.2904669437417098,0.00789234918783361,-0.2825745945538762,0.2825745945538762,-97.282875260721
Band-Power Envelope Coherence Change,BetaL,Slow,T7,P3,0.2353170439945515,0.0061508976008875236,-0.22916614639366398,0.22916614639366398,-97.38612320787527
Band-Power Envelope Coherence Change,BetaL,Slow,T7,P7,0.20752143899143302,0.009020302650862537,-0.19850113634057048,0.19850113634057048,-95.65331529373458
Band-Power Envelope Coherence Change,BetaL,Slow,T7,PO9,0.04714852679088334,0.0861220273302117,0.038973500539328354,0.038973500539328354,82.66112048884693
Band-Power Envelope Coherence Change,BetaL,Slow,T7,O1,0.06957975207116156,0.02498940165634728,-0.04459035041481428,0.04459035041481428,-64.08523900632791
Band-Power Envelope Coherence Change,BetaL,Slow,T7,Pz,0.3144124036820883,0.009957855828405342,-0.3044545478536829,0.3044545478536829,-96.8328680065453
Band-Power Envelope Coherence Change,BetaL,Slow,T7,Oz,0.1445193609490601,0.01567700617849535,-0.12884235477056474,0.12884235477056474,-89.15231421205831
Band-Power Envelope Coherence Change,BetaL,Slow,T7,O2,0.1298890459202919,0.01073876211371785,-0.11915028380657405,0.11915028380657405,-91.73235738423405
Band-Power Envelope Coherence Change,BetaL,Slow,T7,PO10,0.17113882557408436,0.008867424486936936,-0.1622714010871474,0.1622714010871474,-94.81857815887705
Band-Power Envelope Coherence Change,BetaL,Slow,T7,P8,0.026461799386130976,0.005272543965808558,-0.021189255420322416,0.021189255420322416,-80.07488497334774
Band-Power Envelope Coherence Change,BetaL,Slow,T7,P4,0.28014456221599027,0.005590441305586914,-0.2745541209104034,0.2745541209104034,-98.0044441122235
Band-Power Envelope Coherence Change,BetaL,Slow,T7,CP2,0.3513271719047287,0.01420144635977775,-0.3371257255449509,0.3371257255449509,-95.95777170243215
Band-Power Envelope Coherence Change,BetaL,Slow,T7,CP6,0.10372232894895193,0.04414540702859241,-0.05957692192035952,0.05957692192035952,-57.43885865663598
Band-Power Envelope Coherence Change,BetaL,Slow,T7,T8,0.22817033708303558,0.018774626483496686,-0.2093957105995389,0.2093957105995389,-91.7716620295546
Band-Power Envelope Coherence Change,BetaL,Slow,T7,FT10,0.14772233147614167,0.013790991333066084,-0.1339313401430756,0.1339313401430756,-90.66424744636973
Band-Power Envelope Coherence Change,BetaL,Slow,T7,FC6,0.46614263423025704,0.028396209058818407,-0.43774642517143864,0.43774642517143864,-93.908257478806
Band-Power Envelope Coherence Change,BetaL,Slow,T7,C4,0.28783582879696407,0.02996734937244318,-0.2578684794245209,0.2578684794245209,-89.58873553105101
Band-Power Envelope Coherence Change,BetaL,Slow,T7,FC2,0.6021727912063757,0.05007299150654289,-0.5520997996998328,0.5520997996998328,-91.68461407792469
Band-Power Envelope Coherence Change,BetaL,Slow,T7,F4,0.5547054147028995,0.03706436286951245,-0.517641051833387,0.517641051833387,-93.31818981984084
Band-Power Envelope Coherence Change,BetaL,Slow,T7,F8,0.3795802849368505,0.0166043201912431,-0.3629759647456074,0.3629759647456074,-95.62561048343028
Band-Power Envelope Coherence Change,BetaL,Slow,T7,Fp2,0.48771132862322975,0.033591390133965754,-0.454119938489264,0.454119938489264,-93.1124441524064
Band-Power Envelope Coherence Change,BetaL,Slow,CP5,CP1,0.3901071080648035,0.19618246829201108,-0.1939246397727924,0.1939246397727924,-49.7106142809831
Band-Power Envelope Coherence Change,BetaL,Slow,CP5,P3,0.4951120342474934,0.14446878335204333,-0.35064325089545006,0.35064325089545006,-70.82099133954252
Band-Power Envelope Coherence Change,BetaL,Slow,CP5,P7,0.164605292951276,0.12670228958128665,-0.037903003369989335,0.037903003369989335,-23.02660059735067
Band-Power Envelope Coherence Change,BetaL,Slow,CP5,PO9,0.03061676551074805,0.019086283116259675,-0.011530482394488374,0.011530482394488374,-37.6606810096925
Band-Power Envelope Coherence Change,BetaL,Slow,CP5,O1,0.12591392034107785,0.01391973189663581,-0.11199418844444203,0.11199418844444203,-88.94504129572823
Band-Power Envelope Coherence Change,BetaL,Slow,CP5,Pz,0.3593367405076982,0.10667568001234912,-0.2526610604953491,0.2526610604953491,-70.31317202309187
Band-Power Envelope Coherence Change,BetaL,Slow,CP5,Oz,0.15337033522485258,0.00985012727795955,-0.14352020794689302,0.14352020794689302,-93.5775537925776
Band-Power Envelope Coherence Change,BetaL,Slow,CP5,O2,0.0954662055174169,0.007593932671870366,-0.08787227284554654,0.08787227284554654,-92.0454231623515
Band-Power Envelope Coherence Change,BetaL,Slow,CP5,PO10,0.04434358227199913,0.022553613439463417,-0.021789968832535714,0.021789968832535714,-49.13894574163677
Band-Power Envelope Coherence Change,BetaL,Slow,CP5,P8,0.028696525129760043,0.007639915966935784,-0.021056609162824258,0.021056609162824258,-73.37686032580744
Band-Power Envelope Coherence Change,BetaL,Slow,CP5,P4,0.27725857759817535,0.03577653654053914,-0.2414820410576362,0.2414820410576362,-87.09632832626399
Band-Power Envelope Coherence Change,BetaL,Slow,CP5,CP2,0.3461122238530413,0.09030586425655535,-0.25580635959648595,0.25580635959648595,-73.90850191558127
Band-Power Envelope Coherence Change,BetaL,Slow,CP5,CP6,0.0668909999656065,0.010253703435363052,-0.05663729653024345,0.05663729653024345,-84.67102683375158
Band-Power Envelope Coherence Change,BetaL,Slow,CP5,T8,0.06196026459435714,0.008498764974112857,-0.05346149962024428,0.05346149962024428,-86.2835237555024
Band-Power Envelope Coherence Change,BetaL,Slow,CP5,FT10,0.0342386802928441,0.02325637400591909,-0.010982306286925005,0.010982306286925005,-32.07572895039507
Band-Power Envelope Coherence Change,BetaL,Slow,CP5,FC6,0.13142037951401017,0.03590135851760761,-0.09551902099640255,0.09551902099640255,-72.68204623181724
Band-Power Envelope Coherence Change,BetaL,Slow,CP5,C4,0.14348789991722358,0.045148695921770114,-0.09833920399545346,0.09833920399545346,-68.53484095326793
Band-Power Envelope Coherence Change,BetaL,Slow,CP5,FC2,0.21381905153642522,0.10912950456566277,-0.10468954697076245,0.10468954697076245,-48.961748833184785
Band-Power Envelope Coherence Change,BetaL,Slow,CP5,F4,0.1279426596865292,0.07613280911803605,-0.05180985056849316,0.05180985056849316,-40.494586164952224
Band-Power Envelope Coherence Change,BetaL,Slow,CP5,F8,0.06480991849384235,0.03149295783422214,-0.03331696065962021,0.03331696065962021,-51.40719419788452
Band-Power Envelope Coherence Change,BetaL,Slow,CP5,Fp2,0.08228387987692261,0.07292269002651973,-0.009361189850402879,0.009361189850402879,-11.37669962136572
Band-Power Envelope Coherence Change,BetaL,Slow,CP1,P3,0.8553434441750084,0.6398570545969882,-0.21548638957802024,0.21548638957802024,-25.19296676037075
Band-Power Envelope Coherence Change,BetaL,Slow,CP1,P7,0.23265389049459945,0.1961769433746547,-0.03647694711994476,0.03647694711994476,-15.678631912149989
Band-Power Envelope Coherence Change,BetaL,Slow,CP1,PO9,0.17910044068941536,0.01547248665878982,-0.16362795403062555,0.16362795403062555,-91.36100023024443
Band-Power Envelope Coherence Change,BetaL,Slow,CP1,O1,0.5308978514352231,0.26015353459086354,-0.2707443168443595,0.2707443168443595,-50.9974406776054
Band-Power Envelope Coherence Change,BetaL,Slow,CP1,Pz,0.8974872440554384,0.8487152897131699,-0.04877195434226855,0.04877195434226855,-5.434278276968567
Band-Power Envelope Coherence Change,BetaL,Slow,CP1,Oz,0.7317000105767659,0.2606411962526031,-0.4710588143241628,0.4710588143241628,-64.37868081385547
Band-Power Envelope Coherence Change,BetaL,Slow,CP1,O2,0.5929709333873662,0.18204599018849438,-0.4109249431988718,0.4109249431988718,-69.29933999487115
Band-Power Envelope Coherence Change,BetaL,Slow,CP1,PO10,0.23326540117535324,0.016489746147779392,-0.21677565502757384,0.21677565502757384,-92.93090785659057
Band-Power Envelope Coherence Change,BetaL,Slow,CP1,P8,0.13458065479332348,0.05320401735690593,-0.08137663743641756,0.08137663743641756,-60.46681639451693
Band-Power Envelope Coherence Change,BetaL,Slow,CP1,P4,0.8685732954996731,0.5713634123089032,-0.2972098831907699,0.2972098831907699,-34.21816958116251
Band-Power Envelope Coherence Change,BetaL,Slow,CP1,CP2,0.8880869792610107,0.6977065035662787,-0.19038047569473193,0.19038047569473193,-21.437142998442578
Band-Power Envelope Coherence Change,BetaL,Slow,CP1,CP6,0.18084846260242995,0.1178831706226522,-0.06296529197977775,0.06296529197977775,-34.81660340027227
Band-Power Envelope Coherence Change,BetaL,Slow,CP1,T8,0.13678114051928103,0.03424903365358764,-0.10253210686569339,0.10253210686569339,-74.9607047261316
Band-Power Envelope Coherence Change,BetaL,Slow,CP1,FT10,0.05820034374186085,0.08299113463291727,0.024790790891056416,0.024790790891056416,42.59560905862061
Band-Power Envelope Coherence Change,BetaL,Slow,CP1,FC6,0.18064774511347728,0.05649749431313486,-0.12415025080034242,0.12415025080034242,-68.72504869759382
Band-Power Envelope Coherence Change,BetaL,Slow,CP1,C4,0.2258348130830587,0.10114973933264465,-0.12468507375041404,0.12468507375041404,-55.210741005000294
Band-Power Envelope Coherence Change,BetaL,Slow,CP1,FC2,0.22146472183191498,0.0977031837578436,-0.12376153807407138,0.12376153807407138,-55.88318403506389
Band-Power Envelope Coherence Change,BetaL,Slow,CP1,F4,0.1442193628727698,0.09255906488986097,-0.05166029798290882,0.05166029798290882,-35.82063944387515
Band-Power Envelope Coherence Change,BetaL,Slow,CP1,F8,0.11772838084561894,0.06661493598411981,-0.05111344486149913,0.05111344486149913,-43.416417090222154
Band-Power Envelope Coherence Change,BetaL,Slow,CP1,Fp2,0.14020203147128257,0.19467912362130133,0.05447709215001875,0.05447709215001875,38.85613609042265
Band-Power Envelope Coherence Change,BetaL,Slow,P3,P7,0.30087536358935035,0.2569900403114058,-0.04388532327794453,0.04388532327794453,-14.585881261398791
Band-Power Envelope Coherence Change,BetaL,Slow,P3,PO9,0.18971398658657027,0.005617529676819817,-0.18409645690975046,0.18409645690975046,-97.03894806182021
Band-Power Envelope Coherence Change,BetaL,Slow,P3,O1,0.5952845601025762,0.36002273138037827,-0.23526182872219797,0.23526182872219797,-39.52090218527739
Band-Power Envelope Coherence Change,BetaL,Slow,P3,Pz,0.8704395605521889,0.6289948529725776,-0.24144470757961123,0.24144470757961123,-27.738250709382246
Band-Power Envelope Coherence Change,BetaL,Slow,P3,Oz,0.6997918341713724,0.31134789986784744,-0.3884439343035249,0.3884439343035249,-55.50849771825126
Band-Power Envelope Coherence Change,BetaL,Slow,P3,O2,0.5377713115481725,0.18490427234265555,-0.35286703920551693,0.35286703920551693,-65.61656072534986
Band-Power Envelope Coherence Change,BetaL,Slow,P3,PO10,0.1415039575468349,0.006976732943698458,-0.13452722460313643,0.13452722460313643,-95.06958457936463
Band-Power Envelope Coherence Change,BetaL,Slow,P3,P8,0.07518973838025714,0.01569395426698506,-0.05949578411327208,0.05949578411327208,-79.12753175491049
Band-Power Envelope Coherence Change,BetaL,Slow,P3,P4,0.7298023026282785,0.2774442941148844,-0.4523580085133941,0.4523580085133941,-61.9836367855091
Band-Power Envelope Coherence Change,BetaL,Slow,P3,CP2,0.8099119237433877,0.3101475201019611,-0.4997644036414266,0.4997644036414266,-61.70601876455048
Band-Power Envelope Coherence Change,BetaL,Slow,P3,CP6,0.11760351285281168,0.02630754668976546,-0.09129596616304622,0.09129596616304622,-77.63030537813013
Band-Power Envelope Coherence Change,BetaL,Slow,P3,T8,0.055743383236520665,0.011880949791262288,-0.04386243344525838,0.04386243344525838,-78.68634965902392
Band-Power Envelope Coherence Change,BetaL,Slow,P3,FT10,0.038966299597574104,0.06389349401371541,0.02492719441614131,0.02492719441614131,63.971161423018934
Band-Power Envelope Coherence Change,BetaL,Slow,P3,FC6,0.08149552226601021,0.013654077080933285,-0.06784144518507693,0.06784144518507693,-83.24561067740028
Band-Power Envelope Coherence Change,BetaL,Slow,P3,C4,0.11518349928128463,0.020959056905823056,-0.09422444237546157,0.09422444237546157,-81.80376786900713
Band-Power Envelope Coherence Change,BetaL,Slow,P3,FC2,0.11987135142475305,0.018728212231413525,-0.10114313919333953,0.10114313919333953,-84.37640686551383
Band-Power Envelope Coherence Change,BetaL,Slow,P3,F4,0.06641625915662339,0.02272132302526628,-0.04369493613135711,0.04369493613135711,-65.7895170342481
Band-Power Envelope Coherence Change,BetaL,Slow,P3,F8,0.04778416114252277,0.027812830167833317,-0.019971330974689453,0.019971330974689453,-41.79487616225435
Band-Power Envelope Coherence Change,BetaL,Slow,P3,Fp2,0.059568905307771106,0.05554764748114423,-0.004021257826626878,0.004021257826626878,-6.750598833150426
Band-Power Envelope Coherence Change,BetaL,Slow,P7,PO9,0.3083198523136328,0.036929033485084466,-0.2713908188285483,0.2713908188285483,-88.02249248370842
Band-Power Envelope Coherence Change,BetaL,Slow,P7,O1,0.29902938496824466,0.19032123997666053,-0.10870814499158413,0.10870814499158413,-36.353666380689766
Band-Power Envelope Coherence Change,BetaL,Slow,P7,Pz,0.35620773828060553,0.1329514411986317,-0.22325629708197384,0.22325629708197384,-62.6758694686475
Band-Power Envelope Coherence Change,BetaL,Slow,P7,Oz,0.2765782764720908,0.07815060394893518,-0.19842767252315563,0.19842767252315563,-71.74376637753716
Band-Power Envelope Coherence Change,BetaL,Slow,P7,O2,0.22695472100849828,0.03763855288371302,-0.18931616812478527,0.18931616812478527,-83.41583170578609
Band-Power Envelope Coherence Change,BetaL,Slow,P7,PO10,0.12203600393518937,0.005797709583584253,-0.11623829435160513,0.11623829435160513,-95.24918106408721
Band-Power Envelope Coherence Change,BetaL,Slow,P7,P8,0.044782545740225305,0.011837478568529501,-0.032945067171695805,0.032945067171695805,-73.56675826962501
Band-Power Envelope Coherence Change,BetaL,Slow,P7,P4,0.21071521377879318,0.07471757821091088,-0.1359976355678823,0.1359976355678823,-64.54096651542747
Band-Power Envelope Coherence Change,BetaL,Slow,P7,CP2,0.31355224962522865,0.08713394517225247,-0.22641830445297617,0.22641830445297617,-72.21070961015309
Band-Power Envelope Coherence Change,BetaL,Slow,P7,CP6,0.07426861138526585,0.00537691840233319,-0.06889169298293266,0.06889169298293266,-92.76017377726289
Band-Power Envelope Coherence Change,BetaL,Slow,P7,T8,0.009387713791275955,0.012629161937595985,0.00324144814632003,0.00324144814632003,34.52862132772223
Band-Power Envelope Coherence Change,BetaL,Slow,P7,FT10,0.02716255515761662,0.03238689335516793,0.005224338197551311,0.005224338197551311,19.233603640143404
Band-Power Envelope Coherence Change,BetaL,Slow,P7,FC6,0.02391461716169875,0.016632229990881462,-0.007282387170817289,0.007282387170817289,-30.451615100410795
Band-Power Envelope Coherence Change,BetaL,Slow,P7,C4,0.01666818517198759,0.009078807556082348,-0.007589377615905241,0.007589377615905241,-45.53211724969246
Band-Power Envelope Coherence Change,BetaL,Slow,P7,FC2,0.03852451460838216,0.024676898551148237,-0.013847616057233923,0.013847616057233923,-35.944946219311895
Band-Power Envelope Coherence Change,BetaL,Slow,P7,F4,0.04456901082780393,0.031075889491784393,-0.013493121336019535,0.013493121336019535,-30.274670865259562
Band-Power Envelope Coherence Change,BetaL,Slow,P7,F8,0.03482692451502478,0.038043438004091976,0.0032165134890671937,0.0032165134890671937,9.23570925040926
Band-Power Envelope Coherence Change,BetaL,Slow,P7,Fp2,0.042598238373582,0.13348153340990018,0.09088329503631817,0.09088329503631817,213.34989076140045
Band-Power Envelope Coherence Change,BetaL,Slow,PO9,O1,0.4146960603854355,0.20549061050899925,-0.20920544987643624,0.20920544987643624,-50.44789904249202
Band-Power Envelope Coherence Change,BetaL,Slow,PO9,Pz,0.2628235176556507,0.023126663919505193,-0.23969685373614552,0.23969685373614552,-91.20068701393551
Band-Power Envelope Coherence Change,BetaL,Slow,PO9,Oz,0.41131140288692253,0.1365315058402674,-0.2747798970466551,0.2747798970466551,-66.80580580018527
Band-Power Envelope Coherence Change,BetaL,Slow,PO9,O2,0.35265911249810256,0.09191741991309342,-0.2607416925850091,0.2607416925850091,-73.93590108533266
Band-Power Envelope Coherence Change,BetaL,Slow,PO9,PO10,0.14227561015671458,0.04288870251430242,-0.09938690764241216,0.09938690764241216,-69.85519691881052
Band-Power Envelope Coherence Change,BetaL,Slow,PO9,P8,0.05691390881034544,0.01318505453770303,-0.04372885427264241,0.04372885427264241,-76.83333509627731
Band-Power Envelope Coherence Change,BetaL,Slow,PO9,P4,0.17257843933366987,0.03137735713110826,-0.1412010822025616,0.1412010822025616,-81.81849525800726
Band-Power Envelope Coherence Change,BetaL,Slow,PO9,CP2,0.23704610683949412,0.022954665811512905,-0.21409144102798122,0.21409144102798122,-90.3163708876874
Band-Power Envelope Coherence Change,BetaL,Slow,PO9,CP6,0.07665745554262883,0.008581204538803962,-0.06807625100382486,0.06807625100382486,-88.80577958391535
Band-Power Envelope Coherence Change,BetaL,Slow,PO9,T8,0.0465848414265866,0.007587534528731981,-0.03899730689785462,0.03899730689785462,-83.71243886127802
Band-Power Envelope Coherence Change,BetaL,Slow,PO9,FT10,0.09722654547474185,0.003399601212907951,-0.0938269442618339,0.0938269442618339,-96.50342280875223
Band-Power Envelope Coherence Change,BetaL,Slow,PO9,FC6,0.05682303704401363,0.007127416904286592,-0.04969562013972704,0.04969562013972704,-87.45681808811823
Band-Power Envelope Coherence Change,BetaL,Slow,PO9,C4,0.07488789202052398,0.002181277084633149,-0.07270661493589084,0.07270661493589084,-97.0872766934936
Band-Power Envelope Coherence Change,BetaL,Slow,PO9,FC2,0.04174268031925685,0.013293115726918088,-0.028449564592338758,0.028449564592338758,-68.15461866547733
Band-Power Envelope Coherence Change,BetaL,Slow,PO9,F4,0.029528100336581795,0.013134745564752082,-0.016393354771829714,0.016393354771829714,-55.517810441467184
Band-Power Envelope Coherence Change,BetaL,Slow,PO9,F8,0.018575651786043066,0.010290451237244296,-0.00828520054879877,0.00828520054879877,-44.602475564404735
Band-Power Envelope Coherence Change,BetaL,Slow,PO9,Fp2,0.022313814163846365,0.01265542882252427,-0.009658385341322094,0.009658385341322094,-43.2843317166769
Band-Power Envelope Coherence Change,BetaL,Slow,O1,Pz,0.6022951966097659,0.3166434620624645,-0.2856517345473014,0.2856517345473014,-47.427197851683765
Band-Power Envelope Coherence Change,BetaL,Slow,O1,Oz,0.7636750115096491,0.7931103936871604,0.029435382177511293,0.029435382177511293,3.8544383060698557
Band-Power Envelope Coherence Change,BetaL,Slow,O1,O2,0.566253394347956,0.5668904617425272,0.0006370673945712557,0.0006370673945712557,0.11250570873925489
Band-Power Envelope Coherence Change,BetaL,Slow,O1,PO10,0.10705634184944197,0.03573108729872555,-0.07132525455071642,0.07132525455071642,-66.62403489465785
Band-Power Envelope Coherence Change,BetaL,Slow,O1,P8,0.06337234647176704,0.03559494028716367,-0.027777406184603365,0.027777406184603365,-43.832061981448724
Band-Power Envelope Coherence Change,BetaL,Slow,O1,P4,0.4471861616401372,0.19872773685740797,-0.24845842478272923,0.24845842478272923,-55.560401035546896
Band-Power Envelope Coherence Change,BetaL,Slow,O1,CP2,0.5309222882873634,0.11604952624175845,-0.41487276204560497,0.41487276204560497,-78.1418997088805
Band-Power Envelope Coherence Change,BetaL,Slow,O1,CP6,0.07070248405696353,0.0050615166927240945,-0.06564096736423944,0.06564096736423944,-92.84110486323773
Band-Power Envelope Coherence Change,BetaL,Slow,O1,T8,0.025816814454693606,0.013576050227691573,-0.012240764227002033,0.012240764227002033,-47.413921839518856
Band-Power Envelope Coherence Change,BetaL,Slow,O1,FT10,0.056803081677976416,0.011019125844307604,-0.045783955833668816,0.045783955833668816,-80.6011830365536
Band-Power Envelope Coherence Change,BetaL,Slow,O1,FC6,0.026130465694569876,0.023589993562145868,-0.0025404721324240077,0.0025404721324240077,-9.722261218451758
Band-Power Envelope Coherence Change,BetaL,Slow,O1,C4,0.0431650338557347,0.0231164318470705,-0.020048602008664197,0.020048602008664197,-46.44639472696866
Band-Power Envelope Coherence Change,BetaL,Slow,O1,FC2,0.033227199845291364,0.012255266701228581,-0.02097193314406278,0.02097193314406278,-63.11676350011396
Band-Power Envelope Coherence Change,BetaL,Slow,O1,F4,0.021474467409207724,0.01347449017686194,-0.007999977232345783,0.007999977232345783,-37.253437209416376
Band-Power Envelope Coherence Change,BetaL,Slow,O1,F8,0.015819860278410435,0.014466533754435284,-0.0013533265239751516,0.0013533265239751516,-8.554604782584923
Band-Power Envelope Coherence Change,BetaL,Slow,O1,Fp2,0.01771597652357961,0.03333412617220175,0.01561814964862214,0.01561814964862214,88.15855918433112
Band-Power Envelope Coherence Change,BetaL,Slow,Pz,Oz,0.801963694484351,0.3587344234351223,-0.4432292710492287,0.4432292710492287,-55.267997054931215
Band-Power Envelope Coherence Change,BetaL,Slow,Pz,O2,0.7098058726517618,0.27711055869206186,-0.4326953139596999,0.4326953139596999,-60.95966948585459
Band-Power Envelope Coherence Change,BetaL,Slow,Pz,PO10,0.2941711488776289,0.029343267692002087,-0.26482788118562683,0.26482788118562683,-90.02510348008042
Band-Power Envelope Coherence Change,BetaL,Slow,Pz,P8,0.11972672469910214,0.097226005258116,-0.02250071944098614,0.02250071944098614,-18.7933976290883
Band-Power Envelope Coherence Change,BetaL,Slow,Pz,P4,0.8926854798818392,0.7048189813237558,-0.18786649855808346,0.18786649855808346,-21.04509402157527
Band-Power Envelope Coherence Change,BetaL,Slow,Pz,CP2,0.9527712881568564,0.7636782079299997,-0.18909308022685667,0.18909308022685667,-19.846639227831766
Band-Power Envelope Coherence Change,BetaL,Slow,Pz,CP6,0.1669066922036405,0.17565071052945522,0.008744018325814729,0.008744018325814729,5.238866225415501
Band-Power Envelope Coherence Change,BetaL,Slow,Pz,T8,0.09880778740055167,0.04959496671604635,-0.04921282068450532,0.04921282068450532,-49.80662150140461
Band-Power Envelope Coherence Change,BetaL,Slow,Pz,FT10,0.04753194745784893,0.11140666134060398,0.06387471388275505,0.06387471388275505,134.38269900344142
Band-Power Envelope Coherence Change,BetaL,Slow,Pz,FC6,0.1358380039102943,0.05609902036846865,-0.07973898354182565,0.07973898354182565,-58.70152773629114
Band-Power Envelope Coherence Change,BetaL,Slow,Pz,C4,0.16833200935221296,0.1170708024810257,-0.051261206871187265,0.051261206871187265,-30.452441617286123
Band-Power Envelope Coherence Change,BetaL,Slow,Pz,FC2,0.18231690823743182,0.07461736811270694,-0.10769954012472488,0.10769954012472488,-59.07271089989496
Band-Power Envelope Coherence Change,BetaL,Slow,Pz,F4,0.12039995109944081,0.0741689185132433,-0.04623103258619751,0.04623103258619751,-38.39788319184145
Band-Power Envelope Coherence Change,BetaL,Slow,Pz,F8,0.09434487731835664,0.07540832809365447,-0.01893654922470217,0.01893654922470217,-20.071624197255375
Band-Power Envelope Coherence Change,BetaL,Slow,Pz,Fp2,0.11771218644850422,0.1332301722593246,0.015517985810820381,0.015517985810820381,13.182990036132805
Band-Power Envelope Coherence Change,BetaL,Slow,Oz,O2,0.8351742114337077,0.8403739906098671,0.005199779176159325,0.005199779176159325,0.6225981483830885
Band-Power Envelope Coherence Change,BetaL,Slow,Oz,PO10,0.26549469893026095,0.1519360819531127,-0.11355861697714825,0.11355861697714825,-42.77246115824609
Band-Power Envelope Coherence Change,BetaL,Slow,Oz,P8,0.12473752511381549,0.1258997261621764,0.001162201048360914,0.001162201048360914,0.931717257738179
Band-Power Envelope Coherence Change,BetaL,Slow,Oz,P4,0.7046529246864128,0.3039639071581417,-0.40068901752827113,0.40068901752827113,-56.863315753154254
Band-Power Envelope Coherence Change,BetaL,Slow,Oz,CP2,0.7486564619979604,0.15895567187490725,-0.5897007901230532,0.5897007901230532,-78.76787552855714
Band-Power Envelope Coherence Change,BetaL,Slow,Oz,CP6,0.10552680054800478,0.02749947009576711,-0.07802733045223767,0.07802733045223767,-73.94077148841689
Band-Power Envelope Coherence Change,BetaL,Slow,Oz,T8,0.05180132712933764,0.004382022179254688,-0.04741930495008295,0.04741930495008295,-91.5407144525204
Band-Power Envelope Coherence Change,BetaL,Slow,Oz,FT10,0.03749734645873049,0.02365392735282165,-0.013843419105908843,0.013843419105908843,-36.91839666880131
Band-Power Envelope Coherence Change,BetaL,Slow,Oz,FC6,0.04978905829596891,0.006603581240331701,-0.04318547705563721,0.04318547705563721,-86.73688262775126
Band-Power Envelope Coherence Change,BetaL,Slow,Oz,C4,0.07182079699872315,0.00940376844337441,-0.06241702855534874,0.06241702855534874,-86.9066219864678
Band-Power Envelope Coherence Change,BetaL,Slow,Oz,FC2,0.06732785598246421,0.006207355335301464,-0.06112050064716275,0.06112050064716275,-90.78040545815362
Band-Power Envelope Coherence Change,BetaL,Slow,Oz,F4,0.04189241021519855,0.005117977747386662,-0.03677443246781189,0.03677443246781189,-87.78304298774898
Band-Power Envelope Coherence Change,BetaL,Slow,Oz,F8,0.03987259065906818,0.03337071592289556,-0.006501874736172621,0.006501874736172621,-16.306627256219947
Band-Power Envelope Coherence Change,BetaL,Slow,Oz,Fp2,0.05572376532752732,0.017291664354693724,-0.038432100972833595,0.038432100972833595,-68.96895919890089
Band-Power Envelope Coherence Change,BetaL,Slow,O2,PO10,0.4637634197471894,0.2547967159809761,-0.2089667037662133,0.2089667037662133,-45.05890177369466
Band-Power Envelope Coherence Change,BetaL,Slow,O2,P8,0.22527169432002214,0.26676281625797416,0.041491121937952014,0.041491121937952014,18.418258034233766
Band-Power Envelope Coherence Change,BetaL,Slow,O2,P4,0.6934466911213027,0.3404110180137129,-0.3530356731075899,0.3530356731075899,-50.91028302936041
Band-Power Envelope Coherence Change,BetaL,Slow,O2,CP2,0.6875824541806792,0.15045632660910088,-0.5371261275715783,0.5371261275715783,-78.11806777583001
Band-Power Envelope Coherence Change,BetaL,Slow,O2,CP6,0.13128100278549484,0.046536541504176306,-0.08474446128131854,0.08474446128131854,-64.55196066698684
Band-Power Envelope Coherence Change,BetaL,Slow,O2,T8,0.04611920603649917,0.006811945459343769,-0.039307260577155397,0.039307260577155397,-85.22969919743906
Band-Power Envelope Coherence Change,BetaL,Slow,O2,FT10,0.050559208531569574,0.006533015406984575,-0.044026193124585,0.044026193124585,-87.07848560780909
Band-Power Envelope Coherence Change,BetaL,Slow,O2,FC6,0.03924302735546245,0.009165858946739328,-0.030077168408723123,0.030077168408723123,-76.64334388956492
Band-Power Envelope Coherence Change,BetaL,Slow,O2,C4,0.06352792493928867,0.011889171077902912,-0.051638753861385764,0.051638753861385764,-81.28512604612072
Band-Power Envelope Coherence Change,BetaL,Slow,O2,FC2,0.05258193304237373,0.009478009867706205,-0.04310392317466752,0.04310392317466752,-81.97477856116805
Band-Power Envelope Coherence Change,BetaL,Slow,O2,F4,0.033100067608728925,0.005374729796023823,-0.0277253378127051,0.0277253378127051,-83.76217879806858
Band-Power Envelope Coherence Change,BetaL,Slow,O2,F8,0.029696037551877236,0.011381822495164064,-0.01831421505671317,0.01831421505671317,-61.67225181042861
Band-Power Envelope Coherence Change,BetaL,Slow,O2,Fp2,0.045675368940829714,0.005245057384311021,-0.04043031155651869,0.04043031155651869,-88.51666115471176
Band-Power Envelope Coherence Change,BetaL,Slow,PO10,P8,0.4852466390745941,0.5348138053300843,0.04956716625549018,0.04956716625549018,10.214839684416756
Band-Power Envelope Coherence Change,BetaL,Slow,PO10,P4,0.3626098812296093,0.10775355032034671,-0.2548563309092626,0.2548563309092626,-70.28389023626309
Band-Power Envelope Coherence Change,BetaL,Slow,PO10,CP2,0.32491281636098013,0.036299865296803874,-0.2886129510641763,0.2886129510641763,-88.8278136567951
Band-Power Envelope Coherence Change,BetaL,Slow,PO10,CP6,0.15658963186547148,0.14063768795311182,-0.015951943912359656,0.015951943912359656,-10.187100973622707
Band-Power Envelope Coherence Change,BetaL,Slow,PO10,T8,0.11710506563760056,0.05051224926142668,-0.06659281637617388,0.06659281637617388,-56.865871697007094
Band-Power Envelope Coherence Change,BetaL,Slow,PO10,FT10,0.06322780864604796,0.04526376112040645,-0.017964047525641513,0.017964047525641513,-28.41162442653206
Band-Power Envelope Coherence Change,BetaL,Slow,PO10,FC6,0.10204373587714984,0.0312906986864398,-0.07075303719071004,0.07075303719071004,-69.33599263348161
Band-Power Envelope Coherence Change,BetaL,Slow,PO10,C4,0.0883881353986581,0.032555154827196425,-0.055832980571461674,0.055832980571461674,-63.167958368662816
Band-Power Envelope Coherence Change,BetaL,Slow,PO10,FC2,0.11586380799454488,0.01654434755101665,-0.09931946044352823,0.09931946044352823,-85.72086673364335
Band-Power Envelope Coherence Change,BetaL,Slow,PO10,F4,0.11171690338786874,0.023714216864824812,-0.08800268652304394,0.08800268652304394,-78.77293753614737
Band-Power Envelope Coherence Change,BetaL,Slow,PO10,F8,0.08376722654286957,0.06875073082795294,-0.01501649571491663,0.01501649571491663,-17.926456843156476
Band-Power Envelope Coherence Change,BetaL,Slow,PO10,Fp2,0.10281479321333822,0.01356398987596022,-0.089250803337378,0.089250803337378,-86.80735577825335
Band-Power Envelope Coherence Change,BetaL,Slow,P8,P4,0.22303161525625578,0.31902338013063497,0.09599176487437919,0.09599176487437919,43.039532652842915
Band-Power Envelope Coherence Change,BetaL,Slow,P8,CP2,0.14493514068122174,0.1521038086267496,0.007168667945527868,0.007168667945527868,4.94612135596227
Band-Power Envelope Coherence Change,BetaL,Slow,P8,CP6,0.37156721534681314,0.38013525755535027,0.00856804220853713,0.00856804220853713,2.305919859086571
Band-Power Envelope Coherence Change,BetaL,Slow,P8,T8,0.11739701342643175,0.14695072072802395,0.029553707301592208,0.029553707301592208,25.174156001943267
Band-Power Envelope Coherence Change,BetaL,Slow,P8,FT10,0.07637870124005114,0.02103297025097335,-0.05534573098907779,0.05534573098907779,-72.46225726610788
Band-Power Envelope Coherence Change,BetaL,Slow,P8,FC6,0.05618023207250377,0.059976473188081345,0.003796241115577574,0.003796241115577574,6.757254243233296
Band-Power Envelope Coherence Change,BetaL,Slow,P8,C4,0.14211780964080992,0.09376187555468005,-0.04835593408612987,0.04835593408612987,-34.025245821297965
Band-Power Envelope Coherence Change,BetaL,Slow,P8,FC2,0.058421791394986496,0.014859045316368872,-0.043562746078617626,0.043562746078617626,-74.56591973377247
Band-Power Envelope Coherence Change,BetaL,Slow,P8,F4,0.035598447712481246,0.01442389649568119,-0.021174551216800057,0.021174551216800057,-59.48167006556301
Band-Power Envelope Coherence Change,BetaL,Slow,P8,F8,0.0332444927095621,0.048816365889268805,0.015571873179706708,0.015571873179706708,46.84045960860091
Band-Power Envelope Coherence Change,BetaL,Slow,P8,Fp2,0.030121769574977402,0.006361086969387344,-0.02376068260559006,0.02376068260559006,-78.88209404977458
Band-Power Envelope Coherence Change,BetaL,Slow,P4,CP2,0.9257628405591429,0.7924397938257547,-0.13332304673338824,0.13332304673338824,-14.401425601924537
Band-Power Envelope Coherence Change,BetaL,Slow,P4,CP6,0.25916218832673776,0.3822804674529347,0.12311827912619694,0.12311827912619694,47.50626621927425
Band-Power Envelope Coherence Change,BetaL,Slow,P4,T8,0.1530808072352052,0.08956463309996175,-0.06351617413524345,0.06351617413524345,-41.4919252664067
Band-Power Envelope Coherence Change,BetaL,Slow,P4,FT10,0.06398625995525091,0.09499417925786652,0.031007919302615608,0.031007919302615608,48.46027776010215
Band-Power Envelope Coherence Change,BetaL,Slow,P4,FC6,0.18676469806622287,0.08147030030689956,-0.10529439775932331,0.10529439775932331,-56.378105096707365
Band-Power Envelope Coherence Change,BetaL,Slow,P4,C4,0.2564633607951671,0.18664853671568446,-0.06981482407948261,0.06981482407948261,-27.222143491772506
Band-Power Envelope Coherence Change,BetaL,Slow,P4,FC2,0.2285024235268884,0.08362187938805306,-0.14488054413883533,0.14488054413883533,-63.404379657175454
Band-Power Envelope Coherence Change,BetaL,Slow,P4,F4,0.15537551437276256,0.0822492968714896,-0.07312621750127296,0.07312621750127296,-47.064183694887284
Band-Power Envelope Coherence Change,BetaL,Slow,P4,F8,0.128579629509257,0.09939047871033686,-0.029189150798920135,0.029189150798920135,-22.70122484434339
Band-Power Envelope Coherence Change,BetaL,Slow,P4,Fp2,0.15251871292498564,0.15453882641892755,0.002020113493941905,0.002020113493941905,1.3245020595836472
Band-Power Envelope Coherence Change,BetaL,Slow,CP2,CP6,0.2115629295309214,0.37217446546113647,0.16061153593021507,0.16061153593021507,75.916672304701
Band-Power Envelope Coherence Change,BetaL,Slow,CP2,T8,0.1398936956829498,0.12581182456784526,-0.014081871115104533,0.014081871115104533,-10.06612274152739
Band-Power Envelope Coherence Change,BetaL,Slow,CP2,FT10,0.06109320510607715,0.12684468217433753,0.06575147706826037,0.06575147706826037,107.62486098755988
Band-Power Envelope Coherence Change,BetaL,Slow,CP2,FC6,0.1852133372689983,0.15548812327905515,-0.029725213989943156,0.029725213989943156,-16.049175738770444
Band-Power Envelope Coherence Change,BetaL,Slow,CP2,C4,0.22923269487984663,0.31445751354304446,0.08522481866319784,0.08522481866319784,37.17829985284988
Band-Power Envelope Coherence Change,BetaL,Slow,CP2,FC2,0.2405936993736152,0.19602741771487148,-0.04456628165874371,0.04456628165874371,-18.52346165954132
Band-Power Envelope Coherence Change,BetaL,Slow,CP2,F4,0.16549625060774537,0.16569039492018522,0.00019414431243985897,0.00019414431243985897,0.11731039931533824
Band-Power Envelope Coherence Change,BetaL,Slow,CP2,F8,0.14005452182282527,0.11487176298100713,-0.025182758841818143,0.025182758841818143,-17.980682461416965
Band-Power Envelope Coherence Change,BetaL,Slow,CP2,Fp2,0.16929092168880114,0.22507215573504435,0.05578123404624322,0.05578123404624322,32.94992636922552
Band-Power Envelope Coherence Change,BetaL,Slow,CP6,T8,0.5294974497572514,0.6056935559370626,0.07619610617981121,0.07619610617981121,14.390268775561312
Band-Power Envelope Coherence Change,BetaL,Slow,CP6,FT10,0.39343901398735165,0.16171547438544934,-0.2317235396019023,0.2317235396019023,-58.8969398976157
Band-Power Envelope Coherence Change,BetaL,Slow,CP6,FC6,0.4230104984297788,0.4982756526432025,0.07526515421342372,0.07526515421342372,17.792739067424826
Band-Power Envelope Coherence Change,BetaL,Slow,CP6,C4,0.6460132391568758,0.6465605684722054,0.0005473293153296366,0.0005473293153296366,0.08472416386450013
Band-Power Envelope Coherence Change,BetaL,Slow,CP6,FC2,0.38221413440168056,0.24709812461622785,-0.1351160097854527,0.1351160097854527,-35.350866863404676
Band-Power Envelope Coherence Change,BetaL,Slow,CP6,F4,0.2853587852210048,0.26844406226111245,-0.016914722959892325,0.016914722959892325,-5.927528373374664
Band-Power Envelope Coherence Change,BetaL,Slow,CP6,F8,0.26719559221583383,0.21418593333699204,-0.05300965887884179,0.05300965887884179,-19.839271463738044
Band-Power Envelope Coherence Change,BetaL,Slow,CP6,Fp2,0.21070254791537557,0.056979651731548994,-0.15372289618382656,0.15372289618382656,-72.95730293948142
Band-Power Envelope Coherence Change,BetaL,Slow,T8,FT10,0.5905834141646897,0.32943933447238355,-0.2611440796923062,0.2611440796923062,-44.21798401867813
Band-Power Envelope Coherence Change,BetaL,Slow,T8,FC6,0.7197410099939774,0.7955381112137686,0.07579710121979122,0.07579710121979122,10.531163316708252
Band-Power Envelope Coherence Change,BetaL,Slow,T8,C4,0.5737797717025749,0.6116710575522973,0.037891285849722456,0.037891285849722456,6.60380301265898
Band-Power Envelope Coherence Change,BetaL,Slow,T8,FC2,0.5520480665873366,0.38579938158788646,-0.16624868499945017,0.16624868499945017,-30.114893079359934
Band-Power Envelope Coherence Change,BetaL,Slow,T8,F4,0.5479519496881192,0.46499717100409627,-0.08295477868402296,0.08295477868402296,-15.139060775536755
Band-Power Envelope Coherence Change,BetaL,Slow,T8,F8,0.5770749589779766,0.421518626305365,-0.15555633267261154,0.15555633267261154,-26.956001166314373
Band-Power Envelope Coherence Change,BetaL,Slow,T8,Fp2,0.4550098221882158,0.13176866391739128,-0.3232411582708245,0.3232411582708245,-71.04047923983389
Band-Power Envelope Coherence Change,BetaL,Slow,FT10,FC6,0.6052845369209323,0.28871930612534336,-0.31656523079558896,0.31656523079558896,-52.30023426766336
Band-Power Envelope Coherence Change,BetaL,Slow,FT10,C4,0.4492096505705127,0.1817675064938381,-0.2674421440766746,0.2674421440766746,-59.536152826862306
Band-Power Envelope Coherence Change,BetaL,Slow,FT10,FC2,0.4513520398108432,0.1674975524503018,-0.2838544873605414,0.2838544873605414,-62.889820433624664
Band-Power Envelope Coherence Change,BetaL,Slow,FT10,F4,0.471660317057054,0.2712349286727417,-0.20042538838431234,0.20042538838431234,-42.49358725679439
Band-Power Envelope Coherence Change,BetaL,Slow,FT10,F8,0.6761732903651869,0.5170931719926601,-0.15908011837252678,0.15908011837252678,-23.52653094099753
Band-Power Envelope Coherence Change,BetaL,Slow,FT10,Fp2,0.5154385385010708,0.29868094887275415,-0.21675758962831665,0.21675758962831665,-42.05304288240883
Band-Power Envelope Coherence Change,BetaL,Slow,FC6,C4,0.7087438390627155,0.745837169976866,0.03709333091415046,0.03709333091415046,5.233672431382946
Band-Power Envelope Coherence Change,BetaL,Slow,FC6,FC2,0.883406867928659,0.6840246575331463,-0.19938221039551263,0.19938221039551263,-22.569692135517116
Band-Power Envelope Coherence Change,BetaL,Slow,FC6,F4,0.8810664907679576,0.7664857905070236,-0.11458070026093403,0.11458070026093403,-13.004773358371951
Band-Power Envelope Coherence Change,BetaL,Slow,FC6,F8,0.7771259796581634,0.48585993266891153,-0.2912660469892519,0.2912660469892519,-37.4799008929507
Band-Power Envelope Coherence Change,BetaL,Slow,FC6,Fp2,0.7238246413101932,0.25237430791590465,-0.47145033339428855,0.47145033339428855,-65.13322516085077
Band-Power Envelope Coherence Change,BetaL,Slow,C4,FC2,0.71561879711486,0.6035278490422614,-0.11209094807259856,0.11209094807259856,-15.663499690689017
Band-Power Envelope Coherence Change,BetaL,Slow,C4,F4,0.5855407808735422,0.536063075085567,-0.04947770578797517,0.04947770578797517,-8.449916283228228
Band-Power Envelope Coherence Change,BetaL,Slow,C4,F8,0.4688744227482487,0.24309614794794226,-0.22577827480030643,0.22577827480030643,-48.153250389930705
Band-Power Envelope Coherence Change,BetaL,Slow,C4,Fp2,0.4332811790267469,0.13188925688813652,-0.3013919221386104,0.3013919221386104,-69.56035404436645
Band-Power Envelope Coherence Change,BetaL,Slow,FC2,F4,0.8863677509871869,0.850187418413232,-0.03618033257395492,0.03618033257395492,-4.081864726425266
Band-Power Envelope Coherence Change,BetaL,Slow,FC2,F8,0.669454938189288,0.3218559552546885,-0.3475989829345995,0.3475989829345995,-51.92268562164464
Band-Power Envelope Coherence Change,BetaL,Slow,FC2,Fp2,0.7046680278148302,0.3252872847490832,-0.379380743065747,0.379380743065747,-53.838222835539106
Band-Power Envelope Coherence Change,BetaL,Slow,F4,F8,0.7301810560900288,0.5148761172774525,-0.21530493881257629,0.21530493881257629,-29.486513929228796
Band-Power Envelope Coherence Change,BetaL,Slow,F4,Fp2,0.77779940519441,0.4519630005736879,-0.32583640462072216,0.32583640462072216,-41.89208714286426
Band-Power Envelope Coherence Change,BetaL,Slow,F8,Fp2,0.8078961902431311,0.4879292872788283,-0.3199669029643028,0.3199669029643028,-39.604952570454735
Band-Power Envelope Coherence Change,BetaL,Medium,Cz,Fz,0.8249911261071414,0.6816617747953715,-0.14332935131176994,0.14332935131176994,-17.37344157725592
Band-Power Envelope Coherence Change,BetaL,Medium,Cz,Fp1,0.5861322813852987,0.2362167201517998,-0.3499155612334989,0.3499155612334989,-59.69907687160453
Band-Power Envelope Coherence Change,BetaL,Medium,Cz,F7,0.6018511047615034,0.16794218388785537,-0.433908920873648,0.433908920873648,-72.0957255774406
Band-Power Envelope Coherence Change,BetaL,Medium,Cz,F3,0.7967862434420221,0.6208839471107148,-0.17590229633130727,0.17590229633130727,-22.076472551964525
Band-Power Envelope Coherence Change,BetaL,Medium,Cz,FC1,0.826476141570478,0.811100463120237,-0.015375678450241015,0.015375678450241015,-1.8603898741739842
Band-Power Envelope Coherence Change,BetaL,Medium,Cz,C3,0.6245794597054499,0.29382800133749004,-0.3307514583679599,0.3307514583679599,-52.955865459287025
Band-Power Envelope Coherence Change,BetaL,Medium,Cz,FC5,0.7338753098474784,0.2594117477587674,-0.474463562088711,0.474463562088711,-64.65179516494689
Band-Power Envelope Coherence Change,BetaL,Medium,Cz,FT9,0.4246459392373478,0.03188660401699038,-0.3927593352203574,0.3927593352203574,-92.49101402588286
Band-Power Envelope Coherence Change,BetaL,Medium,Cz,T7,0.6201393023279079,0.06421206492643539,-0.5559272374014725,0.5559272374014725,-89.64554178627397
Band-Power Envelope Coherence Change,BetaL,Medium,Cz,CP5,0.27521153284404803,0.15266791935809731,-0.12254361348595072,0.12254361348595072,-44.52706331728894
Band-Power Envelope Coherence Change,BetaL,Medium,Cz,CP1,0.23939621918223808,0.20180705891829193,-0.03758916026394615,0.03758916026394615,-15.701651593474736
Band-Power Envelope Coherence Change,BetaL,Medium,Cz,P3,0.1508944943349153,0.04973363796309361,-0.1011608563718217,0.1011608563718217,-67.04078688735444
Band-Power Envelope Coherence Change,BetaL,Medium,Cz,P7,0.0829603764559779,0.028847173297658835,-0.054113203158319065,0.054113203158319065,-65.22776953288502
Band-Power Envelope Coherence Change,BetaL,Medium,Cz,PO9,0.027229355688416994,0.01847035817142416,-0.008758997516992835,0.008758997516992835,-32.16747989640752
Band-Power Envelope Coherence Change,BetaL,Medium,Cz,O1,0.03861048722776351,0.004261612762394189,-0.03434887446536932,0.03434887446536932,-88.96255119171404
Band-Power Envelope Coherence Change,BetaL,Medium,Cz,Pz,0.21056496780101094,0.15715691894266434,-0.0534080488583466,0.0534080488583466,-25.364166421462148
Band-Power Envelope Coherence Change,BetaL,Medium,Cz,Oz,0.08641170252799658,0.0044777827651254105,-0.08193391976287118,0.08193391976287118,-94.81808292843824
Band-Power Envelope Coherence Change,BetaL,Medium,Cz,O2,0.054335696973043295,0.008717680895662046,-0.04561801607738125,0.04561801607738125,-83.95588649578379
Band-Power Envelope Coherence Change,BetaL,Medium,Cz,PO10,0.07895054026434509,0.008478452406085989,-0.07047208785825909,0.07047208785825909,-89.26105840732927
Band-Power Envelope Coherence Change,BetaL,Medium,Cz,P8,0.02784642787545733,0.013557064077130865,-0.014289363798326467,0.014289363798326467,-51.31488987469201
Band-Power Envelope Coherence Change,BetaL,Medium,Cz,P4,0.22867158769955676,0.13513866591813517,-0.09353292178142159,0.09353292178142159,-40.90272985916863
Band-Power Envelope Coherence Change,BetaL,Medium,Cz,CP2,0.2606165161544529,0.299399333893565,0.038782817739112074,0.038782817739112074,14.881181864977297
Band-Power Envelope Coherence Change,BetaL,Medium,Cz,CP6,0.2517252100411424,0.17845190531094662,-0.07327330473019578,0.07327330473019578,-29.108449137144373
Band-Power Envelope Coherence Change,BetaL,Medium,Cz,T8,0.39293400732244704,0.2113559204101829,-0.18157808691226415,0.18157808691226415,-46.21083528747835
Band-Power Envelope Coherence Change,BetaL,Medium,Cz,FT10,0.26894329403708056,0.08104672215332798,-0.18789657188375258,0.18789657188375258,-69.86475441096009
Band-Power Envelope Coherence Change,BetaL,Medium,Cz,FC6,0.6927888100775133,0.41277413773132493,-0.2800146723461883,0.2800146723461883,-40.41847504939617
Band-Power Envelope Coherence Change,BetaL,Medium,Cz,C4,0.567213105107141,0.43518183146137857,-0.1320312736457624,0.1320312736457624,-23.27719025829331
Band-Power Envelope Coherence Change,BetaL,Medium,Cz,FC2,0.8425108909939137,0.767793570106928,-0.0747173208869858,0.0747173208869858,-8.868410092460817
Band-Power Envelope Coherence Change,BetaL,Medium,Cz,F4,0.7429217558704695,0.5705719923958001,-0.17234976347466935,0.17234976347466935,-23.198911879048403
Band-Power Envelope Coherence Change,BetaL,Medium,Cz,F8,0.4932849226467736,0.15253559871069058,-0.34074932393608304,0.34074932393608304,-69.07758747373744
Band-Power Envelope Coherence Change,BetaL,Medium,Cz,Fp2,0.5664087270314444,0.21408764604508784,-0.35232108098635656,0.35232108098635656,-62.202622271177916
Band-Power Envelope Coherence Change,BetaL,Medium,Fz,Fp1,0.7544419173353321,0.5136962602197224,-0.2407456571156097,0.2407456571156097,-31.91042962802447
Band-Power Envelope Coherence Change,BetaL,Medium,Fz,F7,0.7352713426445145,0.3962451455688135,-0.33902619707570103,0.33902619707570103,-46.108990982341574
Band-Power Envelope Coherence Change,BetaL,Medium,Fz,F3,0.9201336797315759,0.900334317944929,-0.019799361786646874,0.019799361786646874,-2.151791877939171
Band-Power Envelope Coherence Change,BetaL,Medium,Fz,FC1,0.8665460713571675,0.8038676923562817,-0.0626783790008858,0.0626783790008858,-7.233127132262009
Band-Power Envelope Coherence Change,BetaL,Medium,Fz,C3,0.5771239928747252,0.21496810305726105,-0.3621558898174641,0.3621558898174641,-62.75183397133107
Band-Power Envelope Coherence Change,BetaL,Medium,Fz,FC5,0.8066675919551071,0.3923766763000949,-0.4142909156550122,0.4142909156550122,-51.35831906311025
Band-Power Envelope Coherence Change,BetaL,Medium,Fz,FT9,0.47705718639304745,0.08688227430948477,-0.3901749120835627,0.3901749120835627,-81.78787013641119
Band-Power Envelope Coherence Change,BetaL,Medium,Fz,T7,0.6497947783321534,0.09118473948931918,-0.5586100388428342,0.5586100388428342,-85.96714800888896
Band-Power Envelope Coherence Change,BetaL,Medium,Fz,CP5,0.19798063812832112,0.09283437227693127,-0.10514626585138985,0.10514626585138985,-53.10936809044898
Band-Power Envelope Coherence Change,BetaL,Medium,Fz,CP1,0.1626346533762235,0.10108719030373711,-0.061547463072486375,0.061547463072486375,-37.844002981399264
Band-Power Envelope Coherence Change,BetaL,Medium,Fz,P3,0.08936077058726768,0.028094157013621612,-0.06126661357364607,0.06126661357364607,-68.56097275237181
Band-Power Envelope Coherence Change,BetaL,Medium,Fz,P7,0.04976826341313072,0.04447187401787555,-0.0052963893952551674,0.0052963893952551674,-10.642102078767296
Band-Power Envelope Coherence Change,BetaL,Medium,Fz,PO9,0.02624850438628762,0.02652929906794302,0.00028079468165539967,0.00028079468165539967,1.0697549754571485
Band-Power Envelope Coherence Change,BetaL,Medium,Fz,O1,0.025487881577911917,0.006334081370207793,-0.019153800207704123,0.019153800207704123,-75.14865505457708
Band-Power Envelope Coherence Change,BetaL,Medium,Fz,Pz,0.14292396307091615,0.07790793104048666,-0.0650160320304295,0.0650160320304295,-45.48994488640773
Band-Power Envelope Coherence Change,BetaL,Medium,Fz,Oz,0.05135727861546955,0.004466605043142318,-0.046890673572327235,0.046890673572327235,-91.30287826077118
Band-Power Envelope Coherence Change,BetaL,Medium,Fz,O2,0.039975599956749014,0.00358317017656403,-0.03639242978018498,0.03639242978018498,-91.03660687909428
Band-Power Envelope Coherence Change,BetaL,Medium,Fz,PO10,0.10856523516312304,0.02288937485583237,-0.08567586030729067,0.08567586030729067,-78.91647835383004
Band-Power Envelope Coherence Change,BetaL,Medium,Fz,P8,0.04083497609252689,0.011193323104287908,-0.02964165298823898,0.02964165298823898,-72.58888292495811
Band-Power Envelope Coherence Change,BetaL,Medium,Fz,P4,0.17399153922356286,0.09171336065501827,-0.0822781785685446,0.0822781785685446,-47.28860893794659
Band-Power Envelope Coherence Change,BetaL,Medium,Fz,CP2,0.1931362009439943,0.164886383181773,-0.028249817762221296,0.028249817762221296,-14.626889016219794
Band-Power Envelope Coherence Change,BetaL,Medium,Fz,CP6,0.27900051030350037,0.16242852240614536,-0.11657198789735501,0.11657198789735501,-41.781998094034485
Band-Power Envelope Coherence Change,BetaL,Medium,Fz,T8,0.46449206482817806,0.2827028606889617,-0.18178920413921634,0.18178920413921634,-39.13720338935449
Band-Power Envelope Coherence Change,BetaL,Medium,Fz,FT10,0.4146491270189293,0.15727293986099355,-0.25737618715793575,0.25737618715793575,-62.07083782095752
Band-Power Envelope Coherence Change,BetaL,Medium,Fz,FC6,0.8042009883753027,0.5472716038486134,-0.25692938452668934,0.25692938452668934,-31.94840447109549
Band-Power Envelope Coherence Change,BetaL,Medium,Fz,C4,0.5868552375594446,0.38781901397875745,-0.19903622358068712,0.19903622358068712,-33.915727566549336
Band-Power Envelope Coherence Change,BetaL,Medium,Fz,FC2,0.9193801563116417,0.854862254990936,-0.06451790132070567,0.06451790132070567,-7.0175433826566165
Band-Power Envelope Coherence Change,BetaL,Medium,Fz,F4,0.886928955187903,0.8204210333376469,-0.06650792185025611,0.06650792185025611,-7.49867522773184
Band-Power Envelope Coherence Change,BetaL,Medium,Fz,F8,0.6674527826764971,0.3420263950280371,-0.32542638764846,0.32542638764846,-48.75646578975888
Band-Power Envelope Coherence Change,BetaL,Medium,Fz,Fp2,0.7718765260470546,0.42585089602331266,-0.3460256300237419,0.3460256300237419,-44.82914278995028
Band-Power Envelope Coherence Change,BetaL,Medium,Fp1,F7,0.8745846240256445,0.694825952550659,-0.17975867147498548,0.17975867147498548,-20.55360528150728
Band-Power Envelope Coherence Change,BetaL,Medium,Fp1,F3,0.835514502623498,0.511574377489004,-0.323940125134494,0.323940125134494,-38.77133480236773
Band-Power Envelope Coherence Change,BetaL,Medium,Fp1,FC1,0.6497258206684141,0.3008789025084012,-0.3488469181600129,0.3488469181600129,-53.69140444520613
Band-Power Envelope Coherence Change,BetaL,Medium,Fp1,C3,0.3539684412058226,0.05548430933712699,-0.2984841318686956,0.2984841318686956,-84.3250688823797
Band-Power Envelope Coherence Change,BetaL,Medium,Fp1,FC5,0.6985505251336153,0.2765709536521841,-0.42197957148143117,0.42197957148143117,-60.407881219574925
Band-Power Envelope Coherence Change,BetaL,Medium,Fp1,FT9,0.678335537804422,0.21923749680150983,-0.4590980410029122,0.4590980410029122,-67.68008093588627
Band-Power Envelope Coherence Change,BetaL,Medium,Fp1,T7,0.5900564342330714,0.06106399968291017,-0.5289924345501612,0.5289924345501612,-89.65115942472885
Band-Power Envelope Coherence Change,BetaL,Medium,Fp1,CP5,0.10201950025462997,0.07585477298253489,-0.02616472727209508,0.02616472727209508,-25.646790277143747
Band-Power Envelope Coherence Change,BetaL,Medium,Fp1,CP1,0.14210499001509208,0.10878071204947654,-0.033324277965615545,0.033324277965615545,-23.450462902165775
Band-Power Envelope Coherence Change,BetaL,Medium,Fp1,P3,0.07250521374325145,0.04484142422089469,-0.027663789522356756,0.027663789522356756,-38.15420725510462
Band-Power Envelope Coherence Change,BetaL,Medium,Fp1,P7,0.09002302424511867,0.13325378603923171,0.043230761794113046,0.043230761794113046,48.021894572662234
Band-Power Envelope Coherence Change,BetaL,Medium,Fp1,PO9,0.036004946124467856,0.015445778753976997,-0.020559167370490856,0.020559167370490856,-57.100953017450784
Band-Power Envelope Coherence Change,BetaL,Medium,Fp1,O1,0.025235318897051218,0.030667202664302347,0.005431883767251129,0.005431883767251129,21.524926193367232
Band-Power Envelope Coherence Change,BetaL,Medium,Fp1,Pz,0.1448148070872583,0.08298265933490187,-0.06183214775235643,0.06183214775235643,-42.69739330944205
Band-Power Envelope Coherence Change,BetaL,Medium,Fp1,Oz,0.07917288913176318,0.017252757275450156,-0.061920131856313024,0.061920131856313024,-78.20875622369
Band-Power Envelope Coherence Change,BetaL,Medium,Fp1,O2,0.07326473481750148,0.010190934783812337,-0.06307380003368915,0.06307380003368915,-86.09025910051076
Band-Power Envelope Coherence Change,BetaL,Medium,Fp1,PO10,0.12244337506405917,0.015727980512079576,-0.10671539455197959,0.10671539455197959,-87.1548946573458
Band-Power Envelope Coherence Change,BetaL,Medium,Fp1,P8,0.025572502937145126,0.005250193380597051,-0.020322309556548075,0.020322309556548075,-79.46938008570555
Band-Power Envelope Coherence Change,BetaL,Medium,Fp1,P4,0.16305960233695538,0.10600226307180058,-0.0570573392651548,0.0570573392651548,-34.99170760103312
Band-Power Envelope Coherence Change,BetaL,Medium,Fp1,CP2,0.1883041626705172,0.12514774635454143,-0.06315641631597577,0.06315641631597577,-33.53957523843108
Band-Power Envelope Coherence Change,BetaL,Medium,Fp1,CP6,0.1333405807783419,0.03472085460973566,-0.09861972616860624,0.09861972616860624,-73.96077442661382
Band-Power Envelope Coherence Change,BetaL,Medium,Fp1,T8,0.3320495880240244,0.09811806399545128,-0.23393152402857312,0.23393152402857312,-70.450779782822
Band-Power Envelope Coherence Change,BetaL,Medium,Fp1,FT10,0.33464098643195894,0.19462148515344166,-0.14001950127851728,0.14001950127851728,-41.84170706985016
Band-Power Envelope Coherence Change,BetaL,Medium,Fp1,FC6,0.6024418432170835,0.20813562931899837,-0.3943062138980851,0.3943062138980851,-65.45133249584079
Band-Power Envelope Coherence Change,BetaL,Medium,Fp1,C4,0.325946286106746,0.0921693950516482,-0.23377689105509777,0.23377689105509777,-71.72252024940602
Band-Power Envelope Coherence Change,BetaL,Medium,Fp1,FC2,0.6416948147876309,0.33740985291931125,-0.30428496186831966,0.30428496186831966,-47.418952881678315
Band-Power Envelope Coherence Change,BetaL,Medium,Fp1,F4,0.709167663352945,0.42202387946044606,-0.28714378389249895,0.28714378389249895,-40.49025339577428
Band-Power Envelope Coherence Change,BetaL,Medium,Fp1,F8,0.6263960889059549,0.34246371471194736,-0.2839323741940075,0.2839323741940075,-45.32792896103734
Band-Power Envelope Coherence Change,BetaL,Medium,Fp1,Fp2,0.8476348308094311,0.7129220010010209,-0.13471282980841026,0.13471282980841026,-15.892790729206947
Band-Power Envelope Coherence Change,BetaL,Medium,F7,F3,0.8438741312851148,0.4558383381102601,-0.3880357931748547,0.3880357931748547,-45.98266243615321
Band-Power Envelope Coherence Change,BetaL,Medium,F7,FC1,0.672648846090691,0.24736671409848676,-0.4252821319922042,0.4252821319922042,-63.224984992372214
Band-Power Envelope Coherence Change,BetaL,Medium,F7,C3,0.4130236655205734,0.0727577758119138,-0.3402658897086596,0.3402658897086596,-82.38411454699329
Band-Power Envelope Coherence Change,BetaL,Medium,F7,FC5,0.7985214297073535,0.47521918196646473,-0.3233022477408888,0.3233022477408888,-40.48761069059528
Band-Power Envelope Coherence Change,BetaL,Medium,F7,FT9,0.7875643695107356,0.35881923116752346,-0.42874513834321215,0.42874513834321215,-54.43937726760856
Band-Power Envelope Coherence Change,BetaL,Medium,F7,T7,0.7027424291752815,0.15082322359716555,-0.5519192055781159,0.5519192055781159,-78.53790843763804
Band-Power Envelope Coherence Change,BetaL,Medium,F7,CP5,0.14961051832425093,0.050789009848627636,-0.0988215084756233,0.0988215084756233,-66.05251394253403
Band-Power Envelope Coherence Change,BetaL,Medium,F7,CP1,0.144122292355156,0.05248607312916341,-0.09163621922599259,0.09163621922599259,-63.582265955204456
Band-Power Envelope Coherence Change,BetaL,Medium,F7,P3,0.08520003356496686,0.03954310659444638,-0.04565692697052048,0.04565692697052048,-53.58792134243244
Band-Power Envelope Coherence Change,BetaL,Medium,F7,P7,0.12498656226820207,0.1312968725077575,0.0063103102395554445,0.0063103102395554445,5.048790946033448
Band-Power Envelope Coherence Change,BetaL,Medium,F7,PO9,0.04599265010940243,0.025057069284749094,-0.020935580824653334,0.020935580824653334,-45.5194053285775
Band-Power Envelope Coherence Change,BetaL,Medium,F7,O1,0.031781580829715106,0.05802530735538292,0.026243726525667817,0.026243726525667817,82.57527108635983
Band-Power Envelope Coherence Change,BetaL,Medium,F7,Pz,0.15772474885610743,0.03861450846737965,-0.11911024038872778,0.11911024038872778,-75.51778731782433
Band-Power Envelope Coherence Change,BetaL,Medium,F7,Oz,0.0828210847212727,0.02244904249543825,-0.06037204222583445,0.06037204222583445,-72.89453214602467
Band-Power Envelope Coherence Change,BetaL,Medium,F7,O2,0.07958043292533214,0.018097425737494014,-0.061483007187838126,0.061483007187838126,-77.25895038234553
Band-Power Envelope Coherence Change,BetaL,Medium,F7,PO10,0.12077160551759106,0.0058192024276905695,-0.11495240308990048,0.11495240308990048,-95.18164687572778
Band-Power Envelope Coherence Change,BetaL,Medium,F7,P8,0.02379143449711603,0.0027215759762029904,-0.02106985852091304,0.02106985852091304,-88.56068987125222
Band-Power Envelope Coherence Change,BetaL,Medium,F7,P4,0.16262539440408286,0.04283807567576411,-0.11978731872831874,0.11978731872831874,-73.65843395323466
Band-Power Envelope Coherence Change,BetaL,Medium,F7,CP2,0.1996047202838702,0.04022843980851581,-0.15937628047535438,0.15937628047535438,-79.84594765529368
Band-Power Envelope Coherence Change,BetaL,Medium,F7,CP6,0.10859777575296001,0.011206696565316818,-0.09739107918764318,0.09739107918764318,-89.6805468734369
Band-Power Envelope Coherence Change,BetaL,Medium,F7,T8,0.26511307415340285,0.04839844347844467,-0.21671463067495816,0.21671463067495816,-81.744226069198
Band-Power Envelope Coherence Change,BetaL,Medium,F7,FT10,0.26059576673229345,0.06929558263273534,-0.19130018409955812,0.19130018409955812,-73.40878422483289
Band-Power Envelope Coherence Change,BetaL,Medium,F7,FC6,0.5376730795354889,0.11259709557583394,-0.42507598395965496,0.42507598395965496,-79.05844650561455
Band-Power Envelope Coherence Change,BetaL,Medium,F7,C4,0.2900284250521169,0.04062104790436163,-0.24940737714775527,0.24940737714775527,-85.99411492267966
Band-Power Envelope Coherence Change,BetaL,Medium,F7,FC2,0.6188104582274343,0.23111376713967194,-0.3876966910877624,0.3876966910877624,-62.65192934817376
Band-Power Envelope Coherence Change,BetaL,Medium,F7,F4,0.6597041269345134,0.25851987168449186,-0.40118425525002155,0.40118425525002155,-60.81275512315322
Band-Power Envelope Coherence Change,BetaL,Medium,F7,F8,0.5253599312670669,0.16137630036399817,-0.36398363090306873,0.36398363090306873,-69.2827163322506
Band-Power Envelope Coherence Change,BetaL,Medium,F7,Fp2,0.7292910150191567,0.40023804777463506,-0.32905296724452165,0.32905296724452165,-45.11956961870403
Band-Power Envelope Coherence Change,BetaL,Medium,F3,FC1,0.8073461072954768,0.7957367940285193,-0.011609313266957577,0.011609313266957577,-1.4379598987412643
Band-Power Envelope Coherence Change,BetaL,Medium,F3,C3,0.5147543066449517,0.23466263449470312,-0.28009167215024855,0.28009167215024855,-54.4126913625688
Band-Power Envelope Coherence Change,BetaL,Medium,F3,FC5,0.8459345076867273,0.4932066573601588,-0.3527278503265685,0.3527278503265685,-41.69682725098067
Band-Power Envelope Coherence Change,BetaL,Medium,F3,FT9,0.5796793966539222,0.09870449389581959,-0.4809749027581026,0.4809749027581026,-82.9725716550268
Band-Power Envelope Coherence Change,BetaL,Medium,F3,T7,0.6871968052096025,0.13328507381839644,-0.5539117313912061,0.5539117313912061,-80.60452656240987
Band-Power Envelope Coherence Change,BetaL,Medium,F3,CP5,0.17416994584829226,0.11132973379675648,-0.06284021205153578,0.06284021205153578,-36.07982522212625
Band-Power Envelope Coherence Change,BetaL,Medium,F3,CP1,0.14296510148204164,0.09718557001081239,-0.04577953147122925,0.04577953147122925,-32.02147307046103
Band-Power Envelope Coherence Change,BetaL,Medium,F3,P3,0.07482756636208396,0.03092911195778245,-0.04389845440430151,0.04389845440430151,-58.66615278102295
Band-Power Envelope Coherence Change,BetaL,Medium,F3,P7,0.07829877761694237,0.05170621802668681,-0.02659255959025556,0.02659255959025556,-33.96293071183456
Band-Power Envelope Coherence Change,BetaL,Medium,F3,PO9,0.029185981753725367,0.04406982575750467,0.014883844003779303,0.014883844003779303,50.99655077348733
Band-Power Envelope Coherence Change,BetaL,Medium,F3,O1,0.022766430300637533,0.007331135719448979,-0.015435294581188554,0.015435294581188554,-67.79848389651282
Band-Power Envelope Coherence Change,BetaL,Medium,F3,Pz,0.13297655366196687,0.07602367483211461,-0.056952878829852255,0.056952878829852255,-42.82926370210297
Band-Power Envelope Coherence Change,BetaL,Medium,F3,Oz,0.06074507501458423,0.00847169285070518,-0.052273382163879056,0.052273382163879056,-86.05369596025486
Band-Power Envelope Coherence Change,BetaL,Medium,F3,O2,0.04305669557568672,0.005853467227249965,-0.037203228348436757,0.037203228348436757,-86.40521027220838
Band-Power Envelope Coherence Change,BetaL,Medium,F3,PO10,0.09420577632052139,0.02939434846337373,-0.06481142785714766,0.06481142785714766,-68.79772174121919
Band-Power Envelope Coherence Change,BetaL,Medium,F3,P8,0.022870865281596844,0.01154463217937543,-0.011326233102221413,0.011326233102221413,-49.522538665535855
Band-Power Envelope Coherence Change,BetaL,Medium,F3,P4,0.1484118612709138,0.0853897267693927,-0.0630221345015211,0.0630221345015211,-42.46435154295337
Band-Power Envelope Coherence Change,BetaL,Medium,F3,CP2,0.17488313902254726,0.13762136909252598,-0.03726176993002128,0.03726176993002128,-21.30666806319002
Band-Power Envelope Coherence Change,BetaL,Medium,F3,CP6,0.18741081038272212,0.13973661748459187,-0.04767419289813024,0.04767419289813024,-25.438336668398208
Band-Power Envelope Coherence Change,BetaL,Medium,F3,T8,0.37996092292674394,0.25445448034664253,-0.1255064425801014,0.1255064425801014,-33.03140797041882
Band-Power Envelope Coherence Change,BetaL,Medium,F3,FT10,0.3224180070676305,0.14311697701205967,-0.17930103005557085,0.17930103005557085,-55.611357345174774
Band-Power Envelope Coherence Change,BetaL,Medium,F3,FC6,0.6976719202812909,0.472972164957813,-0.22469975532347786,0.22469975532347786,-32.207080261003235
Band-Power Envelope Coherence Change,BetaL,Medium,F3,C4,0.45216222721987753,0.32236708554260685,-0.1297951416772707,0.1297951416772707,-28.705436647222164
Band-Power Envelope Coherence Change,BetaL,Medium,F3,FC2,0.8165529134065908,0.749298449729059,-0.06725446367753174,0.06725446367753174,-8.236387694332228
Band-Power Envelope Coherence Change,BetaL,Medium,F3,F4,0.8197052243500482,0.7278109309493639,-0.09189429340068433,0.09189429340068433,-11.210651179336834
Band-Power Envelope Coherence Change,BetaL,Medium,F3,F8,0.6017044367061823,0.3147411671687563,-0.28696326953742607,0.28696326953742607,-47.691732357551615
Band-Power Envelope Coherence Change,BetaL,Medium,F3,Fp2,0.7679904681942927,0.3738185781473088,-0.39417189004698394,0.39417189004698394,-51.32510185624634
Band-Power Envelope Coherence Change,BetaL,Medium,FC1,C3,0.7613919423273254,0.34071194688369266,-0.42067999544363277,0.42067999544363277,-55.25143780189635
Band-Power Envelope Coherence Change,BetaL,Medium,FC1,FC5,0.8430471451952323,0.4218028832401663,-0.421244261955066,0.421244261955066,-49.96686891781296
Band-Power Envelope Coherence Change,BetaL,Medium,FC1,FT9,0.4983670731666544,0.042606726303020384,-0.45576034686363404,0.45576034686363404,-91.45073408796961
Band-Power Envelope Coherence Change,BetaL,Medium,FC1,T7,0.7808717467602104,0.10388709263712473,-0.6769846541230857,0.6769846541230857,-86.69601082787975
Band-Power Envelope Coherence Change,BetaL,Medium,FC1,CP5,0.38087690812013353,0.15626144370851922,-0.2246154644116143,0.2246154644116143,-58.973242961940784
Band-Power Envelope Coherence Change,BetaL,Medium,FC1,CP1,0.3272623027762398,0.1530037277799611,-0.1742585749962787,0.1742585749962787,-53.24737176204041
Band-Power Envelope Coherence Change,BetaL,Medium,FC1,P3,0.2218097645185006,0.04448768557319048,-0.1773220789453101,0.1773220789453101,-79.94331508815074
Band-Power Envelope Coherence Change,BetaL,Medium,FC1,P7,0.09063830819478899,0.0265810919527618,-0.06405721624202719,0.06405721624202719,-70.67344649059766
Band-Power Envelope Coherence Change,BetaL,Medium,FC1,PO9,0.038714001244235,0.03243181860909193,-0.006282182635143067,0.006282182635143067,-16.227159253084345
Band-Power Envelope Coherence Change,BetaL,Medium,FC1,O1,0.053758843704418816,0.003816153398428993,-0.04994269030598982,0.04994269030598982,-92.901347693765
Band-Power Envelope Coherence Change,BetaL,Medium,FC1,Pz,0.29976414866519807,0.11632386476805748,-0.1834402838971406,0.1834402838971406,-61.19487093902686
Band-Power Envelope Coherence Change,BetaL,Medium,FC1,Oz,0.12112420293889861,0.00388592657060512,-0.1172382763682935,0.1172382763682935,-96.79178357725468
Band-Power Envelope Coherence Change,BetaL,Medium,FC1,O2,0.09550845410983595,0.004703747378748844,-0.0908047067310871,0.0908047067310871,-95.0750460547299
Band-Power Envelope Coherence Change,BetaL,Medium,FC1,PO10,0.15131079086168744,0.013649304219195472,-0.13766148664249198,0.13766148664249198,-90.97929226232633
Band-Power Envelope Coherence Change,BetaL,Medium,FC1,P8,0.050348644890865255,0.011710805636879762,-0.03863783925398549,0.03863783925398549,-76.7405743247631
Band-Power Envelope Coherence Change,BetaL,Medium,FC1,P4,0.32234012674045254,0.09377765226553232,-0.22856247447492023,0.22856247447492023,-70.90723602617373
Band-Power Envelope Coherence Change,BetaL,Medium,FC1,CP2,0.36029804682672517,0.2081340884180275,-0.15216395840869767,0.15216395840869767,-42.232801356782396
Band-Power Envelope Coherence Change,BetaL,Medium,FC1,CP6,0.2531250272424038,0.1740801142742678,-0.07904491296813601,0.07904491296813601,-31.227616577178313
Band-Power Envelope Coherence Change,BetaL,Medium,FC1,T8,0.4395995091653879,0.25226152664741164,-0.1873379825179763,0.1873379825179763,-42.61560320521087
Band-Power Envelope Coherence Change,BetaL,Medium,FC1,FT10,0.30783108529836467,0.0891423064122186,-0.21868877888614607,0.21868877888614607,-71.0418113473441
Band-Power Envelope Coherence Change,BetaL,Medium,FC1,FC6,0.7367891627444553,0.4695019383985002,-0.2672872243459551,0.2672872243459551,-36.277301277117154
Band-Power Envelope Coherence Change,BetaL,Medium,FC1,C4,0.5663712461507581,0.40823489687805414,-0.15813634927270392,0.15813634927270392,-27.92097062614842
Band-Power Envelope Coherence Change,BetaL,Medium,FC1,FC2,0.8658424811301761,0.7760107316173812,-0.08983174951279493,0.08983174951279493,-10.37506838374786
Band-Power Envelope Coherence Change,BetaL,Medium,FC1,F4,0.774072908940269,0.6543041393169859,-0.11976876962328309,0.11976876962328309,-15.472543766872093
Band-Power Envelope Coherence Change,BetaL,Medium,FC1,F8,0.5424428186492217,0.19557132216404816,-0.34687149648517357,0.34687149648517357,-63.946186502928505
Band-Power Envelope Coherence Change,BetaL,Medium,FC1,Fp2,0.6343274821536518,0.2326738110621296,-0.40165367109152217,0.40165367109152217,-63.31960736240503
Band-Power Envelope Coherence Change,BetaL,Medium,C3,FC5,0.699098218456869,0.28130185901051646,-0.41779635944635257,0.41779635944635257,-59.76218339800112
Band-Power Envelope Coherence Change,BetaL,Medium,C3,FT9,0.3033271055641119,0.02979964673332549,-0.27352745883078644,0.27352745883078644,-90.17573893440692
Band-Power Envelope Coherence Change,BetaL,Medium,C3,T7,0.6911439190511942,0.1425610301072598,-0.5485828889439344,0.5485828889439344,-79.37317739799138
Band-Power Envelope Coherence Change,BetaL,Medium,C3,CP5,0.666850765049433,0.23200529844732998,-0.434845466602103,0.434845466602103,-65.20881273486555
Band-Power Envelope Coherence Change,BetaL,Medium,C3,CP1,0.42173743736524383,0.09344419652554897,-0.32829324083969486,0.32829324083969486,-77.84303970988897
Band-Power Envelope Coherence Change,BetaL,Medium,C3,P3,0.35967195305751026,0.05094793201840151,-0.30872402103910873,0.30872402103910873,-85.83488882430176
Band-Power Envelope Coherence Change,BetaL,Medium,C3,P7,0.10335828089422092,0.005571269779232512,-0.0977870111149884,0.0977870111149884,-94.60974995807615
Band-Power Envelope Coherence Change,BetaL,Medium,C3,PO9,0.04500291003162615,0.033350433191742815,-0.011652476839883338,0.011652476839883338,-25.8927185635206
Band-Power Envelope Coherence Change,BetaL,Medium,C3,O1,0.08704019182623969,0.005224974498906833,-0.08181521732733285,0.08181521732733285,-93.99705539558371
Band-Power Envelope Coherence Change,BetaL,Medium,C3,Pz,0.36625543079227907,0.0631144636509694,-0.30314096714130967,0.30314096714130967,-82.76763746152761
Band-Power Envelope Coherence Change,BetaL,Medium,C3,Oz,0.1560241850051582,0.004113960445522905,-0.1519102245596353,0.1519102245596353,-97.36325464838231
Band-Power Envelope Coherence Change,BetaL,Medium,C3,O2,0.1100480638756738,0.005947092364268113,-0.10410097151140568,0.10410097151140568,-94.59591368096507
Band-Power Envelope Coherence Change,BetaL,Medium,C3,PO10,0.11325299300821678,0.014111741628610636,-0.09914125137960615,0.09914125137960615,-87.53963029693459
Band-Power Envelope Coherence Change,BetaL,Medium,C3,P8,0.06677784435338147,0.004542011583832672,-0.06223583276954879,0.06223583276954879,-93.19832554073352
Band-Power Envelope Coherence Change,BetaL,Medium,C3,P4,0.356327200226424,0.031232138873086852,-0.32509506135333716,0.32509506135333716,-91.2349832251816
Band-Power Envelope Coherence Change,BetaL,Medium,C3,CP2,0.40097852648729543,0.0725321020065265,-0.32844642448076894,0.32844642448076894,-81.91122536113551
Band-Power Envelope Coherence Change,BetaL,Medium,C3,CP6,0.18071593018317872,0.0465287836967771,-0.13418714648640162,0.13418714648640162,-74.25308125873893
Band-Power Envelope Coherence Change,BetaL,Medium,C3,T8,0.25181234086040993,0.07093461590055332,-0.1808777249598566,0.1808777249598566,-71.83036555786782
Band-Power Envelope Coherence Change,BetaL,Medium,C3,FT10,0.1689785834665078,0.017024385710144974,-0.15195419775636282,0.15195419775636282,-89.9251222486906
Band-Power Envelope Coherence Change,BetaL,Medium,C3,FC6,0.4571514677933031,0.11933998616489971,-0.3378114816284034,0.3378114816284034,-73.89486973738467
Band-Power Envelope Coherence Change,BetaL,Medium,C3,C4,0.4289505454395085,0.11050875082559808,-0.3184417946139104,0.3184417946139104,-74.2374145456863
Band-Power Envelope Coherence Change,BetaL,Medium,C3,FC2,0.6093316731494128,0.21224436962995946,-0.39708730351945337,0.39708730351945337,-65.16767813283923
Band-Power Envelope Coherence Change,BetaL,Medium,C3,F4,0.4680982267887526,0.13519022944497983,-0.3329079973437728,0.3329079973437728,-71.11926050811775
Band-Power Envelope Coherence Change,BetaL,Medium,C3,F8,0.2804107857707475,0.024607023553639855,-0.25580376221710766,0.25580376221710766,-91.2246515461222
Band-Power Envelope Coherence Change,BetaL,Medium,C3,Fp2,0.3346248353114475,0.03374100532318947,-0.300883829988258,0.300883829988258,-89.91676595319487
Band-Power Envelope Coherence Change,BetaL,Medium,FC5,FT9,0.6172659951372867,0.09475154143986346,-0.5225144536974233,0.5225144536974233,-84.64980378211348
Band-Power Envelope Coherence Change,BetaL,Medium,FC5,T7,0.8647580788051986,0.2848745000825742,-0.5798835787226244,0.5798835787226244,-67.05731844955137
Band-Power Envelope Coherence Change,BetaL,Medium,FC5,CP5,0.37793402646731944,0.11517114112812696,-0.26276288533919245,0.26276288533919245,-69.52612544451961
Band-Power Envelope Coherence Change,BetaL,Medium,FC5,CP1,0.22627186820450104,0.03869893643201689,-0.18757293177248416,0.18757293177248416,-82.89715078630925
Band-Power Envelope Coherence Change,BetaL,Medium,FC5,P3,0.16096962465602327,0.04910084010155612,-0.11186878455446715,0.11186878455446715,-69.496828854214
Band-Power Envelope Coherence Change,BetaL,Medium,FC5,P7,0.11151547477367169,0.015354469645656345,-0.09616100512801534,0.09616100512801534,-86.23108615479664
Band-Power Envelope Coherence Change,BetaL,Medium,FC5,PO9,0.03368986736277848,0.051888905249154224,0.018199037886375745,0.018199037886375745,54.01932186436138
Band-Power Envelope Coherence Change,BetaL,Medium,FC5,O1,0.041444533201600825,0.07655736960611141,0.035112836404510586,0.035112836404510586,84.72248012472325
Band-Power Envelope Coherence Change,BetaL,Medium,FC5,Pz,0.22318166494117897,0.035062745554081565,-0.1881189193870974,0.1881189193870974,-84.28959405633856
Band-Power Envelope Coherence Change,BetaL,Medium,FC5,Oz,0.09873867825903475,0.039304735350762045,-0.059433942908272704,0.059433942908272704,-60.19317247933122
Band-Power Envelope Coherence Change,BetaL,Medium,FC5,O2,0.0817099262746936,0.035522242471108495,-0.04618768380358511,0.04618768380358511,-56.52640494168443
Band-Power Envelope Coherence Change,BetaL,Medium,FC5,PO10,0.125578442766499,0.007198498978339753,-0.11837994378815923,0.11837994378815923,-94.26772715144695
Band-Power Envelope Coherence Change,BetaL,Medium,FC5,P8,0.03135923928843845,0.0043533024871129445,-0.027005936801325507,0.027005936801325507,-86.11795889858233
Band-Power Envelope Coherence Change,BetaL,Medium,FC5,P4,0.2229831707265179,0.028206509033380334,-0.19477666169313756,0.19477666169313756,-87.35038660474751
Band-Power Envelope Coherence Change,BetaL,Medium,FC5,CP2,0.27037696265223565,0.027922781262009966,-0.24245418139022568,0.24245418139022568,-89.67264777734603
Band-Power Envelope Coherence Change,BetaL,Medium,FC5,CP6,0.15233965744944203,0.017957664368641383,-0.13438199308080065,0.13438199308080065,-88.21208825771379
Band-Power Envelope Coherence Change,BetaL,Medium,FC5,T8,0.2918898997221726,0.039646306399947984,-0.2522435933222246,0.2522435933222246,-86.4173764019638
Band-Power Envelope Coherence Change,BetaL,Medium,FC5,FT10,0.23336449478092364,0.026697830414725586,-0.20666666436619804,0.20666666436619804,-88.55960053401061
Band-Power Envelope Coherence Change,BetaL,Medium,FC5,FC6,0.568772188260229,0.10662032277281835,-0.46215186548741066,0.46215186548741066,-81.25430093567856
Band-Power Envelope Coherence Change,BetaL,Medium,FC5,C4,0.3969790028070722,0.05970970132804514,-0.33726930147902706,0.33726930147902706,-84.9589774507385
Band-Power Envelope Coherence Change,BetaL,Medium,FC5,FC2,0.7263019407847812,0.2571604447080244,-0.46914149607675676,0.46914149607675676,-64.5931767124072
Band-Power Envelope Coherence Change,BetaL,Medium,FC5,F4,0.6708874160356353,0.20700247362294721,-0.4638849424126881,0.4638849424126881,-69.14497594154427
Band-Power Envelope Coherence Change,BetaL,Medium,FC5,F8,0.46074649652516175,0.07697922098818767,-0.3837672755369741,0.3837672755369741,-83.29249998236638
Band-Power Envelope Coherence Change,BetaL,Medium,FC5,Fp2,0.6065971716615661,0.1341950942987622,-0.47240207736280393,0.47240207736280393,-77.87739531801962
Band-Power Envelope Coherence Change,BetaL,Medium,FT9,T7,0.658050854645473,0.06458773543443627,-0.5934631192110367,0.5934631192110367,-90.18499330583909
Band-Power Envelope Coherence Change,BetaL,Medium,FT9,CP5,0.14406514208364746,0.013373582265918971,-0.13069155981772848,0.13069155981772848,-90.71698950037896
Band-Power Envelope Coherence Change,BetaL,Medium,FT9,CP1,0.17079844858508442,0.06432227736979118,-0.10647617121529324,0.10647617121529324,-62.340244947981134
Band-Power Envelope Coherence Change,BetaL,Medium,FT9,P3,0.13008452594285153,0.10847426842045889,-0.021610257522392637,0.021610257522392637,-16.612473594197063
Band-Power Envelope Coherence Change,BetaL,Medium,FT9,P7,0.2240620573758175,0.22645116303016524,0.002389105654347745,0.002389105654347745,1.0662696229466988
Band-Power Envelope Coherence Change,BetaL,Medium,FT9,PO9,0.08531755394233892,0.011095397734159924,-0.074222156208179,0.074222156208179,-86.99517599665522
Band-Power Envelope Coherence Change,BetaL,Medium,FT9,O1,0.07529095328221228,0.08220082804286714,0.006909874760654869,0.006909874760654869,9.177563119375922
Band-Power Envelope Coherence Change,BetaL,Medium,FT9,Pz,0.22322850641316833,0.046476015852608535,-0.1767524905605598,0.1767524905605598,-79.18007130926766
Band-Power Envelope Coherence Change,BetaL,Medium,FT9,Oz,0.14117904897077044,0.03552644290658935,-0.10565260606418109,0.10565260606418109,-74.83589586019615
Band-Power Envelope Coherence Change,BetaL,Medium,FT9,O2,0.14848858004533666,0.018761233923807276,-0.1297273461215294,0.1297273461215294,-87.36520079990052
Band-Power Envelope Coherence Change,BetaL,Medium,FT9,PO10,0.14563385632570236,0.017348022615668507,-0.12828583371003385,0.12828583371003385,-88.08791921510985
Band-Power Envelope Coherence Change,BetaL,Medium,FT9,P8,0.034974693719319876,0.0039762868625749966,-0.03099840685674488,0.03099840685674488,-88.6309601608362
Band-Power Envelope Coherence Change,BetaL,Medium,FT9,P4,0.18923375772572684,0.015371525925622902,-0.17386223180010393,0.17386223180010393,-91.8769641789272
Band-Power Envelope Coherence Change,BetaL,Medium,FT9,CP2,0.251970446056733,0.01938843693146927,-0.23258200912526375,0.23258200912526375,-92.30527340214185
Band-Power Envelope Coherence Change,BetaL,Medium,FT9,CP6,0.06967268154264115,0.0092323155562406,-0.060440365986400554,0.060440365986400554,-86.74901646983369
Band-Power Envelope Coherence Change,BetaL,Medium,FT9,T8,0.18577317609924995,0.033128972975303615,-0.15264420312394633,0.15264420312394633,-82.16697713258434
Band-Power Envelope Coherence Change,BetaL,Medium,FT9,FT10,0.17748119827096703,0.07638489412401939,-0.10109630414694765,0.10109630414694765,-56.961697989327426
Band-Power Envelope Coherence Change,BetaL,Medium,FT9,FC6,0.3689297014637937,0.04692490470264088,-0.32200479676115284,0.32200479676115284,-87.28080051119278
Band-Power Envelope Coherence Change,BetaL,Medium,FT9,C4,0.15371783165920852,0.017588999005197,-0.13612883265401152,0.13612883265401152,-88.55760661249002
Band-Power Envelope Coherence Change,BetaL,Medium,FT9,FC2,0.40565991300436677,0.05060713242361155,-0.35505278058075523,0.35505278058075523,-87.52473912228376
Band-Power Envelope Coherence Change,BetaL,Medium,FT9,F4,0.44963295456056745,0.07954166169092652,-0.37009129286964093,0.37009129286964093,-82.30964592693975
Band-Power Envelope Coherence Change,BetaL,Medium,FT9,F8,0.3926034383416407,0.09815041560499171,-0.294453022736649,0.294453022736649,-75.00011308622776
Band-Power Envelope Coherence Change,BetaL,Medium,FT9,Fp2,0.5284739919430066,0.1535958772013384,-0.3748781147416682,0.3748781147416682,-70.9359628774498
Band-Power Envelope Coherence Change,BetaL,Medium,T7,CP5,0.4806739834949975,0.10294734136548295,-0.37772664212951457,0.37772664212951457,-78.58270992389703
Band-Power Envelope Coherence Change,BetaL,Medium,T7,CP1,0.28424740372508817,0.00788385732499186,-0.2763635464000963,0.2763635464000963,-97.22641008442885
Band-Power Envelope Coherence Change,BetaL,Medium,T7,P3,0.23264171408798828,0.006237003221632146,-0.22640471086635613,0.22640471086635613,-97.31905206850685
Band-Power Envelope Coherence Change,BetaL,Medium,T7,P7,0.19598790591098528,0.008387326344827733,-0.18760057956615755,0.18760057956615755,-95.7204877995701
Band-Power Envelope Coherence Change,BetaL,Medium,T7,PO9,0.04799883798040737,0.08902334508783921,0.04102450710743184,0.04102450710743184,85.46979225659094
Band-Power Envelope Coherence Change,BetaL,Medium,T7,O1,0.0687096916146624,0.024427385687991438,-0.044282305926670956,0.044282305926670956,-64.44841315110965
Band-Power Envelope Coherence Change,BetaL,Medium,T7,Pz,0.3064767253089029,0.009944176670137174,-0.2965325486387657,0.2965325486387657,-96.7553240266078
Band-Power Envelope Coherence Change,BetaL,Medium,T7,Oz,0.14044659800299047,0.015497448829099352,-0.12494914917389112,0.12494914917389112,-88.96559329349553
Band-Power Envelope Coherence Change,BetaL,Medium,T7,O2,0.12539445379244415,0.010563908311823455,-0.1148305454806207,0.1148305454806207,-91.57545809058742
Band-Power Envelope Coherence Change,BetaL,Medium,T7,PO10,0.16143502222903464,0.008984513624208698,-0.15245050860482595,0.15245050860482595,-94.43459448875846
Band-Power Envelope Coherence Change,BetaL,Medium,T7,P8,0.028157024508360044,0.005159436213190078,-0.022997588295169964,0.022997588295169964,-81.67620228601143
Band-Power Envelope Coherence Change,BetaL,Medium,T7,P4,0.2728750822541066,0.005612172973472918,-0.2672629092806337,0.2672629092806337,-97.94331789948971
Band-Power Envelope Coherence Change,BetaL,Medium,T7,CP2,0.3434551413304921,0.014076971461785173,-0.32937816986870694,0.32937816986870694,-95.90136534068084
Band-Power Envelope Coherence Change,BetaL,Medium,T7,CP6,0.10919657499989507,0.043131094408600676,-0.0660654805912944,0.0660654805912944,-60.50142194602522
Band-Power Envelope Coherence Change,BetaL,Medium,T7,T8,0.2282143750965269,0.01866434118605212,-0.20955003391047478,0.20955003391047478,-91.82157514041009
Band-Power Envelope Coherence Change,BetaL,Medium,T7,FT10,0.1515664068926028,0.013961898229668673,-0.13760450866293414,0.13760450866293414,-90.78826336527077
Band-Power Envelope Coherence Change,BetaL,Medium,T7,FC6,0.4644956387255278,0.0292048432641313,-0.4352907954613965,0.4352907954613965,-93.71256889639204
Band-Power Envelope Coherence Change,BetaL,Medium,T7,C4,0.2911061742903458,0.029793371640236415,-0.26131280265010937,0.26131280265010937,-89.76546213323498
Band-Power Envelope Coherence Change,BetaL,Medium,T7,FC2,0.6018227761907409,0.05201945576535332,-0.5498033204253876,0.5498033204253876,-91.35634977216843
Band-Power Envelope Coherence Change,BetaL,Medium,T7,F4,0.5496431479113693,0.039001897367170746,-0.5106412505441985,0.5106412505441985,-92.90414198459911
Band-Power Envelope Coherence Change,BetaL,Medium,T7,F8,0.37513563001658795,0.01751035455240737,-0.3576252754641806,0.3576252754641806,-95.33226034764199
Band-Power Envelope Coherence Change,BetaL,Medium,T7,Fp2,0.4826065171594369,0.035376649192598926,-0.447229867966838,0.447229867966838,-92.66967023138818
Band-Power Envelope Coherence Change,BetaL,Medium,CP5,CP1,0.38651751229422476,0.1975398308529588,-0.18897768144126598,0.18897768144126598,-48.892398256307835
Band-Power Envelope Coherence Change,BetaL,Medium,CP5,P3,0.49269653008831016,0.14949031151518696,-0.34320621857312317,0.34320621857312317,-69.65874480821033
Band-Power Envelope Coherence Change,BetaL,Medium,CP5,P7,0.16317837691572387,0.12656510176732766,-0.03661327514839621,0.03661327514839621,-22.437577723490737
Band-Power Envelope Coherence Change,BetaL,Medium,CP5,PO9,0.0322381323969365,0.018957006218337326,-0.013281126178599174,0.013281126178599174,-41.19694656958863
Band-Power Envelope Coherence Change,BetaL,Medium,CP5,O1,0.12581813330668817,0.014400797818716771,-0.1114173354879714,0.1114173354879714,-88.55427477721827
Band-Power Envelope Coherence Change,BetaL,Medium,CP5,Pz,0.3582640774852712,0.10866194854889516,-0.24960212893637607,0.24960212893637607,-69.66987332036871
Band-Power Envelope Coherence Change,BetaL,Medium,CP5,Oz,0.15310496386197428,0.010432873866739972,-0.1426720899952343,0.1426720899952343,-93.1858029918969
Band-Power Envelope Coherence Change,BetaL,Medium,CP5,O2,0.0961549392121476,0.008084572702083962,-0.08807036651006364,0.08807036651006364,-91.59213996875721
Band-Power Envelope Coherence Change,BetaL,Medium,CP5,PO10,0.044073582203462656,0.022440821286448993,-0.021632760917013664,0.021632760917013664,-49.08328262755569
Band-Power Envelope Coherence Change,BetaL,Medium,CP5,P8,0.029612559282473135,0.00796502891451182,-0.021647530367961316,0.021647530367961316,-73.1025311303434
Band-Power Envelope Coherence Change,BetaL,Medium,CP5,P4,0.2753490637596555,0.035641124309378776,-0.23970793945027674,0.23970793945027674,-87.05602124709277
Band-Power Envelope Coherence Change,BetaL,Medium,CP5,CP2,0.34561428975504216,0.0904932823390873,-0.2551210074159549,0.2551210074159549,-73.81668379417259
Band-Power Envelope Coherence Change,BetaL,Medium,CP5,CP6,0.07032862954415804,0.010347631781826457,-0.05998099776233158,0.05998099776233158,-85.28674332359999
Band-Power Envelope Coherence Change,BetaL,Medium,CP5,T8,0.06242770667734671,0.008447624394713162,-0.053980082282633554,0.053980082282633554,-86.46814876866434
Band-Power Envelope Coherence Change,BetaL,Medium,CP5,FT10,0.03589299962873275,0.022732731437244663,-0.013160268191488085,0.013160268191488085,-36.665278264882446
Band-Power Envelope Coherence Change,BetaL,Medium,CP5,FC6,0.13086008437617375,0.034477717957008824,-0.09638236641916492,0.09638236641916492,-73.65299119179971
Band-Power Envelope Coherence Change,BetaL,Medium,CP5,C4,0.14491927850282862,0.04377617079245,-0.10114310771037863,0.10114310771037863,-69.79272099288326
Band-Power Envelope Coherence Change,BetaL,Medium,CP5,FC2,0.2148117897510213,0.1054305933883497,-0.1093811963626716,0.1093811963626716,-50.91954984847453
Band-Power Envelope Coherence Change,BetaL,Medium,CP5,F4,0.12723374481209276,0.07282282752680022,-0.05441091728529254,0.05441091728529254,-42.76453339139722
Band-Power Envelope Coherence Change,BetaL,Medium,CP5,F8,0.06496800788913787,0.030259082781712326,-0.03470892510742554,0.03470892510742554,-53.424641196715214
Band-Power Envelope Coherence Change,BetaL,Medium,CP5,Fp2,0.08237148346217447,0.06968189318206341,-0.01268959028011106,0.01268959028011106,-15.405319592111272
Band-Power Envelope Coherence Change,BetaL,Medium,CP1,P3,0.8550661275929676,0.6432810699714341,-0.21178505762153355,0.21178505762153355,-24.768266545385643
Band-Power Envelope Coherence Change,BetaL,Medium,CP1,P7,0.230034171592442,0.19311969849403143,-0.03691447309841056,0.03691447309841056,-16.04738671774947
Band-Power Envelope Coherence Change,BetaL,Medium,CP1,PO9,0.18851631561878984,0.0148145129131733,-0.17370180270561655,0.17370180270561655,-92.14152214648063
Band-Power Envelope Coherence Change,BetaL,Medium,CP1,O1,0.5319407544735575,0.2626573341634393,-0.2692834203101182,0.2692834203101182,-50.622821817181176
Band-Power Envelope Coherence Change,BetaL,Medium,CP1,Pz,0.899022175833559,0.8504012054293182,-0.04862097040424085,0.04862097040424085,-5.408205905394965
Band-Power Envelope Coherence Change,BetaL,Medium,CP1,Oz,0.7345941820675379,0.26598992454849346,-0.46860425751904444,0.46860425751904444,-63.79090237280989
Band-Power Envelope Coherence Change,BetaL,Medium,CP1,O2,0.5974531185721366,0.18884397716029988,-0.4086091414118367,0.4086091414118367,-68.39183338575229
Band-Power Envelope Coherence Change,BetaL,Medium,CP1,PO10,0.23382154397922944,0.016676786238346383,-0.21714475774088304,0.21714475774088304,-92.86772897204553
Band-Power Envelope Coherence Change,BetaL,Medium,CP1,P8,0.13992123048671323,0.05491989549151817,-0.08500133499519506,0.08500133499519506,-60.74941929792899
Band-Power Envelope Coherence Change,BetaL,Medium,CP1,P4,0.8674967430047003,0.5694164629403222,-0.29808028006437803,0.29808028006437803,-34.360968207434865
Band-Power Envelope Coherence Change,BetaL,Medium,CP1,CP2,0.8891330903257116,0.6966575487242408,-0.19247554160147085,0.19247554160147085,-21.647551271650713
Band-Power Envelope Coherence Change,BetaL,Medium,CP1,CP6,0.18964388303249355,0.11698498955911957,-0.07265889347337398,0.07265889347337398,-38.313333555253465
Band-Power Envelope Coherence Change,BetaL,Medium,CP1,T8,0.13564793349350834,0.0329626507921341,-0.10268528270137425,0.10268528270137425,-75.6998503823786
Band-Power Envelope Coherence Change,BetaL,Medium,CP1,FT10,0.05996877306647035,0.07840345015139187,0.018434677084921518,0.018434677084921518,30.740460646890718
Band-Power Envelope Coherence Change,BetaL,Medium,CP1,FC6,0.17664478287839702,0.05385474609738552,-0.1227900367810115,0.1227900367810115,-69.51240494067727
Band-Power Envelope Coherence Change,BetaL,Medium,CP1,C4,0.22654556280489427,0.10016383217470558,-0.1263817306301887,0.1263817306301887,-55.78645154883535
Band-Power Envelope Coherence Change,BetaL,Medium,CP1,FC2,0.21929229345045886,0.09350749816205049,-0.12578479528840836,0.12578479528840836,-57.3594234932952
Band-Power Envelope Coherence Change,BetaL,Medium,CP1,F4,0.14023588718287175,0.08637959164808465,-0.0538562955347871,0.0538562955347871,-38.40407517410782
Band-Power Envelope Coherence Change,BetaL,Medium,CP1,F8,0.11439225013433185,0.062220509289146575,-0.05217174084518528,0.05217174084518528,-45.60775820382895
Band-Power Envelope Coherence Change,BetaL,Medium,CP1,Fp2,0.13516520745353927,0.18177800546592499,0.046612798012385714,0.046612798012385714,34.485796227115664
Band-Power Envelope Coherence Change,BetaL,Medium,P3,P7,0.2972222685146324,0.2583587727111006,-0.03886349580353182,0.03886349580353182,-13.075566645040446
Band-Power Envelope Coherence Change,BetaL,Medium,P3,PO9,0.19657533149311504,0.005963592758085208,-0.19061173873502985,0.19061173873502985,-96.96625577950809
Band-Power Envelope Coherence Change,BetaL,Medium,P3,O1,0.5913042533588939,0.3631438882356407,-0.22816036512325322,0.22816036512325322,-38.58595026624484
Band-Power Envelope Coherence Change,BetaL,Medium,P3,Pz,0.8713999101075032,0.6303408501721027,-0.24105905993540044,0.24105905993540044,-27.663424925722264
Band-Power Envelope Coherence Change,BetaL,Medium,P3,Oz,0.6998517288793651,0.3147264617089466,-0.3851252671704185,0.3851252671704185,-55.02955144328912
Band-Power Envelope Coherence Change,BetaL,Medium,P3,O2,0.5379014182796458,0.18867611762876166,-0.3492253006508841,0.3492253006508841,-64.92366236322653
Band-Power Envelope Coherence Change,BetaL,Medium,P3,PO10,0.14238356324913037,0.007061554019926511,-0.13532200922920387,0.13532200922920387,-95.04047106366427
Band-Power Envelope Coherence Change,BetaL,Medium,P3,P8,0.07937891251955131,0.016142726661481963,-0.06323618585806935,0.06323618585806935,-79.66370897622721
Band-Power Envelope Coherence Change,BetaL,Medium,P3,P4,0.7301689095033758,0.27683653868862673,-0.45333237081474903,0.45333237081474903,-62.085959141027104
Band-Power Envelope Coherence Change,BetaL,Medium,P3,CP2,0.8109658363561887,0.31283998232715005,-0.49812585402903864,0.49812585402903864,-61.42377788282737
Band-Power Envelope Coherence Change,BetaL,Medium,P3,CP6,0.12338365660182579,0.02569432038249277,-0.09768933621933303,0.09768933621933303,-79.17526430148565
Band-Power Envelope Coherence Change,BetaL,Medium,P3,T8,0.057785544893461785,0.011137528583234451,-0.04664801631022733,0.04664801631022733,-80.72609922815728
Band-Power Envelope Coherence Change,BetaL,Medium,P3,FT10,0.04107618858814507,0.060811396628639214,0.019735208040494147,0.019735208040494147,48.04537304658761
Band-Power Envelope Coherence Change,BetaL,Medium,P3,FC6,0.08260542729612484,0.012923750061656051,-0.06968167723446879,0.06968167723446879,-84.35484146177605
Band-Power Envelope Coherence Change,BetaL,Medium,P3,C4,0.11942371627442135,0.020644472958407045,-0.0987792433160143,0.0987792433160143,-82.71325528761095
Band-Power Envelope Coherence Change,BetaL,Medium,P3,FC2,0.12265171772945019,0.018057566445694402,-0.10459415128375579,0.10459415128375579,-85.2773635950811
Band-Power Envelope Coherence Change,BetaL,Medium,P3,F4,0.06725683475156599,0.021181320484825177,-0.046075514266740815,0.046075514266740815,-68.5068133773096
Band-Power Envelope Coherence Change,BetaL,Medium,P3,F8,0.048445556463435714,0.026544061564811507,-0.021901494898624207,0.021901494898624207,-45.20847007950948
Band-Power Envelope Coherence Change,BetaL,Medium,P3,Fp2,0.05933757923187617,0.05214013175537979,-0.00719744747649638,0.00719744747649638,-12.129661455130456
Band-Power Envelope Coherence Change,BetaL,Medium,P7,PO9,0.3025933604035516,0.03697600603205657,-0.26561735437149503,0.26561735437149503,-87.78029829116416
Band-Power Envelope Coherence Change,BetaL,Medium,P7,O1,0.2915614935004545,0.1934075414971572,-0.09815395200329732,0.09815395200329732,-33.66492290352612
Band-Power Envelope Coherence Change,BetaL,Medium,P7,Pz,0.34558576574086475,0.1317780390862962,-0.21380772665456854,0.21380772665456854,-61.868209819408726
Band-Power Envelope Coherence Change,BetaL,Medium,P7,Oz,0.2683438428732067,0.08016402428899733,-0.18817981858420935,0.18817981858420935,-70.12637836938369
Band-Power Envelope Coherence Change,BetaL,Medium,P7,O2,0.2160404293888483,0.03825041787426201,-0.1777900115145863,0.1777900115145863,-82.29478714587464
Band-Power Envelope Coherence Change,BetaL,Medium,P7,PO10,0.11270718219711454,0.005854979121840114,-0.10685220307527442,0.10685220307527442,-94.80514106758494
Band-Power Envelope Coherence Change,BetaL,Medium,P7,P8,0.042635815118110765,0.01103160317250054,-0.03160421194561022,0.03160421194561022,-74.12597098955297
Band-Power Envelope Coherence Change,BetaL,Medium,P7,P4,0.20440544864599233,0.07170623692433993,-0.1326992117216524,0.1326992117216524,-64.91960591103066
Band-Power Envelope Coherence Change,BetaL,Medium,P7,CP2,0.3034101142911741,0.08438333953256465,-0.21902677475860943,0.21902677475860943,-72.18835643310679
Band-Power Envelope Coherence Change,BetaL,Medium,P7,CP6,0.07044458753872904,0.005372353710516675,-0.06507223382821237,0.06507223382821237,-92.37364587085834
Band-Power Envelope Coherence Change,BetaL,Medium,P7,T8,0.009792692147608337,0.013066197209793403,0.0032735050621850656,0.0032735050621850656,33.428040143021875
Band-Power Envelope Coherence Change,BetaL,Medium,P7,FT10,0.02657094658968097,0.034196639769194306,0.007625693179513338,0.007625693179513338,28.69936587985478
Band-Power Envelope Coherence Change,BetaL,Medium,P7,FC6,0.0233653261264975,0.016799293190797246,-0.006566032935700253,0.006566032935700253,-28.101610481071045
Band-Power Envelope Coherence Change,BetaL,Medium,P7,C4,0.017192015635228,0.009148321386571028,-0.008043694248656972,0.008043694248656972,-46.78738327910028
Band-Power Envelope Coherence Change,BetaL,Medium,P7,FC2,0.0374341038681841,0.024293140926452482,-0.013140962941731615,0.013140962941731615,-35.10425409942924
Band-Power Envelope Coherence Change,BetaL,Medium,P7,F4,0.04228583290229437,0.031122697682865463,-0.011163135219428903,0.011163135219428903,-26.399232209100482
Band-Power Envelope Coherence Change,BetaL,Medium,P7,F8,0.033320186754099174,0.03906203695930832,0.005741850205209148,0.005741850205209148,17.232347008087416
Band-Power Envelope Coherence Change,BetaL,Medium,P7,Fp2,0.04038880068278414,0.12991264867256916,0.08952384798978502,0.08952384798978502,221.65512834339955
Band-Power Envelope Coherence Change,BetaL,Medium,PO9,O1,0.4124431630675833,0.20262222380994255,-0.20982093925764073,0.20982093925764073,-50.872691814571134
Band-Power Envelope Coherence Change,BetaL,Medium,PO9,Pz,0.26790771629335064,0.021930057185532585,-0.24597765910781805,0.24597765910781805,-91.81432416768473
Band-Power Envelope Coherence Change,BetaL,Medium,PO9,Oz,0.4145053882449954,0.13425372265486954,-0.2802516655901258,0.2802516655901258,-67.61110314553541
Band-Power Envelope Coherence Change,BetaL,Medium,PO9,O2,0.3497719158141873,0.09013945367162016,-0.2596324621425672,0.2596324621425672,-74.22907626480058
Band-Power Envelope Coherence Change,BetaL,Medium,PO9,PO10,0.14469352347849035,0.042941586875165375,-0.10175193660332497,0.10175193660332497,-70.322384967321
Band-Power Envelope Coherence Change,BetaL,Medium,PO9,P8,0.058069955273373705,0.012440589590931271,-0.045629365682442434,0.045629365682442434,-78.57654697275866
Band-Power Envelope Coherence Change,BetaL,Medium,PO9,P4,0.17864042901394622,0.02959948935298331,-0.1490409396609629,0.1490409396609629,-83.43068838539762
Band-Power Envelope Coherence Change,BetaL,Medium,PO9,CP2,0.2415482244959526,0.02153909479327431,-0.22000912970267827,0.22000912970267827,-91.08290080035954
Band-Power Envelope Coherence Change,BetaL,Medium,PO9,CP6,0.07384638320272505,0.008112644004690962,-0.06573373919803409,0.06573373919803409,-89.01416203090147
Band-Power Envelope Coherence Change,BetaL,Medium,PO9,T8,0.04489912249659041,0.007323299754312642,-0.03757582274227776,0.03757582274227776,-83.68943679273738
Band-Power Envelope Coherence Change,BetaL,Medium,PO9,FT10,0.09226134390496835,0.003451252834029985,-0.08881009107093836,0.08881009107093836,-96.25926451105583
Band-Power Envelope Coherence Change,BetaL,Medium,PO9,FC6,0.05363979771968763,0.007435529980412952,-0.046204267739274676,0.046204267739274676,-86.1380350103672
Band-Power Envelope Coherence Change,BetaL,Medium,PO9,C4,0.07105548715221094,0.0022968385113992275,-0.06875864864081171,0.06875864864081171,-96.76754237645423
Band-Power Envelope Coherence Change,BetaL,Medium,PO9,FC2,0.0409721861198544,0.014077579820305414,-0.026894606299548984,0.026894606299548984,-65.64113084148158
Band-Power Envelope Coherence Change,BetaL,Medium,PO9,F4,0.028966448597664677,0.013856472544556228,-0.015109976053108449,0.015109976053108449,-52.163716246273424
Band-Power Envelope Coherence Change,BetaL,Medium,PO9,F8,0.019255513704945826,0.01039639392588918,-0.008859119779056646,0.008859119779056646,-46.00822348759856
Band-Power Envelope Coherence Change,BetaL,Medium,PO9,Fp2,0.023236059874352746,0.013085565380252082,-0.010150494494100664,0.010150494494100664,-43.68423282169483
Band-Power Envelope Coherence Change,BetaL,Medium,O1,Pz,0.5990944960360515,0.31703090532028355,-0.2820635907157679,0.2820635907157679,-47.08165282473139
Band-Power Envelope Coherence Change,BetaL,Medium,O1,Oz,0.7562053663027264,0.7947703306619898,0.038564964359263376,0.038564964359263376,5.099800408428329
Band-Power Envelope Coherence Change,BetaL,Medium,O1,O2,0.5608708484223776,0.5656290346708842,0.004758186248506657,0.004758186248506657,0.8483568475506483
Band-Power Envelope Coherence Change,BetaL,Medium,O1,PO10,0.10939780160978636,0.03522196524206282,-0.07417583636772354,0.07417583636772354,-67.80377235760469
Band-Power Envelope Coherence Change,BetaL,Medium,O1,P8,0.06559205316036246,0.03508466899558143,-0.030507384164781028,0.030507384164781028,-46.510793144704856
Band-Power Envelope Coherence Change,BetaL,Medium,O1,P4,0.4475181537742625,0.19634090991130443,-0.2511772438629581,0.2511772438629581,-56.126716144270006
Band-Power Envelope Coherence Change,BetaL,Medium,O1,CP2,0.5280441959509143,0.11705932911470246,-0.4109848668362119,0.4109848668362119,-77.83152811595642
Band-Power Envelope Coherence Change,BetaL,Medium,O1,CP6,0.07152883204554138,0.0053404421537636085,-0.06618838989177776,0.06618838989177776,-92.53386082081778
Band-Power Envelope Coherence Change,BetaL,Medium,O1,T8,0.026708383507492755,0.013456367770558385,-0.01325201573693437,0.01325201573693437,-49.61743840924202
Band-Power Envelope Coherence Change,BetaL,Medium,O1,FT10,0.055248191126583954,0.01104160745637678,-0.044206583670207175,0.044206583670207175,-80.0145358042974
Band-Power Envelope Coherence Change,BetaL,Medium,O1,FC6,0.026902133087850746,0.023169438080856773,-0.0037326950069939725,0.0037326950069939725,-13.875089364864127
Band-Power Envelope Coherence Change,BetaL,Medium,O1,C4,0.04460381869274715,0.022725358482122204,-0.021878460210624943,0.021878460210624943,-49.05064376064849
Band-Power Envelope Coherence Change,BetaL,Medium,O1,FC2,0.034517244205144765,0.012180786369365993,-0.02233645783577877,0.02233645783577877,-64.7110114093336
Band-Power Envelope Coherence Change,BetaL,Medium,O1,F4,0.02202185225240137,0.013596174297517624,-0.008425677954883744,0.008425677954883744,-38.2605325760687
Band-Power Envelope Coherence Change,BetaL,Medium,O1,F8,0.016389770804993688,0.014393475271382298,-0.00199629553361139,0.00199629553361139,-12.180130871648016
Band-Power Envelope Coherence Change,BetaL,Medium,O1,Fp2,0.01809125048784998,0.03260029402197727,0.01450904353412729,0.01450904353412729,80.19922969875141
Band-Power Envelope Coherence Change,BetaL,Medium,Pz,Oz,0.8016027147079122,0.3623730581823199,-0.4392296565255923,0.4392296565255923,-54.79393326226929
Band-Power Envelope Coherence Change,BetaL,Medium,Pz,O2,0.7079345655765914,0.2830416571982509,-0.4248929083783405,0.4248929083783405,-60.0186696679061
Band-Power Envelope Coherence Change,BetaL,Medium,Pz,PO10,0.2904621988199343,0.0292369790596783,-0.261225219760256,0.261225219760256,-89.9343256442801
Band-Power Envelope Coherence Change,BetaL,Medium,Pz,P8,0.12648522192909575,0.09870656443660922,-0.027778657492486536,0.027778657492486536,-21.961978695075153
Band-Power Envelope Coherence Change,BetaL,Medium,Pz,P4,0.8924957209982373,0.7031183832198915,-0.18937733777834576,0.18937733777834576,-21.218851062560983
Band-Power Envelope Coherence Change,BetaL,Medium,Pz,CP2,0.9518333754924042,0.7640100824778279,-0.18782329301457634,0.18782329301457634,-19.732791247986153
Band-Power Envelope Coherence Change,BetaL,Medium,Pz,CP6,0.17651899697019552,0.17318679853413654,-0.003332198436058975,0.003332198436058975,-1.8877279461437244
Band-Power Envelope Coherence Change,BetaL,Medium,Pz,T8,0.10081073271933486,0.04746194558361172,-0.053348787135723136,0.053348787135723136,-52.91974941224803
Band-Power Envelope Coherence Change,BetaL,Medium,Pz,FT10,0.05044835331169485,0.10564860814519246,0.05520025483349761,0.05520025483349761,109.41933920507407
Band-Power Envelope Coherence Change,BetaL,Medium,Pz,FC6,0.1358033192914746,0.05352167047939524,-0.08228164881207936,0.08228164881207936,-60.58883482477943
Band-Power Envelope Coherence Change,BetaL,Medium,Pz,C4,0.17353951957556038,0.11556170957879958,-0.057977809996760804,0.057977809996760804,-33.4089953334905
Band-Power Envelope Coherence Change,BetaL,Medium,Pz,FC2,0.18361985827670907,0.07147766562606139,-0.11214219265064768,0.11214219265064768,-61.07301993537818
Band-Power Envelope Coherence Change,BetaL,Medium,Pz,F4,0.11877378726879276,0.06907112462173191,-0.049702662647060844,0.049702662647060844,-41.8464913765699
Band-Power Envelope Coherence Change,BetaL,Medium,Pz,F8,0.09298705294644138,0.07068390703123129,-0.0223031459152101,0.0223031459152101,-23.98521644519291
Band-Power Envelope Coherence Change,BetaL,Medium,Pz,Fp2,0.11449100515796506,0.12436184042581733,0.009870835267852263,0.009870835267852263,8.621494111466061
Band-Power Envelope Coherence Change,BetaL,Medium,Oz,O2,0.8360972569071332,0.8393949082244201,0.003297651317286876,0.003297651317286876,0.39441001510822465
Band-Power Envelope Coherence Change,BetaL,Medium,Oz,PO10,0.2688370359949474,0.1476766427093545,-0.12116039328559292,0.12116039328559292,-45.06834143487211
Band-Power Envelope Coherence Change,BetaL,Medium,Oz,P8,0.13242059091594288,0.12469668981774645,-0.0077239010981964284,0.0077239010981964284,-5.832855030151133
Band-Power Envelope Coherence Change,BetaL,Medium,Oz,P4,0.7067511315243313,0.3052696635548501,-0.40148146796948125,0.40148146796948125,-56.80662542464702
Band-Power Envelope Coherence Change,BetaL,Medium,Oz,CP2,0.7478893081577909,0.16325699567331625,-0.5846323124844746,0.5846323124844746,-78.17096809747785
Band-Power Envelope Coherence Change,BetaL,Medium,Oz,CP6,0.11160815710628841,0.026868915400596702,-0.0847392417056917,0.0847392417056917,-75.92567058068303
Band-Power Envelope Coherence Change,BetaL,Medium,Oz,T8,0.0534414176691928,0.004525209391542831,-0.048916208277649975,0.048916208277649975,-91.53239268547425
Band-Power Envelope Coherence Change,BetaL,Medium,Oz,FT10,0.03883485992540132,0.022647174542838877,-0.01618768538256244,0.01618768538256244,-41.68338810454756
Band-Power Envelope Coherence Change,BetaL,Medium,Oz,FC6,0.05102630331661892,0.006820850305583067,-0.04420545301103585,0.04420545301103585,-86.63267792836257
Band-Power Envelope Coherence Change,BetaL,Medium,Oz,C4,0.0752103752417019,0.009757695094805128,-0.06545268014689677,0.06545268014689677,-87.02613161622044
Band-Power Envelope Coherence Change,BetaL,Medium,Oz,FC2,0.0691319914436455,0.006389428561394998,-0.0627425628822505,0.0627425628822505,-90.75763849996497
Band-Power Envelope Coherence Change,BetaL,Medium,Oz,F4,0.042274195914226945,0.005282036901605528,-0.036992159012621414,0.036992159012621414,-87.5052930342599
Band-Power Envelope Coherence Change,BetaL,Medium,Oz,F8,0.03995267263414454,0.03106177529789971,-0.008890897336244825,0.008890897336244825,-22.25357341587818
Band-Power Envelope Coherence Change,BetaL,Medium,Oz,Fp2,0.05463062969450447,0.016940677444699355,-0.03768995224980511,0.03768995224980511,-68.99051404050815
Band-Power Envelope Coherence Change,BetaL,Medium,O2,PO10,0.4657364573593311,0.25149401103154456,-0.21424244632778655,0.21424244632778655,-46.000789275229835
Band-Power Envelope Coherence Change,BetaL,Medium,O2,P8,0.23802782333921768,0.26667837657839455,0.028650553239176868,0.028650553239176868,12.036640438603875
Band-Power Envelope Coherence Change,BetaL,Medium,O2,P4,0.696104914967666,0.3451061946561966,-0.35099872031146945,0.35099872031146945,-50.42324982402592
Band-Power Envelope Coherence Change,BetaL,Medium,O2,CP2,0.6855124700243977,0.1570418686841925,-0.5284706013402052,0.5284706013402052,-77.09131845864111
Band-Power Envelope Coherence Change,BetaL,Medium,O2,CP6,0.13865001045604733,0.046632246825773736,-0.09201776363027359,0.09201776363027359,-66.36693594728838
Band-Power Envelope Coherence Change,BetaL,Medium,O2,T8,0.048726430288893514,0.007115532091099087,-0.04161089819779443,0.04161089819779443,-85.39697644807572
Band-Power Envelope Coherence Change,BetaL,Medium,O2,FT10,0.0509701766848225,0.006390007359230571,-0.04458016932559193,0.04458016932559193,-87.46324267474368
Band-Power Envelope Coherence Change,BetaL,Medium,O2,FC6,0.041164077499394,0.009337772890183388,-0.03182630460921061,0.03182630460921061,-77.31572415215463
Band-Power Envelope Coherence Change,BetaL,Medium,O2,C4,0.0671660098749889,0.012349761566227444,-0.05481624830876146,0.05481624830876146,-81.61307841687614
Band-Power Envelope Coherence Change,BetaL,Medium,O2,FC2,0.054807065478893094,0.009573837390003937,-0.04523322808888916,0.04523322808888916,-82.53174603246923
Band-Power Envelope Coherence Change,BetaL,Medium,O2,F4,0.03389072420248504,0.005542524110081203,-0.02834820009240384,0.02834820009240384,-83.64589650853553
Band-Power Envelope Coherence Change,BetaL,Medium,O2,F8,0.03044118818722373,0.01057992430504588,-0.01986126388217785,0.01986126388217785,-65.24470648131168
Band-Power Envelope Coherence Change,BetaL,Medium,O2,Fp2,0.044974624953999155,0.0053999608857851975,-0.03957466406821396,0.03957466406821396,-87.9933164727702
Band-Power Envelope Coherence Change,BetaL,Medium,PO10,P8,0.5044372366894037,0.5362836424412766,0.03184640575187292,0.03184640575187292,6.313254342775979
Band-Power Envelope Coherence Change,BetaL,Medium,PO10,P4,0.3599201839368278,0.10747898464518815,-0.25244119929163966,0.25244119929163966,-70.13810576845766
Band-Power Envelope Coherence Change,BetaL,Medium,PO10,CP2,0.3209390885041868,0.03692236746807077,-0.284016721036116,0.284016721036116,-88.49552180129997
Band-Power Envelope Coherence Change,BetaL,Medium,PO10,CP6,0.16628517261470452,0.138277765407874,-0.02800740720683051,0.02800740720683051,-16.842997343921827
Band-Power Envelope Coherence Change,BetaL,Medium,PO10,T8,0.11906819000011136,0.050888692679918524,-0.06817949732019284,0.06817949732019284,-57.26088329731818
Band-Power Envelope Coherence Change,BetaL,Medium,PO10,FT10,0.0672043662256882,0.04463795829834002,-0.022566407927348188,0.022566407927348188,-33.57878244333833
Band-Power Envelope Coherence Change,BetaL,Medium,PO10,FC6,0.10055894478551286,0.030762880988126788,-0.06979606379738607,0.06979606379738607,-69.40811078145016
Band-Power Envelope Coherence Change,BetaL,Medium,PO10,C4,0.08996351110596484,0.03218821578155955,-0.05777529532440529,0.05777529532440529,-64.22080976403178
Band-Power Envelope Coherence Change,BetaL,Medium,PO10,FC2,0.11341797548771432,0.016286560612056078,-0.09713141487565824,0.09713141487565824,-85.64022982951211
Band-Power Envelope Coherence Change,BetaL,Medium,PO10,F4,0.1069860426510168,0.023028108286140103,-0.0839579343648767,0.0839579343648767,-78.47559577350043
Band-Power Envelope Coherence Change,BetaL,Medium,PO10,F8,0.08183014757532188,0.06474166303416498,-0.017088484541156898,0.017088484541156898,-20.882871469133704
Band-Power Envelope Coherence Change,BetaL,Medium,PO10,Fp2,0.09837083081198517,0.013521699162791658,-0.08484913164919351,0.08484913164919351,-86.25436112394385
Band-Power Envelope Coherence Change,BetaL,Medium,P8,P4,0.2303187233940307,0.3230475396690107,0.09272881627497997,0.09272881627497997,40.2610846866926
Band-Power Envelope Coherence Change,BetaL,Medium,P8,CP2,0.15215604608075603,0.15593533187628558,0.0037792857955295522,0.0037792857955295522,2.483822294858869
Band-Power Envelope Coherence Change,BetaL,Medium,P8,CP6,0.3732659397621941,0.38086160433369964,0.007595664571505567,0.007595664571505567,2.034920350982125
Band-Power Envelope Coherence Change,BetaL,Medium,P8,T8,0.12069885338881649,0.14713795067039634,0.02643909728157985,0.02643909728157985,21.905011140751732
Band-Power Envelope Coherence Change,BetaL,Medium,P8,FT10,0.07778403588820385,0.021443500261809002,-0.05634053562639484,0.05634053562639484,-72.43200353780952
Band-Power Envelope Coherence Change,BetaL,Medium,P8,FC6,0.05827377361405169,0.059650423749327455,0.001376650135275763,0.001376650135275763,2.362383710369167
Band-Power Envelope Coherence Change,BetaL,Medium,P8,C4,0.14016462159878681,0.09470833876579461,-0.045456282832992204,0.045456282832992204,-32.43063928293418
Band-Power Envelope Coherence Change,BetaL,Medium,P8,FC2,0.059842372971111606,0.01521303905873694,-0.04462933391237467,0.04462933391237467,-74.57814872067172
Band-Power Envelope Coherence Change,BetaL,Medium,P8,F4,0.036886051499852544,0.014381974739474761,-0.022504076760377783,0.022504076760377783,-61.009720057642234
Band-Power Envelope Coherence Change,BetaL,Medium,P8,F8,0.035258705485665565,0.046239825069836656,0.010981119584171091,0.010981119584171091,31.14442074067486
Band-Power Envelope Coherence Change,BetaL,Medium,P8,Fp2,0.03131097971099534,0.00662724019868946,-0.02468373951230588,0.02468373951230588,-78.8341333939091
Band-Power Envelope Coherence Change,BetaL,Medium,P4,CP2,0.9253788257382629,0.793934861863995,-0.13144396387426793,0.13144396387426793,-14.204340991852991
Band-Power Envelope Coherence Change,BetaL,Medium,P4,CP6,0.27181642275646845,0.384027926049902,0.11221150329343355,0.11221150329343355,41.28209110969298
Band-Power Envelope Coherence Change,BetaL,Medium,P4,T8,0.15358160496362913,0.08933163633467216,-0.06424996862895697,0.06424996862895697,-41.834416722088896
Band-Power Envelope Coherence Change,BetaL,Medium,P4,FT10,0.06647416480329493,0.09087286476168757,0.02439869995839264,0.02439869995839264,36.70403386126224
Band-Power Envelope Coherence Change,BetaL,Medium,P4,FC6,0.18460348566897886,0.0802714743025759,-0.10433201136640295,0.10433201136640295,-56.51681548065976
Band-Power Envelope Coherence Change,BetaL,Medium,P4,C4,0.2595685868198625,0.18829337538572716,-0.07127521143413534,0.07127521143413534,-27.45910524357845
Band-Power Envelope Coherence Change,BetaL,Medium,P4,FC2,0.22750805288056028,0.08117637640186304,-0.14633167647869724,0.14633167647869724,-64.31933930511026
Band-Power Envelope Coherence Change,BetaL,Medium,P4,F4,0.1518479580848261,0.07761739446757561,-0.07423056361725049,0.07423056361725049,-48.884795392364396
Band-Power Envelope Coherence Change,BetaL,Medium,P4,F8,0.12541747901306016,0.09311667653077824,-0.032300802482281926,0.032300802482281926,-25.754625859540944
Band-Power Envelope Coherence Change,BetaL,Medium,P4,Fp2,0.14725862119380712,0.1447955782146439,-0.0024630429791632213,0.0024630429791632213,-1.6725967954851415
Band-Power Envelope Coherence Change,BetaL,Medium,CP2,CP6,0.22376844501731025,0.3719118486568045,0.14814340363949424,0.14814340363949424,66.2038848364139
Band-Power Envelope Coherence Change,BetaL,Medium,CP2,T8,0.14199581782658022,0.12375488986892558,-0.01824092795765464,0.01824092795765464,-12.846102256287804
Band-Power Envelope Coherence Change,BetaL,Medium,CP2,FT10,0.0644779687612202,0.1210694673658678,0.0565914986046476,0.0565914986046476,87.76873665828653
Band-Power Envelope Coherence Change,BetaL,Medium,CP2,FC6,0.18516926051872395,0.15170953969376064,-0.03345972082496332,0.03345972082496332,-18.06980312565429
Band-Power Envelope Coherence Change,BetaL,Medium,CP2,C4,0.23506089494869672,0.3133750377408536,0.0783141427921569,0.0783141427921569,33.31653391741292
Band-Power Envelope Coherence Change,BetaL,Medium,CP2,FC2,0.24182141855413442,0.1902724155218979,-0.05154900303223653,0.05154900303223653,-21.316971565401975
Band-Power Envelope Coherence Change,BetaL,Medium,CP2,F4,0.16328905766852828,0.15715545036492112,-0.0061336073036071526,0.0061336073036071526,-3.756288015366091
Band-Power Envelope Coherence Change,BetaL,Medium,CP2,F8,0.13739438752768995,0.10871826811412716,-0.028676119413562795,0.028676119413562795,-20.871390694749824
Band-Power Envelope Coherence Change,BetaL,Medium,CP2,Fp2,0.1642382616251613,0.21150267595895123,0.04726441433378992,0.04726441433378992,28.77795579793753
Band-Power Envelope Coherence Change,BetaL,Medium,CP6,T8,0.5321465694324725,0.602508568135214,0.07036199870274151,0.07036199870274151,13.222296777705752
Band-Power Envelope Coherence Change,BetaL,Medium,CP6,FT10,0.38621648928485597,0.1592077488641566,-0.22700874042069938,0.22700874042069938,-58.777588921965446
Band-Power Envelope Coherence Change,BetaL,Medium,CP6,FC6,0.4266479582371906,0.4927556116929739,0.06610765345578329,0.06610765345578329,15.494660686746194
Band-Power Envelope Coherence Change,BetaL,Medium,CP6,C4,0.6425093787821801,0.6464884118959651,0.003979033113785002,0.003979033113785002,0.6192957247296388
Band-Power Envelope Coherence Change,BetaL,Medium,CP6,FC2,0.38493751027839695,0.24283234188292335,-0.1421051683954736,0.1421051683954736,-36.91642529009433
Band-Power Envelope Coherence Change,BetaL,Medium,CP6,F4,0.28725716082853114,0.26124404168151866,-0.026013119147012487,0.026013119147012487,-9.055690403672887
Band-Power Envelope Coherence Change,BetaL,Medium,CP6,F8,0.2679188236360094,0.20876796264494085,-0.05915086099106853,0.05915086099106853,-22.07790411599822
Band-Power Envelope Coherence Change,BetaL,Medium,CP6,Fp2,0.21135831995208093,0.05650734514427969,-0.15485097480780124,0.15485097480780124,-73.26466961078656
Band-Power Envelope Coherence Change,BetaL,Medium,T8,FT10,0.5931102517256979,0.33275844385289943,-0.26035180787279844,0.26035180787279844,-43.89602221767129
Band-Power Envelope Coherence Change,BetaL,Medium,T8,FC6,0.7192088288544868,0.79332419639603,0.07411536754154324,0.07411536754154324,10.305124821616806
Band-Power Envelope Coherence Change,BetaL,Medium,T8,C4,0.5673597701687838,0.6090927280706653,0.04173295790188147,0.04173295790188147,7.355642767809628
Band-Power Envelope Coherence Change,BetaL,Medium,T8,FC2,0.5479016664814964,0.38316105053879757,-0.16474061594269884,0.16474061594269884,-30.067551537236
Band-Power Envelope Coherence Change,BetaL,Medium,T8,F4,0.5443003108191751,0.46397606730990215,-0.08032424350927292,0.08032424350927292,-14.757339268901845
Band-Power Envelope Coherence Change,BetaL,Medium,T8,F8,0.5771328647084962,0.4266105694940512,-0.15052229521444505,0.15052229521444505,-26.081047262916186
Band-Power Envelope Coherence Change,BetaL,Medium,T8,Fp2,0.4531280881432093,0.13763134087536777,-0.31549674726784155,0.31549674726784155,-69.62639384388153
Band-Power Envelope Coherence Change,BetaL,Medium,FT10,FC6,0.6064794310528688,0.28977281426227064,-0.3167066167905982,0.3167066167905982,-52.22050420420438
Band-Power Envelope Coherence Change,BetaL,Medium,FT10,C4,0.43980110014419127,0.17933699794233943,-0.26046410220185184,0.26046410220185184,-59.22315840420981
Band-Power Envelope Coherence Change,BetaL,Medium,FT10,FC2,0.44892241731216503,0.16599005959756552,-0.2829323577145995,0.2829323577145995,-63.02477818073812
Band-Power Envelope Coherence Change,BetaL,Medium,FT10,F4,0.4722204206844731,0.2710449353544532,-0.20117548533001994,0.20117548533001994,-42.60203000929534
Band-Power Envelope Coherence Change,BetaL,Medium,FT10,F8,0.6774128397944977,0.5193784767070476,-0.1580343630874501,0.1580343630874501,-23.32910653647958
Band-Power Envelope Coherence Change,BetaL,Medium,FT10,Fp2,0.5166085965876138,0.29953951939771495,-0.21706907718989887,0.21706907718989887,-42.01809234761451
Band-Power Envelope Coherence Change,BetaL,Medium,FC6,C4,0.7051168017674077,0.7426088505644912,0.037492048797083566,0.037492048797083566,5.317140182039064
Band-Power Envelope Coherence Change,BetaL,Medium,FC6,FC2,0.8801577503654262,0.6822102156494759,-0.19794753471595028,0.19794753471595028,-22.49000643734216
Band-Power Envelope Coherence Change,BetaL,Medium,FC6,F4,0.8781143741456388,0.7665038316847537,-0.11161054246088509,0.11161054246088509,-12.710251163975824
Band-Power Envelope Coherence Change,BetaL,Medium,FC6,F8,0.7786301079120954,0.4922793442450961,-0.2863507636669993,0.2863507636669993,-36.7762254191341
Band-Power Envelope Coherence Change,BetaL,Medium,FC6,Fp2,0.7242619215755517,0.26004659563564636,-0.46421532593990533,0.46421532593990533,-64.0949513029839
Band-Power Envelope Coherence Change,BetaL,Medium,C4,FC2,0.7128321779755464,0.5992073517216336,-0.11362482625391279,0.11362482625391279,-15.939912614019324
Band-Power Envelope Coherence Change,BetaL,Medium,C4,F4,0.5813823849581324,0.5295523214764273,-0.05183006348170516,0.05183006348170516,-8.914969703706733
Band-Power Envelope Coherence Change,BetaL,Medium,C4,F8,0.46386684468826095,0.24307832155536482,-0.22078852313289613,0.22078852313289613,-47.59739258391614
Band-Power Envelope Coherence Change,BetaL,Medium,C4,Fp2,0.42900127746141936,0.13252456752301583,-0.2964767099384035,0.2964767099384035,-69.10858440627047
Band-Power Envelope Coherence Change,BetaL,Medium,FC2,F4,0.8819128981801005,0.8472950126346159,-0.03461788554548462,0.03461788554548462,-3.925317978331132
Band-Power Envelope Coherence Change,BetaL,Medium,FC2,F8,0.6648063774823996,0.324247190959883,-0.34055918652251654,0.34055918652251654,-51.226823035633814
Band-Power Envelope Coherence Change,BetaL,Medium,FC2,Fp2,0.7010102074547258,0.3285669011801804,-0.37244330627454536,0.37244330627454536,-53.12951256827446
Band-Power Envelope Coherence Change,BetaL,Medium,F4,F8,0.7281356961968171,0.5217977045428559,-0.20633799165396116,0.20633799165396116,-28.33784866360781
Band-Power Envelope Coherence Change,BetaL,Medium,F4,Fp2,0.7762899839674932,0.46084522104003534,-0.3154447629274578,0.3154447629274578,-40.63491342697356
Band-Power Envelope Coherence Change,BetaL,Medium,F8,Fp2,0.8046393065242199,0.49600974460986513,-0.30862956191435476,0.30862956191435476,-38.35626216764554
Band-Power Envelope Coherence Change,BetaL,Fast,Cz,Fz,0.8250006679696393,0.6817654082106178,-0.14323525975902152,0.14323525975902152,-17.361835610573433
Band-Power Envelope Coherence Change,BetaL,Fast,Cz,Fp1,0.5861449579425639,0.23625200216273345,-0.3498929557798305,0.3498929557798305,-59.69392912770161
Band-Power Envelope Coherence Change,BetaL,Fast,Cz,F7,0.6018724748308587,0.16794016442039128,-0.4339323104104674,0.4339323104104674,-72.09705187671413
Band-Power Envelope Coherence Change,BetaL,Fast,Cz,F3,0.7968078800269229,0.6210056712544639,-0.175802208772459,0.175802208772459,-22.063312020272555
Band-Power Envelope Coherence Change,BetaL,Fast,Cz,FC1,0.8264818445690817,0.8111781084688285,-0.015303736100253151,0.015303736100253151,-1.8516723870966998
Band-Power Envelope Coherence Change,BetaL,Fast,Cz,C3,0.6245802448347311,0.2937493549486971,-0.330830889886034,0.330830889886034,-52.968516475184785
Band-Power Envelope Coherence Change,BetaL,Fast,Cz,FC5,0.7338919296298119,0.25933347292319214,-0.4745584567066197,0.4745584567066197,-64.66326138045903
Band-Power Envelope Coherence Change,BetaL,Fast,Cz,FT9,0.42467442111421355,0.031887556557989555,-0.392786864556224,0.392786864556224,-92.49129333612171
Band-Power Envelope Coherence Change,BetaL,Fast,Cz,T7,0.6201520662479905,0.0641903363075928,-0.5559617299403976,0.5559617299403976,-89.64925865748482
Band-Power Envelope Coherence Change,BetaL,Fast,Cz,CP5,0.27517968952196253,0.15275507354412057,-0.12242461597784196,0.12242461597784196,-44.48897234767432
Band-Power Envelope Coherence Change,BetaL,Fast,Cz,CP1,0.23937017137419336,0.20181750277924515,-0.03755266859494821,0.03755266859494821,-15.688115348442611
Band-Power Envelope Coherence Change,BetaL,Fast,Cz,P3,0.15085798580166532,0.04971577987668177,-0.10114220592498355,0.10114220592498355,-67.04464824152984
Band-Power Envelope Coherence Change,BetaL,Fast,Cz,P7,0.08296998618047063,0.028867967572793182,-0.05410201860767745,0.05410201860767745,-65.20673450517208
Band-Power Envelope Coherence Change,BetaL,Fast,Cz,PO9,0.02722191085448379,0.018467835698911146,-0.008754075155572645,0.008754075155572645,-32.15819492749069
Band-Power Envelope Coherence Change,BetaL,Fast,Cz,O1,0.03859502281996595,0.004275026594901579,-0.03431999622506437,0.03431999622506437,-88.92337331981048
Band-Power Envelope Coherence Change,BetaL,Fast,Cz,Pz,0.21052959527462517,0.15713448355143078,-0.05339511172319439,0.05339511172319439,-25.362282986172644
Band-Power Envelope Coherence Change,BetaL,Fast,Cz,Oz,0.08638950024376434,0.004485430776632006,-0.08190406946713233,0.08190406946713233,-94.80789822377082
Band-Power Envelope Coherence Change,BetaL,Fast,Cz,O2,0.054312896145270725,0.00873449430751606,-0.04557840183775466,0.04557840183775466,-83.91819452206359
Band-Power Envelope Coherence Change,BetaL,Fast,Cz,PO10,0.07893987843160011,0.008476501803914727,-0.07046337662768538,0.07046337662768538,-89.26207897411516
Band-Power Envelope Coherence Change,BetaL,Fast,Cz,P8,0.027831211950395583,0.013562666771989203,-0.01426854517840638,0.01426854517840638,-51.268141695868806
Band-Power Envelope Coherence Change,BetaL,Fast,Cz,P4,0.2286376052901231,0.13512932924395188,-0.09350827604617123,0.09350827604617123,-40.89802984400427
Band-Power Envelope Coherence Change,BetaL,Fast,Cz,CP2,0.26057992698504323,0.2993895312460292,0.03880960426098595,0.03880960426098595,14.893550976861524
Band-Power Envelope Coherence Change,BetaL,Fast,Cz,CP6,0.2516938917601359,0.17847142771155633,-0.07322246404857957,0.07322246404857957,-29.091871692444773
Band-Power Envelope Coherence Change,BetaL,Fast,Cz,T8,0.3929657762365254,0.21138727802850046,-0.18157849820802494,0.18157849820802494,-46.20720408454429
Band-Power Envelope Coherence Change,BetaL,Fast,Cz,FT10,0.26897331446228245,0.08112004057220322,-0.18785327389007922,0.18785327389007922,-69.84085921892503
Band-Power Envelope Coherence Change,BetaL,Fast,Cz,FC6,0.6928120036795994,0.41281129541950173,-0.28000070826009765,0.28000070826009765,-40.415106374165525
Band-Power Envelope Coherence Change,BetaL,Fast,Cz,C4,0.5672258994454931,0.4351774399919972,-0.13204845945349586,0.13204845945349586,-23.279695017907923
Band-Power Envelope Coherence Change,BetaL,Fast,Cz,FC2,0.8425186430041148,0.7678346075857052,-0.07468403541840962,0.07468403541840962,-8.864377784224873
Band-Power Envelope Coherence Change,BetaL,Fast,Cz,F4,0.7429460891306852,0.5707006132788486,-0.17224547585183658,0.17224547585183658,-23.184115021505736
Band-Power Envelope Coherence Change,BetaL,Fast,Cz,F8,0.49333775908780253,0.1525489430563591,-0.3407888160314434,0.3407888160314434,-69.07819435138573
Band-Power Envelope Coherence Change,BetaL,Fast,Cz,Fp2,0.5664242824555497,0.21412110230520953,-0.3523031801503401,0.3523031801503401,-62.197753709117734
Band-Power Envelope Coherence Change,BetaL,Fast,Fz,Fp1,0.7544409361767971,0.5136723580731157,-0.24076857810368135,0.24076857810368135,-31.91350927002975
Band-Power Envelope Coherence Change,BetaL,Fast,Fz,F7,0.7352726091589423,0.3961881274292642,-0.33908448172967814,0.33908448172967814,-46.11683850395942
Band-Power Envelope Coherence Change,BetaL,Fast,Fz,F3,0.9201354534866992,0.9003461994071523,-0.019789254079546903,0.019789254079546903,-2.1506892278260596
Band-Power Envelope Coherence Change,BetaL,Fast,Fz,FC1,0.8665438116558455,0.8038902632083563,-0.06265354844748916,0.06265354844748916,-7.230280524162637
Band-Power Envelope Coherence Change,BetaL,Fast,Fz,C3,0.5771099063798992,0.21491353355342535,-0.3621963728264739,0.3621963728264739,-62.76038044442226
Band-Power Envelope Coherence Change,BetaL,Fast,Fz,FC5,0.8066674148303752,0.3922732552495872,-0.41439415958078796,0.41439415958078796,-51.37112916206317
Band-Power Envelope Coherence Change,BetaL,Fast,Fz,FT9,0.47706084997594134,0.08686350727401737,-0.39019734270192397,0.39019734270192397,-81.79194388338553
Band-Power Envelope Coherence Change,BetaL,Fast,Fz,T7,0.6497941287734836,0.09115119274968705,-0.5586429360237966,0.5586429360237966,-85.97229665313549
Band-Power Envelope Coherence Change,BetaL,Fast,Fz,CP5,0.19794162956090444,0.09292579385936983,-0.10501583570153461,0.10501583570153461,-53.05394117169395
Band-Power Envelope Coherence Change,BetaL,Fast,Fz,CP1,0.16260099550273704,0.10111672834851583,-0.061484267154221214,0.061484267154221214,-37.81297092562158
Band-Power Envelope Coherence Change,BetaL,Fast,Fz,P3,0.08933226088489873,0.028090019074229762,-0.06124224181066897,0.06124224181066897,-68.55557130651523
Band-Power Envelope Coherence Change,BetaL,Fast,Fz,P7,0.0497726233844818,0.04449168004311299,-0.0052809433413688114,0.0052809433413688114,-10.610136621842829
Band-Power Envelope Coherence Change,BetaL,Fast,Fz,PO9,0.02624370652808368,0.026522862217439293,0.00027915568935561394,0.00027915568935561394,1.0637052698973233
Band-Power Envelope Coherence Change,BetaL,Fast,Fz,O1,0.025486158775857477,0.006340316590719777,-0.0191458421851377,0.0191458421851377,-75.12251003974035
Band-Power Envelope Coherence Change,BetaL,Fast,Fz,Pz,0.14288882369297584,0.07792046998608229,-0.06496835370689355,0.06496835370689355,-45.46776439736852
Band-Power Envelope Coherence Change,BetaL,Fast,Fz,Oz,0.051337800883256665,0.004465848838780312,-0.046871952044476355,0.046871952044476355,-91.30105154107449
Band-Power Envelope Coherence Change,BetaL,Fast,Fz,O2,0.03995779593352069,0.0035853569999072772,-0.03637243893361341,0.03637243893361341,-91.0271402209662
Band-Power Envelope Coherence Change,BetaL,Fast,Fz,PO10,0.1085560955360669,0.022893389008910366,-0.08566270652715655,0.08566270652715655,-78.91100550746668
Band-Power Envelope Coherence Change,BetaL,Fast,Fz,P8,0.04081409521496181,0.01118600937557076,-0.029628085839391048,0.029628085839391048,-72.5927787528899
Band-Power Envelope Coherence Change,BetaL,Fast,Fz,P4,0.17396009338814342,0.09174388402451615,-0.08221620936362727,0.08221620936362727,-47.26153439121507
Band-Power Envelope Coherence Change,BetaL,Fast,Fz,CP2,0.19309901208180086,0.16493551008376142,-0.028163501998039436,0.028163501998039436,-14.585005741048937
Band-Power Envelope Coherence Change,BetaL,Fast,Fz,CP6,0.27897613612082395,0.1624851604320704,-0.11649097568875355,0.11649097568875355,-41.75660947512068
Band-Power Envelope Coherence Change,BetaL,Fast,Fz,T8,0.4645095192655534,0.2827246065586438,-0.1817849127069096,0.1817849127069096,-39.13480890431135
Band-Power Envelope Coherence Change,BetaL,Fast,Fz,FT10,0.41468002673003407,0.15736324934564622,-0.25731677738438785,0.25731677738438785,-62.05188598386649
Band-Power Envelope Coherence Change,BetaL,Fast,Fz,FC6,0.8042108682405898,0.5472763921247459,-0.25693447611584397,0.25693447611584397,-31.948645095775895
Band-Power Envelope Coherence Change,BetaL,Fast,Fz,C4,0.5868780683185466,0.3878594219297822,-0.19901864638876443,0.19901864638876443,-33.911413142251
Band-Power Envelope Coherence Change,BetaL,Fast,Fz,FC2,0.9193843192943965,0.8548873394323107,-0.0644969798620858,0.0644969798620858,-7.015236012681351
Band-Power Envelope Coherence Change,BetaL,Fast,Fz,F4,0.8869434159548905,0.8204403403978765,-0.06650307555701396,0.06650307555701396,-7.498006565099331
Band-Power Envelope Coherence Change,BetaL,Fast,Fz,F8,0.6674980060179576,0.34201397438469094,-0.32548403163326667,0.32548403163326667,-48.76179834228752
Band-Power Envelope Coherence Change,BetaL,Fast,Fz,Fp2,0.7718802377927525,0.4258174716350962,-0.3460627661576563,0.3460627661576563,-44.83373834615171
Band-Power Envelope Coherence Change,BetaL,Fast,Fp1,F7,0.8745994317634165,0.6948211771639476,-0.17977825459946883,0.17977825459946883,-20.55549638729925
Band-Power Envelope Coherence Change,BetaL,Fast,Fp1,F3,0.8355175664939829,0.5115170962624717,-0.32400047023151124,0.32400047023151124,-38.77841510754694
Band-Power Envelope Coherence Change,BetaL,Fast,Fp1,FC1,0.6497326802644202,0.3008547867653184,-0.3488778934991018,0.3488778934991018,-53.69560499205916
Band-Power Envelope Coherence Change,BetaL,Fast,Fp1,C3,0.3539585631016006,0.05546313333017837,-0.29849542977142224,0.29849542977142224,-84.33061405714369
Band-Power Envelope Coherence Change,BetaL,Fast,Fp1,FC5,0.6985647266074103,0.2765050705440708,-0.4220596560633395,0.4220596560633395,-60.41811731792962
Band-Power Envelope Coherence Change,BetaL,Fast,Fp1,FT9,0.6783622107144976,0.21917940151942067,-0.459182809195077,0.459182809195077,-67.68991579165858
Band-Power Envelope Coherence Change,BetaL,Fast,Fp1,T7,0.5900739248159732,0.06104332061377518,-0.529030604202198,0.529030604202198,-89.65497066612242
Band-Power Envelope Coherence Change,BetaL,Fast,Fp1,CP5,0.10199851480578138,0.07595334057717698,-0.026045174228604404,0.026045174228604404,-25.53485634393584
Band-Power Envelope Coherence Change,BetaL,Fast,Fp1,CP1,0.14210773540908012,0.1088623775062661,-0.03324535790281402,0.03324535790281402,-23.39447448593272
Band-Power Envelope Coherence Change,BetaL,Fast,Fp1,P3,0.07249403987580985,0.04484642252718811,-0.027647617348621742,0.027647617348621742,-38.13777987264209
Band-Power Envelope Coherence Change,BetaL,Fast,Fp1,P7,0.09004045612354224,0.13331022903802076,0.04326977291447852,0.04326977291447852,48.05592372289758
Band-Power Envelope Coherence Change,BetaL,Fast,Fp1,PO9,0.0359967832888556,0.015441098030441337,-0.02055568525841426,0.02055568525841426,-57.10422815690364
Band-Power Envelope Coherence Change,BetaL,Fast,Fp1,O1,0.025229954886090575,0.030655442364148376,0.005425487478057801,0.005425487478057801,21.50415053278159
Band-Power Envelope Coherence Change,BetaL,Fast,Fp1,Pz,0.1448168289560945,0.08303750342183916,-0.06177932553425533,0.06177932553425533,-42.660321994058826
Band-Power Envelope Coherence Change,BetaL,Fast,Fp1,Oz,0.07917229363443881,0.01724426935520584,-0.06192802427923297,0.06192802427923297,-78.2193131415043
Band-Power Envelope Coherence Change,BetaL,Fast,Fp1,O2,0.07326288389991509,0.010184099884540814,-0.06307878401537427,0.06307878401537427,-86.09923696362624
Band-Power Envelope Coherence Change,BetaL,Fast,Fp1,PO10,0.12244821022040174,0.01573038797816095,-0.10671782224224079,0.10671782224224079,-87.15343576696881
Band-Power Envelope Coherence Change,BetaL,Fast,Fp1,P8,0.02556192649913158,0.0052473963016820835,-0.020314530197449495,0.020314530197449495,-79.47182775187014
Band-Power Envelope Coherence Change,BetaL,Fast,Fp1,P4,0.16306969712131608,0.10609115512712078,-0.0569785419941953,0.0569785419941953,-34.94122022671446
Band-Power Envelope Coherence Change,BetaL,Fast,Fp1,CP2,0.18831167426980877,0.1252358257087818,-0.06307584856102696,0.06307584856102696,-33.49545311282895
Band-Power Envelope Coherence Change,BetaL,Fast,Fp1,CP6,0.1333129527547624,0.034710176809367166,-0.09860277594539524,0.09860277594539524,-73.9633875837866
Band-Power Envelope Coherence Change,BetaL,Fast,Fp1,T8,0.3320444968493226,0.09807874003038503,-0.23396575681893755,0.23396575681893755,-70.46216969080145
Band-Power Envelope Coherence Change,BetaL,Fast,Fp1,FT10,0.3346337347782359,0.1946943364980829,-0.13993939828015298,0.13993939828015298,-41.81867628285947
Band-Power Envelope Coherence Change,BetaL,Fast,Fp1,FC6,0.602433128666461,0.20807137976029338,-0.39436174890616765,0.39436174890616765,-65.46149773986072
Band-Power Envelope Coherence Change,BetaL,Fast,Fp1,C4,0.32593639639017385,0.09214418027994893,-0.23379221611022494,0.23379221611022494,-71.72939834260043
Band-Power Envelope Coherence Change,BetaL,Fast,Fp1,FC2,0.6416897538712558,0.33738730198190786,-0.30430245188934796,0.30430245188934796,-47.422052487751124
Band-Power Envelope Coherence Change,BetaL,Fast,Fp1,F4,0.7091691784966936,0.4219597935563343,-0.2872093849403593,0.2872093849403593,-40.49941729689799
Band-Power Envelope Coherence Change,BetaL,Fast,Fp1,F8,0.6264312814861044,0.3424239698245255,-0.2840073116615789,0.2840073116615789,-45.3373450616672
Band-Power Envelope Coherence Change,BetaL,Fast,Fp1,Fp2,0.8476387624674098,0.7129339968227947,-0.1347047656446151,0.1347047656446151,-15.891765644659772
Band-Power Envelope Coherence Change,BetaL,Fast,F7,F3,0.8438785428359413,0.4557413409441717,-0.38813720189176965,0.38813720189176965,-45.99443903235107
Band-Power Envelope Coherence Change,BetaL,Fast,F7,FC1,0.6726561588058962,0.24731135083817346,-0.4253448079677228,0.4253448079677228,-63.233615332207435
Band-Power Envelope Coherence Change,BetaL,Fast,F7,C3,0.41301300718906886,0.07273300907876272,-0.3402799981103061,0.3402799981103061,-82.3896565452557
Band-Power Envelope Coherence Change,BetaL,Fast,F7,FC5,0.7985303380112819,0.47518424199985726,-0.32334609601142467,0.32334609601142467,-40.49265013733972
Band-Power Envelope Coherence Change,BetaL,Fast,F7,FT9,0.7875828338846602,0.35874293121154577,-0.42883990267311445,0.42883990267311445,-54.450133271431504
Band-Power Envelope Coherence Change,BetaL,Fast,F7,T7,0.7027517703059054,0.15076417026933892,-0.5519876000365664,0.5519876000365664,-78.54659687250424
Band-Power Envelope Coherence Change,BetaL,Fast,F7,CP5,0.14958378992369226,0.050833943208373596,-0.09874984671531867,0.09874984671531867,-66.01640910802854
Band-Power Envelope Coherence Change,BetaL,Fast,F7,CP1,0.14412387214718264,0.052510960762357284,-0.09161291138482536,0.09161291138482536,-63.5653969186091
Band-Power Envelope Coherence Change,BetaL,Fast,F7,P3,0.08518861853870699,0.039547233979690566,-0.045641384559016424,0.045641384559016424,-53.576857263248655
Band-Power Envelope Coherence Change,BetaL,Fast,F7,P7,0.1250182328211396,0.13136283360047812,0.006344600779338516,0.006344600779338516,5.074940379628925
Band-Power Envelope Coherence Change,BetaL,Fast,F7,PO9,0.04598630112162366,0.025052232359531884,-0.02093406876209178,0.02093406876209178,-45.522401783795935
Band-Power Envelope Coherence Change,BetaL,Fast,F7,O1,0.03177652798084982,0.05802401230936485,0.026247484328515036,0.026247484328515036,82.60022726313312
Band-Power Envelope Coherence Change,BetaL,Fast,F7,Pz,0.15772945666324836,0.03862356770077998,-0.11910588896246838,0.11910588896246838,-75.51277452046187
Band-Power Envelope Coherence Change,BetaL,Fast,F7,Oz,0.08282284241669483,0.022438752582240623,-0.0603840898344542,0.0603840898344542,-72.90753139170506
Band-Power Envelope Coherence Change,BetaL,Fast,F7,O2,0.07958214928865842,0.01808964122734694,-0.061492508061311485,0.061492508061311485,-77.26922257184506
Band-Power Envelope Coherence Change,BetaL,Fast,F7,PO10,0.12077921373110703,0.005827453727743965,-0.11495176000336307,0.11495176000336307,-95.17511867504145
Band-Power Envelope Coherence Change,BetaL,Fast,F7,P8,0.023784632853022708,0.0027246402264786,-0.021059992626544108,0.021059992626544108,-88.54453527487462
Band-Power Envelope Coherence Change,BetaL,Fast,F7,P4,0.16263467423329445,0.04286293987142052,-0.11977173436187392,0.11977173436187392,-73.6446486129182
Band-Power Envelope Coherence Change,BetaL,Fast,F7,CP2,0.19961495876369112,0.04023920666406268,-0.15937575209962845,0.15937575209962845,-79.84158756774397
Band-Power Envelope Coherence Change,BetaL,Fast,F7,CP6,0.10857105516152935,0.011214586681920493,-0.09735646847960885,0.09735646847960885,-89.67073989910504
Band-Power Envelope Coherence Change,BetaL,Fast,F7,T8,0.265103987608597,0.04838699776148696,-0.21671698984711002,0.21671698984711002,-81.74791778955579
Band-Power Envelope Coherence Change,BetaL,Fast,F7,FT10,0.26058043588699054,0.06928068351092107,-0.19129975237606947,0.19129975237606947,-73.41293743903054
Band-Power Envelope Coherence Change,BetaL,Fast,F7,FC6,0.5376681327093258,0.11254544653928422,-0.42512268617004156,0.42512268617004156,-79.06785995067916
Band-Power Envelope Coherence Change,BetaL,Fast,F7,C4,0.2900188936600317,0.04060065523736418,-0.24941823842266753,0.24941823842266753,-86.00068611910595
Band-Power Envelope Coherence Change,BetaL,Fast,F7,FC2,0.6188079170953263,0.23106667743791254,-0.3877412396574138,0.3877412396574138,-62.6593857230309
Band-Power Envelope Coherence Change,BetaL,Fast,F7,F4,0.6597138107008578,0.25843824802603177,-0.401275562674826,0.401275562674826,-60.82570292844474
Band-Power Envelope Coherence Change,BetaL,Fast,F7,F8,0.5253925910626788,0.16132231285727947,-0.3640702782053993,0.3640702782053993,-69.29490145055473
Band-Power Envelope Coherence Change,BetaL,Fast,F7,Fp2,0.7292990732918254,0.40021210867579715,-0.32908696461602827,0.32908696461602827,-45.123732727457586
Band-Power Envelope Coherence Change,BetaL,Fast,F3,FC1,0.8073464339654401,0.7957687273784144,-0.011577706587025727,0.011577706587025727,-1.4340444324699069
Band-Power Envelope Coherence Change,BetaL,Fast,F3,C3,0.5147415278060146,0.23459749078415865,-0.2801440370218559,0.2801440370218559,-54.424215239814686
Band-Power Envelope Coherence Change,BetaL,Fast,F3,FC5,0.8459384867515208,0.49306548893879865,-0.3528729978127222,0.3528729978127222,-41.713789281273385
Band-Power Envelope Coherence Change,BetaL,Fast,F3,FT9,0.5796949561893026,0.09868048942859828,-0.48101446676070425,0.48101446676070425,-82.97716956564761
Band-Power Envelope Coherence Change,BetaL,Fast,F3,T7,0.6872023370621356,0.13323632009329806,-0.5539660169688376,0.5539660169688376,-80.61177721500516
Band-Power Envelope Coherence Change,BetaL,Fast,F3,CP5,0.17413664316684505,0.11145413027244205,-0.06268251289440299,0.06268251289440299,-35.996164709770575
Band-Power Envelope Coherence Change,BetaL,Fast,F3,CP1,0.14294974745135475,0.09721976928367357,-0.04572997816768118,0.04572997816768118,-31.990247610086136
Band-Power Envelope Coherence Change,BetaL,Fast,F3,P3,0.07480613292480265,0.03092897996449767,-0.04387715296030498,0.04387715296030498,-58.65448626306028
Band-Power Envelope Coherence Change,BetaL,Fast,F3,P7,0.07831310589217598,0.05173610827982164,-0.02657699761235434,0.02657699761235434,-33.93684532056027
Band-Power Envelope Coherence Change,BetaL,Fast,F3,PO9,0.029176415889494156,0.044062670507207885,0.014886254617713729,0.014886254617713729,51.02153285069525
Band-Power Envelope Coherence Change,BetaL,Fast,F3,O1,0.02275835858750025,0.007325500484312236,-0.015432858103188014,0.015432858103188014,-67.81182414299563
Band-Power Envelope Coherence Change,BetaL,Fast,F3,Pz,0.13295856722888777,0.0760434618205163,-0.05691510540837147,0.05691510540837147,-42.806647660689876
Band-Power Envelope Coherence Change,BetaL,Fast,F3,Oz,0.06073372460263296,0.008463202677506559,-0.0522705219251264,0.0522705219251264,-86.06506890055009
Band-Power Envelope Coherence Change,BetaL,Fast,F3,O2,0.043042980673837924,0.005847061395808723,-0.037195919278029205,0.037195919278029205,-86.41576093413383
Band-Power Envelope Coherence Change,BetaL,Fast,F3,PO10,0.09420104941586482,0.029403035631348808,-0.06479801378451602,0.06479801378451602,-68.7869341013977
Band-Power Envelope Coherence Change,BetaL,Fast,F3,P8,0.022858222576086464,0.011537366775311777,-0.011320855800774687,0.011320855800774687,-49.52640461475864
Band-Power Envelope Coherence Change,BetaL,Fast,F3,P4,0.14839796388715112,0.08542740042480174,-0.06297056346234939,0.06297056346234939,-42.433576454078036
Band-Power Envelope Coherence Change,BetaL,Fast,F3,CP2,0.1748662318063018,0.13766608629291865,-0.03720014551338313,0.03720014551338313,-21.273487241715998
Band-Power Envelope Coherence Change,BetaL,Fast,F3,CP6,0.18738874963497998,0.13979011313119635,-0.047598636503783626,0.047598636503783626,-25.40101078453344
Band-Power Envelope Coherence Change,BetaL,Fast,F3,T8,0.379980715376503,0.2544891401111625,-0.1254915752653405,0.1254915752653405,-33.02577477938517
Band-Power Envelope Coherence Change,BetaL,Fast,F3,FT10,0.3224324616903803,0.1431972139827699,-0.1792352477076104,0.1792352477076104,-55.58846239238878
Band-Power Envelope Coherence Change,BetaL,Fast,F3,FC6,0.6976819914042456,0.47298434661957717,-0.22469764478466842,0.22469764478466842,-32.2063128406701
Band-Power Envelope Coherence Change,BetaL,Fast,F3,C4,0.45217362998129723,0.3224145770288264,-0.1297590529524708,0.1297590529524708,-28.696731597956717
Band-Power Envelope Coherence Change,BetaL,Fast,F3,FC2,0.8165574575418335,0.7493543366816259,-0.06720312086020763,0.06720312086020763,-8.230054142486932
Band-Power Envelope Coherence Change,BetaL,Fast,F3,F4,0.8197218837470864,0.7278503047606026,-0.09187157898648379,0.09187157898648379,-11.20765235234704
Band-Power Envelope Coherence Change,BetaL,Fast,F3,F8,0.6017525376998709,0.3147415709539101,-0.2870109667459608,0.2870109667459608,-47.69584650910271
Band-Power Envelope Coherence Change,BetaL,Fast,F3,Fp2,0.7679979364171721,0.3737699813603179,-0.39422795505685415,0.39422795505685415,-51.33190290796716
Band-Power Envelope Coherence Change,BetaL,Fast,FC1,C3,0.7613841893601285,0.3406098601058529,-0.4207743292542756,0.4207743292542756,-55.26439019017412
Band-Power Envelope Coherence Change,BetaL,Fast,FC1,FC5,0.8430483678320829,0.42167081883197455,-0.4213775490001084,0.4213775490001084,-49.98260658326044
Band-Power Envelope Coherence Change,BetaL,Fast,FC1,FT9,0.4983871930423205,0.04260473475774113,-0.45578245828457936,0.45578245828457936,-91.45147881957647
Band-Power Envelope Coherence Change,BetaL,Fast,FC1,T7,0.7808789490761019,0.10384524635661496,-0.6770337027194869,0.6770337027194869,-86.70149240423505
Band-Power Envelope Coherence Change,BetaL,Fast,FC1,CP5,0.3808332918188355,0.15632754213729014,-0.22450574968154538,0.22450574968154538,-58.951187961882276
Band-Power Envelope Coherence Change,BetaL,Fast,FC1,CP1,0.3272292551059155,0.15298715323088685,-0.17424210187502864,0.17424210187502864,-53.24771521990938
Band-Power Envelope Coherence Change,BetaL,Fast,FC1,P3,0.22176496299581672,0.04447168846141521,-0.17729327453440152,0.17729327453440152,-79.94647672894384
Band-Power Envelope Coherence Change,BetaL,Fast,FC1,P7,0.09065098515355793,0.026600761012095357,-0.06405022414146258,0.06405022414146258,-70.6558500527765
Band-Power Envelope Coherence Change,BetaL,Fast,FC1,PO9,0.038709716725955814,0.03242469880107915,-0.006285017924876665,0.006285017924876665,-16.236279819279606
Band-Power Envelope Coherence Change,BetaL,Fast,FC1,O1,0.05374136428900235,0.0038236090217700766,-0.04991775526723227,0.04991775526723227,-92.8851656961888
Band-Power Envelope Coherence Change,BetaL,Fast,FC1,Pz,0.29972388840450137,0.11629906981565982,-0.18342481858884155,0.18342481858884155,-61.19793105756558
Band-Power Envelope Coherence Change,BetaL,Fast,FC1,Oz,0.12109624832725877,0.0038842305028529596,-0.11721201782440581,0.11721201782440581,-96.79244356740438
Band-Power Envelope Coherence Change,BetaL,Fast,FC1,O2,0.0954800683355962,0.004707769178520143,-0.09077229915707606,0.09077229915707606,-95.0693697013568
Band-Power Envelope Coherence Change,BetaL,Fast,FC1,PO10,0.15130619494016623,0.013644640539541564,-0.13766155440062466,0.13766155440062466,-90.98210053796058
Band-Power Envelope Coherence Change,BetaL,Fast,FC1,P8,0.05032684892188677,0.011704265581710862,-0.0386225833401759,0.0386225833401759,-76.74349610110247
Band-Power Envelope Coherence Change,BetaL,Fast,FC1,P4,0.3223123647040106,0.09375909124185203,-0.22855327346215856,0.22855327346215856,-70.91048885823729
Band-Power Envelope Coherence Change,BetaL,Fast,FC1,CP2,0.36025915713374274,0.20811818997695786,-0.15214096715678488,0.15214096715678488,-42.230978489827535
Band-Power Envelope Coherence Change,BetaL,Fast,FC1,CP6,0.2530827858439655,0.17410182581239828,-0.07898096003156721,0.07898096003156721,-31.20755912662577
Band-Power Envelope Coherence Change,BetaL,Fast,FC1,T8,0.4396185230845797,0.2522914357059108,-0.18732708737866893,0.18732708737866893,-42.61128172313805
Band-Power Envelope Coherence Change,BetaL,Fast,FC1,FT10,0.3078323780066486,0.08920236583369112,-0.21863001217295747,0.21863001217295747,-71.02242252380465
Band-Power Envelope Coherence Change,BetaL,Fast,FC1,FC6,0.7368052119408119,0.46951754171743326,-0.2672876702233787,0.2672876702233787,-36.276571594725645
Band-Power Envelope Coherence Change,BetaL,Fast,FC1,C4,0.5663784401780434,0.40825708182836834,-0.15812135834967506,0.15812135834967506,-27.917969176222343
Band-Power Envelope Coherence Change,BetaL,Fast,FC1,FC2,0.8658394571455412,0.7760442242288128,-0.08979523291672842,0.08979523291672842,-10.370887140297476
Band-Power Envelope Coherence Change,BetaL,Fast,FC1,F4,0.774090352572685,0.6543811476673791,-0.1197092049053059,0.1197092049053059,-15.46450030121846
Band-Power Envelope Coherence Change,BetaL,Fast,FC1,F8,0.5424772306045211,0.19556167714948033,-0.34691555345504077,0.34691555345504077,-63.9502515282435
Band-Power Envelope Coherence Change,BetaL,Fast,FC1,Fp2,0.6343349136370169,0.23264689718905454,-0.40168801644796237,0.40168801644796237,-63.32427993673683
Band-Power Envelope Coherence Change,BetaL,Fast,C3,FC5,0.6990919090759522,0.28120277144140454,-0.41788913763454766,0.41788913763454766,-59.775994001547865
Band-Power Envelope Coherence Change,BetaL,Fast,C3,FT9,0.30333003682580073,0.02981352043324567,-0.27351651639255503,0.27351651639255503,-90.17126007525351
Band-Power Envelope Coherence Change,BetaL,Fast,C3,T7,0.6911446919593859,0.1425166320152995,-0.5486280599440864,0.5486280599440864,-79.37962431408295
Band-Power Envelope Coherence Change,BetaL,Fast,C3,CP5,0.6668398121943095,0.23192069481862543,-0.4349191173756841,0.4349191173756841,-65.22092853822495
Band-Power Envelope Coherence Change,BetaL,Fast,C3,CP1,0.42169570382003085,0.0934152912099101,-0.32828041261012075,0.32828041261012075,-77.84770146727001
Band-Power Envelope Coherence Change,BetaL,Fast,C3,P3,0.3596185842434103,0.050935239698860206,-0.3086833445445501,0.3086833445445501,-85.83631604967769
Band-Power Envelope Coherence Change,BetaL,Fast,C3,P7,0.10336893854230653,0.00557552793543869,-0.09779341060686783,0.09779341060686783,-94.60618633211874
Band-Power Envelope Coherence Change,BetaL,Fast,C3,PO9,0.04500511298682207,0.033342697002865795,-0.011662415983956273,0.011662415983956273,-25.91353561843327
Band-Power Envelope Coherence Change,BetaL,Fast,C3,O1,0.08701381808148115,0.005233369388046017,-0.08178044869343513,0.08178044869343513,-93.9855881474533
Band-Power Envelope Coherence Change,BetaL,Fast,C3,Pz,0.36619985901263713,0.06309697797307762,-0.3031028810395595,0.3031028810395595,-82.76979730598416
Band-Power Envelope Coherence Change,BetaL,Fast,C3,Oz,0.15598601345426105,0.004109357935791503,-0.15187665551846954,0.15187665551846954,-97.36555999811068
Band-Power Envelope Coherence Change,BetaL,Fast,C3,O2,0.11001083397204364,0.0059410586136484445,-0.10406977535839519,0.10406977535839519,-94.5995695158913
Band-Power Envelope Coherence Change,BetaL,Fast,C3,PO10,0.1132364457092413,0.014109363281836387,-0.09912708242740491,0.09912708242740491,-87.53990979364967
Band-Power Envelope Coherence Change,BetaL,Fast,C3,P8,0.06675414861321852,0.0045389570011754,-0.062215191612043114,0.062215191612043114,-93.20048701770632
Band-Power Envelope Coherence Change,BetaL,Fast,C3,P4,0.35627357823271,0.03121467883215335,-0.32505889940055666,0.32505889940055666,-91.23856476054348
Band-Power Envelope Coherence Change,BetaL,Fast,C3,CP2,0.4009198490906861,0.07250176630743929,-0.3284180827832468,0.3284180827832468,-81.91614446830748
Band-Power Envelope Coherence Change,BetaL,Fast,C3,CP6,0.18066523140823565,0.04651751737215072,-0.13414771403608494,0.13414771403608494,-74.25209211005378
Band-Power Envelope Coherence Change,BetaL,Fast,C3,T8,0.25180743675836004,0.07094440348832887,-0.18086303327003117,0.18086303327003117,-71.82593000364453
Band-Power Envelope Coherence Change,BetaL,Fast,C3,FT10,0.16896672876908408,0.01702701682069497,-0.15193971194838912,0.15193971194838912,-89.92285821904933
Band-Power Envelope Coherence Change,BetaL,Fast,C3,FC6,0.45715416680404414,0.11932066828926456,-0.33783349851477956,0.33783349851477956,-73.89924954125803
Band-Power Envelope Coherence Change,BetaL,Fast,C3,C4,0.4289410239866065,0.11047971038105726,-0.31846131360554925,0.31846131360554925,-74.24361294374424
Band-Power Envelope Coherence Change,BetaL,Fast,C3,FC2,0.6093170685860204,0.21219433517493264,-0.3971227334110878,0.3971227334110878,-65.17505480892727
Band-Power Envelope Coherence Change,BetaL,Fast,C3,F4,0.46810046164976893,0.13516272292655854,-0.3329377387232104,0.3329377387232104,-71.12527459379291
Band-Power Envelope Coherence Change,BetaL,Fast,C3,F8,0.2804117159794006,0.02459832896082049,-0.25581338701858014,0.25581338701858014,-91.22778130902795
Band-Power Envelope Coherence Change,BetaL,Fast,C3,Fp2,0.33461273430547045,0.03372983368672129,-0.30088290061874917,0.30088290061874917,-89.91973997740054
Band-Power Envelope Coherence Change,BetaL,Fast,FC5,FT9,0.6172882329121085,0.09473274933890478,-0.5225554835732038,0.5225554835732038,-84.65340107132852
Band-Power Envelope Coherence Change,BetaL,Fast,FC5,T7,0.8647635211560709,0.28477792088814674,-0.5799856002679242,0.5799856002679242,-67.06869405089644
Band-Power Envelope Coherence Change,BetaL,Fast,FC5,CP5,0.3778931474064465,0.11513605390026006,-0.2627570935061864,0.2627570935061864,-69.53211385534217
Band-Power Envelope Coherence Change,BetaL,Fast,FC5,CP1,0.22625316426483463,0.038670912222645536,-0.1875822520421891,0.1875822520421891,-82.90812314236616
Band-Power Envelope Coherence Change,BetaL,Fast,FC5,P3,0.16094045589594208,0.04911961627646449,-0.11182083961947759,0.11182083961947759,-69.4796339410003
Band-Power Envelope Coherence Change,BetaL,Fast,FC5,P7,0.11154156530563185,0.01536127931230729,-0.09618028599332457,0.09618028599332457,-86.22820177373674
Band-Power Envelope Coherence Change,BetaL,Fast,FC5,PO9,0.03367968235676004,0.05186983641848489,0.018190154061724848,0.018190154061724848,54.00928034012114
Band-Power Envelope Coherence Change,BetaL,Fast,FC5,O1,0.041432135306716314,0.0766145925578269,0.03518245725111059,0.03518245725111059,84.91586781772112
Band-Power Envelope Coherence Change,BetaL,Fast,FC5,Pz,0.2231630727678353,0.03504636211004766,-0.18811671065778765,0.18811671065778765,-84.29562665750365
Band-Power Envelope Coherence Change,BetaL,Fast,FC5,Oz,0.09872738736261144,0.039327047478179986,-0.059400339884431455,0.059400339884431455,-60.16602026169556
Band-Power Envelope Coherence Change,BetaL,Fast,FC5,O2,0.0816969643940895,0.035543074061011204,-0.04615389033307829,0.04615389033307829,-56.49400889663578
Band-Power Envelope Coherence Change,BetaL,Fast,FC5,PO10,0.12558246622973818,0.007201911830201085,-0.1183805543995371,0.1183805543995371,-94.26519318626373
Band-Power Envelope Coherence Change,BetaL,Fast,FC5,P8,0.03134332198796516,0.004364038572658903,-0.026979283415306258,0.026979283415306258,-86.0766559003077
Band-Power Envelope Coherence Change,BetaL,Fast,FC5,P4,0.22296885358852947,0.02819982345070971,-0.19476903013781977,0.19476903013781977,-87.35257279353011
Band-Power Envelope Coherence Change,BetaL,Fast,FC5,CP2,0.27035980960481965,0.027899332120227674,-0.24246047748459199,0.24246047748459199,-89.68066586486813
Band-Power Envelope Coherence Change,BetaL,Fast,FC5,CP6,0.152302835977341,0.017973092031543837,-0.13432974394579716,0.13432974394579716,-88.19910875840958
Band-Power Envelope Coherence Change,BetaL,Fast,FC5,T8,0.2918870982703827,0.039632215253936606,-0.2522548830164461,0.2522548830164461,-86.42207364121855
Band-Power Envelope Coherence Change,BetaL,Fast,FC5,FT10,0.23334993307564253,0.026693540199523663,-0.20665639287611887,0.20665639287611887,-88.56072515312412
Band-Power Envelope Coherence Change,BetaL,Fast,FC5,FC6,0.5687685263994076,0.10657152152198617,-0.4621970048774214,0.4621970048774214,-81.26276040683231
Band-Power Envelope Coherence Change,BetaL,Fast,FC5,C4,0.39696921046965383,0.0596988106726006,-0.33727039979705326,0.33727039979705326,-84.96134987346474
Band-Power Envelope Coherence Change,BetaL,Fast,FC5,FC2,0.7262933314804605,0.25708000527785574,-0.46921332620260475,0.46921332620260475,-64.60383234500729
Band-Power Envelope Coherence Change,BetaL,Fast,FC5,F4,0.6708978430714498,0.2069251950483761,-0.46397264802307375,0.46397264802307375,-69.15697416747562
Band-Power Envelope Coherence Change,BetaL,Fast,FC5,F8,0.4607710383045569,0.07694987883722686,-0.38382115946733003,0.38382115946733003,-83.29975791873335
Band-Power Envelope Coherence Change,BetaL,Fast,FC5,Fp2,0.6066036366159238,0.13415463600721442,-0.4724490006087093,0.4724490006087093,-77.88430073455766
Band-Power Envelope Coherence Change,BetaL,Fast,FT9,T7,0.6580786562676167,0.06456539192575121,-0.5935132643418656,0.5935132643418656,-90.18880322119203
Band-Power Envelope Coherence Change,BetaL,Fast,FT9,CP5,0.14405560498818873,0.013381421117522333,-0.1306741838706664,0.1306741838706664,-90.71093337977409
Band-Power Envelope Coherence Change,BetaL,Fast,FT9,CP1,0.1708251248048439,0.06434783577394418,-0.10647728903089973,0.10647728903089973,-62.33116419645108
Band-Power Envelope Coherence Change,BetaL,Fast,FT9,P3,0.13009441884366563,0.10851347365158892,-0.021580945192076706,0.021580945192076706,-16.588678733413243
Band-Power Envelope Coherence Change,BetaL,Fast,FT9,P7,0.2241206094988486,0.22652302398155508,0.0024024144827064775,0.0024024144827064775,1.0719293009591873
Band-Power Envelope Coherence Change,BetaL,Fast,FT9,PO9,0.08532281211268292,0.011093788573461372,-0.07422902353922155,0.07422902353922155,-86.99786340983442
Band-Power Envelope Coherence Change,BetaL,Fast,FT9,O1,0.07530028470811653,0.08220551614657547,0.006905231438458934,0.006905231438458934,9.17025940237199
Band-Power Envelope Coherence Change,BetaL,Fast,FT9,Pz,0.22327010156661659,0.046487739448244594,-0.176782362118372,0.176782362118372,-79.17869919794249
Band-Power Envelope Coherence Change,BetaL,Fast,FT9,Oz,0.141206047319315,0.0355218112049745,-0.1056842361143405,0.1056842361143405,-74.84398729422149
Band-Power Envelope Coherence Change,BetaL,Fast,FT9,O2,0.14852318686313282,0.018759017139565397,-0.1297641697235674,0.1297641697235674,-87.36963733692825
Band-Power Envelope Coherence Change,BetaL,Fast,FT9,PO10,0.14565862860146778,0.01737823662598512,-0.12828039197548266,0.12828039197548266,-88.0692020837755
Band-Power Envelope Coherence Change,BetaL,Fast,FT9,P8,0.03498646429797042,0.003981546849123578,-0.03100491744884684,0.03100491744884684,-88.61975072641292
Band-Power Envelope Coherence Change,BetaL,Fast,FT9,P4,0.18927325218536714,0.015372234010598024,-0.1739010181747691,0.1739010181747691,-91.87828505448671
Band-Power Envelope Coherence Change,BetaL,Fast,FT9,CP2,0.2520179180192358,0.019390660416566216,-0.23262725760266956,0.23262725760266956,-92.30584056523863
Band-Power Envelope Coherence Change,BetaL,Fast,FT9,CP6,0.06966271678415771,0.009246791168190263,-0.060415925615967446,0.060415925615967446,-86.72634144195031
Band-Power Envelope Coherence Change,BetaL,Fast,FT9,T8,0.18576127996616543,0.03312614432152422,-0.1526351356446412,0.1526351356446412,-82.16735784359484
Band-Power Envelope Coherence Change,BetaL,Fast,FT9,FT10,0.17745220322765975,0.07641846425158019,-0.10103373897607956,0.10103373897607956,-56.93574784555353
Band-Power Envelope Coherence Change,BetaL,Fast,FT9,FC6,0.3689224796910192,0.04692279700511905,-0.3219996826859002,0.3219996826859002,-87.28112284065263
Band-Power Envelope Coherence Change,BetaL,Fast,FT9,C4,0.1537015532860173,0.017607059542605198,-0.13609449374341212,0.13609449374341212,-88.54464436683935
Band-Power Envelope Coherence Change,BetaL,Fast,FT9,FC2,0.40565697082002655,0.05060449122703865,-0.3550524795929879,0.3550524795929879,-87.52529973175544
Band-Power Envelope Coherence Change,BetaL,Fast,FT9,F4,0.44964098929189483,0.0795279339120591,-0.37011305537983574,0.37011305537983574,-82.31301509292969
Band-Power Envelope Coherence Change,BetaL,Fast,FT9,F8,0.39262805382935984,0.09816218548003341,-0.2944658683493264,0.2944658683493264,-74.99868271697781
Band-Power Envelope Coherence Change,BetaL,Fast,FT9,Fp2,0.5284827782517258,0.15355536179106583,-0.37492741646066,0.37492741646066,-70.94411244600204
Band-Power Envelope Coherence Change,BetaL,Fast,T7,CP5,0.4806404266992166,0.10291670921904215,-0.3777237174801744,0.3777237174801744,-78.58758783029977
Band-Power Envelope Coherence Change,BetaL,Fast,T7,CP1,0.28424430108040455,0.007880876846532677,-0.2763634242338719,0.2763634242338719,-97.2274283717993
Band-Power Envelope Coherence Change,BetaL,Fast,T7,P3,0.2326204895290025,0.006244877539316792,-0.2263756119896857,0.2263756119896857,-97.31542240670153
Band-Power Envelope Coherence Change,BetaL,Fast,T7,P7,0.19603032902612616,0.00838833504675867,-0.18764199397936748,0.18764199397936748,-95.72089936877028
Band-Power Envelope Coherence Change,BetaL,Fast,T7,PO9,0.04799059499969531,0.08899742238662922,0.04100682738693391,0.04100682738693391,85.44763278553695
Band-Power Envelope Coherence Change,BetaL,Fast,T7,O1,0.06869908802150321,0.024427952873103446,-0.04427113514839976,0.04427113514839976,-64.44210021324103
Band-Power Envelope Coherence Change,BetaL,Fast,T7,Pz,0.3064770327215073,0.0099587940669825,-0.29651823865452476,0.29651823865452476,-96.75055778942104
Band-Power Envelope Coherence Change,BetaL,Fast,T7,Oz,0.14044357872048463,0.015495109049189708,-0.12494846967129491,0.12494846967129491,-88.96702206654206
Band-Power Envelope Coherence Change,BetaL,Fast,T7,O2,0.12539263887735624,0.010561938474732788,-0.11483070040262346,0.11483070040262346,-91.57690709016565
Band-Power Envelope Coherence Change,BetaL,Fast,T7,PO10,0.16145324344461706,0.008979273766968058,-0.152473969677649,0.152473969677649,-94.43846801997002
Band-Power Envelope Coherence Change,BetaL,Fast,T7,P8,0.028149813518383686,0.005170628605130886,-0.0229791849132528,0.0229791849132528,-81.63174828226083
Band-Power Envelope Coherence Change,BetaL,Fast,T7,P4,0.27287904243065986,0.005620554261551692,-0.2672584881691082,0.2672584881691082,-97.94027631748969
Band-Power Envelope Coherence Change,BetaL,Fast,T7,CP2,0.3434574937984871,0.014095793542769587,-0.32936170025571754,0.32936170025571754,-95.8959132360525
Band-Power Envelope Coherence Change,BetaL,Fast,T7,CP6,0.10916886161994732,0.04322597145427619,-0.06594289016567113,0.06594289016567113,-60.404486395800305
Band-Power Envelope Coherence Change,BetaL,Fast,T7,T8,0.22820785905929716,0.018696933171019912,-0.20951092588827724,0.20951092588827724,-91.80705991104287
Band-Power Envelope Coherence Change,BetaL,Fast,T7,FT10,0.15154649147860727,0.013991150846027312,-0.13755534063257996,0.13755534063257996,-90.76775007489873
Band-Power Envelope Coherence Change,BetaL,Fast,T7,FC6,0.46449129505240594,0.02923431658271005,-0.4352569784696959,0.4352569784696959,-93.70616480995372
Band-Power Envelope Coherence Change,BetaL,Fast,T7,C4,0.2910890939437484,0.02984373526581248,-0.2612453586779359,0.2612453586779359,-89.74755980669629
Band-Power Envelope Coherence Change,BetaL,Fast,T7,FC2,0.6018111065068683,0.05199917910528882,-0.5498119274015795,0.5498119274015795,-91.35955143681028
Band-Power Envelope Coherence Change,BetaL,Fast,T7,F4,0.5496517494643072,0.038992779890802215,-0.510658969573505,0.510658969573505,-92.90591180164445
Band-Power Envelope Coherence Change,BetaL,Fast,T7,F8,0.37516707508767916,0.017506199624942348,-0.35766087546273684,0.35766087546273684,-95.33375906698342
Band-Power Envelope Coherence Change,BetaL,Fast,T7,Fp2,0.48261759622012834,0.035367161452500386,-0.44725043476762794,0.44725043476762794,-92.67180439969516
Band-Power Envelope Coherence Change,BetaL,Fast,CP5,CP1,0.3864921787058656,0.19748899795603186,-0.18900318074983374,0.18900318074983374,-48.90220065583059
Band-Power Envelope Coherence Change,BetaL,Fast,CP5,P3,0.49267870090426885,0.14940184820935798,-0.3432768526949109,0.3432768526949109,-69.67560238850514
Band-Power Envelope Coherence Change,BetaL,Fast,CP5,P7,0.16318627534316862,0.1265864037558075,-0.03659987158736114,0.03659987158736114,-22.42827805855261
Band-Power Envelope Coherence Change,BetaL,Fast,CP5,PO9,0.03223014655862619,0.01895424730792377,-0.013275899250702418,0.013275899250702418,-41.190936648562065
Band-Power Envelope Coherence Change,BetaL,Fast,CP5,O1,0.12579886946768945,0.014392871235544006,-0.11140599823214545,0.11140599823214545,-88.55882306697461
Band-Power Envelope Coherence Change,BetaL,Fast,CP5,Pz,0.3582284559422584,0.10861434186726557,-0.24961411407499282,0.24961411407499282,-69.68014682653443
Band-Power Envelope Coherence Change,BetaL,Fast,CP5,Oz,0.15307868504740185,0.010434185182472813,-0.14264449986492905,0.14264449986492905,-93.18377657918751
Band-Power Envelope Coherence Change,BetaL,Fast,CP5,O2,0.096128152279362,0.008088902026333155,-0.08803925025302885,0.08803925025302885,-91.58529334588097
Band-Power Envelope Coherence Change,BetaL,Fast,CP5,PO10,0.04405942119192988,0.022436267741427735,-0.02162315345050215,0.02162315345050215,-49.0772526409465
Band-Power Envelope Coherence Change,BetaL,Fast,CP5,P8,0.029599201442243636,0.00799081039400111,-0.021608391048242526,0.021608391048242526,-73.00329061379095
Band-Power Envelope Coherence Change,BetaL,Fast,CP5,P4,0.2753092250852524,0.03563270381797852,-0.2396765212672739,0.2396765212672739,-87.0572067438189
Band-Power Envelope Coherence Change,BetaL,Fast,CP5,CP2,0.34557420550657497,0.09048319189790108,-0.2550910136086739,0.2550910136086739,-73.81656661403234
Band-Power Envelope Coherence Change,BetaL,Fast,CP5,CP6,0.07032365675903056,0.010337045930285772,-0.05998661082874479,0.05998661082874479,-85.30075595228722
Band-Power Envelope Coherence Change,BetaL,Fast,CP5,T8,0.06241116205928278,0.00843939087466293,-0.05397177118461985,0.05397177118461985,-86.47775398470138
Band-Power Envelope Coherence Change,BetaL,Fast,CP5,FT10,0.035882331703098735,0.022752157414528032,-0.013130174288570703,0.013130174288570703,-36.59231065922287
Band-Power Envelope Coherence Change,BetaL,Fast,CP5,FC6,0.13083527260389224,0.03448289604691575,-0.0963523765569765,0.0963523765569765,-73.64403699351492
Band-Power Envelope Coherence Change,BetaL,Fast,CP5,C4,0.14488323464522684,0.043777390808028435,-0.10110584383719841,0.10110584383719841,-69.7843639982049
Band-Power Envelope Coherence Change,BetaL,Fast,CP5,FC2,0.21476920428690133,0.10553500272194571,-0.10923420156495561,0.10923420156495561,-50.861203275230345
Band-Power Envelope Coherence Change,BetaL,Fast,CP5,F4,0.12720684279192307,0.07290902065116014,-0.054297822140762925,0.054297822140762925,-42.684670847133496
Band-Power Envelope Coherence Change,BetaL,Fast,CP5,F8,0.0649486885250381,0.03027862976390495,-0.034670058761133146,0.034670058761133146,-53.38069104777633
Band-Power Envelope Coherence Change,BetaL,Fast,CP5,Fp2,0.08234870204542902,0.06977239682817005,-0.01257630521725897,0.01257630521725897,-15.272013893213574
Band-Power Envelope Coherence Change,BetaL,Fast,CP1,P3,0.8550738075758588,0.6432195479583532,-0.2118542596175056,0.2118542596175056,-24.776137187281428
Band-Power Envelope Coherence Change,BetaL,Fast,CP1,P7,0.23005489852158365,0.19318401635672913,-0.03687088216485451,0.03687088216485451,-16.026992862051706
Band-Power Envelope Coherence Change,BetaL,Fast,CP1,PO9,0.1884869833581674,0.01482412414457053,-0.17366285921359687,0.17366285921359687,-92.13520006503505
Band-Power Envelope Coherence Change,BetaL,Fast,CP1,O1,0.5319280436959735,0.26261514673754044,-0.269312896958433,0.269312896958433,-50.629572956367824
Band-Power Envelope Coherence Change,BetaL,Fast,CP1,Pz,0.8990184167812962,0.8503790395736833,-0.04863937720761291,0.04863937720761291,-5.41027595204931
Band-Power Envelope Coherence Change,BetaL,Fast,CP1,Oz,0.7345909613782797,0.2659265301285778,-0.4686644312497019,0.4686644312497019,-63.79937351398499
Band-Power Envelope Coherence Change,BetaL,Fast,CP1,O2,0.5974273867675493,0.18877684174701093,-0.4086505450205383,0.4086505450205383,-68.4017094079985
Band-Power Envelope Coherence Change,BetaL,Fast,CP1,PO10,0.23379291623244353,0.016673934251059723,-0.2171189819813838,0.2171189819813838,-92.86807550897647
Band-Power Envelope Coherence Change,BetaL,Fast,CP1,P8,0.13988411988987923,0.054884468824116635,-0.0849996510657626,0.0849996510657626,-60.764332029022846
Band-Power Envelope Coherence Change,BetaL,Fast,CP1,P4,0.867497046621722,0.5694256426373383,-0.2980714039843837,0.2980714039843837,-34.3599329986376
Band-Power Envelope Coherence Change,BetaL,Fast,CP1,CP2,0.8891300694579757,0.696664546744888,-0.1924655227130877,0.1924655227130877,-21.64649800117737
Band-Power Envelope Coherence Change,BetaL,Fast,CP1,CP6,0.18959639922616547,0.11692615094616729,-0.07267024827999818,0.07267024827999818,-38.32891794179667
Band-Power Envelope Coherence Change,BetaL,Fast,CP1,T8,0.1356257456034126,0.03293735943584361,-0.10268838616756898,0.10268838616756898,-75.71452286636142
Band-Power Envelope Coherence Change,BetaL,Fast,CP1,FT10,0.05994817090111137,0.07849454411092174,0.018546373209810375,0.018546373209810375,30.93734626266395
Band-Power Envelope Coherence Change,BetaL,Fast,CP1,FC6,0.17662621335167486,0.053827374791764374,-0.12279883855991049,0.12279883855991049,-69.52469637981176
Band-Power Envelope Coherence Change,BetaL,Fast,CP1,C4,0.22650182640864264,0.10011247004688448,-0.12638935636175816,0.12638935636175816,-55.80059038187761
Band-Power Envelope Coherence Change,BetaL,Fast,CP1,FC2,0.21925110909942291,0.09349879865832136,-0.12575231044110155,0.12575231044110155,-57.3553816706474
Band-Power Envelope Coherence Change,BetaL,Fast,CP1,F4,0.14021470982789386,0.08640316882301285,-0.053811541004881,0.053811541004881,-38.37795697108515
Band-Power Envelope Coherence Change,BetaL,Fast,CP1,F8,0.11438191788117633,0.06224082192356104,-0.052141095957615284,0.052141095957615284,-45.58508628241499
Band-Power Envelope Coherence Change,BetaL,Fast,CP1,Fp2,0.13515969717664,0.18193658737178015,0.04677689019514014,0.04677689019514014,34.60860831465721
Band-Power Envelope Coherence Change,BetaL,Fast,P3,P7,0.2972380184069825,0.25833630430441107,-0.03890171410257143,0.03890171410257143,-13.0877316135605
Band-Power Envelope Coherence Change,BetaL,Fast,P3,PO9,0.19654849223627466,0.005963553150510425,-0.19058493908576424,0.19058493908576424,-96.96586166464125
Band-Power Envelope Coherence Change,BetaL,Fast,P3,O1,0.5913067278221611,0.36310139954785436,-0.22820532827430673,0.22820532827430673,-38.59339282588728
Band-Power Envelope Coherence Change,BetaL,Fast,P3,Pz,0.8713893406867943,0.6303246118105501,-0.2410647288762442,0.2410647288762442,-27.664411029660588
Band-Power Envelope Coherence Change,BetaL,Fast,P3,Oz,0.6998452102325249,0.3146912331056132,-0.3851539771269117,0.3851539771269117,-55.034166340717476
Band-Power Envelope Coherence Change,BetaL,Fast,P3,O2,0.5378910969018046,0.18864006177652984,-0.3492510351252748,0.3492510351252748,-64.92969248550934
Band-Power Envelope Coherence Change,BetaL,Fast,P3,PO10,0.14236012725804398,0.007060122470132725,-0.13530000478791127,0.13530000478791127,-95.04066018616615
Band-Power Envelope Coherence Change,BetaL,Fast,P3,P8,0.07936142451823398,0.016127784428318657,-0.06323364008991533,0.06323364008991533,-79.67805577303726
Band-Power Envelope Coherence Change,BetaL,Fast,P3,P4,0.7301512829240269,0.2768241416878461,-0.4533271412361808,0.4533271412361808,-62.08674172573494
Band-Power Envelope Coherence Change,BetaL,Fast,P3,CP2,0.8109516352879874,0.3127840360939296,-0.49816759919405784,0.49816759919405784,-61.430001188313426
Band-Power Envelope Coherence Change,BetaL,Fast,P3,CP6,0.1233923296268609,0.025664685686909515,-0.0977276439399514,0.0977276439399514,-79.20074467795554
Band-Power Envelope Coherence Change,BetaL,Fast,P3,T8,0.05777071298328417,0.011126208487451461,-0.04664450449583271,0.04664450449583271,-80.7407457639119
Band-Power Envelope Coherence Change,BetaL,Fast,P3,FT10,0.04108596071010147,0.06086233332019908,0.01977637261009761,0.01977637261009761,48.1341369857158
Band-Power Envelope Coherence Change,BetaL,Fast,P3,FC6,0.08258348380081028,0.01291122059988766,-0.06967226320092262,0.06967226320092262,-84.36585621523395
Band-Power Envelope Coherence Change,BetaL,Fast,P3,C4,0.11938903091229944,0.020622044428655964,-0.09876698648364347,0.09876698648364347,-82.72701916493111
Band-Power Envelope Coherence Change,BetaL,Fast,P3,FC2,0.12261506298398703,0.018049060987455123,-0.1045660019965319,0.1045660019965319,-85.27989910194619
Band-Power Envelope Coherence Change,BetaL,Fast,P3,F4,0.06723665689327778,0.02117359976145225,-0.04606305713182553,0.04606305713182553,-68.50884511545495
Band-Power Envelope Coherence Change,BetaL,Fast,P3,F8,0.04843099150166716,0.02653533142562199,-0.021895660076045168,0.021895660076045168,-45.21001820764178
Band-Power Envelope Coherence Change,BetaL,Fast,P3,Fp2,0.059322364686835834,0.05215093208868114,-0.007171432598154691,0.007171432598154691,-12.088918970126787
Band-Power Envelope Coherence Change,BetaL,Fast,P7,PO9,0.3026129338250856,0.0369757376514072,-0.26563719617367837,0.26563719617367837,-87.78117736607395
Band-Power Envelope Coherence Change,BetaL,Fast,P7,O1,0.29158241430196863,0.19338578522477096,-0.09819662907719767,0.09819662907719767,-33.67714384019856
Band-Power Envelope Coherence Change,BetaL,Fast,P7,Pz,0.34563777148479957,0.1318099536780279,-0.21382781780677168,0.21382781780677168,-61.864713711179384
Band-Power Envelope Coherence Change,BetaL,Fast,P7,Oz,0.26837024024509676,0.08014859387643478,-0.18822164636866198,0.18822164636866198,-70.13506646518005
Band-Power Envelope Coherence Change,BetaL,Fast,P7,O2,0.2160792606636966,0.03824525535592579,-0.1778340053077708,0.1778340053077708,-82.30035810079418
Band-Power Envelope Coherence Change,BetaL,Fast,P7,PO10,0.1127413250736669,0.005852310155871676,-0.10688901491779522,0.10688901491779522,-94.8090816281894
Band-Power Envelope Coherence Change,BetaL,Fast,P7,P8,0.04267541953897129,0.011028070355616607,-0.031647349183354684,0.031647349183354684,-74.15826141897504
Band-Power Envelope Coherence Change,BetaL,Fast,P7,P4,0.20443879749580796,0.07176433949540953,-0.13267445800039843,0.13267445800039843,-64.89690784016616
Band-Power Envelope Coherence Change,BetaL,Fast,P7,CP2,0.3034640288782632,0.08444424030520412,-0.21901978857305907,0.21901978857305907,-72.17322902574409
Band-Power Envelope Coherence Change,BetaL,Fast,P7,CP6,0.07049694283919715,0.005367109346825555,-0.0651298334923716,0.0651298334923716,-92.38674879977722
Band-Power Envelope Coherence Change,BetaL,Fast,P7,T8,0.00979237191945512,0.0130587374290462,0.0032663655095910796,0.0032663655095910796,33.35622397165682
Band-Power Envelope Coherence Change,BetaL,Fast,P7,FT10,0.026592936499822098,0.03419371204073482,0.0076007755409127215,0.0076007755409127215,28.58193393183024
Band-Power Envelope Coherence Change,BetaL,Fast,P7,FC6,0.023363447834092575,0.016793599228530597,-0.006569848605561979,0.006569848605561979,-28.120201488305497
Band-Power Envelope Coherence Change,BetaL,Fast,P7,C4,0.01719744526181464,0.00914579801056625,-0.008051647251248392,0.008051647251248392,-46.81885668871028
Band-Power Envelope Coherence Change,BetaL,Fast,P7,FC2,0.03743367568496707,0.02430218603256519,-0.013131489652401879,0.013131489652401879,-35.07934877385106
Band-Power Envelope Coherence Change,BetaL,Fast,P7,F4,0.04228823095181427,0.03112223965791487,-0.011165991293899398,0.011165991293899398,-26.40448900930047
Band-Power Envelope Coherence Change,BetaL,Fast,P7,F8,0.03332492647447313,0.03904875496965829,0.005723828495185157,0.005723828495185157,17.17581732571745
Band-Power Envelope Coherence Change,BetaL,Fast,P7,Fp2,0.04039150519157079,0.129957403952461,0.08956589876089022,0.08956589876089022,221.74439485751452
Band-Power Envelope Coherence Change,BetaL,Fast,PO9,O1,0.41245015177904876,0.20266522554812605,-0.2097849262309227,0.2097849262309227,-50.863098322559324
Band-Power Envelope Coherence Change,BetaL,Fast,PO9,Pz,0.26788871837653927,0.02194683172156438,-0.24594188665497488,0.24594188665497488,-91.80748190720135
Band-Power Envelope Coherence Change,BetaL,Fast,PO9,Oz,0.41450136016633576,0.13429936876795834,-0.2802019913983774,0.2802019913983774,-67.59977609866824
Band-Power Envelope Coherence Change,BetaL,Fast,PO9,O2,0.34978346500378144,0.09017983828503645,-0.259603626718745,0.259603626718745,-74.21838156813344
Band-Power Envelope Coherence Change,BetaL,Fast,PO9,PO10,0.14467564376201258,0.04293539254190082,-0.10174025122011177,0.10174025122011177,-70.32299879547911
Band-Power Envelope Coherence Change,BetaL,Fast,PO9,P8,0.05808638157755505,0.012449294537681194,-0.04563708703987386,0.04563708703987386,-78.56761912246282
Band-Power Envelope Coherence Change,BetaL,Fast,PO9,P4,0.17861878744765414,0.02963206816060738,-0.14898671928704676,0.14898671928704676,-83.41044154199551
Band-Power Envelope Coherence Change,BetaL,Fast,PO9,CP2,0.24153183844419696,0.021557625894831157,-0.2199742125493658,0.2199742125493658,-91.07462352222694
Band-Power Envelope Coherence Change,BetaL,Fast,PO9,CP6,0.07388478675587107,0.008120874792762214,-0.06576391196310885,0.06576391196310885,-89.0087321770379
Band-Power Envelope Coherence Change,BetaL,Fast,PO9,T8,0.0449185867736728,0.007322493463915952,-0.03759609330975685,0.03759609330975685,-83.69829954621872
Band-Power Envelope Coherence Change,BetaL,Fast,PO9,FT10,0.09234431728244008,0.0034541571978284006,-0.08889016008461167,0.08889016008461167,-96.25948049703624
Band-Power Envelope Coherence Change,BetaL,Fast,PO9,FC6,0.053660937238322846,0.007431397552070178,-0.046229539686252666,0.046229539686252666,-86.15119687704053
Band-Power Envelope Coherence Change,BetaL,Fast,PO9,C4,0.071095775368144,0.0022956179801406854,-0.06880015738800331,0.06880015738800331,-96.77109087248341
Band-Power Envelope Coherence Change,BetaL,Fast,PO9,FC2,0.040977984934069255,0.014075023907383405,-0.02690296102668585,0.02690296102668585,-65.65223026454535
Band-Power Envelope Coherence Change,BetaL,Fast,PO9,F4,0.028969466363674284,0.013852265939067677,-0.015117200424606608,0.015117200424606608,-52.18322020443751
Band-Power Envelope Coherence Change,BetaL,Fast,PO9,F8,0.01925325465747178,0.01039355157149645,-0.00885970308597533,0.00885970308597533,-46.01665143683677
Band-Power Envelope Coherence Change,BetaL,Fast,PO9,Fp2,0.02323015510133347,0.01308278953573968,-0.010147365565593792,0.010147365565593792,-43.681867474967085
Band-Power Envelope Coherence Change,BetaL,Fast,O1,Pz,0.5990914709827947,0.31701435207940204,-0.28207711890339265,0.28207711890339265,-47.08414867610319
Band-Power Envelope Coherence Change,BetaL,Fast,O1,Oz,0.7562217462517415,0.7947516745356288,0.03852992828388724,0.03852992828388724,5.09505690293398
Band-Power Envelope Coherence Change,BetaL,Fast,O1,O2,0.5608738831827664,0.5656447161006296,0.004770832917863177,0.004770832917863177,0.8506070724474352
Band-Power Envelope Coherence Change,BetaL,Fast,O1,PO10,0.1093728854220141,0.03522322750433658,-0.07414965791767751,0.07414965791767751,-67.795283658808
Band-Power Envelope Coherence Change,BetaL,Fast,O1,P8,0.06561466395452287,0.03507149201821927,-0.030543171936303598,0.030543171936303598,-46.54930787647238
Band-Power Envelope Coherence Change,BetaL,Fast,O1,P4,0.4474936482661648,0.19634540335351022,-0.25114824491265453,0.25114824491265453,-56.12330943371827
Band-Power Envelope Coherence Change,BetaL,Fast,O1,CP2,0.5280380974783782,0.11703074710589356,-0.4110073503724846,0.4110073503724846,-77.83668495421665
Band-Power Envelope Coherence Change,BetaL,Fast,O1,CP6,0.07156312094595971,0.005354295060404528,-0.06620882588555518,0.06620882588555518,-92.51808055653724
Band-Power Envelope Coherence Change,BetaL,Fast,O1,T8,0.026712428303059664,0.01349639091720677,-0.013216037385852895,0.013216037385852895,-49.47523765310067
Band-Power Envelope Coherence Change,BetaL,Fast,O1,FT10,0.05530867499731336,0.011035021847178045,-0.04427365315013532,0.04427365315013532,-80.04829830453528
Band-Power Envelope Coherence Change,BetaL,Fast,O1,FC6,0.02690347374507157,0.023238802017703453,-0.0036646717273681184,0.0036646717273681184,-13.62155594512938
Band-Power Envelope Coherence Change,BetaL,Fast,O1,C4,0.04461279024728984,0.02279719788562429,-0.02181559236166555,0.02181559236166555,-48.89986087115636
Band-Power Envelope Coherence Change,BetaL,Fast,O1,FC2,0.034513586961074566,0.012217629145450954,-0.022295957815623612,0.022295957815623612,-64.60052338451418
Band-Power Envelope Coherence Change,BetaL,Fast,O1,F4,0.022021954552885768,0.013629694655788553,-0.008392259897097215,0.008392259897097215,-38.10860601379948
Band-Power Envelope Coherence Change,BetaL,Fast,O1,F8,0.01638751218421618,0.01437933198190837,-0.002008180202307811,0.002008180202307811,-12.25433232166877
Band-Power Envelope Coherence Change,BetaL,Fast,O1,Fp2,0.01808657057540134,0.032592899270606296,0.014506328695204955,0.014506328695204955,80.20497105700238
Band-Power Envelope Coherence Change,BetaL,Fast,Pz,Oz,0.8016032317188287,0.36232876413687753,-0.4392744675819512,0.4392744675819512,-54.799488100870285
Band-Power Envelope Coherence Change,BetaL,Fast,Pz,O2,0.7079422807065905,0.28297371577672276,-0.42496856492986773,0.42496856492986773,-60.0287024114043
Band-Power Envelope Coherence Change,BetaL,Fast,Pz,PO10,0.29045524346191753,0.02923947809268237,-0.2612157653692352,0.2612157653692352,-89.93322422271368
Band-Power Envelope Coherence Change,BetaL,Fast,Pz,P8,0.1264600700313968,0.09866622528362654,-0.027793844747770274,0.027793844747770274,-21.97835628342588
Band-Power Envelope Coherence Change,BetaL,Fast,Pz,P4,0.892495209443379,0.7031170001976852,-0.18937820924569382,0.18937820924569382,-21.218960868574637
Band-Power Envelope Coherence Change,BetaL,Fast,Pz,CP2,0.951837209120918,0.7639780755411743,-0.1878591335797437,0.1878591335797437,-19.736477181139364
Band-Power Envelope Coherence Change,BetaL,Fast,Pz,CP6,0.17650212764696288,0.17313937191907258,-0.0033627557278902986,0.0033627557278902986,-1.9052210716782045
Band-Power Envelope Coherence Change,BetaL,Fast,Pz,T8,0.10078548215368753,0.04744183463859577,-0.05334364751509176,0.05334364751509176,-52.9279082415344
Band-Power Envelope Coherence Change,BetaL,Fast,Pz,FT10,0.0504463166049414,0.10580241536083829,0.055356098755896886,0.055356098755896886,109.73268710460133
Band-Power Envelope Coherence Change,BetaL,Fast,Pz,FC6,0.13577530153251693,0.05349308705644267,-0.08228221447607426,0.08228221447607426,-60.60175418308199
Band-Power Envelope Coherence Change,BetaL,Fast,Pz,C4,0.1734940601463687,0.11550458341133285,-0.05798947673503585,0.05798947673503585,-33.4244738327715
Band-Power Envelope Coherence Change,BetaL,Fast,Pz,FC2,0.18357417475046572,0.07145342907131513,-0.11212074567915059,0.11212074567915059,-61.076535319609896
Band-Power Envelope Coherence Change,BetaL,Fast,Pz,F4,0.11874813381261752,0.06907979163749689,-0.04966834217512063,0.04966834217512063,-41.82662967444727
Band-Power Envelope Coherence Change,BetaL,Fast,Pz,F8,0.09297040393405237,0.07071659611130793,-0.022253807822744442,0.022253807822744442,-23.936443084113048
Band-Power Envelope Coherence Change,BetaL,Fast,Pz,Fp2,0.11447895622856136,0.12445123947760109,0.009972283249039732,0.009972283249039732,8.711018668906894
Band-Power Envelope Coherence Change,BetaL,Fast,Oz,O2,0.8360890197317365,0.8394075457423729,0.0033185260106363135,0.0033185260106363135,0.39691060788013693
Band-Power Envelope Coherence Change,BetaL,Fast,Oz,PO10,0.26880256601150243,0.14773472249852104,-0.12106784351298139,0.12106784351298139,-45.03969039782184
Band-Power Envelope Coherence Change,BetaL,Fast,Oz,P8,0.13240258642167607,0.12468969574491065,-0.0077128906767654215,0.0077128906767654215,-5.825332333162578
Band-Power Envelope Coherence Change,BetaL,Fast,Oz,P4,0.706743261432569,0.30523610347293095,-0.4015071579596381,0.4015071579596381,-56.81089298903011
Band-Power Envelope Coherence Change,BetaL,Fast,Oz,CP2,0.7478915282081606,0.16320472174402512,-0.5846868064641355,0.5846868064641355,-78.17802240185286
Band-Power Envelope Coherence Change,BetaL,Fast,Oz,CP6,0.11160361941405945,0.026848245473239454,-0.08475537394082,0.08475537394082,-75.94321258199517
Band-Power Envelope Coherence Change,BetaL,Fast,Oz,T8,0.05342708724466623,0.004527754695592823,-0.04889933254907341,0.04889933254907341,-91.52535739996786
Band-Power Envelope Coherence Change,BetaL,Fast,Oz,FT10,0.038855546174049904,0.022659495466914332,-0.016196050707135572,0.016196050707135572,-41.682725638669005
Band-Power Envelope Coherence Change,BetaL,Fast,Oz,FC6,0.05100938700211487,0.0068393364647590885,-0.04417005053735578,0.04417005053735578,-86.59200420409772
Band-Power Envelope Coherence Change,BetaL,Fast,Oz,C4,0.07519041261656456,0.009786320247202294,-0.06540409236936226,0.06540409236936226,-86.98461691238762
Band-Power Envelope Coherence Change,BetaL,Fast,Oz,FC2,0.069107153576501,0.006407998214032037,-0.06269915536246896,0.06269915536246896,-90.72744588309742
Band-Power Envelope Coherence Change,BetaL,Fast,Oz,F4,0.042258487028475275,0.005284821836193656,-0.03697366519228162,0.03697366519228162,-87.49405809859553
Band-Power Envelope Coherence Change,BetaL,Fast,Oz,F8,0.0399398815660911,0.03105612054840983,-0.00888376101768127,0.00888376101768127,-22.2428326508198
Band-Power Envelope Coherence Change,BetaL,Fast,Oz,Fp2,0.05462150961230702,0.016933262081708235,-0.03768824753059879,0.03768824753059879,-68.9989123297813
Band-Power Envelope Coherence Change,BetaL,Fast,O2,PO10,0.4657091349483733,0.25154562982097955,-0.21416350512739374,0.21416350512739374,-45.98653731607285
Band-Power Envelope Coherence Change,BetaL,Fast,O2,P8,0.23798538284406473,0.26666229468120095,0.02867691183713622,0.02867691183713622,12.049862682501892
Band-Power Envelope Coherence Change,BetaL,Fast,O2,P4,0.6961007968187733,0.34503632848898813,-0.3510644683297852,0.3510644683297852,-50.43299331564811
Band-Power Envelope Coherence Change,BetaL,Fast,O2,CP2,0.6855201304902152,0.15698449735143982,-0.5285356331387754,0.5285356331387754,-77.09994347807404
Band-Power Envelope Coherence Change,BetaL,Fast,O2,CP6,0.13866102814818287,0.04660046838001462,-0.09206055976816825,0.09206055976816825,-66.39252643488689
Band-Power Envelope Coherence Change,BetaL,Fast,O2,T8,0.04871709799011464,0.007122573758626755,-0.04159452423148788,0.04159452423148788,-85.37972487591107
Band-Power Envelope Coherence Change,BetaL,Fast,O2,FT10,0.05101518895389655,0.006388354783197257,-0.04462683417069929,0.04462683417069929,-87.47754362142902
Band-Power Envelope Coherence Change,BetaL,Fast,O2,FC6,0.041151903578870906,0.00936326677028186,-0.031788636808589045,0.031788636808589045,-77.24706281852451
Band-Power Envelope Coherence Change,BetaL,Fast,O2,C4,0.0671584157083148,0.012378232142366274,-0.05478018356594852,0.05478018356594852,-81.56860609081679
Band-Power Envelope Coherence Change,BetaL,Fast,O2,FC2,0.05478682877286427,0.009599784575012945,-0.04518704419785132,0.04518704419785132,-82.4779334923512
Band-Power Envelope Coherence Change,BetaL,Fast,O2,F4,0.03387682212261573,0.005553363410002818,-0.028323458712612912,0.028323458712612912,-83.60718903944812
Band-Power Envelope Coherence Change,BetaL,Fast,O2,F8,0.030428601401145262,0.01057110919542809,-0.01985749220571717,0.01985749220571717,-65.25929977501293
Band-Power Envelope Coherence Change,BetaL,Fast,O2,Fp2,0.04496374886224403,0.005396349447408381,-0.03956739941483565,0.03956739941483565,-87.99844411563359
Band-Power Envelope Coherence Change,BetaL,Fast,PO10,P8,0.5043607004148405,0.536288138538703,0.03192743812386256,0.03192743812386256,6.330278726633935
Band-Power Envelope Coherence Change,BetaL,Fast,PO10,P4,0.3599242313897393,0.10749114103433047,-0.25243309035540884,0.25243309035540884,-70.13506408854839
Band-Power Envelope Coherence Change,BetaL,Fast,PO10,CP2,0.3209365209468106,0.036923976256253065,-0.28401254469055753,0.28401254469055753,-88.49492848388778
Band-Power Envelope Coherence Change,BetaL,Fast,PO10,CP6,0.16625490814451938,0.1383156826143278,-0.02793922553019157,0.02793922553019157,-16.80505306099295
Band-Power Envelope Coherence Change,BetaL,Fast,PO10,T8,0.11903808680730997,0.05087161456992419,-0.06816647223738578,0.06816647223738578,-57.264421888541115
Band-Power Envelope Coherence Change,BetaL,Fast,PO10,FT10,0.06718384850649015,0.044654380377230504,-0.02252946812925964,0.02252946812925964,-33.53405413666237
Band-Power Envelope Coherence Change,BetaL,Fast,PO10,FC6,0.10053946114978946,0.03076076610964531,-0.06977869504014414,0.06977869504014414,-69.40428588152452
Band-Power Envelope Coherence Change,BetaL,Fast,PO10,C4,0.08993890971148497,0.03218885682504688,-0.057750052886438086,0.057750052886438086,-64.21031016686157
Band-Power Envelope Coherence Change,BetaL,Fast,PO10,FC2,0.11339960293430909,0.0162854361630617,-0.09711416677124739,0.09711416677124739,-85.63889489763412
Band-Power Envelope Coherence Change,BetaL,Fast,PO10,F4,0.1069787039468794,0.023032334368970966,-0.08394636957790844,0.08394636957790844,-78.4701688100393
Band-Power Envelope Coherence Change,BetaL,Fast,PO10,F8,0.08181117332456614,0.0647757965461262,-0.017035376778439942,0.017035376778439942,-20.82279973036957
Band-Power Envelope Coherence Change,BetaL,Fast,PO10,Fp2,0.09836431585912822,0.013522244716015885,-0.08484207114311233,0.08484207114311233,-86.25289608542424
Band-Power Envelope Coherence Change,BetaL,Fast,P8,P4,0.23027072640386229,0.32299222403517275,0.09272149763131046,0.09272149763131046,40.266298317351065
Band-Power Envelope Coherence Change,BetaL,Fast,P8,CP2,0.15212258754256314,0.15588934116122283,0.0037667536186596906,0.0037667536186596906,2.476130388990242
Band-Power Envelope Coherence Change,BetaL,Fast,P8,CP6,0.3732319313145071,0.3807961607407768,0.00756422942626972,0.00756422942626972,2.026683354671403
Band-Power Envelope Coherence Change,BetaL,Fast,P8,T8,0.12065975328259443,0.1470813886145057,0.026421635331911275,0.026421635331911275,21.897637458307887
Band-Power Envelope Coherence Change,BetaL,Fast,P8,FT10,0.07775480811419014,0.021430053111092893,-0.05632475500309725,0.05632475500309725,-72.43893512074408
Band-Power Envelope Coherence Change,BetaL,Fast,P8,FC6,0.058249355243326424,0.05962214556660998,0.0013727903232835584,0.0013727903232835584,2.356747671367294
Band-Power Envelope Coherence Change,BetaL,Fast,P8,C4,0.1401501542867642,0.09466735178432178,-0.04548280250244241,0.04548280250244241,-32.45290933421243
Band-Power Envelope Coherence Change,BetaL,Fast,P8,FC2,0.05981715928618678,0.015208797330225302,-0.044608361955961476,0.044608361955961476,-74.57452424736363
Band-Power Envelope Coherence Change,BetaL,Fast,P8,F4,0.03686685427398586,0.014374064572096081,-0.022492789701889778,0.022492789701889778,-61.01087316734054
Band-Power Envelope Coherence Change,BetaL,Fast,P8,F8,0.035244069893742694,0.04624393205497537,0.010999862161232679,0.010999862161232679,31.21053327381358
Band-Power Envelope Coherence Change,BetaL,Fast,P8,Fp2,0.03129409363616738,0.00662627090623768,-0.0246678227299297,0.0246678227299297,-78.82580980527415
Band-Power Envelope Coherence Change,BetaL,Fast,P4,CP2,0.9253817612687945,0.7939204077191802,-0.1314613535496143,0.1314613535496143,-14.206175121645702
Band-Power Envelope Coherence Change,BetaL,Fast,P4,CP6,0.2717525218469419,0.3839569256765216,0.11220440382957975,0.11220440382957975,41.289185861824755
Band-Power Envelope Coherence Change,BetaL,Fast,P4,T8,0.15355433732844043,0.08929483974119666,-0.06425949758724377,0.06425949758724377,-41.848051123295754
Band-Power Envelope Coherence Change,BetaL,Fast,P4,FT10,0.06645127624851857,0.09101278403623794,0.024561507787719372,0.024561507787719372,36.96167955580377
Band-Power Envelope Coherence Change,BetaL,Fast,P4,FC6,0.18457949566848392,0.08023407708992586,-0.10434541857855806,0.10434541857855806,-56.53142468542054
Band-Power Envelope Coherence Change,BetaL,Fast,P4,C4,0.25951490693953383,0.1882165401736414,-0.07129836676589243,0.07129836676589243,-27.473707621159786
Band-Power Envelope Coherence Change,BetaL,Fast,P4,FC2,0.22746307548233963,0.08115433008553619,-0.14630874539680344,0.14630874539680344,-64.3219762533119
Band-Power Envelope Coherence Change,BetaL,Fast,P4,F4,0.15182572967245683,0.07762679680731316,-0.07419893286514367,0.07419893286514367,-48.871118897447545
Band-Power Envelope Coherence Change,BetaL,Fast,P4,F8,0.1254058791876254,0.09317123937685409,-0.03223463981077132,0.03223463981077132,-25.70424929005411
Band-Power Envelope Coherence Change,BetaL,Fast,P4,Fp2,0.1472558714804465,0.14491145415298806,-0.002344417327458437,0.002344417327458437,-1.592070525873559
Band-Power Envelope Coherence Change,BetaL,Fast,CP2,CP6,0.22372909492505094,0.3718807733939472,0.14815167846889626,0.14815167846889626,66.21922755219965
Band-Power Envelope Coherence Change,BetaL,Fast,CP2,T8,0.14196583619148617,0.12373287158857449,-0.018232964602911683,0.018232964602911683,-12.843205867021922
Band-Power Envelope Coherence Change,BetaL,Fast,CP2,FT10,0.0644602159857485,0.12124189735460658,0.056781681368858083,0.056781681368858083,88.08794773727091
Band-Power Envelope Coherence Change,BetaL,Fast,CP2,FC6,0.1851380713677977,0.1516828806686792,-0.03345519069911851,0.03345519069911851,-18.070400351452292
Band-Power Envelope Coherence Change,BetaL,Fast,CP2,C4,0.23500898361538317,0.3133146781756416,0.07830569456025846,0.07830569456025846,33.32029837991808
Band-Power Envelope Coherence Change,BetaL,Fast,CP2,FC2,0.2417709712735424,0.19026096928253708,-0.05151000199100533,0.05151000199100533,-21.30528810786235
Band-Power Envelope Coherence Change,BetaL,Fast,CP2,F4,0.16326169884723207,0.15719757117924987,-0.0060641276679822,0.0060641276679822,-3.714360263797421
Band-Power Envelope Coherence Change,BetaL,Fast,CP2,F8,0.13738156566579895,0.10877427368127655,-0.0286072919845224,0.0286072919845224,-20.823239163043084
Band-Power Envelope Coherence Change,BetaL,Fast,CP2,Fp2,0.16423188814109071,0.21165681402984984,0.04742492588875913,0.04742492588875913,28.876807315286197
Band-Power Envelope Coherence Change,BetaL,Fast,CP6,T8,0.5321174457082485,0.6025267842063066,0.07040933849805808,0.07040933849805808,13.231916951030094
Band-Power Envelope Coherence Change,BetaL,Fast,CP6,FT10,0.3862644093787182,0.15933212367554905,-0.22693228570316915,0.22693228570316915,-58.750503591095885
Band-Power Envelope Coherence Change,BetaL,Fast,CP6,FC6,0.42661608222702113,0.4928103958026486,0.0661943135756275,0.0661943135756275,15.516131794675898
Band-Power Envelope Coherence Change,BetaL,Fast,CP6,C4,0.6425527878344583,0.6464847303490505,0.003931942514592168,0.003931942514592168,0.6119252128441717
Band-Power Envelope Coherence Change,BetaL,Fast,CP6,FC2,0.3849077754817936,0.24285858658629922,-0.1420491888954944,0.1420491888954944,-36.90473353459533
Band-Power Envelope Coherence Change,BetaL,Fast,CP6,F4,0.28722913812357453,0.26133062910997856,-0.02589850901359597,0.02589850901359597,-9.016671909677095
Band-Power Envelope Coherence Change,BetaL,Fast,CP6,F8,0.26789440968822115,0.20882545745175352,-0.05906895223646763,0.05906895223646763,-22.049341121083046
Band-Power Envelope Coherence Change,BetaL,Fast,CP6,Fp2,0.211337075855585,0.0565006951483983,-0.1548363807071867,0.1548363807071867,-73.26512874295305
Band-Power Envelope Coherence Change,BetaL,Fast,T8,FT10,0.5931033211833654,0.3327933795055194,-0.260309941677846,0.260309941677846,-43.88947631560604
Band-Power Envelope Coherence Change,BetaL,Fast,T8,FC6,0.7192137189591981,0.7933591043871389,0.0741453854279408,0.0741453854279408,10.309228463444699
Band-Power Envelope Coherence Change,BetaL,Fast,T8,C4,0.5674180876909531,0.6091562506204942,0.04173816292954102,0.04173816292954102,7.355804094894117
Band-Power Envelope Coherence Change,BetaL,Fast,T8,FC2,0.547924713091803,0.3831886627970248,-0.16473605029477822,0.16473605029477822,-30.065453584893742
Band-Power Envelope Coherence Change,BetaL,Fast,T8,F4,0.5443166915169727,0.4639828973306079,-0.08033379418636483,0.08033379418636483,-14.758649778400168
Band-Power Envelope Coherence Change,BetaL,Fast,T8,F8,0.577126015971293,0.42653012210069674,-0.15059589387059624,0.15059589387059624,-26.094109380452377
Band-Power Envelope Coherence Change,BetaL,Fast,T8,Fp2,0.45313176499620733,0.13758319959805665,-0.3155485653981507,0.3155485653981507,-69.63726442810554
Band-Power Envelope Coherence Change,BetaL,Fast,FT10,FC6,0.6065114792936194,0.2898405639349043,-0.31667091535871505,0.31667091535871505,-52.211858500605715
Band-Power Envelope Coherence Change,BetaL,Fast,FT10,C4,0.439899747276154,0.17947030254576288,-0.2604294447303911,0.2604294447303911,-59.2019991698023
Band-Power Envelope Coherence Change,BetaL,Fast,FT10,FC2,0.4489668502997852,0.16609731474898348,-0.28286953555080174,0.28286953555080174,-63.004548189231215
Band-Power Envelope Coherence Change,BetaL,Fast,FT10,F4,0.47224064622594186,0.2711545838911854,-0.20108606233475645,0.20108606233475645,-42.58126951625158
Band-Power Envelope Coherence Change,BetaL,Fast,FT10,F8,0.6774256163982029,0.5195515117455493,-0.1578741046526536,0.1578741046526536,-23.305009558400343
Band-Power Envelope Coherence Change,BetaL,Fast,FT10,Fp2,0.5166307337592531,0.29966632393976816,-0.2169644098194849,0.2169644098194849,-41.99603229965584
Band-Power Envelope Coherence Change,BetaL,Fast,FC6,C4,0.7051549787885826,0.742664453509339,0.037509474720756386,0.037509474720756386,5.319323531572534
Band-Power Envelope Coherence Change,BetaL,Fast,FC6,FC2,0.8801724291269248,0.6822251631123564,-0.19794726601456847,0.19794726601456847,-22.489600840021723
Band-Power Envelope Coherence Change,BetaL,Fast,FC6,F4,0.8781238623769285,0.7664941294467884,-0.11162973293014011,0.11162973293014011,-12.712299222569564
Band-Power Envelope Coherence Change,BetaL,Fast,FC6,F8,0.7786422246564719,0.49219317006559204,-0.2864490545908799,0.2864490545908799,-36.78827650494525
Band-Power Envelope Coherence Change,BetaL,Fast,FC6,Fp2,0.724257066638806,0.2599733410234368,-0.4642837256153692,0.4642837256153692,-64.10482506854324
Band-Power Envelope Coherence Change,BetaL,Fast,C4,FC2,0.7128652693492765,0.5992220184111665,-0.11364325093811001,0.11364325093811001,-15.94175727509446
Band-Power Envelope Coherence Change,BetaL,Fast,C4,F4,0.5814069263055129,0.529621677024637,-0.05178524928087591,0.05178524928087591,-8.906885511312987
Band-Power Envelope Coherence Change,BetaL,Fast,C4,F8,0.46389874562099753,0.24307523378101842,-0.22082351183997911,0.22082351183997911,-47.60166176874955
Band-Power Envelope Coherence Change,BetaL,Fast,C4,Fp2,0.4290137449332602,0.13250834232802314,-0.29650540260523706,0.29650540260523706,-69.11326411030562
Band-Power Envelope Coherence Change,BetaL,Fast,FC2,F4,0.8819283187333181,0.8473410773700764,-0.03458724136324176,0.03458724136324176,-3.92177466451221
Band-Power Envelope Coherence Change,BetaL,Fast,FC2,F8,0.6648517483962972,0.3242359880882214,-0.34061576030807583,0.34061576030807583,-51.231836440181176
Band-Power Envelope Coherence Change,BetaL,Fast,FC2,Fp2,0.7010156000578325,0.3285444126725062,-0.37247118738532625,0.37247118738532625,-53.13308111183233
Band-Power Envelope Coherence Change,BetaL,Fast,F4,F8,0.7281691748329803,0.5217337610705415,-0.2064354137624388,0.2064354137624388,-28.349924838522416
Band-Power Envelope Coherence Change,BetaL,Fast,F4,Fp2,0.7762921164081356,0.46076761485698337,-0.3155245015511522,0.3155245015511522,-40.64507353379655
Band-Power Envelope Coherence Change,BetaL,Fast,F8,Fp2,0.80467636369538,0.4959530791938177,-0.3087232845015623,0.3087232845015623,-38.366143014787646
