Dataset,Metric,Band,Envelope_Band,Channel_A,Channel_B,Value
MODULATION_DATASET,Band-Power Envelope Coherence,Theta,UltraSlow,Cz,Fz,0.6586110791842074
MODULATION_DATASET,Band-Power Envelope Coherence,Theta,UltraSlow,Cz,Fp1,0.17004103712318375
MODULATION_DATASET,Band-Power Envelope Coherence,Theta,UltraSlow,Cz,F7,0.14978391504825928
MODULATION_DATASET,Band-Power Envelope Coherence,Theta,UltraSlow,Cz,F3,0.5346014623823705
MODULATION_DATASET,Band-Power Envelope Coherence,Theta,UltraSlow,Cz,FC1,0.7850898420047929
MODULATION_DATASET,Band-Power Envelope Coherence,Theta,UltraSlow,Cz,C3,0.1607433331897989
MODULATION_DATASET,Band-Power Envelope Coherence,Theta,UltraSlow,Cz,FC5,0.2371941127991441
MODULATION_DATASET,Band-Power Envelope Coherence,Theta,UltraSlow,Cz,FT9,0.03955046108098148
MODULATION_DATASET,Band-Power Envelope Coherence,Theta,UltraSlow,Cz,T7,0.046793295796225015
MODULATION_DATASET,Band-Power Envelope Coherence,Theta,UltraSlow,Cz,CP5,0.1508474739435915
MODULATION_DATASET,Band-Power Envelope Coherence,Theta,UltraSlow,Cz,CP1,0.3895964264142476
MODULATION_DATASET,Band-Power Envelope Coherence,Theta,UltraSlow,Cz,P3,0.21185574740777602
MODULATION_DATASET,Band-Power Envelope Coherence,Theta,UltraSlow,Cz,P7,0.034551922406448284
MODULATION_DATASET,Band-Power Envelope Coherence,Theta,UltraSlow,Cz,PO9,0.07161381423142489
MODULATION_DATASET,Band-Power Envelope Coherence,Theta,UltraSlow,Cz,O1,0.05391158026427909
MODULATION_DATASET,Band-Power Envelope Coherence,Theta,UltraSlow,Cz,Pz,0.40088800451183465
MODULATION_DATASET,Band-Power Envelope Coherence,Theta,UltraSlow,Cz,Oz,0.09318228308874192
MODULATION_DATASET,Band-Power Envelope Coherence,Theta,UltraSlow,Cz,O2,0.04007881932684881
MODULATION_DATASET,Band-Power Envelope Coherence,Theta,UltraSlow,Cz,PO10,0.004455453084264974
MODULATION_DATASET,Band-Power Envelope Coherence,Theta,UltraSlow,Cz,P8,0.09285984434951251
MODULATION_DATASET,Band-Power Envelope Coherence,Theta,UltraSlow,Cz,P4,0.4244393001136185
MODULATION_DATASET,Band-Power Envelope Coherence,Theta,UltraSlow,Cz,CP2,0.3561942067384091
MODULATION_DATASET,Band-Power Envelope Coherence,Theta,UltraSlow,Cz,CP6,0.412949881919689
MODULATION_DATASET,Band-Power Envelope Coherence,Theta,UltraSlow,Cz,T8,0.36789683668878753
MODULATION_DATASET,Band-Power Envelope Coherence,Theta,UltraSlow,Cz,FT10,0.01865268727334901
MODULATION_DATASET,Band-Power Envelope Coherence,Theta,UltraSlow,Cz,FC6,0.5142615866654077
MODULATION_DATASET,Band-Power Envelope Coherence,Theta,UltraSlow,Cz,C4,0.6459904465739901
MODULATION_DATASET,Band-Power Envelope Coherence,Theta,UltraSlow,Cz,FC2,0.7548246625163855
MODULATION_DATASET,Band-Power Envelope Coherence,Theta,UltraSlow,Cz,F4,0.6135400258211197
MODULATION_DATASET,Band-Power Envelope Coherence,Theta,UltraSlow,Cz,F8,0.07391470033822709
MODULATION_DATASET,Band-Power Envelope Coherence,Theta,UltraSlow,Cz,Fp2,0.30347806153473517
MODULATION_DATASET,Band-Power Envelope Coherence,Theta,UltraSlow,Fz,Fp1,0.23244777780346543
MODULATION_DATASET,Band-Power Envelope Coherence,Theta,UltraSlow,Fz,F7,0.25469660065073757
MODULATION_DATASET,Band-Power Envelope Coherence,Theta,UltraSlow,Fz,F3,0.7154686287585221
MODULATION_DATASET,Band-Power Envelope Coherence,Theta,UltraSlow,Fz,FC1,0.8481665005447422
MODULATION_DATASET,Band-Power Envelope Coherence,Theta,UltraSlow,Fz,C3,0.11922769097509857
MODULATION_DATASET,Band-Power Envelope Coherence,Theta,UltraSlow,Fz,FC5,0.2893242824995346
MODULATION_DATASET,Band-Power Envelope Coherence,Theta,UltraSlow,Fz,FT9,0.060253407166896616
MODULATION_DATASET,Band-Power Envelope Coherence,Theta,UltraSlow,Fz,T7,0.05402753519403611
MODULATION_DATASET,Band-Power Envelope Coherence,Theta,UltraSlow,Fz,CP5,0.08018194389437677
MODULATION_DATASET,Band-Power Envelope Coherence,Theta,UltraSlow,Fz,CP1,0.2232932665161539
MODULATION_DATASET,Band-Power Envelope Coherence,Theta,UltraSlow,Fz,P3,0.11936211802117452
MODULATION_DATASET,Band-Power Envelope Coherence,Theta,UltraSlow,Fz,P7,0.046354067414854774
MODULATION_DATASET,Band-Power Envelope Coherence,Theta,UltraSlow,Fz,PO9,0.08946911204516549
MODULATION_DATASET,Band-Power Envelope Coherence,Theta,UltraSlow,Fz,O1,0.036330521563230696
MODULATION_DATASET,Band-Power Envelope Coherence,Theta,UltraSlow,Fz,Pz,0.22053191142001094
MODULATION_DATASET,Band-Power Envelope Coherence,Theta,UltraSlow,Fz,Oz,0.05871027167388252
MODULATION_DATASET,Band-Power Envelope Coherence,Theta,UltraSlow,Fz,O2,0.02605834290034248
MODULATION_DATASET,Band-Power Envelope Coherence,Theta,UltraSlow,Fz,PO10,0.004312564583365207
MODULATION_DATASET,Band-Power Envelope Coherence,Theta,UltraSlow,Fz,P8,0.0779443375324505
MODULATION_DATASET,Band-Power Envelope Coherence,Theta,UltraSlow,Fz,P4,0.2621368029945222
MODULATION_DATASET,Band-Power Envelope Coherence,Theta,UltraSlow,Fz,CP2,0.18438359086868014
MODULATION_DATASET,Band-Power Envelope Coherence,Theta,UltraSlow,Fz,CP6,0.29488305498788003
MODULATION_DATASET,Band-Power Envelope Coherence,Theta,UltraSlow,Fz,T8,0.31933893687944703
MODULATION_DATASET,Band-Power Envelope Coherence,Theta,UltraSlow,Fz,FT10,0.020862628742772824
MODULATION_DATASET,Band-Power Envelope Coherence,Theta,UltraSlow,Fz,FC6,0.5485127988508108
MODULATION_DATASET,Band-Power Envelope Coherence,Theta,UltraSlow,Fz,C4,0.5254945048268878
MODULATION_DATASET,Band-Power Envelope Coherence,Theta,UltraSlow,Fz,FC2,0.8195849198309042
MODULATION_DATASET,Band-Power Envelope Coherence,Theta,UltraSlow,Fz,F4,0.8220851151328261
MODULATION_DATASET,Band-Power Envelope Coherence,Theta,UltraSlow,Fz,F8,0.1176846666751691
MODULATION_DATASET,Band-Power Envelope Coherence,Theta,UltraSlow,Fz,Fp2,0.3859264488135773
MODULATION_DATASET,Band-Power Envelope Coherence,Theta,UltraSlow,Fp1,F7,0.2771765023879333
MODULATION_DATASET,Band-Power Envelope Coherence,Theta,UltraSlow,Fp1,F3,0.24801208424599094
MODULATION_DATASET,Band-Power Envelope Coherence,Theta,UltraSlow,Fp1,FC1,0.1908351302023719
MODULATION_DATASET,Band-Power Envelope Coherence,Theta,UltraSlow,Fp1,C3,0.061293306001521074
MODULATION_DATASET,Band-Power Envelope Coherence,Theta,UltraSlow,Fp1,FC5,0.0973453291316812
MODULATION_DATASET,Band-Power Envelope Coherence,Theta,UltraSlow,Fp1,FT9,0.02991517733444425
MODULATION_DATASET,Band-Power Envelope Coherence,Theta,UltraSlow,Fp1,T7,0.015880231934425032
MODULATION_DATASET,Band-Power Envelope Coherence,Theta,UltraSlow,Fp1,CP5,0.01974982735182081
MODULATION_DATASET,Band-Power Envelope Coherence,Theta,UltraSlow,Fp1,CP1,0.06680608131773787
MODULATION_DATASET,Band-Power Envelope Coherence,Theta,UltraSlow,Fp1,P3,0.03876629417903729
MODULATION_DATASET,Band-Power Envelope Coherence,Theta,UltraSlow,Fp1,P7,0.020350605654078254
MODULATION_DATASET,Band-Power Envelope Coherence,Theta,UltraSlow,Fp1,PO9,0.02681093794588494
MODULATION_DATASET,Band-Power Envelope Coherence,Theta,UltraSlow,Fp1,O1,0.021637090686340617
MODULATION_DATASET,Band-Power Envelope Coherence,Theta,UltraSlow,Fp1,Pz,0.06163106161640704
MODULATION_DATASET,Band-Power Envelope Coherence,Theta,UltraSlow,Fp1,Oz,0.03193940167397293
MODULATION_DATASET,Band-Power Envelope Coherence,Theta,UltraSlow,Fp1,O2,0.021760856011748753
MODULATION_DATASET,Band-Power Envelope Coherence,Theta,UltraSlow,Fp1,PO10,0.0010868559342332032
MODULATION_DATASET,Band-Power Envelope Coherence,Theta,UltraSlow,Fp1,P8,0.03552499795577306
MODULATION_DATASET,Band-Power Envelope Coherence,Theta,UltraSlow,Fp1,P4,0.08542958596279943
MODULATION_DATASET,Band-Power Envelope Coherence,Theta,UltraSlow,Fp1,CP2,0.04683765620315588
MODULATION_DATASET,Band-Power Envelope Coherence,Theta,UltraSlow,Fp1,CP6,0.11965766488479211
MODULATION_DATASET,Band-Power Envelope Coherence,Theta,UltraSlow,Fp1,T8,0.14455083411503714
MODULATION_DATASET,Band-Power Envelope Coherence,Theta,UltraSlow,Fp1,FT10,0.011555862330121442
MODULATION_DATASET,Band-Power Envelope Coherence,Theta,UltraSlow,Fp1,FC6,0.16844234335428165
MODULATION_DATASET,Band-Power Envelope Coherence,Theta,UltraSlow,Fp1,C4,0.1542972758009872
MODULATION_DATASET,Band-Power Envelope Coherence,Theta,UltraSlow,Fp1,FC2,0.19636748279752736
MODULATION_DATASET,Band-Power Envelope Coherence,Theta,UltraSlow,Fp1,F4,0.25139131308970825
MODULATION_DATASET,Band-Power Envelope Coherence,Theta,UltraSlow,Fp1,F8,0.07119269285273346
MODULATION_DATASET,Band-Power Envelope Coherence,Theta,UltraSlow,Fp1,Fp2,0.7390104167454865
MODULATION_DATASET,Band-Power Envelope Coherence,Theta,UltraSlow,F7,F3,0.2990293147604913
MODULATION_DATASET,Band-Power Envelope Coherence,Theta,UltraSlow,F7,FC1,0.2117554225854442
MODULATION_DATASET,Band-Power Envelope Coherence,Theta,UltraSlow,F7,C3,0.03873164546554988
MODULATION_DATASET,Band-Power Envelope Coherence,Theta,UltraSlow,F7,FC5,0.25627683662559375
MODULATION_DATASET,Band-Power Envelope Coherence,Theta,UltraSlow,F7,FT9,0.14384341536897197
MODULATION_DATASET,Band-Power Envelope Coherence,Theta,UltraSlow,F7,T7,0.07942290662403155
MODULATION_DATASET,Band-Power Envelope Coherence,Theta,UltraSlow,F7,CP5,0.040369895321269215
MODULATION_DATASET,Band-Power Envelope Coherence,Theta,UltraSlow,F7,CP1,0.047070613063178675
MODULATION_DATASET,Band-Power Envelope Coherence,Theta,UltraSlow,F7,P3,0.027839774202202974
MODULATION_DATASET,Band-Power Envelope Coherence,Theta,UltraSlow,F7,P7,0.09152264472710293
MODULATION_DATASET,Band-Power Envelope Coherence,Theta,UltraSlow,F7,PO9,0.14987561887552503
MODULATION_DATASET,Band-Power Envelope Coherence,Theta,UltraSlow,F7,O1,0.05191828523619854
MODULATION_DATASET,Band-Power Envelope Coherence,Theta,UltraSlow,F7,Pz,0.051618317985693676
MODULATION_DATASET,Band-Power Envelope Coherence,Theta,UltraSlow,F7,Oz,0.050890336054082545
MODULATION_DATASET,Band-Power Envelope Coherence,Theta,UltraSlow,F7,O2,0.03638707583151668
MODULATION_DATASET,Band-Power Envelope Coherence,Theta,UltraSlow,F7,PO10,0.0021797934906269533
MODULATION_DATASET,Band-Power Envelope Coherence,Theta,UltraSlow,F7,P8,0.03886594549937339
MODULATION_DATASET,Band-Power Envelope Coherence,Theta,UltraSlow,F7,P4,0.06501921294988548
MODULATION_DATASET,Band-Power Envelope Coherence,Theta,UltraSlow,F7,CP2,0.03871276566677581
MODULATION_DATASET,Band-Power Envelope Coherence,Theta,UltraSlow,F7,CP6,0.09098548379198461
MODULATION_DATASET,Band-Power Envelope Coherence,Theta,UltraSlow,F7,T8,0.10727532208119248
MODULATION_DATASET,Band-Power Envelope Coherence,Theta,UltraSlow,F7,FT10,0.040829177101234154
MODULATION_DATASET,Band-Power Envelope Coherence,Theta,UltraSlow,F7,FC6,0.1453152471427815
MODULATION_DATASET,Band-Power Envelope Coherence,Theta,UltraSlow,F7,C4,0.11411581229321893
MODULATION_DATASET,Band-Power Envelope Coherence,Theta,UltraSlow,F7,FC2,0.17690020568574347
MODULATION_DATASET,Band-Power Envelope Coherence,Theta,UltraSlow,F7,F4,0.22224189310091302
MODULATION_DATASET,Band-Power Envelope Coherence,Theta,UltraSlow,F7,F8,0.05841067511800593
MODULATION_DATASET,Band-Power Envelope Coherence,Theta,UltraSlow,F7,Fp2,0.28366213597002254
MODULATION_DATASET,Band-Power Envelope Coherence,Theta,UltraSlow,F3,FC1,0.7222465109925092
MODULATION_DATASET,Band-Power Envelope Coherence,Theta,UltraSlow,F3,C3,0.12669217043691897
MODULATION_DATASET,Band-Power Envelope Coherence,Theta,UltraSlow,F3,FC5,0.3149521355131428
MODULATION_DATASET,Band-Power Envelope Coherence,Theta,UltraSlow,F3,FT9,0.053776863960639826
MODULATION_DATASET,Band-Power Envelope Coherence,Theta,UltraSlow,F3,T7,0.06551277927698985
MODULATION_DATASET,Band-Power Envelope Coherence,Theta,UltraSlow,F3,CP5,0.08224878722721424
MODULATION_DATASET,Band-Power Envelope Coherence,Theta,UltraSlow,F3,CP1,0.170335228430337
MODULATION_DATASET,Band-Power Envelope Coherence,Theta,UltraSlow,F3,P3,0.08812080173067324
MODULATION_DATASET,Band-Power Envelope Coherence,Theta,UltraSlow,F3,P7,0.033261714240962206
MODULATION_DATASET,Band-Power Envelope Coherence,Theta,UltraSlow,F3,PO9,0.08115802228031474
MODULATION_DATASET,Band-Power Envelope Coherence,Theta,UltraSlow,F3,O1,0.03449799395515445
MODULATION_DATASET,Band-Power Envelope Coherence,Theta,UltraSlow,F3,Pz,0.16835468786849733
MODULATION_DATASET,Band-Power Envelope Coherence,Theta,UltraSlow,F3,Oz,0.047780488648090126
MODULATION_DATASET,Band-Power Envelope Coherence,Theta,UltraSlow,F3,O2,0.02778466653692988
MODULATION_DATASET,Band-Power Envelope Coherence,Theta,UltraSlow,F3,PO10,0.002454431964661492
MODULATION_DATASET,Band-Power Envelope Coherence,Theta,UltraSlow,F3,P8,0.06592958755758367
MODULATION_DATASET,Band-Power Envelope Coherence,Theta,UltraSlow,F3,P4,0.19932686747264663
MODULATION_DATASET,Band-Power Envelope Coherence,Theta,UltraSlow,F3,CP2,0.14554388748798588
MODULATION_DATASET,Band-Power Envelope Coherence,Theta,UltraSlow,F3,CP6,0.22774964298184533
MODULATION_DATASET,Band-Power Envelope Coherence,Theta,UltraSlow,F3,T8,0.2507495357785847
MODULATION_DATASET,Band-Power Envelope Coherence,Theta,UltraSlow,F3,FT10,0.01839964005915612
MODULATION_DATASET,Band-Power Envelope Coherence,Theta,UltraSlow,F3,FC6,0.4234638824563701
MODULATION_DATASET,Band-Power Envelope Coherence,Theta,UltraSlow,F3,C4,0.40388454800812407
MODULATION_DATASET,Band-Power Envelope Coherence,Theta,UltraSlow,F3,FC2,0.6048671876827597
MODULATION_DATASET,Band-Power Envelope Coherence,Theta,UltraSlow,F3,F4,0.6132192933755944
MODULATION_DATASET,Band-Power Envelope Coherence,Theta,UltraSlow,F3,F8,0.09376325081866678
MODULATION_DATASET,Band-Power Envelope Coherence,Theta,UltraSlow,F3,Fp2,0.350914879320622
MODULATION_DATASET,Band-Power Envelope Coherence,Theta,UltraSlow,FC1,C3,0.19960950397226274
MODULATION_DATASET,Band-Power Envelope Coherence,Theta,UltraSlow,FC1,FC5,0.329334696300392
MODULATION_DATASET,Band-Power Envelope Coherence,Theta,UltraSlow,FC1,FT9,0.04938188448106346
MODULATION_DATASET,Band-Power Envelope Coherence,Theta,UltraSlow,FC1,T7,0.06681110920390873
MODULATION_DATASET,Band-Power Envelope Coherence,Theta,UltraSlow,FC1,CP5,0.16627044070288657
MODULATION_DATASET,Band-Power Envelope Coherence,Theta,UltraSlow,FC1,CP1,0.33079897784106493
MODULATION_DATASET,Band-Power Envelope Coherence,Theta,UltraSlow,FC1,P3,0.19584256614193035
MODULATION_DATASET,Band-Power Envelope Coherence,Theta,UltraSlow,FC1,P7,0.06350634608763671
MODULATION_DATASET,Band-Power Envelope Coherence,Theta,UltraSlow,FC1,PO9,0.09110915094200199
MODULATION_DATASET,Band-Power Envelope Coherence,Theta,UltraSlow,FC1,O1,0.04686929272241803
MODULATION_DATASET,Band-Power Envelope Coherence,Theta,UltraSlow,FC1,Pz,0.3377014375932603
MODULATION_DATASET,Band-Power Envelope Coherence,Theta,UltraSlow,FC1,Oz,0.08137244862579875
MODULATION_DATASET,Band-Power Envelope Coherence,Theta,UltraSlow,FC1,O2,0.03865629101174328
MODULATION_DATASET,Band-Power Envelope Coherence,Theta,UltraSlow,FC1,PO10,0.0038440768691947683
MODULATION_DATASET,Band-Power Envelope Coherence,Theta,UltraSlow,FC1,P8,0.0926980871366692
MODULATION_DATASET,Band-Power Envelope Coherence,Theta,UltraSlow,FC1,P4,0.34706176515155074
MODULATION_DATASET,Band-Power Envelope Coherence,Theta,UltraSlow,FC1,CP2,0.279929056021915
MODULATION_DATASET,Band-Power Envelope Coherence,Theta,UltraSlow,FC1,CP6,0.3163536838112277
MODULATION_DATASET,Band-Power Envelope Coherence,Theta,UltraSlow,FC1,T8,0.2908071491614248
MODULATION_DATASET,Band-Power Envelope Coherence,Theta,UltraSlow,FC1,FT10,0.01838423558345551
MODULATION_DATASET,Band-Power Envelope Coherence,Theta,UltraSlow,FC1,FC6,0.5008890072273382
MODULATION_DATASET,Band-Power Envelope Coherence,Theta,UltraSlow,FC1,C4,0.5543742122367531
MODULATION_DATASET,Band-Power Envelope Coherence,Theta,UltraSlow,FC1,FC2,0.7941855684698228
MODULATION_DATASET,Band-Power Envelope Coherence,Theta,UltraSlow,FC1,F4,0.6971554590962094
MODULATION_DATASET,Band-Power Envelope Coherence,Theta,UltraSlow,FC1,F8,0.08101044460197679
MODULATION_DATASET,Band-Power Envelope Coherence,Theta,UltraSlow,FC1,Fp2,0.30423521585830754
MODULATION_DATASET,Band-Power Envelope Coherence,Theta,UltraSlow,C3,FC5,0.09026130448411862
MODULATION_DATASET,Band-Power Envelope Coherence,Theta,UltraSlow,C3,FT9,0.007539823636128209
MODULATION_DATASET,Band-Power Envelope Coherence,Theta,UltraSlow,C3,T7,0.0404356645194851
MODULATION_DATASET,Band-Power Envelope Coherence,Theta,UltraSlow,C3,CP5,0.08263283972965917
MODULATION_DATASET,Band-Power Envelope Coherence,Theta,UltraSlow,C3,CP1,0.09080995243552054
MODULATION_DATASET,Band-Power Envelope Coherence,Theta,UltraSlow,C3,P3,0.05482378990149301
MODULATION_DATASET,Band-Power Envelope Coherence,Theta,UltraSlow,C3,P7,0.012908301616783352
MODULATION_DATASET,Band-Power Envelope Coherence,Theta,UltraSlow,C3,PO9,0.01781043125587714
MODULATION_DATASET,Band-Power Envelope Coherence,Theta,UltraSlow,C3,O1,0.009813560933363568
MODULATION_DATASET,Band-Power Envelope Coherence,Theta,UltraSlow,C3,Pz,0.08803246569723623
MODULATION_DATASET,Band-Power Envelope Coherence,Theta,UltraSlow,C3,Oz,0.02063328021587564
MODULATION_DATASET,Band-Power Envelope Coherence,Theta,UltraSlow,C3,O2,0.007231043239486592
MODULATION_DATASET,Band-Power Envelope Coherence,Theta,UltraSlow,C3,PO10,0.0028644709404907456
MODULATION_DATASET,Band-Power Envelope Coherence,Theta,UltraSlow,C3,P8,0.010405369455659045
MODULATION_DATASET,Band-Power Envelope Coherence,Theta,UltraSlow,C3,P4,0.06302557450723577
MODULATION_DATASET,Band-Power Envelope Coherence,Theta,UltraSlow,C3,CP2,0.09586777302013413
MODULATION_DATASET,Band-Power Envelope Coherence,Theta,UltraSlow,C3,CP6,0.03060863525230668
MODULATION_DATASET,Band-Power Envelope Coherence,Theta,UltraSlow,C3,T8,0.020379704168631992
MODULATION_DATASET,Band-Power Envelope Coherence,Theta,UltraSlow,C3,FT10,0.0042358168654417225
MODULATION_DATASET,Band-Power Envelope Coherence,Theta,UltraSlow,C3,FC6,0.052830798612620876
MODULATION_DATASET,Band-Power Envelope Coherence,Theta,UltraSlow,C3,C4,0.07554209167737573
MODULATION_DATASET,Band-Power Envelope Coherence,Theta,UltraSlow,C3,FC2,0.1088874594709874
MODULATION_DATASET,Band-Power Envelope Coherence,Theta,UltraSlow,C3,F4,0.07372315326878104
MODULATION_DATASET,Band-Power Envelope Coherence,Theta,UltraSlow,C3,F8,0.04884588139437178
MODULATION_DATASET,Band-Power Envelope Coherence,Theta,UltraSlow,C3,Fp2,0.04289526836858414
MODULATION_DATASET,Band-Power Envelope Coherence,Theta,UltraSlow,FC5,FT9,0.03433924793708356
MODULATION_DATASET,Band-Power Envelope Coherence,Theta,UltraSlow,FC5,T7,0.08785712454915796
MODULATION_DATASET,Band-Power Envelope Coherence,Theta,UltraSlow,FC5,CP5,0.10398690287807381
MODULATION_DATASET,Band-Power Envelope Coherence,Theta,UltraSlow,FC5,CP1,0.08078692640297093
MODULATION_DATASET,Band-Power Envelope Coherence,Theta,UltraSlow,FC5,P3,0.040910377388407575
MODULATION_DATASET,Band-Power Envelope Coherence,Theta,UltraSlow,FC5,P7,0.06131496829181605
MODULATION_DATASET,Band-Power Envelope Coherence,Theta,UltraSlow,FC5,PO9,0.1286879752546964
MODULATION_DATASET,Band-Power Envelope Coherence,Theta,UltraSlow,FC5,O1,0.017994108692459047
MODULATION_DATASET,Band-Power Envelope Coherence,Theta,UltraSlow,FC5,Pz,0.07787586364692266
MODULATION_DATASET,Band-Power Envelope Coherence,Theta,UltraSlow,FC5,Oz,0.023363035376696994
MODULATION_DATASET,Band-Power Envelope Coherence,Theta,UltraSlow,FC5,O2,0.01536060382996376
MODULATION_DATASET,Band-Power Envelope Coherence,Theta,UltraSlow,FC5,PO10,0.0025300453175458033
MODULATION_DATASET,Band-Power Envelope Coherence,Theta,UltraSlow,FC5,P8,0.015611757602762753
MODULATION_DATASET,Band-Power Envelope Coherence,Theta,UltraSlow,FC5,P4,0.07172130565090112
MODULATION_DATASET,Band-Power Envelope Coherence,Theta,UltraSlow,FC5,CP2,0.060263478315439475
MODULATION_DATASET,Band-Power Envelope Coherence,Theta,UltraSlow,FC5,CP6,0.07606827706117032
MODULATION_DATASET,Band-Power Envelope Coherence,Theta,UltraSlow,FC5,T8,0.07369338386706253
MODULATION_DATASET,Band-Power Envelope Coherence,Theta,UltraSlow,FC5,FT10,0.007514606851332225
MODULATION_DATASET,Band-Power Envelope Coherence,Theta,UltraSlow,FC5,FC6,0.1338404325674858
MODULATION_DATASET,Band-Power Envelope Coherence,Theta,UltraSlow,FC5,C4,0.13597794871306848
MODULATION_DATASET,Band-Power Envelope Coherence,Theta,UltraSlow,FC5,FC2,0.23948877013628309
MODULATION_DATASET,Band-Power Envelope Coherence,Theta,UltraSlow,FC5,F4,0.21035505407266408
MODULATION_DATASET,Band-Power Envelope Coherence,Theta,UltraSlow,FC5,F8,0.024982935802494357
MODULATION_DATASET,Band-Power Envelope Coherence,Theta,UltraSlow,FC5,Fp2,0.11439833177085461
MODULATION_DATASET,Band-Power Envelope Coherence,Theta,UltraSlow,FT9,T7,0.05952020891141778
MODULATION_DATASET,Band-Power Envelope Coherence,Theta,UltraSlow,FT9,CP5,0.024403128203817504
MODULATION_DATASET,Band-Power Envelope Coherence,Theta,UltraSlow,FT9,CP1,0.04506989119070445
MODULATION_DATASET,Band-Power Envelope Coherence,Theta,UltraSlow,FT9,P3,0.048367323846003445
MODULATION_DATASET,Band-Power Envelope Coherence,Theta,UltraSlow,FT9,P7,0.09080315650339404
MODULATION_DATASET,Band-Power Envelope Coherence,Theta,UltraSlow,FT9,PO9,0.05153896669523795
MODULATION_DATASET,Band-Power Envelope Coherence,Theta,UltraSlow,FT9,O1,0.07428072890202668
MODULATION_DATASET,Band-Power Envelope Coherence,Theta,UltraSlow,FT9,Pz,0.05514130433683683
MODULATION_DATASET,Band-Power Envelope Coherence,Theta,UltraSlow,FT9,Oz,0.06643788886762762
MODULATION_DATASET,Band-Power Envelope Coherence,Theta,UltraSlow,FT9,O2,0.03577819964049893
MODULATION_DATASET,Band-Power Envelope Coherence,Theta,UltraSlow,FT9,PO10,0.0025110735761179385
MODULATION_DATASET,Band-Power Envelope Coherence,Theta,UltraSlow,FT9,P8,0.0428328184441342
MODULATION_DATASET,Band-Power Envelope Coherence,Theta,UltraSlow,FT9,P4,0.06082319071503692
MODULATION_DATASET,Band-Power Envelope Coherence,Theta,UltraSlow,FT9,CP2,0.033834005445975514
MODULATION_DATASET,Band-Power Envelope Coherence,Theta,UltraSlow,FT9,CP6,0.04935270370877986
MODULATION_DATASET,Band-Power Envelope Coherence,Theta,UltraSlow,FT9,T8,0.06735594998005555
MODULATION_DATASET,Band-Power Envelope Coherence,Theta,UltraSlow,FT9,FT10,0.03271996549169862
MODULATION_DATASET,Band-Power Envelope Coherence,Theta,UltraSlow,FT9,FC6,0.07138761648508393
MODULATION_DATASET,Band-Power Envelope Coherence,Theta,UltraSlow,FT9,C4,0.04938162803520405
MODULATION_DATASET,Band-Power Envelope Coherence,Theta,UltraSlow,FT9,FC2,0.042365896837142036
MODULATION_DATASET,Band-Power Envelope Coherence,Theta,UltraSlow,FT9,F4,0.07491871086960031
MODULATION_DATASET,Band-Power Envelope Coherence,Theta,UltraSlow,FT9,F8,0.06021021342480775
MODULATION_DATASET,Band-Power Envelope Coherence,Theta,UltraSlow,FT9,Fp2,0.0751997361793269
MODULATION_DATASET,Band-Power Envelope Coherence,Theta,UltraSlow,T7,CP5,0.04730691271460048
MODULATION_DATASET,Band-Power Envelope Coherence,Theta,UltraSlow,T7,CP1,0.027501811957654852
MODULATION_DATASET,Band-Power Envelope Coherence,Theta,UltraSlow,T7,P3,0.019794106279409064
MODULATION_DATASET,Band-Power Envelope Coherence,Theta,UltraSlow,T7,P7,0.03650462502449293
MODULATION_DATASET,Band-Power Envelope Coherence,Theta,UltraSlow,T7,PO9,0.07908587140903628
MODULATION_DATASET,Band-Power Envelope Coherence,Theta,UltraSlow,T7,O1,0.026993606997993528
MODULATION_DATASET,Band-Power Envelope Coherence,Theta,UltraSlow,T7,Pz,0.029159036783210246
MODULATION_DATASET,Band-Power Envelope Coherence,Theta,UltraSlow,T7,Oz,0.027210714146225865
MODULATION_DATASET,Band-Power Envelope Coherence,Theta,UltraSlow,T7,O2,0.0037816054451998093
MODULATION_DATASET,Band-Power Envelope Coherence,Theta,UltraSlow,T7,PO10,0.005780258116198419
MODULATION_DATASET,Band-Power Envelope Coherence,Theta,UltraSlow,T7,P8,0.008840043178492992
MODULATION_DATASET,Band-Power Envelope Coherence,Theta,UltraSlow,T7,P4,0.020733931214955967
MODULATION_DATASET,Band-Power Envelope Coherence,Theta,UltraSlow,T7,CP2,0.020299388979736408
MODULATION_DATASET,Band-Power Envelope Coherence,Theta,UltraSlow,T7,CP6,0.017745766312350617
MODULATION_DATASET,Band-Power Envelope Coherence,Theta,UltraSlow,T7,T8,0.02160093161703573
MODULATION_DATASET,Band-Power Envelope Coherence,Theta,UltraSlow,T7,FT10,0.01759687802530924
MODULATION_DATASET,Band-Power Envelope Coherence,Theta,UltraSlow,T7,FC6,0.03496261953931435
MODULATION_DATASET,Band-Power Envelope Coherence,Theta,UltraSlow,T7,C4,0.03227607559496576
MODULATION_DATASET,Band-Power Envelope Coherence,Theta,UltraSlow,T7,FC2,0.0411888110088168
MODULATION_DATASET,Band-Power Envelope Coherence,Theta,UltraSlow,T7,F4,0.04486686787969551
MODULATION_DATASET,Band-Power Envelope Coherence,Theta,UltraSlow,T7,F8,0.011679214083329996
MODULATION_DATASET,Band-Power Envelope Coherence,Theta,UltraSlow,T7,Fp2,0.028830921855055983
MODULATION_DATASET,Band-Power Envelope Coherence,Theta,UltraSlow,CP5,CP1,0.22113015019563562
MODULATION_DATASET,Band-Power Envelope Coherence,Theta,UltraSlow,CP5,P3,0.2137000963743591
MODULATION_DATASET,Band-Power Envelope Coherence,Theta,UltraSlow,CP5,P7,0.1795123088988368
MODULATION_DATASET,Band-Power Envelope Coherence,Theta,UltraSlow,CP5,PO9,0.05913243756641928
MODULATION_DATASET,Band-Power Envelope Coherence,Theta,UltraSlow,CP5,O1,0.054541355557974215
MODULATION_DATASET,Band-Power Envelope Coherence,Theta,UltraSlow,CP5,Pz,0.21527551739389672
MODULATION_DATASET,Band-Power Envelope Coherence,Theta,UltraSlow,CP5,Oz,0.06411859443257445
MODULATION_DATASET,Band-Power Envelope Coherence,Theta,UltraSlow,CP5,O2,0.03102039810692238
MODULATION_DATASET,Band-Power Envelope Coherence,Theta,UltraSlow,CP5,PO10,0.005025129974048832
MODULATION_DATASET,Band-Power Envelope Coherence,Theta,UltraSlow,CP5,P8,0.03426878573552275
MODULATION_DATASET,Band-Power Envelope Coherence,Theta,UltraSlow,CP5,P4,0.11693539350606366
MODULATION_DATASET,Band-Power Envelope Coherence,Theta,UltraSlow,CP5,CP2,0.08078048257987941
MODULATION_DATASET,Band-Power Envelope Coherence,Theta,UltraSlow,CP5,CP6,0.07600675236253342
MODULATION_DATASET,Band-Power Envelope Coherence,Theta,UltraSlow,CP5,T8,0.04993904639423347
MODULATION_DATASET,Band-Power Envelope Coherence,Theta,UltraSlow,CP5,FT10,0.018120931914918745
MODULATION_DATASET,Band-Power Envelope Coherence,Theta,UltraSlow,CP5,FC6,0.05986384884043247
MODULATION_DATASET,Band-Power Envelope Coherence,Theta,UltraSlow,CP5,C4,0.08527809676487849
MODULATION_DATASET,Band-Power Envelope Coherence,Theta,UltraSlow,CP5,FC2,0.08813149533849117
MODULATION_DATASET,Band-Power Envelope Coherence,Theta,UltraSlow,CP5,F4,0.06580432411670212
MODULATION_DATASET,Band-Power Envelope Coherence,Theta,UltraSlow,CP5,F8,0.011259206939993013
MODULATION_DATASET,Band-Power Envelope Coherence,Theta,UltraSlow,CP5,Fp2,0.043460601091743975
MODULATION_DATASET,Band-Power Envelope Coherence,Theta,UltraSlow,CP1,P3,0.47885265592578463
MODULATION_DATASET,Band-Power Envelope Coherence,Theta,UltraSlow,CP1,P7,0.10465678423166845
MODULATION_DATASET,Band-Power Envelope Coherence,Theta,UltraSlow,CP1,PO9,0.04171867096233484
MODULATION_DATASET,Band-Power Envelope Coherence,Theta,UltraSlow,CP1,O1,0.23007008277241087
MODULATION_DATASET,Band-Power Envelope Coherence,Theta,UltraSlow,CP1,Pz,0.6368620677842405
MODULATION_DATASET,Band-Power Envelope Coherence,Theta,UltraSlow,CP1,Oz,0.34255009874712344
MODULATION_DATASET,Band-Power Envelope Coherence,Theta,UltraSlow,CP1,O2,0.16300963278201364
MODULATION_DATASET,Band-Power Envelope Coherence,Theta,UltraSlow,CP1,PO10,0.0052218516222771825
MODULATION_DATASET,Band-Power Envelope Coherence,Theta,UltraSlow,CP1,P8,0.15952686612923014
MODULATION_DATASET,Band-Power Envelope Coherence,Theta,UltraSlow,CP1,P4,0.5794887230169271
MODULATION_DATASET,Band-Power Envelope Coherence,Theta,UltraSlow,CP1,CP2,0.37891326579312423
MODULATION_DATASET,Band-Power Envelope Coherence,Theta,UltraSlow,CP1,CP6,0.33754818042713164
MODULATION_DATASET,Band-Power Envelope Coherence,Theta,UltraSlow,CP1,T8,0.2193293575154682
MODULATION_DATASET,Band-Power Envelope Coherence,Theta,UltraSlow,CP1,FT10,0.017409993972967382
MODULATION_DATASET,Band-Power Envelope Coherence,Theta,UltraSlow,CP1,FC6,0.23629875841934772
MODULATION_DATASET,Band-Power Envelope Coherence,Theta,UltraSlow,CP1,C4,0.3657126488024806
MODULATION_DATASET,Band-Power Envelope Coherence,Theta,UltraSlow,CP1,FC2,0.2829759690005094
MODULATION_DATASET,Band-Power Envelope Coherence,Theta,UltraSlow,CP1,F4,0.2402385951931844
MODULATION_DATASET,Band-Power Envelope Coherence,Theta,UltraSlow,CP1,F8,0.028472374380176857
MODULATION_DATASET,Band-Power Envelope Coherence,Theta,UltraSlow,CP1,Fp2,0.14934232384403168
MODULATION_DATASET,Band-Power Envelope Coherence,Theta,UltraSlow,P3,P7,0.15312517769159778
MODULATION_DATASET,Band-Power Envelope Coherence,Theta,UltraSlow,P3,PO9,0.03186856826083604
MODULATION_DATASET,Band-Power Envelope Coherence,Theta,UltraSlow,P3,O1,0.2526976232817844
MODULATION_DATASET,Band-Power Envelope Coherence,Theta,UltraSlow,P3,Pz,0.5285612988593669
MODULATION_DATASET,Band-Power Envelope Coherence,Theta,UltraSlow,P3,Oz,0.3198344749224135
MODULATION_DATASET,Band-Power Envelope Coherence,Theta,UltraSlow,P3,O2,0.15260721811983505
MODULATION_DATASET,Band-Power Envelope Coherence,Theta,UltraSlow,P3,PO10,0.004067761334346948
MODULATION_DATASET,Band-Power Envelope Coherence,Theta,UltraSlow,P3,P8,0.10936504258208211
MODULATION_DATASET,Band-Power Envelope Coherence,Theta,UltraSlow,P3,P4,0.4045119751638472
MODULATION_DATASET,Band-Power Envelope Coherence,Theta,UltraSlow,P3,CP2,0.2539882045357922
MODULATION_DATASET,Band-Power Envelope Coherence,Theta,UltraSlow,P3,CP6,0.18464172648414304
MODULATION_DATASET,Band-Power Envelope Coherence,Theta,UltraSlow,P3,T8,0.11660421520994287
MODULATION_DATASET,Band-Power Envelope Coherence,Theta,UltraSlow,P3,FT10,0.021540608148440943
MODULATION_DATASET,Band-Power Envelope Coherence,Theta,UltraSlow,P3,FC6,0.11961345315023925
MODULATION_DATASET,Band-Power Envelope Coherence,Theta,UltraSlow,P3,C4,0.19416497438647848
MODULATION_DATASET,Band-Power Envelope Coherence,Theta,UltraSlow,P3,FC2,0.14668896960424893
MODULATION_DATASET,Band-Power Envelope Coherence,Theta,UltraSlow,P3,F4,0.12823017096503053
MODULATION_DATASET,Band-Power Envelope Coherence,Theta,UltraSlow,P3,F8,0.019811229199486604
MODULATION_DATASET,Band-Power Envelope Coherence,Theta,UltraSlow,P3,Fp2,0.09603539540525313
MODULATION_DATASET,Band-Power Envelope Coherence,Theta,UltraSlow,P7,PO9,0.15829825346273943
MODULATION_DATASET,Band-Power Envelope Coherence,Theta,UltraSlow,P7,O1,0.12167220153600054
MODULATION_DATASET,Band-Power Envelope Coherence,Theta,UltraSlow,P7,Pz,0.1286609752803272
MODULATION_DATASET,Band-Power Envelope Coherence,Theta,UltraSlow,P7,Oz,0.11044122303779642
MODULATION_DATASET,Band-Power Envelope Coherence,Theta,UltraSlow,P7,O2,0.04955135742400077
MODULATION_DATASET,Band-Power Envelope Coherence,Theta,UltraSlow,P7,PO10,0.01757410286995977
MODULATION_DATASET,Band-Power Envelope Coherence,Theta,UltraSlow,P7,P8,0.046337670727953646
MODULATION_DATASET,Band-Power Envelope Coherence,Theta,UltraSlow,P7,P4,0.06949690343856028
MODULATION_DATASET,Band-Power Envelope Coherence,Theta,UltraSlow,P7,CP2,0.034411680662313586
MODULATION_DATASET,Band-Power Envelope Coherence,Theta,UltraSlow,P7,CP6,0.03720998014302274
MODULATION_DATASET,Band-Power Envelope Coherence,Theta,UltraSlow,P7,T8,0.024995244423841375
MODULATION_DATASET,Band-Power Envelope Coherence,Theta,UltraSlow,P7,FT10,0.03586609086021086
MODULATION_DATASET,Band-Power Envelope Coherence,Theta,UltraSlow,P7,FC6,0.03409607723975071
MODULATION_DATASET,Band-Power Envelope Coherence,Theta,UltraSlow,P7,C4,0.02687961930693034
MODULATION_DATASET,Band-Power Envelope Coherence,Theta,UltraSlow,P7,FC2,0.03414487952541638
MODULATION_DATASET,Band-Power Envelope Coherence,Theta,UltraSlow,P7,F4,0.0437423725535009
MODULATION_DATASET,Band-Power Envelope Coherence,Theta,UltraSlow,P7,F8,0.01888303369646188
MODULATION_DATASET,Band-Power Envelope Coherence,Theta,UltraSlow,P7,Fp2,0.032450926788646535
MODULATION_DATASET,Band-Power Envelope Coherence,Theta,UltraSlow,PO9,O1,0.09516855799817465
MODULATION_DATASET,Band-Power Envelope Coherence,Theta,UltraSlow,PO9,Pz,0.05143848146479682
MODULATION_DATASET,Band-Power Envelope Coherence,Theta,UltraSlow,PO9,Oz,0.08686583317682364
MODULATION_DATASET,Band-Power Envelope Coherence,Theta,UltraSlow,PO9,O2,0.04143694461170334
MODULATION_DATASET,Band-Power Envelope Coherence,Theta,UltraSlow,PO9,PO10,0.02020114667096754
MODULATION_DATASET,Band-Power Envelope Coherence,Theta,UltraSlow,PO9,P8,0.04037296641088248
MODULATION_DATASET,Band-Power Envelope Coherence,Theta,UltraSlow,PO9,P4,0.05496122433044197
MODULATION_DATASET,Band-Power Envelope Coherence,Theta,UltraSlow,PO9,CP2,0.02930910588584825
MODULATION_DATASET,Band-Power Envelope Coherence,Theta,UltraSlow,PO9,CP6,0.058096451736407165
MODULATION_DATASET,Band-Power Envelope Coherence,Theta,UltraSlow,PO9,T8,0.04361378593675375
MODULATION_DATASET,Band-Power Envelope Coherence,Theta,UltraSlow,PO9,FT10,0.02273130366234618
MODULATION_DATASET,Band-Power Envelope Coherence,Theta,UltraSlow,PO9,FC6,0.06539920161345814
MODULATION_DATASET,Band-Power Envelope Coherence,Theta,UltraSlow,PO9,C4,0.053645367364059234
MODULATION_DATASET,Band-Power Envelope Coherence,Theta,UltraSlow,PO9,FC2,0.07219779576504229
MODULATION_DATASET,Band-Power Envelope Coherence,Theta,UltraSlow,PO9,F4,0.07887056065191085
MODULATION_DATASET,Band-Power Envelope Coherence,Theta,UltraSlow,PO9,F8,0.020100050601476783
MODULATION_DATASET,Band-Power Envelope Coherence,Theta,UltraSlow,PO9,Fp2,0.04825989501729433
MODULATION_DATASET,Band-Power Envelope Coherence,Theta,UltraSlow,O1,Pz,0.28298124879508896
MODULATION_DATASET,Band-Power Envelope Coherence,Theta,UltraSlow,O1,Oz,0.6298109744746413
MODULATION_DATASET,Band-Power Envelope Coherence,Theta,UltraSlow,O1,O2,0.28620418895476046
MODULATION_DATASET,Band-Power Envelope Coherence,Theta,UltraSlow,O1,PO10,0.009863929590867923
MODULATION_DATASET,Band-Power Envelope Coherence,Theta,UltraSlow,O1,P8,0.1318247517670935
MODULATION_DATASET,Band-Power Envelope Coherence,Theta,UltraSlow,O1,P4,0.26774223465478975
MODULATION_DATASET,Band-Power Envelope Coherence,Theta,UltraSlow,O1,CP2,0.1301686782836703
MODULATION_DATASET,Band-Power Envelope Coherence,Theta,UltraSlow,O1,CP6,0.09993452945977896
MODULATION_DATASET,Band-Power Envelope Coherence,Theta,UltraSlow,O1,T8,0.06841379672737796
MODULATION_DATASET,Band-Power Envelope Coherence,Theta,UltraSlow,O1,FT10,0.026398932974575882
MODULATION_DATASET,Band-Power Envelope Coherence,Theta,UltraSlow,O1,FC6,0.05446163226756044
MODULATION_DATASET,Band-Power Envelope Coherence,Theta,UltraSlow,O1,C4,0.0693880997882957
MODULATION_DATASET,Band-Power Envelope Coherence,Theta,UltraSlow,O1,FC2,0.03770047059860477
MODULATION_DATASET,Band-Power Envelope Coherence,Theta,UltraSlow,O1,F4,0.04884665230978829
MODULATION_DATASET,Band-Power Envelope Coherence,Theta,UltraSlow,O1,F8,0.015134592934336765
MODULATION_DATASET,Band-Power Envelope Coherence,Theta,UltraSlow,O1,Fp2,0.06411260243426707
MODULATION_DATASET,Band-Power Envelope Coherence,Theta,UltraSlow,Pz,Oz,0.4367940006370113
MODULATION_DATASET,Band-Power Envelope Coherence,Theta,UltraSlow,Pz,O2,0.21252825539281653
MODULATION_DATASET,Band-Power Envelope Coherence,Theta,UltraSlow,Pz,PO10,0.006826686362931208
MODULATION_DATASET,Band-Power Envelope Coherence,Theta,UltraSlow,Pz,P8,0.22024627892616658
MODULATION_DATASET,Band-Power Envelope Coherence,Theta,UltraSlow,Pz,P4,0.7113705063554212
MODULATION_DATASET,Band-Power Envelope Coherence,Theta,UltraSlow,Pz,CP2,0.45824370212312326
MODULATION_DATASET,Band-Power Envelope Coherence,Theta,UltraSlow,Pz,CP6,0.38372835069368283
MODULATION_DATASET,Band-Power Envelope Coherence,Theta,UltraSlow,Pz,T8,0.22859032122500242
MODULATION_DATASET,Band-Power Envelope Coherence,Theta,UltraSlow,Pz,FT10,0.026833925718968497
MODULATION_DATASET,Band-Power Envelope Coherence,Theta,UltraSlow,Pz,FC6,0.25314952409361147
MODULATION_DATASET,Band-Power Envelope Coherence,Theta,UltraSlow,Pz,C4,0.39983855342724356
MODULATION_DATASET,Band-Power Envelope Coherence,Theta,UltraSlow,Pz,FC2,0.2864144531069503
MODULATION_DATASET,Band-Power Envelope Coherence,Theta,UltraSlow,Pz,F4,0.2445045487442744
MODULATION_DATASET,Band-Power Envelope Coherence,Theta,UltraSlow,Pz,F8,0.0354330745993467
MODULATION_DATASET,Band-Power Envelope Coherence,Theta,UltraSlow,Pz,Fp2,0.14589949110433642
MODULATION_DATASET,Band-Power Envelope Coherence,Theta,UltraSlow,Oz,O2,0.4425101168802987
MODULATION_DATASET,Band-Power Envelope Coherence,Theta,UltraSlow,Oz,PO10,0.02310378928338522
MODULATION_DATASET,Band-Power Envelope Coherence,Theta,UltraSlow,Oz,P8,0.28844393428738735
MODULATION_DATASET,Band-Power Envelope Coherence,Theta,UltraSlow,Oz,P4,0.4997597980831843
MODULATION_DATASET,Band-Power Envelope Coherence,Theta,UltraSlow,Oz,CP2,0.2525811914449548
MODULATION_DATASET,Band-Power Envelope Coherence,Theta,UltraSlow,Oz,CP6,0.18412984364508198
MODULATION_DATASET,Band-Power Envelope Coherence,Theta,UltraSlow,Oz,T8,0.10820654798757633
MODULATION_DATASET,Band-Power Envelope Coherence,Theta,UltraSlow,Oz,FT10,0.03230001547218219
MODULATION_DATASET,Band-Power Envelope Coherence,Theta,UltraSlow,Oz,FC6,0.08995243129057061
MODULATION_DATASET,Band-Power Envelope Coherence,Theta,UltraSlow,Oz,C4,0.12943402870798967
MODULATION_DATASET,Band-Power Envelope Coherence,Theta,UltraSlow,Oz,FC2,0.06552890643813247
MODULATION_DATASET,Band-Power Envelope Coherence,Theta,UltraSlow,Oz,F4,0.07700512617908956
MODULATION_DATASET,Band-Power Envelope Coherence,Theta,UltraSlow,Oz,F8,0.02348005331098988
MODULATION_DATASET,Band-Power Envelope Coherence,Theta,UltraSlow,Oz,Fp2,0.0848522248905163
MODULATION_DATASET,Band-Power Envelope Coherence,Theta,UltraSlow,O2,PO10,0.025100807213973363
MODULATION_DATASET,Band-Power Envelope Coherence,Theta,UltraSlow,O2,P8,0.2521708076810689
MODULATION_DATASET,Band-Power Envelope Coherence,Theta,UltraSlow,O2,P4,0.2750551875995075
MODULATION_DATASET,Band-Power Envelope Coherence,Theta,UltraSlow,O2,CP2,0.10474826341116183
MODULATION_DATASET,Band-Power Envelope Coherence,Theta,UltraSlow,O2,CP6,0.11480780202068702
MODULATION_DATASET,Band-Power Envelope Coherence,Theta,UltraSlow,O2,T8,0.058345825438482296
MODULATION_DATASET,Band-Power Envelope Coherence,Theta,UltraSlow,O2,FT10,0.013576565966305715
MODULATION_DATASET,Band-Power Envelope Coherence,Theta,UltraSlow,O2,FC6,0.04160858921183729
MODULATION_DATASET,Band-Power Envelope Coherence,Theta,UltraSlow,O2,C4,0.06445932602026198
MODULATION_DATASET,Band-Power Envelope Coherence,Theta,UltraSlow,O2,FC2,0.030376346548117807
MODULATION_DATASET,Band-Power Envelope Coherence,Theta,UltraSlow,O2,F4,0.03436787761513549
MODULATION_DATASET,Band-Power Envelope Coherence,Theta,UltraSlow,O2,F8,0.008468661802673468
MODULATION_DATASET,Band-Power Envelope Coherence,Theta,UltraSlow,O2,Fp2,0.04213082046656326
MODULATION_DATASET,Band-Power Envelope Coherence,Theta,UltraSlow,PO10,P8,0.04610199289106729
MODULATION_DATASET,Band-Power Envelope Coherence,Theta,UltraSlow,PO10,P4,0.016155605311195958
MODULATION_DATASET,Band-Power Envelope Coherence,Theta,UltraSlow,PO10,CP2,0.006259841767342839
MODULATION_DATASET,Band-Power Envelope Coherence,Theta,UltraSlow,PO10,CP6,0.016059763507626477
MODULATION_DATASET,Band-Power Envelope Coherence,Theta,UltraSlow,PO10,T8,0.014273104022149959
MODULATION_DATASET,Band-Power Envelope Coherence,Theta,UltraSlow,PO10,FT10,0.020146372886915495
MODULATION_DATASET,Band-Power Envelope Coherence,Theta,UltraSlow,PO10,FC6,0.03169149664212725
MODULATION_DATASET,Band-Power Envelope Coherence,Theta,UltraSlow,PO10,C4,0.00789521745961466
MODULATION_DATASET,Band-Power Envelope Coherence,Theta,UltraSlow,PO10,FC2,0.003736290596130898
MODULATION_DATASET,Band-Power Envelope Coherence,Theta,UltraSlow,PO10,F4,0.007619043511262347
MODULATION_DATASET,Band-Power Envelope Coherence,Theta,UltraSlow,PO10,F8,0.008605510773806516
MODULATION_DATASET,Band-Power Envelope Coherence,Theta,UltraSlow,PO10,Fp2,0.004250043839513335
MODULATION_DATASET,Band-Power Envelope Coherence,Theta,UltraSlow,P8,P4,0.4804724131368017
MODULATION_DATASET,Band-Power Envelope Coherence,Theta,UltraSlow,P8,CP2,0.18014241538343911
MODULATION_DATASET,Band-Power Envelope Coherence,Theta,UltraSlow,P8,CP6,0.509211134060688
MODULATION_DATASET,Band-Power Envelope Coherence,Theta,UltraSlow,P8,T8,0.3312241404696421
MODULATION_DATASET,Band-Power Envelope Coherence,Theta,UltraSlow,P8,FT10,0.06698211567030335
MODULATION_DATASET,Band-Power Envelope Coherence,Theta,UltraSlow,P8,FC6,0.21885247332891444
MODULATION_DATASET,Band-Power Envelope Coherence,Theta,UltraSlow,P8,C4,0.2625206720754145
MODULATION_DATASET,Band-Power Envelope Coherence,Theta,UltraSlow,P8,FC2,0.09639399657879615
MODULATION_DATASET,Band-Power Envelope Coherence,Theta,UltraSlow,P8,F4,0.12610415135621045
MODULATION_DATASET,Band-Power Envelope Coherence,Theta,UltraSlow,P8,F8,0.06125381333087552
MODULATION_DATASET,Band-Power Envelope Coherence,Theta,UltraSlow,P8,Fp2,0.08026548678232465
MODULATION_DATASET,Band-Power Envelope Coherence,Theta,UltraSlow,P4,CP2,0.5526446366510465
MODULATION_DATASET,Band-Power Envelope Coherence,Theta,UltraSlow,P4,CP6,0.6673332449864193
MODULATION_DATASET,Band-Power Envelope Coherence,Theta,UltraSlow,P4,T8,0.4077634994361501
MODULATION_DATASET,Band-Power Envelope Coherence,Theta,UltraSlow,P4,FT10,0.03595999973656418
MODULATION_DATASET,Band-Power Envelope Coherence,Theta,UltraSlow,P4,FC6,0.4064660366855078
MODULATION_DATASET,Band-Power Envelope Coherence,Theta,UltraSlow,P4,C4,0.6035399326046545
MODULATION_DATASET,Band-Power Envelope Coherence,Theta,UltraSlow,P4,FC2,0.35297891308964663
MODULATION_DATASET,Band-Power Envelope Coherence,Theta,UltraSlow,P4,F4,0.3406284091573403
MODULATION_DATASET,Band-Power Envelope Coherence,Theta,UltraSlow,P4,F8,0.06509614075168742
MODULATION_DATASET,Band-Power Envelope Coherence,Theta,UltraSlow,P4,Fp2,0.1947179265087769
MODULATION_DATASET,Band-Power Envelope Coherence,Theta,UltraSlow,CP2,CP6,0.3430084233888084
MODULATION_DATASET,Band-Power Envelope Coherence,Theta,UltraSlow,CP2,T8,0.2092289607325765
MODULATION_DATASET,Band-Power Envelope Coherence,Theta,UltraSlow,CP2,FT10,0.014269575191436906
MODULATION_DATASET,Band-Power Envelope Coherence,Theta,UltraSlow,CP2,FC6,0.25576034149796767
MODULATION_DATASET,Band-Power Envelope Coherence,Theta,UltraSlow,CP2,C4,0.4219702561096384
MODULATION_DATASET,Band-Power Envelope Coherence,Theta,UltraSlow,CP2,FC2,0.2568085230642388
MODULATION_DATASET,Band-Power Envelope Coherence,Theta,UltraSlow,CP2,F4,0.22325926586571684
MODULATION_DATASET,Band-Power Envelope Coherence,Theta,UltraSlow,CP2,F8,0.042418642668479174
MODULATION_DATASET,Band-Power Envelope Coherence,Theta,UltraSlow,CP2,Fp2,0.09983515158273862
MODULATION_DATASET,Band-Power Envelope Coherence,Theta,UltraSlow,CP6,T8,0.7651219943970563
MODULATION_DATASET,Band-Power Envelope Coherence,Theta,UltraSlow,CP6,FT10,0.07480154706559064
MODULATION_DATASET,Band-Power Envelope Coherence,Theta,UltraSlow,CP6,FC6,0.6505887850032229
MODULATION_DATASET,Band-Power Envelope Coherence,Theta,UltraSlow,CP6,C4,0.7754603725557893
MODULATION_DATASET,Band-Power Envelope Coherence,Theta,UltraSlow,CP6,FC2,0.4032711386133545
MODULATION_DATASET,Band-Power Envelope Coherence,Theta,UltraSlow,CP6,F4,0.4644655713788518
MODULATION_DATASET,Band-Power Envelope Coherence,Theta,UltraSlow,CP6,F8,0.14204510243822424
MODULATION_DATASET,Band-Power Envelope Coherence,Theta,UltraSlow,CP6,Fp2,0.2807774207362608
MODULATION_DATASET,Band-Power Envelope Coherence,Theta,UltraSlow,T8,FT10,0.1233443614925164
MODULATION_DATASET,Band-Power Envelope Coherence,Theta,UltraSlow,T8,FC6,0.7466876681276126
MODULATION_DATASET,Band-Power Envelope Coherence,Theta,UltraSlow,T8,C4,0.672983553156664
MODULATION_DATASET,Band-Power Envelope Coherence,Theta,UltraSlow,T8,FC2,0.4048665800813767
MODULATION_DATASET,Band-Power Envelope Coherence,Theta,UltraSlow,T8,F4,0.5462743709083571
MODULATION_DATASET,Band-Power Envelope Coherence,Theta,UltraSlow,T8,F8,0.2643641459554238
MODULATION_DATASET,Band-Power Envelope Coherence,Theta,UltraSlow,T8,Fp2,0.3500100423785759
MODULATION_DATASET,Band-Power Envelope Coherence,Theta,UltraSlow,FT10,FC6,0.08163820524628088
MODULATION_DATASET,Band-Power Envelope Coherence,Theta,UltraSlow,FT10,C4,0.0483263065075332
MODULATION_DATASET,Band-Power Envelope Coherence,Theta,UltraSlow,FT10,FC2,0.01983117678019227
MODULATION_DATASET,Band-Power Envelope Coherence,Theta,UltraSlow,FT10,F4,0.04677042032744474
MODULATION_DATASET,Band-Power Envelope Coherence,Theta,UltraSlow,FT10,F8,0.08696937910604642
MODULATION_DATASET,Band-Power Envelope Coherence,Theta,UltraSlow,FT10,Fp2,0.048312736615635885
MODULATION_DATASET,Band-Power Envelope Coherence,Theta,UltraSlow,FC6,C4,0.7767620912606368
MODULATION_DATASET,Band-Power Envelope Coherence,Theta,UltraSlow,FC6,FC2,0.631637405813432
MODULATION_DATASET,Band-Power Envelope Coherence,Theta,UltraSlow,FC6,F4,0.7814809160143658
MODULATION_DATASET,Band-Power Envelope Coherence,Theta,UltraSlow,FC6,F8,0.2636469363323158
MODULATION_DATASET,Band-Power Envelope Coherence,Theta,UltraSlow,FC6,Fp2,0.3892902363679643
MODULATION_DATASET,Band-Power Envelope Coherence,Theta,UltraSlow,C4,FC2,0.6773763829414191
MODULATION_DATASET,Band-Power Envelope Coherence,Theta,UltraSlow,C4,F4,0.7109040197699449
MODULATION_DATASET,Band-Power Envelope Coherence,Theta,UltraSlow,C4,F8,0.15249811002479846
MODULATION_DATASET,Band-Power Envelope Coherence,Theta,UltraSlow,C4,Fp2,0.3487870607671431
MODULATION_DATASET,Band-Power Envelope Coherence,Theta,UltraSlow,FC2,F4,0.8200359806508651
MODULATION_DATASET,Band-Power Envelope Coherence,Theta,UltraSlow,FC2,F8,0.11292145843563928
MODULATION_DATASET,Band-Power Envelope Coherence,Theta,UltraSlow,FC2,Fp2,0.3523793948480408
MODULATION_DATASET,Band-Power Envelope Coherence,Theta,UltraSlow,F4,F8,0.22071711176871547
MODULATION_DATASET,Band-Power Envelope Coherence,Theta,UltraSlow,F4,Fp2,0.5083720043996496
MODULATION_DATASET,Band-Power Envelope Coherence,Theta,UltraSlow,F8,Fp2,0.11378896438291718
MODULATION_DATASET,Band-Power Envelope Coherence,Theta,Slow,Cz,Fz,0.6046625655519988
MODULATION_DATASET,Band-Power Envelope Coherence,Theta,Slow,Cz,Fp1,0.17146008311615304
MODULATION_DATASET,Band-Power Envelope Coherence,Theta,Slow,Cz,F7,0.15199486081197622
MODULATION_DATASET,Band-Power Envelope Coherence,Theta,Slow,Cz,F3,0.5050506765419945
MODULATION_DATASET,Band-Power Envelope Coherence,Theta,Slow,Cz,FC1,0.7574985347473333
MODULATION_DATASET,Band-Power Envelope Coherence,Theta,Slow,Cz,C3,0.13886452639920865
MODULATION_DATASET,Band-Power Envelope Coherence,Theta,Slow,Cz,FC5,0.19567109716055361
MODULATION_DATASET,Band-Power Envelope Coherence,Theta,Slow,Cz,FT9,0.034400980932957355
MODULATION_DATASET,Band-Power Envelope Coherence,Theta,Slow,Cz,T7,0.040810973293472705
MODULATION_DATASET,Band-Power Envelope Coherence,Theta,Slow,Cz,CP5,0.149016044059509
MODULATION_DATASET,Band-Power Envelope Coherence,Theta,Slow,Cz,CP1,0.4462682686986452
MODULATION_DATASET,Band-Power Envelope Coherence,Theta,Slow,Cz,P3,0.2598158558642093
MODULATION_DATASET,Band-Power Envelope Coherence,Theta,Slow,Cz,P7,0.044393002073528885
MODULATION_DATASET,Band-Power Envelope Coherence,Theta,Slow,Cz,PO9,0.05450285298584688
MODULATION_DATASET,Band-Power Envelope Coherence,Theta,Slow,Cz,O1,0.058709628006929554
MODULATION_DATASET,Band-Power Envelope Coherence,Theta,Slow,Cz,Pz,0.42504841885568045
MODULATION_DATASET,Band-Power Envelope Coherence,Theta,Slow,Cz,Oz,0.1118389116181307
MODULATION_DATASET,Band-Power Envelope Coherence,Theta,Slow,Cz,O2,0.0464180469701659
MODULATION_DATASET,Band-Power Envelope Coherence,Theta,Slow,Cz,PO10,0.004890325964719265
MODULATION_DATASET,Band-Power Envelope Coherence,Theta,Slow,Cz,P8,0.11477072244668457
MODULATION_DATASET,Band-Power Envelope Coherence,Theta,Slow,Cz,P4,0.46484145369845253
MODULATION_DATASET,Band-Power Envelope Coherence,Theta,Slow,Cz,CP2,0.29893511772419085
MODULATION_DATASET,Band-Power Envelope Coherence,Theta,Slow,Cz,CP6,0.4725459252529107
MODULATION_DATASET,Band-Power Envelope Coherence,Theta,Slow,Cz,T8,0.4311230793513132
MODULATION_DATASET,Band-Power Envelope Coherence,Theta,Slow,Cz,FT10,0.021159651542790273
MODULATION_DATASET,Band-Power Envelope Coherence,Theta,Slow,Cz,FC6,0.3824068660569809
MODULATION_DATASET,Band-Power Envelope Coherence,Theta,Slow,Cz,C4,0.6590677219400831
MODULATION_DATASET,Band-Power Envelope Coherence,Theta,Slow,Cz,FC2,0.7412753184983625
MODULATION_DATASET,Band-Power Envelope Coherence,Theta,Slow,Cz,F4,0.6342775042498481
MODULATION_DATASET,Band-Power Envelope Coherence,Theta,Slow,Cz,F8,0.0762528805021876
MODULATION_DATASET,Band-Power Envelope Coherence,Theta,Slow,Cz,Fp2,0.34727653313627943
MODULATION_DATASET,Band-Power Envelope Coherence,Theta,Slow,Fz,Fp1,0.20496059759399768
MODULATION_DATASET,Band-Power Envelope Coherence,Theta,Slow,Fz,F7,0.23032560805206242
MODULATION_DATASET,Band-Power Envelope Coherence,Theta,Slow,Fz,F3,0.640268946578433
MODULATION_DATASET,Band-Power Envelope Coherence,Theta,Slow,Fz,FC1,0.7987502302309528
MODULATION_DATASET,Band-Power Envelope Coherence,Theta,Slow,Fz,C3,0.10142378159446529
MODULATION_DATASET,Band-Power Envelope Coherence,Theta,Slow,Fz,FC5,0.23180399170347327
MODULATION_DATASET,Band-Power Envelope Coherence,Theta,Slow,Fz,FT9,0.05088837050316332
MODULATION_DATASET,Band-Power Envelope Coherence,Theta,Slow,Fz,T7,0.04737495588464754
MODULATION_DATASET,Band-Power Envelope Coherence,Theta,Slow,Fz,CP5,0.07978372261599706
MODULATION_DATASET,Band-Power Envelope Coherence,Theta,Slow,Fz,CP1,0.2614823016767303
MODULATION_DATASET,Band-Power Envelope Coherence,Theta,Slow,Fz,P3,0.15938969256438168
MODULATION_DATASET,Band-Power Envelope Coherence,Theta,Slow,Fz,P7,0.05513450062247608
MODULATION_DATASET,Band-Power Envelope Coherence,Theta,Slow,Fz,PO9,0.06689985978071919
MODULATION_DATASET,Band-Power Envelope Coherence,Theta,Slow,Fz,O1,0.04269016827834267
MODULATION_DATASET,Band-Power Envelope Coherence,Theta,Slow,Fz,Pz,0.24734037249402563
MODULATION_DATASET,Band-Power Envelope Coherence,Theta,Slow,Fz,Oz,0.08341676442647598
MODULATION_DATASET,Band-Power Envelope Coherence,Theta,Slow,Fz,O2,0.03263606545280701
MODULATION_DATASET,Band-Power Envelope Coherence,Theta,Slow,Fz,PO10,0.004516768253640509
MODULATION_DATASET,Band-Power Envelope Coherence,Theta,Slow,Fz,P8,0.09443137846062936
MODULATION_DATASET,Band-Power Envelope Coherence,Theta,Slow,Fz,P4,0.2907503770383023
MODULATION_DATASET,Band-Power Envelope Coherence,Theta,Slow,Fz,CP2,0.1542677052590634
MODULATION_DATASET,Band-Power Envelope Coherence,Theta,Slow,Fz,CP6,0.3067734116140086
MODULATION_DATASET,Band-Power Envelope Coherence,Theta,Slow,Fz,T8,0.32235165993976383
MODULATION_DATASET,Band-Power Envelope Coherence,Theta,Slow,Fz,FT10,0.019354103174346517
MODULATION_DATASET,Band-Power Envelope Coherence,Theta,Slow,Fz,FC6,0.40458256331203896
MODULATION_DATASET,Band-Power Envelope Coherence,Theta,Slow,Fz,C4,0.5029126742136968
MODULATION_DATASET,Band-Power Envelope Coherence,Theta,Slow,Fz,FC2,0.7606002444766475
MODULATION_DATASET,Band-Power Envelope Coherence,Theta,Slow,Fz,F4,0.7723167566680382
MODULATION_DATASET,Band-Power Envelope Coherence,Theta,Slow,Fz,F8,0.10669817289408588
MODULATION_DATASET,Band-Power Envelope Coherence,Theta,Slow,Fz,Fp2,0.3725039850304506
MODULATION_DATASET,Band-Power Envelope Coherence,Theta,Slow,Fp1,F7,0.258517307232363
MODULATION_DATASET,Band-Power Envelope Coherence,Theta,Slow,Fp1,F3,0.21039604817223428
MODULATION_DATASET,Band-Power Envelope Coherence,Theta,Slow,Fp1,FC1,0.18553174094979077
MODULATION_DATASET,Band-Power Envelope Coherence,Theta,Slow,Fp1,C3,0.07335373558150413
MODULATION_DATASET,Band-Power Envelope Coherence,Theta,Slow,Fp1,FC5,0.07696817120837583
MODULATION_DATASET,Band-Power Envelope Coherence,Theta,Slow,Fp1,FT9,0.021204401598437693
MODULATION_DATASET,Band-Power Envelope Coherence,Theta,Slow,Fp1,T7,0.014445523843100834
MODULATION_DATASET,Band-Power Envelope Coherence,Theta,Slow,Fp1,CP5,0.02213569714291868
MODULATION_DATASET,Band-Power Envelope Coherence,Theta,Slow,Fp1,CP1,0.0887214280220636
MODULATION_DATASET,Band-Power Envelope Coherence,Theta,Slow,Fp1,P3,0.055620195983137624
MODULATION_DATASET,Band-Power Envelope Coherence,Theta,Slow,Fp1,P7,0.02413344075899097
MODULATION_DATASET,Band-Power Envelope Coherence,Theta,Slow,Fp1,PO9,0.02003733264766141
MODULATION_DATASET,Band-Power Envelope Coherence,Theta,Slow,Fp1,O1,0.025680985653654495
MODULATION_DATASET,Band-Power Envelope Coherence,Theta,Slow,Fp1,Pz,0.0804546598265216
MODULATION_DATASET,Band-Power Envelope Coherence,Theta,Slow,Fp1,Oz,0.04733357473977488
MODULATION_DATASET,Band-Power Envelope Coherence,Theta,Slow,Fp1,O2,0.030123179589507474
MODULATION_DATASET,Band-Power Envelope Coherence,Theta,Slow,Fp1,PO10,0.001697442333162951
MODULATION_DATASET,Band-Power Envelope Coherence,Theta,Slow,Fp1,P8,0.0515205908648549
MODULATION_DATASET,Band-Power Envelope Coherence,Theta,Slow,Fp1,P4,0.10552414105854516
MODULATION_DATASET,Band-Power Envelope Coherence,Theta,Slow,Fp1,CP2,0.04126600093920216
MODULATION_DATASET,Band-Power Envelope Coherence,Theta,Slow,Fp1,CP6,0.1401459404055459
MODULATION_DATASET,Band-Power Envelope Coherence,Theta,Slow,Fp1,T8,0.15165022341039439
MODULATION_DATASET,Band-Power Envelope Coherence,Theta,Slow,Fp1,FT10,0.010961462036599994
MODULATION_DATASET,Band-Power Envelope Coherence,Theta,Slow,Fp1,FC6,0.12358638733924451
MODULATION_DATASET,Band-Power Envelope Coherence,Theta,Slow,Fp1,C4,0.15517638293725378
MODULATION_DATASET,Band-Power Envelope Coherence,Theta,Slow,Fp1,FC2,0.1891311516780072
MODULATION_DATASET,Band-Power Envelope Coherence,Theta,Slow,Fp1,F4,0.22987522986746278
MODULATION_DATASET,Band-Power Envelope Coherence,Theta,Slow,Fp1,F8,0.08134049557241275
MODULATION_DATASET,Band-Power Envelope Coherence,Theta,Slow,Fp1,Fp2,0.7008682726139086
MODULATION_DATASET,Band-Power Envelope Coherence,Theta,Slow,F7,F3,0.25640964446174797
MODULATION_DATASET,Band-Power Envelope Coherence,Theta,Slow,F7,FC1,0.2104029425480893
MODULATION_DATASET,Band-Power Envelope Coherence,Theta,Slow,F7,C3,0.03546375899180171
MODULATION_DATASET,Band-Power Envelope Coherence,Theta,Slow,F7,FC5,0.20330220205593458
MODULATION_DATASET,Band-Power Envelope Coherence,Theta,Slow,F7,FT9,0.11964543425035244
MODULATION_DATASET,Band-Power Envelope Coherence,Theta,Slow,F7,T7,0.07369440630145288
MODULATION_DATASET,Band-Power Envelope Coherence,Theta,Slow,F7,CP5,0.05393695015031898
MODULATION_DATASET,Band-Power Envelope Coherence,Theta,Slow,F7,CP1,0.07115555641947709
MODULATION_DATASET,Band-Power Envelope Coherence,Theta,Slow,F7,P3,0.04895086289275163
MODULATION_DATASET,Band-Power Envelope Coherence,Theta,Slow,F7,P7,0.11557179866147663
MODULATION_DATASET,Band-Power Envelope Coherence,Theta,Slow,F7,PO9,0.1141939531067692
MODULATION_DATASET,Band-Power Envelope Coherence,Theta,Slow,F7,O1,0.06617455090201654
MODULATION_DATASET,Band-Power Envelope Coherence,Theta,Slow,F7,Pz,0.07458750372361841
MODULATION_DATASET,Band-Power Envelope Coherence,Theta,Slow,F7,Oz,0.08427626801563379
MODULATION_DATASET,Band-Power Envelope Coherence,Theta,Slow,F7,O2,0.0567080224429829
MODULATION_DATASET,Band-Power Envelope Coherence,Theta,Slow,F7,PO10,0.003183264378209469
MODULATION_DATASET,Band-Power Envelope Coherence,Theta,Slow,F7,P8,0.06641579930696125
MODULATION_DATASET,Band-Power Envelope Coherence,Theta,Slow,F7,P4,0.09172930991370429
MODULATION_DATASET,Band-Power Envelope Coherence,Theta,Slow,F7,CP2,0.03647721802051464
MODULATION_DATASET,Band-Power Envelope Coherence,Theta,Slow,F7,CP6,0.11603049170882894
MODULATION_DATASET,Band-Power Envelope Coherence,Theta,Slow,F7,T8,0.12108351733896756
MODULATION_DATASET,Band-Power Envelope Coherence,Theta,Slow,F7,FT10,0.05477648792509488
MODULATION_DATASET,Band-Power Envelope Coherence,Theta,Slow,F7,FC6,0.10751700428457117
MODULATION_DATASET,Band-Power Envelope Coherence,Theta,Slow,F7,C4,0.11941220599326094
MODULATION_DATASET,Band-Power Envelope Coherence,Theta,Slow,F7,FC2,0.1730117392140366
MODULATION_DATASET,Band-Power Envelope Coherence,Theta,Slow,F7,F4,0.21404314376600037
MODULATION_DATASET,Band-Power Envelope Coherence,Theta,Slow,F7,F8,0.05543287533668648
MODULATION_DATASET,Band-Power Envelope Coherence,Theta,Slow,F7,Fp2,0.27746557918691017
MODULATION_DATASET,Band-Power Envelope Coherence,Theta,Slow,F3,FC1,0.7028154125216992
MODULATION_DATASET,Band-Power Envelope Coherence,Theta,Slow,F3,C3,0.10801322258146
MODULATION_DATASET,Band-Power Envelope Coherence,Theta,Slow,F3,FC5,0.2441456031868355
MODULATION_DATASET,Band-Power Envelope Coherence,Theta,Slow,F3,FT9,0.04758131394859148
MODULATION_DATASET,Band-Power Envelope Coherence,Theta,Slow,F3,T7,0.05703572648329844
MODULATION_DATASET,Band-Power Envelope Coherence,Theta,Slow,F3,CP5,0.07818513571665275
MODULATION_DATASET,Band-Power Envelope Coherence,Theta,Slow,F3,CP1,0.21054974722206288
MODULATION_DATASET,Band-Power Envelope Coherence,Theta,Slow,F3,P3,0.12672902080362186
MODULATION_DATASET,Band-Power Envelope Coherence,Theta,Slow,F3,P7,0.03923394727835746
MODULATION_DATASET,Band-Power Envelope Coherence,Theta,Slow,F3,PO9,0.05975371510336285
MODULATION_DATASET,Band-Power Envelope Coherence,Theta,Slow,F3,O1,0.044726507376499094
MODULATION_DATASET,Band-Power Envelope Coherence,Theta,Slow,F3,Pz,0.19674470652477552
MODULATION_DATASET,Band-Power Envelope Coherence,Theta,Slow,F3,Oz,0.07009546899290123
MODULATION_DATASET,Band-Power Envelope Coherence,Theta,Slow,F3,O2,0.03866370802516305
MODULATION_DATASET,Band-Power Envelope Coherence,Theta,Slow,F3,PO10,0.002815359292278114
MODULATION_DATASET,Band-Power Envelope Coherence,Theta,Slow,F3,P8,0.09045544923978757
MODULATION_DATASET,Band-Power Envelope Coherence,Theta,Slow,F3,P4,0.24026245042910022
MODULATION_DATASET,Band-Power Envelope Coherence,Theta,Slow,F3,CP2,0.12475128133551895
MODULATION_DATASET,Band-Power Envelope Coherence,Theta,Slow,F3,CP6,0.2538327588379976
MODULATION_DATASET,Band-Power Envelope Coherence,Theta,Slow,F3,T8,0.2753395738641468
MODULATION_DATASET,Band-Power Envelope Coherence,Theta,Slow,F3,FT10,0.015102159062849415
MODULATION_DATASET,Band-Power Envelope Coherence,Theta,Slow,F3,FC6,0.319535371934291
MODULATION_DATASET,Band-Power Envelope Coherence,Theta,Slow,F3,C4,0.41080352635160455
MODULATION_DATASET,Band-Power Envelope Coherence,Theta,Slow,F3,FC2,0.5837396273554553
MODULATION_DATASET,Band-Power Envelope Coherence,Theta,Slow,F3,F4,0.6042690558035623
MODULATION_DATASET,Band-Power Envelope Coherence,Theta,Slow,F3,F8,0.09063977194060963
MODULATION_DATASET,Band-Power Envelope Coherence,Theta,Slow,F3,Fp2,0.3484183988935569
MODULATION_DATASET,Band-Power Envelope Coherence,Theta,Slow,FC1,C3,0.16876247206986342
MODULATION_DATASET,Band-Power Envelope Coherence,Theta,Slow,FC1,FC5,0.26786104325954213
MODULATION_DATASET,Band-Power Envelope Coherence,Theta,Slow,FC1,FT9,0.04496369650619284
MODULATION_DATASET,Band-Power Envelope Coherence,Theta,Slow,FC1,T7,0.06029019592746802
MODULATION_DATASET,Band-Power Envelope Coherence,Theta,Slow,FC1,CP5,0.16414736270183866
MODULATION_DATASET,Band-Power Envelope Coherence,Theta,Slow,FC1,CP1,0.3942246192270051
MODULATION_DATASET,Band-Power Envelope Coherence,Theta,Slow,FC1,P3,0.2620146723773372
MODULATION_DATASET,Band-Power Envelope Coherence,Theta,Slow,FC1,P7,0.08867424024527706
MODULATION_DATASET,Band-Power Envelope Coherence,Theta,Slow,FC1,PO9,0.0696602225058364
MODULATION_DATASET,Band-Power Envelope Coherence,Theta,Slow,FC1,O1,0.057489323865724695
MODULATION_DATASET,Band-Power Envelope Coherence,Theta,Slow,FC1,Pz,0.3813257823271962
MODULATION_DATASET,Band-Power Envelope Coherence,Theta,Slow,FC1,Oz,0.11264598498045089
MODULATION_DATASET,Band-Power Envelope Coherence,Theta,Slow,FC1,O2,0.05138673566034268
MODULATION_DATASET,Band-Power Envelope Coherence,Theta,Slow,FC1,PO10,0.0036649467829360525
MODULATION_DATASET,Band-Power Envelope Coherence,Theta,Slow,FC1,P8,0.1273303223587663
MODULATION_DATASET,Band-Power Envelope Coherence,Theta,Slow,FC1,P4,0.40318813798966197
MODULATION_DATASET,Band-Power Envelope Coherence,Theta,Slow,FC1,CP2,0.23675998066490428
MODULATION_DATASET,Band-Power Envelope Coherence,Theta,Slow,FC1,CP6,0.3595502280927368
MODULATION_DATASET,Band-Power Envelope Coherence,Theta,Slow,FC1,T8,0.33208450751628316
MODULATION_DATASET,Band-Power Envelope Coherence,Theta,Slow,FC1,FT10,0.018725345158385528
MODULATION_DATASET,Band-Power Envelope Coherence,Theta,Slow,FC1,FC6,0.3744186666959386
MODULATION_DATASET,Band-Power Envelope Coherence,Theta,Slow,FC1,C4,0.5713305447554802
MODULATION_DATASET,Band-Power Envelope Coherence,Theta,Slow,FC1,FC2,0.799189086447331
MODULATION_DATASET,Band-Power Envelope Coherence,Theta,Slow,FC1,F4,0.7322459536248996
MODULATION_DATASET,Band-Power Envelope Coherence,Theta,Slow,FC1,F8,0.08146279632191035
MODULATION_DATASET,Band-Power Envelope Coherence,Theta,Slow,FC1,Fp2,0.3426130191317006
MODULATION_DATASET,Band-Power Envelope Coherence,Theta,Slow,C3,FC5,0.0735117726860604
MODULATION_DATASET,Band-Power Envelope Coherence,Theta,Slow,C3,FT9,0.007018444704851723
MODULATION_DATASET,Band-Power Envelope Coherence,Theta,Slow,C3,T7,0.03518067624253092
MODULATION_DATASET,Band-Power Envelope Coherence,Theta,Slow,C3,CP5,0.07226383520848703
MODULATION_DATASET,Band-Power Envelope Coherence,Theta,Slow,C3,CP1,0.07702534822635061
MODULATION_DATASET,Band-Power Envelope Coherence,Theta,Slow,C3,P3,0.04732910305320023
MODULATION_DATASET,Band-Power Envelope Coherence,Theta,Slow,C3,P7,0.010215292363715453
MODULATION_DATASET,Band-Power Envelope Coherence,Theta,Slow,C3,PO9,0.014083374387236752
MODULATION_DATASET,Band-Power Envelope Coherence,Theta,Slow,C3,O1,0.008556176082836356
MODULATION_DATASET,Band-Power Envelope Coherence,Theta,Slow,C3,Pz,0.07389740058216877
MODULATION_DATASET,Band-Power Envelope Coherence,Theta,Slow,C3,Oz,0.018354355314448727
MODULATION_DATASET,Band-Power Envelope Coherence,Theta,Slow,C3,O2,0.005985285555153144
MODULATION_DATASET,Band-Power Envelope Coherence,Theta,Slow,C3,PO10,0.002245061765203837
MODULATION_DATASET,Band-Power Envelope Coherence,Theta,Slow,C3,P8,0.009041635840272084
MODULATION_DATASET,Band-Power Envelope Coherence,Theta,Slow,C3,P4,0.05415841690707025
MODULATION_DATASET,Band-Power Envelope Coherence,Theta,Slow,C3,CP2,0.08193219080155252
MODULATION_DATASET,Band-Power Envelope Coherence,Theta,Slow,C3,CP6,0.0263602206985526
MODULATION_DATASET,Band-Power Envelope Coherence,Theta,Slow,C3,T8,0.017899817003048817
MODULATION_DATASET,Band-Power Envelope Coherence,Theta,Slow,C3,FT10,0.003626653430893632
MODULATION_DATASET,Band-Power Envelope Coherence,Theta,Slow,C3,FC6,0.04371410499903086
MODULATION_DATASET,Band-Power Envelope Coherence,Theta,Slow,C3,C4,0.06476571293907475
MODULATION_DATASET,Band-Power Envelope Coherence,Theta,Slow,C3,FC2,0.09275460024635165
MODULATION_DATASET,Band-Power Envelope Coherence,Theta,Slow,C3,F4,0.06320237322774826
MODULATION_DATASET,Band-Power Envelope Coherence,Theta,Slow,C3,F8,0.06321525239712569
MODULATION_DATASET,Band-Power Envelope Coherence,Theta,Slow,C3,Fp2,0.05601482081854652
MODULATION_DATASET,Band-Power Envelope Coherence,Theta,Slow,FC5,FT9,0.026572029931440706
MODULATION_DATASET,Band-Power Envelope Coherence,Theta,Slow,FC5,T7,0.07132375068426007
MODULATION_DATASET,Band-Power Envelope Coherence,Theta,Slow,FC5,CP5,0.08165010665419681
MODULATION_DATASET,Band-Power Envelope Coherence,Theta,Slow,FC5,CP1,0.0771600947215674
MODULATION_DATASET,Band-Power Envelope Coherence,Theta,Slow,FC5,P3,0.039107690891672
MODULATION_DATASET,Band-Power Envelope Coherence,Theta,Slow,FC5,P7,0.05708520840169532
MODULATION_DATASET,Band-Power Envelope Coherence,Theta,Slow,FC5,PO9,0.10071476102934361
MODULATION_DATASET,Band-Power Envelope Coherence,Theta,Slow,FC5,O1,0.01742968539911024
MODULATION_DATASET,Band-Power Envelope Coherence,Theta,Slow,FC5,Pz,0.07058971152543793
MODULATION_DATASET,Band-Power Envelope Coherence,Theta,Slow,FC5,Oz,0.023040075638178028
MODULATION_DATASET,Band-Power Envelope Coherence,Theta,Slow,FC5,O2,0.015797853917112126
MODULATION_DATASET,Band-Power Envelope Coherence,Theta,Slow,FC5,PO10,0.0019449220759669697
MODULATION_DATASET,Band-Power Envelope Coherence,Theta,Slow,FC5,P8,0.01329710219633787
MODULATION_DATASET,Band-Power Envelope Coherence,Theta,Slow,FC5,P4,0.06699432503019788
MODULATION_DATASET,Band-Power Envelope Coherence,Theta,Slow,FC5,CP2,0.04670848024592923
MODULATION_DATASET,Band-Power Envelope Coherence,Theta,Slow,FC5,CP6,0.07276016998094585
MODULATION_DATASET,Band-Power Envelope Coherence,Theta,Slow,FC5,T8,0.06901277081576723
MODULATION_DATASET,Band-Power Envelope Coherence,Theta,Slow,FC5,FT10,0.004587799434730395
MODULATION_DATASET,Band-Power Envelope Coherence,Theta,Slow,FC5,FC6,0.09953445767700929
MODULATION_DATASET,Band-Power Envelope Coherence,Theta,Slow,FC5,C4,0.11615632696553657
MODULATION_DATASET,Band-Power Envelope Coherence,Theta,Slow,FC5,FC2,0.19974691756878576
MODULATION_DATASET,Band-Power Envelope Coherence,Theta,Slow,FC5,F4,0.17606665554224024
MODULATION_DATASET,Band-Power Envelope Coherence,Theta,Slow,FC5,F8,0.020350154797173264
MODULATION_DATASET,Band-Power Envelope Coherence,Theta,Slow,FC5,Fp2,0.09755579782311222
MODULATION_DATASET,Band-Power Envelope Coherence,Theta,Slow,FT9,T7,0.05133814324833111
MODULATION_DATASET,Band-Power Envelope Coherence,Theta,Slow,FT9,CP5,0.024941084208846418
MODULATION_DATASET,Band-Power Envelope Coherence,Theta,Slow,FT9,CP1,0.04352383044064662
MODULATION_DATASET,Band-Power Envelope Coherence,Theta,Slow,FT9,P3,0.04579844114418167
MODULATION_DATASET,Band-Power Envelope Coherence,Theta,Slow,FT9,P7,0.07639028543132034
MODULATION_DATASET,Band-Power Envelope Coherence,Theta,Slow,FT9,PO9,0.03937679887979831
MODULATION_DATASET,Band-Power Envelope Coherence,Theta,Slow,FT9,O1,0.06756828916006684
MODULATION_DATASET,Band-Power Envelope Coherence,Theta,Slow,FT9,Pz,0.051886380976212225
MODULATION_DATASET,Band-Power Envelope Coherence,Theta,Slow,FT9,Oz,0.06644326617428362
MODULATION_DATASET,Band-Power Envelope Coherence,Theta,Slow,FT9,O2,0.035833122122670355
MODULATION_DATASET,Band-Power Envelope Coherence,Theta,Slow,FT9,PO10,0.0021798796759073275
MODULATION_DATASET,Band-Power Envelope Coherence,Theta,Slow,FT9,P8,0.04338414893487374
MODULATION_DATASET,Band-Power Envelope Coherence,Theta,Slow,FT9,P4,0.05747433739429568
MODULATION_DATASET,Band-Power Envelope Coherence,Theta,Slow,FT9,CP2,0.027452678891050755
MODULATION_DATASET,Band-Power Envelope Coherence,Theta,Slow,FT9,CP6,0.043806756882303816
MODULATION_DATASET,Band-Power Envelope Coherence,Theta,Slow,FT9,T8,0.056500260658963644
MODULATION_DATASET,Band-Power Envelope Coherence,Theta,Slow,FT9,FT10,0.029574585088358838
MODULATION_DATASET,Band-Power Envelope Coherence,Theta,Slow,FT9,FC6,0.050530501677319206
MODULATION_DATASET,Band-Power Envelope Coherence,Theta,Slow,FT9,C4,0.04177988189641939
MODULATION_DATASET,Band-Power Envelope Coherence,Theta,Slow,FT9,FC2,0.036271933130186666
MODULATION_DATASET,Band-Power Envelope Coherence,Theta,Slow,FT9,F4,0.06320827797327253
MODULATION_DATASET,Band-Power Envelope Coherence,Theta,Slow,FT9,F8,0.04987463963462087
MODULATION_DATASET,Band-Power Envelope Coherence,Theta,Slow,FT9,Fp2,0.060235711800701336
MODULATION_DATASET,Band-Power Envelope Coherence,Theta,Slow,T7,CP5,0.044593055781887735
MODULATION_DATASET,Band-Power Envelope Coherence,Theta,Slow,T7,CP1,0.028840554959209196
MODULATION_DATASET,Band-Power Envelope Coherence,Theta,Slow,T7,P3,0.023284669581430606
MODULATION_DATASET,Band-Power Envelope Coherence,Theta,Slow,T7,P7,0.03771174711133122
MODULATION_DATASET,Band-Power Envelope Coherence,Theta,Slow,T7,PO9,0.06176237899319651
MODULATION_DATASET,Band-Power Envelope Coherence,Theta,Slow,T7,O1,0.029010709484430228
MODULATION_DATASET,Band-Power Envelope Coherence,Theta,Slow,T7,Pz,0.028954082979245344
MODULATION_DATASET,Band-Power Envelope Coherence,Theta,Slow,T7,Oz,0.03455007243496183
MODULATION_DATASET,Band-Power Envelope Coherence,Theta,Slow,T7,O2,0.004076503858829302
MODULATION_DATASET,Band-Power Envelope Coherence,Theta,Slow,T7,PO10,0.0053456188186434914
MODULATION_DATASET,Band-Power Envelope Coherence,Theta,Slow,T7,P8,0.00792115187045378
MODULATION_DATASET,Band-Power Envelope Coherence,Theta,Slow,T7,P4,0.020052373851821383
MODULATION_DATASET,Band-Power Envelope Coherence,Theta,Slow,T7,CP2,0.01657249321369346
MODULATION_DATASET,Band-Power Envelope Coherence,Theta,Slow,T7,CP6,0.015424336772942044
MODULATION_DATASET,Band-Power Envelope Coherence,Theta,Slow,T7,T8,0.01948048501842166
MODULATION_DATASET,Band-Power Envelope Coherence,Theta,Slow,T7,FT10,0.02158867621054695
MODULATION_DATASET,Band-Power Envelope Coherence,Theta,Slow,T7,FC6,0.026394523569933954
MODULATION_DATASET,Band-Power Envelope Coherence,Theta,Slow,T7,C4,0.02764301924264389
MODULATION_DATASET,Band-Power Envelope Coherence,Theta,Slow,T7,FC2,0.03524169209666401
MODULATION_DATASET,Band-Power Envelope Coherence,Theta,Slow,T7,F4,0.04047056177675489
MODULATION_DATASET,Band-Power Envelope Coherence,Theta,Slow,T7,F8,0.00987163856899236
MODULATION_DATASET,Band-Power Envelope Coherence,Theta,Slow,T7,Fp2,0.029481337358415603
MODULATION_DATASET,Band-Power Envelope Coherence,Theta,Slow,CP5,CP1,0.2269559057223684
MODULATION_DATASET,Band-Power Envelope Coherence,Theta,Slow,CP5,P3,0.21411280418772508
MODULATION_DATASET,Band-Power Envelope Coherence,Theta,Slow,CP5,P7,0.2088010192341431
MODULATION_DATASET,Band-Power Envelope Coherence,Theta,Slow,CP5,PO9,0.04493136251484883
MODULATION_DATASET,Band-Power Envelope Coherence,Theta,Slow,CP5,O1,0.05775326207298059
MODULATION_DATASET,Band-Power Envelope Coherence,Theta,Slow,CP5,Pz,0.21302797399683254
MODULATION_DATASET,Band-Power Envelope Coherence,Theta,Slow,CP5,Oz,0.08022359709859396
MODULATION_DATASET,Band-Power Envelope Coherence,Theta,Slow,CP5,O2,0.04017271449472718
MODULATION_DATASET,Band-Power Envelope Coherence,Theta,Slow,CP5,PO10,0.004894658107540959
MODULATION_DATASET,Band-Power Envelope Coherence,Theta,Slow,CP5,P8,0.04685408066455088
MODULATION_DATASET,Band-Power Envelope Coherence,Theta,Slow,CP5,P4,0.12566564295129573
MODULATION_DATASET,Band-Power Envelope Coherence,Theta,Slow,CP5,CP2,0.06118471978354185
MODULATION_DATASET,Band-Power Envelope Coherence,Theta,Slow,CP5,CP6,0.09027447750931258
MODULATION_DATASET,Band-Power Envelope Coherence,Theta,Slow,CP5,T8,0.061637940620852434
MODULATION_DATASET,Band-Power Envelope Coherence,Theta,Slow,CP5,FT10,0.022707705966192412
MODULATION_DATASET,Band-Power Envelope Coherence,Theta,Slow,CP5,FC6,0.045359608794635846
MODULATION_DATASET,Band-Power Envelope Coherence,Theta,Slow,CP5,C4,0.08862304066149222
MODULATION_DATASET,Band-Power Envelope Coherence,Theta,Slow,CP5,FC2,0.09424402246297195
MODULATION_DATASET,Band-Power Envelope Coherence,Theta,Slow,CP5,F4,0.07621331897026352
MODULATION_DATASET,Band-Power Envelope Coherence,Theta,Slow,CP5,F8,0.013797968004135438
MODULATION_DATASET,Band-Power Envelope Coherence,Theta,Slow,CP5,Fp2,0.05410682924132847
MODULATION_DATASET,Band-Power Envelope Coherence,Theta,Slow,CP1,P3,0.5353366301873967
MODULATION_DATASET,Band-Power Envelope Coherence,Theta,Slow,CP1,P7,0.12969730339934607
MODULATION_DATASET,Band-Power Envelope Coherence,Theta,Slow,CP1,PO9,0.033843644630448345
MODULATION_DATASET,Band-Power Envelope Coherence,Theta,Slow,CP1,O1,0.2198867841126105
MODULATION_DATASET,Band-Power Envelope Coherence,Theta,Slow,CP1,Pz,0.6681908202940483
MODULATION_DATASET,Band-Power Envelope Coherence,Theta,Slow,CP1,Oz,0.3698686471811662
MODULATION_DATASET,Band-Power Envelope Coherence,Theta,Slow,CP1,O2,0.18905972186225922
MODULATION_DATASET,Band-Power Envelope Coherence,Theta,Slow,CP1,PO10,0.00494592664945162
MODULATION_DATASET,Band-Power Envelope Coherence,Theta,Slow,CP1,P8,0.21212852048622027
MODULATION_DATASET,Band-Power Envelope Coherence,Theta,Slow,CP1,P4,0.6377595187064382
MODULATION_DATASET,Band-Power Envelope Coherence,Theta,Slow,CP1,CP2,0.3183190781526699
MODULATION_DATASET,Band-Power Envelope Coherence,Theta,Slow,CP1,CP6,0.4259230960647985
MODULATION_DATASET,Band-Power Envelope Coherence,Theta,Slow,CP1,T8,0.30570848014591184
MODULATION_DATASET,Band-Power Envelope Coherence,Theta,Slow,CP1,FT10,0.025564037554640102
MODULATION_DATASET,Band-Power Envelope Coherence,Theta,Slow,CP1,FC6,0.19002681193615947
MODULATION_DATASET,Band-Power Envelope Coherence,Theta,Slow,CP1,C4,0.43098178134241594
MODULATION_DATASET,Band-Power Envelope Coherence,Theta,Slow,CP1,FC2,0.35473660009679076
MODULATION_DATASET,Band-Power Envelope Coherence,Theta,Slow,CP1,F4,0.32674255185891243
MODULATION_DATASET,Band-Power Envelope Coherence,Theta,Slow,CP1,F8,0.03755801821743434
MODULATION_DATASET,Band-Power Envelope Coherence,Theta,Slow,CP1,Fp2,0.22584457250918172
MODULATION_DATASET,Band-Power Envelope Coherence,Theta,Slow,P3,P7,0.1769126022774448
MODULATION_DATASET,Band-Power Envelope Coherence,Theta,Slow,P3,PO9,0.02518187976873265
MODULATION_DATASET,Band-Power Envelope Coherence,Theta,Slow,P3,O1,0.2359379518573765
MODULATION_DATASET,Band-Power Envelope Coherence,Theta,Slow,P3,Pz,0.5572803907008788
MODULATION_DATASET,Band-Power Envelope Coherence,Theta,Slow,P3,Oz,0.358753264608624
MODULATION_DATASET,Band-Power Envelope Coherence,Theta,Slow,P3,O2,0.184620217803246
MODULATION_DATASET,Band-Power Envelope Coherence,Theta,Slow,P3,PO10,0.004051734141717447
MODULATION_DATASET,Band-Power Envelope Coherence,Theta,Slow,P3,P8,0.18097330422687052
MODULATION_DATASET,Band-Power Envelope Coherence,Theta,Slow,P3,P4,0.46875987270620045
MODULATION_DATASET,Band-Power Envelope Coherence,Theta,Slow,P3,CP2,0.21296499041459208
MODULATION_DATASET,Band-Power Envelope Coherence,Theta,Slow,P3,CP6,0.25858973331481433
MODULATION_DATASET,Band-Power Envelope Coherence,Theta,Slow,P3,T8,0.18354277289715265
MODULATION_DATASET,Band-Power Envelope Coherence,Theta,Slow,P3,FT10,0.033685365807047216
MODULATION_DATASET,Band-Power Envelope Coherence,Theta,Slow,P3,FC6,0.09458808169192082
MODULATION_DATASET,Band-Power Envelope Coherence,Theta,Slow,P3,C4,0.2540221840832839
MODULATION_DATASET,Band-Power Envelope Coherence,Theta,Slow,P3,FC2,0.2073052412395921
MODULATION_DATASET,Band-Power Envelope Coherence,Theta,Slow,P3,F4,0.20175205090081233
MODULATION_DATASET,Band-Power Envelope Coherence,Theta,Slow,P3,F8,0.028852677258986343
MODULATION_DATASET,Band-Power Envelope Coherence,Theta,Slow,P3,Fp2,0.15875906042675922
MODULATION_DATASET,Band-Power Envelope Coherence,Theta,Slow,P7,PO9,0.1207551792302827
MODULATION_DATASET,Band-Power Envelope Coherence,Theta,Slow,P7,O1,0.11904005986536428
MODULATION_DATASET,Band-Power Envelope Coherence,Theta,Slow,P7,Pz,0.1534679580176952
MODULATION_DATASET,Band-Power Envelope Coherence,Theta,Slow,P7,Oz,0.13788477166271082
MODULATION_DATASET,Band-Power Envelope Coherence,Theta,Slow,P7,O2,0.06616405069749133
MODULATION_DATASET,Band-Power Envelope Coherence,Theta,Slow,P7,PO10,0.022747138794648424
MODULATION_DATASET,Band-Power Envelope Coherence,Theta,Slow,P7,P8,0.07912752944312326
MODULATION_DATASET,Band-Power Envelope Coherence,Theta,Slow,P7,P4,0.08808105060134643
MODULATION_DATASET,Band-Power Envelope Coherence,Theta,Slow,P7,CP2,0.0303276862576946
MODULATION_DATASET,Band-Power Envelope Coherence,Theta,Slow,P7,CP6,0.04852154192355662
MODULATION_DATASET,Band-Power Envelope Coherence,Theta,Slow,P7,T8,0.02552913275772952
MODULATION_DATASET,Band-Power Envelope Coherence,Theta,Slow,P7,FT10,0.05557168388418292
MODULATION_DATASET,Band-Power Envelope Coherence,Theta,Slow,P7,FC6,0.025452927860007583
MODULATION_DATASET,Band-Power Envelope Coherence,Theta,Slow,P7,C4,0.02963117609569591
MODULATION_DATASET,Band-Power Envelope Coherence,Theta,Slow,P7,FC2,0.04261305671456155
MODULATION_DATASET,Band-Power Envelope Coherence,Theta,Slow,P7,F4,0.05130600642275389
MODULATION_DATASET,Band-Power Envelope Coherence,Theta,Slow,P7,F8,0.018915913648465562
MODULATION_DATASET,Band-Power Envelope Coherence,Theta,Slow,P7,Fp2,0.03611466198888467
MODULATION_DATASET,Band-Power Envelope Coherence,Theta,Slow,PO9,O1,0.07553199892850618
MODULATION_DATASET,Band-Power Envelope Coherence,Theta,Slow,PO9,Pz,0.04012749685617344
MODULATION_DATASET,Band-Power Envelope Coherence,Theta,Slow,PO9,Oz,0.06632864640314329
MODULATION_DATASET,Band-Power Envelope Coherence,Theta,Slow,PO9,O2,0.0332065701621299
MODULATION_DATASET,Band-Power Envelope Coherence,Theta,Slow,PO9,PO10,0.016069094529975146
MODULATION_DATASET,Band-Power Envelope Coherence,Theta,Slow,PO9,P8,0.032015211280687135
MODULATION_DATASET,Band-Power Envelope Coherence,Theta,Slow,PO9,P4,0.04206101545967903
MODULATION_DATASET,Band-Power Envelope Coherence,Theta,Slow,PO9,CP2,0.0216295511853265
MODULATION_DATASET,Band-Power Envelope Coherence,Theta,Slow,PO9,CP6,0.04429265268823415
MODULATION_DATASET,Band-Power Envelope Coherence,Theta,Slow,PO9,T8,0.03232417420481692
MODULATION_DATASET,Band-Power Envelope Coherence,Theta,Slow,PO9,FT10,0.023737893144309793
MODULATION_DATASET,Band-Power Envelope Coherence,Theta,Slow,PO9,FC6,0.046652045996776526
MODULATION_DATASET,Band-Power Envelope Coherence,Theta,Slow,PO9,C4,0.039058775685459755
MODULATION_DATASET,Band-Power Envelope Coherence,Theta,Slow,PO9,FC2,0.053519578072928856
MODULATION_DATASET,Band-Power Envelope Coherence,Theta,Slow,PO9,F4,0.057961586893195194
MODULATION_DATASET,Band-Power Envelope Coherence,Theta,Slow,PO9,F8,0.014938523164332397
MODULATION_DATASET,Band-Power Envelope Coherence,Theta,Slow,PO9,Fp2,0.0364357185510564
MODULATION_DATASET,Band-Power Envelope Coherence,Theta,Slow,O1,Pz,0.2615284295146985
MODULATION_DATASET,Band-Power Envelope Coherence,Theta,Slow,O1,Oz,0.5631166736787534
MODULATION_DATASET,Band-Power Envelope Coherence,Theta,Slow,O1,O2,0.2760484419256422
MODULATION_DATASET,Band-Power Envelope Coherence,Theta,Slow,O1,PO10,0.00868763866061063
MODULATION_DATASET,Band-Power Envelope Coherence,Theta,Slow,O1,P8,0.15168461215505222
MODULATION_DATASET,Band-Power Envelope Coherence,Theta,Slow,O1,P4,0.2536692197381213
MODULATION_DATASET,Band-Power Envelope Coherence,Theta,Slow,O1,CP2,0.10262824380116897
MODULATION_DATASET,Band-Power Envelope Coherence,Theta,Slow,O1,CP6,0.11256931470172121
MODULATION_DATASET,Band-Power Envelope Coherence,Theta,Slow,O1,T8,0.08351460782180455
MODULATION_DATASET,Band-Power Envelope Coherence,Theta,Slow,O1,FT10,0.04210419622568776
MODULATION_DATASET,Band-Power Envelope Coherence,Theta,Slow,O1,FC6,0.041013519808084695
MODULATION_DATASET,Band-Power Envelope Coherence,Theta,Slow,O1,C4,0.0752244422090713
MODULATION_DATASET,Band-Power Envelope Coherence,Theta,Slow,O1,FC2,0.044267923850960685
MODULATION_DATASET,Band-Power Envelope Coherence,Theta,Slow,O1,F4,0.0611599069179726
MODULATION_DATASET,Band-Power Envelope Coherence,Theta,Slow,O1,F8,0.01690465941258922
MODULATION_DATASET,Band-Power Envelope Coherence,Theta,Slow,O1,Fp2,0.0833118630404881
MODULATION_DATASET,Band-Power Envelope Coherence,Theta,Slow,Pz,Oz,0.44388552464782516
MODULATION_DATASET,Band-Power Envelope Coherence,Theta,Slow,Pz,O2,0.22822384849913593
MODULATION_DATASET,Band-Power Envelope Coherence,Theta,Slow,Pz,PO10,0.006727966085870281
MODULATION_DATASET,Band-Power Envelope Coherence,Theta,Slow,Pz,P8,0.2741744277776648
MODULATION_DATASET,Band-Power Envelope Coherence,Theta,Slow,Pz,P4,0.7212270545013008
MODULATION_DATASET,Band-Power Envelope Coherence,Theta,Slow,Pz,CP2,0.36813239739766257
MODULATION_DATASET,Band-Power Envelope Coherence,Theta,Slow,Pz,CP6,0.4375699742252879
MODULATION_DATASET,Band-Power Envelope Coherence,Theta,Slow,Pz,T8,0.2924158239348961
MODULATION_DATASET,Band-Power Envelope Coherence,Theta,Slow,Pz,FT10,0.03887826385565142
MODULATION_DATASET,Band-Power Envelope Coherence,Theta,Slow,Pz,FC6,0.19413395923341706
MODULATION_DATASET,Band-Power Envelope Coherence,Theta,Slow,Pz,C4,0.43097588436374046
MODULATION_DATASET,Band-Power Envelope Coherence,Theta,Slow,Pz,FC2,0.33324250333120237
MODULATION_DATASET,Band-Power Envelope Coherence,Theta,Slow,Pz,F4,0.31098216457675354
MODULATION_DATASET,Band-Power Envelope Coherence,Theta,Slow,Pz,F8,0.04357545224228771
MODULATION_DATASET,Band-Power Envelope Coherence,Theta,Slow,Pz,Fp2,0.20897997053727788
MODULATION_DATASET,Band-Power Envelope Coherence,Theta,Slow,Oz,O2,0.46232936488717513
MODULATION_DATASET,Band-Power Envelope Coherence,Theta,Slow,Oz,PO10,0.022028587624350136
MODULATION_DATASET,Band-Power Envelope Coherence,Theta,Slow,Oz,P8,0.3515069471795559
MODULATION_DATASET,Band-Power Envelope Coherence,Theta,Slow,Oz,P4,0.5110080818599121
MODULATION_DATASET,Band-Power Envelope Coherence,Theta,Slow,Oz,CP2,0.2088429510983144
MODULATION_DATASET,Band-Power Envelope Coherence,Theta,Slow,Oz,CP6,0.22957832004675754
MODULATION_DATASET,Band-Power Envelope Coherence,Theta,Slow,Oz,T8,0.1574271135866363
MODULATION_DATASET,Band-Power Envelope Coherence,Theta,Slow,Oz,FT10,0.06206763803214274
MODULATION_DATASET,Band-Power Envelope Coherence,Theta,Slow,Oz,FC6,0.0700175979605319
MODULATION_DATASET,Band-Power Envelope Coherence,Theta,Slow,Oz,C4,0.15505674114283932
MODULATION_DATASET,Band-Power Envelope Coherence,Theta,Slow,Oz,FC2,0.08789896892606291
MODULATION_DATASET,Band-Power Envelope Coherence,Theta,Slow,Oz,F4,0.11479004991953684
MODULATION_DATASET,Band-Power Envelope Coherence,Theta,Slow,Oz,F8,0.03134370781350248
MODULATION_DATASET,Band-Power Envelope Coherence,Theta,Slow,Oz,Fp2,0.1386127970101059
MODULATION_DATASET,Band-Power Envelope Coherence,Theta,Slow,O2,PO10,0.029829654606179402
MODULATION_DATASET,Band-Power Envelope Coherence,Theta,Slow,O2,P8,0.29495799084044344
MODULATION_DATASET,Band-Power Envelope Coherence,Theta,Slow,O2,P4,0.28304514446828677
MODULATION_DATASET,Band-Power Envelope Coherence,Theta,Slow,O2,CP2,0.08472407356316435
MODULATION_DATASET,Band-Power Envelope Coherence,Theta,Slow,O2,CP6,0.1325666953332403
MODULATION_DATASET,Band-Power Envelope Coherence,Theta,Slow,O2,T8,0.07569988265804899
MODULATION_DATASET,Band-Power Envelope Coherence,Theta,Slow,O2,FT10,0.02227934069170405
MODULATION_DATASET,Band-Power Envelope Coherence,Theta,Slow,O2,FC6,0.03163930416975199
MODULATION_DATASET,Band-Power Envelope Coherence,Theta,Slow,O2,C4,0.07116513131305048
MODULATION_DATASET,Band-Power Envelope Coherence,Theta,Slow,O2,FC2,0.037639406985703165
MODULATION_DATASET,Band-Power Envelope Coherence,Theta,Slow,O2,F4,0.04485354709925167
MODULATION_DATASET,Band-Power Envelope Coherence,Theta,Slow,O2,F8,0.009819153482424134
MODULATION_DATASET,Band-Power Envelope Coherence,Theta,Slow,O2,Fp2,0.06345099357873779
MODULATION_DATASET,Band-Power Envelope Coherence,Theta,Slow,PO10,P8,0.03695183193437825
MODULATION_DATASET,Band-Power Envelope Coherence,Theta,Slow,PO10,P4,0.013992693416325894
MODULATION_DATASET,Band-Power Envelope Coherence,Theta,Slow,PO10,CP2,0.0049470417606360595
MODULATION_DATASET,Band-Power Envelope Coherence,Theta,Slow,PO10,CP6,0.01566740036284801
MODULATION_DATASET,Band-Power Envelope Coherence,Theta,Slow,PO10,T8,0.014512955570452464
MODULATION_DATASET,Band-Power Envelope Coherence,Theta,Slow,PO10,FT10,0.03174107638859287
MODULATION_DATASET,Band-Power Envelope Coherence,Theta,Slow,PO10,FC6,0.04068436886865778
MODULATION_DATASET,Band-Power Envelope Coherence,Theta,Slow,PO10,C4,0.007798427475705056
MODULATION_DATASET,Band-Power Envelope Coherence,Theta,Slow,PO10,FC2,0.004061108461320882
MODULATION_DATASET,Band-Power Envelope Coherence,Theta,Slow,PO10,F4,0.008803428562260322
MODULATION_DATASET,Band-Power Envelope Coherence,Theta,Slow,PO10,F8,0.01006013919643421
MODULATION_DATASET,Band-Power Envelope Coherence,Theta,Slow,PO10,Fp2,0.005937716946757968
MODULATION_DATASET,Band-Power Envelope Coherence,Theta,Slow,P8,P4,0.5054704763950068
MODULATION_DATASET,Band-Power Envelope Coherence,Theta,Slow,P8,CP2,0.15201146387304015
MODULATION_DATASET,Band-Power Envelope Coherence,Theta,Slow,P8,CP6,0.5049425911459917
MODULATION_DATASET,Band-Power Envelope Coherence,Theta,Slow,P8,T8,0.3398652416764961
MODULATION_DATASET,Band-Power Envelope Coherence,Theta,Slow,P8,FT10,0.09836451084232929
MODULATION_DATASET,Band-Power Envelope Coherence,Theta,Slow,P8,FC6,0.1665686777886048
MODULATION_DATASET,Band-Power Envelope Coherence,Theta,Slow,P8,C4,0.27057276430277527
MODULATION_DATASET,Band-Power Envelope Coherence,Theta,Slow,P8,FC2,0.11636689005595145
MODULATION_DATASET,Band-Power Envelope Coherence,Theta,Slow,P8,F4,0.15667441518289624
MODULATION_DATASET,Band-Power Envelope Coherence,Theta,Slow,P8,F8,0.06365931449488628
MODULATION_DATASET,Band-Power Envelope Coherence,Theta,Slow,P8,Fp2,0.12495284100561585
MODULATION_DATASET,Band-Power Envelope Coherence,Theta,Slow,P4,CP2,0.4520539491334699
MODULATION_DATASET,Band-Power Envelope Coherence,Theta,Slow,P4,CP6,0.7035116889390678
MODULATION_DATASET,Band-Power Envelope Coherence,Theta,Slow,P4,T8,0.4809603821350191
MODULATION_DATASET,Band-Power Envelope Coherence,Theta,Slow,P4,FT10,0.04986130016021085
MODULATION_DATASET,Band-Power Envelope Coherence,Theta,Slow,P4,FC6,0.30929220081505815
MODULATION_DATASET,Band-Power Envelope Coherence,Theta,Slow,P4,C4,0.6328243847127989
MODULATION_DATASET,Band-Power Envelope Coherence,Theta,Slow,P4,FC2,0.40962006825778013
MODULATION_DATASET,Band-Power Envelope Coherence,Theta,Slow,P4,F4,0.42068710934073333
MODULATION_DATASET,Band-Power Envelope Coherence,Theta,Slow,P4,F8,0.07230600118342767
MODULATION_DATASET,Band-Power Envelope Coherence,Theta,Slow,P4,Fp2,0.27505467632286784
MODULATION_DATASET,Band-Power Envelope Coherence,Theta,Slow,CP2,CP6,0.2911312591489432
MODULATION_DATASET,Band-Power Envelope Coherence,Theta,Slow,CP2,T8,0.19141326233975825
MODULATION_DATASET,Band-Power Envelope Coherence,Theta,Slow,CP2,FT10,0.014663731171471722
MODULATION_DATASET,Band-Power Envelope Coherence,Theta,Slow,CP2,FC6,0.19180358566820355
MODULATION_DATASET,Band-Power Envelope Coherence,Theta,Slow,CP2,C4,0.36008840142217846
MODULATION_DATASET,Band-Power Envelope Coherence,Theta,Slow,CP2,FC2,0.22006479120110936
MODULATION_DATASET,Band-Power Envelope Coherence,Theta,Slow,CP2,F4,0.20121411942042236
MODULATION_DATASET,Band-Power Envelope Coherence,Theta,Slow,CP2,F8,0.03958274964849102
MODULATION_DATASET,Band-Power Envelope Coherence,Theta,Slow,CP2,Fp2,0.1003785888297099
MODULATION_DATASET,Band-Power Envelope Coherence,Theta,Slow,CP6,T8,0.7897733330395214
MODULATION_DATASET,Band-Power Envelope Coherence,Theta,Slow,CP6,FT10,0.08692378350236186
MODULATION_DATASET,Band-Power Envelope Coherence,Theta,Slow,CP6,FC6,0.49117105218649293
MODULATION_DATASET,Band-Power Envelope Coherence,Theta,Slow,CP6,C4,0.7814405051526805
MODULATION_DATASET,Band-Power Envelope Coherence,Theta,Slow,CP6,FC2,0.44544905173758037
MODULATION_DATASET,Band-Power Envelope Coherence,Theta,Slow,CP6,F4,0.5149689818570603
MODULATION_DATASET,Band-Power Envelope Coherence,Theta,Slow,CP6,F8,0.13709791822936784
MODULATION_DATASET,Band-Power Envelope Coherence,Theta,Slow,CP6,Fp2,0.3553704841462872
MODULATION_DATASET,Band-Power Envelope Coherence,Theta,Slow,T8,FT10,0.11994415691499816
MODULATION_DATASET,Band-Power Envelope Coherence,Theta,Slow,T8,FC6,0.5619085670576888
MODULATION_DATASET,Band-Power Envelope Coherence,Theta,Slow,T8,C4,0.7097192597721945
MODULATION_DATASET,Band-Power Envelope Coherence,Theta,Slow,T8,FC2,0.44764149039356504
MODULATION_DATASET,Band-Power Envelope Coherence,Theta,Slow,T8,F4,0.5866498090463217
MODULATION_DATASET,Band-Power Envelope Coherence,Theta,Slow,T8,F8,0.23936572102840278
MODULATION_DATASET,Band-Power Envelope Coherence,Theta,Slow,T8,Fp2,0.4067624337971398
MODULATION_DATASET,Band-Power Envelope Coherence,Theta,Slow,FT10,FC6,0.06807284393896885
MODULATION_DATASET,Band-Power Envelope Coherence,Theta,Slow,FT10,C4,0.05169862052698446
MODULATION_DATASET,Band-Power Envelope Coherence,Theta,Slow,FT10,FC2,0.017978179393875936
MODULATION_DATASET,Band-Power Envelope Coherence,Theta,Slow,FT10,F4,0.04585306582209918
MODULATION_DATASET,Band-Power Envelope Coherence,Theta,Slow,FT10,F8,0.08688192038528443
MODULATION_DATASET,Band-Power Envelope Coherence,Theta,Slow,FT10,Fp2,0.05337356976160265
MODULATION_DATASET,Band-Power Envelope Coherence,Theta,Slow,FC6,C4,0.5820921344275557
MODULATION_DATASET,Band-Power Envelope Coherence,Theta,Slow,FC6,FC2,0.47566433761032123
MODULATION_DATASET,Band-Power Envelope Coherence,Theta,Slow,FC6,F4,0.5861046126140034
MODULATION_DATASET,Band-Power Envelope Coherence,Theta,Slow,FC6,F8,0.20573220952711996
MODULATION_DATASET,Band-Power Envelope Coherence,Theta,Slow,FC6,Fp2,0.29075097342700384
MODULATION_DATASET,Band-Power Envelope Coherence,Theta,Slow,C4,FC2,0.6892438528638879
MODULATION_DATASET,Band-Power Envelope Coherence,Theta,Slow,C4,F4,0.7350233039724265
MODULATION_DATASET,Band-Power Envelope Coherence,Theta,Slow,C4,F8,0.14479474665369063
MODULATION_DATASET,Band-Power Envelope Coherence,Theta,Slow,C4,Fp2,0.39765422169202724
MODULATION_DATASET,Band-Power Envelope Coherence,Theta,Slow,FC2,F4,0.8283615299989068
MODULATION_DATASET,Band-Power Envelope Coherence,Theta,Slow,FC2,F8,0.10700991647831286
MODULATION_DATASET,Band-Power Envelope Coherence,Theta,Slow,FC2,Fp2,0.37966619155132925
MODULATION_DATASET,Band-Power Envelope Coherence,Theta,Slow,F4,F8,0.2039957371005953
MODULATION_DATASET,Band-Power Envelope Coherence,Theta,Slow,F4,Fp2,0.5204494421963235
MODULATION_DATASET,Band-Power Envelope Coherence,Theta,Slow,F8,Fp2,0.0942586755703576
MODULATION_DATASET,Band-Power Envelope Coherence,Theta,Medium,Cz,Fz,0.614048145763517
MODULATION_DATASET,Band-Power Envelope Coherence,Theta,Medium,Cz,Fp1,0.17244212045081153
MODULATION_DATASET,Band-Power Envelope Coherence,Theta,Medium,Cz,F7,0.1523322245810707
MODULATION_DATASET,Band-Power Envelope Coherence,Theta,Medium,Cz,F3,0.5086198192899467
MODULATION_DATASET,Band-Power Envelope Coherence,Theta,Medium,Cz,FC1,0.7618079747447601
MODULATION_DATASET,Band-Power Envelope Coherence,Theta,Medium,Cz,C3,0.14544254536896095
MODULATION_DATASET,Band-Power Envelope Coherence,Theta,Medium,Cz,FC5,0.20501755589369855
MODULATION_DATASET,Band-Power Envelope Coherence,Theta,Medium,Cz,FT9,0.03546577291368094
MODULATION_DATASET,Band-Power Envelope Coherence,Theta,Medium,Cz,T7,0.04198432534829205
MODULATION_DATASET,Band-Power Envelope Coherence,Theta,Medium,Cz,CP5,0.14863759813260813
MODULATION_DATASET,Band-Power Envelope Coherence,Theta,Medium,Cz,CP1,0.4426479892151627
MODULATION_DATASET,Band-Power Envelope Coherence,Theta,Medium,Cz,P3,0.2520049203671584
MODULATION_DATASET,Band-Power Envelope Coherence,Theta,Medium,Cz,P7,0.04266352999496391
MODULATION_DATASET,Band-Power Envelope Coherence,Theta,Medium,Cz,PO9,0.05834405085735543
MODULATION_DATASET,Band-Power Envelope Coherence,Theta,Medium,Cz,O1,0.057852874523813255
MODULATION_DATASET,Band-Power Envelope Coherence,Theta,Medium,Cz,Pz,0.4209960955527706
MODULATION_DATASET,Band-Power Envelope Coherence,Theta,Medium,Cz,Oz,0.10826136435731715
MODULATION_DATASET,Band-Power Envelope Coherence,Theta,Medium,Cz,O2,0.045545788002070965
MODULATION_DATASET,Band-Power Envelope Coherence,Theta,Medium,Cz,PO10,0.004916850983054343
MODULATION_DATASET,Band-Power Envelope Coherence,Theta,Medium,Cz,P8,0.1110505532367522
MODULATION_DATASET,Band-Power Envelope Coherence,Theta,Medium,Cz,P4,0.4579165433856747
MODULATION_DATASET,Band-Power Envelope Coherence,Theta,Medium,Cz,CP2,0.3090946229028349
MODULATION_DATASET,Band-Power Envelope Coherence,Theta,Medium,Cz,CP6,0.4635480347036245
MODULATION_DATASET,Band-Power Envelope Coherence,Theta,Medium,Cz,T8,0.4216464034984122
MODULATION_DATASET,Band-Power Envelope Coherence,Theta,Medium,Cz,FT10,0.02177351531086707
MODULATION_DATASET,Band-Power Envelope Coherence,Theta,Medium,Cz,FC6,0.40775984793282394
MODULATION_DATASET,Band-Power Envelope Coherence,Theta,Medium,Cz,C4,0.6567844087038698
MODULATION_DATASET,Band-Power Envelope Coherence,Theta,Medium,Cz,FC2,0.743832862998575
MODULATION_DATASET,Band-Power Envelope Coherence,Theta,Medium,Cz,F4,0.6307512799427643
MODULATION_DATASET,Band-Power Envelope Coherence,Theta,Medium,Cz,F8,0.0759339134691267
MODULATION_DATASET,Band-Power Envelope Coherence,Theta,Medium,Cz,Fp2,0.34194755990787906
MODULATION_DATASET,Band-Power Envelope Coherence,Theta,Medium,Fz,Fp1,0.21071563257364823
MODULATION_DATASET,Band-Power Envelope Coherence,Theta,Medium,Fz,F7,0.23524908642340836
MODULATION_DATASET,Band-Power Envelope Coherence,Theta,Medium,Fz,F3,0.6521703958634122
MODULATION_DATASET,Band-Power Envelope Coherence,Theta,Medium,Fz,FC1,0.8080291721549986
MODULATION_DATASET,Band-Power Envelope Coherence,Theta,Medium,Fz,C3,0.10644700281088693
MODULATION_DATASET,Band-Power Envelope Coherence,Theta,Medium,Fz,FC5,0.24484686328042948
MODULATION_DATASET,Band-Power Envelope Coherence,Theta,Medium,Fz,FT9,0.05266229357936281
MODULATION_DATASET,Band-Power Envelope Coherence,Theta,Medium,Fz,T7,0.04865355853614792
MODULATION_DATASET,Band-Power Envelope Coherence,Theta,Medium,Fz,CP5,0.07957903854233095
MODULATION_DATASET,Band-Power Envelope Coherence,Theta,Medium,Fz,CP1,0.2590008468098265
MODULATION_DATASET,Band-Power Envelope Coherence,Theta,Medium,Fz,P3,0.15341412721497366
MODULATION_DATASET,Band-Power Envelope Coherence,Theta,Medium,Fz,P7,0.05380721607046534
MODULATION_DATASET,Band-Power Envelope Coherence,Theta,Medium,Fz,PO9,0.071730405082509
MODULATION_DATASET,Band-Power Envelope Coherence,Theta,Medium,Fz,O1,0.04173402412145989
MODULATION_DATASET,Band-Power Envelope Coherence,Theta,Medium,Fz,Pz,0.2433069535233316
MODULATION_DATASET,Band-Power Envelope Coherence,Theta,Medium,Fz,Oz,0.07897636485825094
MODULATION_DATASET,Band-Power Envelope Coherence,Theta,Medium,Fz,O2,0.03181583232610089
MODULATION_DATASET,Band-Power Envelope Coherence,Theta,Medium,Fz,PO10,0.004551342454888962
MODULATION_DATASET,Band-Power Envelope Coherence,Theta,Medium,Fz,P8,0.09198392655066334
MODULATION_DATASET,Band-Power Envelope Coherence,Theta,Medium,Fz,P4,0.28588616422461166
MODULATION_DATASET,Band-Power Envelope Coherence,Theta,Medium,Fz,CP2,0.15969324046095157
MODULATION_DATASET,Band-Power Envelope Coherence,Theta,Medium,Fz,CP6,0.30534898151353174
MODULATION_DATASET,Band-Power Envelope Coherence,Theta,Medium,Fz,T8,0.3225105204455862
MODULATION_DATASET,Band-Power Envelope Coherence,Theta,Medium,Fz,FT10,0.020234031311618075
MODULATION_DATASET,Band-Power Envelope Coherence,Theta,Medium,Fz,FC6,0.4320480681697648
MODULATION_DATASET,Band-Power Envelope Coherence,Theta,Medium,Fz,C4,0.5067027627217071
MODULATION_DATASET,Band-Power Envelope Coherence,Theta,Medium,Fz,FC2,0.771525129277795
MODULATION_DATASET,Band-Power Envelope Coherence,Theta,Medium,Fz,F4,0.7813166396442482
MODULATION_DATASET,Band-Power Envelope Coherence,Theta,Medium,Fz,F8,0.10899535364838187
MODULATION_DATASET,Band-Power Envelope Coherence,Theta,Medium,Fz,Fp2,0.37615572840891887
MODULATION_DATASET,Band-Power Envelope Coherence,Theta,Medium,Fp1,F7,0.26113871246544107
MODULATION_DATASET,Band-Power Envelope Coherence,Theta,Medium,Fp1,F3,0.21764639223277077
MODULATION_DATASET,Band-Power Envelope Coherence,Theta,Medium,Fp1,FC1,0.18762055464005803
MODULATION_DATASET,Band-Power Envelope Coherence,Theta,Medium,Fp1,C3,0.07111055178896661
MODULATION_DATASET,Band-Power Envelope Coherence,Theta,Medium,Fp1,FC5,0.08132670310992074
MODULATION_DATASET,Band-Power Envelope Coherence,Theta,Medium,Fp1,FT9,0.022563222161047905
MODULATION_DATASET,Band-Power Envelope Coherence,Theta,Medium,Fp1,T7,0.014945941918129382
MODULATION_DATASET,Band-Power Envelope Coherence,Theta,Medium,Fp1,CP5,0.021692861752814683
MODULATION_DATASET,Band-Power Envelope Coherence,Theta,Medium,Fp1,CP1,0.08690955233781375
MODULATION_DATASET,Band-Power Envelope Coherence,Theta,Medium,Fp1,P3,0.05351288025719428
MODULATION_DATASET,Band-Power Envelope Coherence,Theta,Medium,Fp1,P7,0.023500858623050607
MODULATION_DATASET,Band-Power Envelope Coherence,Theta,Medium,Fp1,PO9,0.021469717582631644
MODULATION_DATASET,Band-Power Envelope Coherence,Theta,Medium,Fp1,O1,0.025387666713297747
MODULATION_DATASET,Band-Power Envelope Coherence,Theta,Medium,Fp1,Pz,0.07788551657015139
MODULATION_DATASET,Band-Power Envelope Coherence,Theta,Medium,Fp1,Oz,0.044670386491614096
MODULATION_DATASET,Band-Power Envelope Coherence,Theta,Medium,Fp1,O2,0.02932745568448127
MODULATION_DATASET,Band-Power Envelope Coherence,Theta,Medium,Fp1,PO10,0.0016118605736819757
MODULATION_DATASET,Band-Power Envelope Coherence,Theta,Medium,Fp1,P8,0.04925938977393689
MODULATION_DATASET,Band-Power Envelope Coherence,Theta,Medium,Fp1,P4,0.10275864985296351
MODULATION_DATASET,Band-Power Envelope Coherence,Theta,Medium,Fp1,CP2,0.04239170445429449
MODULATION_DATASET,Band-Power Envelope Coherence,Theta,Medium,Fp1,CP6,0.13783685798111736
MODULATION_DATASET,Band-Power Envelope Coherence,Theta,Medium,Fp1,T8,0.15150769865595837
MODULATION_DATASET,Band-Power Envelope Coherence,Theta,Medium,Fp1,FT10,0.011056554411862885
MODULATION_DATASET,Band-Power Envelope Coherence,Theta,Medium,Fp1,FC6,0.132733612802241
MODULATION_DATASET,Band-Power Envelope Coherence,Theta,Medium,Fp1,C4,0.15582214524954116
MODULATION_DATASET,Band-Power Envelope Coherence,Theta,Medium,Fp1,FC2,0.19151635408557277
MODULATION_DATASET,Band-Power Envelope Coherence,Theta,Medium,Fp1,F4,0.23461476635785855
MODULATION_DATASET,Band-Power Envelope Coherence,Theta,Medium,Fp1,F8,0.08157675137397111
MODULATION_DATASET,Band-Power Envelope Coherence,Theta,Medium,Fp1,Fp2,0.7078226586545834
MODULATION_DATASET,Band-Power Envelope Coherence,Theta,Medium,F7,F3,0.26370893969860304
MODULATION_DATASET,Band-Power Envelope Coherence,Theta,Medium,F7,FC1,0.21152976254069616
MODULATION_DATASET,Band-Power Envelope Coherence,Theta,Medium,F7,C3,0.03612451880678316
MODULATION_DATASET,Band-Power Envelope Coherence,Theta,Medium,F7,FC5,0.21528982827288962
MODULATION_DATASET,Band-Power Envelope Coherence,Theta,Medium,F7,FT9,0.12299380920577807
MODULATION_DATASET,Band-Power Envelope Coherence,Theta,Medium,F7,T7,0.07469590161916015
MODULATION_DATASET,Band-Power Envelope Coherence,Theta,Medium,F7,CP5,0.05174866058238696
MODULATION_DATASET,Band-Power Envelope Coherence,Theta,Medium,F7,CP1,0.06800700037052121
MODULATION_DATASET,Band-Power Envelope Coherence,Theta,Medium,F7,P3,0.045577875648785904
MODULATION_DATASET,Band-Power Envelope Coherence,Theta,Medium,F7,P7,0.11228012743926893
MODULATION_DATASET,Band-Power Envelope Coherence,Theta,Medium,F7,PO9,0.12258961591551944
MODULATION_DATASET,Band-Power Envelope Coherence,Theta,Medium,F7,O1,0.06430726480672591
MODULATION_DATASET,Band-Power Envelope Coherence,Theta,Medium,F7,Pz,0.07114046435443458
MODULATION_DATASET,Band-Power Envelope Coherence,Theta,Medium,F7,Oz,0.07858412601691817
MODULATION_DATASET,Band-Power Envelope Coherence,Theta,Medium,F7,O2,0.05435512065857839
MODULATION_DATASET,Band-Power Envelope Coherence,Theta,Medium,F7,PO10,0.0030532504588591646
MODULATION_DATASET,Band-Power Envelope Coherence,Theta,Medium,F7,P8,0.06224069095292031
MODULATION_DATASET,Band-Power Envelope Coherence,Theta,Medium,F7,P4,0.0875221795829067
MODULATION_DATASET,Band-Power Envelope Coherence,Theta,Medium,F7,CP2,0.03682012331465598
MODULATION_DATASET,Band-Power Envelope Coherence,Theta,Medium,F7,CP6,0.11256827747753148
MODULATION_DATASET,Band-Power Envelope Coherence,Theta,Medium,F7,T8,0.11929361172829117
MODULATION_DATASET,Band-Power Envelope Coherence,Theta,Medium,F7,FT10,0.05515916982533396
MODULATION_DATASET,Band-Power Envelope Coherence,Theta,Medium,F7,FC6,0.11495091783784771
MODULATION_DATASET,Band-Power Envelope Coherence,Theta,Medium,F7,C4,0.11879304839770197
MODULATION_DATASET,Band-Power Envelope Coherence,Theta,Medium,F7,FC2,0.17438714335723968
MODULATION_DATASET,Band-Power Envelope Coherence,Theta,Medium,F7,F4,0.2159130937510751
MODULATION_DATASET,Band-Power Envelope Coherence,Theta,Medium,F7,F8,0.05616129355546271
MODULATION_DATASET,Band-Power Envelope Coherence,Theta,Medium,F7,Fp2,0.2780333612951069
MODULATION_DATASET,Band-Power Envelope Coherence,Theta,Medium,F3,FC1,0.7043619263140299
MODULATION_DATASET,Band-Power Envelope Coherence,Theta,Medium,F3,C3,0.11312746909103727
MODULATION_DATASET,Band-Power Envelope Coherence,Theta,Medium,F3,FC5,0.25786003369868205
MODULATION_DATASET,Band-Power Envelope Coherence,Theta,Medium,F3,FT9,0.04870681191438505
MODULATION_DATASET,Band-Power Envelope Coherence,Theta,Medium,F3,T7,0.058543387795350815
MODULATION_DATASET,Band-Power Envelope Coherence,Theta,Medium,F3,CP5,0.07747407783429947
MODULATION_DATASET,Band-Power Envelope Coherence,Theta,Medium,F3,CP1,0.20567211767846696
MODULATION_DATASET,Band-Power Envelope Coherence,Theta,Medium,F3,P3,0.12015031305145764
MODULATION_DATASET,Band-Power Envelope Coherence,Theta,Medium,F3,P7,0.03815001635908878
MODULATION_DATASET,Band-Power Envelope Coherence,Theta,Medium,F3,PO9,0.06412447188602488
MODULATION_DATASET,Band-Power Envelope Coherence,Theta,Medium,F3,O1,0.04315766158189473
MODULATION_DATASET,Band-Power Envelope Coherence,Theta,Medium,F3,Pz,0.1916435587093318
MODULATION_DATASET,Band-Power Envelope Coherence,Theta,Medium,F3,Oz,0.06606592932562547
MODULATION_DATASET,Band-Power Envelope Coherence,Theta,Medium,F3,O2,0.03717077691141489
MODULATION_DATASET,Band-Power Envelope Coherence,Theta,Medium,F3,PO10,0.0026926048947926978
MODULATION_DATASET,Band-Power Envelope Coherence,Theta,Medium,F3,P8,0.08642091906107169
MODULATION_DATASET,Band-Power Envelope Coherence,Theta,Medium,F3,P4,0.23284256561448122
MODULATION_DATASET,Band-Power Envelope Coherence,Theta,Medium,F3,CP2,0.12809614047749115
MODULATION_DATASET,Band-Power Envelope Coherence,Theta,Medium,F3,CP6,0.24957168328571847
MODULATION_DATASET,Band-Power Envelope Coherence,Theta,Medium,F3,T8,0.27152541216541093
MODULATION_DATASET,Band-Power Envelope Coherence,Theta,Medium,F3,FT10,0.015738358373605845
MODULATION_DATASET,Band-Power Envelope Coherence,Theta,Medium,F3,FC6,0.33894398405327436
MODULATION_DATASET,Band-Power Envelope Coherence,Theta,Medium,F3,C4,0.4087260642142745
MODULATION_DATASET,Band-Power Envelope Coherence,Theta,Medium,F3,FC2,0.586449037970739
MODULATION_DATASET,Band-Power Envelope Coherence,Theta,Medium,F3,F4,0.6047928535257441
MODULATION_DATASET,Band-Power Envelope Coherence,Theta,Medium,F3,F8,0.09139579394273395
MODULATION_DATASET,Band-Power Envelope Coherence,Theta,Medium,F3,Fp2,0.3497701740957464
MODULATION_DATASET,Band-Power Envelope Coherence,Theta,Medium,FC1,C3,0.17724304047986164
MODULATION_DATASET,Band-Power Envelope Coherence,Theta,Medium,FC1,FC5,0.2811493781725166
MODULATION_DATASET,Band-Power Envelope Coherence,Theta,Medium,FC1,FT9,0.04601927358202225
MODULATION_DATASET,Band-Power Envelope Coherence,Theta,Medium,FC1,T7,0.0616228836981068
MODULATION_DATASET,Band-Power Envelope Coherence,Theta,Medium,FC1,CP5,0.16291052434865505
MODULATION_DATASET,Band-Power Envelope Coherence,Theta,Medium,FC1,CP1,0.3883496618085013
MODULATION_DATASET,Band-Power Envelope Coherence,Theta,Medium,FC1,P3,0.250945138438418
MODULATION_DATASET,Band-Power Envelope Coherence,Theta,Medium,FC1,P7,0.0847332787687095
MODULATION_DATASET,Band-Power Envelope Coherence,Theta,Medium,FC1,PO9,0.07449201987310095
MODULATION_DATASET,Band-Power Envelope Coherence,Theta,Medium,FC1,O1,0.05569994432839191
MODULATION_DATASET,Band-Power Envelope Coherence,Theta,Medium,FC1,Pz,0.3738943064439888
MODULATION_DATASET,Band-Power Envelope Coherence,Theta,Medium,FC1,Oz,0.106970586443893
MODULATION_DATASET,Band-Power Envelope Coherence,Theta,Medium,FC1,O2,0.04958028131205514
MODULATION_DATASET,Band-Power Envelope Coherence,Theta,Medium,FC1,PO10,0.003776058112058363
MODULATION_DATASET,Band-Power Envelope Coherence,Theta,Medium,FC1,P8,0.12176461041196114
MODULATION_DATASET,Band-Power Envelope Coherence,Theta,Medium,FC1,P4,0.39347152227000454
MODULATION_DATASET,Band-Power Envelope Coherence,Theta,Medium,FC1,CP2,0.24449113940577216
MODULATION_DATASET,Band-Power Envelope Coherence,Theta,Medium,FC1,CP6,0.3526779883319264
MODULATION_DATASET,Band-Power Envelope Coherence,Theta,Medium,FC1,T8,0.32577401492024305
MODULATION_DATASET,Band-Power Envelope Coherence,Theta,Medium,FC1,FT10,0.019064657203482323
MODULATION_DATASET,Band-Power Envelope Coherence,Theta,Medium,FC1,FC6,0.39882169297534315
MODULATION_DATASET,Band-Power Envelope Coherence,Theta,Medium,FC1,C4,0.5682349781758391
MODULATION_DATASET,Band-Power Envelope Coherence,Theta,Medium,FC1,FC2,0.7990688106712776
MODULATION_DATASET,Band-Power Envelope Coherence,Theta,Medium,FC1,F4,0.7267190194015342
MODULATION_DATASET,Band-Power Envelope Coherence,Theta,Medium,FC1,F8,0.08162593262864194
MODULATION_DATASET,Band-Power Envelope Coherence,Theta,Medium,FC1,Fp2,0.33797491288982623
MODULATION_DATASET,Band-Power Envelope Coherence,Theta,Medium,C3,FC5,0.07767255494803842
MODULATION_DATASET,Band-Power Envelope Coherence,Theta,Medium,C3,FT9,0.007282167847788239
MODULATION_DATASET,Band-Power Envelope Coherence,Theta,Medium,C3,T7,0.03667807658017242
MODULATION_DATASET,Band-Power Envelope Coherence,Theta,Medium,C3,CP5,0.07525811063714177
MODULATION_DATASET,Band-Power Envelope Coherence,Theta,Medium,C3,CP1,0.08123863775211451
MODULATION_DATASET,Band-Power Envelope Coherence,Theta,Medium,C3,P3,0.04945435779088001
MODULATION_DATASET,Band-Power Envelope Coherence,Theta,Medium,C3,P7,0.01079062451628994
MODULATION_DATASET,Band-Power Envelope Coherence,Theta,Medium,C3,PO9,0.01495285761328179
MODULATION_DATASET,Band-Power Envelope Coherence,Theta,Medium,C3,O1,0.009003816450682118
MODULATION_DATASET,Band-Power Envelope Coherence,Theta,Medium,C3,Pz,0.07782799094564483
MODULATION_DATASET,Band-Power Envelope Coherence,Theta,Medium,C3,Oz,0.019201228548089665
MODULATION_DATASET,Band-Power Envelope Coherence,Theta,Medium,C3,O2,0.006430075162798069
MODULATION_DATASET,Band-Power Envelope Coherence,Theta,Medium,C3,PO10,0.0024236649591953003
MODULATION_DATASET,Band-Power Envelope Coherence,Theta,Medium,C3,P8,0.009544402201900398
MODULATION_DATASET,Band-Power Envelope Coherence,Theta,Medium,C3,P4,0.05689880500426589
MODULATION_DATASET,Band-Power Envelope Coherence,Theta,Medium,C3,CP2,0.0860197563924085
MODULATION_DATASET,Band-Power Envelope Coherence,Theta,Medium,C3,CP6,0.027697013886234474
MODULATION_DATASET,Band-Power Envelope Coherence,Theta,Medium,C3,T8,0.018769310916772624
MODULATION_DATASET,Band-Power Envelope Coherence,Theta,Medium,C3,FT10,0.0037233037346154395
MODULATION_DATASET,Band-Power Envelope Coherence,Theta,Medium,C3,FC6,0.04623085169804167
MODULATION_DATASET,Band-Power Envelope Coherence,Theta,Medium,C3,C4,0.06795786624641577
MODULATION_DATASET,Band-Power Envelope Coherence,Theta,Medium,C3,FC2,0.09744984471680626
MODULATION_DATASET,Band-Power Envelope Coherence,Theta,Medium,C3,F4,0.06624749452900396
MODULATION_DATASET,Band-Power Envelope Coherence,Theta,Medium,C3,F8,0.06058400285986146
MODULATION_DATASET,Band-Power Envelope Coherence,Theta,Medium,C3,Fp2,0.05367468258811792
MODULATION_DATASET,Band-Power Envelope Coherence,Theta,Medium,FC5,FT9,0.02819546187289885
MODULATION_DATASET,Band-Power Envelope Coherence,Theta,Medium,FC5,T7,0.0745066844923544
MODULATION_DATASET,Band-Power Envelope Coherence,Theta,Medium,FC5,CP5,0.08479253628775751
MODULATION_DATASET,Band-Power Envelope Coherence,Theta,Medium,FC5,CP1,0.07901671037583224
MODULATION_DATASET,Band-Power Envelope Coherence,Theta,Medium,FC5,P3,0.039214465685183025
MODULATION_DATASET,Band-Power Envelope Coherence,Theta,Medium,FC5,P7,0.059088047396486806
MODULATION_DATASET,Band-Power Envelope Coherence,Theta,Medium,FC5,PO9,0.10917025440996103
MODULATION_DATASET,Band-Power Envelope Coherence,Theta,Medium,FC5,O1,0.017506987816958773
MODULATION_DATASET,Band-Power Envelope Coherence,Theta,Medium,FC5,Pz,0.07236607380839907
MODULATION_DATASET,Band-Power Envelope Coherence,Theta,Medium,FC5,Oz,0.022927905910373553
MODULATION_DATASET,Band-Power Envelope Coherence,Theta,Medium,FC5,O2,0.01602798467386561
MODULATION_DATASET,Band-Power Envelope Coherence,Theta,Medium,FC5,PO10,0.002097730240735009
MODULATION_DATASET,Band-Power Envelope Coherence,Theta,Medium,FC5,P8,0.013643925870065946
MODULATION_DATASET,Band-Power Envelope Coherence,Theta,Medium,FC5,P4,0.06844700848506749
MODULATION_DATASET,Band-Power Envelope Coherence,Theta,Medium,FC5,CP2,0.04931649387868263
MODULATION_DATASET,Band-Power Envelope Coherence,Theta,Medium,FC5,CP6,0.07465393920107005
MODULATION_DATASET,Band-Power Envelope Coherence,Theta,Medium,FC5,T8,0.0708827420974085
MODULATION_DATASET,Band-Power Envelope Coherence,Theta,Medium,FC5,FT10,0.0048926130530318555
MODULATION_DATASET,Band-Power Envelope Coherence,Theta,Medium,FC5,FC6,0.1074871790133827
MODULATION_DATASET,Band-Power Envelope Coherence,Theta,Medium,FC5,C4,0.12100645712046113
MODULATION_DATASET,Band-Power Envelope Coherence,Theta,Medium,FC5,FC2,0.2094561633708443
MODULATION_DATASET,Band-Power Envelope Coherence,Theta,Medium,FC5,F4,0.18433872451519093
MODULATION_DATASET,Band-Power Envelope Coherence,Theta,Medium,FC5,F8,0.021407320595774715
MODULATION_DATASET,Band-Power Envelope Coherence,Theta,Medium,FC5,Fp2,0.10201809590283972
MODULATION_DATASET,Band-Power Envelope Coherence,Theta,Medium,FT9,T7,0.05262079393993261
MODULATION_DATASET,Band-Power Envelope Coherence,Theta,Medium,FT9,CP5,0.025237921508205495
MODULATION_DATASET,Band-Power Envelope Coherence,Theta,Medium,FT9,CP1,0.04444768717616808
MODULATION_DATASET,Band-Power Envelope Coherence,Theta,Medium,FT9,P3,0.046465882927491986
MODULATION_DATASET,Band-Power Envelope Coherence,Theta,Medium,FT9,P7,0.07878007943159485
MODULATION_DATASET,Band-Power Envelope Coherence,Theta,Medium,FT9,PO9,0.04180301182547668
MODULATION_DATASET,Band-Power Envelope Coherence,Theta,Medium,FT9,O1,0.06952879115375443
MODULATION_DATASET,Band-Power Envelope Coherence,Theta,Medium,FT9,Pz,0.052835797934080095
MODULATION_DATASET,Band-Power Envelope Coherence,Theta,Medium,FT9,Oz,0.0665074830798862
MODULATION_DATASET,Band-Power Envelope Coherence,Theta,Medium,FT9,O2,0.03639535551991975
MODULATION_DATASET,Band-Power Envelope Coherence,Theta,Medium,FT9,PO10,0.002249016619028904
MODULATION_DATASET,Band-Power Envelope Coherence,Theta,Medium,FT9,P8,0.04317355648501818
MODULATION_DATASET,Band-Power Envelope Coherence,Theta,Medium,FT9,P4,0.058177295967322906
MODULATION_DATASET,Band-Power Envelope Coherence,Theta,Medium,FT9,CP2,0.02852626386115977
MODULATION_DATASET,Band-Power Envelope Coherence,Theta,Medium,FT9,CP6,0.04452907653011294
MODULATION_DATASET,Band-Power Envelope Coherence,Theta,Medium,FT9,T8,0.05777921694281045
MODULATION_DATASET,Band-Power Envelope Coherence,Theta,Medium,FT9,FT10,0.031062743218767064
MODULATION_DATASET,Band-Power Envelope Coherence,Theta,Medium,FT9,FC6,0.05416570063883946
MODULATION_DATASET,Band-Power Envelope Coherence,Theta,Medium,FT9,C4,0.04294112424965327
MODULATION_DATASET,Band-Power Envelope Coherence,Theta,Medium,FT9,FC2,0.037495675676203766
MODULATION_DATASET,Band-Power Envelope Coherence,Theta,Medium,FT9,F4,0.06524427653798212
MODULATION_DATASET,Band-Power Envelope Coherence,Theta,Medium,FT9,F8,0.05165539658806155
MODULATION_DATASET,Band-Power Envelope Coherence,Theta,Medium,FT9,Fp2,0.06285643748950752
MODULATION_DATASET,Band-Power Envelope Coherence,Theta,Medium,T7,CP5,0.044911575398065465
MODULATION_DATASET,Band-Power Envelope Coherence,Theta,Medium,T7,CP1,0.028849401394773086
MODULATION_DATASET,Band-Power Envelope Coherence,Theta,Medium,T7,P3,0.022644985075916564
MODULATION_DATASET,Band-Power Envelope Coherence,Theta,Medium,T7,P7,0.037363426832834334
MODULATION_DATASET,Band-Power Envelope Coherence,Theta,Medium,T7,PO9,0.06519598666884854
MODULATION_DATASET,Band-Power Envelope Coherence,Theta,Medium,T7,O1,0.028560684127079676
MODULATION_DATASET,Band-Power Envelope Coherence,Theta,Medium,T7,Pz,0.028921539085621204
MODULATION_DATASET,Band-Power Envelope Coherence,Theta,Medium,T7,Oz,0.033024173098615835
MODULATION_DATASET,Band-Power Envelope Coherence,Theta,Medium,T7,O2,0.004013896477710583
MODULATION_DATASET,Band-Power Envelope Coherence,Theta,Medium,T7,PO10,0.005491068103138303
MODULATION_DATASET,Band-Power Envelope Coherence,Theta,Medium,T7,P8,0.008059424375165977
MODULATION_DATASET,Band-Power Envelope Coherence,Theta,Medium,T7,P4,0.020093235786498242
MODULATION_DATASET,Band-Power Envelope Coherence,Theta,Medium,T7,CP2,0.017302612846667027
MODULATION_DATASET,Band-Power Envelope Coherence,Theta,Medium,T7,CP6,0.01577428435277919
MODULATION_DATASET,Band-Power Envelope Coherence,Theta,Medium,T7,T8,0.019770467037389182
MODULATION_DATASET,Band-Power Envelope Coherence,Theta,Medium,T7,FT10,0.02209248403914822
MODULATION_DATASET,Band-Power Envelope Coherence,Theta,Medium,T7,FC6,0.027930732652147267
MODULATION_DATASET,Band-Power Envelope Coherence,Theta,Medium,T7,C4,0.028419068778383086
MODULATION_DATASET,Band-Power Envelope Coherence,Theta,Medium,T7,FC2,0.03637515907869176
MODULATION_DATASET,Band-Power Envelope Coherence,Theta,Medium,T7,F4,0.041184869930724344
MODULATION_DATASET,Band-Power Envelope Coherence,Theta,Medium,T7,F8,0.010055032391541655
MODULATION_DATASET,Band-Power Envelope Coherence,Theta,Medium,T7,Fp2,0.029288183407301355
MODULATION_DATASET,Band-Power Envelope Coherence,Theta,Medium,CP5,CP1,0.2267815422912826
MODULATION_DATASET,Band-Power Envelope Coherence,Theta,Medium,CP5,P3,0.21225916477626972
MODULATION_DATASET,Band-Power Envelope Coherence,Theta,Medium,CP5,P7,0.20574099790514477
MODULATION_DATASET,Band-Power Envelope Coherence,Theta,Medium,CP5,PO9,0.048228100739834995
MODULATION_DATASET,Band-Power Envelope Coherence,Theta,Medium,CP5,O1,0.05675826072778429
MODULATION_DATASET,Band-Power Envelope Coherence,Theta,Medium,CP5,Pz,0.21232455862151106
MODULATION_DATASET,Band-Power Envelope Coherence,Theta,Medium,CP5,Oz,0.07666730309842715
MODULATION_DATASET,Band-Power Envelope Coherence,Theta,Medium,CP5,O2,0.038974231354078216
MODULATION_DATASET,Band-Power Envelope Coherence,Theta,Medium,CP5,PO10,0.004993836350737673
MODULATION_DATASET,Band-Power Envelope Coherence,Theta,Medium,CP5,P8,0.04455873597321816
MODULATION_DATASET,Band-Power Envelope Coherence,Theta,Medium,CP5,P4,0.12355018813691614
MODULATION_DATASET,Band-Power Envelope Coherence,Theta,Medium,CP5,CP2,0.06392174358017574
MODULATION_DATASET,Band-Power Envelope Coherence,Theta,Medium,CP5,CP6,0.08800771830357015
MODULATION_DATASET,Band-Power Envelope Coherence,Theta,Medium,CP5,T8,0.05997451149182023
MODULATION_DATASET,Band-Power Envelope Coherence,Theta,Medium,CP5,FT10,0.022736167156817387
MODULATION_DATASET,Band-Power Envelope Coherence,Theta,Medium,CP5,FC6,0.04832966075945777
MODULATION_DATASET,Band-Power Envelope Coherence,Theta,Medium,CP5,C4,0.08769246169653994
MODULATION_DATASET,Band-Power Envelope Coherence,Theta,Medium,CP5,FC2,0.09302575631390489
MODULATION_DATASET,Band-Power Envelope Coherence,Theta,Medium,CP5,F4,0.07448978130131595
MODULATION_DATASET,Band-Power Envelope Coherence,Theta,Medium,CP5,F8,0.01339393693310629
MODULATION_DATASET,Band-Power Envelope Coherence,Theta,Medium,CP5,Fp2,0.053006029049926504
MODULATION_DATASET,Band-Power Envelope Coherence,Theta,Medium,CP1,P3,0.5327210838471078
MODULATION_DATASET,Band-Power Envelope Coherence,Theta,Medium,CP1,P7,0.12736820460571452
MODULATION_DATASET,Band-Power Envelope Coherence,Theta,Medium,CP1,PO9,0.03610170410116454
MODULATION_DATASET,Band-Power Envelope Coherence,Theta,Medium,CP1,O1,0.22456547528193782
MODULATION_DATASET,Band-Power Envelope Coherence,Theta,Medium,CP1,Pz,0.6722455878198658
MODULATION_DATASET,Band-Power Envelope Coherence,Theta,Medium,CP1,Oz,0.3689214121939369
MODULATION_DATASET,Band-Power Envelope Coherence,Theta,Medium,CP1,O2,0.1901733411169969
MODULATION_DATASET,Band-Power Envelope Coherence,Theta,Medium,CP1,PO10,0.005192082512399773
MODULATION_DATASET,Band-Power Envelope Coherence,Theta,Medium,CP1,P8,0.20646682965283386
MODULATION_DATASET,Band-Power Envelope Coherence,Theta,Medium,CP1,P4,0.6362274848091369
MODULATION_DATASET,Band-Power Envelope Coherence,Theta,Medium,CP1,CP2,0.33214440446026283
MODULATION_DATASET,Band-Power Envelope Coherence,Theta,Medium,CP1,CP6,0.4178660498844099
MODULATION_DATASET,Band-Power Envelope Coherence,Theta,Medium,CP1,T8,0.2967835128808396
MODULATION_DATASET,Band-Power Envelope Coherence,Theta,Medium,CP1,FT10,0.025493592080007104
MODULATION_DATASET,Band-Power Envelope Coherence,Theta,Medium,CP1,FC6,0.20251566474766436
MODULATION_DATASET,Band-Power Envelope Coherence,Theta,Medium,CP1,C4,0.42563741909250485
MODULATION_DATASET,Band-Power Envelope Coherence,Theta,Medium,CP1,FC2,0.34832000749533987
MODULATION_DATASET,Band-Power Envelope Coherence,Theta,Medium,CP1,F4,0.31712754363920825
MODULATION_DATASET,Band-Power Envelope Coherence,Theta,Medium,CP1,F8,0.03646375763126829
MODULATION_DATASET,Band-Power Envelope Coherence,Theta,Medium,CP1,Fp2,0.21826068739672383
MODULATION_DATASET,Band-Power Envelope Coherence,Theta,Medium,P3,P7,0.17386438846072783
MODULATION_DATASET,Band-Power Envelope Coherence,Theta,Medium,P3,PO9,0.026661027669455342
MODULATION_DATASET,Band-Power Envelope Coherence,Theta,Medium,P3,O1,0.23912590221764168
MODULATION_DATASET,Band-Power Envelope Coherence,Theta,Medium,P3,Pz,0.5534238821988821
MODULATION_DATASET,Band-Power Envelope Coherence,Theta,Medium,P3,Oz,0.35198361592262106
MODULATION_DATASET,Band-Power Envelope Coherence,Theta,Medium,P3,O2,0.18291833798305002
MODULATION_DATASET,Band-Power Envelope Coherence,Theta,Medium,P3,PO10,0.004193585819816855
MODULATION_DATASET,Band-Power Envelope Coherence,Theta,Medium,P3,P8,0.1712485799478414
MODULATION_DATASET,Band-Power Envelope Coherence,Theta,Medium,P3,P4,0.4590652838357724
MODULATION_DATASET,Band-Power Envelope Coherence,Theta,Medium,P3,CP2,0.21923620358197826
MODULATION_DATASET,Band-Power Envelope Coherence,Theta,Medium,P3,CP6,0.24741420636040096
MODULATION_DATASET,Band-Power Envelope Coherence,Theta,Medium,P3,T8,0.17362225174940044
MODULATION_DATASET,Band-Power Envelope Coherence,Theta,Medium,P3,FT10,0.03317321590725142
MODULATION_DATASET,Band-Power Envelope Coherence,Theta,Medium,P3,FC6,0.0996838246227972
MODULATION_DATASET,Band-Power Envelope Coherence,Theta,Medium,P3,C4,0.24446062596612778
MODULATION_DATASET,Band-Power Envelope Coherence,Theta,Medium,P3,FC2,0.19801731606958645
MODULATION_DATASET,Band-Power Envelope Coherence,Theta,Medium,P3,F4,0.1906275915256046
MODULATION_DATASET,Band-Power Envelope Coherence,Theta,Medium,P3,F8,0.027382578019238317
MODULATION_DATASET,Band-Power Envelope Coherence,Theta,Medium,P3,Fp2,0.1509406077204124
MODULATION_DATASET,Band-Power Envelope Coherence,Theta,Medium,P7,PO9,0.12955681620117238
MODULATION_DATASET,Band-Power Envelope Coherence,Theta,Medium,P7,O1,0.11979954325405795
MODULATION_DATASET,Band-Power Envelope Coherence,Theta,Medium,P7,Pz,0.15038449419267205
MODULATION_DATASET,Band-Power Envelope Coherence,Theta,Medium,P7,Oz,0.13334275356491698
MODULATION_DATASET,Band-Power Envelope Coherence,Theta,Medium,P7,O2,0.06463082064898464
MODULATION_DATASET,Band-Power Envelope Coherence,Theta,Medium,P7,PO10,0.022447771616657466
MODULATION_DATASET,Band-Power Envelope Coherence,Theta,Medium,P7,P8,0.07462649416461994
MODULATION_DATASET,Band-Power Envelope Coherence,Theta,Medium,P7,P4,0.08527004294563847
MODULATION_DATASET,Band-Power Envelope Coherence,Theta,Medium,P7,CP2,0.030941792655609524
MODULATION_DATASET,Band-Power Envelope Coherence,Theta,Medium,P7,CP6,0.046915165312963726
MODULATION_DATASET,Band-Power Envelope Coherence,Theta,Medium,P7,T8,0.02540746559902829
MODULATION_DATASET,Band-Power Envelope Coherence,Theta,Medium,P7,FT10,0.056906376444957496
MODULATION_DATASET,Band-Power Envelope Coherence,Theta,Medium,P7,FC6,0.027181629148831925
MODULATION_DATASET,Band-Power Envelope Coherence,Theta,Medium,P7,C4,0.029098962015357294
MODULATION_DATASET,Band-Power Envelope Coherence,Theta,Medium,P7,FC2,0.041259845040685195
MODULATION_DATASET,Band-Power Envelope Coherence,Theta,Medium,P7,F4,0.05014942987447671
MODULATION_DATASET,Band-Power Envelope Coherence,Theta,Medium,P7,F8,0.019007924837683668
MODULATION_DATASET,Band-Power Envelope Coherence,Theta,Medium,P7,Fp2,0.03562540869497219
MODULATION_DATASET,Band-Power Envelope Coherence,Theta,Medium,PO9,O1,0.07987379889722951
MODULATION_DATASET,Band-Power Envelope Coherence,Theta,Medium,PO9,Pz,0.04286430246179952
MODULATION_DATASET,Band-Power Envelope Coherence,Theta,Medium,PO9,Oz,0.07040204296364208
MODULATION_DATASET,Band-Power Envelope Coherence,Theta,Medium,PO9,O2,0.035623585806433086
MODULATION_DATASET,Band-Power Envelope Coherence,Theta,Medium,PO9,PO10,0.017283827309755008
MODULATION_DATASET,Band-Power Envelope Coherence,Theta,Medium,PO9,P8,0.034034108813623745
MODULATION_DATASET,Band-Power Envelope Coherence,Theta,Medium,PO9,P4,0.04476605774399625
MODULATION_DATASET,Band-Power Envelope Coherence,Theta,Medium,PO9,CP2,0.02310711191717813
MODULATION_DATASET,Band-Power Envelope Coherence,Theta,Medium,PO9,CP6,0.047379407932232505
MODULATION_DATASET,Band-Power Envelope Coherence,Theta,Medium,PO9,T8,0.034642455499731696
MODULATION_DATASET,Band-Power Envelope Coherence,Theta,Medium,PO9,FT10,0.02633325402292437
MODULATION_DATASET,Band-Power Envelope Coherence,Theta,Medium,PO9,FC6,0.05050416475781636
MODULATION_DATASET,Band-Power Envelope Coherence,Theta,Medium,PO9,C4,0.041883886689376856
MODULATION_DATASET,Band-Power Envelope Coherence,Theta,Medium,PO9,FC2,0.05732949048494404
MODULATION_DATASET,Band-Power Envelope Coherence,Theta,Medium,PO9,F4,0.06214190530967073
MODULATION_DATASET,Band-Power Envelope Coherence,Theta,Medium,PO9,F8,0.015992844097692194
MODULATION_DATASET,Band-Power Envelope Coherence,Theta,Medium,PO9,Fp2,0.03897322744117694
MODULATION_DATASET,Band-Power Envelope Coherence,Theta,Medium,O1,Pz,0.26586705149597156
MODULATION_DATASET,Band-Power Envelope Coherence,Theta,Medium,O1,Oz,0.5756194997986954
MODULATION_DATASET,Band-Power Envelope Coherence,Theta,Medium,O1,O2,0.28465461729088476
MODULATION_DATASET,Band-Power Envelope Coherence,Theta,Medium,O1,PO10,0.009135550199328343
MODULATION_DATASET,Band-Power Envelope Coherence,Theta,Medium,O1,P8,0.15016578589861862
MODULATION_DATASET,Band-Power Envelope Coherence,Theta,Medium,O1,P4,0.25669801337406023
MODULATION_DATASET,Band-Power Envelope Coherence,Theta,Medium,O1,CP2,0.10728973483054642
MODULATION_DATASET,Band-Power Envelope Coherence,Theta,Medium,O1,CP6,0.110769396411217
MODULATION_DATASET,Band-Power Envelope Coherence,Theta,Medium,O1,T8,0.08145926893729843
MODULATION_DATASET,Band-Power Envelope Coherence,Theta,Medium,O1,FT10,0.04359363882234138
MODULATION_DATASET,Band-Power Envelope Coherence,Theta,Medium,O1,FC6,0.043456965451151824
MODULATION_DATASET,Band-Power Envelope Coherence,Theta,Medium,O1,C4,0.0740050573229189
MODULATION_DATASET,Band-Power Envelope Coherence,Theta,Medium,O1,FC2,0.04318666666901491
MODULATION_DATASET,Band-Power Envelope Coherence,Theta,Medium,O1,F4,0.05917509363634177
MODULATION_DATASET,Band-Power Envelope Coherence,Theta,Medium,O1,F8,0.01663061718321987
MODULATION_DATASET,Band-Power Envelope Coherence,Theta,Medium,O1,Fp2,0.08141907468196516
MODULATION_DATASET,Band-Power Envelope Coherence,Theta,Medium,Pz,Oz,0.4426562710623603
MODULATION_DATASET,Band-Power Envelope Coherence,Theta,Medium,Pz,O2,0.22920253058454138
MODULATION_DATASET,Band-Power Envelope Coherence,Theta,Medium,Pz,PO10,0.006947248839678331
MODULATION_DATASET,Band-Power Envelope Coherence,Theta,Medium,Pz,P8,0.2665596414015796
MODULATION_DATASET,Band-Power Envelope Coherence,Theta,Medium,Pz,P4,0.7206392345248531
MODULATION_DATASET,Band-Power Envelope Coherence,Theta,Medium,Pz,CP2,0.3842774901553957
MODULATION_DATASET,Band-Power Envelope Coherence,Theta,Medium,Pz,CP6,0.42940476458318916
MODULATION_DATASET,Band-Power Envelope Coherence,Theta,Medium,Pz,T8,0.2825407358393399
MODULATION_DATASET,Band-Power Envelope Coherence,Theta,Medium,Pz,FT10,0.03895564385819757
MODULATION_DATASET,Band-Power Envelope Coherence,Theta,Medium,Pz,FC6,0.2056493902530228
MODULATION_DATASET,Band-Power Envelope Coherence,Theta,Medium,Pz,C4,0.4255577964651176
MODULATION_DATASET,Band-Power Envelope Coherence,Theta,Medium,Pz,FC2,0.3257476989115662
MODULATION_DATASET,Band-Power Envelope Coherence,Theta,Medium,Pz,F4,0.30003871653715375
MODULATION_DATASET,Band-Power Envelope Coherence,Theta,Medium,Pz,F8,0.042188117613805226
MODULATION_DATASET,Band-Power Envelope Coherence,Theta,Medium,Pz,Fp2,0.20018791635852676
MODULATION_DATASET,Band-Power Envelope Coherence,Theta,Medium,Oz,O2,0.46545496590687546
MODULATION_DATASET,Band-Power Envelope Coherence,Theta,Medium,Oz,PO10,0.022714791119321703
MODULATION_DATASET,Band-Power Envelope Coherence,Theta,Medium,Oz,P8,0.34202163322743306
MODULATION_DATASET,Band-Power Envelope Coherence,Theta,Medium,Oz,P4,0.5085627535005615
MODULATION_DATASET,Band-Power Envelope Coherence,Theta,Medium,Oz,CP2,0.21668830248263138
MODULATION_DATASET,Band-Power Envelope Coherence,Theta,Medium,Oz,CP6,0.221248930983374
MODULATION_DATASET,Band-Power Envelope Coherence,Theta,Medium,Oz,T8,0.14875897342276248
MODULATION_DATASET,Band-Power Envelope Coherence,Theta,Medium,Oz,FT10,0.06184484479834733
MODULATION_DATASET,Band-Power Envelope Coherence,Theta,Medium,Oz,FC6,0.07339063758426861
MODULATION_DATASET,Band-Power Envelope Coherence,Theta,Medium,Oz,C4,0.14982664189597567
MODULATION_DATASET,Band-Power Envelope Coherence,Theta,Medium,Oz,FC2,0.0837742557150348
MODULATION_DATASET,Band-Power Envelope Coherence,Theta,Medium,Oz,F4,0.10781430239331544
MODULATION_DATASET,Band-Power Envelope Coherence,Theta,Medium,Oz,F8,0.029883021884735038
MODULATION_DATASET,Band-Power Envelope Coherence,Theta,Medium,Oz,Fp2,0.12984826365285485
MODULATION_DATASET,Band-Power Envelope Coherence,Theta,Medium,O2,PO10,0.030875579858481703
MODULATION_DATASET,Band-Power Envelope Coherence,Theta,Medium,O2,P8,0.29412779961318314
MODULATION_DATASET,Band-Power Envelope Coherence,Theta,Medium,O2,P4,0.28491031849051485
MODULATION_DATASET,Band-Power Envelope Coherence,Theta,Medium,O2,CP2,0.08858352945997819
MODULATION_DATASET,Band-Power Envelope Coherence,Theta,Medium,O2,CP6,0.13087257620709689
MODULATION_DATASET,Band-Power Envelope Coherence,Theta,Medium,O2,T8,0.07353795917078076
MODULATION_DATASET,Band-Power Envelope Coherence,Theta,Medium,O2,FT10,0.022156514896497278
MODULATION_DATASET,Band-Power Envelope Coherence,Theta,Medium,O2,FC6,0.0335705579459864
MODULATION_DATASET,Band-Power Envelope Coherence,Theta,Medium,O2,C4,0.0701922946795588
MODULATION_DATASET,Band-Power Envelope Coherence,Theta,Medium,O2,FC2,0.03652741515355082
MODULATION_DATASET,Band-Power Envelope Coherence,Theta,Medium,O2,F4,0.04327957748036585
MODULATION_DATASET,Band-Power Envelope Coherence,Theta,Medium,O2,F8,0.009773853516445163
MODULATION_DATASET,Band-Power Envelope Coherence,Theta,Medium,O2,Fp2,0.06121566428721621
MODULATION_DATASET,Band-Power Envelope Coherence,Theta,Medium,PO10,P8,0.03872303302344815
MODULATION_DATASET,Band-Power Envelope Coherence,Theta,Medium,PO10,P4,0.014614847005579357
MODULATION_DATASET,Band-Power Envelope Coherence,Theta,Medium,PO10,CP2,0.005353990014089147
MODULATION_DATASET,Band-Power Envelope Coherence,Theta,Medium,PO10,CP6,0.0157917934833467
MODULATION_DATASET,Band-Power Envelope Coherence,Theta,Medium,PO10,T8,0.014489621764436328
MODULATION_DATASET,Band-Power Envelope Coherence,Theta,Medium,PO10,FT10,0.032748885332998155
MODULATION_DATASET,Band-Power Envelope Coherence,Theta,Medium,PO10,FC6,0.038816637973073026
MODULATION_DATASET,Band-Power Envelope Coherence,Theta,Medium,PO10,C4,0.007920096546488425
MODULATION_DATASET,Band-Power Envelope Coherence,Theta,Medium,PO10,FC2,0.004077469534599167
MODULATION_DATASET,Band-Power Envelope Coherence,Theta,Medium,PO10,F4,0.008725523104903075
MODULATION_DATASET,Band-Power Envelope Coherence,Theta,Medium,PO10,F8,0.009955417347302882
MODULATION_DATASET,Band-Power Envelope Coherence,Theta,Medium,PO10,Fp2,0.005709105819358283
MODULATION_DATASET,Band-Power Envelope Coherence,Theta,Medium,P8,P4,0.501565763818802
MODULATION_DATASET,Band-Power Envelope Coherence,Theta,Medium,P8,CP2,0.1568244849862046
MODULATION_DATASET,Band-Power Envelope Coherence,Theta,Medium,P8,CP6,0.505005807536991
MODULATION_DATASET,Band-Power Envelope Coherence,Theta,Medium,P8,T8,0.3376161603449988
MODULATION_DATASET,Band-Power Envelope Coherence,Theta,Medium,P8,FT10,0.09850224229131624
MODULATION_DATASET,Band-Power Envelope Coherence,Theta,Medium,P8,FC6,0.17601992690756563
MODULATION_DATASET,Band-Power Envelope Coherence,Theta,Medium,P8,C4,0.2687349616095606
MODULATION_DATASET,Band-Power Envelope Coherence,Theta,Medium,P8,FC2,0.11312090771332968
MODULATION_DATASET,Band-Power Envelope Coherence,Theta,Medium,P8,F4,0.1515858553571118
MODULATION_DATASET,Band-Power Envelope Coherence,Theta,Medium,P8,F8,0.06367252560137435
MODULATION_DATASET,Band-Power Envelope Coherence,Theta,Medium,P8,Fp2,0.11859077164437573
MODULATION_DATASET,Band-Power Envelope Coherence,Theta,Medium,P4,CP2,0.4702840636804363
MODULATION_DATASET,Band-Power Envelope Coherence,Theta,Medium,P4,CP6,0.6973016220403826
MODULATION_DATASET,Band-Power Envelope Coherence,Theta,Medium,P4,T8,0.4686104395231681
MODULATION_DATASET,Band-Power Envelope Coherence,Theta,Medium,P4,FT10,0.05032020035821832
MODULATION_DATASET,Band-Power Envelope Coherence,Theta,Medium,P4,FC6,0.32753467619811455
MODULATION_DATASET,Band-Power Envelope Coherence,Theta,Medium,P4,C4,0.6271155163245868
MODULATION_DATASET,Band-Power Envelope Coherence,Theta,Medium,P4,FC2,0.4000526573265685
MODULATION_DATASET,Band-Power Envelope Coherence,Theta,Medium,P4,F4,0.40669127243063063
MODULATION_DATASET,Band-Power Envelope Coherence,Theta,Medium,P4,F8,0.07118069904761216
MODULATION_DATASET,Band-Power Envelope Coherence,Theta,Medium,P4,Fp2,0.2630311975748905
MODULATION_DATASET,Band-Power Envelope Coherence,Theta,Medium,CP2,CP6,0.3002842864522486
MODULATION_DATASET,Band-Power Envelope Coherence,Theta,Medium,CP2,T8,0.1943632873350239
MODULATION_DATASET,Band-Power Envelope Coherence,Theta,Medium,CP2,FT10,0.015078678986963988
MODULATION_DATASET,Band-Power Envelope Coherence,Theta,Medium,CP2,FC6,0.203774987914983
MODULATION_DATASET,Band-Power Envelope Coherence,Theta,Medium,CP2,C4,0.37086906299502853
MODULATION_DATASET,Band-Power Envelope Coherence,Theta,Medium,CP2,FC2,0.226786878172357
MODULATION_DATASET,Band-Power Envelope Coherence,Theta,Medium,CP2,F4,0.20497798543061863
MODULATION_DATASET,Band-Power Envelope Coherence,Theta,Medium,CP2,F8,0.04031784634478563
MODULATION_DATASET,Band-Power Envelope Coherence,Theta,Medium,CP2,Fp2,0.10050691874689706
MODULATION_DATASET,Band-Power Envelope Coherence,Theta,Medium,CP6,T8,0.7856845844344349
MODULATION_DATASET,Band-Power Envelope Coherence,Theta,Medium,CP6,FT10,0.08922291662828727
MODULATION_DATASET,Band-Power Envelope Coherence,Theta,Medium,CP6,FC6,0.5213420435481408
MODULATION_DATASET,Band-Power Envelope Coherence,Theta,Medium,CP6,C4,0.7802809638956231
MODULATION_DATASET,Band-Power Envelope Coherence,Theta,Medium,CP6,FC2,0.43901484714452843
MODULATION_DATASET,Band-Power Envelope Coherence,Theta,Medium,CP6,F4,0.5066164371787887
MODULATION_DATASET,Band-Power Envelope Coherence,Theta,Medium,CP6,F8,0.13859557738486333
MODULATION_DATASET,Band-Power Envelope Coherence,Theta,Medium,CP6,Fp2,0.34537549152702596
MODULATION_DATASET,Band-Power Envelope Coherence,Theta,Medium,T8,FT10,0.12482068916558745
MODULATION_DATASET,Band-Power Envelope Coherence,Theta,Medium,T8,FC6,0.5968586828632981
MODULATION_DATASET,Band-Power Envelope Coherence,Theta,Medium,T8,C4,0.7037172872420994
MODULATION_DATASET,Band-Power Envelope Coherence,Theta,Medium,T8,FC2,0.44126651803210915
MODULATION_DATASET,Band-Power Envelope Coherence,Theta,Medium,T8,F4,0.5801394848158741
MODULATION_DATASET,Band-Power Envelope Coherence,Theta,Medium,T8,F8,0.24502449716812497
MODULATION_DATASET,Band-Power Envelope Coherence,Theta,Medium,T8,Fp2,0.3995042680026929
MODULATION_DATASET,Band-Power Envelope Coherence,Theta,Medium,FT10,FC6,0.07366243668383121
MODULATION_DATASET,Band-Power Envelope Coherence,Theta,Medium,FT10,C4,0.05359900944333641
MODULATION_DATASET,Band-Power Envelope Coherence,Theta,Medium,FT10,FC2,0.018839299071462316
MODULATION_DATASET,Band-Power Envelope Coherence,Theta,Medium,FT10,F4,0.047923288741976156
MODULATION_DATASET,Band-Power Envelope Coherence,Theta,Medium,FT10,F8,0.09061772912931462
MODULATION_DATASET,Band-Power Envelope Coherence,Theta,Medium,FT10,Fp2,0.05524598879415918
MODULATION_DATASET,Band-Power Envelope Coherence,Theta,Medium,FC6,C4,0.6187420000994782
MODULATION_DATASET,Band-Power Envelope Coherence,Theta,Medium,FC6,FC2,0.505657767956023
MODULATION_DATASET,Band-Power Envelope Coherence,Theta,Medium,FC6,F4,0.623391123289865
MODULATION_DATASET,Band-Power Envelope Coherence,Theta,Medium,FC6,F8,0.2179981473638251
MODULATION_DATASET,Band-Power Envelope Coherence,Theta,Medium,FC6,Fp2,0.31080790997780394
MODULATION_DATASET,Band-Power Envelope Coherence,Theta,Medium,C4,FC2,0.687028089138322
MODULATION_DATASET,Band-Power Envelope Coherence,Theta,Medium,C4,F4,0.7303960647596257
MODULATION_DATASET,Band-Power Envelope Coherence,Theta,Medium,C4,F8,0.14670878133768708
MODULATION_DATASET,Band-Power Envelope Coherence,Theta,Medium,C4,Fp2,0.39104101874867403
MODULATION_DATASET,Band-Power Envelope Coherence,Theta,Medium,FC2,F4,0.8271529889277178
MODULATION_DATASET,Band-Power Envelope Coherence,Theta,Medium,FC2,F8,0.1085029666971909
MODULATION_DATASET,Band-Power Envelope Coherence,Theta,Medium,FC2,Fp2,0.3766826869162384
MODULATION_DATASET,Band-Power Envelope Coherence,Theta,Medium,F4,F8,0.20803925737834772
MODULATION_DATASET,Band-Power Envelope Coherence,Theta,Medium,F4,Fp2,0.5197337276098706
MODULATION_DATASET,Band-Power Envelope Coherence,Theta,Medium,F8,Fp2,0.09899357172395104
MODULATION_DATASET,Band-Power Envelope Coherence,Theta,Fast,Cz,Fz,0.6140391402992954
MODULATION_DATASET,Band-Power Envelope Coherence,Theta,Fast,Cz,Fp1,0.1724886405094811
MODULATION_DATASET,Band-Power Envelope Coherence,Theta,Fast,Cz,F7,0.15236145603794624
MODULATION_DATASET,Band-Power Envelope Coherence,Theta,Fast,Cz,F3,0.5085951858462976
MODULATION_DATASET,Band-Power Envelope Coherence,Theta,Fast,Cz,FC1,0.7617859982966793
MODULATION_DATASET,Band-Power Envelope Coherence,Theta,Fast,Cz,C3,0.1454144682880491
MODULATION_DATASET,Band-Power Envelope Coherence,Theta,Fast,Cz,FC5,0.20505143145004734
MODULATION_DATASET,Band-Power Envelope Coherence,Theta,Fast,Cz,FT9,0.03547236800098584
MODULATION_DATASET,Band-Power Envelope Coherence,Theta,Fast,Cz,T7,0.04197757984557353
MODULATION_DATASET,Band-Power Envelope Coherence,Theta,Fast,Cz,CP5,0.1486408233521965
MODULATION_DATASET,Band-Power Envelope Coherence,Theta,Fast,Cz,CP1,0.4428458588045121
MODULATION_DATASET,Band-Power Envelope Coherence,Theta,Fast,Cz,P3,0.25206639774989115
MODULATION_DATASET,Band-Power Envelope Coherence,Theta,Fast,Cz,P7,0.04267264216169178
MODULATION_DATASET,Band-Power Envelope Coherence,Theta,Fast,Cz,PO9,0.05836174963085132
MODULATION_DATASET,Band-Power Envelope Coherence,Theta,Fast,Cz,O1,0.05785680136087595
MODULATION_DATASET,Band-Power Envelope Coherence,Theta,Fast,Cz,Pz,0.4210311576415532
MODULATION_DATASET,Band-Power Envelope Coherence,Theta,Fast,Cz,Oz,0.108255310118232
MODULATION_DATASET,Band-Power Envelope Coherence,Theta,Fast,Cz,O2,0.04556150888737837
MODULATION_DATASET,Band-Power Envelope Coherence,Theta,Fast,Cz,PO10,0.004917791422641675
MODULATION_DATASET,Band-Power Envelope Coherence,Theta,Fast,Cz,P8,0.11106740771687534
MODULATION_DATASET,Band-Power Envelope Coherence,Theta,Fast,Cz,P4,0.4579579917705826
MODULATION_DATASET,Band-Power Envelope Coherence,Theta,Fast,Cz,CP2,0.30904390251644576
MODULATION_DATASET,Band-Power Envelope Coherence,Theta,Fast,Cz,CP6,0.46365849413005866
MODULATION_DATASET,Band-Power Envelope Coherence,Theta,Fast,Cz,T8,0.42176473737567877
MODULATION_DATASET,Band-Power Envelope Coherence,Theta,Fast,Cz,FT10,0.02180555885973425
MODULATION_DATASET,Band-Power Envelope Coherence,Theta,Fast,Cz,FC6,0.4078076727741218
MODULATION_DATASET,Band-Power Envelope Coherence,Theta,Fast,Cz,C4,0.6568357708763336
MODULATION_DATASET,Band-Power Envelope Coherence,Theta,Fast,Cz,FC2,0.7438507605976877
MODULATION_DATASET,Band-Power Envelope Coherence,Theta,Fast,Cz,F4,0.6307984096561802
MODULATION_DATASET,Band-Power Envelope Coherence,Theta,Fast,Cz,F8,0.07593138009462723
MODULATION_DATASET,Band-Power Envelope Coherence,Theta,Fast,Cz,Fp2,0.342066090734539
MODULATION_DATASET,Band-Power Envelope Coherence,Theta,Fast,Fz,Fp1,0.2107277050100429
MODULATION_DATASET,Band-Power Envelope Coherence,Theta,Fast,Fz,F7,0.23526510965431569
MODULATION_DATASET,Band-Power Envelope Coherence,Theta,Fast,Fz,F3,0.6521262033479641
MODULATION_DATASET,Band-Power Envelope Coherence,Theta,Fast,Fz,FC1,0.8080375948340126
MODULATION_DATASET,Band-Power Envelope Coherence,Theta,Fast,Fz,C3,0.10642327329623645
MODULATION_DATASET,Band-Power Envelope Coherence,Theta,Fast,Fz,FC5,0.2448935910620909
MODULATION_DATASET,Band-Power Envelope Coherence,Theta,Fast,Fz,FT9,0.05267049713723451
MODULATION_DATASET,Band-Power Envelope Coherence,Theta,Fast,Fz,T7,0.048643701096119776
MODULATION_DATASET,Band-Power Envelope Coherence,Theta,Fast,Fz,CP5,0.07958329182288926
MODULATION_DATASET,Band-Power Envelope Coherence,Theta,Fast,Fz,CP1,0.25913197225586454
MODULATION_DATASET,Band-Power Envelope Coherence,Theta,Fast,Fz,P3,0.15347013130400658
MODULATION_DATASET,Band-Power Envelope Coherence,Theta,Fast,Fz,P7,0.053823007600022794
MODULATION_DATASET,Band-Power Envelope Coherence,Theta,Fast,Fz,PO9,0.07174849209322867
MODULATION_DATASET,Band-Power Envelope Coherence,Theta,Fast,Fz,O1,0.04174237754303893
MODULATION_DATASET,Band-Power Envelope Coherence,Theta,Fast,Fz,Pz,0.2433484968893227
MODULATION_DATASET,Band-Power Envelope Coherence,Theta,Fast,Fz,Oz,0.07898366391926973
MODULATION_DATASET,Band-Power Envelope Coherence,Theta,Fast,Fz,O2,0.031831432176952834
MODULATION_DATASET,Band-Power Envelope Coherence,Theta,Fast,Fz,PO10,0.00455298008966447
MODULATION_DATASET,Band-Power Envelope Coherence,Theta,Fast,Fz,P8,0.09200491183581619
MODULATION_DATASET,Band-Power Envelope Coherence,Theta,Fast,Fz,P4,0.28592038653167856
MODULATION_DATASET,Band-Power Envelope Coherence,Theta,Fast,Fz,CP2,0.15966565174799718
MODULATION_DATASET,Band-Power Envelope Coherence,Theta,Fast,Fz,CP6,0.305399853829454
MODULATION_DATASET,Band-Power Envelope Coherence,Theta,Fast,Fz,T8,0.3225615886513157
MODULATION_DATASET,Band-Power Envelope Coherence,Theta,Fast,Fz,FT10,0.020249221369771794
MODULATION_DATASET,Band-Power Envelope Coherence,Theta,Fast,Fz,FC6,0.4320806963347543
MODULATION_DATASET,Band-Power Envelope Coherence,Theta,Fast,Fz,C4,0.5067250304945802
MODULATION_DATASET,Band-Power Envelope Coherence,Theta,Fast,Fz,FC2,0.7715368573759522
MODULATION_DATASET,Band-Power Envelope Coherence,Theta,Fast,Fz,F4,0.7813272163975602
MODULATION_DATASET,Band-Power Envelope Coherence,Theta,Fast,Fz,F8,0.1089853617844995
MODULATION_DATASET,Band-Power Envelope Coherence,Theta,Fast,Fz,Fp2,0.3762048869017176
MODULATION_DATASET,Band-Power Envelope Coherence,Theta,Fast,Fp1,F7,0.2610967855552484
MODULATION_DATASET,Band-Power Envelope Coherence,Theta,Fast,Fp1,F3,0.21764598815059277
MODULATION_DATASET,Band-Power Envelope Coherence,Theta,Fast,Fp1,FC1,0.18765429418037896
MODULATION_DATASET,Band-Power Envelope Coherence,Theta,Fast,Fp1,C3,0.07111485839308802
MODULATION_DATASET,Band-Power Envelope Coherence,Theta,Fast,Fp1,FC5,0.08133193645609524
MODULATION_DATASET,Band-Power Envelope Coherence,Theta,Fast,Fp1,FT9,0.02255760121252881
MODULATION_DATASET,Band-Power Envelope Coherence,Theta,Fast,Fp1,T7,0.014946587577283704
MODULATION_DATASET,Band-Power Envelope Coherence,Theta,Fast,Fp1,CP5,0.021696065768144687
MODULATION_DATASET,Band-Power Envelope Coherence,Theta,Fast,Fp1,CP1,0.08697784297344688
MODULATION_DATASET,Band-Power Envelope Coherence,Theta,Fast,Fp1,P3,0.053548103906571956
MODULATION_DATASET,Band-Power Envelope Coherence,Theta,Fast,Fp1,P7,0.023503753618899913
MODULATION_DATASET,Band-Power Envelope Coherence,Theta,Fast,Fp1,PO9,0.021473637722792028
MODULATION_DATASET,Band-Power Envelope Coherence,Theta,Fast,Fp1,O1,0.025399356809068595
MODULATION_DATASET,Band-Power Envelope Coherence,Theta,Fast,Fp1,Pz,0.07792173236842304
MODULATION_DATASET,Band-Power Envelope Coherence,Theta,Fast,Fp1,Oz,0.04468352017765331
MODULATION_DATASET,Band-Power Envelope Coherence,Theta,Fast,Fp1,O2,0.029353945969903823
MODULATION_DATASET,Band-Power Envelope Coherence,Theta,Fast,Fp1,PO10,0.0016127407497674839
MODULATION_DATASET,Band-Power Envelope Coherence,Theta,Fast,Fp1,P8,0.04928681928478517
MODULATION_DATASET,Band-Power Envelope Coherence,Theta,Fast,Fp1,P4,0.10279871150808548
MODULATION_DATASET,Band-Power Envelope Coherence,Theta,Fast,Fp1,CP2,0.042394926369451275
MODULATION_DATASET,Band-Power Envelope Coherence,Theta,Fast,Fp1,CP6,0.13789599816736225
MODULATION_DATASET,Band-Power Envelope Coherence,Theta,Fast,Fp1,T8,0.1515580642275925
MODULATION_DATASET,Band-Power Envelope Coherence,Theta,Fast,Fp1,FT10,0.011055487551805004
MODULATION_DATASET,Band-Power Envelope Coherence,Theta,Fast,Fp1,FC6,0.13275897407126488
MODULATION_DATASET,Band-Power Envelope Coherence,Theta,Fast,Fp1,C4,0.15585974084025256
MODULATION_DATASET,Band-Power Envelope Coherence,Theta,Fast,Fp1,FC2,0.19155035911158297
MODULATION_DATASET,Band-Power Envelope Coherence,Theta,Fast,Fp1,F4,0.23463208114703474
MODULATION_DATASET,Band-Power Envelope Coherence,Theta,Fast,Fp1,F8,0.08161379173736416
MODULATION_DATASET,Band-Power Envelope Coherence,Theta,Fast,Fp1,Fp2,0.7077945420133526
MODULATION_DATASET,Band-Power Envelope Coherence,Theta,Fast,F7,F3,0.2636989265539221
MODULATION_DATASET,Band-Power Envelope Coherence,Theta,Fast,F7,FC1,0.21155816064197963
MODULATION_DATASET,Band-Power Envelope Coherence,Theta,Fast,F7,C3,0.03611159019688932
MODULATION_DATASET,Band-Power Envelope Coherence,Theta,Fast,F7,FC5,0.21533002505230517
MODULATION_DATASET,Band-Power Envelope Coherence,Theta,Fast,F7,FT9,0.12297848480676385
MODULATION_DATASET,Band-Power Envelope Coherence,Theta,Fast,F7,T7,0.07468368472775866
MODULATION_DATASET,Band-Power Envelope Coherence,Theta,Fast,F7,CP5,0.05176245933779644
MODULATION_DATASET,Band-Power Envelope Coherence,Theta,Fast,F7,CP1,0.06804483318552443
MODULATION_DATASET,Band-Power Envelope Coherence,Theta,Fast,F7,P3,0.04559578883050655
MODULATION_DATASET,Band-Power Envelope Coherence,Theta,Fast,F7,P7,0.1123243444023029
MODULATION_DATASET,Band-Power Envelope Coherence,Theta,Fast,F7,PO9,0.12264220896737504
MODULATION_DATASET,Band-Power Envelope Coherence,Theta,Fast,F7,O1,0.06433513414757593
MODULATION_DATASET,Band-Power Envelope Coherence,Theta,Fast,F7,Pz,0.07117140850375174
MODULATION_DATASET,Band-Power Envelope Coherence,Theta,Fast,F7,Oz,0.07860753393937256
MODULATION_DATASET,Band-Power Envelope Coherence,Theta,Fast,F7,O2,0.05440410215946656
MODULATION_DATASET,Band-Power Envelope Coherence,Theta,Fast,F7,PO10,0.0030549283286595242
MODULATION_DATASET,Band-Power Envelope Coherence,Theta,Fast,F7,P8,0.062275417671018934
MODULATION_DATASET,Band-Power Envelope Coherence,Theta,Fast,F7,P4,0.08755294588346343
MODULATION_DATASET,Band-Power Envelope Coherence,Theta,Fast,F7,CP2,0.03681907393372686
MODULATION_DATASET,Band-Power Envelope Coherence,Theta,Fast,F7,CP6,0.11261753464354149
MODULATION_DATASET,Band-Power Envelope Coherence,Theta,Fast,F7,T8,0.1193293611358571
MODULATION_DATASET,Band-Power Envelope Coherence,Theta,Fast,F7,FT10,0.05525476614132119
MODULATION_DATASET,Band-Power Envelope Coherence,Theta,Fast,F7,FC6,0.11496990477912775
MODULATION_DATASET,Band-Power Envelope Coherence,Theta,Fast,F7,C4,0.11881696058395605
MODULATION_DATASET,Band-Power Envelope Coherence,Theta,Fast,F7,FC2,0.17441374331215162
MODULATION_DATASET,Band-Power Envelope Coherence,Theta,Fast,F7,F4,0.21593091796135222
MODULATION_DATASET,Band-Power Envelope Coherence,Theta,Fast,F7,F8,0.05615978778275045
MODULATION_DATASET,Band-Power Envelope Coherence,Theta,Fast,F7,Fp2,0.27801571877304915
MODULATION_DATASET,Band-Power Envelope Coherence,Theta,Fast,F3,FC1,0.7043326279715971
MODULATION_DATASET,Band-Power Envelope Coherence,Theta,Fast,F3,C3,0.11310103817331518
MODULATION_DATASET,Band-Power Envelope Coherence,Theta,Fast,F3,FC5,0.2578719363584173
MODULATION_DATASET,Band-Power Envelope Coherence,Theta,Fast,F3,FT9,0.04871342541481298
MODULATION_DATASET,Band-Power Envelope Coherence,Theta,Fast,F3,T7,0.05853143400063429
MODULATION_DATASET,Band-Power Envelope Coherence,Theta,Fast,F3,CP5,0.07745031638148159
MODULATION_DATASET,Band-Power Envelope Coherence,Theta,Fast,F3,CP1,0.20574875250162683
MODULATION_DATASET,Band-Power Envelope Coherence,Theta,Fast,F3,P3,0.12018007572630669
MODULATION_DATASET,Band-Power Envelope Coherence,Theta,Fast,F3,P7,0.03815718299544495
MODULATION_DATASET,Band-Power Envelope Coherence,Theta,Fast,F3,PO9,0.06413548021363032
MODULATION_DATASET,Band-Power Envelope Coherence,Theta,Fast,F3,O1,0.043170327652566974
MODULATION_DATASET,Band-Power Envelope Coherence,Theta,Fast,F3,Pz,0.19166622920051232
MODULATION_DATASET,Band-Power Envelope Coherence,Theta,Fast,F3,Oz,0.06607432207969703
MODULATION_DATASET,Band-Power Envelope Coherence,Theta,Fast,F3,O2,0.03719192110473417
MODULATION_DATASET,Band-Power Envelope Coherence,Theta,Fast,F3,PO10,0.002689814002647267
MODULATION_DATASET,Band-Power Envelope Coherence,Theta,Fast,F3,P8,0.08644537714850772
MODULATION_DATASET,Band-Power Envelope Coherence,Theta,Fast,F3,P4,0.23287174530929305
MODULATION_DATASET,Band-Power Envelope Coherence,Theta,Fast,F3,CP2,0.12807061197061842
MODULATION_DATASET,Band-Power Envelope Coherence,Theta,Fast,F3,CP6,0.2496199353157807
MODULATION_DATASET,Band-Power Envelope Coherence,Theta,Fast,F3,T8,0.2715755692671693
MODULATION_DATASET,Band-Power Envelope Coherence,Theta,Fast,F3,FT10,0.01573871520998811
MODULATION_DATASET,Band-Power Envelope Coherence,Theta,Fast,F3,FC6,0.33896977364894637
MODULATION_DATASET,Band-Power Envelope Coherence,Theta,Fast,F3,C4,0.4087451635529086
MODULATION_DATASET,Band-Power Envelope Coherence,Theta,Fast,F3,FC2,0.5864432641976709
MODULATION_DATASET,Band-Power Envelope Coherence,Theta,Fast,F3,F4,0.6047885666655457
MODULATION_DATASET,Band-Power Envelope Coherence,Theta,Fast,F3,F8,0.09138878353349092
MODULATION_DATASET,Band-Power Envelope Coherence,Theta,Fast,F3,Fp2,0.3498110597532438
MODULATION_DATASET,Band-Power Envelope Coherence,Theta,Fast,FC1,C3,0.1772051067291689
MODULATION_DATASET,Band-Power Envelope Coherence,Theta,Fast,FC1,FC5,0.28118727856994286
MODULATION_DATASET,Band-Power Envelope Coherence,Theta,Fast,FC1,FT9,0.04602985591142401
MODULATION_DATASET,Band-Power Envelope Coherence,Theta,Fast,FC1,T7,0.06161267770440136
MODULATION_DATASET,Band-Power Envelope Coherence,Theta,Fast,FC1,CP5,0.16289265689656596
MODULATION_DATASET,Band-Power Envelope Coherence,Theta,Fast,FC1,CP1,0.38851003365472975
MODULATION_DATASET,Band-Power Envelope Coherence,Theta,Fast,FC1,P3,0.25100774796329894
MODULATION_DATASET,Band-Power Envelope Coherence,Theta,Fast,FC1,P7,0.08476645558488571
MODULATION_DATASET,Band-Power Envelope Coherence,Theta,Fast,FC1,PO9,0.07451459219251519
MODULATION_DATASET,Band-Power Envelope Coherence,Theta,Fast,FC1,O1,0.05570666303506089
MODULATION_DATASET,Band-Power Envelope Coherence,Theta,Fast,FC1,Pz,0.373932222405238
MODULATION_DATASET,Band-Power Envelope Coherence,Theta,Fast,FC1,Oz,0.10697395947205268
MODULATION_DATASET,Band-Power Envelope Coherence,Theta,Fast,FC1,O2,0.04960300741870521
MODULATION_DATASET,Band-Power Envelope Coherence,Theta,Fast,FC1,PO10,0.003776162009588282
MODULATION_DATASET,Band-Power Envelope Coherence,Theta,Fast,FC1,P8,0.12179651682006626
MODULATION_DATASET,Band-Power Envelope Coherence,Theta,Fast,FC1,P4,0.3935127420048415
MODULATION_DATASET,Band-Power Envelope Coherence,Theta,Fast,FC1,CP2,0.24444582558002872
MODULATION_DATASET,Band-Power Envelope Coherence,Theta,Fast,FC1,CP6,0.3527422663453286
MODULATION_DATASET,Band-Power Envelope Coherence,Theta,Fast,FC1,T8,0.3258428624212327
MODULATION_DATASET,Band-Power Envelope Coherence,Theta,Fast,FC1,FT10,0.01907500432629763
MODULATION_DATASET,Band-Power Envelope Coherence,Theta,Fast,FC1,FC6,0.3988583862713654
MODULATION_DATASET,Band-Power Envelope Coherence,Theta,Fast,FC1,C4,0.5682694330879918
MODULATION_DATASET,Band-Power Envelope Coherence,Theta,Fast,FC1,FC2,0.7991068485537625
MODULATION_DATASET,Band-Power Envelope Coherence,Theta,Fast,FC1,F4,0.7267770638657163
MODULATION_DATASET,Band-Power Envelope Coherence,Theta,Fast,FC1,F8,0.08162059768925119
MODULATION_DATASET,Band-Power Envelope Coherence,Theta,Fast,FC1,Fp2,0.33807127938793674
MODULATION_DATASET,Band-Power Envelope Coherence,Theta,Fast,C3,FC5,0.07765997490639995
MODULATION_DATASET,Band-Power Envelope Coherence,Theta,Fast,C3,FT9,0.007284332203896636
MODULATION_DATASET,Band-Power Envelope Coherence,Theta,Fast,C3,T7,0.036671433922589175
MODULATION_DATASET,Band-Power Envelope Coherence,Theta,Fast,C3,CP5,0.07525288270928829
MODULATION_DATASET,Band-Power Envelope Coherence,Theta,Fast,C3,CP1,0.08122845109389525
MODULATION_DATASET,Band-Power Envelope Coherence,Theta,Fast,C3,P3,0.04944814417819569
MODULATION_DATASET,Band-Power Envelope Coherence,Theta,Fast,C3,P7,0.01078796251618521
MODULATION_DATASET,Band-Power Envelope Coherence,Theta,Fast,C3,PO9,0.014951256522459164
MODULATION_DATASET,Band-Power Envelope Coherence,Theta,Fast,C3,O1,0.0090034367204119
MODULATION_DATASET,Band-Power Envelope Coherence,Theta,Fast,C3,Pz,0.07781711480901399
MODULATION_DATASET,Band-Power Envelope Coherence,Theta,Fast,C3,Oz,0.01919839237827251
MODULATION_DATASET,Band-Power Envelope Coherence,Theta,Fast,C3,O2,0.006430895156950341
MODULATION_DATASET,Band-Power Envelope Coherence,Theta,Fast,C3,PO10,0.0024234650643856362
MODULATION_DATASET,Band-Power Envelope Coherence,Theta,Fast,C3,P8,0.0095433677267184
MODULATION_DATASET,Band-Power Envelope Coherence,Theta,Fast,C3,P4,0.05689056097436489
MODULATION_DATASET,Band-Power Envelope Coherence,Theta,Fast,C3,CP2,0.08600391961468654
MODULATION_DATASET,Band-Power Envelope Coherence,Theta,Fast,C3,CP6,0.027692666528275435
MODULATION_DATASET,Band-Power Envelope Coherence,Theta,Fast,C3,T8,0.018766408221982896
MODULATION_DATASET,Band-Power Envelope Coherence,Theta,Fast,C3,FT10,0.003719287812055571
MODULATION_DATASET,Band-Power Envelope Coherence,Theta,Fast,C3,FC6,0.04622167169481822
MODULATION_DATASET,Band-Power Envelope Coherence,Theta,Fast,C3,C4,0.06794508066282648
MODULATION_DATASET,Band-Power Envelope Coherence,Theta,Fast,C3,FC2,0.09742895095644714
MODULATION_DATASET,Band-Power Envelope Coherence,Theta,Fast,C3,F4,0.06623194170292082
MODULATION_DATASET,Band-Power Envelope Coherence,Theta,Fast,C3,F8,0.06059636066498078
MODULATION_DATASET,Band-Power Envelope Coherence,Theta,Fast,C3,Fp2,0.0536756458102228
MODULATION_DATASET,Band-Power Envelope Coherence,Theta,Fast,FC5,FT9,0.028202230613810882
MODULATION_DATASET,Band-Power Envelope Coherence,Theta,Fast,FC5,T7,0.07450120495682963
MODULATION_DATASET,Band-Power Envelope Coherence,Theta,Fast,FC5,CP5,0.08478024529245137
MODULATION_DATASET,Band-Power Envelope Coherence,Theta,Fast,FC5,CP1,0.07904741138164278
MODULATION_DATASET,Band-Power Envelope Coherence,Theta,Fast,FC5,P3,0.03921542161931564
MODULATION_DATASET,Band-Power Envelope Coherence,Theta,Fast,FC5,P7,0.059130493973172174
MODULATION_DATASET,Band-Power Envelope Coherence,Theta,Fast,FC5,PO9,0.10925215906280729
MODULATION_DATASET,Band-Power Envelope Coherence,Theta,Fast,FC5,O1,0.01750956182721797
MODULATION_DATASET,Band-Power Envelope Coherence,Theta,Fast,FC5,Pz,0.07238451902968135
MODULATION_DATASET,Band-Power Envelope Coherence,Theta,Fast,FC5,Oz,0.022927251661536044
MODULATION_DATASET,Band-Power Envelope Coherence,Theta,Fast,FC5,O2,0.016039659437927192
MODULATION_DATASET,Band-Power Envelope Coherence,Theta,Fast,FC5,PO10,0.0020983607573799652
MODULATION_DATASET,Band-Power Envelope Coherence,Theta,Fast,FC5,P8,0.013642636374715756
MODULATION_DATASET,Band-Power Envelope Coherence,Theta,Fast,FC5,P4,0.06846746171034387
MODULATION_DATASET,Band-Power Envelope Coherence,Theta,Fast,FC5,CP2,0.04931364903371779
MODULATION_DATASET,Band-Power Envelope Coherence,Theta,Fast,FC5,CP6,0.07469491705583317
MODULATION_DATASET,Band-Power Envelope Coherence,Theta,Fast,FC5,T8,0.0709154284918242
MODULATION_DATASET,Band-Power Envelope Coherence,Theta,Fast,FC5,FT10,0.004886999748029349
MODULATION_DATASET,Band-Power Envelope Coherence,Theta,Fast,FC5,FC6,0.10752975972396418
MODULATION_DATASET,Band-Power Envelope Coherence,Theta,Fast,FC5,C4,0.12104278195366956
MODULATION_DATASET,Band-Power Envelope Coherence,Theta,Fast,FC5,FC2,0.2095136153309347
MODULATION_DATASET,Band-Power Envelope Coherence,Theta,Fast,FC5,F4,0.18438580769783858
MODULATION_DATASET,Band-Power Envelope Coherence,Theta,Fast,FC5,F8,0.021408445686060353
MODULATION_DATASET,Band-Power Envelope Coherence,Theta,Fast,FC5,Fp2,0.102047708964768
MODULATION_DATASET,Band-Power Envelope Coherence,Theta,Fast,FT9,T7,0.052610434123818314
MODULATION_DATASET,Band-Power Envelope Coherence,Theta,Fast,FT9,CP5,0.025250144729015572
MODULATION_DATASET,Band-Power Envelope Coherence,Theta,Fast,FT9,CP1,0.04446802809383925
MODULATION_DATASET,Band-Power Envelope Coherence,Theta,Fast,FT9,P3,0.046476092068247016
MODULATION_DATASET,Band-Power Envelope Coherence,Theta,Fast,FT9,P7,0.07877599541172771
MODULATION_DATASET,Band-Power Envelope Coherence,Theta,Fast,FT9,PO9,0.0418038810852496
MODULATION_DATASET,Band-Power Envelope Coherence,Theta,Fast,FT9,O1,0.0695574928357374
MODULATION_DATASET,Band-Power Envelope Coherence,Theta,Fast,FT9,Pz,0.0528523329272496
MODULATION_DATASET,Band-Power Envelope Coherence,Theta,Fast,FT9,Oz,0.066517193705701
MODULATION_DATASET,Band-Power Envelope Coherence,Theta,Fast,FT9,O2,0.036416840500695144
MODULATION_DATASET,Band-Power Envelope Coherence,Theta,Fast,FT9,PO10,0.0022485311056066417
MODULATION_DATASET,Band-Power Envelope Coherence,Theta,Fast,FT9,P8,0.043178986380557276
MODULATION_DATASET,Band-Power Envelope Coherence,Theta,Fast,FT9,P4,0.05818796758060382
MODULATION_DATASET,Band-Power Envelope Coherence,Theta,Fast,FT9,CP2,0.028526091762612924
MODULATION_DATASET,Band-Power Envelope Coherence,Theta,Fast,FT9,CP6,0.044530787323780345
MODULATION_DATASET,Band-Power Envelope Coherence,Theta,Fast,FT9,T8,0.05776899939435602
MODULATION_DATASET,Band-Power Envelope Coherence,Theta,Fast,FT9,FT10,0.03109161328493227
MODULATION_DATASET,Band-Power Envelope Coherence,Theta,Fast,FT9,FC6,0.05416937384077043
MODULATION_DATASET,Band-Power Envelope Coherence,Theta,Fast,FT9,C4,0.042944187839016976
MODULATION_DATASET,Band-Power Envelope Coherence,Theta,Fast,FT9,FC2,0.03750222877870557
MODULATION_DATASET,Band-Power Envelope Coherence,Theta,Fast,FT9,F4,0.06525117154404486
MODULATION_DATASET,Band-Power Envelope Coherence,Theta,Fast,FT9,F8,0.05165331825445593
MODULATION_DATASET,Band-Power Envelope Coherence,Theta,Fast,FT9,Fp2,0.06286126416470339
MODULATION_DATASET,Band-Power Envelope Coherence,Theta,Fast,T7,CP5,0.04490821879303196
MODULATION_DATASET,Band-Power Envelope Coherence,Theta,Fast,T7,CP1,0.028851763440315516
MODULATION_DATASET,Band-Power Envelope Coherence,Theta,Fast,T7,P3,0.022646867977100242
MODULATION_DATASET,Band-Power Envelope Coherence,Theta,Fast,T7,P7,0.03736004901103653
MODULATION_DATASET,Band-Power Envelope Coherence,Theta,Fast,T7,PO9,0.06518849003600874
MODULATION_DATASET,Band-Power Envelope Coherence,Theta,Fast,T7,O1,0.02856356576622043
MODULATION_DATASET,Band-Power Envelope Coherence,Theta,Fast,T7,Pz,0.028921675457072846
MODULATION_DATASET,Band-Power Envelope Coherence,Theta,Fast,T7,Oz,0.03302308444599196
MODULATION_DATASET,Band-Power Envelope Coherence,Theta,Fast,T7,O2,0.004013007088105081
MODULATION_DATASET,Band-Power Envelope Coherence,Theta,Fast,T7,PO10,0.005490724147576337
MODULATION_DATASET,Band-Power Envelope Coherence,Theta,Fast,T7,P8,0.008056411673376984
MODULATION_DATASET,Band-Power Envelope Coherence,Theta,Fast,T7,P4,0.020089978038540686
MODULATION_DATASET,Band-Power Envelope Coherence,Theta,Fast,T7,CP2,0.01729864134319175
MODULATION_DATASET,Band-Power Envelope Coherence,Theta,Fast,T7,CP6,0.01577214512873816
MODULATION_DATASET,Band-Power Envelope Coherence,Theta,Fast,T7,T8,0.019766991115084655
MODULATION_DATASET,Band-Power Envelope Coherence,Theta,Fast,T7,FT10,0.022132383395975643
MODULATION_DATASET,Band-Power Envelope Coherence,Theta,Fast,T7,FC6,0.027927394171460368
MODULATION_DATASET,Band-Power Envelope Coherence,Theta,Fast,T7,C4,0.028415521338343006
MODULATION_DATASET,Band-Power Envelope Coherence,Theta,Fast,T7,FC2,0.03636828341028234
MODULATION_DATASET,Band-Power Envelope Coherence,Theta,Fast,T7,F4,0.04117784089319873
MODULATION_DATASET,Band-Power Envelope Coherence,Theta,Fast,T7,F8,0.010048710360339387
MODULATION_DATASET,Band-Power Envelope Coherence,Theta,Fast,T7,Fp2,0.02928582385421771
MODULATION_DATASET,Band-Power Envelope Coherence,Theta,Fast,CP5,CP1,0.22682902808727373
MODULATION_DATASET,Band-Power Envelope Coherence,Theta,Fast,CP5,P3,0.21225840604070403
MODULATION_DATASET,Band-Power Envelope Coherence,Theta,Fast,CP5,P7,0.20583215229680552
MODULATION_DATASET,Band-Power Envelope Coherence,Theta,Fast,CP5,PO9,0.048249065942635685
MODULATION_DATASET,Band-Power Envelope Coherence,Theta,Fast,CP5,O1,0.05675544519843746
MODULATION_DATASET,Band-Power Envelope Coherence,Theta,Fast,CP5,Pz,0.21233404472872425
MODULATION_DATASET,Band-Power Envelope Coherence,Theta,Fast,CP5,Oz,0.07666190043211496
MODULATION_DATASET,Band-Power Envelope Coherence,Theta,Fast,CP5,O2,0.038996388427174025
MODULATION_DATASET,Band-Power Envelope Coherence,Theta,Fast,CP5,PO10,0.004994994273106431
MODULATION_DATASET,Band-Power Envelope Coherence,Theta,Fast,CP5,P8,0.04456879182237307
MODULATION_DATASET,Band-Power Envelope Coherence,Theta,Fast,CP5,P4,0.12356216354800216
MODULATION_DATASET,Band-Power Envelope Coherence,Theta,Fast,CP5,CP2,0.0639018002709262
MODULATION_DATASET,Band-Power Envelope Coherence,Theta,Fast,CP5,CP6,0.08803755505879553
MODULATION_DATASET,Band-Power Envelope Coherence,Theta,Fast,CP5,T8,0.060000371960285855
MODULATION_DATASET,Band-Power Envelope Coherence,Theta,Fast,CP5,FT10,0.022767252174147337
MODULATION_DATASET,Band-Power Envelope Coherence,Theta,Fast,CP5,FC6,0.04834855785125541
MODULATION_DATASET,Band-Power Envelope Coherence,Theta,Fast,CP5,C4,0.0877037412377738
MODULATION_DATASET,Band-Power Envelope Coherence,Theta,Fast,CP5,FC2,0.09303820856060246
MODULATION_DATASET,Band-Power Envelope Coherence,Theta,Fast,CP5,F4,0.07450892074536039
MODULATION_DATASET,Band-Power Envelope Coherence,Theta,Fast,CP5,F8,0.01339731685597841
MODULATION_DATASET,Band-Power Envelope Coherence,Theta,Fast,CP5,Fp2,0.053036994852857074
MODULATION_DATASET,Band-Power Envelope Coherence,Theta,Fast,CP1,P3,0.5329778936432424
MODULATION_DATASET,Band-Power Envelope Coherence,Theta,Fast,CP1,P7,0.1274406470939316
MODULATION_DATASET,Band-Power Envelope Coherence,Theta,Fast,CP1,PO9,0.03612235367873222
MODULATION_DATASET,Band-Power Envelope Coherence,Theta,Fast,CP1,O1,0.22463715634344933
MODULATION_DATASET,Band-Power Envelope Coherence,Theta,Fast,CP1,Pz,0.672513530634403
MODULATION_DATASET,Band-Power Envelope Coherence,Theta,Fast,CP1,Oz,0.36901961320440446
MODULATION_DATASET,Band-Power Envelope Coherence,Theta,Fast,CP1,O2,0.1903529688006872
MODULATION_DATASET,Band-Power Envelope Coherence,Theta,Fast,CP1,PO10,0.005193453375086541
MODULATION_DATASET,Band-Power Envelope Coherence,Theta,Fast,CP1,P8,0.206594887312127
MODULATION_DATASET,Band-Power Envelope Coherence,Theta,Fast,CP1,P4,0.6364897550535511
MODULATION_DATASET,Band-Power Envelope Coherence,Theta,Fast,CP1,CP2,0.33215386328148777
MODULATION_DATASET,Band-Power Envelope Coherence,Theta,Fast,CP1,CP6,0.4181273820745047
MODULATION_DATASET,Band-Power Envelope Coherence,Theta,Fast,CP1,T8,0.2970115247666063
MODULATION_DATASET,Band-Power Envelope Coherence,Theta,Fast,CP1,FT10,0.025538970907754477
MODULATION_DATASET,Band-Power Envelope Coherence,Theta,Fast,CP1,FC6,0.20262020045268164
MODULATION_DATASET,Band-Power Envelope Coherence,Theta,Fast,CP1,C4,0.42584515556731084
MODULATION_DATASET,Band-Power Envelope Coherence,Theta,Fast,CP1,FC2,0.34851997931686374
MODULATION_DATASET,Band-Power Envelope Coherence,Theta,Fast,CP1,F4,0.3173275326260441
MODULATION_DATASET,Band-Power Envelope Coherence,Theta,Fast,CP1,F8,0.03647642055487795
MODULATION_DATASET,Band-Power Envelope Coherence,Theta,Fast,CP1,Fp2,0.2184702879137418
MODULATION_DATASET,Band-Power Envelope Coherence,Theta,Fast,P3,P7,0.17392149030219722
MODULATION_DATASET,Band-Power Envelope Coherence,Theta,Fast,P3,PO9,0.02667146142189288
MODULATION_DATASET,Band-Power Envelope Coherence,Theta,Fast,P3,O1,0.23915698775311334
MODULATION_DATASET,Band-Power Envelope Coherence,Theta,Fast,P3,Pz,0.5535396257745935
MODULATION_DATASET,Band-Power Envelope Coherence,Theta,Fast,P3,Oz,0.35203950651562843
MODULATION_DATASET,Band-Power Envelope Coherence,Theta,Fast,P3,O2,0.18306775406628017
MODULATION_DATASET,Band-Power Envelope Coherence,Theta,Fast,P3,PO10,0.004195250358984202
MODULATION_DATASET,Band-Power Envelope Coherence,Theta,Fast,P3,P8,0.17137390858423368
MODULATION_DATASET,Band-Power Envelope Coherence,Theta,Fast,P3,P4,0.4591930478925801
MODULATION_DATASET,Band-Power Envelope Coherence,Theta,Fast,P3,CP2,0.2192093826235778
MODULATION_DATASET,Band-Power Envelope Coherence,Theta,Fast,P3,CP6,0.2475231056838887
MODULATION_DATASET,Band-Power Envelope Coherence,Theta,Fast,P3,T8,0.17371805539829674
MODULATION_DATASET,Band-Power Envelope Coherence,Theta,Fast,P3,FT10,0.03322962541143152
MODULATION_DATASET,Band-Power Envelope Coherence,Theta,Fast,P3,FC6,0.09971128592090525
MODULATION_DATASET,Band-Power Envelope Coherence,Theta,Fast,P3,C4,0.244541440946072
MODULATION_DATASET,Band-Power Envelope Coherence,Theta,Fast,P3,FC2,0.19809504553430463
MODULATION_DATASET,Band-Power Envelope Coherence,Theta,Fast,P3,F4,0.19072476925359205
MODULATION_DATASET,Band-Power Envelope Coherence,Theta,Fast,P3,F8,0.027388790290813064
MODULATION_DATASET,Band-Power Envelope Coherence,Theta,Fast,P3,Fp2,0.15106934796299737
MODULATION_DATASET,Band-Power Envelope Coherence,Theta,Fast,P7,PO9,0.12961631469972082
MODULATION_DATASET,Band-Power Envelope Coherence,Theta,Fast,P7,O1,0.11981352985774882
MODULATION_DATASET,Band-Power Envelope Coherence,Theta,Fast,P7,Pz,0.15044412823241793
MODULATION_DATASET,Band-Power Envelope Coherence,Theta,Fast,P7,Oz,0.1333691060714193
MODULATION_DATASET,Band-Power Envelope Coherence,Theta,Fast,P7,O2,0.0646846291529204
MODULATION_DATASET,Band-Power Envelope Coherence,Theta,Fast,P7,PO10,0.022464246728109538
MODULATION_DATASET,Band-Power Envelope Coherence,Theta,Fast,P7,P8,0.07468287352388452
MODULATION_DATASET,Band-Power Envelope Coherence,Theta,Fast,P7,P4,0.08529945538741679
MODULATION_DATASET,Band-Power Envelope Coherence,Theta,Fast,P7,CP2,0.030938492328520757
MODULATION_DATASET,Band-Power Envelope Coherence,Theta,Fast,P7,CP6,0.04693521247696689
MODULATION_DATASET,Band-Power Envelope Coherence,Theta,Fast,P7,T8,0.02540891196310671
MODULATION_DATASET,Band-Power Envelope Coherence,Theta,Fast,P7,FT10,0.05706686968005255
MODULATION_DATASET,Band-Power Envelope Coherence,Theta,Fast,P7,FC6,0.027189232553412157
MODULATION_DATASET,Band-Power Envelope Coherence,Theta,Fast,P7,C4,0.029103511744718875
MODULATION_DATASET,Band-Power Envelope Coherence,Theta,Fast,P7,FC2,0.04127279979728817
MODULATION_DATASET,Band-Power Envelope Coherence,Theta,Fast,P7,F4,0.050163206601867884
MODULATION_DATASET,Band-Power Envelope Coherence,Theta,Fast,P7,F8,0.019011141230202158
MODULATION_DATASET,Band-Power Envelope Coherence,Theta,Fast,P7,Fp2,0.03563314325626461
MODULATION_DATASET,Band-Power Envelope Coherence,Theta,Fast,PO9,O1,0.07989682657446354
MODULATION_DATASET,Band-Power Envelope Coherence,Theta,Fast,PO9,Pz,0.04288598445761578
MODULATION_DATASET,Band-Power Envelope Coherence,Theta,Fast,PO9,Oz,0.07041451875357677
MODULATION_DATASET,Band-Power Envelope Coherence,Theta,Fast,PO9,O2,0.03565127326034858
MODULATION_DATASET,Band-Power Envelope Coherence,Theta,Fast,PO9,PO10,0.01729579814701278
MODULATION_DATASET,Band-Power Envelope Coherence,Theta,Fast,PO9,P8,0.034047066015591175
MODULATION_DATASET,Band-Power Envelope Coherence,Theta,Fast,PO9,P4,0.044779387998725405
MODULATION_DATASET,Band-Power Envelope Coherence,Theta,Fast,PO9,CP2,0.023108383042517514
MODULATION_DATASET,Band-Power Envelope Coherence,Theta,Fast,PO9,CP6,0.04739722315347013
MODULATION_DATASET,Band-Power Envelope Coherence,Theta,Fast,PO9,T8,0.034649257782356835
MODULATION_DATASET,Band-Power Envelope Coherence,Theta,Fast,PO9,FT10,0.02641871658896293
MODULATION_DATASET,Band-Power Envelope Coherence,Theta,Fast,PO9,FC6,0.05051717623900376
MODULATION_DATASET,Band-Power Envelope Coherence,Theta,Fast,PO9,C4,0.04189086333671243
MODULATION_DATASET,Band-Power Envelope Coherence,Theta,Fast,PO9,FC2,0.05734109409192228
MODULATION_DATASET,Band-Power Envelope Coherence,Theta,Fast,PO9,F4,0.062153225017444615
MODULATION_DATASET,Band-Power Envelope Coherence,Theta,Fast,PO9,F8,0.015993112718472167
MODULATION_DATASET,Band-Power Envelope Coherence,Theta,Fast,PO9,Fp2,0.038984867551974924
MODULATION_DATASET,Band-Power Envelope Coherence,Theta,Fast,O1,Pz,0.2658894432312062
MODULATION_DATASET,Band-Power Envelope Coherence,Theta,Fast,O1,Oz,0.5756544364014119
MODULATION_DATASET,Band-Power Envelope Coherence,Theta,Fast,O1,O2,0.28485710557063865
MODULATION_DATASET,Band-Power Envelope Coherence,Theta,Fast,O1,PO10,0.009139074479412035
MODULATION_DATASET,Band-Power Envelope Coherence,Theta,Fast,O1,P8,0.15023667389889117
MODULATION_DATASET,Band-Power Envelope Coherence,Theta,Fast,O1,P4,0.25672512367873246
MODULATION_DATASET,Band-Power Envelope Coherence,Theta,Fast,O1,CP2,0.10727242387471206
MODULATION_DATASET,Band-Power Envelope Coherence,Theta,Fast,O1,CP6,0.11079547475820699
MODULATION_DATASET,Band-Power Envelope Coherence,Theta,Fast,O1,T8,0.08148879027209116
MODULATION_DATASET,Band-Power Envelope Coherence,Theta,Fast,O1,FT10,0.04373604128731105
MODULATION_DATASET,Band-Power Envelope Coherence,Theta,Fast,O1,FC6,0.0434608490471063
MODULATION_DATASET,Band-Power Envelope Coherence,Theta,Fast,O1,C4,0.07400972344606112
MODULATION_DATASET,Band-Power Envelope Coherence,Theta,Fast,O1,FC2,0.043192590732017234
MODULATION_DATASET,Band-Power Envelope Coherence,Theta,Fast,O1,F4,0.05919085555691324
MODULATION_DATASET,Band-Power Envelope Coherence,Theta,Fast,O1,F8,0.01663276747847598
MODULATION_DATASET,Band-Power Envelope Coherence,Theta,Fast,O1,Fp2,0.08147051499473194
MODULATION_DATASET,Band-Power Envelope Coherence,Theta,Fast,Pz,Oz,0.4426680253647112
MODULATION_DATASET,Band-Power Envelope Coherence,Theta,Fast,Pz,O2,0.2293369390754208
MODULATION_DATASET,Band-Power Envelope Coherence,Theta,Fast,Pz,PO10,0.006948006688854759
MODULATION_DATASET,Band-Power Envelope Coherence,Theta,Fast,Pz,P8,0.26664656349804816
MODULATION_DATASET,Band-Power Envelope Coherence,Theta,Fast,Pz,P4,0.7206982847419878
MODULATION_DATASET,Band-Power Envelope Coherence,Theta,Fast,Pz,CP2,0.3842111213488741
MODULATION_DATASET,Band-Power Envelope Coherence,Theta,Fast,Pz,CP6,0.42948661849331893
MODULATION_DATASET,Band-Power Envelope Coherence,Theta,Fast,Pz,T8,0.2826226353151167
MODULATION_DATASET,Band-Power Envelope Coherence,Theta,Fast,Pz,FT10,0.0390306428609656
MODULATION_DATASET,Band-Power Envelope Coherence,Theta,Fast,Pz,FC6,0.20567346699021846
MODULATION_DATASET,Band-Power Envelope Coherence,Theta,Fast,Pz,C4,0.42559560576857236
MODULATION_DATASET,Band-Power Envelope Coherence,Theta,Fast,Pz,FC2,0.32580044699343824
MODULATION_DATASET,Band-Power Envelope Coherence,Theta,Fast,Pz,F4,0.30010548412142474
MODULATION_DATASET,Band-Power Envelope Coherence,Theta,Fast,Pz,F8,0.042187663669869424
MODULATION_DATASET,Band-Power Envelope Coherence,Theta,Fast,Pz,Fp2,0.20029943460685662
MODULATION_DATASET,Band-Power Envelope Coherence,Theta,Fast,Oz,O2,0.46568887169998036
MODULATION_DATASET,Band-Power Envelope Coherence,Theta,Fast,Oz,PO10,0.022722621506140177
MODULATION_DATASET,Band-Power Envelope Coherence,Theta,Fast,Oz,P8,0.34210370048405275
MODULATION_DATASET,Band-Power Envelope Coherence,Theta,Fast,Oz,P4,0.5085574342869688
MODULATION_DATASET,Band-Power Envelope Coherence,Theta,Fast,Oz,CP2,0.21664275645890294
MODULATION_DATASET,Band-Power Envelope Coherence,Theta,Fast,Oz,CP6,0.22126179632294296
MODULATION_DATASET,Band-Power Envelope Coherence,Theta,Fast,Oz,T8,0.14878300066205102
MODULATION_DATASET,Band-Power Envelope Coherence,Theta,Fast,Oz,FT10,0.06202219939886662
MODULATION_DATASET,Band-Power Envelope Coherence,Theta,Fast,Oz,FC6,0.07338214025605366
MODULATION_DATASET,Band-Power Envelope Coherence,Theta,Fast,Oz,C4,0.14981494031816217
MODULATION_DATASET,Band-Power Envelope Coherence,Theta,Fast,Oz,FC2,0.08377317270885573
MODULATION_DATASET,Band-Power Envelope Coherence,Theta,Fast,Oz,F4,0.10782412743999081
MODULATION_DATASET,Band-Power Envelope Coherence,Theta,Fast,Oz,F8,0.029881392622496603
MODULATION_DATASET,Band-Power Envelope Coherence,Theta,Fast,Oz,Fp2,0.12990680700925095
MODULATION_DATASET,Band-Power Envelope Coherence,Theta,Fast,O2,PO10,0.030929538406171696
MODULATION_DATASET,Band-Power Envelope Coherence,Theta,Fast,O2,P8,0.2943605928295931
MODULATION_DATASET,Band-Power Envelope Coherence,Theta,Fast,O2,P4,0.2850304742363192
MODULATION_DATASET,Band-Power Envelope Coherence,Theta,Fast,O2,CP2,0.0885860749283722
MODULATION_DATASET,Band-Power Envelope Coherence,Theta,Fast,O2,CP6,0.13093028034471105
MODULATION_DATASET,Band-Power Envelope Coherence,Theta,Fast,O2,T8,0.07357737421565796
MODULATION_DATASET,Band-Power Envelope Coherence,Theta,Fast,O2,FT10,0.02220639149022929
MODULATION_DATASET,Band-Power Envelope Coherence,Theta,Fast,O2,FC6,0.03357704342855798
MODULATION_DATASET,Band-Power Envelope Coherence,Theta,Fast,O2,C4,0.07020723632095102
MODULATION_DATASET,Band-Power Envelope Coherence,Theta,Fast,O2,FC2,0.036539231899754825
MODULATION_DATASET,Band-Power Envelope Coherence,Theta,Fast,O2,F4,0.043296862216612005
MODULATION_DATASET,Band-Power Envelope Coherence,Theta,Fast,O2,F8,0.009779082162005886
MODULATION_DATASET,Band-Power Envelope Coherence,Theta,Fast,O2,Fp2,0.06127602303108165
MODULATION_DATASET,Band-Power Envelope Coherence,Theta,Fast,PO10,P8,0.038718931511043886
MODULATION_DATASET,Band-Power Envelope Coherence,Theta,Fast,PO10,P4,0.014615189251234128
MODULATION_DATASET,Band-Power Envelope Coherence,Theta,Fast,PO10,CP2,0.005353073752008993
MODULATION_DATASET,Band-Power Envelope Coherence,Theta,Fast,PO10,CP6,0.015788930394044796
MODULATION_DATASET,Band-Power Envelope Coherence,Theta,Fast,PO10,T8,0.014485765883832843
MODULATION_DATASET,Band-Power Envelope Coherence,Theta,Fast,PO10,FT10,0.03285192836138273
MODULATION_DATASET,Band-Power Envelope Coherence,Theta,Fast,PO10,FC6,0.03880353106442444
MODULATION_DATASET,Band-Power Envelope Coherence,Theta,Fast,PO10,C4,0.007919563955289843
MODULATION_DATASET,Band-Power Envelope Coherence,Theta,Fast,PO10,FC2,0.004078802655518013
MODULATION_DATASET,Band-Power Envelope Coherence,Theta,Fast,PO10,F4,0.008729567127957251
MODULATION_DATASET,Band-Power Envelope Coherence,Theta,Fast,PO10,F8,0.00995860084779102
MODULATION_DATASET,Band-Power Envelope Coherence,Theta,Fast,PO10,Fp2,0.005712661134611232
MODULATION_DATASET,Band-Power Envelope Coherence,Theta,Fast,P8,P4,0.5015839710548586
MODULATION_DATASET,Band-Power Envelope Coherence,Theta,Fast,P8,CP2,0.15678815831343307
MODULATION_DATASET,Band-Power Envelope Coherence,Theta,Fast,P8,CP6,0.5049645374635509
MODULATION_DATASET,Band-Power Envelope Coherence,Theta,Fast,P8,T8,0.33758019884797746
MODULATION_DATASET,Band-Power Envelope Coherence,Theta,Fast,P8,FT10,0.09870517078774076
MODULATION_DATASET,Band-Power Envelope Coherence,Theta,Fast,P8,FC6,0.17599325765813878
MODULATION_DATASET,Band-Power Envelope Coherence,Theta,Fast,P8,C4,0.26871240106155886
MODULATION_DATASET,Band-Power Envelope Coherence,Theta,Fast,P8,FC2,0.11313125345829446
MODULATION_DATASET,Band-Power Envelope Coherence,Theta,Fast,P8,F4,0.1516024709486468
MODULATION_DATASET,Band-Power Envelope Coherence,Theta,Fast,P8,F8,0.06366435074429239
MODULATION_DATASET,Band-Power Envelope Coherence,Theta,Fast,P8,Fp2,0.11866422505419798
MODULATION_DATASET,Band-Power Envelope Coherence,Theta,Fast,P4,CP2,0.47020081301191974
MODULATION_DATASET,Band-Power Envelope Coherence,Theta,Fast,P4,CP6,0.6973254562274178
MODULATION_DATASET,Band-Power Envelope Coherence,Theta,Fast,P4,T8,0.46867045062959545
MODULATION_DATASET,Band-Power Envelope Coherence,Theta,Fast,P4,FT10,0.05041696805708505
MODULATION_DATASET,Band-Power Envelope Coherence,Theta,Fast,P4,FC6,0.32753838881819974
MODULATION_DATASET,Band-Power Envelope Coherence,Theta,Fast,P4,C4,0.6271178295225855
MODULATION_DATASET,Band-Power Envelope Coherence,Theta,Fast,P4,FC2,0.40009634593882887
MODULATION_DATASET,Band-Power Envelope Coherence,Theta,Fast,P4,F4,0.40674590089213253
MODULATION_DATASET,Band-Power Envelope Coherence,Theta,Fast,P4,F8,0.07117454010941879
MODULATION_DATASET,Band-Power Envelope Coherence,Theta,Fast,P4,Fp2,0.2631512882233809
MODULATION_DATASET,Band-Power Envelope Coherence,Theta,Fast,CP2,CP6,0.3002352410043092
MODULATION_DATASET,Band-Power Envelope Coherence,Theta,Fast,CP2,T8,0.1943409958341325
MODULATION_DATASET,Band-Power Envelope Coherence,Theta,Fast,CP2,FT10,0.015090117733666454
MODULATION_DATASET,Band-Power Envelope Coherence,Theta,Fast,CP2,FC6,0.20374587017448542
MODULATION_DATASET,Band-Power Envelope Coherence,Theta,Fast,CP2,C4,0.3708110506710623
MODULATION_DATASET,Band-Power Envelope Coherence,Theta,Fast,CP2,FC2,0.22674781752006462
MODULATION_DATASET,Band-Power Envelope Coherence,Theta,Fast,CP2,F4,0.20494956153864696
MODULATION_DATASET,Band-Power Envelope Coherence,Theta,Fast,CP2,F8,0.04030904431373327
MODULATION_DATASET,Band-Power Envelope Coherence,Theta,Fast,CP2,Fp2,0.10052136235681619
MODULATION_DATASET,Band-Power Envelope Coherence,Theta,Fast,CP6,T8,0.7857154613032163
MODULATION_DATASET,Band-Power Envelope Coherence,Theta,Fast,CP6,FT10,0.08936100523324655
MODULATION_DATASET,Band-Power Envelope Coherence,Theta,Fast,CP6,FC6,0.5213447264578441
MODULATION_DATASET,Band-Power Envelope Coherence,Theta,Fast,CP6,C4,0.7802979757695125
MODULATION_DATASET,Band-Power Envelope Coherence,Theta,Fast,CP6,FC2,0.43908153933879374
MODULATION_DATASET,Band-Power Envelope Coherence,Theta,Fast,CP6,F4,0.5066752308021165
MODULATION_DATASET,Band-Power Envelope Coherence,Theta,Fast,CP6,F8,0.1385796702720855
MODULATION_DATASET,Band-Power Envelope Coherence,Theta,Fast,CP6,Fp2,0.3455308250853316
MODULATION_DATASET,Band-Power Envelope Coherence,Theta,Fast,T8,FT10,0.12493266371032552
MODULATION_DATASET,Band-Power Envelope Coherence,Theta,Fast,T8,FC6,0.5968614525906402
MODULATION_DATASET,Band-Power Envelope Coherence,Theta,Fast,T8,C4,0.7037835854429946
MODULATION_DATASET,Band-Power Envelope Coherence,Theta,Fast,T8,FC2,0.44134788892121235
MODULATION_DATASET,Band-Power Envelope Coherence,Theta,Fast,T8,F4,0.5802020007718345
MODULATION_DATASET,Band-Power Envelope Coherence,Theta,Fast,T8,F8,0.24498571532460053
MODULATION_DATASET,Band-Power Envelope Coherence,Theta,Fast,T8,Fp2,0.39964407287554937
MODULATION_DATASET,Band-Power Envelope Coherence,Theta,Fast,FT10,FC6,0.07373814266527554
MODULATION_DATASET,Band-Power Envelope Coherence,Theta,Fast,FT10,C4,0.05367326250437492
MODULATION_DATASET,Band-Power Envelope Coherence,Theta,Fast,FT10,FC2,0.018851390599124024
MODULATION_DATASET,Band-Power Envelope Coherence,Theta,Fast,FT10,F4,0.047973334736474374
MODULATION_DATASET,Band-Power Envelope Coherence,Theta,Fast,FT10,F8,0.09070625666986064
MODULATION_DATASET,Band-Power Envelope Coherence,Theta,Fast,FT10,Fp2,0.055328787437710955
MODULATION_DATASET,Band-Power Envelope Coherence,Theta,Fast,FC6,C4,0.6187510548159323
MODULATION_DATASET,Band-Power Envelope Coherence,Theta,Fast,FC6,FC2,0.5056915046432249
MODULATION_DATASET,Band-Power Envelope Coherence,Theta,Fast,FC6,F4,0.6234055284378379
MODULATION_DATASET,Band-Power Envelope Coherence,Theta,Fast,FC6,F8,0.21797254698929053
MODULATION_DATASET,Band-Power Envelope Coherence,Theta,Fast,FC6,Fp2,0.31087372676603875
MODULATION_DATASET,Band-Power Envelope Coherence,Theta,Fast,C4,FC2,0.6870588836849284
MODULATION_DATASET,Band-Power Envelope Coherence,Theta,Fast,C4,F4,0.7304272500871396
MODULATION_DATASET,Band-Power Envelope Coherence,Theta,Fast,C4,F8,0.1466946394997593
MODULATION_DATASET,Band-Power Envelope Coherence,Theta,Fast,C4,Fp2,0.3911580566851448
MODULATION_DATASET,Band-Power Envelope Coherence,Theta,Fast,FC2,F4,0.8271847932105579
MODULATION_DATASET,Band-Power Envelope Coherence,Theta,Fast,FC2,F8,0.10849160155233621
MODULATION_DATASET,Band-Power Envelope Coherence,Theta,Fast,FC2,Fp2,0.37676856591404106
MODULATION_DATASET,Band-Power Envelope Coherence,Theta,Fast,F4,F8,0.20801489662445422
MODULATION_DATASET,Band-Power Envelope Coherence,Theta,Fast,F4,Fp2,0.5197982538648973
MODULATION_DATASET,Band-Power Envelope Coherence,Theta,Fast,F8,Fp2,0.09897561024495477
