Dataset,Metric,Band,Envelope_Band,Channel_A,Channel_B,Value
MODULATION_DATASET,Raw EEG Band-Limited Coherence,Theta,,Fp1,Fp2,0.8629601334753991
MODULATION_DATASET,Raw EEG Band-Limited Coherence,Theta,,Fp1,F7,0.7178381945823041
MODULATION_DATASET,Raw EEG Band-Limited Coherence,Theta,,Fp1,F3,0.5861219857935148
MODULATION_DATASET,Raw EEG Band-Limited Coherence,Theta,,Fp1,Fz,0.5197889364367103
MODULATION_DATASET,Raw EEG Band-Limited Coherence,Theta,,Fp1,F4,0.5234380771511087
MODULATION_DATASET,Raw EEG Band-Limited Coherence,Theta,,Fp1,F8,0.4095409643605702
MODULATION_DATASET,Raw EEG Band-Limited Coherence,Theta,,Fp1,FC1,0.3765082329413633
MODULATION_DATASET,Raw EEG Band-Limited Coherence,Theta,,Fp1,FC2,0.3812936385259453
MODULATION_DATASET,Raw EEG Band-Limited Coherence,Theta,,Fp1,FC5,0.44236020074293003
MODULATION_DATASET,Raw EEG Band-Limited Coherence,Theta,,Fp1,FC6,0.36216366029289904
MODULATION_DATASET,Raw EEG Band-Limited Coherence,Theta,,Fp1,C3,0.22566841618798508
MODULATION_DATASET,Raw EEG Band-Limited Coherence,Theta,,Fp1,Cz,0.2730651792505557
MODULATION_DATASET,Raw EEG Band-Limited Coherence,Theta,,Fp1,C4,0.23964350690738573
MODULATION_DATASET,Raw EEG Band-Limited Coherence,Theta,,Fp1,FT9,0.23475763685475007
MODULATION_DATASET,Raw EEG Band-Limited Coherence,Theta,,Fp1,FT10,0.1765318950166845
MODULATION_DATASET,Raw EEG Band-Limited Coherence,Theta,,Fp1,T7,0.23011106867341746
MODULATION_DATASET,Raw EEG Band-Limited Coherence,Theta,,Fp1,T8,0.22620187852084062
MODULATION_DATASET,Raw EEG Band-Limited Coherence,Theta,,Fp1,CP1,0.08025338806930205
MODULATION_DATASET,Raw EEG Band-Limited Coherence,Theta,,Fp1,CP2,0.11309845514621306
MODULATION_DATASET,Raw EEG Band-Limited Coherence,Theta,,Fp1,CP5,0.04750209114678845
MODULATION_DATASET,Raw EEG Band-Limited Coherence,Theta,,Fp1,CP6,0.1253661872566973
MODULATION_DATASET,Raw EEG Band-Limited Coherence,Theta,,Fp1,P3,0.023084028603104427
MODULATION_DATASET,Raw EEG Band-Limited Coherence,Theta,,Fp1,Pz,0.07142901873578295
MODULATION_DATASET,Raw EEG Band-Limited Coherence,Theta,,Fp1,P4,0.08102918774087842
MODULATION_DATASET,Raw EEG Band-Limited Coherence,Theta,,Fp1,P7,0.05979135138247685
MODULATION_DATASET,Raw EEG Band-Limited Coherence,Theta,,Fp1,P8,0.03715241015720694
MODULATION_DATASET,Raw EEG Band-Limited Coherence,Theta,,Fp1,O1,0.007696034673266002
MODULATION_DATASET,Raw EEG Band-Limited Coherence,Theta,,Fp1,Oz,0.01205222949017894
MODULATION_DATASET,Raw EEG Band-Limited Coherence,Theta,,Fp1,O2,0.01377874450124312
MODULATION_DATASET,Raw EEG Band-Limited Coherence,Theta,,Fp1,PO9,0.09286343800164011
MODULATION_DATASET,Raw EEG Band-Limited Coherence,Theta,,Fp1,PO10,0.00846284062111755
MODULATION_DATASET,Raw EEG Band-Limited Coherence,Theta,,Fp2,F7,0.5415332710841025
MODULATION_DATASET,Raw EEG Band-Limited Coherence,Theta,,Fp2,F3,0.5405156799322959
MODULATION_DATASET,Raw EEG Band-Limited Coherence,Theta,,Fp2,Fz,0.5355884674099949
MODULATION_DATASET,Raw EEG Band-Limited Coherence,Theta,,Fp2,F4,0.6431944516845136
MODULATION_DATASET,Raw EEG Band-Limited Coherence,Theta,,Fp2,F8,0.5967331013823416
MODULATION_DATASET,Raw EEG Band-Limited Coherence,Theta,,Fp2,FC1,0.37175458033765424
MODULATION_DATASET,Raw EEG Band-Limited Coherence,Theta,,Fp2,FC2,0.4377017310883493
MODULATION_DATASET,Raw EEG Band-Limited Coherence,Theta,,Fp2,FC5,0.3359917279400023
MODULATION_DATASET,Raw EEG Band-Limited Coherence,Theta,,Fp2,FC6,0.5038303915019513
MODULATION_DATASET,Raw EEG Band-Limited Coherence,Theta,,Fp2,C3,0.1923364014633649
MODULATION_DATASET,Raw EEG Band-Limited Coherence,Theta,,Fp2,Cz,0.2903502836894824
MODULATION_DATASET,Raw EEG Band-Limited Coherence,Theta,,Fp2,C4,0.33596129558539223
MODULATION_DATASET,Raw EEG Band-Limited Coherence,Theta,,Fp2,FT9,0.17875888505599682
MODULATION_DATASET,Raw EEG Band-Limited Coherence,Theta,,Fp2,FT10,0.3009540011715706
MODULATION_DATASET,Raw EEG Band-Limited Coherence,Theta,,Fp2,T7,0.14661144025775502
MODULATION_DATASET,Raw EEG Band-Limited Coherence,Theta,,Fp2,T8,0.3656669499976101
MODULATION_DATASET,Raw EEG Band-Limited Coherence,Theta,,Fp2,CP1,0.09696208556448105
MODULATION_DATASET,Raw EEG Band-Limited Coherence,Theta,,Fp2,CP2,0.1540616281834469
MODULATION_DATASET,Raw EEG Band-Limited Coherence,Theta,,Fp2,CP5,0.02972472757605396
MODULATION_DATASET,Raw EEG Band-Limited Coherence,Theta,,Fp2,CP6,0.21682588389256707
MODULATION_DATASET,Raw EEG Band-Limited Coherence,Theta,,Fp2,P3,0.02675306048462458
MODULATION_DATASET,Raw EEG Band-Limited Coherence,Theta,,Fp2,Pz,0.09475906748928342
MODULATION_DATASET,Raw EEG Band-Limited Coherence,Theta,,Fp2,P4,0.12668555769931428
MODULATION_DATASET,Raw EEG Band-Limited Coherence,Theta,,Fp2,P7,0.06092469293717902
MODULATION_DATASET,Raw EEG Band-Limited Coherence,Theta,,Fp2,P8,0.08646464566246558
MODULATION_DATASET,Raw EEG Band-Limited Coherence,Theta,,Fp2,O1,0.006938659918543788
MODULATION_DATASET,Raw EEG Band-Limited Coherence,Theta,,Fp2,Oz,0.019268551072132933
MODULATION_DATASET,Raw EEG Band-Limited Coherence,Theta,,Fp2,O2,0.02640754635054533
MODULATION_DATASET,Raw EEG Band-Limited Coherence,Theta,,Fp2,PO9,0.058696157475811514
MODULATION_DATASET,Raw EEG Band-Limited Coherence,Theta,,Fp2,PO10,0.029730598837965666
MODULATION_DATASET,Raw EEG Band-Limited Coherence,Theta,,F7,F3,0.553312152939123
MODULATION_DATASET,Raw EEG Band-Limited Coherence,Theta,,F7,Fz,0.42960815677782394
MODULATION_DATASET,Raw EEG Band-Limited Coherence,Theta,,F7,F4,0.3828838363064317
MODULATION_DATASET,Raw EEG Band-Limited Coherence,Theta,,F7,F8,0.26027788751610637
MODULATION_DATASET,Raw EEG Band-Limited Coherence,Theta,,F7,FC1,0.34032589047506245
MODULATION_DATASET,Raw EEG Band-Limited Coherence,Theta,,F7,FC2,0.30407619422494736
MODULATION_DATASET,Raw EEG Band-Limited Coherence,Theta,,F7,FC5,0.5920543717657862
MODULATION_DATASET,Raw EEG Band-Limited Coherence,Theta,,F7,FC6,0.25212697965077824
MODULATION_DATASET,Raw EEG Band-Limited Coherence,Theta,,F7,C3,0.2606609756806181
MODULATION_DATASET,Raw EEG Band-Limited Coherence,Theta,,F7,Cz,0.2332700977378996
MODULATION_DATASET,Raw EEG Band-Limited Coherence,Theta,,F7,C4,0.16497566048251983
MODULATION_DATASET,Raw EEG Band-Limited Coherence,Theta,,F7,FT9,0.45170500617528786
MODULATION_DATASET,Raw EEG Band-Limited Coherence,Theta,,F7,FT10,0.1069068072551893
MODULATION_DATASET,Raw EEG Band-Limited Coherence,Theta,,F7,T7,0.4760513770915824
MODULATION_DATASET,Raw EEG Band-Limited Coherence,Theta,,F7,T8,0.1388671761570905
MODULATION_DATASET,Raw EEG Band-Limited Coherence,Theta,,F7,CP1,0.059731304747702704
MODULATION_DATASET,Raw EEG Band-Limited Coherence,Theta,,F7,CP2,0.07586827598323997
MODULATION_DATASET,Raw EEG Band-Limited Coherence,Theta,,F7,CP5,0.07769164765241217
MODULATION_DATASET,Raw EEG Band-Limited Coherence,Theta,,F7,CP6,0.06924142230978915
MODULATION_DATASET,Raw EEG Band-Limited Coherence,Theta,,F7,P3,0.020181427705554773
MODULATION_DATASET,Raw EEG Band-Limited Coherence,Theta,,F7,Pz,0.04983981450914799
MODULATION_DATASET,Raw EEG Band-Limited Coherence,Theta,,F7,P4,0.04683369559121378
MODULATION_DATASET,Raw EEG Band-Limited Coherence,Theta,,F7,P7,0.0815536051901309
MODULATION_DATASET,Raw EEG Band-Limited Coherence,Theta,,F7,P8,0.012066317477185323
MODULATION_DATASET,Raw EEG Band-Limited Coherence,Theta,,F7,O1,0.030324086952924052
MODULATION_DATASET,Raw EEG Band-Limited Coherence,Theta,,F7,Oz,0.023199206213723643
MODULATION_DATASET,Raw EEG Band-Limited Coherence,Theta,,F7,O2,0.017270994184291684
MODULATION_DATASET,Raw EEG Band-Limited Coherence,Theta,,F7,PO9,0.19224526294425665
MODULATION_DATASET,Raw EEG Band-Limited Coherence,Theta,,F7,PO10,0.00591769411288451
MODULATION_DATASET,Raw EEG Band-Limited Coherence,Theta,,F3,Fz,0.89392457770256
MODULATION_DATASET,Raw EEG Band-Limited Coherence,Theta,,F3,F4,0.7699067774003244
MODULATION_DATASET,Raw EEG Band-Limited Coherence,Theta,,F3,F8,0.3593879920746181
MODULATION_DATASET,Raw EEG Band-Limited Coherence,Theta,,F3,FC1,0.8499525844653304
MODULATION_DATASET,Raw EEG Band-Limited Coherence,Theta,,F3,FC2,0.7873604062206867
MODULATION_DATASET,Raw EEG Band-Limited Coherence,Theta,,F3,FC5,0.717739750435587
MODULATION_DATASET,Raw EEG Band-Limited Coherence,Theta,,F3,FC6,0.5969755664632568
MODULATION_DATASET,Raw EEG Band-Limited Coherence,Theta,,F3,C3,0.651420952782106
MODULATION_DATASET,Raw EEG Band-Limited Coherence,Theta,,F3,Cz,0.6982808661132432
MODULATION_DATASET,Raw EEG Band-Limited Coherence,Theta,,F3,C4,0.5446780669901963
MODULATION_DATASET,Raw EEG Band-Limited Coherence,Theta,,F3,FT9,0.08461246679517807
MODULATION_DATASET,Raw EEG Band-Limited Coherence,Theta,,F3,FT10,0.1130234580789094
MODULATION_DATASET,Raw EEG Band-Limited Coherence,Theta,,F3,T7,0.3564656868400159
MODULATION_DATASET,Raw EEG Band-Limited Coherence,Theta,,F3,T8,0.3511188033753173
MODULATION_DATASET,Raw EEG Band-Limited Coherence,Theta,,F3,CP1,0.3564790525112886
MODULATION_DATASET,Raw EEG Band-Limited Coherence,Theta,,F3,CP2,0.39124889995100043
MODULATION_DATASET,Raw EEG Band-Limited Coherence,Theta,,F3,CP5,0.28252477902610884
MODULATION_DATASET,Raw EEG Band-Limited Coherence,Theta,,F3,CP6,0.30062313764313514
MODULATION_DATASET,Raw EEG Band-Limited Coherence,Theta,,F3,P3,0.1991320154511116
MODULATION_DATASET,Raw EEG Band-Limited Coherence,Theta,,F3,Pz,0.31624257526732574
MODULATION_DATASET,Raw EEG Band-Limited Coherence,Theta,,F3,P4,0.28751474989519277
MODULATION_DATASET,Raw EEG Band-Limited Coherence,Theta,,F3,P7,0.004362670451705615
MODULATION_DATASET,Raw EEG Band-Limited Coherence,Theta,,F3,P8,0.09406865807073234
MODULATION_DATASET,Raw EEG Band-Limited Coherence,Theta,,F3,O1,0.0265630019833067
MODULATION_DATASET,Raw EEG Band-Limited Coherence,Theta,,F3,Oz,0.048537665835017216
MODULATION_DATASET,Raw EEG Band-Limited Coherence,Theta,,F3,O2,0.051970067374233216
MODULATION_DATASET,Raw EEG Band-Limited Coherence,Theta,,F3,PO9,0.17897448907095187
MODULATION_DATASET,Raw EEG Band-Limited Coherence,Theta,,F3,PO10,0.005667209910220962
MODULATION_DATASET,Raw EEG Band-Limited Coherence,Theta,,Fz,F4,0.8608725514345121
MODULATION_DATASET,Raw EEG Band-Limited Coherence,Theta,,Fz,F8,0.39192051365264713
MODULATION_DATASET,Raw EEG Band-Limited Coherence,Theta,,Fz,FC1,0.8802942134283679
MODULATION_DATASET,Raw EEG Band-Limited Coherence,Theta,,Fz,FC2,0.8918873051641103
MODULATION_DATASET,Raw EEG Band-Limited Coherence,Theta,,Fz,FC5,0.6014798256441617
MODULATION_DATASET,Raw EEG Band-Limited Coherence,Theta,,Fz,FC6,0.6753130707528561
MODULATION_DATASET,Raw EEG Band-Limited Coherence,Theta,,Fz,C3,0.5995333918211939
MODULATION_DATASET,Raw EEG Band-Limited Coherence,Theta,,Fz,Cz,0.7571645546372655
MODULATION_DATASET,Raw EEG Band-Limited Coherence,Theta,,Fz,C4,0.6244049192289394
MODULATION_DATASET,Raw EEG Band-Limited Coherence,Theta,,Fz,FT9,0.05286867393409282
MODULATION_DATASET,Raw EEG Band-Limited Coherence,Theta,,Fz,FT10,0.12747734175492723
MODULATION_DATASET,Raw EEG Band-Limited Coherence,Theta,,Fz,T7,0.26607582837373084
MODULATION_DATASET,Raw EEG Band-Limited Coherence,Theta,,Fz,T8,0.40573013661575164
MODULATION_DATASET,Raw EEG Band-Limited Coherence,Theta,,Fz,CP1,0.37358923608030825
MODULATION_DATASET,Raw EEG Band-Limited Coherence,Theta,,Fz,CP2,0.4308765492195028
MODULATION_DATASET,Raw EEG Band-Limited Coherence,Theta,,Fz,CP5,0.23801921257288408
MODULATION_DATASET,Raw EEG Band-Limited Coherence,Theta,,Fz,CP6,0.3568809112669739
MODULATION_DATASET,Raw EEG Band-Limited Coherence,Theta,,Fz,P3,0.20314316526543286
MODULATION_DATASET,Raw EEG Band-Limited Coherence,Theta,,Fz,Pz,0.33891783156414623
MODULATION_DATASET,Raw EEG Band-Limited Coherence,Theta,,Fz,P4,0.3260067557403004
MODULATION_DATASET,Raw EEG Band-Limited Coherence,Theta,,Fz,P7,0.006158889432145528
MODULATION_DATASET,Raw EEG Band-Limited Coherence,Theta,,Fz,P8,0.11885698037358496
MODULATION_DATASET,Raw EEG Band-Limited Coherence,Theta,,Fz,O1,0.031220718855351354
MODULATION_DATASET,Raw EEG Band-Limited Coherence,Theta,,Fz,Oz,0.056105599894155436
MODULATION_DATASET,Raw EEG Band-Limited Coherence,Theta,,Fz,O2,0.06068197833784654
MODULATION_DATASET,Raw EEG Band-Limited Coherence,Theta,,Fz,PO9,0.1525372621758861
MODULATION_DATASET,Raw EEG Band-Limited Coherence,Theta,,Fz,PO10,0.006109121035062782
MODULATION_DATASET,Raw EEG Band-Limited Coherence,Theta,,F4,F8,0.6252536110051674
MODULATION_DATASET,Raw EEG Band-Limited Coherence,Theta,,F4,FC1,0.7283621104930298
MODULATION_DATASET,Raw EEG Band-Limited Coherence,Theta,,F4,FC2,0.8653548641148001
MODULATION_DATASET,Raw EEG Band-Limited Coherence,Theta,,F4,FC5,0.45123060128428816
MODULATION_DATASET,Raw EEG Band-Limited Coherence,Theta,,F4,FC6,0.8746525962087748
MODULATION_DATASET,Raw EEG Band-Limited Coherence,Theta,,F4,C3,0.4398707116722299
MODULATION_DATASET,Raw EEG Band-Limited Coherence,Theta,,F4,Cz,0.6485265293194145
MODULATION_DATASET,Raw EEG Band-Limited Coherence,Theta,,F4,C4,0.7558370361487352
MODULATION_DATASET,Raw EEG Band-Limited Coherence,Theta,,F4,FT9,0.07272020533769263
MODULATION_DATASET,Raw EEG Band-Limited Coherence,Theta,,F4,FT10,0.2889316763894286
MODULATION_DATASET,Raw EEG Band-Limited Coherence,Theta,,F4,T7,0.18201126735592532
MODULATION_DATASET,Raw EEG Band-Limited Coherence,Theta,,F4,T8,0.6238220456388247
MODULATION_DATASET,Raw EEG Band-Limited Coherence,Theta,,F4,CP1,0.32444875915269755
MODULATION_DATASET,Raw EEG Band-Limited Coherence,Theta,,F4,CP2,0.44478452530253176
MODULATION_DATASET,Raw EEG Band-Limited Coherence,Theta,,F4,CP5,0.13417182775266334
MODULATION_DATASET,Raw EEG Band-Limited Coherence,Theta,,F4,CP6,0.5207359132717038
MODULATION_DATASET,Raw EEG Band-Limited Coherence,Theta,,F4,P3,0.1490919413607065
MODULATION_DATASET,Raw EEG Band-Limited Coherence,Theta,,F4,Pz,0.31773352244804876
MODULATION_DATASET,Raw EEG Band-Limited Coherence,Theta,,F4,P4,0.3771785087798454
MODULATION_DATASET,Raw EEG Band-Limited Coherence,Theta,,F4,P7,0.010442036763200328
MODULATION_DATASET,Raw EEG Band-Limited Coherence,Theta,,F4,P8,0.2167406699424439
MODULATION_DATASET,Raw EEG Band-Limited Coherence,Theta,,F4,O1,0.02972593518407879
MODULATION_DATASET,Raw EEG Band-Limited Coherence,Theta,,F4,Oz,0.06427896836617333
MODULATION_DATASET,Raw EEG Band-Limited Coherence,Theta,,F4,O2,0.08052058942977254
MODULATION_DATASET,Raw EEG Band-Limited Coherence,Theta,,F4,PO9,0.09941147920051725
MODULATION_DATASET,Raw EEG Band-Limited Coherence,Theta,,F4,PO10,0.03311180513365704
MODULATION_DATASET,Raw EEG Band-Limited Coherence,Theta,,F8,FC1,0.278322722364007
MODULATION_DATASET,Raw EEG Band-Limited Coherence,Theta,,F8,FC2,0.3956791369995972
MODULATION_DATASET,Raw EEG Band-Limited Coherence,Theta,,F8,FC5,0.17490936210945962
MODULATION_DATASET,Raw EEG Band-Limited Coherence,Theta,,F8,FC6,0.6920627815482148
MODULATION_DATASET,Raw EEG Band-Limited Coherence,Theta,,F8,C3,0.11998047979333662
MODULATION_DATASET,Raw EEG Band-Limited Coherence,Theta,,F8,Cz,0.23657293667240467
MODULATION_DATASET,Raw EEG Band-Limited Coherence,Theta,,F8,C4,0.45409307658720816
MODULATION_DATASET,Raw EEG Band-Limited Coherence,Theta,,F8,FT9,0.13430412708563477
MODULATION_DATASET,Raw EEG Band-Limited Coherence,Theta,,F8,FT10,0.653621995806156
MODULATION_DATASET,Raw EEG Band-Limited Coherence,Theta,,F8,T7,0.06378823161702105
MODULATION_DATASET,Raw EEG Band-Limited Coherence,Theta,,F8,T8,0.6897529914938857
MODULATION_DATASET,Raw EEG Band-Limited Coherence,Theta,,F8,CP1,0.0954935775678864
MODULATION_DATASET,Raw EEG Band-Limited Coherence,Theta,,F8,CP2,0.18909087895451485
MODULATION_DATASET,Raw EEG Band-Limited Coherence,Theta,,F8,CP5,0.009299455251270494
MODULATION_DATASET,Raw EEG Band-Limited Coherence,Theta,,F8,CP6,0.41760264068623154
MODULATION_DATASET,Raw EEG Band-Limited Coherence,Theta,,F8,P3,0.021383078090937417
MODULATION_DATASET,Raw EEG Band-Limited Coherence,Theta,,F8,Pz,0.1068447594186024
MODULATION_DATASET,Raw EEG Band-Limited Coherence,Theta,,F8,P4,0.18931006335496398
MODULATION_DATASET,Raw EEG Band-Limited Coherence,Theta,,F8,P7,0.0713872871844768
MODULATION_DATASET,Raw EEG Band-Limited Coherence,Theta,,F8,P8,0.22150599995349168
MODULATION_DATASET,Raw EEG Band-Limited Coherence,Theta,,F8,O1,0.008454913022342657
MODULATION_DATASET,Raw EEG Band-Limited Coherence,Theta,,F8,Oz,0.030214404808468043
MODULATION_DATASET,Raw EEG Band-Limited Coherence,Theta,,F8,O2,0.05039378601610279
MODULATION_DATASET,Raw EEG Band-Limited Coherence,Theta,,F8,PO9,0.02120526990779773
MODULATION_DATASET,Raw EEG Band-Limited Coherence,Theta,,F8,PO10,0.10518576829715962
MODULATION_DATASET,Raw EEG Band-Limited Coherence,Theta,,FC1,FC2,0.8635736805618146
MODULATION_DATASET,Raw EEG Band-Limited Coherence,Theta,,FC1,FC5,0.6527429191659204
MODULATION_DATASET,Raw EEG Band-Limited Coherence,Theta,,FC1,FC6,0.6122006451693119
MODULATION_DATASET,Raw EEG Band-Limited Coherence,Theta,,FC1,C3,0.7914021664873627
MODULATION_DATASET,Raw EEG Band-Limited Coherence,Theta,,FC1,Cz,0.8751464468349885
MODULATION_DATASET,Raw EEG Band-Limited Coherence,Theta,,FC1,C4,0.6493929997140699
MODULATION_DATASET,Raw EEG Band-Limited Coherence,Theta,,FC1,FT9,0.023020843664973034
MODULATION_DATASET,Raw EEG Band-Limited Coherence,Theta,,FC1,FT10,0.07059037597378742
MODULATION_DATASET,Raw EEG Band-Limited Coherence,Theta,,FC1,T7,0.2957769943700779
MODULATION_DATASET,Raw EEG Band-Limited Coherence,Theta,,FC1,T8,0.3610542545291907
MODULATION_DATASET,Raw EEG Band-Limited Coherence,Theta,,FC1,CP1,0.5604155460278571
MODULATION_DATASET,Raw EEG Band-Limited Coherence,Theta,,FC1,CP2,0.5723715554471667
MODULATION_DATASET,Raw EEG Band-Limited Coherence,Theta,,FC1,CP5,0.40965529768117037
MODULATION_DATASET,Raw EEG Band-Limited Coherence,Theta,,FC1,CP6,0.3796875139051004
MODULATION_DATASET,Raw EEG Band-Limited Coherence,Theta,,FC1,P3,0.37612288143036754
MODULATION_DATASET,Raw EEG Band-Limited Coherence,Theta,,FC1,Pz,0.5065966699493819
MODULATION_DATASET,Raw EEG Band-Limited Coherence,Theta,,FC1,P4,0.43641328397976703
MODULATION_DATASET,Raw EEG Band-Limited Coherence,Theta,,FC1,P7,0.034954313585619415
MODULATION_DATASET,Raw EEG Band-Limited Coherence,Theta,,FC1,P8,0.1380246689757286
MODULATION_DATASET,Raw EEG Band-Limited Coherence,Theta,,FC1,O1,0.08146048317287446
MODULATION_DATASET,Raw EEG Band-Limited Coherence,Theta,,FC1,Oz,0.11437799624660139
MODULATION_DATASET,Raw EEG Band-Limited Coherence,Theta,,FC1,O2,0.10957797319067861
MODULATION_DATASET,Raw EEG Band-Limited Coherence,Theta,,FC1,PO9,0.15977699120254268
MODULATION_DATASET,Raw EEG Band-Limited Coherence,Theta,,FC1,PO10,0.008325671933838498
MODULATION_DATASET,Raw EEG Band-Limited Coherence,Theta,,FC2,FC5,0.5038977475360529
MODULATION_DATASET,Raw EEG Band-Limited Coherence,Theta,,FC2,FC6,0.763845835691761
MODULATION_DATASET,Raw EEG Band-Limited Coherence,Theta,,FC2,C3,0.5958466713931214
MODULATION_DATASET,Raw EEG Band-Limited Coherence,Theta,,FC2,Cz,0.842131452021507
MODULATION_DATASET,Raw EEG Band-Limited Coherence,Theta,,FC2,C4,0.7777265175932344
MODULATION_DATASET,Raw EEG Band-Limited Coherence,Theta,,FC2,FT9,0.032114964226912124
MODULATION_DATASET,Raw EEG Band-Limited Coherence,Theta,,FC2,FT10,0.13626432372079667
MODULATION_DATASET,Raw EEG Band-Limited Coherence,Theta,,FC2,T7,0.20767970745665598
MODULATION_DATASET,Raw EEG Band-Limited Coherence,Theta,,FC2,T8,0.48836414590180055
MODULATION_DATASET,Raw EEG Band-Limited Coherence,Theta,,FC2,CP1,0.46554034369704006
MODULATION_DATASET,Raw EEG Band-Limited Coherence,Theta,,FC2,CP2,0.5661308745345448
MODULATION_DATASET,Raw EEG Band-Limited Coherence,Theta,,FC2,CP5,0.24156113906015786
MODULATION_DATASET,Raw EEG Band-Limited Coherence,Theta,,FC2,CP6,0.49221584553742065
MODULATION_DATASET,Raw EEG Band-Limited Coherence,Theta,,FC2,P3,0.2644689762064739
MODULATION_DATASET,Raw EEG Band-Limited Coherence,Theta,,FC2,Pz,0.44458952381543204
MODULATION_DATASET,Raw EEG Band-Limited Coherence,Theta,,FC2,P4,0.4592343986860313
MODULATION_DATASET,Raw EEG Band-Limited Coherence,Theta,,FC2,P7,0.009074028694328263
MODULATION_DATASET,Raw EEG Band-Limited Coherence,Theta,,FC2,P8,0.1969904753586112
MODULATION_DATASET,Raw EEG Band-Limited Coherence,Theta,,FC2,O1,0.05809140913262833
MODULATION_DATASET,Raw EEG Band-Limited Coherence,Theta,,FC2,Oz,0.09824409230076979
MODULATION_DATASET,Raw EEG Band-Limited Coherence,Theta,,FC2,O2,0.10727902164453619
MODULATION_DATASET,Raw EEG Band-Limited Coherence,Theta,,FC2,PO9,0.12410486019781769
MODULATION_DATASET,Raw EEG Band-Limited Coherence,Theta,,FC2,PO10,0.016779631462551202
MODULATION_DATASET,Raw EEG Band-Limited Coherence,Theta,,FC5,FC6,0.32405191610231326
MODULATION_DATASET,Raw EEG Band-Limited Coherence,Theta,,FC5,C3,0.6688934048397956
MODULATION_DATASET,Raw EEG Band-Limited Coherence,Theta,,FC5,Cz,0.5140048933201552
MODULATION_DATASET,Raw EEG Band-Limited Coherence,Theta,,FC5,C4,0.3065811872884415
MODULATION_DATASET,Raw EEG Band-Limited Coherence,Theta,,FC5,FT9,0.13219872604712118
MODULATION_DATASET,Raw EEG Band-Limited Coherence,Theta,,FC5,FT10,0.03383053979911398
MODULATION_DATASET,Raw EEG Band-Limited Coherence,Theta,,FC5,T7,0.5920815356079481
MODULATION_DATASET,Raw EEG Band-Limited Coherence,Theta,,FC5,T8,0.15525485021203478
MODULATION_DATASET,Raw EEG Band-Limited Coherence,Theta,,FC5,CP1,0.28452979812758233
MODULATION_DATASET,Raw EEG Band-Limited Coherence,Theta,,FC5,CP2,0.25552600708780554
MODULATION_DATASET,Raw EEG Band-Limited Coherence,Theta,,FC5,CP5,0.4041366795291669
MODULATION_DATASET,Raw EEG Band-Limited Coherence,Theta,,FC5,CP6,0.132495695948813
MODULATION_DATASET,Raw EEG Band-Limited Coherence,Theta,,FC5,P3,0.18491548771042027
MODULATION_DATASET,Raw EEG Band-Limited Coherence,Theta,,FC5,Pz,0.2312442752825881
MODULATION_DATASET,Raw EEG Band-Limited Coherence,Theta,,FC5,P4,0.1611841568094242
MODULATION_DATASET,Raw EEG Band-Limited Coherence,Theta,,FC5,P7,0.006846080242840703
MODULATION_DATASET,Raw EEG Band-Limited Coherence,Theta,,FC5,P8,0.02153533635440658
MODULATION_DATASET,Raw EEG Band-Limited Coherence,Theta,,FC5,O1,0.01571493254184329
MODULATION_DATASET,Raw EEG Band-Limited Coherence,Theta,,FC5,Oz,0.025028799942015015
MODULATION_DATASET,Raw EEG Band-Limited Coherence,Theta,,FC5,O2,0.022563871190339053
MODULATION_DATASET,Raw EEG Band-Limited Coherence,Theta,,FC5,PO9,0.266119575350162
MODULATION_DATASET,Raw EEG Band-Limited Coherence,Theta,,FC5,PO10,0.020907394498382758
MODULATION_DATASET,Raw EEG Band-Limited Coherence,Theta,,FC6,C3,0.3694553823325038
MODULATION_DATASET,Raw EEG Band-Limited Coherence,Theta,,FC6,Cz,0.5857177346396759
MODULATION_DATASET,Raw EEG Band-Limited Coherence,Theta,,FC6,C4,0.8795768048585049
MODULATION_DATASET,Raw EEG Band-Limited Coherence,Theta,,FC6,FT9,0.05402518809428616
MODULATION_DATASET,Raw EEG Band-Limited Coherence,Theta,,FC6,FT10,0.4179798468288159
MODULATION_DATASET,Raw EEG Band-Limited Coherence,Theta,,FC6,T7,0.12119093211683793
MODULATION_DATASET,Raw EEG Band-Limited Coherence,Theta,,FC6,T8,0.8555047405749758
MODULATION_DATASET,Raw EEG Band-Limited Coherence,Theta,,FC6,CP1,0.36735872586244633
MODULATION_DATASET,Raw EEG Band-Limited Coherence,Theta,,FC6,CP2,0.5392429355997651
MODULATION_DATASET,Raw EEG Band-Limited Coherence,Theta,,FC6,CP5,0.10986218586965701
MODULATION_DATASET,Raw EEG Band-Limited Coherence,Theta,,FC6,CP6,0.7567091801939663
MODULATION_DATASET,Raw EEG Band-Limited Coherence,Theta,,FC6,P3,0.17294437174254018
MODULATION_DATASET,Raw EEG Band-Limited Coherence,Theta,,FC6,Pz,0.38446285243504885
MODULATION_DATASET,Raw EEG Band-Limited Coherence,Theta,,FC6,P4,0.5139047450837955
MODULATION_DATASET,Raw EEG Band-Limited Coherence,Theta,,FC6,P7,0.009408459994883807
MODULATION_DATASET,Raw EEG Band-Limited Coherence,Theta,,FC6,P8,0.3958915910437746
MODULATION_DATASET,Raw EEG Band-Limited Coherence,Theta,,FC6,O1,0.0580164957268369
MODULATION_DATASET,Raw EEG Band-Limited Coherence,Theta,,FC6,Oz,0.11557753995212122
MODULATION_DATASET,Raw EEG Band-Limited Coherence,Theta,,FC6,O2,0.15018301210062224
MODULATION_DATASET,Raw EEG Band-Limited Coherence,Theta,,FC6,PO9,0.061242626618519376
MODULATION_DATASET,Raw EEG Band-Limited Coherence,Theta,,FC6,PO10,0.10158937071557497
MODULATION_DATASET,Raw EEG Band-Limited Coherence,Theta,,C3,Cz,0.7242226523876476
MODULATION_DATASET,Raw EEG Band-Limited Coherence,Theta,,C3,C4,0.44754585672728875
MODULATION_DATASET,Raw EEG Band-Limited Coherence,Theta,,C3,FT9,0.01005284515572144
MODULATION_DATASET,Raw EEG Band-Limited Coherence,Theta,,C3,FT10,0.012963552346929162
MODULATION_DATASET,Raw EEG Band-Limited Coherence,Theta,,C3,T7,0.37939685097346015
MODULATION_DATASET,Raw EEG Band-Limited Coherence,Theta,,C3,T8,0.18921058843869779
MODULATION_DATASET,Raw EEG Band-Limited Coherence,Theta,,C3,CP1,0.6068344718334493
MODULATION_DATASET,Raw EEG Band-Limited Coherence,Theta,,C3,CP2,0.5154034834097413
MODULATION_DATASET,Raw EEG Band-Limited Coherence,Theta,,C3,CP5,0.6416469881178477
MODULATION_DATASET,Raw EEG Band-Limited Coherence,Theta,,C3,CP6,0.2368938122682171
MODULATION_DATASET,Raw EEG Band-Limited Coherence,Theta,,C3,P3,0.4934558322407048
MODULATION_DATASET,Raw EEG Band-Limited Coherence,Theta,,C3,Pz,0.5243073156970135
MODULATION_DATASET,Raw EEG Band-Limited Coherence,Theta,,C3,P4,0.36749845653409996
MODULATION_DATASET,Raw EEG Band-Limited Coherence,Theta,,C3,P7,0.11057719583606167
MODULATION_DATASET,Raw EEG Band-Limited Coherence,Theta,,C3,P8,0.06992262693743254
MODULATION_DATASET,Raw EEG Band-Limited Coherence,Theta,,C3,O1,0.10527964350623345
MODULATION_DATASET,Raw EEG Band-Limited Coherence,Theta,,C3,Oz,0.1194864978691398
MODULATION_DATASET,Raw EEG Band-Limited Coherence,Theta,,C3,O2,0.0977531586387126
MODULATION_DATASET,Raw EEG Band-Limited Coherence,Theta,,C3,PO9,0.18467769635784692
MODULATION_DATASET,Raw EEG Band-Limited Coherence,Theta,,C3,PO10,0.016003752641203982
MODULATION_DATASET,Raw EEG Band-Limited Coherence,Theta,,Cz,C4,0.6874894977996667
MODULATION_DATASET,Raw EEG Band-Limited Coherence,Theta,,Cz,FT9,0.021425481240094343
MODULATION_DATASET,Raw EEG Band-Limited Coherence,Theta,,Cz,FT10,0.05964811372120615
MODULATION_DATASET,Raw EEG Band-Limited Coherence,Theta,,Cz,T7,0.21755867021248226
MODULATION_DATASET,Raw EEG Band-Limited Coherence,Theta,,Cz,T8,0.34804813650656324
MODULATION_DATASET,Raw EEG Band-Limited Coherence,Theta,,Cz,CP1,0.6117472209520272
MODULATION_DATASET,Raw EEG Band-Limited Coherence,Theta,,Cz,CP2,0.6583363625990387
MODULATION_DATASET,Raw EEG Band-Limited Coherence,Theta,,Cz,CP5,0.36707791187121086
MODULATION_DATASET,Raw EEG Band-Limited Coherence,Theta,,Cz,CP6,0.40964673136080487
MODULATION_DATASET,Raw EEG Band-Limited Coherence,Theta,,Cz,P3,0.4126171880621815
MODULATION_DATASET,Raw EEG Band-Limited Coherence,Theta,,Cz,Pz,0.577347566777906
MODULATION_DATASET,Raw EEG Band-Limited Coherence,Theta,,Cz,P4,0.5114259986693255
MODULATION_DATASET,Raw EEG Band-Limited Coherence,Theta,,Cz,P7,0.03861793970423014
MODULATION_DATASET,Raw EEG Band-Limited Coherence,Theta,,Cz,P8,0.16522572079015038
MODULATION_DATASET,Raw EEG Band-Limited Coherence,Theta,,Cz,O1,0.10936226756024527
MODULATION_DATASET,Raw EEG Band-Limited Coherence,Theta,,Cz,Oz,0.15522940794083814
MODULATION_DATASET,Raw EEG Band-Limited Coherence,Theta,,Cz,O2,0.1490738756658026
MODULATION_DATASET,Raw EEG Band-Limited Coherence,Theta,,Cz,PO9,0.12991575542829353
MODULATION_DATASET,Raw EEG Band-Limited Coherence,Theta,,Cz,PO10,0.01188531831590978
MODULATION_DATASET,Raw EEG Band-Limited Coherence,Theta,,C4,FT9,0.023446034529849814
MODULATION_DATASET,Raw EEG Band-Limited Coherence,Theta,,C4,FT10,0.23060313803193894
MODULATION_DATASET,Raw EEG Band-Limited Coherence,Theta,,C4,T7,0.11095070380280836
MODULATION_DATASET,Raw EEG Band-Limited Coherence,Theta,,C4,T8,0.7244263958867148
MODULATION_DATASET,Raw EEG Band-Limited Coherence,Theta,,C4,CP1,0.5352376871826403
MODULATION_DATASET,Raw EEG Band-Limited Coherence,Theta,,C4,CP2,0.7288794610241964
MODULATION_DATASET,Raw EEG Band-Limited Coherence,Theta,,C4,CP5,0.1821957447403912
MODULATION_DATASET,Raw EEG Band-Limited Coherence,Theta,,C4,CP6,0.8279449063859994
MODULATION_DATASET,Raw EEG Band-Limited Coherence,Theta,,C4,P3,0.30785068536820415
MODULATION_DATASET,Raw EEG Band-Limited Coherence,Theta,,C4,Pz,0.5633134846991608
MODULATION_DATASET,Raw EEG Band-Limited Coherence,Theta,,C4,P4,0.700813750443714
MODULATION_DATASET,Raw EEG Band-Limited Coherence,Theta,,C4,P7,0.010716465342614858
MODULATION_DATASET,Raw EEG Band-Limited Coherence,Theta,,C4,P8,0.45469771653873187
MODULATION_DATASET,Raw EEG Band-Limited Coherence,Theta,,C4,O1,0.12537396614168797
MODULATION_DATASET,Raw EEG Band-Limited Coherence,Theta,,C4,Oz,0.20575750335545057
MODULATION_DATASET,Raw EEG Band-Limited Coherence,Theta,,C4,O2,0.24177280745971264
MODULATION_DATASET,Raw EEG Band-Limited Coherence,Theta,,C4,PO9,0.06124290112485756
MODULATION_DATASET,Raw EEG Band-Limited Coherence,Theta,,C4,PO10,0.09877944367264838
MODULATION_DATASET,Raw EEG Band-Limited Coherence,Theta,,FT9,FT10,0.14511562570656505
MODULATION_DATASET,Raw EEG Band-Limited Coherence,Theta,,FT9,T7,0.24969701718728546
MODULATION_DATASET,Raw EEG Band-Limited Coherence,Theta,,FT9,T8,0.04701636734127194
MODULATION_DATASET,Raw EEG Band-Limited Coherence,Theta,,FT9,CP1,0.05521085067264891
MODULATION_DATASET,Raw EEG Band-Limited Coherence,Theta,,FT9,CP2,0.033156421084041564
MODULATION_DATASET,Raw EEG Band-Limited Coherence,Theta,,FT9,CP5,0.020060740195073336
MODULATION_DATASET,Raw EEG Band-Limited Coherence,Theta,,FT9,CP6,0.017470523353342045
MODULATION_DATASET,Raw EEG Band-Limited Coherence,Theta,,FT9,P3,0.1007477057854894
MODULATION_DATASET,Raw EEG Band-Limited Coherence,Theta,,FT9,Pz,0.05588444519777808
MODULATION_DATASET,Raw EEG Band-Limited Coherence,Theta,,FT9,P4,0.035076312910300375
MODULATION_DATASET,Raw EEG Band-Limited Coherence,Theta,,FT9,P7,0.28059326505980176
MODULATION_DATASET,Raw EEG Band-Limited Coherence,Theta,,FT9,P8,0.016576766432201788
MODULATION_DATASET,Raw EEG Band-Limited Coherence,Theta,,FT9,O1,0.1066793761486578
MODULATION_DATASET,Raw EEG Band-Limited Coherence,Theta,,FT9,Oz,0.07511664978400129
MODULATION_DATASET,Raw EEG Band-Limited Coherence,Theta,,FT9,O2,0.04874747572069894
MODULATION_DATASET,Raw EEG Band-Limited Coherence,Theta,,FT9,PO9,0.07285375672279831
MODULATION_DATASET,Raw EEG Band-Limited Coherence,Theta,,FT9,PO10,0.022230970863461
MODULATION_DATASET,Raw EEG Band-Limited Coherence,Theta,,FT10,T7,0.009011941414630808
MODULATION_DATASET,Raw EEG Band-Limited Coherence,Theta,,FT10,T8,0.5785867671322373
MODULATION_DATASET,Raw EEG Band-Limited Coherence,Theta,,FT10,CP1,0.01753519671091571
MODULATION_DATASET,Raw EEG Band-Limited Coherence,Theta,,FT10,CP2,0.07073102393156755
MODULATION_DATASET,Raw EEG Band-Limited Coherence,Theta,,FT10,CP5,0.01829226393449513
MODULATION_DATASET,Raw EEG Band-Limited Coherence,Theta,,FT10,CP6,0.3054166266622973
MODULATION_DATASET,Raw EEG Band-Limited Coherence,Theta,,FT10,P3,0.003825430046511046
MODULATION_DATASET,Raw EEG Band-Limited Coherence,Theta,,FT10,Pz,0.0277073596616563
MODULATION_DATASET,Raw EEG Band-Limited Coherence,Theta,,FT10,P4,0.09773706953051813
MODULATION_DATASET,Raw EEG Band-Limited Coherence,Theta,,FT10,P7,0.1254213919367239
MODULATION_DATASET,Raw EEG Band-Limited Coherence,Theta,,FT10,P8,0.24809642426469747
MODULATION_DATASET,Raw EEG Band-Limited Coherence,Theta,,FT10,O1,0.003817987194598137
MODULATION_DATASET,Raw EEG Band-Limited Coherence,Theta,,FT10,Oz,0.019961638367898344
MODULATION_DATASET,Raw EEG Band-Limited Coherence,Theta,,FT10,O2,0.044476878827594324
MODULATION_DATASET,Raw EEG Band-Limited Coherence,Theta,,FT10,PO9,0.0067388724429009676
MODULATION_DATASET,Raw EEG Band-Limited Coherence,Theta,,FT10,PO10,0.21539079125384586
MODULATION_DATASET,Raw EEG Band-Limited Coherence,Theta,,T7,T8,0.0483383639407652
MODULATION_DATASET,Raw EEG Band-Limited Coherence,Theta,,T7,CP1,0.11033000681610461
MODULATION_DATASET,Raw EEG Band-Limited Coherence,Theta,,T7,CP2,0.08795827143264102
MODULATION_DATASET,Raw EEG Band-Limited Coherence,Theta,,T7,CP5,0.32809580793224696
MODULATION_DATASET,Raw EEG Band-Limited Coherence,Theta,,T7,CP6,0.037484009910187556
MODULATION_DATASET,Raw EEG Band-Limited Coherence,Theta,,T7,P3,0.07527111188929973
MODULATION_DATASET,Raw EEG Band-Limited Coherence,Theta,,T7,Pz,0.08203733776997281
MODULATION_DATASET,Raw EEG Band-Limited Coherence,Theta,,T7,P4,0.04623728333619027
MODULATION_DATASET,Raw EEG Band-Limited Coherence,Theta,,T7,P7,0.0076244616620088825
MODULATION_DATASET,Raw EEG Band-Limited Coherence,Theta,,T7,P8,0.010632163425552179
MODULATION_DATASET,Raw EEG Band-Limited Coherence,Theta,,T7,O1,0.023730808169175877
MODULATION_DATASET,Raw EEG Band-Limited Coherence,Theta,,T7,Oz,0.024944720646947922
MODULATION_DATASET,Raw EEG Band-Limited Coherence,Theta,,T7,O2,0.0232084223333881
MODULATION_DATASET,Raw EEG Band-Limited Coherence,Theta,,T7,PO9,0.3679950054093474
MODULATION_DATASET,Raw EEG Band-Limited Coherence,Theta,,T7,PO10,0.06949267558464264
MODULATION_DATASET,Raw EEG Band-Limited Coherence,Theta,,T8,CP1,0.25946010936097985
MODULATION_DATASET,Raw EEG Band-Limited Coherence,Theta,,T8,CP2,0.4318095530142956
MODULATION_DATASET,Raw EEG Band-Limited Coherence,Theta,,T8,CP5,0.03851615115822804
MODULATION_DATASET,Raw EEG Band-Limited Coherence,Theta,,T8,CP6,0.813892546147476
MODULATION_DATASET,Raw EEG Band-Limited Coherence,Theta,,T8,P3,0.10908091548287459
MODULATION_DATASET,Raw EEG Band-Limited Coherence,Theta,,T8,Pz,0.29447468138173943
MODULATION_DATASET,Raw EEG Band-Limited Coherence,Theta,,T8,P4,0.47565821132904457
MODULATION_DATASET,Raw EEG Band-Limited Coherence,Theta,,T8,P7,0.019866867908592507
MODULATION_DATASET,Raw EEG Band-Limited Coherence,Theta,,T8,P8,0.5484845326498544
MODULATION_DATASET,Raw EEG Band-Limited Coherence,Theta,,T8,O1,0.058538468364737896
MODULATION_DATASET,Raw EEG Band-Limited Coherence,Theta,,T8,Oz,0.12463336496139182
MODULATION_DATASET,Raw EEG Band-Limited Coherence,Theta,,T8,O2,0.17942783663594075
MODULATION_DATASET,Raw EEG Band-Limited Coherence,Theta,,T8,PO9,0.020473462427212204
MODULATION_DATASET,Raw EEG Band-Limited Coherence,Theta,,T8,PO10,0.21086923264792312
MODULATION_DATASET,Raw EEG Band-Limited Coherence,Theta,,CP1,CP2,0.8272275768647961
MODULATION_DATASET,Raw EEG Band-Limited Coherence,Theta,,CP1,CP5,0.4964674421809903
MODULATION_DATASET,Raw EEG Band-Limited Coherence,Theta,,CP1,CP6,0.438575431273816
MODULATION_DATASET,Raw EEG Band-Limited Coherence,Theta,,CP1,P3,0.8249549490060734
MODULATION_DATASET,Raw EEG Band-Limited Coherence,Theta,,CP1,Pz,0.9026975610672743
MODULATION_DATASET,Raw EEG Band-Limited Coherence,Theta,,CP1,P4,0.7607238323698156
MODULATION_DATASET,Raw EEG Band-Limited Coherence,Theta,,CP1,P7,0.2562412545375741
MODULATION_DATASET,Raw EEG Band-Limited Coherence,Theta,,CP1,P8,0.28613677782001606
MODULATION_DATASET,Raw EEG Band-Limited Coherence,Theta,,CP1,O1,0.5018469703994897
MODULATION_DATASET,Raw EEG Band-Limited Coherence,Theta,,CP1,Oz,0.5470320620031026
MODULATION_DATASET,Raw EEG Band-Limited Coherence,Theta,,CP1,O2,0.47591111254792007
MODULATION_DATASET,Raw EEG Band-Limited Coherence,Theta,,CP1,PO9,0.05270108306296403
MODULATION_DATASET,Raw EEG Band-Limited Coherence,Theta,,CP1,PO10,0.05216504354420799
MODULATION_DATASET,Raw EEG Band-Limited Coherence,Theta,,CP2,CP5,0.3328455544051739
MODULATION_DATASET,Raw EEG Band-Limited Coherence,Theta,,CP2,CP6,0.6553876262026129
MODULATION_DATASET,Raw EEG Band-Limited Coherence,Theta,,CP2,P3,0.6587977662310072
MODULATION_DATASET,Raw EEG Band-Limited Coherence,Theta,,CP2,Pz,0.8729310460695388
MODULATION_DATASET,Raw EEG Band-Limited Coherence,Theta,,CP2,P4,0.8891380200637468
MODULATION_DATASET,Raw EEG Band-Limited Coherence,Theta,,CP2,P7,0.1176760373075054
MODULATION_DATASET,Raw EEG Band-Limited Coherence,Theta,,CP2,P8,0.4539696638396326
MODULATION_DATASET,Raw EEG Band-Limited Coherence,Theta,,CP2,O1,0.40964155259913
MODULATION_DATASET,Raw EEG Band-Limited Coherence,Theta,,CP2,Oz,0.5157419530807819
MODULATION_DATASET,Raw EEG Band-Limited Coherence,Theta,,CP2,O2,0.5057473684680027
MODULATION_DATASET,Raw EEG Band-Limited Coherence,Theta,,CP2,PO9,0.04424952768839706
MODULATION_DATASET,Raw EEG Band-Limited Coherence,Theta,,CP2,PO10,0.11356167920092884
MODULATION_DATASET,Raw EEG Band-Limited Coherence,Theta,,CP5,CP6,0.08648172137314415
MODULATION_DATASET,Raw EEG Band-Limited Coherence,Theta,,CP5,P3,0.5289946213689152
MODULATION_DATASET,Raw EEG Band-Limited Coherence,Theta,,CP5,Pz,0.41418379677837724
MODULATION_DATASET,Raw EEG Band-Limited Coherence,Theta,,CP5,P4,0.22179362741687314
MODULATION_DATASET,Raw EEG Band-Limited Coherence,Theta,,CP5,P7,0.31490980122068596
MODULATION_DATASET,Raw EEG Band-Limited Coherence,Theta,,CP5,P8,0.01649231747503436
MODULATION_DATASET,Raw EEG Band-Limited Coherence,Theta,,CP5,O1,0.12451656526579544
MODULATION_DATASET,Raw EEG Band-Limited Coherence,Theta,,CP5,Oz,0.10178691054205785
MODULATION_DATASET,Raw EEG Band-Limited Coherence,Theta,,CP5,O2,0.06612734867504359
MODULATION_DATASET,Raw EEG Band-Limited Coherence,Theta,,CP5,PO9,0.15834838145326502
MODULATION_DATASET,Raw EEG Band-Limited Coherence,Theta,,CP5,PO10,0.05884003990715802
MODULATION_DATASET,Raw EEG Band-Limited Coherence,Theta,,CP6,P3,0.24544020501860356
MODULATION_DATASET,Raw EEG Band-Limited Coherence,Theta,,CP6,Pz,0.5003844365257711
MODULATION_DATASET,Raw EEG Band-Limited Coherence,Theta,,CP6,P4,0.746322175024295
MODULATION_DATASET,Raw EEG Band-Limited Coherence,Theta,,CP6,P7,0.0074027149571650516
MODULATION_DATASET,Raw EEG Band-Limited Coherence,Theta,,CP6,P8,0.715254361765661
MODULATION_DATASET,Raw EEG Band-Limited Coherence,Theta,,CP6,O1,0.15928690307946455
MODULATION_DATASET,Raw EEG Band-Limited Coherence,Theta,,CP6,Oz,0.27089050260639175
MODULATION_DATASET,Raw EEG Band-Limited Coherence,Theta,,CP6,O2,0.3487762145152863
MODULATION_DATASET,Raw EEG Band-Limited Coherence,Theta,,CP6,PO9,0.020491133087660575
MODULATION_DATASET,Raw EEG Band-Limited Coherence,Theta,,CP6,PO10,0.24746170716637944
MODULATION_DATASET,Raw EEG Band-Limited Coherence,Theta,,P3,Pz,0.803112586117787
MODULATION_DATASET,Raw EEG Band-Limited Coherence,Theta,,P3,P4,0.5833792897166028
MODULATION_DATASET,Raw EEG Band-Limited Coherence,Theta,,P3,P7,0.40733410187810365
MODULATION_DATASET,Raw EEG Band-Limited Coherence,Theta,,P3,P8,0.1627532918007879
MODULATION_DATASET,Raw EEG Band-Limited Coherence,Theta,,P3,O1,0.5649990019312934
MODULATION_DATASET,Raw EEG Band-Limited Coherence,Theta,,P3,Oz,0.5453723406125185
MODULATION_DATASET,Raw EEG Band-Limited Coherence,Theta,,P3,O2,0.4287064493840943
MODULATION_DATASET,Raw EEG Band-Limited Coherence,Theta,,P3,PO9,0.048233925968973246
MODULATION_DATASET,Raw EEG Band-Limited Coherence,Theta,,P3,PO10,0.025051651378920386
MODULATION_DATASET,Raw EEG Band-Limited Coherence,Theta,,Pz,P4,0.8354020499790685
MODULATION_DATASET,Raw EEG Band-Limited Coherence,Theta,,Pz,P7,0.2186795707741607
MODULATION_DATASET,Raw EEG Band-Limited Coherence,Theta,,Pz,P8,0.36113751580051573
MODULATION_DATASET,Raw EEG Band-Limited Coherence,Theta,,Pz,O1,0.5355189009090086
MODULATION_DATASET,Raw EEG Band-Limited Coherence,Theta,,Pz,Oz,0.6084323939674449
MODULATION_DATASET,Raw EEG Band-Limited Coherence,Theta,,Pz,O2,0.5500234088490246
MODULATION_DATASET,Raw EEG Band-Limited Coherence,Theta,,Pz,PO9,0.045687352155522006
MODULATION_DATASET,Raw EEG Band-Limited Coherence,Theta,,Pz,PO10,0.08571910525616101
MODULATION_DATASET,Raw EEG Band-Limited Coherence,Theta,,P4,P7,0.08870119872717117
MODULATION_DATASET,Raw EEG Band-Limited Coherence,Theta,,P4,P8,0.6364618359056793
MODULATION_DATASET,Raw EEG Band-Limited Coherence,Theta,,P4,O1,0.45675502351993347
MODULATION_DATASET,Raw EEG Band-Limited Coherence,Theta,,P4,Oz,0.611100693558356
MODULATION_DATASET,Raw EEG Band-Limited Coherence,Theta,,P4,O2,0.6457931902191549
MODULATION_DATASET,Raw EEG Band-Limited Coherence,Theta,,P4,PO9,0.03115654095305159
MODULATION_DATASET,Raw EEG Band-Limited Coherence,Theta,,P4,PO10,0.22476847848690318
MODULATION_DATASET,Raw EEG Band-Limited Coherence,Theta,,P7,P8,0.007456509101916453
MODULATION_DATASET,Raw EEG Band-Limited Coherence,Theta,,P7,O1,0.3040727809269573
MODULATION_DATASET,Raw EEG Band-Limited Coherence,Theta,,P7,Oz,0.18204980816285155
MODULATION_DATASET,Raw EEG Band-Limited Coherence,Theta,,P7,O2,0.09921751456897797
MODULATION_DATASET,Raw EEG Band-Limited Coherence,Theta,,P7,PO9,0.08050582842534845
MODULATION_DATASET,Raw EEG Band-Limited Coherence,Theta,,P7,PO10,0.036946333419635116
MODULATION_DATASET,Raw EEG Band-Limited Coherence,Theta,,P8,O1,0.23509397229410295
MODULATION_DATASET,Raw EEG Band-Limited Coherence,Theta,,P8,Oz,0.40121822304857074
MODULATION_DATASET,Raw EEG Band-Limited Coherence,Theta,,P8,O2,0.5465278107126633
MODULATION_DATASET,Raw EEG Band-Limited Coherence,Theta,,P8,PO9,0.04083767823089109
MODULATION_DATASET,Raw EEG Band-Limited Coherence,Theta,,P8,PO10,0.6213249670891148
MODULATION_DATASET,Raw EEG Band-Limited Coherence,Theta,,O1,Oz,0.8759275351412172
MODULATION_DATASET,Raw EEG Band-Limited Coherence,Theta,,O1,O2,0.7157498015562404
MODULATION_DATASET,Raw EEG Band-Limited Coherence,Theta,,O1,PO9,0.19001813028661774
MODULATION_DATASET,Raw EEG Band-Limited Coherence,Theta,,O1,PO10,0.17222270573716397
MODULATION_DATASET,Raw EEG Band-Limited Coherence,Theta,,Oz,O2,0.8773032714744267
MODULATION_DATASET,Raw EEG Band-Limited Coherence,Theta,,Oz,PO9,0.15440546202937216
MODULATION_DATASET,Raw EEG Band-Limited Coherence,Theta,,Oz,PO10,0.29804155605486965
MODULATION_DATASET,Raw EEG Band-Limited Coherence,Theta,,O2,PO9,0.12974464121684054
MODULATION_DATASET,Raw EEG Band-Limited Coherence,Theta,,O2,PO10,0.41559520338382594
MODULATION_DATASET,Raw EEG Band-Limited Coherence,Theta,,PO9,PO10,0.21275887907321764
MODULATION_DATASET,Raw EEG Band-Limited Coherence,Alpha,,Fp1,Fp2,0.95247453349805
MODULATION_DATASET,Raw EEG Band-Limited Coherence,Alpha,,Fp1,F7,0.9187340134322917
MODULATION_DATASET,Raw EEG Band-Limited Coherence,Alpha,,Fp1,F3,0.846913817516705
MODULATION_DATASET,Raw EEG Band-Limited Coherence,Alpha,,Fp1,Fz,0.8387779283232657
MODULATION_DATASET,Raw EEG Band-Limited Coherence,Alpha,,Fp1,F4,0.8293749487247988
MODULATION_DATASET,Raw EEG Band-Limited Coherence,Alpha,,Fp1,F8,0.7719976887163076
MODULATION_DATASET,Raw EEG Band-Limited Coherence,Alpha,,Fp1,FC1,0.6002988049724374
MODULATION_DATASET,Raw EEG Band-Limited Coherence,Alpha,,Fp1,FC2,0.7107935337189153
MODULATION_DATASET,Raw EEG Band-Limited Coherence,Alpha,,Fp1,FC5,0.6954266964743122
MODULATION_DATASET,Raw EEG Band-Limited Coherence,Alpha,,Fp1,FC6,0.6185795877839377
MODULATION_DATASET,Raw EEG Band-Limited Coherence,Alpha,,Fp1,C3,0.22976311723372334
MODULATION_DATASET,Raw EEG Band-Limited Coherence,Alpha,,Fp1,Cz,0.4596646260229058
MODULATION_DATASET,Raw EEG Band-Limited Coherence,Alpha,,Fp1,C4,0.31579175021246464
MODULATION_DATASET,Raw EEG Band-Limited Coherence,Alpha,,Fp1,FT9,0.6989697321298179
MODULATION_DATASET,Raw EEG Band-Limited Coherence,Alpha,,Fp1,FT10,0.5666719998945553
MODULATION_DATASET,Raw EEG Band-Limited Coherence,Alpha,,Fp1,T7,0.4611984032835203
MODULATION_DATASET,Raw EEG Band-Limited Coherence,Alpha,,Fp1,T8,0.4073951051654806
MODULATION_DATASET,Raw EEG Band-Limited Coherence,Alpha,,Fp1,CP1,0.21640766795569
MODULATION_DATASET,Raw EEG Band-Limited Coherence,Alpha,,Fp1,CP2,0.1765307085119007
MODULATION_DATASET,Raw EEG Band-Limited Coherence,Alpha,,Fp1,CP5,0.03208380651305235
MODULATION_DATASET,Raw EEG Band-Limited Coherence,Alpha,,Fp1,CP6,0.07966440618990149
MODULATION_DATASET,Raw EEG Band-Limited Coherence,Alpha,,Fp1,P3,0.26395233907063387
MODULATION_DATASET,Raw EEG Band-Limited Coherence,Alpha,,Fp1,Pz,0.2257480082209136
MODULATION_DATASET,Raw EEG Band-Limited Coherence,Alpha,,Fp1,P4,0.1779684840726381
MODULATION_DATASET,Raw EEG Band-Limited Coherence,Alpha,,Fp1,P7,0.47437447123139737
MODULATION_DATASET,Raw EEG Band-Limited Coherence,Alpha,,Fp1,P8,0.0767103926269806
MODULATION_DATASET,Raw EEG Band-Limited Coherence,Alpha,,Fp1,O1,0.3791583031575916
MODULATION_DATASET,Raw EEG Band-Limited Coherence,Alpha,,Fp1,Oz,0.33046958786721853
MODULATION_DATASET,Raw EEG Band-Limited Coherence,Alpha,,Fp1,O2,0.27860002104019044
MODULATION_DATASET,Raw EEG Band-Limited Coherence,Alpha,,Fp1,PO9,0.34431426474224813
MODULATION_DATASET,Raw EEG Band-Limited Coherence,Alpha,,Fp1,PO10,0.09858233263525285
MODULATION_DATASET,Raw EEG Band-Limited Coherence,Alpha,,Fp2,F7,0.8534285699710331
MODULATION_DATASET,Raw EEG Band-Limited Coherence,Alpha,,Fp2,F3,0.8285432775721528
MODULATION_DATASET,Raw EEG Band-Limited Coherence,Alpha,,Fp2,Fz,0.8437831039094718
MODULATION_DATASET,Raw EEG Band-Limited Coherence,Alpha,,Fp2,F4,0.8792797381109584
MODULATION_DATASET,Raw EEG Band-Limited Coherence,Alpha,,Fp2,F8,0.8549248613240759
MODULATION_DATASET,Raw EEG Band-Limited Coherence,Alpha,,Fp2,FC1,0.5972420142311134
MODULATION_DATASET,Raw EEG Band-Limited Coherence,Alpha,,Fp2,FC2,0.7402053834165611
MODULATION_DATASET,Raw EEG Band-Limited Coherence,Alpha,,Fp2,FC5,0.6356144026105224
MODULATION_DATASET,Raw EEG Band-Limited Coherence,Alpha,,Fp2,FC6,0.6936089688043141
MODULATION_DATASET,Raw EEG Band-Limited Coherence,Alpha,,Fp2,C3,0.20884803161362048
MODULATION_DATASET,Raw EEG Band-Limited Coherence,Alpha,,Fp2,Cz,0.46496280886395125
MODULATION_DATASET,Raw EEG Band-Limited Coherence,Alpha,,Fp2,C4,0.3670731732846684
MODULATION_DATASET,Raw EEG Band-Limited Coherence,Alpha,,Fp2,FT9,0.6565068947998357
MODULATION_DATASET,Raw EEG Band-Limited Coherence,Alpha,,Fp2,FT10,0.6432313626840462
MODULATION_DATASET,Raw EEG Band-Limited Coherence,Alpha,,Fp2,T7,0.4008583271629173
MODULATION_DATASET,Raw EEG Band-Limited Coherence,Alpha,,Fp2,T8,0.4857461973878703
MODULATION_DATASET,Raw EEG Band-Limited Coherence,Alpha,,Fp2,CP1,0.20987638434752237
MODULATION_DATASET,Raw EEG Band-Limited Coherence,Alpha,,Fp2,CP2,0.17886003909356368
MODULATION_DATASET,Raw EEG Band-Limited Coherence,Alpha,,Fp2,CP5,0.03320068565231122
MODULATION_DATASET,Raw EEG Band-Limited Coherence,Alpha,,Fp2,CP6,0.11207783072120703
MODULATION_DATASET,Raw EEG Band-Limited Coherence,Alpha,,Fp2,P3,0.2544568043132812
MODULATION_DATASET,Raw EEG Band-Limited Coherence,Alpha,,Fp2,Pz,0.2195246312903048
MODULATION_DATASET,Raw EEG Band-Limited Coherence,Alpha,,Fp2,P4,0.1778312193817858
MODULATION_DATASET,Raw EEG Band-Limited Coherence,Alpha,,Fp2,P7,0.46495726884404487
MODULATION_DATASET,Raw EEG Band-Limited Coherence,Alpha,,Fp2,P8,0.07720138204672872
MODULATION_DATASET,Raw EEG Band-Limited Coherence,Alpha,,Fp2,O1,0.35386888535715605
MODULATION_DATASET,Raw EEG Band-Limited Coherence,Alpha,,Fp2,Oz,0.31083603476254507
MODULATION_DATASET,Raw EEG Band-Limited Coherence,Alpha,,Fp2,O2,0.26339082882479303
MODULATION_DATASET,Raw EEG Band-Limited Coherence,Alpha,,Fp2,PO9,0.30461445243357066
MODULATION_DATASET,Raw EEG Band-Limited Coherence,Alpha,,Fp2,PO10,0.09702983424642497
MODULATION_DATASET,Raw EEG Band-Limited Coherence,Alpha,,F7,F3,0.8279306325895744
MODULATION_DATASET,Raw EEG Band-Limited Coherence,Alpha,,F7,Fz,0.78669484107871
MODULATION_DATASET,Raw EEG Band-Limited Coherence,Alpha,,F7,F4,0.7506724046184725
MODULATION_DATASET,Raw EEG Band-Limited Coherence,Alpha,,F7,F8,0.6799326038264102
MODULATION_DATASET,Raw EEG Band-Limited Coherence,Alpha,,F7,FC1,0.5832894823396293
MODULATION_DATASET,Raw EEG Band-Limited Coherence,Alpha,,F7,FC2,0.6539947039358622
MODULATION_DATASET,Raw EEG Band-Limited Coherence,Alpha,,F7,FC5,0.7751115248747381
MODULATION_DATASET,Raw EEG Band-Limited Coherence,Alpha,,F7,FC6,0.545113339171603
MODULATION_DATASET,Raw EEG Band-Limited Coherence,Alpha,,F7,C3,0.26423821320170177
MODULATION_DATASET,Raw EEG Band-Limited Coherence,Alpha,,F7,Cz,0.43732855902672413
MODULATION_DATASET,Raw EEG Band-Limited Coherence,Alpha,,F7,C4,0.27434623202944153
MODULATION_DATASET,Raw EEG Band-Limited Coherence,Alpha,,F7,FT9,0.7738328322318367
MODULATION_DATASET,Raw EEG Band-Limited Coherence,Alpha,,F7,FT10,0.49540065573137465
MODULATION_DATASET,Raw EEG Band-Limited Coherence,Alpha,,F7,T7,0.5946363151761546
MODULATION_DATASET,Raw EEG Band-Limited Coherence,Alpha,,F7,T8,0.3446475651480812
MODULATION_DATASET,Raw EEG Band-Limited Coherence,Alpha,,F7,CP1,0.21761501480418272
MODULATION_DATASET,Raw EEG Band-Limited Coherence,Alpha,,F7,CP2,0.1729727807343197
MODULATION_DATASET,Raw EEG Band-Limited Coherence,Alpha,,F7,CP5,0.02977502642184729
MODULATION_DATASET,Raw EEG Band-Limited Coherence,Alpha,,F7,CP6,0.06023223899821364
MODULATION_DATASET,Raw EEG Band-Limited Coherence,Alpha,,F7,P3,0.26685505116011216
MODULATION_DATASET,Raw EEG Band-Limited Coherence,Alpha,,F7,Pz,0.22792076562673932
MODULATION_DATASET,Raw EEG Band-Limited Coherence,Alpha,,F7,P4,0.17909901651288906
MODULATION_DATASET,Raw EEG Band-Limited Coherence,Alpha,,F7,P7,0.4869465406363289
MODULATION_DATASET,Raw EEG Band-Limited Coherence,Alpha,,F7,P8,0.08161250862941409
MODULATION_DATASET,Raw EEG Band-Limited Coherence,Alpha,,F7,O1,0.41942166990438845
MODULATION_DATASET,Raw EEG Band-Limited Coherence,Alpha,,F7,Oz,0.35980798214452225
MODULATION_DATASET,Raw EEG Band-Limited Coherence,Alpha,,F7,O2,0.3008936263372426
MODULATION_DATASET,Raw EEG Band-Limited Coherence,Alpha,,F7,PO9,0.43331904192157655
MODULATION_DATASET,Raw EEG Band-Limited Coherence,Alpha,,F7,PO10,0.10666680181687119
MODULATION_DATASET,Raw EEG Band-Limited Coherence,Alpha,,F3,Fz,0.9664376897425544
MODULATION_DATASET,Raw EEG Band-Limited Coherence,Alpha,,F3,F4,0.9056897102336443
MODULATION_DATASET,Raw EEG Band-Limited Coherence,Alpha,,F3,F8,0.7050338689008142
MODULATION_DATASET,Raw EEG Band-Limited Coherence,Alpha,,F3,FC1,0.8674631024322467
MODULATION_DATASET,Raw EEG Band-Limited Coherence,Alpha,,F3,FC2,0.9012050285640232
MODULATION_DATASET,Raw EEG Band-Limited Coherence,Alpha,,F3,FC5,0.8595901299096695
MODULATION_DATASET,Raw EEG Band-Limited Coherence,Alpha,,F3,FC6,0.7487826201700998
MODULATION_DATASET,Raw EEG Band-Limited Coherence,Alpha,,F3,C3,0.4834115804330787
MODULATION_DATASET,Raw EEG Band-Limited Coherence,Alpha,,F3,Cz,0.7207853894121621
MODULATION_DATASET,Raw EEG Band-Limited Coherence,Alpha,,F3,C4,0.5032091102388137
MODULATION_DATASET,Raw EEG Band-Limited Coherence,Alpha,,F3,FT9,0.49963773029866315
MODULATION_DATASET,Raw EEG Band-Limited Coherence,Alpha,,F3,FT10,0.4550612004001855
MODULATION_DATASET,Raw EEG Band-Limited Coherence,Alpha,,F3,T7,0.5632361340820982
MODULATION_DATASET,Raw EEG Band-Limited Coherence,Alpha,,F3,T8,0.4921848534398694
MODULATION_DATASET,Raw EEG Band-Limited Coherence,Alpha,,F3,CP1,0.18387919860841256
MODULATION_DATASET,Raw EEG Band-Limited Coherence,Alpha,,F3,CP2,0.19190694455699214
MODULATION_DATASET,Raw EEG Band-Limited Coherence,Alpha,,F3,CP5,0.06984120255136075
MODULATION_DATASET,Raw EEG Band-Limited Coherence,Alpha,,F3,CP6,0.16201323313428576
MODULATION_DATASET,Raw EEG Band-Limited Coherence,Alpha,,F3,P3,0.16747507566650832
MODULATION_DATASET,Raw EEG Band-Limited Coherence,Alpha,,F3,Pz,0.18422835665790518
MODULATION_DATASET,Raw EEG Band-Limited Coherence,Alpha,,F3,P4,0.1551016808396586
MODULATION_DATASET,Raw EEG Band-Limited Coherence,Alpha,,F3,P7,0.2921824230411031
MODULATION_DATASET,Raw EEG Band-Limited Coherence,Alpha,,F3,P8,0.06373093615835676
MODULATION_DATASET,Raw EEG Band-Limited Coherence,Alpha,,F3,O1,0.27568292831679214
MODULATION_DATASET,Raw EEG Band-Limited Coherence,Alpha,,F3,Oz,0.24286300199071217
MODULATION_DATASET,Raw EEG Band-Limited Coherence,Alpha,,F3,O2,0.20510783051467918
MODULATION_DATASET,Raw EEG Band-Limited Coherence,Alpha,,F3,PO9,0.40434085638860445
MODULATION_DATASET,Raw EEG Band-Limited Coherence,Alpha,,F3,PO10,0.08597772943566727
MODULATION_DATASET,Raw EEG Band-Limited Coherence,Alpha,,Fz,F4,0.9439017535282039
MODULATION_DATASET,Raw EEG Band-Limited Coherence,Alpha,,Fz,F8,0.7316814081643415
MODULATION_DATASET,Raw EEG Band-Limited Coherence,Alpha,,Fz,FC1,0.8659453840577718
MODULATION_DATASET,Raw EEG Band-Limited Coherence,Alpha,,Fz,FC2,0.9428171388341722
MODULATION_DATASET,Raw EEG Band-Limited Coherence,Alpha,,Fz,FC5,0.7898036712094321
MODULATION_DATASET,Raw EEG Band-Limited Coherence,Alpha,,Fz,FC6,0.7834592881217286
MODULATION_DATASET,Raw EEG Band-Limited Coherence,Alpha,,Fz,C3,0.43449504608516254
MODULATION_DATASET,Raw EEG Band-Limited Coherence,Alpha,,Fz,Cz,0.7377770634079621
MODULATION_DATASET,Raw EEG Band-Limited Coherence,Alpha,,Fz,C4,0.532251954785297
MODULATION_DATASET,Raw EEG Band-Limited Coherence,Alpha,,Fz,FT9,0.47937113674069304
MODULATION_DATASET,Raw EEG Band-Limited Coherence,Alpha,,Fz,FT10,0.47252686447548164
MODULATION_DATASET,Raw EEG Band-Limited Coherence,Alpha,,Fz,T7,0.49258402594903683
MODULATION_DATASET,Raw EEG Band-Limited Coherence,Alpha,,Fz,T8,0.5175815728355593
MODULATION_DATASET,Raw EEG Band-Limited Coherence,Alpha,,Fz,CP1,0.17772969172711617
MODULATION_DATASET,Raw EEG Band-Limited Coherence,Alpha,,Fz,CP2,0.19402935585498254
MODULATION_DATASET,Raw EEG Band-Limited Coherence,Alpha,,Fz,CP5,0.05053977083481656
MODULATION_DATASET,Raw EEG Band-Limited Coherence,Alpha,,Fz,CP6,0.17569985314844055
MODULATION_DATASET,Raw EEG Band-Limited Coherence,Alpha,,Fz,P3,0.1615316188553325
MODULATION_DATASET,Raw EEG Band-Limited Coherence,Alpha,,Fz,Pz,0.18060884926105297
MODULATION_DATASET,Raw EEG Band-Limited Coherence,Alpha,,Fz,P4,0.15800506880116982
MODULATION_DATASET,Raw EEG Band-Limited Coherence,Alpha,,Fz,P7,0.2877398715271472
MODULATION_DATASET,Raw EEG Band-Limited Coherence,Alpha,,Fz,P8,0.06722722899095969
MODULATION_DATASET,Raw EEG Band-Limited Coherence,Alpha,,Fz,O1,0.26118302255662196
MODULATION_DATASET,Raw EEG Band-Limited Coherence,Alpha,,Fz,Oz,0.23328854719432265
MODULATION_DATASET,Raw EEG Band-Limited Coherence,Alpha,,Fz,O2,0.2000461115201152
MODULATION_DATASET,Raw EEG Band-Limited Coherence,Alpha,,Fz,PO9,0.36065477514311794
MODULATION_DATASET,Raw EEG Band-Limited Coherence,Alpha,,Fz,PO10,0.08622002938058682
MODULATION_DATASET,Raw EEG Band-Limited Coherence,Alpha,,F4,F8,0.8498168937221633
MODULATION_DATASET,Raw EEG Band-Limited Coherence,Alpha,,F4,FC1,0.7768381051522304
MODULATION_DATASET,Raw EEG Band-Limited Coherence,Alpha,,F4,FC2,0.9290595759438873
MODULATION_DATASET,Raw EEG Band-Limited Coherence,Alpha,,F4,FC5,0.6811892736658195
MODULATION_DATASET,Raw EEG Band-Limited Coherence,Alpha,,F4,FC6,0.8856573885716466
MODULATION_DATASET,Raw EEG Band-Limited Coherence,Alpha,,F4,C3,0.3298332407138512
MODULATION_DATASET,Raw EEG Band-Limited Coherence,Alpha,,F4,Cz,0.6601791600273824
MODULATION_DATASET,Raw EEG Band-Limited Coherence,Alpha,,F4,C4,0.6020983468151199
MODULATION_DATASET,Raw EEG Band-Limited Coherence,Alpha,,F4,FT9,0.4972982938521118
MODULATION_DATASET,Raw EEG Band-Limited Coherence,Alpha,,F4,FT10,0.5957496137591837
MODULATION_DATASET,Raw EEG Band-Limited Coherence,Alpha,,F4,T7,0.40916879605395917
MODULATION_DATASET,Raw EEG Band-Limited Coherence,Alpha,,F4,T8,0.6433018914997904
MODULATION_DATASET,Raw EEG Band-Limited Coherence,Alpha,,F4,CP1,0.1825202421614625
MODULATION_DATASET,Raw EEG Band-Limited Coherence,Alpha,,F4,CP2,0.20660823957843394
MODULATION_DATASET,Raw EEG Band-Limited Coherence,Alpha,,F4,CP5,0.02994227108445923
MODULATION_DATASET,Raw EEG Band-Limited Coherence,Alpha,,F4,CP6,0.2429630394279193
MODULATION_DATASET,Raw EEG Band-Limited Coherence,Alpha,,F4,P3,0.17674450353598806
MODULATION_DATASET,Raw EEG Band-Limited Coherence,Alpha,,F4,Pz,0.19005187639695714
MODULATION_DATASET,Raw EEG Band-Limited Coherence,Alpha,,F4,P4,0.17842312837930108
MODULATION_DATASET,Raw EEG Band-Limited Coherence,Alpha,,F4,P7,0.3356300612134385
MODULATION_DATASET,Raw EEG Band-Limited Coherence,Alpha,,F4,P8,0.08440515539353251
MODULATION_DATASET,Raw EEG Band-Limited Coherence,Alpha,,F4,O1,0.26861567296458455
MODULATION_DATASET,Raw EEG Band-Limited Coherence,Alpha,,F4,Oz,0.23993302324246923
MODULATION_DATASET,Raw EEG Band-Limited Coherence,Alpha,,F4,O2,0.20558429655897037
MODULATION_DATASET,Raw EEG Band-Limited Coherence,Alpha,,F4,PO9,0.3150135117732634
MODULATION_DATASET,Raw EEG Band-Limited Coherence,Alpha,,F4,PO10,0.08554277465933333
MODULATION_DATASET,Raw EEG Band-Limited Coherence,Alpha,,F8,FC1,0.5193235463045789
MODULATION_DATASET,Raw EEG Band-Limited Coherence,Alpha,,F8,FC2,0.6910619660405676
MODULATION_DATASET,Raw EEG Band-Limited Coherence,Alpha,,F8,FC5,0.4904345344580229
MODULATION_DATASET,Raw EEG Band-Limited Coherence,Alpha,,F8,FC6,0.8106013325993927
MODULATION_DATASET,Raw EEG Band-Limited Coherence,Alpha,,F8,C3,0.15579478556094414
MODULATION_DATASET,Raw EEG Band-Limited Coherence,Alpha,,F8,Cz,0.4082127317218264
MODULATION_DATASET,Raw EEG Band-Limited Coherence,Alpha,,F8,C4,0.47087640381199447
MODULATION_DATASET,Raw EEG Band-Limited Coherence,Alpha,,F8,FT9,0.5711337789523078
MODULATION_DATASET,Raw EEG Band-Limited Coherence,Alpha,,F8,FT10,0.833595434993577
MODULATION_DATASET,Raw EEG Band-Limited Coherence,Alpha,,F8,T7,0.29647201255448064
MODULATION_DATASET,Raw EEG Band-Limited Coherence,Alpha,,F8,T8,0.7029155903413808
MODULATION_DATASET,Raw EEG Band-Limited Coherence,Alpha,,F8,CP1,0.1875949017032225
MODULATION_DATASET,Raw EEG Band-Limited Coherence,Alpha,,F8,CP2,0.17495916866393296
MODULATION_DATASET,Raw EEG Band-Limited Coherence,Alpha,,F8,CP5,0.03969363011466124
MODULATION_DATASET,Raw EEG Band-Limited Coherence,Alpha,,F8,CP6,0.22870426754139056
MODULATION_DATASET,Raw EEG Band-Limited Coherence,Alpha,,F8,P3,0.22864018448849638
MODULATION_DATASET,Raw EEG Band-Limited Coherence,Alpha,,F8,Pz,0.19568192335983248
MODULATION_DATASET,Raw EEG Band-Limited Coherence,Alpha,,F8,P4,0.17132084615509177
MODULATION_DATASET,Raw EEG Band-Limited Coherence,Alpha,,F8,P7,0.44077667561349954
MODULATION_DATASET,Raw EEG Band-Limited Coherence,Alpha,,F8,P8,0.09758515778166106
MODULATION_DATASET,Raw EEG Band-Limited Coherence,Alpha,,F8,O1,0.2999093327494311
MODULATION_DATASET,Raw EEG Band-Limited Coherence,Alpha,,F8,Oz,0.2592044938971805
MODULATION_DATASET,Raw EEG Band-Limited Coherence,Alpha,,F8,O2,0.2152441795342213
MODULATION_DATASET,Raw EEG Band-Limited Coherence,Alpha,,F8,PO9,0.2354096990520373
MODULATION_DATASET,Raw EEG Band-Limited Coherence,Alpha,,F8,PO10,0.09822867567245072
MODULATION_DATASET,Raw EEG Band-Limited Coherence,Alpha,,FC1,FC2,0.8945582502237865
MODULATION_DATASET,Raw EEG Band-Limited Coherence,Alpha,,FC1,FC5,0.7903053770471576
MODULATION_DATASET,Raw EEG Band-Limited Coherence,Alpha,,FC1,FC6,0.7159469489218766
MODULATION_DATASET,Raw EEG Band-Limited Coherence,Alpha,,FC1,C3,0.699094319493333
MODULATION_DATASET,Raw EEG Band-Limited Coherence,Alpha,,FC1,Cz,0.8974694824027596
MODULATION_DATASET,Raw EEG Band-Limited Coherence,Alpha,,FC1,C4,0.6289686577673768
MODULATION_DATASET,Raw EEG Band-Limited Coherence,Alpha,,FC1,FT9,0.2713249229114876
MODULATION_DATASET,Raw EEG Band-Limited Coherence,Alpha,,FC1,FT10,0.29518846851079017
MODULATION_DATASET,Raw EEG Band-Limited Coherence,Alpha,,FC1,T7,0.4957614828838837
MODULATION_DATASET,Raw EEG Band-Limited Coherence,Alpha,,FC1,T8,0.48115014708269355
MODULATION_DATASET,Raw EEG Band-Limited Coherence,Alpha,,FC1,CP1,0.21524818398380663
MODULATION_DATASET,Raw EEG Band-Limited Coherence,Alpha,,FC1,CP2,0.26987001137061806
MODULATION_DATASET,Raw EEG Band-Limited Coherence,Alpha,,FC1,CP5,0.18692438958663066
MODULATION_DATASET,Raw EEG Band-Limited Coherence,Alpha,,FC1,CP6,0.2586787264676088
MODULATION_DATASET,Raw EEG Band-Limited Coherence,Alpha,,FC1,P3,0.1227705094218138
MODULATION_DATASET,Raw EEG Band-Limited Coherence,Alpha,,FC1,Pz,0.1996575719776574
MODULATION_DATASET,Raw EEG Band-Limited Coherence,Alpha,,FC1,P4,0.1705635041955756
MODULATION_DATASET,Raw EEG Band-Limited Coherence,Alpha,,FC1,P7,0.10699585826568853
MODULATION_DATASET,Raw EEG Band-Limited Coherence,Alpha,,FC1,P8,0.0501612598825506
MODULATION_DATASET,Raw EEG Band-Limited Coherence,Alpha,,FC1,O1,0.12685494333779362
MODULATION_DATASET,Raw EEG Band-Limited Coherence,Alpha,,FC1,Oz,0.11990180384799427
MODULATION_DATASET,Raw EEG Band-Limited Coherence,Alpha,,FC1,O2,0.10305586519972254
MODULATION_DATASET,Raw EEG Band-Limited Coherence,Alpha,,FC1,PO9,0.317854866204602
MODULATION_DATASET,Raw EEG Band-Limited Coherence,Alpha,,FC1,PO10,0.05115889664201777
MODULATION_DATASET,Raw EEG Band-Limited Coherence,Alpha,,FC2,FC5,0.708234654724985
MODULATION_DATASET,Raw EEG Band-Limited Coherence,Alpha,,FC2,FC6,0.8572287076394793
MODULATION_DATASET,Raw EEG Band-Limited Coherence,Alpha,,FC2,C3,0.46884791245052937
MODULATION_DATASET,Raw EEG Band-Limited Coherence,Alpha,,FC2,Cz,0.8320715986755423
MODULATION_DATASET,Raw EEG Band-Limited Coherence,Alpha,,FC2,C4,0.692742530449132
MODULATION_DATASET,Raw EEG Band-Limited Coherence,Alpha,,FC2,FT9,0.37118212621568497
MODULATION_DATASET,Raw EEG Band-Limited Coherence,Alpha,,FC2,FT10,0.43942155356620427
MODULATION_DATASET,Raw EEG Band-Limited Coherence,Alpha,,FC2,T7,0.4213229294249333
MODULATION_DATASET,Raw EEG Band-Limited Coherence,Alpha,,FC2,T8,0.5997740549898289
MODULATION_DATASET,Raw EEG Band-Limited Coherence,Alpha,,FC2,CP1,0.1829795502796291
MODULATION_DATASET,Raw EEG Band-Limited Coherence,Alpha,,FC2,CP2,0.24509729966574728
MODULATION_DATASET,Raw EEG Band-Limited Coherence,Alpha,,FC2,CP5,0.06163893624856671
MODULATION_DATASET,Raw EEG Band-Limited Coherence,Alpha,,FC2,CP6,0.28658569127443445
MODULATION_DATASET,Raw EEG Band-Limited Coherence,Alpha,,FC2,P3,0.12838338275713768
MODULATION_DATASET,Raw EEG Band-Limited Coherence,Alpha,,FC2,Pz,0.18529245473688333
MODULATION_DATASET,Raw EEG Band-Limited Coherence,Alpha,,FC2,P4,0.18018391068611928
MODULATION_DATASET,Raw EEG Band-Limited Coherence,Alpha,,FC2,P7,0.2130627545685878
MODULATION_DATASET,Raw EEG Band-Limited Coherence,Alpha,,FC2,P8,0.07145368736102498
MODULATION_DATASET,Raw EEG Band-Limited Coherence,Alpha,,FC2,O1,0.18937909320236213
MODULATION_DATASET,Raw EEG Band-Limited Coherence,Alpha,,FC2,Oz,0.1734536163640103
MODULATION_DATASET,Raw EEG Band-Limited Coherence,Alpha,,FC2,O2,0.14958182989553304
MODULATION_DATASET,Raw EEG Band-Limited Coherence,Alpha,,FC2,PO9,0.3078693530251514
MODULATION_DATASET,Raw EEG Band-Limited Coherence,Alpha,,FC2,PO10,0.06669060534775986
MODULATION_DATASET,Raw EEG Band-Limited Coherence,Alpha,,FC5,FC6,0.5249037810485699
MODULATION_DATASET,Raw EEG Band-Limited Coherence,Alpha,,FC5,C3,0.6280333861615529
MODULATION_DATASET,Raw EEG Band-Limited Coherence,Alpha,,FC5,Cz,0.6311311973666581
MODULATION_DATASET,Raw EEG Band-Limited Coherence,Alpha,,FC5,C4,0.3456986684748401
MODULATION_DATASET,Raw EEG Band-Limited Coherence,Alpha,,FC5,FT9,0.4531558085671057
MODULATION_DATASET,Raw EEG Band-Limited Coherence,Alpha,,FC5,FT10,0.2847009510630908
MODULATION_DATASET,Raw EEG Band-Limited Coherence,Alpha,,FC5,T7,0.785919700585068
MODULATION_DATASET,Raw EEG Band-Limited Coherence,Alpha,,FC5,T8,0.3023269622708217
MODULATION_DATASET,Raw EEG Band-Limited Coherence,Alpha,,FC5,CP1,0.1703069321770343
MODULATION_DATASET,Raw EEG Band-Limited Coherence,Alpha,,FC5,CP2,0.15853169352437224
MODULATION_DATASET,Raw EEG Band-Limited Coherence,Alpha,,FC5,CP5,0.18312502678835796
MODULATION_DATASET,Raw EEG Band-Limited Coherence,Alpha,,FC5,CP6,0.07944219690881246
MODULATION_DATASET,Raw EEG Band-Limited Coherence,Alpha,,FC5,P3,0.149680381971451
MODULATION_DATASET,Raw EEG Band-Limited Coherence,Alpha,,FC5,Pz,0.1645359287380347
MODULATION_DATASET,Raw EEG Band-Limited Coherence,Alpha,,FC5,P4,0.13136095096343656
MODULATION_DATASET,Raw EEG Band-Limited Coherence,Alpha,,FC5,P7,0.204049002592254
MODULATION_DATASET,Raw EEG Band-Limited Coherence,Alpha,,FC5,P8,0.06920553553226359
MODULATION_DATASET,Raw EEG Band-Limited Coherence,Alpha,,FC5,O1,0.2768096201688393
MODULATION_DATASET,Raw EEG Band-Limited Coherence,Alpha,,FC5,Oz,0.24637677329706714
MODULATION_DATASET,Raw EEG Band-Limited Coherence,Alpha,,FC5,O2,0.21517436777654578
MODULATION_DATASET,Raw EEG Band-Limited Coherence,Alpha,,FC5,PO9,0.5173804949390788
MODULATION_DATASET,Raw EEG Band-Limited Coherence,Alpha,,FC5,PO10,0.12394860903810019
MODULATION_DATASET,Raw EEG Band-Limited Coherence,Alpha,,FC6,C3,0.31233505106564363
MODULATION_DATASET,Raw EEG Band-Limited Coherence,Alpha,,FC6,Cz,0.6418062595448425
MODULATION_DATASET,Raw EEG Band-Limited Coherence,Alpha,,FC6,C4,0.8188853282430097
MODULATION_DATASET,Raw EEG Band-Limited Coherence,Alpha,,FC6,FT9,0.3600777021023237
MODULATION_DATASET,Raw EEG Band-Limited Coherence,Alpha,,FC6,FT10,0.6357538806407876
MODULATION_DATASET,Raw EEG Band-Limited Coherence,Alpha,,FC6,T7,0.29479851756492603
MODULATION_DATASET,Raw EEG Band-Limited Coherence,Alpha,,FC6,T8,0.8734610552959184
MODULATION_DATASET,Raw EEG Band-Limited Coherence,Alpha,,FC6,CP1,0.17248267358415426
MODULATION_DATASET,Raw EEG Band-Limited Coherence,Alpha,,FC6,CP2,0.26390308234665844
MODULATION_DATASET,Raw EEG Band-Limited Coherence,Alpha,,FC6,CP5,0.0276956357074303
MODULATION_DATASET,Raw EEG Band-Limited Coherence,Alpha,,FC6,CP6,0.4991287197131538
MODULATION_DATASET,Raw EEG Band-Limited Coherence,Alpha,,FC6,P3,0.12453055697982736
MODULATION_DATASET,Raw EEG Band-Limited Coherence,Alpha,,FC6,Pz,0.1835936790591241
MODULATION_DATASET,Raw EEG Band-Limited Coherence,Alpha,,FC6,P4,0.22363459154087717
MODULATION_DATASET,Raw EEG Band-Limited Coherence,Alpha,,FC6,P7,0.24741895568692837
MODULATION_DATASET,Raw EEG Band-Limited Coherence,Alpha,,FC6,P8,0.14928472614139857
MODULATION_DATASET,Raw EEG Band-Limited Coherence,Alpha,,FC6,O1,0.1738151197275748
MODULATION_DATASET,Raw EEG Band-Limited Coherence,Alpha,,FC6,Oz,0.15903632100435272
MODULATION_DATASET,Raw EEG Band-Limited Coherence,Alpha,,FC6,O2,0.13905272221484793
MODULATION_DATASET,Raw EEG Band-Limited Coherence,Alpha,,FC6,PO9,0.22727541241806104
MODULATION_DATASET,Raw EEG Band-Limited Coherence,Alpha,,FC6,PO10,0.07885477018176329
MODULATION_DATASET,Raw EEG Band-Limited Coherence,Alpha,,C3,Cz,0.677589941256589
MODULATION_DATASET,Raw EEG Band-Limited Coherence,Alpha,,C3,C4,0.3667534807522722
MODULATION_DATASET,Raw EEG Band-Limited Coherence,Alpha,,C3,FT9,0.07454752540948759
MODULATION_DATASET,Raw EEG Band-Limited Coherence,Alpha,,C3,FT10,0.05713618761356304
MODULATION_DATASET,Raw EEG Band-Limited Coherence,Alpha,,C3,T7,0.4803825451179188
MODULATION_DATASET,Raw EEG Band-Limited Coherence,Alpha,,C3,T8,0.17523424948635613
MODULATION_DATASET,Raw EEG Band-Limited Coherence,Alpha,,C3,CP1,0.3340943683483275
MODULATION_DATASET,Raw EEG Band-Limited Coherence,Alpha,,C3,CP2,0.30285075597769745
MODULATION_DATASET,Raw EEG Band-Limited Coherence,Alpha,,C3,CP5,0.6208062059796559
MODULATION_DATASET,Raw EEG Band-Limited Coherence,Alpha,,C3,CP6,0.14799571486398774
MODULATION_DATASET,Raw EEG Band-Limited Coherence,Alpha,,C3,P3,0.24083420327071686
MODULATION_DATASET,Raw EEG Band-Limited Coherence,Alpha,,C3,Pz,0.27229402667340075
MODULATION_DATASET,Raw EEG Band-Limited Coherence,Alpha,,C3,P4,0.15931566909257844
MODULATION_DATASET,Raw EEG Band-Limited Coherence,Alpha,,C3,P7,0.03421381457765855
MODULATION_DATASET,Raw EEG Band-Limited Coherence,Alpha,,C3,P8,0.018534861526252857
MODULATION_DATASET,Raw EEG Band-Limited Coherence,Alpha,,C3,O1,0.05172434884353242
MODULATION_DATASET,Raw EEG Band-Limited Coherence,Alpha,,C3,Oz,0.055080851785772926
MODULATION_DATASET,Raw EEG Band-Limited Coherence,Alpha,,C3,O2,0.04503059736822787
MODULATION_DATASET,Raw EEG Band-Limited Coherence,Alpha,,C3,PO9,0.26201317064325647
MODULATION_DATASET,Raw EEG Band-Limited Coherence,Alpha,,C3,PO10,0.04618898817652708
MODULATION_DATASET,Raw EEG Band-Limited Coherence,Alpha,,Cz,C4,0.6672944434334513
MODULATION_DATASET,Raw EEG Band-Limited Coherence,Alpha,,Cz,FT9,0.1873079325453901
MODULATION_DATASET,Raw EEG Band-Limited Coherence,Alpha,,Cz,FT10,0.21904790218272013
MODULATION_DATASET,Raw EEG Band-Limited Coherence,Alpha,,Cz,T7,0.3748831551110931
MODULATION_DATASET,Raw EEG Band-Limited Coherence,Alpha,,Cz,T8,0.42952392733269246
MODULATION_DATASET,Raw EEG Band-Limited Coherence,Alpha,,Cz,CP1,0.26988497587647486
MODULATION_DATASET,Raw EEG Band-Limited Coherence,Alpha,,Cz,CP2,0.3650098306870464
MODULATION_DATASET,Raw EEG Band-Limited Coherence,Alpha,,Cz,CP5,0.20526946336278748
MODULATION_DATASET,Raw EEG Band-Limited Coherence,Alpha,,Cz,CP6,0.30469381213505964
MODULATION_DATASET,Raw EEG Band-Limited Coherence,Alpha,,Cz,P3,0.1399456365896231
MODULATION_DATASET,Raw EEG Band-Limited Coherence,Alpha,,Cz,Pz,0.2565283179895728
MODULATION_DATASET,Raw EEG Band-Limited Coherence,Alpha,,Cz,P4,0.22007368887574594
MODULATION_DATASET,Raw EEG Band-Limited Coherence,Alpha,,Cz,P7,0.07210561086956332
MODULATION_DATASET,Raw EEG Band-Limited Coherence,Alpha,,Cz,P8,0.05030529189705811
MODULATION_DATASET,Raw EEG Band-Limited Coherence,Alpha,,Cz,O1,0.08411258639075704
MODULATION_DATASET,Raw EEG Band-Limited Coherence,Alpha,,Cz,Oz,0.08887625716219372
MODULATION_DATASET,Raw EEG Band-Limited Coherence,Alpha,,Cz,O2,0.07683255473797561
MODULATION_DATASET,Raw EEG Band-Limited Coherence,Alpha,,Cz,PO9,0.24681433102533273
MODULATION_DATASET,Raw EEG Band-Limited Coherence,Alpha,,Cz,PO10,0.03395358623531738
MODULATION_DATASET,Raw EEG Band-Limited Coherence,Alpha,,C4,FT9,0.14810690472578114
MODULATION_DATASET,Raw EEG Band-Limited Coherence,Alpha,,C4,FT10,0.34786669007374005
MODULATION_DATASET,Raw EEG Band-Limited Coherence,Alpha,,C4,T7,0.1735959761011694
MODULATION_DATASET,Raw EEG Band-Limited Coherence,Alpha,,C4,T8,0.7615837554755299
MODULATION_DATASET,Raw EEG Band-Limited Coherence,Alpha,,C4,CP1,0.2682542577615379
MODULATION_DATASET,Raw EEG Band-Limited Coherence,Alpha,,C4,CP2,0.4714150144118105
MODULATION_DATASET,Raw EEG Band-Limited Coherence,Alpha,,C4,CP5,0.07359229326472438
MODULATION_DATASET,Raw EEG Band-Limited Coherence,Alpha,,C4,CP6,0.7481609857130573
MODULATION_DATASET,Raw EEG Band-Limited Coherence,Alpha,,C4,P3,0.12530279853489656
MODULATION_DATASET,Raw EEG Band-Limited Coherence,Alpha,,C4,Pz,0.29047523013243437
MODULATION_DATASET,Raw EEG Band-Limited Coherence,Alpha,,C4,P4,0.3909001964292046
MODULATION_DATASET,Raw EEG Band-Limited Coherence,Alpha,,C4,P7,0.08388319984249056
MODULATION_DATASET,Raw EEG Band-Limited Coherence,Alpha,,C4,P8,0.23033269024161196
MODULATION_DATASET,Raw EEG Band-Limited Coherence,Alpha,,C4,O1,0.08042770331282806
MODULATION_DATASET,Raw EEG Band-Limited Coherence,Alpha,,C4,Oz,0.1080298425619531
MODULATION_DATASET,Raw EEG Band-Limited Coherence,Alpha,,C4,O2,0.11595030939897126
MODULATION_DATASET,Raw EEG Band-Limited Coherence,Alpha,,C4,PO9,0.11820321061494579
MODULATION_DATASET,Raw EEG Band-Limited Coherence,Alpha,,C4,PO10,0.06998566125553003
MODULATION_DATASET,Raw EEG Band-Limited Coherence,Alpha,,FT9,FT10,0.5271185922541113
MODULATION_DATASET,Raw EEG Band-Limited Coherence,Alpha,,FT9,T7,0.4164634464901864
MODULATION_DATASET,Raw EEG Band-Limited Coherence,Alpha,,FT9,T8,0.26238548638592857
MODULATION_DATASET,Raw EEG Band-Limited Coherence,Alpha,,FT9,CP1,0.31205943170318673
MODULATION_DATASET,Raw EEG Band-Limited Coherence,Alpha,,FT9,CP2,0.2131751635037521
MODULATION_DATASET,Raw EEG Band-Limited Coherence,Alpha,,FT9,CP5,0.08188380950261828
MODULATION_DATASET,Raw EEG Band-Limited Coherence,Alpha,,FT9,CP6,0.044699773833481574
MODULATION_DATASET,Raw EEG Band-Limited Coherence,Alpha,,FT9,P3,0.41148140756119544
MODULATION_DATASET,Raw EEG Band-Limited Coherence,Alpha,,FT9,Pz,0.31438163516141215
MODULATION_DATASET,Raw EEG Band-Limited Coherence,Alpha,,FT9,P4,0.22164962481169243
MODULATION_DATASET,Raw EEG Band-Limited Coherence,Alpha,,FT9,P7,0.640089199012384
MODULATION_DATASET,Raw EEG Band-Limited Coherence,Alpha,,FT9,P8,0.08090689924587238
MODULATION_DATASET,Raw EEG Band-Limited Coherence,Alpha,,FT9,O1,0.4915839674431841
MODULATION_DATASET,Raw EEG Band-Limited Coherence,Alpha,,FT9,Oz,0.40941646556737676
MODULATION_DATASET,Raw EEG Band-Limited Coherence,Alpha,,FT9,O2,0.32761911836632907
MODULATION_DATASET,Raw EEG Band-Limited Coherence,Alpha,,FT9,PO9,0.3181810446187733
MODULATION_DATASET,Raw EEG Band-Limited Coherence,Alpha,,FT9,PO10,0.09037224511494046
MODULATION_DATASET,Raw EEG Band-Limited Coherence,Alpha,,FT10,T7,0.1684207639899539
MODULATION_DATASET,Raw EEG Band-Limited Coherence,Alpha,,FT10,T8,0.6885668937597305
MODULATION_DATASET,Raw EEG Band-Limited Coherence,Alpha,,FT10,CP1,0.18136295783338446
MODULATION_DATASET,Raw EEG Band-Limited Coherence,Alpha,,FT10,CP2,0.14399173257398937
MODULATION_DATASET,Raw EEG Band-Limited Coherence,Alpha,,FT10,CP5,0.09291136511122211
MODULATION_DATASET,Raw EEG Band-Limited Coherence,Alpha,,FT10,CP6,0.22912975409033795
MODULATION_DATASET,Raw EEG Band-Limited Coherence,Alpha,,FT10,P3,0.2470371982624408
MODULATION_DATASET,Raw EEG Band-Limited Coherence,Alpha,,FT10,Pz,0.18048314164703566
MODULATION_DATASET,Raw EEG Band-Limited Coherence,Alpha,,FT10,P4,0.14156892936210136
MODULATION_DATASET,Raw EEG Band-Limited Coherence,Alpha,,FT10,P7,0.4609094878049389
MODULATION_DATASET,Raw EEG Band-Limited Coherence,Alpha,,FT10,P8,0.11366107720973719
MODULATION_DATASET,Raw EEG Band-Limited Coherence,Alpha,,FT10,O1,0.260161482435188
MODULATION_DATASET,Raw EEG Band-Limited Coherence,Alpha,,FT10,Oz,0.21263732191037
MODULATION_DATASET,Raw EEG Band-Limited Coherence,Alpha,,FT10,O2,0.16408479370881582
MODULATION_DATASET,Raw EEG Band-Limited Coherence,Alpha,,FT10,PO9,0.14259235754549787
MODULATION_DATASET,Raw EEG Band-Limited Coherence,Alpha,,FT10,PO10,0.12461983276536905
MODULATION_DATASET,Raw EEG Band-Limited Coherence,Alpha,,T7,T8,0.15280875580190711
MODULATION_DATASET,Raw EEG Band-Limited Coherence,Alpha,,T7,CP1,0.12817322590613578
MODULATION_DATASET,Raw EEG Band-Limited Coherence,Alpha,,T7,CP2,0.10644377808270744
MODULATION_DATASET,Raw EEG Band-Limited Coherence,Alpha,,T7,CP5,0.21528780924987154
MODULATION_DATASET,Raw EEG Band-Limited Coherence,Alpha,,T7,CP6,0.02612719129749428
MODULATION_DATASET,Raw EEG Band-Limited Coherence,Alpha,,T7,P3,0.13225349036100398
MODULATION_DATASET,Raw EEG Band-Limited Coherence,Alpha,,T7,Pz,0.13156067875973834
MODULATION_DATASET,Raw EEG Band-Limited Coherence,Alpha,,T7,P4,0.11755453446597039
MODULATION_DATASET,Raw EEG Band-Limited Coherence,Alpha,,T7,P7,0.16929067378814414
MODULATION_DATASET,Raw EEG Band-Limited Coherence,Alpha,,T7,P8,0.09989204748848216
MODULATION_DATASET,Raw EEG Band-Limited Coherence,Alpha,,T7,O1,0.31712778092144717
MODULATION_DATASET,Raw EEG Band-Limited Coherence,Alpha,,T7,Oz,0.28284825559485427
MODULATION_DATASET,Raw EEG Band-Limited Coherence,Alpha,,T7,O2,0.25401041399622715
MODULATION_DATASET,Raw EEG Band-Limited Coherence,Alpha,,T7,PO9,0.6235048690796563
MODULATION_DATASET,Raw EEG Band-Limited Coherence,Alpha,,T7,PO10,0.18695775112993934
MODULATION_DATASET,Raw EEG Band-Limited Coherence,Alpha,,T8,CP1,0.12858318990954287
MODULATION_DATASET,Raw EEG Band-Limited Coherence,Alpha,,T8,CP2,0.24029996072554705
MODULATION_DATASET,Raw EEG Band-Limited Coherence,Alpha,,T8,CP5,0.014953416994769746
MODULATION_DATASET,Raw EEG Band-Limited Coherence,Alpha,,T8,CP6,0.6546454639765681
MODULATION_DATASET,Raw EEG Band-Limited Coherence,Alpha,,T8,P3,0.08594500156198254
MODULATION_DATASET,Raw EEG Band-Limited Coherence,Alpha,,T8,Pz,0.1449818600431837
MODULATION_DATASET,Raw EEG Band-Limited Coherence,Alpha,,T8,P4,0.2339430701240183
MODULATION_DATASET,Raw EEG Band-Limited Coherence,Alpha,,T8,P7,0.20902462732535715
MODULATION_DATASET,Raw EEG Band-Limited Coherence,Alpha,,T8,P8,0.27454287967316515
MODULATION_DATASET,Raw EEG Band-Limited Coherence,Alpha,,T8,O1,0.11152374882963123
MODULATION_DATASET,Raw EEG Band-Limited Coherence,Alpha,,T8,Oz,0.10578116461694029
MODULATION_DATASET,Raw EEG Band-Limited Coherence,Alpha,,T8,O2,0.10397162677250797
MODULATION_DATASET,Raw EEG Band-Limited Coherence,Alpha,,T8,PO9,0.12279329599745699
MODULATION_DATASET,Raw EEG Band-Limited Coherence,Alpha,,T8,PO10,0.13993348592225635
MODULATION_DATASET,Raw EEG Band-Limited Coherence,Alpha,,CP1,CP2,0.8697974802829436
MODULATION_DATASET,Raw EEG Band-Limited Coherence,Alpha,,CP1,CP5,0.43886072073402393
MODULATION_DATASET,Raw EEG Band-Limited Coherence,Alpha,,CP1,CP6,0.324799564322495
MODULATION_DATASET,Raw EEG Band-Limited Coherence,Alpha,,CP1,P3,0.907920128447351
MODULATION_DATASET,Raw EEG Band-Limited Coherence,Alpha,,CP1,Pz,0.962509427823187
MODULATION_DATASET,Raw EEG Band-Limited Coherence,Alpha,,CP1,P4,0.7781390627844276
MODULATION_DATASET,Raw EEG Band-Limited Coherence,Alpha,,CP1,P7,0.42446619731457036
MODULATION_DATASET,Raw EEG Band-Limited Coherence,Alpha,,CP1,P8,0.2826881898663103
MODULATION_DATASET,Raw EEG Band-Limited Coherence,Alpha,,CP1,O1,0.6111778893784403
MODULATION_DATASET,Raw EEG Band-Limited Coherence,Alpha,,CP1,Oz,0.6568279330837192
MODULATION_DATASET,Raw EEG Band-Limited Coherence,Alpha,,CP1,O2,0.5803752684861564
MODULATION_DATASET,Raw EEG Band-Limited Coherence,Alpha,,CP1,PO9,0.12535380953068712
MODULATION_DATASET,Raw EEG Band-Limited Coherence,Alpha,,CP1,PO10,0.1339997872740204
MODULATION_DATASET,Raw EEG Band-Limited Coherence,Alpha,,CP2,CP5,0.2748361478372181
MODULATION_DATASET,Raw EEG Band-Limited Coherence,Alpha,,CP2,CP6,0.5850338579510712
MODULATION_DATASET,Raw EEG Band-Limited Coherence,Alpha,,CP2,P3,0.6942322690310886
MODULATION_DATASET,Raw EEG Band-Limited Coherence,Alpha,,CP2,Pz,0.9167129158860827
MODULATION_DATASET,Raw EEG Band-Limited Coherence,Alpha,,CP2,P4,0.9165789346398893
MODULATION_DATASET,Raw EEG Band-Limited Coherence,Alpha,,CP2,P7,0.24606164269187306
MODULATION_DATASET,Raw EEG Band-Limited Coherence,Alpha,,CP2,P8,0.4439059381722199
MODULATION_DATASET,Raw EEG Band-Limited Coherence,Alpha,,CP2,O1,0.4667155221066775
MODULATION_DATASET,Raw EEG Band-Limited Coherence,Alpha,,CP2,Oz,0.5791758006538144
MODULATION_DATASET,Raw EEG Band-Limited Coherence,Alpha,,CP2,O2,0.5781388514273774
MODULATION_DATASET,Raw EEG Band-Limited Coherence,Alpha,,CP2,PO9,0.08684483503962075
MODULATION_DATASET,Raw EEG Band-Limited Coherence,Alpha,,CP2,PO10,0.21323224760641335
MODULATION_DATASET,Raw EEG Band-Limited Coherence,Alpha,,CP5,CP6,0.03796084623663544
MODULATION_DATASET,Raw EEG Band-Limited Coherence,Alpha,,CP5,P3,0.475034986775678
MODULATION_DATASET,Raw EEG Band-Limited Coherence,Alpha,,CP5,Pz,0.34692021882681034
MODULATION_DATASET,Raw EEG Band-Limited Coherence,Alpha,,CP5,P4,0.14750165435738932
MODULATION_DATASET,Raw EEG Band-Limited Coherence,Alpha,,CP5,P7,0.2874542471117634
MODULATION_DATASET,Raw EEG Band-Limited Coherence,Alpha,,CP5,P8,0.006960617396118819
MODULATION_DATASET,Raw EEG Band-Limited Coherence,Alpha,,CP5,O1,0.09364186006995785
MODULATION_DATASET,Raw EEG Band-Limited Coherence,Alpha,,CP5,Oz,0.07760496857627029
MODULATION_DATASET,Raw EEG Band-Limited Coherence,Alpha,,CP5,O2,0.048401259069429964
MODULATION_DATASET,Raw EEG Band-Limited Coherence,Alpha,,CP5,PO9,0.11004249419751291
MODULATION_DATASET,Raw EEG Band-Limited Coherence,Alpha,,CP5,PO10,0.0631082374013129
MODULATION_DATASET,Raw EEG Band-Limited Coherence,Alpha,,CP6,P3,0.15678748692786282
MODULATION_DATASET,Raw EEG Band-Limited Coherence,Alpha,,CP6,Pz,0.37977762036272567
MODULATION_DATASET,Raw EEG Band-Limited Coherence,Alpha,,CP6,P4,0.626362609314841
MODULATION_DATASET,Raw EEG Band-Limited Coherence,Alpha,,CP6,P7,0.037735398148823
MODULATION_DATASET,Raw EEG Band-Limited Coherence,Alpha,,CP6,P8,0.6144814505861641
MODULATION_DATASET,Raw EEG Band-Limited Coherence,Alpha,,CP6,O1,0.10438843419928867
MODULATION_DATASET,Raw EEG Band-Limited Coherence,Alpha,,CP6,Oz,0.19918324367957715
MODULATION_DATASET,Raw EEG Band-Limited Coherence,Alpha,,CP6,O2,0.28154268670750027
MODULATION_DATASET,Raw EEG Band-Limited Coherence,Alpha,,CP6,PO9,0.01624869266100254
MODULATION_DATASET,Raw EEG Band-Limited Coherence,Alpha,,CP6,PO10,0.30696119161076546
MODULATION_DATASET,Raw EEG Band-Limited Coherence,Alpha,,P3,Pz,0.8763641309411445
MODULATION_DATASET,Raw EEG Band-Limited Coherence,Alpha,,P3,P4,0.6153635047712314
MODULATION_DATASET,Raw EEG Band-Limited Coherence,Alpha,,P3,P7,0.5833565067319988
MODULATION_DATASET,Raw EEG Band-Limited Coherence,Alpha,,P3,P8,0.1785362455124357
MODULATION_DATASET,Raw EEG Band-Limited Coherence,Alpha,,P3,O1,0.6957090887813715
MODULATION_DATASET,Raw EEG Band-Limited Coherence,Alpha,,P3,Oz,0.6738057953554841
MODULATION_DATASET,Raw EEG Band-Limited Coherence,Alpha,,P3,O2,0.5482937177273113
MODULATION_DATASET,Raw EEG Band-Limited Coherence,Alpha,,P3,PO9,0.16145238070926396
MODULATION_DATASET,Raw EEG Band-Limited Coherence,Alpha,,P3,PO10,0.09725590912013529
MODULATION_DATASET,Raw EEG Band-Limited Coherence,Alpha,,Pz,P4,0.8572763537623371
MODULATION_DATASET,Raw EEG Band-Limited Coherence,Alpha,,Pz,P7,0.38581770770246615
MODULATION_DATASET,Raw EEG Band-Limited Coherence,Alpha,,Pz,P8,0.35524079484756366
MODULATION_DATASET,Raw EEG Band-Limited Coherence,Alpha,,Pz,O1,0.6338245415272337
MODULATION_DATASET,Raw EEG Band-Limited Coherence,Alpha,,Pz,Oz,0.7085170586597814
MODULATION_DATASET,Raw EEG Band-Limited Coherence,Alpha,,Pz,O2,0.6514028666157898
MODULATION_DATASET,Raw EEG Band-Limited Coherence,Alpha,,Pz,PO9,0.12945783373825992
MODULATION_DATASET,Raw EEG Band-Limited Coherence,Alpha,,Pz,PO10,0.18433042563843316
MODULATION_DATASET,Raw EEG Band-Limited Coherence,Alpha,,P4,P7,0.22177138813027047
MODULATION_DATASET,Raw EEG Band-Limited Coherence,Alpha,,P4,P8,0.6466359814501786
MODULATION_DATASET,Raw EEG Band-Limited Coherence,Alpha,,P4,O1,0.5288221951356233
MODULATION_DATASET,Raw EEG Band-Limited Coherence,Alpha,,P4,Oz,0.6876935114199422
MODULATION_DATASET,Raw EEG Band-Limited Coherence,Alpha,,P4,O2,0.7469926800032793
MODULATION_DATASET,Raw EEG Band-Limited Coherence,Alpha,,P4,PO9,0.11398011597062302
MODULATION_DATASET,Raw EEG Band-Limited Coherence,Alpha,,P4,PO10,0.395484911678659
MODULATION_DATASET,Raw EEG Band-Limited Coherence,Alpha,,P7,P8,0.05517310563389516
MODULATION_DATASET,Raw EEG Band-Limited Coherence,Alpha,,P7,O1,0.5572303009033057
MODULATION_DATASET,Raw EEG Band-Limited Coherence,Alpha,,P7,Oz,0.42483014985844914
MODULATION_DATASET,Raw EEG Band-Limited Coherence,Alpha,,P7,O2,0.3051515997921016
MODULATION_DATASET,Raw EEG Band-Limited Coherence,Alpha,,P7,PO9,0.30000575339087804
MODULATION_DATASET,Raw EEG Band-Limited Coherence,Alpha,,P7,PO10,0.08026582962507187
MODULATION_DATASET,Raw EEG Band-Limited Coherence,Alpha,,P8,O1,0.26435037349281515
MODULATION_DATASET,Raw EEG Band-Limited Coherence,Alpha,,P8,Oz,0.4260877148799074
MODULATION_DATASET,Raw EEG Band-Limited Coherence,Alpha,,P8,O2,0.6200777751652022
MODULATION_DATASET,Raw EEG Band-Limited Coherence,Alpha,,P8,PO9,0.10360613522887437
MODULATION_DATASET,Raw EEG Band-Limited Coherence,Alpha,,P8,PO10,0.8116675117509153
MODULATION_DATASET,Raw EEG Band-Limited Coherence,Alpha,,O1,Oz,0.9314583783311626
MODULATION_DATASET,Raw EEG Band-Limited Coherence,Alpha,,O1,O2,0.7911433130356063
MODULATION_DATASET,Raw EEG Band-Limited Coherence,Alpha,,O1,PO9,0.46402968702748043
MODULATION_DATASET,Raw EEG Band-Limited Coherence,Alpha,,O1,PO10,0.2623269560332476
MODULATION_DATASET,Raw EEG Band-Limited Coherence,Alpha,,Oz,O2,0.9295809525833516
MODULATION_DATASET,Raw EEG Band-Limited Coherence,Alpha,,Oz,PO9,0.38152897356395865
MODULATION_DATASET,Raw EEG Band-Limited Coherence,Alpha,,Oz,PO10,0.40266194793055765
MODULATION_DATASET,Raw EEG Band-Limited Coherence,Alpha,,O2,PO9,0.3221002397158983
MODULATION_DATASET,Raw EEG Band-Limited Coherence,Alpha,,O2,PO10,0.5779967902178843
MODULATION_DATASET,Raw EEG Band-Limited Coherence,Alpha,,PO9,PO10,0.23771552304226656
MODULATION_DATASET,Raw EEG Band-Limited Coherence,BetaL,,Fp1,Fp2,0.8404425554830741
MODULATION_DATASET,Raw EEG Band-Limited Coherence,BetaL,,Fp1,F7,0.8157244362787057
MODULATION_DATASET,Raw EEG Band-Limited Coherence,BetaL,,Fp1,F3,0.744797294857799
MODULATION_DATASET,Raw EEG Band-Limited Coherence,BetaL,,Fp1,Fz,0.7083924172650136
MODULATION_DATASET,Raw EEG Band-Limited Coherence,BetaL,,Fp1,F4,0.6898159187065857
MODULATION_DATASET,Raw EEG Band-Limited Coherence,BetaL,,Fp1,F8,0.6150611537296309
MODULATION_DATASET,Raw EEG Band-Limited Coherence,BetaL,,Fp1,FC1,0.5063979146039921
MODULATION_DATASET,Raw EEG Band-Limited Coherence,BetaL,,Fp1,FC2,0.5551386808775869
MODULATION_DATASET,Raw EEG Band-Limited Coherence,BetaL,,Fp1,FC5,0.5604212396152382
MODULATION_DATASET,Raw EEG Band-Limited Coherence,BetaL,,Fp1,FC6,0.5024655348181077
MODULATION_DATASET,Raw EEG Band-Limited Coherence,BetaL,,Fp1,C3,0.24565271440506573
MODULATION_DATASET,Raw EEG Band-Limited Coherence,BetaL,,Fp1,Cz,0.38344349353257823
MODULATION_DATASET,Raw EEG Band-Limited Coherence,BetaL,,Fp1,C4,0.2867054703155274
MODULATION_DATASET,Raw EEG Band-Limited Coherence,BetaL,,Fp1,FT9,0.5578082254483856
MODULATION_DATASET,Raw EEG Band-Limited Coherence,BetaL,,Fp1,FT10,0.4424172855036216
MODULATION_DATASET,Raw EEG Band-Limited Coherence,BetaL,,Fp1,T7,0.3015701522676397
MODULATION_DATASET,Raw EEG Band-Limited Coherence,BetaL,,Fp1,T8,0.35731009579324896
MODULATION_DATASET,Raw EEG Band-Limited Coherence,BetaL,,Fp1,CP1,0.021631157727119897
MODULATION_DATASET,Raw EEG Band-Limited Coherence,BetaL,,Fp1,CP2,0.05841137357056757
MODULATION_DATASET,Raw EEG Band-Limited Coherence,BetaL,,Fp1,CP5,0.02411925123245254
MODULATION_DATASET,Raw EEG Band-Limited Coherence,BetaL,,Fp1,CP6,0.13317619372300216
MODULATION_DATASET,Raw EEG Band-Limited Coherence,BetaL,,Fp1,P3,0.034646034080026256
MODULATION_DATASET,Raw EEG Band-Limited Coherence,BetaL,,Fp1,Pz,0.019750241114779417
MODULATION_DATASET,Raw EEG Band-Limited Coherence,BetaL,,Fp1,P4,0.023462247325483434
MODULATION_DATASET,Raw EEG Band-Limited Coherence,BetaL,,Fp1,P7,0.22490081031149717
MODULATION_DATASET,Raw EEG Band-Limited Coherence,BetaL,,Fp1,P8,0.01764406596116093
MODULATION_DATASET,Raw EEG Band-Limited Coherence,BetaL,,Fp1,O1,0.11572245749661705
MODULATION_DATASET,Raw EEG Band-Limited Coherence,BetaL,,Fp1,Oz,0.06480798746325708
MODULATION_DATASET,Raw EEG Band-Limited Coherence,BetaL,,Fp1,O2,0.035590515040606466
MODULATION_DATASET,Raw EEG Band-Limited Coherence,BetaL,,Fp1,PO9,0.1377899710162827
MODULATION_DATASET,Raw EEG Band-Limited Coherence,BetaL,,Fp1,PO10,0.006266841459220058
MODULATION_DATASET,Raw EEG Band-Limited Coherence,BetaL,,Fp2,F7,0.6530545151414673
MODULATION_DATASET,Raw EEG Band-Limited Coherence,BetaL,,Fp2,F3,0.6753506786669314
MODULATION_DATASET,Raw EEG Band-Limited Coherence,BetaL,,Fp2,Fz,0.692617642282599
MODULATION_DATASET,Raw EEG Band-Limited Coherence,BetaL,,Fp2,F4,0.7756322337445687
MODULATION_DATASET,Raw EEG Band-Limited Coherence,BetaL,,Fp2,F8,0.7716662123187851
MODULATION_DATASET,Raw EEG Band-Limited Coherence,BetaL,,Fp2,FC1,0.47579196354318104
MODULATION_DATASET,Raw EEG Band-Limited Coherence,BetaL,,Fp2,FC2,0.5841827762077232
MODULATION_DATASET,Raw EEG Band-Limited Coherence,BetaL,,Fp2,FC5,0.43650315106118465
MODULATION_DATASET,Raw EEG Band-Limited Coherence,BetaL,,Fp2,FC6,0.6120951656284563
MODULATION_DATASET,Raw EEG Band-Limited Coherence,BetaL,,Fp2,C3,0.19812168540891667
MODULATION_DATASET,Raw EEG Band-Limited Coherence,BetaL,,Fp2,Cz,0.37272707903042124
MODULATION_DATASET,Raw EEG Band-Limited Coherence,BetaL,,Fp2,C4,0.35642057874091393
MODULATION_DATASET,Raw EEG Band-Limited Coherence,BetaL,,Fp2,FT9,0.4689586066001893
MODULATION_DATASET,Raw EEG Band-Limited Coherence,BetaL,,Fp2,FT10,0.5614001219661418
MODULATION_DATASET,Raw EEG Band-Limited Coherence,BetaL,,Fp2,T7,0.20559466781759436
MODULATION_DATASET,Raw EEG Band-Limited Coherence,BetaL,,Fp2,T8,0.4740452726172957
MODULATION_DATASET,Raw EEG Band-Limited Coherence,BetaL,,Fp2,CP1,0.023039924611978374
MODULATION_DATASET,Raw EEG Band-Limited Coherence,BetaL,,Fp2,CP2,0.07580464169817212
MODULATION_DATASET,Raw EEG Band-Limited Coherence,BetaL,,Fp2,CP5,0.015507508105679404
MODULATION_DATASET,Raw EEG Band-Limited Coherence,BetaL,,Fp2,CP6,0.198735041219967
MODULATION_DATASET,Raw EEG Band-Limited Coherence,BetaL,,Fp2,P3,0.028281934425911922
MODULATION_DATASET,Raw EEG Band-Limited Coherence,BetaL,,Fp2,Pz,0.021869371640769165
MODULATION_DATASET,Raw EEG Band-Limited Coherence,BetaL,,Fp2,P4,0.037446968208831595
MODULATION_DATASET,Raw EEG Band-Limited Coherence,BetaL,,Fp2,P7,0.21252630988452767
MODULATION_DATASET,Raw EEG Band-Limited Coherence,BetaL,,Fp2,P8,0.04052222196815571
MODULATION_DATASET,Raw EEG Band-Limited Coherence,BetaL,,Fp2,O1,0.08753928462040615
MODULATION_DATASET,Raw EEG Band-Limited Coherence,BetaL,,Fp2,Oz,0.04386816410413566
MODULATION_DATASET,Raw EEG Band-Limited Coherence,BetaL,,Fp2,O2,0.02062913675892988
MODULATION_DATASET,Raw EEG Band-Limited Coherence,BetaL,,Fp2,PO9,0.09521823259852784
MODULATION_DATASET,Raw EEG Band-Limited Coherence,BetaL,,Fp2,PO10,0.01529382427415155
MODULATION_DATASET,Raw EEG Band-Limited Coherence,BetaL,,F7,F3,0.7124294801067141
MODULATION_DATASET,Raw EEG Band-Limited Coherence,BetaL,,F7,Fz,0.6237341252836747
MODULATION_DATASET,Raw EEG Band-Limited Coherence,BetaL,,F7,F4,0.5546705513447121
MODULATION_DATASET,Raw EEG Band-Limited Coherence,BetaL,,F7,F8,0.4593723189146125
MODULATION_DATASET,Raw EEG Band-Limited Coherence,BetaL,,F7,FC1,0.48554272833394496
MODULATION_DATASET,Raw EEG Band-Limited Coherence,BetaL,,F7,FC2,0.47192617177555457
MODULATION_DATASET,Raw EEG Band-Limited Coherence,BetaL,,F7,FC5,0.6798453585041095
MODULATION_DATASET,Raw EEG Band-Limited Coherence,BetaL,,F7,FC6,0.38474267889088287
MODULATION_DATASET,Raw EEG Band-Limited Coherence,BetaL,,F7,C3,0.29872193010869963
MODULATION_DATASET,Raw EEG Band-Limited Coherence,BetaL,,F7,Cz,0.35309315949411857
MODULATION_DATASET,Raw EEG Band-Limited Coherence,BetaL,,F7,C4,0.21588325370941847
MODULATION_DATASET,Raw EEG Band-Limited Coherence,BetaL,,F7,FT9,0.6496954760818627
MODULATION_DATASET,Raw EEG Band-Limited Coherence,BetaL,,F7,FT10,0.32337023347675053
MODULATION_DATASET,Raw EEG Band-Limited Coherence,BetaL,,F7,T7,0.4601412586621859
MODULATION_DATASET,Raw EEG Band-Limited Coherence,BetaL,,F7,T8,0.257200670110769
MODULATION_DATASET,Raw EEG Band-Limited Coherence,BetaL,,F7,CP1,0.01922974161370347
MODULATION_DATASET,Raw EEG Band-Limited Coherence,BetaL,,F7,CP2,0.04170414757396496
MODULATION_DATASET,Raw EEG Band-Limited Coherence,BetaL,,F7,CP5,0.04309248982925357
MODULATION_DATASET,Raw EEG Band-Limited Coherence,BetaL,,F7,CP6,0.08598167211422898
MODULATION_DATASET,Raw EEG Band-Limited Coherence,BetaL,,F7,P3,0.03644395697911739
MODULATION_DATASET,Raw EEG Band-Limited Coherence,BetaL,,F7,Pz,0.017006056966171815
MODULATION_DATASET,Raw EEG Band-Limited Coherence,BetaL,,F7,P4,0.014409320242339228
MODULATION_DATASET,Raw EEG Band-Limited Coherence,BetaL,,F7,P7,0.2236542689603479
MODULATION_DATASET,Raw EEG Band-Limited Coherence,BetaL,,F7,P8,0.006249457702065692
MODULATION_DATASET,Raw EEG Band-Limited Coherence,BetaL,,F7,O1,0.15087315053574282
MODULATION_DATASET,Raw EEG Band-Limited Coherence,BetaL,,F7,Oz,0.09173734136258728
MODULATION_DATASET,Raw EEG Band-Limited Coherence,BetaL,,F7,O2,0.054466764076058924
MODULATION_DATASET,Raw EEG Band-Limited Coherence,BetaL,,F7,PO9,0.2101423781074333
MODULATION_DATASET,Raw EEG Band-Limited Coherence,BetaL,,F7,PO10,0.0035039044865031984
MODULATION_DATASET,Raw EEG Band-Limited Coherence,BetaL,,F3,Fz,0.931700549274356
MODULATION_DATASET,Raw EEG Band-Limited Coherence,BetaL,,F3,F4,0.8137091434132995
MODULATION_DATASET,Raw EEG Band-Limited Coherence,BetaL,,F3,F8,0.5303445607317513
MODULATION_DATASET,Raw EEG Band-Limited Coherence,BetaL,,F3,FC1,0.8495600782253685
MODULATION_DATASET,Raw EEG Band-Limited Coherence,BetaL,,F3,FC2,0.8267699013030719
MODULATION_DATASET,Raw EEG Band-Limited Coherence,BetaL,,F3,FC5,0.7859579794522404
MODULATION_DATASET,Raw EEG Band-Limited Coherence,BetaL,,F3,FC6,0.647464948500692
MODULATION_DATASET,Raw EEG Band-Limited Coherence,BetaL,,F3,C3,0.5644842751688852
MODULATION_DATASET,Raw EEG Band-Limited Coherence,BetaL,,F3,Cz,0.7223623350578148
MODULATION_DATASET,Raw EEG Band-Limited Coherence,BetaL,,F3,C4,0.5014293517453563
MODULATION_DATASET,Raw EEG Band-Limited Coherence,BetaL,,F3,FT9,0.3436033020162014
MODULATION_DATASET,Raw EEG Band-Limited Coherence,BetaL,,F3,FT10,0.3136495002706689
MODULATION_DATASET,Raw EEG Band-Limited Coherence,BetaL,,F3,T7,0.41573361051673813
MODULATION_DATASET,Raw EEG Band-Limited Coherence,BetaL,,F3,T8,0.4435017219896381
MODULATION_DATASET,Raw EEG Band-Limited Coherence,BetaL,,F3,CP1,0.1311991126357563
MODULATION_DATASET,Raw EEG Band-Limited Coherence,BetaL,,F3,CP2,0.22592436211915384
MODULATION_DATASET,Raw EEG Band-Limited Coherence,BetaL,,F3,CP5,0.13047511727517322
MODULATION_DATASET,Raw EEG Band-Limited Coherence,BetaL,,F3,CP6,0.2620460153385554
MODULATION_DATASET,Raw EEG Band-Limited Coherence,BetaL,,F3,P3,0.027750552046480935
MODULATION_DATASET,Raw EEG Band-Limited Coherence,BetaL,,F3,Pz,0.10983801809934868
MODULATION_DATASET,Raw EEG Band-Limited Coherence,BetaL,,F3,P4,0.11565081176391348
MODULATION_DATASET,Raw EEG Band-Limited Coherence,BetaL,,F3,P7,0.09020737060715227
MODULATION_DATASET,Raw EEG Band-Limited Coherence,BetaL,,F3,P8,0.05118475362970716
MODULATION_DATASET,Raw EEG Band-Limited Coherence,BetaL,,F3,O1,0.03993274933860582
MODULATION_DATASET,Raw EEG Band-Limited Coherence,BetaL,,F3,Oz,0.014567855494149316
MODULATION_DATASET,Raw EEG Band-Limited Coherence,BetaL,,F3,O2,0.006063360854930323
MODULATION_DATASET,Raw EEG Band-Limited Coherence,BetaL,,F3,PO9,0.18869833625289917
MODULATION_DATASET,Raw EEG Band-Limited Coherence,BetaL,,F3,PO10,0.008020608454296927
MODULATION_DATASET,Raw EEG Band-Limited Coherence,BetaL,,Fz,F4,0.8874017762926605
MODULATION_DATASET,Raw EEG Band-Limited Coherence,BetaL,,Fz,F8,0.5679849251858748
MODULATION_DATASET,Raw EEG Band-Limited Coherence,BetaL,,Fz,FC1,0.8575716722396812
MODULATION_DATASET,Raw EEG Band-Limited Coherence,BetaL,,Fz,FC2,0.9090425343719299
MODULATION_DATASET,Raw EEG Band-Limited Coherence,BetaL,,Fz,FC5,0.679658853024836
MODULATION_DATASET,Raw EEG Band-Limited Coherence,BetaL,,Fz,FC6,0.7125683176938248
MODULATION_DATASET,Raw EEG Band-Limited Coherence,BetaL,,Fz,C3,0.5059815945945579
MODULATION_DATASET,Raw EEG Band-Limited Coherence,BetaL,,Fz,Cz,0.7699148027827643
MODULATION_DATASET,Raw EEG Band-Limited Coherence,BetaL,,Fz,C4,0.5680662869443476
MODULATION_DATASET,Raw EEG Band-Limited Coherence,BetaL,,Fz,FT9,0.2969026505509098
MODULATION_DATASET,Raw EEG Band-Limited Coherence,BetaL,,Fz,FT10,0.3288709878275822
MODULATION_DATASET,Raw EEG Band-Limited Coherence,BetaL,,Fz,T7,0.3297878675066875
MODULATION_DATASET,Raw EEG Band-Limited Coherence,BetaL,,Fz,T8,0.48714549677770286
MODULATION_DATASET,Raw EEG Band-Limited Coherence,BetaL,,Fz,CP1,0.1342977509647334
MODULATION_DATASET,Raw EEG Band-Limited Coherence,BetaL,,Fz,CP2,0.2477859533597288
MODULATION_DATASET,Raw EEG Band-Limited Coherence,BetaL,,Fz,CP5,0.09887529500830544
MODULATION_DATASET,Raw EEG Band-Limited Coherence,BetaL,,Fz,CP6,0.29651353860411434
MODULATION_DATASET,Raw EEG Band-Limited Coherence,BetaL,,Fz,P3,0.02668029611403197
MODULATION_DATASET,Raw EEG Band-Limited Coherence,BetaL,,Fz,Pz,0.1172946879372915
MODULATION_DATASET,Raw EEG Band-Limited Coherence,BetaL,,Fz,P4,0.13033273445967497
MODULATION_DATASET,Raw EEG Band-Limited Coherence,BetaL,,Fz,P7,0.0888090124402443
MODULATION_DATASET,Raw EEG Band-Limited Coherence,BetaL,,Fz,P8,0.05692212985708
MODULATION_DATASET,Raw EEG Band-Limited Coherence,BetaL,,Fz,O1,0.03556893425763476
MODULATION_DATASET,Raw EEG Band-Limited Coherence,BetaL,,Fz,Oz,0.012886190148644977
MODULATION_DATASET,Raw EEG Band-Limited Coherence,BetaL,,Fz,O2,0.005260380164081544
MODULATION_DATASET,Raw EEG Band-Limited Coherence,BetaL,,Fz,PO9,0.1606202504372985
MODULATION_DATASET,Raw EEG Band-Limited Coherence,BetaL,,Fz,PO10,0.006921150980941671
MODULATION_DATASET,Raw EEG Band-Limited Coherence,BetaL,,F4,F8,0.7592652221210175
MODULATION_DATASET,Raw EEG Band-Limited Coherence,BetaL,,F4,FC1,0.7129704393343855
MODULATION_DATASET,Raw EEG Band-Limited Coherence,BetaL,,F4,FC2,0.8817672860539418
MODULATION_DATASET,Raw EEG Band-Limited Coherence,BetaL,,F4,FC5,0.509355704726335
MODULATION_DATASET,Raw EEG Band-Limited Coherence,BetaL,,F4,FC6,0.8662031183500538
MODULATION_DATASET,Raw EEG Band-Limited Coherence,BetaL,,F4,C3,0.34566002054381084
MODULATION_DATASET,Raw EEG Band-Limited Coherence,BetaL,,F4,Cz,0.6398433004752758
MODULATION_DATASET,Raw EEG Band-Limited Coherence,BetaL,,F4,C4,0.6663338773960199
MODULATION_DATASET,Raw EEG Band-Limited Coherence,BetaL,,F4,FT9,0.31699321750409526
MODULATION_DATASET,Raw EEG Band-Limited Coherence,BetaL,,F4,FT10,0.49233673496798713
MODULATION_DATASET,Raw EEG Band-Limited Coherence,BetaL,,F4,T7,0.22287424107971984
MODULATION_DATASET,Raw EEG Band-Limited Coherence,BetaL,,F4,T8,0.6577003056370607
MODULATION_DATASET,Raw EEG Band-Limited Coherence,BetaL,,F4,CP1,0.09939760079592841
MODULATION_DATASET,Raw EEG Band-Limited Coherence,BetaL,,F4,CP2,0.2391038680396531
MODULATION_DATASET,Raw EEG Band-Limited Coherence,BetaL,,F4,CP5,0.03880822727016166
MODULATION_DATASET,Raw EEG Band-Limited Coherence,BetaL,,F4,CP6,0.40260513499708184
MODULATION_DATASET,Raw EEG Band-Limited Coherence,BetaL,,F4,P3,0.013986789523282042
MODULATION_DATASET,Raw EEG Band-Limited Coherence,BetaL,,F4,Pz,0.09597623563318104
MODULATION_DATASET,Raw EEG Band-Limited Coherence,BetaL,,F4,P4,0.1436131078378559
MODULATION_DATASET,Raw EEG Band-Limited Coherence,BetaL,,F4,P7,0.12819981170390865
MODULATION_DATASET,Raw EEG Band-Limited Coherence,BetaL,,F4,P8,0.09720715774605115
MODULATION_DATASET,Raw EEG Band-Limited Coherence,BetaL,,F4,O1,0.0375904567105563
MODULATION_DATASET,Raw EEG Band-Limited Coherence,BetaL,,F4,Oz,0.012949361268404815
MODULATION_DATASET,Raw EEG Band-Limited Coherence,BetaL,,F4,O2,0.005341113504572403
MODULATION_DATASET,Raw EEG Band-Limited Coherence,BetaL,,F4,PO9,0.11263873655435251
MODULATION_DATASET,Raw EEG Band-Limited Coherence,BetaL,,F4,PO10,0.019173490847955894
MODULATION_DATASET,Raw EEG Band-Limited Coherence,BetaL,,F8,FC1,0.3876983520206463
MODULATION_DATASET,Raw EEG Band-Limited Coherence,BetaL,,F8,FC2,0.5394927605746724
MODULATION_DATASET,Raw EEG Band-Limited Coherence,BetaL,,F8,FC5,0.2879531180335436
MODULATION_DATASET,Raw EEG Band-Limited Coherence,BetaL,,F8,FC6,0.7487807764277881
MODULATION_DATASET,Raw EEG Band-Limited Coherence,BetaL,,F8,C3,0.13389452767699286
MODULATION_DATASET,Raw EEG Band-Limited Coherence,BetaL,,F8,Cz,0.3137522965005876
MODULATION_DATASET,Raw EEG Band-Limited Coherence,BetaL,,F8,C4,0.46364788766484943
MODULATION_DATASET,Raw EEG Band-Limited Coherence,BetaL,,F8,FT9,0.3865199366367421
MODULATION_DATASET,Raw EEG Band-Limited Coherence,BetaL,,F8,FT10,0.7695195833078526
MODULATION_DATASET,Raw EEG Band-Limited Coherence,BetaL,,F8,T7,0.11271998540328806
MODULATION_DATASET,Raw EEG Band-Limited Coherence,BetaL,,F8,T8,0.6970334944454764
MODULATION_DATASET,Raw EEG Band-Limited Coherence,BetaL,,F8,CP1,0.02563833756293682
MODULATION_DATASET,Raw EEG Band-Limited Coherence,BetaL,,F8,CP2,0.10720647941351164
MODULATION_DATASET,Raw EEG Band-Limited Coherence,BetaL,,F8,CP5,0.012725509183971705
MODULATION_DATASET,Raw EEG Band-Limited Coherence,BetaL,,F8,CP6,0.3480289446885617
MODULATION_DATASET,Raw EEG Band-Limited Coherence,BetaL,,F8,P3,0.021680513422512784
MODULATION_DATASET,Raw EEG Band-Limited Coherence,BetaL,,F8,Pz,0.028591284776270688
MODULATION_DATASET,Raw EEG Band-Limited Coherence,BetaL,,F8,P4,0.07362917436020905
MODULATION_DATASET,Raw EEG Band-Limited Coherence,BetaL,,F8,P7,0.21004458297157003
MODULATION_DATASET,Raw EEG Band-Limited Coherence,BetaL,,F8,P8,0.11762268684145699
MODULATION_DATASET,Raw EEG Band-Limited Coherence,BetaL,,F8,O1,0.054564036280817824
MODULATION_DATASET,Raw EEG Band-Limited Coherence,BetaL,,F8,Oz,0.02032529263532446
MODULATION_DATASET,Raw EEG Band-Limited Coherence,BetaL,,F8,O2,0.0067316328939379345
MODULATION_DATASET,Raw EEG Band-Limited Coherence,BetaL,,F8,PO9,0.04808126306062685
MODULATION_DATASET,Raw EEG Band-Limited Coherence,BetaL,,F8,PO10,0.05962887512361885
MODULATION_DATASET,Raw EEG Band-Limited Coherence,BetaL,,FC1,FC2,0.8389833266835802
MODULATION_DATASET,Raw EEG Band-Limited Coherence,BetaL,,FC1,FC5,0.7242104457413461
MODULATION_DATASET,Raw EEG Band-Limited Coherence,BetaL,,FC1,FC6,0.6148922129640013
MODULATION_DATASET,Raw EEG Band-Limited Coherence,BetaL,,FC1,C3,0.7177606878378884
MODULATION_DATASET,Raw EEG Band-Limited Coherence,BetaL,,FC1,Cz,0.8625686242687141
MODULATION_DATASET,Raw EEG Band-Limited Coherence,BetaL,,FC1,C4,0.5771585647381487
MODULATION_DATASET,Raw EEG Band-Limited Coherence,BetaL,,FC1,FT9,0.1775561149148035
MODULATION_DATASET,Raw EEG Band-Limited Coherence,BetaL,,FC1,FT10,0.20103521527156967
MODULATION_DATASET,Raw EEG Band-Limited Coherence,BetaL,,FC1,T7,0.37218734561898315
MODULATION_DATASET,Raw EEG Band-Limited Coherence,BetaL,,FC1,T8,0.4201805387876804
MODULATION_DATASET,Raw EEG Band-Limited Coherence,BetaL,,FC1,CP1,0.3099323342407396
MODULATION_DATASET,Raw EEG Band-Limited Coherence,BetaL,,FC1,CP2,0.40307986836489584
MODULATION_DATASET,Raw EEG Band-Limited Coherence,BetaL,,FC1,CP5,0.2587107278372505
MODULATION_DATASET,Raw EEG Band-Limited Coherence,BetaL,,FC1,CP6,0.32971775448165136
MODULATION_DATASET,Raw EEG Band-Limited Coherence,BetaL,,FC1,P3,0.12958897549468418
MODULATION_DATASET,Raw EEG Band-Limited Coherence,BetaL,,FC1,Pz,0.27016934979402146
MODULATION_DATASET,Raw EEG Band-Limited Coherence,BetaL,,FC1,P4,0.2381151112008923
MODULATION_DATASET,Raw EEG Band-Limited Coherence,BetaL,,FC1,P7,0.01790830558746305
MODULATION_DATASET,Raw EEG Band-Limited Coherence,BetaL,,FC1,P8,0.08288560129424327
MODULATION_DATASET,Raw EEG Band-Limited Coherence,BetaL,,FC1,O1,0.005630575822630991
MODULATION_DATASET,Raw EEG Band-Limited Coherence,BetaL,,FC1,Oz,0.009876091659104067
MODULATION_DATASET,Raw EEG Band-Limited Coherence,BetaL,,FC1,O2,0.01521829032322021
MODULATION_DATASET,Raw EEG Band-Limited Coherence,BetaL,,FC1,PO9,0.15202742482314688
MODULATION_DATASET,Raw EEG Band-Limited Coherence,BetaL,,FC1,PO10,0.011248406996923583
MODULATION_DATASET,Raw EEG Band-Limited Coherence,BetaL,,FC2,FC5,0.557537868074196
MODULATION_DATASET,Raw EEG Band-Limited Coherence,BetaL,,FC2,FC6,0.7898641301701257
MODULATION_DATASET,Raw EEG Band-Limited Coherence,BetaL,,FC2,C3,0.48680962532378236
MODULATION_DATASET,Raw EEG Band-Limited Coherence,BetaL,,FC2,Cz,0.8374236545932201
MODULATION_DATASET,Raw EEG Band-Limited Coherence,BetaL,,FC2,C4,0.7350669566267993
MODULATION_DATASET,Raw EEG Band-Limited Coherence,BetaL,,FC2,FT9,0.2139666238682198
MODULATION_DATASET,Raw EEG Band-Limited Coherence,BetaL,,FC2,FT10,0.30751279045642543
MODULATION_DATASET,Raw EEG Band-Limited Coherence,BetaL,,FC2,T7,0.25308259375358094
MODULATION_DATASET,Raw EEG Band-Limited Coherence,BetaL,,FC2,T8,0.5657869802823943
MODULATION_DATASET,Raw EEG Band-Limited Coherence,BetaL,,FC2,CP1,0.20589378588897844
MODULATION_DATASET,Raw EEG Band-Limited Coherence,BetaL,,FC2,CP2,0.37341581255546696
MODULATION_DATASET,Raw EEG Band-Limited Coherence,BetaL,,FC2,CP5,0.10150701012261816
MODULATION_DATASET,Raw EEG Band-Limited Coherence,BetaL,,FC2,CP6,0.42618683495512344
MODULATION_DATASET,Raw EEG Band-Limited Coherence,BetaL,,FC2,P3,0.05334360795086175
MODULATION_DATASET,Raw EEG Band-Limited Coherence,BetaL,,FC2,Pz,0.19644997064129988
MODULATION_DATASET,Raw EEG Band-Limited Coherence,BetaL,,FC2,P4,0.22812005860453918
MODULATION_DATASET,Raw EEG Band-Limited Coherence,BetaL,,FC2,P7,0.059519817397968425
MODULATION_DATASET,Raw EEG Band-Limited Coherence,BetaL,,FC2,P8,0.10498219558105715
MODULATION_DATASET,Raw EEG Band-Limited Coherence,BetaL,,FC2,O1,0.01336635465287565
MODULATION_DATASET,Raw EEG Band-Limited Coherence,BetaL,,FC2,Oz,0.006627249663564678
MODULATION_DATASET,Raw EEG Band-Limited Coherence,BetaL,,FC2,O2,0.008668442215078346
MODULATION_DATASET,Raw EEG Band-Limited Coherence,BetaL,,FC2,PO9,0.12469246670641679
MODULATION_DATASET,Raw EEG Band-Limited Coherence,BetaL,,FC2,PO10,0.013452671871356346
MODULATION_DATASET,Raw EEG Band-Limited Coherence,BetaL,,FC5,FC6,0.3659671576703054
MODULATION_DATASET,Raw EEG Band-Limited Coherence,BetaL,,FC5,C3,0.7030043379139758
MODULATION_DATASET,Raw EEG Band-Limited Coherence,BetaL,,FC5,Cz,0.5666660380426416
MODULATION_DATASET,Raw EEG Band-Limited Coherence,BetaL,,FC5,C4,0.27742720811800614
MODULATION_DATASET,Raw EEG Band-Limited Coherence,BetaL,,FC5,FT9,0.3103570913825114
MODULATION_DATASET,Raw EEG Band-Limited Coherence,BetaL,,FC5,FT10,0.14254749195334276
MODULATION_DATASET,Raw EEG Band-Limited Coherence,BetaL,,FC5,T7,0.6629704952390192
MODULATION_DATASET,Raw EEG Band-Limited Coherence,BetaL,,FC5,T8,0.21397535427875414
MODULATION_DATASET,Raw EEG Band-Limited Coherence,BetaL,,FC5,CP1,0.12384858713595287
MODULATION_DATASET,Raw EEG Band-Limited Coherence,BetaL,,FC5,CP2,0.1442782762334158
MODULATION_DATASET,Raw EEG Band-Limited Coherence,BetaL,,FC5,CP5,0.31025831973722917
MODULATION_DATASET,Raw EEG Band-Limited Coherence,BetaL,,FC5,CP6,0.1109296112315461
MODULATION_DATASET,Raw EEG Band-Limited Coherence,BetaL,,FC5,P3,0.03915433108840123
MODULATION_DATASET,Raw EEG Band-Limited Coherence,BetaL,,FC5,Pz,0.08445783174813479
MODULATION_DATASET,Raw EEG Band-Limited Coherence,BetaL,,FC5,P4,0.05379000769852972
MODULATION_DATASET,Raw EEG Band-Limited Coherence,BetaL,,FC5,P7,0.03608430728818743
MODULATION_DATASET,Raw EEG Band-Limited Coherence,BetaL,,FC5,P8,0.0075759376816349954
MODULATION_DATASET,Raw EEG Band-Limited Coherence,BetaL,,FC5,O1,0.048636899839716446
MODULATION_DATASET,Raw EEG Band-Limited Coherence,BetaL,,FC5,Oz,0.025434750064331987
MODULATION_DATASET,Raw EEG Band-Limited Coherence,BetaL,,FC5,O2,0.014700175528789059
MODULATION_DATASET,Raw EEG Band-Limited Coherence,BetaL,,FC5,PO9,0.27634973215060177
MODULATION_DATASET,Raw EEG Band-Limited Coherence,BetaL,,FC5,PO10,0.017241091316938767
MODULATION_DATASET,Raw EEG Band-Limited Coherence,BetaL,,FC6,C3,0.28963377169992965
MODULATION_DATASET,Raw EEG Band-Limited Coherence,BetaL,,FC6,Cz,0.5725077557325692
MODULATION_DATASET,Raw EEG Band-Limited Coherence,BetaL,,FC6,C4,0.8334749877897156
MODULATION_DATASET,Raw EEG Band-Limited Coherence,BetaL,,FC6,FT9,0.23254578062280434
MODULATION_DATASET,Raw EEG Band-Limited Coherence,BetaL,,FC6,FT10,0.5526387814803022
MODULATION_DATASET,Raw EEG Band-Limited Coherence,BetaL,,FC6,T7,0.1417993084543847
MODULATION_DATASET,Raw EEG Band-Limited Coherence,BetaL,,FC6,T8,0.86252472738693
MODULATION_DATASET,Raw EEG Band-Limited Coherence,BetaL,,FC6,CP1,0.1587328462991272
MODULATION_DATASET,Raw EEG Band-Limited Coherence,BetaL,,FC6,CP2,0.3649258009006767
MODULATION_DATASET,Raw EEG Band-Limited Coherence,BetaL,,FC6,CP5,0.031227474022210353
MODULATION_DATASET,Raw EEG Band-Limited Coherence,BetaL,,FC6,CP6,0.6579155053968568
MODULATION_DATASET,Raw EEG Band-Limited Coherence,BetaL,,FC6,P3,0.027496550626903943
MODULATION_DATASET,Raw EEG Band-Limited Coherence,BetaL,,FC6,Pz,0.1710610008181937
MODULATION_DATASET,Raw EEG Band-Limited Coherence,BetaL,,FC6,P4,0.2814059138787821
MODULATION_DATASET,Raw EEG Band-Limited Coherence,BetaL,,FC6,P7,0.09574343141520164
MODULATION_DATASET,Raw EEG Band-Limited Coherence,BetaL,,FC6,P8,0.24337692375139108
MODULATION_DATASET,Raw EEG Band-Limited Coherence,BetaL,,FC6,O1,0.00913388612756263
MODULATION_DATASET,Raw EEG Band-Limited Coherence,BetaL,,FC6,Oz,0.00885310476986834
MODULATION_DATASET,Raw EEG Band-Limited Coherence,BetaL,,FC6,O2,0.022487383598882325
MODULATION_DATASET,Raw EEG Band-Limited Coherence,BetaL,,FC6,PO9,0.0656697945530462
MODULATION_DATASET,Raw EEG Band-Limited Coherence,BetaL,,FC6,PO10,0.07500542430145235
MODULATION_DATASET,Raw EEG Band-Limited Coherence,BetaL,,C3,Cz,0.6424802829182484
MODULATION_DATASET,Raw EEG Band-Limited Coherence,BetaL,,C3,C4,0.31494156314388144
MODULATION_DATASET,Raw EEG Band-Limited Coherence,BetaL,,C3,FT9,0.08216029422668183
MODULATION_DATASET,Raw EEG Band-Limited Coherence,BetaL,,C3,FT10,0.04968779242889155
MODULATION_DATASET,Raw EEG Band-Limited Coherence,BetaL,,C3,T7,0.4703316153254977
MODULATION_DATASET,Raw EEG Band-Limited Coherence,BetaL,,C3,T8,0.1689524578437622
MODULATION_DATASET,Raw EEG Band-Limited Coherence,BetaL,,C3,CP1,0.41537772021931463
MODULATION_DATASET,Raw EEG Band-Limited Coherence,BetaL,,C3,CP2,0.36069960252380967
MODULATION_DATASET,Raw EEG Band-Limited Coherence,BetaL,,C3,CP5,0.6068289736816772
MODULATION_DATASET,Raw EEG Band-Limited Coherence,BetaL,,C3,CP6,0.16153726439213906
MODULATION_DATASET,Raw EEG Band-Limited Coherence,BetaL,,C3,P3,0.28078779672597853
MODULATION_DATASET,Raw EEG Band-Limited Coherence,BetaL,,C3,Pz,0.3302365895051243
MODULATION_DATASET,Raw EEG Band-Limited Coherence,BetaL,,C3,P4,0.19655891457945987
MODULATION_DATASET,Raw EEG Band-Limited Coherence,BetaL,,C3,P7,0.032831846323436
MODULATION_DATASET,Raw EEG Band-Limited Coherence,BetaL,,C3,P8,0.030510949116009288
MODULATION_DATASET,Raw EEG Band-Limited Coherence,BetaL,,C3,O1,0.01152971305009583
MODULATION_DATASET,Raw EEG Band-Limited Coherence,BetaL,,C3,Oz,0.018559347541613497
MODULATION_DATASET,Raw EEG Band-Limited Coherence,BetaL,,C3,O2,0.018868153659855103
MODULATION_DATASET,Raw EEG Band-Limited Coherence,BetaL,,C3,PO9,0.16365360259819944
MODULATION_DATASET,Raw EEG Band-Limited Coherence,BetaL,,C3,PO10,0.019007761648740202
MODULATION_DATASET,Raw EEG Band-Limited Coherence,BetaL,,Cz,C4,0.6125827840424367
MODULATION_DATASET,Raw EEG Band-Limited Coherence,BetaL,,Cz,FT9,0.12307484500087831
MODULATION_DATASET,Raw EEG Band-Limited Coherence,BetaL,,Cz,FT10,0.15142208356861023
MODULATION_DATASET,Raw EEG Band-Limited Coherence,BetaL,,Cz,T7,0.27025094711478903
MODULATION_DATASET,Raw EEG Band-Limited Coherence,BetaL,,Cz,T8,0.38396765324971244
MODULATION_DATASET,Raw EEG Band-Limited Coherence,BetaL,,Cz,CP1,0.36671102982143017
MODULATION_DATASET,Raw EEG Band-Limited Coherence,BetaL,,Cz,CP2,0.5002771565834364
MODULATION_DATASET,Raw EEG Band-Limited Coherence,BetaL,,Cz,CP5,0.22217585307110735
MODULATION_DATASET,Raw EEG Band-Limited Coherence,BetaL,,Cz,CP6,0.34865857652615406
MODULATION_DATASET,Raw EEG Band-Limited Coherence,BetaL,,Cz,P3,0.16433748874958304
MODULATION_DATASET,Raw EEG Band-Limited Coherence,BetaL,,Cz,Pz,0.34483182570473647
MODULATION_DATASET,Raw EEG Band-Limited Coherence,BetaL,,Cz,P4,0.3034227061903574
MODULATION_DATASET,Raw EEG Band-Limited Coherence,BetaL,,Cz,P7,0.016178475039380746
MODULATION_DATASET,Raw EEG Band-Limited Coherence,BetaL,,Cz,P8,0.09112783397233863
MODULATION_DATASET,Raw EEG Band-Limited Coherence,BetaL,,Cz,O1,0.008970297719673127
MODULATION_DATASET,Raw EEG Band-Limited Coherence,BetaL,,Cz,Oz,0.021311994958003212
MODULATION_DATASET,Raw EEG Band-Limited Coherence,BetaL,,Cz,O2,0.027551140539782748
MODULATION_DATASET,Raw EEG Band-Limited Coherence,BetaL,,Cz,PO9,0.12179602184403081
MODULATION_DATASET,Raw EEG Band-Limited Coherence,BetaL,,Cz,PO10,0.009365061990906563
MODULATION_DATASET,Raw EEG Band-Limited Coherence,BetaL,,C4,FT9,0.10785537197685384
MODULATION_DATASET,Raw EEG Band-Limited Coherence,BetaL,,C4,FT10,0.31646881575408037
MODULATION_DATASET,Raw EEG Band-Limited Coherence,BetaL,,C4,T7,0.09891548701482096
MODULATION_DATASET,Raw EEG Band-Limited Coherence,BetaL,,C4,T8,0.7454226806503652
MODULATION_DATASET,Raw EEG Band-Limited Coherence,BetaL,,C4,CP1,0.31169573783438764
MODULATION_DATASET,Raw EEG Band-Limited Coherence,BetaL,,C4,CP2,0.5875059036544598
MODULATION_DATASET,Raw EEG Band-Limited Coherence,BetaL,,C4,CP5,0.06511041447460952
MODULATION_DATASET,Raw EEG Band-Limited Coherence,BetaL,,C4,CP6,0.79658284128614
MODULATION_DATASET,Raw EEG Band-Limited Coherence,BetaL,,C4,P3,0.10608300695838749
MODULATION_DATASET,Raw EEG Band-Limited Coherence,BetaL,,C4,Pz,0.34420466067227706
MODULATION_DATASET,Raw EEG Band-Limited Coherence,BetaL,,C4,P4,0.4923798377411104
MODULATION_DATASET,Raw EEG Band-Limited Coherence,BetaL,,C4,P7,0.030809683186332468
MODULATION_DATASET,Raw EEG Band-Limited Coherence,BetaL,,C4,P8,0.3237130911068963
MODULATION_DATASET,Raw EEG Band-Limited Coherence,BetaL,,C4,O1,0.015816809737332887
MODULATION_DATASET,Raw EEG Band-Limited Coherence,BetaL,,C4,Oz,0.0517952733609322
MODULATION_DATASET,Raw EEG Band-Limited Coherence,BetaL,,C4,O2,0.08365485673541984
MODULATION_DATASET,Raw EEG Band-Limited Coherence,BetaL,,C4,PO9,0.04155749717226538
MODULATION_DATASET,Raw EEG Band-Limited Coherence,BetaL,,C4,PO10,0.08845820780926801
MODULATION_DATASET,Raw EEG Band-Limited Coherence,BetaL,,FT9,FT10,0.38563796769973135
MODULATION_DATASET,Raw EEG Band-Limited Coherence,BetaL,,FT9,T7,0.2508200148653714
MODULATION_DATASET,Raw EEG Band-Limited Coherence,BetaL,,FT9,T8,0.18982682965031217
MODULATION_DATASET,Raw EEG Band-Limited Coherence,BetaL,,FT9,CP1,0.07824770538734657
MODULATION_DATASET,Raw EEG Band-Limited Coherence,BetaL,,FT9,CP2,0.03661012090419434
MODULATION_DATASET,Raw EEG Band-Limited Coherence,BetaL,,FT9,CP5,0.04945800122516049
MODULATION_DATASET,Raw EEG Band-Limited Coherence,BetaL,,FT9,CP6,0.05229252202858814
MODULATION_DATASET,Raw EEG Band-Limited Coherence,BetaL,,FT9,P3,0.16646003945963028
MODULATION_DATASET,Raw EEG Band-Limited Coherence,BetaL,,FT9,Pz,0.07590276488950265
MODULATION_DATASET,Raw EEG Band-Limited Coherence,BetaL,,FT9,P4,0.03276332625704764
MODULATION_DATASET,Raw EEG Band-Limited Coherence,BetaL,,FT9,P7,0.3954515208126165
MODULATION_DATASET,Raw EEG Band-Limited Coherence,BetaL,,FT9,P8,0.011530163907161372
MODULATION_DATASET,Raw EEG Band-Limited Coherence,BetaL,,FT9,O1,0.2197233995262617
MODULATION_DATASET,Raw EEG Band-Limited Coherence,BetaL,,FT9,Oz,0.13929276754935951
MODULATION_DATASET,Raw EEG Band-Limited Coherence,BetaL,,FT9,O2,0.08312546001332297
MODULATION_DATASET,Raw EEG Band-Limited Coherence,BetaL,,FT9,PO9,0.1130351861793259
MODULATION_DATASET,Raw EEG Band-Limited Coherence,BetaL,,FT9,PO10,0.016041362444973006
MODULATION_DATASET,Raw EEG Band-Limited Coherence,BetaL,,FT10,T7,0.042158783098519254
MODULATION_DATASET,Raw EEG Band-Limited Coherence,BetaL,,FT10,T8,0.6468241806251753
MODULATION_DATASET,Raw EEG Band-Limited Coherence,BetaL,,FT10,CP1,0.018996245219790875
MODULATION_DATASET,Raw EEG Band-Limited Coherence,BetaL,,FT10,CP2,0.06403819588400003
MODULATION_DATASET,Raw EEG Band-Limited Coherence,BetaL,,FT10,CP5,0.04270542392741479
MODULATION_DATASET,Raw EEG Band-Limited Coherence,BetaL,,FT10,CP6,0.3107001752809125
MODULATION_DATASET,Raw EEG Band-Limited Coherence,BetaL,,FT10,P3,0.048405393848579545
MODULATION_DATASET,Raw EEG Band-Limited Coherence,BetaL,,FT10,Pz,0.02039482712771698
MODULATION_DATASET,Raw EEG Band-Limited Coherence,BetaL,,FT10,P4,0.05891252132775404
MODULATION_DATASET,Raw EEG Band-Limited Coherence,BetaL,,FT10,P7,0.25905327779660187
MODULATION_DATASET,Raw EEG Band-Limited Coherence,BetaL,,FT10,P8,0.17782371903730276
MODULATION_DATASET,Raw EEG Band-Limited Coherence,BetaL,,FT10,O1,0.04868368764553406
MODULATION_DATASET,Raw EEG Band-Limited Coherence,BetaL,,FT10,Oz,0.016981896084000296
MODULATION_DATASET,Raw EEG Band-Limited Coherence,BetaL,,FT10,O2,0.007490923281724927
MODULATION_DATASET,Raw EEG Band-Limited Coherence,BetaL,,FT10,PO9,0.007853543384962535
MODULATION_DATASET,Raw EEG Band-Limited Coherence,BetaL,,FT10,PO10,0.1619199021305333
MODULATION_DATASET,Raw EEG Band-Limited Coherence,BetaL,,T7,T8,0.06356896926404729
MODULATION_DATASET,Raw EEG Band-Limited Coherence,BetaL,,T7,CP1,0.04333738975925496
MODULATION_DATASET,Raw EEG Band-Limited Coherence,BetaL,,T7,CP2,0.03848995907536237
MODULATION_DATASET,Raw EEG Band-Limited Coherence,BetaL,,T7,CP5,0.33097197320141025
MODULATION_DATASET,Raw EEG Band-Limited Coherence,BetaL,,T7,CP6,0.022438796139762886
MODULATION_DATASET,Raw EEG Band-Limited Coherence,BetaL,,T7,P3,0.01266463099027184
MODULATION_DATASET,Raw EEG Band-Limited Coherence,BetaL,,T7,Pz,0.020280233718690838
MODULATION_DATASET,Raw EEG Band-Limited Coherence,BetaL,,T7,P4,0.004979768826360887
MODULATION_DATASET,Raw EEG Band-Limited Coherence,BetaL,,T7,P7,0.011273037642703109
MODULATION_DATASET,Raw EEG Band-Limited Coherence,BetaL,,T7,P8,0.00990019097697902
MODULATION_DATASET,Raw EEG Band-Limited Coherence,BetaL,,T7,O1,0.08151520377939012
MODULATION_DATASET,Raw EEG Band-Limited Coherence,BetaL,,T7,Oz,0.060575757617863296
MODULATION_DATASET,Raw EEG Band-Limited Coherence,BetaL,,T7,O2,0.04668564870757433
MODULATION_DATASET,Raw EEG Band-Limited Coherence,BetaL,,T7,PO9,0.35999386777703
MODULATION_DATASET,Raw EEG Band-Limited Coherence,BetaL,,T7,PO10,0.06743156879427978
MODULATION_DATASET,Raw EEG Band-Limited Coherence,BetaL,,T8,CP1,0.1379684678403364
MODULATION_DATASET,Raw EEG Band-Limited Coherence,BetaL,,T8,CP2,0.3487019879821779
MODULATION_DATASET,Raw EEG Band-Limited Coherence,BetaL,,T8,CP5,0.01003695426034373
MODULATION_DATASET,Raw EEG Band-Limited Coherence,BetaL,,T8,CP6,0.7671709407778715
MODULATION_DATASET,Raw EEG Band-Limited Coherence,BetaL,,T8,P3,0.022150630776954432
MODULATION_DATASET,Raw EEG Band-Limited Coherence,BetaL,,T8,Pz,0.1650059918659031
MODULATION_DATASET,Raw EEG Band-Limited Coherence,BetaL,,T8,P4,0.3273805192918796
MODULATION_DATASET,Raw EEG Band-Limited Coherence,BetaL,,T8,P7,0.09860812542325038
MODULATION_DATASET,Raw EEG Band-Limited Coherence,BetaL,,T8,P8,0.4196216038884389
MODULATION_DATASET,Raw EEG Band-Limited Coherence,BetaL,,T8,O1,0.004797864902682867
MODULATION_DATASET,Raw EEG Band-Limited Coherence,BetaL,,T8,Oz,0.02314539216181393
MODULATION_DATASET,Raw EEG Band-Limited Coherence,BetaL,,T8,O2,0.05708838259713771
MODULATION_DATASET,Raw EEG Band-Limited Coherence,BetaL,,T8,PO9,0.02266178191330441
MODULATION_DATASET,Raw EEG Band-Limited Coherence,BetaL,,T8,PO10,0.19341858338648485
MODULATION_DATASET,Raw EEG Band-Limited Coherence,BetaL,,CP1,CP2,0.7927167914995426
MODULATION_DATASET,Raw EEG Band-Limited Coherence,BetaL,,CP1,CP5,0.41674596538093084
MODULATION_DATASET,Raw EEG Band-Limited Coherence,BetaL,,CP1,CP6,0.3265492460556959
MODULATION_DATASET,Raw EEG Band-Limited Coherence,BetaL,,CP1,P3,0.8266544189225956
MODULATION_DATASET,Raw EEG Band-Limited Coherence,BetaL,,CP1,Pz,0.9128195555163947
MODULATION_DATASET,Raw EEG Band-Limited Coherence,BetaL,,CP1,P4,0.701502548646029
MODULATION_DATASET,Raw EEG Band-Limited Coherence,BetaL,,CP1,P7,0.2515808456551645
MODULATION_DATASET,Raw EEG Band-Limited Coherence,BetaL,,CP1,P8,0.24583577452114308
MODULATION_DATASET,Raw EEG Band-Limited Coherence,BetaL,,CP1,O1,0.48714176797584896
MODULATION_DATASET,Raw EEG Band-Limited Coherence,BetaL,,CP1,Oz,0.532892285130957
MODULATION_DATASET,Raw EEG Band-Limited Coherence,BetaL,,CP1,O2,0.4763297957714624
MODULATION_DATASET,Raw EEG Band-Limited Coherence,BetaL,,CP1,PO9,0.02982718831269693
MODULATION_DATASET,Raw EEG Band-Limited Coherence,BetaL,,CP1,PO10,0.08396117661475225
MODULATION_DATASET,Raw EEG Band-Limited Coherence,BetaL,,CP2,CP5,0.22404553362312885
MODULATION_DATASET,Raw EEG Band-Limited Coherence,BetaL,,CP2,CP6,0.6159157588968711
MODULATION_DATASET,Raw EEG Band-Limited Coherence,BetaL,,CP2,P3,0.5694998147270879
MODULATION_DATASET,Raw EEG Band-Limited Coherence,BetaL,,CP2,Pz,0.8649000572353623
MODULATION_DATASET,Raw EEG Band-Limited Coherence,BetaL,,CP2,P4,0.8784014400365017
MODULATION_DATASET,Raw EEG Band-Limited Coherence,BetaL,,CP2,P7,0.07519387206220238
MODULATION_DATASET,Raw EEG Band-Limited Coherence,BetaL,,CP2,P8,0.42893093621764306
MODULATION_DATASET,Raw EEG Band-Limited Coherence,BetaL,,CP2,O1,0.318557767405555
MODULATION_DATASET,Raw EEG Band-Limited Coherence,BetaL,,CP2,Oz,0.4392276335769788
MODULATION_DATASET,Raw EEG Band-Limited Coherence,BetaL,,CP2,O2,0.4626975082638744
MODULATION_DATASET,Raw EEG Band-Limited Coherence,BetaL,,CP2,PO9,0.014585890507528216
MODULATION_DATASET,Raw EEG Band-Limited Coherence,BetaL,,CP2,PO10,0.15811258607186435
MODULATION_DATASET,Raw EEG Band-Limited Coherence,BetaL,,CP5,CP6,0.028358719139301946
MODULATION_DATASET,Raw EEG Band-Limited Coherence,BetaL,,CP5,P3,0.4506518368046252
MODULATION_DATASET,Raw EEG Band-Limited Coherence,BetaL,,CP5,Pz,0.31368224413809753
MODULATION_DATASET,Raw EEG Band-Limited Coherence,BetaL,,CP5,P4,0.11694824929552328
MODULATION_DATASET,Raw EEG Band-Limited Coherence,BetaL,,CP5,P7,0.26512018606036925
MODULATION_DATASET,Raw EEG Band-Limited Coherence,BetaL,,CP5,P8,0.00637907030450523
MODULATION_DATASET,Raw EEG Band-Limited Coherence,BetaL,,CP5,O1,0.06877383897502576
MODULATION_DATASET,Raw EEG Band-Limited Coherence,BetaL,,CP5,Oz,0.05082158954749948
MODULATION_DATASET,Raw EEG Band-Limited Coherence,BetaL,,CP5,O2,0.03151018753298089
MODULATION_DATASET,Raw EEG Band-Limited Coherence,BetaL,,CP5,PO9,0.08996317724034789
MODULATION_DATASET,Raw EEG Band-Limited Coherence,BetaL,,CP5,PO10,0.061412222792060475
MODULATION_DATASET,Raw EEG Band-Limited Coherence,BetaL,,CP6,P3,0.12592032384298893
MODULATION_DATASET,Raw EEG Band-Limited Coherence,BetaL,,CP6,Pz,0.3929888459961314
MODULATION_DATASET,Raw EEG Band-Limited Coherence,BetaL,,CP6,P4,0.658353543929351
MODULATION_DATASET,Raw EEG Band-Limited Coherence,BetaL,,CP6,P7,0.01913377138144136
MODULATION_DATASET,Raw EEG Band-Limited Coherence,BetaL,,CP6,P8,0.6307977966870539
MODULATION_DATASET,Raw EEG Band-Limited Coherence,BetaL,,CP6,O1,0.05998695368272805
MODULATION_DATASET,Raw EEG Band-Limited Coherence,BetaL,,CP6,Oz,0.1509181096360454
MODULATION_DATASET,Raw EEG Band-Limited Coherence,BetaL,,CP6,O2,0.23550955345007057
MODULATION_DATASET,Raw EEG Band-Limited Coherence,BetaL,,CP6,PO9,0.006715921979228263
MODULATION_DATASET,Raw EEG Band-Limited Coherence,BetaL,,CP6,PO10,0.2779996388898035
MODULATION_DATASET,Raw EEG Band-Limited Coherence,BetaL,,P3,Pz,0.7914423247150297
MODULATION_DATASET,Raw EEG Band-Limited Coherence,BetaL,,P3,P4,0.49078393253079555
MODULATION_DATASET,Raw EEG Band-Limited Coherence,BetaL,,P3,P7,0.4554574951175592
MODULATION_DATASET,Raw EEG Band-Limited Coherence,BetaL,,P3,P8,0.1174371311307881
MODULATION_DATASET,Raw EEG Band-Limited Coherence,BetaL,,P3,O1,0.6088314562341994
MODULATION_DATASET,Raw EEG Band-Limited Coherence,BetaL,,P3,Oz,0.5689193339684661
MODULATION_DATASET,Raw EEG Band-Limited Coherence,BetaL,,P3,O2,0.4445365488951195
MODULATION_DATASET,Raw EEG Band-Limited Coherence,BetaL,,P3,PO9,0.05475446647091118
MODULATION_DATASET,Raw EEG Band-Limited Coherence,BetaL,,P3,PO10,0.04339726276476844
MODULATION_DATASET,Raw EEG Band-Limited Coherence,BetaL,,Pz,P4,0.8041546752746778
MODULATION_DATASET,Raw EEG Band-Limited Coherence,BetaL,,Pz,P7,0.20501519225155435
MODULATION_DATASET,Raw EEG Band-Limited Coherence,BetaL,,Pz,P8,0.3241926565389164
MODULATION_DATASET,Raw EEG Band-Limited Coherence,BetaL,,Pz,O1,0.5117675643184861
MODULATION_DATASET,Raw EEG Band-Limited Coherence,BetaL,,Pz,Oz,0.5965221413855964
MODULATION_DATASET,Raw EEG Band-Limited Coherence,BetaL,,Pz,O2,0.5566299557108569
MODULATION_DATASET,Raw EEG Band-Limited Coherence,BetaL,,Pz,PO9,0.030032063593950102
MODULATION_DATASET,Raw EEG Band-Limited Coherence,BetaL,,Pz,PO10,0.12531076943480846
MODULATION_DATASET,Raw EEG Band-Limited Coherence,BetaL,,P4,P7,0.059086875969087724
MODULATION_DATASET,Raw EEG Band-Limited Coherence,BetaL,,P4,P8,0.6157829898390734
MODULATION_DATASET,Raw EEG Band-Limited Coherence,BetaL,,P4,O1,0.37942832817796146
MODULATION_DATASET,Raw EEG Band-Limited Coherence,BetaL,,P4,Oz,0.5584653439590994
MODULATION_DATASET,Raw EEG Band-Limited Coherence,BetaL,,P4,O2,0.6364896799510831
MODULATION_DATASET,Raw EEG Band-Limited Coherence,BetaL,,P4,PO9,0.02322607023515218
MODULATION_DATASET,Raw EEG Band-Limited Coherence,BetaL,,P4,PO10,0.302411130578248
MODULATION_DATASET,Raw EEG Band-Limited Coherence,BetaL,,P7,P8,0.008261583647307752
MODULATION_DATASET,Raw EEG Band-Limited Coherence,BetaL,,P7,O1,0.4143419008033476
MODULATION_DATASET,Raw EEG Band-Limited Coherence,BetaL,,P7,Oz,0.24486157058202063
MODULATION_DATASET,Raw EEG Band-Limited Coherence,BetaL,,P7,O2,0.13461603012284484
MODULATION_DATASET,Raw EEG Band-Limited Coherence,BetaL,,P7,PO9,0.1568987892467575
MODULATION_DATASET,Raw EEG Band-Limited Coherence,BetaL,,P7,PO10,0.03798002079927177
MODULATION_DATASET,Raw EEG Band-Limited Coherence,BetaL,,P8,O1,0.16911311119602024
MODULATION_DATASET,Raw EEG Band-Limited Coherence,BetaL,,P8,Oz,0.3426238206411607
MODULATION_DATASET,Raw EEG Band-Limited Coherence,BetaL,,P8,O2,0.5272823545578493
MODULATION_DATASET,Raw EEG Band-Limited Coherence,BetaL,,P8,PO9,0.04223892077630781
MODULATION_DATASET,Raw EEG Band-Limited Coherence,BetaL,,P8,PO10,0.7390253305723173
MODULATION_DATASET,Raw EEG Band-Limited Coherence,BetaL,,O1,Oz,0.8819034038464986
MODULATION_DATASET,Raw EEG Band-Limited Coherence,BetaL,,O1,O2,0.7012058671109389
MODULATION_DATASET,Raw EEG Band-Limited Coherence,BetaL,,O1,PO9,0.3432731878708989
MODULATION_DATASET,Raw EEG Band-Limited Coherence,BetaL,,O1,PO10,0.15351074616117802
MODULATION_DATASET,Raw EEG Band-Limited Coherence,BetaL,,Oz,O2,0.8962772068819627
MODULATION_DATASET,Raw EEG Band-Limited Coherence,BetaL,,Oz,PO9,0.24873202635563488
MODULATION_DATASET,Raw EEG Band-Limited Coherence,BetaL,,Oz,PO10,0.3007377175797773
MODULATION_DATASET,Raw EEG Band-Limited Coherence,BetaL,,O2,PO9,0.18450657042440854
MODULATION_DATASET,Raw EEG Band-Limited Coherence,BetaL,,O2,PO10,0.4560284515808505
MODULATION_DATASET,Raw EEG Band-Limited Coherence,BetaL,,PO9,PO10,0.164890902880883
MODULATION_DATASET,Raw EEG Band-Limited Coherence,BetaH,,Fp1,Fp2,0.6768303268073733
MODULATION_DATASET,Raw EEG Band-Limited Coherence,BetaH,,Fp1,F7,0.7283416077437983
MODULATION_DATASET,Raw EEG Band-Limited Coherence,BetaH,,Fp1,F3,0.6411083619864824
MODULATION_DATASET,Raw EEG Band-Limited Coherence,BetaH,,Fp1,Fz,0.5598922179489655
MODULATION_DATASET,Raw EEG Band-Limited Coherence,BetaH,,Fp1,F4,0.5040086178985506
MODULATION_DATASET,Raw EEG Band-Limited Coherence,BetaH,,Fp1,F8,0.43435769004844066
MODULATION_DATASET,Raw EEG Band-Limited Coherence,BetaH,,Fp1,FC1,0.37297925342140636
MODULATION_DATASET,Raw EEG Band-Limited Coherence,BetaH,,Fp1,FC2,0.3847055270327497
MODULATION_DATASET,Raw EEG Band-Limited Coherence,BetaH,,Fp1,FC5,0.4520467965733101
MODULATION_DATASET,Raw EEG Band-Limited Coherence,BetaH,,Fp1,FC6,0.3383303869490352
MODULATION_DATASET,Raw EEG Band-Limited Coherence,BetaH,,Fp1,C3,0.17462460249695744
MODULATION_DATASET,Raw EEG Band-Limited Coherence,BetaH,,Fp1,Cz,0.231570581403828
MODULATION_DATASET,Raw EEG Band-Limited Coherence,BetaH,,Fp1,C4,0.1763383094175487
MODULATION_DATASET,Raw EEG Band-Limited Coherence,BetaH,,Fp1,FT9,0.49254290772841713
MODULATION_DATASET,Raw EEG Band-Limited Coherence,BetaH,,Fp1,FT10,0.3210757592496514
MODULATION_DATASET,Raw EEG Band-Limited Coherence,BetaH,,Fp1,T7,0.22525617665353803
MODULATION_DATASET,Raw EEG Band-Limited Coherence,BetaH,,Fp1,T8,0.23256384168224672
MODULATION_DATASET,Raw EEG Band-Limited Coherence,BetaH,,Fp1,CP1,0.021185557486813014
MODULATION_DATASET,Raw EEG Band-Limited Coherence,BetaH,,Fp1,CP2,0.03715435331897327
MODULATION_DATASET,Raw EEG Band-Limited Coherence,BetaH,,Fp1,CP5,0.02114359029213053
MODULATION_DATASET,Raw EEG Band-Limited Coherence,BetaH,,Fp1,CP6,0.06840489305437604
MODULATION_DATASET,Raw EEG Band-Limited Coherence,BetaH,,Fp1,P3,0.030358764536546647
MODULATION_DATASET,Raw EEG Band-Limited Coherence,BetaH,,Fp1,Pz,0.017967543605921774
MODULATION_DATASET,Raw EEG Band-Limited Coherence,BetaH,,Fp1,P4,0.014700112058865348
MODULATION_DATASET,Raw EEG Band-Limited Coherence,BetaH,,Fp1,P7,0.13231209049659756
MODULATION_DATASET,Raw EEG Band-Limited Coherence,BetaH,,Fp1,P8,0.012598418233418843
MODULATION_DATASET,Raw EEG Band-Limited Coherence,BetaH,,Fp1,O1,0.08263671051573016
MODULATION_DATASET,Raw EEG Band-Limited Coherence,BetaH,,Fp1,Oz,0.04962200168385897
MODULATION_DATASET,Raw EEG Band-Limited Coherence,BetaH,,Fp1,O2,0.02748168174775684
MODULATION_DATASET,Raw EEG Band-Limited Coherence,BetaH,,Fp1,PO9,0.09462542519324176
MODULATION_DATASET,Raw EEG Band-Limited Coherence,BetaH,,Fp1,PO10,0.0030001230103323274
MODULATION_DATASET,Raw EEG Band-Limited Coherence,BetaH,,Fp2,F7,0.4398595596078793
MODULATION_DATASET,Raw EEG Band-Limited Coherence,BetaH,,Fp2,F3,0.4883367266460162
MODULATION_DATASET,Raw EEG Band-Limited Coherence,BetaH,,Fp2,Fz,0.5225042988009032
MODULATION_DATASET,Raw EEG Band-Limited Coherence,BetaH,,Fp2,F4,0.6367936854870383
MODULATION_DATASET,Raw EEG Band-Limited Coherence,BetaH,,Fp2,F8,0.6747995198660448
MODULATION_DATASET,Raw EEG Band-Limited Coherence,BetaH,,Fp2,FC1,0.32149546305247306
MODULATION_DATASET,Raw EEG Band-Limited Coherence,BetaH,,Fp2,FC2,0.401726943007582
MODULATION_DATASET,Raw EEG Band-Limited Coherence,BetaH,,Fp2,FC5,0.28194164494817625
MODULATION_DATASET,Raw EEG Band-Limited Coherence,BetaH,,Fp2,FC6,0.4553028212841167
MODULATION_DATASET,Raw EEG Band-Limited Coherence,BetaH,,Fp2,C3,0.1241690943836615
MODULATION_DATASET,Raw EEG Band-Limited Coherence,BetaH,,Fp2,Cz,0.21476815927716075
MODULATION_DATASET,Raw EEG Band-Limited Coherence,BetaH,,Fp2,C4,0.23281315606882794
MODULATION_DATASET,Raw EEG Band-Limited Coherence,BetaH,,Fp2,FT9,0.37516491072750807
MODULATION_DATASET,Raw EEG Band-Limited Coherence,BetaH,,Fp2,FT10,0.46507660307002435
MODULATION_DATASET,Raw EEG Band-Limited Coherence,BetaH,,Fp2,T7,0.1255309175537732
MODULATION_DATASET,Raw EEG Band-Limited Coherence,BetaH,,Fp2,T8,0.33598221380751525
MODULATION_DATASET,Raw EEG Band-Limited Coherence,BetaH,,Fp2,CP1,0.023175307665702933
MODULATION_DATASET,Raw EEG Band-Limited Coherence,BetaH,,Fp2,CP2,0.04990807496060928
MODULATION_DATASET,Raw EEG Band-Limited Coherence,BetaH,,Fp2,CP5,0.017839662508198705
MODULATION_DATASET,Raw EEG Band-Limited Coherence,BetaH,,Fp2,CP6,0.11413795560657164
MODULATION_DATASET,Raw EEG Band-Limited Coherence,BetaH,,Fp2,P3,0.027092956372228753
MODULATION_DATASET,Raw EEG Band-Limited Coherence,BetaH,,Fp2,Pz,0.020547732762952
MODULATION_DATASET,Raw EEG Band-Limited Coherence,BetaH,,Fp2,P4,0.02502480084989951
MODULATION_DATASET,Raw EEG Band-Limited Coherence,BetaH,,Fp2,P7,0.127301777633797
MODULATION_DATASET,Raw EEG Band-Limited Coherence,BetaH,,Fp2,P8,0.031288215649264706
MODULATION_DATASET,Raw EEG Band-Limited Coherence,BetaH,,Fp2,O1,0.059406227888465196
MODULATION_DATASET,Raw EEG Band-Limited Coherence,BetaH,,Fp2,Oz,0.03211374823738557
MODULATION_DATASET,Raw EEG Band-Limited Coherence,BetaH,,Fp2,O2,0.015794845005821966
MODULATION_DATASET,Raw EEG Band-Limited Coherence,BetaH,,Fp2,PO9,0.056610787372044835
MODULATION_DATASET,Raw EEG Band-Limited Coherence,BetaH,,Fp2,PO10,0.008889100440065346
MODULATION_DATASET,Raw EEG Band-Limited Coherence,BetaH,,F7,F3,0.6274401713703903
MODULATION_DATASET,Raw EEG Band-Limited Coherence,BetaH,,F7,Fz,0.4609568620144293
MODULATION_DATASET,Raw EEG Band-Limited Coherence,BetaH,,F7,F4,0.361251830545004
MODULATION_DATASET,Raw EEG Band-Limited Coherence,BetaH,,F7,F8,0.2815553861856329
MODULATION_DATASET,Raw EEG Band-Limited Coherence,BetaH,,F7,FC1,0.3462615596458628
MODULATION_DATASET,Raw EEG Band-Limited Coherence,BetaH,,F7,FC2,0.3021151180910272
MODULATION_DATASET,Raw EEG Band-Limited Coherence,BetaH,,F7,FC5,0.6296804417204084
MODULATION_DATASET,Raw EEG Band-Limited Coherence,BetaH,,F7,FC6,0.23285316372961745
MODULATION_DATASET,Raw EEG Band-Limited Coherence,BetaH,,F7,C3,0.22452164133498093
MODULATION_DATASET,Raw EEG Band-Limited Coherence,BetaH,,F7,Cz,0.20039078386502923
MODULATION_DATASET,Raw EEG Band-Limited Coherence,BetaH,,F7,C4,0.11924895962727236
MODULATION_DATASET,Raw EEG Band-Limited Coherence,BetaH,,F7,FT9,0.5694092493785026
MODULATION_DATASET,Raw EEG Band-Limited Coherence,BetaH,,F7,FT10,0.20966436888142614
MODULATION_DATASET,Raw EEG Band-Limited Coherence,BetaH,,F7,T7,0.38421464099217184
MODULATION_DATASET,Raw EEG Band-Limited Coherence,BetaH,,F7,T8,0.1471406324663037
MODULATION_DATASET,Raw EEG Band-Limited Coherence,BetaH,,F7,CP1,0.01751030206706761
MODULATION_DATASET,Raw EEG Band-Limited Coherence,BetaH,,F7,CP2,0.02232484596355057
MODULATION_DATASET,Raw EEG Band-Limited Coherence,BetaH,,F7,CP5,0.035351501638804475
MODULATION_DATASET,Raw EEG Band-Limited Coherence,BetaH,,F7,CP6,0.035500164991170965
MODULATION_DATASET,Raw EEG Band-Limited Coherence,BetaH,,F7,P3,0.031718771287348374
MODULATION_DATASET,Raw EEG Band-Limited Coherence,BetaH,,F7,Pz,0.014976809746299807
MODULATION_DATASET,Raw EEG Band-Limited Coherence,BetaH,,F7,P4,0.00866865364887084
MODULATION_DATASET,Raw EEG Band-Limited Coherence,BetaH,,F7,P7,0.1307826126414323
MODULATION_DATASET,Raw EEG Band-Limited Coherence,BetaH,,F7,P8,0.003443443071859568
MODULATION_DATASET,Raw EEG Band-Limited Coherence,BetaH,,F7,O1,0.11393019143523457
MODULATION_DATASET,Raw EEG Band-Limited Coherence,BetaH,,F7,Oz,0.07608822894680362
MODULATION_DATASET,Raw EEG Band-Limited Coherence,BetaH,,F7,O2,0.04666890861900684
MODULATION_DATASET,Raw EEG Band-Limited Coherence,BetaH,,F7,PO9,0.14996803512661008
MODULATION_DATASET,Raw EEG Band-Limited Coherence,BetaH,,F7,PO10,0.00800157172001108
MODULATION_DATASET,Raw EEG Band-Limited Coherence,BetaH,,F3,Fz,0.8720396653048285
MODULATION_DATASET,Raw EEG Band-Limited Coherence,BetaH,,F3,F4,0.673827851957562
MODULATION_DATASET,Raw EEG Band-Limited Coherence,BetaH,,F3,F8,0.3772183479003061
MODULATION_DATASET,Raw EEG Band-Limited Coherence,BetaH,,F3,FC1,0.7862819961316124
MODULATION_DATASET,Raw EEG Band-Limited Coherence,BetaH,,F3,FC2,0.7092700836497602
MODULATION_DATASET,Raw EEG Band-Limited Coherence,BetaH,,F3,FC5,0.7376793656509
MODULATION_DATASET,Raw EEG Band-Limited Coherence,BetaH,,F3,FC6,0.5104675968209356
MODULATION_DATASET,Raw EEG Band-Limited Coherence,BetaH,,F3,C3,0.49831241222484857
MODULATION_DATASET,Raw EEG Band-Limited Coherence,BetaH,,F3,Cz,0.5706316655157408
MODULATION_DATASET,Raw EEG Band-Limited Coherence,BetaH,,F3,C4,0.3872858762804249
MODULATION_DATASET,Raw EEG Band-Limited Coherence,BetaH,,F3,FT9,0.304073440707885
MODULATION_DATASET,Raw EEG Band-Limited Coherence,BetaH,,F3,FT10,0.23026554779576713
MODULATION_DATASET,Raw EEG Band-Limited Coherence,BetaH,,F3,T7,0.3675260866890395
MODULATION_DATASET,Raw EEG Band-Limited Coherence,BetaH,,F3,T8,0.3368293797581584
MODULATION_DATASET,Raw EEG Band-Limited Coherence,BetaH,,F3,CP1,0.12520704151514953
MODULATION_DATASET,Raw EEG Band-Limited Coherence,BetaH,,F3,CP2,0.18631018410144765
MODULATION_DATASET,Raw EEG Band-Limited Coherence,BetaH,,F3,CP5,0.11382902732403379
MODULATION_DATASET,Raw EEG Band-Limited Coherence,BetaH,,F3,CP6,0.17420170480084585
MODULATION_DATASET,Raw EEG Band-Limited Coherence,BetaH,,F3,P3,0.03321158581321815
MODULATION_DATASET,Raw EEG Band-Limited Coherence,BetaH,,F3,Pz,0.10338836307915356
MODULATION_DATASET,Raw EEG Band-Limited Coherence,BetaH,,F3,P4,0.09486443566490081
MODULATION_DATASET,Raw EEG Band-Limited Coherence,BetaH,,F3,P7,0.04361940950018789
MODULATION_DATASET,Raw EEG Band-Limited Coherence,BetaH,,F3,P8,0.04989068724495239
MODULATION_DATASET,Raw EEG Band-Limited Coherence,BetaH,,F3,O1,0.025514347234308205
MODULATION_DATASET,Raw EEG Band-Limited Coherence,BetaH,,F3,Oz,0.011137817336636121
MODULATION_DATASET,Raw EEG Band-Limited Coherence,BetaH,,F3,O2,0.007696026745352301
MODULATION_DATASET,Raw EEG Band-Limited Coherence,BetaH,,F3,PO9,0.1357038932456925
MODULATION_DATASET,Raw EEG Band-Limited Coherence,BetaH,,F3,PO10,0.01094190357527597
MODULATION_DATASET,Raw EEG Band-Limited Coherence,BetaH,,Fz,F4,0.8189925427506913
MODULATION_DATASET,Raw EEG Band-Limited Coherence,BetaH,,Fz,F8,0.43932141686747506
MODULATION_DATASET,Raw EEG Band-Limited Coherence,BetaH,,Fz,FC1,0.825306996161769
MODULATION_DATASET,Raw EEG Band-Limited Coherence,BetaH,,Fz,FC2,0.8757011931563943
MODULATION_DATASET,Raw EEG Band-Limited Coherence,BetaH,,Fz,FC5,0.5667015411090447
MODULATION_DATASET,Raw EEG Band-Limited Coherence,BetaH,,Fz,FC6,0.6264579782352411
MODULATION_DATASET,Raw EEG Band-Limited Coherence,BetaH,,Fz,C3,0.44162003207981815
MODULATION_DATASET,Raw EEG Band-Limited Coherence,BetaH,,Fz,Cz,0.6837994232692535
MODULATION_DATASET,Raw EEG Band-Limited Coherence,BetaH,,Fz,C4,0.49208950454974265
MODULATION_DATASET,Raw EEG Band-Limited Coherence,BetaH,,Fz,FT9,0.2501054579869122
MODULATION_DATASET,Raw EEG Band-Limited Coherence,BetaH,,Fz,FT10,0.2590918904732249
MODULATION_DATASET,Raw EEG Band-Limited Coherence,BetaH,,Fz,T7,0.2631261274732601
MODULATION_DATASET,Raw EEG Band-Limited Coherence,BetaH,,Fz,T8,0.4107364120753656
MODULATION_DATASET,Raw EEG Band-Limited Coherence,BetaH,,Fz,CP1,0.1455319889932621
MODULATION_DATASET,Raw EEG Band-Limited Coherence,BetaH,,Fz,CP2,0.23359914145828492
MODULATION_DATASET,Raw EEG Band-Limited Coherence,BetaH,,Fz,CP5,0.0834529775413118
MODULATION_DATASET,Raw EEG Band-Limited Coherence,BetaH,,Fz,CP6,0.2216187087535676
MODULATION_DATASET,Raw EEG Band-Limited Coherence,BetaH,,Fz,P3,0.038480776234502974
MODULATION_DATASET,Raw EEG Band-Limited Coherence,BetaH,,Fz,Pz,0.12754023558254
MODULATION_DATASET,Raw EEG Band-Limited Coherence,BetaH,,Fz,P4,0.12492693447005025
MODULATION_DATASET,Raw EEG Band-Limited Coherence,BetaH,,Fz,P7,0.04335864393533847
MODULATION_DATASET,Raw EEG Band-Limited Coherence,BetaH,,Fz,P8,0.06584435272732884
MODULATION_DATASET,Raw EEG Band-Limited Coherence,BetaH,,Fz,O1,0.020573524634684967
MODULATION_DATASET,Raw EEG Band-Limited Coherence,BetaH,,Fz,Oz,0.00889850413742415
MODULATION_DATASET,Raw EEG Band-Limited Coherence,BetaH,,Fz,O2,0.007512976900383607
MODULATION_DATASET,Raw EEG Band-Limited Coherence,BetaH,,Fz,PO9,0.10589318238026278
MODULATION_DATASET,Raw EEG Band-Limited Coherence,BetaH,,Fz,PO10,0.008040097597768168
MODULATION_DATASET,Raw EEG Band-Limited Coherence,BetaH,,F4,F8,0.6932243305022219
MODULATION_DATASET,Raw EEG Band-Limited Coherence,BetaH,,F4,FC1,0.6093819001814738
MODULATION_DATASET,Raw EEG Band-Limited Coherence,BetaH,,F4,FC2,0.8046505832719055
MODULATION_DATASET,Raw EEG Band-Limited Coherence,BetaH,,F4,FC5,0.3637833067653367
MODULATION_DATASET,Raw EEG Band-Limited Coherence,BetaH,,F4,FC6,0.8214618578181633
MODULATION_DATASET,Raw EEG Band-Limited Coherence,BetaH,,F4,C3,0.262207311806086
MODULATION_DATASET,Raw EEG Band-Limited Coherence,BetaH,,F4,Cz,0.5008421440300459
MODULATION_DATASET,Raw EEG Band-Limited Coherence,BetaH,,F4,C4,0.5833202452473998
MODULATION_DATASET,Raw EEG Band-Limited Coherence,BetaH,,F4,FT9,0.25277925298717757
MODULATION_DATASET,Raw EEG Band-Limited Coherence,BetaH,,F4,FT10,0.4283958064367195
MODULATION_DATASET,Raw EEG Band-Limited Coherence,BetaH,,F4,T7,0.1516686419835933
MODULATION_DATASET,Raw EEG Band-Limited Coherence,BetaH,,F4,T8,0.5916423027749685
MODULATION_DATASET,Raw EEG Band-Limited Coherence,BetaH,,F4,CP1,0.10278366793299568
MODULATION_DATASET,Raw EEG Band-Limited Coherence,BetaH,,F4,CP2,0.214203081715603
MODULATION_DATASET,Raw EEG Band-Limited Coherence,BetaH,,F4,CP5,0.029598649687758175
MODULATION_DATASET,Raw EEG Band-Limited Coherence,BetaH,,F4,CP6,0.31643630918868065
MODULATION_DATASET,Raw EEG Band-Limited Coherence,BetaH,,F4,P3,0.02145295164363829
MODULATION_DATASET,Raw EEG Band-Limited Coherence,BetaH,,F4,Pz,0.09999590620060005
MODULATION_DATASET,Raw EEG Band-Limited Coherence,BetaH,,F4,P4,0.13389066125922872
MODULATION_DATASET,Raw EEG Band-Limited Coherence,BetaH,,F4,P7,0.06940102385367551
MODULATION_DATASET,Raw EEG Band-Limited Coherence,BetaH,,F4,P8,0.10790276826076838
MODULATION_DATASET,Raw EEG Band-Limited Coherence,BetaH,,F4,O1,0.02373210091220524
MODULATION_DATASET,Raw EEG Band-Limited Coherence,BetaH,,F4,Oz,0.00922162226849393
MODULATION_DATASET,Raw EEG Band-Limited Coherence,BetaH,,F4,O2,0.007287562475065489
MODULATION_DATASET,Raw EEG Band-Limited Coherence,BetaH,,F4,PO9,0.0693291425682302
MODULATION_DATASET,Raw EEG Band-Limited Coherence,BetaH,,F4,PO10,0.017776041099233017
MODULATION_DATASET,Raw EEG Band-Limited Coherence,BetaH,,F8,FC1,0.2763057460926302
MODULATION_DATASET,Raw EEG Band-Limited Coherence,BetaH,,F8,FC2,0.4069240761624028
MODULATION_DATASET,Raw EEG Band-Limited Coherence,BetaH,,F8,FC5,0.17628512314637057
MODULATION_DATASET,Raw EEG Band-Limited Coherence,BetaH,,F8,FC6,0.6776975058512984
MODULATION_DATASET,Raw EEG Band-Limited Coherence,BetaH,,F8,C3,0.09295921685851469
MODULATION_DATASET,Raw EEG Band-Limited Coherence,BetaH,,F8,Cz,0.1976589924138952
MODULATION_DATASET,Raw EEG Band-Limited Coherence,BetaH,,F8,C4,0.3766050028769595
MODULATION_DATASET,Raw EEG Band-Limited Coherence,BetaH,,F8,FT9,0.31772663724395606
MODULATION_DATASET,Raw EEG Band-Limited Coherence,BetaH,,F8,FT10,0.7215368304594956
MODULATION_DATASET,Raw EEG Band-Limited Coherence,BetaH,,F8,T7,0.06487406619964269
MODULATION_DATASET,Raw EEG Band-Limited Coherence,BetaH,,F8,T8,0.6055825311812857
MODULATION_DATASET,Raw EEG Band-Limited Coherence,BetaH,,F8,CP1,0.0350324594749615
MODULATION_DATASET,Raw EEG Band-Limited Coherence,BetaH,,F8,CP2,0.09091044614977917
MODULATION_DATASET,Raw EEG Band-Limited Coherence,BetaH,,F8,CP5,0.027258609556140637
MODULATION_DATASET,Raw EEG Band-Limited Coherence,BetaH,,F8,CP6,0.2696594790842647
MODULATION_DATASET,Raw EEG Band-Limited Coherence,BetaH,,F8,P3,0.02949919599642289
MODULATION_DATASET,Raw EEG Band-Limited Coherence,BetaH,,F8,Pz,0.0353837981477709
MODULATION_DATASET,Raw EEG Band-Limited Coherence,BetaH,,F8,P4,0.06785300709461951
MODULATION_DATASET,Raw EEG Band-Limited Coherence,BetaH,,F8,P7,0.14703273345501686
MODULATION_DATASET,Raw EEG Band-Limited Coherence,BetaH,,F8,P8,0.11662761577020195
MODULATION_DATASET,Raw EEG Band-Limited Coherence,BetaH,,F8,O1,0.04456142824713463
MODULATION_DATASET,Raw EEG Band-Limited Coherence,BetaH,,F8,Oz,0.018865925493000715
MODULATION_DATASET,Raw EEG Band-Limited Coherence,BetaH,,F8,O2,0.00778558234166197
MODULATION_DATASET,Raw EEG Band-Limited Coherence,BetaH,,F8,PO9,0.029380267242098992
MODULATION_DATASET,Raw EEG Band-Limited Coherence,BetaH,,F8,PO10,0.04940825399714012
MODULATION_DATASET,Raw EEG Band-Limited Coherence,BetaH,,FC1,FC2,0.7888393952754952
MODULATION_DATASET,Raw EEG Band-Limited Coherence,BetaH,,FC1,FC5,0.6211615974138236
MODULATION_DATASET,Raw EEG Band-Limited Coherence,BetaH,,FC1,FC6,0.5153689199311163
MODULATION_DATASET,Raw EEG Band-Limited Coherence,BetaH,,FC1,C3,0.662605692549009
MODULATION_DATASET,Raw EEG Band-Limited Coherence,BetaH,,FC1,Cz,0.787704991647578
MODULATION_DATASET,Raw EEG Band-Limited Coherence,BetaH,,FC1,C4,0.4955811040508134
MODULATION_DATASET,Raw EEG Band-Limited Coherence,BetaH,,FC1,FT9,0.15536733007949372
MODULATION_DATASET,Raw EEG Band-Limited Coherence,BetaH,,FC1,FT10,0.15414127922375295
MODULATION_DATASET,Raw EEG Band-Limited Coherence,BetaH,,FC1,T7,0.314757112149868
MODULATION_DATASET,Raw EEG Band-Limited Coherence,BetaH,,FC1,T8,0.3408607509225711
MODULATION_DATASET,Raw EEG Band-Limited Coherence,BetaH,,FC1,CP1,0.31781043897567224
MODULATION_DATASET,Raw EEG Band-Limited Coherence,BetaH,,FC1,CP2,0.3809682414835079
MODULATION_DATASET,Raw EEG Band-Limited Coherence,BetaH,,FC1,CP5,0.23426920384682445
MODULATION_DATASET,Raw EEG Band-Limited Coherence,BetaH,,FC1,CP6,0.2510164043991129
MODULATION_DATASET,Raw EEG Band-Limited Coherence,BetaH,,FC1,P3,0.15140754572145154
MODULATION_DATASET,Raw EEG Band-Limited Coherence,BetaH,,FC1,Pz,0.27891540395546843
MODULATION_DATASET,Raw EEG Band-Limited Coherence,BetaH,,FC1,P4,0.2255876266791249
MODULATION_DATASET,Raw EEG Band-Limited Coherence,BetaH,,FC1,P7,0.022003684212708423
MODULATION_DATASET,Raw EEG Band-Limited Coherence,BetaH,,FC1,P8,0.09326530255959205
MODULATION_DATASET,Raw EEG Band-Limited Coherence,BetaH,,FC1,O1,0.011089410895275245
MODULATION_DATASET,Raw EEG Band-Limited Coherence,BetaH,,FC1,Oz,0.01837824343467542
MODULATION_DATASET,Raw EEG Band-Limited Coherence,BetaH,,FC1,O2,0.026131451835858906
MODULATION_DATASET,Raw EEG Band-Limited Coherence,BetaH,,FC1,PO9,0.10167332214538632
MODULATION_DATASET,Raw EEG Band-Limited Coherence,BetaH,,FC1,PO10,0.01631011117278658
MODULATION_DATASET,Raw EEG Band-Limited Coherence,BetaH,,FC2,FC5,0.4249037651482997
MODULATION_DATASET,Raw EEG Band-Limited Coherence,BetaH,,FC2,FC6,0.7101751158687395
MODULATION_DATASET,Raw EEG Band-Limited Coherence,BetaH,,FC2,C3,0.4134504808933925
MODULATION_DATASET,Raw EEG Band-Limited Coherence,BetaH,,FC2,Cz,0.7845103381469936
MODULATION_DATASET,Raw EEG Band-Limited Coherence,BetaH,,FC2,C4,0.6660159842828777
MODULATION_DATASET,Raw EEG Band-Limited Coherence,BetaH,,FC2,FT9,0.1672634727282739
MODULATION_DATASET,Raw EEG Band-Limited Coherence,BetaH,,FC2,FT10,0.23425901859908002
MODULATION_DATASET,Raw EEG Band-Limited Coherence,BetaH,,FC2,T7,0.18634324996877627
MODULATION_DATASET,Raw EEG Band-Limited Coherence,BetaH,,FC2,T8,0.4866519283332399
MODULATION_DATASET,Raw EEG Band-Limited Coherence,BetaH,,FC2,CP1,0.22340032156395206
MODULATION_DATASET,Raw EEG Band-Limited Coherence,BetaH,,FC2,CP2,0.3629698397876396
MODULATION_DATASET,Raw EEG Band-Limited Coherence,BetaH,,FC2,CP5,0.08556040442732699
MODULATION_DATASET,Raw EEG Band-Limited Coherence,BetaH,,FC2,CP6,0.3355474355593675
MODULATION_DATASET,Raw EEG Band-Limited Coherence,BetaH,,FC2,P3,0.07341099719331276
MODULATION_DATASET,Raw EEG Band-Limited Coherence,BetaH,,FC2,Pz,0.21352924735744572
MODULATION_DATASET,Raw EEG Band-Limited Coherence,BetaH,,FC2,P4,0.22200217173857537
MODULATION_DATASET,Raw EEG Band-Limited Coherence,BetaH,,FC2,P7,0.027157879695778347
MODULATION_DATASET,Raw EEG Band-Limited Coherence,BetaH,,FC2,P8,0.11725139564833549
MODULATION_DATASET,Raw EEG Band-Limited Coherence,BetaH,,FC2,O1,0.010142821710280943
MODULATION_DATASET,Raw EEG Band-Limited Coherence,BetaH,,FC2,Oz,0.010630089127338635
MODULATION_DATASET,Raw EEG Band-Limited Coherence,BetaH,,FC2,O2,0.01747119019057344
MODULATION_DATASET,Raw EEG Band-Limited Coherence,BetaH,,FC2,PO9,0.07502621068207531
MODULATION_DATASET,Raw EEG Band-Limited Coherence,BetaH,,FC2,PO10,0.013013569175715719
MODULATION_DATASET,Raw EEG Band-Limited Coherence,BetaH,,FC5,FC6,0.24436028384340347
MODULATION_DATASET,Raw EEG Band-Limited Coherence,BetaH,,FC5,C3,0.6395690125051231
MODULATION_DATASET,Raw EEG Band-Limited Coherence,BetaH,,FC5,Cz,0.404430441450742
MODULATION_DATASET,Raw EEG Band-Limited Coherence,BetaH,,FC5,C4,0.18074502788611851
MODULATION_DATASET,Raw EEG Band-Limited Coherence,BetaH,,FC5,FT9,0.27845356458571935
MODULATION_DATASET,Raw EEG Band-Limited Coherence,BetaH,,FC5,FT10,0.09518419429372649
MODULATION_DATASET,Raw EEG Band-Limited Coherence,BetaH,,FC5,T7,0.6333770844387722
MODULATION_DATASET,Raw EEG Band-Limited Coherence,BetaH,,FC5,T8,0.13205362488184175
MODULATION_DATASET,Raw EEG Band-Limited Coherence,BetaH,,FC5,CP1,0.10954553910065813
MODULATION_DATASET,Raw EEG Band-Limited Coherence,BetaH,,FC5,CP2,0.10587005295415368
MODULATION_DATASET,Raw EEG Band-Limited Coherence,BetaH,,FC5,CP5,0.2855347328867912
MODULATION_DATASET,Raw EEG Band-Limited Coherence,BetaH,,FC5,CP6,0.05625607276488043
MODULATION_DATASET,Raw EEG Band-Limited Coherence,BetaH,,FC5,P3,0.04464096709245528
MODULATION_DATASET,Raw EEG Band-Limited Coherence,BetaH,,FC5,Pz,0.07241931863596492
MODULATION_DATASET,Raw EEG Band-Limited Coherence,BetaH,,FC5,P4,0.0366950809086081
MODULATION_DATASET,Raw EEG Band-Limited Coherence,BetaH,,FC5,P7,0.019985069702144163
MODULATION_DATASET,Raw EEG Band-Limited Coherence,BetaH,,FC5,P8,0.008556918676178821
MODULATION_DATASET,Raw EEG Band-Limited Coherence,BetaH,,FC5,O1,0.03466770184826426
MODULATION_DATASET,Raw EEG Band-Limited Coherence,BetaH,,FC5,Oz,0.02251548177885034
MODULATION_DATASET,Raw EEG Band-Limited Coherence,BetaH,,FC5,O2,0.016139662471856005
MODULATION_DATASET,Raw EEG Band-Limited Coherence,BetaH,,FC5,PO9,0.21069336297419008
MODULATION_DATASET,Raw EEG Band-Limited Coherence,BetaH,,FC5,PO10,0.031179520604433575
MODULATION_DATASET,Raw EEG Band-Limited Coherence,BetaH,,FC6,C3,0.21412434463231964
MODULATION_DATASET,Raw EEG Band-Limited Coherence,BetaH,,FC6,Cz,0.45401799436839635
MODULATION_DATASET,Raw EEG Band-Limited Coherence,BetaH,,FC6,C4,0.8006115304445702
MODULATION_DATASET,Raw EEG Band-Limited Coherence,BetaH,,FC6,FT9,0.1859639621180439
MODULATION_DATASET,Raw EEG Band-Limited Coherence,BetaH,,FC6,FT10,0.5069373589850721
MODULATION_DATASET,Raw EEG Band-Limited Coherence,BetaH,,FC6,T7,0.08784445156490814
MODULATION_DATASET,Raw EEG Band-Limited Coherence,BetaH,,FC6,T8,0.8440795851365642
MODULATION_DATASET,Raw EEG Band-Limited Coherence,BetaH,,FC6,CP1,0.16438025696552844
MODULATION_DATASET,Raw EEG Band-Limited Coherence,BetaH,,FC6,CP2,0.3547345547666458
MODULATION_DATASET,Raw EEG Band-Limited Coherence,BetaH,,FC6,CP5,0.02407677405490674
MODULATION_DATASET,Raw EEG Band-Limited Coherence,BetaH,,FC6,CP6,0.6035051928914635
MODULATION_DATASET,Raw EEG Band-Limited Coherence,BetaH,,FC6,P3,0.039864259328676946
MODULATION_DATASET,Raw EEG Band-Limited Coherence,BetaH,,FC6,Pz,0.1836952813947887
MODULATION_DATASET,Raw EEG Band-Limited Coherence,BetaH,,FC6,P4,0.2869374679225958
MODULATION_DATASET,Raw EEG Band-Limited Coherence,BetaH,,FC6,P7,0.05424863713983938
MODULATION_DATASET,Raw EEG Band-Limited Coherence,BetaH,,FC6,P8,0.27971120987079157
MODULATION_DATASET,Raw EEG Band-Limited Coherence,BetaH,,FC6,O1,0.010109117467338898
MODULATION_DATASET,Raw EEG Band-Limited Coherence,BetaH,,FC6,Oz,0.015839866011751153
MODULATION_DATASET,Raw EEG Band-Limited Coherence,BetaH,,FC6,O2,0.03459123333369501
MODULATION_DATASET,Raw EEG Band-Limited Coherence,BetaH,,FC6,PO9,0.03786750537902073
MODULATION_DATASET,Raw EEG Band-Limited Coherence,BetaH,,FC6,PO10,0.08029397572599796
MODULATION_DATASET,Raw EEG Band-Limited Coherence,BetaH,,C3,Cz,0.5355502542790797
MODULATION_DATASET,Raw EEG Band-Limited Coherence,BetaH,,C3,C4,0.24244412512620897
MODULATION_DATASET,Raw EEG Band-Limited Coherence,BetaH,,C3,FT9,0.09805663208477873
MODULATION_DATASET,Raw EEG Band-Limited Coherence,BetaH,,C3,FT10,0.05830950135785825
MODULATION_DATASET,Raw EEG Band-Limited Coherence,BetaH,,C3,T7,0.45410074854129356
MODULATION_DATASET,Raw EEG Band-Limited Coherence,BetaH,,C3,T8,0.12014946557502987
MODULATION_DATASET,Raw EEG Band-Limited Coherence,BetaH,,C3,CP1,0.39897880054979284
MODULATION_DATASET,Raw EEG Band-Limited Coherence,BetaH,,C3,CP2,0.3186122841916682
MODULATION_DATASET,Raw EEG Band-Limited Coherence,BetaH,,C3,CP5,0.5879400107222188
MODULATION_DATASET,Raw EEG Band-Limited Coherence,BetaH,,C3,CP6,0.10899673356281221
MODULATION_DATASET,Raw EEG Band-Limited Coherence,BetaH,,C3,P3,0.29405857075594466
MODULATION_DATASET,Raw EEG Band-Limited Coherence,BetaH,,C3,Pz,0.31608772913261796
MODULATION_DATASET,Raw EEG Band-Limited Coherence,BetaH,,C3,P4,0.1684083246190104
MODULATION_DATASET,Raw EEG Band-Limited Coherence,BetaH,,C3,P7,0.08633039458515238
MODULATION_DATASET,Raw EEG Band-Limited Coherence,BetaH,,C3,P8,0.03509355824285874
MODULATION_DATASET,Raw EEG Band-Limited Coherence,BetaH,,C3,O1,0.022321198761914757
MODULATION_DATASET,Raw EEG Band-Limited Coherence,BetaH,,C3,Oz,0.02621461521969516
MODULATION_DATASET,Raw EEG Band-Limited Coherence,BetaH,,C3,O2,0.025530045853031393
MODULATION_DATASET,Raw EEG Band-Limited Coherence,BetaH,,C3,PO9,0.1266677157164523
MODULATION_DATASET,Raw EEG Band-Limited Coherence,BetaH,,C3,PO10,0.0256682610305668
MODULATION_DATASET,Raw EEG Band-Limited Coherence,BetaH,,Cz,C4,0.5263686567828958
MODULATION_DATASET,Raw EEG Band-Limited Coherence,BetaH,,Cz,FT9,0.10054038798612569
MODULATION_DATASET,Raw EEG Band-Limited Coherence,BetaH,,Cz,FT10,0.1053323168021916
MODULATION_DATASET,Raw EEG Band-Limited Coherence,BetaH,,Cz,T7,0.19092827082850738
MODULATION_DATASET,Raw EEG Band-Limited Coherence,BetaH,,Cz,T8,0.298035249517807
MODULATION_DATASET,Raw EEG Band-Limited Coherence,BetaH,,Cz,CP1,0.366788286638247
MODULATION_DATASET,Raw EEG Band-Limited Coherence,BetaH,,Cz,CP2,0.4744390516997756
MODULATION_DATASET,Raw EEG Band-Limited Coherence,BetaH,,Cz,CP5,0.18393859336864443
MODULATION_DATASET,Raw EEG Band-Limited Coherence,BetaH,,Cz,CP6,0.26373988386313707
MODULATION_DATASET,Raw EEG Band-Limited Coherence,BetaH,,Cz,P3,0.18140935627305887
MODULATION_DATASET,Raw EEG Band-Limited Coherence,BetaH,,Cz,Pz,0.34560768640752804
MODULATION_DATASET,Raw EEG Band-Limited Coherence,BetaH,,Cz,P4,0.2822585257547413
MODULATION_DATASET,Raw EEG Band-Limited Coherence,BetaH,,Cz,P7,0.022564191949750328
MODULATION_DATASET,Raw EEG Band-Limited Coherence,BetaH,,Cz,P8,0.09988334102139224
MODULATION_DATASET,Raw EEG Band-Limited Coherence,BetaH,,Cz,O1,0.020041174653672857
MODULATION_DATASET,Raw EEG Band-Limited Coherence,BetaH,,Cz,Oz,0.03273604459524447
MODULATION_DATASET,Raw EEG Band-Limited Coherence,BetaH,,Cz,O2,0.03982232753304518
MODULATION_DATASET,Raw EEG Band-Limited Coherence,BetaH,,Cz,PO9,0.0680119780963972
MODULATION_DATASET,Raw EEG Band-Limited Coherence,BetaH,,Cz,PO10,0.011488832363606809
MODULATION_DATASET,Raw EEG Band-Limited Coherence,BetaH,,C4,FT9,0.08889913227054548
MODULATION_DATASET,Raw EEG Band-Limited Coherence,BetaH,,C4,FT10,0.28361605948203317
MODULATION_DATASET,Raw EEG Band-Limited Coherence,BetaH,,C4,T7,0.06005965101872394
MODULATION_DATASET,Raw EEG Band-Limited Coherence,BetaH,,C4,T8,0.7396786178032716
MODULATION_DATASET,Raw EEG Band-Limited Coherence,BetaH,,C4,CP1,0.3173998986936366
MODULATION_DATASET,Raw EEG Band-Limited Coherence,BetaH,,C4,CP2,0.5863958274817291
MODULATION_DATASET,Raw EEG Band-Limited Coherence,BetaH,,C4,CP5,0.04923915231136883
MODULATION_DATASET,Raw EEG Band-Limited Coherence,BetaH,,C4,CP6,0.7661184785682087
MODULATION_DATASET,Raw EEG Band-Limited Coherence,BetaH,,C4,P3,0.12371376135176791
MODULATION_DATASET,Raw EEG Band-Limited Coherence,BetaH,,C4,Pz,0.36080509416511475
MODULATION_DATASET,Raw EEG Band-Limited Coherence,BetaH,,C4,P4,0.5047058537085678
MODULATION_DATASET,Raw EEG Band-Limited Coherence,BetaH,,C4,P7,0.01827819951295573
MODULATION_DATASET,Raw EEG Band-Limited Coherence,BetaH,,C4,P8,0.37998238073297136
MODULATION_DATASET,Raw EEG Band-Limited Coherence,BetaH,,C4,O1,0.030691777991069757
MODULATION_DATASET,Raw EEG Band-Limited Coherence,BetaH,,C4,Oz,0.0688874306745285
MODULATION_DATASET,Raw EEG Band-Limited Coherence,BetaH,,C4,O2,0.1051790333904365
MODULATION_DATASET,Raw EEG Band-Limited Coherence,BetaH,,C4,PO9,0.02123195578686887
MODULATION_DATASET,Raw EEG Band-Limited Coherence,BetaH,,C4,PO10,0.10646120103696781
MODULATION_DATASET,Raw EEG Band-Limited Coherence,BetaH,,FT9,FT10,0.36393044754023607
MODULATION_DATASET,Raw EEG Band-Limited Coherence,BetaH,,FT9,T7,0.19894414588764545
MODULATION_DATASET,Raw EEG Band-Limited Coherence,BetaH,,FT9,T8,0.1537075572795242
MODULATION_DATASET,Raw EEG Band-Limited Coherence,BetaH,,FT9,CP1,0.11615875516210068
MODULATION_DATASET,Raw EEG Band-Limited Coherence,BetaH,,FT9,CP2,0.06646303749641269
MODULATION_DATASET,Raw EEG Band-Limited Coherence,BetaH,,FT9,CP5,0.07258019877019678
MODULATION_DATASET,Raw EEG Band-Limited Coherence,BetaH,,FT9,CP6,0.04287484335350757
MODULATION_DATASET,Raw EEG Band-Limited Coherence,BetaH,,FT9,P3,0.17700590394725343
MODULATION_DATASET,Raw EEG Band-Limited Coherence,BetaH,,FT9,Pz,0.10948999175725661
MODULATION_DATASET,Raw EEG Band-Limited Coherence,BetaH,,FT9,P4,0.054930196242667415
MODULATION_DATASET,Raw EEG Band-Limited Coherence,BetaH,,FT9,P7,0.3168319093201044
MODULATION_DATASET,Raw EEG Band-Limited Coherence,BetaH,,FT9,P8,0.017831564642367063
MODULATION_DATASET,Raw EEG Band-Limited Coherence,BetaH,,FT9,O1,0.2200579385667617
MODULATION_DATASET,Raw EEG Band-Limited Coherence,BetaH,,FT9,Oz,0.15838205878361847
MODULATION_DATASET,Raw EEG Band-Limited Coherence,BetaH,,FT9,O2,0.10094023498223519
MODULATION_DATASET,Raw EEG Band-Limited Coherence,BetaH,,FT9,PO9,0.08875982848302492
MODULATION_DATASET,Raw EEG Band-Limited Coherence,BetaH,,FT9,PO10,0.011577032142695787
MODULATION_DATASET,Raw EEG Band-Limited Coherence,BetaH,,FT10,T7,0.029627762437827356
MODULATION_DATASET,Raw EEG Band-Limited Coherence,BetaH,,FT10,T8,0.5964165371785874
MODULATION_DATASET,Raw EEG Band-Limited Coherence,BetaH,,FT10,CP1,0.045701941737512755
MODULATION_DATASET,Raw EEG Band-Limited Coherence,BetaH,,FT10,CP2,0.07209614931147104
MODULATION_DATASET,Raw EEG Band-Limited Coherence,BetaH,,FT10,CP5,0.07815499904581152
MODULATION_DATASET,Raw EEG Band-Limited Coherence,BetaH,,FT10,CP6,0.2782861872009997
MODULATION_DATASET,Raw EEG Band-Limited Coherence,BetaH,,FT10,P3,0.06890465741920353
MODULATION_DATASET,Raw EEG Band-Limited Coherence,BetaH,,FT10,Pz,0.04269430916006522
MODULATION_DATASET,Raw EEG Band-Limited Coherence,BetaH,,FT10,P4,0.06782715773164769
MODULATION_DATASET,Raw EEG Band-Limited Coherence,BetaH,,FT10,P7,0.22332954918273298
MODULATION_DATASET,Raw EEG Band-Limited Coherence,BetaH,,FT10,P8,0.18163803024815217
MODULATION_DATASET,Raw EEG Band-Limited Coherence,BetaH,,FT10,O1,0.05765364010258489
MODULATION_DATASET,Raw EEG Band-Limited Coherence,BetaH,,FT10,Oz,0.028040899041924576
MODULATION_DATASET,Raw EEG Band-Limited Coherence,BetaH,,FT10,O2,0.015223986712687987
MODULATION_DATASET,Raw EEG Band-Limited Coherence,BetaH,,FT10,PO9,0.008451068586151522
MODULATION_DATASET,Raw EEG Band-Limited Coherence,BetaH,,FT10,PO10,0.14137130630389472
MODULATION_DATASET,Raw EEG Band-Limited Coherence,BetaH,,T7,T8,0.0348913526742634
MODULATION_DATASET,Raw EEG Band-Limited Coherence,BetaH,,T7,CP1,0.051032351634500345
MODULATION_DATASET,Raw EEG Band-Limited Coherence,BetaH,,T7,CP2,0.0324806422508026
MODULATION_DATASET,Raw EEG Band-Limited Coherence,BetaH,,T7,CP5,0.34069057606030767
MODULATION_DATASET,Raw EEG Band-Limited Coherence,BetaH,,T7,CP6,0.009002987037593719
MODULATION_DATASET,Raw EEG Band-Limited Coherence,BetaH,,T7,P3,0.027805027158439195
MODULATION_DATASET,Raw EEG Band-Limited Coherence,BetaH,,T7,Pz,0.025791804736564283
MODULATION_DATASET,Raw EEG Band-Limited Coherence,BetaH,,T7,P4,0.0052974375165557456
MODULATION_DATASET,Raw EEG Band-Limited Coherence,BetaH,,T7,P7,0.01555813588643901
MODULATION_DATASET,Raw EEG Band-Limited Coherence,BetaH,,T7,P8,0.011661057943103908
MODULATION_DATASET,Raw EEG Band-Limited Coherence,BetaH,,T7,O1,0.06034960869657075
MODULATION_DATASET,Raw EEG Band-Limited Coherence,BetaH,,T7,Oz,0.05208369123610568
MODULATION_DATASET,Raw EEG Band-Limited Coherence,BetaH,,T7,O2,0.04272305235219713
MODULATION_DATASET,Raw EEG Band-Limited Coherence,BetaH,,T7,PO9,0.2653962687707623
MODULATION_DATASET,Raw EEG Band-Limited Coherence,BetaH,,T7,PO10,0.08050029409985571
MODULATION_DATASET,Raw EEG Band-Limited Coherence,BetaH,,T8,CP1,0.1459357994275149
MODULATION_DATASET,Raw EEG Band-Limited Coherence,BetaH,,T8,CP2,0.34910231898878186
MODULATION_DATASET,Raw EEG Band-Limited Coherence,BetaH,,T8,CP5,0.011895210816019911
MODULATION_DATASET,Raw EEG Band-Limited Coherence,BetaH,,T8,CP6,0.739229005646487
MODULATION_DATASET,Raw EEG Band-Limited Coherence,BetaH,,T8,P3,0.03459930465300213
MODULATION_DATASET,Raw EEG Band-Limited Coherence,BetaH,,T8,Pz,0.180928352218389
MODULATION_DATASET,Raw EEG Band-Limited Coherence,BetaH,,T8,P4,0.3423463147577787
MODULATION_DATASET,Raw EEG Band-Limited Coherence,BetaH,,T8,P7,0.06270111044550028
MODULATION_DATASET,Raw EEG Band-Limited Coherence,BetaH,,T8,P8,0.4597394645380809
MODULATION_DATASET,Raw EEG Band-Limited Coherence,BetaH,,T8,O1,0.012013766461651624
MODULATION_DATASET,Raw EEG Band-Limited Coherence,BetaH,,T8,Oz,0.03452952155611798
MODULATION_DATASET,Raw EEG Band-Limited Coherence,BetaH,,T8,O2,0.0728740867859722
MODULATION_DATASET,Raw EEG Band-Limited Coherence,BetaH,,T8,PO9,0.011904248536346898
MODULATION_DATASET,Raw EEG Band-Limited Coherence,BetaH,,T8,PO10,0.19983856414735177
MODULATION_DATASET,Raw EEG Band-Limited Coherence,BetaH,,CP1,CP2,0.7641164411344225
MODULATION_DATASET,Raw EEG Band-Limited Coherence,BetaH,,CP1,CP5,0.40696529107605545
MODULATION_DATASET,Raw EEG Band-Limited Coherence,BetaH,,CP1,CP6,0.317756594294999
MODULATION_DATASET,Raw EEG Band-Limited Coherence,BetaH,,CP1,P3,0.8078628197814548
MODULATION_DATASET,Raw EEG Band-Limited Coherence,BetaH,,CP1,Pz,0.8885722657284618
MODULATION_DATASET,Raw EEG Band-Limited Coherence,BetaH,,CP1,P4,0.6758625728635103
MODULATION_DATASET,Raw EEG Band-Limited Coherence,BetaH,,CP1,P7,0.3413247505706127
MODULATION_DATASET,Raw EEG Band-Limited Coherence,BetaH,,CP1,P8,0.2904833562720001
MODULATION_DATASET,Raw EEG Band-Limited Coherence,BetaH,,CP1,O1,0.4915482433899309
MODULATION_DATASET,Raw EEG Band-Limited Coherence,BetaH,,CP1,Oz,0.5273835148934726
MODULATION_DATASET,Raw EEG Band-Limited Coherence,BetaH,,CP1,O2,0.4692272965211452
MODULATION_DATASET,Raw EEG Band-Limited Coherence,BetaH,,CP1,PO9,0.06153142010997578
MODULATION_DATASET,Raw EEG Band-Limited Coherence,BetaH,,CP1,PO10,0.12837969164083016
MODULATION_DATASET,Raw EEG Band-Limited Coherence,BetaH,,CP2,CP5,0.21129492078710377
MODULATION_DATASET,Raw EEG Band-Limited Coherence,BetaH,,CP2,CP6,0.6036736488202297
MODULATION_DATASET,Raw EEG Band-Limited Coherence,BetaH,,CP2,P3,0.5662459342445119
MODULATION_DATASET,Raw EEG Band-Limited Coherence,BetaH,,CP2,Pz,0.8459942749522146
MODULATION_DATASET,Raw EEG Band-Limited Coherence,BetaH,,CP2,P4,0.8537455610672464
MODULATION_DATASET,Raw EEG Band-Limited Coherence,BetaH,,CP2,P7,0.13980885538080315
MODULATION_DATASET,Raw EEG Band-Limited Coherence,BetaH,,CP2,P8,0.48596216245903356
MODULATION_DATASET,Raw EEG Band-Limited Coherence,BetaH,,CP2,O1,0.3340978421348586
MODULATION_DATASET,Raw EEG Band-Limited Coherence,BetaH,,CP2,Oz,0.43959654983498764
MODULATION_DATASET,Raw EEG Band-Limited Coherence,BetaH,,CP2,O2,0.462909898883355
MODULATION_DATASET,Raw EEG Band-Limited Coherence,BetaH,,CP2,PO9,0.030189490589522527
MODULATION_DATASET,Raw EEG Band-Limited Coherence,BetaH,,CP2,PO10,0.19967937747885445
MODULATION_DATASET,Raw EEG Band-Limited Coherence,BetaH,,CP5,CP6,0.021256232661091782
MODULATION_DATASET,Raw EEG Band-Limited Coherence,BetaH,,CP5,P3,0.4630055642071604
MODULATION_DATASET,Raw EEG Band-Limited Coherence,BetaH,,CP5,Pz,0.3123639410164959
MODULATION_DATASET,Raw EEG Band-Limited Coherence,BetaH,,CP5,P4,0.10981987285703443
MODULATION_DATASET,Raw EEG Band-Limited Coherence,BetaH,,CP5,P7,0.3394374529511713
MODULATION_DATASET,Raw EEG Band-Limited Coherence,BetaH,,CP5,P8,0.012519261959870286
MODULATION_DATASET,Raw EEG Band-Limited Coherence,BetaH,,CP5,O1,0.0949740193952683
MODULATION_DATASET,Raw EEG Band-Limited Coherence,BetaH,,CP5,Oz,0.07205081548784381
MODULATION_DATASET,Raw EEG Band-Limited Coherence,BetaH,,CP5,O2,0.04691806845895355
MODULATION_DATASET,Raw EEG Band-Limited Coherence,BetaH,,CP5,PO9,0.0841722146716381
MODULATION_DATASET,Raw EEG Band-Limited Coherence,BetaH,,CP5,PO10,0.05442608667202092
MODULATION_DATASET,Raw EEG Band-Limited Coherence,BetaH,,CP6,P3,0.13893769429905486
MODULATION_DATASET,Raw EEG Band-Limited Coherence,BetaH,,CP6,Pz,0.4002097038512199
MODULATION_DATASET,Raw EEG Band-Limited Coherence,BetaH,,CP6,P4,0.6716153069115794
MODULATION_DATASET,Raw EEG Band-Limited Coherence,BetaH,,CP6,P7,0.015271918304153372
MODULATION_DATASET,Raw EEG Band-Limited Coherence,BetaH,,CP6,P8,0.6869146264172591
MODULATION_DATASET,Raw EEG Band-Limited Coherence,BetaH,,CP6,O1,0.0865141345608401
MODULATION_DATASET,Raw EEG Band-Limited Coherence,BetaH,,CP6,Oz,0.178759615206383
MODULATION_DATASET,Raw EEG Band-Limited Coherence,BetaH,,CP6,O2,0.2649117837617082
MODULATION_DATASET,Raw EEG Band-Limited Coherence,BetaH,,CP6,PO9,0.006485346273558118
MODULATION_DATASET,Raw EEG Band-Limited Coherence,BetaH,,CP6,PO10,0.30708150984266136
MODULATION_DATASET,Raw EEG Band-Limited Coherence,BetaH,,P3,Pz,0.7778394621378726
MODULATION_DATASET,Raw EEG Band-Limited Coherence,BetaH,,P3,P4,0.4819163887136944
MODULATION_DATASET,Raw EEG Band-Limited Coherence,BetaH,,P3,P7,0.5210466052485676
MODULATION_DATASET,Raw EEG Band-Limited Coherence,BetaH,,P3,P8,0.15604277323609364
MODULATION_DATASET,Raw EEG Band-Limited Coherence,BetaH,,P3,O1,0.5948686889542396
MODULATION_DATASET,Raw EEG Band-Limited Coherence,BetaH,,P3,Oz,0.5544811698286445
MODULATION_DATASET,Raw EEG Band-Limited Coherence,BetaH,,P3,O2,0.4315044160535092
MODULATION_DATASET,Raw EEG Band-Limited Coherence,BetaH,,P3,PO9,0.09797043765727793
MODULATION_DATASET,Raw EEG Band-Limited Coherence,BetaH,,P3,PO10,0.08445662192755135
MODULATION_DATASET,Raw EEG Band-Limited Coherence,BetaH,,Pz,P4,0.7837821345509475
MODULATION_DATASET,Raw EEG Band-Limited Coherence,BetaH,,Pz,P7,0.2883001975110945
MODULATION_DATASET,Raw EEG Band-Limited Coherence,BetaH,,Pz,P8,0.3803468143851746
MODULATION_DATASET,Raw EEG Band-Limited Coherence,BetaH,,Pz,O1,0.511015431815014
MODULATION_DATASET,Raw EEG Band-Limited Coherence,BetaH,,Pz,Oz,0.5834314380373737
MODULATION_DATASET,Raw EEG Band-Limited Coherence,BetaH,,Pz,O2,0.5446220378872941
MODULATION_DATASET,Raw EEG Band-Limited Coherence,BetaH,,Pz,PO9,0.06146227765088873
MODULATION_DATASET,Raw EEG Band-Limited Coherence,BetaH,,Pz,PO10,0.17645436762116273
MODULATION_DATASET,Raw EEG Band-Limited Coherence,BetaH,,P4,P7,0.10830906725420994
MODULATION_DATASET,Raw EEG Band-Limited Coherence,BetaH,,P4,P8,0.6768757850193415
MODULATION_DATASET,Raw EEG Band-Limited Coherence,BetaH,,P4,O1,0.39026937044638044
MODULATION_DATASET,Raw EEG Band-Limited Coherence,BetaH,,P4,Oz,0.5550798533641652
MODULATION_DATASET,Raw EEG Band-Limited Coherence,BetaH,,P4,O2,0.6314989430601226
MODULATION_DATASET,Raw EEG Band-Limited Coherence,BetaH,,P4,PO9,0.042718841810105324
MODULATION_DATASET,Raw EEG Band-Limited Coherence,BetaH,,P4,PO10,0.35173866990367003
MODULATION_DATASET,Raw EEG Band-Limited Coherence,BetaH,,P7,P8,0.02114898145287314
MODULATION_DATASET,Raw EEG Band-Limited Coherence,BetaH,,P7,O1,0.46775808079929504
MODULATION_DATASET,Raw EEG Band-Limited Coherence,BetaH,,P7,Oz,0.3132278253280721
MODULATION_DATASET,Raw EEG Band-Limited Coherence,BetaH,,P7,O2,0.18981474406849844
MODULATION_DATASET,Raw EEG Band-Limited Coherence,BetaH,,P7,PO9,0.16540551578597903
MODULATION_DATASET,Raw EEG Band-Limited Coherence,BetaH,,P7,PO10,0.03774088827705923
MODULATION_DATASET,Raw EEG Band-Limited Coherence,BetaH,,P8,O1,0.21338254632330156
MODULATION_DATASET,Raw EEG Band-Limited Coherence,BetaH,,P8,Oz,0.39138294065626866
MODULATION_DATASET,Raw EEG Band-Limited Coherence,BetaH,,P8,O2,0.5671185286825734
MODULATION_DATASET,Raw EEG Band-Limited Coherence,BetaH,,P8,PO9,0.04843907556797156
MODULATION_DATASET,Raw EEG Band-Limited Coherence,BetaH,,P8,PO10,0.7004160385543824
MODULATION_DATASET,Raw EEG Band-Limited Coherence,BetaH,,O1,Oz,0.8705861396502856
MODULATION_DATASET,Raw EEG Band-Limited Coherence,BetaH,,O1,O2,0.6890695749491988
MODULATION_DATASET,Raw EEG Band-Limited Coherence,BetaH,,O1,PO9,0.3810493511462963
MODULATION_DATASET,Raw EEG Band-Limited Coherence,BetaH,,O1,PO10,0.21980702076921244
MODULATION_DATASET,Raw EEG Band-Limited Coherence,BetaH,,Oz,O2,0.8890928729299343
MODULATION_DATASET,Raw EEG Band-Limited Coherence,BetaH,,Oz,PO9,0.28416446276651197
MODULATION_DATASET,Raw EEG Band-Limited Coherence,BetaH,,Oz,PO10,0.37736279129749994
MODULATION_DATASET,Raw EEG Band-Limited Coherence,BetaH,,O2,PO9,0.2000998908628334
MODULATION_DATASET,Raw EEG Band-Limited Coherence,BetaH,,O2,PO10,0.5225195684315885
MODULATION_DATASET,Raw EEG Band-Limited Coherence,BetaH,,PO9,PO10,0.19284506538900797
MODULATION_DATASET,Raw EEG Band-Limited Coherence,Gamma,,Fp1,Fp2,0.2712641294766045
MODULATION_DATASET,Raw EEG Band-Limited Coherence,Gamma,,Fp1,F7,0.269826245619839
MODULATION_DATASET,Raw EEG Band-Limited Coherence,Gamma,,Fp1,F3,0.25025063765085664
MODULATION_DATASET,Raw EEG Band-Limited Coherence,Gamma,,Fp1,Fz,0.19420019935705451
MODULATION_DATASET,Raw EEG Band-Limited Coherence,Gamma,,Fp1,F4,0.1442619237914558
MODULATION_DATASET,Raw EEG Band-Limited Coherence,Gamma,,Fp1,F8,0.10604614266152719
MODULATION_DATASET,Raw EEG Band-Limited Coherence,Gamma,,Fp1,FC1,0.08884326116835302
MODULATION_DATASET,Raw EEG Band-Limited Coherence,Gamma,,Fp1,FC2,0.09108462654295639
MODULATION_DATASET,Raw EEG Band-Limited Coherence,Gamma,,Fp1,FC5,0.1359302249086491
MODULATION_DATASET,Raw EEG Band-Limited Coherence,Gamma,,Fp1,FC6,0.0783915269543699
MODULATION_DATASET,Raw EEG Band-Limited Coherence,Gamma,,Fp1,C3,0.03486892954244496
MODULATION_DATASET,Raw EEG Band-Limited Coherence,Gamma,,Fp1,Cz,0.055794245670301654
MODULATION_DATASET,Raw EEG Band-Limited Coherence,Gamma,,Fp1,C4,0.04190416130337342
MODULATION_DATASET,Raw EEG Band-Limited Coherence,Gamma,,Fp1,FT9,0.11353018659232719
MODULATION_DATASET,Raw EEG Band-Limited Coherence,Gamma,,Fp1,FT10,0.06897135117379498
MODULATION_DATASET,Raw EEG Band-Limited Coherence,Gamma,,Fp1,T7,0.04646031417781025
MODULATION_DATASET,Raw EEG Band-Limited Coherence,Gamma,,Fp1,T8,0.05952735788901549
MODULATION_DATASET,Raw EEG Band-Limited Coherence,Gamma,,Fp1,CP1,0.0078530723726
MODULATION_DATASET,Raw EEG Band-Limited Coherence,Gamma,,Fp1,CP2,0.011431100873418538
MODULATION_DATASET,Raw EEG Band-Limited Coherence,Gamma,,Fp1,CP5,0.005403853110936523
MODULATION_DATASET,Raw EEG Band-Limited Coherence,Gamma,,Fp1,CP6,0.01832351174984715
MODULATION_DATASET,Raw EEG Band-Limited Coherence,Gamma,,Fp1,P3,0.00887724700410748
MODULATION_DATASET,Raw EEG Band-Limited Coherence,Gamma,,Fp1,Pz,0.0070251726882065366
MODULATION_DATASET,Raw EEG Band-Limited Coherence,Gamma,,Fp1,P4,0.008805211351063264
MODULATION_DATASET,Raw EEG Band-Limited Coherence,Gamma,,Fp1,P7,0.010440554071531554
MODULATION_DATASET,Raw EEG Band-Limited Coherence,Gamma,,Fp1,P8,0.007982096786413512
MODULATION_DATASET,Raw EEG Band-Limited Coherence,Gamma,,Fp1,O1,0.014351771446183995
MODULATION_DATASET,Raw EEG Band-Limited Coherence,Gamma,,Fp1,Oz,0.009591991469969014
MODULATION_DATASET,Raw EEG Band-Limited Coherence,Gamma,,Fp1,O2,0.005986002988440961
MODULATION_DATASET,Raw EEG Band-Limited Coherence,Gamma,,Fp1,PO9,0.015513623930162285
MODULATION_DATASET,Raw EEG Band-Limited Coherence,Gamma,,Fp1,PO10,0.003881446841536424
MODULATION_DATASET,Raw EEG Band-Limited Coherence,Gamma,,Fp2,F7,0.10218966971363956
MODULATION_DATASET,Raw EEG Band-Limited Coherence,Gamma,,Fp2,F3,0.15802726163370812
MODULATION_DATASET,Raw EEG Band-Limited Coherence,Gamma,,Fp2,Fz,0.20759283361070655
MODULATION_DATASET,Raw EEG Band-Limited Coherence,Gamma,,Fp2,F4,0.2586727438606091
MODULATION_DATASET,Raw EEG Band-Limited Coherence,Gamma,,Fp2,F8,0.2523002658713385
MODULATION_DATASET,Raw EEG Band-Limited Coherence,Gamma,,Fp2,FC1,0.08063653864839114
MODULATION_DATASET,Raw EEG Band-Limited Coherence,Gamma,,Fp2,FC2,0.12670658779696692
MODULATION_DATASET,Raw EEG Band-Limited Coherence,Gamma,,Fp2,FC5,0.060564840371918005
MODULATION_DATASET,Raw EEG Band-Limited Coherence,Gamma,,Fp2,FC6,0.15706604669376517
MODULATION_DATASET,Raw EEG Band-Limited Coherence,Gamma,,Fp2,C3,0.025367804612072838
MODULATION_DATASET,Raw EEG Band-Limited Coherence,Gamma,,Fp2,Cz,0.0630140237655656
MODULATION_DATASET,Raw EEG Band-Limited Coherence,Gamma,,Fp2,C4,0.07483024396245078
MODULATION_DATASET,Raw EEG Band-Limited Coherence,Gamma,,Fp2,FT9,0.066374842892625
MODULATION_DATASET,Raw EEG Band-Limited Coherence,Gamma,,Fp2,FT10,0.13757501185075632
MODULATION_DATASET,Raw EEG Band-Limited Coherence,Gamma,,Fp2,T7,0.01926547258726389
MODULATION_DATASET,Raw EEG Band-Limited Coherence,Gamma,,Fp2,T8,0.11946580745430606
MODULATION_DATASET,Raw EEG Band-Limited Coherence,Gamma,,Fp2,CP1,0.00985169319599275
MODULATION_DATASET,Raw EEG Band-Limited Coherence,Gamma,,Fp2,CP2,0.016891489746949696
MODULATION_DATASET,Raw EEG Band-Limited Coherence,Gamma,,Fp2,CP5,0.006929661775873007
MODULATION_DATASET,Raw EEG Band-Limited Coherence,Gamma,,Fp2,CP6,0.038132584806388106
MODULATION_DATASET,Raw EEG Band-Limited Coherence,Gamma,,Fp2,P3,0.008035624889864293
MODULATION_DATASET,Raw EEG Band-Limited Coherence,Gamma,,Fp2,Pz,0.008733239789951002
MODULATION_DATASET,Raw EEG Band-Limited Coherence,Gamma,,Fp2,P4,0.01314148538749491
MODULATION_DATASET,Raw EEG Band-Limited Coherence,Gamma,,Fp2,P7,0.010880181507389088
MODULATION_DATASET,Raw EEG Band-Limited Coherence,Gamma,,Fp2,P8,0.015443844073240079
MODULATION_DATASET,Raw EEG Band-Limited Coherence,Gamma,,Fp2,O1,0.01109381638623424
MODULATION_DATASET,Raw EEG Band-Limited Coherence,Gamma,,Fp2,Oz,0.007540768110521309
MODULATION_DATASET,Raw EEG Band-Limited Coherence,Gamma,,Fp2,O2,0.004692395792477707
MODULATION_DATASET,Raw EEG Band-Limited Coherence,Gamma,,Fp2,PO9,0.009901935324695467
MODULATION_DATASET,Raw EEG Band-Limited Coherence,Gamma,,Fp2,PO10,0.005036405348200088
MODULATION_DATASET,Raw EEG Band-Limited Coherence,Gamma,,F7,F3,0.2624201748526015
MODULATION_DATASET,Raw EEG Band-Limited Coherence,Gamma,,F7,Fz,0.1383997414316046
MODULATION_DATASET,Raw EEG Band-Limited Coherence,Gamma,,F7,F4,0.08739450851539547
MODULATION_DATASET,Raw EEG Band-Limited Coherence,Gamma,,F7,F8,0.05565764898956631
MODULATION_DATASET,Raw EEG Band-Limited Coherence,Gamma,,F7,FC1,0.08231667783572534
MODULATION_DATASET,Raw EEG Band-Limited Coherence,Gamma,,F7,FC2,0.061294510184784434
MODULATION_DATASET,Raw EEG Band-Limited Coherence,Gamma,,F7,FC5,0.2539015063770857
MODULATION_DATASET,Raw EEG Band-Limited Coherence,Gamma,,F7,FC6,0.04492177884377008
MODULATION_DATASET,Raw EEG Band-Limited Coherence,Gamma,,F7,C3,0.05874469319239652
MODULATION_DATASET,Raw EEG Band-Limited Coherence,Gamma,,F7,Cz,0.04383345232972663
MODULATION_DATASET,Raw EEG Band-Limited Coherence,Gamma,,F7,C4,0.02448245226021743
MODULATION_DATASET,Raw EEG Band-Limited Coherence,Gamma,,F7,FT9,0.14493154992692633
MODULATION_DATASET,Raw EEG Band-Limited Coherence,Gamma,,F7,FT10,0.03953875048894693
MODULATION_DATASET,Raw EEG Band-Limited Coherence,Gamma,,F7,T7,0.11204475908164953
MODULATION_DATASET,Raw EEG Band-Limited Coherence,Gamma,,F7,T8,0.03519365557406764
MODULATION_DATASET,Raw EEG Band-Limited Coherence,Gamma,,F7,CP1,0.0064197640294273665
MODULATION_DATASET,Raw EEG Band-Limited Coherence,Gamma,,F7,CP2,0.007688225023500611
MODULATION_DATASET,Raw EEG Band-Limited Coherence,Gamma,,F7,CP5,0.011748015412001007
MODULATION_DATASET,Raw EEG Band-Limited Coherence,Gamma,,F7,CP6,0.009699368031451997
MODULATION_DATASET,Raw EEG Band-Limited Coherence,Gamma,,F7,P3,0.010330343133860581
MODULATION_DATASET,Raw EEG Band-Limited Coherence,Gamma,,F7,Pz,0.00667172753190152
MODULATION_DATASET,Raw EEG Band-Limited Coherence,Gamma,,F7,P4,0.008647531543424163
MODULATION_DATASET,Raw EEG Band-Limited Coherence,Gamma,,F7,P7,0.010583638885753508
MODULATION_DATASET,Raw EEG Band-Limited Coherence,Gamma,,F7,P8,0.0069737109705826
MODULATION_DATASET,Raw EEG Band-Limited Coherence,Gamma,,F7,O1,0.021166576266905084
MODULATION_DATASET,Raw EEG Band-Limited Coherence,Gamma,,F7,Oz,0.01577010177659243
MODULATION_DATASET,Raw EEG Band-Limited Coherence,Gamma,,F7,O2,0.010422988664737676
MODULATION_DATASET,Raw EEG Band-Limited Coherence,Gamma,,F7,PO9,0.026479420715336665
MODULATION_DATASET,Raw EEG Band-Limited Coherence,Gamma,,F7,PO10,0.00739812482375112
MODULATION_DATASET,Raw EEG Band-Limited Coherence,Gamma,,F3,Fz,0.4556596663765532
MODULATION_DATASET,Raw EEG Band-Limited Coherence,Gamma,,F3,F4,0.3210950641853424
MODULATION_DATASET,Raw EEG Band-Limited Coherence,Gamma,,F3,F8,0.11806483302023847
MODULATION_DATASET,Raw EEG Band-Limited Coherence,Gamma,,F3,FC1,0.2894033736402485
MODULATION_DATASET,Raw EEG Band-Limited Coherence,Gamma,,F3,FC2,0.29623020263057503
MODULATION_DATASET,Raw EEG Band-Limited Coherence,Gamma,,F3,FC5,0.33402896694510414
MODULATION_DATASET,Raw EEG Band-Limited Coherence,Gamma,,F3,FC6,0.19896366547144637
MODULATION_DATASET,Raw EEG Band-Limited Coherence,Gamma,,F3,C3,0.1789225068723975
MODULATION_DATASET,Raw EEG Band-Limited Coherence,Gamma,,F3,Cz,0.26805496901472203
MODULATION_DATASET,Raw EEG Band-Limited Coherence,Gamma,,F3,C4,0.16280177742122512
MODULATION_DATASET,Raw EEG Band-Limited Coherence,Gamma,,F3,FT9,0.08773088846153057
MODULATION_DATASET,Raw EEG Band-Limited Coherence,Gamma,,F3,FT10,0.06854349873336782
MODULATION_DATASET,Raw EEG Band-Limited Coherence,Gamma,,F3,T7,0.12191921576975218
MODULATION_DATASET,Raw EEG Band-Limited Coherence,Gamma,,F3,T8,0.15138477606754916
MODULATION_DATASET,Raw EEG Band-Limited Coherence,Gamma,,F3,CP1,0.05259812762774583
MODULATION_DATASET,Raw EEG Band-Limited Coherence,Gamma,,F3,CP2,0.07106713984508606
MODULATION_DATASET,Raw EEG Band-Limited Coherence,Gamma,,F3,CP5,0.04561797013764312
MODULATION_DATASET,Raw EEG Band-Limited Coherence,Gamma,,F3,CP6,0.08027574344161563
MODULATION_DATASET,Raw EEG Band-Limited Coherence,Gamma,,F3,P3,0.02550040766464154
MODULATION_DATASET,Raw EEG Band-Limited Coherence,Gamma,,F3,Pz,0.04705157101007307
MODULATION_DATASET,Raw EEG Band-Limited Coherence,Gamma,,F3,P4,0.05285536709901909
MODULATION_DATASET,Raw EEG Band-Limited Coherence,Gamma,,F3,P7,0.01135795853138712
MODULATION_DATASET,Raw EEG Band-Limited Coherence,Gamma,,F3,P8,0.04668186873466897
MODULATION_DATASET,Raw EEG Band-Limited Coherence,Gamma,,F3,O1,0.010446865152086536
MODULATION_DATASET,Raw EEG Band-Limited Coherence,Gamma,,F3,Oz,0.01366798691199753
MODULATION_DATASET,Raw EEG Band-Limited Coherence,Gamma,,F3,O2,0.017833436744635063
MODULATION_DATASET,Raw EEG Band-Limited Coherence,Gamma,,F3,PO9,0.011310091804642642
MODULATION_DATASET,Raw EEG Band-Limited Coherence,Gamma,,F3,PO10,0.012559100494023798
MODULATION_DATASET,Raw EEG Band-Limited Coherence,Gamma,,Fz,F4,0.47678283195600324
MODULATION_DATASET,Raw EEG Band-Limited Coherence,Gamma,,Fz,F8,0.18405436097124747
MODULATION_DATASET,Raw EEG Band-Limited Coherence,Gamma,,Fz,FC1,0.33705035140845363
MODULATION_DATASET,Raw EEG Band-Limited Coherence,Gamma,,Fz,FC2,0.44123435770708996
MODULATION_DATASET,Raw EEG Band-Limited Coherence,Gamma,,Fz,FC5,0.2101138682394572
MODULATION_DATASET,Raw EEG Band-Limited Coherence,Gamma,,Fz,FC6,0.30932502972842846
MODULATION_DATASET,Raw EEG Band-Limited Coherence,Gamma,,Fz,C3,0.15485566405260132
MODULATION_DATASET,Raw EEG Band-Limited Coherence,Gamma,,Fz,Cz,0.3816364987419777
MODULATION_DATASET,Raw EEG Band-Limited Coherence,Gamma,,Fz,C4,0.261174815658736
MODULATION_DATASET,Raw EEG Band-Limited Coherence,Gamma,,Fz,FT9,0.06401394235213942
MODULATION_DATASET,Raw EEG Band-Limited Coherence,Gamma,,Fz,FT10,0.10604222203579738
MODULATION_DATASET,Raw EEG Band-Limited Coherence,Gamma,,Fz,T7,0.06963718250546462
MODULATION_DATASET,Raw EEG Band-Limited Coherence,Gamma,,Fz,T8,0.23357482608469637
MODULATION_DATASET,Raw EEG Band-Limited Coherence,Gamma,,Fz,CP1,0.06948270009267019
MODULATION_DATASET,Raw EEG Band-Limited Coherence,Gamma,,Fz,CP2,0.10882104227138482
MODULATION_DATASET,Raw EEG Band-Limited Coherence,Gamma,,Fz,CP5,0.03683956960578455
MODULATION_DATASET,Raw EEG Band-Limited Coherence,Gamma,,Fz,CP6,0.1290725575065152
MODULATION_DATASET,Raw EEG Band-Limited Coherence,Gamma,,Fz,P3,0.03191185051779503
MODULATION_DATASET,Raw EEG Band-Limited Coherence,Gamma,,Fz,Pz,0.06689733243730764
MODULATION_DATASET,Raw EEG Band-Limited Coherence,Gamma,,Fz,P4,0.08012815351089493
MODULATION_DATASET,Raw EEG Band-Limited Coherence,Gamma,,Fz,P7,0.012748186681994267
MODULATION_DATASET,Raw EEG Band-Limited Coherence,Gamma,,Fz,P8,0.0700129097016258
MODULATION_DATASET,Raw EEG Band-Limited Coherence,Gamma,,Fz,O1,0.012742171928727139
MODULATION_DATASET,Raw EEG Band-Limited Coherence,Gamma,,Fz,Oz,0.017342655114695453
MODULATION_DATASET,Raw EEG Band-Limited Coherence,Gamma,,Fz,O2,0.022703230299908214
MODULATION_DATASET,Raw EEG Band-Limited Coherence,Gamma,,Fz,PO9,0.007462228073175581
MODULATION_DATASET,Raw EEG Band-Limited Coherence,Gamma,,Fz,PO10,0.019697045960977377
MODULATION_DATASET,Raw EEG Band-Limited Coherence,Gamma,,F4,F8,0.32758671042614523
MODULATION_DATASET,Raw EEG Band-Limited Coherence,Gamma,,F4,FC1,0.22540903980628607
MODULATION_DATASET,Raw EEG Band-Limited Coherence,Gamma,,F4,FC2,0.40799277823175756
MODULATION_DATASET,Raw EEG Band-Limited Coherence,Gamma,,F4,FC5,0.1131631246959145
MODULATION_DATASET,Raw EEG Band-Limited Coherence,Gamma,,F4,FC6,0.42518461569733246
MODULATION_DATASET,Raw EEG Band-Limited Coherence,Gamma,,F4,C3,0.08248134530074847
MODULATION_DATASET,Raw EEG Band-Limited Coherence,Gamma,,F4,Cz,0.2526575270426724
MODULATION_DATASET,Raw EEG Band-Limited Coherence,Gamma,,F4,C4,0.2909733905281301
MODULATION_DATASET,Raw EEG Band-Limited Coherence,Gamma,,F4,FT9,0.051963494765559184
MODULATION_DATASET,Raw EEG Band-Limited Coherence,Gamma,,F4,FT10,0.16956555114001853
MODULATION_DATASET,Raw EEG Band-Limited Coherence,Gamma,,F4,T7,0.0345432505483712
MODULATION_DATASET,Raw EEG Band-Limited Coherence,Gamma,,F4,T8,0.323460505846019
MODULATION_DATASET,Raw EEG Band-Limited Coherence,Gamma,,F4,CP1,0.04709446463195408
MODULATION_DATASET,Raw EEG Band-Limited Coherence,Gamma,,F4,CP2,0.0907066506618068
MODULATION_DATASET,Raw EEG Band-Limited Coherence,Gamma,,F4,CP5,0.016238948799228207
MODULATION_DATASET,Raw EEG Band-Limited Coherence,Gamma,,F4,CP6,0.1535132280057549
MODULATION_DATASET,Raw EEG Band-Limited Coherence,Gamma,,F4,P3,0.019803682134811873
MODULATION_DATASET,Raw EEG Band-Limited Coherence,Gamma,,F4,Pz,0.05159251129067547
MODULATION_DATASET,Raw EEG Band-Limited Coherence,Gamma,,F4,P4,0.07443524271328111
MODULATION_DATASET,Raw EEG Band-Limited Coherence,Gamma,,F4,P7,0.009820004750475671
MODULATION_DATASET,Raw EEG Band-Limited Coherence,Gamma,,F4,P8,0.0799817482849176
MODULATION_DATASET,Raw EEG Band-Limited Coherence,Gamma,,F4,O1,0.010183064639120748
MODULATION_DATASET,Raw EEG Band-Limited Coherence,Gamma,,F4,Oz,0.012876536669921479
MODULATION_DATASET,Raw EEG Band-Limited Coherence,Gamma,,F4,O2,0.017552676592102044
MODULATION_DATASET,Raw EEG Band-Limited Coherence,Gamma,,F4,PO9,0.006535288530998868
MODULATION_DATASET,Raw EEG Band-Limited Coherence,Gamma,,F4,PO10,0.024071162379127223
MODULATION_DATASET,Raw EEG Band-Limited Coherence,Gamma,,F8,FC1,0.07348875871175044
MODULATION_DATASET,Raw EEG Band-Limited Coherence,Gamma,,F8,FC2,0.15104073487495998
MODULATION_DATASET,Raw EEG Band-Limited Coherence,Gamma,,F8,FC5,0.03674760995748512
MODULATION_DATASET,Raw EEG Band-Limited Coherence,Gamma,,F8,FC6,0.2956965018127827
MODULATION_DATASET,Raw EEG Band-Limited Coherence,Gamma,,F8,C3,0.02031985511186401
MODULATION_DATASET,Raw EEG Band-Limited Coherence,Gamma,,F8,Cz,0.06826706110970952
MODULATION_DATASET,Raw EEG Band-Limited Coherence,Gamma,,F8,C4,0.13355683522268863
MODULATION_DATASET,Raw EEG Band-Limited Coherence,Gamma,,F8,FT9,0.05821134902367116
MODULATION_DATASET,Raw EEG Band-Limited Coherence,Gamma,,F8,FT10,0.24395746961980058
MODULATION_DATASET,Raw EEG Band-Limited Coherence,Gamma,,F8,T7,0.012772784795451037
MODULATION_DATASET,Raw EEG Band-Limited Coherence,Gamma,,F8,T8,0.2570740699164215
MODULATION_DATASET,Raw EEG Band-Limited Coherence,Gamma,,F8,CP1,0.012573502025306642
MODULATION_DATASET,Raw EEG Band-Limited Coherence,Gamma,,F8,CP2,0.029071806655887766
MODULATION_DATASET,Raw EEG Band-Limited Coherence,Gamma,,F8,CP5,0.008747151152722215
MODULATION_DATASET,Raw EEG Band-Limited Coherence,Gamma,,F8,CP6,0.09361267215943893
MODULATION_DATASET,Raw EEG Band-Limited Coherence,Gamma,,F8,P3,0.010641963717285235
MODULATION_DATASET,Raw EEG Band-Limited Coherence,Gamma,,F8,Pz,0.013606375451605346
MODULATION_DATASET,Raw EEG Band-Limited Coherence,Gamma,,F8,P4,0.02683635991189211
MODULATION_DATASET,Raw EEG Band-Limited Coherence,Gamma,,F8,P7,0.016892302519909246
MODULATION_DATASET,Raw EEG Band-Limited Coherence,Gamma,,F8,P8,0.04320923477896059
MODULATION_DATASET,Raw EEG Band-Limited Coherence,Gamma,,F8,O1,0.014753841922869349
MODULATION_DATASET,Raw EEG Band-Limited Coherence,Gamma,,F8,Oz,0.00951414768678186
MODULATION_DATASET,Raw EEG Band-Limited Coherence,Gamma,,F8,O2,0.007004470896184248
MODULATION_DATASET,Raw EEG Band-Limited Coherence,Gamma,,F8,PO9,0.011160331042967011
MODULATION_DATASET,Raw EEG Band-Limited Coherence,Gamma,,F8,PO10,0.015447869545904833
MODULATION_DATASET,Raw EEG Band-Limited Coherence,Gamma,,FC1,FC2,0.2880304432172799
MODULATION_DATASET,Raw EEG Band-Limited Coherence,Gamma,,FC1,FC5,0.19069669471050074
MODULATION_DATASET,Raw EEG Band-Limited Coherence,Gamma,,FC1,FC6,0.17612815604323478
MODULATION_DATASET,Raw EEG Band-Limited Coherence,Gamma,,FC1,C3,0.20431066738588893
MODULATION_DATASET,Raw EEG Band-Limited Coherence,Gamma,,FC1,Cz,0.3182993376208286
MODULATION_DATASET,Raw EEG Band-Limited Coherence,Gamma,,FC1,C4,0.18745082286909512
MODULATION_DATASET,Raw EEG Band-Limited Coherence,Gamma,,FC1,FT9,0.03193033660255693
MODULATION_DATASET,Raw EEG Band-Limited Coherence,Gamma,,FC1,FT10,0.044020789925562694
MODULATION_DATASET,Raw EEG Band-Limited Coherence,Gamma,,FC1,T7,0.07594193314076611
MODULATION_DATASET,Raw EEG Band-Limited Coherence,Gamma,,FC1,T8,0.13740506887675982
MODULATION_DATASET,Raw EEG Band-Limited Coherence,Gamma,,FC1,CP1,0.1076345820166856
MODULATION_DATASET,Raw EEG Band-Limited Coherence,Gamma,,FC1,CP2,0.1309579961399064
MODULATION_DATASET,Raw EEG Band-Limited Coherence,Gamma,,FC1,CP5,0.07002025083414001
MODULATION_DATASET,Raw EEG Band-Limited Coherence,Gamma,,FC1,CP6,0.1060658499991268
MODULATION_DATASET,Raw EEG Band-Limited Coherence,Gamma,,FC1,P3,0.06476960392328455
MODULATION_DATASET,Raw EEG Band-Limited Coherence,Gamma,,FC1,Pz,0.10220876487748506
MODULATION_DATASET,Raw EEG Band-Limited Coherence,Gamma,,FC1,P4,0.10022921509297315
MODULATION_DATASET,Raw EEG Band-Limited Coherence,Gamma,,FC1,P7,0.025455452445618053
MODULATION_DATASET,Raw EEG Band-Limited Coherence,Gamma,,FC1,P8,0.07013765163476007
MODULATION_DATASET,Raw EEG Band-Limited Coherence,Gamma,,FC1,O1,0.025517946515872268
MODULATION_DATASET,Raw EEG Band-Limited Coherence,Gamma,,FC1,Oz,0.038208457626141334
MODULATION_DATASET,Raw EEG Band-Limited Coherence,Gamma,,FC1,O2,0.042725181122359096
MODULATION_DATASET,Raw EEG Band-Limited Coherence,Gamma,,FC1,PO9,0.0034968228959764364
MODULATION_DATASET,Raw EEG Band-Limited Coherence,Gamma,,FC1,PO10,0.022083052242331355
MODULATION_DATASET,Raw EEG Band-Limited Coherence,Gamma,,FC2,FC5,0.11816182642957082
MODULATION_DATASET,Raw EEG Band-Limited Coherence,Gamma,,FC2,FC6,0.30051538787860155
MODULATION_DATASET,Raw EEG Band-Limited Coherence,Gamma,,FC2,C3,0.12929992458002257
MODULATION_DATASET,Raw EEG Band-Limited Coherence,Gamma,,FC2,Cz,0.40625333249223294
MODULATION_DATASET,Raw EEG Band-Limited Coherence,Gamma,,FC2,C4,0.3304891471682341
MODULATION_DATASET,Raw EEG Band-Limited Coherence,Gamma,,FC2,FT9,0.03178609871136539
MODULATION_DATASET,Raw EEG Band-Limited Coherence,Gamma,,FC2,FT10,0.08790932350784095
MODULATION_DATASET,Raw EEG Band-Limited Coherence,Gamma,,FC2,T7,0.040834092832531844
MODULATION_DATASET,Raw EEG Band-Limited Coherence,Gamma,,FC2,T8,0.24303430985185162
MODULATION_DATASET,Raw EEG Band-Limited Coherence,Gamma,,FC2,CP1,0.09389779476374108
MODULATION_DATASET,Raw EEG Band-Limited Coherence,Gamma,,FC2,CP2,0.15189414767103598
MODULATION_DATASET,Raw EEG Band-Limited Coherence,Gamma,,FC2,CP5,0.03349727366419409
MODULATION_DATASET,Raw EEG Band-Limited Coherence,Gamma,,FC2,CP6,0.16900521570106025
MODULATION_DATASET,Raw EEG Band-Limited Coherence,Gamma,,FC2,P3,0.04641652523128502
MODULATION_DATASET,Raw EEG Band-Limited Coherence,Gamma,,FC2,Pz,0.09767695385724184
MODULATION_DATASET,Raw EEG Band-Limited Coherence,Gamma,,FC2,P4,0.11867352732774065
MODULATION_DATASET,Raw EEG Band-Limited Coherence,Gamma,,FC2,P7,0.012811964067799627
MODULATION_DATASET,Raw EEG Band-Limited Coherence,Gamma,,FC2,P8,0.0956297785095607
MODULATION_DATASET,Raw EEG Band-Limited Coherence,Gamma,,FC2,O1,0.016650699963855188
MODULATION_DATASET,Raw EEG Band-Limited Coherence,Gamma,,FC2,Oz,0.027531339829117353
MODULATION_DATASET,Raw EEG Band-Limited Coherence,Gamma,,FC2,O2,0.03542717464548991
MODULATION_DATASET,Raw EEG Band-Limited Coherence,Gamma,,FC2,PO9,0.0036355846234434226
MODULATION_DATASET,Raw EEG Band-Limited Coherence,Gamma,,FC2,PO10,0.029295898146013088
MODULATION_DATASET,Raw EEG Band-Limited Coherence,Gamma,,FC5,FC6,0.06632002817642901
MODULATION_DATASET,Raw EEG Band-Limited Coherence,Gamma,,FC5,C3,0.1997055993159001
MODULATION_DATASET,Raw EEG Band-Limited Coherence,Gamma,,FC5,Cz,0.14123808085036949
MODULATION_DATASET,Raw EEG Band-Limited Coherence,Gamma,,FC5,C4,0.05702339579114628
MODULATION_DATASET,Raw EEG Band-Limited Coherence,Gamma,,FC5,FT9,0.07979301211837526
MODULATION_DATASET,Raw EEG Band-Limited Coherence,Gamma,,FC5,FT10,0.024771178047244474
MODULATION_DATASET,Raw EEG Band-Limited Coherence,Gamma,,FC5,T7,0.19836172494271925
MODULATION_DATASET,Raw EEG Band-Limited Coherence,Gamma,,FC5,T8,0.04652053347843841
MODULATION_DATASET,Raw EEG Band-Limited Coherence,Gamma,,FC5,CP1,0.04296748451730746
MODULATION_DATASET,Raw EEG Band-Limited Coherence,Gamma,,FC5,CP2,0.038415594017356655
MODULATION_DATASET,Raw EEG Band-Limited Coherence,Gamma,,FC5,CP5,0.09335983409757177
MODULATION_DATASET,Raw EEG Band-Limited Coherence,Gamma,,FC5,CP6,0.026731188223592967
MODULATION_DATASET,Raw EEG Band-Limited Coherence,Gamma,,FC5,P3,0.0296041675793672
MODULATION_DATASET,Raw EEG Band-Limited Coherence,Gamma,,FC5,Pz,0.032403264348254746
MODULATION_DATASET,Raw EEG Band-Limited Coherence,Gamma,,FC5,P4,0.027707713309732263
MODULATION_DATASET,Raw EEG Band-Limited Coherence,Gamma,,FC5,P7,0.021824791764292188
MODULATION_DATASET,Raw EEG Band-Limited Coherence,Gamma,,FC5,P8,0.02023898452125304
MODULATION_DATASET,Raw EEG Band-Limited Coherence,Gamma,,FC5,O1,0.011687223394714669
MODULATION_DATASET,Raw EEG Band-Limited Coherence,Gamma,,FC5,Oz,0.013424834269040559
MODULATION_DATASET,Raw EEG Band-Limited Coherence,Gamma,,FC5,O2,0.013562029885817058
MODULATION_DATASET,Raw EEG Band-Limited Coherence,Gamma,,FC5,PO9,0.013163812003706745
MODULATION_DATASET,Raw EEG Band-Limited Coherence,Gamma,,FC5,PO10,0.009012180936861184
MODULATION_DATASET,Raw EEG Band-Limited Coherence,Gamma,,FC6,C3,0.06581707307839038
MODULATION_DATASET,Raw EEG Band-Limited Coherence,Gamma,,FC6,Cz,0.21102230663737478
MODULATION_DATASET,Raw EEG Band-Limited Coherence,Gamma,,FC6,C4,0.3108184612877649
MODULATION_DATASET,Raw EEG Band-Limited Coherence,Gamma,,FC6,FT9,0.035618618644968916
MODULATION_DATASET,Raw EEG Band-Limited Coherence,Gamma,,FC6,FT10,0.1903890450595947
MODULATION_DATASET,Raw EEG Band-Limited Coherence,Gamma,,FC6,T7,0.022895457538109443
MODULATION_DATASET,Raw EEG Band-Limited Coherence,Gamma,,FC6,T8,0.4261743083897471
MODULATION_DATASET,Raw EEG Band-Limited Coherence,Gamma,,FC6,CP1,0.06621795532376781
MODULATION_DATASET,Raw EEG Band-Limited Coherence,Gamma,,FC6,CP2,0.13137404275646739
MODULATION_DATASET,Raw EEG Band-Limited Coherence,Gamma,,FC6,CP5,0.015127933681254072
MODULATION_DATASET,Raw EEG Band-Limited Coherence,Gamma,,FC6,CP6,0.2522637655296728
MODULATION_DATASET,Raw EEG Band-Limited Coherence,Gamma,,FC6,P3,0.030053270531487913
MODULATION_DATASET,Raw EEG Band-Limited Coherence,Gamma,,FC6,Pz,0.07887561240191791
MODULATION_DATASET,Raw EEG Band-Limited Coherence,Gamma,,FC6,P4,0.12833113515638214
MODULATION_DATASET,Raw EEG Band-Limited Coherence,Gamma,,FC6,P7,0.01014457978290664
MODULATION_DATASET,Raw EEG Band-Limited Coherence,Gamma,,FC6,P8,0.1546166800960011
MODULATION_DATASET,Raw EEG Band-Limited Coherence,Gamma,,FC6,O1,0.015605071248612795
MODULATION_DATASET,Raw EEG Band-Limited Coherence,Gamma,,FC6,Oz,0.02941970827743386
MODULATION_DATASET,Raw EEG Band-Limited Coherence,Gamma,,FC6,O2,0.04184165248879177
MODULATION_DATASET,Raw EEG Band-Limited Coherence,Gamma,,FC6,PO9,0.004652499116627723
MODULATION_DATASET,Raw EEG Band-Limited Coherence,Gamma,,FC6,PO10,0.05910706805910998
MODULATION_DATASET,Raw EEG Band-Limited Coherence,Gamma,,C3,Cz,0.19937126155423796
MODULATION_DATASET,Raw EEG Band-Limited Coherence,Gamma,,C3,C4,0.0840682302190682
MODULATION_DATASET,Raw EEG Band-Limited Coherence,Gamma,,C3,FT9,0.02165667846792652
MODULATION_DATASET,Raw EEG Band-Limited Coherence,Gamma,,C3,FT10,0.01762809790944981
MODULATION_DATASET,Raw EEG Band-Limited Coherence,Gamma,,C3,T7,0.11736749953818101
MODULATION_DATASET,Raw EEG Band-Limited Coherence,Gamma,,C3,T8,0.049902826917922735
MODULATION_DATASET,Raw EEG Band-Limited Coherence,Gamma,,C3,CP1,0.12224105287923537
MODULATION_DATASET,Raw EEG Band-Limited Coherence,Gamma,,C3,CP2,0.10410676563376411
MODULATION_DATASET,Raw EEG Band-Limited Coherence,Gamma,,C3,CP5,0.16749102493319667
MODULATION_DATASET,Raw EEG Band-Limited Coherence,Gamma,,C3,CP6,0.04971175296058764
MODULATION_DATASET,Raw EEG Band-Limited Coherence,Gamma,,C3,P3,0.10563207681162004
MODULATION_DATASET,Raw EEG Band-Limited Coherence,Gamma,,C3,Pz,0.10375708351165047
MODULATION_DATASET,Raw EEG Band-Limited Coherence,Gamma,,C3,P4,0.07599585882774383
MODULATION_DATASET,Raw EEG Band-Limited Coherence,Gamma,,C3,P7,0.06236216860268575
MODULATION_DATASET,Raw EEG Band-Limited Coherence,Gamma,,C3,P8,0.04435717230301935
MODULATION_DATASET,Raw EEG Band-Limited Coherence,Gamma,,C3,O1,0.04048841032907058
MODULATION_DATASET,Raw EEG Band-Limited Coherence,Gamma,,C3,Oz,0.04776479053623435
MODULATION_DATASET,Raw EEG Band-Limited Coherence,Gamma,,C3,O2,0.04721776821388277
MODULATION_DATASET,Raw EEG Band-Limited Coherence,Gamma,,C3,PO9,0.0062502741462500564
MODULATION_DATASET,Raw EEG Band-Limited Coherence,Gamma,,C3,PO10,0.015751660842857312
MODULATION_DATASET,Raw EEG Band-Limited Coherence,Gamma,,Cz,C4,0.30255815595679836
MODULATION_DATASET,Raw EEG Band-Limited Coherence,Gamma,,Cz,FT9,0.024179403808548057
MODULATION_DATASET,Raw EEG Band-Limited Coherence,Gamma,,Cz,FT10,0.04450384315860587
MODULATION_DATASET,Raw EEG Band-Limited Coherence,Gamma,,Cz,T7,0.05452305077405306
MODULATION_DATASET,Raw EEG Band-Limited Coherence,Gamma,,Cz,T8,0.17780161124977956
MODULATION_DATASET,Raw EEG Band-Limited Coherence,Gamma,,Cz,CP1,0.16731625758817356
MODULATION_DATASET,Raw EEG Band-Limited Coherence,Gamma,,Cz,CP2,0.22820642183643916
MODULATION_DATASET,Raw EEG Band-Limited Coherence,Gamma,,Cz,CP5,0.075872373884122
MODULATION_DATASET,Raw EEG Band-Limited Coherence,Gamma,,Cz,CP6,0.1631122609445603
MODULATION_DATASET,Raw EEG Band-Limited Coherence,Gamma,,Cz,P3,0.10513281951426996
MODULATION_DATASET,Raw EEG Band-Limited Coherence,Gamma,,Cz,Pz,0.1686141314628579
MODULATION_DATASET,Raw EEG Band-Limited Coherence,Gamma,,Cz,P4,0.17421405995990832
MODULATION_DATASET,Raw EEG Band-Limited Coherence,Gamma,,Cz,P7,0.03215629006202586
MODULATION_DATASET,Raw EEG Band-Limited Coherence,Gamma,,Cz,P8,0.1121146819227988
MODULATION_DATASET,Raw EEG Band-Limited Coherence,Gamma,,Cz,O1,0.04025849359040786
MODULATION_DATASET,Raw EEG Band-Limited Coherence,Gamma,,Cz,Oz,0.0595930825189118
MODULATION_DATASET,Raw EEG Band-Limited Coherence,Gamma,,Cz,O2,0.06811096855375802
MODULATION_DATASET,Raw EEG Band-Limited Coherence,Gamma,,Cz,PO9,0.003704431850293192
MODULATION_DATASET,Raw EEG Band-Limited Coherence,Gamma,,Cz,PO10,0.03759318217831727
MODULATION_DATASET,Raw EEG Band-Limited Coherence,Gamma,,C4,FT9,0.02076507376274439
MODULATION_DATASET,Raw EEG Band-Limited Coherence,Gamma,,C4,FT10,0.0999686522337889
MODULATION_DATASET,Raw EEG Band-Limited Coherence,Gamma,,C4,T7,0.020089921281837578
MODULATION_DATASET,Raw EEG Band-Limited Coherence,Gamma,,C4,T8,0.335741318320919
MODULATION_DATASET,Raw EEG Band-Limited Coherence,Gamma,,C4,CP1,0.13944774910725033
MODULATION_DATASET,Raw EEG Band-Limited Coherence,Gamma,,C4,CP2,0.24391786972136376
MODULATION_DATASET,Raw EEG Band-Limited Coherence,Gamma,,C4,CP5,0.02918220468117194
MODULATION_DATASET,Raw EEG Band-Limited Coherence,Gamma,,C4,CP6,0.3346612415210671
MODULATION_DATASET,Raw EEG Band-Limited Coherence,Gamma,,C4,P3,0.07882615784993366
MODULATION_DATASET,Raw EEG Band-Limited Coherence,Gamma,,C4,Pz,0.16558771650259732
MODULATION_DATASET,Raw EEG Band-Limited Coherence,Gamma,,C4,P4,0.2478119318665839
MODULATION_DATASET,Raw EEG Band-Limited Coherence,Gamma,,C4,P7,0.021146385278780256
MODULATION_DATASET,Raw EEG Band-Limited Coherence,Gamma,,C4,P8,0.22940017055551604
MODULATION_DATASET,Raw EEG Band-Limited Coherence,Gamma,,C4,O1,0.046734041425995076
MODULATION_DATASET,Raw EEG Band-Limited Coherence,Gamma,,C4,Oz,0.08006798823083557
MODULATION_DATASET,Raw EEG Band-Limited Coherence,Gamma,,C4,O2,0.09980164457727854
MODULATION_DATASET,Raw EEG Band-Limited Coherence,Gamma,,C4,PO9,0.0035760130171739518
MODULATION_DATASET,Raw EEG Band-Limited Coherence,Gamma,,C4,PO10,0.08840663126707927
MODULATION_DATASET,Raw EEG Band-Limited Coherence,Gamma,,FT9,FT10,0.09347358011266317
MODULATION_DATASET,Raw EEG Band-Limited Coherence,Gamma,,FT9,T7,0.05398153674569637
MODULATION_DATASET,Raw EEG Band-Limited Coherence,Gamma,,FT9,T8,0.0389065656802741
MODULATION_DATASET,Raw EEG Band-Limited Coherence,Gamma,,FT9,CP1,0.04175142583373578
MODULATION_DATASET,Raw EEG Band-Limited Coherence,Gamma,,FT9,CP2,0.02997047629112117
MODULATION_DATASET,Raw EEG Band-Limited Coherence,Gamma,,FT9,CP5,0.01806039615917141
MODULATION_DATASET,Raw EEG Band-Limited Coherence,Gamma,,FT9,CP6,0.014985402550467203
MODULATION_DATASET,Raw EEG Band-Limited Coherence,Gamma,,FT9,P3,0.05673460646133723
MODULATION_DATASET,Raw EEG Band-Limited Coherence,Gamma,,FT9,Pz,0.04326094375712279
MODULATION_DATASET,Raw EEG Band-Limited Coherence,Gamma,,FT9,P4,0.03514652124058657
MODULATION_DATASET,Raw EEG Band-Limited Coherence,Gamma,,FT9,P7,0.05647748837254975
MODULATION_DATASET,Raw EEG Band-Limited Coherence,Gamma,,FT9,P8,0.021455821823504567
MODULATION_DATASET,Raw EEG Band-Limited Coherence,Gamma,,FT9,O1,0.08702961496464501
MODULATION_DATASET,Raw EEG Band-Limited Coherence,Gamma,,FT9,Oz,0.07764695982942613
MODULATION_DATASET,Raw EEG Band-Limited Coherence,Gamma,,FT9,O2,0.06037049328653652
MODULATION_DATASET,Raw EEG Band-Limited Coherence,Gamma,,FT9,PO9,0.05223373747103242
MODULATION_DATASET,Raw EEG Band-Limited Coherence,Gamma,,FT9,PO10,0.021734592253427637
MODULATION_DATASET,Raw EEG Band-Limited Coherence,Gamma,,FT10,T7,0.012152917781112823
MODULATION_DATASET,Raw EEG Band-Limited Coherence,Gamma,,FT10,T8,0.2305329706890348
MODULATION_DATASET,Raw EEG Band-Limited Coherence,Gamma,,FT10,CP1,0.022411746592554384
MODULATION_DATASET,Raw EEG Band-Limited Coherence,Gamma,,FT10,CP2,0.02790193053778477
MODULATION_DATASET,Raw EEG Band-Limited Coherence,Gamma,,FT10,CP5,0.021938442226123143
MODULATION_DATASET,Raw EEG Band-Limited Coherence,Gamma,,FT10,CP6,0.09290641545905168
MODULATION_DATASET,Raw EEG Band-Limited Coherence,Gamma,,FT10,P3,0.028782636430213376
MODULATION_DATASET,Raw EEG Band-Limited Coherence,Gamma,,FT10,Pz,0.0217924399814183
MODULATION_DATASET,Raw EEG Band-Limited Coherence,Gamma,,FT10,P4,0.02931615585779202
MODULATION_DATASET,Raw EEG Band-Limited Coherence,Gamma,,FT10,P7,0.04406245855319313
MODULATION_DATASET,Raw EEG Band-Limited Coherence,Gamma,,FT10,P8,0.05043858206160985
MODULATION_DATASET,Raw EEG Band-Limited Coherence,Gamma,,FT10,O1,0.04147164092224822
MODULATION_DATASET,Raw EEG Band-Limited Coherence,Gamma,,FT10,Oz,0.02986321779542791
MODULATION_DATASET,Raw EEG Band-Limited Coherence,Gamma,,FT10,O2,0.021166755980407397
MODULATION_DATASET,Raw EEG Band-Limited Coherence,Gamma,,FT10,PO9,0.02233221942016841
MODULATION_DATASET,Raw EEG Band-Limited Coherence,Gamma,,FT10,PO10,0.022389985141316987
MODULATION_DATASET,Raw EEG Band-Limited Coherence,Gamma,,T7,T8,0.01666007656674127
MODULATION_DATASET,Raw EEG Band-Limited Coherence,Gamma,,T7,CP1,0.026593315743710273
MODULATION_DATASET,Raw EEG Band-Limited Coherence,Gamma,,T7,CP2,0.018158853822296064
MODULATION_DATASET,Raw EEG Band-Limited Coherence,Gamma,,T7,CP5,0.09504877277051345
MODULATION_DATASET,Raw EEG Band-Limited Coherence,Gamma,,T7,CP6,0.009865348571070931
MODULATION_DATASET,Raw EEG Band-Limited Coherence,Gamma,,T7,P3,0.024582159461254333
MODULATION_DATASET,Raw EEG Band-Limited Coherence,Gamma,,T7,Pz,0.019335322310257474
MODULATION_DATASET,Raw EEG Band-Limited Coherence,Gamma,,T7,P4,0.01238124233083215
MODULATION_DATASET,Raw EEG Band-Limited Coherence,Gamma,,T7,P7,0.04154511283789155
MODULATION_DATASET,Raw EEG Band-Limited Coherence,Gamma,,T7,P8,0.008734994260543829
MODULATION_DATASET,Raw EEG Band-Limited Coherence,Gamma,,T7,O1,0.009996071460761077
MODULATION_DATASET,Raw EEG Band-Limited Coherence,Gamma,,T7,Oz,0.010129016576671996
MODULATION_DATASET,Raw EEG Band-Limited Coherence,Gamma,,T7,O2,0.00874586344984248
MODULATION_DATASET,Raw EEG Band-Limited Coherence,Gamma,,T7,PO9,0.010587242615107087
MODULATION_DATASET,Raw EEG Band-Limited Coherence,Gamma,,T7,PO10,0.007041775226384717
MODULATION_DATASET,Raw EEG Band-Limited Coherence,Gamma,,T8,CP1,0.07538574267859513
MODULATION_DATASET,Raw EEG Band-Limited Coherence,Gamma,,T8,CP2,0.15345155098778912
MODULATION_DATASET,Raw EEG Band-Limited Coherence,Gamma,,T8,CP5,0.014954540353604375
MODULATION_DATASET,Raw EEG Band-Limited Coherence,Gamma,,T8,CP6,0.3313996462609662
MODULATION_DATASET,Raw EEG Band-Limited Coherence,Gamma,,T8,P3,0.036728855862376425
MODULATION_DATASET,Raw EEG Band-Limited Coherence,Gamma,,T8,Pz,0.09497217519635652
MODULATION_DATASET,Raw EEG Band-Limited Coherence,Gamma,,T8,P4,0.17465729806908517
MODULATION_DATASET,Raw EEG Band-Limited Coherence,Gamma,,T8,P7,0.014016844492254927
MODULATION_DATASET,Raw EEG Band-Limited Coherence,Gamma,,T8,P8,0.2469732365752871
MODULATION_DATASET,Raw EEG Band-Limited Coherence,Gamma,,T8,O1,0.022713512302993198
MODULATION_DATASET,Raw EEG Band-Limited Coherence,Gamma,,T8,Oz,0.04510484231547246
MODULATION_DATASET,Raw EEG Band-Limited Coherence,Gamma,,T8,O2,0.06392032809165735
MODULATION_DATASET,Raw EEG Band-Limited Coherence,Gamma,,T8,PO9,0.005718281496419544
MODULATION_DATASET,Raw EEG Band-Limited Coherence,Gamma,,T8,PO10,0.11141467173297837
MODULATION_DATASET,Raw EEG Band-Limited Coherence,Gamma,,CP1,CP2,0.2640931468524424
MODULATION_DATASET,Raw EEG Band-Limited Coherence,Gamma,,CP1,CP5,0.12952550494478238
MODULATION_DATASET,Raw EEG Band-Limited Coherence,Gamma,,CP1,CP6,0.15928992719079088
MODULATION_DATASET,Raw EEG Band-Limited Coherence,Gamma,,CP1,P3,0.30781328491651994
MODULATION_DATASET,Raw EEG Band-Limited Coherence,Gamma,,CP1,Pz,0.40556476167733047
MODULATION_DATASET,Raw EEG Band-Limited Coherence,Gamma,,CP1,P4,0.32560146605343954
MODULATION_DATASET,Raw EEG Band-Limited Coherence,Gamma,,CP1,P7,0.1844847887906434
MODULATION_DATASET,Raw EEG Band-Limited Coherence,Gamma,,CP1,P8,0.21785516307407266
MODULATION_DATASET,Raw EEG Band-Limited Coherence,Gamma,,CP1,O1,0.28622554479082724
MODULATION_DATASET,Raw EEG Band-Limited Coherence,Gamma,,CP1,Oz,0.32578185487602634
MODULATION_DATASET,Raw EEG Band-Limited Coherence,Gamma,,CP1,O2,0.29990455600778904
MODULATION_DATASET,Raw EEG Band-Limited Coherence,Gamma,,CP1,PO9,0.062091102546179576
MODULATION_DATASET,Raw EEG Band-Limited Coherence,Gamma,,CP1,PO10,0.12228640811056735
MODULATION_DATASET,Raw EEG Band-Limited Coherence,Gamma,,CP2,CP5,0.0863868181192034
MODULATION_DATASET,Raw EEG Band-Limited Coherence,Gamma,,CP2,CP6,0.2707612020624584
MODULATION_DATASET,Raw EEG Band-Limited Coherence,Gamma,,CP2,P3,0.2653495138720606
MODULATION_DATASET,Raw EEG Band-Limited Coherence,Gamma,,CP2,Pz,0.361314973876003
MODULATION_DATASET,Raw EEG Band-Limited Coherence,Gamma,,CP2,P4,0.3641477814033224
MODULATION_DATASET,Raw EEG Band-Limited Coherence,Gamma,,CP2,P7,0.11398110955811658
MODULATION_DATASET,Raw EEG Band-Limited Coherence,Gamma,,CP2,P8,0.3129671277922722
MODULATION_DATASET,Raw EEG Band-Limited Coherence,Gamma,,CP2,O1,0.22504655325840622
MODULATION_DATASET,Raw EEG Band-Limited Coherence,Gamma,,CP2,Oz,0.298560088631639
MODULATION_DATASET,Raw EEG Band-Limited Coherence,Gamma,,CP2,O2,0.3064413437555312
MODULATION_DATASET,Raw EEG Band-Limited Coherence,Gamma,,CP2,PO9,0.033686532919207486
MODULATION_DATASET,Raw EEG Band-Limited Coherence,Gamma,,CP2,PO10,0.16357624897817097
MODULATION_DATASET,Raw EEG Band-Limited Coherence,Gamma,,CP5,CP6,0.02315593977085977
MODULATION_DATASET,Raw EEG Band-Limited Coherence,Gamma,,CP5,P3,0.17035621169130374
MODULATION_DATASET,Raw EEG Band-Limited Coherence,Gamma,,CP5,Pz,0.11894229539708845
MODULATION_DATASET,Raw EEG Band-Limited Coherence,Gamma,,CP5,P4,0.0701789991542108
MODULATION_DATASET,Raw EEG Band-Limited Coherence,Gamma,,CP5,P7,0.1449880677737571
MODULATION_DATASET,Raw EEG Band-Limited Coherence,Gamma,,CP5,P8,0.03443197543940041
MODULATION_DATASET,Raw EEG Band-Limited Coherence,Gamma,,CP5,O1,0.09060250757199662
MODULATION_DATASET,Raw EEG Band-Limited Coherence,Gamma,,CP5,Oz,0.08304986312628623
MODULATION_DATASET,Raw EEG Band-Limited Coherence,Gamma,,CP5,O2,0.06938001423992692
MODULATION_DATASET,Raw EEG Band-Limited Coherence,Gamma,,CP5,PO9,0.019154078689580772
MODULATION_DATASET,Raw EEG Band-Limited Coherence,Gamma,,CP5,PO10,0.014382151487814788
MODULATION_DATASET,Raw EEG Band-Limited Coherence,Gamma,,CP6,P3,0.10214750005574973
MODULATION_DATASET,Raw EEG Band-Limited Coherence,Gamma,,CP6,Pz,0.2001658880727602
MODULATION_DATASET,Raw EEG Band-Limited Coherence,Gamma,,CP6,P4,0.33477444603651324
MODULATION_DATASET,Raw EEG Band-Limited Coherence,Gamma,,CP6,P7,0.029185538593332217
MODULATION_DATASET,Raw EEG Band-Limited Coherence,Gamma,,CP6,P8,0.3897511293089622
MODULATION_DATASET,Raw EEG Band-Limited Coherence,Gamma,,CP6,O1,0.09053597188908462
MODULATION_DATASET,Raw EEG Band-Limited Coherence,Gamma,,CP6,Oz,0.1596158668821178
MODULATION_DATASET,Raw EEG Band-Limited Coherence,Gamma,,CP6,O2,0.20021117399642474
MODULATION_DATASET,Raw EEG Band-Limited Coherence,Gamma,,CP6,PO9,0.009513009329281476
MODULATION_DATASET,Raw EEG Band-Limited Coherence,Gamma,,CP6,PO10,0.19444823412518825
MODULATION_DATASET,Raw EEG Band-Limited Coherence,Gamma,,P3,Pz,0.35485601938952704
MODULATION_DATASET,Raw EEG Band-Limited Coherence,Gamma,,P3,P4,0.2698271348935518
MODULATION_DATASET,Raw EEG Band-Limited Coherence,Gamma,,P3,P7,0.25341554798404997
MODULATION_DATASET,Raw EEG Band-Limited Coherence,Gamma,,P3,P8,0.1737305932190755
MODULATION_DATASET,Raw EEG Band-Limited Coherence,Gamma,,P3,O1,0.3442435915987236
MODULATION_DATASET,Raw EEG Band-Limited Coherence,Gamma,,P3,Oz,0.3553734745472773
MODULATION_DATASET,Raw EEG Band-Limited Coherence,Gamma,,P3,O2,0.3044060420967232
MODULATION_DATASET,Raw EEG Band-Limited Coherence,Gamma,,P3,PO9,0.09085192147380755
MODULATION_DATASET,Raw EEG Band-Limited Coherence,Gamma,,P3,PO10,0.09970086276589712
MODULATION_DATASET,Raw EEG Band-Limited Coherence,Gamma,,Pz,P4,0.38707393669076673
MODULATION_DATASET,Raw EEG Band-Limited Coherence,Gamma,,Pz,P7,0.17241117340646409
MODULATION_DATASET,Raw EEG Band-Limited Coherence,Gamma,,Pz,P8,0.2798019890678172
MODULATION_DATASET,Raw EEG Band-Limited Coherence,Gamma,,Pz,O1,0.30713043360326775
MODULATION_DATASET,Raw EEG Band-Limited Coherence,Gamma,,Pz,Oz,0.370138265265403
MODULATION_DATASET,Raw EEG Band-Limited Coherence,Gamma,,Pz,O2,0.35285556445625615
MODULATION_DATASET,Raw EEG Band-Limited Coherence,Gamma,,Pz,PO9,0.06364611622675304
MODULATION_DATASET,Raw EEG Band-Limited Coherence,Gamma,,Pz,PO10,0.1600790206919038
MODULATION_DATASET,Raw EEG Band-Limited Coherence,Gamma,,P4,P7,0.11517399227386974
MODULATION_DATASET,Raw EEG Band-Limited Coherence,Gamma,,P4,P8,0.4683627147812782
MODULATION_DATASET,Raw EEG Band-Limited Coherence,Gamma,,P4,O1,0.28908126079775753
MODULATION_DATASET,Raw EEG Band-Limited Coherence,Gamma,,P4,Oz,0.4185929775477236
MODULATION_DATASET,Raw EEG Band-Limited Coherence,Gamma,,P4,O2,0.45865978710379557
MODULATION_DATASET,Raw EEG Band-Limited Coherence,Gamma,,P4,PO9,0.042096577758345445
MODULATION_DATASET,Raw EEG Band-Limited Coherence,Gamma,,P4,PO10,0.2690431785949493
MODULATION_DATASET,Raw EEG Band-Limited Coherence,Gamma,,P7,P8,0.06527420759806048
MODULATION_DATASET,Raw EEG Band-Limited Coherence,Gamma,,P7,O1,0.30925537438681666
MODULATION_DATASET,Raw EEG Band-Limited Coherence,Gamma,,P7,Oz,0.24916973242490656
MODULATION_DATASET,Raw EEG Band-Limited Coherence,Gamma,,P7,O2,0.17653750878782243
MODULATION_DATASET,Raw EEG Band-Limited Coherence,Gamma,,P7,PO9,0.19935630987169278
MODULATION_DATASET,Raw EEG Band-Limited Coherence,Gamma,,P7,PO10,0.04237073124369591
MODULATION_DATASET,Raw EEG Band-Limited Coherence,Gamma,,P8,O1,0.21652826906963324
MODULATION_DATASET,Raw EEG Band-Limited Coherence,Gamma,,P8,Oz,0.3812475256901926
MODULATION_DATASET,Raw EEG Band-Limited Coherence,Gamma,,P8,O2,0.49362623780973786
MODULATION_DATASET,Raw EEG Band-Limited Coherence,Gamma,,P8,PO9,0.02995604419605554
MODULATION_DATASET,Raw EEG Band-Limited Coherence,Gamma,,P8,PO10,0.44543085619470235
MODULATION_DATASET,Raw EEG Band-Limited Coherence,Gamma,,O1,Oz,0.6195118105175664
MODULATION_DATASET,Raw EEG Band-Limited Coherence,Gamma,,O1,O2,0.4685113037330364
MODULATION_DATASET,Raw EEG Band-Limited Coherence,Gamma,,O1,PO9,0.27912138610867016
MODULATION_DATASET,Raw EEG Band-Limited Coherence,Gamma,,O1,PO10,0.16034924324827043
MODULATION_DATASET,Raw EEG Band-Limited Coherence,Gamma,,Oz,O2,0.6817278176363685
MODULATION_DATASET,Raw EEG Band-Limited Coherence,Gamma,,Oz,PO9,0.16385318048763003
MODULATION_DATASET,Raw EEG Band-Limited Coherence,Gamma,,Oz,PO10,0.29368742856452207
MODULATION_DATASET,Raw EEG Band-Limited Coherence,Gamma,,O2,PO9,0.08365080468296357
MODULATION_DATASET,Raw EEG Band-Limited Coherence,Gamma,,O2,PO10,0.3887819783075859
MODULATION_DATASET,Raw EEG Band-Limited Coherence,Gamma,,PO9,PO10,0.0630120413803887
