Metric,Band,Envelope_Band,Channel_A,Channel_B,Baseline,Modulation,Delta,Abs_Delta,Percent_Change
Band-Power Envelope Coherence Change,Alpha,UltraSlow,Cz,Fz,0.7309142313628555,0.6282935643757218,-0.10262066698713368,0.10262066698713368,-14.040042262658945
Band-Power Envelope Coherence Change,Alpha,UltraSlow,Cz,Fp1,0.4055782200471931,0.3055616314221294,-0.10001658862506374,0.10001658862506374,-24.66024645342785
Band-Power Envelope Coherence Change,Alpha,UltraSlow,Cz,F7,0.39981651229647086,0.2638312673634272,-0.13598524493304365,0.13598524493304365,-34.01191315285353
Band-Power Envelope Coherence Change,Alpha,UltraSlow,Cz,F3,0.6144199064982521,0.607106295479852,-0.007313611018400112,0.007313611018400112,-1.1903278101913057
Band-Power Envelope Coherence Change,Alpha,UltraSlow,Cz,FC1,0.7994958739529122,0.8772790634494807,0.07778318949656848,0.07778318949656848,9.729029508556247
Band-Power Envelope Coherence Change,Alpha,UltraSlow,Cz,C3,0.42329032394381405,0.4642976636727179,0.04100733972890386,0.04100733972890386,9.687757411234143
Band-Power Envelope Coherence Change,Alpha,UltraSlow,Cz,FC5,0.7045059585470667,0.5181475849302225,-0.18635837361684415,0.18635837361684415,-26.452348820608865
Band-Power Envelope Coherence Change,Alpha,UltraSlow,Cz,FT9,0.22251939765468706,0.024352016551628605,-0.19816738110305845,0.19816738110305845,-89.05622754317407
Band-Power Envelope Coherence Change,Alpha,UltraSlow,Cz,T7,0.5733800018558172,0.11820205940045946,-0.4551779424553577,0.4551779424553577,-79.38503976108628
Band-Power Envelope Coherence Change,Alpha,UltraSlow,Cz,CP5,0.1525974644893135,0.16789998637738776,0.015302521888074266,0.015302521888074266,10.028031553005201
Band-Power Envelope Coherence Change,Alpha,UltraSlow,Cz,CP1,0.027097248544351218,0.10270033054108202,0.0756030819967308,0.0756030819967308,279.0064898027858
Band-Power Envelope Coherence Change,Alpha,UltraSlow,Cz,P3,0.023484736459323016,0.013601390068803038,-0.009883346390519979,0.009883346390519979,-42.08412731238663
Band-Power Envelope Coherence Change,Alpha,UltraSlow,Cz,P7,0.006800282266462152,0.005916059670541863,-0.0008842225959202893,0.0008842225959202893,-13.002733728879555
Band-Power Envelope Coherence Change,Alpha,UltraSlow,Cz,PO9,0.021379417775692078,0.0712058038467534,0.049826386071061324,0.049826386071061324,233.05773147720052
Band-Power Envelope Coherence Change,Alpha,UltraSlow,Cz,O1,0.0037044804637695813,0.02713791574168845,0.023433435277918867,0.023433435277918867,632.5700866046307
Band-Power Envelope Coherence Change,Alpha,UltraSlow,Cz,Pz,0.023617383339945366,0.08191042620669577,0.0582930428667504,0.0582930428667504,246.82261378277332
Band-Power Envelope Coherence Change,Alpha,UltraSlow,Cz,Oz,0.005129104447863828,0.011639492621560853,0.006510388173697024,0.006510388173697024,126.93030995710127
Band-Power Envelope Coherence Change,Alpha,UltraSlow,Cz,O2,0.00889385246521305,0.004516797803358525,-0.004377054661854524,0.004377054661854524,-49.214383519118485
Band-Power Envelope Coherence Change,Alpha,UltraSlow,Cz,PO10,0.03236288153358307,0.0026032401490871026,-0.029759641384495966,0.029759641384495966,-91.95609282694524
Band-Power Envelope Coherence Change,Alpha,UltraSlow,Cz,P8,0.031288515785592635,0.018189933521454957,-0.013098582264137678,0.013098582264137678,-41.863865815486065
Band-Power Envelope Coherence Change,Alpha,UltraSlow,Cz,P4,0.026364604602736666,0.08871169711896454,0.06234709251622787,0.06234709251622787,236.48028656479906
Band-Power Envelope Coherence Change,Alpha,UltraSlow,Cz,CP2,0.03558915703521239,0.24546016845240606,0.20987101141719366,0.20987101141719366,589.7049239169797
Band-Power Envelope Coherence Change,Alpha,UltraSlow,Cz,CP6,0.10889143762833921,0.13552944716522358,0.026638009536884374,0.026638009536884374,24.46290554800406
Band-Power Envelope Coherence Change,Alpha,UltraSlow,Cz,T8,0.15667110131115516,0.13947285930527709,-0.01719824200587808,0.01719824200587808,-10.97729055451118
Band-Power Envelope Coherence Change,Alpha,UltraSlow,Cz,FT10,0.12643783688401408,0.050867858335253376,-0.07556997854876071,0.07556997854876071,-59.76848419044351
Band-Power Envelope Coherence Change,Alpha,UltraSlow,Cz,FC6,0.4806229837651349,0.3720273051709253,-0.1085956785942096,0.1085956785942096,-22.59477433715006
Band-Power Envelope Coherence Change,Alpha,UltraSlow,Cz,C4,0.5496291861799397,0.44961790450046313,-0.1000112816794766,0.1000112816794766,-18.19613735845798
Band-Power Envelope Coherence Change,Alpha,UltraSlow,Cz,FC2,0.7883443918771832,0.756080178377811,-0.03226421349937214,0.03226421349937214,-4.092654661060696
Band-Power Envelope Coherence Change,Alpha,UltraSlow,Cz,F4,0.5416943734104698,0.5114912795122669,-0.03020309389820286,0.03020309389820286,-5.575670595957329
Band-Power Envelope Coherence Change,Alpha,UltraSlow,Cz,F8,0.25768025607435935,0.17348846122059405,-0.0841917948537653,0.0841917948537653,-32.672970811341436
Band-Power Envelope Coherence Change,Alpha,UltraSlow,Cz,Fp2,0.3490365216523161,0.29197862200763874,-0.057057899644677335,0.057057899644677335,-16.34725769514576
Band-Power Envelope Coherence Change,Alpha,UltraSlow,Fz,Fp1,0.7788532797844319,0.7471211006130603,-0.03173217917137161,0.03173217917137161,-4.074217827028259
Band-Power Envelope Coherence Change,Alpha,UltraSlow,Fz,F7,0.7558671504795256,0.6421425487519735,-0.11372460172755205,0.11372460172755205,-15.045580649377957
Band-Power Envelope Coherence Change,Alpha,UltraSlow,Fz,F3,0.931989379734874,0.9351570639045449,0.003167684169670948,0.003167684169670948,0.33988414874127315
Band-Power Envelope Coherence Change,Alpha,UltraSlow,Fz,FC1,0.7390683128034347,0.7880635779083044,0.048995265104869734,0.048995265104869734,6.629328338948919
Band-Power Envelope Coherence Change,Alpha,UltraSlow,Fz,C3,0.23888404661653312,0.22126406831905052,-0.017619978297482602,0.017619978297482602,-7.375954379141503
Band-Power Envelope Coherence Change,Alpha,UltraSlow,Fz,FC5,0.8107769059799566,0.634515816103855,-0.17626108987610156,0.17626108987610156,-21.7397768209815
Band-Power Envelope Coherence Change,Alpha,UltraSlow,Fz,FT9,0.5202980602065803,0.15792833074824297,-0.36236972945833734,0.36236972945833734,-69.6465655310076
Band-Power Envelope Coherence Change,Alpha,UltraSlow,Fz,T7,0.5794343243005432,0.19634227098729876,-0.3830920533132445,0.3830920533132445,-66.11483601281115
Band-Power Envelope Coherence Change,Alpha,UltraSlow,Fz,CP5,0.06677551950896574,0.05346582395300493,-0.013309695555960808,0.013309695555960808,-19.931998513577657
Band-Power Envelope Coherence Change,Alpha,UltraSlow,Fz,CP1,0.039418775353368046,0.012667200047370108,-0.02675157530599794,0.02675157530599794,-67.86505939411994
Band-Power Envelope Coherence Change,Alpha,UltraSlow,Fz,P3,0.04494515020722137,0.010025664483151696,-0.03491948572406967,0.03491948572406967,-77.69355661972877
Band-Power Envelope Coherence Change,Alpha,UltraSlow,Fz,P7,0.01355846533461449,0.04124856624899239,0.027690100914377902,0.027690100914377902,204.22739765160318
Band-Power Envelope Coherence Change,Alpha,UltraSlow,Fz,PO9,0.0664647528484864,0.13305996829712877,0.06659521544864237,0.06659521544864237,100.19628840033963
Band-Power Envelope Coherence Change,Alpha,UltraSlow,Fz,O1,0.007455985450848981,0.039022796787679476,0.031566811336830494,0.031566811336830494,423.37544171624046
Band-Power Envelope Coherence Change,Alpha,UltraSlow,Fz,Pz,0.03645959033275504,0.014105368992951789,-0.02235422133980325,0.02235422133980325,-61.31232176714935
Band-Power Envelope Coherence Change,Alpha,UltraSlow,Fz,Oz,0.005184563025495529,0.02693486433345158,0.021750301307956053,0.021750301307956053,419.5204340461694
Band-Power Envelope Coherence Change,Alpha,UltraSlow,Fz,O2,0.004450677979911955,0.020084719012834814,0.01563404103292286,0.01563404103292286,351.27324653652295
Band-Power Envelope Coherence Change,Alpha,UltraSlow,Fz,PO10,0.029413760412592967,0.003943289942267437,-0.02547047047032553,0.02547047047032553,-86.59372386612904
Band-Power Envelope Coherence Change,Alpha,UltraSlow,Fz,P8,0.03135948513274804,0.009349515324328475,-0.022009969808419565,0.022009969808419565,-70.18600501650144
Band-Power Envelope Coherence Change,Alpha,UltraSlow,Fz,P4,0.01978822557176722,0.026281333403813913,0.006493107832046693,0.006493107832046693,32.81298673545905
Band-Power Envelope Coherence Change,Alpha,UltraSlow,Fz,CP2,0.03939012222054318,0.061473025786331764,0.022082903565788584,0.022082903565788584,56.062033629008795
Band-Power Envelope Coherence Change,Alpha,UltraSlow,Fz,CP6,0.08758804923379165,0.07797798543639474,-0.009610063797396914,0.009610063797396914,-10.971889294789012
Band-Power Envelope Coherence Change,Alpha,UltraSlow,Fz,T8,0.29130940200108274,0.21649630530266248,-0.07481309669842026,0.07481309669842026,-25.681662241077337
Band-Power Envelope Coherence Change,Alpha,UltraSlow,Fz,FT10,0.357119601519571,0.1359278146608117,-0.22119178685875932,0.22119178685875932,-61.93773344212176
Band-Power Envelope Coherence Change,Alpha,UltraSlow,Fz,FC6,0.7580143936208839,0.5670186470453004,-0.1909957465755835,0.1909957465755835,-25.196849582662256
Band-Power Envelope Coherence Change,Alpha,UltraSlow,Fz,C4,0.4068961335749586,0.34224290226851023,-0.06465323130644834,0.06465323130644834,-15.889369785456045
Band-Power Envelope Coherence Change,Alpha,UltraSlow,Fz,FC2,0.8578108126332601,0.9132071267232331,0.05539631408997303,0.05539631408997303,6.457870811854248
Band-Power Envelope Coherence Change,Alpha,UltraSlow,Fz,F4,0.8705442472660585,0.8869191000432949,0.01637485277723638,0.01637485277723638,1.8809902918388761
Band-Power Envelope Coherence Change,Alpha,UltraSlow,Fz,F8,0.5603595520367967,0.4650373884774179,-0.09532216355937878,0.09532216355937878,-17.010892954871828
Band-Power Envelope Coherence Change,Alpha,UltraSlow,Fz,Fp2,0.73411851457839,0.728826304340735,-0.005292210237654915,0.005292210237654915,-0.7208931708655071
Band-Power Envelope Coherence Change,Alpha,UltraSlow,Fp1,F7,0.9008975973490351,0.8540093899778693,-0.046888207371165724,0.046888207371165724,-5.204610103205749
Band-Power Envelope Coherence Change,Alpha,UltraSlow,Fp1,F3,0.8646488570932124,0.7452541637377919,-0.11939469335542052,0.11939469335542052,-13.80846020623946
Band-Power Envelope Coherence Change,Alpha,UltraSlow,Fp1,FC1,0.39205054410217405,0.4307927317655371,0.03874218766336307,0.03874218766336307,9.881936971184587
Band-Power Envelope Coherence Change,Alpha,UltraSlow,Fp1,C3,0.07427445536673333,0.08177353862034935,0.007499083253616021,0.007499083253616021,10.096450006383721
Band-Power Envelope Coherence Change,Alpha,UltraSlow,Fp1,FC5,0.5588589837147871,0.49372406236227584,-0.06513492135251131,0.06513492135251131,-11.654983323262245
Band-Power Envelope Coherence Change,Alpha,UltraSlow,Fp1,FT9,0.7194323524352947,0.3890630456366321,-0.3303693067986626,0.3303693067986626,-45.92082989878827
Band-Power Envelope Coherence Change,Alpha,UltraSlow,Fp1,T7,0.3486011665428497,0.17902976563637454,-0.16957140090647518,0.16957140090647518,-48.64338309253237
Band-Power Envelope Coherence Change,Alpha,UltraSlow,Fp1,CP5,0.05444802906612054,0.023131002700144232,-0.03131702636597631,0.03131702636597631,-57.51728189820346
Band-Power Envelope Coherence Change,Alpha,UltraSlow,Fp1,CP1,0.07586459999840348,0.018425695488474027,-0.057438904509929445,0.057438904509929445,-75.71239354209764
Band-Power Envelope Coherence Change,Alpha,UltraSlow,Fp1,P3,0.08230762124416403,0.038578880709708045,-0.04372874053445599,0.04372874053445599,-53.12842222075096
Band-Power Envelope Coherence Change,Alpha,UltraSlow,Fp1,P7,0.05080952084606636,0.15287192187043244,0.10206240102436609,0.10206240102436609,200.8725910515405
Band-Power Envelope Coherence Change,Alpha,UltraSlow,Fp1,PO9,0.14473662033213713,0.12877776329404317,-0.015958857038093965,0.015958857038093965,-11.026136302942595
Band-Power Envelope Coherence Change,Alpha,UltraSlow,Fp1,O1,0.019266601076388626,0.09239243560825053,0.0731258345318619,0.0731258345318619,379.5471460790154
Band-Power Envelope Coherence Change,Alpha,UltraSlow,Fp1,Pz,0.07080721294090268,0.02402803891545401,-0.04677917402544868,0.04677917402544868,-66.06554909101088
Band-Power Envelope Coherence Change,Alpha,UltraSlow,Fp1,Oz,0.01434323883510495,0.07089624410776374,0.05655300527265879,0.05655300527265879,394.28336879007975
Band-Power Envelope Coherence Change,Alpha,UltraSlow,Fp1,O2,0.00864051407695683,0.054430518379927004,0.04579000430297017,0.04579000430297017,529.9453700918837
Band-Power Envelope Coherence Change,Alpha,UltraSlow,Fp1,PO10,0.04316206161766268,0.006501922946410088,-0.03666013867125259,0.03666013867125259,-84.93602320481052
Band-Power Envelope Coherence Change,Alpha,UltraSlow,Fp1,P8,0.04241084258280799,0.011311474877362478,-0.03109936770544551,0.03109936770544551,-73.3288136040292
Band-Power Envelope Coherence Change,Alpha,UltraSlow,Fp1,P4,0.03721897141842427,0.02695956098510811,-0.01025941043331616,0.01025941043331616,-27.565002584239902
Band-Power Envelope Coherence Change,Alpha,UltraSlow,Fp1,CP2,0.07672759155628349,0.039109818530135974,-0.037617773026147515,0.037617773026147515,-49.027699505663506
Band-Power Envelope Coherence Change,Alpha,UltraSlow,Fp1,CP6,0.05657325100468804,0.04854997022757135,-0.008023280777116691,0.008023280777116691,-14.182110157416671
Band-Power Envelope Coherence Change,Alpha,UltraSlow,Fp1,T8,0.30466823096347806,0.1833941250535897,-0.12127410590988835,0.12127410590988835,-39.8053008436006
Band-Power Envelope Coherence Change,Alpha,UltraSlow,Fp1,FT10,0.4706064497632958,0.24804944507007873,-0.22255700469321707,0.22255700469321707,-47.291533043195244
Band-Power Envelope Coherence Change,Alpha,UltraSlow,Fp1,FC6,0.6913468204641522,0.43293362241520045,-0.25841319804895174,0.25841319804895174,-37.37822904507753
Band-Power Envelope Coherence Change,Alpha,UltraSlow,Fp1,C4,0.16486445010258868,0.18449049096950104,0.01962604086691236,0.01962604086691236,11.904349818714612
Band-Power Envelope Coherence Change,Alpha,UltraSlow,Fp1,FC2,0.5443316005486335,0.5790140996129483,0.034682499064314753,0.034682499064314753,6.371575530312434
Band-Power Envelope Coherence Change,Alpha,UltraSlow,Fp1,F4,0.7934214746194215,0.7371432451769991,-0.056278229442422334,0.056278229442422334,-7.093106405951159
Band-Power Envelope Coherence Change,Alpha,UltraSlow,Fp1,F8,0.6624551727526605,0.5603208079924784,-0.10213436476018212,0.10213436476018212,-15.417551097954187
Band-Power Envelope Coherence Change,Alpha,UltraSlow,Fp1,Fp2,0.9362785209160127,0.9324287618877996,-0.003849759028213162,0.003849759028213162,-0.4111766896507176
Band-Power Envelope Coherence Change,Alpha,UltraSlow,F7,F3,0.8573457373262795,0.6953982636668458,-0.16194747365943374,0.16194747365943374,-18.889400927621512
Band-Power Envelope Coherence Change,Alpha,UltraSlow,F7,FC1,0.4123796168811406,0.39280994116005324,-0.019569675721087365,0.019569675721087365,-4.745548741980595
Band-Power Envelope Coherence Change,Alpha,UltraSlow,F7,C3,0.08935987428142925,0.09460759486167959,0.005247720580250345,0.005247720580250345,5.872569341048107
Band-Power Envelope Coherence Change,Alpha,UltraSlow,F7,FC5,0.6320017076688749,0.6162341832140595,-0.01576752445481533,0.01576752445481533,-2.494854723252808
Band-Power Envelope Coherence Change,Alpha,UltraSlow,F7,FT9,0.8329002580975065,0.513086634754228,-0.31981362334327845,0.31981362334327845,-38.397589655427666
Band-Power Envelope Coherence Change,Alpha,UltraSlow,F7,T7,0.43043858881894503,0.27692288421653416,-0.15351570460241087,0.15351570460241087,-35.66494933078224
Band-Power Envelope Coherence Change,Alpha,UltraSlow,F7,CP5,0.06437958108511327,0.0321171329551399,-0.03226244812997337,0.03226244812997337,-50.11285812394567
Band-Power Envelope Coherence Change,Alpha,UltraSlow,F7,CP1,0.08764901274288119,0.021342768086886923,-0.06630624465599426,0.06630624465599426,-75.6497336148029
Band-Power Envelope Coherence Change,Alpha,UltraSlow,F7,P3,0.09445262142672349,0.04096345858599984,-0.05348916284072365,0.05348916284072365,-56.630681110550896
Band-Power Envelope Coherence Change,Alpha,UltraSlow,F7,P7,0.06042003005867246,0.1716477302948447,0.11122770023617223,0.11122770023617223,184.09077275890402
Band-Power Envelope Coherence Change,Alpha,UltraSlow,F7,PO9,0.1423864810693389,0.22408421447867488,0.08169773340933598,0.08169773340933598,57.377451002213526
Band-Power Envelope Coherence Change,Alpha,UltraSlow,F7,O1,0.02360415881450376,0.12914789900897453,0.10554374019447077,0.10554374019447077,447.1404425969995
Band-Power Envelope Coherence Change,Alpha,UltraSlow,F7,Pz,0.08625763591023315,0.028591313861881882,-0.05766632204835127,0.05766632204835127,-66.8535851230187
Band-Power Envelope Coherence Change,Alpha,UltraSlow,F7,Oz,0.018051817439726434,0.10680904598803745,0.08875722854831102,0.08875722854831102,491.6802911654977
Band-Power Envelope Coherence Change,Alpha,UltraSlow,F7,O2,0.009450331752932617,0.09333657771525433,0.08388624596232172,0.08388624596232172,887.6539803620145
Band-Power Envelope Coherence Change,Alpha,UltraSlow,F7,PO10,0.040825979574047884,0.031329350245365116,-0.009496629328682768,0.009496629328682768,-23.26124058201301
Band-Power Envelope Coherence Change,Alpha,UltraSlow,F7,P8,0.04174882153764021,0.031767298438733,-0.009981523098907208,0.009981523098907208,-23.9085146149766
Band-Power Envelope Coherence Change,Alpha,UltraSlow,F7,P4,0.04845303595441894,0.0399219174677197,-0.00853111848669924,0.00853111848669924,-17.606984410068115
Band-Power Envelope Coherence Change,Alpha,UltraSlow,F7,CP2,0.09250081131039463,0.04342516921434909,-0.04907564209604554,0.04907564209604554,-53.05428287690137
Band-Power Envelope Coherence Change,Alpha,UltraSlow,F7,CP6,0.06311203890878209,0.052406761509295414,-0.010705277399486672,0.010705277399486672,-16.962338065102543
Band-Power Envelope Coherence Change,Alpha,UltraSlow,F7,T8,0.2858004379869298,0.15321610358625792,-0.13258433440067185,0.13258433440067185,-46.39052876704661
Band-Power Envelope Coherence Change,Alpha,UltraSlow,F7,FT10,0.4043449651799055,0.2134499076621057,-0.19089505751779978,0.19089505751779978,-47.210939657147634
Band-Power Envelope Coherence Change,Alpha,UltraSlow,F7,FC6,0.6435962736489302,0.3798534691629127,-0.26374280448601756,0.26374280448601756,-40.979541878125346
Band-Power Envelope Coherence Change,Alpha,UltraSlow,F7,C4,0.16732843443108686,0.16312885798810964,-0.004199576442977221,0.004199576442977221,-2.5097805147437686
Band-Power Envelope Coherence Change,Alpha,UltraSlow,F7,FC2,0.5356549148902093,0.48767436422049726,-0.047980550669712074,0.047980550669712074,-8.957362162829481
Band-Power Envelope Coherence Change,Alpha,UltraSlow,F7,F4,0.7353008479666877,0.6312461063788974,-0.10405474158779027,0.10405474158779027,-14.151315325629055
Band-Power Envelope Coherence Change,Alpha,UltraSlow,F7,F8,0.5582085804802849,0.470231398254232,-0.08797718222605289,0.08797718222605289,-15.760628786887684
Band-Power Envelope Coherence Change,Alpha,UltraSlow,F7,Fp2,0.8280834586831137,0.7726930326088162,-0.05539042607429756,0.05539042607429756,-6.68899076457631
Band-Power Envelope Coherence Change,Alpha,UltraSlow,F3,FC1,0.6063275981620401,0.7931174214445463,0.18678982328250626,0.18678982328250626,30.806749329689424
Band-Power Envelope Coherence Change,Alpha,UltraSlow,F3,C3,0.1597105940005178,0.27439447361835617,0.11468387961783838,0.11468387961783838,71.80730892370644
Band-Power Envelope Coherence Change,Alpha,UltraSlow,F3,FC5,0.8062413831598637,0.7639475779497964,-0.042293805210067315,0.042293805210067315,-5.2457993466308075
Band-Power Envelope Coherence Change,Alpha,UltraSlow,F3,FT9,0.6042090244859495,0.17230457452174452,-0.43190444996420496,0.43190444996420496,-71.48262148710238
Band-Power Envelope Coherence Change,Alpha,UltraSlow,F3,T7,0.5683412142222246,0.26313527363111294,-0.30520594059111167,0.30520594059111167,-53.70118037432606
Band-Power Envelope Coherence Change,Alpha,UltraSlow,F3,CP5,0.04854214566835982,0.08423251699766122,0.035690371329301404,0.035690371329301404,73.52450296107263
Band-Power Envelope Coherence Change,Alpha,UltraSlow,F3,CP1,0.06634806317992639,0.010833539155667517,-0.055514524024258875,0.055514524024258875,-83.67165726256617
Band-Power Envelope Coherence Change,Alpha,UltraSlow,F3,P3,0.07264367616277319,0.010272218963837622,-0.06237145719893557,0.06237145719893557,-85.85944502475262
Band-Power Envelope Coherence Change,Alpha,UltraSlow,F3,P7,0.027433485640293607,0.046346920832369,0.018913435192075393,0.018913435192075393,68.94288039102045
Band-Power Envelope Coherence Change,Alpha,UltraSlow,F3,PO9,0.07721099500113172,0.1805340203628393,0.10332302536170758,0.10332302536170758,133.81905693637688
Band-Power Envelope Coherence Change,Alpha,UltraSlow,F3,O1,0.015997460321066217,0.042647122892661794,0.026649662571595577,0.026649662571595577,166.58683338943516
Band-Power Envelope Coherence Change,Alpha,UltraSlow,F3,Pz,0.062344490509776286,0.010786252495330155,-0.05155823801444613,0.05155823801444613,-82.69894836394764
Band-Power Envelope Coherence Change,Alpha,UltraSlow,F3,Oz,0.011439972312673246,0.02965639671490238,0.018216424402229134,0.018216424402229134,159.2348644240066
Band-Power Envelope Coherence Change,Alpha,UltraSlow,F3,O2,0.005230648287428001,0.021505444326689667,0.016274796039261664,0.016274796039261664,311.1430007324056
Band-Power Envelope Coherence Change,Alpha,UltraSlow,F3,PO10,0.028074130944412967,0.005440720868641971,-0.022633410075770997,0.022633410075770997,-80.6201628131797
Band-Power Envelope Coherence Change,Alpha,UltraSlow,F3,P8,0.03410972336316834,0.010987801906544322,-0.023121921456624013,0.023121921456624013,-67.78689234868159
Band-Power Envelope Coherence Change,Alpha,UltraSlow,F3,P4,0.03311553410818132,0.018272391483951506,-0.014843142624229814,0.014843142624229814,-44.822295710950826
Band-Power Envelope Coherence Change,Alpha,UltraSlow,F3,CP2,0.06442592487803286,0.048962915136597236,-0.015463009741435628,0.015463009741435628,-24.00122275420839
Band-Power Envelope Coherence Change,Alpha,UltraSlow,F3,CP6,0.053494864558429896,0.06880292523672688,0.01530806067829698,0.01530806067829698,28.6159443614942
Band-Power Envelope Coherence Change,Alpha,UltraSlow,F3,T8,0.2662092976756129,0.19676083292967664,-0.06944846474593627,0.06944846474593627,-26.087918548420543
Band-Power Envelope Coherence Change,Alpha,UltraSlow,F3,FT10,0.36877609367918557,0.1335242213954905,-0.23525187228369507,0.23525187228369507,-63.7926037820529
Band-Power Envelope Coherence Change,Alpha,UltraSlow,F3,FC6,0.6875772529916455,0.5310614629000034,-0.15651579009164207,0.15651579009164207,-22.76337522956767
Band-Power Envelope Coherence Change,Alpha,UltraSlow,F3,C4,0.2573680131580845,0.31739535205746744,0.06002733889938294,0.06002733889938294,23.323542876523682
Band-Power Envelope Coherence Change,Alpha,UltraSlow,F3,FC2,0.7080197027029965,0.8369017448048551,0.1288820421018586,0.1288820421018586,18.20317169279718
Band-Power Envelope Coherence Change,Alpha,UltraSlow,F3,F4,0.8244357588191685,0.8265343157323713,0.0020985569132028203,0.0020985569132028203,0.25454462530938293
Band-Power Envelope Coherence Change,Alpha,UltraSlow,F3,F8,0.5639997458789832,0.44170991290954975,-0.12228983296943341,0.12228983296943341,-21.68260426763969
Band-Power Envelope Coherence Change,Alpha,UltraSlow,F3,Fp2,0.7919419305227252,0.7023097298274447,-0.08963220069528055,0.08963220069528055,-11.318026895749588
Band-Power Envelope Coherence Change,Alpha,UltraSlow,FC1,C3,0.5953492606949488,0.4899800152572596,-0.10536924543768916,0.10536924543768916,-17.69872785508998
Band-Power Envelope Coherence Change,Alpha,UltraSlow,FC1,FC5,0.7988027526447027,0.6840964839009782,-0.11470626874372447,0.11470626874372447,-14.359773844538111
Band-Power Envelope Coherence Change,Alpha,UltraSlow,FC1,FT9,0.22735259024532095,0.05131052730908407,-0.17604206293623686,0.17604206293623686,-77.43129855977523
Band-Power Envelope Coherence Change,Alpha,UltraSlow,FC1,T7,0.7219059104441976,0.19169507453956447,-0.5302108359046331,0.5302108359046331,-73.44597519341376
Band-Power Envelope Coherence Change,Alpha,UltraSlow,FC1,CP5,0.24888657059470498,0.16022518774895944,-0.08866138284574554,0.08866138284574554,-35.62320885128215
Band-Power Envelope Coherence Change,Alpha,UltraSlow,FC1,CP1,0.04333178557492165,0.05223606732811834,0.008904281753196693,0.008904281753196693,20.54907646905292
Band-Power Envelope Coherence Change,Alpha,UltraSlow,FC1,P3,0.032263104328868315,0.0063710980399699,-0.025892006288898414,0.025892006288898414,-80.25268128253492
Band-Power Envelope Coherence Change,Alpha,UltraSlow,FC1,P7,0.002340300108326538,0.007372432689843418,0.00503213258151688,0.00503213258151688,215.02082419314894
Band-Power Envelope Coherence Change,Alpha,UltraSlow,FC1,PO9,0.005229161884234435,0.10239738031176752,0.09716821842753309,0.09716821842753309,1858.1987052358927
Band-Power Envelope Coherence Change,Alpha,UltraSlow,FC1,O1,0.0059112855489563436,0.026342287345562602,0.020431001796606257,0.020431001796606257,345.6270489286957
Band-Power Envelope Coherence Change,Alpha,UltraSlow,FC1,Pz,0.038149319641382295,0.038834265950169186,0.0006849463087868907,0.0006849463087868907,1.7954351879027965
Band-Power Envelope Coherence Change,Alpha,UltraSlow,FC1,Oz,0.0070834103182790455,0.012618769898083186,0.005535359579804141,0.005535359579804141,78.14540357093118
Band-Power Envelope Coherence Change,Alpha,UltraSlow,FC1,O2,0.004808987518900759,0.0063559936240481976,0.0015470061051474386,0.0015470061051474386,32.169060515695705
Band-Power Envelope Coherence Change,Alpha,UltraSlow,FC1,PO10,0.007305773103931539,0.0020760222326636113,-0.005229750871267928,0.005229750871267928,-71.58381182757485
Band-Power Envelope Coherence Change,Alpha,UltraSlow,FC1,P8,0.009100124632332061,0.009642899325758096,0.0005427746934260347,0.0005427746934260347,5.964475381991988
Band-Power Envelope Coherence Change,Alpha,UltraSlow,FC1,P4,0.040989991421902496,0.048214645289906925,0.00722465386800443,0.00722465386800443,17.625409563135513
Band-Power Envelope Coherence Change,Alpha,UltraSlow,FC1,CP2,0.05664526471187357,0.15001161684767292,0.09336635213579936,0.09336635213579936,164.82640271999395
Band-Power Envelope Coherence Change,Alpha,UltraSlow,FC1,CP6,0.13489522229249404,0.11362495860237341,-0.021270263690120625,0.021270263690120625,-15.767988909199614
Band-Power Envelope Coherence Change,Alpha,UltraSlow,FC1,T8,0.21054979849746164,0.16415491728298126,-0.04639488121448038,0.04639488121448038,-22.035110717543482
Band-Power Envelope Coherence Change,Alpha,UltraSlow,FC1,FT10,0.15843120797707885,0.06214856165171965,-0.09628264632535921,0.09628264632535921,-60.77252553631287
Band-Power Envelope Coherence Change,Alpha,UltraSlow,FC1,FC6,0.502201166981098,0.44935438305877595,-0.052846783922322005,0.052846783922322005,-10.52303088820004
Band-Power Envelope Coherence Change,Alpha,UltraSlow,FC1,C4,0.587962234298403,0.4273194551329438,-0.16064277916545922,0.16064277916545922,-27.32195535605263
Band-Power Envelope Coherence Change,Alpha,UltraSlow,FC1,FC2,0.825825451280859,0.8397204510829742,0.013894999802115171,0.013894999802115171,1.6825589209637415
Band-Power Envelope Coherence Change,Alpha,UltraSlow,FC1,F4,0.5450360544897164,0.6393434084213496,0.09430735393163325,0.09430735393163325,17.302956961246792
Band-Power Envelope Coherence Change,Alpha,UltraSlow,FC1,F8,0.26512759013161574,0.24937059538768286,-0.015756994743932884,0.015756994743932884,-5.943174279263328
Band-Power Envelope Coherence Change,Alpha,UltraSlow,FC1,Fp2,0.33271334039061046,0.40316780187836004,0.07045446148774959,0.07045446148774959,21.175724846209953
Band-Power Envelope Coherence Change,Alpha,UltraSlow,C3,FC5,0.40091397812646973,0.4099264577406114,0.0090124796141417,0.0090124796141417,2.247983384430333
Band-Power Envelope Coherence Change,Alpha,UltraSlow,C3,FT9,0.05425387111613555,0.006900906198073446,-0.0473529649180621,0.0473529649180621,-87.28034321587596
Band-Power Envelope Coherence Change,Alpha,UltraSlow,C3,T7,0.47211270426318774,0.14582303163830665,-0.32628967262488107,0.32628967262488107,-69.11266519169646
Band-Power Envelope Coherence Change,Alpha,UltraSlow,C3,CP5,0.7349422004437486,0.39888421586819334,-0.33605798457555525,0.33605798457555525,-45.72577059429269
Band-Power Envelope Coherence Change,Alpha,UltraSlow,C3,CP1,0.21033102841382914,0.0966966231867764,-0.11363440522705275,0.11363440522705275,-54.026458237762014
Band-Power Envelope Coherence Change,Alpha,UltraSlow,C3,P3,0.22700003110557418,0.02966700162600808,-0.1973330294795661,0.1973330294795661,-86.93083807895584
Band-Power Envelope Coherence Change,Alpha,UltraSlow,C3,P7,0.05612933997977596,0.004050144745475451,-0.05207919523430051,0.05207919523430051,-92.78426443828705
Band-Power Envelope Coherence Change,Alpha,UltraSlow,C3,PO9,0.05439155508014413,0.07741667970840894,0.023025124628264816,0.023025124628264816,42.33216828299553
Band-Power Envelope Coherence Change,Alpha,UltraSlow,C3,O1,0.03756824380299634,0.025569225313115472,-0.011999018489880865,0.011999018489880865,-31.93925846734379
Band-Power Envelope Coherence Change,Alpha,UltraSlow,C3,Pz,0.19290251225906926,0.05877786039300465,-0.13412465186606462,0.13412465186606462,-69.52975899346214
Band-Power Envelope Coherence Change,Alpha,UltraSlow,C3,Oz,0.04003070190744805,0.013957475283082655,-0.026073226624365394,0.026073226624365394,-65.13307382080716
Band-Power Envelope Coherence Change,Alpha,UltraSlow,C3,O2,0.027454832472075533,0.008835639352086035,-0.018619193119989497,0.018619193119989497,-67.81754410239867
Band-Power Envelope Coherence Change,Alpha,UltraSlow,C3,PO10,0.024746541570826605,0.0033723871669392234,-0.02137415440388738,0.02137415440388738,-86.37228900334547
Band-Power Envelope Coherence Change,Alpha,UltraSlow,C3,P8,0.02060439863061633,0.0065726436182781955,-0.014031755012338134,0.014031755012338134,-68.10077432441138
Band-Power Envelope Coherence Change,Alpha,UltraSlow,C3,P4,0.15520218264006877,0.037746746384192814,-0.11745543625587596,0.11745543625587596,-75.67898482991586
Band-Power Envelope Coherence Change,Alpha,UltraSlow,C3,CP2,0.24115791365264247,0.13150689150718012,-0.10965102214546235,0.10965102214546235,-45.46855646769312
Band-Power Envelope Coherence Change,Alpha,UltraSlow,C3,CP6,0.12945968960049348,0.06860103414788583,-0.06085865545260764,0.06085865545260764,-47.0097337946774
Band-Power Envelope Coherence Change,Alpha,UltraSlow,C3,T8,0.09044128712766446,0.047847743762058685,-0.04259354336560577,0.04259354336560577,-47.09524235925776
Band-Power Envelope Coherence Change,Alpha,UltraSlow,C3,FT10,0.06480883729316965,0.018212517600403003,-0.04659631969276665,0.04659631969276665,-71.8980954433471
Band-Power Envelope Coherence Change,Alpha,UltraSlow,C3,FC6,0.1535889767969976,0.13077126312745307,-0.02281771366954452,0.02281771366954452,-14.856348512369651
Band-Power Envelope Coherence Change,Alpha,UltraSlow,C3,C4,0.41114121614719895,0.2057578035960587,-0.20538341255114026,0.20538341255114026,-49.9544692881406
Band-Power Envelope Coherence Change,Alpha,UltraSlow,C3,FC2,0.35672053252853053,0.2697602471606631,-0.08696028536786743,0.08696028536786743,-24.377706758696977
Band-Power Envelope Coherence Change,Alpha,UltraSlow,C3,F4,0.14409119271372484,0.15370706827287564,0.009615875559150805,0.009615875559150805,6.673465170251785
Band-Power Envelope Coherence Change,Alpha,UltraSlow,C3,F8,0.07041724545373694,0.02996080519958116,-0.040456440254155776,0.040456440254155776,-57.452460677029805
Band-Power Envelope Coherence Change,Alpha,UltraSlow,C3,Fp2,0.0798908719334301,0.06872820108643131,-0.01116267084699879,0.01116267084699879,-13.972398318922094
Band-Power Envelope Coherence Change,Alpha,UltraSlow,FC5,FT9,0.41416362400167794,0.16401763796707164,-0.2501459860346063,0.2501459860346063,-60.39786488675134
Band-Power Envelope Coherence Change,Alpha,UltraSlow,FC5,T7,0.8514207234316559,0.45620576279401703,-0.39521496063763883,0.39521496063763883,-46.41829236252587
Band-Power Envelope Coherence Change,Alpha,UltraSlow,FC5,CP5,0.16494602036842657,0.1785410152179348,0.01359499484950824,0.01359499484950824,8.242087210799145
Band-Power Envelope Coherence Change,Alpha,UltraSlow,FC5,CP1,0.03321197172562013,0.019858013154188905,-0.013353958571431228,0.013353958571431228,-40.20826791542104
Band-Power Envelope Coherence Change,Alpha,UltraSlow,FC5,P3,0.03090274392122857,0.007482416691939916,-0.023420327229288652,0.023420327229288652,-75.78720934615814
Band-Power Envelope Coherence Change,Alpha,UltraSlow,FC5,P7,0.010342189192298946,0.026223585175616737,0.01588139598331779,0.01588139598331779,153.5593256710434
Band-Power Envelope Coherence Change,Alpha,UltraSlow,FC5,PO9,0.01623684892258825,0.29536901140028904,0.2791321624777008,0.2791321624777008,1719.1276694665794
Band-Power Envelope Coherence Change,Alpha,UltraSlow,FC5,O1,0.010354608798034286,0.04553923456074809,0.035184625762713806,0.035184625762713806,339.7967653726642
Band-Power Envelope Coherence Change,Alpha,UltraSlow,FC5,Pz,0.03121927023875306,0.015428413959817843,-0.015790856278935214,0.015790856278935214,-50.58047852551573
Band-Power Envelope Coherence Change,Alpha,UltraSlow,FC5,Oz,0.007557268771890161,0.03320384168944279,0.02564657291755263,0.02564657291755263,339.3629853810019
Band-Power Envelope Coherence Change,Alpha,UltraSlow,FC5,O2,0.002502171715222661,0.030446635611179277,0.027944463895956617,0.027944463895956617,1116.8083999171063
Band-Power Envelope Coherence Change,Alpha,UltraSlow,FC5,PO10,0.01069983284060906,0.02290378361223755,0.01220395077162849,0.01220395077162849,114.05739653530712
Band-Power Envelope Coherence Change,Alpha,UltraSlow,FC5,P8,0.017981209667916213,0.025165615825707758,0.0071844061577915445,0.0071844061577915445,39.95507694129525
Band-Power Envelope Coherence Change,Alpha,UltraSlow,FC5,P4,0.020189068696036098,0.02646944417344059,0.006280375477404492,0.006280375477404492,31.107801810776813
Band-Power Envelope Coherence Change,Alpha,UltraSlow,FC5,CP2,0.03235925421405288,0.06308614854977662,0.030726894335723745,0.030726894335723745,94.95550834536775
Band-Power Envelope Coherence Change,Alpha,UltraSlow,FC5,CP6,0.06667084521885858,0.05888559549575303,-0.007785249723105549,0.007785249723105549,-11.677142681406123
Band-Power Envelope Coherence Change,Alpha,UltraSlow,FC5,T8,0.20128495968853077,0.10780606136544522,-0.09347889832308555,0.09347889832308555,-46.441074617664036
Band-Power Envelope Coherence Change,Alpha,UltraSlow,FC5,FT10,0.20988159014335797,0.07651904779930761,-0.13336254234405037,0.13336254234405037,-63.54180099977237
Band-Power Envelope Coherence Change,Alpha,UltraSlow,FC5,FC6,0.5272550808166986,0.3272952824384803,-0.1999597983782183,0.1999597983782183,-37.92467927828936
Band-Power Envelope Coherence Change,Alpha,UltraSlow,FC5,C4,0.3694792152029938,0.2257479209559337,-0.1437312942470601,0.1437312942470601,-38.90105000036156
Band-Power Envelope Coherence Change,Alpha,UltraSlow,FC5,FC2,0.730430823990588,0.5657800553358883,-0.16465076865469974,0.16465076865469974,-22.541596445116802
Band-Power Envelope Coherence Change,Alpha,UltraSlow,FC5,F4,0.6171921170150446,0.5197614710140844,-0.09743064600096019,0.09743064600096019,-15.786113159087098
Band-Power Envelope Coherence Change,Alpha,UltraSlow,FC5,F8,0.3413560556921762,0.24912744653393631,-0.09222860915823988,0.09222860915823988,-27.01830174690343
Band-Power Envelope Coherence Change,Alpha,UltraSlow,FC5,Fp2,0.46052702900643,0.43211794083565375,-0.028409088170776253,0.028409088170776253,-6.1688210205745815
Band-Power Envelope Coherence Change,Alpha,UltraSlow,FT9,T7,0.28280911195409253,0.15115050707342623,-0.1316586048806663,0.1316586048806663,-46.5538765603981
Band-Power Envelope Coherence Change,Alpha,UltraSlow,FT9,CP5,0.08633118618628353,0.026770525410303295,-0.05956066077598024,0.05956066077598024,-68.99089819924582
Band-Power Envelope Coherence Change,Alpha,UltraSlow,FT9,CP1,0.07888531957272173,0.09716160673155293,0.0182762871588312,0.0182762871588312,23.168172808101392
Band-Power Envelope Coherence Change,Alpha,UltraSlow,FT9,P3,0.09018760785031238,0.17437176267053675,0.08418415482022437,0.08418415482022437,93.34337258390072
Band-Power Envelope Coherence Change,Alpha,UltraSlow,FT9,P7,0.06285727376721927,0.3160017967662331,0.2531445229990138,0.2531445229990138,402.72908420509856
Band-Power Envelope Coherence Change,Alpha,UltraSlow,FT9,PO9,0.17927683315400067,0.1412999897944326,-0.03797684335956808,0.03797684335956808,-21.183352411711542
Band-Power Envelope Coherence Change,Alpha,UltraSlow,FT9,O1,0.016378088440192996,0.23636483191511237,0.21998674347491937,0.21998674347491937,1343.1771618417704
Band-Power Envelope Coherence Change,Alpha,UltraSlow,FT9,Pz,0.07619183543638111,0.11459205592695691,0.0384002204905758,0.0384002204905758,50.399390263592394
Band-Power Envelope Coherence Change,Alpha,UltraSlow,FT9,Oz,0.012236776329682474,0.20933303674066284,0.19709626041098036,0.19709626041098036,1610.6877751200568
Band-Power Envelope Coherence Change,Alpha,UltraSlow,FT9,O2,0.0070604912086805645,0.15482965324678324,0.14776916203810267,0.14776916203810267,2092.9020045577986
Band-Power Envelope Coherence Change,Alpha,UltraSlow,FT9,PO10,0.045834832518240075,0.06753744796038491,0.021702615442144836,0.021702615442144836,47.34961218306674
Band-Power Envelope Coherence Change,Alpha,UltraSlow,FT9,P8,0.040366645271465426,0.029602639371621577,-0.010764005899843849,0.010764005899843849,-26.665594397195953
Band-Power Envelope Coherence Change,Alpha,UltraSlow,FT9,P4,0.03957210977331911,0.06368619871700774,0.024114088943688633,0.024114088943688633,60.93708190395041
Band-Power Envelope Coherence Change,Alpha,UltraSlow,FT9,CP2,0.0837052078582289,0.05277963684706344,-0.030925571011165456,0.030925571011165456,-36.94581472582201
Band-Power Envelope Coherence Change,Alpha,UltraSlow,FT9,CP6,0.05463387629147702,0.022733691993485038,-0.03190018429799198,0.03190018429799198,-58.389018798156314
Band-Power Envelope Coherence Change,Alpha,UltraSlow,FT9,T8,0.25402302219302864,0.06523231588744473,-0.18879070630558392,0.18879070630558392,-74.32031344077326
Band-Power Envelope Coherence Change,Alpha,UltraSlow,FT9,FT10,0.4055249426344187,0.24032189610876903,-0.16520304652564965,0.16520304652564965,-40.738072842680964
Band-Power Envelope Coherence Change,Alpha,UltraSlow,FT9,FC6,0.5254099400113863,0.12098528449768563,-0.40442465551370066,0.40442465551370066,-76.97316413635727
Band-Power Envelope Coherence Change,Alpha,UltraSlow,FT9,C4,0.09638667234479023,0.04058094265638485,-0.05580572968840538,0.05580572968840538,-57.89776566699962
Band-Power Envelope Coherence Change,Alpha,UltraSlow,FT9,FC2,0.3572169143622099,0.09635808374798817,-0.26085883061422177,0.26085883061422177,-73.0253300239072
Band-Power Envelope Coherence Change,Alpha,UltraSlow,FT9,F4,0.5665304009747048,0.18449163976139582,-0.38203876121330893,0.38203876121330893,-67.43482089505144
Band-Power Envelope Coherence Change,Alpha,UltraSlow,FT9,F8,0.5021960529672232,0.27344684342303704,-0.2287492095441862,0.2287492095441862,-45.54978243907384
Band-Power Envelope Coherence Change,Alpha,UltraSlow,FT9,Fp2,0.6818359580169899,0.3467271168564547,-0.33510884116053524,0.33510884116053524,-49.14801532837097
Band-Power Envelope Coherence Change,Alpha,UltraSlow,T7,CP5,0.2894503415894385,0.07773377601120551,-0.21171656557823298,0.21171656557823298,-73.14434815162025
Band-Power Envelope Coherence Change,Alpha,UltraSlow,T7,CP1,0.030707429209317228,0.015706230316973213,-0.015001198892344015,0.015001198892344015,-48.8520181552429
Band-Power Envelope Coherence Change,Alpha,UltraSlow,T7,P3,0.024196829014973265,0.01480939905259977,-0.009387429962373496,0.009387429962373496,-38.79611645213697
Band-Power Envelope Coherence Change,Alpha,UltraSlow,T7,P7,0.007509334094671597,0.03246179532198987,0.02495246122731827,0.02495246122731827,332.2859379105773
Band-Power Envelope Coherence Change,Alpha,UltraSlow,T7,PO9,0.0071029569348830925,0.3350866408267745,0.32798368389189136,0.32798368389189136,4617.56542942196
Band-Power Envelope Coherence Change,Alpha,UltraSlow,T7,O1,0.008169906745813983,0.11199699008622786,0.10382708334041388,0.10382708334041388,1270.8478391581616
Band-Power Envelope Coherence Change,Alpha,UltraSlow,T7,Pz,0.027703498117216185,0.017007197520757248,-0.010696300596458937,0.010696300596458937,-38.60992771094052
Band-Power Envelope Coherence Change,Alpha,UltraSlow,T7,Oz,0.006865571154354776,0.10573845848507206,0.09887288733071728,0.09887288733071728,1440.126176072081
Band-Power Envelope Coherence Change,Alpha,UltraSlow,T7,O2,0.003133559051038091,0.09538045538362766,0.09224689633258958,0.09224689633258958,2943.837816045939
Band-Power Envelope Coherence Change,Alpha,UltraSlow,T7,PO10,0.005679224188064424,0.04458136876996944,0.03890214458190502,0.03890214458190502,684.9904721786221
Band-Power Envelope Coherence Change,Alpha,UltraSlow,T7,P8,0.013057527739989116,0.027111163469441344,0.014053635729452228,0.014053635729452228,107.62861093844356
Band-Power Envelope Coherence Change,Alpha,UltraSlow,T7,P4,0.02290064544407009,0.03159540977031952,0.008694764326249431,0.008694764326249431,37.96733304956197
Band-Power Envelope Coherence Change,Alpha,UltraSlow,T7,CP2,0.03297860964092826,0.022528244187342894,-0.010450365453585367,0.010450365453585367,-31.688314235709594
Band-Power Envelope Coherence Change,Alpha,UltraSlow,T7,CP6,0.0713029809521199,0.019797183204124127,-0.05150579774799577,0.05150579774799577,-72.23512546071814
Band-Power Envelope Coherence Change,Alpha,UltraSlow,T7,T8,0.18920558510741142,0.01766319696376871,-0.1715423881436427,0.1715423881436427,-90.66454779665125
Band-Power Envelope Coherence Change,Alpha,UltraSlow,T7,FT10,0.13555724782581605,0.013403770427633776,-0.12215347739818228,0.12215347739818228,-90.11209607555848
Band-Power Envelope Coherence Change,Alpha,UltraSlow,T7,FC6,0.3810876891408515,0.06929391869042267,-0.31179377045042883,0.31179377045042883,-81.81680472369933
Band-Power Envelope Coherence Change,Alpha,UltraSlow,T7,C4,0.3251915169249671,0.04001826330845815,-0.28517325361650897,0.28517325361650897,-87.69393996286449
Band-Power Envelope Coherence Change,Alpha,UltraSlow,T7,FC2,0.567626092672916,0.13580535023739632,-0.43182074243551966,0.43182074243551966,-76.07485772933775
Band-Power Envelope Coherence Change,Alpha,UltraSlow,T7,F4,0.42287895503882783,0.13125964122867725,-0.2916193138101506,0.2916193138101506,-68.96046973616238
Band-Power Envelope Coherence Change,Alpha,UltraSlow,T7,F8,0.21610165998357111,0.06076248643836284,-0.15533917354520826,0.15533917354520826,-71.88245271092214
Band-Power Envelope Coherence Change,Alpha,UltraSlow,T7,Fp2,0.2695415026325545,0.14055716011320174,-0.12898434251935276,0.12898434251935276,-47.85324013541148
Band-Power Envelope Coherence Change,Alpha,UltraSlow,CP5,CP1,0.2484441949226837,0.2402088073239237,-0.008235387598759997,0.008235387598759997,-3.3147836685509455
Band-Power Envelope Coherence Change,Alpha,UltraSlow,CP5,P3,0.3346709012895619,0.187219381323425,-0.1474515199661369,0.1474515199661369,-44.05866162787777
Band-Power Envelope Coherence Change,Alpha,UltraSlow,CP5,P7,0.151856026637466,0.05821962752636573,-0.09363639911110028,0.09363639911110028,-61.661299313884626
Band-Power Envelope Coherence Change,Alpha,UltraSlow,CP5,PO9,0.08332470838213717,0.12081341852214296,0.03748871014000579,0.03748871014000579,44.991108721410754
Band-Power Envelope Coherence Change,Alpha,UltraSlow,CP5,O1,0.06288640478249938,0.0067472862877487275,-0.05613911849475065,0.05613911849475065,-89.2706757349461
Band-Power Envelope Coherence Change,Alpha,UltraSlow,CP5,Pz,0.23890330892094883,0.1594211495121172,-0.07948215940883163,0.07948215940883163,-33.26959336303359
Band-Power Envelope Coherence Change,Alpha,UltraSlow,CP5,Oz,0.05499504933428427,0.006349451927682558,-0.04864559740660171,0.04864559740660171,-88.45450271516664
Band-Power Envelope Coherence Change,Alpha,UltraSlow,CP5,O2,0.030034842613214804,0.004347940262879263,-0.025686902350335543,0.025686902350335543,-85.52367888564781
Band-Power Envelope Coherence Change,Alpha,UltraSlow,CP5,PO10,0.029470759399349535,0.02156861844392807,-0.007902140955421466,0.007902140955421466,-26.81349621277787
Band-Power Envelope Coherence Change,Alpha,UltraSlow,CP5,P8,0.020839312476821317,0.01302533495961611,-0.007813977517205207,0.007813977517205207,-37.49633067739813
Band-Power Envelope Coherence Change,Alpha,UltraSlow,CP5,P4,0.1638554663878661,0.052715932766824555,-0.11113953362104155,0.11113953362104155,-67.8277851029764
Band-Power Envelope Coherence Change,Alpha,UltraSlow,CP5,CP2,0.26499287476635014,0.15672055403773777,-0.10827232072861237,0.10827232072861237,-40.85857811236562
Band-Power Envelope Coherence Change,Alpha,UltraSlow,CP5,CP6,0.07715625798190819,0.06795690544435662,-0.009199352537551567,0.009199352537551567,-11.923015421132341
Band-Power Envelope Coherence Change,Alpha,UltraSlow,CP5,T8,0.059842948208748775,0.03793669118036146,-0.021906257028387312,0.021906257028387312,-36.60624632324634
Band-Power Envelope Coherence Change,Alpha,UltraSlow,CP5,FT10,0.07209069298248577,0.0380393375177909,-0.03405135546469487,0.03405135546469487,-47.23405207516531
Band-Power Envelope Coherence Change,Alpha,UltraSlow,CP5,FC6,0.07482030145463561,0.06638934124157322,-0.008430960213062388,0.008430960213062388,-11.268278861685921
Band-Power Envelope Coherence Change,Alpha,UltraSlow,CP5,C4,0.15254838365596293,0.12416136961710905,-0.02838701403885388,0.02838701403885388,-18.60853150884517
Band-Power Envelope Coherence Change,Alpha,UltraSlow,CP5,FC2,0.10286067372269278,0.0759180607867993,-0.02694261293589348,0.02694261293589348,-26.193307860815118
Band-Power Envelope Coherence Change,Alpha,UltraSlow,CP5,F4,0.056738705049071365,0.04879719347817538,-0.007941511570895989,0.007941511570895989,-13.996638738983638
Band-Power Envelope Coherence Change,Alpha,UltraSlow,CP5,F8,0.06174923121270677,0.037512413562394716,-0.024236817650312055,0.024236817650312055,-39.250395793307625
Band-Power Envelope Coherence Change,Alpha,UltraSlow,CP5,Fp2,0.07927470516858565,0.023398821989713835,-0.05587588317887181,0.05587588317887181,-70.48387384102674
Band-Power Envelope Coherence Change,Alpha,UltraSlow,CP1,P3,0.9276996286042543,0.8022561005841866,-0.12544352802006764,0.12544352802006764,-13.521998301195868
Band-Power Envelope Coherence Change,Alpha,UltraSlow,CP1,P7,0.38080189429100736,0.17187326182533805,-0.2089286324656693,0.2089286324656693,-54.865439378830104
Band-Power Envelope Coherence Change,Alpha,UltraSlow,CP1,PO9,0.18038451565822014,0.04670445969822395,-0.13368005595999619,0.13368005595999619,-74.1083875587657
Band-Power Envelope Coherence Change,Alpha,UltraSlow,CP1,O1,0.722624212040084,0.29777792228661265,-0.42484628975347133,0.42484628975347133,-58.79214710424139
Band-Power Envelope Coherence Change,Alpha,UltraSlow,CP1,Pz,0.9803194226144213,0.9366810923708265,-0.04363833024359476,0.04363833024359476,-4.451439932426858
Band-Power Envelope Coherence Change,Alpha,UltraSlow,CP1,Oz,0.7558974278033161,0.3924017174465057,-0.36349571035681044,0.36349571035681044,-48.0879676245428
Band-Power Envelope Coherence Change,Alpha,UltraSlow,CP1,O2,0.612671683960217,0.31302190638610566,-0.2996497775741113,0.2996497775741113,-48.90870353877309
Band-Power Envelope Coherence Change,Alpha,UltraSlow,CP1,PO10,0.15500005638421424,0.03697772229906224,-0.118022334085152,0.118022334085152,-76.14341364663646
Band-Power Envelope Coherence Change,Alpha,UltraSlow,CP1,P8,0.13441551899529178,0.09427838293044197,-0.04013713606484981,0.04013713606484981,-29.86049257173623
Band-Power Envelope Coherence Change,Alpha,UltraSlow,CP1,P4,0.9048960342231972,0.6150242077473125,-0.2898718264758847,0.2898718264758847,-32.033716085928425
Band-Power Envelope Coherence Change,Alpha,UltraSlow,CP1,CP2,0.9674913742080888,0.7617492275437487,-0.2057421466643401,0.2057421466643401,-21.265527750337224
Band-Power Envelope Coherence Change,Alpha,UltraSlow,CP1,CP6,0.18791492128392803,0.1196817062990365,-0.06823321498489153,0.06823321498489153,-36.31069556301774
Band-Power Envelope Coherence Change,Alpha,UltraSlow,CP1,T8,0.055722718935854114,0.008287017154924171,-0.04743570178092994,0.04743570178092994,-85.12811773513086
Band-Power Envelope Coherence Change,Alpha,UltraSlow,CP1,FT10,0.059332715103028864,0.024737132301115447,-0.03459558280191342,0.03459558280191342,-58.307769570024874
Band-Power Envelope Coherence Change,Alpha,UltraSlow,CP1,FC6,0.05279488104129055,0.01243765566444331,-0.04035722537684724,0.04035722537684724,-76.44154997770353
Band-Power Envelope Coherence Change,Alpha,UltraSlow,CP1,C4,0.12131089585475144,0.08966238455561139,-0.03164851129914005,0.03164851129914005,-26.08876232934064
Band-Power Envelope Coherence Change,Alpha,UltraSlow,CP1,FC2,0.031107463517107862,0.023088202252122603,-0.00801926126498526,0.00801926126498526,-25.779219384360882
Band-Power Envelope Coherence Change,Alpha,UltraSlow,CP1,F4,0.03917254431221744,0.012863094957058473,-0.02630944935515897,0.02630944935515897,-67.16298319931538
Band-Power Envelope Coherence Change,Alpha,UltraSlow,CP1,F8,0.046283348248523,0.017922352093918185,-0.028360996154604818,0.028360996154604818,-61.27688948154237
Band-Power Envelope Coherence Change,Alpha,UltraSlow,CP1,Fp2,0.06593214012277021,0.01602266874124654,-0.04990947138152367,0.04990947138152367,-75.69824260002599
Band-Power Envelope Coherence Change,Alpha,UltraSlow,P3,P7,0.466688856120922,0.3855208474304355,-0.08116800869048646,0.08116800869048646,-17.39231773502115
Band-Power Envelope Coherence Change,Alpha,UltraSlow,P3,PO9,0.15533056857993363,0.048654367224401425,-0.10667620135553221,0.10667620135553221,-68.67688847777332
Band-Power Envelope Coherence Change,Alpha,UltraSlow,P3,O1,0.6895776926641436,0.485508708056647,-0.20406898460749662,0.20406898460749662,-29.59332744931001
Band-Power Envelope Coherence Change,Alpha,UltraSlow,P3,Pz,0.9295246683792631,0.7678299942474133,-0.1616946741318498,0.1616946741318498,-17.395415058083795
Band-Power Envelope Coherence Change,Alpha,UltraSlow,P3,Oz,0.6609616735186676,0.5035855907814167,-0.1573760827372509,0.1573760827372509,-23.810167675751945
Band-Power Envelope Coherence Change,Alpha,UltraSlow,P3,O2,0.4703079418743284,0.3280457171618459,-0.1422622247124825,0.1422622247124825,-30.248739612076673
Band-Power Envelope Coherence Change,Alpha,UltraSlow,P3,PO10,0.08349645633190267,0.019282005764259015,-0.06421445056764366,0.06421445056764366,-76.90679747220402
Band-Power Envelope Coherence Change,Alpha,UltraSlow,P3,P8,0.07554267490449855,0.03639415862353699,-0.03914851628096156,0.03914851628096156,-51.823047476745195
Band-Power Envelope Coherence Change,Alpha,UltraSlow,P3,P4,0.7754068932204755,0.3696769031953245,-0.40572999002515103,0.40572999002515103,-52.324785035124485
Band-Power Envelope Coherence Change,Alpha,UltraSlow,P3,CP2,0.8888915377158547,0.4312120987549158,-0.45767943896093893,0.45767943896093893,-51.488783450117836
Band-Power Envelope Coherence Change,Alpha,UltraSlow,P3,CP6,0.11549393708124044,0.025304735650522134,-0.0901892014307183,0.0901892014307183,-78.08998784696176
Band-Power Envelope Coherence Change,Alpha,UltraSlow,P3,T8,0.062048740493558234,0.0035786901135495333,-0.0584700503800087,0.0584700503800087,-94.23245325354982
Band-Power Envelope Coherence Change,Alpha,UltraSlow,P3,FT10,0.07057288282185352,0.036802174312433544,-0.033770708509419975,0.033770708509419975,-47.85224460033334
Band-Power Envelope Coherence Change,Alpha,UltraSlow,P3,FC6,0.06316084725600514,0.00609563464786681,-0.05706521260813833,0.05706521260813833,-90.34902963989728
Band-Power Envelope Coherence Change,Alpha,UltraSlow,P3,C4,0.07787704890411147,0.01692621800878085,-0.06095083089533062,0.06095083089533062,-78.26546043158135
Band-Power Envelope Coherence Change,Alpha,UltraSlow,P3,FC2,0.02620456948661505,0.0059444148793342125,-0.02026015460728084,0.02026015460728084,-77.31534997218503
Band-Power Envelope Coherence Change,Alpha,UltraSlow,P3,F4,0.04656383168706885,0.013319075496303788,-0.033244756190765064,0.033244756190765064,-71.3960921733969
Band-Power Envelope Coherence Change,Alpha,UltraSlow,P3,F8,0.05820636573717002,0.033373274957940936,-0.024833090779229086,0.024833090779229086,-42.66387441429094
Band-Power Envelope Coherence Change,Alpha,UltraSlow,P3,Fp2,0.07620917976781084,0.03433546145275306,-0.04187371831505778,0.04187371831505778,-54.945766956993765
Band-Power Envelope Coherence Change,Alpha,UltraSlow,P7,PO9,0.19223392010959167,0.1744742668433562,-0.017759653266235464,0.017759653266235464,-9.238563754050674
Band-Power Envelope Coherence Change,Alpha,UltraSlow,P7,O1,0.46478698692139686,0.4610442191936259,-0.003742767727770935,0.003742767727770935,-0.8052651715922284
Band-Power Envelope Coherence Change,Alpha,UltraSlow,P7,Pz,0.3933172290348729,0.16254653003331115,-0.23077069900156172,0.23077069900156172,-58.672918948358806
Band-Power Envelope Coherence Change,Alpha,UltraSlow,P7,Oz,0.3472836041417608,0.31184908597893657,-0.035434518162824225,0.035434518162824225,-10.203337485624541
Band-Power Envelope Coherence Change,Alpha,UltraSlow,P7,O2,0.22295588189846052,0.20837634755172643,-0.014579534346734091,0.014579534346734091,-6.5392014880208285
Band-Power Envelope Coherence Change,Alpha,UltraSlow,P7,PO10,0.02366217856492347,0.030868999267709675,0.007206820702786203,0.007206820702786203,30.457130914688925
Band-Power Envelope Coherence Change,Alpha,UltraSlow,P7,P8,0.020143895800414396,0.01742365970948625,-0.002720236090928148,0.002720236090928148,-13.504021852973382
Band-Power Envelope Coherence Change,Alpha,UltraSlow,P7,P4,0.2666352534468572,0.06487599827296628,-0.2017592551738909,0.2017592551738909,-75.6686344231309
Band-Power Envelope Coherence Change,Alpha,UltraSlow,P7,CP2,0.3275267041728912,0.051003539190278536,-0.27652316498261265,0.27652316498261265,-84.42767000660949
Band-Power Envelope Coherence Change,Alpha,UltraSlow,P7,CP6,0.03302465677966823,0.006016404820620805,-0.02700825195904743,0.02700825195904743,-81.78208221584053
Band-Power Envelope Coherence Change,Alpha,UltraSlow,P7,T8,0.046535752614629056,0.028622949744586814,-0.01791280287004224,0.01791280287004224,-38.49256080240366
Band-Power Envelope Coherence Change,Alpha,UltraSlow,P7,FT10,0.03213366391445977,0.14238860257347877,0.110254938659019,0.110254938659019,343.1134991407114
Band-Power Envelope Coherence Change,Alpha,UltraSlow,P7,FC6,0.026331372973955432,0.042326524963673555,0.015995151989718123,0.015995151989718123,60.74560565276658
Band-Power Envelope Coherence Change,Alpha,UltraSlow,P7,C4,0.0038760746580943847,0.007223792474866792,0.0033477178167724076,0.0033477178167724076,86.36876510573364
Band-Power Envelope Coherence Change,Alpha,UltraSlow,P7,FC2,0.008650340204829481,0.022115989786355036,0.013465649581525555,0.013465649581525555,155.66612714269536
Band-Power Envelope Coherence Change,Alpha,UltraSlow,P7,F4,0.01822530659699093,0.07009961783720113,0.051874311240210205,0.051874311240210205,284.62792087555255
Band-Power Envelope Coherence Change,Alpha,UltraSlow,P7,F8,0.025904306969143417,0.14707796959502614,0.12117366262588272,0.12117366262588272,467.7741920300043
Band-Power Envelope Coherence Change,Alpha,UltraSlow,P7,Fp2,0.0469757968831802,0.15186852481966273,0.10489272793648252,0.10489272793648252,223.29100280582918
Band-Power Envelope Coherence Change,Alpha,UltraSlow,PO9,O1,0.46720546880760866,0.25160101047417516,-0.2156044583334335,0.2156044583334335,-46.14767435914104
Band-Power Envelope Coherence Change,Alpha,UltraSlow,PO9,Pz,0.19200589448207184,0.04486896605246236,-0.1471369284296095,0.1471369284296095,-76.63146427171178
Band-Power Envelope Coherence Change,Alpha,UltraSlow,PO9,Oz,0.43061157060061356,0.19913790409673313,-0.23147366650388043,0.23147366650388043,-53.7546323200333
Band-Power Envelope Coherence Change,Alpha,UltraSlow,PO9,O2,0.3565934654452091,0.18429535614075887,-0.17229810930445022,0.17229810930445022,-48.31779771660566
Band-Power Envelope Coherence Change,Alpha,UltraSlow,PO9,PO10,0.329758948601887,0.12806873192348409,-0.2016902166784029,0.2016902166784029,-61.1629244736283
Band-Power Envelope Coherence Change,Alpha,UltraSlow,PO9,P8,0.21255145398439804,0.0840456349150719,-0.12850581906932612,0.12850581906932612,-60.45868737212161
Band-Power Envelope Coherence Change,Alpha,UltraSlow,PO9,P4,0.17119701115485136,0.07246800996025639,-0.09872900119459498,0.09872900119459498,-57.66981592061352
Band-Power Envelope Coherence Change,Alpha,UltraSlow,PO9,CP2,0.1483448780828803,0.05365560180941717,-0.09468927627346313,0.09468927627346313,-63.83049923743253
Band-Power Envelope Coherence Change,Alpha,UltraSlow,PO9,CP6,0.08286690678689652,0.11741918704320967,0.03455228025631314,0.03455228025631314,41.696114403267174
Band-Power Envelope Coherence Change,Alpha,UltraSlow,PO9,T8,0.07913324901750358,0.09819503643598165,0.01906178741847807,0.01906178741847807,24.08821532686187
Band-Power Envelope Coherence Change,Alpha,UltraSlow,PO9,FT10,0.12526300354781778,0.06923207356579318,-0.056030929982024594,0.056030929982024594,-44.73062947164236
Band-Power Envelope Coherence Change,Alpha,UltraSlow,PO9,FC6,0.1403901095275806,0.1433757533355341,0.002985643807953492,0.002985643807953492,2.1266767424003907
Band-Power Envelope Coherence Change,Alpha,UltraSlow,PO9,C4,0.020257578656137393,0.10735263968179988,0.08709506102566249,0.08709506102566249,429.9381604487834
Band-Power Envelope Coherence Change,Alpha,UltraSlow,PO9,FC2,0.04593987274294498,0.09907778927945689,0.053137916536511905,0.053137916536511905,115.66840168200581
Band-Power Envelope Coherence Change,Alpha,UltraSlow,PO9,F4,0.13017335329582377,0.12483984017248038,-0.005333513123343389,0.005333513123343389,-4.097238788358462
Band-Power Envelope Coherence Change,Alpha,UltraSlow,PO9,F8,0.1634388938027085,0.11963001889248372,-0.043808874910224796,0.043808874910224796,-26.80443674753922
Band-Power Envelope Coherence Change,Alpha,UltraSlow,PO9,Fp2,0.18050484716516838,0.125338735427227,-0.055166111737941365,0.055166111737941365,-30.56212207280085
Band-Power Envelope Coherence Change,Alpha,UltraSlow,O1,Pz,0.745611603343243,0.34015028066236097,-0.405461322680882,0.405461322680882,-54.37969592517561
Band-Power Envelope Coherence Change,Alpha,UltraSlow,O1,Oz,0.9306229328729946,0.8813344596940287,-0.0492884731789659,0.0492884731789659,-5.296288264335355
Band-Power Envelope Coherence Change,Alpha,UltraSlow,O1,O2,0.7245532690298868,0.6638087960898539,-0.060744472940032934,0.060744472940032934,-8.383713873979818
Band-Power Envelope Coherence Change,Alpha,UltraSlow,O1,PO10,0.2163207028828519,0.07387468674934226,-0.14244601613350966,0.14244601613350966,-65.84946065502156
Band-Power Envelope Coherence Change,Alpha,UltraSlow,O1,P8,0.1513233997181681,0.06486709507083542,-0.08645630464733269,0.08645630464733269,-57.1334670040146
Band-Power Envelope Coherence Change,Alpha,UltraSlow,O1,P4,0.6490638121320443,0.23928138318058184,-0.4097824289514625,0.4097824289514625,-63.13438236610504
Band-Power Envelope Coherence Change,Alpha,UltraSlow,O1,CP2,0.6375118080967472,0.13734651676173704,-0.5001652913350102,0.5001652913350102,-78.45584740276784
Band-Power Envelope Coherence Change,Alpha,UltraSlow,O1,CP6,0.06309222173334839,0.007763934828150549,-0.05532828690519784,0.05532828690519784,-87.69430745209152
Band-Power Envelope Coherence Change,Alpha,UltraSlow,O1,T8,0.00832301303085871,0.01000488413853141,0.0016818711076727003,0.0016818711076727003,20.2074789674957
Band-Power Envelope Coherence Change,Alpha,UltraSlow,O1,FT10,0.009442661235600038,0.03269766076582794,0.0232549995302279,0.0232549995302279,246.2759062302647
Band-Power Envelope Coherence Change,Alpha,UltraSlow,O1,FC6,0.0077469753485798635,0.017013997213650604,0.009267021865070741,0.009267021865070741,119.62116113832123
Band-Power Envelope Coherence Change,Alpha,UltraSlow,O1,C4,0.028153912478077504,0.00941760531957598,-0.018736307158501525,0.018736307158501525,-66.5495681038678
Band-Power Envelope Coherence Change,Alpha,UltraSlow,O1,FC2,0.005024935784129164,0.030149654984338414,0.02512471920020925,0.02512471920020925,500.0008015935956
Band-Power Envelope Coherence Change,Alpha,UltraSlow,O1,F4,0.00889704696699376,0.042292462413764456,0.033395415446770695,0.033395415446770695,375.3539300248826
Band-Power Envelope Coherence Change,Alpha,UltraSlow,O1,F8,0.010850042413917337,0.05520422568021454,0.044354183266297205,0.044354183266297205,408.79271779992445
Band-Power Envelope Coherence Change,Alpha,UltraSlow,O1,Fp2,0.01575031156244925,0.07742726762618496,0.06167695606373571,0.06167695606373571,391.59197466786264
Band-Power Envelope Coherence Change,Alpha,UltraSlow,Pz,Oz,0.7798771596076409,0.46437220534429036,-0.31550495426335057,0.31550495426335057,-40.45572438896432
Band-Power Envelope Coherence Change,Alpha,UltraSlow,Pz,O2,0.6361198312607638,0.3943112304865783,-0.24180860077418548,0.24180860077418548,-38.013058057776725
Band-Power Envelope Coherence Change,Alpha,UltraSlow,Pz,PO10,0.16212434357113345,0.04960944059374442,-0.11251490297738903,0.11251490297738903,-69.40037535326836
Band-Power Envelope Coherence Change,Alpha,UltraSlow,Pz,P8,0.1407501093428818,0.1304767581459059,-0.010273351196975894,0.010273351196975894,-7.299000508730655
Band-Power Envelope Coherence Change,Alpha,UltraSlow,Pz,P4,0.9103539964107609,0.7292074028399952,-0.18114659357076568,0.18114659357076568,-19.898478425422383
Band-Power Envelope Coherence Change,Alpha,UltraSlow,Pz,CP2,0.9670774923073445,0.8110945564656556,-0.15598293584168887,0.15598293584168887,-16.129310947929323
Band-Power Envelope Coherence Change,Alpha,UltraSlow,Pz,CP6,0.18128244171778218,0.13995093336907513,-0.04133150834870705,0.04133150834870705,-22.799509956431045
Band-Power Envelope Coherence Change,Alpha,UltraSlow,Pz,T8,0.04901268271804176,0.007972952482750687,-0.041039730235291075,0.041039730235291075,-83.73287883746912
Band-Power Envelope Coherence Change,Alpha,UltraSlow,Pz,FT10,0.052277845342860084,0.023066607042893286,-0.0292112382999668,0.0292112382999668,-55.87689796392185
Band-Power Envelope Coherence Change,Alpha,UltraSlow,Pz,FC6,0.04614783176895882,0.01150735100482509,-0.03464048076413373,0.03464048076413373,-75.06415672476844
Band-Power Envelope Coherence Change,Alpha,UltraSlow,Pz,C4,0.1117240285764979,0.08320784023104276,-0.028516188345455135,0.028516188345455135,-25.523773810152203
Band-Power Envelope Coherence Change,Alpha,UltraSlow,Pz,FC2,0.027248458438453773,0.02073923713730604,-0.006509221301147734,0.006509221301147734,-23.88840203878008
Band-Power Envelope Coherence Change,Alpha,UltraSlow,Pz,F4,0.034675891722360304,0.013365793150195471,-0.021310098572164832,0.021310098572164832,-61.455084537662486
Band-Power Envelope Coherence Change,Alpha,UltraSlow,Pz,F8,0.03907792916037858,0.019437006885185917,-0.019640922275192665,0.019640922275192665,-50.260908643815114
Band-Power Envelope Coherence Change,Alpha,UltraSlow,Pz,Fp2,0.06007011956569733,0.020329833593986484,-0.039740285971710844,0.039740285971710844,-66.15649554059534
Band-Power Envelope Coherence Change,Alpha,UltraSlow,Oz,O2,0.877446004008452,0.8734774475939333,-0.003968556414518654,0.003968556414518654,-0.45228497211099344
Band-Power Envelope Coherence Change,Alpha,UltraSlow,Oz,PO10,0.33195938583023243,0.17082936938196308,-0.16113001644826935,0.16113001644826935,-48.539075358656355
Band-Power Envelope Coherence Change,Alpha,UltraSlow,Oz,P8,0.24849345475076612,0.16922169525337113,-0.07927175949739498,0.07927175949739498,-31.900944665485437
Band-Power Envelope Coherence Change,Alpha,UltraSlow,Oz,P4,0.7623198940787742,0.4223324951384878,-0.3399873989402864,0.3399873989402864,-44.599045831165704
Band-Power Envelope Coherence Change,Alpha,UltraSlow,Oz,CP2,0.6982675438982326,0.24802190239973837,-0.4502456414984943,0.4502456414984943,-64.48039085203625
Band-Power Envelope Coherence Change,Alpha,UltraSlow,Oz,CP6,0.11627718496927236,0.02694729549940358,-0.08932988946986878,0.08932988946986878,-76.82495022000685
Band-Power Envelope Coherence Change,Alpha,UltraSlow,Oz,T8,0.006934550322149683,0.005431786319373752,-0.0015027640027759307,0.0015027640027759307,-21.67067701529174
Band-Power Envelope Coherence Change,Alpha,UltraSlow,Oz,FT10,0.008166688157348004,0.021139691209601543,0.012973003052253539,0.012973003052253539,158.85268057628767
Band-Power Envelope Coherence Change,Alpha,UltraSlow,Oz,FC6,0.007118350293362058,0.011246579042938892,0.004128228749576834,0.004128228749576834,57.994178137404305
Band-Power Envelope Coherence Change,Alpha,UltraSlow,Oz,C4,0.044579631648296675,0.007526904355503969,-0.03705272729279271,0.03705272729279271,-83.11582200838674
Band-Power Envelope Coherence Change,Alpha,UltraSlow,Oz,FC2,0.006680025958614455,0.015877506957328112,0.009197480998713658,0.009197480998713658,137.68630624635122
Band-Power Envelope Coherence Change,Alpha,UltraSlow,Oz,F4,0.008022910994402778,0.029493547550507017,0.02147063655610424,0.02147063655610424,267.6165368291301
Band-Power Envelope Coherence Change,Alpha,UltraSlow,Oz,F8,0.010828788851714344,0.040083918601265686,0.029255129749551342,0.029255129749551342,270.16068140362586
Band-Power Envelope Coherence Change,Alpha,UltraSlow,Oz,Fp2,0.012074412556623015,0.06011808550961302,0.04804367295299,0.04804367295299,397.8965662113082
Band-Power Envelope Coherence Change,Alpha,UltraSlow,O2,PO10,0.5261893080782097,0.33879904762764623,-0.1873902604505635,0.1873902604505635,-35.61270774105332
Band-Power Envelope Coherence Change,Alpha,UltraSlow,O2,P8,0.45346293138705834,0.3697438003053309,-0.08371913108172746,0.08371913108172746,-18.462177454206962
Band-Power Envelope Coherence Change,Alpha,UltraSlow,O2,P4,0.7416093544187359,0.5080275794154687,-0.23358177500326716,0.23358177500326716,-31.49660580890941
Band-Power Envelope Coherence Change,Alpha,UltraSlow,O2,CP2,0.5955544751512204,0.26582244675568695,-0.32973202839553345,0.32973202839553345,-55.365552968401325
Band-Power Envelope Coherence Change,Alpha,UltraSlow,O2,CP6,0.17834392420375486,0.05085702071464162,-0.12748690348911323,0.12748690348911323,-71.48373798451448
Band-Power Envelope Coherence Change,Alpha,UltraSlow,O2,T8,0.008563225315336489,0.004556142073079802,-0.004007083242256687,0.004007083242256687,-46.7940886137857
Band-Power Envelope Coherence Change,Alpha,UltraSlow,O2,FT10,0.009409453384500735,0.014509182260094589,0.005099728875593854,0.005099728875593854,54.19792911662791
Band-Power Envelope Coherence Change,Alpha,UltraSlow,O2,FC6,0.00937186713065793,0.008680460670036383,-0.0006914064606215464,0.0006914064606215464,-7.377467595115253
Band-Power Envelope Coherence Change,Alpha,UltraSlow,O2,C4,0.043861251100853635,0.007935330451181407,-0.035925920649672226,0.035925920649672226,-81.90810737948382
Band-Power Envelope Coherence Change,Alpha,UltraSlow,O2,FC2,0.008296563889589574,0.009953315916272071,0.0016567520266824974,0.0016567520266824974,19.96913479761627
Band-Power Envelope Coherence Change,Alpha,UltraSlow,O2,F4,0.009465135034074139,0.02191518991719304,0.0124500548831189,0.0124500548831189,131.53594574508614
Band-Power Envelope Coherence Change,Alpha,UltraSlow,O2,F8,0.01765986033249993,0.027543615092132212,0.009883754759632282,0.009883754759632282,55.967343872153585
Band-Power Envelope Coherence Change,Alpha,UltraSlow,O2,Fp2,0.011593689375065852,0.049318264211856304,0.03772457483679045,0.03772457483679045,325.38886989609534
Band-Power Envelope Coherence Change,Alpha,UltraSlow,PO10,P8,0.8677883476582718,0.701075380060938,-0.1667129675973339,0.1667129675973339,-19.211247540625443
Band-Power Envelope Coherence Change,Alpha,UltraSlow,PO10,P4,0.2584245520510761,0.16674373712663917,-0.09168081492443694,0.09168081492443694,-35.47682068007097
Band-Power Envelope Coherence Change,Alpha,UltraSlow,PO10,CP2,0.1629102871439289,0.06091568416946816,-0.10199460297446075,0.10199460297446075,-62.607834509769155
Band-Power Envelope Coherence Change,Alpha,UltraSlow,PO10,CP6,0.3025055992283523,0.10831456557860503,-0.19419103364974727,0.19419103364974727,-64.1941948000633
Band-Power Envelope Coherence Change,Alpha,UltraSlow,PO10,T8,0.07635124286329614,0.02884174315420746,-0.04750949970908869,0.04750949970908869,-62.224919893121516
Band-Power Envelope Coherence Change,Alpha,UltraSlow,PO10,FT10,0.07489511244793284,0.021349064604995634,-0.053546047842937206,0.053546047842937206,-71.49471586702333
Band-Power Envelope Coherence Change,Alpha,UltraSlow,PO10,FC6,0.06687719147432862,0.012405597164507405,-0.054471594309821215,0.054471594309821215,-81.45018220558887
Band-Power Envelope Coherence Change,Alpha,UltraSlow,PO10,C4,0.03827524900412657,0.010331227668044967,-0.027944021336081606,0.027944021336081606,-73.00807196073076
Band-Power Envelope Coherence Change,Alpha,UltraSlow,PO10,FC2,0.03067715864489221,0.0021829399111164814,-0.028494218733775726,0.028494218733775726,-92.88415222418277
Band-Power Envelope Coherence Change,Alpha,UltraSlow,PO10,F4,0.047477285036475345,0.0034519023985328384,-0.044025382637942506,0.044025382637942506,-92.72936016480124
Band-Power Envelope Coherence Change,Alpha,UltraSlow,PO10,F8,0.07506277185081817,0.007693735617904901,-0.06736903623291327,0.06736903623291327,-89.75026444107921
Band-Power Envelope Coherence Change,Alpha,UltraSlow,PO10,Fp2,0.06575876492904177,0.00985975488107334,-0.055899010047968434,0.055899010047968434,-85.00617386638467
Band-Power Envelope Coherence Change,Alpha,UltraSlow,P8,P4,0.2468884423885135,0.42019472558585863,0.17330628319734512,0.17330628319734512,70.1961912516842
Band-Power Envelope Coherence Change,Alpha,UltraSlow,P8,CP2,0.14847079409756445,0.21450338621785378,0.06603259212028934,0.06603259212028934,44.47513904781665
Band-Power Envelope Coherence Change,Alpha,UltraSlow,P8,CP6,0.4055152787873316,0.33121376269575503,-0.07430151609157659,0.07430151609157659,-18.322741454716745
Band-Power Envelope Coherence Change,Alpha,UltraSlow,P8,T8,0.09441621314315843,0.07020799767735698,-0.024208215465801444,0.024208215465801444,-25.639892408198765
Band-Power Envelope Coherence Change,Alpha,UltraSlow,P8,FT10,0.07640663075922735,0.0164607466427354,-0.059945884116491946,0.059945884116491946,-78.45638987196475
Band-Power Envelope Coherence Change,Alpha,UltraSlow,P8,FC6,0.06264980083881598,0.02671893585324393,-0.03593086498557205,0.03593086498557205,-57.35192212025411
Band-Power Envelope Coherence Change,Alpha,UltraSlow,P8,C4,0.03933097037393523,0.048610888481338786,0.009279918107403556,0.009279918107403556,23.594429578461124
Band-Power Envelope Coherence Change,Alpha,UltraSlow,P8,FC2,0.0275215535651578,0.00841092280741476,-0.01911063075774304,0.01911063075774304,-69.43877900096831
Band-Power Envelope Coherence Change,Alpha,UltraSlow,P8,F4,0.04369146795380285,0.008405033298395656,-0.03528643465540719,0.03528643465540719,-80.76275828662311
Band-Power Envelope Coherence Change,Alpha,UltraSlow,P8,F8,0.0683445672527708,0.009330130053281085,-0.05901443719948971,0.05901443719948971,-86.34839544923327
Band-Power Envelope Coherence Change,Alpha,UltraSlow,P8,Fp2,0.06209695140324833,0.01989992094852538,-0.04219703045472295,0.04219703045472295,-67.95346551024983
Band-Power Envelope Coherence Change,Alpha,UltraSlow,P4,CP2,0.9293103455250844,0.8436385475948808,-0.08567179793020363,0.08567179793020363,-9.218857655329002
Band-Power Envelope Coherence Change,Alpha,UltraSlow,P4,CP6,0.2936998980453105,0.38555832400641205,0.09185842596110155,0.09185842596110155,31.27628799752941
Band-Power Envelope Coherence Change,Alpha,UltraSlow,P4,T8,0.03199618324026581,0.0488111119647976,0.01681492872453179,0.01681492872453179,52.55292044762054
Band-Power Envelope Coherence Change,Alpha,UltraSlow,P4,FT10,0.02247995390576485,0.021233185713272616,-0.0012467681924922328,0.0012467681924922328,-5.546133224821722
Band-Power Envelope Coherence Change,Alpha,UltraSlow,P4,FC6,0.02385423371349569,0.039507374268931035,0.015653140555435346,0.015653140555435346,65.61996810897128
Band-Power Envelope Coherence Change,Alpha,UltraSlow,P4,C4,0.14714435494537167,0.1554945004266349,0.008350145481263227,0.008350145481263227,5.674798387177867
Band-Power Envelope Coherence Change,Alpha,UltraSlow,P4,FC2,0.02761259768214127,0.0346660843856386,0.0070534867034973275,0.0070534867034973275,25.544451792231204
Band-Power Envelope Coherence Change,Alpha,UltraSlow,P4,F4,0.017125600680188598,0.024444201140493393,0.007318600460304796,0.007318600460304796,42.73485407592838
Band-Power Envelope Coherence Change,Alpha,UltraSlow,P4,F8,0.01452425096537736,0.0200054008885197,0.005481149923142338,0.005481149923142338,37.73791802557117
Band-Power Envelope Coherence Change,Alpha,UltraSlow,P4,Fp2,0.02661394388835692,0.03027831159195599,0.0036643677035990696,0.0036643677035990696,13.768600846874705
Band-Power Envelope Coherence Change,Alpha,UltraSlow,CP2,CP6,0.23344627619824634,0.3666836271017207,0.13323735090347436,0.13323735090347436,57.07409562203813
Band-Power Envelope Coherence Change,Alpha,UltraSlow,CP2,T8,0.061423127567665776,0.06079295507668258,-0.0006301724909831968,0.0006301724909831968,-1.0259531156061334
Band-Power Envelope Coherence Change,Alpha,UltraSlow,CP2,FT10,0.061849081939824524,0.03522094510465139,-0.026628136835173136,0.026628136835173136,-43.05340677664501
Band-Power Envelope Coherence Change,Alpha,UltraSlow,CP2,FC6,0.05684737899754464,0.0696179834414169,0.012770604443872256,0.012770604443872256,22.464719867601715
Band-Power Envelope Coherence Change,Alpha,UltraSlow,CP2,C4,0.16133749633014585,0.26584651673070714,0.10450902040056129,0.10450902040056129,64.7766469529835
Band-Power Envelope Coherence Change,Alpha,UltraSlow,CP2,FC2,0.03903082369236643,0.09978514222332859,0.06075431853096216,0.06075431853096216,155.6572800251827
Band-Power Envelope Coherence Change,Alpha,UltraSlow,CP2,F4,0.04290715492401919,0.05483208648622633,0.011924931562207142,0.011924931562207142,27.7924080105615
Band-Power Envelope Coherence Change,Alpha,UltraSlow,CP2,F8,0.0468511790575451,0.031512416772996384,-0.015338762284548717,0.015338762284548717,-32.73933035006192
Band-Power Envelope Coherence Change,Alpha,UltraSlow,CP2,Fp2,0.06861721160284434,0.040438365754319514,-0.028178845848524828,0.028178845848524828,-41.06673120386132
Band-Power Envelope Coherence Change,Alpha,UltraSlow,CP6,T8,0.40760254049975225,0.5557267342886503,0.14812419378889802,0.14812419378889802,36.34035097212257
Band-Power Envelope Coherence Change,Alpha,UltraSlow,CP6,FT10,0.1647416036341726,0.1512803480694758,-0.013461255564696795,0.013461255564696795,-8.171133015427626
Band-Power Envelope Coherence Change,Alpha,UltraSlow,CP6,FC6,0.22593797059921214,0.3878087097707523,0.16187073917154018,0.16187073917154018,71.6438847097021
Band-Power Envelope Coherence Change,Alpha,UltraSlow,CP6,C4,0.42898897762100086,0.6429338557287255,0.21394487810772467,0.21394487810772467,49.87188232531668
Band-Power Envelope Coherence Change,Alpha,UltraSlow,CP6,FC2,0.17484807633268648,0.13251853046043505,-0.042329545872251434,0.042329545872251434,-24.209328898597814
Band-Power Envelope Coherence Change,Alpha,UltraSlow,CP6,F4,0.11652376358962373,0.12611817534544548,0.00959441175582175,0.00959441175582175,8.233867033004175
Band-Power Envelope Coherence Change,Alpha,UltraSlow,CP6,F8,0.1135479348436804,0.1451802005728725,0.0316322657291921,0.0316322657291921,27.858072251811297
Band-Power Envelope Coherence Change,Alpha,UltraSlow,CP6,Fp2,0.07268217344293314,0.08429112901295958,0.011608955570026447,0.011608955570026447,15.972218523626417
Band-Power Envelope Coherence Change,Alpha,UltraSlow,T8,FT10,0.6843409869012782,0.5053666626736496,-0.1789743242276286,0.1789743242276286,-26.152799211695783
Band-Power Envelope Coherence Change,Alpha,UltraSlow,T8,FC6,0.659933121460861,0.7712714356081052,0.11133831414724416,0.11133831414724416,16.87115111009735
Band-Power Envelope Coherence Change,Alpha,UltraSlow,T8,C4,0.2784701650571037,0.6066710598516085,0.3282008947945048,0.3282008947945048,117.8585485907272
Band-Power Envelope Coherence Change,Alpha,UltraSlow,T8,FC2,0.3134211220730474,0.2827007162724638,-0.030720405800583606,0.030720405800583606,-9.801638637942137
Band-Power Envelope Coherence Change,Alpha,UltraSlow,T8,F4,0.4296452590168299,0.38742318419406063,-0.04222207482276924,0.04222207482276924,-9.827194397393628
Band-Power Envelope Coherence Change,Alpha,UltraSlow,T8,F8,0.5446135006022459,0.5254935858008356,-0.019119914801410287,0.019119914801410287,-3.510730964301666
Band-Power Envelope Coherence Change,Alpha,UltraSlow,T8,Fp2,0.36487665141441855,0.283297207947475,-0.08157944346694357,0.08157944346694357,-22.35808817876031
Band-Power Envelope Coherence Change,Alpha,UltraSlow,FT10,FC6,0.6704106553835466,0.39729269328379363,-0.273117962099753,0.273117962099753,-40.73890531222245
Band-Power Envelope Coherence Change,Alpha,UltraSlow,FT10,C4,0.13363729119757292,0.20944728648276706,0.07580999528519414,0.07580999528519414,56.72817415396023
Band-Power Envelope Coherence Change,Alpha,UltraSlow,FT10,FC2,0.2905075644265946,0.13385445642173227,-0.15665310800486232,0.15665310800486232,-53.923934240426775
Band-Power Envelope Coherence Change,Alpha,UltraSlow,FT10,F4,0.5280906134421831,0.26771086488534807,-0.26037974855683504,0.26037974855683504,-49.30588462075404
Band-Power Envelope Coherence Change,Alpha,UltraSlow,FT10,F8,0.767533931934582,0.5742242332289074,-0.1933096987056746,0.1933096987056746,-25.18581793751246
Band-Power Envelope Coherence Change,Alpha,UltraSlow,FT10,Fp2,0.5729021741142298,0.33859107114018855,-0.23431110297404129,0.23431110297404129,-40.89897255780399
Band-Power Envelope Coherence Change,Alpha,UltraSlow,FC6,C4,0.4316945057161441,0.7398537093141294,0.3081592035979853,0.3081592035979853,71.38362882028709
Band-Power Envelope Coherence Change,Alpha,UltraSlow,FC6,FC2,0.7153648197726752,0.6551910467967957,-0.06017377297587945,0.06017377297587945,-8.41162038063336
Band-Power Envelope Coherence Change,Alpha,UltraSlow,FC6,F4,0.8820554765046356,0.7722959876495956,-0.10975948885503994,0.10975948885503994,-12.443603807097173
Band-Power Envelope Coherence Change,Alpha,UltraSlow,FC6,F8,0.8019131501587975,0.6885206906704728,-0.11339245948832466,0.11339245948832466,-14.140241928427077
Band-Power Envelope Coherence Change,Alpha,UltraSlow,FC6,Fp2,0.7540632221987302,0.5457547858540919,-0.20830843634463836,0.20830843634463836,-27.624797260002097
Band-Power Envelope Coherence Change,Alpha,UltraSlow,C4,FC2,0.6389702906730911,0.5059354117480349,-0.13303487892505617,0.13303487892505617,-20.820197881957434
Band-Power Envelope Coherence Change,Alpha,UltraSlow,C4,F4,0.35246052148612544,0.4521994592717462,0.09973893778562076,0.09973893778562076,28.297903369454943
Band-Power Envelope Coherence Change,Alpha,UltraSlow,C4,F8,0.17788186875302117,0.33704035270491334,0.15915848395189217,0.15915848395189217,89.4742589942512
Band-Power Envelope Coherence Change,Alpha,UltraSlow,C4,Fp2,0.15758662336825388,0.23813108240522485,0.08054445903697097,0.08054445903697097,51.11122842498623
Band-Power Envelope Coherence Change,Alpha,UltraSlow,FC2,F4,0.7487900331504157,0.8750368520495058,0.12624681889909006,0.12624681889909006,16.86010941784662
Band-Power Envelope Coherence Change,Alpha,UltraSlow,FC2,F8,0.4435756320812249,0.43613286020044595,-0.0074427718807789645,0.0074427718807789645,-1.6779036859752676
Band-Power Envelope Coherence Change,Alpha,UltraSlow,FC2,Fp2,0.5144980668068906,0.5937352526095085,0.07923718580261796,0.07923718580261796,15.400871434636215
Band-Power Envelope Coherence Change,Alpha,UltraSlow,F4,F8,0.7327652383533736,0.6736432386088103,-0.059121999744563336,0.059121999744563336,-8.068341216269863
Band-Power Envelope Coherence Change,Alpha,UltraSlow,F4,Fp2,0.8213272515652608,0.7996326692226716,-0.02169458234258914,0.02169458234258914,-2.641405396112726
Band-Power Envelope Coherence Change,Alpha,UltraSlow,F8,Fp2,0.7748270347671723,0.6920485362070239,-0.0827784985601484,0.0827784985601484,-10.683480937784072
Band-Power Envelope Coherence Change,Alpha,Slow,Cz,Fz,0.7032958133022404,0.6432978879076333,-0.05999792539460713,0.05999792539460713,-8.53096581264918
Band-Power Envelope Coherence Change,Alpha,Slow,Cz,Fp1,0.39341120202563296,0.3362206708074848,-0.057190531218148155,0.057190531218148155,-14.537087638501426
Band-Power Envelope Coherence Change,Alpha,Slow,Cz,F7,0.3824142633585721,0.2942775601519682,-0.08813670320660388,0.08813670320660388,-23.047441387917637
Band-Power Envelope Coherence Change,Alpha,Slow,Cz,F3,0.5976017237400482,0.6228559839139943,0.025254260173946164,0.025254260173946164,4.225934961481396
Band-Power Envelope Coherence Change,Alpha,Slow,Cz,FC1,0.7681129744382799,0.8874298052840893,0.11931683084580946,0.11931683084580946,15.533760633722627
Band-Power Envelope Coherence Change,Alpha,Slow,Cz,C3,0.3441194533639881,0.45279618776762515,0.10867673440363707,0.10867673440363707,31.581107473364952
Band-Power Envelope Coherence Change,Alpha,Slow,Cz,FC5,0.698917165612899,0.5624878533335839,-0.1364293122793151,0.1364293122793151,-19.520097515372456
Band-Power Envelope Coherence Change,Alpha,Slow,Cz,FT9,0.22482412100796065,0.019258903094416566,-0.2055652179135441,0.2055652179135441,-91.433791441918
Band-Power Envelope Coherence Change,Alpha,Slow,Cz,T7,0.5669599385776551,0.11210028606640204,-0.4548596525112531,0.4548596525112531,-80.2278294393021
Band-Power Envelope Coherence Change,Alpha,Slow,Cz,CP5,0.11892810865176827,0.22399135760032385,0.10506324894855558,0.10506324894855558,88.34181434448756
Band-Power Envelope Coherence Change,Alpha,Slow,Cz,CP1,0.038506114191193666,0.11387114804301131,0.07536503385181764,0.07536503385181764,195.72225199771935
Band-Power Envelope Coherence Change,Alpha,Slow,Cz,P3,0.04373041903123934,0.010093788059922818,-0.03363663097131652,0.03363663097131652,-76.91815380796557
Band-Power Envelope Coherence Change,Alpha,Slow,Cz,P7,0.014958458245132939,0.0164503574651266,0.00149189921999366,0.00149189921999366,9.973616234675001
Band-Power Envelope Coherence Change,Alpha,Slow,Cz,PO9,0.029058414542962617,0.0746105439887131,0.04555212944575048,0.04555212944575048,156.76054651365115
Band-Power Envelope Coherence Change,Alpha,Slow,Cz,O1,0.007346890590368638,0.0759789462946697,0.06863205570430106,0.06863205570430106,934.164662725124
Band-Power Envelope Coherence Change,Alpha,Slow,Cz,Pz,0.03340506182743469,0.08827491125004264,0.05486984942260795,0.05486984942260795,164.2560930018839
Band-Power Envelope Coherence Change,Alpha,Slow,Cz,Oz,0.006466485330693827,0.036138557602581396,0.02967207227188757,0.02967207227188757,458.8593456022559
Band-Power Envelope Coherence Change,Alpha,Slow,Cz,O2,0.011451622695149804,0.010694529270477104,-0.0007570934246727001,0.0007570934246727001,-6.611232703233909
Band-Power Envelope Coherence Change,Alpha,Slow,Cz,PO10,0.04816819738609467,0.0023041267609475143,-0.045864070625147156,0.045864070625147156,-95.21649784300901
Band-Power Envelope Coherence Change,Alpha,Slow,Cz,P8,0.04537489415155127,0.026309489614463357,-0.019065404537087913,0.019065404537087913,-42.01751848370121
Band-Power Envelope Coherence Change,Alpha,Slow,Cz,P4,0.026842526280732307,0.10626244721666853,0.07941992093593622,0.07941992093593622,295.8734960537013
Band-Power Envelope Coherence Change,Alpha,Slow,Cz,CP2,0.037926350275404815,0.3005430434595664,0.2626166931841616,0.2626166931841616,692.438611353722
Band-Power Envelope Coherence Change,Alpha,Slow,Cz,CP6,0.09045380023632456,0.14200919861413078,0.05155539837780622,0.05155539837780622,56.99638737467056
Band-Power Envelope Coherence Change,Alpha,Slow,Cz,T8,0.13881873619136467,0.12758908316501247,-0.011229653026352204,0.011229653026352204,-8.08943614849791
Band-Power Envelope Coherence Change,Alpha,Slow,Cz,FT10,0.12066919626805236,0.05341540309871497,-0.0672537931693374,0.0672537931693374,-55.73401932663995
Band-Power Envelope Coherence Change,Alpha,Slow,Cz,FC6,0.4337979332908908,0.3541245958975088,-0.079673337393382,0.079673337393382,-18.366463110822536
Band-Power Envelope Coherence Change,Alpha,Slow,Cz,C4,0.5513291184082336,0.43744237774384587,-0.11388674066438775,0.11388674066438775,-20.656761426495144
Band-Power Envelope Coherence Change,Alpha,Slow,Cz,FC2,0.7732555774827036,0.770593289885962,-0.002662287596741586,0.002662287596741586,-0.3442959448683882
Band-Power Envelope Coherence Change,Alpha,Slow,Cz,F4,0.4972759756168219,0.5337711624457433,0.03649518682892139,0.03649518682892139,7.339020708501492
Band-Power Envelope Coherence Change,Alpha,Slow,Cz,F8,0.24289443285405093,0.17649087990818912,-0.06640355294586181,0.06640355294586181,-27.338441711326503
Band-Power Envelope Coherence Change,Alpha,Slow,Cz,Fp2,0.3211957481365093,0.3123150043695012,-0.008880743767008092,0.008880743767008092,-2.7649007866796995
Band-Power Envelope Coherence Change,Alpha,Slow,Fz,Fp1,0.8021201113095279,0.7657321425607074,-0.03638796874882044,0.03638796874882044,-4.536473806823526
Band-Power Envelope Coherence Change,Alpha,Slow,Fz,F7,0.7763520326894752,0.6561470449202523,-0.12020498776922284,0.12020498776922284,-15.483309466300112
Band-Power Envelope Coherence Change,Alpha,Slow,Fz,F3,0.9419644996637833,0.9351879110242929,-0.006776588639490377,0.006776588639490377,-0.7194101945359039
Band-Power Envelope Coherence Change,Alpha,Slow,Fz,FC1,0.6994088048627736,0.8001879595051609,0.10077915464238729,0.10077915464238729,14.409191583191536
Band-Power Envelope Coherence Change,Alpha,Slow,Fz,C3,0.17917531357031466,0.22346602476581218,0.04429071119549752,0.04429071119549752,24.719203953348348
Band-Power Envelope Coherence Change,Alpha,Slow,Fz,FC5,0.8026511418143115,0.6419293714744703,-0.16072177033984125,0.16072177033984125,-20.023863664673296
Band-Power Envelope Coherence Change,Alpha,Slow,Fz,FT9,0.5718814005964566,0.1321160791429648,-0.43976532145349184,0.43976532145349184,-76.89799335925747
Band-Power Envelope Coherence Change,Alpha,Slow,Fz,T7,0.56432411599012,0.18556284481658852,-0.3787612711735315,0.3787612711735315,-67.11768298418116
Band-Power Envelope Coherence Change,Alpha,Slow,Fz,CP5,0.06605966177517601,0.08305798745002058,0.016998325674844564,0.016998325674844564,25.731778241153844
Band-Power Envelope Coherence Change,Alpha,Slow,Fz,CP1,0.09062665229990582,0.015894873262488483,-0.07473177903741735,0.07473177903741735,-82.46114927660746
Band-Power Envelope Coherence Change,Alpha,Slow,Fz,P3,0.1062084976669036,0.017447834022802276,-0.08876066364410132,0.08876066364410132,-83.57209224677761
Band-Power Envelope Coherence Change,Alpha,Slow,Fz,P7,0.028128940508121727,0.03664534724470033,0.008516406736578604,0.008516406736578604,30.276315363245356
Band-Power Envelope Coherence Change,Alpha,Slow,Fz,PO9,0.09527151799278477,0.12792272828752813,0.032651210294743355,0.032651210294743355,34.271743520677546
Band-Power Envelope Coherence Change,Alpha,Slow,Fz,O1,0.012412074164505292,0.06216623490060606,0.04975416073610077,0.04975416073610077,400.8529120651111
Band-Power Envelope Coherence Change,Alpha,Slow,Fz,Pz,0.08382585649612755,0.01717117434777311,-0.06665468214835443,0.06665468214835443,-79.51565893207861
Band-Power Envelope Coherence Change,Alpha,Slow,Fz,Oz,0.008246152820462822,0.03678175477248283,0.028535601952020005,0.028535601952020005,346.04745477441224
Band-Power Envelope Coherence Change,Alpha,Slow,Fz,O2,0.005364160923129696,0.022277830901089677,0.016913669977959983,0.016913669977959983,315.3087728041495
Band-Power Envelope Coherence Change,Alpha,Slow,Fz,PO10,0.05074320561737829,0.0038317719956592754,-0.04691143362171901,0.04691143362171901,-92.44869938932872
Band-Power Envelope Coherence Change,Alpha,Slow,Fz,P8,0.05494267240478253,0.013828402426547027,-0.0411142699782355,0.0411142699782355,-74.8312162090184
Band-Power Envelope Coherence Change,Alpha,Slow,Fz,P4,0.04477279855430822,0.03890738523408434,-0.005865413320223882,0.005865413320223882,-13.10039468073297
Band-Power Envelope Coherence Change,Alpha,Slow,Fz,CP2,0.08974953662977389,0.09128568960608369,0.0015361529763097959,0.0015361529763097959,1.711599896773379
Band-Power Envelope Coherence Change,Alpha,Slow,Fz,CP6,0.10314086894854466,0.09576955059354487,-0.007371318354999781,0.007371318354999781,-7.146845309861811
Band-Power Envelope Coherence Change,Alpha,Slow,Fz,T8,0.3170688139365867,0.20157363627712727,-0.11549517765945944,0.11549517765945944,-36.425902700906526
Band-Power Envelope Coherence Change,Alpha,Slow,Fz,FT10,0.4036903768893681,0.11795737787655539,-0.2857329990128127,0.2857329990128127,-70.78023539092639
Band-Power Envelope Coherence Change,Alpha,Slow,Fz,FC6,0.7652443609422789,0.5493381204894469,-0.21590624045283202,0.21590624045283202,-28.214025672397927
Band-Power Envelope Coherence Change,Alpha,Slow,Fz,C4,0.40520045977441177,0.35097419418021103,-0.05422626559420074,0.05422626559420074,-13.382577508522635
Band-Power Envelope Coherence Change,Alpha,Slow,Fz,FC2,0.8694072605795273,0.9184198637176753,0.049012603138147925,0.049012603138147925,5.637473409812247
Band-Power Envelope Coherence Change,Alpha,Slow,Fz,F4,0.8690500608130877,0.8877124966661073,0.018662435853019632,0.018662435853019632,2.1474523384255866
Band-Power Envelope Coherence Change,Alpha,Slow,Fz,F8,0.5880877446553039,0.45356846477924057,-0.13451927987606332,0.13451927987606332,-22.874015161616597
Band-Power Envelope Coherence Change,Alpha,Slow,Fz,Fp2,0.7406253272803303,0.7352885937486917,-0.005336733531638549,0.005336733531638549,-0.7205712976675681
Band-Power Envelope Coherence Change,Alpha,Slow,Fp1,F7,0.9113591806402372,0.8543170459140176,-0.05704213472621966,0.05704213472621966,-6.259017952301429
Band-Power Envelope Coherence Change,Alpha,Slow,Fp1,F3,0.8698308680211743,0.7601525557466537,-0.10967831227452052,0.10967831227452052,-12.609153837461955
Band-Power Envelope Coherence Change,Alpha,Slow,Fp1,FC1,0.37171056967927096,0.4622836730367122,0.09057310335744123,0.09057310335744123,24.366566556229994
Band-Power Envelope Coherence Change,Alpha,Slow,Fp1,C3,0.08446250991089259,0.0915298302090092,0.007067320298116617,0.007067320298116617,8.367405024516316
Band-Power Envelope Coherence Change,Alpha,Slow,Fp1,FC5,0.5468490202922405,0.5018368612284654,-0.04501215906377509,0.04501215906377509,-8.231185828900312
Band-Power Envelope Coherence Change,Alpha,Slow,Fp1,FT9,0.764840992426772,0.33251593288306436,-0.4323250595437076,0.4323250595437076,-56.52482853618749
Band-Power Envelope Coherence Change,Alpha,Slow,Fp1,T7,0.33581342750809384,0.16791521832280093,-0.1678982091852929,0.1678982091852929,-49.99746747209689
Band-Power Envelope Coherence Change,Alpha,Slow,Fp1,CP5,0.10322420833122495,0.03461276752598583,-0.06861144080523912,0.06861144080523912,-66.46836232938627
Band-Power Envelope Coherence Change,Alpha,Slow,Fp1,CP1,0.15499103941383424,0.0246534991307425,-0.13033754028309175,0.13033754028309175,-84.09359713698265
Band-Power Envelope Coherence Change,Alpha,Slow,Fp1,P3,0.1700143491161978,0.04253855029922294,-0.12747579881697488,0.12747579881697488,-74.97943525334466
Band-Power Envelope Coherence Change,Alpha,Slow,Fp1,P7,0.0691382406215443,0.12315053893824678,0.05401229831670247,0.05401229831670247,78.12217642673365
Band-Power Envelope Coherence Change,Alpha,Slow,Fp1,PO9,0.1905025458764264,0.11655071690478194,-0.07395182897164446,0.07395182897164446,-38.819338939236495
Band-Power Envelope Coherence Change,Alpha,Slow,Fp1,O1,0.027373936163278066,0.0846410503233014,0.05726711416002333,0.05726711416002333,209.20306754001547
Band-Power Envelope Coherence Change,Alpha,Slow,Fp1,Pz,0.1431815754204417,0.02807993828429176,-0.11510163713614993,0.11510163713614993,-80.3885812809105
Band-Power Envelope Coherence Change,Alpha,Slow,Fp1,Oz,0.020742673557203273,0.06363400119411879,0.04289132763691551,0.04289132763691551,206.7782030056618
Band-Power Envelope Coherence Change,Alpha,Slow,Fp1,O2,0.009643026278760543,0.047683355514936146,0.038040329236175605,0.038040329236175605,394.48538390859886
Band-Power Envelope Coherence Change,Alpha,Slow,Fp1,PO10,0.07117702340577353,0.005699221720872607,-0.06547780168490093,0.06547780168490093,-91.99289117728081
Band-Power Envelope Coherence Change,Alpha,Slow,Fp1,P8,0.0729848350748536,0.015887604815707505,-0.05709723025914609,0.05709723025914609,-78.23163565497806
Band-Power Envelope Coherence Change,Alpha,Slow,Fp1,P4,0.07963826782481186,0.03375791707831511,-0.04588035074649675,0.04588035074649675,-57.61093504372078
Band-Power Envelope Coherence Change,Alpha,Slow,Fp1,CP2,0.15960250413138463,0.05471468565311017,-0.10488781847827447,0.10488781847827447,-65.7181533893296
Band-Power Envelope Coherence Change,Alpha,Slow,Fp1,CP6,0.09812962651346192,0.07014012007701646,-0.02798950643644546,0.02798950643644546,-28.52299293384727
Band-Power Envelope Coherence Change,Alpha,Slow,Fp1,T8,0.3619059534938,0.18970604308052136,-0.17219991041327865,0.17219991041327865,-47.58139752907621
Band-Power Envelope Coherence Change,Alpha,Slow,Fp1,FT10,0.5291687843042381,0.23721279837231862,-0.29195598593191946,0.29195598593191946,-55.17256395155454
Band-Power Envelope Coherence Change,Alpha,Slow,Fp1,FC6,0.7433624536431889,0.45229784111571064,-0.29106461252747823,0.29106461252747823,-39.15514041649299
Band-Power Envelope Coherence Change,Alpha,Slow,Fp1,C4,0.17300451234682246,0.21767483312023622,0.04467032077341376,0.04467032077341376,25.820321197092877
Band-Power Envelope Coherence Change,Alpha,Slow,Fp1,FC2,0.5826133746245235,0.6057168843842216,0.023103509759698104,0.023103509759698104,3.9654959473918034
Band-Power Envelope Coherence Change,Alpha,Slow,Fp1,F4,0.8215070371484006,0.7567250641303112,-0.06478197301808941,0.06478197301808941,-7.885747788961048
Band-Power Envelope Coherence Change,Alpha,Slow,Fp1,F8,0.6963497596008731,0.5483181686940264,-0.1480315909068467,0.1480315909068467,-21.258223883310304
Band-Power Envelope Coherence Change,Alpha,Slow,Fp1,Fp2,0.9407606578754378,0.9360927698539533,-0.004667888021484545,0.004667888021484545,-0.496182316129827
Band-Power Envelope Coherence Change,Alpha,Slow,F7,F3,0.8599137754296534,0.7061943868177131,-0.15371938861194034,0.15371938861194034,-17.87613979496199
Band-Power Envelope Coherence Change,Alpha,Slow,F7,FC1,0.38993814841360874,0.4260735685240296,0.03613542011042087,0.03613542011042087,9.266962018830716
Band-Power Envelope Coherence Change,Alpha,Slow,F7,C3,0.09578600823137845,0.10464218636422482,0.008856178132846365,0.008856178132846365,9.245795180704876
Band-Power Envelope Coherence Change,Alpha,Slow,F7,FC5,0.6068630906276787,0.6235214435891385,0.016658352961459788,0.016658352961459788,2.7449935938977683
Band-Power Envelope Coherence Change,Alpha,Slow,F7,FT9,0.8595611349528129,0.46210593935579447,-0.3974551955970185,0.3974551955970185,-46.23931672048405
Band-Power Envelope Coherence Change,Alpha,Slow,F7,T7,0.40002739199422027,0.2540014503313504,-0.14602594166286986,0.14602594166286986,-36.50398562330944
Band-Power Envelope Coherence Change,Alpha,Slow,F7,CP5,0.11943115516656024,0.05101366833844352,-0.06841748682811671,0.06841748682811671,-57.286130015824426
Band-Power Envelope Coherence Change,Alpha,Slow,F7,CP1,0.17884678814722063,0.025275752901429752,-0.15357103524579088,0.15357103524579088,-85.8673710815407
Band-Power Envelope Coherence Change,Alpha,Slow,F7,P3,0.1951039924356549,0.044592530386614856,-0.15051146204904003,0.15051146204904003,-77.14422455946337
Band-Power Envelope Coherence Change,Alpha,Slow,F7,P7,0.10129807841341706,0.1391362584224286,0.03783818000901154,0.03783818000901154,37.35330482241391
Band-Power Envelope Coherence Change,Alpha,Slow,F7,PO9,0.1829766646989491,0.20948465213025905,0.026507987431309943,0.026507987431309943,14.487086358756972
Band-Power Envelope Coherence Change,Alpha,Slow,F7,O1,0.03946536844550951,0.10576420292843564,0.06629883448292612,0.06629883448292612,167.9924376595293
Band-Power Envelope Coherence Change,Alpha,Slow,F7,Pz,0.17402230323725754,0.0298177681582534,-0.14420453507900413,0.14420453507900413,-82.86554791910746
Band-Power Envelope Coherence Change,Alpha,Slow,F7,Oz,0.031004337138278118,0.08526204568266303,0.054257708544384914,0.054257708544384914,175.000382373594
Band-Power Envelope Coherence Change,Alpha,Slow,F7,O2,0.01375177357346466,0.08016379893334723,0.06641202535988257,0.06641202535988257,482.93425575324204
Band-Power Envelope Coherence Change,Alpha,Slow,F7,PO10,0.06784957672958522,0.03909058718505656,-0.028758989544528657,0.028758989544528657,-42.38639492055747
Band-Power Envelope Coherence Change,Alpha,Slow,F7,P8,0.07210585765820693,0.05076531639010347,-0.02134054126810346,0.02134054126810346,-29.59612708479382
Band-Power Envelope Coherence Change,Alpha,Slow,F7,P4,0.1036851510140103,0.05120432947054994,-0.05248082154346036,0.05248082154346036,-50.61556165971053
Band-Power Envelope Coherence Change,Alpha,Slow,F7,CP2,0.19193014376531314,0.06200631746299268,-0.12992382630232047,0.12992382630232047,-67.69328869007035
Band-Power Envelope Coherence Change,Alpha,Slow,F7,CP6,0.11441170429349724,0.0828015247416305,-0.03161017955186675,0.03161017955186675,-27.628449158294163
Band-Power Envelope Coherence Change,Alpha,Slow,F7,T8,0.35003660930999214,0.17066381005403386,-0.17937279925595828,0.17937279925595828,-51.244011193442304
Band-Power Envelope Coherence Change,Alpha,Slow,F7,FT10,0.4710423609500861,0.22009863443377792,-0.2509437265163082,0.2509437265163082,-53.27413144120585
Band-Power Envelope Coherence Change,Alpha,Slow,F7,FC6,0.69907664813052,0.42210340278100306,-0.2769732453495169,0.2769732453495169,-39.61986802022388
Band-Power Envelope Coherence Change,Alpha,Slow,F7,C4,0.17887120081398059,0.20708792698020403,0.02821672616622345,0.02821672616622345,15.774884966288003
Band-Power Envelope Coherence Change,Alpha,Slow,F7,FC2,0.5725792485856581,0.5131845493960843,-0.05939469918957385,0.05939469918957385,-10.37318403282797
Band-Power Envelope Coherence Change,Alpha,Slow,F7,F4,0.7655296496498427,0.663287947872393,-0.10224170177744973,0.10224170177744973,-13.355681497668396
Band-Power Envelope Coherence Change,Alpha,Slow,F7,F8,0.5953934292369989,0.4806258414074327,-0.1147675878295662,0.1147675878295662,-19.275924488559053
Band-Power Envelope Coherence Change,Alpha,Slow,F7,Fp2,0.8422338414572341,0.788990221018677,-0.05324362043855713,0.05324362043855713,-6.32171468513245
Band-Power Envelope Coherence Change,Alpha,Slow,F3,FC1,0.5856400053707208,0.804373688944316,0.21873368357359524,0.21873368357359524,37.34951191306216
Band-Power Envelope Coherence Change,Alpha,Slow,F3,C3,0.12276869699349514,0.2742715381209856,0.15150284112749046,0.15150284112749046,123.40510638108165
Band-Power Envelope Coherence Change,Alpha,Slow,F3,FC5,0.803659861414537,0.7747662268206708,-0.02889363459386629,0.02889363459386629,-3.5952566478821093
Band-Power Envelope Coherence Change,Alpha,Slow,F3,FT9,0.6384072863802923,0.14694672209042306,-0.4914605642898693,0.4914605642898693,-76.98229246041399
Band-Power Envelope Coherence Change,Alpha,Slow,F3,T7,0.5637957463566557,0.250225093021704,-0.31357065333495177,0.31357065333495177,-55.61777565036607
Band-Power Envelope Coherence Change,Alpha,Slow,F3,CP5,0.056034618665045346,0.1281844809467983,0.07214986228175295,0.07214986228175295,128.75944193185055
Band-Power Envelope Coherence Change,Alpha,Slow,F3,CP1,0.14041038772763048,0.013763150633087752,-0.12664723709454273,0.12664723709454273,-90.19791138260679
Band-Power Envelope Coherence Change,Alpha,Slow,F3,P3,0.1558365846822243,0.019540820237010537,-0.13629576444521377,0.13629576444521377,-87.46069783494204
Band-Power Envelope Coherence Change,Alpha,Slow,F3,P7,0.05104481810571442,0.038235940903980956,-0.012808877201733466,0.012808877201733466,-25.09339376076555
Band-Power Envelope Coherence Change,Alpha,Slow,F3,PO9,0.09832774810159638,0.17815600998151843,0.07982826187992205,0.07982826187992205,81.18589454264743
Band-Power Envelope Coherence Change,Alpha,Slow,F3,O1,0.028285971385851445,0.062408892542585775,0.034122921156734334,0.034122921156734334,120.63549344394272
Band-Power Envelope Coherence Change,Alpha,Slow,F3,Pz,0.1318124428982659,0.013492433609135657,-0.11832000928913025,0.11832000928913025,-89.76391506562909
Band-Power Envelope Coherence Change,Alpha,Slow,F3,Oz,0.02059366361175618,0.04109436817890607,0.02050070456714989,0.02050070456714989,99.54860365615946
Band-Power Envelope Coherence Change,Alpha,Slow,F3,O2,0.007035664967839584,0.023980771841964923,0.01694510687412534,0.01694510687412534,240.84584686141773
Band-Power Envelope Coherence Change,Alpha,Slow,F3,PO10,0.04768432871864318,0.004884306447730238,-0.04280002227091294,0.04280002227091294,-89.75699862202188
Band-Power Envelope Coherence Change,Alpha,Slow,F3,P8,0.059402310298901626,0.016316630534411146,-0.04308567976449048,0.04308567976449048,-72.53199336472129
Band-Power Envelope Coherence Change,Alpha,Slow,F3,P4,0.07426173092699503,0.025086047243350694,-0.04917568368364434,0.04917568368364434,-66.2194148584926
Band-Power Envelope Coherence Change,Alpha,Slow,F3,CP2,0.14005543582827906,0.07121344314254383,-0.06884199268573524,0.06884199268573524,-49.15338864115342
Band-Power Envelope Coherence Change,Alpha,Slow,F3,CP6,0.0811319222709943,0.08537022827472883,0.004238306003734524,0.004238306003734524,5.223968427098112
Band-Power Envelope Coherence Change,Alpha,Slow,F3,T8,0.3133159568255145,0.18519267114693239,-0.1281232856785821,0.1281232856785821,-40.892678105741645
Band-Power Envelope Coherence Change,Alpha,Slow,F3,FT10,0.42902542185209314,0.12209462391516882,-0.30693079793692435,0.30693079793692435,-71.541401116025
Band-Power Envelope Coherence Change,Alpha,Slow,F3,FC6,0.717547371274959,0.522250529908318,-0.19529684136664105,0.19529684136664105,-27.217275009959543
Band-Power Envelope Coherence Change,Alpha,Slow,F3,C4,0.2684427522258748,0.33161375366678725,0.06317100144091242,0.06317100144091242,23.532392257608308
Band-Power Envelope Coherence Change,Alpha,Slow,F3,FC2,0.7383018886283393,0.8410652113655389,0.10276332273719957,0.10276332273719957,13.918875776969678
Band-Power Envelope Coherence Change,Alpha,Slow,F3,F4,0.8333669708043363,0.8321512351412225,-0.0012157356631138372,0.0012157356631138372,-0.1458823910360225
Band-Power Envelope Coherence Change,Alpha,Slow,F3,F8,0.5971593270312561,0.4404378194836011,-0.15672150754765496,0.15672150754765496,-26.244504682994254
Band-Power Envelope Coherence Change,Alpha,Slow,F3,Fp2,0.7885486564090904,0.7116250369567987,-0.07692361945229176,0.07692361945229176,-9.7550885195326
Band-Power Envelope Coherence Change,Alpha,Slow,FC1,C3,0.5208454281641728,0.4714142840648105,-0.04943114409936228,0.04943114409936228,-9.490559276596235
Band-Power Envelope Coherence Change,Alpha,Slow,FC1,FC5,0.8008965716860218,0.7152219403057386,-0.0856746313802832,0.0856746313802832,-10.697340257047637
Band-Power Envelope Coherence Change,Alpha,Slow,FC1,FT9,0.21908956161563414,0.044395867330986286,-0.17469369428464787,0.17469369428464787,-79.73620148600534
Band-Power Envelope Coherence Change,Alpha,Slow,FC1,T7,0.7279039219537862,0.18321558800927046,-0.5446883339445157,0.5446883339445157,-74.8297017664781
Band-Power Envelope Coherence Change,Alpha,Slow,FC1,CP5,0.21192782541087057,0.21496074560989137,0.0030329201990207943,0.0030329201990207943,1.431109951296289
Band-Power Envelope Coherence Change,Alpha,Slow,FC1,CP1,0.04733578286644958,0.05718265130858042,0.00984686844213084,0.00984686844213084,20.802166660921657
Band-Power Envelope Coherence Change,Alpha,Slow,FC1,P3,0.03902258492183752,0.006234811809905128,-0.03278777311193239,0.03278777311193239,-84.02255559852456
Band-Power Envelope Coherence Change,Alpha,Slow,FC1,P7,0.00601629552962162,0.018083582886309926,0.012067287356688307,0.012067287356688307,200.57670533759918
Band-Power Envelope Coherence Change,Alpha,Slow,FC1,PO9,0.007510091008592374,0.10549210874226461,0.09798201773367224,0.09798201773367224,1304.6715095938248
Band-Power Envelope Coherence Change,Alpha,Slow,FC1,O1,0.014474180849993875,0.07017253017042747,0.0556983493204336,0.0556983493204336,384.8117547906497
Band-Power Envelope Coherence Change,Alpha,Slow,FC1,Pz,0.04483206440974839,0.04134677619811789,-0.003485288211630501,0.003485288211630501,-7.774097083231017
Band-Power Envelope Coherence Change,Alpha,Slow,FC1,Oz,0.014497010608200958,0.034813875177978744,0.020316864569777784,0.020316864569777784,140.1452004062447
Band-Power Envelope Coherence Change,Alpha,Slow,FC1,O2,0.007781753233585404,0.014518461201020159,0.0067367079674347545,0.0067367079674347545,86.57056790698115
Band-Power Envelope Coherence Change,Alpha,Slow,FC1,PO10,0.007162829937681647,0.0023258796132929614,-0.004836950324388686,0.004836950324388686,-67.52848198926016
Band-Power Envelope Coherence Change,Alpha,Slow,FC1,P8,0.008445319255601878,0.012994459919547154,0.004549140663945276,0.004549140663945276,53.86582231249314
Band-Power Envelope Coherence Change,Alpha,Slow,FC1,P4,0.04336917575060816,0.060031498840242885,0.016662323089634723,0.016662323089634723,38.419736601521805
Band-Power Envelope Coherence Change,Alpha,Slow,FC1,CP2,0.05359750309129237,0.19412041574884945,0.14052291265755706,0.14052291265755706,262.18182667615145
Band-Power Envelope Coherence Change,Alpha,Slow,FC1,CP6,0.1040812874703419,0.1221096102271475,0.018028322756805604,0.018028322756805604,17.32138715323136
Band-Power Envelope Coherence Change,Alpha,Slow,FC1,T8,0.19170950739641496,0.14842409117346683,-0.043285416222948125,0.043285416222948125,-22.578648712211745
Band-Power Envelope Coherence Change,Alpha,Slow,FC1,FT10,0.15232042517964248,0.057070988647882105,-0.09524943653176038,0.09524943653176038,-62.53228115627031
Band-Power Envelope Coherence Change,Alpha,Slow,FC1,FC6,0.442131353009629,0.4315317088832825,-0.010599644126346508,0.010599644126346508,-2.3973970753699665
Band-Power Envelope Coherence Change,Alpha,Slow,FC1,C4,0.5826096522700855,0.42417202010587385,-0.1584376321642117,0.1584376321642117,-27.1944743014253
Band-Power Envelope Coherence Change,Alpha,Slow,FC1,FC2,0.7976197054447474,0.8554437540194725,0.05782404857472512,0.05782404857472512,7.2495762303769595
Band-Power Envelope Coherence Change,Alpha,Slow,FC1,F4,0.4921764464444146,0.6600742983007617,0.1678978518563471,0.1678978518563471,34.11334554289955
Band-Power Envelope Coherence Change,Alpha,Slow,FC1,F8,0.24297162236468534,0.25282799990261107,0.009856377537925731,0.009856377537925731,4.056596174483257
Band-Power Envelope Coherence Change,Alpha,Slow,FC1,Fp2,0.29591235463355786,0.42160304079502076,0.1256906861614629,0.1256906861614629,42.47564665460202
Band-Power Envelope Coherence Change,Alpha,Slow,C3,FC5,0.33502750988000635,0.4088686228409864,0.07384111296098006,0.07384111296098006,22.04031334245568
Band-Power Envelope Coherence Change,Alpha,Slow,C3,FT9,0.0920497165672661,0.007399189252883685,-0.08465052731438241,0.08465052731438241,-91.96174683767042
Band-Power Envelope Coherence Change,Alpha,Slow,C3,T7,0.4119893885849407,0.12691956641826166,-0.2850698221666791,0.2850698221666791,-69.19348654726471
Band-Power Envelope Coherence Change,Alpha,Slow,C3,CP5,0.7660354926680528,0.39620304098295345,-0.3698324516850994,0.3698324516850994,-48.27876191441163
Band-Power Envelope Coherence Change,Alpha,Slow,C3,CP1,0.19297894560849946,0.08338884509206108,-0.10959010051643837,0.10959010051643837,-56.788630578781465
Band-Power Envelope Coherence Change,Alpha,Slow,C3,P3,0.21693038916936286,0.020512485819090907,-0.19641790335027196,0.19641790335027196,-90.54420826070786
Band-Power Envelope Coherence Change,Alpha,Slow,C3,P7,0.07000239900815919,0.011206012281236482,-0.05879638672692271,0.05879638672692271,-83.99195964708244
Band-Power Envelope Coherence Change,Alpha,Slow,C3,PO9,0.12489761110356563,0.08033955292100031,-0.04455805818256532,0.04455805818256532,-35.67566888498579
Band-Power Envelope Coherence Change,Alpha,Slow,C3,O1,0.03348634899475331,0.06456964249004594,0.031083293495292638,0.031083293495292638,92.82377574265506
Band-Power Envelope Coherence Change,Alpha,Slow,C3,Pz,0.17439636894908805,0.045995940104743734,-0.12840042884434433,0.12840042884434433,-73.62563201177002
Band-Power Envelope Coherence Change,Alpha,Slow,C3,Oz,0.03400582204527509,0.038773609565443255,0.004767787520168168,0.004767787520168168,14.02050364734713
Band-Power Envelope Coherence Change,Alpha,Slow,C3,O2,0.02387636001108094,0.02199562503982239,-0.0018807349712585512,0.0018807349712585512,-7.876975260825806
Band-Power Envelope Coherence Change,Alpha,Slow,C3,PO10,0.05354308930670351,0.003288669215123333,-0.05025442009158018,0.05025442009158018,-93.85790163080561
Band-Power Envelope Coherence Change,Alpha,Slow,C3,P8,0.04333229067721278,0.008117893816529559,-0.03521439686068322,0.03521439686068322,-81.26594811938126
Band-Power Envelope Coherence Change,Alpha,Slow,C3,P4,0.12834242321761757,0.03400925785979019,-0.09433316535782738,0.09433316535782738,-73.50115650993743
Band-Power Envelope Coherence Change,Alpha,Slow,C3,CP2,0.2210191880760071,0.1366203305708865,-0.0843988575051206,0.0843988575051206,-38.18621280795601
Band-Power Envelope Coherence Change,Alpha,Slow,C3,CP6,0.13073225213712011,0.0815186566412218,-0.04921359549589831,0.04921359549589831,-37.64457101548287
Band-Power Envelope Coherence Change,Alpha,Slow,C3,T8,0.11262988991946725,0.05402221636040517,-0.05860767355906208,0.05860767355906208,-52.03563068468574
Band-Power Envelope Coherence Change,Alpha,Slow,C3,FT10,0.09669087947162688,0.02648527773558742,-0.07020560173603946,0.07020560173603946,-72.6082978246575
Band-Power Envelope Coherence Change,Alpha,Slow,C3,FC6,0.15204224037321884,0.138702585213471,-0.013339655159747832,0.013339655159747832,-8.77365074797827
Band-Power Envelope Coherence Change,Alpha,Slow,C3,C4,0.3443712806632012,0.21828127556272042,-0.1260900051004808,0.1260900051004808,-36.61455300733924
Band-Power Envelope Coherence Change,Alpha,Slow,C3,FC2,0.26965527299976944,0.278376570978538,0.008721297978768583,0.008721297978768583,3.23423973199146
Band-Power Envelope Coherence Change,Alpha,Slow,C3,F4,0.12611317939055933,0.166659079677723,0.04054590028716368,0.04054590028716368,32.150406867150075
Band-Power Envelope Coherence Change,Alpha,Slow,C3,F8,0.09551811179457605,0.03128354407551432,-0.06423456771906172,0.06423456771906172,-67.2485736079105
Band-Power Envelope Coherence Change,Alpha,Slow,C3,Fp2,0.11528420403787362,0.07559963854170645,-0.03968456549616717,0.03968456549616717,-34.42324629584972
Band-Power Envelope Coherence Change,Alpha,Slow,FC5,FT9,0.40202708192516856,0.14855583918423565,-0.2534712427409329,0.2534712427409329,-63.04830050929575
Band-Power Envelope Coherence Change,Alpha,Slow,FC5,T7,0.8529667970285922,0.42501268780687873,-0.4279541092217135,0.4279541092217135,-50.172422972680856
Band-Power Envelope Coherence Change,Alpha,Slow,FC5,CP5,0.13084982551851163,0.25529557500526506,0.12444574948675344,0.12444574948675344,95.10578175677263
Band-Power Envelope Coherence Change,Alpha,Slow,FC5,CP1,0.07220912475183908,0.02509706710950686,-0.047112057642332214,0.047112057642332214,-65.24391176910412
Band-Power Envelope Coherence Change,Alpha,Slow,FC5,P3,0.07234724417545578,0.012565972369058405,-0.059781271806397376,0.059781271806397376,-82.6310282965533
Band-Power Envelope Coherence Change,Alpha,Slow,FC5,P7,0.025188131853639353,0.021807897744772486,-0.0033802341088668662,0.0033802341088668662,-13.41994765037911
Band-Power Envelope Coherence Change,Alpha,Slow,FC5,PO9,0.016912791675724938,0.2966778517921468,0.2797650601164218,0.2797650601164218,1654.162514861286
Band-Power Envelope Coherence Change,Alpha,Slow,FC5,O1,0.023218674041731127,0.059521245252764,0.03630257121103287,0.03630257121103287,156.350750890365
Band-Power Envelope Coherence Change,Alpha,Slow,FC5,Pz,0.06988786284626101,0.01760988079080652,-0.052277982055454496,0.052277982055454496,-74.80266233130544
Band-Power Envelope Coherence Change,Alpha,Slow,FC5,Oz,0.017413859470904423,0.03706529524145438,0.01965143577054996,0.01965143577054996,112.8493990857348
Band-Power Envelope Coherence Change,Alpha,Slow,FC5,O2,0.00478710197695178,0.025488989909931706,0.020701887932979925,0.020701887932979925,432.4513668739932
Band-Power Envelope Coherence Change,Alpha,Slow,FC5,PO10,0.015133130610341845,0.023601330022271914,0.008468199411930069,0.008468199411930069,55.95801443848623
Band-Power Envelope Coherence Change,Alpha,Slow,FC5,P8,0.026357946766922432,0.039404801387484215,0.013046854620561783,0.013046854620561783,49.49875168931886
Band-Power Envelope Coherence Change,Alpha,Slow,FC5,P4,0.04389466265918506,0.03872034355491917,-0.005174319104265891,0.005174319104265891,-11.788037066012517
Band-Power Envelope Coherence Change,Alpha,Slow,FC5,CP2,0.06864009061202274,0.10125530072950327,0.03261521011748053,0.03261521011748053,47.516269029761126
Band-Power Envelope Coherence Change,Alpha,Slow,FC5,CP6,0.0673940490856712,0.08485674139984073,0.017462692314169526,0.017462692314169526,25.91132681755177
Band-Power Envelope Coherence Change,Alpha,Slow,FC5,T8,0.21274459584806998,0.11607553724656214,-0.09666905860150785,0.09666905860150785,-45.43901959819621
Band-Power Envelope Coherence Change,Alpha,Slow,FC5,FT10,0.23261949679776173,0.08665899529300311,-0.14596050150475862,0.14596050150475862,-62.7464608573442
Band-Power Envelope Coherence Change,Alpha,Slow,FC5,FC6,0.5103063309205011,0.3492417923884143,-0.16106453853208685,0.16106453853208685,-31.562324190953163
Band-Power Envelope Coherence Change,Alpha,Slow,FC5,C4,0.3852824596000525,0.2629913024259772,-0.1222911571740753,0.1222911571740753,-31.740650041795632
Band-Power Envelope Coherence Change,Alpha,Slow,FC5,FC2,0.7410046751208531,0.5914816398695595,-0.14952303525129362,0.14952303525129362,-20.178419957594382
Band-Power Envelope Coherence Change,Alpha,Slow,FC5,F4,0.5951697233941784,0.5474583020157795,-0.0477114213783989,0.0477114213783989,-8.016439597482654
Band-Power Envelope Coherence Change,Alpha,Slow,FC5,F8,0.344231080414353,0.26623110570333836,-0.07799997471101466,0.07799997471101466,-22.659190046734196
Band-Power Envelope Coherence Change,Alpha,Slow,FC5,Fp2,0.43588392341334414,0.44736142553447095,0.011477502121126804,0.011477502121126804,2.633155641815862
Band-Power Envelope Coherence Change,Alpha,Slow,FT9,T7,0.2556258810374184,0.1445062526790439,-0.1111196283583745,0.1111196283583745,-43.46963144240815
Band-Power Envelope Coherence Change,Alpha,Slow,FT9,CP5,0.16732079359208035,0.03870488902817342,-0.12861590456390692,0.12861590456390692,-76.86785473744884
Band-Power Envelope Coherence Change,Alpha,Slow,FT9,CP1,0.15900482721569553,0.10392465788114162,-0.05508016933455391,0.05508016933455391,-34.64056425144613
Band-Power Envelope Coherence Change,Alpha,Slow,FT9,P3,0.18224035279414638,0.17291036187083575,-0.009329990923310633,0.009329990923310633,-5.119607584303532
Band-Power Envelope Coherence Change,Alpha,Slow,FT9,P7,0.09643941763641004,0.2832441927884305,0.18680477515202046,0.18680477515202046,193.70168311913739
Band-Power Envelope Coherence Change,Alpha,Slow,FT9,PO9,0.23570393703914633,0.13776157970880834,-0.09794235733033799,0.09794235733033799,-41.55312743633615
Band-Power Envelope Coherence Change,Alpha,Slow,FT9,O1,0.02655650833362661,0.2114682527051926,0.184911744371566,0.184911744371566,696.2953941404468
Band-Power Envelope Coherence Change,Alpha,Slow,FT9,Pz,0.15154486938877917,0.12388256374706945,-0.027662305641709725,0.027662305641709725,-18.253541511025198
Band-Power Envelope Coherence Change,Alpha,Slow,FT9,Oz,0.019893735885988473,0.21584849316118343,0.19595475727519496,0.19595475727519496,985.0073329525277
Band-Power Envelope Coherence Change,Alpha,Slow,FT9,O2,0.008526972746786616,0.1674064772689277,0.15887950452214109,0.15887950452214109,1863.258031193013
Band-Power Envelope Coherence Change,Alpha,Slow,FT9,PO10,0.07683219157624752,0.10940543828077866,0.03257324670453114,0.03257324670453114,42.39531117917647
Band-Power Envelope Coherence Change,Alpha,Slow,FT9,P8,0.0715250140938123,0.04790022455102438,-0.023624789542787926,0.023624789542787926,-33.030108196555716
Band-Power Envelope Coherence Change,Alpha,Slow,FT9,P4,0.08367746511687404,0.07028849361004802,-0.013388971506826025,0.013388971506826025,-16.000689657753583
Band-Power Envelope Coherence Change,Alpha,Slow,FT9,CP2,0.17123686730576818,0.058384700045938334,-0.11285216725982984,0.11285216725982984,-65.90412977966713
Band-Power Envelope Coherence Change,Alpha,Slow,FT9,CP6,0.10686387521002935,0.030637254006967703,-0.07622662120306165,0.07622662120306165,-71.33057925631697
Band-Power Envelope Coherence Change,Alpha,Slow,FT9,T8,0.3153352153545456,0.05847196289030688,-0.25686325246423874,0.25686325246423874,-81.45720489081303
Band-Power Envelope Coherence Change,Alpha,Slow,FT9,FT10,0.47479957243076504,0.23305991104138835,-0.2417396613893767,0.2417396613893767,-50.914043614608985
Band-Power Envelope Coherence Change,Alpha,Slow,FT9,FC6,0.6062083577207656,0.11105308186630242,-0.49515527585446323,0.49515527585446323,-81.68070755674798
Band-Power Envelope Coherence Change,Alpha,Slow,FT9,C4,0.11098250373120656,0.04489598978114971,-0.06608651395005685,0.06608651395005685,-59.54678596016783
Band-Power Envelope Coherence Change,Alpha,Slow,FT9,FC2,0.41261606748946683,0.07930755195131443,-0.3333085155381524,0.3333085155381524,-80.77933502835805
Band-Power Envelope Coherence Change,Alpha,Slow,FT9,F4,0.6306014996225735,0.15364200352010612,-0.47695949610246735,0.47695949610246735,-75.63564253937491
Band-Power Envelope Coherence Change,Alpha,Slow,FT9,F8,0.5586824738153593,0.2347831465995764,-0.3238993272157829,0.3238993272157829,-57.97556615724971
Band-Power Envelope Coherence Change,Alpha,Slow,FT9,Fp2,0.7353788508565213,0.2956970727328031,-0.4396817781237182,0.4396817781237182,-59.789831814119424
Band-Power Envelope Coherence Change,Alpha,Slow,T7,CP5,0.2476301900858327,0.0879418304855865,-0.1596883596002462,0.1596883596002462,-64.48662804195868
Band-Power Envelope Coherence Change,Alpha,Slow,T7,CP1,0.05353128032663859,0.022510461076771456,-0.031020819249867135,0.031020819249867135,-57.948958180307805
Band-Power Envelope Coherence Change,Alpha,Slow,T7,P3,0.04601830280439413,0.017371749214388745,-0.028646553590005387,0.028646553590005387,-62.25034789259986
Band-Power Envelope Coherence Change,Alpha,Slow,T7,P7,0.01810515908446355,0.03684787969299051,0.018742720608526962,0.018742720608526962,103.52143563659995
Band-Power Envelope Coherence Change,Alpha,Slow,T7,PO9,0.010148469723714824,0.31462021794174483,0.30447174821803,0.30447174821803,3000.1739819604923
Band-Power Envelope Coherence Change,Alpha,Slow,T7,O1,0.018419269580066285,0.1146647467249003,0.09624547714483402,0.09624547714483402,522.5260248592749
Band-Power Envelope Coherence Change,Alpha,Slow,T7,Pz,0.051082538199229505,0.02272937782491436,-0.028353160374315144,0.028353160374315144,-55.50460367441727
Band-Power Envelope Coherence Change,Alpha,Slow,T7,Oz,0.01474732961804152,0.12196387191831325,0.10721654230027172,0.10721654230027172,727.0234345959531
Band-Power Envelope Coherence Change,Alpha,Slow,T7,O2,0.005236618799217328,0.11024860138832498,0.10501198258910766,0.10501198258910766,2005.339449279808
Band-Power Envelope Coherence Change,Alpha,Slow,T7,PO10,0.006116809875415071,0.04435851955472847,0.038241709679313396,0.038241709679313396,625.1904253721539
Band-Power Envelope Coherence Change,Alpha,Slow,T7,P8,0.01598747339703639,0.034324310378356496,0.018336836981320107,0.018336836981320107,114.69502732507578
Band-Power Envelope Coherence Change,Alpha,Slow,T7,P4,0.03820660655200344,0.04698497233376816,0.008778365781764719,0.008778365781764719,22.976041512130596
Band-Power Envelope Coherence Change,Alpha,Slow,T7,CP2,0.05293741831622657,0.03216648227206103,-0.020770936044165543,0.020770936044165543,-39.23677562076872
Band-Power Envelope Coherence Change,Alpha,Slow,T7,CP6,0.06293402636239542,0.024304493777699963,-0.03862953258469546,0.03862953258469546,-61.380996604688114
Band-Power Envelope Coherence Change,Alpha,Slow,T7,T8,0.19971137217767498,0.014086711246491874,-0.1856246609311831,0.1856246609311831,-92.9464651447292
Band-Power Envelope Coherence Change,Alpha,Slow,T7,FT10,0.14666597414469595,0.011980115439626671,-0.13468585870506927,0.13468585870506927,-91.83170090439144
Band-Power Envelope Coherence Change,Alpha,Slow,T7,FC6,0.35671222129194846,0.061505435667530486,-0.295206785624418,0.295206785624418,-82.7576875710149
Band-Power Envelope Coherence Change,Alpha,Slow,T7,C4,0.32787993042596486,0.037558779572943915,-0.29032115085302096,0.29032115085302096,-88.544959270868
Band-Power Envelope Coherence Change,Alpha,Slow,T7,FC2,0.5644173193690496,0.12488987843194385,-0.4395274409371057,0.4395274409371057,-77.87277708424048
Band-Power Envelope Coherence Change,Alpha,Slow,T7,F4,0.39983123128893006,0.12057004448666397,-0.2792611868022661,0.2792611868022661,-69.84476572828389
Band-Power Envelope Coherence Change,Alpha,Slow,T7,F8,0.21310736291428564,0.054453464143989584,-0.15865389877029606,0.15865389877029606,-74.44787294097792
Band-Power Envelope Coherence Change,Alpha,Slow,T7,Fp2,0.2485100190243272,0.1332450581067401,-0.11526496091758712,0.11526496091758712,-46.38242006102119
Band-Power Envelope Coherence Change,Alpha,Slow,CP5,CP1,0.24166153483845434,0.2528711631842894,0.011209628345835082,0.011209628345835082,4.63856540236264
Band-Power Envelope Coherence Change,Alpha,Slow,CP5,P3,0.3280493190613238,0.16721150693000134,-0.16083781213132245,0.16083781213132245,-49.028546253819925
Band-Power Envelope Coherence Change,Alpha,Slow,CP5,P7,0.1664992071595008,0.0434537220980358,-0.12304548506146501,0.12304548506146501,-73.9015441338357
Band-Power Envelope Coherence Change,Alpha,Slow,CP5,PO9,0.16768097376848362,0.1743892234599504,0.006708249691466772,0.006708249691466772,4.000602776036369
Band-Power Envelope Coherence Change,Alpha,Slow,CP5,O1,0.05826531080574986,0.01964663871811997,-0.038618672087629896,0.038618672087629896,-66.28072785259879
Band-Power Envelope Coherence Change,Alpha,Slow,CP5,Pz,0.23060537572838824,0.15997849494270527,-0.07062688078568297,0.07062688078568297,-30.626727830000267
Band-Power Envelope Coherence Change,Alpha,Slow,CP5,Oz,0.048057689207699816,0.00874267081103155,-0.03931501839666827,0.03931501839666827,-81.8079667267256
Band-Power Envelope Coherence Change,Alpha,Slow,CP5,O2,0.025465365267411263,0.008498313379502008,-0.016967051887909257,0.016967051887909257,-66.62795412411565
Band-Power Envelope Coherence Change,Alpha,Slow,CP5,PO10,0.0666569380654931,0.027990444376203686,-0.03866649368928941,0.03866649368928941,-58.008205614392374
Band-Power Envelope Coherence Change,Alpha,Slow,CP5,P8,0.048448470438440396,0.01886449588731487,-0.029583974551125526,0.029583974551125526,-61.062762732036134
Band-Power Envelope Coherence Change,Alpha,Slow,CP5,P4,0.14522993535278644,0.050531307748315796,-0.09469862760447065,0.09469862760447065,-65.20599721705634
Band-Power Envelope Coherence Change,Alpha,Slow,CP5,CP2,0.2611506913998305,0.17724219099248148,-0.08390850040734901,0.08390850040734901,-32.13029992667425
Band-Power Envelope Coherence Change,Alpha,Slow,CP5,CP6,0.1116048845620304,0.10441264642677134,-0.0071922381352590575,0.0071922381352590575,-6.444375766780696
Band-Power Envelope Coherence Change,Alpha,Slow,CP5,T8,0.10333523598025456,0.06478841275601267,-0.03854682322424188,0.03854682322424188,-37.30269047008076
Band-Power Envelope Coherence Change,Alpha,Slow,CP5,FT10,0.1260942709066878,0.06383648479603656,-0.062257786110651234,0.062257786110651234,-49.37400062903984
Band-Power Envelope Coherence Change,Alpha,Slow,CP5,FC6,0.12751141470168392,0.11139722001672038,-0.016114194684963543,0.016114194684963543,-12.637452672502377
Band-Power Envelope Coherence Change,Alpha,Slow,CP5,C4,0.11799384123550896,0.19314148370726203,0.07514764247175307,0.07514764247175307,63.687766823153645
Band-Power Envelope Coherence Change,Alpha,Slow,CP5,FC2,0.08112694408798181,0.11989235645336861,0.0387654123653868,0.0387654123653868,47.78364672943416
Band-Power Envelope Coherence Change,Alpha,Slow,CP5,F4,0.09151184188310246,0.08097934583021096,-0.010532496052891499,0.010532496052891499,-11.509435102776914
Band-Power Envelope Coherence Change,Alpha,Slow,CP5,F8,0.11277015171717777,0.06009851084123686,-0.052671640875940916,0.052671640875940916,-46.707076361871806
Band-Power Envelope Coherence Change,Alpha,Slow,CP5,Fp2,0.15104509584553621,0.03412481473521737,-0.11692028111031885,0.11692028111031885,-77.40753213853792
Band-Power Envelope Coherence Change,Alpha,Slow,CP1,P3,0.9305887215052846,0.7571203308953118,-0.17346839060997277,0.17346839060997277,-18.640714915325532
Band-Power Envelope Coherence Change,Alpha,Slow,CP1,P7,0.4250299567243951,0.13330410977959445,-0.29172584694480064,0.29172584694480064,-68.63653780854942
Band-Power Envelope Coherence Change,Alpha,Slow,CP1,PO9,0.13706731544141462,0.060846238815998856,-0.07622107662541577,0.07622107662541577,-55.60849891890837
Band-Power Envelope Coherence Change,Alpha,Slow,CP1,O1,0.7186412104857716,0.22418731010628523,-0.49445390037948633,0.49445390037948633,-68.8040002667334
Band-Power Envelope Coherence Change,Alpha,Slow,CP1,Pz,0.9807023880186425,0.9314546710095077,-0.04924771700913477,0.04924771700913477,-5.021678096311376
Band-Power Envelope Coherence Change,Alpha,Slow,CP1,Oz,0.7328247690213993,0.3203429689060572,-0.4124818001153421,0.4124818001153421,-56.28655274113656
Band-Power Envelope Coherence Change,Alpha,Slow,CP1,O2,0.5773106881720522,0.25113390252594825,-0.326176785646104,0.326176785646104,-56.49934988712622
Band-Power Envelope Coherence Change,Alpha,Slow,CP1,PO10,0.11487220310342904,0.038195752775158485,-0.07667645032827056,0.07667645032827056,-66.74935124142465
Band-Power Envelope Coherence Change,Alpha,Slow,CP1,P8,0.09601180981226781,0.08262597862583218,-0.013385831186435632,0.013385831186435632,-13.94185904068363
Band-Power Envelope Coherence Change,Alpha,Slow,CP1,P4,0.8936587375760404,0.5590082806172632,-0.33465045695877726,0.33465045695877726,-37.447231575946205
Band-Power Envelope Coherence Change,Alpha,Slow,CP1,CP2,0.9670630519737033,0.7304340481366574,-0.236629003837046,0.236629003837046,-24.468828930451213
Band-Power Envelope Coherence Change,Alpha,Slow,CP1,CP6,0.13605108380848344,0.12036055117497708,-0.01569053263350635,0.01569053263350635,-11.532824432029972
Band-Power Envelope Coherence Change,Alpha,Slow,CP1,T8,0.10748289837186498,0.007980091067453733,-0.09950280730441124,0.09950280730441124,-92.575478342755
Band-Power Envelope Coherence Change,Alpha,Slow,CP1,FT10,0.1129557645255129,0.030801850313552818,-0.08215391421196008,0.08215391421196008,-72.7310505639615
Band-Power Envelope Coherence Change,Alpha,Slow,CP1,FC6,0.10996226252692355,0.01337450045987269,-0.09658776206705086,0.09658776206705086,-87.83719054835014
Band-Power Envelope Coherence Change,Alpha,Slow,CP1,C4,0.08995329675515189,0.10168082696810542,0.01172753021295353,0.01172753021295353,13.037354533959157
Band-Power Envelope Coherence Change,Alpha,Slow,CP1,FC2,0.05184197636618359,0.027001072106152966,-0.024840904260030622,0.024840904260030622,-47.91658420691363
Band-Power Envelope Coherence Change,Alpha,Slow,CP1,F4,0.08397363870214179,0.015425646972264997,-0.0685479917298768,0.0685479917298768,-81.63036970806941
Band-Power Envelope Coherence Change,Alpha,Slow,CP1,F8,0.08968979838443106,0.019823559106072,-0.06986623927835905,0.06986623927835905,-77.89764336284526
Band-Power Envelope Coherence Change,Alpha,Slow,CP1,Fp2,0.1328196523417617,0.022486714284485558,-0.11033293805727615,0.11033293805727615,-83.06973863579735
Band-Power Envelope Coherence Change,Alpha,Slow,P3,P7,0.509911314936397,0.33089545549956156,-0.1790158594368354,0.1790158594368354,-35.10725378964471
Band-Power Envelope Coherence Change,Alpha,Slow,P3,PO9,0.11993730708641376,0.048917307641839845,-0.0710199994445739,0.0710199994445739,-59.21426882913473
Band-Power Envelope Coherence Change,Alpha,Slow,P3,O1,0.6804023301489471,0.4218857361831533,-0.25851659396579385,0.25851659396579385,-37.994666171881256
Band-Power Envelope Coherence Change,Alpha,Slow,P3,Pz,0.9299219038433576,0.7189644828306582,-0.21095742101269943,0.21095742101269943,-22.6854986575555
Band-Power Envelope Coherence Change,Alpha,Slow,P3,Oz,0.6311406874878261,0.45548296807488964,-0.1756577194129365,0.1756577194129365,-27.831785035460054
Band-Power Envelope Coherence Change,Alpha,Slow,P3,O2,0.4316273238356263,0.2709586707072384,-0.1606686531283879,0.1606686531283879,-37.22393005628491
Band-Power Envelope Coherence Change,Alpha,Slow,P3,PO10,0.06143264090952195,0.019573295215285412,-0.041859345694236536,0.041859345694236536,-68.13860689447979
Band-Power Envelope Coherence Change,Alpha,Slow,P3,P8,0.05646494403165358,0.02739048841762088,-0.0290744556140327,0.0290744556140327,-51.491161662595296
Band-Power Envelope Coherence Change,Alpha,Slow,P3,P4,0.7549686601136999,0.2916838311799168,-0.4632848289337831,0.4632848289337831,-61.36477623640846
Band-Power Envelope Coherence Change,Alpha,Slow,P3,CP2,0.8897248664943296,0.3563361783120996,-0.53338868818223,0.53338868818223,-59.949846100612426
Band-Power Envelope Coherence Change,Alpha,Slow,P3,CP6,0.09440752167913588,0.02056506417591168,-0.0738424575032242,0.0738424575032242,-78.2167100564228
Band-Power Envelope Coherence Change,Alpha,Slow,P3,T8,0.12422678478239886,0.005060474522243818,-0.11916631026015505,0.11916631026015505,-95.92642236446193
Band-Power Envelope Coherence Change,Alpha,Slow,P3,FT10,0.13689107732221276,0.035264199213360096,-0.10162687810885265,0.10162687810885265,-74.23922734543493
Band-Power Envelope Coherence Change,Alpha,Slow,P3,FC6,0.13468803945678415,0.00779760581474905,-0.1268904336420351,0.1268904336420351,-94.21061747858391
Band-Power Envelope Coherence Change,Alpha,Slow,P3,C4,0.05470323242389851,0.015973452946421406,-0.038729779477477105,0.038729779477477105,-70.7998005992732
Band-Power Envelope Coherence Change,Alpha,Slow,P3,FC2,0.05763932080051736,0.00925190049697417,-0.04838742030354319,0.04838742030354319,-83.94863026059265
Band-Power Envelope Coherence Change,Alpha,Slow,P3,F4,0.10217151871432129,0.019541576901244157,-0.08262994181307713,0.08262994181307713,-80.87375312890887
Band-Power Envelope Coherence Change,Alpha,Slow,P3,F8,0.11456489507299074,0.03151115895179097,-0.08305373612119976,0.08305373612119976,-72.4949261885896
Band-Power Envelope Coherence Change,Alpha,Slow,P3,Fp2,0.15463162718006393,0.03983100812441023,-0.1148006190556537,0.1148006190556537,-74.24135744363072
Band-Power Envelope Coherence Change,Alpha,Slow,P7,PO9,0.1461376681827062,0.20025521225188617,0.05411754406917996,0.05411754406917996,37.03189242182268
Band-Power Envelope Coherence Change,Alpha,Slow,P7,O1,0.4815784985119699,0.4828617110437023,0.001283212531732414,0.001283212531732414,0.2664596811729374
Band-Power Envelope Coherence Change,Alpha,Slow,P7,Pz,0.440488594435486,0.12604451341372985,-0.31444408102175614,0.31444408102175614,-71.38529464644508
Band-Power Envelope Coherence Change,Alpha,Slow,P7,Oz,0.35782152772678205,0.3256558172236955,-0.03216571050308653,0.03216571050308653,-8.98931674330309
Band-Power Envelope Coherence Change,Alpha,Slow,P7,O2,0.2306909671822665,0.23505304760312057,0.004362080420854064,0.004362080420854064,1.8908761249449486
Band-Power Envelope Coherence Change,Alpha,Slow,P7,PO10,0.02033632975590264,0.053385658869001894,0.033049329113099254,0.033049329113099254,162.5137353189636
Band-Power Envelope Coherence Change,Alpha,Slow,P7,P8,0.019080576666405634,0.026272200198701863,0.007191623532296229,0.007191623532296229,37.69080808211744
Band-Power Envelope Coherence Change,Alpha,Slow,P7,P4,0.30430805677325773,0.05257797866905402,-0.2517300781042037,0.2517300781042037,-82.72212072642222
Band-Power Envelope Coherence Change,Alpha,Slow,P7,CP2,0.3771869467518735,0.042037516828265904,-0.3351494299236076,0.3351494299236076,-88.85499161880604
Band-Power Envelope Coherence Change,Alpha,Slow,P7,CP6,0.08384339000622854,0.007071459292207787,-0.07677193071402075,0.07677193071402075,-91.56587145190281
Band-Power Envelope Coherence Change,Alpha,Slow,P7,T8,0.094534094455932,0.024857703448324678,-0.06967639100760732,0.06967639100760732,-73.70503881019103
Band-Power Envelope Coherence Change,Alpha,Slow,P7,FT10,0.06121682883303893,0.13417397792982616,0.07295714909678723,0.07295714909678723,119.1782561879651
Band-Power Envelope Coherence Change,Alpha,Slow,P7,FC6,0.05688609006531288,0.036400831168797124,-0.020485258896515757,0.020485258896515757,-36.01101582653321
Band-Power Envelope Coherence Change,Alpha,Slow,P7,C4,0.00617162651118619,0.007916205729072014,0.0017445792178858235,0.0017445792178858235,28.267738086932848
Band-Power Envelope Coherence Change,Alpha,Slow,P7,FC2,0.0230405364990657,0.02599199054284831,0.002951454043782612,0.002951454043782612,12.809832114379343
Band-Power Envelope Coherence Change,Alpha,Slow,P7,F4,0.03381013778316561,0.055540023622419936,0.021729885839254323,0.021729885839254323,64.27032619214535
Band-Power Envelope Coherence Change,Alpha,Slow,P7,F8,0.03881039781576211,0.12445121190630624,0.08564081409054414,0.08564081409054414,220.66461286249105
Band-Power Envelope Coherence Change,Alpha,Slow,P7,Fp2,0.06230218356924167,0.12483755415308143,0.06253537058383976,0.06253537058383976,100.37428385529847
Band-Power Envelope Coherence Change,Alpha,Slow,PO9,O1,0.393927055430832,0.22123175223371808,-0.17269530319711393,0.17269530319711393,-43.83941159061535
Band-Power Envelope Coherence Change,Alpha,Slow,PO9,Pz,0.14568334412267006,0.05525218044962803,-0.09043116367304203,0.09043116367304203,-62.07378353210788
Band-Power Envelope Coherence Change,Alpha,Slow,PO9,Oz,0.37273590170972426,0.18363773484857823,-0.18909816686114603,0.18909816686114603,-50.7324800197031
Band-Power Envelope Coherence Change,Alpha,Slow,PO9,O2,0.31840689996844357,0.18782113329563524,-0.13058576667280833,0.13058576667280833,-41.0122289076494
Band-Power Envelope Coherence Change,Alpha,Slow,PO9,PO10,0.38170741413627923,0.14593731405676105,-0.23577010007951818,0.23577010007951818,-61.76723095961198
Band-Power Envelope Coherence Change,Alpha,Slow,PO9,P8,0.2649542345482855,0.12578837945789156,-0.13916585509039392,0.13916585509039392,-52.5244879847475
Band-Power Envelope Coherence Change,Alpha,Slow,PO9,P4,0.13607028703646343,0.11154707422694449,-0.02452321280951894,0.02452321280951894,-18.02245982103891
Band-Power Envelope Coherence Change,Alpha,Slow,PO9,CP2,0.11459129163330628,0.08055552237740578,-0.0340357692559005,0.0340357692559005,-29.701881155869536
Band-Power Envelope Coherence Change,Alpha,Slow,PO9,CP6,0.14426016182476722,0.1847546400951377,0.040494478270370476,0.040494478270370476,28.07045116139486
Band-Power Envelope Coherence Change,Alpha,Slow,PO9,T8,0.1153609578470393,0.13683856335026692,0.021477605503227623,0.021477605503227623,18.617742002199265
Band-Power Envelope Coherence Change,Alpha,Slow,PO9,FT10,0.17125701082441075,0.09935158225576525,-0.0719054285686455,0.0719054285686455,-41.9868525221253
Band-Power Envelope Coherence Change,Alpha,Slow,PO9,FC6,0.20650998781802316,0.18068326651028685,-0.025826721307736306,0.025826721307736306,-12.506281938525339
Band-Power Envelope Coherence Change,Alpha,Slow,PO9,C4,0.030727908699047533,0.14858232951813483,0.11785442081908729,0.11785442081908729,383.5419519543821
Band-Power Envelope Coherence Change,Alpha,Slow,PO9,FC2,0.0710446971287889,0.09630831320345473,0.02526361607466583,0.02526361607466583,35.56017140711893
Band-Power Envelope Coherence Change,Alpha,Slow,PO9,F4,0.186386224018236,0.12601452104609548,-0.060371702972140534,0.060371702972140534,-32.390646513786216
Band-Power Envelope Coherence Change,Alpha,Slow,PO9,F8,0.22400018288202203,0.1416336705023,-0.08236651237972203,0.08236651237972203,-36.770734434222945
Band-Power Envelope Coherence Change,Alpha,Slow,PO9,Fp2,0.24565425988351025,0.12399393859315594,-0.12166032129035431,0.12166032129035431,-49.52501998053927
Band-Power Envelope Coherence Change,Alpha,Slow,O1,Pz,0.746223220384655,0.26229944016908974,-0.4839237802155653,0.4839237802155653,-64.84973490453936
Band-Power Envelope Coherence Change,Alpha,Slow,O1,Oz,0.9319710986230534,0.8624443482563525,-0.06952675036670086,0.06952675036670086,-7.4601830968174445
Band-Power Envelope Coherence Change,Alpha,Slow,O1,O2,0.7224185606032235,0.6342135203190952,-0.08820504028412834,0.08820504028412834,-12.209686336197764
Band-Power Envelope Coherence Change,Alpha,Slow,O1,PO10,0.19423417945669907,0.06676299392353499,-0.12747118553316408,0.12747118553316408,-65.62757692272251
Band-Power Envelope Coherence Change,Alpha,Slow,O1,P8,0.12952338065474606,0.05206300890405538,-0.07746037175069068,0.07746037175069068,-59.80416150283083
Band-Power Envelope Coherence Change,Alpha,Slow,O1,P4,0.6705252487661278,0.18209309036770727,-0.4884321583984206,0.4884321583984206,-72.84321646309557
Band-Power Envelope Coherence Change,Alpha,Slow,O1,CP2,0.6318929461832353,0.09701798023158897,-0.5348749659516463,0.5348749659516463,-84.64645303961727
Band-Power Envelope Coherence Change,Alpha,Slow,O1,CP6,0.04667573578701277,0.007986102621059156,-0.03868963316595361,0.03868963316595361,-82.89024803486603
Band-Power Envelope Coherence Change,Alpha,Slow,O1,T8,0.014379760219107151,0.02210621689478245,0.0077264566756753,0.0077264566756753,53.73147088648075
Band-Power Envelope Coherence Change,Alpha,Slow,O1,FT10,0.011914799742878929,0.029166495479013867,0.01725169573613494,0.01725169573613494,144.79215856267908
Band-Power Envelope Coherence Change,Alpha,Slow,O1,FC6,0.009500782726388863,0.030900357159197978,0.021399574432809113,0.021399574432809113,225.24012019947375
Band-Power Envelope Coherence Change,Alpha,Slow,O1,C4,0.028759739335280088,0.02431406839825117,-0.0044456709370289185,0.0044456709370289185,-15.457966726337238
Band-Power Envelope Coherence Change,Alpha,Slow,O1,FC2,0.006432158543394747,0.07500114361840995,0.0685689850750152,0.0685689850750152,1066.0338145027447
Band-Power Envelope Coherence Change,Alpha,Slow,O1,F4,0.008280799939014087,0.06463834933318327,0.05635754939416918,0.05635754939416918,680.5809802099761
Band-Power Envelope Coherence Change,Alpha,Slow,O1,F8,0.010293976567008338,0.04956880317626035,0.03927482660925201,0.03927482660925201,381.53211592812244
Band-Power Envelope Coherence Change,Alpha,Slow,O1,Fp2,0.017514353863149135,0.07320444137190979,0.05569008750876066,0.05569008750876066,317.9682673075066
Band-Power Envelope Coherence Change,Alpha,Slow,Pz,Oz,0.7620135498732885,0.38777465009267814,-0.37423889978061037,0.37423889978061037,-49.111843200536356
Band-Power Envelope Coherence Change,Alpha,Slow,Pz,O2,0.6052491562618363,0.3261732214541524,-0.2790759348076839,0.2790759348076839,-46.10926457648016
Band-Power Envelope Coherence Change,Alpha,Slow,Pz,PO10,0.12180270509373775,0.046703932085544034,-0.07509877300819372,0.07509877300819372,-61.65607976472993
Band-Power Envelope Coherence Change,Alpha,Slow,Pz,P8,0.10048250183350063,0.11374845501500576,0.013265953181505127,0.013265953181505127,13.202252073188617
Band-Power Envelope Coherence Change,Alpha,Slow,Pz,P4,0.902091509758788,0.6827909224515937,-0.21930058730719437,0.21930058730719437,-24.31023736891544
Band-Power Envelope Coherence Change,Alpha,Slow,Pz,CP2,0.966849413736242,0.7823031538907952,-0.18454625984544681,0.18454625984544681,-19.087383952822183
Band-Power Envelope Coherence Change,Alpha,Slow,Pz,CP6,0.1297063042859404,0.14087576674759994,0.011169462461659535,0.011169462461659535,8.611348941865005
Band-Power Envelope Coherence Change,Alpha,Slow,Pz,T8,0.0954025856184808,0.007310529066869836,-0.08809205655161097,0.08809205655161097,-92.3371793128281
Band-Power Envelope Coherence Change,Alpha,Slow,Pz,FT10,0.09992106337454855,0.028535247705658236,-0.07138581566889031,0.07138581566889031,-71.44220973840575
Band-Power Envelope Coherence Change,Alpha,Slow,Pz,FC6,0.0959005848526157,0.011883601709956238,-0.08401698314265946,0.08401698314265946,-87.60841581079043
Band-Power Envelope Coherence Change,Alpha,Slow,Pz,C4,0.08329146230649234,0.09143989575385617,0.008148433447363823,0.008148433447363823,9.783035645813936
Band-Power Envelope Coherence Change,Alpha,Slow,Pz,FC2,0.046507604770544615,0.023654820127848367,-0.022852784642696248,0.022852784642696248,-49.1377372699485
Band-Power Envelope Coherence Change,Alpha,Slow,Pz,F4,0.0738202960096219,0.015565161231568534,-0.05825513477805336,0.05825513477805336,-78.91479434119346
Band-Power Envelope Coherence Change,Alpha,Slow,Pz,F8,0.07514905474222201,0.02132269429120278,-0.05382636045101923,0.05382636045101923,-71.62613107464308
Band-Power Envelope Coherence Change,Alpha,Slow,Pz,Fp2,0.1193667988738232,0.02484222131487005,-0.09452457755895316,0.09452457755895316,-79.18833247666336
Band-Power Envelope Coherence Change,Alpha,Slow,Oz,O2,0.8769485079711891,0.856899788829137,-0.020048719142052085,0.020048719142052085,-2.2861911457531963
Band-Power Envelope Coherence Change,Alpha,Slow,Oz,PO10,0.3072187246543316,0.1713126923106871,-0.13590603234364448,0.13590603234364448,-44.237548507682824
Band-Power Envelope Coherence Change,Alpha,Slow,Oz,P8,0.22135109824441057,0.15367120433221607,-0.0676798939121945,0.0676798939121945,-30.575811210777907
Band-Power Envelope Coherence Change,Alpha,Slow,Oz,P4,0.7770937916237041,0.3518681567264038,-0.42522563489730025,0.42522563489730025,-54.71998869130193
Band-Power Envelope Coherence Change,Alpha,Slow,Oz,CP2,0.6754217602309684,0.1816762286486474,-0.49374553158232104,0.49374553158232104,-73.10180995848859
Band-Power Envelope Coherence Change,Alpha,Slow,Oz,CP6,0.09017266099040823,0.020785437400100533,-0.06938722359030769,0.06938722359030769,-76.94929131312703
Band-Power Envelope Coherence Change,Alpha,Slow,Oz,T8,0.009820835053516518,0.00904109439441898,-0.000779740659097538,0.000779740659097538,-7.939657420662396
Band-Power Envelope Coherence Change,Alpha,Slow,Oz,FT10,0.008598324503766568,0.020781844924673883,0.012183520420907316,0.012183520420907316,141.69644813440368
Band-Power Envelope Coherence Change,Alpha,Slow,Oz,FC6,0.0075209579034889555,0.015417138369000823,0.007896180465511868,0.007896180465511868,104.98902622296087
Band-Power Envelope Coherence Change,Alpha,Slow,Oz,C4,0.04493381063796654,0.010499440525175234,-0.0344343701127913,0.0344343701127913,-76.63354081012706
Band-Power Envelope Coherence Change,Alpha,Slow,Oz,FC2,0.0068810604995577975,0.03580068432035782,0.028919623820800024,0.028919623820800024,420.2785867477623
Band-Power Envelope Coherence Change,Alpha,Slow,Oz,F4,0.007681262273315421,0.037370739016828365,0.029689476743512945,0.029689476743512945,386.5182008776565
Band-Power Envelope Coherence Change,Alpha,Slow,Oz,F8,0.010268181067572844,0.036921118242562806,0.02665293717498996,0.02665293717498996,259.5682429009804
Band-Power Envelope Coherence Change,Alpha,Slow,Oz,Fp2,0.013004192477619038,0.05475106400112728,0.04174687152350824,0.04174687152350824,321.026250536948
Band-Power Envelope Coherence Change,Alpha,Slow,O2,PO10,0.4946866394406665,0.3408064351157145,-0.15388020432495197,0.15388020432495197,-31.106602049924298
Band-Power Envelope Coherence Change,Alpha,Slow,O2,P8,0.4180537667449204,0.36391767314338225,-0.05413609360153815,0.05413609360153815,-12.949552882409458
Band-Power Envelope Coherence Change,Alpha,Slow,O2,P4,0.7498015622679061,0.45145140043305926,-0.2983501618348468,0.2983501618348468,-39.7905495065167
Band-Power Envelope Coherence Change,Alpha,Slow,O2,CP2,0.5617754703663308,0.20901036236021092,-0.3527651080061199,0.3527651080061199,-62.79467983464704
Band-Power Envelope Coherence Change,Alpha,Slow,O2,CP6,0.14840868258147727,0.04149074670251857,-0.1069179358789587,0.1069179358789587,-72.04291151918291
Band-Power Envelope Coherence Change,Alpha,Slow,O2,T8,0.00833955657838384,0.005948478885300707,-0.0023910776930831336,0.0023910776930831336,-28.671520729061484
Band-Power Envelope Coherence Change,Alpha,Slow,O2,FT10,0.008101016039320412,0.0160124091093562,0.007911393070035787,0.007911393070035787,97.65926930197101
Band-Power Envelope Coherence Change,Alpha,Slow,O2,FC6,0.010182576117404371,0.011160628484571913,0.0009780523671675413,0.0009780523671675413,9.605156454424378
Band-Power Envelope Coherence Change,Alpha,Slow,O2,C4,0.046435826839887055,0.01101247398877832,-0.03542335285110874,0.03542335285110874,-76.28453128066427
Band-Power Envelope Coherence Change,Alpha,Slow,O2,FC2,0.009260494814365767,0.01736106544989544,0.008100570635529672,0.008100570635529672,87.47449027198083
Band-Power Envelope Coherence Change,Alpha,Slow,O2,F4,0.010750543880917958,0.023859192968815,0.013108649087897044,0.013108649087897044,121.9347526329778
Band-Power Envelope Coherence Change,Alpha,Slow,O2,F8,0.020564186785616174,0.02685945293752826,0.006295266151912084,0.006295266151912084,30.61276488849718
Band-Power Envelope Coherence Change,Alpha,Slow,O2,Fp2,0.011213990857862587,0.04462084893990284,0.033406858082040254,0.033406858082040254,297.9033825287752
Band-Power Envelope Coherence Change,Alpha,Slow,PO10,P8,0.8838766989012973,0.7111878373382835,-0.17268886156301377,0.17268886156301377,-19.537664221454715
Band-Power Envelope Coherence Change,Alpha,Slow,PO10,P4,0.21919122604107277,0.15976052267759894,-0.059430703363473836,0.059430703363473836,-27.113632437247972
Band-Power Envelope Coherence Change,Alpha,Slow,PO10,CP2,0.12051103452433261,0.05711814083692939,-0.06339289368740322,0.06339289368740322,-52.60339348809046
Band-Power Envelope Coherence Change,Alpha,Slow,PO10,CP6,0.35400443827929134,0.10554136697663695,-0.24846307130265438,0.24846307130265438,-70.18642831439016
Band-Power Envelope Coherence Change,Alpha,Slow,PO10,T8,0.10341258327402403,0.03495008070790701,-0.06846250256611702,0.06846250256611702,-66.2032611492783
Band-Power Envelope Coherence Change,Alpha,Slow,PO10,FT10,0.11690195101155874,0.03399781741305103,-0.0829041335985077,0.0829041335985077,-70.91766465925835
Band-Power Envelope Coherence Change,Alpha,Slow,PO10,FC6,0.11301479132328823,0.017893026174380086,-0.09512176514890815,0.09512176514890815,-84.16753597925461
Band-Power Envelope Coherence Change,Alpha,Slow,PO10,C4,0.04620250464357058,0.010314182576294852,-0.03588832206727573,0.03588832206727573,-77.6761397334113
Band-Power Envelope Coherence Change,Alpha,Slow,PO10,FC2,0.05045774041192119,0.001999438704081905,-0.04845830170783929,0.04845830170783929,-96.03739944008765
Band-Power Envelope Coherence Change,Alpha,Slow,PO10,F4,0.08443860260540238,0.0031566218996540024,-0.08128198070574838,0.08128198070574838,-96.2616365000668
Band-Power Envelope Coherence Change,Alpha,Slow,PO10,F8,0.1246704788368612,0.009973574458939934,-0.11469690437792127,0.11469690437792127,-92.0000512134144
Band-Power Envelope Coherence Change,Alpha,Slow,PO10,Fp2,0.10957178932789595,0.01115062767868838,-0.09842116164920757,0.09842116164920757,-89.8234502264813
Band-Power Envelope Coherence Change,Alpha,Slow,P8,P4,0.19308032725669133,0.4167688863971008,0.22368855914040947,0.22368855914040947,115.85258960278533
Band-Power Envelope Coherence Change,Alpha,Slow,P8,CP2,0.10587764034183927,0.20973367032593546,0.10385602998409618,0.10385602998409618,98.09061634617464
Band-Power Envelope Coherence Change,Alpha,Slow,P8,CP6,0.4394675578868,0.310916879631428,-0.12855067825537198,0.12855067825537198,-29.251460306538632
Band-Power Envelope Coherence Change,Alpha,Slow,P8,T8,0.12575000328677163,0.08033622206018332,-0.04541378122658832,0.04541378122658832,-36.11433800365209
Band-Power Envelope Coherence Change,Alpha,Slow,P8,FT10,0.12670246538780158,0.027370066754679807,-0.09933239863312178,0.09933239863312178,-78.39815770679164
Band-Power Envelope Coherence Change,Alpha,Slow,P8,FC6,0.11051637294349805,0.04013647388500708,-0.07037989905849096,0.07037989905849096,-63.682780373613035
Band-Power Envelope Coherence Change,Alpha,Slow,P8,C4,0.04108740534964125,0.048706906565768496,0.007619501216127249,0.007619501216127249,18.544615196037874
Band-Power Envelope Coherence Change,Alpha,Slow,P8,FC2,0.04531655447131439,0.012116882548729538,-0.033199671922584856,0.033199671922584856,-73.26168617607594
Band-Power Envelope Coherence Change,Alpha,Slow,P8,F4,0.08165698093668014,0.013029475894480693,-0.06862750504219944,0.06862750504219944,-84.0436472852404
Band-Power Envelope Coherence Change,Alpha,Slow,P8,F8,0.12037950769480446,0.015007526173975458,-0.10537198152082901,0.10537198152082901,-87.5331553838684
Band-Power Envelope Coherence Change,Alpha,Slow,P8,Fp2,0.1081621507560715,0.03301580177526626,-0.07514634898080524,0.07514634898080524,-69.4756423162074
Band-Power Envelope Coherence Change,Alpha,Slow,P4,CP2,0.9141984942814202,0.8252632212616309,-0.08893527301978932,0.08893527301978932,-9.728223528709087
Band-Power Envelope Coherence Change,Alpha,Slow,P4,CP6,0.20677345786440046,0.4093631485630412,0.20258969069864072,0.20258969069864072,97.97664206568359
Band-Power Envelope Coherence Change,Alpha,Slow,P4,T8,0.051742894541341795,0.06489596968407677,0.01315307514273497,0.01315307514273497,25.420060588658913
Band-Power Envelope Coherence Change,Alpha,Slow,P4,FT10,0.04142107416815229,0.03181795863240879,-0.0096031155357435,0.0096031155357435,-23.184129645597444
Band-Power Envelope Coherence Change,Alpha,Slow,P4,FC6,0.04470643274778519,0.056774615192576726,0.012068182444791534,0.012068182444791534,26.994286287333907
Band-Power Envelope Coherence Change,Alpha,Slow,P4,C4,0.11286320493632605,0.17216722686709213,0.059304021930766074,0.059304021930766074,52.54504509616183
Band-Power Envelope Coherence Change,Alpha,Slow,P4,FC2,0.032653236670611346,0.04859934585435744,0.015946109183746095,0.015946109183746095,48.83469698456556
Band-Power Envelope Coherence Change,Alpha,Slow,P4,F4,0.03493933150059127,0.03573211825045786,0.0007927867498665961,0.0007927867498665961,2.2690381178391466
Band-Power Envelope Coherence Change,Alpha,Slow,P4,F8,0.026205474068963022,0.02531078519995991,-0.0008946888690031136,0.0008946888690031136,-3.414129683930261
Band-Power Envelope Coherence Change,Alpha,Slow,P4,Fp2,0.05509924985048452,0.04182388647826711,-0.013275363372217408,0.013275363372217408,-24.093546478837716
Band-Power Envelope Coherence Change,Alpha,Slow,CP2,CP6,0.16719097996745713,0.38162440044303697,0.21443342047557984,0.21443342047557984,128.25657252401905
Band-Power Envelope Coherence Change,Alpha,Slow,CP2,T8,0.11653245536355863,0.07651621396933032,-0.04001624139422831,0.04001624139422831,-34.339138628277766
Band-Power Envelope Coherence Change,Alpha,Slow,CP2,FT10,0.12023954562164058,0.055602069061117095,-0.06463747656052349,0.06463747656052349,-53.75725284584751
Band-Power Envelope Coherence Change,Alpha,Slow,CP2,FC6,0.11692562177440613,0.09270893036403989,-0.02421669141036624,0.02421669141036624,-20.711193186630574
Band-Power Envelope Coherence Change,Alpha,Slow,CP2,C4,0.1202049771443378,0.2965217265340129,0.17631674938967506,0.17631674938967506,146.68007396895078
Band-Power Envelope Coherence Change,Alpha,Slow,CP2,FC2,0.053830561141649386,0.1418393940853448,0.08800883294369541,0.08800883294369541,163.4923193761803
Band-Power Envelope Coherence Change,Alpha,Slow,CP2,F4,0.09194843525923752,0.08295010081864912,-0.008998334440588396,0.008998334440588396,-9.786283382875062
Band-Power Envelope Coherence Change,Alpha,Slow,CP2,F8,0.09234586273334282,0.042595458324171415,-0.0497504044091714,0.0497504044091714,-53.87399384943782
Band-Power Envelope Coherence Change,Alpha,Slow,CP2,Fp2,0.1402592136592303,0.05770168536428736,-0.08255752829494295,0.08255752829494295,-58.86068097852189
Band-Power Envelope Coherence Change,Alpha,Slow,CP6,T8,0.45101870135208844,0.6084824459955568,0.15746374464346835,0.15746374464346835,34.91290808372579
Band-Power Envelope Coherence Change,Alpha,Slow,CP6,FT10,0.2377205142036099,0.2160160861986406,-0.0217044280049693,0.0217044280049693,-9.130229285293927
Band-Power Envelope Coherence Change,Alpha,Slow,CP6,FC6,0.27809258276463983,0.4502117543449507,0.17211917158031087,0.17211917158031087,61.8927588320404
Band-Power Envelope Coherence Change,Alpha,Slow,CP6,C4,0.3618687749650151,0.6703043672666061,0.308435592301591,0.308435592301591,85.23409966262219
Band-Power Envelope Coherence Change,Alpha,Slow,CP6,FC2,0.1723762175837873,0.1485992475075496,-0.02377697007623769,0.02377697007623769,-13.793648804644624
Band-Power Envelope Coherence Change,Alpha,Slow,CP6,F4,0.16458916819414332,0.1576557482096101,-0.006933419984533229,0.006933419984533229,-4.212561531603843
Band-Power Envelope Coherence Change,Alpha,Slow,CP6,F8,0.17363107945006814,0.19288289312946294,0.019251813679394797,0.019251813679394797,11.08776939034761
Band-Power Envelope Coherence Change,Alpha,Slow,CP6,Fp2,0.12753118042585496,0.12398000383126548,-0.003551176594589478,0.003551176594589478,-2.7845555751395934
Band-Power Envelope Coherence Change,Alpha,Slow,T8,FT10,0.712342862134762,0.5356735797283373,-0.17666928240642465,0.17666928240642465,-24.801158514732496
Band-Power Envelope Coherence Change,Alpha,Slow,T8,FC6,0.6822752781153673,0.7791014949662753,0.09682621685090809,0.09682621685090809,14.19166426759135
Band-Power Envelope Coherence Change,Alpha,Slow,T8,C4,0.24542340562198442,0.6295959842990967,0.3841725786771123,0.3841725786771123,156.53461319367295
Band-Power Envelope Coherence Change,Alpha,Slow,T8,FC2,0.31848799262303135,0.2611943406831416,-0.05729365193988972,0.05729365193988972,-17.989265927429678
Band-Power Envelope Coherence Change,Alpha,Slow,T8,F4,0.47331544312057827,0.37736844107385215,-0.09594700204672613,0.09594700204672613,-20.271259567223417
Band-Power Envelope Coherence Change,Alpha,Slow,T8,F8,0.5779330982212082,0.5292780936507199,-0.048655004570488325,0.048655004570488325,-8.418795310433191
Band-Power Envelope Coherence Change,Alpha,Slow,T8,Fp2,0.42142617682607386,0.30183252767176993,-0.11959364915430393,0.11959364915430393,-28.378315285256054
Band-Power Envelope Coherence Change,Alpha,Slow,FT10,FC6,0.7198749751206359,0.4136313413568669,-0.306243633763769,0.306243633763769,-42.54122512210527
Band-Power Envelope Coherence Change,Alpha,Slow,FT10,C4,0.12444381155764102,0.26494576488141386,0.14050195332377285,0.14050195332377285,112.90392954469566
Band-Power Envelope Coherence Change,Alpha,Slow,FT10,FC2,0.3221907817131756,0.11920842929971785,-0.20298235241345775,0.20298235241345775,-63.000670389806196
Band-Power Envelope Coherence Change,Alpha,Slow,FT10,F4,0.5878506279813098,0.2499340612604194,-0.33791656672089043,0.33791656672089043,-57.48340660642012
Band-Power Envelope Coherence Change,Alpha,Slow,FT10,F8,0.8003901939762007,0.5478966240371823,-0.2524935699390184,0.2524935699390184,-31.546309767324082
Band-Power Envelope Coherence Change,Alpha,Slow,FT10,Fp2,0.6276113061220061,0.3301787464314918,-0.2974325596905143,0.2974325596905143,-47.39120484115277
Band-Power Envelope Coherence Change,Alpha,Slow,FC6,C4,0.38628713357889843,0.7631556624319983,0.37686852885309985,0.37686852885309985,97.5617606937781
Band-Power Envelope Coherence Change,Alpha,Slow,FC6,FC2,0.7046393146509595,0.6241768114776524,-0.08046250317330716,0.08046250317330716,-11.418963078034324
Band-Power Envelope Coherence Change,Alpha,Slow,FC6,F4,0.8995379656181071,0.7634062238384245,-0.13613174177968257,0.13613174177968257,-15.133518204108398
Band-Power Envelope Coherence Change,Alpha,Slow,FC6,F8,0.8316238168361522,0.7050601470719399,-0.1265636697642123,0.1265636697642123,-15.218860643711947
Band-Power Envelope Coherence Change,Alpha,Slow,FC6,Fp2,0.796974919112385,0.5699704938419562,-0.22700442527042886,0.22700442527042886,-28.483258359403646
Band-Power Envelope Coherence Change,Alpha,Slow,C4,FC2,0.641054892936799,0.5001174142563737,-0.14093747868042528,0.14093747868042528,-21.985243421942055
Band-Power Envelope Coherence Change,Alpha,Slow,C4,F4,0.3378404648807574,0.4760741625308792,0.13823369765012178,0.13823369765012178,40.91685633303639
Band-Power Envelope Coherence Change,Alpha,Slow,C4,F8,0.16728996038188435,0.3866479492328683,0.21935798885098398,0.21935798885098398,131.1244191523749
Band-Power Envelope Coherence Change,Alpha,Slow,C4,Fp2,0.15125754254801946,0.2771732398327783,0.12591569728475885,0.12591569728475885,83.24589647804481
Band-Power Envelope Coherence Change,Alpha,Slow,FC2,F4,0.7512104528367107,0.8766274211032073,0.12541696826649662,0.12541696826649662,16.69531724337684
Band-Power Envelope Coherence Change,Alpha,Slow,FC2,F8,0.46680144839138105,0.42875486379276434,-0.038046584598616706,0.038046584598616706,-8.150485550061372
Band-Power Envelope Coherence Change,Alpha,Slow,FC2,Fp2,0.5307489539830823,0.606405947047386,0.07565699306430373,0.07565699306430373,14.254760654076637
Band-Power Envelope Coherence Change,Alpha,Slow,F4,F8,0.7665837736945059,0.6656773660845935,-0.10090640760991243,0.10090640760991243,-13.163128554573998
Band-Power Envelope Coherence Change,Alpha,Slow,F4,Fp2,0.8399566096979958,0.809154632702687,-0.030801976995308844,0.030801976995308844,-3.6670914473050713
Band-Power Envelope Coherence Change,Alpha,Slow,F8,Fp2,0.8018239154768432,0.6789891688267852,-0.122834746650058,0.122834746650058,-15.319416679784165
Band-Power Envelope Coherence Change,Alpha,Medium,Cz,Fz,0.7059902016643529,0.6409553712144338,-0.06503483044991909,0.06503483044991909,-9.21186020664327
Band-Power Envelope Coherence Change,Alpha,Medium,Cz,Fp1,0.39566286621693103,0.33260177820008074,-0.06306108801685029,0.06306108801685029,-15.93808603263659
Band-Power Envelope Coherence Change,Alpha,Medium,Cz,F7,0.3855656363417636,0.2916094100280145,-0.09395622631374911,0.09395622631374911,-24.368412912831978
Band-Power Envelope Coherence Change,Alpha,Medium,Cz,F3,0.5999687461194143,0.6205166484231893,0.020547902303775012,0.020547902303775012,3.4248287826121655
Band-Power Envelope Coherence Change,Alpha,Medium,Cz,FC1,0.7706402365257978,0.8860499436643242,0.11540970713852639,0.11540970713852639,14.975821617985678
Band-Power Envelope Coherence Change,Alpha,Medium,Cz,C3,0.3532427301878083,0.454824342494997,0.1015816123071887,0.1015816123071887,28.75688687299549
Band-Power Envelope Coherence Change,Alpha,Medium,Cz,FC5,0.699192095623083,0.5577622979665053,-0.1414297976565777,0.1414297976565777,-20.227602477476943
Band-Power Envelope Coherence Change,Alpha,Medium,Cz,FT9,0.22516807079812454,0.019702636894150468,-0.20546543390397407,0.20546543390397407,-91.24980872096428
Band-Power Envelope Coherence Change,Alpha,Medium,Cz,T7,0.5677469445577521,0.11314922768783411,-0.454597716869918,0.454597716869918,-80.07048232096221
Band-Power Envelope Coherence Change,Alpha,Medium,Cz,CP5,0.12336235979972406,0.21785739835028584,0.09449503855056178,0.09449503855056178,76.5995711365868
Band-Power Envelope Coherence Change,Alpha,Medium,Cz,CP1,0.04030967471065251,0.11303477970792826,0.07272510499727575,0.07272510499727575,180.41600563463965
Band-Power Envelope Coherence Change,Alpha,Medium,Cz,P3,0.0454401095718346,0.010370530944614095,-0.0350695786272205,0.0350695786272205,-77.17758376392182
Band-Power Envelope Coherence Change,Alpha,Medium,Cz,P7,0.015131620761900642,0.017389633949285464,0.0022580131873848226,0.0022580131873848226,14.92248069731031
Band-Power Envelope Coherence Change,Alpha,Medium,Cz,PO9,0.027608278405862594,0.07343470087571871,0.04582642246985612,0.04582642246985612,165.98797576644589
Band-Power Envelope Coherence Change,Alpha,Medium,Cz,O1,0.007511128101837304,0.07983131347579595,0.07232018537395864,0.07232018537395864,962.840526661612
Band-Power Envelope Coherence Change,Alpha,Medium,Cz,Pz,0.03493253113065552,0.08756012375298644,0.052627592622330924,0.052627592622330924,150.65496521134384
Band-Power Envelope Coherence Change,Alpha,Medium,Cz,Oz,0.006093848150897192,0.03930443132050127,0.03321058316960408,0.03321058316960408,544.9854073688153
Band-Power Envelope Coherence Change,Alpha,Medium,Cz,O2,0.010544137299939837,0.011672421434472148,0.0011282841345323109,0.0011282841345323109,10.700582726087497
Band-Power Envelope Coherence Change,Alpha,Medium,Cz,PO10,0.045978863992868324,0.0021971873029516756,-0.04378167668991665,0.04378167668991665,-95.22131015830998
Band-Power Envelope Coherence Change,Alpha,Medium,Cz,P8,0.04373772107827176,0.025201465816885538,-0.01853625526138622,0.01853625526138622,-42.3804780048194
Band-Power Envelope Coherence Change,Alpha,Medium,Cz,P4,0.028093970620900084,0.10474945538203125,0.07665548476113115,0.07665548476113115,272.8538653204986
Band-Power Envelope Coherence Change,Alpha,Medium,Cz,CP2,0.03991953275672989,0.2962361541768488,0.2563166214201189,0.2563166214201189,642.0832202173194
Band-Power Envelope Coherence Change,Alpha,Medium,Cz,CP6,0.09199418648921386,0.14079221090222885,0.04879802441301499,0.04879802441301499,53.04468279496821
Band-Power Envelope Coherence Change,Alpha,Medium,Cz,T8,0.1419969123208254,0.12866738046143006,-0.013329531859395338,0.013329531859395338,-9.387198384482348
Band-Power Envelope Coherence Change,Alpha,Medium,Cz,FT10,0.12206016235760209,0.053170130264403356,-0.06889003209319873,0.06889003209319873,-56.43940722556982
Band-Power Envelope Coherence Change,Alpha,Medium,Cz,FC6,0.44035598160206546,0.35557223564076196,-0.0847837459613035,0.0847837459613035,-19.253456181712473
Band-Power Envelope Coherence Change,Alpha,Medium,Cz,C4,0.5523639055932363,0.43865319478235754,-0.1137107108108788,0.1137107108108788,-20.586195017350747
Band-Power Envelope Coherence Change,Alpha,Medium,Cz,FC2,0.7734447943924266,0.7686785970949805,-0.004766197297446095,0.004766197297446095,-0.6162297984292652
Band-Power Envelope Coherence Change,Alpha,Medium,Cz,F4,0.5030395606626319,0.5309587486365167,0.027919187973884818,0.027919187973884818,5.550097876419123
Band-Power Envelope Coherence Change,Alpha,Medium,Cz,F8,0.24531898416245748,0.17525713987319463,-0.07006184428926285,0.07006184428926285,-28.559487366402035
Band-Power Envelope Coherence Change,Alpha,Medium,Cz,Fp2,0.32563060086686213,0.3092755472464367,-0.01635505362042544,0.01635505362042544,-5.022578829166119
Band-Power Envelope Coherence Change,Alpha,Medium,Fz,Fp1,0.8001166973295007,0.76320441857687,-0.0369122787526307,0.0369122787526307,-4.613361885313791
Band-Power Envelope Coherence Change,Alpha,Medium,Fz,F7,0.7747448438309965,0.654905485065858,-0.11983935876513852,0.11983935876513852,-15.468235731979956
Band-Power Envelope Coherence Change,Alpha,Medium,Fz,F3,0.9410362152377607,0.9348582780197191,-0.006177937218041607,0.006177937218041607,-0.6565036624526399
Band-Power Envelope Coherence Change,Alpha,Medium,Fz,FC1,0.7044296157904024,0.7984883715536386,0.09405875576323619,0.09405875576323619,13.352470375297601
Band-Power Envelope Coherence Change,Alpha,Medium,Fz,C3,0.1886694860048872,0.22276278640051217,0.03409330039562497,0.03409330039562497,18.070383885363334
Band-Power Envelope Coherence Change,Alpha,Medium,Fz,FC5,0.8035865288720705,0.6405670463686698,-0.1630194825034007,0.1630194825034007,-20.286487720521894
Band-Power Envelope Coherence Change,Alpha,Medium,Fz,FT9,0.5661079320660882,0.13474168721632393,-0.43136624484976427,0.43136624484976427,-76.19858695062517
Band-Power Envelope Coherence Change,Alpha,Medium,Fz,T7,0.5663868630077334,0.18736753801444345,-0.37901932499329,0.37901932499329,-66.91880581066988
Band-Power Envelope Coherence Change,Alpha,Medium,Fz,CP5,0.06820358248406422,0.07915520730603452,0.010951624821970304,0.010951624821970304,16.057257438829044
Band-Power Envelope Coherence Change,Alpha,Medium,Fz,CP1,0.09111617824409551,0.014371462434379144,-0.07674471580971637,0.07674471580971637,-84.22732086515005
Band-Power Envelope Coherence Change,Alpha,Medium,Fz,P3,0.10646947149988564,0.01832869162254765,-0.088140779877338,0.088140779877338,-82.78502620108588
Band-Power Envelope Coherence Change,Alpha,Medium,Fz,P7,0.027416032449447934,0.03812331031517338,0.010707277865725447,0.010707277865725447,39.05480446694268
Band-Power Envelope Coherence Change,Alpha,Medium,Fz,PO9,0.09052411926952701,0.12735336284100712,0.03682924357148011,0.03682924357148011,40.68445389877201
Band-Power Envelope Coherence Change,Alpha,Medium,Fz,O1,0.012696418704103289,0.0668439627854012,0.054147544081297905,0.054147544081297905,426.4788783611732
Band-Power Envelope Coherence Change,Alpha,Medium,Fz,Pz,0.08431789150761326,0.015442020160542,-0.06887587134707127,0.06887587134707127,-81.68595076983429
Band-Power Envelope Coherence Change,Alpha,Medium,Fz,Oz,0.008302599770293073,0.039678641000954834,0.03137604123066176,0.03137604123066176,377.9062233365275
Band-Power Envelope Coherence Change,Alpha,Medium,Fz,O2,0.004985502746206755,0.0230653600600449,0.018079857313838144,0.018079857313838144,362.64862811667876
Band-Power Envelope Coherence Change,Alpha,Medium,Fz,PO10,0.047558983622617734,0.003808093842005401,-0.04375088978061233,0.04375088978061233,-91.99290322891936
Band-Power Envelope Coherence Change,Alpha,Medium,Fz,P8,0.05204248290560691,0.012922134153274175,-0.03912034875233274,0.03912034875233274,-75.17002757783108
Band-Power Envelope Coherence Change,Alpha,Medium,Fz,P4,0.04574818399457707,0.036128688707695894,-0.009619495286881177,0.009619495286881177,-21.027053856436048
Band-Power Envelope Coherence Change,Alpha,Medium,Fz,CP2,0.0905402895727978,0.08658517879469341,-0.003955110778104398,0.003955110778104398,-4.368343415694888
Band-Power Envelope Coherence Change,Alpha,Medium,Fz,CP6,0.10123618082832361,0.09376147182027153,-0.007474709008052083,0.007474709008052083,-7.3834363830137955
Band-Power Envelope Coherence Change,Alpha,Medium,Fz,T8,0.31432784480957005,0.2029549923235151,-0.11137285248605494,0.11137285248605494,-35.43206697247207
Band-Power Envelope Coherence Change,Alpha,Medium,Fz,FT10,0.39826271455818213,0.11928548807434058,-0.27897722648384154,0.27897722648384154,-70.04854240330494
Band-Power Envelope Coherence Change,Alpha,Medium,Fz,FC6,0.7645988944415173,0.5506933768575499,-0.21390551758396736,0.21390551758396736,-27.976174061853627
Band-Power Envelope Coherence Change,Alpha,Medium,Fz,C4,0.4069819329581426,0.34983216993116406,-0.05714976302697855,0.05714976302697855,-14.042334167412859
Band-Power Envelope Coherence Change,Alpha,Medium,Fz,FC2,0.8675887956458137,0.9177016835671935,0.0501128879213798,0.0501128879213798,5.776110546019314
Band-Power Envelope Coherence Change,Alpha,Medium,Fz,F4,0.8690654434763334,0.8875564027393144,0.018490959262980944,0.018490959262980944,2.127683179878328
Band-Power Envelope Coherence Change,Alpha,Medium,Fz,F8,0.5844683771111764,0.45330779883973654,-0.13116057827143984,0.13116057827143984,-22.44100509247753
Band-Power Envelope Coherence Change,Alpha,Medium,Fz,Fp2,0.7408782245100105,0.7335281241943565,-0.0073501003156539735,0.0073501003156539735,-0.9920794096108113
Band-Power Envelope Coherence Change,Alpha,Medium,Fp1,F7,0.9094824279527787,0.8536123707190755,-0.055870057233703196,0.055870057233703196,-6.143060659177907
Band-Power Envelope Coherence Change,Alpha,Medium,Fp1,F3,0.8691941369848661,0.758089815464388,-0.11110432152047811,0.11110432152047811,-12.782451789871264
Band-Power Envelope Coherence Change,Alpha,Medium,Fp1,FC1,0.37637915046440934,0.45863091214981433,0.08225176168540499,0.08225176168540499,21.853431993753002
Band-Power Envelope Coherence Change,Alpha,Medium,Fp1,C3,0.0859396084718076,0.08994732564274183,0.004007717170934233,0.004007717170934233,4.663411018737607
Band-Power Envelope Coherence Change,Alpha,Medium,Fp1,FC5,0.549491853111651,0.4999820020001232,-0.049509851111527836,0.049509851111527836,-9.010115587913539
Band-Power Envelope Coherence Change,Alpha,Medium,Fp1,FT9,0.7578301137472241,0.33668366509988396,-0.42114644864734013,0.42114644864734013,-55.57267268846147
Band-Power Envelope Coherence Change,Alpha,Medium,Fp1,T7,0.33834764376115833,0.16954891887269208,-0.16879872488846626,0.16879872488846626,-49.8891385830434
Band-Power Envelope Coherence Change,Alpha,Medium,Fp1,CP5,0.0990369771288614,0.03252021152027523,-0.06651676560858617,0.06651676560858617,-67.16356611131039
Band-Power Envelope Coherence Change,Alpha,Medium,Fp1,CP1,0.1537102128991768,0.02386932228122047,-0.12984089061795634,0.12984089061795634,-84.47121903547354
Band-Power Envelope Coherence Change,Alpha,Medium,Fp1,P3,0.1688410653106323,0.043511068461530245,-0.12532999684910207,0.12532999684910207,-74.22957005069888
Band-Power Envelope Coherence Change,Alpha,Medium,Fp1,P7,0.06912274383787934,0.12497137944797009,0.05584863561009075,0.05584863561009075,80.79632333617758
Band-Power Envelope Coherence Change,Alpha,Medium,Fp1,PO9,0.18222098436295436,0.1169161491097556,-0.06530483525319876,0.06530483525319876,-35.83826280025039
Band-Power Envelope Coherence Change,Alpha,Medium,Fp1,O1,0.028084436860927615,0.08894456906034942,0.06086013219942181,0.06086013219942181,216.70412157736118
Band-Power Envelope Coherence Change,Alpha,Medium,Fp1,Pz,0.1423301562058898,0.026768263568643612,-0.11556189263724617,0.11556189263724617,-81.19283763735804
Band-Power Envelope Coherence Change,Alpha,Medium,Fp1,Oz,0.021253309487563606,0.06576517582132146,0.04451186633375786,0.04451186633375786,209.43498874753607
Band-Power Envelope Coherence Change,Alpha,Medium,Fp1,O2,0.009861451251551837,0.047877438244744275,0.03801598699319244,0.03801598699319244,385.50093716895975
Band-Power Envelope Coherence Change,Alpha,Medium,Fp1,PO10,0.06646882447716533,0.005432566693370016,-0.06103625778379532,0.06103625778379532,-91.82689518567263
Band-Power Envelope Coherence Change,Alpha,Medium,Fp1,P8,0.06838675657766952,0.014661377529164056,-0.05372537904850546,0.05372537904850546,-78.56108658624194
Band-Power Envelope Coherence Change,Alpha,Medium,Fp1,P4,0.08006639907846796,0.030646881837514826,-0.04941951724095314,0.04941951724095314,-61.72316703355202
Band-Power Envelope Coherence Change,Alpha,Medium,Fp1,CP2,0.1584888678705976,0.05060706797784743,-0.10788179989275018,0.10788179989275018,-68.06900783771962
Band-Power Envelope Coherence Change,Alpha,Medium,Fp1,CP6,0.09412764569119027,0.06812422629516775,-0.02600341939602252,0.02600341939602252,-27.625698279263638
Band-Power Envelope Coherence Change,Alpha,Medium,Fp1,T8,0.3547430565009397,0.18871628687108188,-0.1660267696298578,0.1660267696298578,-46.801978668021654
Band-Power Envelope Coherence Change,Alpha,Medium,Fp1,FT10,0.5208124973328372,0.2368758647917286,-0.28393663254110857,0.28393663254110857,-54.51801444765491
Band-Power Envelope Coherence Change,Alpha,Medium,Fp1,FC6,0.7364972583917,0.4498551257761526,-0.2866421326155474,0.2866421326155474,-38.91964693004996
Band-Power Envelope Coherence Change,Alpha,Medium,Fp1,C4,0.17430363843550406,0.21452801545614292,0.04022437702063886,0.04022437702063886,23.077187247311944
Band-Power Envelope Coherence Change,Alpha,Medium,Fp1,FC2,0.5800133588884435,0.6024067429549488,0.022393384066505262,0.022393384066505262,3.8608393622899775
Band-Power Envelope Coherence Change,Alpha,Medium,Fp1,F4,0.8172324325876894,0.7541177454856637,-0.06311468710202572,0.06311468710202572,-7.7229787494090285
Band-Power Envelope Coherence Change,Alpha,Medium,Fp1,F8,0.6903281773640826,0.5479288984118938,-0.14239927895218873,0.14239927895218873,-20.6277656948496
Band-Power Envelope Coherence Change,Alpha,Medium,Fp1,Fp2,0.939715508806468,0.9353614265222129,-0.004354082284255156,0.004354082284255156,-0.4633404730954449
Band-Power Envelope Coherence Change,Alpha,Medium,F7,F3,0.8597194673577142,0.7054657408570186,-0.15425372650069558,0.15425372650069558,-17.94233262796564
Band-Power Envelope Coherence Change,Alpha,Medium,F7,FC1,0.39511731195069477,0.42357324526799867,0.028455933317303894,0.028455933317303894,7.201894844044395
Band-Power Envelope Coherence Change,Alpha,Medium,F7,C3,0.09778141563873363,0.10341089110020156,0.005629475461467928,0.005629475461467928,5.757203886540944
Band-Power Envelope Coherence Change,Alpha,Medium,F7,FC5,0.6114432972623183,0.62260705535851,0.011163758096191745,0.011163758096191745,1.8258043135277557
Band-Power Envelope Coherence Change,Alpha,Medium,F7,FT9,0.8554169477276528,0.46357835584354057,-0.3918385918841122,0.3918385918841122,-45.806737045016504
Band-Power Envelope Coherence Change,Alpha,Medium,F7,T7,0.4051723338999141,0.25820960522340136,-0.14696272867651272,0.14696272867651272,-36.2716593361519
Band-Power Envelope Coherence Change,Alpha,Medium,F7,CP5,0.11442832725293536,0.04849065527087365,-0.06593767198206171,0.06593767198206171,-57.62355665333756
Band-Power Envelope Coherence Change,Alpha,Medium,F7,CP1,0.17631827428978636,0.02383231256776894,-0.15248596172201742,0.15248596172201742,-86.48335649621913
Band-Power Envelope Coherence Change,Alpha,Medium,F7,P3,0.19255378613345778,0.046242411723894206,-0.14631137440956357,0.14631137440956357,-75.98467802038238
Band-Power Envelope Coherence Change,Alpha,Medium,F7,P7,0.09887901458377349,0.13951019863308511,0.040631184049311625,0.040631184049311625,41.09181732883025
Band-Power Envelope Coherence Change,Alpha,Medium,F7,PO9,0.17524234150883528,0.20983198507408335,0.034589643565248074,0.034589643565248074,19.73817701100744
Band-Power Envelope Coherence Change,Alpha,Medium,F7,O1,0.03973923330980256,0.11035014605420693,0.07061091274440437,0.07061091274440437,177.6856442949709
Band-Power Envelope Coherence Change,Alpha,Medium,F7,Pz,0.17185730472044808,0.027788411077015015,-0.14406889364343306,0.14406889364343306,-83.83053247447522
Band-Power Envelope Coherence Change,Alpha,Medium,F7,Oz,0.03116077757546313,0.08540414047689215,0.054243362901429025,0.054243362901429025,174.0757680711465
Band-Power Envelope Coherence Change,Alpha,Medium,F7,O2,0.013960948718107657,0.07772331808407903,0.06376236936597138,0.06376236936597138,456.71945835077946
Band-Power Envelope Coherence Change,Alpha,Medium,F7,PO10,0.06322761626103313,0.037263192675731215,-0.02596442358530191,0.02596442358530191,-41.06500469369056
Band-Power Envelope Coherence Change,Alpha,Medium,F7,P8,0.06747618297477652,0.048351632416218156,-0.019124550558558363,0.019124550558558363,-28.34266805771656
Band-Power Envelope Coherence Change,Alpha,Medium,F7,P4,0.10338614465698391,0.046580742169667,-0.056805402487316914,0.056805402487316914,-54.94488906205636
Band-Power Envelope Coherence Change,Alpha,Medium,F7,CP2,0.18937969392030496,0.0570109980153942,-0.13236869590491077,0.13236869590491077,-69.89592873701356
Band-Power Envelope Coherence Change,Alpha,Medium,F7,CP6,0.10974739463588198,0.08112727501763314,-0.02862011961824884,0.02862011961824884,-26.07817681066979
Band-Power Envelope Coherence Change,Alpha,Medium,F7,T8,0.34119398522027033,0.16944720755679288,-0.17174677766347746,0.17174677766347746,-50.33698866426382
Band-Power Envelope Coherence Change,Alpha,Medium,F7,FT10,0.4604776963225995,0.2178499960523596,-0.2426277002702399,0.2426277002702399,-52.69043478280886
Band-Power Envelope Coherence Change,Alpha,Medium,F7,FC6,0.6908928620145094,0.4191217098776948,-0.2717711521368146,0.2717711521368146,-39.33622231157269
Band-Power Envelope Coherence Change,Alpha,Medium,F7,C4,0.18005808426597347,0.2044952906513553,0.024437206385381827,0.024437206385381827,13.571846265610777
Band-Power Envelope Coherence Change,Alpha,Medium,F7,FC2,0.5701187497296141,0.5109145433113123,-0.05920420641830182,0.05920420641830182,-10.384539439613265
Band-Power Envelope Coherence Change,Alpha,Medium,F7,F4,0.7604587025572982,0.6602300711842978,-0.10022863137300042,0.10022863137300042,-13.180022930363995
Band-Power Envelope Coherence Change,Alpha,Medium,F7,F8,0.5881467138619942,0.47797662275236663,-0.11017009110962761,0.11017009110962761,-18.731736234010224
Band-Power Envelope Coherence Change,Alpha,Medium,F7,Fp2,0.8394681685781747,0.7867489468065256,-0.052719221771649116,0.052719221771649116,-6.280073949789043
Band-Power Envelope Coherence Change,Alpha,Medium,F3,FC1,0.589727255477215,0.802907138432408,0.21317988295519297,0.21317988295519297,36.14889442114813
Band-Power Envelope Coherence Change,Alpha,Medium,F3,C3,0.12935793158767406,0.27391415277869013,0.14455622119101608,0.14455622119101608,111.74902027019594
Band-Power Envelope Coherence Change,Alpha,Medium,F3,FC5,0.8044238599490254,0.7732521803059235,-0.031171679643101968,0.031171679643101968,-3.8750317084176555
Band-Power Envelope Coherence Change,Alpha,Medium,F3,FT9,0.6335894058690569,0.14918223652079263,-0.4844071693482642,0.4844071693482642,-76.45443008691595
Band-Power Envelope Coherence Change,Alpha,Medium,F3,T7,0.5648982456629973,0.2524607720829378,-0.31243747358005947,0.31243747358005947,-55.30862876257737
Band-Power Envelope Coherence Change,Alpha,Medium,F3,CP5,0.05664777789608985,0.12273681409188418,0.06608903619579433,0.06608903619579433,116.66659955669006
Band-Power Envelope Coherence Change,Alpha,Medium,F3,CP1,0.13989814057882155,0.012683217068029023,-0.12721492351079253,0.12721492351079253,-90.9339630851755
Band-Power Envelope Coherence Change,Alpha,Medium,F3,P3,0.1551665659781336,0.020828049357890004,-0.1343385166202436,0.1343385166202436,-86.57697344360567
Band-Power Envelope Coherence Change,Alpha,Medium,F3,P7,0.04975609189342274,0.038900041136147805,-0.010856050757274936,0.010856050757274936,-21.818535869996648
Band-Power Envelope Coherence Change,Alpha,Medium,F3,PO9,0.09396231244963162,0.17694846626013666,0.08298615381050505,0.08298615381050505,88.31855203115576
Band-Power Envelope Coherence Change,Alpha,Medium,F3,O1,0.02873385364060248,0.0672843197542648,0.03855046611366232,0.03855046611366232,134.16392592460497
Band-Power Envelope Coherence Change,Alpha,Medium,F3,Pz,0.13141564302624037,0.012490616875998502,-0.11892502615024186,0.11892502615024186,-90.49533481070861
Band-Power Envelope Coherence Change,Alpha,Medium,F3,Oz,0.02086470812516404,0.04459255557011281,0.02372784744494877,0.02372784744494877,113.72240293326516
Band-Power Envelope Coherence Change,Alpha,Medium,F3,O2,0.007000802205740481,0.025135162689785377,0.018134360484044897,0.018134360484044897,259.032607279994
Band-Power Envelope Coherence Change,Alpha,Medium,F3,PO10,0.04427697216167604,0.004750467225126117,-0.039526504936549925,0.039526504936549925,-89.2710205933235
Band-Power Envelope Coherence Change,Alpha,Medium,F3,P8,0.05576170022314163,0.01530205957486829,-0.040459640648273336,0.040459640648273336,-72.55811872013581
Band-Power Envelope Coherence Change,Alpha,Medium,F3,P4,0.07497174021408813,0.02290465973824863,-0.0520670804758395,0.0520670804758395,-69.44894213093835
Band-Power Envelope Coherence Change,Alpha,Medium,F3,CP2,0.13969872555128815,0.06713619149240065,-0.0725625340588875,0.0725625340588875,-51.94215893705296
Band-Power Envelope Coherence Change,Alpha,Medium,F3,CP6,0.07788613984432806,0.08350299375232953,0.005616853908001471,0.005616853908001471,7.211621887062246
Band-Power Envelope Coherence Change,Alpha,Medium,F3,T8,0.3071527615915595,0.18613566492187555,-0.12101709666968397,0.12101709666968397,-39.39964467277298
Band-Power Envelope Coherence Change,Alpha,Medium,F3,FT10,0.42039163124752266,0.12268121647841794,-0.2977104147691047,0.2977104147691047,-70.8173980261314
Band-Power Envelope Coherence Change,Alpha,Medium,F3,FC6,0.713024129810945,0.5226536393879841,-0.19037049042296084,0.19037049042296084,-26.699024964756337
Band-Power Envelope Coherence Change,Alpha,Medium,F3,C4,0.269158472673257,0.330017211298385,0.06085873862512803,0.06085873862512803,22.610746011702577
Band-Power Envelope Coherence Change,Alpha,Medium,F3,FC2,0.7354247973373229,0.8403102986423217,0.10488550130499874,0.10488550130499874,14.261893491319155
Band-Power Envelope Coherence Change,Alpha,Medium,F3,F4,0.8312301582109077,0.831366612456329,0.00013645424542130247,0.00013645424542130247,0.01641594016692065
Band-Power Envelope Coherence Change,Alpha,Medium,F3,F8,0.5913553303381134,0.439059040308558,-0.15229629002955536,0.15229629002955536,-25.753769724621982
Band-Power Envelope Coherence Change,Alpha,Medium,F3,Fp2,0.7889949073952407,0.7095306131559338,-0.0794642942393069,0.0794642942393069,-10.071585189522636
Band-Power Envelope Coherence Change,Alpha,Medium,FC1,C3,0.5285525236141986,0.4741960404277609,-0.054356483186437654,0.054356483186437654,-10.284026801111931
Band-Power Envelope Coherence Change,Alpha,Medium,FC1,FC5,0.8013053479417636,0.7122372997555233,-0.08906804818624026,0.08906804818624026,-11.1153692428262
Band-Power Envelope Coherence Change,Alpha,Medium,FC1,FT9,0.22178397520608814,0.04505605814135798,-0.17672791706473018,0.17672791706473018,-79.68470981751925
Band-Power Envelope Coherence Change,Alpha,Medium,FC1,T7,0.7279967274698471,0.18472777362345455,-0.5432689538463926,0.5432689538463926,-74.62519175526023
Band-Power Envelope Coherence Change,Alpha,Medium,FC1,CP5,0.21638620041490164,0.20889067605157738,-0.007495524363324263,0.007495524363324263,-3.4639567352041163
Band-Power Envelope Coherence Change,Alpha,Medium,FC1,CP1,0.04996375984354871,0.05583882269877754,0.005875062855228826,0.005875062855228826,11.758648415622407
Band-Power Envelope Coherence Change,Alpha,Medium,FC1,P3,0.04112707640287303,0.006533249992783603,-0.03459382641008943,0.03459382641008943,-84.11447988963494
Band-Power Envelope Coherence Change,Alpha,Medium,FC1,P7,0.005928274335813635,0.019127788500283426,0.013199514164469791,0.013199514164469791,222.65356521592557
Band-Power Envelope Coherence Change,Alpha,Medium,FC1,PO9,0.00751651171595906,0.10419732950782642,0.09668081779186737,0.09668081779186737,1286.2458204727418
Band-Power Envelope Coherence Change,Alpha,Medium,FC1,O1,0.015025009292700451,0.07421003001196999,0.05918502071926954,0.05918502071926954,393.9100440225564
Band-Power Envelope Coherence Change,Alpha,Medium,FC1,Pz,0.04722666247761192,0.040095830165127674,-0.0071308323124842435,0.0071308323124842435,-15.099166314927837
Band-Power Envelope Coherence Change,Alpha,Medium,FC1,Oz,0.014939570221942684,0.03801482629510369,0.023075256073161007,0.023075256073161007,154.457295158792
Band-Power Envelope Coherence Change,Alpha,Medium,FC1,O2,0.007897507787353463,0.015793230422548345,0.007895722635194882,0.007895722635194882,99.97739600635228
Band-Power Envelope Coherence Change,Alpha,Medium,FC1,PO10,0.007087604200800117,0.002336671767737111,-0.004750932433063006,0.004750932433063006,-67.03157087308395
Band-Power Envelope Coherence Change,Alpha,Medium,FC1,P8,0.008408851062323012,0.012346729645471326,0.003937878583148315,0.003937878583148315,46.83016209898769
Band-Power Envelope Coherence Change,Alpha,Medium,FC1,P4,0.045837992583243566,0.058446533632647645,0.012608541049404079,0.012608541049404079,27.506747871880474
Band-Power Envelope Coherence Change,Alpha,Medium,FC1,CP2,0.05660050553193111,0.1898377288467158,0.1332372233147847,0.1332372233147847,235.39935211288713
Band-Power Envelope Coherence Change,Alpha,Medium,FC1,CP6,0.10742371888252872,0.12097956154962428,0.013555842667095558,0.013555842667095558,12.61904056954061
Band-Power Envelope Coherence Change,Alpha,Medium,FC1,T8,0.19516756652917383,0.150123456439058,-0.04504411009011583,0.04504411009011583,-23.07971088187063
Band-Power Envelope Coherence Change,Alpha,Medium,FC1,FT10,0.15423597071143236,0.0574684414391952,-0.09676752927223715,0.09676752927223715,-62.73992300621252
Band-Power Envelope Coherence Change,Alpha,Medium,FC1,FC6,0.45091949088401306,0.4331347956607457,-0.017784695223267366,0.017784695223267366,-3.944095472209695
Band-Power Envelope Coherence Change,Alpha,Medium,FC1,C4,0.5826837291708181,0.42468146696753695,-0.15800226220328117,0.15800226220328117,-27.116298996047927
Band-Power Envelope Coherence Change,Alpha,Medium,FC1,FC2,0.7992684650541411,0.8536320637722732,0.05436359871813212,0.05436359871813212,6.801669413349071
Band-Power Envelope Coherence Change,Alpha,Medium,FC1,F4,0.49984390620086744,0.6578676848294334,0.15802377862856593,0.15802377862856593,31.614625419693013
Band-Power Envelope Coherence Change,Alpha,Medium,FC1,F8,0.24690348297281728,0.2514401906161033,0.004536707643286009,0.004536707643286009,1.8374417357998452
Band-Power Envelope Coherence Change,Alpha,Medium,FC1,Fp2,0.30239761447517766,0.4186757811917549,0.11627816671657726,0.11627816671657726,38.45207804247476
Band-Power Envelope Coherence Change,Alpha,Medium,C3,FC5,0.3432704971514363,0.4095038832342063,0.06623338608276996,0.06623338608276996,19.294808797258977
Band-Power Envelope Coherence Change,Alpha,Medium,C3,FT9,0.08961348741963576,0.007257677008232013,-0.08235581041140375,0.08235581041140375,-91.90113316955708
Band-Power Envelope Coherence Change,Alpha,Medium,C3,T7,0.4194932707507064,0.13029358448782186,-0.28919968626288456,0.28919968626288456,-68.9402444395224
Band-Power Envelope Coherence Change,Alpha,Medium,C3,CP5,0.7616336614806938,0.39692327277933437,-0.3647103887013594,0.3647103887013594,-47.885277023119635
Band-Power Envelope Coherence Change,Alpha,Medium,C3,CP1,0.19112932490468965,0.08524525126095993,-0.10588407364372972,0.10588407364372972,-55.399177335309936
Band-Power Envelope Coherence Change,Alpha,Medium,C3,P3,0.2143760826003413,0.021858705403470263,-0.19251737719687104,0.19251737719687104,-89.80357083760077
Band-Power Envelope Coherence Change,Alpha,Medium,C3,P7,0.06630993582687782,0.011695936973045933,-0.054613998853831884,0.054613998853831884,-82.36171272495011
Band-Power Envelope Coherence Change,Alpha,Medium,C3,PO9,0.12003211230989233,0.07936844000549112,-0.04066367230440121,0.04066367230440121,-33.877327926561826
Band-Power Envelope Coherence Change,Alpha,Medium,C3,O1,0.0324589593070494,0.06710150826793831,0.03464254896088891,0.03464254896088891,106.7272324820509
Band-Power Envelope Coherence Change,Alpha,Medium,C3,Pz,0.17290012144373387,0.0474021098743306,-0.12549801156940327,0.12549801156940327,-72.58410839823703
Band-Power Envelope Coherence Change,Alpha,Medium,C3,Oz,0.033850095225200785,0.04131049282094557,0.007460397595744787,0.007460397595744787,22.039517307445138
Band-Power Envelope Coherence Change,Alpha,Medium,C3,O2,0.024086089511459966,0.023257928927061217,-0.0008281605843987495,0.0008281605843987495,-3.43833557541467
Band-Power Envelope Coherence Change,Alpha,Medium,C3,PO10,0.05248408199990997,0.0034062840682466443,-0.04907779793166332,0.04907779793166332,-93.50987206320482
Band-Power Envelope Coherence Change,Alpha,Medium,C3,P8,0.04280153355877979,0.0077459505638034325,-0.03505558299497635,0.03505558299497635,-81.90263310737257
Band-Power Envelope Coherence Change,Alpha,Medium,C3,P4,0.1288001996244873,0.03429203899743828,-0.09450816062704902,0.09450816062704902,-73.37578738432427
Band-Power Envelope Coherence Change,Alpha,Medium,C3,CP2,0.2195772604683598,0.13658491446421123,-0.08299234600414856,0.08299234600414856,-37.796421098945
Band-Power Envelope Coherence Change,Alpha,Medium,C3,CP6,0.13867697346473803,0.07985247876938836,-0.05882449469534967,0.05882449469534967,-42.41835773139887
Band-Power Envelope Coherence Change,Alpha,Medium,C3,T8,0.11410313252763575,0.053038029080956686,-0.061065103446679064,0.061065103446679064,-53.517464502465884
Band-Power Envelope Coherence Change,Alpha,Medium,C3,FT10,0.09579431789789325,0.02578278895361566,-0.07001152894427759,0.07001152894427759,-73.08526275942856
Band-Power Envelope Coherence Change,Alpha,Medium,C3,FC6,0.15731361395519933,0.13755111014796595,-0.019762503807233378,0.019762503807233378,-12.562487956612234
Band-Power Envelope Coherence Change,Alpha,Medium,C3,C4,0.3498045835978806,0.2170234809649147,-0.13278110263296589,0.13278110263296589,-37.95865144683324
Band-Power Envelope Coherence Change,Alpha,Medium,C3,FC2,0.28054907525102724,0.27726004118610154,-0.0032890340649257,0.0032890340649257,-1.1723560528519892
Band-Power Envelope Coherence Change,Alpha,Medium,C3,F4,0.1320328579867351,0.16490081785093025,0.032867959864195134,0.032867959864195134,24.893772933020404
Band-Power Envelope Coherence Change,Alpha,Medium,C3,F8,0.09552894182648636,0.03094520732035281,-0.06458373450613356,0.06458373450613356,-67.60645859915415
Band-Power Envelope Coherence Change,Alpha,Medium,C3,Fp2,0.1146621322112559,0.07425573931307752,-0.04040639289817838,0.04040639289817838,-35.239526876870556
Band-Power Envelope Coherence Change,Alpha,Medium,FC5,FT9,0.4047279324819856,0.1486274512742883,-0.25610048120769724,0.25610048120769724,-63.277194543298855
Band-Power Envelope Coherence Change,Alpha,Medium,FC5,T7,0.8526574708366597,0.4310987634912453,-0.42155870734541434,0.42155870734541434,-49.44056925130382
Band-Power Envelope Coherence Change,Alpha,Medium,FC5,CP5,0.13568561965644363,0.2474600823131531,0.11177446265670948,0.11177446265670948,82.3775304558602
Band-Power Envelope Coherence Change,Alpha,Medium,FC5,CP1,0.07305371987990554,0.022689629835479685,-0.05036409004442585,0.05036409004442585,-68.94117113710345
Band-Power Envelope Coherence Change,Alpha,Medium,FC5,P3,0.07288540962678663,0.013341743214216245,-0.05954366641257039,0.05954366641257039,-81.69490535549802
Band-Power Envelope Coherence Change,Alpha,Medium,FC5,P7,0.024373263841095817,0.021420699069509466,-0.0029525647715863516,0.0029525647715863516,-12.113949083044124
Band-Power Envelope Coherence Change,Alpha,Medium,FC5,PO9,0.01646875529615283,0.2952634279447306,0.27879467264857777,0.27879467264857777,1692.87033315569
Band-Power Envelope Coherence Change,Alpha,Medium,FC5,O1,0.023405392883467522,0.06508737203817372,0.0416819791547062,0.0416819791547062,178.08707318965114
Band-Power Envelope Coherence Change,Alpha,Medium,FC5,Pz,0.0705028698593794,0.015596323271239637,-0.05490654658813976,0.05490654658813976,-77.87845615029985
Band-Power Envelope Coherence Change,Alpha,Medium,FC5,Oz,0.017469201264752404,0.04046111983476719,0.022991918570014785,0.022991918570014785,131.6140229971794
Band-Power Envelope Coherence Change,Alpha,Medium,FC5,O2,0.004703932275750761,0.025836228391566653,0.021132296115815893,0.021132296115815893,449.247456744966
Band-Power Envelope Coherence Change,Alpha,Medium,FC5,PO10,0.01415927351769876,0.02275610088472056,0.008596827367021798,0.008596827367021798,60.71517268365474
Band-Power Envelope Coherence Change,Alpha,Medium,FC5,P8,0.025092399382306677,0.03736843822150028,0.012276038839193603,0.012276038839193603,48.92333591601355
Band-Power Envelope Coherence Change,Alpha,Medium,FC5,P4,0.044942759130721384,0.035793855698907,-0.009148903431814383,0.009148903431814383,-20.35679074621054
Band-Power Envelope Coherence Change,Alpha,Medium,FC5,CP2,0.0696883564745513,0.09614406734292062,0.026455710868369328,0.026455710868369328,37.96288534660792
Band-Power Envelope Coherence Change,Alpha,Medium,FC5,CP6,0.06687944571607511,0.08267720325736175,0.015797757541286636,0.015797757541286636,23.6212447219632
Band-Power Envelope Coherence Change,Alpha,Medium,FC5,T8,0.2115174938090914,0.11487083445351043,-0.09664665935558098,0.09664665935558098,-45.69204069844503
Band-Power Envelope Coherence Change,Alpha,Medium,FC5,FT10,0.22955842006082927,0.08517098319288748,-0.1443874368679418,0.1443874368679418,-62.89790495581973
Band-Power Envelope Coherence Change,Alpha,Medium,FC5,FC6,0.5124291753765101,0.34679281031209114,-0.16563636506441898,0.16563636506441898,-32.32375770616823
Band-Power Envelope Coherence Change,Alpha,Medium,FC5,C4,0.38535306320003493,0.25985288973136234,-0.1255001734686726,0.1255001734686726,-32.567581642273346
Band-Power Envelope Coherence Change,Alpha,Medium,FC5,FC2,0.7393250886310541,0.5883979408138984,-0.15092714781715566,0.15092714781715566,-20.414179112549085
Band-Power Envelope Coherence Change,Alpha,Medium,FC5,F4,0.597706547280409,0.5441566593600382,-0.05354988792037074,0.05354988792037074,-8.959227260270962
Band-Power Envelope Coherence Change,Alpha,Medium,FC5,F8,0.34350985674113577,0.2631628964477671,-0.08034696029336869,0.08034696029336869,-23.390001397810554
Band-Power Envelope Coherence Change,Alpha,Medium,FC5,Fp2,0.43995050610282704,0.44440758766889177,0.0044570815660647245,0.0044570815660647245,1.0130870414371105
Band-Power Envelope Coherence Change,Alpha,Medium,FT9,T7,0.260364460485388,0.1455863420461445,-0.11477811843924351,0.11477811843924351,-44.083635003512704
Band-Power Envelope Coherence Change,Alpha,Medium,FT9,CP5,0.1588328597085394,0.037263855955945197,-0.12156900375259419,0.12156900375259419,-76.53895042604854
Band-Power Envelope Coherence Change,Alpha,Medium,FT9,CP1,0.15585710165215846,0.09941905359463774,-0.05643804805752073,0.05643804805752073,-36.21140612731208
Band-Power Envelope Coherence Change,Alpha,Medium,FT9,P3,0.17910673223494916,0.1685118803559701,-0.010594851878979072,0.010594851878979072,-5.915384501058802
Band-Power Envelope Coherence Change,Alpha,Medium,FT9,P7,0.09461627666488681,0.2842993059398585,0.18968302927497172,0.18968302927497172,200.4761082987799
Band-Power Envelope Coherence Change,Alpha,Medium,FT9,PO9,0.2257919526451141,0.13754132758943044,-0.08825062505568365,0.08825062505568365,-39.084929299668424
Band-Power Envelope Coherence Change,Alpha,Medium,FT9,O1,0.02664585610013756,0.20943065520709692,0.18278479910695936,0.18278479910695936,685.9783315650936
Band-Power Envelope Coherence Change,Alpha,Medium,FT9,Pz,0.14888103676666384,0.11869510392521834,-0.030185932841445495,0.030185932841445495,-20.275203274379987
Band-Power Envelope Coherence Change,Alpha,Medium,FT9,Oz,0.019947236443773782,0.21157513717644874,0.19162790073267497,0.19162790073267497,960.6739323155145
Band-Power Envelope Coherence Change,Alpha,Medium,FT9,O2,0.008716396657132162,0.16304779032425049,0.15433139366711832,0.15433139366711832,1770.5870870486046
Band-Power Envelope Coherence Change,Alpha,Medium,FT9,PO10,0.07189742568279112,0.10546916591136785,0.03357174022857673,0.03357174022857673,46.693939191500476
Band-Power Envelope Coherence Change,Alpha,Medium,FT9,P8,0.06690739779738755,0.045931579980307176,-0.020975817817080376,0.020975817817080376,-31.35052102997704
Band-Power Envelope Coherence Change,Alpha,Medium,FT9,P4,0.0829189099715012,0.06672726667610895,-0.016191643295392244,0.016191643295392244,-19.527081700612356
Band-Power Envelope Coherence Change,Alpha,Medium,FT9,CP2,0.16798671292945555,0.05510615488570912,-0.11288055804374643,0.11288055804374643,-67.19612288095045
Band-Power Envelope Coherence Change,Alpha,Medium,FT9,CP6,0.10238812309751576,0.030092225496137357,-0.0722958976013784,0.0722958976013784,-70.60965218839188
Band-Power Envelope Coherence Change,Alpha,Medium,FT9,T8,0.3065192164129349,0.059140339611362516,-0.2473788768015724,0.2473788768015724,-80.70582970181871
Band-Power Envelope Coherence Change,Alpha,Medium,FT9,FT10,0.4634783289612877,0.23188560634256278,-0.23159272261872493,0.23159272261872493,-49.968403730494344
Band-Power Envelope Coherence Change,Alpha,Medium,FT9,FC6,0.5946478822220458,0.11192991691566542,-0.48271796530638034,0.48271796530638034,-81.17710997348344
Band-Power Envelope Coherence Change,Alpha,Medium,FT9,C4,0.11159423040455384,0.04455333858485358,-0.06704089181970026,0.06704089181970026,-60.07558955033979
Band-Power Envelope Coherence Change,Alpha,Medium,FT9,FC2,0.4080902992794069,0.08114463521663669,-0.3269456640627702,0.3269456640627702,-80.11600977530725
Band-Power Envelope Coherence Change,Alpha,Medium,FT9,F4,0.6210304858925283,0.15644853202416115,-0.46458195386836715,0.46458195386836715,-74.80823637839332
Band-Power Envelope Coherence Change,Alpha,Medium,FT9,F8,0.5483791914959444,0.2380098111201866,-0.3103693803757578,0.3103693803757578,-56.59758524554687
Band-Power Envelope Coherence Change,Alpha,Medium,FT9,Fp2,0.7267216982976614,0.2997360714130334,-0.42698562688462804,0.42698562688462804,-58.755040324905366
Band-Power Envelope Coherence Change,Alpha,Medium,T7,CP5,0.2532263599018026,0.08634034804959148,-0.1668860118522111,0.1668860118522111,-65.9038861186991
Band-Power Envelope Coherence Change,Alpha,Medium,T7,CP1,0.05504401072680931,0.02137012672695608,-0.03367388399985323,0.03367388399985323,-61.17629067216988
Band-Power Envelope Coherence Change,Alpha,Medium,T7,P3,0.047160900089735586,0.016609733857167176,-0.03055116623256841,0.03055116623256841,-64.78071066166477
Band-Power Envelope Coherence Change,Alpha,Medium,T7,P7,0.01768835645946849,0.0363113976690617,0.018623041209593207,0.018623041209593207,105.28418088060627
Band-Power Envelope Coherence Change,Alpha,Medium,T7,PO9,0.010071926186253882,0.31800681141338555,0.30793488522713164,0.30793488522713164,3057.3584390183455
Band-Power Envelope Coherence Change,Alpha,Medium,T7,O1,0.018673635958545015,0.1152413895631541,0.09656775360460909,0.09656775360460909,517.1341768629686
Band-Power Envelope Coherence Change,Alpha,Medium,T7,Pz,0.05230479077787888,0.021663700167426407,-0.030641090610452476,0.030641090610452476,-58.58180513631158
Band-Power Envelope Coherence Change,Alpha,Medium,T7,Oz,0.01489408648547125,0.12220277015906145,0.1073086836735902,0.1073086836735902,720.4784514865461
Band-Power Envelope Coherence Change,Alpha,Medium,T7,O2,0.005228116176658785,0.10944312390616079,0.104215007729502,0.104215007729502,1993.3567695908457
Band-Power Envelope Coherence Change,Alpha,Medium,T7,PO10,0.00584086109561117,0.044072163947036995,0.03823130285142583,0.03823130285142583,654.5490848969662
Band-Power Envelope Coherence Change,Alpha,Medium,T7,P8,0.015368681939207016,0.033348698431586145,0.01798001649237913,0.01798001649237913,116.99127201344666
Band-Power Envelope Coherence Change,Alpha,Medium,T7,P4,0.039655695931105156,0.04541154491303185,0.005755848981926694,0.005755848981926694,14.514557989163714
Band-Power Envelope Coherence Change,Alpha,Medium,T7,CP2,0.05467597570968641,0.030739500662845226,-0.023936475046841182,0.023936475046841182,-43.778779868395816
Band-Power Envelope Coherence Change,Alpha,Medium,T7,CP6,0.06373428663923061,0.023856569596745092,-0.03987771704248552,0.03987771704248552,-62.56870382532757
Band-Power Envelope Coherence Change,Alpha,Medium,T7,T8,0.19894228552338883,0.014720814433670461,-0.18422147108971837,0.18422147108971837,-92.60045977910524
Band-Power Envelope Coherence Change,Alpha,Medium,T7,FT10,0.14524444707123202,0.012363637234115979,-0.13288080983711603,0.13288080983711603,-91.48770401662756
Band-Power Envelope Coherence Change,Alpha,Medium,T7,FC6,0.36010607393685246,0.0628728392740325,-0.2972332346628199,0.2972332346628199,-82.54046687225338
Band-Power Envelope Coherence Change,Alpha,Medium,T7,C4,0.3288930062210076,0.03802898483422947,-0.29086402138677814,0.29086402138677814,-88.43727774233211
Band-Power Envelope Coherence Change,Alpha,Medium,T7,FC2,0.5646182614594533,0.12671941988707044,-0.4378988415723828,0.4378988415723828,-77.55662036868594
Band-Power Envelope Coherence Change,Alpha,Medium,T7,F4,0.40274780432313306,0.12237792181874657,-0.2803698825043865,0.2803698825043865,-69.61425475070743
Band-Power Envelope Coherence Change,Alpha,Medium,T7,F8,0.21325956838874907,0.055457787097632084,-0.157801781291117,0.157801781291117,-73.995170525461
Band-Power Envelope Coherence Change,Alpha,Medium,T7,Fp2,0.2518444428962276,0.13426034226999375,-0.11758410062623384,0.11758410062623384,-46.689178158552544
Band-Power Envelope Coherence Change,Alpha,Medium,CP5,CP1,0.23848301694027085,0.25331082019237694,0.014827803252106087,0.014827803252106087,6.217551019920122
Band-Power Envelope Coherence Change,Alpha,Medium,CP5,P3,0.3252381469877991,0.16941504886675918,-0.15582309812103995,0.15582309812103995,-47.91046178444912
Band-Power Envelope Coherence Change,Alpha,Medium,CP5,P7,0.16123845484833316,0.04388507381519936,-0.1173533810331338,0.1173533810331338,-72.78250163307551
Band-Power Envelope Coherence Change,Alpha,Medium,CP5,PO9,0.16109648357414197,0.16855446918534167,0.007457985611199702,0.007457985611199702,4.629514838396388
Band-Power Envelope Coherence Change,Alpha,Medium,CP5,O1,0.05680659554542039,0.021748892418600244,-0.03505770312682015,0.03505770312682015,-61.71414215236564
Band-Power Envelope Coherence Change,Alpha,Medium,CP5,Pz,0.22769772864056975,0.16028312840262562,-0.06741460023794413,0.06741460023794413,-29.607058726686226
Band-Power Envelope Coherence Change,Alpha,Medium,CP5,Oz,0.04747778393663275,0.010001525698781821,-0.03747625823785093,0.03747625823785093,-78.93430385855714
Band-Power Envelope Coherence Change,Alpha,Medium,CP5,O2,0.02531953193977716,0.009552567124685888,-0.015766964815091274,0.015766964815091274,-62.271944254709
Band-Power Envelope Coherence Change,Alpha,Medium,CP5,PO10,0.06421451432115742,0.026726380764523362,-0.03748813355663406,0.03748813355663406,-58.379532965310396
Band-Power Envelope Coherence Change,Alpha,Medium,CP5,P8,0.04699045681541861,0.017937221268300836,-0.02905323554711777,0.02905323554711777,-61.82794872848472
Band-Power Envelope Coherence Change,Alpha,Medium,CP5,P4,0.14428887936659782,0.049850429751422905,-0.09443844961517492,0.09443844961517492,-65.45095507688652
Band-Power Envelope Coherence Change,Alpha,Medium,CP5,CP2,0.2576767632462851,0.17490525367593146,-0.08277150957035362,0.08277150957035362,-32.1222249641662
Band-Power Envelope Coherence Change,Alpha,Medium,CP5,CP6,0.11538399340849025,0.10063568481501,-0.014748308593480253,0.014748308593480253,-12.781936348196313
Band-Power Envelope Coherence Change,Alpha,Medium,CP5,T8,0.09972121408604459,0.0619601550380571,-0.03776105904798749,0.03776105904798749,-37.866625866994866
Band-Power Envelope Coherence Change,Alpha,Medium,CP5,FT10,0.12086171052951145,0.06162002312527157,-0.05924168740423988,0.05924168740423988,-49.01609214754124
Band-Power Envelope Coherence Change,Alpha,Medium,CP5,FC6,0.12376860656931271,0.10704636041849738,-0.01672224615081533,0.01672224615081533,-13.510894736825335
Band-Power Envelope Coherence Change,Alpha,Medium,CP5,C4,0.12124378032013784,0.18659405588745975,0.06535027556732191,0.06535027556732191,53.89989935547039
Band-Power Envelope Coherence Change,Alpha,Medium,CP5,FC2,0.08536608525404343,0.11504118628160748,0.029675101027564044,0.029675101027564044,34.76216689479556
Band-Power Envelope Coherence Change,Alpha,Medium,CP5,F4,0.08944929900036865,0.07728664999792174,-0.012162649002446901,0.012162649002446901,-13.597254688822968
Band-Power Envelope Coherence Change,Alpha,Medium,CP5,F8,0.10786327488243459,0.05731714224188614,-0.050546132640548455,0.050546132640548455,-46.861299822058186
Band-Power Envelope Coherence Change,Alpha,Medium,CP5,Fp2,0.1445806933043581,0.03215758566342197,-0.11242310764093613,0.11242310764093613,-77.75803606382856
Band-Power Envelope Coherence Change,Alpha,Medium,CP1,P3,0.929262704410897,0.7544227131313577,-0.1748399912795393,0.1748399912795393,-18.814915357049493
Band-Power Envelope Coherence Change,Alpha,Medium,CP1,P7,0.41646595340784526,0.12997374236068734,-0.28649221104715794,0.28649221104715794,-68.79126821841209
Band-Power Envelope Coherence Change,Alpha,Medium,CP1,PO9,0.14409493549604033,0.057808105319176344,-0.08628683017686398,0.08628683017686398,-59.88193122806533
Band-Power Envelope Coherence Change,Alpha,Medium,CP1,O1,0.7166729797045126,0.22056163744404642,-0.49611134226046616,0.49611134226046616,-69.2242286663319
Band-Power Envelope Coherence Change,Alpha,Medium,CP1,Pz,0.980057575024838,0.9305840116058013,-0.04947356341903675,0.04947356341903675,-5.048026226192161
Band-Power Envelope Coherence Change,Alpha,Medium,CP1,Oz,0.7334431786843568,0.3140520781114902,-0.4193911005728666,0.4193911005728666,-57.18113042174122
Band-Power Envelope Coherence Change,Alpha,Medium,CP1,O2,0.5788117572180098,0.2470655119177212,-0.3317462453002886,0.3317462453002886,-57.31504952400893
Band-Power Envelope Coherence Change,Alpha,Medium,CP1,PO10,0.11980745944554552,0.03755613899418375,-0.08225132045136177,0.08225132045136177,-68.65292097170826
Band-Power Envelope Coherence Change,Alpha,Medium,CP1,P8,0.10085237282422783,0.08233017173068594,-0.0185222010935419,0.0185222010935419,-18.365657222387433
Band-Power Envelope Coherence Change,Alpha,Medium,CP1,P4,0.8934655498410526,0.5573178437441191,-0.33614770609693356,0.33614770609693356,-37.62290623927629
Band-Power Envelope Coherence Change,Alpha,Medium,CP1,CP2,0.9663655491690395,0.7303973498395383,-0.2359681993295012,0.2359681993295012,-24.418109641057264
Band-Power Envelope Coherence Change,Alpha,Medium,CP1,CP6,0.14460014323273487,0.12076417757602502,-0.023835965656709854,0.023835965656709854,-16.484053973823325
Band-Power Envelope Coherence Change,Alpha,Medium,CP1,T8,0.10581332807035049,0.007684100722676558,-0.09812922734767393,0.09812922734767393,-92.73805969171697
Band-Power Envelope Coherence Change,Alpha,Medium,CP1,FT10,0.11043161534258823,0.028831933413186666,-0.08159968192940156,0.08159968192940156,-73.8915949714741
Band-Power Envelope Coherence Change,Alpha,Medium,CP1,FC6,0.10830110014477462,0.01251436925001625,-0.09578673089475837,0.09578673089475837,-88.44483644830264
Band-Power Envelope Coherence Change,Alpha,Medium,CP1,C4,0.09125847426227404,0.10072657220722789,0.009468097944953846,0.009468097944953846,10.375034232703502
Band-Power Envelope Coherence Change,Alpha,Medium,CP1,FC2,0.053754054418168884,0.024982488911225023,-0.02877156550694386,0.02877156550694386,-53.524456561213476
Band-Power Envelope Coherence Change,Alpha,Medium,CP1,F4,0.08305924284157831,0.013881434093387601,-0.06917780874819071,0.06917780874819071,-83.28730961361623
Band-Power Envelope Coherence Change,Alpha,Medium,CP1,F8,0.08821974772386922,0.018788581005108843,-0.06943116671876037,0.06943116671876037,-78.70252240584757
Band-Power Envelope Coherence Change,Alpha,Medium,CP1,Fp2,0.13150954650071667,0.02200963267636203,-0.10949991382435464,0.10949991382435464,-83.26385174156
Band-Power Envelope Coherence Change,Alpha,Medium,P3,P7,0.5021438610955241,0.32351679085606966,-0.17862707023945446,0.17862707023945446,-35.57288738923242
Band-Power Envelope Coherence Change,Alpha,Medium,P3,PO9,0.12617430177278371,0.04686978067223521,-0.0793045211005485,0.0793045211005485,-62.853148371972836
Band-Power Envelope Coherence Change,Alpha,Medium,P3,O1,0.6787371692816606,0.4133758759810517,-0.2653612933006089,0.2653612933006089,-39.09632554549108
Band-Power Envelope Coherence Change,Alpha,Medium,P3,Pz,0.9287226664489183,0.714883145463596,-0.21383952098532233,0.21383952098532233,-23.02512135328442
Band-Power Envelope Coherence Change,Alpha,Medium,P3,Oz,0.6317966570107327,0.4461586467737787,-0.18563801023695403,0.18563801023695403,-29.3825565832015
Band-Power Envelope Coherence Change,Alpha,Medium,P3,O2,0.4326835414240908,0.2650293516145418,-0.16765418980954905,0.16765418980954905,-38.74753110731899
Band-Power Envelope Coherence Change,Alpha,Medium,P3,PO10,0.06454723276325688,0.019026995256894434,-0.04552023750636245,0.04552023750636245,-70.52236874866395
Band-Power Envelope Coherence Change,Alpha,Medium,P3,P8,0.05981322974491811,0.028064718786229653,-0.031748510958688456,0.031748510958688456,-53.079412521417794
Band-Power Envelope Coherence Change,Alpha,Medium,P3,P4,0.7535830388987143,0.289967750080477,-0.46361528881823727,0.46361528881823727,-61.52146012943237
Band-Power Envelope Coherence Change,Alpha,Medium,P3,CP2,0.8878760717038103,0.35649663793598524,-0.531379433767825,0.531379433767825,-59.84837869863101
Band-Power Envelope Coherence Change,Alpha,Medium,P3,CP6,0.10114831161216675,0.020823790096857697,-0.08032452151530906,0.08032452151530906,-79.412617210357
Band-Power Envelope Coherence Change,Alpha,Medium,P3,T8,0.12181453393600913,0.005624370022530054,-0.11619016391347908,0.11619016391347908,-95.38284157005057
Band-Power Envelope Coherence Change,Alpha,Medium,P3,FT10,0.13384069597441492,0.03366548767146888,-0.10017520830294604,0.10017520830294604,-74.84659846814873
Band-Power Envelope Coherence Change,Alpha,Medium,P3,FC6,0.1324625787289314,0.00827820996962018,-0.12418436875931123,0.12418436875931123,-93.75052935775882
Band-Power Envelope Coherence Change,Alpha,Medium,P3,C4,0.05573131274460556,0.015482191360261481,-0.04024912138434408,0.04024912138434408,-72.21994136185127
Band-Power Envelope Coherence Change,Alpha,Medium,P3,FC2,0.05915364081075876,0.009822185587791965,-0.049331455222966794,0.049331455222966794,-83.39546737416453
Band-Power Envelope Coherence Change,Alpha,Medium,P3,F4,0.10090441925561297,0.020766057425054694,-0.08013836183055828,0.08013836183055828,-79.42007141188759
Band-Power Envelope Coherence Change,Alpha,Medium,P3,F8,0.1127184484647829,0.031055531948891685,-0.08166291651589122,0.08166291651589122,-72.44858106914548
Band-Power Envelope Coherence Change,Alpha,Medium,P3,Fp2,0.153361568512282,0.04116897010532005,-0.11219259840696194,0.11219259840696194,-73.15561486186611
Band-Power Envelope Coherence Change,Alpha,Medium,P7,PO9,0.15403558810341567,0.19755360580429396,0.04351801770087829,0.04351801770087829,28.25192427068307
Band-Power Envelope Coherence Change,Alpha,Medium,P7,O1,0.4771956940925077,0.47335405526325536,-0.0038416388292523695,0.0038416388292523695,-0.8050447388378238
Band-Power Envelope Coherence Change,Alpha,Medium,P7,Pz,0.43162364030664024,0.12191087804461045,-0.3097127622620298,0.3097127622620298,-71.75528245904215
Band-Power Envelope Coherence Change,Alpha,Medium,P7,Oz,0.35353269979437163,0.3156034052141304,-0.037929294580241246,0.037929294580241246,-10.728652427993902
Band-Power Envelope Coherence Change,Alpha,Medium,P7,O2,0.22734834221874056,0.22637237148147182,-0.0009759707372687387,0.0009759707372687387,-0.4292842990382221
Band-Power Envelope Coherence Change,Alpha,Medium,P7,PO10,0.021267620298847913,0.051788083574787216,0.030520463275939304,0.030520463275939304,143.50671512408292
Band-Power Envelope Coherence Change,Alpha,Medium,P7,P8,0.01995720761128578,0.024778888084737594,0.004821680473451814,0.004821680473451814,24.160095777753792
Band-Power Envelope Coherence Change,Alpha,Medium,P7,P4,0.2969392022664693,0.04976499985004054,-0.24717420241642876,0.24717420241642876,-83.24067705772912
Band-Power Envelope Coherence Change,Alpha,Medium,P7,CP2,0.3677484846388416,0.04201342685068015,-0.3257350577881614,0.3257350577881614,-88.57549966740429
Band-Power Envelope Coherence Change,Alpha,Medium,P7,CP6,0.08523783558643337,0.007341109503843439,-0.07789672608258993,0.07789672608258993,-91.38749892775098
Band-Power Envelope Coherence Change,Alpha,Medium,P7,T8,0.08943010298991841,0.025689298575614868,-0.06374080441430355,0.06374080441430355,-71.27443923606926
Band-Power Envelope Coherence Change,Alpha,Medium,P7,FT10,0.058147055386199395,0.13378798656426727,0.07564093117806787,0.07564093117806787,130.08557471341956
Band-Power Envelope Coherence Change,Alpha,Medium,P7,FC6,0.0538052867622554,0.036853349563898484,-0.016951937198356914,0.016951937198356914,-31.506080941935913
Band-Power Envelope Coherence Change,Alpha,Medium,P7,C4,0.006514704647526481,0.008294198581194751,0.0017794939336682703,0.0017794939336682703,27.315036213405513
Band-Power Envelope Coherence Change,Alpha,Medium,P7,FC2,0.022477488325499784,0.027753821121981485,0.005276332796481702,0.005276332796481702,23.473854018181914
Band-Power Envelope Coherence Change,Alpha,Medium,P7,F4,0.03253323799903903,0.056900639167446906,0.024367401168407875,0.024367401168407875,74.90001815720784
Band-Power Envelope Coherence Change,Alpha,Medium,P7,F8,0.03781607203165074,0.12529137762835363,0.08747530559670288,0.08747530559670288,231.31779927722027
Band-Power Envelope Coherence Change,Alpha,Medium,P7,Fp2,0.0621936142939957,0.12627017080104747,0.06407655650705177,0.06407655650705177,103.02754910521072
Band-Power Envelope Coherence Change,Alpha,Medium,PO9,O1,0.40467257802626183,0.2225549609151556,-0.18211761711110624,0.18211761711110624,-45.00369607433283
Band-Power Envelope Coherence Change,Alpha,Medium,PO9,Pz,0.1527816689384286,0.052387247225312406,-0.10039442171311619,0.10039442171311619,-65.71103877231201
Band-Power Envelope Coherence Change,Alpha,Medium,PO9,Oz,0.3812528165536044,0.18301351435759225,-0.19823930219601213,0.19823930219601213,-51.99680988275127
Band-Power Envelope Coherence Change,Alpha,Medium,PO9,O2,0.32418838302690417,0.18518959621227976,-0.1389987868146244,0.1389987868146244,-42.87593081430342
Band-Power Envelope Coherence Change,Alpha,Medium,PO9,PO10,0.37399046777558914,0.14306465607955232,-0.23092581169603682,0.23092581169603682,-61.746443183306624
Band-Power Envelope Coherence Change,Alpha,Medium,PO9,P8,0.2574410992665707,0.12178245844209572,-0.13565864082447499,0.13565864082447499,-52.69502080707226
Band-Power Envelope Coherence Change,Alpha,Medium,PO9,P4,0.14075247295335183,0.10718707394601514,-0.033565399007336696,0.033565399007336696,-23.84711138855865
Band-Power Envelope Coherence Change,Alpha,Medium,PO9,CP2,0.120449644513351,0.07674091886650472,-0.043708725646846275,0.043708725646846275,-36.28796566684883
Band-Power Envelope Coherence Change,Alpha,Medium,PO9,CP6,0.13970812266617402,0.18044765102558735,0.04073952835941333,0.04073952835941333,29.16045794757297
Band-Power Envelope Coherence Change,Alpha,Medium,PO9,T8,0.1109244206564772,0.13364909166489025,0.02272467100841305,0.02272467100841305,20.486625824974357
Band-Power Envelope Coherence Change,Alpha,Medium,PO9,FT10,0.16491449364034785,0.09652920343894716,-0.06838529020140069,0.06838529020140069,-41.46711953076609
Band-Power Envelope Coherence Change,Alpha,Medium,PO9,FC6,0.19750014932539628,0.17695494964257608,-0.020545199682820203,0.020545199682820203,-10.40262488559968
Band-Power Envelope Coherence Change,Alpha,Medium,PO9,C4,0.029995316365595118,0.14532315517058,0.11532783880498489,0.11532783880498489,384.4861557695284
Band-Power Envelope Coherence Change,Alpha,Medium,PO9,FC2,0.06788322581606451,0.09570785499274126,0.027824629176676746,0.027824629176676746,40.988961326130834
Band-Power Envelope Coherence Change,Alpha,Medium,PO9,F4,0.17789837784420257,0.12487030151468227,-0.05302807632952029,0.05302807632952029,-29.808071873460534
Band-Power Envelope Coherence Change,Alpha,Medium,PO9,F8,0.2148516850547344,0.13850892107929524,-0.07634276397543915,0.07634276397543915,-35.53277413485983
Band-Power Envelope Coherence Change,Alpha,Medium,PO9,Fp2,0.23476504011255894,0.12287951772035088,-0.11188552239220806,0.11188552239220806,-47.65851096848328
Band-Power Envelope Coherence Change,Alpha,Medium,O1,Pz,0.7440077233192395,0.2571208421836078,-0.48688688113563167,0.48688688113563167,-65.44110576748916
Band-Power Envelope Coherence Change,Alpha,Medium,O1,Oz,0.9313876697889417,0.8602692144736762,-0.0711184553152655,0.0711184553152655,-7.6357522889884715
Band-Power Envelope Coherence Change,Alpha,Medium,O1,O2,0.7216543598694614,0.6299550850583919,-0.09169927481106943,0.09169927481106943,-12.706813664599315
Band-Power Envelope Coherence Change,Alpha,Medium,O1,PO10,0.19589905716397524,0.0667785997542154,-0.12912045740975983,0.12912045740975983,-65.91172988733729
Band-Power Envelope Coherence Change,Alpha,Medium,O1,P8,0.130533852712308,0.052126807591029126,-0.07840704512127887,0.07840704512127887,-60.06644521102525
Band-Power Envelope Coherence Change,Alpha,Medium,O1,P4,0.6660939999422972,0.1789319287290232,-0.48716207121327404,0.48716207121327404,-73.13713548770536
Band-Power Envelope Coherence Change,Alpha,Medium,O1,CP2,0.6292025072672401,0.09910285724624765,-0.5300996500209925,0.5300996500209925,-84.2494497237984
Band-Power Envelope Coherence Change,Alpha,Medium,O1,CP6,0.047703044418811874,0.008761456612257655,-0.03894158780655422,0.03894158780655422,-81.63333867051358
Band-Power Envelope Coherence Change,Alpha,Medium,O1,T8,0.014148424718549534,0.02349383077415447,0.009345406055604936,0.009345406055604936,66.05262593900282
Band-Power Envelope Coherence Change,Alpha,Medium,O1,FT10,0.012064264743141505,0.029099595956618464,0.01703533121347696,0.01703533121347696,141.2048854710478
Band-Power Envelope Coherence Change,Alpha,Medium,O1,FC6,0.009609203350547182,0.03342123505010239,0.023812031699555206,0.023812031699555206,247.80443113631543
Band-Power Envelope Coherence Change,Alpha,Medium,O1,C4,0.027309092191244354,0.026103634049574137,-0.0012054581416702168,0.0012054581416702168,-4.414127475305467
Band-Power Envelope Coherence Change,Alpha,Medium,O1,FC2,0.006497293162222471,0.08068546335183241,0.07418817018960994,0.07418817018960994,1141.8319650553224
Band-Power Envelope Coherence Change,Alpha,Medium,O1,F4,0.0083711134107439,0.0703366837186189,0.061965570307875,0.061965570307875,740.2309258926696
Band-Power Envelope Coherence Change,Alpha,Medium,O1,F8,0.010610331513786663,0.051429265301999365,0.040818933788212705,0.040818933788212705,384.70931596410657
Band-Power Envelope Coherence Change,Alpha,Medium,O1,Fp2,0.018113490613533803,0.07675226697766427,0.058638776364130465,0.058638776364130465,323.7298520491545
Band-Power Envelope Coherence Change,Alpha,Medium,Pz,Oz,0.7623029611990488,0.38023590297824283,-0.382067058220806,0.382067058220806,-50.12010679059169
Band-Power Envelope Coherence Change,Alpha,Medium,Pz,O2,0.6064065513671579,0.3209885855056793,-0.2854179658614786,0.2854179658614786,-47.067098008423066
Band-Power Envelope Coherence Change,Alpha,Medium,Pz,PO10,0.12657493162585337,0.046306242319691465,-0.0802686893061619,0.0802686893061619,-63.41594522320622
Band-Power Envelope Coherence Change,Alpha,Medium,Pz,P8,0.10519992757226503,0.11391068807560417,0.008710760503339146,0.008710760503339146,8.280196293248833
Band-Power Envelope Coherence Change,Alpha,Medium,Pz,P4,0.9016115594533392,0.6812669314244358,-0.2203446280289033,0.2203446280289033,-24.438975489899622
Band-Power Envelope Coherence Change,Alpha,Medium,Pz,CP2,0.9661199733409285,0.7833669084385961,-0.18275306490233234,0.18275306490233234,-18.916187424462
Band-Power Envelope Coherence Change,Alpha,Medium,Pz,CP6,0.1376831002329056,0.1420118402412873,0.00432874000838171,0.00432874000838171,3.1439878976135676
Band-Power Envelope Coherence Change,Alpha,Medium,Pz,T8,0.09382600296318647,0.007038194904298865,-0.0867878080588876,0.0867878080588876,-92.49867341459662
Band-Power Envelope Coherence Change,Alpha,Medium,Pz,FT10,0.09764878541377503,0.026614674791727744,-0.07103411062204729,0.07103411062204729,-72.74448967393579
Band-Power Envelope Coherence Change,Alpha,Medium,Pz,FC6,0.09447575318475675,0.01113301381027075,-0.083342739374486,0.083342739374486,-88.21600946806
Band-Power Envelope Coherence Change,Alpha,Medium,Pz,C4,0.08427970874865634,0.09082133542233335,0.006541626673677012,0.006541626673677012,7.76180503089518
Band-Power Envelope Coherence Change,Alpha,Medium,Pz,FC2,0.04816799273507226,0.021628004865059364,-0.026539987870012896,0.026539987870012896,-55.098803921485604
Band-Power Envelope Coherence Change,Alpha,Medium,Pz,F4,0.07309154936922366,0.014038305868210475,-0.05905324350101318,0.05905324350101318,-80.79353086730225
Band-Power Envelope Coherence Change,Alpha,Medium,Pz,F8,0.0740198920950996,0.0203860217641331,-0.0536338703309665,0.0536338703309665,-72.45872536811933
Band-Power Envelope Coherence Change,Alpha,Medium,Pz,Fp2,0.1185272065942437,0.023875389042866457,-0.09465181755137725,0.09465181755137725,-79.85661711863378
Band-Power Envelope Coherence Change,Alpha,Medium,Oz,O2,0.8765741464732135,0.8553952954317813,-0.021178851041432245,0.021178851041432245,-2.416093507507916
Band-Power Envelope Coherence Change,Alpha,Medium,Oz,PO10,0.30934139325394044,0.1721576834704665,-0.13718370978347394,0.13718370978347394,-44.34702654580045
Band-Power Envelope Coherence Change,Alpha,Medium,Oz,P8,0.22268083482666223,0.1541749255611865,-0.06850590926547573,0.06850590926547573,-30.76416940811348
Band-Power Envelope Coherence Change,Alpha,Medium,Oz,P4,0.774748546117139,0.3467522165963033,-0.42799632952083566,0.42799632952083566,-55.243256881972165
Band-Power Envelope Coherence Change,Alpha,Medium,Oz,CP2,0.6754940789494591,0.18095222571600972,-0.4945418532334494,0.4945418532334494,-73.21187093195103
Band-Power Envelope Coherence Change,Alpha,Medium,Oz,CP6,0.09155575238137936,0.021299596588840695,-0.07025615579253866,0.07025615579253866,-76.73592752521292
Band-Power Envelope Coherence Change,Alpha,Medium,Oz,T8,0.009857534648770377,0.009824429221566362,-3.3105427204015506e-05,3.3105427204015506e-05,-0.3358388114633212
Band-Power Envelope Coherence Change,Alpha,Medium,Oz,FT10,0.008888498929821938,0.020252504009017024,0.011364005079195086,0.011364005079195086,127.85066600016724
Band-Power Envelope Coherence Change,Alpha,Medium,Oz,FC6,0.007578220423778538,0.01664285534357371,0.00906463491979517,0.00906463491979517,119.61429481983184
Band-Power Envelope Coherence Change,Alpha,Medium,Oz,C4,0.04344721337849635,0.011656409398412323,-0.03179080398008403,0.03179080398008403,-73.17110007294157
Band-Power Envelope Coherence Change,Alpha,Medium,Oz,FC2,0.006716402524046345,0.03965183435142029,0.03293543182737395,0.03293543182737395,490.3731083635493
Band-Power Envelope Coherence Change,Alpha,Medium,Oz,F4,0.0076085989026884885,0.04047476943290667,0.03286617053021818,0.03286617053021818,431.9608767733171
Band-Power Envelope Coherence Change,Alpha,Medium,Oz,F8,0.01044579162920522,0.037269918959122045,0.026824127329916826,0.026824127329916826,256.7936283059647
Band-Power Envelope Coherence Change,Alpha,Medium,Oz,Fp2,0.013376464459948258,0.05595972929037923,0.04258326483043097,0.04258326483043097,318.3446938309713
Band-Power Envelope Coherence Change,Alpha,Medium,O2,PO10,0.4980669933961023,0.3425175299000103,-0.155549463496092,0.155549463496092,-31.230630730108782
Band-Power Envelope Coherence Change,Alpha,Medium,O2,P8,0.42046847540612964,0.3650582360499072,-0.05541023935622241,0.05541023935622241,-13.178214919133183
Band-Power Envelope Coherence Change,Alpha,Medium,O2,P4,0.7483662009688667,0.44705477691625445,-0.3013114240526123,0.3013114240526123,-40.262564458753175
Band-Power Envelope Coherence Change,Alpha,Medium,O2,CP2,0.5629743710076972,0.20747590972378388,-0.3554984612839133,0.3554984612839133,-63.146473372773265
Band-Power Envelope Coherence Change,Alpha,Medium,O2,CP6,0.14963491042789862,0.042231068532072695,-0.10740384189582591,0.10740384189582591,-71.77726213000162
Band-Power Envelope Coherence Change,Alpha,Medium,O2,T8,0.008562391146340359,0.006199106945876739,-0.00236328420046362,0.00236328420046362,-27.600750305289523
Band-Power Envelope Coherence Change,Alpha,Medium,O2,FT10,0.00846163347566011,0.015177236396803472,0.006715602921143362,0.006715602921143362,79.36532515218008
Band-Power Envelope Coherence Change,Alpha,Medium,O2,FC6,0.009974658296041508,0.011571097795522265,0.001596439499480757,0.001596439499480757,16.004954276121033
Band-Power Envelope Coherence Change,Alpha,Medium,O2,C4,0.045003875242724964,0.011967336448702844,-0.033036538794022116,0.033036538794022116,-73.40820899498559
Band-Power Envelope Coherence Change,Alpha,Medium,O2,FC2,0.008761461185659288,0.018832562814565995,0.010071101628906707,0.010071101628906707,114.94774005722962
Band-Power Envelope Coherence Change,Alpha,Medium,O2,F4,0.010319255961969857,0.024622169313980022,0.014302913352010165,0.014302913352010165,138.60411452842635
Band-Power Envelope Coherence Change,Alpha,Medium,O2,F8,0.020223140943712928,0.02654724287459502,0.006324101930882092,0.006324101930882092,31.271610816954528
Band-Power Envelope Coherence Change,Alpha,Medium,O2,Fp2,0.011108713866257813,0.04384255524506554,0.03273384137880773,0.03273384137880773,294.6681476623068
Band-Power Envelope Coherence Change,Alpha,Medium,PO10,P8,0.8813699895873554,0.7108277168041401,-0.1705422727832152,0.1705422727832152,-19.34968002065292
Band-Power Envelope Coherence Change,Alpha,Medium,PO10,P4,0.2235153645337652,0.15925173793447311,-0.06426362659929208,0.06426362659929208,-28.751323978707575
Band-Power Envelope Coherence Change,Alpha,Medium,PO10,CP2,0.12583651777968788,0.056495840653821044,-0.06934067712586683,0.06934067712586683,-55.103779371316634
Band-Power Envelope Coherence Change,Alpha,Medium,PO10,CP6,0.3490039397591705,0.10546334676775897,-0.2435405929914115,0.2435405929914115,-69.78161712428411
Band-Power Envelope Coherence Change,Alpha,Medium,PO10,T8,0.09967421980807743,0.034252819673005155,-0.06542140013507228,0.06542140013507228,-65.6352267025928
Band-Power Envelope Coherence Change,Alpha,Medium,PO10,FT10,0.11151655547764772,0.03274576524987936,-0.07877079022776835,0.07877079022776835,-70.6359606341653
Band-Power Envelope Coherence Change,Alpha,Medium,PO10,FC6,0.1069131727472904,0.017128774752576487,-0.08978439799471391,0.08978439799471391,-83.97879857792303
Band-Power Envelope Coherence Change,Alpha,Medium,PO10,C4,0.04502079830389149,0.010292090469880031,-0.034728707834011455,0.034728707834011455,-77.13925372800328
Band-Power Envelope Coherence Change,Alpha,Medium,PO10,FC2,0.048041068244756464,0.0019923918181836506,-0.046048676426572815,0.046048676426572815,-95.85273206658741
Band-Power Envelope Coherence Change,Alpha,Medium,PO10,F4,0.07923516427533123,0.0029585434081768032,-0.07627662086715442,0.07627662086715442,-96.26612321027532
Band-Power Envelope Coherence Change,Alpha,Medium,PO10,F8,0.11793932503281479,0.009382236714341394,-0.1085570883184734,0.1085570883184734,-92.04486144741719
Band-Power Envelope Coherence Change,Alpha,Medium,PO10,Fp2,0.10290087077544963,0.010428786815750359,-0.09247208395969927,0.09247208395969927,-89.86521033577252
Band-Power Envelope Coherence Change,Alpha,Medium,P8,P4,0.1976916213846266,0.41610370606465436,0.21841208468002776,0.21841208468002776,110.48120459039974
Band-Power Envelope Coherence Change,Alpha,Medium,P8,CP2,0.11133063456505528,0.2082094846040798,0.09687885003902451,0.09687885003902451,87.01904055205401
Band-Power Envelope Coherence Change,Alpha,Medium,P8,CP6,0.4343140860407352,0.3122111747052346,-0.12210291133550061,0.12210291133550061,-28.113965275362574
Band-Power Envelope Coherence Change,Alpha,Medium,P8,T8,0.12162005575852128,0.07938704846444519,-0.042233007294076086,0.042233007294076086,-34.72536419316436
Band-Power Envelope Coherence Change,Alpha,Medium,P8,FT10,0.12088568695953772,0.026640722221038093,-0.09424496473849962,0.09424496473849962,-77.96205415951754
Band-Power Envelope Coherence Change,Alpha,Medium,P8,FC6,0.10479944677501973,0.03878948306587972,-0.06600996370914002,0.06600996370914002,-62.98693909219597
Band-Power Envelope Coherence Change,Alpha,Medium,P8,C4,0.039958482940843906,0.04821606931504656,0.008257586374202652,0.008257586374202652,20.66541511705413
Band-Power Envelope Coherence Change,Alpha,Medium,P8,FC2,0.04338949910792329,0.011344389949057938,-0.032045109158865354,0.032045109158865354,-73.85452659676739
Band-Power Envelope Coherence Change,Alpha,Medium,P8,F4,0.07695985554661552,0.012084870616087791,-0.06487498493052773,0.06487498493052773,-84.29717606633521
Band-Power Envelope Coherence Change,Alpha,Medium,P8,F8,0.1140216968739256,0.014168042438192556,-0.09985365443573305,0.09985365443573305,-87.57425750832472
Band-Power Envelope Coherence Change,Alpha,Medium,P8,Fp2,0.10184484683448178,0.03126033960770242,-0.07058450722677936,0.07058450722677936,-69.30591917084749
Band-Power Envelope Coherence Change,Alpha,Medium,P4,CP2,0.9145892613190557,0.8254487261903,-0.08914053512875575,0.08914053512875575,-9.746510143820611
Band-Power Envelope Coherence Change,Alpha,Medium,P4,CP6,0.21530771139868327,0.4114259189110079,0.19611820751232462,0.19611820751232462,91.08740520174605
Band-Power Envelope Coherence Change,Alpha,Medium,P4,T8,0.052125080805704466,0.06376537017929829,0.01164028937359382,0.01164028937359382,22.331455786098143
Band-Power Envelope Coherence Change,Alpha,Medium,P4,FT10,0.04107378901596299,0.03037021678385874,-0.010703572232104247,0.010703572232104247,-26.059373845311406
Band-Power Envelope Coherence Change,Alpha,Medium,P4,FC6,0.04477126942196674,0.054777418235967795,0.010006148814001053,0.010006148814001053,22.349486497006943
Band-Power Envelope Coherence Change,Alpha,Medium,P4,C4,0.11388091385340982,0.17134827529277663,0.057467361439366815,0.057467361439366815,50.4626802638238
Band-Power Envelope Coherence Change,Alpha,Medium,P4,FC2,0.0342554582370721,0.045987164893185974,0.011731706656113873,0.011731706656113873,34.2477002494672
Band-Power Envelope Coherence Change,Alpha,Medium,P4,F4,0.03513339582724745,0.03278402349552359,-0.002349372331723859,0.002349372331723859,-6.687006127377589
Band-Power Envelope Coherence Change,Alpha,Medium,P4,F8,0.026242156113928196,0.0235668413199565,-0.0026753147939716955,0.0026753147939716955,-10.194721738400736
Band-Power Envelope Coherence Change,Alpha,Medium,P4,Fp2,0.05541825851058374,0.0384925001464799,-0.016925758364103843,0.016925758364103843,-30.54184454546036
Band-Power Envelope Coherence Change,Alpha,Medium,CP2,CP6,0.17782666149724227,0.3817173981179497,0.20389073662070742,0.20389073662070742,114.65701200484459
Band-Power Envelope Coherence Change,Alpha,Medium,CP2,T8,0.1152156477399186,0.07474953538852887,-0.040466112351389735,0.040466112351389735,-35.12206297076565
Band-Power Envelope Coherence Change,Alpha,Medium,CP2,FT10,0.11764609871421264,0.05330733172846916,-0.06433876698574348,0.06433876698574348,-54.6883982460277
Band-Power Envelope Coherence Change,Alpha,Medium,CP2,FC6,0.11556152790642603,0.0895570158022306,-0.026004512104195424,0.026004512104195424,-22.502741678227146
Band-Power Envelope Coherence Change,Alpha,Medium,CP2,C4,0.1223714666454621,0.2941674819101391,0.17179601526467697,0.17179601526467697,140.38894848127381
Band-Power Envelope Coherence Change,Alpha,Medium,CP2,FC2,0.056232144532787035,0.13657056849025023,0.0803384239574632,0.0803384239574632,142.86921586392745
Band-Power Envelope Coherence Change,Alpha,Medium,CP2,F4,0.09116752726856289,0.0781104419797209,-0.013057085288841988,0.013057085288841988,-14.322079012166467
Band-Power Envelope Coherence Change,Alpha,Medium,CP2,F8,0.09092870303953732,0.04000060984642915,-0.05092809319310817,0.05092809319310817,-56.0088195373949
Band-Power Envelope Coherence Change,Alpha,Medium,CP2,Fp2,0.13905885506395002,0.0537243386857139,-0.08533451637823612,0.08533451637823612,-61.365755053133945
Band-Power Envelope Coherence Change,Alpha,Medium,CP6,T8,0.45032064136427497,0.6036181112745,0.15329746991022508,0.15329746991022508,34.04184836959742
Band-Power Envelope Coherence Change,Alpha,Medium,CP6,FT10,0.2331959226181906,0.21264602221576862,-0.020549900402421994,0.020549900402421994,-8.812289756913179
Band-Power Envelope Coherence Change,Alpha,Medium,CP6,FC6,0.27499360442540166,0.44482417456166723,0.16983057013626557,0.16983057013626557,61.75800724206879
Band-Power Envelope Coherence Change,Alpha,Medium,CP6,C4,0.36509261340148047,0.667389508535252,0.30229689513377156,0.30229689513377156,82.80005785856464
Band-Power Envelope Coherence Change,Alpha,Medium,CP6,FC2,0.1721134290996378,0.1466735323937659,-0.025439896705871906,0.025439896705871906,-14.780890043823687
Band-Power Envelope Coherence Change,Alpha,Medium,CP6,F4,0.16087134019547467,0.15492414774132013,-0.005947192454154537,0.005947192454154537,-3.6968626275681595
Band-Power Envelope Coherence Change,Alpha,Medium,CP6,F8,0.16901483886465074,0.18928200375661194,0.020267164891961204,0.020267164891961204,11.991352373616976
Band-Power Envelope Coherence Change,Alpha,Medium,CP6,Fp2,0.12273877778856129,0.12057317068013956,-0.00216560710842173,0.00216560710842173,-1.7644033511172497
Band-Power Envelope Coherence Change,Alpha,Medium,T8,FT10,0.7085341130252827,0.5341389725823487,-0.17439514044293403,0.17439514044293403,-24.61351362439074
Band-Power Envelope Coherence Change,Alpha,Medium,T8,FC6,0.679660014235751,0.7784663094370559,0.0988062952013049,0.0988062952013049,14.537606028274066
Band-Power Envelope Coherence Change,Alpha,Medium,T8,C4,0.2515714315037825,0.6274058304980821,0.37583439899429955,0.37583439899429955,149.39470541139272
Band-Power Envelope Coherence Change,Alpha,Medium,T8,FC2,0.3187807909804792,0.2633200519617339,-0.055460739018745264,0.055460739018745264,-17.397766925718386
Band-Power Envelope Coherence Change,Alpha,Medium,T8,F4,0.4678599450296737,0.3786057047196433,-0.08925424031003043,0.08925424031003043,-19.07712794357071
Band-Power Envelope Coherence Change,Alpha,Medium,T8,F8,0.5729968376853929,0.5292999203336599,-0.04369691735173298,0.04369691735173298,-7.62603115372253
Band-Power Envelope Coherence Change,Alpha,Medium,T8,Fp2,0.4144378518417255,0.299614968015763,-0.11482288382596251,0.11482288382596251,-27.705694186884635
Band-Power Envelope Coherence Change,Alpha,Medium,FT10,FC6,0.7130084607610647,0.4123749278453287,-0.300633532915736,0.300633532915736,-42.16409053475186
Band-Power Envelope Coherence Change,Alpha,Medium,FT10,C4,0.12736003959738262,0.26155870878320675,0.13419866918582413,0.13419866918582413,105.36952533154053
Band-Power Envelope Coherence Change,Alpha,Medium,FT10,FC2,0.31958671159754926,0.12019231605746343,-0.1993943955400858,0.1993943955400858,-62.39132864547265
Band-Power Envelope Coherence Change,Alpha,Medium,FT10,F4,0.579369368271251,0.2506619406168964,-0.32870742765435457,0.32870742765435457,-56.73538258247359
Band-Power Envelope Coherence Change,Alpha,Medium,FT10,F8,0.7945112365176366,0.5504071428906562,-0.24410409362698038,0.24410409362698038,-30.723806336194183
Band-Power Envelope Coherence Change,Alpha,Medium,FT10,Fp2,0.6199792682094739,0.3299773673054077,-0.2900019009040662,0.2900019009040662,-46.776064261246
Band-Power Envelope Coherence Change,Alpha,Medium,FC6,C4,0.39434612127548524,0.7611999766890765,0.3668538554135912,0.3668538554135912,93.02839196871719
Band-Power Envelope Coherence Change,Alpha,Medium,FC6,FC2,0.7067356606584827,0.6269719121396822,-0.07976374851880053,0.07976374851880053,-11.286220995907113
Band-Power Envelope Coherence Change,Alpha,Medium,FC6,F4,0.896723202423317,0.7643888474494043,-0.13233435497391277,0.13233435497391277,-14.7575477712956
Band-Power Envelope Coherence Change,Alpha,Medium,FC6,F8,0.8266925236580144,0.7030456557998349,-0.12364686785817947,0.12364686785817947,-14.956814573701118
Band-Power Envelope Coherence Change,Alpha,Medium,FC6,Fp2,0.7915431022989499,0.5669191715156864,-0.22462393078326348,0.22462393078326348,-28.377978423520837
Band-Power Envelope Coherence Change,Alpha,Medium,C4,FC2,0.641376491487279,0.5005879127007979,-0.1407885787864811,0.1407885787864811,-21.95100391971156
Band-Power Envelope Coherence Change,Alpha,Medium,C4,F4,0.34231534411273923,0.4741480273020211,0.13183268318928187,0.13183268318928187,38.51205780184474
Band-Power Envelope Coherence Change,Alpha,Medium,C4,F8,0.170312436726472,0.3823394656779434,0.2120270289514714,0.2120270289514714,124.49298068114342
Band-Power Envelope Coherence Change,Alpha,Medium,C4,Fp2,0.15369784875201795,0.2733610863709488,0.11966323761893086,0.11966323761893086,77.85615647230051
Band-Power Envelope Coherence Change,Alpha,Medium,FC2,F4,0.7514802531251228,0.8762207510828286,0.12474049795770581,0.12474049795770581,16.59930483056037
Band-Power Envelope Coherence Change,Alpha,Medium,FC2,F8,0.4649657724740849,0.42816850310213156,-0.03679726937195332,0.03679726937195332,-7.9139737912653
Band-Power Envelope Coherence Change,Alpha,Medium,FC2,Fp2,0.530649232099369,0.6039639937903483,0.07331476169097928,0.07331476169097928,13.816049709697952
Band-Power Envelope Coherence Change,Alpha,Medium,F4,F8,0.760688552386007,0.6651384583321059,-0.09555009405390102,0.09555009405390102,-12.561000655813036
Band-Power Envelope Coherence Change,Alpha,Medium,F4,Fp2,0.8372209176230765,0.8073476611680687,-0.029873256455007824,0.029873256455007824,-3.5681450171861333
Band-Power Envelope Coherence Change,Alpha,Medium,F8,Fp2,0.7970270777828392,0.6790373824781095,-0.11798969530472969,0.11798969530472969,-14.80372481609434
Band-Power Envelope Coherence Change,Alpha,Fast,Cz,Fz,0.7059171741001445,0.6409845944472978,-0.06493257965284671,0.06493257965284671,-9.198328364176488
Band-Power Envelope Coherence Change,Alpha,Fast,Cz,Fp1,0.395627905417975,0.332685295059832,-0.06294261035814297,0.06294261035814297,-15.909547707875925
Band-Power Envelope Coherence Change,Alpha,Fast,Cz,F7,0.38553171155218224,0.2917187566570765,-0.09381295489510577,0.09381295489510577,-24.333395174525887
Band-Power Envelope Coherence Change,Alpha,Fast,Cz,F3,0.5999270349086337,0.620549314359103,0.02062227945046924,0.02062227945046924,3.437464599942545
Band-Power Envelope Coherence Change,Alpha,Fast,Cz,FC1,0.7705645295480293,0.8860716727442176,0.11550714319618827,0.11550714319618827,14.989937736160577
Band-Power Envelope Coherence Change,Alpha,Fast,Cz,C3,0.3531104050371833,0.45479660360124674,0.10168619856406347,0.10168619856406347,28.797281845420468
Band-Power Envelope Coherence Change,Alpha,Fast,Cz,FC5,0.6991755466546851,0.5578770127953642,-0.1412985338593209,0.1412985338593209,-20.209307166903344
Band-Power Envelope Coherence Change,Alpha,Fast,Cz,FT9,0.2251582267735136,0.019691066855251935,-0.20546715991826167,0.20546715991826167,-91.25456478431981
Band-Power Envelope Coherence Change,Alpha,Fast,Cz,T7,0.5677426265801429,0.113138253027527,-0.45460437355261585,0.45460437355261585,-80.07226378103276
Band-Power Envelope Coherence Change,Alpha,Fast,Cz,CP5,0.12331924703819547,0.21799157762214655,0.09467233058395108,0.09467233058395108,76.77011728317508
Band-Power Envelope Coherence Change,Alpha,Fast,Cz,CP1,0.04042517113171311,0.11309671667189347,0.07267154554018036,0.07267154554018036,179.7680591218829
Band-Power Envelope Coherence Change,Alpha,Fast,Cz,P3,0.045598129586861866,0.010374071758072532,-0.03522405782878933,0.03522405782878933,-77.24890943539579
Band-Power Envelope Coherence Change,Alpha,Fast,Cz,P7,0.01517958567216115,0.017487631113232604,0.0023080454410714536,0.0023080454410714536,15.20493043037618
Band-Power Envelope Coherence Change,Alpha,Fast,Cz,PO9,0.027598589815382928,0.07342739358354984,0.04582880376816691,0.04582880376816691,166.05487481328777
Band-Power Envelope Coherence Change,Alpha,Fast,Cz,O1,0.007543703471693797,0.08025729804067533,0.07271359456898153,0.07271359456898153,963.8978366769638
Band-Power Envelope Coherence Change,Alpha,Fast,Cz,Pz,0.03503316817873732,0.08759798106096786,0.05256481288223054,0.05256481288223054,150.04298958646197
Band-Power Envelope Coherence Change,Alpha,Fast,Cz,Oz,0.006094399225410297,0.039576442035639606,0.03348204281022931,0.03348204281022931,549.3903758491499
Band-Power Envelope Coherence Change,Alpha,Fast,Cz,O2,0.01051976787417986,0.011747477953448911,0.0012277100792690513,0.0012277100792690513,11.67050541374009
Band-Power Envelope Coherence Change,Alpha,Fast,Cz,PO10,0.04598210212094722,0.002194350148273831,-0.04378775197267339,0.04378775197267339,-95.22781680902277
Band-Power Envelope Coherence Change,Alpha,Fast,Cz,P8,0.0437348498746487,0.025219413642961576,-0.018515436231687124,0.018515436231687124,-42.3356574556799
Band-Power Envelope Coherence Change,Alpha,Fast,Cz,P4,0.028139734955078332,0.10482718214904752,0.07668744719396918,0.07668744719396918,272.52370115209465
Band-Power Envelope Coherence Change,Alpha,Fast,Cz,CP2,0.03999345749286452,0.29644731432505106,0.2564538568321865,0.2564538568321865,641.2395249346522
Band-Power Envelope Coherence Change,Alpha,Fast,Cz,CP6,0.09192493577951683,0.14080759175850666,0.04888265597898983,0.04888265597898983,53.17670941455486
Band-Power Envelope Coherence Change,Alpha,Fast,Cz,T8,0.14196354993703242,0.12863784524763072,-0.013325704689401696,0.013325704689401696,-9.386708556747333
Band-Power Envelope Coherence Change,Alpha,Fast,Cz,FT10,0.12204842491068024,0.05317916679973288,-0.06886925811094737,0.06886925811094737,-56.42781392824082
Band-Power Envelope Coherence Change,Alpha,Fast,Cz,FC6,0.4402784952808238,0.35552018327672796,-0.08475831200409584,0.08475831200409584,-19.251067883757134
Band-Power Envelope Coherence Change,Alpha,Fast,Cz,C4,0.5524192802493106,0.4386271285037548,-0.11379215174555585,0.11379215174555585,-20.598874046213712
Band-Power Envelope Coherence Change,Alpha,Fast,Cz,FC2,0.7733930547215566,0.7687126620132771,-0.004680392708279468,0.004680392708279468,-0.6051764597193781
Band-Power Envelope Coherence Change,Alpha,Fast,Cz,F4,0.5029550976455349,0.5310196663443146,0.028064568698779713,0.028064568698779713,5.579935232818464
Band-Power Envelope Coherence Change,Alpha,Fast,Cz,F8,0.2452851205885534,0.175249800855897,-0.07003531973265639,0.07003531973265639,-28.552616467158302
Band-Power Envelope Coherence Change,Alpha,Fast,Cz,Fp2,0.32557172590498257,0.3093180941631273,-0.01625363174185529,0.01625363174185529,-4.992335159533749
Band-Power Envelope Coherence Change,Alpha,Fast,Fz,Fp1,0.8001627033954067,0.7632458872446131,-0.036916816150793674,0.036916816150793674,-4.613663695413574
Band-Power Envelope Coherence Change,Alpha,Fast,Fz,F7,0.7747911480692029,0.6549574769708195,-0.11983367109838339,0.11983367109838339,-15.466577205613618
Band-Power Envelope Coherence Change,Alpha,Fast,Fz,F3,0.9410571594752679,0.9348515879957202,-0.0062055714795477,0.0062055714795477,-0.6594255637997503
Band-Power Envelope Coherence Change,Alpha,Fast,Fz,FC1,0.704353051206242,0.7985140181937094,0.09416096698746734,0.09416096698746734,13.368433177965466
Band-Power Envelope Coherence Change,Alpha,Fast,Fz,C3,0.18862087885417667,0.22275183695342726,0.0341309580992506,0.0341309580992506,18.09500533906288
Band-Power Envelope Coherence Change,Alpha,Fast,Fz,FC5,0.8035687004265208,0.6405706327081495,-0.16299806771837133,0.16299806771837133,-20.284272848339498
Band-Power Envelope Coherence Change,Alpha,Fast,Fz,FT9,0.566192495185868,0.13467057293492002,-0.431521922250948,0.431521922250948,-76.214701876133
Band-Power Envelope Coherence Change,Alpha,Fast,Fz,T7,0.5663611498284677,0.1873406788153703,-0.37902047101309744,0.37902047101309744,-66.9220463175997
Band-Power Envelope Coherence Change,Alpha,Fast,Fz,CP5,0.06825107955417278,0.07920803340324847,0.01095695384907569,0.01095695384907569,16.053890899086586
Band-Power Envelope Coherence Change,Alpha,Fast,Fz,CP1,0.09139205516508966,0.014347110736724953,-0.07704494442836471,0.07704494442836471,-84.30157773472926
Band-Power Envelope Coherence Change,Alpha,Fast,Fz,P3,0.10678598766035415,0.018417216549714822,-0.08836877111063932,0.08836877111063932,-82.75315240020718
Band-Power Envelope Coherence Change,Alpha,Fast,Fz,P7,0.02747446471313212,0.0381518794659822,0.010677414752850077,0.010677414752850077,38.86304925077042
Band-Power Envelope Coherence Change,Alpha,Fast,Fz,PO9,0.09053859281253523,0.12730752609687246,0.036768933284337224,0.036768933284337224,40.611337267488985
Band-Power Envelope Coherence Change,Alpha,Fast,Fz,O1,0.012742165219809302,0.06714309722548434,0.054400932005675036,0.054400932005675036,426.93632571254005
Band-Power Envelope Coherence Change,Alpha,Fast,Fz,Pz,0.08457748279046211,0.015412516271269768,-0.06916496651919234,0.06916496651919234,-81.77704542300725
Band-Power Envelope Coherence Change,Alpha,Fast,Fz,Oz,0.008331337324961604,0.03984907405627332,0.03151773673131171,0.03151773673131171,378.3034523987056
Band-Power Envelope Coherence Change,Alpha,Fast,Fz,O2,0.004984433762407444,0.023109159817190132,0.018124726054782686,0.018124726054782686,363.626580645513
Band-Power Envelope Coherence Change,Alpha,Fast,Fz,PO10,0.04757211102342428,0.0038082195590081603,-0.043763891464416116,0.043763891464416116,-91.99484850034716
Band-Power Envelope Coherence Change,Alpha,Fast,Fz,P8,0.05206086674411842,0.012923312151778617,-0.0391375545923398,0.0391375545923398,-75.17653285471158
Band-Power Envelope Coherence Change,Alpha,Fast,Fz,P4,0.04591966000779242,0.03612222403436101,-0.009797435973431412,0.009797435973431412,-21.336037705350645
Band-Power Envelope Coherence Change,Alpha,Fast,Fz,CP2,0.09081685381498389,0.08662049113021669,-0.004196362684767196,0.004196362684767196,-4.620687139543737
Band-Power Envelope Coherence Change,Alpha,Fast,Fz,CP6,0.10124163108295468,0.09380885171736084,-0.007432779365593847,0.007432779365593847,-7.341623486393287
Band-Power Envelope Coherence Change,Alpha,Fast,Fz,T8,0.31436005152859803,0.2029175914584456,-0.11144246007015243,0.11144246007015243,-35.45057952760077
Band-Power Envelope Coherence Change,Alpha,Fast,Fz,FT10,0.39833997048269687,0.11922302379113343,-0.27911694669156345,0.27911694669156345,-70.07003247837207
Band-Power Envelope Coherence Change,Alpha,Fast,Fz,FC6,0.7646135322403268,0.5506391378510762,-0.2139743943892506,0.2139743943892506,-27.98464653931811
Band-Power Envelope Coherence Change,Alpha,Fast,Fz,C4,0.4070215859997096,0.349858252171503,-0.0571633338282066,0.0571633338282066,-14.044300301126382
Band-Power Envelope Coherence Change,Alpha,Fast,Fz,FC2,0.8676097056569154,0.9177119730684888,0.05010226741157342,0.05010226741157342,5.774747226189478
Band-Power Envelope Coherence Change,Alpha,Fast,Fz,F4,0.8690612363744104,0.887557502754156,0.018496266379745663,0.018496266379745663,2.1283041522953248
Band-Power Envelope Coherence Change,Alpha,Fast,Fz,F8,0.5845090290704604,0.4532380647423984,-0.131270964328062,0.131270964328062,-22.458329606442707
Band-Power Envelope Coherence Change,Alpha,Fast,Fz,Fp2,0.7408977212676875,0.733522218507185,-0.0073755027605024726,0.0073755027605024726,-0.9954819064476097
Band-Power Envelope Coherence Change,Alpha,Fast,Fp1,F7,0.9094897262547876,0.8535937101189489,-0.05589601613583872,0.05589601613583872,-6.145865590589399
Band-Power Envelope Coherence Change,Alpha,Fast,Fp1,F3,0.86919927352868,0.7581240586453815,-0.11107521488329852,0.11107521488329852,-12.779027579299225
Band-Power Envelope Coherence Change,Alpha,Fast,Fp1,FC1,0.3763599400179295,0.45872115727183826,0.08236121725390877,0.08236121725390877,21.883630136083333
Band-Power Envelope Coherence Change,Alpha,Fast,Fp1,C3,0.08600705088184352,0.08996091347444087,0.003953862592597349,0.003953862592597349,4.597137737031775
Band-Power Envelope Coherence Change,Alpha,Fast,Fp1,FC5,0.5494787225229492,0.4999848061226165,-0.04949391640033268,0.04949391640033268,-9.007430928913822
Band-Power Envelope Coherence Change,Alpha,Fast,Fp1,FT9,0.7578808971658182,0.3364788040252127,-0.4214020931406055,0.4214020931406055,-55.602680410139186
Band-Power Envelope Coherence Change,Alpha,Fast,Fp1,T7,0.33833306345304326,0.16951759396065624,-0.16881546949238702,0.16881546949238702,-49.896237680541276
Band-Power Envelope Coherence Change,Alpha,Fast,Fp1,CP5,0.09915838776043234,0.03252411365168445,-0.06663427410874789,0.06663427410874789,-67.19983615479606
Band-Power Envelope Coherence Change,Alpha,Fast,Fp1,CP1,0.15405576646850683,0.023886132334691293,-0.13016963413381555,0.13016963413381555,-84.49513907707295
Band-Power Envelope Coherence Change,Alpha,Fast,Fp1,P3,0.1692254930483882,0.04359212926265681,-0.12563336378573137,0.12563336378573137,-74.24021140231388
Band-Power Envelope Coherence Change,Alpha,Fast,Fp1,P7,0.06919711281327043,0.12486208468335494,0.05566497187008451,0.05566497187008451,80.4440671105706
Band-Power Envelope Coherence Change,Alpha,Fast,Fp1,PO9,0.18223802699520275,0.11685383096479027,-0.06538419603041248,0.06538419603041248,-35.87845912759671
Band-Power Envelope Coherence Change,Alpha,Fast,Fp1,O1,0.028141985476111988,0.08905030324605327,0.06090831776994128,0.06090831776994128,216.43219815333438
Band-Power Envelope Coherence Change,Alpha,Fast,Fp1,Pz,0.1426565774845126,0.02676268527932451,-0.11589389220518809,0.11589389220518809,-81.23978175332996
Band-Power Envelope Coherence Change,Alpha,Fast,Fp1,Oz,0.02129877249214429,0.06581121995539829,0.044512447463254,0.044512447463254,208.9906706110491
Band-Power Envelope Coherence Change,Alpha,Fast,Fp1,O2,0.009873367759580264,0.04785241550745008,0.03797904774786981,0.03797904774786981,384.6615326469352
Band-Power Envelope Coherence Change,Alpha,Fast,Fp1,PO10,0.066481102789267,0.0054225789212059075,-0.06105852386806109,0.06105852386806109,-91.84342814168637
Band-Power Envelope Coherence Change,Alpha,Fast,Fp1,P8,0.06840477281987266,0.014653968430971106,-0.05375080438890155,0.05375080438890155,-78.5775643615413
Band-Power Envelope Coherence Change,Alpha,Fast,Fp1,P4,0.08029560871937,0.030593115314575,-0.049702493404795,0.049702493404795,-61.89939175690575
Band-Power Envelope Coherence Change,Alpha,Fast,Fp1,CP2,0.15885524835830261,0.050573081620053945,-0.10828216673824867,0.10828216673824867,-68.16404736846661
Band-Power Envelope Coherence Change,Alpha,Fast,Fp1,CP6,0.09419973194683212,0.06818776080533655,-0.026011971141495574,0.026011971141495574,-27.61363605172163
Band-Power Envelope Coherence Change,Alpha,Fast,Fp1,T8,0.354818956174142,0.18873247077967503,-0.16608648539446697,0.16608648539446697,-46.8087971356731
Band-Power Envelope Coherence Change,Alpha,Fast,Fp1,FT10,0.5208927203072029,0.23680462054225893,-0.284088099764944,0.284088099764944,-54.538696489634084
Band-Power Envelope Coherence Change,Alpha,Fast,Fp1,FC6,0.7365700769205648,0.4499045938051701,-0.28666548311539464,0.28666548311539464,-38.9189694365374
Band-Power Envelope Coherence Change,Alpha,Fast,Fp1,C4,0.17435307205962658,0.21463154018970615,0.04027846813007957,0.04027846813007957,23.101668157762564
Band-Power Envelope Coherence Change,Alpha,Fast,Fp1,FC2,0.5801095677143342,0.6024736289841413,0.022364061269807056,0.022364061269807056,3.855144357974093
Band-Power Envelope Coherence Change,Alpha,Fast,Fp1,F4,0.8172670307798691,0.7541573011321397,-0.06310972964772932,0.06310972964772932,-7.722045215442923
Band-Power Envelope Coherence Change,Alpha,Fast,Fp1,F8,0.6903650437673008,0.5478461980267849,-0.14251884574051588,0.14251884574051588,-20.643983502234544
Band-Power Envelope Coherence Change,Alpha,Fast,Fp1,Fp2,0.9397145870409407,0.9353603639996048,-0.004354223041335925,0.004354223041335925,-0.463355906291388
Band-Power Envelope Coherence Change,Alpha,Fast,F7,F3,0.8597220879622445,0.7055154969982607,-0.15420659096398381,0.15420659096398381,-17.936795288055453
Band-Power Envelope Coherence Change,Alpha,Fast,F7,FC1,0.39510740922486465,0.4237062358864486,0.028598826661583976,0.028598826661583976,7.238241043793671
Band-Power Envelope Coherence Change,Alpha,Fast,F7,C3,0.0978448269341223,0.10343589328020222,0.00559106634607992,0.00559106634607992,5.714217625265274
Band-Power Envelope Coherence Change,Alpha,Fast,F7,FC5,0.6114170819680292,0.6226336885345458,0.011216606566516574,0.011216606566516574,1.834526201069254
Band-Power Envelope Coherence Change,Alpha,Fast,F7,FT9,0.8554406640068899,0.463335254223341,-0.3921054097835489,0.3921054097835489,-45.83665779306358
Band-Power Envelope Coherence Change,Alpha,Fast,F7,T7,0.4051389915106623,0.25817177498533733,-0.14696721652532496,0.14696721652532496,-36.27575217515373
Band-Power Envelope Coherence Change,Alpha,Fast,F7,CP5,0.11455935071112831,0.04852132899580184,-0.06603802171532647,0.06603802171532647,-57.645247904596864
Band-Power Envelope Coherence Change,Alpha,Fast,F7,CP1,0.17669199302295754,0.02382244261270247,-0.15286955041025507,0.15286955041025507,-86.51753132378374
Band-Power Envelope Coherence Change,Alpha,Fast,F7,P3,0.19297014217853636,0.04637310134788446,-0.1465970408306519,0.1465970408306519,-75.96876862692055
Band-Power Envelope Coherence Change,Alpha,Fast,F7,P7,0.09899897743578229,0.13935094805942544,0.04035197062364315,0.04035197062364315,40.759987293624604
Band-Power Envelope Coherence Change,Alpha,Fast,F7,PO9,0.17524687313033038,0.2097582493173334,0.03451137618700301,0.03451137618700301,19.693005398924885
Band-Power Envelope Coherence Change,Alpha,Fast,F7,O1,0.03982503231647824,0.11040134663108755,0.07057631431460931,0.07057631431460931,177.21596244733553
Band-Power Envelope Coherence Change,Alpha,Fast,F7,Pz,0.1722266624703788,0.02775273305180164,-0.14447392941857715,0.14447392941857715,-83.88592529535035
Band-Power Envelope Coherence Change,Alpha,Fast,F7,Oz,0.031231260035188838,0.08531690069325298,0.05408564065806415,0.05408564065806415,173.1779012346119
Band-Power Envelope Coherence Change,Alpha,Fast,F7,O2,0.013991689896738133,0.07758486808210892,0.06359317818537079,0.06359317818537079,454.5067726250579
Band-Power Envelope Coherence Change,Alpha,Fast,F7,PO10,0.06323884645976471,0.03725707804647762,-0.025981768413287094,0.025981768413287094,-41.08513970098714
Band-Power Envelope Coherence Change,Alpha,Fast,F7,P8,0.06749402502126399,0.04838974940570055,-0.019104275615563437,0.019104275615563437,-28.30513606136934
Band-Power Envelope Coherence Change,Alpha,Fast,F7,P4,0.1036613177652928,0.046505391036612484,-0.05715592672868032,0.05715592672868032,-55.13717938459094
Band-Power Envelope Coherence Change,Alpha,Fast,F7,CP2,0.1897907267011523,0.05696445326162786,-0.13282627343952444,0.13282627343952444,-69.98564985141499
Band-Power Envelope Coherence Change,Alpha,Fast,F7,CP6,0.10985393618898251,0.08124782279340172,-0.028606113395580793,0.028606113395580793,-26.040135099364573
Band-Power Envelope Coherence Change,Alpha,Fast,F7,T8,0.34127078620803175,0.16951442539274433,-0.17175636081528742,0.17175636081528742,-50.328468698925846
Band-Power Envelope Coherence Change,Alpha,Fast,F7,FT10,0.4605504445481923,0.21781798984001838,-0.2427324547081739,0.2427324547081739,-52.70485732486883
Band-Power Envelope Coherence Change,Alpha,Fast,F7,FC6,0.6909616104936007,0.419279706354336,-0.27168190413926474,0.27168190413926474,-39.31939199128356
Band-Power Envelope Coherence Change,Alpha,Fast,F7,C4,0.18012724808611932,0.20467155245427354,0.02454430436815422,0.02454430436815422,13.626091903885369
Band-Power Envelope Coherence Change,Alpha,Fast,F7,FC2,0.5702206255469067,0.5110054384990366,-0.0592151870478701,0.0592151870478701,-10.3846098150301
Band-Power Envelope Coherence Change,Alpha,Fast,F7,F4,0.7604914337114681,0.660324903720454,-0.10016652999101405,0.10016652999101405,-13.171289714884207
Band-Power Envelope Coherence Change,Alpha,Fast,F7,F8,0.5881720451251741,0.4779523143118627,-0.11021973081331138,0.11021973081331138,-18.739369156834808
Band-Power Envelope Coherence Change,Alpha,Fast,F7,Fp2,0.8394727137003617,0.7867731021047702,-0.052699611595591445,0.052699611595591445,-6.2777039367120935
Band-Power Envelope Coherence Change,Alpha,Fast,F3,FC1,0.5897059720583997,0.8029350046785122,0.2132290326201125,0.2132290326201125,36.15853369702623
Band-Power Envelope Coherence Change,Alpha,Fast,F3,C3,0.12933760515988102,0.2738990905313269,0.14456148537144586,0.14456148537144586,111.77065262090309
Band-Power Envelope Coherence Change,Alpha,Fast,F3,FC5,0.8044183950308043,0.7732700906558552,-0.031148304374949087,0.031148304374949087,-3.8721521744609406
Band-Power Envelope Coherence Change,Alpha,Fast,F3,FT9,0.6336256967913781,0.14910370868904013,-0.48452198810233804,0.48452198810233804,-76.46817207002691
Band-Power Envelope Coherence Change,Alpha,Fast,F3,T7,0.5648930540082018,0.25242932709125265,-0.3124637269169491,0.3124637269169491,-55.31378456503599
Band-Power Envelope Coherence Change,Alpha,Fast,F3,CP5,0.05669568915181831,0.12282596486747199,0.06613027571565369,0.06613027571565369,116.64074765644294
Band-Power Envelope Coherence Change,Alpha,Fast,F3,CP1,0.14024683642817393,0.012671837759307705,-0.12757499866886624,0.12757499866886624,-90.96461775392883
Band-Power Envelope Coherence Change,Alpha,Fast,F3,P3,0.15555143030415006,0.020943291899332184,-0.13460813840481786,0.13460813840481786,-86.5360981519863
Band-Power Envelope Coherence Change,Alpha,Fast,F3,P7,0.049836892558651064,0.03888278884747761,-0.010954103711173453,0.010954103711173453,-21.979909157221233
Band-Power Envelope Coherence Change,Alpha,Fast,F3,PO9,0.0939519495147236,0.17690081525845847,0.08294886574373486,0.08294886574373486,88.28860515633642
Band-Power Envelope Coherence Change,Alpha,Fast,F3,O1,0.028814851173718247,0.06757039617562234,0.03875554500190409,0.03875554500190409,134.4985083152283
Band-Power Envelope Coherence Change,Alpha,Fast,F3,Pz,0.1317488013750709,0.012483404605892577,-0.11926539676917831,0.11926539676917831,-90.52484388806391
Band-Power Envelope Coherence Change,Alpha,Fast,F3,Oz,0.020926707996491507,0.044793969289317975,0.02386726129282647,0.02386726129282647,114.05167643581572
Band-Power Envelope Coherence Change,Alpha,Fast,F3,O2,0.007015580936511345,0.025192272047363587,0.018176691110852242,0.018176691110852242,259.09032017940075
Band-Power Envelope Coherence Change,Alpha,Fast,F3,PO10,0.044279105080344966,0.0047454916449367075,-0.03953361343540826,0.03953361343540826,-89.28277426491354
Band-Power Envelope Coherence Change,Alpha,Fast,F3,P8,0.05577143572197123,0.015305918815274478,-0.04046551690669675,0.04046551690669675,-72.55598924944891
Band-Power Envelope Coherence Change,Alpha,Fast,F3,P4,0.07521029003309591,0.022881981670983383,-0.05232830836211253,0.05232830836211253,-69.57599596954847
Band-Power Envelope Coherence Change,Alpha,Fast,F3,CP2,0.14005701704680504,0.06714734343085195,-0.07290967361595309,0.07290967361595309,-52.05713726688019
Band-Power Envelope Coherence Change,Alpha,Fast,F3,CP6,0.07791777097471,0.08354880604063888,0.00563103506592888,0.00563103506592888,7.226894449735428
Band-Power Envelope Coherence Change,Alpha,Fast,F3,T8,0.30720890513139254,0.18610640367999434,-0.1211025014513982,0.1211025014513982,-39.42024447488035
Band-Power Envelope Coherence Change,Alpha,Fast,F3,FT10,0.42046979723868616,0.12263545546402307,-0.29783434177466306,0.29783434177466306,-70.83370642329223
Band-Power Envelope Coherence Change,Alpha,Fast,F3,FC6,0.7130595153430412,0.5226242149814402,-0.19043530036160106,0.19043530036160106,-26.706789021668936
Band-Power Envelope Coherence Change,Alpha,Fast,F3,C4,0.26922098628800595,0.33006239237462776,0.06084140608662181,0.06084140608662181,22.599057720387066
Band-Power Envelope Coherence Change,Alpha,Fast,F3,FC2,0.7354958903410873,0.8403169871329053,0.10482109679181795,0.10482109679181795,14.25175832637311
Band-Power Envelope Coherence Change,Alpha,Fast,F3,F4,0.8312323379005955,0.831380083119147,0.00014774521855154266,0.00014774521855154266,0.01777423853897405
Band-Power Envelope Coherence Change,Alpha,Fast,F3,F8,0.591385248457819,0.4390153841897863,-0.15236986426803273,0.15236986426803273,-25.764907843977213
Band-Power Envelope Coherence Change,Alpha,Fast,F3,Fp2,0.7889857092078801,0.709531013536042,-0.07945469567183816,0.07945469567183816,-10.070486036002917
Band-Power Envelope Coherence Change,Alpha,Fast,FC1,C3,0.5284019802654607,0.4741537780356817,-0.054248202229779,0.054248202229779,-10.26646459623894
Band-Power Envelope Coherence Change,Alpha,Fast,FC1,FC5,0.8013219937349761,0.7123255969169165,-0.0889963968180596,0.0889963968180596,-11.106196699187777
Band-Power Envelope Coherence Change,Alpha,Fast,FC1,FT9,0.22178007767802155,0.045041116606304527,-0.17673896107171702,0.17673896107171702,-79.69108989505594
Band-Power Envelope Coherence Change,Alpha,Fast,FC1,T7,0.7280266545773814,0.1847103083153147,-0.5433163462620667,0.5433163462620667,-74.6286338344935
Band-Power Envelope Coherence Change,Alpha,Fast,FC1,CP5,0.21632333476916477,0.20902350649093665,-0.007299828278228115,0.007299828278228115,-3.374498773337443
Band-Power Envelope Coherence Change,Alpha,Fast,FC1,CP1,0.05006056614892855,0.055841514180893115,0.005780948031964564,0.005780948031964564,11.547907817834963
Band-Power Envelope Coherence Change,Alpha,Fast,FC1,P3,0.04122647791211945,0.0065550480034265775,-0.03467142990869287,0.03467142990869287,-84.09990778887376
Band-Power Envelope Coherence Change,Alpha,Fast,FC1,P7,0.005946600112725071,0.019229843940029565,0.013283243827304492,0.013283243827304492,223.37543429025618
Band-Power Envelope Coherence Change,Alpha,Fast,FC1,PO9,0.0075267708332301415,0.10418319528008337,0.09665642444685323,0.09665642444685323,1284.1685576518712
Band-Power Envelope Coherence Change,Alpha,Fast,FC1,O1,0.015090813437543833,0.07461164350486436,0.059520830067320535,0.059520830067320535,394.41763900705996
Band-Power Envelope Coherence Change,Alpha,Fast,FC1,Pz,0.047330799306534097,0.040086389038738006,-0.007244410267796091,0.007244410267796091,-15.305911528935425
Band-Power Envelope Coherence Change,Alpha,Fast,FC1,Oz,0.014995036457578895,0.03827138359843593,0.023276347140857037,0.023276347140857037,155.22701266319726
Band-Power Envelope Coherence Change,Alpha,Fast,FC1,O2,0.007913661201371882,0.015888325494677495,0.007974664293305614,0.007974664293305614,100.77085801857623
Band-Power Envelope Coherence Change,Alpha,Fast,FC1,PO10,0.007082893135479561,0.0023394356591942386,-0.004743457476285323,0.004743457476285323,-66.9706204167396
Band-Power Envelope Coherence Change,Alpha,Fast,FC1,P8,0.00839876271301291,0.01235039973745964,0.00395163702444673,0.00395163702444673,47.05022822378499
Band-Power Envelope Coherence Change,Alpha,Fast,FC1,P4,0.04592312311494333,0.05848117909864958,0.012558055983706254,0.012558055983706254,27.345823044904968
Band-Power Envelope Coherence Change,Alpha,Fast,FC1,CP2,0.05667121604646848,0.18998032855019814,0.13330911250372968,0.13330911250372968,235.23248979591457
Band-Power Envelope Coherence Change,Alpha,Fast,FC1,CP6,0.10734727698290164,0.12100410410460605,0.013656827121704407,0.013656827121704407,12.722099251646297
Band-Power Envelope Coherence Change,Alpha,Fast,FC1,T8,0.19513325100716022,0.1500861392591015,-0.04504711174805873,0.04504711174805873,-23.085307868112015
Band-Power Envelope Coherence Change,Alpha,Fast,FC1,FT10,0.1542287205740003,0.05745309833165691,-0.0967756222423434,0.0967756222423434,-62.74811972904203
Band-Power Envelope Coherence Change,Alpha,Fast,FC1,FC6,0.45083177942226027,0.4330831576554386,-0.01774862176682168,0.01774862176682168,-3.936861281067296
Band-Power Envelope Coherence Change,Alpha,Fast,FC1,C4,0.582699370569523,0.4246839604978012,-0.15801541007172182,0.15801541007172182,-27.117827485771873
Band-Power Envelope Coherence Change,Alpha,Fast,FC1,FC2,0.799194260043776,0.8536698666008454,0.0544756065570694,0.0544756065570694,6.816316042370661
Band-Power Envelope Coherence Change,Alpha,Fast,FC1,F4,0.4997632076181654,0.6579305468657265,0.1581673392475611,0.1581673392475611,31.648456076103518
Band-Power Envelope Coherence Change,Alpha,Fast,FC1,F8,0.24686820997224787,0.25142916964632545,0.004560959674077575,0.004560959674077575,1.8475281505829784
Band-Power Envelope Coherence Change,Alpha,Fast,FC1,Fp2,0.30234594211992283,0.4187123998350569,0.1163664577151341,0.1163664577151341,38.48785166396524
Band-Power Envelope Coherence Change,Alpha,Fast,C3,FC5,0.3431706835057873,0.40950021862064906,0.06632953511486178,0.06632953511486178,19.328438675835546
Band-Power Envelope Coherence Change,Alpha,Fast,C3,FT9,0.08971470101925089,0.007257507401075343,-0.08245719361817555,0.08245719361817555,-91.9104591347654
Band-Power Envelope Coherence Change,Alpha,Fast,C3,T7,0.41940001187624876,0.1302598816361267,-0.2891401302401221,0.2891401302401221,-68.94137387994111
Band-Power Envelope Coherence Change,Alpha,Fast,C3,CP5,0.7616838515375315,0.39692075717655867,-0.3647630943609728,0.3647630943609728,-47.88904131611347
Band-Power Envelope Coherence Change,Alpha,Fast,C3,CP1,0.1910189371708912,0.08523214851780303,-0.10578678865308816,0.10578678865308816,-55.380262407411564
Band-Power Envelope Coherence Change,Alpha,Fast,C3,P3,0.2142832878661626,0.02185671935429536,-0.19242656851186724,0.19242656851186724,-89.80008213802157
Band-Power Envelope Coherence Change,Alpha,Fast,C3,P7,0.06628559884385088,0.011756991204193618,-0.054528607639657264,0.054528607639657264,-82.26312893108263
Band-Power Envelope Coherence Change,Alpha,Fast,C3,PO9,0.12023940121595939,0.07936049100408689,-0.040878910211872496,0.040878910211872496,-33.99793229047337
Band-Power Envelope Coherence Change,Alpha,Fast,C3,O1,0.03241428737438595,0.06742030628756973,0.03500601891318378,0.03500601891318378,107.99564558943793
Band-Power Envelope Coherence Change,Alpha,Fast,C3,Pz,0.17279175709715947,0.0473756141520032,-0.12541614294515627,0.12541614294515627,-72.58224874386556
Band-Power Envelope Coherence Change,Alpha,Fast,C3,Oz,0.03381575025102987,0.041554311548888986,0.007738561297859117,0.007738561297859117,22.884487969103795
Band-Power Envelope Coherence Change,Alpha,Fast,C3,O2,0.024068217839153458,0.023376418869718422,-0.0006917989694350361,0.0006917989694350361,-2.8743256939848627
Band-Power Envelope Coherence Change,Alpha,Fast,C3,PO10,0.052592203702802626,0.003407946097083961,-0.049184257605718665,0.049184257605718665,-93.52005457625965
Band-Power Envelope Coherence Change,Alpha,Fast,C3,P8,0.04290258875031633,0.007745769379508794,-0.035156819370807536,0.035156819370807536,-81.94568298759901
Band-Power Envelope Coherence Change,Alpha,Fast,C3,P4,0.12869123736096744,0.03428288312483921,-0.09440835423612823,0.09440835423612823,-73.36035939364015
Band-Power Envelope Coherence Change,Alpha,Fast,C3,CP2,0.21946232282714784,0.13661744332076253,-0.0828448795063853,0.0828448795063853,-37.74902153552585
Band-Power Envelope Coherence Change,Alpha,Fast,C3,CP6,0.13888962119577147,0.07988049223423956,-0.05900912896153192,0.05900912896153192,-42.486348838374155
Band-Power Envelope Coherence Change,Alpha,Fast,C3,T8,0.11420889675860406,0.05304704774442138,-0.06116184901418268,0.06116184901418268,-53.55261345660007
Band-Power Envelope Coherence Change,Alpha,Fast,C3,FT10,0.0958945080624195,0.025808837957380117,-0.07008567010503938,0.07008567010503938,-73.08621893072264
Band-Power Envelope Coherence Change,Alpha,Fast,C3,FC6,0.15740195992209907,0.1375630243944645,-0.019838935527634577,0.019838935527634577,-12.603995234527707
Band-Power Envelope Coherence Change,Alpha,Fast,C3,C4,0.3496578378808889,0.21705383822986268,-0.1326039996510262,0.1326039996510262,-37.92393170840284
Band-Power Envelope Coherence Change,Alpha,Fast,C3,FC2,0.2804242090803033,0.2772694945477232,-0.003154714532580094,0.003154714532580094,-1.124979381390249
Band-Power Envelope Coherence Change,Alpha,Fast,C3,F4,0.13207450914142665,0.16492621409506106,0.0328517049536344,0.0328517049536344,24.87361502775413
Band-Power Envelope Coherence Change,Alpha,Fast,C3,F8,0.09562132268753973,0.030945356729619157,-0.06467596595792058,0.06467596595792058,-67.63759812156249
Band-Power Envelope Coherence Change,Alpha,Fast,C3,Fp2,0.11478664818313311,0.07426004879223792,-0.04052659939089519,0.04052659939089519,-35.30602211351112
Band-Power Envelope Coherence Change,Alpha,Fast,FC5,FT9,0.40470742210403154,0.14855041738942273,-0.2561570047146088,0.2561570047146088,-63.29436791222541
Band-Power Envelope Coherence Change,Alpha,Fast,FC5,T7,0.8526567659713042,0.4310507880362016,-0.4216059779351026,0.4216059779351026,-49.44615404005268
Band-Power Envelope Coherence Change,Alpha,Fast,FC5,CP5,0.13564768903813187,0.2476613346214278,0.11201364558329593,0.11201364558329593,82.57689193054209
Band-Power Envelope Coherence Change,Alpha,Fast,FC5,CP1,0.07326850393693235,0.022649249931080615,-0.05061925400585174,0.05061925400585174,-69.08733123501948
Band-Power Envelope Coherence Change,Alpha,Fast,FC5,P3,0.07310581288012405,0.013417168030923316,-0.05968864484920074,0.05968864484920074,-81.646920398896
Band-Power Envelope Coherence Change,Alpha,Fast,FC5,P7,0.02442756645296142,0.021391936656449412,-0.003035629796512007,0.003035629796512007,-12.427065964010465
Band-Power Envelope Coherence Change,Alpha,Fast,FC5,PO9,0.016456909845337292,0.295231829095396,0.2787749192500587,0.2787749192500587,1693.9688062339571
Band-Power Envelope Coherence Change,Alpha,Fast,FC5,O1,0.023485815155021267,0.06537250681015877,0.041886691655137503,0.041886691655137503,178.34889433753432
Band-Power Envelope Coherence Change,Alpha,Fast,FC5,Pz,0.07071363747920699,0.015551888402382138,-0.05516174907682485,0.05516174907682485,-78.00722893521763
Band-Power Envelope Coherence Change,Alpha,Fast,FC5,Oz,0.017531605267135517,0.04062156950177253,0.023089964234637012,0.023089964234637012,131.7047919047157
Band-Power Envelope Coherence Change,Alpha,Fast,FC5,O2,0.004718646104336958,0.02582771977274185,0.02110907366840489,0.02110907366840489,447.3544572245694
Band-Power Envelope Coherence Change,Alpha,Fast,FC5,PO10,0.014153155031638418,0.02273833519138784,0.008585180159749423,0.008585180159749423,60.65912611398544
Band-Power Envelope Coherence Change,Alpha,Fast,FC5,P8,0.025087230833473126,0.037392772010490155,0.01230554117701703,0.01230554117701703,49.05101427375604
Band-Power Envelope Coherence Change,Alpha,Fast,FC5,P4,0.04510012684301393,0.035779184267622326,-0.009320942575391601,0.009320942575391601,-20.667220311455573
Band-Power Envelope Coherence Change,Alpha,Fast,FC5,CP2,0.06989347269047297,0.09621276688726406,0.02631929419679109,0.02631929419679109,37.65629776810134
Band-Power Envelope Coherence Change,Alpha,Fast,FC5,CP6,0.06685237807427817,0.08276186881066425,0.015909490736386075,0.015909490736386075,23.797942862570125
Band-Power Envelope Coherence Change,Alpha,Fast,FC5,T8,0.21152064915059454,0.11488858111703931,-0.09663206803355523,0.09663206803355523,-45.684460794537806
Band-Power Envelope Coherence Change,Alpha,Fast,FC5,FT10,0.22958019625590806,0.0851863043252747,-0.14439389193063334,0.14439389193063334,-62.894750629832465
Band-Power Envelope Coherence Change,Alpha,Fast,FC5,FC6,0.5123949789987756,0.3468520815379693,-0.1655428974608063,0.1655428974608063,-32.30767362011989
Band-Power Envelope Coherence Change,Alpha,Fast,FC5,C4,0.3854420513876433,0.25997681306725773,-0.12546523832038559,0.12546523832038559,-32.55099900716433
Band-Power Envelope Coherence Change,Alpha,Fast,FC5,FC2,0.7393450837285341,0.5884571251155557,-0.15088795861297843,0.15088795861297843,-20.408326495125525
Band-Power Envelope Coherence Change,Alpha,Fast,FC5,F4,0.5976649123021356,0.544222369488307,-0.05344254281382854,0.05344254281382854,-8.941890633661945
Band-Power Envelope Coherence Change,Alpha,Fast,FC5,F8,0.34349940490987113,0.2631758055465334,-0.08032359936333772,0.08032359936333772,-23.38391223251562
Band-Power Envelope Coherence Change,Alpha,Fast,FC5,Fp2,0.43991431989559665,0.44441675934137176,0.004502439445775108,0.004502439445775108,1.0234809921267525
Band-Power Envelope Coherence Change,Alpha,Fast,FT9,T7,0.26032318977782254,0.14556774240240788,-0.11475544737541465,0.11475544737541465,-44.08191505080847
Band-Power Envelope Coherence Change,Alpha,Fast,FT9,CP5,0.15899915398673725,0.037286619309910785,-0.12171253467682647,0.12171253467682647,-76.54917125343886
Band-Power Envelope Coherence Change,Alpha,Fast,FT9,CP1,0.15616679186621654,0.099316745388791,-0.056850046477425545,0.056850046477425545,-36.403415731385
Band-Power Envelope Coherence Change,Alpha,Fast,FT9,P3,0.17947134348785154,0.16837214207157453,-0.011099201416277016,0.011099201416277016,-6.1843864321594735
Band-Power Envelope Coherence Change,Alpha,Fast,FT9,P7,0.09471578916263299,0.2841503800241994,0.18943459086156642,0.18943459086156642,200.00318060624005
Band-Power Envelope Coherence Change,Alpha,Fast,FT9,PO9,0.2258204471407445,0.13751206163970847,-0.08830838550103604,0.08830838550103604,-39.10557552213024
Band-Power Envelope Coherence Change,Alpha,Fast,FT9,O1,0.026696908913753953,0.2092315195703037,0.18253461065654975,0.18253461065654975,683.7293832264976
Band-Power Envelope Coherence Change,Alpha,Fast,FT9,Pz,0.149182191907838,0.11859120375286979,-0.030590988154968204,0.030590988154968204,-20.50579078089076
Band-Power Envelope Coherence Change,Alpha,Fast,FT9,Oz,0.019986614897941624,0.2114928782538077,0.19150626335586607,0.19150626335586607,958.1725786670802
Band-Power Envelope Coherence Change,Alpha,Fast,FT9,O2,0.008728996210182876,0.16299474750251522,0.15426575129233233,0.15426575129233233,1767.2793936188502
Band-Power Envelope Coherence Change,Alpha,Fast,FT9,PO10,0.07192078892889268,0.10559174431613491,0.03367095538724223,0.03367095538724223,46.81672140795388
Band-Power Envelope Coherence Change,Alpha,Fast,FT9,P8,0.06693329600319499,0.04597663328565678,-0.02095666271753821,0.02095666271753821,-31.30977251820658
Band-Power Envelope Coherence Change,Alpha,Fast,FT9,P4,0.08312702449321073,0.06665926742431694,-0.016467757068893793,0.016467757068893793,-19.810353094304215
Band-Power Envelope Coherence Change,Alpha,Fast,FT9,CP2,0.16832885350237747,0.0550383622211126,-0.11329049128126487,0.11329049128126487,-67.3030730763367
Band-Power Envelope Coherence Change,Alpha,Fast,FT9,CP6,0.1025046372783389,0.030120111101238,-0.07238452617710091,0.07238452617710091,-70.61585514472824
Band-Power Envelope Coherence Change,Alpha,Fast,FT9,T8,0.306593484820022,0.05912174257028515,-0.24747174224973686,0.24747174224973686,-80.71656917139283
Band-Power Envelope Coherence Change,Alpha,Fast,FT9,FT10,0.4635600815850963,0.23180111387666252,-0.2317589677084338,0.2317589677084338,-49.99545407705463
Band-Power Envelope Coherence Change,Alpha,Fast,FT9,FC6,0.594754204582888,0.11190021978883427,-0.4828539847940537,0.4828539847940537,-81.18546805947982
Band-Power Envelope Coherence Change,Alpha,Fast,FT9,C4,0.11166239371224315,0.04456906041483087,-0.06709333329741228,0.06709333329741228,-60.0858812594628
Band-Power Envelope Coherence Change,Alpha,Fast,FT9,FC2,0.40822089446788956,0.08110634371674033,-0.32711455075114926,0.32711455075114926,-80.13175101620868
Band-Power Envelope Coherence Change,Alpha,Fast,FT9,F4,0.6211140066607714,0.1563537054912858,-0.46476030116948563,0.46476030116948563,-74.82689106757172
Band-Power Envelope Coherence Change,Alpha,Fast,FT9,F8,0.5484370951225135,0.2378719718308842,-0.3105651232916293,0.3105651232916293,-56.627300752195325
Band-Power Envelope Coherence Change,Alpha,Fast,FT9,Fp2,0.7267775582434506,0.29955583257291973,-0.42722172567053085,0.42722172567053085,-58.783010128034704
Band-Power Envelope Coherence Change,Alpha,Fast,T7,CP5,0.25317301922328306,0.08635429248813103,-0.16681872673515202,0.16681872673515202,-65.89119458579752
Band-Power Envelope Coherence Change,Alpha,Fast,T7,CP1,0.05519260879422717,0.02137090407881046,-0.033821704715416706,0.033821704715416706,-61.27940942511538
Band-Power Envelope Coherence Change,Alpha,Fast,T7,P3,0.047299812971178495,0.016596196334280208,-0.030703616636898287,0.030703616636898287,-64.91276541750202
Band-Power Envelope Coherence Change,Alpha,Fast,T7,P7,0.01772809149603216,0.03632028875653272,0.018592197260500556,0.018592197260500556,104.87421764864986
Band-Power Envelope Coherence Change,Alpha,Fast,T7,PO9,0.010080913074416045,0.31795689652990833,0.3078759834554923,0.3078759834554923,3054.0485884839013
Band-Power Envelope Coherence Change,Alpha,Fast,T7,O1,0.01873693352811996,0.1152569174623982,0.09651998393427824,0.09651998393427824,515.1322322269183
Band-Power Envelope Coherence Change,Alpha,Fast,T7,Pz,0.052451748770977476,0.021660725064608782,-0.030791023706368693,0.030791023706368693,-58.703521670579526
Band-Power Envelope Coherence Change,Alpha,Fast,T7,Oz,0.014944397152372989,0.12230024701886878,0.1073558498664958,0.1073558498664958,718.368554929959
Band-Power Envelope Coherence Change,Alpha,Fast,T7,O2,0.005243405403321399,0.10949513188088843,0.10425172647756703,0.10425172647756703,1988.244632229457
Band-Power Envelope Coherence Change,Alpha,Fast,T7,PO10,0.0058368883765084175,0.04406135442830208,0.03822446605179366,0.03822446605179366,654.8774550089862
Band-Power Envelope Coherence Change,Alpha,Fast,T7,P8,0.015361346094980136,0.03336141017353564,0.018000064078555502,0.018000064078555502,117.17764815179615
Band-Power Envelope Coherence Change,Alpha,Fast,T7,P4,0.03977628980426662,0.045453852009280545,0.0056775622050139266,0.0056775622050139266,14.273735013879852
Band-Power Envelope Coherence Change,Alpha,Fast,T7,CP2,0.054816304038529384,0.030750505250486792,-0.024065798788042592,0.024065798788042592,-43.90262935481236
Band-Power Envelope Coherence Change,Alpha,Fast,T7,CP6,0.06370180138339174,0.02387042657845869,-0.03983137480493305,0.03983137480493305,-62.52786254066253
Band-Power Envelope Coherence Change,Alpha,Fast,T7,T8,0.19895312768547524,0.014716094258319332,-0.18423703342715592,0.18423703342715592,-92.6032355311428
Band-Power Envelope Coherence Change,Alpha,Fast,T7,FT10,0.14525086012477578,0.012359792847092314,-0.13289106727768346,0.13289106727768346,-91.49072657024212
Band-Power Envelope Coherence Change,Alpha,Fast,T7,FC6,0.3600674671744356,0.0628605477316659,-0.2972069194427697,0.2972069194427697,-82.54200852274917
Band-Power Envelope Coherence Change,Alpha,Fast,T7,C4,0.32894342814410854,0.038029557360171995,-0.29091387078393655,0.29091387078393655,-88.4388760782564
Band-Power Envelope Coherence Change,Alpha,Fast,T7,FC2,0.5646149081825447,0.12669779359965982,-0.43791711458288485,0.43791711458288485,-77.5603173484223
Band-Power Envelope Coherence Change,Alpha,Fast,T7,F4,0.40271173135012606,0.12235392936687225,-0.2803578019832538,0.2803578019832538,-69.61749066592371
Band-Power Envelope Coherence Change,Alpha,Fast,T7,F8,0.21324402630697917,0.05543610206948216,-0.157807924237497,0.157807924237497,-74.00344430297046
Band-Power Envelope Coherence Change,Alpha,Fast,T7,Fp2,0.2518138178228968,0.1342338246358854,-0.1175799931870114,0.1175799931870114,-46.69322525807801
Band-Power Envelope Coherence Change,Alpha,Fast,CP5,CP1,0.23839052632098504,0.2534075275913118,0.015017001270326763,0.015017001270326763,6.2993280404552925
Band-Power Envelope Coherence Change,Alpha,Fast,CP5,P3,0.32515557113319915,0.1693792396384601,-0.15577633149473905,0.15577633149473905,-47.90824618254062
Band-Power Envelope Coherence Change,Alpha,Fast,CP5,P7,0.16118373761313787,0.04382005778542047,-0.1173636798277174,0.1173636798277174,-72.81359867048475
Band-Power Envelope Coherence Change,Alpha,Fast,CP5,PO9,0.16131926156303772,0.16868419542933138,0.007364933866293666,0.007364933866293666,4.565439858163321
Band-Power Envelope Coherence Change,Alpha,Fast,CP5,O1,0.056746859587272463,0.02191356372978571,-0.03483329585748675,0.03483329585748675,-61.38365384592908
Band-Power Envelope Coherence Change,Alpha,Fast,CP5,Pz,0.22760481868270954,0.16030315231239495,-0.0673016663703146,0.0673016663703146,-29.569526146164716
Band-Power Envelope Coherence Change,Alpha,Fast,CP5,Oz,0.04742862042811731,0.010076782604025572,-0.03735183782409174,0.03735183782409174,-78.75379356796195
Band-Power Envelope Coherence Change,Alpha,Fast,CP5,O2,0.025294784116663846,0.0096215179467375,-0.015673266169926345,0.015673266169926345,-61.962442919609735
Band-Power Envelope Coherence Change,Alpha,Fast,CP5,PO10,0.06432913739787041,0.026726804967967567,-0.037602332429902845,0.037602332429902845,-58.45303380540534
Band-Power Envelope Coherence Change,Alpha,Fast,CP5,P8,0.04709132093481197,0.01794217929370835,-0.02914914164110362,0.02914914164110362,-61.89918027879167
Band-Power Envelope Coherence Change,Alpha,Fast,CP5,P4,0.1441886332023452,0.049815966876641984,-0.09437266632570322,0.09437266632570322,-65.45083633136781
Band-Power Envelope Coherence Change,Alpha,Fast,CP5,CP2,0.25759098338857855,0.17494805232658417,-0.08264293106199438,0.08264293106199438,-32.08300615760557
Band-Power Envelope Coherence Change,Alpha,Fast,CP5,CP6,0.11565623824286345,0.10072840022857449,-0.014927838014288958,0.014927838014288958,-12.907075520597852
Band-Power Envelope Coherence Change,Alpha,Fast,CP5,T8,0.09982457763476085,0.0620285100667645,-0.037796067567996354,0.037796067567996354,-37.86248683794584
Band-Power Envelope Coherence Change,Alpha,Fast,CP5,FT10,0.12097760719308692,0.061697862621223724,-0.0592797445718632,0.0592797445718632,-49.00059271072328
Band-Power Envelope Coherence Change,Alpha,Fast,CP5,FC6,0.12390844802041026,0.10717099828683575,-0.016737449733574508,0.016737449733574508,-13.50791653109682
Band-Power Envelope Coherence Change,Alpha,Fast,CP5,C4,0.12117933198649727,0.18678847877344043,0.06560914678694316,0.06560914678694316,54.14219216380383
Band-Power Envelope Coherence Change,Alpha,Fast,CP5,FC2,0.08537126013108626,0.11514503771103124,0.029773777579944982,0.029773777579944982,34.87564495853499
Band-Power Envelope Coherence Change,Alpha,Fast,CP5,F4,0.08955433082198405,0.07735941972596715,-0.012194911096016905,0.012194911096016905,-13.617332611482441
Band-Power Envelope Coherence Change,Alpha,Fast,CP5,F8,0.10797575232364005,0.05736351362747488,-0.05061223869616517,0.05061223869616517,-46.87370785291042
Band-Power Envelope Coherence Change,Alpha,Fast,CP5,Fp2,0.14474572979973482,0.03216133104396242,-0.1125843987557724,0.1125843987557724,-77.78080839520466
Band-Power Envelope Coherence Change,Alpha,Fast,CP1,P3,0.9292501781704317,0.754062915314293,-0.17518726285613861,0.17518726285613861,-18.852540141671938
Band-Power Envelope Coherence Change,Alpha,Fast,CP1,P7,0.4164734613588507,0.1296734535935593,-0.2868000077652914,0.2868000077652914,-68.86393356962851
Band-Power Envelope Coherence Change,Alpha,Fast,CP1,PO9,0.14407646573901312,0.05780115687147308,-0.08627530886754003,0.08627530886754003,-59.88161107715065
Band-Power Envelope Coherence Change,Alpha,Fast,CP1,O1,0.716608739315659,0.2200712889167148,-0.49653745039894426,0.49653745039894426,-69.28989602793895
Band-Power Envelope Coherence Change,Alpha,Fast,CP1,Pz,0.9800504701510095,0.9305248461517568,-0.049525623999252755,0.049525623999252755,-5.053374852380988
Band-Power Envelope Coherence Change,Alpha,Fast,CP1,Oz,0.7333538454217722,0.31345207291029775,-0.4199017725114744,0.4199017725114744,-57.25773105750571
Band-Power Envelope Coherence Change,Alpha,Fast,CP1,O2,0.5786936242874448,0.24660857043743029,-0.33208505385001447,0.33208505385001447,-57.38529679826979
Band-Power Envelope Coherence Change,Alpha,Fast,CP1,PO10,0.11975065951823773,0.03754808639479269,-0.08220257312344503,0.08220257312344503,-68.64477695083241
Band-Power Envelope Coherence Change,Alpha,Fast,CP1,P8,0.10080497240966828,0.08225992913934127,-0.018545043270327008,0.018545043270327008,-18.39695287545988
Band-Power Envelope Coherence Change,Alpha,Fast,CP1,P4,0.8934144551276219,0.556932420607638,-0.3364820345199838,0.3364820345199838,-37.66247933294501
Band-Power Envelope Coherence Change,Alpha,Fast,CP1,CP2,0.9663536952955795,0.7302188202317164,-0.2361348750638631,0.2361348750638631,-24.43565706980986
Band-Power Envelope Coherence Change,Alpha,Fast,CP1,CP6,0.14462384266160355,0.1207876023095858,-0.023836240352017757,0.023836240352017757,-16.48154267881729
Band-Power Envelope Coherence Change,Alpha,Fast,CP1,T8,0.1060083176487622,0.007672507646190296,-0.09833581000257191,0.09833581000257191,-92.76235316589812
Band-Power Envelope Coherence Change,Alpha,Fast,CP1,FT10,0.11062101807790092,0.028804692786154926,-0.081816325291746,0.081816325291746,-73.96092235756659
Band-Power Envelope Coherence Change,Alpha,Fast,CP1,FC6,0.1085394672003264,0.012494755823596373,-0.09604471137673003,0.09604471137673003,-88.48828343653524
Band-Power Envelope Coherence Change,Alpha,Fast,CP1,C4,0.091155629302972,0.10078145665135252,0.009625827348380522,0.009625827348380522,10.559772799535361
Band-Power Envelope Coherence Change,Alpha,Fast,CP1,FC2,0.05392180601695045,0.02495060153794553,-0.02897120447900492,0.02897120447900492,-53.72817904114293
Band-Power Envelope Coherence Change,Alpha,Fast,CP1,F4,0.08326665853417525,0.013852994403161673,-0.06941366413101357,0.06941366413101357,-83.36309556906745
Band-Power Envelope Coherence Change,Alpha,Fast,CP1,F8,0.08839661599875387,0.018769335532488742,-0.06962728046626512,0.06962728046626512,-78.76690717125038
Band-Power Envelope Coherence Change,Alpha,Fast,CP1,Fp2,0.13179476968645373,0.02203618709201332,-0.10975858259444041,0.10975858259444041,-83.27992291011357
Band-Power Envelope Coherence Change,Alpha,Fast,P3,P7,0.502174907729454,0.3229640687480569,-0.17921083898139706,0.17921083898139706,-35.68693620947438
Band-Power Envelope Coherence Change,Alpha,Fast,P3,PO9,0.12617743632916756,0.046814871178716216,-0.07936256515045134,0.07936256515045134,-62.89758887112976
Band-Power Envelope Coherence Change,Alpha,Fast,P3,O1,0.6786581760529815,0.41274181411407074,-0.2659163619389108,0.2659163619389108,-39.18266534199261
Band-Power Envelope Coherence Change,Alpha,Fast,P3,Pz,0.9287024812127747,0.7144478604376462,-0.21425462077512847,0.21425462077512847,-23.07031854758668
Band-Power Envelope Coherence Change,Alpha,Fast,P3,Oz,0.6316766664973257,0.44556882894399336,-0.18610783755333232,0.18610783755333232,-29.46251578126327
Band-Power Envelope Coherence Change,Alpha,Fast,P3,O2,0.4325408959145671,0.264529974482111,-0.1680109214324561,0.1680109214324561,-38.84278296442069
Band-Power Envelope Coherence Change,Alpha,Fast,P3,PO10,0.06453292376108219,0.019017122779380446,-0.04551580098170174,0.04551580098170174,-70.53113097775204
Band-Power Envelope Coherence Change,Alpha,Fast,P3,P8,0.05982100864311639,0.0280467411666701,-0.03177426747644629,0.03177426747644629,-53.11556624865194
Band-Power Envelope Coherence Change,Alpha,Fast,P3,P4,0.7534620962150967,0.2894767409361292,-0.46398535527896756,0.46398535527896756,-61.580450776452864
Band-Power Envelope Coherence Change,Alpha,Fast,P3,CP2,0.8878426700090178,0.35607997104252287,-0.531762698966495,0.531762698966495,-59.893798409249
Band-Power Envelope Coherence Change,Alpha,Fast,P3,CP6,0.1012836220507536,0.020807671411897308,-0.08047595063885629,0.08047595063885629,-79.45603544720142
Band-Power Envelope Coherence Change,Alpha,Fast,P3,T8,0.12204561965158922,0.0056532209221015674,-0.11639239872948766,0.11639239872948766,-95.36794443074635
Band-Power Envelope Coherence Change,Alpha,Fast,P3,FT10,0.13407851054664838,0.03361040834370697,-0.10046810220294142,0.10046810220294142,-74.93229287327645
Band-Power Envelope Coherence Change,Alpha,Fast,P3,FC6,0.13275552805012578,0.008310050173041565,-0.12444547787708421,0.12444547787708421,-93.74033586766808
Band-Power Envelope Coherence Change,Alpha,Fast,P3,C4,0.05566633220408079,0.01546978451252004,-0.04019654769156075,0.04019654769156075,-72.20980096945208
Band-Power Envelope Coherence Change,Alpha,Fast,P3,FC2,0.05936681118555223,0.009875781495700856,-0.049491029689851376,0.049491029689851376,-83.36481057600703
Band-Power Envelope Coherence Change,Alpha,Fast,P3,F4,0.10115195359617137,0.020868060937472552,-0.08028389265869881,0.08028389265869881,-79.36959179178679
Band-Power Envelope Coherence Change,Alpha,Fast,P3,F8,0.11294433307809731,0.03104205717934174,-0.08190227589875557,0.08190227589875557,-72.51561337045818
Band-Power Envelope Coherence Change,Alpha,Fast,P3,Fp2,0.15369614383412755,0.04126837479228978,-0.11242776904183777,0.11242776904183777,-73.14937527851865
Band-Power Envelope Coherence Change,Alpha,Fast,P7,PO9,0.15400318292070048,0.19762805998917812,0.04362487706847765,0.04362487706847765,28.327256775557053
Band-Power Envelope Coherence Change,Alpha,Fast,P7,O1,0.47717227205678686,0.4731906758141924,-0.003981596242594476,0.003981596242594476,-0.8344148383627451
Band-Power Envelope Coherence Change,Alpha,Fast,P7,Pz,0.43163889947302136,0.12160316120066442,-0.310035738272357,0.310035738272357,-71.82757129880392
Band-Power Envelope Coherence Change,Alpha,Fast,P7,Oz,0.3534794726978779,0.31537439490612573,-0.03810507779175215,0.03810507779175215,-10.779997350601716
Band-Power Envelope Coherence Change,Alpha,Fast,P7,O2,0.22730155111843237,0.2262641709107802,-0.0010373802076521776,0.0010373802076521776,-0.45638940981606624
Band-Power Envelope Coherence Change,Alpha,Fast,P7,PO10,0.021276803993368565,0.051881476333388986,0.03060467234002042,0.03060467234002042,143.84055213160357
Band-Power Envelope Coherence Change,Alpha,Fast,P7,P8,0.01997394997543349,0.024784097707834657,0.004810147732401168,0.004810147732401168,24.08210563417502
Band-Power Envelope Coherence Change,Alpha,Fast,P7,P4,0.2969362168049224,0.04962352866214695,-0.24731268814277543,0.24731268814277543,-83.2881521842962
Band-Power Envelope Coherence Change,Alpha,Fast,P7,CP2,0.3677582771107572,0.04198571181788056,-0.3257725652928766,0.3257725652928766,-88.58334008204095
Band-Power Envelope Coherence Change,Alpha,Fast,P7,CP6,0.08554540941151378,0.00735727942480569,-0.0781881299867081,0.0781881299867081,-91.39956255348115
Band-Power Envelope Coherence Change,Alpha,Fast,P7,T8,0.08952405783450547,0.025696489550975886,-0.06382756828352959,0.06382756828352959,-71.29655405200856
Band-Power Envelope Coherence Change,Alpha,Fast,P7,FT10,0.058196536191322236,0.1337363802556717,0.07553984406434947,0.07553984406434947,129.80127170457496
Band-Power Envelope Coherence Change,Alpha,Fast,P7,FC6,0.053874713952236086,0.036838491901868865,-0.01703622205036722,0.01703622205036722,-31.62192576181674
Band-Power Envelope Coherence Change,Alpha,Fast,P7,C4,0.006545218769632886,0.008312605316587783,0.0017673865469548964,0.0017673865469548964,27.002711584750084
Band-Power Envelope Coherence Change,Alpha,Fast,P7,FC2,0.022541706678375843,0.02784428194555114,0.005302575267175296,0.005302575267175296,23.523397508592517
Band-Power Envelope Coherence Change,Alpha,Fast,P7,F4,0.03258024750573331,0.05687194661628551,0.0242916991105522,0.0242916991105522,74.55959045822924
Band-Power Envelope Coherence Change,Alpha,Fast,P7,F8,0.03784852597072717,0.12519251311013457,0.0873439871394074,0.0873439871394074,230.77249350994813
Band-Power Envelope Coherence Change,Alpha,Fast,P7,Fp2,0.062251389322140145,0.12616174301412453,0.06391035369198439,0.06391035369198439,102.66494352641577
Band-Power Envelope Coherence Change,Alpha,Fast,PO9,O1,0.4045681178094369,0.2224169322614264,-0.18215118554801052,0.18215118554801052,-45.023613460764324
Band-Power Envelope Coherence Change,Alpha,Fast,PO9,Pz,0.15274728829258472,0.0523678589000509,-0.10037942939253382,0.10037942939253382,-65.71601402196994
Band-Power Envelope Coherence Change,Alpha,Fast,PO9,Oz,0.3811674914512634,0.1829096421405042,-0.19825784931075918,0.19825784931075918,-52.0133153422683
Band-Power Envelope Coherence Change,Alpha,Fast,PO9,O2,0.3241283857105758,0.18513542829335616,-0.13899295741721962,0.13899295741721962,-42.88206881742555
Band-Power Envelope Coherence Change,Alpha,Fast,PO9,PO10,0.3740475384515941,0.14308523093234216,-0.23096230751925195,0.23096230751925195,-61.74677915950008
Band-Power Envelope Coherence Change,Alpha,Fast,PO9,P8,0.2575057732635091,0.12190176455077478,-0.13560400871273431,0.13560400871273431,-52.66057028320252
Band-Power Envelope Coherence Change,Alpha,Fast,PO9,P4,0.1407082761272841,0.1072920611258369,-0.03341621500144719,0.03341621500144719,-23.74857820816384
Band-Power Envelope Coherence Change,Alpha,Fast,PO9,CP2,0.12045124258795507,0.07678291668143554,-0.043668325906519534,0.043668325906519534,-36.25394389321667
Band-Power Envelope Coherence Change,Alpha,Fast,PO9,CP6,0.1398718147250706,0.1806947451811119,0.040822930456041295,0.040822930456041295,29.18595896984827
Band-Power Envelope Coherence Change,Alpha,Fast,PO9,T8,0.11098718142743719,0.13377295899850433,0.022785777571067145,0.022785777571067145,20.53009841137768
Band-Power Envelope Coherence Change,Alpha,Fast,PO9,FT10,0.16498203355938715,0.09661598747946451,-0.06836604607992264,0.06836604607992264,-41.438479454378594
Band-Power Envelope Coherence Change,Alpha,Fast,PO9,FC6,0.1975880518363699,0.17705685191786763,-0.020531199918502274,0.020531199918502274,-10.390911660744008
Band-Power Envelope Coherence Change,Alpha,Fast,PO9,C4,0.030016797196087193,0.14546096672267325,0.11544416952658607,0.11544416952658607,384.59855917484316
Band-Power Envelope Coherence Change,Alpha,Fast,PO9,FC2,0.06791341953615851,0.09567842989147503,0.02776501035531652,0.02776501035531652,40.88295147696672
Band-Power Envelope Coherence Change,Alpha,Fast,PO9,F4,0.17795596179406492,0.12484238818773857,-0.05311357360632635,0.05311357360632635,-29.846470481157976
Band-Power Envelope Coherence Change,Alpha,Fast,PO9,F8,0.21491696037763086,0.13854027442964384,-0.07637668594798702,0.07637668594798702,-35.537765755566916
Band-Power Envelope Coherence Change,Alpha,Fast,PO9,Fp2,0.23481151808450162,0.12283668471779546,-0.11197483336670616,0.11197483336670616,-47.687112744788685
Band-Power Envelope Coherence Change,Alpha,Fast,O1,Pz,0.7439561554222509,0.2565536595478526,-0.4874024958743983,0.4874024958743983,-65.51494900902605
Band-Power Envelope Coherence Change,Alpha,Fast,O1,Oz,0.9313754976173735,0.8600892423550903,-0.07128625526228316,0.07128625526228316,-7.653868439168333
Band-Power Envelope Coherence Change,Alpha,Fast,O1,O2,0.7216122204966011,0.6296540431999478,-0.09195817729665334,0.09195817729665334,-12.743434033499225
Band-Power Envelope Coherence Change,Alpha,Fast,O1,PO10,0.19583225604461574,0.06674422527475278,-0.12908803076986297,0.12908803076986297,-65.91765492424972
Band-Power Envelope Coherence Change,Alpha,Fast,O1,P8,0.13045485278931646,0.05206300009010176,-0.0783918526992147,0.0783918526992147,-60.09117409056213
Band-Power Envelope Coherence Change,Alpha,Fast,O1,P4,0.6660799270089635,0.17854395661986505,-0.4875359703890984,0.4875359703890984,-73.19481500942118
Band-Power Envelope Coherence Change,Alpha,Fast,O1,CP2,0.6291161272642601,0.09900271022022283,-0.5301134170440374,0.5301134170440374,-84.26320580101157
Band-Power Envelope Coherence Change,Alpha,Fast,O1,CP6,0.047666329978304015,0.008788738044247749,-0.038877591934056266,0.038877591934056266,-81.56195778393666
Band-Power Envelope Coherence Change,Alpha,Fast,O1,T8,0.014169519126939003,0.023608686677475784,0.009439167550536781,0.009439167550536781,66.61600486209228
Band-Power Envelope Coherence Change,Alpha,Fast,O1,FT10,0.01207696790147609,0.029085233852135437,0.017008265950659348,0.017008265950659348,140.8322526764399
Band-Power Envelope Coherence Change,Alpha,Fast,O1,FC6,0.00962508395978841,0.033587197161924064,0.023962113202135656,0.023962113202135656,248.95484862515858
Band-Power Envelope Coherence Change,Alpha,Fast,O1,C4,0.02726890218586893,0.02625464464949532,-0.0010142575363736098,0.0010142575363736098,-3.719465966984216
Band-Power Envelope Coherence Change,Alpha,Fast,O1,FC2,0.0065155001886670685,0.08115712558858745,0.07464162539992039,0.07464162539992039,1145.6008478021465
Band-Power Envelope Coherence Change,Alpha,Fast,O1,F4,0.008376611924418766,0.0706779394074893,0.06230132748307053,0.06230132748307053,743.7532984123945
Band-Power Envelope Coherence Change,Alpha,Fast,O1,F8,0.01061300822189886,0.051462605731006514,0.04084959750910765,0.04084959750910765,384.9012141988044
Band-Power Envelope Coherence Change,Alpha,Fast,O1,Fp2,0.018136660584517975,0.07684806638664225,0.05871140580212428,0.05871140580212428,323.7167367637799
Band-Power Envelope Coherence Change,Alpha,Fast,Pz,Oz,0.7622253562831294,0.3795618353658444,-0.38266352091728495,0.38266352091728495,-50.20346250133723
Band-Power Envelope Coherence Change,Alpha,Fast,Pz,O2,0.6062955083734385,0.32045490342276917,-0.2858406049506693,0.2858406049506693,-47.14542677670806
Band-Power Envelope Coherence Change,Alpha,Fast,Pz,PO10,0.12651063635587417,0.04628471020154367,-0.0802259261543305,0.0802259261543305,-63.414372471145526
Band-Power Envelope Coherence Change,Alpha,Fast,Pz,P8,0.10514014975783834,0.11382832249933833,0.008688172741499994,0.008688172741499994,8.263420550104629
Band-Power Envelope Coherence Change,Alpha,Fast,Pz,P4,0.901563449695438,0.6809402882062499,-0.22062316148918815,0.22062316148918815,-24.4711741102324
Band-Power Envelope Coherence Change,Alpha,Fast,Pz,CP2,0.966106138609526,0.7832412358915612,-0.18286490271796474,0.18286490271796474,-18.92803444776307
Band-Power Envelope Coherence Change,Alpha,Fast,Pz,CP6,0.13769110525236483,0.1420627880402103,0.004371682787845471,0.004371682787845471,3.1749928797745546
Band-Power Envelope Coherence Change,Alpha,Fast,Pz,T8,0.09400083425177316,0.0070256781443382285,-0.08697515610743493,0.08697515610743493,-92.52594064695155
Band-Power Envelope Coherence Change,Alpha,Fast,Pz,FT10,0.09781926078254669,0.02658591808843926,-0.07123334269410743,0.07123334269410743,-72.82138724444049
Band-Power Envelope Coherence Change,Alpha,Fast,Pz,FC6,0.09468804902170008,0.01111459713706391,-0.08357345188463618,0.08357345188463618,-88.2618796649652
Band-Power Envelope Coherence Change,Alpha,Fast,Pz,C4,0.08418031014845043,0.09086550375121943,0.006685193602769007,0.006685193602769007,7.941516954475211
Band-Power Envelope Coherence Change,Alpha,Fast,Pz,FC2,0.04832239020819745,0.021591116466795176,-0.026731273741402276,0.026731273741402276,-55.318608260539975
Band-Power Envelope Coherence Change,Alpha,Fast,Pz,F4,0.07327803766614761,0.014011585735841742,-0.05926645193030587,0.05926645193030587,-80.87887424104056
Band-Power Envelope Coherence Change,Alpha,Fast,Pz,F8,0.0741719386367056,0.020373084137949006,-0.05379885449875659,0.05379885449875659,-72.53262552872395
Band-Power Envelope Coherence Change,Alpha,Fast,Pz,Fp2,0.11879022250306047,0.023880987787913695,-0.09490923471514677,0.09490923471514677,-79.89650386647062
Band-Power Envelope Coherence Change,Alpha,Fast,Oz,O2,0.8765581090631628,0.8552564194974444,-0.02130168956571843,0.02130168956571843,-2.4301514463753
Band-Power Envelope Coherence Change,Alpha,Fast,Oz,PO10,0.30927799455251637,0.17220192589091754,-0.13707606866159883,0.13707606866159883,-44.321313212060055
Band-Power Envelope Coherence Change,Alpha,Fast,Oz,P8,0.2225935114457669,0.15410705336558714,-0.06848645808017975,0.06848645808017975,-30.7674997511623
Band-Power Envelope Coherence Change,Alpha,Fast,Oz,P4,0.7747557489173638,0.34619545074511837,-0.4285602981722454,0.4285602981722454,-55.315536383061556
Band-Power Envelope Coherence Change,Alpha,Fast,Oz,CP2,0.675393431539477,0.18059279672208844,-0.4948006348173885,0.4948006348173885,-73.2610966750966
Band-Power Envelope Coherence Change,Alpha,Fast,Oz,CP6,0.0914828769050543,0.021281564429029343,-0.07020131247602496,0.07020131247602496,-76.73710627714905
Band-Power Envelope Coherence Change,Alpha,Fast,Oz,T8,0.009869811464650585,0.009873740409731498,3.928945080913099e-06,3.928945080913099e-06,0.03980770144379037
Band-Power Envelope Coherence Change,Alpha,Fast,Oz,FT10,0.008895200020443748,0.020239102729165973,0.011343902708722224,0.011343902708722224,127.52836004418842
Band-Power Envelope Coherence Change,Alpha,Fast,Oz,FC6,0.00758528475160666,0.016711570039362206,0.009126285287755546,0.009126285287755546,120.31565836500052
Band-Power Envelope Coherence Change,Alpha,Fast,Oz,C4,0.04340032353741894,0.01172042499386516,-0.03167989854355378,0.03167989854355378,-72.99461377572445
Band-Power Envelope Coherence Change,Alpha,Fast,Oz,FC2,0.006716992992124821,0.039923725929706604,0.03320673293758178,0.03320673293758178,494.36902757698607
Band-Power Envelope Coherence Change,Alpha,Fast,Oz,F4,0.0076101421202120914,0.040648396343954125,0.033038254223742035,0.033038254223742035,434.1345234012696
Band-Power Envelope Coherence Change,Alpha,Fast,Oz,F8,0.010444674073051104,0.037268475911917884,0.02682380183886678,0.02682380183886678,256.81798829966743
Band-Power Envelope Coherence Change,Alpha,Fast,Oz,Fp2,0.013390713337989992,0.055978005040560025,0.04258729170257003,0.04258729170257003,318.03601964764766
Band-Power Envelope Coherence Change,Alpha,Fast,O2,PO10,0.49799783718257673,0.342589789657453,-0.15540804752512372,0.15540804752512372,-31.206570776360177
Band-Power Envelope Coherence Change,Alpha,Fast,O2,P8,0.4203717952051812,0.36506241175895326,-0.05530938344622793,0.05530938344622793,-13.157253668560642
Band-Power Envelope Coherence Change,Alpha,Fast,O2,P4,0.7483745262080752,0.4465997400390378,-0.3017747861690374,0.3017747861690374,-40.324032366266444
Band-Power Envelope Coherence Change,Alpha,Fast,O2,CP2,0.5628553951439447,0.2071321961492639,-0.35572319899468074,0.35572319899468074,-63.199749360794186
Band-Power Envelope Coherence Change,Alpha,Fast,O2,CP6,0.14953816386984736,0.042201687336480026,-0.10733647653336734,0.10733647653336734,-71.77865085115606
Band-Power Envelope Coherence Change,Alpha,Fast,O2,T8,0.00856346973402839,0.006215443524216048,-0.0023480262098123424,0.0023480262098123424,-27.419098598341098
Band-Power Envelope Coherence Change,Alpha,Fast,O2,FT10,0.00845979251019111,0.015161123797346803,0.006701331287155693,0.006701331287155693,79.21389654749709
Band-Power Envelope Coherence Change,Alpha,Fast,O2,FC6,0.009973005784271243,0.01159824876407149,0.0016252429798002468,0.0016252429798002468,16.29642070762128
Band-Power Envelope Coherence Change,Alpha,Fast,O2,C4,0.044962449563052,0.012020578037858193,-0.03294187152519381,0.03294187152519381,-73.26529547505764
Band-Power Envelope Coherence Change,Alpha,Fast,O2,FC2,0.008744389773929143,0.018932375703028404,0.010187985929099261,0.010187985929099261,116.50882671623481
Band-Power Envelope Coherence Change,Alpha,Fast,O2,F4,0.010314492979606888,0.024666185875424577,0.014351692895817688,0.014351692895817688,139.1410409042197
Band-Power Envelope Coherence Change,Alpha,Fast,O2,F8,0.020220982844183447,0.026533887319712034,0.006312904475528586,0.006312904475528586,31.219572877212986
Band-Power Envelope Coherence Change,Alpha,Fast,O2,Fp2,0.01110364461174568,0.04379370101389932,0.03269005640215364,0.03269005640215364,294.40834559468317
Band-Power Envelope Coherence Change,Alpha,Fast,PO10,P8,0.8813849222382012,0.710874614456798,-0.1705103077814032,0.1705103077814032,-19.345725514387848
Band-Power Envelope Coherence Change,Alpha,Fast,PO10,P4,0.22343932214496742,0.15920598465519525,-0.06423333748977217,0.06423333748977217,-28.74755297015159
Band-Power Envelope Coherence Change,Alpha,Fast,PO10,CP2,0.125777629790726,0.056461013703032484,-0.0693166160876935,0.0693166160876935,-55.110448656907714
Band-Power Envelope Coherence Change,Alpha,Fast,PO10,CP6,0.34913544866348434,0.10544615446704797,-0.24368929419643637,0.24368929419643637,-69.7979237368467
Band-Power Envelope Coherence Change,Alpha,Fast,PO10,T8,0.09970565997177447,0.03426417905289784,-0.06544148091887664,0.06544148091887664,-65.6346700251544
Band-Power Envelope Coherence Change,Alpha,Fast,PO10,FT10,0.11157705697340245,0.03277991013128307,-0.07879714684211939,0.07879714684211939,-70.62128091521801
Band-Power Envelope Coherence Change,Alpha,Fast,PO10,FC6,0.10697304690049068,0.017134641525851715,-0.08983840537463897,0.08983840537463897,-83.98228149770209
Band-Power Envelope Coherence Change,Alpha,Fast,PO10,C4,0.045024035986730576,0.0102886946774037,-0.03473534130932687,0.03473534130932687,-77.14843982348457
Band-Power Envelope Coherence Change,Alpha,Fast,PO10,FC2,0.04806079146653913,0.001992715690880841,-0.04606807577565829,0.04606807577565829,-95.85376014402881
Band-Power Envelope Coherence Change,Alpha,Fast,PO10,F4,0.07927300813740784,0.0029519195802334263,-0.07632108855717441,0.07632108855717441,-96.27626142921596
Band-Power Envelope Coherence Change,Alpha,Fast,PO10,F8,0.11799920203431746,0.009378134298577409,-0.10862106773574005,0.10862106773574005,-92.05237481533986
Band-Power Envelope Coherence Change,Alpha,Fast,PO10,Fp2,0.10293734187836358,0.010417524346814524,-0.09251981753154906,0.09251981753154906,-89.87974222306572
Band-Power Envelope Coherence Change,Alpha,Fast,P8,P4,0.19756796206835636,0.41607267282616656,0.2185047107578102,0.2185047107578102,110.5972387781223
Band-Power Envelope Coherence Change,Alpha,Fast,P8,CP2,0.1112801090324492,0.20814376506984167,0.09686365603739247,0.09686365603739247,87.04489677409204
Band-Power Envelope Coherence Change,Alpha,Fast,P8,CP6,0.4343618990857452,0.31213411770312277,-0.12222778138262241,0.12222778138262241,-28.139618516239622
Band-Power Envelope Coherence Change,Alpha,Fast,P8,T8,0.12165522918292956,0.07940812100293224,-0.04224710817999733,0.04224710817999733,-34.726915122137115
Band-Power Envelope Coherence Change,Alpha,Fast,P8,FT10,0.12096956144164157,0.02667776892717954,-0.09429179251446204,0.09429179251446204,-77.94670939594215
Band-Power Envelope Coherence Change,Alpha,Fast,P8,FC6,0.10486764100018803,0.03882103854763774,-0.06604660245255028,0.06604660245255028,-62.980917490488665
Band-Power Envelope Coherence Change,Alpha,Fast,P8,C4,0.03992990661907854,0.04819905540831318,0.00826914878923464,0.00826914878923464,20.709161351465905
Band-Power Envelope Coherence Change,Alpha,Fast,P8,FC2,0.04340305440150751,0.011345038048639311,-0.0320580163528682,0.0320580163528682,-73.86119892925032
Band-Power Envelope Coherence Change,Alpha,Fast,P8,F4,0.07700542080509648,0.012084510848756252,-0.06492090995634023,0.06492090995634023,-84.3069348593749
Band-Power Envelope Coherence Change,Alpha,Fast,P8,F8,0.11409562654445615,0.014174604590817331,-0.09992102195363882,0.09992102195363882,-87.5765574719077
Band-Power Envelope Coherence Change,Alpha,Fast,P8,Fp2,0.10189252108214705,0.03128398967882286,-0.0706085314033242,0.0706085314033242,-69.29706974901396
Band-Power Envelope Coherence Change,Alpha,Fast,P4,CP2,0.914531358782122,0.8253543099604622,-0.08917704882165978,0.08917704882165978,-9.751119845733506
Band-Power Envelope Coherence Change,Alpha,Fast,P4,CP6,0.2151584417429871,0.41164204068345694,0.19648359894046985,0.19648359894046985,91.32042291660352
Band-Power Envelope Coherence Change,Alpha,Fast,P4,T8,0.0522230634754893,0.06382405355254624,0.011600990077056936,0.011600990077056936,22.214303997125366
Band-Power Envelope Coherence Change,Alpha,Fast,P4,FT10,0.04115729635901274,0.030383204750518283,-0.010774091608494456,0.010774091608494456,-26.17784101878965
Band-Power Envelope Coherence Change,Alpha,Fast,P4,FC6,0.04488761589880022,0.054819238346046587,0.009931622447246366,0.009931622447246366,22.125528942408867
Band-Power Envelope Coherence Change,Alpha,Fast,P4,C4,0.1137471870091261,0.17143305453580227,0.05768586752667616,0.05768586752667616,50.714104711923945
Band-Power Envelope Coherence Change,Alpha,Fast,P4,FC2,0.03433653757506247,0.04599740484535446,0.011660867270291989,0.011660867270291989,33.96052163034896
Band-Power Envelope Coherence Change,Alpha,Fast,P4,F4,0.03524563691882859,0.032761601234008605,-0.002484035684819988,0.002484035684819988,-7.047782085881359
Band-Power Envelope Coherence Change,Alpha,Fast,P4,F8,0.026308651205844896,0.02354236051036586,-0.0027662906954790366,0.0027662906954790366,-10.514756814535822
Band-Power Envelope Coherence Change,Alpha,Fast,P4,Fp2,0.05557568940067492,0.03845825906216707,-0.01711743033850785,0.01711743033850785,-30.800212328630103
Band-Power Envelope Coherence Change,Alpha,Fast,CP2,CP6,0.1778402568935471,0.38181165616127877,0.20397139926773167,0.20397139926773167,114.69360359157957
Band-Power Envelope Coherence Change,Alpha,Fast,CP2,T8,0.1154316960684952,0.07478473536008404,-0.04064696070841116,0.04064696070841116,-35.212997896428675
Band-Power Envelope Coherence Change,Alpha,Fast,CP2,FT10,0.11785511556725159,0.053350294566483936,-0.06450482100076765,0.06450482100076765,-54.73230473730206
Band-Power Envelope Coherence Change,Alpha,Fast,CP2,FC6,0.11581813428129516,0.08959619451374992,-0.026221939767545235,0.026221939767545235,-22.640616627322178
Band-Power Envelope Coherence Change,Alpha,Fast,CP2,C4,0.12224588659509333,0.2942826178174337,0.17203673122234037,0.17203673122234037,140.73007772618627
Band-Power Envelope Coherence Change,Alpha,Fast,CP2,FC2,0.05638117277713818,0.13666396077346007,0.0802827879963219,0.0802827879963219,142.392901817884
Band-Power Envelope Coherence Change,Alpha,Fast,CP2,F4,0.09139612493235275,0.07812958652070967,-0.013266538411643075,0.013266538411643075,-14.515427674272145
Band-Power Envelope Coherence Change,Alpha,Fast,CP2,F8,0.0911152485736805,0.039984870737983284,-0.05113037783569722,0.05113037783569722,-56.11615907994867
Band-Power Envelope Coherence Change,Alpha,Fast,CP2,Fp2,0.1393677051075637,0.05370356374059704,-0.08566414136696665,0.08566414136696665,-61.46627821764824
Band-Power Envelope Coherence Change,Alpha,Fast,CP6,T8,0.45046923486210977,0.6037618142392571,0.15329257937714735,0.15329257937714735,34.02953354274477
Band-Power Envelope Coherence Change,Alpha,Fast,CP6,FT10,0.23340229088590406,0.2129002193810641,-0.020502071504839958,0.020502071504839958,-8.784006115373629
Band-Power Envelope Coherence Change,Alpha,Fast,CP6,FC6,0.2751312509884143,0.44501313481693916,0.16988188382852487,0.16988188382852487,61.74576069356751
Band-Power Envelope Coherence Change,Alpha,Fast,CP6,C4,0.36484496266727595,0.6674584550951143,0.3026134924278383,0.3026134924278383,82.94303701372732
Band-Power Envelope Coherence Change,Alpha,Fast,CP6,FC2,0.1720691379164312,0.14671593560644042,-0.025353202309990774,0.025353202309990774,-14.734311229189782
Band-Power Envelope Coherence Change,Alpha,Fast,CP6,F4,0.16097551851918074,0.1550262288651299,-0.005949289654050838,0.005949289654050838,-3.6957729403691664
Band-Power Envelope Coherence Change,Alpha,Fast,CP6,F8,0.16916292210243059,0.18944442682554258,0.020281504723111993,0.020281504723111993,11.989332219522224
Band-Power Envelope Coherence Change,Alpha,Fast,CP6,Fp2,0.1228526413708956,0.12069736669544032,-0.0021552746754552876,0.0021552746754552876,-1.7543576201576752
Band-Power Envelope Coherence Change,Alpha,Fast,T8,FT10,0.7085770438073655,0.5342623363973633,-0.1743147074100022,0.1743147074100022,-24.60067101149153
Band-Power Envelope Coherence Change,Alpha,Fast,T8,FC6,0.6796845208007134,0.7784902940665674,0.09880577326585405,0.09880577326585405,14.53700507250839
Band-Power Envelope Coherence Change,Alpha,Fast,T8,C4,0.25152112234741875,0.6274672414113522,0.3759461190639335,0.3759461190639335,149.4690050502598
Band-Power Envelope Coherence Change,Alpha,Fast,T8,FC2,0.31878552317539866,0.26326496538873845,-0.05552055778666021,0.05552055778666021,-17.41627324654649
Band-Power Envelope Coherence Change,Alpha,Fast,T8,F4,0.467913357388657,0.37858987120480764,-0.08932348618384939,0.08932348618384939,-19.089749154063096
Band-Power Envelope Coherence Change,Alpha,Fast,T8,F8,0.5730435426299699,0.5293291943382367,-0.04371434829173326,0.04371434829173326,-7.62845142466963
Band-Power Envelope Coherence Change,Alpha,Fast,T8,Fp2,0.41451545588532424,0.2996667086416782,-0.11484874724364602,0.11484874724364602,-27.706746663607866
Band-Power Envelope Coherence Change,Alpha,Fast,FT10,FC6,0.7130768198563775,0.4124276154289736,-0.3006492044274039,0.3006492044274039,-42.1622462062304
Band-Power Envelope Coherence Change,Alpha,Fast,FT10,C4,0.1273584133432278,0.26176517241126546,0.13440675906803765,0.13440675906803765,105.53425999883865
Band-Power Envelope Coherence Change,Alpha,Fast,FT10,FC2,0.31965322894497883,0.12013947250898827,-0.19951375643599056,0.19951375643599056,-62.41568624052048
Band-Power Envelope Coherence Change,Alpha,Fast,FT10,F4,0.5794468084800356,0.25057993538942064,-0.32886687309061496,0.32886687309061496,-56.75531701577157
Band-Power Envelope Coherence Change,Alpha,Fast,FT10,F8,0.7945673278064868,0.5503232538441822,-0.24424407396230452,0.24424407396230452,-30.739254612516493
Band-Power Envelope Coherence Change,Alpha,Fast,FT10,Fp2,0.6200594369494101,0.32992256088422134,-0.2901368760651888,0.2901368760651888,-46.79178458965389
Band-Power Envelope Coherence Change,Alpha,Fast,FC6,C4,0.3943153696784347,0.7612733526685417,0.36695798299010696,0.36695798299010696,93.0620541850454
Band-Power Envelope Coherence Change,Alpha,Fast,FC6,FC2,0.7067341871438427,0.626881640176868,-0.07985254696697475,0.07985254696697475,-11.298809144876166
Band-Power Envelope Coherence Change,Alpha,Fast,FC6,F4,0.896742771980631,0.7643720432323062,-0.13237072874832478,0.13237072874832478,-14.76128192881424
Band-Power Envelope Coherence Change,Alpha,Fast,FC6,F8,0.8267334823084538,0.7030865648751886,-0.12364691743326517,0.12364691743326517,-14.956079568473626
Band-Power Envelope Coherence Change,Alpha,Fast,FC6,Fp2,0.7916062396602634,0.5669801151772718,-0.22462612448299168,0.22462612448299168,-28.37599215733763
Band-Power Envelope Coherence Change,Alpha,Fast,C4,FC2,0.6414326205771832,0.5005759243827299,-0.1408566961944533,0.1408566961944533,-21.959702652432235
Band-Power Envelope Coherence Change,Alpha,Fast,C4,F4,0.34234500537599455,0.47423643643440316,0.13189143105840861,0.13189143105840861,38.52588149009313
Band-Power Envelope Coherence Change,Alpha,Fast,C4,F8,0.17031492785313196,0.3825001029106708,0.21218517505753887,0.21218517505753887,124.58401487890302
Band-Power Envelope Coherence Change,Alpha,Fast,C4,Fp2,0.15370617189481417,0.27347922143718617,0.119773049542372,0.119773049542372,77.92338333969852
Band-Power Envelope Coherence Change,Alpha,Fast,FC2,F4,0.7514983575690327,0.8762230352148908,0.12472467764585804,0.12472467764585804,16.596799765380833
Band-Power Envelope Coherence Change,Alpha,Fast,FC2,F8,0.4650158932019584,0.42811645801882114,-0.036899435183137264,0.036899435183137264,-7.935091192057748
Band-Power Envelope Coherence Change,Alpha,Fast,FC2,Fp2,0.530701629818543,0.6039769208528224,0.07327529103427943,0.07327529103427943,13.807248163027813
Band-Power Envelope Coherence Change,Alpha,Fast,F4,F8,0.7607261479494456,0.6650764447580647,-0.09564970319138089,0.09564970319138089,-12.573473838017375
Band-Power Envelope Coherence Change,Alpha,Fast,F4,Fp2,0.8372433221531244,0.8073535764631637,-0.029889745689960612,0.029889745689960612,-3.570019001536335
Band-Power Envelope Coherence Change,Alpha,Fast,F8,Fp2,0.7970662406646871,0.6789624802108174,-0.11810376045386972,0.11810376045386972,-14.817308076601135
