Metric,Band,Envelope_Band,Channel_A,Channel_B,Baseline,Modulation,Delta,Abs_Delta,Percent_Change
Raw EEG Phase-Locking Value Change,Theta,,Fp1,Fp2,0.8524999765028727,0.8377201859588683,-0.014779790544004356,0.014779790544004356,-1.7336998183429924
Raw EEG Phase-Locking Value Change,Theta,,Fp1,F7,0.784593892641082,0.7620023304962862,-0.02259156214479585,0.02259156214479585,-2.8793956155774616
Raw EEG Phase-Locking Value Change,Theta,,Fp1,F3,0.8051345789340972,0.681865237649214,-0.1232693412848832,0.1232693412848832,-15.310402075647676
Raw EEG Phase-Locking Value Change,Theta,,Fp1,Fz,0.7480576763239876,0.628786958995187,-0.11927071732880057,0.11927071732880057,-15.944053661063403
Raw EEG Phase-Locking Value Change,Theta,,Fp1,F4,0.73314156120048,0.6302325074798371,-0.10290905372064296,0.10290905372064296,-14.03672348790797
Raw EEG Phase-Locking Value Change,Theta,,Fp1,F8,0.6457390554726044,0.5572703096090008,-0.08846874586360354,0.08846874586360354,-13.70038641984492
Raw EEG Phase-Locking Value Change,Theta,,Fp1,FC1,0.693513357739443,0.5079765311145039,-0.1855368266249391,0.1855368266249391,-26.7531727477766
Raw EEG Phase-Locking Value Change,Theta,,Fp1,FC2,0.693890031075898,0.5196926754742122,-0.1741973556016858,0.1741973556016858,-25.104461485285707
Raw EEG Phase-Locking Value Change,Theta,,Fp1,FC5,0.7211418271317482,0.5909814693322779,-0.13016035779947033,0.13016035779947033,-18.049203763033262
Raw EEG Phase-Locking Value Change,Theta,,Fp1,FC6,0.6720974330549148,0.5068274021068252,-0.16527003094808956,0.16527003094808956,-24.59018928206291
Raw EEG Phase-Locking Value Change,Theta,,Fp1,C3,0.6155418406721469,0.38334912331775506,-0.23219271735439184,0.23219271735439184,-37.72167901711552
Raw EEG Phase-Locking Value Change,Theta,,Fp1,Cz,0.5984472901236334,0.4108754206881973,-0.18757186943543608,0.18757186943543608,-31.34308944680584
Raw EEG Phase-Locking Value Change,Theta,,Fp1,C4,0.6013237072367775,0.39887965416003335,-0.20244405307674418,0.20244405307674418,-33.66640141414377
Raw EEG Phase-Locking Value Change,Theta,,Fp1,FT9,0.5711606090229611,0.4334286609229558,-0.13773194810000527,0.13773194810000527,-24.114398984133786
Raw EEG Phase-Locking Value Change,Theta,,Fp1,FT10,0.5034046999105576,0.3769926773660359,-0.12641202254452166,0.12641202254452166,-25.1114108722032
Raw EEG Phase-Locking Value Change,Theta,,Fp1,T7,0.6452998560835526,0.40669180429770463,-0.23860805178584793,0.23860805178584793,-36.97630636925995
Raw EEG Phase-Locking Value Change,Theta,,Fp1,T8,0.5364974361793037,0.4019118861017588,-0.13458555007754486,0.13458555007754486,-25.085963324634566
Raw EEG Phase-Locking Value Change,Theta,,Fp1,CP1,0.45209889189985897,0.18601177207948855,-0.2660871198203704,0.2660871198203704,-58.85595487796714
Raw EEG Phase-Locking Value Change,Theta,,Fp1,CP2,0.4718598320853069,0.24737523242888448,-0.22448459965642242,0.22448459965642242,-47.57442452016941
Raw EEG Phase-Locking Value Change,Theta,,Fp1,CP5,0.49189040473404694,0.16195478404332078,-0.32993562069072613,0.32993562069072613,-67.07502677738026
Raw EEG Phase-Locking Value Change,Theta,,Fp1,CP6,0.4699212811021779,0.27974944885024733,-0.19017183225193057,0.19017183225193057,-40.46886997879552
Raw EEG Phase-Locking Value Change,Theta,,Fp1,P3,0.4202647406570325,0.059880110851251965,-0.36038462980578057,0.36038462980578057,-85.75181187990295
Raw EEG Phase-Locking Value Change,Theta,,Fp1,Pz,0.4407544121373047,0.17144420254208706,-0.2693102095952177,0.2693102095952177,-61.102101800701114
Raw EEG Phase-Locking Value Change,Theta,,Fp1,P4,0.452435628108143,0.19682029362580247,-0.25561533448234053,0.25561533448234053,-56.497613937079755
Raw EEG Phase-Locking Value Change,Theta,,Fp1,P7,0.11561141816217935,0.20915722346539806,0.09354580530321871,0.09354580530321871,80.91398478651385
Raw EEG Phase-Locking Value Change,Theta,,Fp1,P8,0.2878852816336504,0.13160692728063803,-0.15627835435301238,0.15627835435301238,-54.28494067712883
Raw EEG Phase-Locking Value Change,Theta,,Fp1,O1,0.31639882519725127,0.07229083887421872,-0.24410798632303254,0.24410798632303254,-77.15198884535974
Raw EEG Phase-Locking Value Change,Theta,,Fp1,Oz,0.33634582515458933,0.011502757037013403,-0.3248430681175759,0.3248430681175759,-96.5800803290106
Raw EEG Phase-Locking Value Change,Theta,,Fp1,O2,0.3307040896230601,0.0119910691814205,-0.31871302044163957,0.31871302044163957,-96.37407895527144
Raw EEG Phase-Locking Value Change,Theta,,Fp1,PO9,0.10709312305919393,0.2500215390759169,0.14292841601672296,0.14292841601672296,133.4618058880603
Raw EEG Phase-Locking Value Change,Theta,,Fp1,PO10,0.27225521859699525,0.04183635844152515,-0.2304188601554701,0.2304188601554701,-84.63340440006284
Raw EEG Phase-Locking Value Change,Theta,,Fp2,F7,0.6713609845975945,0.6137068551001095,-0.05765412949748505,0.05765412949748505,-8.587649687752146
Raw EEG Phase-Locking Value Change,Theta,,Fp2,F3,0.7442507345611385,0.6431852538924575,-0.10106548066868104,0.10106548066868104,-13.579493573261463
Raw EEG Phase-Locking Value Change,Theta,,Fp2,Fz,0.753754281487985,0.6374451583888038,-0.11630912309918118,0.11630912309918118,-15.430641782833465
Raw EEG Phase-Locking Value Change,Theta,,Fp2,F4,0.8008701082866669,0.7234732415361178,-0.07739686675054913,0.07739686675054913,-9.664097329856311
Raw EEG Phase-Locking Value Change,Theta,,Fp2,F8,0.7708038630155913,0.7122729672883152,-0.0585308957272761,0.0585308957272761,-7.593487595960864
Raw EEG Phase-Locking Value Change,Theta,,Fp2,FC1,0.6841055929052682,0.5014949688766419,-0.18261062402862627,0.18261062402862627,-26.693338853306724
Raw EEG Phase-Locking Value Change,Theta,,Fp2,FC2,0.7275823623489307,0.5649431531038527,-0.16263920924507802,0.16263920924507802,-22.353374361634156
Raw EEG Phase-Locking Value Change,Theta,,Fp2,FC5,0.6555457608079727,0.4905979495464795,-0.16494781126149316,0.16494781126149316,-25.16190647899116
Raw EEG Phase-Locking Value Change,Theta,,Fp2,FC6,0.7579640963497627,0.6243012927618012,-0.13366280358796145,0.13366280358796145,-17.634450527625354
Raw EEG Phase-Locking Value Change,Theta,,Fp2,C3,0.5946405159009285,0.3509548100992089,-0.24368570580171955,0.24368570580171955,-40.98034010220713
Raw EEG Phase-Locking Value Change,Theta,,Fp2,Cz,0.6043197786980276,0.42490767901316,-0.17941209968486754,0.17941209968486754,-29.688272005824572
Raw EEG Phase-Locking Value Change,Theta,,Fp2,C4,0.6529069854007877,0.4907752652627904,-0.16213172013799731,0.16213172013799731,-24.832284500444203
Raw EEG Phase-Locking Value Change,Theta,,Fp2,FT9,0.4917255919213778,0.3643993752710894,-0.12732621665028843,0.12732621665028843,-25.8937543097506
Raw EEG Phase-Locking Value Change,Theta,,Fp2,FT10,0.612748550612279,0.5055387719191573,-0.10720977869312165,0.10720977869312165,-17.49653729674171
Raw EEG Phase-Locking Value Change,Theta,,Fp2,T7,0.5833701359107566,0.30624054677846696,-0.27712958913228963,0.27712958913228963,-47.50493247304052
Raw EEG Phase-Locking Value Change,Theta,,Fp2,T8,0.6347538614447412,0.5321729426301588,-0.10258091881458242,0.10258091881458242,-16.160739626081448
Raw EEG Phase-Locking Value Change,Theta,,Fp2,CP1,0.4685316359248071,0.21964242879386145,-0.24888920713094567,0.24888920713094567,-53.1211103044681
Raw EEG Phase-Locking Value Change,Theta,,Fp2,CP2,0.49318240400969865,0.3068960422231931,-0.18628636178650554,0.18628636178650554,-37.77230498735355
Raw EEG Phase-Locking Value Change,Theta,,Fp2,CP5,0.4595902438184748,0.11916451201074858,-0.34042573180772623,0.34042573180772623,-74.07157492711808
Raw EEG Phase-Locking Value Change,Theta,,Fp2,CP6,0.5398700161468799,0.3882659821265948,-0.1516040340202851,0.1516040340202851,-28.08158065571082
Raw EEG Phase-Locking Value Change,Theta,,Fp2,P3,0.4267281100295566,0.08143993621520723,-0.34528817381434934,0.34528817381434934,-80.91526330206688
Raw EEG Phase-Locking Value Change,Theta,,Fp2,Pz,0.45859399839884574,0.21976239439510123,-0.2388316040037445,0.2388316040037445,-52.07909498109682
Raw EEG Phase-Locking Value Change,Theta,,Fp2,P4,0.4791944491268767,0.2700514591171282,-0.2091429900097485,0.2091429900097485,-43.6447021435287
Raw EEG Phase-Locking Value Change,Theta,,Fp2,P7,0.11129244434324133,0.20299626128752535,0.09170381694428402,0.09170381694428402,82.39896022182488
Raw EEG Phase-Locking Value Change,Theta,,Fp2,P8,0.3422188420247266,0.2303639447813867,-0.11185489724333988,0.11185489724333988,-32.68519540933341
Raw EEG Phase-Locking Value Change,Theta,,Fp2,O1,0.335037233831693,0.024551446245001482,-0.3104857875866915,0.3104857875866915,-92.67202454956544
Raw EEG Phase-Locking Value Change,Theta,,Fp2,Oz,0.3598600208208354,0.04317521353670954,-0.31668480728412585,0.31668480728412585,-88.00222001926541
Raw EEG Phase-Locking Value Change,Theta,,Fp2,O2,0.3584440393343782,0.07280860235269211,-0.2856354369816861,0.2856354369816861,-79.68759572961629
Raw EEG Phase-Locking Value Change,Theta,,Fp2,PO9,0.14734055972247148,0.18956390511597213,0.042223345393500644,0.042223345393500644,28.65697366226375
Raw EEG Phase-Locking Value Change,Theta,,Fp2,PO10,0.32079436524355687,0.12483812161226714,-0.19595624363128972,0.19595624363128972,-61.08469002643291
Raw EEG Phase-Locking Value Change,Theta,,F7,F3,0.765820388837186,0.6232482508331565,-0.14257213800402946,0.14257213800402946,-18.616915935146302
Raw EEG Phase-Locking Value Change,Theta,,F7,Fz,0.6820706804977836,0.5304365671927506,-0.15163411330503307,0.15163411330503307,-22.231436952306556
Raw EEG Phase-Locking Value Change,Theta,,F7,F4,0.6364125523124742,0.49442067310190996,-0.14199187921056422,0.14199187921056422,-22.311294567434487
Raw EEG Phase-Locking Value Change,Theta,,F7,F8,0.5269780617805243,0.40936853939829193,-0.11760952238223238,0.11760952238223238,-22.317726469458677
Raw EEG Phase-Locking Value Change,Theta,,F7,FC1,0.6655394467251017,0.4524275683964554,-0.21311187832864625,0.21311187832864625,-32.02092368488434
Raw EEG Phase-Locking Value Change,Theta,,F7,FC2,0.6318312858655211,0.42580650134470466,-0.2060247845208164,0.2060247845208164,-32.60756298868472
Raw EEG Phase-Locking Value Change,Theta,,F7,FC5,0.7849578897418426,0.6894359773436961,-0.09552191239814645,0.09552191239814645,-12.169049275950556
Raw EEG Phase-Locking Value Change,Theta,,F7,FC6,0.5836191247046426,0.3888101516336578,-0.19480897307098483,0.19480897307098483,-33.37947041567111
Raw EEG Phase-Locking Value Change,Theta,,F7,C3,0.6193552512993066,0.3939184795664085,-0.22543677173289806,0.22543677173289806,-36.39862118872301
Raw EEG Phase-Locking Value Change,Theta,,F7,Cz,0.5608792934632981,0.3474596506191022,-0.2134196428441959,0.2134196428441959,-38.05090423759088
Raw EEG Phase-Locking Value Change,Theta,,F7,C4,0.5411472067919088,0.29851222131476746,-0.2426349854771413,0.2426349854771413,-44.837150119568754
Raw EEG Phase-Locking Value Change,Theta,,F7,FT9,0.7327629699082677,0.5882044625215072,-0.14455850738676057,0.14455850738676057,-19.72786744461956
Raw EEG Phase-Locking Value Change,Theta,,F7,FT10,0.4137946769172178,0.26242517184780456,-0.1513695050694132,0.1513695050694132,-36.5808246246956
Raw EEG Phase-Locking Value Change,Theta,,F7,T7,0.7475407970647258,0.5921669285605276,-0.1553738685041982,0.1553738685041982,-20.78466742073278
Raw EEG Phase-Locking Value Change,Theta,,F7,T8,0.4555164010624465,0.2875935740746566,-0.16792282698778993,0.16792282698778993,-36.864276806746524
Raw EEG Phase-Locking Value Change,Theta,,F7,CP1,0.4241678278061275,0.12000342846940425,-0.30416439933672323,0.30416439933672323,-71.7085029550488
Raw EEG Phase-Locking Value Change,Theta,,F7,CP2,0.4395056107239299,0.16284788538481415,-0.27665772533911576,0.27665772533911576,-62.947484307064954
Raw EEG Phase-Locking Value Change,Theta,,F7,CP5,0.5272475297796738,0.21072859152589601,-0.3165189382537778,0.3165189382537778,-60.03232265233082
Raw EEG Phase-Locking Value Change,Theta,,F7,CP6,0.41035437837723593,0.18036036486372856,-0.22999401351350737,0.22999401351350737,-56.04765676511814
Raw EEG Phase-Locking Value Change,Theta,,F7,P3,0.4013067343424022,0.009057388767753423,-0.3922493455746488,0.3922493455746488,-97.74302597174322
Raw EEG Phase-Locking Value Change,Theta,,F7,Pz,0.4112814849745094,0.09629265769236327,-0.3149888272821461,0.3149888272821461,-76.58716445785753
Raw EEG Phase-Locking Value Change,Theta,,F7,P4,0.4168647143235256,0.10582524258369183,-0.3110394717398338,0.3110394717398338,-74.61400810682153
Raw EEG Phase-Locking Value Change,Theta,,F7,P7,0.10615064791244283,0.23749849529970052,0.1313478473872577,0.1313478473872577,123.73720742203899
Raw EEG Phase-Locking Value Change,Theta,,F7,P8,0.2357161757289545,0.03600553201523941,-0.1997106437137151,0.1997106437137151,-84.72504829000728
Raw EEG Phase-Locking Value Change,Theta,,F7,O1,0.28278201911383605,0.1623658860338743,-0.12041613307996174,0.12041613307996174,-42.5826696680765
Raw EEG Phase-Locking Value Change,Theta,,F7,Oz,0.30283825179860785,0.1056468890471022,-0.19719136275150564,0.19719136275150564,-65.11441721128445
Raw EEG Phase-Locking Value Change,Theta,,F7,O2,0.2931225649580636,0.08198151179862682,-0.21114105315943676,0.21114105315943676,-72.03166129146156
Raw EEG Phase-Locking Value Change,Theta,,F7,PO9,0.044123383285347255,0.3601863285349513,0.31606294524960404,0.31606294524960404,716.3162063199356
Raw EEG Phase-Locking Value Change,Theta,,F7,PO10,0.21748680079267224,0.049582843460596875,-0.16790395733207536,0.16790395733207536,-77.20190683761831
Raw EEG Phase-Locking Value Change,Theta,,F3,Fz,0.9148361093175077,0.9057985011533856,-0.009037608164122135,0.009037608164122135,-0.9878936863198845
Raw EEG Phase-Locking Value Change,Theta,,F3,F4,0.8186683908856012,0.8079027784875298,-0.01076561239807139,0.01076561239807139,-1.3150150314739282
Raw EEG Phase-Locking Value Change,Theta,,F3,F8,0.6084114615471189,0.5083459225575023,-0.10006553898961656,0.10006553898961656,-16.44701740745673
Raw EEG Phase-Locking Value Change,Theta,,F3,FC1,0.8804175352271584,0.858161800710002,-0.022255734517156345,0.022255734517156345,-2.5278613415411013
Raw EEG Phase-Locking Value Change,Theta,,F3,FC2,0.8413110786169311,0.823056686363796,-0.018254392253135077,0.018254392253135077,-2.1697553636336617
Raw EEG Phase-Locking Value Change,Theta,,F3,FC5,0.8733648500801847,0.7869350025854017,-0.086429847494783,0.086429847494783,-9.896190290558152
Raw EEG Phase-Locking Value Change,Theta,,F3,FC6,0.7323628537522414,0.6844279963097101,-0.04793485744253134,0.04793485744253134,-6.545233308453369
Raw EEG Phase-Locking Value Change,Theta,,F3,C3,0.7895244240400608,0.7128555033947149,-0.07666892064534592,0.07666892064534592,-9.710772499351545
Raw EEG Phase-Locking Value Change,Theta,,F3,Cz,0.7818360943603946,0.7378761784409767,-0.043959915919417836,0.043959915919417836,-5.622651120421936
Raw EEG Phase-Locking Value Change,Theta,,F3,C4,0.7184062999025286,0.6454649729328841,-0.0729413269696445,0.0729413269696445,-10.153213714793562
Raw EEG Phase-Locking Value Change,Theta,,F3,FT9,0.5299606426620179,0.2312154522157038,-0.2987451904463141,0.2987451904463141,-56.37120314174701
Raw EEG Phase-Locking Value Change,Theta,,F3,FT10,0.441191645272031,0.27302988012918367,-0.1681617651428473,0.1681617651428473,-38.115355751843786
Raw EEG Phase-Locking Value Change,Theta,,F3,T7,0.7672207256144561,0.4931091009565289,-0.2741116246579272,0.2741116246579272,-35.72787015606169
Raw EEG Phase-Locking Value Change,Theta,,F3,T8,0.5490189776400473,0.511430709549049,-0.037588268090998245,0.037588268090998245,-6.846442403971362
Raw EEG Phase-Locking Value Change,Theta,,F3,CP1,0.5756434331043577,0.4755884741334426,-0.10005495897091515,0.10005495897091515,-17.381412384283433
Raw EEG Phase-Locking Value Change,Theta,,F3,CP2,0.5935394140781229,0.515827741753586,-0.0777116723245369,0.0777116723245369,-13.09292533592526
Raw EEG Phase-Locking Value Change,Theta,,F3,CP5,0.6637891258659335,0.4374895254604964,-0.22629960040543712,0.22629960040543712,-34.092092139988324
Raw EEG Phase-Locking Value Change,Theta,,F3,CP6,0.5392248411862566,0.4588551221200801,-0.08036971906617646,0.08036971906617646,-14.904676663146445
Raw EEG Phase-Locking Value Change,Theta,,F3,P3,0.5561800229245876,0.3321246430121292,-0.22405537991245839,0.22405537991245839,-40.284686734035766
Raw EEG Phase-Locking Value Change,Theta,,F3,Pz,0.5619390530695548,0.4414408296618608,-0.120498223407694,0.120498223407694,-21.443290468864987
Raw EEG Phase-Locking Value Change,Theta,,F3,P4,0.5640018062612251,0.42628778722987465,-0.13771401903135044,0.13771401903135044,-24.417301062253394
Raw EEG Phase-Locking Value Change,Theta,,F3,P7,0.2501594677242911,0.02558887043183345,-0.22457059729245765,0.22457059729245765,-89.77097662358484
Raw EEG Phase-Locking Value Change,Theta,,F3,P8,0.31338730616533705,0.23700334216309454,-0.07638396400224251,0.07638396400224251,-24.37366239778194
Raw EEG Phase-Locking Value Change,Theta,,F3,O1,0.40320241293880116,0.06998010845603438,-0.3332223044827668,0.3332223044827668,-82.64392617445569
Raw EEG Phase-Locking Value Change,Theta,,F3,Oz,0.41746154410218017,0.11934377136610216,-0.298117772736078,0.298117772736078,-71.41203230521015
Raw EEG Phase-Locking Value Change,Theta,,F3,O2,0.4007762465862025,0.1330213760096495,-0.267754870576553,0.267754870576553,-66.8090668689273
Raw EEG Phase-Locking Value Change,Theta,,F3,PO9,0.14215963485501162,0.35719169345211726,0.21503205859710564,0.21503205859710564,151.26098123170934
Raw EEG Phase-Locking Value Change,Theta,,F3,PO10,0.27417366723089465,0.04725526998277528,-0.22691839724811935,0.22691839724811935,-82.76447535605985
Raw EEG Phase-Locking Value Change,Theta,,Fz,F4,0.8954212405580455,0.8638032644412066,-0.03161797611683892,0.03161797611683892,-3.531072827481055
Raw EEG Phase-Locking Value Change,Theta,,Fz,F8,0.6705285045477735,0.5289832574594777,-0.14154524708829574,0.14154524708829574,-21.109504835108915
Raw EEG Phase-Locking Value Change,Theta,,Fz,FC1,0.9165444912733177,0.8712784683477309,-0.04526602292558679,0.04526602292558679,-4.938769842225614
Raw EEG Phase-Locking Value Change,Theta,,Fz,FC2,0.9204835412422132,0.893786496705458,-0.026697044536755254,0.026697044536755254,-2.900328288404483
Raw EEG Phase-Locking Value Change,Theta,,Fz,FC5,0.8279343346936162,0.6921150360916201,-0.13581929860199615,0.13581929860199615,-16.404597914429672
Raw EEG Phase-Locking Value Change,Theta,,Fz,FC6,0.8159958571155616,0.7280055795397368,-0.08799027757582478,0.08799027757582478,-10.783176998821894
Raw EEG Phase-Locking Value Change,Theta,,Fz,C3,0.8058383669677912,0.673129261801677,-0.13270910516611423,0.13270910516611423,-16.46845206259812
Raw EEG Phase-Locking Value Change,Theta,,Fz,Cz,0.8401331223140975,0.7708733986847454,-0.06925972362935218,0.06925972362935218,-8.243898709597394
Raw EEG Phase-Locking Value Change,Theta,,Fz,C4,0.8077718319950632,0.6870362183848173,-0.12073561361024587,0.12073561361024587,-14.94674719122711
Raw EEG Phase-Locking Value Change,Theta,,Fz,FT9,0.4733273061306589,0.17641925758421367,-0.2969080485464452,0.2969080485464452,-62.72785125658601
Raw EEG Phase-Locking Value Change,Theta,,Fz,FT10,0.494406804789625,0.28588290722243864,-0.20852389756718637,0.20852389756718637,-42.176583240175134
Raw EEG Phase-Locking Value Change,Theta,,Fz,T7,0.7395652366117854,0.42096558154007596,-0.31859965507170945,0.31859965507170945,-43.0793173204475
Raw EEG Phase-Locking Value Change,Theta,,Fz,T8,0.63071500494786,0.5445933545915645,-0.08612165035629549,0.08612165035629549,-13.654606229546575
Raw EEG Phase-Locking Value Change,Theta,,Fz,CP1,0.6372463671080297,0.4819425845434376,-0.15530378256459215,0.15530378256459215,-24.371073823362284
Raw EEG Phase-Locking Value Change,Theta,,Fz,CP2,0.6595120139797603,0.5345289534551054,-0.12498306052465491,0.12498306052465491,-18.950839086380995
Raw EEG Phase-Locking Value Change,Theta,,Fz,CP5,0.6682402746709838,0.3957017709087375,-0.2725385037622463,0.2725385037622463,-40.78450732357219
Raw EEG Phase-Locking Value Change,Theta,,Fz,CP6,0.6286100814838649,0.491922096726617,-0.13668798475724786,0.13668798475724786,-21.74447861774491
Raw EEG Phase-Locking Value Change,Theta,,Fz,P3,0.6060398750853553,0.3336799299837767,-0.27235994510157857,0.27235994510157857,-44.94092819605626
Raw EEG Phase-Locking Value Change,Theta,,Fz,Pz,0.6239087904445659,0.4536962626963786,-0.17021252774818735,0.17021252774818735,-27.281636411454066
Raw EEG Phase-Locking Value Change,Theta,,Fz,P4,0.6339765568423098,0.4468005400889958,-0.18717601675331402,0.18717601675331402,-29.524122735010007
Raw EEG Phase-Locking Value Change,Theta,,Fz,P7,0.2841895034599848,0.02902140168054906,-0.2551681017794357,0.2551681017794357,-89.78801070158616
Raw EEG Phase-Locking Value Change,Theta,,Fz,P8,0.3816453324292611,0.2586864058834037,-0.12295892654585738,0.12295892654585738,-32.21811354620671
Raw EEG Phase-Locking Value Change,Theta,,Fz,O1,0.4587061947679826,0.08069331016202787,-0.3780128846059547,0.3780128846059547,-82.40849783970256
Raw EEG Phase-Locking Value Change,Theta,,Fz,Oz,0.47711358248415636,0.1309285891476116,-0.34618499333654473,0.34618499333654473,-72.55819285925288
Raw EEG Phase-Locking Value Change,Theta,,Fz,O2,0.46329853200655335,0.14328058783317515,-0.3200179441733782,0.3200179441733782,-69.07380923211117
Raw EEG Phase-Locking Value Change,Theta,,Fz,PO9,0.2015995934350537,0.32519436328802426,0.12359476985297055,0.12359476985297055,61.30705312795544
Raw EEG Phase-Locking Value Change,Theta,,Fz,PO10,0.3352904539996454,0.03766988198405873,-0.29762057201558667,0.29762057201558667,-88.76500015592494
Raw EEG Phase-Locking Value Change,Theta,,F4,F8,0.7854000547484975,0.698151989894816,-0.08724806485368153,0.08724806485368153,-11.108741885894098
Raw EEG Phase-Locking Value Change,Theta,,F4,FC1,0.8403251383816257,0.7561213806045363,-0.08420375777708944,0.08420375777708944,-10.020378295388934
Raw EEG Phase-Locking Value Change,Theta,,F4,FC2,0.9087386359280041,0.8688954439942149,-0.03984319193378916,0.03984319193378916,-4.384450089227392
Raw EEG Phase-Locking Value Change,Theta,,F4,FC5,0.7449402512036798,0.5773447761313751,-0.16759547507230466,0.16759547507230466,-22.49784124317389
Raw EEG Phase-Locking Value Change,Theta,,F4,FC6,0.9066539343137842,0.8716888153690947,-0.034965118944689455,0.034965118944689455,-3.8565010994137885
Raw EEG Phase-Locking Value Change,Theta,,F4,C3,0.7334822498556619,0.5587997414869644,-0.17468250836869748,0.17468250836869748,-23.815505883485567
Raw EEG Phase-Locking Value Change,Theta,,F4,Cz,0.7791904158884407,0.6930209418383472,-0.08616947405009356,0.08616947405009356,-11.058846758509247
Raw EEG Phase-Locking Value Change,Theta,,F4,C4,0.8360514946457662,0.7767709173887525,-0.059280577257013745,0.059280577257013745,-7.090541388497946
Raw EEG Phase-Locking Value Change,Theta,,F4,FT9,0.4480110954542827,0.20604921035418328,-0.24196188510009942,0.24196188510009942,-54.00801175576921
Raw EEG Phase-Locking Value Change,Theta,,F4,FT10,0.6025950959228955,0.44605832939092155,-0.15653676653197396,0.15653676653197396,-25.97710595241941
Raw EEG Phase-Locking Value Change,Theta,,F4,T7,0.6645991489744162,0.3406357009678104,-0.3239634480066058,0.3239634480066058,-48.745691069050224
Raw EEG Phase-Locking Value Change,Theta,,F4,T8,0.7307227823664518,0.6947638039106404,-0.03595897845581142,0.03595897845581142,-4.921015099509826
Raw EEG Phase-Locking Value Change,Theta,,F4,CP1,0.6102832736759729,0.4434205921909823,-0.16686268148499062,0.16686268148499062,-27.341840860214297
Raw EEG Phase-Locking Value Change,Theta,,F4,CP2,0.6382119936503653,0.5491369321395237,-0.08907506151084155,0.08907506151084155,-13.95697078667562
Raw EEG Phase-Locking Value Change,Theta,,F4,CP5,0.5920030362354275,0.2849654814983908,-0.3070375547370367,0.3070375547370367,-51.86418581389406
Raw EEG Phase-Locking Value Change,Theta,,F4,CP6,0.6878718997941716,0.60906219830449,-0.07880970148968158,0.07880970148968158,-11.457031681809273
Raw EEG Phase-Locking Value Change,Theta,,F4,P3,0.5661183387804576,0.2798100477005127,-0.2863082910799449,0.2863082910799449,-50.573929771770935
Raw EEG Phase-Locking Value Change,Theta,,F4,Pz,0.597916464494414,0.43881332418727226,-0.1591031403071418,0.1591031403071418,-26.6095934390561
Raw EEG Phase-Locking Value Change,Theta,,F4,P4,0.6208047005796686,0.48898151773603804,-0.1318231828436306,0.1318231828436306,-21.234243671245135
Raw EEG Phase-Locking Value Change,Theta,,F4,P7,0.23327679183953137,0.08000361820023351,-0.15327317363929788,0.15327317363929788,-65.70442452960896
Raw EEG Phase-Locking Value Change,Theta,,F4,P8,0.4251454108707051,0.36185203659026927,-0.06329337428043585,0.06329337428043585,-14.887465008927165
Raw EEG Phase-Locking Value Change,Theta,,F4,O1,0.4406156249025304,0.07906155190512527,-0.36155407299740516,0.36155407299740516,-82.05657098006576
Raw EEG Phase-Locking Value Change,Theta,,F4,Oz,0.4647331557905939,0.14833473280374856,-0.3163984229868453,0.3163984229868453,-68.08174089679382
Raw EEG Phase-Locking Value Change,Theta,,F4,O2,0.46201146785698394,0.17654437955555383,-0.2854670883014301,0.2854670883014301,-61.78787934108092
Raw EEG Phase-Locking Value Change,Theta,,F4,PO9,0.2129073327999806,0.25975591465139164,0.04684858185141105,0.04684858185141105,22.004212459616763
Raw EEG Phase-Locking Value Change,Theta,,F4,PO10,0.3763132420204382,0.11869202971603017,-0.25762121230440804,0.25762121230440804,-68.45924712115664
Raw EEG Phase-Locking Value Change,Theta,,F8,FC1,0.6228458148007296,0.4261860134616522,-0.19665980133907746,0.19665980133907746,-31.574395567223302
Raw EEG Phase-Locking Value Change,Theta,,F8,FC2,0.7053835637186775,0.5244013945630357,-0.1809821691556418,0.1809821691556418,-25.657270521236793
Raw EEG Phase-Locking Value Change,Theta,,F8,FC5,0.5599737729882948,0.337844126459462,-0.22212964652883277,0.22212964652883277,-39.66786611155733
Raw EEG Phase-Locking Value Change,Theta,,F8,FC6,0.8461267932037275,0.7426165843869765,-0.10351020881675099,0.10351020881675099,-12.233415801055736
Raw EEG Phase-Locking Value Change,Theta,,F8,C3,0.5376745914287371,0.2670150722104706,-0.2706595192182665,0.2706595192182665,-50.338908241703564
Raw EEG Phase-Locking Value Change,Theta,,F8,Cz,0.56775489937114,0.37679761212061375,-0.19095728725052624,0.19095728725052624,-33.633754189005764
Raw EEG Phase-Locking Value Change,Theta,,F8,C4,0.6896167551736989,0.5686421776436412,-0.12097457753005769,0.12097457753005769,-17.54229093514222
Raw EEG Phase-Locking Value Change,Theta,,F8,FT9,0.41240627290858867,0.30698464799665814,-0.10542162491193052,0.10542162491193052,-25.562565808812902
Raw EEG Phase-Locking Value Change,Theta,,F8,FT10,0.8017594996691499,0.7540233420142313,-0.047736157654918676,0.047736157654918676,-5.953924795978999
Raw EEG Phase-Locking Value Change,Theta,,F8,T7,0.5070482155976478,0.1906805987297257,-0.3163676168679221,0.3163676168679221,-62.39399077561604
Raw EEG Phase-Locking Value Change,Theta,,F8,T8,0.8006164957225345,0.7451592486029955,-0.05545724711953892,0.05545724711953892,-6.926817947897797
Raw EEG Phase-Locking Value Change,Theta,,F8,CP1,0.47139485415387467,0.21010789707234848,-0.26128695708152616,0.26128695708152616,-55.42847037448478
Raw EEG Phase-Locking Value Change,Theta,,F8,CP2,0.4977294046722533,0.33915977886872345,-0.15856962580352985,0.15856962580352985,-31.858601142511432
Raw EEG Phase-Locking Value Change,Theta,,F8,CP5,0.41015236963393364,0.04377725282563994,-0.3663751168082937,0.3663751168082937,-89.32658785691969
Raw EEG Phase-Locking Value Change,Theta,,F8,CP6,0.6391649975734633,0.5382737790181155,-0.10089121855534788,0.10089121855534788,-15.7848472520199
Raw EEG Phase-Locking Value Change,Theta,,F8,P3,0.41711633772704865,0.06608239748232335,-0.3510339402447253,0.3510339402447253,-84.15732218919553
Raw EEG Phase-Locking Value Change,Theta,,F8,Pz,0.4615175791611783,0.2324202583963904,-0.2290973207647879,0.2290973207647879,-49.63999880160122
Raw EEG Phase-Locking Value Change,Theta,,F8,P4,0.49437798023250196,0.33326152620083893,-0.16111645403166303,0.16111645403166303,-32.58973103047415
Raw EEG Phase-Locking Value Change,Theta,,F8,P7,0.10335712989414583,0.2245930223323559,0.12123589243821006,0.12123589243821006,117.29804471387212
Raw EEG Phase-Locking Value Change,Theta,,F8,P8,0.42812139301738367,0.3719932396369033,-0.05612815338048038,0.05612815338048038,-13.110336062603938
Raw EEG Phase-Locking Value Change,Theta,,F8,O1,0.34129297622411686,0.010151180139863445,-0.3311417960842534,0.3311417960842534,-97.02566977727739
Raw EEG Phase-Locking Value Change,Theta,,F8,Oz,0.3743847259537297,0.08163198893507502,-0.2927527370186547,0.2927527370186547,-78.19569462212411
Raw EEG Phase-Locking Value Change,Theta,,F8,O2,0.38223082397238695,0.12907385416630876,-0.25315696980607816,0.25315696980607816,-66.23143763632382
Raw EEG Phase-Locking Value Change,Theta,,F8,PO9,0.18446716982863576,0.10729912713925596,-0.0771680426893798,0.0771680426893798,-41.83294120090122
Raw EEG Phase-Locking Value Change,Theta,,F8,PO10,0.39108541173956746,0.24800911813243348,-0.14307629360713398,0.14307629360713398,-36.584410799350316
Raw EEG Phase-Locking Value Change,Theta,,FC1,FC2,0.9156652665262046,0.8643179098394124,-0.051347356686792245,0.051347356686792245,-5.607655828378283
Raw EEG Phase-Locking Value Change,Theta,,FC1,FC5,0.8688578189864646,0.7240914286876192,-0.14476639029884542,0.14476639029884542,-16.661689304668688
Raw EEG Phase-Locking Value Change,Theta,,FC1,FC6,0.7898407056308467,0.6776708505320812,-0.11216985509876554,0.11216985509876554,-14.201579419634411
Raw EEG Phase-Locking Value Change,Theta,,FC1,C3,0.8942335756770442,0.8096097296150452,-0.08462384606199902,0.08462384606199902,-9.463282118201434
Raw EEG Phase-Locking Value Change,Theta,,FC1,Cz,0.8755721230506409,0.8623203912285619,-0.01325173182207906,0.01325173182207906,-1.5134940312978207
Raw EEG Phase-Locking Value Change,Theta,,FC1,C4,0.8363120780567684,0.7014798343379813,-0.1348322437187871,0.1348322437187871,-16.12224040002861
Raw EEG Phase-Locking Value Change,Theta,,FC1,FT9,0.4651838077081252,0.08570285380477428,-0.3794809539033509,0.3794809539033509,-81.57656126789614
Raw EEG Phase-Locking Value Change,Theta,,FC1,FT10,0.4630415536482213,0.19771953772366044,-0.26532201592456084,0.26532201592456084,-57.299828456892534
Raw EEG Phase-Locking Value Change,Theta,,FC1,T7,0.7876389518516137,0.4379630149664618,-0.3496759368851519,0.3496759368851519,-44.39546013603308
Raw EEG Phase-Locking Value Change,Theta,,FC1,T8,0.6174241021633375,0.5031792716803288,-0.11424483048300871,0.11424483048300871,-18.50346141051449
Raw EEG Phase-Locking Value Change,Theta,,FC1,CP1,0.7335320877152743,0.6179331732667579,-0.11559891444851644,0.11559891444851644,-15.759217133714126
Raw EEG Phase-Locking Value Change,Theta,,FC1,CP2,0.7522247554091587,0.6365740534158564,-0.1156507019933023,0.1156507019933023,-15.374487633074006
Raw EEG Phase-Locking Value Change,Theta,,FC1,CP5,0.7699674437658515,0.5390394295172777,-0.2309280142485738,0.2309280142485738,-29.99191928416124
Raw EEG Phase-Locking Value Change,Theta,,FC1,CP6,0.6607463196889386,0.5059887105639371,-0.15475760912500147,0.15475760912500147,-23.421637701721465
Raw EEG Phase-Locking Value Change,Theta,,FC1,P3,0.7119374969975392,0.48169856793792193,-0.23023892905961724,0.23023892905961724,-32.33976718891842
Raw EEG Phase-Locking Value Change,Theta,,FC1,Pz,0.7212414107346846,0.5777350536564914,-0.14350635707819326,0.14350635707819326,-19.897132214304236
Raw EEG Phase-Locking Value Change,Theta,,FC1,P4,0.7207911141317657,0.5289093962810516,-0.19188171785071406,0.19188171785071406,-26.620988257027367
Raw EEG Phase-Locking Value Change,Theta,,FC1,P7,0.37381767535812993,0.11478078421236207,-0.2590368911457679,0.2590368911457679,-69.29498207852312
Raw EEG Phase-Locking Value Change,Theta,,FC1,P8,0.4241285597584622,0.27482490227677103,-0.14930365748169117,0.14930365748169117,-35.20245313513393
Raw EEG Phase-Locking Value Change,Theta,,FC1,O1,0.554767725285032,0.1736347700122647,-0.38113295527276736,0.38113295527276736,-68.70135696465515
Raw EEG Phase-Locking Value Change,Theta,,FC1,Oz,0.5694889985378536,0.21939202169090316,-0.35009697684695046,0.35009697684695046,-61.47563477886566
Raw EEG Phase-Locking Value Change,Theta,,FC1,O2,0.5494516180850725,0.21850431561060432,-0.33094730247446813,0.33094730247446813,-60.23229190367531
Raw EEG Phase-Locking Value Change,Theta,,FC1,PO9,0.26480990032150575,0.3382242281159197,0.07341432779441392,0.07341432779441392,27.723407510550615
Raw EEG Phase-Locking Value Change,Theta,,FC1,PO10,0.3821269801605739,0.06382956773026491,-0.31829741243030896,0.31829741243030896,-83.29624155210315
Raw EEG Phase-Locking Value Change,Theta,,FC2,FC5,0.8016982062844836,0.6156018067420524,-0.18609639954243118,0.18609639954243118,-23.21277484265627
Raw EEG Phase-Locking Value Change,Theta,,FC2,FC6,0.872475627888215,0.7919610380345389,-0.0805145898536761,0.0805145898536761,-9.228291000925466
Raw EEG Phase-Locking Value Change,Theta,,FC2,C3,0.830500557780924,0.675908870769477,-0.154591687011447,0.154591687011447,-18.61427852914536
Raw EEG Phase-Locking Value Change,Theta,,FC2,Cz,0.8684845210902008,0.847015822985835,-0.021468698104365802,0.021468698104365802,-2.4719724512091865
Raw EEG Phase-Locking Value Change,Theta,,FC2,C4,0.8918549699552005,0.8016459508352939,-0.09020901911990664,0.09020901911990664,-10.11476329211217
Raw EEG Phase-Locking Value Change,Theta,,FC2,FT9,0.4395559949103105,0.11062786485907856,-0.32892813005123195,0.32892813005123195,-74.83190625539035
Raw EEG Phase-Locking Value Change,Theta,,FC2,FT10,0.5379074441956762,0.2888186970023864,-0.24908874719328977,0.24908874719328977,-46.30699014878813
Raw EEG Phase-Locking Value Change,Theta,,FC2,T7,0.7250594058734495,0.3601200539186811,-0.3649393519547684,0.3649393519547684,-50.33233815029829
Raw EEG Phase-Locking Value Change,Theta,,FC2,T8,0.6992333579485498,0.6028957145554543,-0.09633764339309547,0.09633764339309547,-13.777609763317967
Raw EEG Phase-Locking Value Change,Theta,,FC2,CP1,0.710724638510964,0.5575938583452683,-0.1531307801656957,0.1531307801656957,-21.545725569120457
Raw EEG Phase-Locking Value Change,Theta,,FC2,CP2,0.7372667306902002,0.6397173796939727,-0.09754935099622752,0.09754935099622752,-13.231215642255503
Raw EEG Phase-Locking Value Change,Theta,,FC2,CP5,0.6907159757367586,0.4000190936603261,-0.29069688207643246,0.29069688207643246,-42.08631221629961
Raw EEG Phase-Locking Value Change,Theta,,FC2,CP6,0.7230186274304322,0.5924217033277697,-0.13059692410266255,0.13059692410266255,-18.06273298473605
Raw EEG Phase-Locking Value Change,Theta,,FC2,P3,0.6707569952464568,0.39849738438119775,-0.27225961086525907,0.27225961086525907,-40.58990257197728
Raw EEG Phase-Locking Value Change,Theta,,FC2,Pz,0.6982919802876724,0.5414816318646455,-0.15681034842302688,0.15681034842302688,-22.4562722828961
Raw EEG Phase-Locking Value Change,Theta,,FC2,P4,0.7148326433345064,0.5516725254504241,-0.16316011788408225,0.16316011788408225,-22.82493943239402
Raw EEG Phase-Locking Value Change,Theta,,FC2,P7,0.3224376150751201,0.035275408463132804,-0.28716220661198727,0.28716220661198727,-89.05977255323808
Raw EEG Phase-Locking Value Change,Theta,,FC2,P8,0.45989284844404477,0.3417188467959686,-0.11817400164807618,0.11817400164807618,-25.69598593409187
Raw EEG Phase-Locking Value Change,Theta,,FC2,O1,0.5286559683171597,0.14296957292465826,-0.3856863953925014,0.3856863953925014,-72.95602783417633
Raw EEG Phase-Locking Value Change,Theta,,FC2,Oz,0.5519176294677164,0.2045394788729233,-0.34737815059479304,0.34737815059479304,-62.94021644675737
Raw EEG Phase-Locking Value Change,Theta,,FC2,O2,0.5423786482947818,0.2195895604877088,-0.32278908780707294,0.32278908780707294,-59.51360526855359
Raw EEG Phase-Locking Value Change,Theta,,FC2,PO9,0.2636548820099,0.29189308793186985,0.02823820592196985,0.02823820592196985,10.710291312151593
Raw EEG Phase-Locking Value Change,Theta,,FC2,PO10,0.4091521347074549,0.07487430613474061,-0.33427782857271426,0.33427782857271426,-81.70013064009161
Raw EEG Phase-Locking Value Change,Theta,,FC5,FC6,0.6943396599692477,0.47677161000314694,-0.2175680499661008,0.2175680499661008,-31.33452725078917
Raw EEG Phase-Locking Value Change,Theta,,FC5,C3,0.8502148142244625,0.7420582813671988,-0.10815653285726379,0.10815653285726379,-12.72108307780082
Raw EEG Phase-Locking Value Change,Theta,,FC5,Cz,0.7557078217873437,0.6114935682752038,-0.1442142535121399,0.1442142535121399,-19.083334769654112
Raw EEG Phase-Locking Value Change,Theta,,FC5,C4,0.7138335613325916,0.4578685623427979,-0.2559649989897937,0.2559649989897937,-35.857798351755235
Raw EEG Phase-Locking Value Change,Theta,,FC5,FT9,0.5991031262749241,0.3071391402022417,-0.2919639860726824,0.2919639860726824,-48.7335106875577
Raw EEG Phase-Locking Value Change,Theta,,FC5,FT10,0.41757805555480554,0.1317809948429544,-0.2857970607118511,0.2857970607118511,-68.44158999977462
Raw EEG Phase-Locking Value Change,Theta,,FC5,T7,0.8881382435639925,0.6942356897945227,-0.19390255376946985,0.19390255376946985,-21.832474299424614
Raw EEG Phase-Locking Value Change,Theta,,FC5,T8,0.5340494100934052,0.32523556788298497,-0.20881384221042026,0.20881384221042026,-39.10009790552876
Raw EEG Phase-Locking Value Change,Theta,,FC5,CP1,0.6327333420162532,0.4122537951027846,-0.2204795469134686,0.2204795469134686,-34.84557115496611
Raw EEG Phase-Locking Value Change,Theta,,FC5,CP2,0.6450405226189133,0.39389384260995597,-0.25114668000895735,0.25114668000895735,-38.93502364615525
Raw EEG Phase-Locking Value Change,Theta,,FC5,CP5,0.7680141882590703,0.5553851985631132,-0.21262898969595712,0.21262898969595712,-27.685554895534306
Raw EEG Phase-Locking Value Change,Theta,,FC5,CP6,0.5499336701837358,0.2870250669036452,-0.26290860328009064,0.26290860328009064,-47.807329780744546
Raw EEG Phase-Locking Value Change,Theta,,FC5,P3,0.6222304474970862,0.3061454192167309,-0.31608502828035534,0.31608502828035534,-50.79870802719526
Raw EEG Phase-Locking Value Change,Theta,,FC5,Pz,0.6194152824483997,0.35703214275737494,-0.2623831396910248,0.2623831396910248,-42.35981047382094
Raw EEG Phase-Locking Value Change,Theta,,FC5,P4,0.612940491562157,0.2956418020326924,-0.3172986895294646,0.3172986895294646,-51.76663867005889
Raw EEG Phase-Locking Value Change,Theta,,FC5,P7,0.3121735969498028,0.03571355790085887,-0.2764600390489439,0.2764600390489439,-88.55971220826801
Raw EEG Phase-Locking Value Change,Theta,,FC5,P8,0.33807056325693663,0.0906803098199004,-0.24739025343703624,0.24739025343703624,-73.17710570648455
Raw EEG Phase-Locking Value Change,Theta,,FC5,O1,0.46167029073325827,0.04111036379771551,-0.4205599269355428,0.4205599269355428,-91.09529795984467
Raw EEG Phase-Locking Value Change,Theta,,FC5,Oz,0.4737457090793477,0.05021575030051075,-0.423529958778837,0.423529958778837,-89.40027332424872
Raw EEG Phase-Locking Value Change,Theta,,FC5,O2,0.4532992204775843,0.05478035187496253,-0.39851886860262176,0.39851886860262176,-87.915189481851
Raw EEG Phase-Locking Value Change,Theta,,FC5,PO9,0.16407847469802017,0.4577732547380949,0.2936947800400747,0.2936947800400747,178.9965323486875
Raw EEG Phase-Locking Value Change,Theta,,FC5,PO10,0.3035563588886703,0.14311852995932312,-0.16043782892934716,0.16043782892934716,-52.85273203194137
Raw EEG Phase-Locking Value Change,Theta,,FC6,C3,0.703331307323772,0.5064543251326421,-0.19687698219112992,0.19687698219112992,-27.992068622718005
Raw EEG Phase-Locking Value Change,Theta,,FC6,Cz,0.7411362259129526,0.6541350595685164,-0.08700116634443622,0.08700116634443622,-11.73889000463656
Raw EEG Phase-Locking Value Change,Theta,,FC6,C4,0.8648350860121472,0.8759122191538069,0.0110771331416597,0.0110771331416597,1.280837621047224
Raw EEG Phase-Locking Value Change,Theta,,FC6,FT9,0.4290566458714002,0.16647433158223143,-0.2625823142891688,0.2625823142891688,-61.199917730180495
Raw EEG Phase-Locking Value Change,Theta,,FC6,FT10,0.6981580531110242,0.5467268645162948,-0.15143118859472937,0.15143118859472937,-21.69010124855612
Raw EEG Phase-Locking Value Change,Theta,,FC6,T7,0.6306720392388961,0.26957683774163443,-0.3610952014972617,0.3610952014972617,-57.25562242033696
Raw EEG Phase-Locking Value Change,Theta,,FC6,T8,0.8415131984846537,0.8600649151710399,0.01855171668638622,0.01855171668638622,2.2045663359520726
Raw EEG Phase-Locking Value Change,Theta,,FC6,CP1,0.6217831695915285,0.48183024975260047,-0.139952919838928,0.139952919838928,-22.50831587012367
Raw EEG Phase-Locking Value Change,Theta,,FC6,CP2,0.6528396327773219,0.6242220684237184,-0.02861756435360352,0.02861756435360352,-4.383551934777331
Raw EEG Phase-Locking Value Change,Theta,,FC6,CP5,0.5667339791599438,0.2531205784741861,-0.3136134006857577,0.3136134006857577,-55.33696799874596
Raw EEG Phase-Locking Value Change,Theta,,FC6,CP6,0.768310914727186,0.7742613411902237,0.005950426463037672,0.005950426463037672,0.7744815736674217
Raw EEG Phase-Locking Value Change,Theta,,FC6,P3,0.5680261240885899,0.31159376042808734,-0.25643236366050254,0.25643236366050254,-45.14446656339156
Raw EEG Phase-Locking Value Change,Theta,,FC6,Pz,0.6108527109248271,0.49864586634765434,-0.11220684457717273,0.11220684457717273,-18.36888706072734
Raw EEG Phase-Locking Value Change,Theta,,FC6,P4,0.6437785450873942,0.5934707227034756,-0.05030782238391862,0.05030782238391862,-7.8144608526972945
Raw EEG Phase-Locking Value Change,Theta,,FC6,P7,0.22369239605858876,0.07443662996919234,-0.14925576608939642,0.14925576608939642,-66.72366549746458
Raw EEG Phase-Locking Value Change,Theta,,FC6,P8,0.49432970900185125,0.5086749525179304,0.014345243516079131,0.014345243516079131,2.9019586026996023
Raw EEG Phase-Locking Value Change,Theta,,FC6,O1,0.4560576932453931,0.13948104398813335,-0.3165766492572597,0.3165766492572597,-69.41592126304026
Raw EEG Phase-Locking Value Change,Theta,,FC6,Oz,0.487345393046797,0.22521166974634493,-0.2621337233004521,0.2621337233004521,-53.78807864821262
Raw EEG Phase-Locking Value Change,Theta,,FC6,O2,0.492817677223089,0.26989806587427456,-0.22291961134881444,0.22291961134881444,-45.233688167379405
Raw EEG Phase-Locking Value Change,Theta,,FC6,PO9,0.23716497126216438,0.20391331349225478,-0.0332516577699096,0.0332516577699096,-14.02047595517506
Raw EEG Phase-Locking Value Change,Theta,,FC6,PO10,0.433421419214009,0.23323299403899267,-0.20018842517501634,0.20018842517501634,-46.18794002798693
Raw EEG Phase-Locking Value Change,Theta,,C3,Cz,0.8124059777995967,0.7630512001821019,-0.04935477761749474,0.04935477761749474,-6.075137180941511
Raw EEG Phase-Locking Value Change,Theta,,C3,C4,0.7899259701012459,0.5652501173889655,-0.2246758527122804,0.2246758527122804,-28.442646680357075
Raw EEG Phase-Locking Value Change,Theta,,C3,FT9,0.4350440595831014,0.05110610768529223,-0.38393795189780916,0.38393795189780916,-88.25265934345438
Raw EEG Phase-Locking Value Change,Theta,,C3,FT10,0.40200805832312825,0.06557618434748877,-0.33643187397563945,0.33643187397563945,-83.6878433181109
Raw EEG Phase-Locking Value Change,Theta,,C3,T7,0.7982152770291495,0.5040359837563463,-0.29417929327280323,0.29417929327280323,-36.85463079179582
Raw EEG Phase-Locking Value Change,Theta,,C3,T8,0.5587927589923567,0.35555527249096774,-0.20323748650138895,0.20323748650138895,-36.37081605493189
Raw EEG Phase-Locking Value Change,Theta,,C3,CP1,0.7936269431357945,0.6617135446070619,-0.13191339852873263,0.13191339852873263,-16.62158772073864
Raw EEG Phase-Locking Value Change,Theta,,C3,CP2,0.8013331427228132,0.6045124110098653,-0.1968207317129479,0.1968207317129479,-24.56166121423354
Raw EEG Phase-Locking Value Change,Theta,,C3,CP5,0.8518926566199996,0.7250932979530105,-0.1267993586669891,0.1267993586669891,-14.884429121631694
Raw EEG Phase-Locking Value Change,Theta,,C3,CP6,0.6400808316766354,0.39634881414457995,-0.24373201753205548,0.24373201753205548,-38.07831846700063
Raw EEG Phase-Locking Value Change,Theta,,C3,P3,0.7895332879996558,0.576307133140805,-0.21322615485885088,0.21322615485885088,-27.006607333691523
Raw EEG Phase-Locking Value Change,Theta,,C3,Pz,0.7818283260008132,0.5995031344052787,-0.1823251915955345,0.1823251915955345,-23.32036145686347
Raw EEG Phase-Locking Value Change,Theta,,C3,P4,0.7657486079343602,0.483100251259702,-0.28264835667465815,0.28264835667465815,-36.91137714727478
Raw EEG Phase-Locking Value Change,Theta,,C3,P7,0.46207563904763876,0.23941113862512686,-0.2226645004225119,0.2226645004225119,-48.187889948371804
Raw EEG Phase-Locking Value Change,Theta,,C3,P8,0.4341664974801019,0.1918857761784687,-0.2422807213016332,0.2422807213016332,-55.80364277479449
Raw EEG Phase-Locking Value Change,Theta,,C3,O1,0.6281940697374685,0.2083080561043467,-0.41988601363312184,0.41988601363312184,-66.84017469451732
Raw EEG Phase-Locking Value Change,Theta,,C3,Oz,0.6363952544899881,0.22814091861229777,-0.40825433587769033,0.40825433587769033,-64.15106539486509
Raw EEG Phase-Locking Value Change,Theta,,C3,O2,0.606461478103922,0.2091081604503178,-0.39735331765360427,0.39735331765360427,-65.51995996446696
Raw EEG Phase-Locking Value Change,Theta,,C3,PO9,0.3175389733947097,0.37763916270919423,0.06010018931448452,0.06010018931448452,18.926870195482532
Raw EEG Phase-Locking Value Change,Theta,,C3,PO10,0.40206155600229143,0.12189550283806777,-0.28016605316422366,0.28016605316422366,-69.6823779796114
Raw EEG Phase-Locking Value Change,Theta,,Cz,C4,0.8181506819974023,0.7305466977328154,-0.08760398426458682,0.08760398426458682,-10.707561112179697
Raw EEG Phase-Locking Value Change,Theta,,Cz,FT9,0.3722925853268293,0.05240403234556348,-0.31988855298126584,0.31988855298126584,-85.92396560904943
Raw EEG Phase-Locking Value Change,Theta,,Cz,FT10,0.41138596608750033,0.1686244428047116,-0.24276152328278874,0.24276152328278874,-59.01064773589147
Raw EEG Phase-Locking Value Change,Theta,,Cz,T7,0.680624728255272,0.3593511618290567,-0.3212735664262153,0.3212735664262153,-47.2027466956387
Raw EEG Phase-Locking Value Change,Theta,,Cz,T8,0.5711129806824903,0.4913119324540413,-0.07980104822844897,0.07980104822844897,-13.972900446613082
Raw EEG Phase-Locking Value Change,Theta,,Cz,CP1,0.6853384230100926,0.6652055971279828,-0.02013282588210985,0.02013282588210985,-2.937647329575357
Raw EEG Phase-Locking Value Change,Theta,,Cz,CP2,0.70905193316165,0.7079766028927691,-0.0010753302688809585,0.0010753302688809585,-0.15165747649626732
Raw EEG Phase-Locking Value Change,Theta,,Cz,CP5,0.6998649058744341,0.512236069838681,-0.1876288360357531,0.1876288360357531,-26.809293402320765
Raw EEG Phase-Locking Value Change,Theta,,Cz,CP6,0.6379167758928144,0.5338809767527607,-0.10403579914005368,0.10403579914005368,-16.30867898002015
Raw EEG Phase-Locking Value Change,Theta,,Cz,P3,0.6602246963251159,0.5231325749300691,-0.13709212139504678,0.13709212139504678,-20.764464304064475
Raw EEG Phase-Locking Value Change,Theta,,Cz,Pz,0.6726258736315611,0.639693118560806,-0.032932755070755104,0.032932755070755104,-4.896147525956519
Raw EEG Phase-Locking Value Change,Theta,,Cz,P4,0.681998208696427,0.5912755744419564,-0.09072263425447058,0.09072263425447058,-13.302473979789191
Raw EEG Phase-Locking Value Change,Theta,,Cz,P7,0.3370524665268609,0.12442948460831582,-0.21262298191854506,0.21262298191854506,-63.08305176031114
Raw EEG Phase-Locking Value Change,Theta,,Cz,P8,0.38913749220146215,0.3121282000174859,-0.07700929218397623,0.07700929218397623,-19.789738518463647
Raw EEG Phase-Locking Value Change,Theta,,Cz,O1,0.500160204164317,0.22079620186277302,-0.2793640023015439,0.2793640023015439,-55.85490408384527
Raw EEG Phase-Locking Value Change,Theta,,Cz,Oz,0.5197231610303948,0.27578751564623977,-0.24393564538415508,0.24393564538415508,-46.93568878102953
Raw EEG Phase-Locking Value Change,Theta,,Cz,O2,0.5047777744321214,0.27619210457515775,-0.2285856698569636,0.2285856698569636,-45.284416516579824
Raw EEG Phase-Locking Value Change,Theta,,Cz,PO9,0.22693381242757896,0.2973453782638413,0.07041156583626232,0.07041156583626232,31.02735774940222
Raw EEG Phase-Locking Value Change,Theta,,Cz,PO10,0.34144923997970933,0.0686136919888707,-0.27283554799083864,0.27283554799083864,-79.90515603638536
Raw EEG Phase-Locking Value Change,Theta,,C4,FT9,0.3761241762543647,0.0695256024016763,-0.3065985738526884,0.3065985738526884,-81.5152529959527
Raw EEG Phase-Locking Value Change,Theta,,C4,FT10,0.5592332693929252,0.38805762304240204,-0.17117564635052313,0.17117564635052313,-30.608988363003256
Raw EEG Phase-Locking Value Change,Theta,,C4,T7,0.6574544767685867,0.24872672692895198,-0.4087277498396347,0.4087277498396347,-62.16822065742816
Raw EEG Phase-Locking Value Change,Theta,,C4,T8,0.7497660442328383,0.7667417276220864,0.016975683389248042,0.016975683389248042,2.264130727154707
Raw EEG Phase-Locking Value Change,Theta,,C4,CP1,0.7615677888274759,0.6132945660498527,-0.14827322277762323,0.14827322277762323,-19.46947139215374
Raw EEG Phase-Locking Value Change,Theta,,C4,CP2,0.7916603830379048,0.7653804358245039,-0.026279947213400878,0.026279947213400878,-3.3195986279564265
Raw EEG Phase-Locking Value Change,Theta,,C4,CP5,0.6662724948116445,0.33938350386564137,-0.32688899094600316,0.32688899094600316,-49.06235714239034
Raw EEG Phase-Locking Value Change,Theta,,C4,CP6,0.829227152780816,0.8324728427515311,0.00324568997071506,0.00324568997071506,0.39141144375586684
Raw EEG Phase-Locking Value Change,Theta,,C4,P3,0.7099413991579873,0.4427828581218705,-0.26715854103611675,0.26715854103611675,-37.631069459109604
Raw EEG Phase-Locking Value Change,Theta,,C4,Pz,0.7518618150264972,0.6357824308977231,-0.11607938412877405,0.11607938412877405,-15.438925319632462
Raw EEG Phase-Locking Value Change,Theta,,C4,P4,0.7830905776317684,0.7274092022811005,-0.05568137535066786,0.05568137535066786,-7.110464222294708
Raw EEG Phase-Locking Value Change,Theta,,C4,P7,0.3440961806088416,0.038462033597219704,-0.3056341470116219,0.3056341470116219,-88.82230150617619
Raw EEG Phase-Locking Value Change,Theta,,C4,P8,0.5610189306322187,0.5549912268518568,-0.006027703780361993,0.006027703780361993,-1.0744207461180149
Raw EEG Phase-Locking Value Change,Theta,,C4,O1,0.5854285673033375,0.24283085077057198,-0.3425977165327655,0.3425977165327655,-58.52084023006856
Raw EEG Phase-Locking Value Change,Theta,,C4,Oz,0.6183070261319177,0.3308656666135185,-0.28744135951839916,0.28744135951839916,-46.48845110439885
Raw EEG Phase-Locking Value Change,Theta,,C4,O2,0.6213809394396163,0.37080553366046415,-0.2505754057791521,0.2505754057791521,-40.325570012676934
Raw EEG Phase-Locking Value Change,Theta,,C4,PO9,0.32151099473903727,0.19908162114421318,-0.12242937359482409,0.12242937359482409,-38.079373831117984
Raw EEG Phase-Locking Value Change,Theta,,C4,PO10,0.4961371475292738,0.233152070300196,-0.2629850772290778,0.2629850772290778,-53.006528242991685
Raw EEG Phase-Locking Value Change,Theta,,FT9,FT10,0.37068444983590876,0.33976954153386035,-0.030914908302048405,0.030914908302048405,-8.339952840140322
Raw EEG Phase-Locking Value Change,Theta,,FT9,T7,0.6336731992966061,0.40694323763147,-0.22672996166513615,0.22672996166513615,-35.78026684998077
Raw EEG Phase-Locking Value Change,Theta,,FT9,T8,0.3602876853321719,0.15913974508301026,-0.20114794024916166,0.20114794024916166,-55.829812796324326
Raw EEG Phase-Locking Value Change,Theta,,FT9,CP1,0.27978301564504254,0.20082061045990973,-0.07896240518513281,0.07896240518513281,-28.222730033516935
Raw EEG Phase-Locking Value Change,Theta,,FT9,CP2,0.2926464526277861,0.12043251927993344,-0.17221393334785268,0.17221393334785268,-58.847094096469284
Raw EEG Phase-Locking Value Change,Theta,,FT9,CP5,0.3742084173258329,0.12820343010888183,-0.24600498721695105,0.24600498721695105,-65.74009985530287
Raw EEG Phase-Locking Value Change,Theta,,FT9,CP6,0.2962311818002065,0.04628793113204185,-0.24994325066816467,0.24994325066816467,-84.37438933648085
Raw EEG Phase-Locking Value Change,Theta,,FT9,P3,0.2533443377757984,0.29497577548720255,0.04163143771140415,0.04163143771140415,16.432748439101346
Raw EEG Phase-Locking Value Change,Theta,,FT9,Pz,0.26840171945263563,0.18945079280491373,-0.07895092664772191,0.07895092664772191,-29.415208966891228
Raw EEG Phase-Locking Value Change,Theta,,FT9,P4,0.2782430505501283,0.12336421552659026,-0.15487883502353805,0.15487883502353805,-55.66314584221217
Raw EEG Phase-Locking Value Change,Theta,,FT9,P7,0.0295241496843452,0.44849173732213565,0.41896758763779046,0.41896758763779046,1419.0674146999825
Raw EEG Phase-Locking Value Change,Theta,,FT9,P8,0.17405619432669225,0.04442279468389757,-0.1296333996427947,0.1296333996427947,-74.47790074019494
Raw EEG Phase-Locking Value Change,Theta,,FT9,O1,0.17122367144164397,0.29714373664115934,0.12592006519951537,0.12592006519951537,73.54127156561478
Raw EEG Phase-Locking Value Change,Theta,,FT9,Oz,0.19458000971927092,0.23117269988762212,0.036592690168351205,0.036592690168351205,18.80598640176094
Raw EEG Phase-Locking Value Change,Theta,,FT9,O2,0.19152242253788548,0.1849796226514409,-0.0065427998864445724,0.0065427998864445724,-3.4162056848201816
Raw EEG Phase-Locking Value Change,Theta,,FT9,PO9,0.03199053682780452,0.21127367961121893,0.1792831427834144,0.1792831427834144,560.4255525577513
Raw EEG Phase-Locking Value Change,Theta,,FT9,PO10,0.16620965790698725,0.07173963564687263,-0.09447002226011461,0.09447002226011461,-56.83786577130258
Raw EEG Phase-Locking Value Change,Theta,,FT10,T7,0.38372246191663484,0.04013410503534748,-0.34358835688128736,0.34358835688128736,-89.540850740172
Raw EEG Phase-Locking Value Change,Theta,,FT10,T8,0.7808598856050533,0.6720692835325254,-0.10879060207252789,0.10879060207252789,-13.932154036601705
Raw EEG Phase-Locking Value Change,Theta,,FT10,CP1,0.38972191297530107,0.05751397051073515,-0.3322079424645659,0.3322079424645659,-85.24230519355473
Raw EEG Phase-Locking Value Change,Theta,,FT10,CP2,0.4071757002032481,0.1903312247552022,-0.21684447544804591,0.21684447544804591,-53.255750610806246
Raw EEG Phase-Locking Value Change,Theta,,FT10,CP5,0.28311875280531434,0.14874818414982496,-0.13437056865548938,0.13437056865548938,-47.460850729265836
Raw EEG Phase-Locking Value Change,Theta,,FT10,CP6,0.5862107084998243,0.45461499118419435,-0.1315957173156299,0.1315957173156299,-22.448535212261373
Raw EEG Phase-Locking Value Change,Theta,,FT10,P3,0.33676604456248077,0.07488083338153384,-0.26188521118094693,0.26188521118094693,-77.76473175054885
Raw EEG Phase-Locking Value Change,Theta,,FT10,Pz,0.38542105888061984,0.09308840076092396,-0.2923326581196959,0.2923326581196959,-75.84760909762403
Raw EEG Phase-Locking Value Change,Theta,,FT10,P4,0.4123683416148151,0.2285147703302316,-0.18385357128458352,0.18385357128458352,-44.58479294618533
Raw EEG Phase-Locking Value Change,Theta,,FT10,P7,0.029543041466192133,0.31418108471759565,0.2846380432514035,0.2846380432514035,963.468990073794
Raw EEG Phase-Locking Value Change,Theta,,FT10,P8,0.4647257549541927,0.40732724288827143,-0.05739851206592128,0.05739851206592128,-12.351050367668769
Raw EEG Phase-Locking Value Change,Theta,,FT10,O1,0.2921888106006175,0.025410453622003365,-0.2667783569786142,0.2667783569786142,-91.30341316980274
Raw EEG Phase-Locking Value Change,Theta,,FT10,Oz,0.3334307253439292,0.06628461349616052,-0.2671461118477687,0.2671461118477687,-80.12042428669739
Raw EEG Phase-Locking Value Change,Theta,,FT10,O2,0.3648871267378538,0.13296592016592074,-0.23192120657193305,0.23192120657193305,-63.55971191566657
Raw EEG Phase-Locking Value Change,Theta,,FT10,PO9,0.19776874853867457,0.036847916701547495,-0.16092083183712708,0.16092083183712708,-81.36818027427537
Raw EEG Phase-Locking Value Change,Theta,,FT10,PO10,0.44452421220809946,0.3954595263695126,-0.04906468583858686,0.04906468583858686,-11.0375733179676
Raw EEG Phase-Locking Value Change,Theta,,T7,T8,0.49710123219254726,0.163916723990003,-0.33318450820254425,0.33318450820254425,-67.02548427268604
Raw EEG Phase-Locking Value Change,Theta,,T7,CP1,0.6066651764980467,0.21606574313850765,-0.39059943335953906,0.39059943335953906,-64.38468013184149
Raw EEG Phase-Locking Value Change,Theta,,T7,CP2,0.6169153684693568,0.19452453834718764,-0.42239083012216916,0.42239083012216916,-68.46819705110815
Raw EEG Phase-Locking Value Change,Theta,,T7,CP5,0.7656280666289731,0.4811915586790636,-0.2844365079499095,0.2844365079499095,-37.15074203095388
Raw EEG Phase-Locking Value Change,Theta,,T7,CP6,0.518338621660158,0.12288733264367775,-0.39545128901648025,0.39545128901648025,-76.29207481200442
Raw EEG Phase-Locking Value Change,Theta,,T7,P3,0.6024108352697207,0.15982789772270384,-0.4425829375470169,0.4425829375470169,-73.4686216838807
Raw EEG Phase-Locking Value Change,Theta,,T7,Pz,0.594599173543647,0.17276337621164006,-0.42183579733200693,0.42183579733200693,-70.94456502823272
Raw EEG Phase-Locking Value Change,Theta,,T7,P4,0.5868003550120865,0.11371583091248097,-0.47308452409960555,0.47308452409960555,-80.62103576775465
Raw EEG Phase-Locking Value Change,Theta,,T7,P7,0.32286973928021284,0.0461922663814286,-0.27667747289878425,0.27667747289878425,-85.69321904108853
Raw EEG Phase-Locking Value Change,Theta,,T7,P8,0.3187075137020282,0.06197602239943219,-0.25673149130259604,0.25673149130259604,-80.5539500215938
Raw EEG Phase-Locking Value Change,Theta,,T7,O1,0.4489565718107377,0.1464738626894998,-0.3024827091212379,0.3024827091212379,-67.37460327204045
Raw EEG Phase-Locking Value Change,Theta,,T7,Oz,0.46126275069950906,0.1220500824112885,-0.33921266828822055,0.33921266828822055,-73.54000898052173
Raw EEG Phase-Locking Value Change,Theta,,T7,O2,0.4406013017458601,0.1214642506712015,-0.3191370510746586,0.3191370510746586,-72.43216254924677
Raw EEG Phase-Locking Value Change,Theta,,T7,PO9,0.1412444291047876,0.5106399800393145,0.3693955509345269,0.3693955509345269,261.529288819226
Raw EEG Phase-Locking Value Change,Theta,,T7,PO10,0.28541546651530997,0.23425040758926186,-0.05116505892604811,0.05116505892604811,-17.92651938268509
Raw EEG Phase-Locking Value Change,Theta,,T8,CP1,0.5553678638061453,0.3975041083559184,-0.15786375545022696,0.15786375545022696,-28.425079256175742
Raw EEG Phase-Locking Value Change,Theta,,T8,CP2,0.5860505504902679,0.5549150766643458,-0.031135473825922078,0.031135473825922078,-5.312762491200684
Raw EEG Phase-Locking Value Change,Theta,,T8,CP5,0.4415933574145754,0.1388445233982408,-0.30274883401633457,0.30274883401633457,-68.55828533944835
Raw EEG Phase-Locking Value Change,Theta,,T8,CP6,0.8084288447071926,0.8226040270416579,0.014175182334465353,0.014175182334465353,1.7534236225328534
Raw EEG Phase-Locking Value Change,Theta,,T8,P3,0.4912008234865354,0.24130946125836714,-0.24989136222816824,0.24989136222816824,-50.87356337362048
Raw EEG Phase-Locking Value Change,Theta,,T8,Pz,0.5468811783380381,0.4326787694661289,-0.11420240887190919,0.11420240887190919,-20.882490273109827
Raw EEG Phase-Locking Value Change,Theta,,T8,P4,0.5968310620910261,0.5736333072985123,-0.023197754792513847,0.023197754792513847,-3.886820955873075
Raw EEG Phase-Locking Value Change,Theta,,T8,P7,0.16519989706799418,0.11525733564939031,-0.04994256141860387,0.04994256141860387,-30.231593545151025
Raw EEG Phase-Locking Value Change,Theta,,T8,P8,0.6059796325647573,0.6220200719079306,0.01604043934317334,0.01604043934317334,2.647026150909321
Raw EEG Phase-Locking Value Change,Theta,,T8,O1,0.4264009173119146,0.1455024468996989,-0.2808984704122157,0.2808984704122157,-65.87661025286607
Raw EEG Phase-Locking Value Change,Theta,,T8,Oz,0.47002874926751637,0.24282529632432256,-0.2272034529431938,0.2272034529431938,-48.33820341782566
Raw EEG Phase-Locking Value Change,Theta,,T8,O2,0.49460148180839497,0.3077531807222494,-0.18684830108614559,0.18684830108614559,-37.777545753194744
Raw EEG Phase-Locking Value Change,Theta,,T8,PO9,0.2588176148216709,0.11044782522275809,-0.14836978959891284,0.14836978959891284,-57.32600143971722
Raw EEG Phase-Locking Value Change,Theta,,T8,PO10,0.5269130003190299,0.35981516350363957,-0.1670978368153903,0.1670978368153903,-31.712604683167356
Raw EEG Phase-Locking Value Change,Theta,,CP1,CP2,0.9439537917246642,0.8383271585869402,-0.10562663313772402,0.10562663313772402,-11.189809719895015
Raw EEG Phase-Locking Value Change,Theta,,CP1,CP5,0.7419445844726693,0.6048003881509693,-0.13714419632170005,0.13714419632170005,-18.48442581721573
Raw EEG Phase-Locking Value Change,Theta,,CP1,CP6,0.7170414691960416,0.5471080103700147,-0.16993345882602695,0.16993345882602695,-23.69925117672191
Raw EEG Phase-Locking Value Change,Theta,,CP1,P3,0.9243806625801396,0.8469195430372878,-0.07746111954285184,0.07746111954285184,-8.379785804545248
Raw EEG Phase-Locking Value Change,Theta,,CP1,Pz,0.9531704234560454,0.9015602595782838,-0.05161016387776163,0.05161016387776163,-5.41457882113372
Raw EEG Phase-Locking Value Change,Theta,,CP1,P4,0.9291877262680307,0.7747808133518077,-0.154406912916223,0.154406912916223,-16.61740771548711
Raw EEG Phase-Locking Value Change,Theta,,CP1,P7,0.5535768037576628,0.39048217883345343,-0.1630946249242094,0.1630946249242094,-29.461968748894094
Raw EEG Phase-Locking Value Change,Theta,,CP1,P8,0.592221052166149,0.42537110805634226,-0.1668499441098067,0.1668499441098067,-28.173592191551567
Raw EEG Phase-Locking Value Change,Theta,,CP1,O1,0.8486813188192751,0.5763135636411323,-0.2723677551781428,0.2723677551781428,-32.09305414629292
Raw EEG Phase-Locking Value Change,Theta,,CP1,Oz,0.8678171495842207,0.6102062010115045,-0.25761094857271627,0.25761094857271627,-29.68493405507601
Raw EEG Phase-Locking Value Change,Theta,,CP1,O2,0.8400553001266314,0.5741901677903638,-0.26586513233626763,0.26586513233626763,-31.64852745958399
Raw EEG Phase-Locking Value Change,Theta,,CP1,PO9,0.5230814808354881,0.1773639632968796,-0.3457175175386085,0.3457175175386085,-66.09247893586554
Raw EEG Phase-Locking Value Change,Theta,,CP1,PO10,0.5752308484361848,0.17329038013811432,-0.40194046829807045,0.40194046829807045,-69.87463718101709
Raw EEG Phase-Locking Value Change,Theta,,CP2,CP5,0.7396285147241451,0.4756165221888974,-0.26401199253524776,0.26401199253524776,-35.69521554123894
Raw EEG Phase-Locking Value Change,Theta,,CP2,CP6,0.7518545538099562,0.7178277892608274,-0.034026764549128896,0.034026764549128896,-4.525711040347004
Raw EEG Phase-Locking Value Change,Theta,,CP2,P3,0.909562239219899,0.7186197393493549,-0.19094249987054412,0.19094249987054412,-20.992790997382333
Raw EEG Phase-Locking Value Change,Theta,,CP2,Pz,0.9467376230943028,0.8844811879396002,-0.06225643515470258,0.06225643515470258,-6.575891106051601
Raw EEG Phase-Locking Value Change,Theta,,CP2,P4,0.9426897938035317,0.8888822107071304,-0.053807583096401324,0.053807583096401324,-5.707877973230237
Raw EEG Phase-Locking Value Change,Theta,,CP2,P7,0.532286814671018,0.24247551940470544,-0.28981129526631255,0.28981129526631255,-54.446453918914294
Raw EEG Phase-Locking Value Change,Theta,,CP2,P8,0.6127947359153842,0.5667581391089452,-0.04603659680643901,0.04603659680643901,-7.512564013408206
Raw EEG Phase-Locking Value Change,Theta,,CP2,O1,0.8306115553906174,0.509960253967329,-0.32065130142328835,0.32065130142328835,-38.604242782595705
Raw EEG Phase-Locking Value Change,Theta,,CP2,Oz,0.8585392367710195,0.5914660286844763,-0.2670732080865432,0.2670732080865432,-31.10786282651566
Raw EEG Phase-Locking Value Change,Theta,,CP2,O2,0.8357109308346428,0.6005764925964814,-0.23513443823816138,0.23513443823816138,-28.135857694637007
Raw EEG Phase-Locking Value Change,Theta,,CP2,PO9,0.513175146275558,0.15960850148855438,-0.35356664478700367,0.35356664478700367,-68.89785044210814
Raw EEG Phase-Locking Value Change,Theta,,CP2,PO10,0.5905886247748451,0.2673935746457541,-0.323195050129091,0.323195050129091,-54.72422538654639
Raw EEG Phase-Locking Value Change,Theta,,CP5,CP6,0.5408022014901813,0.22293174246734263,-0.3178704590228387,0.3178704590228387,-58.77758229292451
Raw EEG Phase-Locking Value Change,Theta,,CP5,P3,0.7790899029389228,0.6285626127540831,-0.15052729018483968,0.15052729018483968,-19.320914007101482
Raw EEG Phase-Locking Value Change,Theta,,CP5,Pz,0.7352390033002325,0.535255463143239,-0.1999835401569935,0.1999835401569935,-27.199800236295523
Raw EEG Phase-Locking Value Change,Theta,,CP5,P4,0.7021763627010663,0.3680191136485342,-0.33415724905253213,0.33415724905253213,-47.58879204750318
Raw EEG Phase-Locking Value Change,Theta,,CP5,P7,0.5655251888454529,0.4527763215833784,-0.1127488672620745,0.1127488672620745,-19.937019514949775
Raw EEG Phase-Locking Value Change,Theta,,CP5,P8,0.36094287149793175,0.08236528345705835,-0.2785775880408734,0.2785775880408734,-77.18052080783916
Raw EEG Phase-Locking Value Change,Theta,,CP5,O1,0.6014370058280007,0.24865621393228005,-0.3527807918957207,0.3527807918957207,-58.656316202234
Raw EEG Phase-Locking Value Change,Theta,,CP5,Oz,0.5918605751764567,0.2223869488065775,-0.36947362636987924,0.36947362636987924,-62.4257877388986
Raw EEG Phase-Locking Value Change,Theta,,CP5,O2,0.5548481970434358,0.17603323876642724,-0.37881495827700856,0.37881495827700856,-68.27362155911509
Raw EEG Phase-Locking Value Change,Theta,,CP5,PO9,0.2794664664411497,0.35876297433116194,0.07929650789001225,0.07929650789001225,28.374247865874306
Raw EEG Phase-Locking Value Change,Theta,,CP5,PO10,0.3160264848515513,0.22920009790399767,-0.08682638694755365,0.08682638694755365,-27.474402023089628
Raw EEG Phase-Locking Value Change,Theta,,CP6,P3,0.6480767093256323,0.39764784335904313,-0.2504288659665892,0.2504288659665892,-38.64185556477988
Raw EEG Phase-Locking Value Change,Theta,,CP6,Pz,0.7111681821213509,0.597169171810979,-0.11399901031037196,0.11399901031037196,-16.02982433358072
Raw EEG Phase-Locking Value Change,Theta,,CP6,P4,0.7739215931596239,0.7671520493588122,-0.006769543800811739,0.006769543800811739,-0.8747066706298112
Raw EEG Phase-Locking Value Change,Theta,,CP6,P7,0.2964942730869326,0.015435759112663427,-0.2810585139742692,0.2810585139742692,-94.79390986140983
Raw EEG Phase-Locking Value Change,Theta,,CP6,P8,0.733034327546623,0.7420891268953471,0.009054799348724107,0.009054799348724107,1.2352490201965607
Raw EEG Phase-Locking Value Change,Theta,,CP6,O1,0.5794087740761062,0.2896202666086284,-0.28978850746747786,0.28978850746747786,-50.01451832163896
Raw EEG Phase-Locking Value Change,Theta,,CP6,Oz,0.6319786569179041,0.3995268581516375,-0.2324517987662666,0.2324517987662666,-36.78159004608011
Raw EEG Phase-Locking Value Change,Theta,,CP6,O2,0.6645248003025475,0.47038019962671734,-0.19414460067583011,0.19414460067583011,-29.215553819426933
Raw EEG Phase-Locking Value Change,Theta,,CP6,PO9,0.35356236055936396,0.09839246595524416,-0.2551698946041198,0.2551698946041198,-72.1711140859057
Raw EEG Phase-Locking Value Change,Theta,,CP6,PO10,0.6226015879432294,0.40021375942729354,-0.22238782851593586,0.22238782851593586,-35.71912324390246
Raw EEG Phase-Locking Value Change,Theta,,P3,Pz,0.9332850293088657,0.8312579901946507,-0.10202703911421496,0.10202703911421496,-10.932034256433964
Raw EEG Phase-Locking Value Change,Theta,,P3,P4,0.8823978435042695,0.6573034448395406,-0.2250943986647289,0.2250943986647289,-25.509400359684786
Raw EEG Phase-Locking Value Change,Theta,,P3,P7,0.6032075073332814,0.5208672276991845,-0.08234027963409696,0.08234027963409696,-13.650406971576812
Raw EEG Phase-Locking Value Change,Theta,,P3,P8,0.5273996651008723,0.31734492977545403,-0.2100547353254183,0.2100547353254183,-39.82837859505324
Raw EEG Phase-Locking Value Change,Theta,,P3,O1,0.835593873383512,0.6414993989010499,-0.1940944744824621,0.1940944744824621,-23.228326662632035
Raw EEG Phase-Locking Value Change,Theta,,P3,Oz,0.8356281508756664,0.6278437022723837,-0.2077844486032827,0.2077844486032827,-24.865659251132513
Raw EEG Phase-Locking Value Change,Theta,,P3,O2,0.7998973077710848,0.5533413354674082,-0.24655597230367665,0.24655597230367665,-30.823453199349462
Raw EEG Phase-Locking Value Change,Theta,,P3,PO9,0.5040476826665982,0.16737685600442706,-0.3366708266621711,0.3366708266621711,-66.79344796925922
Raw EEG Phase-Locking Value Change,Theta,,P3,PO10,0.5111454659532891,0.12493655557000016,-0.386208910383289,0.386208910383289,-75.55753422619277
Raw EEG Phase-Locking Value Change,Theta,,Pz,P4,0.9285958375355009,0.836411038331853,-0.09218479920364786,0.09218479920364786,-9.927332804797713
Raw EEG Phase-Locking Value Change,Theta,,Pz,P7,0.5574489651568104,0.3513723653206242,-0.2060765998361862,0.2060765998361862,-36.967796644526345
Raw EEG Phase-Locking Value Change,Theta,,Pz,P8,0.5939453612920156,0.4912044147731879,-0.1027409465188277,0.1027409465188277,-17.298046792609718
Raw EEG Phase-Locking Value Change,Theta,,Pz,O1,0.8565637893854873,0.6035158635524097,-0.25304792583307756,0.25304792583307756,-29.542216116165527
Raw EEG Phase-Locking Value Change,Theta,,Pz,Oz,0.8745199669379948,0.6578317303439621,-0.2166882365940327,0.2166882365940327,-24.777963315432945
Raw EEG Phase-Locking Value Change,Theta,,Pz,O2,0.851920313987485,0.632293344040148,-0.219626969947337,0.219626969947337,-25.78022455167836
Raw EEG Phase-Locking Value Change,Theta,,Pz,PO9,0.5317255551886712,0.15192498583969793,-0.3798005693489732,0.3798005693489732,-71.42793225618229
Raw EEG Phase-Locking Value Change,Theta,,Pz,PO10,0.5796593187584076,0.22981352804443367,-0.3498457907139739,0.3498457907139739,-60.35369041652272
Raw EEG Phase-Locking Value Change,Theta,,P4,P7,0.5081864969502948,0.20422994217222737,-0.3039565547780675,0.3039565547780675,-59.81200929228884
Raw EEG Phase-Locking Value Change,Theta,,P4,P8,0.6480495901867384,0.6902761008566272,0.042226510669888806,0.042226510669888806,6.5159381796262
Raw EEG Phase-Locking Value Change,Theta,,P4,O1,0.8180019619548545,0.5466731288482151,-0.27132883310663947,0.27132883310663947,-33.169704441566374
Raw EEG Phase-Locking Value Change,Theta,,P4,Oz,0.857137436891961,0.6588607669357288,-0.19827666995623217,0.19827666995623217,-23.132424442362122
Raw EEG Phase-Locking Value Change,Theta,,P4,O2,0.849551928948916,0.7008751464292589,-0.1486767825196571,0.1486767825196571,-17.50061149335547
Raw EEG Phase-Locking Value Change,Theta,,P4,PO9,0.5100408347847919,0.11286469222629229,-0.3971761425584996,0.3971761425584996,-77.87143998501321
Raw EEG Phase-Locking Value Change,Theta,,P4,PO10,0.6189058520342144,0.39049831791651074,-0.2284075341177037,0.2284075341177037,-36.90505322691259
Raw EEG Phase-Locking Value Change,Theta,,P7,P8,0.2420627204291001,0.026697100101695088,-0.215365620327405,0.215365620327405,-88.97099889881034
Raw EEG Phase-Locking Value Change,Theta,,P7,O1,0.5841629639145266,0.4358892581728298,-0.1482737057416968,0.1482737057416968,-25.382250313868216
Raw EEG Phase-Locking Value Change,Theta,,P7,Oz,0.5294459359153926,0.3242906690205533,-0.20515526689483926,0.20515526689483926,-38.74904933213499
Raw EEG Phase-Locking Value Change,Theta,,P7,O2,0.4719518690970136,0.2368898068189959,-0.23506206227801768,0.23506206227801768,-49.806363247964754
Raw EEG Phase-Locking Value Change,Theta,,P7,PO9,0.5136408791352347,0.22639500058961273,-0.287245878545622,0.287245878545622,-55.923484717421424
Raw EEG Phase-Locking Value Change,Theta,,P7,PO10,0.2307693918712133,0.1399478769937359,-0.09082151487747739,0.09082151487747739,-39.35596230550481
Raw EEG Phase-Locking Value Change,Theta,,P8,O1,0.5527875545262187,0.38158145111612113,-0.17120610341009762,0.17120610341009762,-30.97141062751211
Raw EEG Phase-Locking Value Change,Theta,,P8,Oz,0.6163436602734002,0.5149538198085846,-0.10138984046481558,0.10138984046481558,-16.450212276028065
Raw EEG Phase-Locking Value Change,Theta,,P8,O2,0.6914308512375333,0.6322605373037791,-0.05917031393375427,0.05917031393375427,-8.557661815039111
Raw EEG Phase-Locking Value Change,Theta,,P8,PO9,0.4356535906683577,0.14715295366030023,-0.28850063700805745,0.28850063700805745,-66.22248575191459
Raw EEG Phase-Locking Value Change,Theta,,P8,PO10,0.8362741677862279,0.7108517105458618,-0.12542245724036605,0.12542245724036605,-14.997767726388398
Raw EEG Phase-Locking Value Change,Theta,,O1,Oz,0.9190701421191761,0.8724846662971304,-0.04658547582204575,0.04658547582204575,-5.068761750287063
Raw EEG Phase-Locking Value Change,Theta,,O1,O2,0.8536151610610582,0.7668299204441442,-0.08678524061691395,0.08678524061691395,-10.166787631681519
Raw EEG Phase-Locking Value Change,Theta,,O1,PO9,0.6598125544359493,0.3587463664245506,-0.3010661880113987,0.3010661880113987,-45.62904812697444
Raw EEG Phase-Locking Value Change,Theta,,O1,PO10,0.5923434832716549,0.3546963492805436,-0.23764713399111126,0.23764713399111126,-40.1198191087592
Raw EEG Phase-Locking Value Change,Theta,,Oz,O2,0.9178193833628051,0.893354776295946,-0.024464607066859156,0.024464607066859156,-2.66551431690439
Raw EEG Phase-Locking Value Change,Theta,,Oz,PO9,0.6441823984354557,0.31127255617715677,-0.3329098422582989,0.3329098422582989,-51.67943785282656
Raw EEG Phase-Locking Value Change,Theta,,Oz,PO10,0.6612167862095608,0.46875859180159635,-0.19245819440796447,0.19245819440796447,-29.106670977189662
Raw EEG Phase-Locking Value Change,Theta,,O2,PO9,0.611734972874453,0.28982567527671665,-0.32190929759773634,0.32190929759773634,-52.62234658337935
Raw EEG Phase-Locking Value Change,Theta,,O2,PO10,0.7278402825106174,0.571914929167189,-0.15592535334342839,0.15592535334342839,-21.423017809014137
Raw EEG Phase-Locking Value Change,Theta,,PO9,PO10,0.5573107244310805,0.3976280336964459,-0.15968269073463465,0.15968269073463465,-28.652362808493145
Raw EEG Phase-Locking Value Change,Alpha,,Fp1,Fp2,0.9504268181255272,0.9499949458401736,-0.0004318722853535739,0.0004318722853535739,-0.045439825257175624
Raw EEG Phase-Locking Value Change,Alpha,,Fp1,F7,0.9167725914929502,0.9170605197292894,0.0002879282363391633,0.0002879282363391633,0.031406723871432125
Raw EEG Phase-Locking Value Change,Alpha,,Fp1,F3,0.9176379330397518,0.8703309691067008,-0.047306963933051005,0.047306963933051005,-5.155297337844651
Raw EEG Phase-Locking Value Change,Alpha,,Fp1,Fz,0.864121526852694,0.8633551206791279,-0.0007664061735661587,0.0007664061735661587,-0.08869194317581296
Raw EEG Phase-Locking Value Change,Alpha,,Fp1,F4,0.867531491001808,0.8567618561926039,-0.01076963480920412,0.01076963480920412,-1.2414113978464991
Raw EEG Phase-Locking Value Change,Alpha,,Fp1,F8,0.8158456105000956,0.8010431893319936,-0.014802421168102042,0.014802421168102042,-1.8143654850368662
Raw EEG Phase-Locking Value Change,Alpha,,Fp1,FC1,0.7173843466199343,0.7029593328134848,-0.01442501380644956,0.01442501380644956,-2.01077900213675
Raw EEG Phase-Locking Value Change,Alpha,,Fp1,FC2,0.762851574857528,0.7737625225975928,0.010910947740064847,0.010910947740064847,1.4302844877920848
Raw EEG Phase-Locking Value Change,Alpha,,Fp1,FC5,0.778499545419173,0.7690874355950857,-0.009412109824087245,0.009412109824087245,-1.2090064637121163
Raw EEG Phase-Locking Value Change,Alpha,,Fp1,FC6,0.7846581328812093,0.7019632197305337,-0.08269491315067568,0.08269491315067568,-10.53897355871732
Raw EEG Phase-Locking Value Change,Alpha,,Fp1,C3,0.5005514810428056,0.43098611107199275,-0.06956536997081281,0.06956536997081281,-13.897745308012343
Raw EEG Phase-Locking Value Change,Alpha,,Fp1,Cz,0.7535745035585442,0.6154779514505739,-0.13809655210797023,0.13809655210797023,-18.3255340322487
Raw EEG Phase-Locking Value Change,Alpha,,Fp1,C4,0.5683054861920458,0.49732056398323415,-0.07098492220881164,0.07098492220881164,-12.490627652470685
Raw EEG Phase-Locking Value Change,Alpha,,Fp1,FT9,0.7631223015271998,0.7342131886703605,-0.028909112856839392,0.028909112856839392,-3.7882673326392085
Raw EEG Phase-Locking Value Change,Alpha,,Fp1,FT10,0.6503329981484782,0.6437055723527823,-0.006627425795695974,0.006627425795695974,-1.019081887981157
Raw EEG Phase-Locking Value Change,Alpha,,Fp1,T7,0.6487461348116274,0.5966642617043498,-0.05208187310727752,0.05208187310727752,-8.02808222085211
Raw EEG Phase-Locking Value Change,Alpha,,Fp1,T8,0.5557841483859398,0.538200936334454,-0.01758321205148583,0.01758321205148583,-3.163676420522153
Raw EEG Phase-Locking Value Change,Alpha,,Fp1,CP1,0.22155582294478443,0.2470392369183127,0.02548341397352827,0.02548341397352827,11.502028533855858
Raw EEG Phase-Locking Value Change,Alpha,,Fp1,CP2,0.23734668090988134,0.18299293347963785,-0.05435374743024349,0.05435374743024349,-22.900571948963204
Raw EEG Phase-Locking Value Change,Alpha,,Fp1,CP5,0.30462180839698166,0.03735339236827111,-0.26726841602871054,0.26726841602871054,-87.73778129516178
Raw EEG Phase-Locking Value Change,Alpha,,Fp1,CP6,0.3041954789595016,0.22120269619032318,-0.08299278276917843,0.08299278276917843,-27.282714080121977
Raw EEG Phase-Locking Value Change,Alpha,,Fp1,P3,0.1989530363769371,0.36867436513463125,0.16972132875769416,0.16972132875769416,85.30723222345777
Raw EEG Phase-Locking Value Change,Alpha,,Fp1,Pz,0.21880246349850582,0.26366180360613106,0.04485934010762524,0.04485934010762524,20.502209797071856
Raw EEG Phase-Locking Value Change,Alpha,,Fp1,P4,0.21712824999288935,0.2183864769083694,0.001258226915480054,0.001258226915480054,0.5794855876751456
Raw EEG Phase-Locking Value Change,Alpha,,Fp1,P7,0.3383250106223513,0.6207012883349347,0.28237627771258333,0.28237627771258333,83.46302190108561
Raw EEG Phase-Locking Value Change,Alpha,,Fp1,P8,0.09967713522236303,0.16032573853504947,0.06064860331268644,0.06064860331268644,60.84505054984731
Raw EEG Phase-Locking Value Change,Alpha,,Fp1,O1,0.23325188981719708,0.5037148707008131,0.27046298088361603,0.27046298088361603,115.95317881264835
Raw EEG Phase-Locking Value Change,Alpha,,Fp1,Oz,0.2156779320542364,0.44168979010615644,0.22601185805192003,0.22601185805192003,104.791369195382
Raw EEG Phase-Locking Value Change,Alpha,,Fp1,O2,0.18561397904731844,0.398952780739431,0.21333880169211258,0.21333880169211258,114.93681822193267
Raw EEG Phase-Locking Value Change,Alpha,,Fp1,PO9,0.3283791301707082,0.5159113929653348,0.18753226279462665,0.18753226279462665,57.10845957145262
Raw EEG Phase-Locking Value Change,Alpha,,Fp1,PO10,0.14228950947962335,0.21948564208718777,0.07719613260756442,0.07719613260756442,54.252862976254285
Raw EEG Phase-Locking Value Change,Alpha,,Fp2,F7,0.868631222921005,0.862037108687146,-0.0065941142338590275,0.0065941142338590275,-0.7591385227535977
Raw EEG Phase-Locking Value Change,Alpha,,Fp2,F3,0.8927223338894454,0.8558421447175277,-0.03688018917191771,0.03688018917191771,-4.131204941545121
Raw EEG Phase-Locking Value Change,Alpha,,Fp2,Fz,0.866558599254095,0.8633513670182144,-0.003207232235880597,0.003207232235880597,-0.37011140835037315
Raw EEG Phase-Locking Value Change,Alpha,,Fp2,F4,0.8975935413035749,0.8913288562271099,-0.006264685076465049,0.006264685076465049,-0.6979423077584591
Raw EEG Phase-Locking Value Change,Alpha,,Fp2,F8,0.8745863148277222,0.8600299822560308,-0.014556332571691422,0.014556332571691422,-1.664367750204136
Raw EEG Phase-Locking Value Change,Alpha,,Fp2,FC1,0.7155747525854398,0.7005242669472088,-0.01505048563823097,0.01505048563823097,-2.103272311362598
Raw EEG Phase-Locking Value Change,Alpha,,Fp2,FC2,0.7789004405925698,0.7902626757405148,0.011362235147944988,0.011362235147944988,1.4587532059040635
Raw EEG Phase-Locking Value Change,Alpha,,Fp2,FC5,0.7506983335995112,0.7265956901963411,-0.024102643403170143,0.024102643403170143,-3.2106962709775537
Raw EEG Phase-Locking Value Change,Alpha,,Fp2,FC6,0.8282702313311685,0.7509420819662875,-0.07732814936488097,0.07732814936488097,-9.336101484729413
Raw EEG Phase-Locking Value Change,Alpha,,Fp2,C3,0.4945475870652116,0.4107165943606685,-0.08383099270454314,0.08383099270454314,-16.951046754068802
Raw EEG Phase-Locking Value Change,Alpha,,Fp2,Cz,0.751661061919499,0.6164058621332281,-0.13525519978627087,0.13525519978627087,-17.994174055108413
Raw EEG Phase-Locking Value Change,Alpha,,Fp2,C4,0.5939875609979274,0.5355855369698905,-0.05840202402803685,0.05840202402803685,-9.832196473932665
Raw EEG Phase-Locking Value Change,Alpha,,Fp2,FT9,0.7239104029030438,0.6998511497058346,-0.02405925319720914,0.02405925319720914,-3.3235125646386785
Raw EEG Phase-Locking Value Change,Alpha,,Fp2,FT10,0.7088304063412728,0.6971805009844428,-0.01164990535682997,0.01164990535682997,-1.6435391671419097
Raw EEG Phase-Locking Value Change,Alpha,,Fp2,T7,0.6213346156650642,0.5459465109585553,-0.07538810470650892,0.07538810470650892,-12.133253613403625
Raw EEG Phase-Locking Value Change,Alpha,,Fp2,T8,0.6061613103716039,0.5938042636612437,-0.012357046710360198,0.012357046710360198,-2.0385739734501986
Raw EEG Phase-Locking Value Change,Alpha,,Fp2,CP1,0.22731697424579903,0.23219955030926492,0.004882576063465899,0.004882576063465899,2.1479152974235634
Raw EEG Phase-Locking Value Change,Alpha,,Fp2,CP2,0.24493695238905014,0.17725965343489838,-0.06767729895415175,0.06767729895415175,-27.630497682789517
Raw EEG Phase-Locking Value Change,Alpha,,Fp2,CP5,0.2957271645568995,0.04761660927031446,-0.24811055528658504,0.24811055528658504,-83.8984662292825
Raw EEG Phase-Locking Value Change,Alpha,,Fp2,CP6,0.3353061461210653,0.2625736790114683,-0.07273246710959702,0.07273246710959702,-21.691361148905486
Raw EEG Phase-Locking Value Change,Alpha,,Fp2,P3,0.20308116973376558,0.3548584343370274,0.15177726460326182,0.15177726460326182,74.73724166658981
Raw EEG Phase-Locking Value Change,Alpha,,Fp2,Pz,0.22316231662336874,0.24516995124324348,0.022007634619874733,0.022007634619874733,9.861716329561608
Raw EEG Phase-Locking Value Change,Alpha,,Fp2,P4,0.2254893842069339,0.19596835356692074,-0.029521030640013157,0.029521030640013157,-13.091982464647385
Raw EEG Phase-Locking Value Change,Alpha,,Fp2,P7,0.33244215100068736,0.6126961553220343,0.2802540043213469,0.2802540043213469,84.30158554736563
Raw EEG Phase-Locking Value Change,Alpha,,Fp2,P8,0.09235383258258544,0.12415720900775853,0.0318033764251731,0.0318033764251731,34.436444634534915
Raw EEG Phase-Locking Value Change,Alpha,,Fp2,O1,0.22650471604256067,0.476529349204698,0.25002463316213736,0.25002463316213736,110.3838531623144
Raw EEG Phase-Locking Value Change,Alpha,,Fp2,Oz,0.2120231751136896,0.413545047965841,0.20152187285215142,0.20152187285215142,95.04709697140078
Raw EEG Phase-Locking Value Change,Alpha,,Fp2,O2,0.18215524663298843,0.3693307277980302,0.1871754811650418,0.1871754811650418,102.75601972759438
Raw EEG Phase-Locking Value Change,Alpha,,Fp2,PO9,0.3055229867839793,0.47949808600071225,0.17397509921673293,0.17397509921673293,56.943374718885686
Raw EEG Phase-Locking Value Change,Alpha,,Fp2,PO10,0.14016845828941257,0.1914095414826136,0.05124108319320103,0.05124108319320103,36.556785897866625
Raw EEG Phase-Locking Value Change,Alpha,,F7,F3,0.9052353411923247,0.8458679667597967,-0.05936737443252804,0.05936737443252804,-6.558225439401504
Raw EEG Phase-Locking Value Change,Alpha,,F7,Fz,0.8381047148909299,0.8171753580227087,-0.02092935686822117,0.02092935686822117,-2.49722457067252
Raw EEG Phase-Locking Value Change,Alpha,,F7,F4,0.8219034270811519,0.7930688559992255,-0.02883457108192644,0.02883457108192644,-3.508267532637921
Raw EEG Phase-Locking Value Change,Alpha,,F7,F8,0.7520833098419298,0.7344361455535844,-0.01764716428834545,0.01764716428834545,-2.346437430190343
Raw EEG Phase-Locking Value Change,Alpha,,F7,FC1,0.7166025096273361,0.6777817531566637,-0.0388207564706724,0.0388207564706724,-5.417334707753236
Raw EEG Phase-Locking Value Change,Alpha,,F7,FC2,0.7405685983959498,0.7257918524543941,-0.014776745941555647,0.014776745941555647,-1.9953243998681083
Raw EEG Phase-Locking Value Change,Alpha,,F7,FC5,0.8245001318366234,0.819202477010204,-0.005297654826419418,0.005297654826419418,-0.642529287972165
Raw EEG Phase-Locking Value Change,Alpha,,F7,FC6,0.7427261435745103,0.6501476987918363,-0.09257844478267396,0.09257844478267396,-12.4646810380368
Raw EEG Phase-Locking Value Change,Alpha,,F7,C3,0.5179048557899079,0.4501803065829995,-0.06772454920690835,0.06772454920690835,-13.076639164468721
Raw EEG Phase-Locking Value Change,Alpha,,F7,Cz,0.7394372851116481,0.5878981832301013,-0.15153910188154673,0.15153910188154673,-20.49384105085609
Raw EEG Phase-Locking Value Change,Alpha,,F7,C4,0.5483909633021488,0.4571013911584526,-0.09128957214369615,0.09128957214369615,-16.646804607062432
Raw EEG Phase-Locking Value Change,Alpha,,F7,FT9,0.8489024188303393,0.7999963335384981,-0.04890608529184126,0.04890608529184126,-5.761096235209995
Raw EEG Phase-Locking Value Change,Alpha,,F7,FT10,0.5993985263151889,0.5947774309845425,-0.004621095330646363,0.004621095330646363,-0.7709554040872629
Raw EEG Phase-Locking Value Change,Alpha,,F7,T7,0.7171508411995539,0.6945678211144813,-0.022583020085072514,0.022583020085072514,-3.1489916469035526
Raw EEG Phase-Locking Value Change,Alpha,,F7,T8,0.5204553865045392,0.49211549323501946,-0.02833989326951969,0.02833989326951969,-5.445210868092826
Raw EEG Phase-Locking Value Change,Alpha,,F7,CP1,0.2136961935588027,0.2702543489103775,0.05655815535157477,0.05655815535157477,26.4666180570089
Raw EEG Phase-Locking Value Change,Alpha,,F7,CP2,0.22811713871924663,0.19675605616083464,-0.031361082558411996,0.031361082558411996,-13.747797615947393
Raw EEG Phase-Locking Value Change,Alpha,,F7,CP5,0.3352480882834804,0.04995166491507654,-0.2852964233684039,0.2852964233684039,-85.10008955730773
Raw EEG Phase-Locking Value Change,Alpha,,F7,CP6,0.28958258719279445,0.18882912088983317,-0.10075346630296128,0.10075346630296128,-34.79265354994669
Raw EEG Phase-Locking Value Change,Alpha,,F7,P3,0.19070259845212117,0.38925002173493134,0.19854742328281016,0.19854742328281016,104.11364338732834
Raw EEG Phase-Locking Value Change,Alpha,,F7,Pz,0.21048163426491467,0.28975661598882935,0.07927498172391467,0.07927498172391467,37.66360993954382
Raw EEG Phase-Locking Value Change,Alpha,,F7,P4,0.20795682055469608,0.24727911044310086,0.03932228988840478,0.03932228988840478,18.908872420494795
Raw EEG Phase-Locking Value Change,Alpha,,F7,P7,0.3329501518613475,0.640678895641898,0.30772874378055043,0.30772874378055043,92.42486962694038
Raw EEG Phase-Locking Value Change,Alpha,,F7,P8,0.10264058052051786,0.1960983685942214,0.09345778807370353,0.09345778807370353,91.05344845065574
Raw EEG Phase-Locking Value Change,Alpha,,F7,O1,0.22756421134043353,0.552009706133504,0.32444549479307044,0.32444549479307044,142.57316336429702
Raw EEG Phase-Locking Value Change,Alpha,,F7,Oz,0.20718460132916505,0.48551277205049576,0.2783281707213307,0.2783281707213307,134.33825146065567
Raw EEG Phase-Locking Value Change,Alpha,,F7,O2,0.17886342094691635,0.4401141518816657,0.2612507309347494,0.2612507309347494,146.06157567135216
Raw EEG Phase-Locking Value Change,Alpha,,F7,PO9,0.34781134264271446,0.5885953288318392,0.24078398618912472,0.24078398618912472,69.22833061153717
Raw EEG Phase-Locking Value Change,Alpha,,F7,PO10,0.13812111611420602,0.2547144181610458,0.11659330204683976,0.11659330204683976,84.41381399672018
Raw EEG Phase-Locking Value Change,Alpha,,F3,Fz,0.9461057182556368,0.9643049327846841,0.01819921452904727,0.01819921452904727,1.9235920656522085
Raw EEG Phase-Locking Value Change,Alpha,,F3,F4,0.9068085297809965,0.9123928320480905,0.0055843022670940545,0.0055843022670940545,0.6158193360226465
Raw EEG Phase-Locking Value Change,Alpha,,F3,F8,0.7806302322962188,0.7495922398266258,-0.031037992469592934,0.031037992469592934,-3.976017221148979
Raw EEG Phase-Locking Value Change,Alpha,,F3,FC1,0.8244308191677684,0.8818538775446825,0.05742305837691408,0.05742305837691408,6.965176099903746
Raw EEG Phase-Locking Value Change,Alpha,,F3,FC2,0.8469590350124686,0.9103704253619115,0.06341139034944288,0.06341139034944288,7.486948922920382
Raw EEG Phase-Locking Value Change,Alpha,,F3,FC5,0.886771334975261,0.8763932144733848,-0.010378120501876142,0.010378120501876142,-1.1703265647581707
Raw EEG Phase-Locking Value Change,Alpha,,F3,FC6,0.8157448767151594,0.7865137350743875,-0.029231141640771896,0.029231141640771896,-3.5833680940148622
Raw EEG Phase-Locking Value Change,Alpha,,F3,C3,0.6166406828451968,0.627884102934916,0.011243420089719236,0.011243420089719236,1.8233341397200378
Raw EEG Phase-Locking Value Change,Alpha,,F3,Cz,0.8494774371490246,0.7917488032764698,-0.05772863387255478,0.05772863387255478,-6.795781894608155
Raw EEG Phase-Locking Value Change,Alpha,,F3,C4,0.6398981271463926,0.6339141616712702,-0.005983965475122366,0.005983965475122366,-0.9351434581950863
Raw EEG Phase-Locking Value Change,Alpha,,F3,FT9,0.7247660877422489,0.5994761267903248,-0.12528996095192413,0.12528996095192413,-17.286951344842922
Raw EEG Phase-Locking Value Change,Alpha,,F3,FT10,0.6011823624165497,0.5681217516530761,-0.03306061076347355,0.03306061076347355,-5.499264920311548
Raw EEG Phase-Locking Value Change,Alpha,,F3,T7,0.7578088238337862,0.6594561000124949,-0.09835272382129134,0.09835272382129134,-12.978566721316444
Raw EEG Phase-Locking Value Change,Alpha,,F3,T8,0.5644850296794561,0.5964270536897218,0.03194202401026569,0.03194202401026569,5.658613130697908
Raw EEG Phase-Locking Value Change,Alpha,,F3,CP1,0.2488475999953743,0.1278749415616549,-0.1209726584337194,0.1209726584337194,-48.613150553177164
Raw EEG Phase-Locking Value Change,Alpha,,F3,CP2,0.27176841559111564,0.1971881742682365,-0.07458024132287913,0.07458024132287913,-27.44257133804964
Raw EEG Phase-Locking Value Change,Alpha,,F3,CP5,0.43037178026132505,0.19067033602329098,-0.23970144423803408,0.23970144423803408,-55.69636654440622
Raw EEG Phase-Locking Value Change,Alpha,,F3,CP6,0.3476885553727889,0.325195609966581,-0.022492945406207943,0.022492945406207943,-6.469279778878883
Raw EEG Phase-Locking Value Change,Alpha,,F3,P3,0.22262344823161442,0.19269473392731304,-0.029928714304301385,0.029928714304301385,-13.443648700097375
Raw EEG Phase-Locking Value Change,Alpha,,F3,Pz,0.23830073921663728,0.13694645152903254,-0.10135428768760474,0.10135428768760474,-42.53209118057514
Raw EEG Phase-Locking Value Change,Alpha,,F3,P4,0.24427501177165087,0.12418963428103408,-0.12008537749061679,0.12008537749061679,-49.15991063501535
Raw EEG Phase-Locking Value Change,Alpha,,F3,P7,0.2230020682159692,0.47737359032158566,0.2543715221056164,0.2543715221056164,114.06688921793634
Raw EEG Phase-Locking Value Change,Alpha,,F3,P8,0.06909106341336735,0.0861284663656447,0.017037402952277347,0.017037402952277347,24.65934393040627
Raw EEG Phase-Locking Value Change,Alpha,,F3,O1,0.17140968153873873,0.3865598264639924,0.21515014492525367,0.21515014492525367,125.5180821724061
Raw EEG Phase-Locking Value Change,Alpha,,F3,Oz,0.16926298057797917,0.3253306180417416,0.15606763746376245,0.15606763746376245,92.20423564020979
Raw EEG Phase-Locking Value Change,Alpha,,F3,O2,0.14200889851834148,0.2934743313213602,0.15146543280301872,0.15146543280301872,106.65911388887778
Raw EEG Phase-Locking Value Change,Alpha,,F3,PO9,0.26430131117462646,0.5494156336797845,0.28511432250515806,0.28511432250515806,107.87472874728958
Raw EEG Phase-Locking Value Change,Alpha,,F3,PO10,0.10677242779188267,0.19908542259548592,0.09231299480360325,0.09231299480360325,86.45770889797198
Raw EEG Phase-Locking Value Change,Alpha,,Fz,F4,0.9490549922640843,0.9377882843558146,-0.011266707908269669,0.011266707908269669,-1.1871501651755276
Raw EEG Phase-Locking Value Change,Alpha,,Fz,F8,0.7985409301818888,0.7619010302644914,-0.036639899917397356,0.036639899917397356,-4.58835590419287
Raw EEG Phase-Locking Value Change,Alpha,,Fz,FC1,0.8940484052238136,0.8788690443463076,-0.015179360877505932,0.015179360877505932,-1.697823159105795
Raw EEG Phase-Locking Value Change,Alpha,,Fz,FC2,0.9297729421810355,0.9383984713450338,0.008625529163998391,0.008625529163998391,0.927702751143184
Raw EEG Phase-Locking Value Change,Alpha,,Fz,FC5,0.896826043664332,0.8272191342899505,-0.06960690937438152,0.06960690937438152,-7.761472792424201
Raw EEG Phase-Locking Value Change,Alpha,,Fz,FC6,0.8784916461048784,0.8010407427276436,-0.07745090337723481,0.07745090337723481,-8.81635058462336
Raw EEG Phase-Locking Value Change,Alpha,,Fz,C3,0.6917928259845074,0.5940930376474859,-0.09769978833702153,0.09769978833702153,-14.122694637369584
Raw EEG Phase-Locking Value Change,Alpha,,Fz,Cz,0.9016390071016279,0.7998724334527096,-0.10176657364891828,0.10176657364891828,-11.28684238895708
Raw EEG Phase-Locking Value Change,Alpha,,Fz,C4,0.7412879421821851,0.6440215537357759,-0.09726638844640922,0.09726638844640922,-13.12126947054863
Raw EEG Phase-Locking Value Change,Alpha,,Fz,FT9,0.6680232387355358,0.5835092668534212,-0.08451397188211462,0.08451397188211462,-12.65135207602754
Raw EEG Phase-Locking Value Change,Alpha,,Fz,FT10,0.627940496642362,0.5767884790608674,-0.05115201758149457,0.05115201758149457,-8.14599756744591
Raw EEG Phase-Locking Value Change,Alpha,,Fz,T7,0.7846544934207539,0.6110055514002374,-0.1736489420205165,0.1736489420205165,-22.130624813410844
Raw EEG Phase-Locking Value Change,Alpha,,Fz,T8,0.6341754515160091,0.6041275003658021,-0.030047951150206975,0.030047951150206975,-4.738113258464475
Raw EEG Phase-Locking Value Change,Alpha,,Fz,CP1,0.33285707482086935,0.12126642418351163,-0.2115906506373577,0.2115906506373577,-63.56801962260454
Raw EEG Phase-Locking Value Change,Alpha,,Fz,CP2,0.360134416837725,0.1953273660707105,-0.16480705076701452,0.16480705076701452,-45.762649461319285
Raw EEG Phase-Locking Value Change,Alpha,,Fz,CP5,0.49827720295054184,0.155459358448151,-0.34281784450239083,0.34281784450239083,-68.80062793810345
Raw EEG Phase-Locking Value Change,Alpha,,Fz,CP6,0.4465814194265165,0.3285739874851734,-0.11800743194134311,0.11800743194134311,-26.424617507124218
Raw EEG Phase-Locking Value Change,Alpha,,Fz,P3,0.302739962896982,0.1924671304493076,-0.11027283244767441,0.11027283244767441,-36.42493425461595
Raw EEG Phase-Locking Value Change,Alpha,,Fz,Pz,0.3194488651183568,0.13165284359711318,-0.1877960215212436,0.1877960215212436,-58.787506241934715
Raw EEG Phase-Locking Value Change,Alpha,,Fz,P4,0.331912385871685,0.12095598416487824,-0.21095640170680674,0.21095640170680674,-63.55785764149248
Raw EEG Phase-Locking Value Change,Alpha,,Fz,P7,0.16609974723153706,0.47562195109476146,0.3095222038632244,0.3095222038632244,186.34718536432302
Raw EEG Phase-Locking Value Change,Alpha,,Fz,P8,0.10311675446601773,0.08620184377954086,-0.016914910686476867,0.016914910686476867,-16.403649216918673
Raw EEG Phase-Locking Value Change,Alpha,,Fz,O1,0.18417859439991238,0.3748254399284003,0.1906468455284879,0.1906468455284879,103.51194510396296
Raw EEG Phase-Locking Value Change,Alpha,,Fz,Oz,0.2037084171169742,0.3174283419542853,0.11371992483731111,0.11371992483731111,55.82485321262421
Raw EEG Phase-Locking Value Change,Alpha,,Fz,O2,0.17802062560425844,0.2883387483315619,0.11031812272730349,0.11031812272730349,61.96929280124076
Raw EEG Phase-Locking Value Change,Alpha,,Fz,PO9,0.1922489884512813,0.5155816241058948,0.3233326356546135,0.3233326356546135,168.1843104919903
Raw EEG Phase-Locking Value Change,Alpha,,Fz,PO10,0.12189868179961232,0.19372782672703912,0.0718291449274268,0.0718291449274268,58.92528439766544
Raw EEG Phase-Locking Value Change,Alpha,,F4,F8,0.8776164193342618,0.8519506792827279,-0.02566574005153388,0.02566574005153388,-2.924482665331544
Raw EEG Phase-Locking Value Change,Alpha,,F4,FC1,0.8352489654701001,0.8134208936857893,-0.021828071784310787,0.021828071784310787,-2.613361127843526
Raw EEG Phase-Locking Value Change,Alpha,,F4,FC2,0.9100970235657175,0.9229545292897576,0.012857505724040097,0.012857505724040097,1.4127620892182453
Raw EEG Phase-Locking Value Change,Alpha,,F4,FC5,0.8301398978441789,0.7533836303563564,-0.0767562674878225,0.0767562674878225,-9.246184611431604
Raw EEG Phase-Locking Value Change,Alpha,,F4,FC6,0.9345816155651493,0.879807530277769,-0.05477408528738026,0.05477408528738026,-5.8608134779387795
Raw EEG Phase-Locking Value Change,Alpha,,F4,C3,0.6240235898234023,0.5155331115844031,-0.10849047823899927,0.10849047823899927,-17.385637339399604
Raw EEG Phase-Locking Value Change,Alpha,,F4,Cz,0.8530167851786058,0.7443109673905515,-0.10870581778805433,0.10870581778805433,-12.743690356021933
Raw EEG Phase-Locking Value Change,Alpha,,F4,C4,0.7403185901497824,0.6932675352824395,-0.047051054867342956,0.047051054867342956,-6.355514435727395
Raw EEG Phase-Locking Value Change,Alpha,,F4,FT9,0.6677116584987431,0.5972698278632406,-0.07044183063550258,0.07044183063550258,-10.549738010248502
Raw EEG Phase-Locking Value Change,Alpha,,F4,FT10,0.7101370552790172,0.6696816441687624,-0.040455411110254746,0.040455411110254746,-5.696845532776708
Raw EEG Phase-Locking Value Change,Alpha,,F4,T7,0.7175303979663049,0.5524571234203255,-0.16507327454597942,0.16507327454597942,-23.005753486381384
Raw EEG Phase-Locking Value Change,Alpha,,F4,T8,0.7002852108254504,0.6952558555220418,-0.005029355303408534,0.005029355303408534,-0.7181867081671279
Raw EEG Phase-Locking Value Change,Alpha,,F4,CP1,0.3006109451684748,0.134386313320525,-0.1662246318479498,0.1662246318479498,-55.29560201302406
Raw EEG Phase-Locking Value Change,Alpha,,F4,CP2,0.32893034110599456,0.201049151606776,-0.12788118949921856,0.12788118949921856,-38.8778940456606
Raw EEG Phase-Locking Value Change,Alpha,,F4,CP5,0.42522872735195877,0.08244872981606484,-0.34277999753589394,0.34277999753589394,-80.61073382094841
Raw EEG Phase-Locking Value Change,Alpha,,F4,CP6,0.4633459418180002,0.393312057812426,-0.0700338840055742,0.0700338840055742,-15.114815451018481
Raw EEG Phase-Locking Value Change,Alpha,,F4,P3,0.2642284860160186,0.22965438029825133,-0.034574105717767284,0.034574105717767284,-13.08492745769707
Raw EEG Phase-Locking Value Change,Alpha,,F4,Pz,0.28808095940068756,0.144797416805232,-0.14328354259545556,0.14328354259545556,-49.73724847818373
Raw EEG Phase-Locking Value Change,Alpha,,F4,P4,0.306127480046275,0.1305427790975078,-0.1755847009487672,0.1755847009487672,-57.35672632924864
Raw EEG Phase-Locking Value Change,Alpha,,F4,P7,0.20836447801325017,0.5150585790810251,0.30669410106777495,0.30669410106777495,147.1911642483859
Raw EEG Phase-Locking Value Change,Alpha,,F4,P8,0.11423395836735066,0.04850554698560705,-0.06572841138174361,0.06572841138174361,-57.5384170531637
Raw EEG Phase-Locking Value Change,Alpha,,F4,O1,0.18025477399124928,0.38435661626330164,0.20410184227205236,0.20410184227205236,113.22964587998139
Raw EEG Phase-Locking Value Change,Alpha,,F4,Oz,0.19451600260654803,0.3178067698767408,0.12329076727019275,0.12329076727019275,63.38335438631022
Raw EEG Phase-Locking Value Change,Alpha,,F4,O2,0.17015239706494603,0.2780253397808406,0.10787294271589457,0.10787294271589457,63.397838982380115
Raw EEG Phase-Locking Value Change,Alpha,,F4,PO9,0.21308669930167679,0.480781778540514,0.26769507923883723,0.26769507923883723,125.62730574743607
Raw EEG Phase-Locking Value Change,Alpha,,F4,PO10,0.13348653027184512,0.14986900121859897,0.016382470946753852,0.016382470946753852,12.272752099699478
Raw EEG Phase-Locking Value Change,Alpha,,F8,FC1,0.677477552053922,0.6225786880914258,-0.054898863962496214,0.054898863962496214,-8.10342184712368
Raw EEG Phase-Locking Value Change,Alpha,,F8,FC2,0.7666413198807969,0.7339629857727563,-0.03267833410804055,0.03267833410804055,-4.262532329084691
Raw EEG Phase-Locking Value Change,Alpha,,F8,FC5,0.6802315121394311,0.6151211183508282,-0.06511039378860295,0.06511039378860295,-9.571799104663778
Raw EEG Phase-Locking Value Change,Alpha,,F8,FC6,0.8975275152834545,0.8323868591532593,-0.06514065613019526,0.06514065613019526,-7.2577893179823825
Raw EEG Phase-Locking Value Change,Alpha,,F8,C3,0.4730577649104837,0.34569582881183486,-0.12736193609864882,0.12736193609864882,-26.92312557701054
Raw EEG Phase-Locking Value Change,Alpha,,F8,Cz,0.6948273808221392,0.5568952590483862,-0.13793212177375302,0.13793212177375302,-19.85127897673633
Raw EEG Phase-Locking Value Change,Alpha,,F8,C4,0.6363459138676423,0.6000832416703101,-0.036262672197332146,0.036262672197332146,-5.698578620067113
Raw EEG Phase-Locking Value Change,Alpha,,F8,FT9,0.6569752388270342,0.6472389279210831,-0.009736310905951173,0.009736310905951173,-1.4819905424950892
Raw EEG Phase-Locking Value Change,Alpha,,F8,FT10,0.8669020040316288,0.8581391806891743,-0.008762823342454484,0.008762823342454484,-1.0108205197014142
Raw EEG Phase-Locking Value Change,Alpha,,F8,T7,0.5750984608530763,0.45739292714193586,-0.1177055337111404,0.1177055337111404,-20.46702290535452
Raw EEG Phase-Locking Value Change,Alpha,,F8,T8,0.76255830621339,0.7510190367641362,-0.011539269449253875,0.011539269449253875,-1.5132311005245007
Raw EEG Phase-Locking Value Change,Alpha,,F8,CP1,0.23732792904397204,0.2210834618318596,-0.01624446721211245,0.01624446721211245,-6.844734742156151
Raw EEG Phase-Locking Value Change,Alpha,,F8,CP2,0.25903654964166756,0.18312848422108313,-0.07590806542058443,0.07590806542058443,-29.303998036412295
Raw EEG Phase-Locking Value Change,Alpha,,F8,CP5,0.2823678256771945,0.09579138548255603,-0.18657644019463845,0.18657644019463845,-66.07567266106811
Raw EEG Phase-Locking Value Change,Alpha,,F8,CP6,0.43288216982628197,0.38196602234920574,-0.050916147477076235,0.050916147477076235,-11.76212628427481
Raw EEG Phase-Locking Value Change,Alpha,,F8,P3,0.2053456680901176,0.34439873757894546,0.13905306948882787,0.13905306948882787,67.71658286348817
Raw EEG Phase-Locking Value Change,Alpha,,F8,Pz,0.23022899198915803,0.22480019647718236,-0.00542879551197567,0.00542879551197567,-2.3579982108557918
Raw EEG Phase-Locking Value Change,Alpha,,F8,P4,0.244678274733574,0.16442266118975446,-0.08025561354381955,0.08025561354381955,-32.80046568548373
Raw EEG Phase-Locking Value Change,Alpha,,F8,P7,0.3122499596046068,0.6044196637855311,0.29216970418092436,0.29216970418092436,93.56917277135618
Raw EEG Phase-Locking Value Change,Alpha,,F8,P8,0.12662707551030045,0.0601435631314352,-0.06648351237886524,0.06648351237886524,-52.503394010277965
Raw EEG Phase-Locking Value Change,Alpha,,F8,O1,0.20745011519118076,0.4370253693420042,0.22957525415082344,0.22957525415082344,110.6652815975796
Raw EEG Phase-Locking Value Change,Alpha,,F8,Oz,0.19999030874530788,0.36228993664413156,0.16229962789882368,0.16229962789882368,81.1537463575377
Raw EEG Phase-Locking Value Change,Alpha,,F8,O2,0.17031905856515894,0.3041337422444648,0.13381468367930588,0.13381468367930588,78.56706396020408
Raw EEG Phase-Locking Value Change,Alpha,,F8,PO9,0.259849791816324,0.4153790918359851,0.1555293000196611,0.1555293000196611,59.85354035980821
Raw EEG Phase-Locking Value Change,Alpha,,F8,PO10,0.15364531343318008,0.11184273925283049,-0.04180257418034959,0.04180257418034959,-27.20719119007129
Raw EEG Phase-Locking Value Change,Alpha,,FC1,FC2,0.9363867041430297,0.9038572552031993,-0.03252944893983045,0.03252944893983045,-3.47393323676045
Raw EEG Phase-Locking Value Change,Alpha,,FC1,FC5,0.8999391891939434,0.8222338036158275,-0.0777053855781159,0.0777053855781159,-8.634515144041565
Raw EEG Phase-Locking Value Change,Alpha,,FC1,FC6,0.81036110879681,0.7616054402769153,-0.04875566851989466,0.04875566851989466,-6.016536083806517
Raw EEG Phase-Locking Value Change,Alpha,,FC1,C3,0.8581872462792011,0.770492862566947,-0.08769438371225402,0.08769438371225402,-10.218560587152291
Raw EEG Phase-Locking Value Change,Alpha,,FC1,Cz,0.9066278472949254,0.9105584642471537,0.003930616952228294,0.003930616952228294,0.4335424908859729
Raw EEG Phase-Locking Value Change,Alpha,,FC1,C4,0.8298465504358055,0.7133734879328449,-0.11647306250296052,0.11647306250296052,-14.035493964732765
Raw EEG Phase-Locking Value Change,Alpha,,FC1,FT9,0.5635977164788396,0.4253670833507423,-0.1382306331280973,0.1382306331280973,-24.52647146828658
Raw EEG Phase-Locking Value Change,Alpha,,FC1,FT10,0.5462610039890154,0.4493802911162087,-0.09688071287280675,0.09688071287280675,-17.73524234117852
Raw EEG Phase-Locking Value Change,Alpha,,FC1,T7,0.8505219249172721,0.6009224873079134,-0.24959943760935865,0.24959943760935865,-29.346620033767678
Raw EEG Phase-Locking Value Change,Alpha,,FC1,T8,0.6210835410290806,0.5847261326835611,-0.03635740834551948,0.03635740834551948,-5.8538676270954575
Raw EEG Phase-Locking Value Change,Alpha,,FC1,CP1,0.517505246690456,0.24744164578915046,-0.2700636009013055,0.2700636009013055,-52.185673986575665
Raw EEG Phase-Locking Value Change,Alpha,,FC1,CP2,0.5423279968513931,0.35322352577255267,-0.18910447107884043,0.18910447107884043,-34.86902246919371
Raw EEG Phase-Locking Value Change,Alpha,,FC1,CP5,0.6745369325056412,0.3577407512687475,-0.3167961812368937,0.3167961812368937,-46.96498678880631
Raw EEG Phase-Locking Value Change,Alpha,,FC1,CP6,0.5599537070099626,0.416077407292191,-0.1438762997177716,0.1438762997177716,-25.694320426244055
Raw EEG Phase-Locking Value Change,Alpha,,FC1,P3,0.49364987828025636,0.12236728814854357,-0.3712825901317128,0.3712825901317128,-75.21172524647665
Raw EEG Phase-Locking Value Change,Alpha,,FC1,Pz,0.5028314250635688,0.22537867493472855,-0.2774527501288403,0.2774527501288403,-55.17808480123617
Raw EEG Phase-Locking Value Change,Alpha,,FC1,P4,0.5094814374538642,0.20500767783506488,-0.3044737596187993,0.3044737596187993,-59.76150203634666
Raw EEG Phase-Locking Value Change,Alpha,,FC1,P7,0.19266957082105843,0.29860714868573973,0.1059375778646813,0.1059375778646813,54.98407320534837
Raw EEG Phase-Locking Value Change,Alpha,,FC1,P8,0.21634464381004057,0.03893775447316313,-0.17740688933687743,0.17740688933687743,-82.00197897787935
Raw EEG Phase-Locking Value Change,Alpha,,FC1,O1,0.3256260479447735,0.22465420025113267,-0.10097184769364084,0.10097184769364084,-31.008529056854126
Raw EEG Phase-Locking Value Change,Alpha,,FC1,Oz,0.35670969493159577,0.17294601854503314,-0.18376367638656263,0.18376367638656263,-51.51631116216282
Raw EEG Phase-Locking Value Change,Alpha,,FC1,O2,0.3299380320127494,0.15048888583871325,-0.17944914617403615,0.17944914617403615,-54.38874235847473
Raw EEG Phase-Locking Value Change,Alpha,,FC1,PO9,0.1735113130045602,0.4787826151820243,0.3052713021774641,0.3052713021774641,175.937405401019
Raw EEG Phase-Locking Value Change,Alpha,,FC1,PO10,0.21884164270468381,0.1388483370415637,-0.0799933056631201,0.0799933056631201,-36.55305483658208
Raw EEG Phase-Locking Value Change,Alpha,,FC2,FC5,0.8710908173511945,0.771996933063424,-0.09909388428777055,0.09909388428777055,-11.375838467577282
Raw EEG Phase-Locking Value Change,Alpha,,FC2,FC6,0.8968892443399238,0.8541958138234498,-0.04269343051647401,0.04269343051647401,-4.760167521898953
Raw EEG Phase-Locking Value Change,Alpha,,FC2,C3,0.7749797826604459,0.6237232231320541,-0.1512565595283918,0.1512565595283918,-19.517484573486506
Raw EEG Phase-Locking Value Change,Alpha,,FC2,Cz,0.9088339832401031,0.8638652312163981,-0.04496875202370498,0.04496875202370498,-4.947961107636616
Raw EEG Phase-Locking Value Change,Alpha,,FC2,C4,0.8561823578894113,0.7508440062241607,-0.10533835166525063,0.10533835166525063,-12.30326117965358
Raw EEG Phase-Locking Value Change,Alpha,,FC2,FT9,0.5903595634416641,0.5025634497017534,-0.0877961137399107,0.0877961137399107,-14.871634030637027
Raw EEG Phase-Locking Value Change,Alpha,,FC2,FT10,0.6293720620828269,0.5549680603505502,-0.07440400173227668,0.07440400173227668,-11.821942252416811
Raw EEG Phase-Locking Value Change,Alpha,,FC2,T7,0.7973249971336352,0.5573493234951105,-0.2399756736385248,0.2399756736385248,-30.097598156489727
Raw EEG Phase-Locking Value Change,Alpha,,FC2,T8,0.6955776396572015,0.6603395774937748,-0.03523806216342673,0.03523806216342673,-5.066014223917973
Raw EEG Phase-Locking Value Change,Alpha,,FC2,CP1,0.45512444854028267,0.15881136277379887,-0.2963130857664838,0.2963130857664838,-65.10594777249312
Raw EEG Phase-Locking Value Change,Alpha,,FC2,CP2,0.48548426585112986,0.2888691464601599,-0.19661511939096998,0.19661511939096998,-40.49876241535303
Raw EEG Phase-Locking Value Change,Alpha,,FC2,CP5,0.5792906259763165,0.1963707155646663,-0.38291991041165024,0.38291991041165024,-66.10152024578167
Raw EEG Phase-Locking Value Change,Alpha,,FC2,CP6,0.5777286426578033,0.4331962164329614,-0.14453242622484191,0.14453242622484191,-25.017355130590346
Raw EEG Phase-Locking Value Change,Alpha,,FC2,P3,0.42033693823600926,0.1284488806793454,-0.29188805755666386,0.29188805755666386,-69.44144827756622
Raw EEG Phase-Locking Value Change,Alpha,,FC2,Pz,0.44029267531918387,0.15594017415464348,-0.28435250116454036,0.28435250116454036,-64.58260995561716
Raw EEG Phase-Locking Value Change,Alpha,,FC2,P4,0.459694777007793,0.16365064877829213,-0.2960441282295009,0.2960441282295009,-64.40015049909566
Raw EEG Phase-Locking Value Change,Alpha,,FC2,P7,0.1616319455983414,0.40456140106854377,0.24292945547020237,0.24292945547020237,150.29792196765786
Raw EEG Phase-Locking Value Change,Alpha,,FC2,P8,0.20914608779983365,0.03912543537351206,-0.17002065242632158,0.17002065242632158,-81.29277205942402
Raw EEG Phase-Locking Value Change,Alpha,,FC2,O1,0.271841235046297,0.2929235650696041,0.021082330023307116,0.021082330023307116,7.755383402270303
Raw EEG Phase-Locking Value Change,Alpha,,FC2,Oz,0.30514412162330323,0.2314067450534306,-0.07373737656987264,0.07373737656987264,-24.164770462431044
Raw EEG Phase-Locking Value Change,Alpha,,FC2,O2,0.285016642349177,0.20102344029418873,-0.08399320205498828,0.08399320205498828,-29.469578113999145
Raw EEG Phase-Locking Value Change,Alpha,,FC2,PO9,0.1644274484497433,0.47082319594754124,0.30639574749779797,0.30639574749779797,186.34099743477245
Raw EEG Phase-Locking Value Change,Alpha,,FC2,PO10,0.20789503987078123,0.14026442946837162,-0.06763061040240961,0.06763061040240961,-32.531132269652005
Raw EEG Phase-Locking Value Change,Alpha,,FC5,FC6,0.7766875002526076,0.6447096675234296,-0.13197783272917796,0.13197783272917796,-16.99239818926581
Raw EEG Phase-Locking Value Change,Alpha,,FC5,C3,0.7670950007199371,0.7145574039141513,-0.052537596805785736,0.052537596805785736,-6.848903559073901
Raw EEG Phase-Locking Value Change,Alpha,,FC5,Cz,0.8544834528608299,0.725876913069123,-0.1286065397917069,0.1286065397917069,-15.050793477758905
Raw EEG Phase-Locking Value Change,Alpha,,FC5,C4,0.710325547464684,0.5239561555694645,-0.1863693918952195,0.1863693918952195,-26.23717991847751
Raw EEG Phase-Locking Value Change,Alpha,,FC5,FT9,0.6819728115434136,0.5801762514264441,-0.10179656011696947,0.10179656011696947,-14.926776902819272
Raw EEG Phase-Locking Value Change,Alpha,,FC5,FT10,0.5334959647632667,0.4467840134563979,-0.08671195130686876,0.08671195130686876,-16.25353461583281
Raw EEG Phase-Locking Value Change,Alpha,,FC5,T7,0.9151984315311346,0.813336143510307,-0.10186228802082753,0.10186228802082753,-11.130076769298114
Raw EEG Phase-Locking Value Change,Alpha,,FC5,T8,0.5607995977299939,0.46873422859704134,-0.09206536913295255,0.09206536913295255,-16.416803704142264
Raw EEG Phase-Locking Value Change,Alpha,,FC5,CP1,0.36395992827073786,0.12068300308121341,-0.24327692518952446,0.24327692518952446,-66.84167851812487
Raw EEG Phase-Locking Value Change,Alpha,,FC5,CP2,0.3864643913496369,0.16045246234733043,-0.22601192900230646,0.22601192900230646,-58.481954369201375
Raw EEG Phase-Locking Value Change,Alpha,,FC5,CP5,0.6133301271413749,0.3334907167736763,-0.2798394103676986,0.2798394103676986,-45.626229331336035
Raw EEG Phase-Locking Value Change,Alpha,,FC5,CP6,0.432954722108359,0.2246949502516644,-0.20825977185669461,0.20825977185669461,-48.101974923043294
Raw EEG Phase-Locking Value Change,Alpha,,FC5,P3,0.34739896869675535,0.16426048571693833,-0.18313848297981702,0.18313848297981702,-52.717048547049274
Raw EEG Phase-Locking Value Change,Alpha,,FC5,Pz,0.34929447929287055,0.1309810366003751,-0.21831344269249545,0.21831344269249545,-62.50125771654343
Raw EEG Phase-Locking Value Change,Alpha,,FC5,P4,0.3550910109043021,0.12765611193829793,-0.2274348989660042,0.2274348989660042,-64.04974836924228
Raw EEG Phase-Locking Value Change,Alpha,,FC5,P7,0.12638015372721267,0.413407870798122,0.28702771707090935,0.28702771707090935,227.11454971834348
Raw EEG Phase-Locking Value Change,Alpha,,FC5,P8,0.10455994172206481,0.16305482858001574,0.05849488685795093,0.05849488685795093,55.943878596870924
Raw EEG Phase-Locking Value Change,Alpha,,FC5,O1,0.1904964282606079,0.4120095106364744,0.2215130823758665,0.2215130823758665,116.28201347314838
Raw EEG Phase-Locking Value Change,Alpha,,FC5,Oz,0.21288960385575828,0.36192989375573564,0.14904028989997736,0.14904028989997736,70.00825178901572
Raw EEG Phase-Locking Value Change,Alpha,,FC5,O2,0.1901394944956717,0.3416435214662697,0.151504026970598,0.151504026970598,79.68046163815104
Raw EEG Phase-Locking Value Change,Alpha,,FC5,PO9,0.1690859585417708,0.6372001202650832,0.46811416172331244,0.46811416172331244,276.8498140001791
Raw EEG Phase-Locking Value Change,Alpha,,FC5,PO10,0.11110432540122533,0.28099623598314244,0.1698919105819171,0.1698919105819171,152.91205807550264
Raw EEG Phase-Locking Value Change,Alpha,,FC6,C3,0.6231815794953847,0.5012981219981385,-0.12188345749724616,0.12188345749724616,-19.558257417675943
Raw EEG Phase-Locking Value Change,Alpha,,FC6,Cz,0.8108719703753549,0.7234333859553326,-0.08743858442002228,0.08743858442002228,-10.78327869435994
Raw EEG Phase-Locking Value Change,Alpha,,FC6,C4,0.8010263800557558,0.8433184102910337,0.042292030235277944,0.042292030235277944,5.279730017422671
Raw EEG Phase-Locking Value Change,Alpha,,FC6,FT9,0.61857727040216,0.496677462954032,-0.12189980744812806,0.12189980744812806,-19.7064802217638
Raw EEG Phase-Locking Value Change,Alpha,,FC6,FT10,0.780909482957669,0.7107612732311214,-0.07014820972654767,0.07014820972654767,-8.982886142048581
Raw EEG Phase-Locking Value Change,Alpha,,FC6,T7,0.689119491378872,0.4613909940218906,-0.22772849735698136,0.22772849735698136,-33.04630041755389
Raw EEG Phase-Locking Value Change,Alpha,,FC6,T8,0.8188803682170014,0.8724688188041291,0.05358845058712769,0.05358845058712769,6.544112261942378
Raw EEG Phase-Locking Value Change,Alpha,,FC6,CP1,0.3419750130750985,0.16385970104427597,-0.1781153120308225,0.1781153120308225,-52.08430593486314
Raw EEG Phase-Locking Value Change,Alpha,,FC6,CP2,0.3745378350362143,0.3218017131317162,-0.05273612190449811,0.05273612190449811,-14.080318988173525
Raw EEG Phase-Locking Value Change,Alpha,,FC6,CP5,0.43197008642305884,0.10483646977064875,-0.3271336166524101,0.3271336166524101,-75.73061814563358
Raw EEG Phase-Locking Value Change,Alpha,,FC6,CP6,0.5718132878434243,0.6030457757270123,0.03123248788358801,0.03123248788358801,5.4620080623485245
Raw EEG Phase-Locking Value Change,Alpha,,FC6,P3,0.2979277610698003,0.15512445512577017,-0.14280330594403012,0.14280330594403012,-47.93219182772743
Raw EEG Phase-Locking Value Change,Alpha,,FC6,Pz,0.32917253751364595,0.17161003137420525,-0.1575625061394407,0.1575625061394407,-47.86623675521805
Raw EEG Phase-Locking Value Change,Alpha,,FC6,P4,0.358793403481029,0.2275686846759123,-0.1312247188051167,0.1312247188051167,-36.5738939266912
Raw EEG Phase-Locking Value Change,Alpha,,FC6,P7,0.20024200755108415,0.44427439158249366,0.2440323840314095,0.2440323840314095,121.86872625573028
Raw EEG Phase-Locking Value Change,Alpha,,FC6,P8,0.20265712768577468,0.16924905488112335,-0.03340807280465133,0.03340807280465133,-16.48502235581442
Raw EEG Phase-Locking Value Change,Alpha,,FC6,O1,0.20182626421967206,0.2810950545454385,0.07926879032576642,0.07926879032576642,39.2757556268735
Raw EEG Phase-Locking Value Change,Alpha,,FC6,Oz,0.22752630122507114,0.20406991352037898,-0.02345638770469216,0.02345638770469216,-10.309308233112304
Raw EEG Phase-Locking Value Change,Alpha,,FC6,O2,0.21370187243046251,0.1500080931665215,-0.06369377926394101,0.06369377926394101,-29.80497013879307
Raw EEG Phase-Locking Value Change,Alpha,,FC6,PO9,0.19223697890746969,0.4062124265196739,0.2139754476122042,0.2139754476122042,111.3081618470492
Raw EEG Phase-Locking Value Change,Alpha,,FC6,PO10,0.19580901160644376,0.07718643749861248,-0.11862257410783128,0.11862257410783128,-60.58075322204813
Raw EEG Phase-Locking Value Change,Alpha,,C3,Cz,0.7509155074475102,0.7579388972570404,0.007023389809530212,0.007023389809530212,0.9353102632550379
Raw EEG Phase-Locking Value Change,Alpha,,C3,C4,0.7835810738421626,0.546289711028031,-0.23729136281413155,0.23729136281413155,-30.282936984505238
Raw EEG Phase-Locking Value Change,Alpha,,C3,FT9,0.3937325836449114,0.2235895203991122,-0.17014306324579923,0.17014306324579923,-43.21284808860095
Raw EEG Phase-Locking Value Change,Alpha,,C3,FT10,0.3856680020012836,0.20657205805335538,-0.17909594394792822,0.17909594394792822,-46.43785406582218
Raw EEG Phase-Locking Value Change,Alpha,,C3,T7,0.8005361594764915,0.5884561030355575,-0.21208005644093397,0.21208005644093397,-26.49225196518583
Raw EEG Phase-Locking Value Change,Alpha,,C3,T8,0.5062476959747948,0.3687068521602684,-0.13754084381452641,0.13754084381452641,-27.16868539019965
Raw EEG Phase-Locking Value Change,Alpha,,C3,CP1,0.6864376863659614,0.4000158572625492,-0.2864218291034122,0.2864218291034122,-41.72583102477153
Raw EEG Phase-Locking Value Change,Alpha,,C3,CP2,0.7002871704113698,0.40875766855637813,-0.29152950185499166,0.29152950185499166,-41.62999326172696
Raw EEG Phase-Locking Value Change,Alpha,,C3,CP5,0.8547785670873165,0.6767316582291857,-0.1780469088581308,0.1780469088581308,-20.829594436934816
Raw EEG Phase-Locking Value Change,Alpha,,C3,CP6,0.6015960431306501,0.32124076704140436,-0.2803552760892457,0.2803552760892457,-46.601914904609885
Raw EEG Phase-Locking Value Change,Alpha,,C3,P3,0.687453332862162,0.2930181932334225,-0.39443513962873955,0.39443513962873955,-57.3762786175663
Raw EEG Phase-Locking Value Change,Alpha,,C3,Pz,0.6729351979476897,0.34038495131212315,-0.3325502466355666,0.3325502466355666,-49.41787079198333
Raw EEG Phase-Locking Value Change,Alpha,,C3,P4,0.6616690040801346,0.2405419273940803,-0.4211270766860543,0.4211270766860543,-63.64618473726354
Raw EEG Phase-Locking Value Change,Alpha,,C3,P7,0.36315489425433634,0.08483808438386309,-0.27831680987047325,0.27831680987047325,-76.63859534151106
Raw EEG Phase-Locking Value Change,Alpha,,C3,P8,0.30356310192530706,0.022978686302298375,-0.2805844156230087,0.2805844156230087,-92.43034276677263
Raw EEG Phase-Locking Value Change,Alpha,,C3,O1,0.49365204835599147,0.11826330981836697,-0.3753887385376245,0.3753887385376245,-76.04318462523977
Raw EEG Phase-Locking Value Change,Alpha,,C3,Oz,0.5177060773469955,0.09220742843009581,-0.42549864891689965,0.42549864891689965,-82.18923198610757
Raw EEG Phase-Locking Value Change,Alpha,,C3,O2,0.47718601685447404,0.08159694266318139,-0.39558907419129263,0.39558907419129263,-82.90039108835292
Raw EEG Phase-Locking Value Change,Alpha,,C3,PO9,0.2700153345972196,0.4469097788973721,0.1768944443001525,0.1768944443001525,65.51274006864276
Raw EEG Phase-Locking Value Change,Alpha,,C3,PO10,0.30446585271259985,0.1679595074733903,-0.13650634523920954,0.13650634523920954,-44.834697889114196
Raw EEG Phase-Locking Value Change,Alpha,,Cz,C4,0.7827058996867662,0.7399742048101134,-0.04273169487665274,0.04273169487665274,-5.45948291609322
Raw EEG Phase-Locking Value Change,Alpha,,Cz,FT9,0.5775189507871,0.3616841878975589,-0.21583476288954112,0.21583476288954112,-37.37275852080354
Raw EEG Phase-Locking Value Change,Alpha,,Cz,FT10,0.5382419448898923,0.3994087861329323,-0.13883315875696,0.13883315875696,-25.793820060857758
Raw EEG Phase-Locking Value Change,Alpha,,Cz,T7,0.7767925384930073,0.5225268750591023,-0.254265663433905,0.254265663433905,-32.732763361397026
Raw EEG Phase-Locking Value Change,Alpha,,Cz,T8,0.5880509696744745,0.5595614133597494,-0.02848955631472505,0.02848955631472505,-4.844742681148188
Raw EEG Phase-Locking Value Change,Alpha,,Cz,CP1,0.41605500150470864,0.33044458516456243,-0.08561041634014621,0.08561041634014621,-20.576706452398536
Raw EEG Phase-Locking Value Change,Alpha,,Cz,CP2,0.44401985274802275,0.4467805516077855,0.002760698859762767,0.002760698859762767,0.6217512218602168
Raw EEG Phase-Locking Value Change,Alpha,,Cz,CP5,0.5766675723421467,0.37607527122285506,-0.20059230111929166,0.20059230111929166,-34.784737470945714
Raw EEG Phase-Locking Value Change,Alpha,,Cz,CP6,0.490636734253321,0.45208158522133174,-0.038555149031989255,0.038555149031989255,-7.858186381145041
Raw EEG Phase-Locking Value Change,Alpha,,Cz,P3,0.3938649259005827,0.19070670647624294,-0.20315821942433976,0.20315821942433976,-51.58068313897539
Raw EEG Phase-Locking Value Change,Alpha,,Cz,Pz,0.4041352364490629,0.3126969019460959,-0.09143833450296701,0.09143833450296701,-22.625677311978677
Raw EEG Phase-Locking Value Change,Alpha,,Cz,P4,0.41413152046224494,0.2830281119257035,-0.13110340853654145,0.13110340853654145,-31.65743297931212
Raw EEG Phase-Locking Value Change,Alpha,,Cz,P7,0.17040625984335264,0.24842722207523824,0.0780209622318856,0.0780209622318856,45.78526769122625
Raw EEG Phase-Locking Value Change,Alpha,,Cz,P8,0.1428554847604997,0.07141227791737423,-0.07144320684312547,0.07144320684312547,-50.010825249658104
Raw EEG Phase-Locking Value Change,Alpha,,Cz,O1,0.2433272030108017,0.1800808592147511,-0.06324634379605062,0.06324634379605062,-25.992302962214634
Raw EEG Phase-Locking Value Change,Alpha,,Cz,Oz,0.2680505911341684,0.13741880550504607,-0.13063178562912234,0.13063178562912234,-48.73400393425609
Raw EEG Phase-Locking Value Change,Alpha,,Cz,O2,0.24066741909627004,0.11497228400607395,-0.1256951350901961,0.1256951350901961,-52.22773218003241
Raw EEG Phase-Locking Value Change,Alpha,,Cz,PO9,0.1860347846618536,0.42780618901180345,0.24177140434994984,0.24177140434994984,129.96032155459852
Raw EEG Phase-Locking Value Change,Alpha,,Cz,PO10,0.149739734525401,0.10550654806811188,-0.04423318645728913,0.04423318645728913,-29.540045998803116
Raw EEG Phase-Locking Value Change,Alpha,,C4,FT9,0.43634816927300796,0.31744885283977314,-0.11889931643323481,0.11889931643323481,-27.248725858373806
Raw EEG Phase-Locking Value Change,Alpha,,C4,FT10,0.5685612080922073,0.507482043812247,-0.061079164279960296,0.061079164279960296,-10.742759690712962
Raw EEG Phase-Locking Value Change,Alpha,,C4,T7,0.6944007147825959,0.35441501930276403,-0.3399856954798319,0.3399856954798319,-48.96102325964269
Raw EEG Phase-Locking Value Change,Alpha,,C4,T8,0.723666228858562,0.7926813187101658,0.06901508985160376,0.06901508985160376,9.536867563995793
Raw EEG Phase-Locking Value Change,Alpha,,C4,CP1,0.5978744190041969,0.3485437414390798,-0.24933067756511712,0.24933067756511712,-41.70285090644878
Raw EEG Phase-Locking Value Change,Alpha,,C4,CP2,0.6357477187464672,0.5471817805985201,-0.08856593814794711,0.08856593814794711,-13.930987958962183
Raw EEG Phase-Locking Value Change,Alpha,,C4,CP5,0.6201495231515802,0.2284809239671459,-0.3916685991844343,0.3916685991844343,-63.15712333277092
Raw EEG Phase-Locking Value Change,Alpha,,C4,CP6,0.7675160390344749,0.7739359999209423,0.006419960886467457,0.006419960886467457,0.8364595083307554
Raw EEG Phase-Locking Value Change,Alpha,,C4,P3,0.5545184552272264,0.19577314922517508,-0.35874530600205135,0.35874530600205135,-64.69492631314631
Raw EEG Phase-Locking Value Change,Alpha,,C4,Pz,0.587724965685269,0.36331650669142723,-0.22440845899384176,0.22440845899384176,-38.18256363028385
Raw EEG Phase-Locking Value Change,Alpha,,C4,P4,0.6229751090320051,0.4441595424574186,-0.17881556657458653,0.17881556657458653,-28.703484935768106
Raw EEG Phase-Locking Value Change,Alpha,,C4,P7,0.24437253147241766,0.26657484497752276,0.022202313505105098,0.022202313505105098,9.085437455400372
Raw EEG Phase-Locking Value Change,Alpha,,C4,P8,0.37970844705623535,0.3173142816215791,-0.06239416543465626,0.06239416543465626,-16.432124678389258
Raw EEG Phase-Locking Value Change,Alpha,,C4,O1,0.4024676834788473,0.1578222763698156,-0.2446454071090317,0.2446454071090317,-60.786348109832694
Raw EEG Phase-Locking Value Change,Alpha,,C4,Oz,0.44954094177724546,0.15191987644974378,-0.29762106532750165,0.29762106532750165,-66.20555274695704
Raw EEG Phase-Locking Value Change,Alpha,,C4,O2,0.44513440625709144,0.1510808908633197,-0.2940535153937718,0.2940535153937718,-66.05948928242103
Raw EEG Phase-Locking Value Change,Alpha,,C4,PO9,0.2336240514268168,0.29395020276397854,0.06032615133716174,0.06032615133716174,25.821892467291207
Raw EEG Phase-Locking Value Change,Alpha,,C4,PO10,0.3698090340799337,0.141738360914772,-0.22807067316516172,0.22807067316516172,-61.67255316858067
Raw EEG Phase-Locking Value Change,Alpha,,FT9,FT10,0.5661750008317273,0.6137361352655987,0.04756113443387133,0.04756113443387133,8.400429966706877
Raw EEG Phase-Locking Value Change,Alpha,,FT9,T7,0.6262467779317732,0.5731713501707909,-0.053075427760982286,0.053075427760982286,-8.475161810216072
Raw EEG Phase-Locking Value Change,Alpha,,FT9,T8,0.4607342964046175,0.40861844212649695,-0.052115854278120544,0.052115854278120544,-11.311477067110353
Raw EEG Phase-Locking Value Change,Alpha,,FT9,CP1,0.20857300315684013,0.4641959641654669,0.25562296100862675,0.25562296100862675,122.55802867085659
Raw EEG Phase-Locking Value Change,Alpha,,FT9,CP2,0.21117407735745716,0.3410364504298552,0.12986237307239804,0.12986237307239804,61.49541397194234
Raw EEG Phase-Locking Value Change,Alpha,,FT9,CP5,0.22902068529542502,0.19498715853901338,-0.034033526756411636,0.034033526756411636,-14.860459749524424
Raw EEG Phase-Locking Value Change,Alpha,,FT9,CP6,0.24509518256275029,0.1626816298334858,-0.08241355272926448,0.08241355272926448,-33.62512141917136
Raw EEG Phase-Locking Value Change,Alpha,,FT9,P3,0.19696585986577844,0.5741851037212615,0.3772192438554831,0.3772192438554831,191.515039262407
Raw EEG Phase-Locking Value Change,Alpha,,FT9,Pz,0.21065276858258508,0.46349235019158974,0.25283958160900466,0.25283958160900466,120.02670713054526
Raw EEG Phase-Locking Value Change,Alpha,,FT9,P4,0.19907517446318687,0.3745616414011294,0.17548646693794254,0.17548646693794254,88.15085427459647
Raw EEG Phase-Locking Value Change,Alpha,,FT9,P7,0.416336409365057,0.7669170050834577,0.3505805957184007,0.3505805957184007,84.20608619194786
Raw EEG Phase-Locking Value Change,Alpha,,FT9,P8,0.12418581482077397,0.23088081806087232,0.10669500324009835,0.10669500324009835,85.91561233791596
Raw EEG Phase-Locking Value Change,Alpha,,FT9,O1,0.2729416073751221,0.6417969950669445,0.36885538769182247,0.36885538769182247,135.14076920668222
Raw EEG Phase-Locking Value Change,Alpha,,FT9,Oz,0.24308403012811977,0.5700183816286778,0.32693435150055805,0.32693435150055805,134.49437683267146
Raw EEG Phase-Locking Value Change,Alpha,,FT9,O2,0.21116560554708974,0.5000543019495658,0.28888869640247605,0.28888869640247605,136.8066999613979
Raw EEG Phase-Locking Value Change,Alpha,,FT9,PO9,0.3957179411965535,0.5173205254616259,0.12160258426507237,0.12160258426507237,30.72961107029318
Raw EEG Phase-Locking Value Change,Alpha,,FT9,PO10,0.15674366921417704,0.2344638374776091,0.07772016826343206,0.07772016826343206,49.58424710425401
Raw EEG Phase-Locking Value Change,Alpha,,FT10,T7,0.4571537549118599,0.3266053915143066,-0.13054836339755327,0.13054836339755327,-28.55677373200691
Raw EEG Phase-Locking Value Change,Alpha,,FT10,T8,0.812741130047129,0.7503914971076953,-0.06234963293943374,0.06234963293943374,-7.671524257154086
Raw EEG Phase-Locking Value Change,Alpha,,FT10,CP1,0.246714885375832,0.2753522612770859,0.028637375901253898,0.028637375901253898,11.607477942658093
Raw EEG Phase-Locking Value Change,Alpha,,FT10,CP2,0.2663923548480492,0.20335066750576758,-0.0630416873422816,0.0630416873422816,-23.66497618831469
Raw EEG Phase-Locking Value Change,Alpha,,FT10,CP5,0.21514637457713126,0.21485043490398648,-0.000295939673144785,0.000295939673144785,-0.13755271206705313
Raw EEG Phase-Locking Value Change,Alpha,,FT10,CP6,0.4749968024532013,0.3960519590552868,-0.07894484339791452,0.07894484339791452,-16.620078912150678
Raw EEG Phase-Locking Value Change,Alpha,,FT10,P3,0.2134800691525017,0.3894532931330576,0.1759732239805559,0.1759732239805559,82.43075087953414
Raw EEG Phase-Locking Value Change,Alpha,,FT10,Pz,0.24110911219096984,0.26360979131137574,0.022500679120405903,0.022500679120405903,9.33215626565963
Raw EEG Phase-Locking Value Change,Alpha,,FT10,P4,0.2614245601976615,0.18575107155407314,-0.07567348864358839,0.07567348864358839,-28.946587339143697
Raw EEG Phase-Locking Value Change,Alpha,,FT10,P7,0.32689488396443445,0.6195361180151248,0.2926412340506903,0.2926412340506903,89.52150933097171
Raw EEG Phase-Locking Value Change,Alpha,,FT10,P8,0.23010199069170598,0.1315976683588909,-0.09850432233281509,0.09850432233281509,-42.80898311079483
Raw EEG Phase-Locking Value Change,Alpha,,FT10,O1,0.21885338973097854,0.4135028801848996,0.19464949045392108,0.19464949045392108,88.94058743764049
Raw EEG Phase-Locking Value Change,Alpha,,FT10,Oz,0.21913204256195695,0.3345063510633337,0.11537430850137675,0.11537430850137675,52.65058781568015
Raw EEG Phase-Locking Value Change,Alpha,,FT10,O2,0.20118669845561107,0.25970087999307684,0.058514181537465765,0.058514181537465765,29.08451800573489
Raw EEG Phase-Locking Value Change,Alpha,,FT10,PO9,0.23343591484198808,0.3096461728054347,0.07621025796344663,0.07621025796344663,32.647186280240156
Raw EEG Phase-Locking Value Change,Alpha,,FT10,PO10,0.2429340121887977,0.14337953753257618,-0.09955447465622153,0.09955447465622153,-40.98004793945943
Raw EEG Phase-Locking Value Change,Alpha,,T7,T8,0.5201051940726659,0.3203289295165946,-0.19977626455607128,0.19977626455607128,-38.4107420638756
Raw EEG Phase-Locking Value Change,Alpha,,T7,CP1,0.4159577432916672,0.15111467804275394,-0.2648430652489132,0.2648430652489132,-63.67066595589417
Raw EEG Phase-Locking Value Change,Alpha,,T7,CP2,0.4361676612239264,0.12071055479702297,-0.31545710642690344,0.31545710642690344,-72.32473529598731
Raw EEG Phase-Locking Value Change,Alpha,,T7,CP5,0.6988290894002028,0.347298612565678,-0.3515304768345248,0.3515304768345248,-50.30278249238874
Raw EEG Phase-Locking Value Change,Alpha,,T7,CP6,0.4541174644328413,0.09990409457267098,-0.3542133698601703,0.3542133698601703,-78.00038483491409
Raw EEG Phase-Locking Value Change,Alpha,,T7,P3,0.4105377461630452,0.22250587135330568,-0.18803187480973954,0.18803187480973954,-45.8013609143415
Raw EEG Phase-Locking Value Change,Alpha,,T7,Pz,0.40231574534708675,0.18880555661078857,-0.21351018873629818,0.21351018873629818,-53.07030391070034
Raw EEG Phase-Locking Value Change,Alpha,,T7,P4,0.40458133803872676,0.2076630330791347,-0.19691830495959206,0.19691830495959206,-48.67211767952157
Raw EEG Phase-Locking Value Change,Alpha,,T7,P7,0.13824551716654507,0.3864278353421318,0.24818231817558675,0.24818231817558675,179.5228686342142
Raw EEG Phase-Locking Value Change,Alpha,,T7,P8,0.13664134883428591,0.26175125224461143,0.12510990341032552,0.12510990341032552,91.56079362335235
Raw EEG Phase-Locking Value Change,Alpha,,T7,O1,0.2285177512483357,0.4990393157441004,0.2705215644957647,0.2705215644957647,118.380984854775
Raw EEG Phase-Locking Value Change,Alpha,,T7,Oz,0.2546411625598024,0.45951386042408876,0.20487269786428636,0.20487269786428636,80.45545182278693
Raw EEG Phase-Locking Value Change,Alpha,,T7,O2,0.23470081746070803,0.43745783693083007,0.20275701947012204,0.20275701947012204,86.38956679563597
Raw EEG Phase-Locking Value Change,Alpha,,T7,PO9,0.12775115859023706,0.7194796368105232,0.5917284782202861,0.5917284782202861,463.1883458045655
Raw EEG Phase-Locking Value Change,Alpha,,T7,PO10,0.1305586278653416,0.37681888705990113,0.24626025919455954,0.24626025919455954,188.62044065640217
Raw EEG Phase-Locking Value Change,Alpha,,T8,CP1,0.36257619550481807,0.173862264120517,-0.18871393138430106,0.18871393138430106,-52.04807533532448
Raw EEG Phase-Locking Value Change,Alpha,,T8,CP2,0.39609368537976486,0.34740299165710053,-0.048690693722664324,0.048690693722664324,-12.292721525207071
Raw EEG Phase-Locking Value Change,Alpha,,T8,CP5,0.35215333915769786,0.06077783780980485,-0.29137550134789303,0.29137550134789303,-82.74108717663248
Raw EEG Phase-Locking Value Change,Alpha,,T8,CP6,0.7051100780255118,0.721914613925876,0.016804535900364126,0.016804535900364126,2.383249995152688
Raw EEG Phase-Locking Value Change,Alpha,,T8,P3,0.30342359084574333,0.14405545974810824,-0.1593681310976351,0.1593681310976351,-52.523315887674606
Raw EEG Phase-Locking Value Change,Alpha,,T8,Pz,0.3508202919842453,0.1912034622797427,-0.1596168297045026,0.1596168297045026,-45.498174806738575
Raw EEG Phase-Locking Value Change,Alpha,,T8,P4,0.40401219461855675,0.29790081301436455,-0.1061113816041922,0.1061113816041922,-26.264400683344714
Raw EEG Phase-Locking Value Change,Alpha,,T8,P7,0.1787073208425667,0.40736105314973103,0.22865373230716432,0.22865373230716432,127.94872153480394
Raw EEG Phase-Locking Value Change,Alpha,,T8,P8,0.40217549891123927,0.33827536815699527,-0.063900130754244,0.063900130754244,-15.888618507898427
Raw EEG Phase-Locking Value Change,Alpha,,T8,O1,0.222258675641357,0.2149757744967004,-0.0072829011446566005,0.0072829011446566005,-3.276767992808748
Raw EEG Phase-Locking Value Change,Alpha,,T8,Oz,0.267472001752457,0.14358687176936857,-0.12388512998308843,0.12388512998308843,-46.317045960475156
Raw EEG Phase-Locking Value Change,Alpha,,T8,O2,0.29395041027041985,0.1020295154928922,-0.19192089477752766,0.19192089477752766,-65.29022858004176
Raw EEG Phase-Locking Value Change,Alpha,,T8,PO9,0.160229353687262,0.291540306848343,0.131310953161081,0.131310953161081,81.95187095204517
Raw EEG Phase-Locking Value Change,Alpha,,T8,PO10,0.3523711122067701,0.20655487002103923,-0.14581624218573086,0.14581624218573086,-41.38144051382011
Raw EEG Phase-Locking Value Change,Alpha,,CP1,CP2,0.9780391478223083,0.8535491441224685,-0.12449000369983976,0.12449000369983976,-12.728529729819906
Raw EEG Phase-Locking Value Change,Alpha,,CP1,CP5,0.6629495138107849,0.5092072006064398,-0.15374231320434517,0.15374231320434517,-23.190651776875033
Raw EEG Phase-Locking Value Change,Alpha,,CP1,CP6,0.6705050520117958,0.4403269356391825,-0.23017811637261326,0.23017811637261326,-34.32906518481592
Raw EEG Phase-Locking Value Change,Alpha,,CP1,P3,0.9548476789459237,0.9017483821870004,-0.05309929675892333,0.05309929675892333,-5.56102276098537
Raw EEG Phase-Locking Value Change,Alpha,,CP1,Pz,0.9837580224068072,0.9466661476586103,-0.03709187474819686,0.03709187474819686,-3.7704266601506293
Raw EEG Phase-Locking Value Change,Alpha,,CP1,P4,0.9572276429336442,0.7880098148994121,-0.16921782803423202,0.16921782803423202,-17.67790862324296
Raw EEG Phase-Locking Value Change,Alpha,,CP1,P7,0.6431654381618586,0.5273999623751562,-0.11576547578670238,0.11576547578670238,-17.9993309524771
Raw EEG Phase-Locking Value Change,Alpha,,CP1,P8,0.5753584694967938,0.43942158894395356,-0.13593688055284026,0.13593688055284026,-23.626467282515215
Raw EEG Phase-Locking Value Change,Alpha,,CP1,O1,0.8764200334991036,0.6915691520040401,-0.18485088149506346,0.18485088149506346,-21.091585590193212
Raw EEG Phase-Locking Value Change,Alpha,,CP1,Oz,0.9062652402341677,0.7195571970635054,-0.18670804317066225,0.18670804317066225,-20.601920374041843
Raw EEG Phase-Locking Value Change,Alpha,,CP1,O2,0.8490897988405331,0.657854054705741,-0.19123574413479216,0.19123574413479216,-22.52244042926112
Raw EEG Phase-Locking Value Change,Alpha,,CP1,PO9,0.6485858888529121,0.19092486877162687,-0.4576610200812853,0.4576610200812853,-70.56290122048505
Raw EEG Phase-Locking Value Change,Alpha,,CP1,PO10,0.5916724611853462,0.3136527266565948,-0.2780197345287514,0.2780197345287514,-46.988790719069726
Raw EEG Phase-Locking Value Change,Alpha,,CP2,CP5,0.6635367868409239,0.3941412610838781,-0.2693955257570458,0.2693955257570458,-40.59993825506326
Raw EEG Phase-Locking Value Change,Alpha,,CP2,CP6,0.7096632858478095,0.6553092198505582,-0.05435406599725123,0.05435406599725123,-7.659134561585269
Raw EEG Phase-Locking Value Change,Alpha,,CP2,P3,0.9370903633375143,0.7197734330589579,-0.21731693027855636,0.21731693027855636,-23.190605600143684
Raw EEG Phase-Locking Value Change,Alpha,,CP2,Pz,0.9765101017913876,0.8946894883842482,-0.08182061340713942,0.08182061340713942,-8.378880388133332
Raw EEG Phase-Locking Value Change,Alpha,,CP2,P4,0.9706926369518721,0.8955602576954389,-0.07513237925643323,0.07513237925643323,-7.740079237889426
Raw EEG Phase-Locking Value Change,Alpha,,CP2,P7,0.6080749537232596,0.35225278399714954,-0.25582216972611005,0.25582216972611005,-42.070828301626946
Raw EEG Phase-Locking Value Change,Alpha,,CP2,P8,0.5947786675146776,0.5650248114629259,-0.029753856051751626,0.029753856051751626,-5.002508946072344
Raw EEG Phase-Locking Value Change,Alpha,,CP2,O1,0.8477922357473193,0.5677032307167129,-0.2800890050306064,0.2800890050306064,-33.037458143705585
Raw EEG Phase-Locking Value Change,Alpha,,CP2,Oz,0.8869811398021539,0.6457763185607822,-0.24120482124137166,0.24120482124137166,-27.193906433588175
Raw EEG Phase-Locking Value Change,Alpha,,CP2,O2,0.8471754893141222,0.6432990420691651,-0.20387644724495713,0.20387644724495713,-24.065432701554734
Raw EEG Phase-Locking Value Change,Alpha,,CP2,PO9,0.6199557105537203,0.11706587860958846,-0.5028898319441318,0.5028898319441318,-81.11705778062277
Raw EEG Phase-Locking Value Change,Alpha,,CP2,PO10,0.6058157117126514,0.3992179859898071,-0.20659772572284424,0.20659772572284424,-34.1024046964363
Raw EEG Phase-Locking Value Change,Alpha,,CP5,CP6,0.5029528416675162,0.1491641265102507,-0.3537887151572655,0.3537887151572655,-70.34232354355447
Raw EEG Phase-Locking Value Change,Alpha,,CP5,P3,0.7086842829707732,0.5095443449640509,-0.19913993800672236,0.19913993800672236,-28.09995124654614
Raw EEG Phase-Locking Value Change,Alpha,,CP5,Pz,0.6543916571083462,0.43244556899415687,-0.22194608811418937,0.22194608811418937,-33.91639940749462
Raw EEG Phase-Locking Value Change,Alpha,,CP5,P4,0.6226998511915594,0.25640160473124624,-0.3662982464603131,0.3662982464603131,-58.82420651930264
Raw EEG Phase-Locking Value Change,Alpha,,CP5,P7,0.49278992299409524,0.3548963735623079,-0.13789354943178733,0.13789354943178733,-27.982217776283466
Raw EEG Phase-Locking Value Change,Alpha,,CP5,P8,0.25197338060149604,0.03422489653025557,-0.21774848407124048,0.21774848407124048,-86.41725707352265
Raw EEG Phase-Locking Value Change,Alpha,,CP5,O1,0.4952884412012773,0.17026893456889217,-0.3250195066323851,0.3250195066323851,-65.62226767175905
Raw EEG Phase-Locking Value Change,Alpha,,CP5,Oz,0.5000115039358852,0.15133149939857748,-0.34868000453730774,0.34868000453730774,-69.73439646740964
Raw EEG Phase-Locking Value Change,Alpha,,CP5,O2,0.4484366440519196,0.09649066079649407,-0.3519459832554255,0.3519459832554255,-78.48287777630357
Raw EEG Phase-Locking Value Change,Alpha,,CP5,PO9,0.25572024154280604,0.25581542167396537,9.518013115933366e-05,9.518013115933366e-05,0.03722041344286822
Raw EEG Phase-Locking Value Change,Alpha,,CP5,PO10,0.23672660971838744,0.1880875103709616,-0.04863909934742583,0.04863909934742583,-20.54652808371963
Raw EEG Phase-Locking Value Change,Alpha,,CP6,P3,0.5988013159687775,0.28285892138563923,-0.3159423945831383,0.3159423945831383,-52.762474990888634
Raw EEG Phase-Locking Value Change,Alpha,,CP6,Pz,0.6626196621262417,0.48373928368016933,-0.17888037844607235,0.17888037844607235,-26.995935778916298
Raw EEG Phase-Locking Value Change,Alpha,,CP6,P4,0.7412433236173215,0.6551565563244124,-0.0860867672929091,0.0860867672929091,-11.613833750677092
Raw EEG Phase-Locking Value Change,Alpha,,CP6,P7,0.29572806251577577,0.15579228517692184,-0.13993577733885393,0.13993577733885393,-47.319072849702586
Raw EEG Phase-Locking Value Change,Alpha,,CP6,P8,0.7064977119039882,0.6482699252177763,-0.05822778668621198,0.05822778668621198,-8.24175162992248
Raw EEG Phase-Locking Value Change,Alpha,,CP6,O1,0.5066365612643814,0.21903238333110894,-0.2876041779332724,0.2876041779332724,-56.767355521187916
Raw EEG Phase-Locking Value Change,Alpha,,CP6,Oz,0.5781589262328933,0.3153508910978389,-0.2628080351350544,0.2628080351350544,-45.45601965318276
Raw EEG Phase-Locking Value Change,Alpha,,CP6,O2,0.6411603029236931,0.3872641889164634,-0.25389611400722967,0.25389611400722967,-39.599475021997236
Raw EEG Phase-Locking Value Change,Alpha,,CP6,PO9,0.3432625907780898,0.07176607823011132,-0.27149651254797846,0.27149651254797846,-79.09295094830004
Raw EEG Phase-Locking Value Change,Alpha,,CP6,PO10,0.6341906987207582,0.44190707577889293,-0.19228362294186524,0.19228362294186524,-30.319527443358176
Raw EEG Phase-Locking Value Change,Alpha,,P3,Pz,0.9578984193051197,0.8763912420690674,-0.08150717723605228,0.08150717723605228,-8.50895831889767
Raw EEG Phase-Locking Value Change,Alpha,,P3,P4,0.9020214280018064,0.6826004682698187,-0.21942095973198772,0.21942095973198772,-24.325470872466713
Raw EEG Phase-Locking Value Change,Alpha,,P3,P7,0.696602816687192,0.6659972298448499,-0.03060558684234216,0.03060558684234216,-4.393549108499446
Raw EEG Phase-Locking Value Change,Alpha,,P3,P8,0.49772928869029864,0.3549150780415964,-0.14281421064870226,0.14281421064870226,-28.693149849488833
Raw EEG Phase-Locking Value Change,Alpha,,P3,O1,0.8659080334823522,0.7687375520616937,-0.09717048142065854,0.09717048142065854,-11.221801584387189
Raw EEG Phase-Locking Value Change,Alpha,,P3,Oz,0.8722533604377384,0.750991223778927,-0.12126213665881136,0.12126213665881136,-13.902169043860859
Raw EEG Phase-Locking Value Change,Alpha,,P3,O2,0.7912090417406844,0.6562273946016444,-0.13498164713904004,0.13498164713904004,-17.060175000285163
Raw EEG Phase-Locking Value Change,Alpha,,P3,PO9,0.635286066870016,0.2859094180619952,-0.3493766488080208,0.3493766488080208,-54.995169424911325
Raw EEG Phase-Locking Value Change,Alpha,,P3,PO10,0.517754426836349,0.2687438566134648,-0.2490105702228842,0.2490105702228842,-48.09433919173251
Raw EEG Phase-Locking Value Change,Alpha,,Pz,P4,0.9549075556325205,0.8561100433726344,-0.09879751225988609,0.09879751225988609,-10.34629076680032
Raw EEG Phase-Locking Value Change,Alpha,,Pz,P7,0.652012893881637,0.5012635321349163,-0.1507493617467207,0.1507493617467207,-23.120610521865995
Raw EEG Phase-Locking Value Change,Alpha,,Pz,P8,0.5763330865855465,0.5081601982079027,-0.06817288837764379,0.06817288837764379,-11.828730635877648
Raw EEG Phase-Locking Value Change,Alpha,,Pz,O1,0.8833648568571422,0.7122500943053512,-0.17111476255179092,0.17111476255179092,-19.37079126744835
Raw EEG Phase-Locking Value Change,Alpha,,Pz,Oz,0.9125718429542863,0.761285836906863,-0.15128600604742326,0.15128600604742326,-16.577983116119622
Raw EEG Phase-Locking Value Change,Alpha,,Pz,O2,0.8542473097608994,0.7166389885719338,-0.1376083211889656,0.1376083211889656,-16.108721633256494
Raw EEG Phase-Locking Value Change,Alpha,,Pz,PO9,0.6571935290909008,0.2226115034098427,-0.4345820256810581,0.4345820256810581,-66.12694837123817
Raw EEG Phase-Locking Value Change,Alpha,,Pz,PO10,0.5957024322110805,0.38073563188128695,-0.2149668003297936,0.2149668003297936,-36.08627205564648
Raw EEG Phase-Locking Value Change,Alpha,,P4,P7,0.5807513594245698,0.3565559115873307,-0.2241954478372391,0.2241954478372391,-38.60437762201372
Raw EEG Phase-Locking Value Change,Alpha,,P4,P8,0.651366914433961,0.7244742169394751,0.07310730250551412,0.07310730250551412,11.223674535118889
Raw EEG Phase-Locking Value Change,Alpha,,P4,O1,0.8328590513325879,0.6341672607111666,-0.19869179062142128,0.19869179062142128,-23.856592577520917
Raw EEG Phase-Locking Value Change,Alpha,,P4,Oz,0.8863714397578915,0.7426989642677325,-0.14367247549015894,0.14367247549015894,-16.20905966119604
Raw EEG Phase-Locking Value Change,Alpha,,P4,O2,0.8769945794413275,0.7867494259650001,-0.09024515347632744,0.09024515347632744,-10.290274944893774
Raw EEG Phase-Locking Value Change,Alpha,,P4,PO9,0.6138071385935199,0.22860484909268078,-0.3852022895008391,0.3852022895008391,-62.75624137957945
Raw EEG Phase-Locking Value Change,Alpha,,P4,PO10,0.6523222932096686,0.5703905281171096,-0.08193176509255906,0.08193176509255906,-12.560013040398216
Raw EEG Phase-Locking Value Change,Alpha,,P7,P8,0.3041235914851435,0.16274977740695895,-0.14137381407818456,0.14137381407818456,-46.485645321958096
Raw EEG Phase-Locking Value Change,Alpha,,P7,O1,0.7327696632047074,0.6690372175010301,-0.06373244570367731,0.06373244570367731,-8.697473285800172
Raw EEG Phase-Locking Value Change,Alpha,,P7,Oz,0.667949164829058,0.5681723145123934,-0.09977685031666461,0.09977685031666461,-14.937791013212745
Raw EEG Phase-Locking Value Change,Alpha,,P7,O2,0.5755263387143464,0.46531306690111496,-0.11021327181323148,0.11021327181323148,-19.14999616862611
Raw EEG Phase-Locking Value Change,Alpha,,P7,PO9,0.6826806452944993,0.4859436127147614,-0.19673703257973796,0.19673703257973796,-28.81831115848732
Raw EEG Phase-Locking Value Change,Alpha,,P7,PO10,0.33495767117567643,0.1796657216441483,-0.15529194953152814,0.15529194953152814,-46.36166384440905
Raw EEG Phase-Locking Value Change,Alpha,,P8,O1,0.5424007506216619,0.44105094372222164,-0.10134980689944029,0.10134980689944029,-18.68541051672222
Raw EEG Phase-Locking Value Change,Alpha,,P8,Oz,0.6145028376812919,0.5672149332346219,-0.04728790444666997,0.04728790444666997,-7.695310997277371
Raw EEG Phase-Locking Value Change,Alpha,,P8,O2,0.7525029164006688,0.7052503946565909,-0.0472525217440779,0.0472525217440779,-6.279380546469323
Raw EEG Phase-Locking Value Change,Alpha,,P8,PO9,0.47570423722192245,0.27014333863532797,-0.2055608985865945,0.2055608985865945,-43.211912466253175
Raw EEG Phase-Locking Value Change,Alpha,,P8,PO10,0.9094026821250485,0.851997195251741,-0.05740548687330749,0.05740548687330749,-6.312438703079818
Raw EEG Phase-Locking Value Change,Alpha,,O1,Oz,0.9555330519473451,0.9305397011711484,-0.024993350776196688,0.024993350776196688,-2.6156448199527014
Raw EEG Phase-Locking Value Change,Alpha,,O1,O2,0.8587486985155016,0.8202155999790611,-0.03853309853644049,0.03853309853644049,-4.487121622781117
Raw EEG Phase-Locking Value Change,Alpha,,O1,PO9,0.8131072119774605,0.6023144445516376,-0.21079276742582287,0.21079276742582287,-25.92435097373925
Raw EEG Phase-Locking Value Change,Alpha,,O1,PO10,0.5891276027463954,0.45814915986757776,-0.13097844287881766,0.13097844287881766,-22.232610094692948
Raw EEG Phase-Locking Value Change,Alpha,,Oz,O2,0.9221337486592007,0.9243326209323315,0.0021988722731307586,0.0021988722731307586,0.23845480943821426
Raw EEG Phase-Locking Value Change,Alpha,,Oz,PO9,0.7709232763772121,0.5409972257565896,-0.22992605062062255,0.22992605062062255,-29.824764365801805
Raw EEG Phase-Locking Value Change,Alpha,,Oz,PO10,0.6591309096756351,0.5705156010749702,-0.08861530860066491,0.08861530860066491,-13.444265365172054
Raw EEG Phase-Locking Value Change,Alpha,,O2,PO9,0.7069223002969349,0.4967170549831543,-0.2102052453137806,0.2102052453137806,-29.735268674575153
Raw EEG Phase-Locking Value Change,Alpha,,O2,PO10,0.788286958380112,0.7026976203360923,-0.08558933804401969,0.08558933804401969,-10.857637201039232
Raw EEG Phase-Locking Value Change,Alpha,,PO9,PO10,0.5571763829891855,0.42367419428967534,-0.13350218869951014,0.13350218869951014,-23.960489492265747
Raw EEG Phase-Locking Value Change,BetaL,,Fp1,Fp2,0.8812991026534813,0.8468153592081381,-0.03448374344534322,0.03448374344534322,-3.9128308813111214
Raw EEG Phase-Locking Value Change,BetaL,,Fp1,F7,0.8524725723732477,0.8216758962768723,-0.030796676096375375,0.030796676096375375,-3.6126295548299843
Raw EEG Phase-Locking Value Change,BetaL,,Fp1,F3,0.8657064577968356,0.7759603225492776,-0.08974613524755803,0.08974613524755803,-10.366809030852776
Raw EEG Phase-Locking Value Change,BetaL,,Fp1,Fz,0.8139622831777864,0.7540730190514718,-0.05988926412631457,0.05988926412631457,-7.357744377602015
Raw EEG Phase-Locking Value Change,BetaL,,Fp1,F4,0.8049083566286365,0.7384203203064603,-0.06648803632217615,0.06648803632217615,-8.260323771598259
Raw EEG Phase-Locking Value Change,BetaL,,Fp1,F8,0.7359995617556194,0.6914942799227853,-0.04450528183283409,0.04450528183283409,-6.046916893085267
Raw EEG Phase-Locking Value Change,BetaL,,Fp1,FC1,0.7282744807330037,0.6111503458446339,-0.11712413488836981,0.11712413488836981,-16.08241644969972
Raw EEG Phase-Locking Value Change,BetaL,,Fp1,FC2,0.7413659650158625,0.6469385710344182,-0.09442739398144429,0.09442739398144429,-12.736947531631547
Raw EEG Phase-Locking Value Change,BetaL,,Fp1,FC5,0.7633366434253759,0.6544730052275153,-0.1088636381978606,0.1088636381978606,-14.26155014769747
Raw EEG Phase-Locking Value Change,BetaL,,Fp1,FC6,0.7352459819212401,0.6066565944797615,-0.12858938744147863,0.12858938744147863,-17.489301621950677
Raw EEG Phase-Locking Value Change,BetaL,,Fp1,C3,0.583830137307414,0.3965303162023666,-0.18729982110504734,0.18729982110504734,-32.081218343551384
Raw EEG Phase-Locking Value Change,BetaL,,Fp1,Cz,0.6833303128736591,0.5198598383728041,-0.16347047450085495,0.16347047450085495,-23.92261420591757
Raw EEG Phase-Locking Value Change,BetaL,,Fp1,C4,0.6107281499847588,0.4449088386271813,-0.1658193113575775,0.1658193113575775,-27.151083728777795
Raw EEG Phase-Locking Value Change,BetaL,,Fp1,FT9,0.7272072543277478,0.6472674651733245,-0.07993978915442335,0.07993978915442335,-10.99271063079838
Raw EEG Phase-Locking Value Change,BetaL,,Fp1,FT10,0.6247629254335801,0.5701792405299355,-0.054583684903644625,0.054583684903644625,-8.736703584926076
Raw EEG Phase-Locking Value Change,BetaL,,Fp1,T7,0.6730707848552664,0.45492112650181943,-0.21814965835344696,0.21814965835344696,-32.4111019616394
Raw EEG Phase-Locking Value Change,BetaL,,Fp1,T8,0.5768569471072814,0.5006553020913872,-0.07620164501589421,0.07620164501589421,-13.209799309519724
Raw EEG Phase-Locking Value Change,BetaL,,Fp1,CP1,0.335781236636652,0.0911714859229613,-0.24460975071369068,0.24460975071369068,-72.84795099446913
Raw EEG Phase-Locking Value Change,BetaL,,Fp1,CP2,0.35290308022396194,0.17689122129121496,-0.17601185893274698,0.17601185893274698,-49.87541021774167
Raw EEG Phase-Locking Value Change,BetaL,,Fp1,CP5,0.4028668995358873,0.10006125827354542,-0.3028056412623419,0.3028056412623419,-75.16270053736893
Raw EEG Phase-Locking Value Change,BetaL,,Fp1,CP6,0.4490274053112346,0.2926365759922282,-0.15639082931900639,0.15639082931900639,-34.828793848475044
Raw EEG Phase-Locking Value Change,BetaL,,Fp1,P3,0.2764245553236532,0.15546932861393747,-0.1209552267097157,0.1209552267097157,-43.75704848944937
Raw EEG Phase-Locking Value Change,BetaL,,Fp1,Pz,0.312450988845526,0.09124344401009896,-0.22120754483542707,0.22120754483542707,-70.79751792521637
Raw EEG Phase-Locking Value Change,BetaL,,Fp1,P4,0.3335763151940488,0.10770584117605497,-0.22587047401799382,0.22587047401799382,-67.7117839995924
Raw EEG Phase-Locking Value Change,BetaL,,Fp1,P7,0.058638869137434844,0.4065405508935285,0.34790168175609365,0.34790168175609365,593.295346369486
Raw EEG Phase-Locking Value Change,BetaL,,Fp1,P8,0.219665633414735,0.09543534481651704,-0.12423028859821796,0.12423028859821796,-56.55426689511674
Raw EEG Phase-Locking Value Change,BetaL,,Fp1,O1,0.1549265089275472,0.28867108028897664,0.13374457136142945,0.13374457136142945,86.32775132367846
Raw EEG Phase-Locking Value Change,BetaL,,Fp1,Oz,0.19395210482135145,0.21066378813671402,0.016711683315362574,0.016711683315362574,8.616396986645565
Raw EEG Phase-Locking Value Change,BetaL,,Fp1,O2,0.1999426740638809,0.15031914571741886,-0.049623528346462026,0.049623528346462026,-24.81887800030498
Raw EEG Phase-Locking Value Change,BetaL,,Fp1,PO9,0.023935922595170453,0.3063089330057196,0.28237301041054913,0.28237301041054913,1179.7038918713895
Raw EEG Phase-Locking Value Change,BetaL,,Fp1,PO10,0.2356264011459895,0.038080060000314574,-0.19754634114567493,0.19754634114567493,-83.8387974288497
Raw EEG Phase-Locking Value Change,BetaL,,Fp2,F7,0.7801265762172938,0.7145493365339112,-0.06557723968338258,0.06557723968338258,-8.405974322956142
Raw EEG Phase-Locking Value Change,BetaL,,Fp2,F3,0.8192770220129717,0.7360804309680505,-0.08319659104492116,0.08319659104492116,-10.154879095779632
Raw EEG Phase-Locking Value Change,BetaL,,Fp2,Fz,0.8146844704683023,0.7499621458978943,-0.06472232457040794,0.06472232457040794,-7.944465239800611
Raw EEG Phase-Locking Value Change,BetaL,,Fp2,F4,0.8554592687487046,0.8006687277216324,-0.05479054102707215,0.05479054102707215,-6.40481002762589
Raw EEG Phase-Locking Value Change,BetaL,,Fp2,F8,0.8264829834842133,0.7991906460524609,-0.02729233743175241,0.02729233743175241,-3.3022261773250077
Raw EEG Phase-Locking Value Change,BetaL,,Fp2,FC1,0.7171816810508719,0.5940939725801608,-0.12308770847071104,0.12308770847071104,-17.162695551614355
Raw EEG Phase-Locking Value Change,BetaL,,Fp2,FC2,0.7643282122786654,0.673597506700683,-0.09073070557798246,0.09073070557798246,-11.87064720632124
Raw EEG Phase-Locking Value Change,BetaL,,Fp2,FC5,0.713261598925772,0.5743657955506003,-0.1388958033751717,0.1388958033751717,-19.473332587140494
Raw EEG Phase-Locking Value Change,BetaL,,Fp2,FC6,0.8005783923735967,0.6856279918819121,-0.11495040049168459,0.11495040049168459,-14.358419061358079
Raw EEG Phase-Locking Value Change,BetaL,,Fp2,C3,0.5614247151057093,0.36230806574924557,-0.19911664935646378,0.19911664935646378,-35.46631346982517
Raw EEG Phase-Locking Value Change,BetaL,,Fp2,Cz,0.6822183585430475,0.5183342841721291,-0.16388407437091834,0.16388407437091834,-24.02223163869569
Raw EEG Phase-Locking Value Change,BetaL,,Fp2,C4,0.6479335499317469,0.5056174281008644,-0.1423161218308825,0.1423161218308825,-21.964616872497807
Raw EEG Phase-Locking Value Change,BetaL,,Fp2,FT9,0.6756044270931173,0.5879241157889415,-0.08768031130417575,0.08768031130417575,-12.978054581648108
Raw EEG Phase-Locking Value Change,BetaL,,Fp2,FT10,0.7029884201023717,0.652320403180111,-0.05066801692226075,0.05066801692226075,-7.207518000777636
Raw EEG Phase-Locking Value Change,BetaL,,Fp2,T7,0.6262750574198167,0.37476596329794176,-0.25150909412187494,0.25150909412187494,-40.159525937064195
Raw EEG Phase-Locking Value Change,BetaL,,Fp2,T8,0.6493236193955693,0.5894861413763568,-0.059837478019212464,0.059837478019212464,-9.215355214540464
Raw EEG Phase-Locking Value Change,BetaL,,Fp2,CP1,0.34790140271485315,0.09558147556235515,-0.252319927152498,0.252319927152498,-72.52627473862312
Raw EEG Phase-Locking Value Change,BetaL,,Fp2,CP2,0.36897194417097173,0.2090549277298613,-0.15991701644111042,0.15991701644111042,-43.34124015863091
Raw EEG Phase-Locking Value Change,BetaL,,Fp2,CP5,0.37585068055900006,0.07654681035014003,-0.29930387020886,0.29930387020886,-79.63371777422552
Raw EEG Phase-Locking Value Change,BetaL,,Fp2,CP6,0.49671066316079415,0.3645827204191659,-0.13212794274162826,0.13212794274162826,-26.60058511746829
Raw EEG Phase-Locking Value Change,BetaL,,Fp2,P3,0.2818400792309552,0.13601736633516634,-0.14582271289578888,0.14582271289578888,-51.739523098946385
Raw EEG Phase-Locking Value Change,BetaL,,Fp2,Pz,0.32655925313142214,0.0982831779003141,-0.22827607523110804,0.22827607523110804,-69.9034166210686
Raw EEG Phase-Locking Value Change,BetaL,,Fp2,P4,0.35140703396599,0.1427752592359471,-0.20863177473004288,0.20863177473004288,-59.370403709743265
Raw EEG Phase-Locking Value Change,BetaL,,Fp2,P7,0.05497827735996079,0.39387051353922503,0.33889223617926423,0.33889223617926423,616.4111581023643
Raw EEG Phase-Locking Value Change,BetaL,,Fp2,P8,0.25238814706521573,0.15221082954612022,-0.1001773175190955,0.1001773175190955,-39.69176789162378
Raw EEG Phase-Locking Value Change,BetaL,,Fp2,O1,0.170149160961592,0.25043831226946955,0.08028915130787756,0.08028915130787756,47.18750939124603
Raw EEG Phase-Locking Value Change,BetaL,,Fp2,Oz,0.21021525786212744,0.17032041270230433,-0.03989484515982311,0.03989484515982311,-18.978092059325537
Raw EEG Phase-Locking Value Change,BetaL,,Fp2,O2,0.21634561940775976,0.1107789844646107,-0.10556663494314907,0.10556663494314907,-48.79536513479443
Raw EEG Phase-Locking Value Change,BetaL,,Fp2,PO9,0.047618102342984636,0.25654756269699674,0.2089294603540121,0.2089294603540121,438.7605764907025
Raw EEG Phase-Locking Value Change,BetaL,,Fp2,PO10,0.26083254731269545,0.08093958435612948,-0.17989296295656598,0.17989296295656598,-68.9687559355481
Raw EEG Phase-Locking Value Change,BetaL,,F7,F3,0.8558916155328677,0.7465964818864254,-0.10929513364644239,0.10929513364644239,-12.769739960403346
Raw EEG Phase-Locking Value Change,BetaL,,F7,Fz,0.7778604975218008,0.6898448439990461,-0.08801565352275464,0.08801565352275464,-11.315094904955997
Raw EEG Phase-Locking Value Change,BetaL,,F7,F4,0.7404087204425085,0.6379776429083813,-0.10243107753412717,0.10243107753412717,-13.834396422682433
Raw EEG Phase-Locking Value Change,BetaL,,F7,F8,0.652438397923203,0.5763161955746668,-0.07612220234853617,0.07612220234853617,-11.667339413321338
Raw EEG Phase-Locking Value Change,BetaL,,F7,FC1,0.7237673320937015,0.585843866314318,-0.13792346577938353,0.13792346577938353,-19.05632648276635
Raw EEG Phase-Locking Value Change,BetaL,,F7,FC2,0.70714867032641,0.5803568563439481,-0.12679181398246198,0.12679181398246198,-17.93000811610614
Raw EEG Phase-Locking Value Change,BetaL,,F7,FC5,0.8218228047734534,0.733339487644854,-0.08848331712859936,0.08848331712859936,-10.766714748563224
Raw EEG Phase-Locking Value Change,BetaL,,F7,FC6,0.672725059215551,0.513020381420214,-0.15970467779533704,0.15970467779533704,-23.739962650055716
Raw EEG Phase-Locking Value Change,BetaL,,F7,C3,0.6071124051009154,0.43772751943352467,-0.16938488566739068,0.16938488566739068,-27.90008641632602
Raw EEG Phase-Locking Value Change,BetaL,,F7,Cz,0.6624483989342289,0.4910858843426342,-0.17136251459159468,0.17136251459159468,-25.868054759780374
Raw EEG Phase-Locking Value Change,BetaL,,F7,C4,0.5778301123978663,0.37240136938869856,-0.20542874300916775,0.20542874300916775,-35.55175450387731
Raw EEG Phase-Locking Value Change,BetaL,,F7,FT9,0.8063874238005951,0.7094416775574944,-0.0969457462431007,0.0969457462431007,-12.0222294373323
Raw EEG Phase-Locking Value Change,BetaL,,F7,FT10,0.5556594975383526,0.4733477972950858,-0.08231170024326684,0.08231170024326684,-14.81333453453399
Raw EEG Phase-Locking Value Change,BetaL,,F7,T7,0.750801982015569,0.5717206327473654,-0.17908134926820363,0.17908134926820363,-23.85200806042759
Raw EEG Phase-Locking Value Change,BetaL,,F7,T8,0.52225851508851,0.4142403980079242,-0.10801811708058573,0.10801811708058573,-20.682882894169627
Raw EEG Phase-Locking Value Change,BetaL,,F7,CP1,0.3344373425877268,0.0857144549313318,-0.248722887656395,0.248722887656395,-74.3705489739538
Raw EEG Phase-Locking Value Change,BetaL,,F7,CP2,0.34685901272627323,0.13923990949320678,-0.20761910323306645,0.20761910323306645,-59.85691465855346
Raw EEG Phase-Locking Value Change,BetaL,,F7,CP5,0.44998030382404935,0.13937294699400068,-0.3106073568300487,0.3106073568300487,-69.02687833010174
Raw EEG Phase-Locking Value Change,BetaL,,F7,CP6,0.4192807779491259,0.22669276923098558,-0.1925880087181403,0.1925880087181403,-45.93294490154478
Raw EEG Phase-Locking Value Change,BetaL,,F7,P3,0.28546357982717263,0.16465457076188605,-0.12080900906528658,0.12080900906528658,-42.32028798154484
Raw EEG Phase-Locking Value Change,BetaL,,F7,Pz,0.31159020097484996,0.086026386594853,-0.22556381437999695,0.22556381437999695,-72.39117715329031
Raw EEG Phase-Locking Value Change,BetaL,,F7,P4,0.32786336231691676,0.07782156999033348,-0.2500417923265833,0.2500417923265833,-76.2640236956058
Raw EEG Phase-Locking Value Change,BetaL,,F7,P7,0.05252153781218907,0.40732046387010085,0.35479892605791175,0.35479892605791175,675.5303459061529
Raw EEG Phase-Locking Value Change,BetaL,,F7,P8,0.20595243013141398,0.042223752395721105,-0.16372867773569288,0.16372867773569288,-79.4982985300154
Raw EEG Phase-Locking Value Change,BetaL,,F7,O1,0.15017338206404277,0.3363056735881647,0.18613229152412195,0.18613229152412195,123.94492883215761
Raw EEG Phase-Locking Value Change,BetaL,,F7,Oz,0.18832145663608316,0.25690613717748534,0.06858468054140218,0.06858468054140218,36.41894119050748
Raw EEG Phase-Locking Value Change,BetaL,,F7,O2,0.19689490060320142,0.19473233194560496,-0.002162568657596453,0.002162568657596453,-1.098336549586237
Raw EEG Phase-Locking Value Change,BetaL,,F7,PO9,0.006838285401723038,0.376278776932085,0.36944049153036196,0.36944049153036196,5402.5310414402165
Raw EEG Phase-Locking Value Change,BetaL,,F7,PO10,0.2185218252032277,0.0163587182554378,-0.20216310694778988,0.20216310694778988,-92.51392018155441
Raw EEG Phase-Locking Value Change,BetaL,,F3,Fz,0.9098895268359863,0.9233619669058385,0.013472440069852154,0.013472440069852154,1.4806676714590485
Raw EEG Phase-Locking Value Change,BetaL,,F3,F4,0.8413562052809848,0.8302075237965946,-0.011148681484390188,0.011148681484390188,-1.325084597274338
Raw EEG Phase-Locking Value Change,BetaL,,F3,F8,0.6977362533696718,0.633642193195965,-0.06409406017370678,0.06409406017370678,-9.18600113784667
Raw EEG Phase-Locking Value Change,BetaL,,F3,FC1,0.8484988847443381,0.8458213813973402,-0.0026775033469979004,0.0026775033469979004,-0.31555767428081666
Raw EEG Phase-Locking Value Change,BetaL,,F3,FC2,0.829608281813531,0.8383718902257553,0.008763608412224344,0.008763608412224344,1.056354981542255
Raw EEG Phase-Locking Value Change,BetaL,,F3,FC5,0.8794667730936163,0.8062172501381653,-0.07324952295545106,0.07324952295545106,-8.328856211109398
Raw EEG Phase-Locking Value Change,BetaL,,F3,FC6,0.7587053877994686,0.7111332678043764,-0.047572119995092255,0.047572119995092255,-6.270170313811705
Raw EEG Phase-Locking Value Change,BetaL,,F3,C3,0.7141449569512941,0.6389542198365333,-0.07519073711476076,0.07519073711476076,-10.528777999882859
Raw EEG Phase-Locking Value Change,BetaL,,F3,Cz,0.8049891429818553,0.7606748932285579,-0.04431424975329745,0.04431424975329745,-5.5049499908965
Raw EEG Phase-Locking Value Change,BetaL,,F3,C4,0.6835508770627355,0.6084455018564314,-0.07510537520630411,0.07510537520630411,-10.987532563638423
Raw EEG Phase-Locking Value Change,BetaL,,F3,FT9,0.697679092811462,0.48810135512103947,-0.20957773769042254,0.20957773769042254,-30.03927448160726
Raw EEG Phase-Locking Value Change,BetaL,,F3,FT10,0.5678500966570624,0.4700603955080234,-0.09778970114903901,0.09778970114903901,-17.221041560920334
Raw EEG Phase-Locking Value Change,BetaL,,F3,T7,0.7772596241420286,0.5346503664483127,-0.242609257693716,0.242609257693716,-31.213413145127426
Raw EEG Phase-Locking Value Change,BetaL,,F3,T8,0.5731719171937144,0.5729950915087022,-0.0001768256850122052,0.0001768256850122052,-0.030850374854014973
Raw EEG Phase-Locking Value Change,BetaL,,F3,CP1,0.4281496953600038,0.2624034237191321,-0.1657462716408717,0.1657462716408717,-38.712224588062874
Raw EEG Phase-Locking Value Change,BetaL,,F3,CP2,0.44176044152538496,0.3693841866090259,-0.07237625491635907,0.07237625491635907,-16.383598012181928
Raw EEG Phase-Locking Value Change,BetaL,,F3,CP5,0.5316955603763466,0.2725959454413998,-0.25909961493494676,0.25909961493494676,-48.7308215911282
Raw EEG Phase-Locking Value Change,BetaL,,F3,CP6,0.49182995970882293,0.4196103851049203,-0.0722195746039026,0.0722195746039026,-14.683850216578636
Raw EEG Phase-Locking Value Change,BetaL,,F3,P3,0.3792709736972353,0.09244239101745243,-0.28682858267978284,0.28682858267978284,-75.62629427812543
Raw EEG Phase-Locking Value Change,BetaL,,F3,Pz,0.40494134083382377,0.24326741852744102,-0.16167392230638275,0.16167392230638275,-39.92526966337306
Raw EEG Phase-Locking Value Change,BetaL,,F3,P4,0.4170312413482316,0.2555825991900864,-0.1614486421581452,0.1614486421581452,-38.71380034651445
Raw EEG Phase-Locking Value Change,BetaL,,F3,P7,0.06254668101132685,0.25945020019913073,0.19690351918780388,0.19690351918780388,314.81049994026984
Raw EEG Phase-Locking Value Change,BetaL,,F3,P8,0.23698838103588993,0.16898205528516555,-0.06800632575072438,0.06800632575072438,-28.69605904452564
Raw EEG Phase-Locking Value Change,BetaL,,F3,O1,0.22512255156075,0.17176837736662506,-0.05335417419412494,0.05335417419412494,-23.700057512775285
Raw EEG Phase-Locking Value Change,BetaL,,F3,Oz,0.2597808454758114,0.09618489336585524,-0.16359595210995614,0.16359595210995614,-62.97460146082589
Raw EEG Phase-Locking Value Change,BetaL,,F3,O2,0.25981724476032103,0.04597889305335411,-0.2138383517069669,0.2138383517069669,-82.30337131941754
Raw EEG Phase-Locking Value Change,BetaL,,F3,PO9,0.052403649163177746,0.363480328736623,0.31107667957344526,0.31107667957344526,593.6164456883438
Raw EEG Phase-Locking Value Change,BetaL,,F3,PO10,0.24546948973951366,0.04471250949049709,-0.20075698024901656,0.20075698024901656,-81.78490144011586
Raw EEG Phase-Locking Value Change,BetaL,,Fz,F4,0.9153700155087429,0.8849369530051651,-0.0304330625035778,0.0304330625035778,-3.324673300191482
Raw EEG Phase-Locking Value Change,BetaL,,Fz,F8,0.752403977954603,0.6593977485300313,-0.09300622942457171,0.09300622942457171,-12.361209157533631
Raw EEG Phase-Locking Value Change,BetaL,,Fz,FC1,0.8989983729723416,0.8536397963326152,-0.04535857663972642,0.04535857663972642,-5.045457033449149
Raw EEG Phase-Locking Value Change,BetaL,,Fz,FC2,0.9199657352612225,0.8993465483873744,-0.020619186873848117,0.020619186873848117,-2.241299440135489
Raw EEG Phase-Locking Value Change,BetaL,,Fz,FC5,0.8550426236152195,0.7327541813271979,-0.1222884422880216,0.1222884422880216,-14.302028800736489
Raw EEG Phase-Locking Value Change,BetaL,,Fz,FC6,0.8483725595148247,0.7554361093238189,-0.09293645019100583,0.09293645019100583,-10.954674234649362
Raw EEG Phase-Locking Value Change,BetaL,,Fz,C3,0.7600810068304695,0.5985665212038428,-0.16151448562662674,0.16151448562662674,-21.24964104814835
Raw EEG Phase-Locking Value Change,BetaL,,Fz,Cz,0.8693035590919852,0.793675382492392,-0.0756281765995932,0.0756281765995932,-8.699858157556516
Raw EEG Phase-Locking Value Change,BetaL,,Fz,C4,0.7931820804569071,0.6529219765095243,-0.14026010394738275,0.14026010394738275,-17.683216427000833
Raw EEG Phase-Locking Value Change,BetaL,,Fz,FT9,0.6393820395966673,0.4550257379643251,-0.18435630163234218,0.18435630163234218,-28.833512706837556
Raw EEG Phase-Locking Value Change,BetaL,,Fz,FT10,0.616673197316759,0.48396178489198866,-0.1327114124247703,0.1327114124247703,-21.520541674620905
Raw EEG Phase-Locking Value Change,BetaL,,Fz,T7,0.7615317238747146,0.47285164712650846,-0.2886800767482061,0.2886800767482061,-37.90782021258238
Raw EEG Phase-Locking Value Change,BetaL,,Fz,T8,0.6597792980336848,0.6026463054246807,-0.057132992609004174,0.057132992609004174,-8.659409711592264
Raw EEG Phase-Locking Value Change,BetaL,,Fz,CP1,0.5068894909432243,0.26436214312188133,-0.242527347821343,0.242527347821343,-47.84619767319422
Raw EEG Phase-Locking Value Change,BetaL,,Fz,CP2,0.5412048348378299,0.3871158359643568,-0.1540889988734731,0.1540889988734731,-28.471474930493798
Raw EEG Phase-Locking Value Change,BetaL,,Fz,CP5,0.5713323155916072,0.23509389488776264,-0.3362384207038446,0.3362384207038446,-58.85163704693896
Raw EEG Phase-Locking Value Change,BetaL,,Fz,CP6,0.5958951309685948,0.44592745474667844,-0.14996767622191637,0.14996767622191637,-25.166789998460324
Raw EEG Phase-Locking Value Change,BetaL,,Fz,P3,0.4650434976317983,0.09092313626898521,-0.3741203613628131,0.3741203613628131,-80.44846627637955
Raw EEG Phase-Locking Value Change,BetaL,,Fz,Pz,0.5000296626218201,0.25111677385088804,-0.2489128887709321,0.2489128887709321,-49.77962456583073
Raw EEG Phase-Locking Value Change,BetaL,,Fz,P4,0.5161542671025632,0.2734348402362747,-0.2427194268662885,0.2427194268662885,-47.024589805058916
Raw EEG Phase-Locking Value Change,BetaL,,Fz,P7,0.10458206919731657,0.2609169780692818,0.15633490887196527,0.15633490887196527,149.4853850873861
Raw EEG Phase-Locking Value Change,BetaL,,Fz,P8,0.31151016780660457,0.17774417798901057,-0.133765989817594,0.133765989817594,-42.94113118665204
Raw EEG Phase-Locking Value Change,BetaL,,Fz,O1,0.300073340957071,0.16195392678092804,-0.13811941417614296,0.13811941417614296,-46.02855213182785
Raw EEG Phase-Locking Value Change,BetaL,,Fz,Oz,0.33612652657832076,0.08875506080961158,-0.24737146576870916,0.24737146576870916,-73.59474668271062
Raw EEG Phase-Locking Value Change,BetaL,,Fz,O2,0.3473643821001275,0.040700052140079546,-0.30666432996004794,0.30666432996004794,-88.28318208849986
Raw EEG Phase-Locking Value Change,BetaL,,Fz,PO9,0.13351355261779632,0.3343228074693048,0.2008092548515085,0.2008092548515085,150.40364885380347
Raw EEG Phase-Locking Value Change,BetaL,,Fz,PO10,0.3129061530760602,0.03741966223496899,-0.27548649084109117,0.27548649084109117,-88.04125074975013
Raw EEG Phase-Locking Value Change,BetaL,,F4,F8,0.8437071073640039,0.7870633894368809,-0.05664371792712297,0.05664371792712297,-6.713670826371851
Raw EEG Phase-Locking Value Change,BetaL,,F4,FC1,0.8292526391176822,0.7524865248969307,-0.07676611422075152,0.07676611422075152,-9.25726498771593
Raw EEG Phase-Locking Value Change,BetaL,,F4,FC2,0.9036513907303625,0.8778560154505657,-0.025795375279796806,0.025795375279796806,-2.8545715244180707
Raw EEG Phase-Locking Value Change,BetaL,,F4,FC5,0.7702824908542527,0.617033918769744,-0.1532485720845087,0.1532485720845087,-19.895113014259763
Raw EEG Phase-Locking Value Change,BetaL,,F4,FC6,0.9229898756333325,0.8689224615082883,-0.05406741412504412,0.05406741412504412,-5.857855600847671
Raw EEG Phase-Locking Value Change,BetaL,,F4,C3,0.6777215267602387,0.4851366319934144,-0.19258489476682428,0.19258489476682428,-28.416523182825813
Raw EEG Phase-Locking Value Change,BetaL,,F4,Cz,0.8071807638984958,0.7031951594205299,-0.1039856044779659,0.1039856044779659,-12.882567217749289
Raw EEG Phase-Locking Value Change,BetaL,,F4,C4,0.8089215783372358,0.7244318184418453,-0.08448975989539043,0.08448975989539043,-10.444740523433909
Raw EEG Phase-Locking Value Change,BetaL,,F4,FT9,0.6239802918831132,0.4687464655900504,-0.15523382629306282,0.15523382629306282,-24.878001486967143
Raw EEG Phase-Locking Value Change,BetaL,,F4,FT10,0.7013900389079449,0.6027574680397698,-0.09863257086817512,0.09863257086817512,-14.062442492303532
Raw EEG Phase-Locking Value Change,BetaL,,F4,T7,0.6813686664978815,0.3820664282282568,-0.2993022382696247,0.2993022382696247,-43.92662195753542
Raw EEG Phase-Locking Value Change,BetaL,,F4,T8,0.7370589964208408,0.7219106400118162,-0.015148356409024677,0.015148356409024677,-2.0552434042030705
Raw EEG Phase-Locking Value Change,BetaL,,F4,CP1,0.465247558988604,0.22565424012733706,-0.23959331886126692,0.23959331886126692,-51.49802814271953
Raw EEG Phase-Locking Value Change,BetaL,,F4,CP2,0.5028373968659156,0.38788166280408737,-0.11495573406182819,0.11495573406182819,-22.861413009120678
Raw EEG Phase-Locking Value Change,BetaL,,F4,CP5,0.48539749614756655,0.13903602890312317,-0.3463614672444434,0.3463614672444434,-71.35625337860115
Raw EEG Phase-Locking Value Change,BetaL,,F4,CP6,0.6291342302463323,0.532056477653065,-0.09707775259326734,0.09707775259326734,-15.430372077395527
Raw EEG Phase-Locking Value Change,BetaL,,F4,P3,0.40952494901259623,0.0575545904550871,-0.35197035855750913,0.35197035855750913,-85.94601120301542
Raw EEG Phase-Locking Value Change,BetaL,,F4,Pz,0.45652429958411284,0.22948037211913555,-0.22704392746497729,0.22704392746497729,-49.73315279642531
Raw EEG Phase-Locking Value Change,BetaL,,F4,P4,0.48532405184485133,0.2946832629415534,-0.19064078890329794,0.19064078890329794,-39.28113353925474
Raw EEG Phase-Locking Value Change,BetaL,,F4,P7,0.054436959252186626,0.3049490151760486,0.250512055923862,0.250512055923862,460.18745235811355
Raw EEG Phase-Locking Value Change,BetaL,,F4,P8,0.3270660772044272,0.24398119913219918,-0.08308487807222803,0.08308487807222803,-25.40308636786481
Raw EEG Phase-Locking Value Change,BetaL,,F4,O1,0.26553128730868525,0.15792961951595116,-0.10760166779273408,0.10760166779273408,-40.52315976898235
Raw EEG Phase-Locking Value Change,BetaL,,F4,Oz,0.30485662951893,0.07882951448731147,-0.22602711503161854,0.22602711503161854,-74.14210259697941
Raw EEG Phase-Locking Value Change,BetaL,,F4,O2,0.32276177750692925,0.027876556994011967,-0.29488522051291727,0.29488522051291727,-91.36311703035732
Raw EEG Phase-Locking Value Change,BetaL,,F4,PO9,0.12286774606588702,0.2746387042079934,0.1517709581421064,0.1517709581421064,123.52384006517075
Raw EEG Phase-Locking Value Change,BetaL,,F4,PO10,0.31968703528959563,0.09387455902893221,-0.22581247626066342,0.22581247626066342,-70.63548137199439
Raw EEG Phase-Locking Value Change,BetaL,,F8,FC1,0.6677577258263758,0.5255379747618886,-0.14221975106448725,0.14221975106448725,-21.298106418534484
Raw EEG Phase-Locking Value Change,BetaL,,F8,FC2,0.7541074958036492,0.6374983229029872,-0.11660917290066197,0.11660917290066197,-15.463202998186892
Raw EEG Phase-Locking Value Change,BetaL,,F8,FC5,0.6268850138544547,0.45452708867787806,-0.17235792517657667,0.17235792517657667,-27.494344475842485
Raw EEG Phase-Locking Value Change,BetaL,,F8,FC6,0.8721581006085105,0.778662553077449,-0.09349554753106148,0.09349554753106148,-10.720022833684514
Raw EEG Phase-Locking Value Change,BetaL,,F8,C3,0.5284529043397839,0.2905226304321683,-0.23793027390761556,0.23793027390761556,-45.02393154691255
Raw EEG Phase-Locking Value Change,BetaL,,F8,Cz,0.6360914798936436,0.46667669715221066,-0.1694147827414329,0.1694147827414329,-26.633713561099665
Raw EEG Phase-Locking Value Change,BetaL,,F8,C4,0.694129873425845,0.5831186053671955,-0.11101126805864947,0.11101126805864947,-15.992867085630335
Raw EEG Phase-Locking Value Change,BetaL,,F8,FT9,0.5872384656604095,0.5283239965059677,-0.05891446915444176,0.05891446915444176,-10.032460848453862
Raw EEG Phase-Locking Value Change,BetaL,,F8,FT10,0.841751705953457,0.8032625529096793,-0.03848915304377776,0.03848915304377776,-4.57250668713298
Raw EEG Phase-Locking Value Change,BetaL,,F8,T7,0.5464098262509522,0.27202724266726624,-0.274382583583686,0.274382583583686,-50.215528784738396
Raw EEG Phase-Locking Value Change,BetaL,,F8,T8,0.7919864570030283,0.7419621783647058,-0.050024278638322484,0.050024278638322484,-6.316304804960978
Raw EEG Phase-Locking Value Change,BetaL,,F8,CP1,0.36137224972884585,0.09980825173859545,-0.26156399799025043,0.26156399799025043,-72.38076476168656
Raw EEG Phase-Locking Value Change,BetaL,,F8,CP2,0.40287173663583437,0.25401326163778426,-0.1488584749980501,0.1488584749980501,-36.94934676755618
Raw EEG Phase-Locking Value Change,BetaL,,F8,CP5,0.3466170733681245,0.07342144204308625,-0.2731956313250382,0.2731956313250382,-78.81770758444173
Raw EEG Phase-Locking Value Change,BetaL,,F8,CP6,0.5913816116677071,0.4894266505247942,-0.10195496114291286,0.10195496114291286,-17.240130421944976
Raw EEG Phase-Locking Value Change,BetaL,,F8,P3,0.3007026821803701,0.1191324484118215,-0.1815702337685486,0.1815702337685486,-60.38198011803486
Raw EEG Phase-Locking Value Change,BetaL,,F8,Pz,0.35663039418730313,0.11327908805519882,-0.24335130613210432,0.24335130613210432,-68.23627769771514
Raw EEG Phase-Locking Value Change,BetaL,,F8,P4,0.39195351417860347,0.20713389802649565,-0.18481961615210782,0.18481961615210782,-47.15345301583139
Raw EEG Phase-Locking Value Change,BetaL,,F8,P7,0.0530585419379192,0.39007690355983654,0.33701836162191734,0.33701836162191734,635.1821013405221
Raw EEG Phase-Locking Value Change,BetaL,,F8,P8,0.33620325669052,0.2670733016389908,-0.06912995505152919,0.06912995505152919,-20.56195282937557
Raw EEG Phase-Locking Value Change,BetaL,,F8,O1,0.1909750305010689,0.19460682179070873,0.0036317912896398352,0.0036317912896398352,1.901710019425554
Raw EEG Phase-Locking Value Change,BetaL,,F8,Oz,0.23509726159981026,0.1106555273597929,-0.12444173424001737,0.12444173424001737,-52.932022003661565
Raw EEG Phase-Locking Value Change,BetaL,,F8,O2,0.2656162660526672,0.04908962044708006,-0.21652664560558713,0.21652664560558713,-81.51859403168237
Raw EEG Phase-Locking Value Change,BetaL,,F8,PO9,0.1011435777306764,0.18170304147420988,0.08055946374353347,0.08055946374353347,79.64861986397791
Raw EEG Phase-Locking Value Change,BetaL,,F8,PO10,0.32971413114685727,0.1814455030808642,-0.14826862806599306,0.14826862806599306,-44.96884241820774
Raw EEG Phase-Locking Value Change,BetaL,,FC1,FC2,0.8963305254055747,0.841768395681828,-0.05456212972374663,0.05456212972374663,-6.08727787096821
Raw EEG Phase-Locking Value Change,BetaL,,FC1,FC5,0.8734886107115799,0.7529369104791579,-0.12055170023242201,0.12055170023242201,-13.801175968879047
Raw EEG Phase-Locking Value Change,BetaL,,FC1,FC6,0.7864924466473323,0.6830103924061941,-0.10348205424113821,0.10348205424113821,-13.157412341626742
Raw EEG Phase-Locking Value Change,BetaL,,FC1,C3,0.8576573784656264,0.7396519758418246,-0.11800540262380177,0.11800540262380177,-13.759037768078999
Raw EEG Phase-Locking Value Change,BetaL,,FC1,Cz,0.8658124358081241,0.8566146623026566,-0.009197773505467466,0.009197773505467466,-1.062328643603107
Raw EEG Phase-Locking Value Change,BetaL,,FC1,C4,0.8051780615759769,0.6538203247052099,-0.15135773687076703,0.15135773687076703,-18.798045313668155
Raw EEG Phase-Locking Value Change,BetaL,,FC1,FT9,0.5984026675827121,0.3375177707034034,-0.2608848968793087,0.2608848968793087,-43.596880664514885
Raw EEG Phase-Locking Value Change,BetaL,,FC1,FT10,0.5544984951965518,0.3715309721371092,-0.18296752305944258,0.18296752305944258,-32.99693770937765
Raw EEG Phase-Locking Value Change,BetaL,,FC1,T7,0.8141118475758963,0.49696210138628694,-0.31714974618960934,0.31714974618960934,-38.95653246343928
Raw EEG Phase-Locking Value Change,BetaL,,FC1,T8,0.6248911611136916,0.5517881263667105,-0.0731030347469811,0.0731030347469811,-11.698522766219902
Raw EEG Phase-Locking Value Change,BetaL,,FC1,CP1,0.63437040878677,0.42827317644454566,-0.20609723234222432,0.20609723234222432,-32.48846880111955
Raw EEG Phase-Locking Value Change,BetaL,,FC1,CP2,0.6559208924062341,0.5085542724973946,-0.14736661990883948,0.14736661990883948,-22.46713309713732
Raw EEG Phase-Locking Value Change,BetaL,,FC1,CP5,0.6830801042494677,0.4006666913693091,-0.28241341288015864,0.28241341288015864,-41.3441133950841
Raw EEG Phase-Locking Value Change,BetaL,,FC1,CP6,0.6269404759930581,0.47089580531702835,-0.15604467067602978,0.15604467067602978,-24.88987019523008
Raw EEG Phase-Locking Value Change,BetaL,,FC1,P3,0.5965573986113865,0.2559559012538611,-0.3406014973575254,0.3406014973575254,-57.0945056000223
Raw EEG Phase-Locking Value Change,BetaL,,FC1,Pz,0.6214264936742583,0.40052647668302316,-0.22090001699123513,0.22090001699123513,-35.54724802367814
Raw EEG Phase-Locking Value Change,BetaL,,FC1,P4,0.6258741101018551,0.37724941140083224,-0.24862469870102288,0.24862469870102288,-39.724394201345305
Raw EEG Phase-Locking Value Change,BetaL,,FC1,P7,0.22408485024321606,0.11576008837813723,-0.10832476186507883,0.10832476186507883,-48.34095734160781
Raw EEG Phase-Locking Value Change,BetaL,,FC1,P8,0.3613311839300171,0.21735817890586967,-0.14397300502414745,0.14397300502414745,-39.84516460999177
Raw EEG Phase-Locking Value Change,BetaL,,FC1,O1,0.4252078251517224,0.03959691263539112,-0.3856109125163313,0.3856109125163313,-90.68763313063155
Raw EEG Phase-Locking Value Change,BetaL,,FC1,Oz,0.4587904046764249,0.038841371014292206,-0.4199490336621327,0.4199490336621327,-91.53396177897702
Raw EEG Phase-Locking Value Change,BetaL,,FC1,O2,0.4543736044167344,0.06536019244782773,-0.3890134119689067,0.3890134119689067,-85.61531924114989
Raw EEG Phase-Locking Value Change,BetaL,,FC1,PO9,0.21781254602844738,0.32808587268064154,0.11027332665219416,0.11027332665219416,50.62762851033931
Raw EEG Phase-Locking Value Change,BetaL,,FC1,PO10,0.36770660179635334,0.06532620636773645,-0.3023803954286169,0.3023803954286169,-82.23414916985472
Raw EEG Phase-Locking Value Change,BetaL,,FC2,FC5,0.8115972118442524,0.6435494790766041,-0.16804773276764828,0.16804773276764828,-20.70580459311596
Raw EEG Phase-Locking Value Change,BetaL,,FC2,FC6,0.880053961212259,0.8087394898253761,-0.07131447138688285,0.07131447138688285,-8.10342030489226
Raw EEG Phase-Locking Value Change,BetaL,,FC2,C3,0.7799568746773174,0.5859600999376228,-0.19399677473969468,0.19399677473969468,-24.872756563618307
Raw EEG Phase-Locking Value Change,BetaL,,FC2,Cz,0.8705505390749139,0.8412784714022438,-0.0292720676726701,0.0292720676726701,-3.362477691849564
Raw EEG Phase-Locking Value Change,BetaL,,FC2,C4,0.871974045220173,0.7678050005134964,-0.10416904470667654,0.10416904470667654,-11.946346944349003
Raw EEG Phase-Locking Value Change,BetaL,,FC2,FT9,0.5887342827204162,0.3780905849970598,-0.2106436977233564,0.2106436977233564,-35.779077914405896
Raw EEG Phase-Locking Value Change,BetaL,,FC2,FT10,0.6324722861523207,0.46745658961836256,-0.1650156965339581,0.1650156965339581,-26.09058138149262
Raw EEG Phase-Locking Value Change,BetaL,,FC2,T7,0.7407270749853447,0.40534910081980324,-0.3353779741655415,0.3353779741655415,-45.276861814748294
Raw EEG Phase-Locking Value Change,BetaL,,FC2,T8,0.7094470296182857,0.659383022936055,-0.050064006682230655,0.050064006682230655,-7.056764577500217
Raw EEG Phase-Locking Value Change,BetaL,,FC2,CP1,0.5849893125382947,0.340545463587512,-0.2444438489507827,0.2444438489507827,-41.78603672093255
Raw EEG Phase-Locking Value Change,BetaL,,FC2,CP2,0.6240812184024029,0.4934754730470144,-0.13060574535538855,0.13060574535538855,-20.92768401038067
Raw EEG Phase-Locking Value Change,BetaL,,FC2,CP5,0.5929624074675082,0.23905410981713987,-0.3539082976503683,0.3539082976503683,-59.68477819055687
Raw EEG Phase-Locking Value Change,BetaL,,FC2,CP6,0.6844162655868234,0.5464690294388846,-0.1379472361479388,0.1379472361479388,-20.155458466443935
Raw EEG Phase-Locking Value Change,BetaL,,FC2,P3,0.5361126089790843,0.15069679964668153,-0.38541580933240277,0.38541580933240277,-71.89083093314062
Raw EEG Phase-Locking Value Change,BetaL,,FC2,Pz,0.5783261656127705,0.33955109533596106,-0.23877507027680944,0.23877507027680944,-41.287267371659254
Raw EEG Phase-Locking Value Change,BetaL,,FC2,P4,0.6021358815825997,0.3754092093088378,-0.22672667227376186,0.22672667227376186,-37.65373883347625
Raw EEG Phase-Locking Value Change,BetaL,,FC2,P7,0.15690265161771166,0.21205921068115896,0.0551565590634473,0.0551565590634473,35.15336324451323
Raw EEG Phase-Locking Value Change,BetaL,,FC2,P8,0.3817863895944374,0.25072016366231187,-0.13106622593212552,0.13106622593212552,-34.329727173185525
Raw EEG Phase-Locking Value Change,BetaL,,FC2,O1,0.3734405480350987,0.08914049360460637,-0.28430005443049233,0.28430005443049233,-76.12993712824449
Raw EEG Phase-Locking Value Change,BetaL,,FC2,Oz,0.41357032304326274,0.03438433712908204,-0.37918598591418073,0.37918598591418073,-91.68597570636491
Raw EEG Phase-Locking Value Change,BetaL,,FC2,O2,0.4271833789901821,0.041711931731035504,-0.3854714472591466,0.3854714472591466,-90.2355911342716
Raw EEG Phase-Locking Value Change,BetaL,,FC2,PO9,0.19552075788660364,0.29031639500786693,0.0947956371212633,0.0947956371212633,48.483669021087785
Raw EEG Phase-Locking Value Change,BetaL,,FC2,PO10,0.3750289450486693,0.0731862898911204,-0.3018426551575489,0.3018426551575489,-80.48516231683858
Raw EEG Phase-Locking Value Change,BetaL,,FC5,FC6,0.7098993169203063,0.5080676447229598,-0.20183167219734643,0.20183167219734643,-28.43102780728611
Raw EEG Phase-Locking Value Change,BetaL,,FC5,C3,0.8187889463021056,0.7304957697544441,-0.08829317654766156,0.08829317654766156,-10.783386481512702
Raw EEG Phase-Locking Value Change,BetaL,,FC5,Cz,0.7826477819200607,0.649568720791255,-0.13307906112880563,0.13307906112880563,-17.003697474529897
Raw EEG Phase-Locking Value Change,BetaL,,FC5,C4,0.6918816376007841,0.43341389818522136,-0.2584677394155628,0.2584677394155628,-37.35721912086627
Raw EEG Phase-Locking Value Change,BetaL,,FC5,FT9,0.6987602386761594,0.4667128236183017,-0.23204741505785775,0.23204741505785775,-33.20844578928598
Raw EEG Phase-Locking Value Change,BetaL,,FC5,FT10,0.5184899532950923,0.31475583233978666,-0.20373412095530563,0.20373412095530563,-39.29374516527089
Raw EEG Phase-Locking Value Change,BetaL,,FC5,T7,0.8923771893525609,0.7130676615867856,-0.17930952776577536,0.17930952776577536,-20.093468311966635
Raw EEG Phase-Locking Value Change,BetaL,,FC5,T8,0.5466094707098955,0.3872939281373874,-0.15931554257250813,0.15931554257250813,-29.146136521491478
Raw EEG Phase-Locking Value Change,BetaL,,FC5,CP1,0.5191485661366181,0.250672033545828,-0.2684765325907901,0.2684765325907901,-51.71477879419556
Raw EEG Phase-Locking Value Change,BetaL,,FC5,CP2,0.5337743558511719,0.2811550319409651,-0.25261932391020686,0.25261932391020686,-47.32698773199264
Raw EEG Phase-Locking Value Change,BetaL,,FC5,CP5,0.6777829408479142,0.43782500090777926,-0.23995793994013498,0.23995793994013498,-35.40336079275539
Raw EEG Phase-Locking Value Change,BetaL,,FC5,CP6,0.5136361014772162,0.26438341407797067,-0.2492526873992455,0.2492526873992455,-48.527096651188536
Raw EEG Phase-Locking Value Change,BetaL,,FC5,P3,0.4946934873171119,0.11902780092331625,-0.3756656863937956,0.3756656863937956,-75.93908066814386
Raw EEG Phase-Locking Value Change,BetaL,,FC5,Pz,0.504939139949495,0.20500147007404645,-0.29993766987544856,0.29993766987544856,-59.40075667444771
Raw EEG Phase-Locking Value Change,BetaL,,FC5,P4,0.5048921761759712,0.1613478821771949,-0.3435442939987763,0.3435442939987763,-68.04310112324657
Raw EEG Phase-Locking Value Change,BetaL,,FC5,P7,0.1591817510864183,0.17653789679703671,0.017356145710618415,0.017356145710618415,10.903351415700863
Raw EEG Phase-Locking Value Change,BetaL,,FC5,P8,0.2768701693360771,0.05272718597063654,-0.22414298336544058,0.22414298336544058,-80.95598883148948
Raw EEG Phase-Locking Value Change,BetaL,,FC5,O1,0.316073881626525,0.20248615682275917,-0.11358772480376583,0.11358772480376583,-35.93708034945508
Raw EEG Phase-Locking Value Change,BetaL,,FC5,Oz,0.3469571436252003,0.14633823140923685,-0.20061891221596345,0.20061891221596345,-57.82238985477745
Raw EEG Phase-Locking Value Change,BetaL,,FC5,O2,0.34564698966316376,0.10869133242295607,-0.23695565724020767,0.23695565724020767,-68.55423722079084
Raw EEG Phase-Locking Value Change,BetaL,,FC5,PO9,0.1138895326164035,0.4475955252019937,0.3337059925855902,0.3337059925855902,293.00848367651173
Raw EEG Phase-Locking Value Change,BetaL,,FC5,PO10,0.28897801518565847,0.10175194725704627,-0.18722606792861218,0.18722606792861218,-64.78903518259887
Raw EEG Phase-Locking Value Change,BetaL,,FC6,C3,0.6477607882382418,0.4408093621242145,-0.20695142611402728,0.20695142611402728,-31.948742478976982
Raw EEG Phase-Locking Value Change,BetaL,,FC6,Cz,0.7598537750150391,0.6536938641692114,-0.10615991084582777,0.10615991084582777,-13.971097379061733
Raw EEG Phase-Locking Value Change,BetaL,,FC6,C4,0.8558950649175694,0.8438517712336144,-0.012043293683954959,0.012043293683954959,-1.407099325326153
Raw EEG Phase-Locking Value Change,BetaL,,FC6,FT9,0.5822792128683402,0.3928289275163343,-0.18945028535200586,0.18945028535200586,-32.53598637306028
Raw EEG Phase-Locking Value Change,BetaL,,FC6,FT10,0.7594367624223215,0.6467595985165107,-0.11267716390581084,0.11267716390581084,-14.836938304963338
Raw EEG Phase-Locking Value Change,BetaL,,FC6,T7,0.6360108221395882,0.3007425887350204,-0.33526823340456774,0.33526823340456774,-52.71423405606531
Raw EEG Phase-Locking Value Change,BetaL,,FC6,T8,0.8372904875624269,0.8677365763725702,0.030446088810143324,0.030446088810143324,3.6362635503933536
Raw EEG Phase-Locking Value Change,BetaL,,FC6,CP1,0.4878708567200797,0.2954568739124503,-0.1924139828076294,0.1924139828076294,-39.43953203132784
Raw EEG Phase-Locking Value Change,BetaL,,FC6,CP2,0.5323870890306743,0.49260438696675307,-0.03978270206392126,0.03978270206392126,-7.47251443237556
Raw EEG Phase-Locking Value Change,BetaL,,FC6,CP5,0.4610220151109042,0.12786258470588482,-0.3331594304050194,0.3331594304050194,-72.26540587760738
Raw EEG Phase-Locking Value Change,BetaL,,FC6,CP6,0.7174600731634558,0.710423174196333,-0.007036898967122784,0.007036898967122784,-0.9808070484111243
Raw EEG Phase-Locking Value Change,BetaL,,FC6,P3,0.4238075494727596,0.10037498910529422,-0.32343256036746537,0.32343256036746537,-76.31590347312917
Raw EEG Phase-Locking Value Change,BetaL,,FC6,Pz,0.4821872067343532,0.31787089536981833,-0.1643163113645349,0.1643163113645349,-34.07728555831638
Raw EEG Phase-Locking Value Change,BetaL,,FC6,P4,0.5210578109617664,0.42567577833693365,-0.09538203262483275,0.09538203262483275,-18.305460664485
Raw EEG Phase-Locking Value Change,BetaL,,FC6,P7,0.059279103094790515,0.26410138733290384,0.20482228423811333,0.20482228423811333,345.52190155541206
Raw EEG Phase-Locking Value Change,BetaL,,FC6,P8,0.40023212716620454,0.39572613409850127,-0.004505993067703273,0.004505993067703273,-1.1258449189492648
Raw EEG Phase-Locking Value Change,BetaL,,FC6,O1,0.2896854920147011,0.06491244740787439,-0.22477304460682673,0.22477304460682673,-77.59209584283214
Raw EEG Phase-Locking Value Change,BetaL,,FC6,Oz,0.3361145815245957,0.045265496472797435,-0.2908490850517983,0.2908490850517983,-86.53271861414764
Raw EEG Phase-Locking Value Change,BetaL,,FC6,O2,0.3636103992608378,0.09993874322181374,-0.2636716560390241,0.2636716560390241,-72.51488312078716
Raw EEG Phase-Locking Value Change,BetaL,,FC6,PO9,0.15341528641966504,0.2095746486188082,0.056159362199143165,0.056159362199143165,36.606105890595636
Raw EEG Phase-Locking Value Change,BetaL,,FC6,PO10,0.37461445757296213,0.20622225451887954,-0.1683922030540826,0.1683922030540826,-44.950801991214
Raw EEG Phase-Locking Value Change,BetaL,,C3,Cz,0.7655039782290751,0.6947274353427072,-0.07077654288636792,0.07077654288636792,-9.245744620439872
Raw EEG Phase-Locking Value Change,BetaL,,C3,C4,0.724088128343169,0.4602221562464959,-0.2638659720966732,0.2638659720966732,-36.441140486647846
Raw EEG Phase-Locking Value Change,BetaL,,C3,FT9,0.5028641903146257,0.21005339023517847,-0.29281080007944726,0.29281080007944726,-58.228604406339834
Raw EEG Phase-Locking Value Change,BetaL,,C3,FT10,0.44163280813921507,0.16809084467570717,-0.2735419634635079,0.2735419634635079,-61.93877774073338
Raw EEG Phase-Locking Value Change,BetaL,,C3,T7,0.8109166591803081,0.563454745465855,-0.24746191371445314,0.24746191371445314,-30.516318898244478
Raw EEG Phase-Locking Value Change,BetaL,,C3,T8,0.521954601808652,0.3362008884406196,-0.18575371336803242,0.18575371336803242,-35.5880976476436
Raw EEG Phase-Locking Value Change,BetaL,,C3,CP1,0.7147888864719768,0.5131004337484043,-0.2016884527235725,0.2016884527235725,-28.216506515519203
Raw EEG Phase-Locking Value Change,BetaL,,C3,CP2,0.7263622146224156,0.4764380442372629,-0.2499241703851527,0.2499241703851527,-34.407650254091294
Raw EEG Phase-Locking Value Change,BetaL,,C3,CP5,0.8157341666870335,0.661405192271763,-0.1543289744152705,0.1543289744152705,-18.91902787914984
Raw EEG Phase-Locking Value Change,BetaL,,C3,CP6,0.5836684220700752,0.3217025867784537,-0.2619658352916215,0.2619658352916215,-44.88264661680975
Raw EEG Phase-Locking Value Change,BetaL,,C3,P3,0.7166649727192151,0.4085069548631653,-0.30815801785604985,0.30815801785604985,-42.9988948234511
Raw EEG Phase-Locking Value Change,BetaL,,C3,Pz,0.709191145151989,0.45487931355503997,-0.25431183159694903,0.25431183159694903,-35.85942003582781
Raw EEG Phase-Locking Value Change,BetaL,,C3,P4,0.6903082362997539,0.3397523522789289,-0.350555884020825,0.350555884020825,-50.78251505442019
Raw EEG Phase-Locking Value Change,BetaL,,C3,P7,0.35764488951136825,0.09811832663704838,-0.25952656287431985,0.25952656287431985,-72.56543305536886
Raw EEG Phase-Locking Value Change,BetaL,,C3,P8,0.36874949324293044,0.12973822018333753,-0.2390112730595929,0.2390112730595929,-64.81670549771668
Raw EEG Phase-Locking Value Change,BetaL,,C3,O1,0.5202853800839805,0.04891113846848043,-0.47137424161550007,0.47137424161550007,-90.59917108172719
Raw EEG Phase-Locking Value Change,BetaL,,C3,Oz,0.5416547924258286,0.07832931983608346,-0.4633254725897451,0.4633254725897451,-85.53888547994163
Raw EEG Phase-Locking Value Change,BetaL,,C3,O2,0.5256551827670771,0.08292352547011353,-0.4427316572969636,0.4427316572969636,-84.22472978700607
Raw EEG Phase-Locking Value Change,BetaL,,C3,PO9,0.2901471093089538,0.35425323573329626,0.06410612642434244,0.06410612642434244,22.09435295668622
Raw EEG Phase-Locking Value Change,BetaL,,C3,PO10,0.3835345940759086,0.1075333765842124,-0.2760012174916962,0.2760012174916962,-71.96253525883259
Raw EEG Phase-Locking Value Change,BetaL,,Cz,C4,0.7879065060312576,0.6806388256037781,-0.10726768042747947,0.10726768042747947,-13.614265094445608
Raw EEG Phase-Locking Value Change,BetaL,,Cz,FT9,0.5307393996119059,0.2746166576455993,-0.2561227419663066,0.2561227419663066,-48.25772161508868
Raw EEG Phase-Locking Value Change,BetaL,,Cz,FT10,0.5086788237418461,0.31773791681037233,-0.1909409069314738,0.1909409069314738,-37.53663373028008
Raw EEG Phase-Locking Value Change,BetaL,,Cz,T7,0.7071496166903943,0.41943895040196183,-0.2877106662884325,0.2877106662884325,-40.68596793348734
Raw EEG Phase-Locking Value Change,BetaL,,Cz,T8,0.5836216540401975,0.5248781283578725,-0.05874352568232499,0.05874352568232499,-10.0653437506414
Raw EEG Phase-Locking Value Change,BetaL,,Cz,CP1,0.5444567844307524,0.4772478863043916,-0.06720889812636083,0.06720889812636083,-12.344211707570134
Raw EEG Phase-Locking Value Change,BetaL,,Cz,CP2,0.5801023506302392,0.5816660266935577,0.001563676063318531,0.001563676063318531,0.2695517543791557
Raw EEG Phase-Locking Value Change,BetaL,,Cz,CP5,0.5951115252387118,0.3706601349639348,-0.224451390274777,0.224451390274777,-37.71585337466701
Raw EEG Phase-Locking Value Change,BetaL,,Cz,CP6,0.593098392013567,0.48804564897723646,-0.1050527430363305,0.1050527430363305,-17.71253209432533
Raw EEG Phase-Locking Value Change,BetaL,,Cz,P3,0.5131980558774003,0.2969850823062326,-0.2162129735711677,0.2162129735711677,-42.130512985189405
Raw EEG Phase-Locking Value Change,BetaL,,Cz,Pz,0.5389646531254714,0.46474349741529686,-0.07422115571017451,0.07422115571017451,-13.7710618460346
Raw EEG Phase-Locking Value Change,BetaL,,Cz,P4,0.555892704958883,0.4344232580753682,-0.1214694468835148,0.1214694468835148,-21.851239600724636
Raw EEG Phase-Locking Value Change,BetaL,,Cz,P7,0.15177249793382805,0.09674489606384638,-0.055027601869981665,0.055027601869981665,-36.25663583264828
Raw EEG Phase-Locking Value Change,BetaL,,Cz,P8,0.29830951750413304,0.22837934115915567,-0.06993017634497736,0.06993017634497736,-23.442153951393284
Raw EEG Phase-Locking Value Change,BetaL,,Cz,O1,0.32224305426719163,0.03686030460060903,-0.2853827496665826,0.2853827496665826,-88.56133464709347
Raw EEG Phase-Locking Value Change,BetaL,,Cz,Oz,0.3593592029434338,0.08575280421164085,-0.273606398731793,0.273606398731793,-76.1373011991183
Raw EEG Phase-Locking Value Change,BetaL,,Cz,O2,0.36584002614716227,0.10607527760718845,-0.25976474853997383,0.25976474853997383,-71.00501037999632
Raw EEG Phase-Locking Value Change,BetaL,,Cz,PO9,0.131353471495258,0.29502395573850787,0.16367048424324987,0.16367048424324987,124.60308995271477
Raw EEG Phase-Locking Value Change,BetaL,,Cz,PO10,0.28957399622566243,0.05399538512801194,-0.2355786110976505,0.2355786110976505,-81.3535103870536
Raw EEG Phase-Locking Value Change,BetaL,,C4,FT9,0.4889744295939219,0.26016894701632415,-0.22880548257759775,0.22880548257759775,-46.7929340942457
Raw EEG Phase-Locking Value Change,BetaL,,C4,FT10,0.6063317672967616,0.47618864406751693,-0.1301431232292447,0.1301431232292447,-21.464011989585853
Raw EEG Phase-Locking Value Change,BetaL,,C4,T7,0.6484617905173747,0.24773592179159498,-0.40072586872577975,0.40072586872577975,-61.79637329225842
Raw EEG Phase-Locking Value Change,BetaL,,C4,T8,0.7490269531267308,0.7845760059554898,0.035549052828758976,0.035549052828758976,4.746031191583074
Raw EEG Phase-Locking Value Change,BetaL,,C4,CP1,0.6473322238645862,0.43513231298062777,-0.21219991088395845,0.21219991088395845,-32.78068093337309
Raw EEG Phase-Locking Value Change,BetaL,,C4,CP2,0.6958731216231111,0.6552045133660855,-0.04066860825702556,0.04066860825702556,-5.844256229090555
Raw EEG Phase-Locking Value Change,BetaL,,C4,CP5,0.5601825578283082,0.19373631107606196,-0.36644624675224624,0.36644624675224624,-65.41550457637764
Raw EEG Phase-Locking Value Change,BetaL,,C4,CP6,0.8176903685302418,0.8087422597894772,-0.008948108740764571,0.008948108740764571,-1.094315047008363
Raw EEG Phase-Locking Value Change,BetaL,,C4,P3,0.5844226345340682,0.23557260470492017,-0.34885002982914803,0.34885002982914803,-59.691396125899416
Raw EEG Phase-Locking Value Change,BetaL,,C4,Pz,0.6433555099371424,0.47197925096613347,-0.17137625897100894,0.17137625897100894,-26.63787848615035
Raw EEG Phase-Locking Value Change,BetaL,,C4,P4,0.6885888903359002,0.5869093310043294,-0.1016795593315708,0.1016795593315708,-14.766366515435726
Raw EEG Phase-Locking Value Change,BetaL,,C4,P7,0.19393322445380365,0.1498572257030925,-0.04407599875071114,0.04407599875071114,-22.727409846790007
Raw EEG Phase-Locking Value Change,BetaL,,C4,P8,0.47961951119492924,0.4649796752090574,-0.014639835985871819,0.014639835985871819,-3.052385410551371
Raw EEG Phase-Locking Value Change,BetaL,,C4,O1,0.4377333302898497,0.07089038954228895,-0.36684294074756074,0.36684294074756074,-83.80511954724852
Raw EEG Phase-Locking Value Change,BetaL,,C4,Oz,0.48777936368952485,0.16428730926860785,-0.323492054420917,0.323492054420917,-66.31933995199151
Raw EEG Phase-Locking Value Change,BetaL,,C4,O2,0.5093565316810578,0.21877159252093822,-0.2905849391601195,0.2905849391601195,-57.04941844980093
Raw EEG Phase-Locking Value Change,BetaL,,C4,PO9,0.25416714648593836,0.17047430777212552,-0.08369283871381283,0.08369283871381283,-32.92826782333297
Raw EEG Phase-Locking Value Change,BetaL,,C4,PO10,0.4462344100567237,0.22837819702151702,-0.2178562130352067,0.2178562130352067,-48.82102503200361
Raw EEG Phase-Locking Value Change,BetaL,,FT9,FT10,0.5413391192676816,0.5285561690896283,-0.01278295017805331,0.01278295017805331,-2.3613571831546114
Raw EEG Phase-Locking Value Change,BetaL,,FT9,T7,0.6736970697402347,0.41462802335360277,-0.2590690463866319,0.2590690463866319,-38.45482755127972
Raw EEG Phase-Locking Value Change,BetaL,,FT9,T8,0.47990151635580386,0.35590369409364336,-0.1239978222621605,0.1239978222621605,-25.83818096757737
Raw EEG Phase-Locking Value Change,BetaL,,FT9,CP1,0.27497772371933193,0.2323179121202531,-0.042659811599078834,0.042659811599078834,-15.513915462701787
Raw EEG Phase-Locking Value Change,BetaL,,FT9,CP2,0.2889898582845603,0.1452102018061698,-0.1437796564783905,0.1437796564783905,-49.75249212268711
Raw EEG Phase-Locking Value Change,BetaL,,FT9,CP5,0.3666242993849859,0.17599051136399593,-0.19063378802098999,0.19063378802098999,-51.99704120560997
Raw EEG Phase-Locking Value Change,BetaL,,FT9,CP6,0.377626547806269,0.17746347777573487,-0.2001630700305341,0.2001630700305341,-53.005560968457736
Raw EEG Phase-Locking Value Change,BetaL,,FT9,P3,0.22370536582890096,0.3497892925696427,0.12608392674074173,0.12608392674074173,56.361601463406956
Raw EEG Phase-Locking Value Change,BetaL,,FT9,Pz,0.25558317763992194,0.22285504508041049,-0.03272813255951146,0.03272813255951146,-12.805276490309721
Raw EEG Phase-Locking Value Change,BetaL,,FT9,P4,0.2763070177398871,0.14472542208239786,-0.13158159565748923,0.13158159565748923,-47.621517807904155
Raw EEG Phase-Locking Value Change,BetaL,,FT9,P7,0.10408809011591368,0.5487241196880116,0.4446360295720979,0.4446360295720979,427.1728197500273
Raw EEG Phase-Locking Value Change,BetaL,,FT9,P8,0.2126820830109731,0.07295516351009365,-0.13972691950087945,0.13972691950087945,-65.69755078695106
Raw EEG Phase-Locking Value Change,BetaL,,FT9,O1,0.11499158578386437,0.3995039298446539,0.2845123440607895,0.2845123440607895,247.42014132716858
Raw EEG Phase-Locking Value Change,BetaL,,FT9,Oz,0.15843936879665108,0.3089152259763793,0.15047585717972825,0.15047585717972825,94.97377976357406
Raw EEG Phase-Locking Value Change,BetaL,,FT9,O2,0.17108290041572505,0.23311001290121108,0.062027112485486036,0.062027112485486036,36.25558856832709
Raw EEG Phase-Locking Value Change,BetaL,,FT9,PO9,0.024046698305343363,0.2798888284582691,0.2558421301529258,0.2558421301529258,1063.9387033690014
Raw EEG Phase-Locking Value Change,BetaL,,FT9,PO10,0.2283439752327478,0.08653700962419852,-0.14180696560854927,0.14180696560854927,-62.102346017234495
Raw EEG Phase-Locking Value Change,BetaL,,FT10,T7,0.45649079348577976,0.16928976470038273,-0.287201028785397,0.287201028785397,-62.91496627836015
Raw EEG Phase-Locking Value Change,BetaL,,FT10,T8,0.8128834647429619,0.7128953631417574,-0.09998810160120453,0.09998810160120453,-12.300422623656306
Raw EEG Phase-Locking Value Change,BetaL,,FT10,CP1,0.3343442451564054,0.09474251336029454,-0.23960173179611083,0.23960173179611083,-71.66318405870146
Raw EEG Phase-Locking Value Change,BetaL,,FT10,CP2,0.3746957391741425,0.19782468586980892,-0.1768710533043336,0.1768710533043336,-47.20391368585366
Raw EEG Phase-Locking Value Change,BetaL,,FT10,CP5,0.27310311707178264,0.17101610668020795,-0.1020870103915747,0.1020870103915747,-37.38039004686353
Raw EEG Phase-Locking Value Change,BetaL,,FT10,CP6,0.5875188806293626,0.46498245701232765,-0.12253642361703498,0.12253642361703498,-20.856593321013168
Raw EEG Phase-Locking Value Change,BetaL,,FT10,P3,0.2695341344406318,0.19016652613590881,-0.07936760830472298,0.07936760830472298,-29.446217811868525
Raw EEG Phase-Locking Value Change,BetaL,,FT10,Pz,0.3321769760632206,0.09934363370380137,-0.23283334235941924,0.23283334235941924,-70.09316091645856
Raw EEG Phase-Locking Value Change,BetaL,,FT10,P4,0.3741400000834015,0.18842953401076984,-0.18571046607263164,0.18571046607263164,-49.63662426664723
Raw EEG Phase-Locking Value Change,BetaL,,FT10,P7,0.08111714406987237,0.43402818729317194,0.3529110432232996,0.3529110432232996,435.0634471540448
Raw EEG Phase-Locking Value Change,BetaL,,FT10,P8,0.42027505444948016,0.3419446016619123,-0.07833045278756784,0.07833045278756784,-18.63790200210031
Raw EEG Phase-Locking Value Change,BetaL,,FT10,O1,0.19782914079618874,0.18477466363727624,-0.013054477158912503,0.013054477158912503,-6.598864609315435
Raw EEG Phase-Locking Value Change,BetaL,,FT10,Oz,0.2460458910513594,0.10060313329147562,-0.1454427577598838,0.1454427577598838,-59.11204496787317
Raw EEG Phase-Locking Value Change,BetaL,,FT10,O2,0.28775075649580834,0.05914254886466011,-0.22860820763114822,0.22860820763114822,-79.44660525487737
Raw EEG Phase-Locking Value Change,BetaL,,FT10,PO9,0.13874576746736816,0.07787347625380606,-0.06087229121356211,0.06087229121356211,-43.873259937733785
Raw EEG Phase-Locking Value Change,BetaL,,FT10,PO10,0.4129764116355272,0.32426966150221914,-0.08870675013330803,0.08870675013330803,-21.47985880888429
Raw EEG Phase-Locking Value Change,BetaL,,T7,T8,0.4969907177188798,0.20512254093911095,-0.29186817677976884,0.29186817677976884,-58.72708812740091
Raw EEG Phase-Locking Value Change,BetaL,,T7,CP1,0.5506850205849206,0.13592887381256008,-0.41475614677236056,0.41475614677236056,-75.31640252931146
Raw EEG Phase-Locking Value Change,BetaL,,T7,CP2,0.5521152327796144,0.13212144663722156,-0.4199937861423928,0.4199937861423928,-76.06995083760712
Raw EEG Phase-Locking Value Change,BetaL,,T7,CP5,0.7294087552043368,0.45447739554889616,-0.27493135965544063,0.27493135965544063,-37.692358049420626
Raw EEG Phase-Locking Value Change,BetaL,,T7,CP6,0.4937353435211745,0.11327946625003149,-0.380455877271143,0.380455877271143,-77.05664224032337
Raw EEG Phase-Locking Value Change,BetaL,,T7,P3,0.5319849331030904,0.05440569492720104,-0.4775792381758893,0.4775792381758893,-89.77307597607128
Raw EEG Phase-Locking Value Change,BetaL,,T7,Pz,0.5296829272168815,0.08877888441604807,-0.4409040428008334,0.4409040428008334,-83.23923995766299
Raw EEG Phase-Locking Value Change,BetaL,,T7,P4,0.5233396127590588,0.0353353815346016,-0.48800423122445724,0.48800423122445724,-93.24809728269706
Raw EEG Phase-Locking Value Change,BetaL,,T7,P7,0.23145784353451174,0.11110231367028903,-0.12035552986422271,0.12035552986422271,-51.9988988173032
Raw EEG Phase-Locking Value Change,BetaL,,T7,P8,0.2789580802914105,0.07696625197859583,-0.20199182831281468,0.20199182831281468,-72.40938427085752
Raw EEG Phase-Locking Value Change,BetaL,,T7,O1,0.3598742641741057,0.25546257828122554,-0.10441168589288014,0.10441168589288014,-29.013379473661445
Raw EEG Phase-Locking Value Change,BetaL,,T7,Oz,0.38790601687975357,0.22025595984348945,-0.16765005703626412,0.16765005703626412,-43.219246348590076
Raw EEG Phase-Locking Value Change,BetaL,,T7,O2,0.37467262768111365,0.18833975517101115,-0.1863328725101025,0.1863328725101025,-49.73218184187493
Raw EEG Phase-Locking Value Change,BetaL,,T7,PO9,0.13139257791268477,0.5025817476566748,0.3711891697439901,0.3711891697439901,282.50390976471977
Raw EEG Phase-Locking Value Change,BetaL,,T7,PO10,0.2893035101526179,0.2087027779438134,-0.08060073220880451,0.08060073220880451,-27.860267635980204
Raw EEG Phase-Locking Value Change,BetaL,,T8,CP1,0.4600406658738123,0.2772903537138343,-0.182750312159978,0.182750312159978,-39.72481689479726
Raw EEG Phase-Locking Value Change,BetaL,,T8,CP2,0.5042565077089326,0.4880984577481871,-0.01615804996074549,0.01615804996074549,-3.2043314689499764
Raw EEG Phase-Locking Value Change,BetaL,,T8,CP5,0.35828474304954105,0.0676381516676167,-0.29064659138192434,0.29064659138192434,-81.12167682834762
Raw EEG Phase-Locking Value Change,BetaL,,T8,CP6,0.7800036458262668,0.7872875294489464,0.007283883622679621,0.007283883622679621,0.9338268688428655
Raw EEG Phase-Locking Value Change,BetaL,,T8,P3,0.38652124862626674,0.09210847037713674,-0.29441277824913004,0.29441277824913004,-76.16988180999131
Raw EEG Phase-Locking Value Change,BetaL,,T8,Pz,0.45728374624914914,0.31584207917419305,-0.1414416670749561,0.1414416670749561,-30.930831947368667
Raw EEG Phase-Locking Value Change,BetaL,,T8,P4,0.5121602975936319,0.4673694618162986,-0.04479083577733328,0.04479083577733328,-8.745472069541808
Raw EEG Phase-Locking Value Change,BetaL,,T8,P7,0.040630064993328475,0.26567869628346347,0.225048631290135,0.225048631290135,553.8968035790451
Raw EEG Phase-Locking Value Change,BetaL,,T8,P8,0.5402328492876454,0.5347788811391254,-0.00545396814851995,0.00545396814851995,-1.009558777425621
Raw EEG Phase-Locking Value Change,BetaL,,T8,O1,0.2970719965423687,0.027518699546980142,-0.26955329699538855,0.26955329699538855,-90.7366901400094
Raw EEG Phase-Locking Value Change,BetaL,,T8,Oz,0.35466183111768834,0.10420895739551568,-0.2504528737221727,0.2504528737221727,-70.61737456576326
Raw EEG Phase-Locking Value Change,BetaL,,T8,O2,0.4025771761124681,0.17883399875564443,-0.2237431773568237,0.2237431773568237,-55.57771046968556
Raw EEG Phase-Locking Value Change,BetaL,,T8,PO9,0.19475807070456075,0.12667435551787898,-0.06808371518668177,0.06808371518668177,-34.95809695607517
Raw EEG Phase-Locking Value Change,BetaL,,T8,PO10,0.48212772691566896,0.3448020662340421,-0.13732566068162688,0.13732566068162688,-28.483253091487747
Raw EEG Phase-Locking Value Change,BetaL,,CP1,CP2,0.9358122426664791,0.7844261508212361,-0.151386091845243,0.151386091845243,-16.176972788247287
Raw EEG Phase-Locking Value Change,BetaL,,CP1,CP5,0.6677226482346812,0.5305333091009061,-0.13718933913377507,0.13718933913377507,-20.545856800944964
Raw EEG Phase-Locking Value Change,BetaL,,CP1,CP6,0.6473402064301852,0.45336891803402807,-0.19397128839615713,0.19397128839615713,-29.9643505021616
Raw EEG Phase-Locking Value Change,BetaL,,CP1,P3,0.9095683420339767,0.8235818789822394,-0.0859864630517373,0.0859864630517373,-9.453546157890058
Raw EEG Phase-Locking Value Change,BetaL,,CP1,Pz,0.9462433174624336,0.8910649208547364,-0.05517839660769719,0.05517839660769719,-5.831311628775418
Raw EEG Phase-Locking Value Change,BetaL,,CP1,P4,0.9214157704919675,0.7242975404181653,-0.19711823007380225,0.19711823007380225,-21.392973333694492
Raw EEG Phase-Locking Value Change,BetaL,,CP1,P7,0.5355845909152951,0.3917302914418938,-0.14385429947340128,0.14385429947340128,-26.85930512443597
Raw EEG Phase-Locking Value Change,BetaL,,CP1,P8,0.5378518587676221,0.3895691651447485,-0.1482826936228736,0.1482826936228736,-27.569430356275646
Raw EEG Phase-Locking Value Change,BetaL,,CP1,O1,0.8371300030809176,0.5807108663723728,-0.25641913670854477,0.25641913670854477,-30.63074262836559
Raw EEG Phase-Locking Value Change,BetaL,,CP1,Oz,0.8654769811075673,0.6145200673124781,-0.2509569137950892,0.2509569137950892,-28.996370703462834
Raw EEG Phase-Locking Value Change,BetaL,,CP1,O2,0.8106556553100038,0.5733080232200756,-0.23734763208992826,0.23734763208992826,-29.27847730848974
Raw EEG Phase-Locking Value Change,BetaL,,CP1,PO9,0.554612818766971,0.13409688021137942,-0.42051593855559155,0.42051593855559155,-75.82153248648184
Raw EEG Phase-Locking Value Change,BetaL,,CP1,PO10,0.5586129347730553,0.21786970108396525,-0.34074323368909004,0.34074323368909004,-60.998092324432484
Raw EEG Phase-Locking Value Change,BetaL,,CP2,CP5,0.6631981144984919,0.36830809539971077,-0.2948900190987811,0.2948900190987811,-44.46484582088655
Raw EEG Phase-Locking Value Change,BetaL,,CP2,CP6,0.6966480129238458,0.6817810463044541,-0.014866966619391686,0.014866966619391686,-2.134071488554848
Raw EEG Phase-Locking Value Change,BetaL,,CP2,P3,0.8976445580777035,0.6320000051221598,-0.2656445529555437,0.2656445529555437,-29.593512327910585
Raw EEG Phase-Locking Value Change,BetaL,,CP2,Pz,0.9492378745122706,0.8521821033094916,-0.09705577120277897,0.09705577120277897,-10.224599524397123
Raw EEG Phase-Locking Value Change,BetaL,,CP2,P4,0.9426926861626507,0.8651329847045606,-0.0775597014580901,0.0775597014580901,-8.227464007788862
Raw EEG Phase-Locking Value Change,BetaL,,CP2,P7,0.4899663886381618,0.18782596470364846,-0.30214042393451335,0.30214042393451335,-61.66554093114392
Raw EEG Phase-Locking Value Change,BetaL,,CP2,P8,0.5694736442436458,0.5464582177567696,-0.023015426486876156,0.023015426486876156,-4.041526191689592
Raw EEG Phase-Locking Value Change,BetaL,,CP2,O1,0.8006585923962501,0.45097783160293814,-0.349680760793312,0.349680760793312,-43.67414077787766
Raw EEG Phase-Locking Value Change,BetaL,,CP2,Oz,0.8390060693161979,0.5469842225129236,-0.29202184680327437,0.29202184680327437,-34.80568943217257
Raw EEG Phase-Locking Value Change,BetaL,,CP2,O2,0.8167042033550869,0.5667592608735913,-0.24994494248149557,0.24994494248149557,-30.604096495977558
Raw EEG Phase-Locking Value Change,BetaL,,CP2,PO9,0.5392544036707713,0.09331483445606134,-0.4459395692147099,0.4459395692147099,-82.69558230385218
Raw EEG Phase-Locking Value Change,BetaL,,CP2,PO10,0.5822286673000454,0.31200211732342414,-0.27022654997662127,0.27022654997662127,-46.4124432810456
Raw EEG Phase-Locking Value Change,BetaL,,CP5,CP6,0.45081099317994916,0.1264567606831369,-0.3243542324968123,0.3243542324968123,-71.94905124404112
Raw EEG Phase-Locking Value Change,BetaL,,CP5,P3,0.7274435140442239,0.5570963378759298,-0.1703471761682941,0.1703471761682941,-23.417237610828167
Raw EEG Phase-Locking Value Change,BetaL,,CP5,Pz,0.6684018927431917,0.45191758995395787,-0.21648430278923386,0.21648430278923386,-32.38834377035641
Raw EEG Phase-Locking Value Change,BetaL,,CP5,P4,0.6216038941354366,0.2608776052572514,-0.3607262888781852,0.3607262888781852,-58.03153620520743
Raw EEG Phase-Locking Value Change,BetaL,,CP5,P7,0.49575445043662647,0.390053752928645,-0.10570069750798144,0.10570069750798144,-21.321179752372878
Raw EEG Phase-Locking Value Change,BetaL,,CP5,P8,0.2782319088470605,0.05502191964946498,-0.22320998919759552,0.22320998919759552,-80.22443943346929
Raw EEG Phase-Locking Value Change,BetaL,,CP5,O1,0.5110717371716844,0.19055320021561778,-0.32051853695606664,0.32051853695606664,-62.71497984409081
Raw EEG Phase-Locking Value Change,BetaL,,CP5,Oz,0.5092953643990383,0.16142875235452903,-0.3478666120445093,0.3478666120445093,-68.30351037162633
Raw EEG Phase-Locking Value Change,BetaL,,CP5,O2,0.4779791705596874,0.12356743586609897,-0.35441173469358844,0.35441173469358844,-74.14794545933701
Raw EEG Phase-Locking Value Change,BetaL,,CP5,PO9,0.2750390378359231,0.2633160847145496,-0.011722953121373503,0.011722953121373503,-4.262286987917305
Raw EEG Phase-Locking Value Change,BetaL,,CP5,PO10,0.2865017167458632,0.2083046230874106,-0.07819709365845262,0.07819709365845262,-27.29376094029346
Raw EEG Phase-Locking Value Change,BetaL,,CP6,P3,0.564116078343363,0.26802459920805327,-0.2960914791353097,0.2960914791353097,-52.4876865777058
Raw EEG Phase-Locking Value Change,BetaL,,CP6,Pz,0.6473227842249477,0.5133496677392847,-0.133973116485663,0.133973116485663,-20.696493272065442
Raw EEG Phase-Locking Value Change,BetaL,,CP6,P4,0.7267011781210889,0.7058824751799957,-0.020818702941093226,0.020818702941093226,-2.8648230617873365
Raw EEG Phase-Locking Value Change,BetaL,,CP6,P7,0.18192748949967466,0.10890551898399428,-0.07302197051568038,0.07302197051568038,-40.13795315732698
Raw EEG Phase-Locking Value Change,BetaL,,CP6,P8,0.6917435740596819,0.6876727194864277,-0.004070854573254179,0.004070854573254179,-0.5884918524596162
Raw EEG Phase-Locking Value Change,BetaL,,CP6,O1,0.4726254981164203,0.18225147102678563,-0.29037402708963467,0.29037402708963467,-61.43850220668961
Raw EEG Phase-Locking Value Change,BetaL,,CP6,Oz,0.5448684919637453,0.3038865557860072,-0.2409819361777381,0.2409819361777381,-44.227541091469945
Raw EEG Phase-Locking Value Change,BetaL,,CP6,O2,0.6065238109739947,0.3891586263345639,-0.21736518463943078,0.21736518463943078,-35.83786501149425
Raw EEG Phase-Locking Value Change,BetaL,,CP6,PO9,0.30544071515337873,0.06576937522662969,-0.23967133992674905,0.23967133992674905,-78.46738435195086
Raw EEG Phase-Locking Value Change,BetaL,,CP6,PO10,0.6021901816934583,0.42093700870904244,-0.18125317298441584,0.18125317298441584,-30.09899172960641
Raw EEG Phase-Locking Value Change,BetaL,,P3,Pz,0.9226257927590974,0.8004481281220622,-0.12217766463703517,0.12217766463703517,-13.242385547412981
Raw EEG Phase-Locking Value Change,BetaL,,P3,P4,0.8617411536026341,0.5790717014066992,-0.282669452195935,0.282669452195935,-32.80212985235697
Raw EEG Phase-Locking Value Change,BetaL,,P3,P7,0.5954920697249964,0.5558798969755294,-0.039612172749466934,0.039612172749466934,-6.652006762703019
Raw EEG Phase-Locking Value Change,BetaL,,P3,P8,0.46317117499465454,0.26143358397007094,-0.2017375910245836,0.2017375910245836,-43.55573099446698
Raw EEG Phase-Locking Value Change,BetaL,,P3,O1,0.8210889759359012,0.6692112584975634,-0.1518777174383379,0.1518777174383379,-18.497108338986433
Raw EEG Phase-Locking Value Change,BetaL,,P3,Oz,0.8209272110936137,0.6395786552770556,-0.18134855581655807,0.18134855581655807,-22.090698586415616
Raw EEG Phase-Locking Value Change,BetaL,,P3,O2,0.7599672037654038,0.5507317049410224,-0.20923549882438142,0.20923549882438142,-27.53217478171214
Raw EEG Phase-Locking Value Change,BetaL,,P3,PO9,0.5488802297730857,0.17339273610934816,-0.37548749366373757,0.37548749366373757,-68.40973190434806
Raw EEG Phase-Locking Value Change,BetaL,,P3,PO10,0.48853855282705533,0.15530055150031896,-0.33323800132673637,0.33323800132673637,-68.21119835852627
Raw EEG Phase-Locking Value Change,BetaL,,Pz,P4,0.9285739240658119,0.8058382178688656,-0.12273570619694629,0.12273570619694629,-13.217655914732267
Raw EEG Phase-Locking Value Change,BetaL,,Pz,P7,0.5346428155687909,0.34818076219319516,-0.18646205337559574,0.18646205337559574,-34.876004679352924
Raw EEG Phase-Locking Value Change,BetaL,,Pz,P8,0.5456562850254196,0.45838739118702493,-0.0872688938383947,0.0872688938383947,-15.993381957348708
Raw EEG Phase-Locking Value Change,BetaL,,Pz,O1,0.8381052664101889,0.5960433203010951,-0.24206194610909382,0.24206194610909382,-28.882045706013123
Raw EEG Phase-Locking Value Change,BetaL,,Pz,Oz,0.8655339455656695,0.6571229833774574,-0.2084109621882121,0.2084109621882121,-24.07888948272331
Raw EEG Phase-Locking Value Change,BetaL,,Pz,O2,0.8236978972151607,0.6310722398652985,-0.19262565734986226,0.19262565734986226,-23.38547397062808
Raw EEG Phase-Locking Value Change,BetaL,,Pz,PO9,0.5704002811731326,0.12679099328549806,-0.44360928788763454,0.44360928788763454,-77.77157594930894
Raw EEG Phase-Locking Value Change,BetaL,,Pz,PO10,0.5658816992390646,0.2704573165647458,-0.2954243826743188,0.2954243826743188,-52.20603229819465
Raw EEG Phase-Locking Value Change,BetaL,,P4,P7,0.4578000961747017,0.169847321788114,-0.28795277438658773,0.28795277438658773,-62.899238508831964
Raw EEG Phase-Locking Value Change,BetaL,,P4,P8,0.6177346400515974,0.6789634113485308,0.06122877129693338,0.06122877129693338,9.911824159936884
Raw EEG Phase-Locking Value Change,BetaL,,P4,O1,0.7833611661248933,0.5047239704762232,-0.27863719564867007,0.27863719564867007,-35.569442001704516
Raw EEG Phase-Locking Value Change,BetaL,,P4,Oz,0.8403056202430182,0.636525313111111,-0.2037803071319072,0.2037803071319072,-24.250737139300995
Raw EEG Phase-Locking Value Change,BetaL,,P4,O2,0.8410468106999396,0.6936008883265384,-0.14744592237340115,0.14744592237340115,-17.53123851105185
Raw EEG Phase-Locking Value Change,BetaL,,P4,PO9,0.5260720530024204,0.10854835999552327,-0.4175236930068972,0.4175236930068972,-79.36625612860225
Raw EEG Phase-Locking Value Change,BetaL,,P4,PO10,0.616985326501668,0.4467099337355079,-0.17027539276616016,0.17027539276616016,-27.597964724968186
Raw EEG Phase-Locking Value Change,BetaL,,P7,P8,0.16052577766853035,0.06463158238439817,-0.09589419528413218,0.09589419528413218,-59.737567808046435
Raw EEG Phase-Locking Value Change,BetaL,,P7,O1,0.608153747616167,0.5265758264511571,-0.08157792116500995,0.08157792116500995,-13.414029180084476
Raw EEG Phase-Locking Value Change,BetaL,,P7,Oz,0.5284809152292187,0.3886707203737304,-0.1398101948554883,0.1398101948554883,-26.455107616298356
Raw EEG Phase-Locking Value Change,BetaL,,P7,O2,0.43548724805890804,0.28081766662340185,-0.1546695814355062,0.1546695814355062,-35.516443277022006
Raw EEG Phase-Locking Value Change,BetaL,,P7,PO9,0.5415825092459685,0.315616650126264,-0.22596585911970452,0.22596585911970452,-41.723256431288924
Raw EEG Phase-Locking Value Change,BetaL,,P7,PO10,0.18450999020229422,0.1428614386428425,-0.04164855155945171,0.04164855155945171,-22.572518438589054
Raw EEG Phase-Locking Value Change,BetaL,,P8,O1,0.47529679164144645,0.3254016324369026,-0.14989515920454383,0.14989515920454383,-31.537170425004987
Raw EEG Phase-Locking Value Change,BetaL,,P8,Oz,0.5623692037120908,0.47616597666159566,-0.0862032270504951,0.0862032270504951,-15.328582447524546
Raw EEG Phase-Locking Value Change,BetaL,,P8,O2,0.6803470115220978,0.6138381071276455,-0.06650890439445223,0.06650890439445223,-9.775732570009534
Raw EEG Phase-Locking Value Change,BetaL,,P8,PO9,0.38204469711351086,0.15046607837694914,-0.23157861873656171,0.23157861873656171,-60.61558254471896
Raw EEG Phase-Locking Value Change,BetaL,,P8,PO10,0.8550310302553176,0.7618525299559714,-0.09317850029934616,0.09317850029934616,-10.897674704451658
Raw EEG Phase-Locking Value Change,BetaL,,O1,Oz,0.9143755757723954,0.872967484419458,-0.041408091352937326,0.041408091352937326,-4.528564897193246
Raw EEG Phase-Locking Value Change,BetaL,,O1,O2,0.8060597778848607,0.7362014078629042,-0.0698583700219565,0.0698583700219565,-8.666648794369593
Raw EEG Phase-Locking Value Change,BetaL,,O1,PO9,0.7011449717992848,0.47205806518045323,-0.22908690661883158,0.22908690661883158,-32.673258146734845
Raw EEG Phase-Locking Value Change,BetaL,,O1,PO10,0.5294574270897201,0.31532565455828293,-0.21413177253143717,0.21413177253143717,-40.44362427937971
Raw EEG Phase-Locking Value Change,BetaL,,Oz,O2,0.8958088203695992,0.8855402362803461,-0.01026858408925313,0.01026858408925313,-1.146291915837181
Raw EEG Phase-Locking Value Change,BetaL,,Oz,PO9,0.6498239715210508,0.39393406738725717,-0.2558899041337936,0.2558899041337936,-39.378341727657265
Raw EEG Phase-Locking Value Change,BetaL,,Oz,PO10,0.6179580823026137,0.4500693093064567,-0.167888772996157,0.167888772996157,-27.16831089425609
Raw EEG Phase-Locking Value Change,BetaL,,O2,PO9,0.5851080117390289,0.3360457434624723,-0.24906226827655664,0.24906226827655664,-42.56688735748228
Raw EEG Phase-Locking Value Change,BetaL,,O2,PO10,0.7300371507622454,0.5686289126152659,-0.16140823814697947,0.16140823814697947,-22.109592365052944
Raw EEG Phase-Locking Value Change,BetaL,,PO9,PO10,0.47199222410389197,0.32062272413369236,-0.1513694999701996,0.1513694999701996,-32.07033765388498
Raw EEG Phase-Locking Value Change,BetaH,,Fp1,Fp2,0.8231804083222556,0.76581141233711,-0.057368995985145554,0.057368995985145554,-6.9691886985102975
Raw EEG Phase-Locking Value Change,BetaH,,Fp1,F7,0.8267445351341229,0.7878194171966244,-0.03892511793749853,0.03892511793749853,-4.708240125371219
Raw EEG Phase-Locking Value Change,BetaH,,Fp1,F3,0.831717875973602,0.7295300046753491,-0.10218787129825291,0.10218787129825291,-12.28636226901251
Raw EEG Phase-Locking Value Change,BetaH,,Fp1,Fz,0.7747504194347807,0.6871126020107011,-0.08763781742407961,0.08763781742407961,-11.311748303152362
Raw EEG Phase-Locking Value Change,BetaH,,Fp1,F4,0.7440293891795708,0.6582271453728119,-0.08580224380675894,0.08580224380675894,-11.532104115050036
Raw EEG Phase-Locking Value Change,BetaH,,Fp1,F8,0.6726344948489708,0.6125775904623257,-0.060056904386645016,0.060056904386645016,-8.928609050912536
Raw EEG Phase-Locking Value Change,BetaH,,Fp1,FC1,0.6735329951652271,0.537603461067549,-0.13592953409767816,0.13592953409767816,-20.181570178953553
Raw EEG Phase-Locking Value Change,BetaH,,Fp1,FC2,0.6844069194950897,0.5594262741629455,-0.12498064533214415,0.12498064533214415,-18.261160396266394
Raw EEG Phase-Locking Value Change,BetaH,,Fp1,FC5,0.7105343914871599,0.5903401523482908,-0.12019423913886906,0.12019423913886906,-16.916033984970184
Raw EEG Phase-Locking Value Change,BetaH,,Fp1,FC6,0.6636668487569378,0.5312568427955311,-0.13241000596140673,0.13241000596140673,-19.951276187655523
Raw EEG Phase-Locking Value Change,BetaH,,Fp1,C3,0.5283922738594815,0.3478996186711676,-0.18049265518831392,0.18049265518831392,-34.15883693188015
Raw EEG Phase-Locking Value Change,BetaH,,Fp1,Cz,0.6100652216987638,0.4219513495414486,-0.18811387215731518,0.18811387215731518,-30.835042789933286
Raw EEG Phase-Locking Value Change,BetaH,,Fp1,C4,0.5339056467861931,0.373321285980869,-0.16058436080532412,0.16058436080532412,-30.077292078094736
Raw EEG Phase-Locking Value Change,BetaH,,Fp1,FT9,0.7293335344016447,0.6250895917218667,-0.10424394267977799,0.10424394267977799,-14.293041216773497
Raw EEG Phase-Locking Value Change,BetaH,,Fp1,FT10,0.585762781308118,0.5174388156535088,-0.06832396565460919,0.06832396565460919,-11.66410155012392
Raw EEG Phase-Locking Value Change,BetaH,,Fp1,T7,0.6215424512212734,0.39114098033058564,-0.23040147089068774,0.23040147089068774,-37.069305634389124
Raw EEG Phase-Locking Value Change,BetaH,,Fp1,T8,0.5209885961109131,0.4363285706087858,-0.08466002550212726,0.08466002550212726,-16.249880733301886
Raw EEG Phase-Locking Value Change,BetaH,,Fp1,CP1,0.2762363191817409,0.10190601178951825,-0.17433030739222266,0.17433030739222266,-63.10911899949246
Raw EEG Phase-Locking Value Change,BetaH,,Fp1,CP2,0.29974391342314904,0.15151612544561877,-0.14822778797753028,0.14822778797753028,-49.45147552279963
Raw EEG Phase-Locking Value Change,BetaH,,Fp1,CP5,0.3442843805225988,0.10921488198109784,-0.23506949854150094,0.23506949854150094,-68.27771221705801
Raw EEG Phase-Locking Value Change,BetaH,,Fp1,CP6,0.36210036542057755,0.2291531514300267,-0.13294721399055084,0.13294721399055084,-36.71557023592987
Raw EEG Phase-Locking Value Change,BetaH,,Fp1,P3,0.23494914860611346,0.15921620820653773,-0.07573294039957573,0.07573294039957573,-32.23375817655767
Raw EEG Phase-Locking Value Change,BetaH,,Fp1,Pz,0.26232167527434086,0.09378931754731888,-0.16853235772702196,0.16853235772702196,-64.24644762990619
Raw EEG Phase-Locking Value Change,BetaH,,Fp1,P4,0.28107321498506666,0.08354514445330163,-0.19752807053176502,0.19752807053176502,-70.27637640330106
Raw EEG Phase-Locking Value Change,BetaH,,Fp1,P7,0.11439340775617486,0.3451044772086356,0.23071106945246073,0.23071106945246073,201.68213708976347
Raw EEG Phase-Locking Value Change,BetaH,,Fp1,P8,0.1836735135881427,0.08480030007519294,-0.09887321351294977,0.09887321351294977,-53.83095884726009
Raw EEG Phase-Locking Value Change,BetaH,,Fp1,O1,0.10351380354698533,0.2629119064742136,0.15939810292722825,0.15939810292722825,153.98729199905867
Raw EEG Phase-Locking Value Change,BetaH,,Fp1,Oz,0.12669462343211782,0.19297784500271276,0.06628322157059494,0.06628322157059494,52.31731211238736
Raw EEG Phase-Locking Value Change,BetaH,,Fp1,O2,0.14025932641005356,0.13834238693312711,-0.0019169394769264492,0.0019169394769264492,-1.3667108819004323
Raw EEG Phase-Locking Value Change,BetaH,,Fp1,PO9,0.021491202502382394,0.2640582490018769,0.2425670464994945,0.2425670464994945,1128.680661180336
Raw EEG Phase-Locking Value Change,BetaH,,Fp1,PO10,0.18451450644277778,0.01656880450667922,-0.16794570193609856,0.16794570193609856,-91.02032418691287
Raw EEG Phase-Locking Value Change,BetaH,,Fp2,F7,0.6997341396709075,0.6129192236156176,-0.0868149160552899,0.0868149160552899,-12.406842989841813
Raw EEG Phase-Locking Value Change,BetaH,,Fp2,F3,0.7484835995189303,0.6418097282897066,-0.10667387122922367,0.10667387122922367,-14.251998480365598
Raw EEG Phase-Locking Value Change,BetaH,,Fp2,Fz,0.7707387466038657,0.6613215011797525,-0.10941724542411313,0.10941724542411313,-14.196411677269676
Raw EEG Phase-Locking Value Change,BetaH,,Fp2,F4,0.8132173956409063,0.7315144438149606,-0.08170295182594578,0.08170295182594578,-10.046877042215105
Raw EEG Phase-Locking Value Change,BetaH,,Fp2,F8,0.7998100240600252,0.7528459116310751,-0.046964112428950155,0.046964112428950155,-5.871908455279066
Raw EEG Phase-Locking Value Change,BetaH,,Fp2,FC1,0.653524912530675,0.5012381822944063,-0.1522867302362687,0.1522867302362687,-23.302360371628634
Raw EEG Phase-Locking Value Change,BetaH,,Fp2,FC2,0.7089470868454435,0.5714154821486378,-0.1375316046968057,0.1375316046968057,-19.399417424616452
Raw EEG Phase-Locking Value Change,BetaH,,Fp2,FC5,0.6350837223946828,0.47286910922427383,-0.16221461317040897,0.16221461317040897,-25.54224072359363
Raw EEG Phase-Locking Value Change,BetaH,,Fp2,FC6,0.7405793636192625,0.6083145900409929,-0.1322647735782696,0.1322647735782696,-17.85963531739293
Raw EEG Phase-Locking Value Change,BetaH,,Fp2,C3,0.49706377483421965,0.29906207564405823,-0.19800169919016142,0.19800169919016142,-39.83426457826238
Raw EEG Phase-Locking Value Change,BetaH,,Fp2,Cz,0.6029488404321435,0.40923129113299694,-0.19371754929914653,0.19371754929914653,-32.128355891737996
Raw EEG Phase-Locking Value Change,BetaH,,Fp2,C4,0.5742556635212477,0.4269228371996858,-0.14733282632156186,0.14733282632156186,-25.656312280516236
Raw EEG Phase-Locking Value Change,BetaH,,Fp2,FT9,0.6601767138657555,0.5502048567952855,-0.10997185707046997,0.10997185707046997,-16.65794245097114
Raw EEG Phase-Locking Value Change,BetaH,,Fp2,FT10,0.6807184331524632,0.6106372529174587,-0.07008118023500443,0.07008118023500443,-10.295178861317549
Raw EEG Phase-Locking Value Change,BetaH,,Fp2,T7,0.5577052878550894,0.29716327089518574,-0.2605420169599037,0.2605420169599037,-46.71679158035906
Raw EEG Phase-Locking Value Change,BetaH,,Fp2,T8,0.5949841790255829,0.5129708404309129,-0.08201333859466997,0.08201333859466997,-13.78412090368265
Raw EEG Phase-Locking Value Change,BetaH,,Fp2,CP1,0.28377402565176324,0.10425356661594955,-0.1795204590358137,0.1795204590358137,-63.261765633234674
Raw EEG Phase-Locking Value Change,BetaH,,Fp2,CP2,0.3116536905917134,0.17984816833872433,-0.13180552225298905,0.13180552225298905,-42.29230271675584
Raw EEG Phase-Locking Value Change,BetaH,,Fp2,CP5,0.3077935383443125,0.10616679358704374,-0.20162674475726877,0.20162674475726877,-65.50714022193654
Raw EEG Phase-Locking Value Change,BetaH,,Fp2,CP6,0.40849376186671044,0.2893278457185966,-0.11916591614811384,0.11916591614811384,-29.17202838142657
Raw EEG Phase-Locking Value Change,BetaH,,Fp2,P3,0.2339613456397301,0.14511824355028835,-0.08884310208944174,0.08884310208944174,-37.973410456549736
Raw EEG Phase-Locking Value Change,BetaH,,Fp2,Pz,0.2697526719346927,0.09936620410293932,-0.17038646783175337,0.17038646783175337,-63.16395927044017
Raw EEG Phase-Locking Value Change,BetaH,,Fp2,P4,0.29523345627034586,0.11548511975603509,-0.17974833651431077,0.17974833651431077,-60.88345771683642
Raw EEG Phase-Locking Value Change,BetaH,,Fp2,P7,0.11892802788658985,0.3363475958400393,0.21741956795344947,0.21741956795344947,182.81608786179612
Raw EEG Phase-Locking Value Change,BetaH,,Fp2,P8,0.21398165512722864,0.1345209416498062,-0.07946071347742242,0.07946071347742242,-37.13435781687775
Raw EEG Phase-Locking Value Change,BetaH,,Fp2,O1,0.11592865258207695,0.22631965332307824,0.11039100074100129,0.11039100074100129,95.22322418337863
Raw EEG Phase-Locking Value Change,BetaH,,Fp2,Oz,0.14139088759734456,0.15775965818500054,0.016368770587655984,0.016368770587655984,11.576962890473716
Raw EEG Phase-Locking Value Change,BetaH,,Fp2,O2,0.15584116655275923,0.10406631541232692,-0.051774851140432315,0.051774851140432315,-33.22283340512868
Raw EEG Phase-Locking Value Change,BetaH,,Fp2,PO9,0.03745754884120872,0.21039562110655374,0.17293807226534502,0.17293807226534502,461.6908410063611
Raw EEG Phase-Locking Value Change,BetaH,,Fp2,PO10,0.2103043662450059,0.05503515925364803,-0.15526920699135788,0.15526920699135788,-73.83071011015923
Raw EEG Phase-Locking Value Change,BetaH,,F7,F3,0.8307117870007333,0.7149643548711564,-0.11574743212957694,0.11574743212957694,-13.933524712280839
Raw EEG Phase-Locking Value Change,BetaH,,F7,Fz,0.7356430902929947,0.6221224091994595,-0.11352068109353519,0.11352068109353519,-15.431488800951254
Raw EEG Phase-Locking Value Change,BetaH,,F7,F4,0.6747812374859552,0.5551023946585582,-0.11967884282739705,0.11967884282739705,-17.735947026815197
Raw EEG Phase-Locking Value Change,BetaH,,F7,F8,0.5832515288944708,0.49821281527973976,-0.08503871361473109,0.08503871361473109,-14.580109850019332
Raw EEG Phase-Locking Value Change,BetaH,,F7,FC1,0.6757291672134003,0.5201079328046587,-0.15562123440874154,0.15562123440874154,-23.03011945606829
Raw EEG Phase-Locking Value Change,BetaH,,F7,FC2,0.6491798913373845,0.49905643198556315,-0.15012345935182136,0.15012345935182136,-23.125093884616472
Raw EEG Phase-Locking Value Change,BetaH,,F7,FC5,0.7968283840186265,0.7040760248375788,-0.09275235918104774,0.09275235918104774,-11.640192674019952
Raw EEG Phase-Locking Value Change,BetaH,,F7,FC6,0.6020239488213428,0.4451520661400381,-0.1568718826813047,0.1568718826813047,-26.05741565405036
Raw EEG Phase-Locking Value Change,BetaH,,F7,C3,0.5674176743963208,0.39779722994108224,-0.1696204444552386,0.1696204444552386,-29.89340165261839
Raw EEG Phase-Locking Value Change,BetaH,,F7,Cz,0.5929964756693572,0.39633091980963925,-0.19666555585971796,0.19666555585971796,-33.16470905459052
Raw EEG Phase-Locking Value Change,BetaH,,F7,C4,0.5020669462609091,0.31381708123632507,-0.18824986502458402,0.18824986502458402,-37.49497281718208
Raw EEG Phase-Locking Value Change,BetaH,,F7,FT9,0.800514453274007,0.6746835949950135,-0.12583085827899354,0.12583085827899354,-15.71874908246323
Raw EEG Phase-Locking Value Change,BetaH,,F7,FT10,0.5096399213127323,0.42482568396536174,-0.08481423734737054,0.08481423734737054,-16.641992473608763
Raw EEG Phase-Locking Value Change,BetaH,,F7,T7,0.7067423092522189,0.5158520688670575,-0.19089024038516145,0.19089024038516145,-27.00987869074036
Raw EEG Phase-Locking Value Change,BetaH,,F7,T8,0.4682301515682385,0.35243619186869246,-0.11579395969954603,0.11579395969954603,-24.730137371913898
Raw EEG Phase-Locking Value Change,BetaH,,F7,CP1,0.2779956936164125,0.09316017459698622,-0.1848355190194263,0.1848355190194263,-66.48862671753051
Raw EEG Phase-Locking Value Change,BetaH,,F7,CP2,0.29808306990438066,0.11556340963205819,-0.18251966027232247,0.18251966027232247,-61.23113947091033
Raw EEG Phase-Locking Value Change,BetaH,,F7,CP5,0.40259131297264267,0.13421919285484502,-0.26837212011779765,0.26837212011779765,-66.661180077682
Raw EEG Phase-Locking Value Change,BetaH,,F7,CP6,0.33359750483395756,0.16896154071030933,-0.16463596412364823,0.16463596412364823,-49.3516773171289
Raw EEG Phase-Locking Value Change,BetaH,,F7,P3,0.24604876672850695,0.16113658901952418,-0.08491217770898277,0.08491217770898277,-34.510304131162684
Raw EEG Phase-Locking Value Change,BetaH,,F7,Pz,0.2646830536646773,0.0875683331889317,-0.1771147204757456,0.1771147204757456,-66.91577644412754
Raw EEG Phase-Locking Value Change,BetaH,,F7,P4,0.27624828438463545,0.05968596685391615,-0.2165623175307193,0.2165623175307193,-78.39408596260742
Raw EEG Phase-Locking Value Change,BetaH,,F7,P7,0.10002769579878806,0.3445603731072858,0.24453267730849776,0.24453267730849776,244.46497078208267
Raw EEG Phase-Locking Value Change,BetaH,,F7,P8,0.16816343032347517,0.02834072301151055,-0.1398227073119646,0.1398227073119646,-83.14691668872655
Raw EEG Phase-Locking Value Change,BetaH,,F7,O1,0.10009469118432132,0.3088676191292326,0.20877292794491129,0.20877292794491129,208.57542540439263
Raw EEG Phase-Locking Value Change,BetaH,,F7,Oz,0.12032554169993664,0.23885795868566198,0.11853241698572534,0.11853241698572534,98.5097721656779
Raw EEG Phase-Locking Value Change,BetaH,,F7,O2,0.13356960867239617,0.18298187251810277,0.0494122638457066,0.0494122638457066,36.993642743162624
Raw EEG Phase-Locking Value Change,BetaH,,F7,PO9,0.024984016039823146,0.33126374791314744,0.3062797318733243,0.3062797318733243,1225.9027187027548
Raw EEG Phase-Locking Value Change,BetaH,,F7,PO10,0.16577548398793562,0.0499151123063976,-0.11586037168153802,0.11586037168153802,-69.88993118546396
Raw EEG Phase-Locking Value Change,BetaH,,F3,Fz,0.8890907591610823,0.8929125752227819,0.0038218160616996233,0.0038218160616996233,0.4298566847445099
Raw EEG Phase-Locking Value Change,BetaH,,F3,F4,0.7893605521017979,0.7657050132125289,-0.023655538889268968,0.023655538889268968,-2.9967977024291796
Raw EEG Phase-Locking Value Change,BetaH,,F3,F8,0.6321457020964655,0.5641462808285599,-0.06799942126790559,0.06799942126790559,-10.756922184615103
Raw EEG Phase-Locking Value Change,BetaH,,F3,FC1,0.8204329163120487,0.8135602716986009,-0.006872644613447831,0.006872644613447831,-0.8376851387607961
Raw EEG Phase-Locking Value Change,BetaH,,F3,FC2,0.7877577520547843,0.781771850982322,-0.005985901072462219,0.005985901072462219,-0.7598657146627396
Raw EEG Phase-Locking Value Change,BetaH,,F3,FC5,0.858458877837878,0.7725133333625157,-0.08594554447536229,0.08594554447536229,-10.011608790373918
Raw EEG Phase-Locking Value Change,BetaH,,F3,FC6,0.6963789383157848,0.6522551857934078,-0.04412375252237699,0.04412375252237699,-6.336169877436519
Raw EEG Phase-Locking Value Change,BetaH,,F3,C3,0.6810081463080799,0.6008096428028744,-0.08019850350520552,0.08019850350520552,-11.776438202682629
Raw EEG Phase-Locking Value Change,BetaH,,F3,Cz,0.7499075964777315,0.6791700488112145,-0.07073754766651708,0.07073754766651708,-9.432835191797876
Raw EEG Phase-Locking Value Change,BetaH,,F3,C4,0.6140817837437258,0.5498469881212759,-0.06423479562244994,0.06423479562244994,-10.460299804179991
Raw EEG Phase-Locking Value Change,BetaH,,F3,FT9,0.7035950761596701,0.4745540160910135,-0.2290410600686566,0.2290410600686566,-32.55296516837466
Raw EEG Phase-Locking Value Change,BetaH,,F3,FT10,0.5256415685033842,0.43338746111731524,-0.09225410738606893,0.09225410738606893,-17.550763279383787
Raw EEG Phase-Locking Value Change,BetaH,,F3,T7,0.7461427524632961,0.495990489003947,-0.2501522634593491,0.2501522634593491,-33.52605954202503
Raw EEG Phase-Locking Value Change,BetaH,,F3,T8,0.5251376339043263,0.5161613505770238,-0.008976283327302492,0.008976283327302492,-1.709320137763705
Raw EEG Phase-Locking Value Change,BetaH,,F3,CP1,0.36920949535734976,0.24857466487540145,-0.12063483048194831,0.12063483048194831,-32.67381581429495
Raw EEG Phase-Locking Value Change,BetaH,,F3,CP2,0.39035655835396293,0.34636865758657215,-0.043987900767390786,0.043987900767390786,-11.268646529951203
Raw EEG Phase-Locking Value Change,BetaH,,F3,CP5,0.48494062251208264,0.2517500606860254,-0.23319056182605724,0.23319056182605724,-48.086415326083994
Raw EEG Phase-Locking Value Change,BetaH,,F3,CP6,0.40529786555058955,0.357049319467786,-0.048248546082803545,0.048248546082803545,-11.904465871602556
Raw EEG Phase-Locking Value Change,BetaH,,F3,P3,0.3364564891799971,0.09508517645307969,-0.24137131272691742,0.24137131272691742,-71.73923538083073
Raw EEG Phase-Locking Value Change,BetaH,,F3,Pz,0.35362224969461215,0.23020377769037256,-0.12341847200423958,0.12341847200423958,-34.90121792698951
Raw EEG Phase-Locking Value Change,BetaH,,F3,P4,0.363810673238364,0.23429215643747772,-0.1295185168008863,0.1295185168008863,-35.60052695761002
Raw EEG Phase-Locking Value Change,BetaH,,F3,P7,0.09882021202978027,0.20288531878767854,0.10406510675789828,0.10406510675789828,105.30751211759942
Raw EEG Phase-Locking Value Change,BetaH,,F3,P8,0.20170189183212375,0.1693227382008488,-0.03237915363127494,0.03237915363127494,-16.052974683164635
Raw EEG Phase-Locking Value Change,BetaH,,F3,O1,0.1632964436147855,0.1514733860897437,-0.011823057525041814,0.011823057525041814,-7.240241895856761
Raw EEG Phase-Locking Value Change,BetaH,,F3,Oz,0.18387370377488865,0.0805989189050914,-0.10327478486979726,0.10327478486979726,-56.16615250010607
Raw EEG Phase-Locking Value Change,BetaH,,F3,O2,0.1936953646056985,0.04398810119748373,-0.14970726340821477,0.14970726340821477,-77.29005994179089
Raw EEG Phase-Locking Value Change,BetaH,,F3,PO9,0.02882429897070756,0.32422283023690757,0.2953985312662,0.2953985312662,1024.8246854724764
Raw EEG Phase-Locking Value Change,BetaH,,F3,PO10,0.19178244941656009,0.06422373298304936,-0.12755871643351074,0.12755871643351074,-66.51219484450712
Raw EEG Phase-Locking Value Change,BetaH,,Fz,F4,0.8951234675607358,0.8473045009871646,-0.04781896657357121,0.04781896657357121,-5.342164327774884
Raw EEG Phase-Locking Value Change,BetaH,,Fz,F8,0.7095973156697717,0.6026364389328095,-0.1069608767369622,0.1069608767369622,-15.073461296285263
Raw EEG Phase-Locking Value Change,BetaH,,Fz,FC1,0.8870816823308029,0.834420620071483,-0.05266106225931988,0.05266106225931988,-5.936438921943828
Raw EEG Phase-Locking Value Change,BetaH,,Fz,FC2,0.9078879909899693,0.8802998316361804,-0.027588159353788888,0.027588159353788888,-3.038718391208866
Raw EEG Phase-Locking Value Change,BetaH,,Fz,FC5,0.8190884093158527,0.6744435458605066,-0.1446448634553461,0.1446448634553461,-17.659249210492597
Raw EEG Phase-Locking Value Change,BetaH,,Fz,FC6,0.8141031322448795,0.7139638047274091,-0.10013932751747046,0.10013932751747046,-12.30057022890177
Raw EEG Phase-Locking Value Change,BetaH,,Fz,C3,0.729360859152173,0.5613094660235972,-0.16805139312857575,0.16805139312857575,-23.04091191895365
Raw EEG Phase-Locking Value Change,BetaH,,Fz,Cz,0.834384485904958,0.7424342636565967,-0.09195022224836125,0.09195022224836125,-11.020126069174662
Raw EEG Phase-Locking Value Change,BetaH,,Fz,C4,0.7483553201782491,0.6078836191055239,-0.14047170107272522,0.14047170107272522,-18.77072258125546
Raw EEG Phase-Locking Value Change,BetaH,,Fz,FT9,0.6577695570312292,0.43513436852964515,-0.22263518850158404,0.22263518850158404,-33.84698883092486
Raw EEG Phase-Locking Value Change,BetaH,,Fz,FT10,0.5899660135164515,0.45344028252710955,-0.13652573098934195,0.13652573098934195,-23.141287440540818
Raw EEG Phase-Locking Value Change,BetaH,,Fz,T7,0.741719824397174,0.42244160486662796,-0.319278219530546,0.319278219530546,-43.045663474080186
Raw EEG Phase-Locking Value Change,BetaH,,Fz,T8,0.6290119740828749,0.5579933686678215,-0.07101860541505345,0.07101860541505345,-11.290501348341019
Raw EEG Phase-Locking Value Change,BetaH,,Fz,CP1,0.47621722281165774,0.26543861488456433,-0.2107786079270934,0.2107786079270934,-44.261021615855256
Raw EEG Phase-Locking Value Change,BetaH,,Fz,CP2,0.5026869789149554,0.37893668688112575,-0.12375029203382965,0.12375029203382965,-24.617763583402013
Raw EEG Phase-Locking Value Change,BetaH,,Fz,CP5,0.521427729050115,0.2147722638568357,-0.30665546519327935,0.30665546519327935,-58.81073217028823
Raw EEG Phase-Locking Value Change,BetaH,,Fz,CP6,0.5252671482204997,0.39073901474224654,-0.13452813347825315,0.13452813347825315,-25.61137393305628
Raw EEG Phase-Locking Value Change,BetaH,,Fz,P3,0.43019222735639595,0.1046366602503128,-0.32555556710608313,0.32555556710608313,-75.67676643222431
Raw EEG Phase-Locking Value Change,BetaH,,Fz,Pz,0.460245301581479,0.25200953342845384,-0.2082357681530252,0.2082357681530252,-45.24451796411449
Raw EEG Phase-Locking Value Change,BetaH,,Fz,P4,0.47755795577969457,0.26132136485787005,-0.2162365909218245,0.2162365909218245,-45.27965418747584
Raw EEG Phase-Locking Value Change,BetaH,,Fz,P7,0.14446351925928066,0.20129712428999888,0.056833605030718215,0.056833605030718215,39.341146693729804
Raw EEG Phase-Locking Value Change,BetaH,,Fz,P8,0.28836320653512276,0.18530473289845856,-0.1030584736366642,0.1030584736366642,-35.73912042211656
Raw EEG Phase-Locking Value Change,BetaH,,Fz,O1,0.259132739787789,0.13581705100911498,-0.12331568877867402,0.12331568877867402,-47.58784585832754
Raw EEG Phase-Locking Value Change,BetaH,,Fz,Oz,0.28296610602229766,0.06424887908183878,-0.21871722694045886,0.21871722694045886,-77.29449650878823
Raw EEG Phase-Locking Value Change,BetaH,,Fz,O2,0.2912482978301635,0.020967998291823157,-0.2702802995383403,0.2702802995383403,-92.8006452061566
Raw EEG Phase-Locking Value Change,BetaH,,Fz,PO9,0.10799216981883344,0.2885511333479421,0.18055896352910863,0.18055896352910863,167.1963475055761
Raw EEG Phase-Locking Value Change,BetaH,,Fz,PO10,0.26859143035582306,0.045988956511639645,-0.2226024738441834,0.2226024738441834,-82.87772753929094
Raw EEG Phase-Locking Value Change,BetaH,,F4,F8,0.8294211974059493,0.7634128319666852,-0.06600836543926414,0.06600836543926414,-7.958364899005254
Raw EEG Phase-Locking Value Change,BetaH,,F4,FC1,0.7938357048157072,0.6943733225327062,-0.09946238228300097,0.09946238228300097,-12.52934098071233
Raw EEG Phase-Locking Value Change,BetaH,,F4,FC2,0.8890855884053902,0.8317488994538783,-0.057336688951511894,0.057336688951511894,-6.448950438432759
Raw EEG Phase-Locking Value Change,BetaH,,F4,FC5,0.7109970257652796,0.5318182196968897,-0.17917880606838987,0.17917880606838987,-25.201062673297585
Raw EEG Phase-Locking Value Change,BetaH,,F4,FC6,0.9107756424451561,0.8454794631992777,-0.06529617924587838,0.06529617924587838,-7.169293534308621
Raw EEG Phase-Locking Value Change,BetaH,,F4,C3,0.6273701262302256,0.42895338447823295,-0.19841674175199264,0.19841674175199264,-31.626743680680104
Raw EEG Phase-Locking Value Change,BetaH,,F4,Cz,0.7539595843931393,0.6201281421651973,-0.13383144222794197,0.13383144222794197,-17.750479601060135
Raw EEG Phase-Locking Value Change,BetaH,,F4,C4,0.7709592401895236,0.677043343395333,-0.09391589679419055,0.09391589679419055,-12.181694167269253
Raw EEG Phase-Locking Value Change,BetaH,,F4,FT9,0.6248467773544261,0.44701109721572424,-0.17783568013870182,0.17783568013870182,-28.46068613679186
Raw EEG Phase-Locking Value Change,BetaH,,F4,FT10,0.682208445037585,0.582258855102538,-0.09994958993504699,0.09994958993504699,-14.65088722692966
Raw EEG Phase-Locking Value Change,BetaH,,F4,T7,0.6434118644829555,0.32165128649901087,-0.32176057798394464,0.32176057798394464,-50.008493120112234
Raw EEG Phase-Locking Value Change,BetaH,,F4,T8,0.7167626806937797,0.6859722199807938,-0.030790460712985857,0.030790460712985857,-4.295767838133354
Raw EEG Phase-Locking Value Change,BetaH,,F4,CP1,0.42682240074847166,0.21926969516755143,-0.20755270558092023,0.20755270558092023,-48.62741627828291
Raw EEG Phase-Locking Value Change,BetaH,,F4,CP2,0.4590969658253114,0.3667888241135555,-0.09230814171175589,0.09230814171175589,-20.106458674980566
Raw EEG Phase-Locking Value Change,BetaH,,F4,CP5,0.4222467642166388,0.12605534405230792,-0.29619142016433087,0.29619142016433087,-70.14652219155107
Raw EEG Phase-Locking Value Change,BetaH,,F4,CP6,0.5647857237639359,0.47509506311264976,-0.08969066065128611,0.08969066065128611,-15.88047588270383
Raw EEG Phase-Locking Value Change,BetaH,,F4,P3,0.3658243333321088,0.0788589311453601,-0.2869654021867487,0.2869654021867487,-78.44349761343813
Raw EEG Phase-Locking Value Change,BetaH,,F4,Pz,0.41007662635048214,0.2223435665394395,-0.18773305981104263,0.18773305981104263,-45.779995188165614
Raw EEG Phase-Locking Value Change,BetaH,,F4,P4,0.4425976696982208,0.2797893675282366,-0.1628083021699842,0.1628083021699842,-36.78471743445754
Raw EEG Phase-Locking Value Change,BetaH,,F4,P7,0.10271568129405897,0.25598288421681586,0.1532672029227569,0.1532672029227569,149.21499910415508
Raw EEG Phase-Locking Value Change,BetaH,,F4,P8,0.3089457453111069,0.2504753436441801,-0.0584704016669268,0.0584704016669268,-18.92578310410049
Raw EEG Phase-Locking Value Change,BetaH,,F4,O1,0.2192608952483653,0.14607539086711377,-0.07318550438125154,0.07318550438125154,-33.37827490777664
Raw EEG Phase-Locking Value Change,BetaH,,F4,Oz,0.249865283886118,0.06546567090713053,-0.1843996129789875,0.1843996129789875,-73.79961317996938
Raw EEG Phase-Locking Value Change,BetaH,,F4,O2,0.26519019000825034,0.009201890962400844,-0.2559882990458495,0.2559882990458495,-96.53007867217316
Raw EEG Phase-Locking Value Change,BetaH,,F4,PO9,0.09291159108594374,0.2390353138952481,0.14612372280930436,0.14612372280930436,157.2717904207873
Raw EEG Phase-Locking Value Change,BetaH,,F4,PO10,0.27742758444375454,0.08443347648017861,-0.1929941079635759,0.1929941079635759,-69.56557991539712
Raw EEG Phase-Locking Value Change,BetaH,,F8,FC1,0.6147025836035811,0.462635110676324,-0.15206747292725709,0.15206747292725709,-24.738381940057813
Raw EEG Phase-Locking Value Change,BetaH,,F8,FC2,0.7139167581866988,0.5720889258926525,-0.14182783229404627,0.14182783229404627,-19.866158157469165
Raw EEG Phase-Locking Value Change,BetaH,,F8,FC5,0.5559164223833318,0.3753709807953962,-0.18054544158793562,0.18054544158793562,-32.477083661946686
Raw EEG Phase-Locking Value Change,BetaH,,F8,FC6,0.8488268870005827,0.7535653702965831,-0.09526151670399963,0.09526151670399963,-11.222726113285125
Raw EEG Phase-Locking Value Change,BetaH,,F8,C3,0.4664810281434211,0.2536087413693597,-0.2128722867740614,0.2128722867740614,-45.63364294176893
Raw EEG Phase-Locking Value Change,BetaH,,F8,Cz,0.5657743062060324,0.3885698187859402,-0.1772044874200922,0.1772044874200922,-31.320702526841405
Raw EEG Phase-Locking Value Change,BetaH,,F8,C4,0.6483678021723698,0.545451554115996,-0.10291624805637378,0.10291624805637378,-15.873127522919978
Raw EEG Phase-Locking Value Change,BetaH,,F8,FT9,0.5835483519506057,0.5103534037297349,-0.0731949482208708,0.0731949482208708,-12.543081987328852
Raw EEG Phase-Locking Value Change,BetaH,,F8,FT10,0.8170751643079112,0.7873261970904867,-0.029748967217424482,0.029748967217424482,-3.640909492411608
Raw EEG Phase-Locking Value Change,BetaH,,F8,T7,0.49670864510196855,0.2106258869435058,-0.28608275815846274,0.28608275815846274,-57.59568732687011
Raw EEG Phase-Locking Value Change,BetaH,,F8,T8,0.7510983463790807,0.703910375217815,-0.04718797116126572,0.04718797116126572,-6.282528964249625
Raw EEG Phase-Locking Value Change,BetaH,,F8,CP1,0.32028012375193976,0.12287816911862239,-0.1974019546333174,0.1974019546333174,-61.634157099991384
Raw EEG Phase-Locking Value Change,BetaH,,F8,CP2,0.35394374550511204,0.2399402363002948,-0.11400350920481725,0.11400350920481725,-32.20949957517209
Raw EEG Phase-Locking Value Change,BetaH,,F8,CP5,0.27918922483630854,0.12868848120393572,-0.1505007436323728,0.1505007436323728,-53.90635821300514
Raw EEG Phase-Locking Value Change,BetaH,,F8,CP6,0.5244186033365436,0.44445945563530975,-0.0799591477012338,0.0799591477012338,-15.247198934687741
Raw EEG Phase-Locking Value Change,BetaH,,F8,P3,0.25508786924269344,0.14248138389910336,-0.11260648534359008,0.11260648534359008,-44.14419457808675
Raw EEG Phase-Locking Value Change,BetaH,,F8,Pz,0.30577893488006075,0.1261364726033917,-0.17964246227666905,0.17964246227666905,-58.74912944776013
Raw EEG Phase-Locking Value Change,BetaH,,F8,P4,0.3474303933035406,0.1976853441406531,-0.14974504916288747,0.14974504916288747,-43.100733858957256
Raw EEG Phase-Locking Value Change,BetaH,,F8,P7,0.1093653658534762,0.3560491832598658,0.2466838174063896,0.2466838174063896,225.55935828613946
Raw EEG Phase-Locking Value Change,BetaH,,F8,P8,0.31337325218363293,0.2690022195889077,-0.044371032594725246,0.044371032594725246,-14.159163963593281
Raw EEG Phase-Locking Value Change,BetaH,,F8,O1,0.15384043667319627,0.19048719110352422,0.036646754430327944,0.036646754430327944,23.821275617006183
Raw EEG Phase-Locking Value Change,BetaH,,F8,Oz,0.18838927523548643,0.10926181512125138,-0.07912746011423505,0.07912746011423505,-42.002104427295976
Raw EEG Phase-Locking Value Change,BetaH,,F8,O2,0.2109305960563159,0.04535725689598731,-0.16557333916032857,0.16557333916032857,-78.49659663225079
Raw EEG Phase-Locking Value Change,BetaH,,F8,PO9,0.08141719266526419,0.1560197758477287,0.0746025831824645,0.0746025831824645,91.63001172145908
Raw EEG Phase-Locking Value Change,BetaH,,F8,PO10,0.28792103879603953,0.16588985460702851,-0.12203118418901102,0.12203118418901102,-42.38355929087097
Raw EEG Phase-Locking Value Change,BetaH,,FC1,FC2,0.8796635783811365,0.8202809581071362,-0.05938262027400032,0.05938262027400032,-6.750605769456025
Raw EEG Phase-Locking Value Change,BetaH,,FC1,FC5,0.8452332641548339,0.7104114056672008,-0.13482185848763306,0.13482185848763306,-15.950846258097071
Raw EEG Phase-Locking Value Change,BetaH,,FC1,FC6,0.7464787858390719,0.6314291523625285,-0.1150496334765434,0.1150496334765434,-15.41231119478138
Raw EEG Phase-Locking Value Change,BetaH,,FC1,C3,0.8470869960771374,0.7194928343180819,-0.12759416175905558,0.12759416175905558,-15.062698677933264
Raw EEG Phase-Locking Value Change,BetaH,,FC1,Cz,0.841048672201529,0.8222804597005562,-0.018768212500972825,0.018768212500972825,-2.231525133003914
Raw EEG Phase-Locking Value Change,BetaH,,FC1,C4,0.7640365809410713,0.6065565607297589,-0.15748002021131235,0.15748002021131235,-20.611581191222896
Raw EEG Phase-Locking Value Change,BetaH,,FC1,FT9,0.6079823472715248,0.32506148078295827,-0.2829208664885665,0.2829208664885665,-46.534388335162326
Raw EEG Phase-Locking Value Change,BetaH,,FC1,FT10,0.5233554668775487,0.3389714920154614,-0.18438397486208735,0.18438397486208735,-35.23111661795792
Raw EEG Phase-Locking Value Change,BetaH,,FC1,T7,0.8042413259835404,0.46366891087831047,-0.3405724151052299,0.3405724151052299,-42.347042374218915
Raw EEG Phase-Locking Value Change,BetaH,,FC1,T8,0.5961479250385225,0.49594617257052676,-0.10020175246799579,0.10020175246799579,-16.808202840179447
Raw EEG Phase-Locking Value Change,BetaH,,FC1,CP1,0.609088228163102,0.43455791912755787,-0.17453030903554417,0.17453030903554417,-28.654355964470934
Raw EEG Phase-Locking Value Change,BetaH,,FC1,CP2,0.6284870665932384,0.49443454123700037,-0.13405252535623802,0.13405252535623802,-21.329400791472107
Raw EEG Phase-Locking Value Change,BetaH,,FC1,CP5,0.6553524049535685,0.3855328550045233,-0.2698195499490452,0.2698195499490452,-41.17167311961903
Raw EEG Phase-Locking Value Change,BetaH,,FC1,CP6,0.5615954570711624,0.41021926887163934,-0.1513761881995231,0.1513761881995231,-26.95466750906097
Raw EEG Phase-Locking Value Change,BetaH,,FC1,P3,0.5761710394004742,0.27420458488824895,-0.30196645451222526,0.30196645451222526,-52.40916912908912
Raw EEG Phase-Locking Value Change,BetaH,,FC1,Pz,0.5943311084679879,0.40606305670304943,-0.18826805176493844,0.18826805176493844,-31.677300595999174
Raw EEG Phase-Locking Value Change,BetaH,,FC1,P4,0.5956418200480902,0.3578467084127444,-0.23779511163534578,0.23779511163534578,-39.92250101179044
Raw EEG Phase-Locking Value Change,BetaH,,FC1,P7,0.265932633750184,0.07556374186224617,-0.19036889188793782,0.19036889188793782,-71.58538205836354
Raw EEG Phase-Locking Value Change,BetaH,,FC1,P8,0.34325350335625254,0.21961997030745115,-0.1236335330488014,0.1236335330488014,-36.01814164748257
Raw EEG Phase-Locking Value Change,BetaH,,FC1,O1,0.38953050929516136,0.012907305842797173,-0.3766232034523642,0.3766232034523642,-96.68644546837875
Raw EEG Phase-Locking Value Change,BetaH,,FC1,Oz,0.4081024028232424,0.046151222674558644,-0.36195118014868377,0.36195118014868377,-88.69126416426721
Raw EEG Phase-Locking Value Change,BetaH,,FC1,O2,0.40224467092296456,0.07554693227559561,-0.32669773864736895,0.32669773864736895,-81.21866174081299
Raw EEG Phase-Locking Value Change,BetaH,,FC1,PO9,0.19996602402886962,0.2770467618515549,0.07708073782268529,0.07708073782268529,38.54691725608193
Raw EEG Phase-Locking Value Change,BetaH,,FC1,PO10,0.3284573354121647,0.08016991576835923,-0.24828741964380546,0.24828741964380546,-75.59198497797043
Raw EEG Phase-Locking Value Change,BetaH,,FC2,FC5,0.7624464845474072,0.5833297986964726,-0.17911668585093454,0.17911668585093454,-23.492361691097482
Raw EEG Phase-Locking Value Change,BetaH,,FC2,FC6,0.8618601081581928,0.7666195781465571,-0.09524053001163568,0.09524053001163568,-11.050578755195671
Raw EEG Phase-Locking Value Change,BetaH,,FC2,C3,0.7450046858914028,0.5523141209086879,-0.19269056498271486,0.19269056498271486,-25.86434268559793
Raw EEG Phase-Locking Value Change,BetaH,,FC2,Cz,0.8415696062209396,0.8141835098286907,-0.02738609639224887,0.02738609639224887,-3.2541688993767113
Raw EEG Phase-Locking Value Change,BetaH,,FC2,C4,0.8486457851991952,0.7217706725114126,-0.12687511268778262,0.12687511268778262,-14.95030257623943
Raw EEG Phase-Locking Value Change,BetaH,,FC2,FT9,0.5967418925514758,0.35120627185382525,-0.24553562069765056,0.24553562069765056,-41.1460337815097
Raw EEG Phase-Locking Value Change,BetaH,,FC2,FT10,0.6046936623786118,0.42681240016393235,-0.17788126221467943,0.17788126221467943,-29.41675649699535
Raw EEG Phase-Locking Value Change,BetaH,,FC2,T7,0.7166088773896756,0.36085813207401957,-0.35575074531565604,0.35575074531565604,-49.64364195591829
Raw EEG Phase-Locking Value Change,BetaH,,FC2,T8,0.6930690535652475,0.6080237243073925,-0.08504532925785502,0.08504532925785502,-12.27083056448265
Raw EEG Phase-Locking Value Change,BetaH,,FC2,CP1,0.5631463257822351,0.35446263611999423,-0.20868368966224088,0.20868368966224088,-37.05674353328507
Raw EEG Phase-Locking Value Change,BetaH,,FC2,CP2,0.5950639878417696,0.4841022254118524,-0.11096176242991723,0.11096176242991723,-18.647030352544622
Raw EEG Phase-Locking Value Change,BetaH,,FC2,CP5,0.5440405099407974,0.22763047948123144,-0.316410030459566,0.316410030459566,-58.15927760489707
Raw EEG Phase-Locking Value Change,BetaH,,FC2,CP6,0.6303969655188016,0.4832242530365665,-0.14717271248223512,0.14717271248223512,-23.346037581433393
Raw EEG Phase-Locking Value Change,BetaH,,FC2,P3,0.5055611325376439,0.17812345736263446,-0.32743767517500943,0.32743767517500943,-64.7671773206633
Raw EEG Phase-Locking Value Change,BetaH,,FC2,Pz,0.547030512504328,0.34856131252881034,-0.19846919997551765,0.19846919997551765,-36.28119372481026
Raw EEG Phase-Locking Value Change,BetaH,,FC2,P4,0.5738713502105646,0.36006526772510716,-0.2138060824854574,0.2138060824854574,-37.25679673798105
Raw EEG Phase-Locking Value Change,BetaH,,FC2,P7,0.19447070296608793,0.14475224406999418,-0.04971845889609375,0.04971845889609375,-25.56604061063312
Raw EEG Phase-Locking Value Change,BetaH,,FC2,P8,0.3693344198133867,0.2531741611549168,-0.1161602586584699,0.1161602586584699,-31.4512410506343
Raw EEG Phase-Locking Value Change,BetaH,,FC2,O1,0.3398302278743561,0.06360098721527047,-0.2762292406590856,0.2762292406590856,-81.2844820741534
Raw EEG Phase-Locking Value Change,BetaH,,FC2,Oz,0.3684339632131716,0.022617452738552223,-0.3458165104746194,0.3458165104746194,-93.86119223610609
Raw EEG Phase-Locking Value Change,BetaH,,FC2,O2,0.37673981249285654,0.05178073312625088,-0.3249590793666057,0.3249590793666057,-86.2555717741584
Raw EEG Phase-Locking Value Change,BetaH,,FC2,PO9,0.1706453825618936,0.24265335445355615,0.07200797189166255,0.07200797189166255,42.19743353767281
Raw EEG Phase-Locking Value Change,BetaH,,FC2,PO10,0.33420981558905394,0.06613129831523766,-0.26807851727381626,0.26807851727381626,-80.2126403143847
Raw EEG Phase-Locking Value Change,BetaH,,FC5,FC6,0.6445211124930711,0.4340559011049591,-0.21046521138811197,0.21046521138811197,-32.654510039866935
Raw EEG Phase-Locking Value Change,BetaH,,FC5,C3,0.799204677023408,0.7097296707966426,-0.08947500622676541,0.08947500622676541,-11.19550583212425
Raw EEG Phase-Locking Value Change,BetaH,,FC5,Cz,0.7226605504584823,0.5673954782150818,-0.15526507224340047,0.15526507224340047,-21.48520105945933
Raw EEG Phase-Locking Value Change,BetaH,,FC5,C4,0.6209795185826595,0.3649754318166762,-0.25600408676598335,0.25600408676598335,-41.22585030667259
Raw EEG Phase-Locking Value Change,BetaH,,FC5,FT9,0.7015002002792635,0.4435425081314085,-0.257957692147855,0.257957692147855,-36.77229059167245
Raw EEG Phase-Locking Value Change,BetaH,,FC5,FT10,0.47109514252947154,0.2694205927534486,-0.20167454977602295,0.20167454977602295,-42.8097281354172
Raw EEG Phase-Locking Value Change,BetaH,,FC5,T7,0.8854293256874942,0.6923888737759247,-0.1930404519115695,0.1930404519115695,-21.801904038098428
Raw EEG Phase-Locking Value Change,BetaH,,FC5,T8,0.497731597499852,0.31449601948611666,-0.18323557801373536,0.18323557801373536,-36.81413415064328
Raw EEG Phase-Locking Value Change,BetaH,,FC5,CP1,0.46980867386600234,0.24150470416240874,-0.2283039697035936,0.2283039697035936,-48.59509464244372
Raw EEG Phase-Locking Value Change,BetaH,,FC5,CP2,0.48396995290793254,0.2475329926516528,-0.23643696025627975,0.23643696025627975,-48.85364449500402
Raw EEG Phase-Locking Value Change,BetaH,,FC5,CP5,0.647074146694196,0.42921983092298677,-0.21785431577120928,0.21785431577120928,-33.66759696461279
Raw EEG Phase-Locking Value Change,BetaH,,FC5,CP6,0.43002688206160594,0.19419494420438033,-0.23583193785722562,0.23583193785722562,-54.84120823484709
Raw EEG Phase-Locking Value Change,BetaH,,FC5,P3,0.4560590440053263,0.1260302465199942,-0.3300287974853321,0.3300287974853321,-72.36536624443691
Raw EEG Phase-Locking Value Change,BetaH,,FC5,Pz,0.45465753359393796,0.1919905587870548,-0.26266697480688317,0.26266697480688317,-57.77248926913753
Raw EEG Phase-Locking Value Change,BetaH,,FC5,P4,0.4511077459074792,0.12669443936588676,-0.32441330654159245,0.32441330654159245,-71.91481624616763
Raw EEG Phase-Locking Value Change,BetaH,,FC5,P7,0.1894853431646244,0.1094640292852316,-0.08002131387939279,0.08002131387939279,-42.23087260626299
Raw EEG Phase-Locking Value Change,BetaH,,FC5,P8,0.2421527656876537,0.0501396525983871,-0.1920131130892666,0.1920131130892666,-79.29420609506444
Raw EEG Phase-Locking Value Change,BetaH,,FC5,O1,0.2614794073037367,0.17375391515932104,-0.08772549214441566,0.08772549214441566,-33.5496753067491
Raw EEG Phase-Locking Value Change,BetaH,,FC5,Oz,0.2748262872702544,0.1389920027594651,-0.13583428451078927,0.13583428451078927,-49.425506511760524
Raw EEG Phase-Locking Value Change,BetaH,,FC5,O2,0.27883704665897324,0.11383038756463099,-0.16500665909434226,0.16500665909434226,-59.176734609497835
Raw EEG Phase-Locking Value Change,BetaH,,FC5,PO9,0.09220954147387213,0.39907753685539993,0.3068679953815278,0.3068679953815278,332.7941886236142
Raw EEG Phase-Locking Value Change,BetaH,,FC5,PO10,0.23744733788480663,0.145762075146903,-0.09168526273790362,0.09168526273790362,-38.612882988978
Raw EEG Phase-Locking Value Change,BetaH,,FC6,C3,0.5955972495167303,0.38778359114287686,-0.20781365837385346,0.20781365837385346,-34.891641716356844
Raw EEG Phase-Locking Value Change,BetaH,,FC6,Cz,0.706255247070146,0.5837722894603089,-0.12248295760983707,0.12248295760983707,-17.342590815140795
Raw EEG Phase-Locking Value Change,BetaH,,FC6,C4,0.8364530201307571,0.8301522501340628,-0.0063007699966942665,0.0063007699966942665,-0.7532724307348797
Raw EEG Phase-Locking Value Change,BetaH,,FC6,FT9,0.5782538889348886,0.380433096262923,-0.19782079267196562,0.19782079267196562,-34.210023738247656
Raw EEG Phase-Locking Value Change,BetaH,,FC6,FT10,0.7379257917354144,0.636510587943541,-0.10141520379187341,0.10141520379187341,-13.743279463558329
Raw EEG Phase-Locking Value Change,BetaH,,FC6,T7,0.5967699687238385,0.24642689733742254,-0.35034307138641596,0.35034307138641596,-58.70655189563348
Raw EEG Phase-Locking Value Change,BetaH,,FC6,T8,0.8321045545888632,0.8600267338824047,0.02792217929354146,0.02792217929354146,3.3556094771452853
Raw EEG Phase-Locking Value Change,BetaH,,FC6,CP1,0.4582729341206189,0.2932082918702452,-0.1650646422503737,0.1650646422503737,-36.018850331433306
Raw EEG Phase-Locking Value Change,BetaH,,FC6,CP2,0.49742399497932416,0.4850014952625144,-0.012422499716809754,0.012422499716809754,-2.497366400132367
Raw EEG Phase-Locking Value Change,BetaH,,FC6,CP5,0.4015922284193178,0.11430115689426583,-0.28729107152505196,0.28729107152505196,-71.53800576665552
Raw EEG Phase-Locking Value Change,BetaH,,FC6,CP6,0.6735739060699867,0.6798793446243119,0.006305438554325193,0.006305438554325193,0.936116808787132
Raw EEG Phase-Locking Value Change,BetaH,,FC6,P3,0.3850601078151312,0.11750530643495834,-0.2675548013801729,0.2675548013801729,-69.48390548642004
Raw EEG Phase-Locking Value Change,BetaH,,FC6,Pz,0.4423291158012081,0.3192209500356761,-0.12310816576553202,0.12310816576553202,-27.831802467387064
Raw EEG Phase-Locking Value Change,BetaH,,FC6,P4,0.4902059004854547,0.4242673735789725,-0.06593852690648222,0.06593852690648222,-13.451189967559099
Raw EEG Phase-Locking Value Change,BetaH,,FC6,P7,0.10910587284345093,0.2244321912518802,0.11532631840842926,0.11532631840842926,105.70129306779265
Raw EEG Phase-Locking Value Change,BetaH,,FC6,P8,0.39235376322295923,0.41785218870978474,0.025498425486825516,0.025498425486825516,6.498835458431875
Raw EEG Phase-Locking Value Change,BetaH,,FC6,O1,0.25117519055198645,0.06346081966490211,-0.18771437088708434,0.18771437088708434,-74.73443952587849
Raw EEG Phase-Locking Value Change,BetaH,,FC6,Oz,0.2893892801899983,0.047908002238512694,-0.24148127795148563,0.24148127795148563,-83.4451358367322
Raw EEG Phase-Locking Value Change,BetaH,,FC6,O2,0.3138668490565331,0.11044719839371277,-0.20341965066282036,0.20341965066282036,-64.81081110486465
Raw EEG Phase-Locking Value Change,BetaH,,FC6,PO9,0.12835262290752786,0.18169805894631566,0.0533454360387878,0.0533454360387878,41.56162517786701
Raw EEG Phase-Locking Value Change,BetaH,,FC6,PO10,0.3402551804148153,0.2082352743784198,-0.1320199060363955,0.1320199060363955,-38.80026334219102
Raw EEG Phase-Locking Value Change,BetaH,,C3,Cz,0.7267416625234688,0.6418526932497817,-0.08488896927368716,0.08488896927368716,-11.680762731962657
Raw EEG Phase-Locking Value Change,BetaH,,C3,C4,0.6750700611004072,0.410116752060866,-0.26495330903954123,0.26495330903954123,-39.248268336422804
Raw EEG Phase-Locking Value Change,BetaH,,C3,FT9,0.5131240313394612,0.23820327290829366,-0.2749207584311675,0.2749207584311675,-53.57783725574364
Raw EEG Phase-Locking Value Change,BetaH,,C3,FT10,0.4023114064389954,0.18259321151783633,-0.21971819492115904,0.21971819492115904,-54.61396107705838
Raw EEG Phase-Locking Value Change,BetaH,,C3,T7,0.8191271204476916,0.5619915900181173,-0.2571355304295744,0.2571355304295744,-31.391407268878808
Raw EEG Phase-Locking Value Change,BetaH,,C3,T8,0.4843837805484469,0.2850384701880241,-0.1993453103604228,0.1993453103604228,-41.154414818496335
Raw EEG Phase-Locking Value Change,BetaH,,C3,CP1,0.6966323412370913,0.5093874364400887,-0.18724490479700262,0.18724490479700262,-26.878583395150734
Raw EEG Phase-Locking Value Change,BetaH,,C3,CP2,0.6985139812111613,0.4500045661021466,-0.24850941510901464,0.24850941510901464,-35.57687058433982
Raw EEG Phase-Locking Value Change,BetaH,,C3,CP5,0.8001030133545558,0.6563468973080891,-0.14375611604646665,0.14375611604646665,-17.967200928758768
Raw EEG Phase-Locking Value Change,BetaH,,C3,CP6,0.5166715126757446,0.26576288681604404,-0.2509086258597006,0.2509086258597006,-48.56250435799953
Raw EEG Phase-Locking Value Change,BetaH,,C3,P3,0.6990174292056798,0.41572778741151295,-0.2832896417941668,0.2832896417941668,-40.526835234434664
Raw EEG Phase-Locking Value Change,BetaH,,C3,Pz,0.6832815630157406,0.4439921740468093,-0.23928938896893132,0.23928938896893132,-35.020612573358555
Raw EEG Phase-Locking Value Change,BetaH,,C3,P4,0.6568386091046634,0.3090090433497377,-0.3478295657549257,0.3478295657549257,-52.95510357240603
Raw EEG Phase-Locking Value Change,BetaH,,C3,P7,0.40679249419146507,0.16679522179976183,-0.23999727239170324,0.23999727239170324,-58.99746819781382
Raw EEG Phase-Locking Value Change,BetaH,,C3,P8,0.34418500379127914,0.12792605116058745,-0.2162589526306917,0.2162589526306917,-62.83218334574378
Raw EEG Phase-Locking Value Change,BetaH,,C3,O1,0.49447208826715205,0.06007454245027896,-0.43439754581687307,0.43439754581687307,-87.85077178758327
Raw EEG Phase-Locking Value Change,BetaH,,C3,Oz,0.497833540055608,0.08142417811226363,-0.4164093619433443,0.4164093619433443,-83.64429642422874
Raw EEG Phase-Locking Value Change,BetaH,,C3,O2,0.4732851841906082,0.08426898605575739,-0.38901619813485083,0.38901619813485083,-82.19488188715002
Raw EEG Phase-Locking Value Change,BetaH,,C3,PO9,0.2736116380515583,0.3231921276859622,0.049580489634403924,0.049580489634403924,18.120753191449104
Raw EEG Phase-Locking Value Change,BetaH,,C3,PO10,0.3450856714335325,0.13557972866502177,-0.20950594276851076,0.20950594276851076,-60.711284214784904
Raw EEG Phase-Locking Value Change,BetaH,,Cz,C4,0.7405182249753739,0.6204952609400378,-0.12002296403533608,0.12002296403533608,-16.20796895840443
Raw EEG Phase-Locking Value Change,BetaH,,Cz,FT9,0.5282086034514547,0.25611176626179555,-0.27209683718965916,0.27209683718965916,-51.51313996245167
Raw EEG Phase-Locking Value Change,BetaH,,Cz,FT10,0.4581814666549424,0.277762639140751,-0.18041882751419142,0.18041882751419142,-39.37715526369496
Raw EEG Phase-Locking Value Change,BetaH,,Cz,T7,0.6738961938084571,0.36410851232120145,-0.30978768148725566,0.30978768148725566,-45.96964403916893
Raw EEG Phase-Locking Value Change,BetaH,,Cz,T8,0.5407936131235433,0.4588111639452437,-0.08198244917829967,0.08198244917829967,-15.159655585571963
Raw EEG Phase-Locking Value Change,BetaH,,Cz,CP1,0.5154109806596432,0.4786377844274873,-0.036773196232155914,0.036773196232155914,-7.134732788403563
Raw EEG Phase-Locking Value Change,BetaH,,Cz,CP2,0.5448459251570277,0.5631327717598718,0.018286846602844076,0.018286846602844076,3.356333553852624
Raw EEG Phase-Locking Value Change,BetaH,,Cz,CP5,0.5472649206537893,0.3465570464630229,-0.2007078741907664,0.2007078741907664,-36.67471943039781
Raw EEG Phase-Locking Value Change,BetaH,,Cz,CP6,0.5190700469450658,0.4150293309145827,-0.10404071603048304,0.10404071603048304,-20.043675539130827
Raw EEG Phase-Locking Value Change,BetaH,,Cz,P3,0.48008981813427737,0.3139663846358431,-0.16612343349843428,0.16612343349843428,-34.602573773387306
Raw EEG Phase-Locking Value Change,BetaH,,Cz,Pz,0.502927119701079,0.463337402125317,-0.03958971757576196,0.03958971757576196,-7.87185976355632
Raw EEG Phase-Locking Value Change,BetaH,,Cz,P4,0.5155862809630056,0.4070597728538041,-0.1085265081092015,0.1085265081092015,-21.049145820268343
Raw EEG Phase-Locking Value Change,BetaH,,Cz,P7,0.19748528668287132,0.07064198145939841,-0.12684330522347292,0.12684330522347292,-64.22924327884854
Raw EEG Phase-Locking Value Change,BetaH,,Cz,P8,0.2697362896640091,0.22417465844259502,-0.04556163122141407,0.04556163122141407,-16.89117592525903
Raw EEG Phase-Locking Value Change,BetaH,,Cz,O1,0.2875854051326513,0.05089881059582339,-0.2366865945368279,0.2366865945368279,-82.30132347211922
Raw EEG Phase-Locking Value Change,BetaH,,Cz,Oz,0.3071420830678372,0.09250201575191008,-0.2146400673159271,0.2146400673159271,-69.8829887366885
Raw EEG Phase-Locking Value Change,BetaH,,Cz,O2,0.3057503904589353,0.1100019594534287,-0.19574843100550662,0.19574843100550662,-64.02229959925339
Raw EEG Phase-Locking Value Change,BetaH,,Cz,PO9,0.10659701813554293,0.22799092562421155,0.12139390748866863,0.12139390748866863,113.88114753295518
Raw EEG Phase-Locking Value Change,BetaH,,Cz,PO10,0.23270872746550925,0.05751295529748326,-0.17519577216802598,0.17519577216802598,-75.28543259899546
Raw EEG Phase-Locking Value Change,BetaH,,C4,FT9,0.47927584191185985,0.2523655819356703,-0.22691025997618952,0.22691025997618952,-47.34439755424162
Raw EEG Phase-Locking Value Change,BetaH,,C4,FT10,0.5800258289639791,0.46765794175061653,-0.1123678872133626,0.1123678872133626,-19.37291092951326
Raw EEG Phase-Locking Value Change,BetaH,,C4,T7,0.6063971683417787,0.19769026280637134,-0.40870690553540734,0.40870690553540734,-67.3992107603397
Raw EEG Phase-Locking Value Change,BetaH,,C4,T8,0.750439049461551,0.7841896850226928,0.03375063556114177,0.03375063556114177,4.4974519363508945
Raw EEG Phase-Locking Value Change,BetaH,,C4,CP1,0.6308972495008903,0.43318127381270793,-0.1977159756881824,0.1977159756881824,-31.338855232701945
Raw EEG Phase-Locking Value Change,BetaH,,C4,CP2,0.6759675949191454,0.6512525175155525,-0.02471507740359291,0.02471507740359291,-3.656251806944852
Raw EEG Phase-Locking Value Change,BetaH,,C4,CP5,0.5050642345513242,0.16637479629531593,-0.3386894382560083,0.3386894382560083,-67.05868582377138
Raw EEG Phase-Locking Value Change,BetaH,,C4,CP6,0.7949327136773827,0.7944968936402994,-0.0004358200370833121,0.0004358200370833121,-0.05482477064847356
Raw EEG Phase-Locking Value Change,BetaH,,C4,P3,0.5533196392905635,0.245932340979986,-0.3073872983105775,0.3073872983105775,-55.553296229407806
Raw EEG Phase-Locking Value Change,BetaH,,C4,Pz,0.6187728228161657,0.4741517354240289,-0.14462108739213686,0.14462108739213686,-23.37224293949042
Raw EEG Phase-Locking Value Change,BetaH,,C4,P4,0.6740628557390468,0.5886465881917433,-0.08541626754730347,0.08541626754730347,-12.671854979110595
Raw EEG Phase-Locking Value Change,BetaH,,C4,P7,0.2307928059173175,0.11770188689882893,-0.11309091901848856,0.11309091901848856,-49.00105901004725
Raw EEG Phase-Locking Value Change,BetaH,,C4,P8,0.48433322994857786,0.4991279255303078,0.014794695581729966,0.014794695581729966,3.0546521830229847
Raw EEG Phase-Locking Value Change,BetaH,,C4,O1,0.41040488654391294,0.08321803438260907,-0.3271868521613039,0.3271868521613039,-79.72294260835884
Raw EEG Phase-Locking Value Change,BetaH,,C4,Oz,0.45108556193477245,0.1735087617026324,-0.27757680023214004,0.27757680023214004,-61.535288126175494
Raw EEG Phase-Locking Value Change,BetaH,,C4,O2,0.47097416560944677,0.23165330494023767,-0.2393208606692091,0.2393208606692091,-50.81401022485485
Raw EEG Phase-Locking Value Change,BetaH,,C4,PO9,0.23337391876710803,0.138681334128784,-0.09469258463832403,0.09469258463832403,-40.575478673270716
Raw EEG Phase-Locking Value Change,BetaH,,C4,PO10,0.41929717169333036,0.2456111249925238,-0.17368604670080656,0.17368604670080656,-41.423138152679634
Raw EEG Phase-Locking Value Change,BetaH,,FT9,FT10,0.558416826602951,0.5341947803484531,-0.024222046254497864,0.024222046254497864,-4.337628291369589
Raw EEG Phase-Locking Value Change,BetaH,,FT9,T7,0.6625799092240501,0.35743958133640724,-0.30514032788764284,0.30514032788764284,-46.05336256648558
Raw EEG Phase-Locking Value Change,BetaH,,FT9,T8,0.4838798303479728,0.3414207241852821,-0.1424591061626907,0.1424591061626907,-29.44100936388359
Raw EEG Phase-Locking Value Change,BetaH,,FT9,CP1,0.27122396548424466,0.2798476984017766,0.008623732917531934,0.008623732917531934,3.1795615487499704
Raw EEG Phase-Locking Value Change,BetaH,,FT9,CP2,0.29097222950675555,0.1859740498289334,-0.10499817967782216,0.10499817967782216,-36.08529235102981
Raw EEG Phase-Locking Value Change,BetaH,,FT9,CP5,0.36480519908169445,0.22389902576354584,-0.14090617331814861,0.14090617331814861,-38.62504527699839
Raw EEG Phase-Locking Value Change,BetaH,,FT9,CP6,0.34524650521096556,0.16622724785099313,-0.17901925735997243,0.17901925735997243,-51.852590730956514
Raw EEG Phase-Locking Value Change,BetaH,,FT9,P3,0.23430057413112723,0.36904514890659446,0.13474457477546722,0.13474457477546722,57.50928066444127
Raw EEG Phase-Locking Value Change,BetaH,,FT9,Pz,0.25800801992973565,0.2616899968330619,0.003681976903326223,0.003681976903326223,1.4270784700138197
Raw EEG Phase-Locking Value Change,BetaH,,FT9,P4,0.2742295460945636,0.16793672214127647,-0.10629282395328715,0.10629282395328715,-38.7605294422337
Raw EEG Phase-Locking Value Change,BetaH,,FT9,P7,0.13270722943809032,0.5212691314226978,0.3885619019846075,0.3885619019846075,292.79633342498255
Raw EEG Phase-Locking Value Change,BetaH,,FT9,P8,0.20616119575360672,0.0826323201538741,-0.12352887559973262,0.12352887559973262,-59.918587078515
Raw EEG Phase-Locking Value Change,BetaH,,FT9,O1,0.11184488447104025,0.4050581286354993,0.29321324416445904,0.29321324416445904,262.1606214277776
Raw EEG Phase-Locking Value Change,BetaH,,FT9,Oz,0.13447245422216692,0.32285546012024774,0.18838300589808082,0.18838300589808082,140.09040512255862
Raw EEG Phase-Locking Value Change,BetaH,,FT9,O2,0.15010858397328017,0.24706086023975551,0.09695227626647535,0.09695227626647535,64.58809596374127
Raw EEG Phase-Locking Value Change,BetaH,,FT9,PO9,0.046082608156415926,0.24210964839945281,0.19602704024303688,0.19602704024303688,425.3818264315074
Raw EEG Phase-Locking Value Change,BetaH,,FT9,PO10,0.2095502205055931,0.06874198822068747,-0.14080823228490563,0.14080823228490563,-67.1954588953283
Raw EEG Phase-Locking Value Change,BetaH,,FT10,T7,0.42836163914065484,0.13064165374464803,-0.2977199853960068,0.2977199853960068,-69.50201843313259
Raw EEG Phase-Locking Value Change,BetaH,,FT10,T8,0.77869973814318,0.6976144850998719,-0.08108525304330816,0.08108525304330816,-10.412903597047178
Raw EEG Phase-Locking Value Change,BetaH,,FT10,CP1,0.31433877326819415,0.1516144747332479,-0.16272429853494624,0.16272429853494624,-51.767173627069454
Raw EEG Phase-Locking Value Change,BetaH,,FT10,CP2,0.34621522414453715,0.20715793390481657,-0.13905729023972058,0.13905729023972058,-40.16498424739036
Raw EEG Phase-Locking Value Change,BetaH,,FT10,CP5,0.2319517368518421,0.22882492398912724,-0.0031268128627148506,0.0031268128627148506,-1.3480445997746873
Raw EEG Phase-Locking Value Change,BetaH,,FT10,CP6,0.5488049353671849,0.4538083598503804,-0.09499657551680446,0.09499657551680446,-17.30971596551802
Raw EEG Phase-Locking Value Change,BetaH,,FT10,P3,0.24692054003228645,0.21841647303982836,-0.028504066992458083,0.028504066992458083,-11.543821744732535
Raw EEG Phase-Locking Value Change,BetaH,,FT10,Pz,0.3023616910166812,0.14179662392528275,-0.16056506709139845,0.16056506709139845,-53.103641057008154
Raw EEG Phase-Locking Value Change,BetaH,,FT10,P4,0.3491770496711002,0.19821795619511637,-0.15095909347598382,0.15095909347598382,-43.23282232270892
Raw EEG Phase-Locking Value Change,BetaH,,FT10,P7,0.13881106166316287,0.4277561335797059,0.288945071916543,0.288945071916543,208.15709386165017
Raw EEG Phase-Locking Value Change,BetaH,,FT10,P8,0.40632219091627386,0.3468643165077723,-0.05945787440850159,0.05945787440850159,-14.633184142471164
Raw EEG Phase-Locking Value Change,BetaH,,FT10,O1,0.17608797132975443,0.1992825158416789,0.02319454451192446,0.02319454451192446,13.172134551137944
Raw EEG Phase-Locking Value Change,BetaH,,FT10,Oz,0.2178249645475842,0.1209205932288929,-0.09690437131869131,0.09690437131869131,-44.48726596602861
Raw EEG Phase-Locking Value Change,BetaH,,FT10,O2,0.2504754422119541,0.07321594416921322,-0.17725949804274088,0.17725949804274088,-70.769212533316
Raw EEG Phase-Locking Value Change,BetaH,,FT10,PO9,0.13096954590417845,0.06895636393969903,-0.062013181964479414,0.062013181964479414,-47.349314328271596
Raw EEG Phase-Locking Value Change,BetaH,,FT10,PO10,0.38446921018200764,0.3051194369858328,-0.07934977319617481,0.07934977319617481,-20.638784873985266
Raw EEG Phase-Locking Value Change,BetaH,,T7,T8,0.47157560182940733,0.15304912469788576,-0.3185264771315216,0.3185264771315216,-67.5451562582639
Raw EEG Phase-Locking Value Change,BetaH,,T7,CP1,0.5246169993945392,0.14513500516901512,-0.3794819942255241,0.3794819942255241,-72.33505484257743
Raw EEG Phase-Locking Value Change,BetaH,,T7,CP2,0.5320922064568505,0.11602591904544154,-0.41606628741140894,0.41606628741140894,-78.19439607694187
Raw EEG Phase-Locking Value Change,BetaH,,T7,CP5,0.7362604806648863,0.46980980370732695,-0.2664506769575593,0.2664506769575593,-36.18972958007182
Raw EEG Phase-Locking Value Change,BetaH,,T7,CP6,0.43753742078108354,0.06341996836816434,-0.3741174524129192,0.3741174524129192,-85.50524701294162
Raw EEG Phase-Locking Value Change,BetaH,,T7,P3,0.5237808144741719,0.07887472190542748,-0.4449060925687444,0.4449060925687444,-84.94127319561895
Raw EEG Phase-Locking Value Change,BetaH,,T7,Pz,0.5107466378180147,0.08950676284134482,-0.4212398749766698,0.4212398749766698,-82.4753104154085
Raw EEG Phase-Locking Value Change,BetaH,,T7,P4,0.4975491222510977,0.013963635700146061,-0.4835854865509516,0.4835854865509516,-97.19351616239028
Raw EEG Phase-Locking Value Change,BetaH,,T7,P7,0.27705703696809847,0.020420721013850854,-0.25663631595424763,0.25663631595424763,-92.62941622515
Raw EEG Phase-Locking Value Change,BetaH,,T7,P8,0.2609394063029405,0.09411320580374376,-0.16682620049919672,0.16682620049919672,-63.93292713539709
Raw EEG Phase-Locking Value Change,BetaH,,T7,O1,0.32362574438818853,0.21954861625469757,-0.10407712813349096,0.10407712813349096,-32.159718421118754
Raw EEG Phase-Locking Value Change,BetaH,,T7,Oz,0.3318464514090527,0.20554186093261578,-0.12630459047643694,0.12630459047643694,-38.06115447073042
Raw EEG Phase-Locking Value Change,BetaH,,T7,O2,0.32740597126265975,0.18504023076647694,-0.1423657404961828,0.1423657404961828,-43.48293952829914
Raw EEG Phase-Locking Value Change,BetaH,,T7,PO9,0.13221855651982445,0.4472479305715533,0.31502937405172887,0.31502937405172887,238.26411537361952
Raw EEG Phase-Locking Value Change,BetaH,,T7,PO10,0.2579335897869695,0.24270095278228632,-0.015232637004683192,0.015232637004683192,-5.905643005730278
Raw EEG Phase-Locking Value Change,BetaH,,T8,CP1,0.44805697996220295,0.27428004132513534,-0.1737769386370676,0.1737769386370676,-38.78456232324001
Raw EEG Phase-Locking Value Change,BetaH,,T8,CP2,0.48910196224729263,0.481558369161108,-0.00754359308618463,0.00754359308618463,-1.5423354777649712
Raw EEG Phase-Locking Value Change,BetaH,,T8,CP5,0.3186429681942609,0.07999326217334372,-0.23864970602091717,0.23864970602091717,-74.8956449198729
Raw EEG Phase-Locking Value Change,BetaH,,T8,CP6,0.7639386743187025,0.7756467430763506,0.011708068757648071,0.011708068757648071,1.532592752695704
Raw EEG Phase-Locking Value Change,BetaH,,T8,P3,0.3628240925728996,0.1067380215279835,-0.2560860710449161,0.2560860710449161,-70.58133026087913
Raw EEG Phase-Locking Value Change,BetaH,,T8,Pz,0.4365384408254906,0.31668142976445907,-0.11985701106103153,0.11985701106103153,-27.456232911443703
Raw EEG Phase-Locking Value Change,BetaH,,T8,P4,0.5026491846534615,0.4733121481605724,-0.029337036492889157,0.029337036492889157,-5.836483453785927
Raw EEG Phase-Locking Value Change,BetaH,,T8,P7,0.10002473298849175,0.24058249061202758,0.14055775762353584,0.14055775762353584,140.52300208560175
Raw EEG Phase-Locking Value Change,BetaH,,T8,P8,0.5425396932387622,0.5578076996293418,0.01526800639057968,0.01526800639057968,2.814173152831511
Raw EEG Phase-Locking Value Change,BetaH,,T8,O1,0.2738888603037591,0.04500094764547928,-0.2288879126582798,0.2288879126582798,-83.569632004905
Raw EEG Phase-Locking Value Change,BetaH,,T8,Oz,0.3283758781948601,0.10983370709335048,-0.21854217110150959,0.21854217110150959,-66.55244359082474
Raw EEG Phase-Locking Value Change,BetaH,,T8,O2,0.3757134698081338,0.18839731917431288,-0.18731615063382093,0.18731615063382093,-49.85611794261142
Raw EEG Phase-Locking Value Change,BetaH,,T8,PO9,0.17770026220434543,0.10550029173723428,-0.07219997046711114,0.07219997046711114,-40.6301991744307
Raw EEG Phase-Locking Value Change,BetaH,,T8,PO10,0.4620236653150241,0.3459548055677886,-0.11606885974723546,0.11606885974723546,-25.12184298353973
Raw EEG Phase-Locking Value Change,BetaH,,CP1,CP2,0.9406360669901674,0.7769456049126447,-0.1636904620775227,0.1636904620775227,-17.402103515049863
Raw EEG Phase-Locking Value Change,BetaH,,CP1,CP5,0.6468809322538979,0.5243692954481484,-0.1225116368057495,0.1225116368057495,-18.93882331310768
Raw EEG Phase-Locking Value Change,BetaH,,CP1,CP6,0.6169172771106376,0.4409622555941826,-0.17595502151645498,0.17595502151645498,-28.52165566517264
Raw EEG Phase-Locking Value Change,BetaH,,CP1,P3,0.9139716755998535,0.8283560660928027,-0.08561560950705083,0.08561560950705083,-9.367424811152928
Raw EEG Phase-Locking Value Change,BetaH,,CP1,Pz,0.9514347713021128,0.8875646045350215,-0.06387016676709134,0.06387016676709134,-6.713036846412501
Raw EEG Phase-Locking Value Change,BetaH,,CP1,P4,0.9211237009716032,0.7115849762494112,-0.20953872472219204,0.20953872472219204,-22.748163411838185
Raw EEG Phase-Locking Value Change,BetaH,,CP1,P7,0.5812460245504597,0.45583424484537594,-0.12541177970508377,0.12541177970508377,-21.576367735517543
Raw EEG Phase-Locking Value Change,BetaH,,CP1,P8,0.5430135228621088,0.4147772763844236,-0.12823624647768522,0.12823624647768522,-23.61566352929467
Raw EEG Phase-Locking Value Change,BetaH,,CP1,O1,0.8283506719593435,0.583859252385885,-0.24449141957345855,0.24449141957345855,-29.515448933620046
Raw EEG Phase-Locking Value Change,BetaH,,CP1,Oz,0.8439027476978639,0.6066973889533284,-0.23720535874453552,0.23720535874453552,-28.10813916551678
Raw EEG Phase-Locking Value Change,BetaH,,CP1,O2,0.7910858972267972,0.5626271719563161,-0.22845872527048117,0.22845872527048117,-28.879130075679264
Raw EEG Phase-Locking Value Change,BetaH,,CP1,PO9,0.5611120770537267,0.1847598391642155,-0.37635223788951117,0.37635223788951117,-67.07256059531852
Raw EEG Phase-Locking Value Change,BetaH,,CP1,PO10,0.5555864263728104,0.26235341244982885,-0.29323301392298157,0.29323301392298157,-52.77900971004211
Raw EEG Phase-Locking Value Change,BetaH,,CP2,CP5,0.6292390677330598,0.3536359152128768,-0.275603152520183,0.275603152520183,-43.79943437286722
Raw EEG Phase-Locking Value Change,BetaH,,CP2,CP6,0.6667336510168559,0.6711289951309407,0.00439534411408482,0.00439534411408482,0.6592353794324535
Raw EEG Phase-Locking Value Change,BetaH,,CP2,P3,0.8877065720398039,0.6336212161295192,-0.2540853559102847,0.2540853559102847,-28.62267374301829
Raw EEG Phase-Locking Value Change,BetaH,,CP2,Pz,0.9462429494700318,0.8466676833868072,-0.09957526608322465,0.09957526608322465,-10.523224097890967
Raw EEG Phase-Locking Value Change,BetaH,,CP2,P4,0.9384194473264,0.8556936627484261,-0.08272578457797397,0.08272578457797397,-8.815438002021754
Raw EEG Phase-Locking Value Change,BetaH,,CP2,P7,0.5394171599512839,0.24989707992569624,-0.2895200800255877,0.2895200800255877,-53.67276043864362
Raw EEG Phase-Locking Value Change,BetaH,,CP2,P8,0.5717584672889757,0.5831557662311921,0.011397298942216416,0.011397298942216416,1.993376503238743
Raw EEG Phase-Locking Value Change,BetaH,,CP2,O1,0.7943976936141927,0.448912459010512,-0.34548523460368064,0.34548523460368064,-43.49021118526423
Raw EEG Phase-Locking Value Change,BetaH,,CP2,Oz,0.8249125899246736,0.5449974906490724,-0.2799150992756012,0.2799150992756012,-33.93269816637924
Raw EEG Phase-Locking Value Change,BetaH,,CP2,O2,0.7912252639338154,0.5658630691704183,-0.22536219476339714,0.22536219476339714,-28.48268439293014
Raw EEG Phase-Locking Value Change,BetaH,,CP2,PO9,0.5311939468894227,0.12359007663194051,-0.4076038702574822,0.4076038702574822,-76.73353068956037
Raw EEG Phase-Locking Value Change,BetaH,,CP2,PO10,0.5708694176211009,0.35199478781780635,-0.21887462980329453,0.21887462980329453,-38.34057720509502
Raw EEG Phase-Locking Value Change,BetaH,,CP5,CP6,0.38576452787342247,0.10668824668046971,-0.27907628119295275,0.27907628119295275,-72.34368663479697
Raw EEG Phase-Locking Value Change,BetaH,,CP5,P3,0.7063874482844987,0.5599027546250068,-0.1464846936594919,0.1464846936594919,-20.737159757755908
Raw EEG Phase-Locking Value Change,BetaH,,CP5,Pz,0.6383728199583952,0.44516899461978415,-0.19320382533861108,0.19320382533861108,-30.265045643892353
Raw EEG Phase-Locking Value Change,BetaH,,CP5,P4,0.5826128606956068,0.24099706990882516,-0.3416157907867816,0.3416157907867816,-58.63512699992782
Raw EEG Phase-Locking Value Change,BetaH,,CP5,P7,0.5497799081045003,0.4508854816928396,-0.09889442641166069,0.09889442641166069,-17.98800300880824
Raw EEG Phase-Locking Value Change,BetaH,,CP5,P8,0.25068218381689517,0.07769688979602009,-0.1729852940208751,0.1729852940208751,-69.00581899638631
Raw EEG Phase-Locking Value Change,BetaH,,CP5,O1,0.4892128974394994,0.2112083381043578,-0.2780045593351416,0.2780045593351416,-56.826907219779955
Raw EEG Phase-Locking Value Change,BetaH,,CP5,Oz,0.46442326991171673,0.17664934003659938,-0.28777392987511735,0.28777392987511735,-61.963718986307676
Raw EEG Phase-Locking Value Change,BetaH,,CP5,O2,0.4189325426387518,0.13143119639712122,-0.2875013462416306,0.2875013462416306,-68.62712178689466
Raw EEG Phase-Locking Value Change,BetaH,,CP5,PO9,0.2615953533192338,0.2607545992349104,-0.0008407540843233807,0.0008407540843233807,-0.3213948847544626
Raw EEG Phase-Locking Value Change,BetaH,,CP5,PO10,0.2533700363173774,0.20976572248930192,-0.0436043138280755,0.0436043138280755,-17.209735792694794
Raw EEG Phase-Locking Value Change,BetaH,,CP6,P3,0.5197389986114639,0.27057887228877686,-0.24916012632268703,0.24916012632268703,-47.93947096299179
Raw EEG Phase-Locking Value Change,BetaH,,CP6,Pz,0.6106438907599626,0.5108097505085355,-0.09983414025142712,0.09983414025142712,-16.34899517739887
Raw EEG Phase-Locking Value Change,BetaH,,CP6,P4,0.7070505187010339,0.7144590799417985,0.007408561240764611,0.007408561240764611,1.047812149883623
Raw EEG Phase-Locking Value Change,BetaH,,CP6,P7,0.20836067433576758,0.09580958718104338,-0.1125510871547242,0.1125510871547242,-54.017432758617005
Raw EEG Phase-Locking Value Change,BetaH,,CP6,P8,0.6991387394200996,0.7257091133605288,0.02657037394042916,0.02657037394042916,3.800443666226813
Raw EEG Phase-Locking Value Change,BetaH,,CP6,O1,0.4358800562741575,0.18945581701944375,-0.24642423925471374,0.24642423925471374,-56.534873690049984
Raw EEG Phase-Locking Value Change,BetaH,,CP6,Oz,0.505395995968109,0.3154478389049825,-0.1899481570631265,0.1899481570631265,-37.584024918771306
Raw EEG Phase-Locking Value Change,BetaH,,CP6,O2,0.5718125541757861,0.4037090346101453,-0.16810351956564085,0.16810351956564085,-29.39836111292558
Raw EEG Phase-Locking Value Change,BetaH,,CP6,PO9,0.27590127066402026,0.046438480580133695,-0.22946279008388656,0.22946279008388656,-83.16844265763302
Raw EEG Phase-Locking Value Change,BetaH,,CP6,PO10,0.5737938848015388,0.4472921578099482,-0.12650172699159062,0.12650172699159062,-22.04654499504547
Raw EEG Phase-Locking Value Change,BetaH,,P3,Pz,0.9193693955005908,0.8003401357317593,-0.1190292597688315,0.1190292597688315,-12.94683729427613
Raw EEG Phase-Locking Value Change,BetaH,,P3,P4,0.8457904594263801,0.5722336568116173,-0.2735568026147628,0.2735568026147628,-32.34333037999632
Raw EEG Phase-Locking Value Change,BetaH,,P3,P7,0.6527325656736169,0.6055385201718043,-0.04719404550181261,0.04719404550181261,-7.230226892863631
Raw EEG Phase-Locking Value Change,BetaH,,P3,P8,0.45145160853480387,0.28561840157215007,-0.1658332069626538,0.1658332069626538,-36.733329514733406
Raw EEG Phase-Locking Value Change,BetaH,,P3,O1,0.8222225766898205,0.6684787596600374,-0.15374381702978301,0.15374381702978301,-18.69856428033624
Raw EEG Phase-Locking Value Change,BetaH,,P3,Oz,0.8049007493226735,0.6309282566442262,-0.17397249267844728,0.17397249267844728,-21.614154642649503
Raw EEG Phase-Locking Value Change,BetaH,,P3,O2,0.7237745428725917,0.5358559416578801,-0.1879186012147116,0.1879186012147116,-25.963693123121008
Raw EEG Phase-Locking Value Change,BetaH,,P3,PO9,0.5489608698356089,0.24120273869004935,-0.3077581311455595,0.3077581311455595,-56.061943219690754
Raw EEG Phase-Locking Value Change,BetaH,,P3,PO10,0.47460609338381365,0.20688133827996877,-0.26772475510384486,0.26772475510384486,-56.40988576337894
Raw EEG Phase-Locking Value Change,BetaH,,Pz,P4,0.9199023478289,0.7968170933941661,-0.12308525443473395,0.12308525443473395,-13.38025223277586
Raw EEG Phase-Locking Value Change,BetaH,,Pz,P7,0.5844307091441995,0.4073973640669134,-0.17703334507728608,0.17703334507728608,-30.29158843082042
Raw EEG Phase-Locking Value Change,BetaH,,Pz,P8,0.542160147829005,0.4941865078657036,-0.047973639963301395,0.047973639963301395,-8.84861053609423
Raw EEG Phase-Locking Value Change,BetaH,,Pz,O1,0.8350260664493883,0.5969341310323398,-0.23809193541704843,0.23809193541704843,-28.513114138991902
Raw EEG Phase-Locking Value Change,BetaH,,Pz,Oz,0.8512733420869867,0.651511363279683,-0.19976197880730373,0.19976197880730373,-23.4662556585604
Raw EEG Phase-Locking Value Change,BetaH,,Pz,O2,0.7961363509343108,0.6235807491766381,-0.1725556017576727,0.1725556017576727,-21.674126744139873
Raw EEG Phase-Locking Value Change,BetaH,,Pz,PO9,0.5649428394249735,0.18245022869408403,-0.38249261073088947,0.38249261073088947,-67.70465683222203
Raw EEG Phase-Locking Value Change,BetaH,,Pz,PO10,0.5561500402236896,0.3212156251708713,-0.2349344150528183,0.2349344150528183,-42.242991649937686
Raw EEG Phase-Locking Value Change,BetaH,,P4,P7,0.4988201677892691,0.21554888813914513,-0.28327127965012394,0.28327127965012394,-56.78825716000207
Raw EEG Phase-Locking Value Change,BetaH,,P4,P8,0.6307081349332183,0.7240108977334505,0.0933027628002322,0.0933027628002322,14.793334290846184
Raw EEG Phase-Locking Value Change,BetaH,,P4,O1,0.7714521088389872,0.4952054584397423,-0.2762466503992449,0.2762466503992449,-35.80865840330491
Raw EEG Phase-Locking Value Change,BetaH,,P4,Oz,0.822297703243762,0.6329937110676288,-0.18930399217613314,0.18930399217613314,-23.021345119824062
Raw EEG Phase-Locking Value Change,BetaH,,P4,O2,0.8205262644448428,0.6934325715841995,-0.12709369286064331,0.12709369286064331,-15.489290028593201
Raw EEG Phase-Locking Value Change,BetaH,,P4,PO9,0.5156154517602449,0.13924117914687412,-0.3763742726133708,0.3763742726133708,-72.99515003448353
Raw EEG Phase-Locking Value Change,BetaH,,P4,PO10,0.6111996486686532,0.488869166847543,-0.12233048182111017,0.12233048182111017,-20.014815467838826
Raw EEG Phase-Locking Value Change,BetaH,,P7,P8,0.18933326967352823,0.08004000610767215,-0.10929326356585609,0.10929326356585609,-57.72533467272446
Raw EEG Phase-Locking Value Change,BetaH,,P7,O1,0.6438697119498747,0.5648610016234826,-0.07900871032639212,0.07900871032639212,-12.270915817289282
Raw EEG Phase-Locking Value Change,BetaH,,P7,Oz,0.5550980296293871,0.42699867682173576,-0.1280993528076514,0.1280993528076514,-23.076888399906103
Raw EEG Phase-Locking Value Change,BetaH,,P7,O2,0.45651790962408706,0.31198935448290116,-0.1445285551411859,0.1445285551411859,-31.658901456943013
Raw EEG Phase-Locking Value Change,BetaH,,P7,PO9,0.5423354918728363,0.3106363481563089,-0.23169914371652733,0.23169914371652733,-42.722474775974064
Raw EEG Phase-Locking Value Change,BetaH,,P7,PO10,0.22151883366438122,0.1477405711671131,-0.07377826249726813,0.07377826249726813,-33.3056387471993
Raw EEG Phase-Locking Value Change,BetaH,,P8,O1,0.4675675603043024,0.33566198223726507,-0.13190557806703734,0.13190557806703734,-28.211020024826045
Raw EEG Phase-Locking Value Change,BetaH,,P8,Oz,0.562617757404482,0.5034498295992035,-0.059167927805278575,0.059167927805278575,-10.51654111989591
Raw EEG Phase-Locking Value Change,BetaH,,P8,O2,0.6915918514607241,0.6431807354596618,-0.04841111600106229,0.04841111600106229,-6.999954655164353
Raw EEG Phase-Locking Value Change,BetaH,,P8,PO9,0.36340924583396034,0.14994354176639083,-0.2134657040675695,0.2134657040675695,-58.73975594035954
Raw EEG Phase-Locking Value Change,BetaH,,P8,PO10,0.8304559770405605,0.7529565023355664,-0.07749947470499408,0.07749947470499408,-9.33215930134836
Raw EEG Phase-Locking Value Change,BetaH,,O1,Oz,0.9091276838299579,0.8563296853058285,-0.052797998524129364,0.052797998524129364,-5.807544909610808
Raw EEG Phase-Locking Value Change,BetaH,,O1,O2,0.7900651390238547,0.7139952283771774,-0.07606991064667723,0.07606991064667723,-9.628308716501973
Raw EEG Phase-Locking Value Change,BetaH,,O1,PO9,0.7159398461557748,0.5092892470451504,-0.20665059911062433,0.20665059911062433,-28.864240511298643
Raw EEG Phase-Locking Value Change,BetaH,,O1,PO10,0.5298092406379495,0.3559405991784354,-0.17386864145951414,0.17386864145951414,-32.817215730355485
Raw EEG Phase-Locking Value Change,BetaH,,Oz,O2,0.8880744648299147,0.8796991460804111,-0.00837531874950359,0.00837531874950359,-0.9430874415590413
Raw EEG Phase-Locking Value Change,BetaH,,Oz,PO9,0.6606977034233819,0.42549471544692186,-0.23520298797646,0.23520298797646,-35.599183523382024
Raw EEG Phase-Locking Value Change,BetaH,,Oz,PO10,0.6265075816121561,0.50382692954463,-0.1226806520675261,0.1226806520675261,-19.581670783909587
Raw EEG Phase-Locking Value Change,BetaH,,O2,PO9,0.5725413877425876,0.35084968793219723,-0.22169169981039033,0.22169169981039033,-38.72064178355296
Raw EEG Phase-Locking Value Change,BetaH,,O2,PO10,0.7458761263941492,0.6220557158852916,-0.12382041050885761,0.12382041050885761,-16.600666803407808
Raw EEG Phase-Locking Value Change,BetaH,,PO9,PO10,0.4639744322802676,0.34496743140996494,-0.11900700087030264,0.11900700087030264,-25.649473891357765
Raw EEG Phase-Locking Value Change,Gamma,,Fp1,Fp2,0.5664857065535644,0.47752724936099367,-0.08895845719257078,0.08895845719257078,-15.703566067674341
Raw EEG Phase-Locking Value Change,Gamma,,Fp1,F7,0.5754097149277041,0.5059471507257249,-0.06946256420197916,0.06946256420197916,-12.071844183358392
Raw EEG Phase-Locking Value Change,Gamma,,Fp1,F3,0.6382897945075322,0.5182726807039673,-0.12001711380356495,0.12001711380356495,-18.802919118605566
Raw EEG Phase-Locking Value Change,Gamma,,Fp1,Fz,0.5362872431699417,0.44023224575457376,-0.09605499741536794,0.09605499741536794,-17.911109883501272
Raw EEG Phase-Locking Value Change,Gamma,,Fp1,F4,0.47487675478880526,0.383580201578692,-0.09129655321011326,0.09129655321011326,-19.225315261159942
Raw EEG Phase-Locking Value Change,Gamma,,Fp1,F8,0.38078717910860055,0.30257099159825684,-0.0782161875103437,0.0782161875103437,-20.540656776691645
Raw EEG Phase-Locking Value Change,Gamma,,Fp1,FC1,0.42883630533722195,0.29197565952799126,-0.13686064580923069,0.13686064580923069,-31.91442611222206
Raw EEG Phase-Locking Value Change,Gamma,,Fp1,FC2,0.42503779261400615,0.30167003497142897,-0.12336775764257718,0.12336775764257718,-29.025126656116527
Raw EEG Phase-Locking Value Change,Gamma,,Fp1,FC5,0.48413306459228905,0.3640779508271372,-0.12005511376515188,0.12005511376515188,-24.797957947006957
Raw EEG Phase-Locking Value Change,Gamma,,Fp1,FC6,0.41255130960167574,0.2763833682054249,-0.13616794139625082,0.13616794139625082,-33.00630448312549
Raw EEG Phase-Locking Value Change,Gamma,,Fp1,C3,0.3379518168919367,0.18536512887858392,-0.1525866880133528,0.1525866880133528,-45.15042689122273
Raw EEG Phase-Locking Value Change,Gamma,,Fp1,Cz,0.3514025133567244,0.22072388488267433,-0.13067862847405007,0.13067862847405007,-37.18773301470168
Raw EEG Phase-Locking Value Change,Gamma,,Fp1,C4,0.33937049544585873,0.1976710419810656,-0.14169945346479312,0.14169945346479312,-41.75361599382144
Raw EEG Phase-Locking Value Change,Gamma,,Fp1,FT9,0.4313390550839304,0.3107932426888646,-0.12054581239506579,0.12054581239506579,-27.94688099170845
Raw EEG Phase-Locking Value Change,Gamma,,Fp1,FT10,0.35364087562063196,0.2500831674625372,-0.10355770815809473,0.10355770815809473,-29.283297066933574
Raw EEG Phase-Locking Value Change,Gamma,,Fp1,T7,0.41132236097731195,0.2030328386699127,-0.20828952230739925,0.20828952230739925,-50.63899803854531
Raw EEG Phase-Locking Value Change,Gamma,,Fp1,T8,0.36445316478417394,0.23938046172414282,-0.12507270306003113,0.12507270306003113,-34.317908347454775
Raw EEG Phase-Locking Value Change,Gamma,,Fp1,CP1,0.23066194766021675,0.077833247751977,-0.15282869990823975,0.15282869990823975,-66.25657220816
Raw EEG Phase-Locking Value Change,Gamma,,Fp1,CP2,0.23660513321071683,0.10130230190717386,-0.13530283130354298,0.13530283130354298,-57.18507856000081
Raw EEG Phase-Locking Value Change,Gamma,,Fp1,CP5,0.24820505756268071,0.05828351135174268,-0.18992154621093804,0.18992154621093804,-76.51800010681733
Raw EEG Phase-Locking Value Change,Gamma,,Fp1,CP6,0.2660880510191134,0.1274867721062136,-0.13860127891289983,0.13860127891289983,-52.08850167531346
Raw EEG Phase-Locking Value Change,Gamma,,Fp1,P3,0.2080997857620132,0.0787627336453558,-0.1293370521166574,0.1293370521166574,-62.15145856256174
Raw EEG Phase-Locking Value Change,Gamma,,Fp1,Pz,0.21526186595946964,0.07353590582354436,-0.14172596013592528,0.14172596013592528,-65.83886073096198
Raw EEG Phase-Locking Value Change,Gamma,,Fp1,P4,0.22832755602301494,0.08239179728440293,-0.145935758738612,0.145935758738612,-63.91508816566231
Raw EEG Phase-Locking Value Change,Gamma,,Fp1,P7,0.11775622615947283,0.07701488001547736,-0.040741346143995466,0.040741346143995466,-34.5980399276901
Raw EEG Phase-Locking Value Change,Gamma,,Fp1,P8,0.19598708289748987,0.07686282322141991,-0.11912425967606996,0.11912425967606996,-60.781689239375716
Raw EEG Phase-Locking Value Change,Gamma,,Fp1,O1,0.15028779095825814,0.098807889853657,-0.05147990110460114,0.05147990110460114,-34.254213716468485
Raw EEG Phase-Locking Value Change,Gamma,,Fp1,Oz,0.14593554701229516,0.07762784959022408,-0.06830769742207109,0.06830769742207109,-46.80675738058262
Raw EEG Phase-Locking Value Change,Gamma,,Fp1,O2,0.14956857410224267,0.05937599805395198,-0.09019257604829069,0.09019257604829069,-60.301822484873384
Raw EEG Phase-Locking Value Change,Gamma,,Fp1,PO9,0.10115813714054629,0.09614811337096232,-0.005010023769583968,0.005010023769583968,-4.9526651154352335
Raw EEG Phase-Locking Value Change,Gamma,,Fp1,PO10,0.16739995746996372,0.0400487766207953,-0.1273511808491684,0.1273511808491684,-76.07599355096539
Raw EEG Phase-Locking Value Change,Gamma,,Fp2,F7,0.39710233424645214,0.29722652864594284,-0.0998758056005093,0.0998758056005093,-25.15115046856505
Raw EEG Phase-Locking Value Change,Gamma,,Fp2,F3,0.5128093560883317,0.40410630794913155,-0.10870304813920012,0.10870304813920012,-21.19755555327192
Raw EEG Phase-Locking Value Change,Gamma,,Fp2,Fz,0.5654193485455162,0.4595504905216779,-0.10586885802383833,0.10586885802383833,-18.723953875327258
Raw EEG Phase-Locking Value Change,Gamma,,Fp2,F4,0.6116522255256986,0.5378873866647037,-0.07376483886099494,0.07376483886099494,-12.059931409159192
Raw EEG Phase-Locking Value Change,Gamma,,Fp2,F8,0.5583423336203217,0.498766664232325,-0.05957566938799669,0.05957566938799669,-10.670097143038545
Raw EEG Phase-Locking Value Change,Gamma,,Fp2,FC1,0.4291606285219732,0.2772732957809091,-0.15188733274106408,0.15188733274106408,-35.39172110548985
Raw EEG Phase-Locking Value Change,Gamma,,Fp2,FC2,0.4867815134785975,0.3567312260013297,-0.13005028747726777,0.13005028747726777,-26.71635710812295
Raw EEG Phase-Locking Value Change,Gamma,,Fp2,FC5,0.3768143764582714,0.22795040152958618,-0.14886397492868525,0.14886397492868525,-39.50591703211475
Raw EEG Phase-Locking Value Change,Gamma,,Fp2,FC6,0.5415491041586689,0.4037356355856596,-0.13781346857300925,0.13781346857300925,-25.44800970303723
Raw EEG Phase-Locking Value Change,Gamma,,Fp2,C3,0.32054533892615966,0.15228720151724426,-0.1682581374089154,0.1682581374089154,-52.49121324695821
Raw EEG Phase-Locking Value Change,Gamma,,Fp2,Cz,0.35951445318989894,0.23537003448887253,-0.12414441870102641,0.12414441870102641,-34.531134311713515
Raw EEG Phase-Locking Value Change,Gamma,,Fp2,C4,0.40745974279243524,0.2697620970052379,-0.13769764578719734,0.13769764578719734,-33.79417187168405
Raw EEG Phase-Locking Value Change,Gamma,,Fp2,FT9,0.36920026939085626,0.23140960158544652,-0.13779066780540974,0.13779066780540974,-37.321388750000274
Raw EEG Phase-Locking Value Change,Gamma,,Fp2,FT10,0.48004143012503625,0.36422119963563476,-0.11582023048940149,0.11582023048940149,-24.127132205908527
Raw EEG Phase-Locking Value Change,Gamma,,Fp2,T7,0.35408380357458047,0.12566883327830977,-0.2284149702962707,0.2284149702962707,-64.50873154613518
Raw EEG Phase-Locking Value Change,Gamma,,Fp2,T8,0.45903813794676157,0.3513000080162095,-0.1077381299305521,0.1077381299305521,-23.470409324256924
Raw EEG Phase-Locking Value Change,Gamma,,Fp2,CP1,0.2428438367692242,0.08863013768457716,-0.15421369908464705,0.15421369908464705,-63.50323777465152
Raw EEG Phase-Locking Value Change,Gamma,,Fp2,CP2,0.26128055827510493,0.12693171994333488,-0.13434883833177005,0.13434883833177005,-51.41937816525668
Raw EEG Phase-Locking Value Change,Gamma,,Fp2,CP5,0.21895627634140571,0.056051110675529446,-0.16290516566587626,0.16290516566587626,-74.40077461486776
Raw EEG Phase-Locking Value Change,Gamma,,Fp2,CP6,0.3096588033055703,0.192832107104701,-0.11682669620086927,0.11682669620086927,-37.72755528141245
Raw EEG Phase-Locking Value Change,Gamma,,Fp2,P3,0.21437711391017758,0.07456549063957024,-0.13981162327060734,0.13981162327060734,-65.21760682401357
Raw EEG Phase-Locking Value Change,Gamma,,Fp2,Pz,0.23793565523372284,0.08666149087092695,-0.1512741643627959,0.1512741643627959,-63.57776190130064
Raw EEG Phase-Locking Value Change,Gamma,,Fp2,P4,0.25255624336150195,0.1107174254267353,-0.14183881793476666,0.14183881793476666,-56.16127958149208
Raw EEG Phase-Locking Value Change,Gamma,,Fp2,P7,0.12612876807084955,0.08251165029173746,-0.04361711777911209,0.04361711777911209,-34.58141901030169
Raw EEG Phase-Locking Value Change,Gamma,,Fp2,P8,0.22371417697873536,0.11969540623387291,-0.10401877074486245,0.10401877074486245,-46.4962802758583
Raw EEG Phase-Locking Value Change,Gamma,,Fp2,O1,0.15994810969616732,0.08194683345869382,-0.07800127623747351,0.07800127623747351,-48.7666133633229
Raw EEG Phase-Locking Value Change,Gamma,,Fp2,Oz,0.16778203941969763,0.06160588235047237,-0.10617615706922526,0.10617615706922526,-63.282194826367196
Raw EEG Phase-Locking Value Change,Gamma,,Fp2,O2,0.170209627692202,0.04993333756324284,-0.12027629012895916,0.12027629012895916,-70.66362329777279
Raw EEG Phase-Locking Value Change,Gamma,,Fp2,PO9,0.11186581568417901,0.07520467471554193,-0.03666114096863708,0.03666114096863708,-32.77242537804335
Raw EEG Phase-Locking Value Change,Gamma,,Fp2,PO10,0.19754825493194192,0.05875921104977217,-0.13878904388216975,0.13878904388216975,-70.25576810586583
Raw EEG Phase-Locking Value Change,Gamma,,F7,F3,0.6422700806380299,0.5130684031690019,-0.129201677469028,0.129201677469028,-20.11640918111572
Raw EEG Phase-Locking Value Change,Gamma,,F7,Fz,0.47448765649179153,0.34578610245277436,-0.12870155403901717,0.12870155403901717,-27.12432078646574
Raw EEG Phase-Locking Value Change,Gamma,,F7,F4,0.38011721481400274,0.2601200964772036,-0.11999711833679916,0.11999711833679916,-31.56845143030831
Raw EEG Phase-Locking Value Change,Gamma,,F7,F8,0.2930329383606,0.19988788044439987,-0.09314505791620015,0.09314505791620015,-31.786548787760456
Raw EEG Phase-Locking Value Change,Gamma,,F7,FC1,0.42858158617258685,0.2677486641702059,-0.16083292200238097,0.16083292200238097,-37.52679237544626
Raw EEG Phase-Locking Value Change,Gamma,,F7,FC2,0.3791509373762343,0.21952852663025704,-0.15962241074597724,0.15962241074597724,-42.099964687040384
Raw EEG Phase-Locking Value Change,Gamma,,F7,FC5,0.6039171038472567,0.5083183680673178,-0.09559873577993894,0.09559873577993894,-15.829777823964042
Raw EEG Phase-Locking Value Change,Gamma,,F7,FC6,0.33932737815226693,0.1816501572783978,-0.15767722087386912,0.15767722087386912,-46.46757999088254
Raw EEG Phase-Locking Value Change,Gamma,,F7,C3,0.3852583241158105,0.227313352617073,-0.1579449714987375,0.1579449714987375,-40.99715998641433
Raw EEG Phase-Locking Value Change,Gamma,,F7,Cz,0.30742587410737193,0.17230480738665577,-0.13512106672071617,0.13512106672071617,-43.952405474343266
Raw EEG Phase-Locking Value Change,Gamma,,F7,C4,0.2984440108640563,0.121597549756056,-0.1768464611080003,0.1768464611080003,-59.25616017422957
Raw EEG Phase-Locking Value Change,Gamma,,F7,FT9,0.5134017115629869,0.3506260645334932,-0.16277564702949365,0.16277564702949365,-31.70531834300741
Raw EEG Phase-Locking Value Change,Gamma,,F7,FT10,0.28458222589942944,0.1634075802223515,-0.12117464567707795,0.12117464567707795,-42.57983621222385
Raw EEG Phase-Locking Value Change,Gamma,,F7,T7,0.5178523399986565,0.30778579651274984,-0.2100665434859067,0.2100665434859067,-40.56495013355577
Raw EEG Phase-Locking Value Change,Gamma,,F7,T8,0.2844154654235313,0.14716823887488947,-0.13724722654864183,0.13724722654864183,-48.25589436364264
Raw EEG Phase-Locking Value Change,Gamma,,F7,CP1,0.21528304363555636,0.05297739114982459,-0.16230565248573178,0.16230565248573178,-75.39174927333906
Raw EEG Phase-Locking Value Change,Gamma,,F7,CP2,0.2277792728996561,0.05477884192054685,-0.17300043097910925,0.17300043097910925,-75.95091018458092
Raw EEG Phase-Locking Value Change,Gamma,,F7,CP5,0.2891086106818128,0.0893679085250673,-0.1997407021567455,0.1997407021567455,-69.08846529534057
Raw EEG Phase-Locking Value Change,Gamma,,F7,CP6,0.21408490738495967,0.06136313110201655,-0.15272177628294312,0.15272177628294312,-71.33701209881386
Raw EEG Phase-Locking Value Change,Gamma,,F7,P3,0.20379978129382934,0.07472047351214714,-0.1290793077816822,0.1290793077816822,-63.33633282735543
Raw EEG Phase-Locking Value Change,Gamma,,F7,Pz,0.21300880501518996,0.052857660294569224,-0.16015114472062073,0.16015114472062073,-75.18522284053006
Raw EEG Phase-Locking Value Change,Gamma,,F7,P4,0.2124158008616829,0.0501727179157653,-0.1622430829459176,0.1622430829459176,-76.37995021451542
Raw EEG Phase-Locking Value Change,Gamma,,F7,P7,0.13978534751655466,0.07249960588066783,-0.06728574163588684,0.06728574163588684,-48.13504622000403
Raw EEG Phase-Locking Value Change,Gamma,,F7,P8,0.15828521308181528,0.030225961109406552,-0.12805925197240872,0.12805925197240872,-80.90411572824354
Raw EEG Phase-Locking Value Change,Gamma,,F7,O1,0.13476120752451687,0.11866486364686718,-0.016096343877649688,0.016096343877649688,-11.944345240985845
Raw EEG Phase-Locking Value Change,Gamma,,F7,Oz,0.14082480460391394,0.10058334584975968,-0.04024145875415426,0.04024145875415426,-28.57554737415615
Raw EEG Phase-Locking Value Change,Gamma,,F7,O2,0.1398027729759435,0.07445352742782908,-0.06534924554811443,0.06534924554811443,-46.743883656270086
Raw EEG Phase-Locking Value Change,Gamma,,F7,PO9,0.08545319120159658,0.13510878191893408,0.049655590717337494,0.049655590717337494,58.10852704165569
Raw EEG Phase-Locking Value Change,Gamma,,F7,PO10,0.1480384940486246,0.054465292486049435,-0.09357320156257516,0.09357320156257516,-63.20869593001952
Raw EEG Phase-Locking Value Change,Gamma,,F3,Fz,0.69677909655289,0.6547278474484791,-0.04205124910441094,0.04205124910441094,-6.035090506079637
Raw EEG Phase-Locking Value Change,Gamma,,F3,F4,0.5536669061881673,0.5171299066520622,-0.03653699953610512,0.03653699953610512,-6.5990939909433175
Raw EEG Phase-Locking Value Change,Gamma,,F3,F8,0.38117581002756334,0.3171244688090723,-0.06405134121849104,0.06405134121849104,-16.80362172349274
Raw EEG Phase-Locking Value Change,Gamma,,F3,FC1,0.598611083650525,0.5107805732332988,-0.08783051041722612,0.08783051041722612,-14.672382923751949
Raw EEG Phase-Locking Value Change,Gamma,,F3,FC2,0.5544311829257521,0.5077004399780001,-0.046730742947752035,0.046730742947752035,-8.428592111495663
Raw EEG Phase-Locking Value Change,Gamma,,F3,FC5,0.6940468639837591,0.5662885631222816,-0.12775830086147755,0.12775830086147755,-18.40773404380185
Raw EEG Phase-Locking Value Change,Gamma,,F3,FC6,0.47756347652140585,0.4117289782842928,-0.06583449823711307,0.06583449823711307,-13.785496897010333
Raw EEG Phase-Locking Value Change,Gamma,,F3,C3,0.5110988678546177,0.3933730736810103,-0.11772579417360735,0.11772579417360735,-23.03385931332067
Raw EEG Phase-Locking Value Change,Gamma,,F3,Cz,0.5217572962421276,0.4627557468135128,-0.05900154942861485,0.05900154942861485,-11.308236579260885
Raw EEG Phase-Locking Value Change,Gamma,,F3,C4,0.44213447595629884,0.3596583351261425,-0.08247614083015636,0.08247614083015636,-18.65408497081517
Raw EEG Phase-Locking Value Change,Gamma,,F3,FT9,0.4711175976906869,0.2661016637018849,-0.20501593398880197,0.20501593398880197,-43.516933987128525
Raw EEG Phase-Locking Value Change,Gamma,,F3,FT10,0.34697673187615635,0.23707401269906286,-0.10990271917709349,0.10990271917709349,-31.67437729407175
Raw EEG Phase-Locking Value Change,Gamma,,F3,T7,0.5685643701248562,0.31728402090494223,-0.25128034921991393,0.25128034921991393,-44.195584954564254
Raw EEG Phase-Locking Value Change,Gamma,,F3,T8,0.40470201094790004,0.34566663171078377,-0.05903537923711627,0.05903537923711627,-14.587369877120844
Raw EEG Phase-Locking Value Change,Gamma,,F3,CP1,0.3317051972181215,0.1903728767200807,-0.14133232049804076,0.14133232049804076,-42.60781009261786
Raw EEG Phase-Locking Value Change,Gamma,,F3,CP2,0.33670596528097974,0.22657122184536163,-0.1101347434356181,0.1101347434356181,-32.70947199991278
Raw EEG Phase-Locking Value Change,Gamma,,F3,CP5,0.3802492989039884,0.1799190959263454,-0.200330202977643,0.200330202977643,-52.68391120116849
Raw EEG Phase-Locking Value Change,Gamma,,F3,CP6,0.3255086865724224,0.2404698607959199,-0.08503882577650249,0.08503882577650249,-26.124902125333055
Raw EEG Phase-Locking Value Change,Gamma,,F3,P3,0.3120254894005903,0.1073878881799453,-0.20463760122064498,0.20463760122064498,-65.58361677879572
Raw EEG Phase-Locking Value Change,Gamma,,F3,Pz,0.31388347855677917,0.17515548791124355,-0.13872799064553562,0.13872799064553562,-44.19728979792122
Raw EEG Phase-Locking Value Change,Gamma,,F3,P4,0.31873770896214193,0.1805365994258994,-0.13820110953624254,0.13820110953624254,-43.35888275856855
Raw EEG Phase-Locking Value Change,Gamma,,F3,P7,0.19815140173738707,0.05295828742349629,-0.1451931143138908,0.1451931143138908,-73.27382649874833
Raw EEG Phase-Locking Value Change,Gamma,,F3,P8,0.23999716358455345,0.160154598223201,-0.07984256536135245,0.07984256536135245,-33.268128743206205
Raw EEG Phase-Locking Value Change,Gamma,,F3,O1,0.22356910427684923,0.04727592963749646,-0.17629317463935276,0.17629317463935276,-78.85399693736129
Raw EEG Phase-Locking Value Change,Gamma,,F3,Oz,0.215089358794973,0.04962271426006491,-0.1654666445349081,0.1654666445349081,-76.92925650154262
Raw EEG Phase-Locking Value Change,Gamma,,F3,O2,0.2159072223431887,0.06892487221779389,-0.14698235012539482,0.14698235012539482,-68.07662501060919
Raw EEG Phase-Locking Value Change,Gamma,,F3,PO9,0.14316297417758314,0.08419285224305365,-0.058970121934529496,0.058970121934529496,-41.19090307622514
Raw EEG Phase-Locking Value Change,Gamma,,F3,PO10,0.21136940889879943,0.0552269300353502,-0.15614247886344923,0.15614247886344923,-73.87184345971652
Raw EEG Phase-Locking Value Change,Gamma,,Fz,F4,0.7367468143319973,0.6694727192999971,-0.06727409503200021,0.06727409503200021,-9.131236636971023
Raw EEG Phase-Locking Value Change,Gamma,,Fz,F8,0.5255782787788078,0.40852120780930107,-0.11705707096950674,0.11705707096950674,-22.272052650556887
Raw EEG Phase-Locking Value Change,Gamma,,Fz,FC1,0.685602193909737,0.55305418445153,-0.132548009458207,0.132548009458207,-19.333078370466477
Raw EEG Phase-Locking Value Change,Gamma,,Fz,FC2,0.7151023317337177,0.6595008575720477,-0.05560147416167005,0.05560147416167005,-7.775317139138394
Raw EEG Phase-Locking Value Change,Gamma,,Fz,FC5,0.5871618536329185,0.41163358627295843,-0.17552826735996008,0.17552826735996008,-29.894358135482133
Raw EEG Phase-Locking Value Change,Gamma,,Fz,FC6,0.6669865179221388,0.5404862882717926,-0.12650022965034624,0.12650022965034624,-18.965935030355944
Raw EEG Phase-Locking Value Change,Gamma,,Fz,C3,0.5654458917563063,0.35451980476125516,-0.21092608699505117,0.21092608699505117,-37.30261198642774
Raw EEG Phase-Locking Value Change,Gamma,,Fz,Cz,0.6390402252940212,0.5770247162939599,-0.06201550900006125,0.06201550900006125,-9.70447657994112
Raw EEG Phase-Locking Value Change,Gamma,,Fz,C4,0.6252406726061495,0.48222580016948513,-0.14301487243666433,0.14301487243666433,-22.873571522553846
Raw EEG Phase-Locking Value Change,Gamma,,Fz,FT9,0.4311334204869755,0.22169953937063433,-0.20943388111634118,0.20943388111634118,-48.5775101544623
Raw EEG Phase-Locking Value Change,Gamma,,Fz,FT10,0.4638474282955817,0.29785263099244863,-0.16599479730313305,0.16599479730313305,-35.786508057851016
Raw EEG Phase-Locking Value Change,Gamma,,Fz,T7,0.558672530407541,0.23161844223840067,-0.3270540881691403,0.3270540881691403,-58.541286776810125
Raw EEG Phase-Locking Value Change,Gamma,,Fz,T8,0.5464943844806945,0.4514330918080725,-0.09506129267262203,0.09506129267262203,-17.39474281386329
Raw EEG Phase-Locking Value Change,Gamma,,Fz,CP1,0.4538087819748818,0.22831604713295503,-0.22549273484192675,0.22549273484192675,-49.68893150560663
Raw EEG Phase-Locking Value Change,Gamma,,Fz,CP2,0.4753338740903985,0.2909682778661694,-0.1843655962242291,0.1843655962242291,-38.78654694598236
Raw EEG Phase-Locking Value Change,Gamma,,Fz,CP5,0.4094948562896621,0.15442361581480576,-0.2550712404748563,0.2550712404748563,-62.28924162466841
Raw EEG Phase-Locking Value Change,Gamma,,Fz,CP6,0.47237878070875516,0.32453981961681116,-0.147838961091944,0.147838961091944,-31.296698143410893
Raw EEG Phase-Locking Value Change,Gamma,,Fz,P3,0.40777472780571394,0.13509920531322359,-0.2726755224924904,0.2726755224924904,-66.86915688958729
Raw EEG Phase-Locking Value Change,Gamma,,Fz,Pz,0.4446698252316434,0.21905930578360716,-0.22561051944803623,0.22561051944803623,-50.7366379831391
Raw EEG Phase-Locking Value Change,Gamma,,Fz,P4,0.4594832364127635,0.24171859793656253,-0.21776463847620098,0.21776463847620098,-47.39338048027902
Raw EEG Phase-Locking Value Change,Gamma,,Fz,P7,0.2745141044448791,0.06459532137018753,-0.20991878307469158,0.20991878307469158,-76.46921585292974
Raw EEG Phase-Locking Value Change,Gamma,,Fz,P8,0.34030637114701695,0.21613518706690255,-0.1241711840801144,0.1241711840801144,-36.488057411793434
Raw EEG Phase-Locking Value Change,Gamma,,Fz,O1,0.31255796816720743,0.0635342645017114,-0.24902370366549603,0.24902370366549603,-79.67280601602747
Raw EEG Phase-Locking Value Change,Gamma,,Fz,Oz,0.3346704358996756,0.07752471479763924,-0.2571457211020364,0.2571457211020364,-76.83550547593667
Raw EEG Phase-Locking Value Change,Gamma,,Fz,O2,0.33041437098554577,0.09579272196918491,-0.23462164901636084,0.23462164901636084,-71.00830642339845
Raw EEG Phase-Locking Value Change,Gamma,,Fz,PO9,0.20001566437770077,0.06274625026963968,-0.1372694141080611,0.1372694141080611,-68.62933187515132
Raw EEG Phase-Locking Value Change,Gamma,,Fz,PO10,0.31722754480209947,0.09662832800729766,-0.22059921679480182,0.22059921679480182,-69.5397421848791
Raw EEG Phase-Locking Value Change,Gamma,,F4,F8,0.6775527899931459,0.5798135389651053,-0.0977392510280406,0.0977392510280406,-14.425333711492698
Raw EEG Phase-Locking Value Change,Gamma,,F4,FC1,0.5869451008011223,0.4376172541185777,-0.14932784668254456,0.14932784668254456,-25.441535584627378
Raw EEG Phase-Locking Value Change,Gamma,,F4,FC2,0.6955248142135863,0.6272092787002256,-0.06831553551336067,0.06831553551336067,-9.82215646620796
Raw EEG Phase-Locking Value Change,Gamma,,F4,FC5,0.4475039503664846,0.2764032546636778,-0.17110069570280678,0.17110069570280678,-38.23445481602641
Raw EEG Phase-Locking Value Change,Gamma,,F4,FC6,0.7823230045200875,0.6672720353823198,-0.11505096913776769,0.11505096913776769,-14.706325708566524
Raw EEG Phase-Locking Value Change,Gamma,,F4,C3,0.45504866337358774,0.24573033730802385,-0.2093183260655639,0.2093183260655639,-45.99910798852668
Raw EEG Phase-Locking Value Change,Gamma,,F4,Cz,0.524942109785544,0.4454516341719117,-0.07949047561363232,0.07949047561363232,-15.142712716666372
Raw EEG Phase-Locking Value Change,Gamma,,F4,C4,0.6294470727298781,0.5128524666522438,-0.11659460607763428,0.11659460607763428,-18.523337565455623
Raw EEG Phase-Locking Value Change,Gamma,,F4,FT9,0.37514786418357166,0.1981826520833422,-0.17696521210022945,0.17696521210022945,-47.17212304683009
Raw EEG Phase-Locking Value Change,Gamma,,F4,FT10,0.5426249739570915,0.39556626525608624,-0.1470587087010053,0.1470587087010053,-27.101352823586417
Raw EEG Phase-Locking Value Change,Gamma,,F4,T7,0.4468502935203941,0.15183890044203818,-0.29501139307835594,0.29501139307835594,-66.02018558703077
Raw EEG Phase-Locking Value Change,Gamma,,F4,T8,0.6141378687942709,0.5513484731601439,-0.062789395634127,0.062789395634127,-10.223990218580825
Raw EEG Phase-Locking Value Change,Gamma,,F4,CP1,0.38305142413559434,0.18561702781111958,-0.19743439632447476,0.19743439632447476,-51.54253029342243
Raw EEG Phase-Locking Value Change,Gamma,,F4,CP2,0.41080292893842035,0.26476000109716613,-0.14604292784125422,0.14604292784125422,-35.55060530329037
Raw EEG Phase-Locking Value Change,Gamma,,F4,CP5,0.3091981909499761,0.08725002798253906,-0.22194816296743702,0.22194816296743702,-71.78184396406935
Raw EEG Phase-Locking Value Change,Gamma,,F4,CP6,0.4686042257359946,0.36164840385529917,-0.10695582188069541,0.10695582188069541,-22.82434003080307
Raw EEG Phase-Locking Value Change,Gamma,,F4,P3,0.32690015368415926,0.1008127842941693,-0.22608736938998997,0.22608736938998997,-69.16098595916493
Raw EEG Phase-Locking Value Change,Gamma,,F4,Pz,0.37899541573566575,0.19067736920857892,-0.18831804652708684,0.18831804652708684,-49.68873994466234
Raw EEG Phase-Locking Value Change,Gamma,,F4,P4,0.39952191261561004,0.23562607518213544,-0.1638958374334746,0.1638958374334746,-41.02299079429039
Raw EEG Phase-Locking Value Change,Gamma,,F4,P7,0.20733806656553191,0.0522365479232629,-0.155101518642269,0.155101518642269,-74.80609866362728
Raw EEG Phase-Locking Value Change,Gamma,,F4,P8,0.3204047225868468,0.2401152935133309,-0.08028942907351591,0.08028942907351591,-25.05875332463403
Raw EEG Phase-Locking Value Change,Gamma,,F4,O1,0.25340746516687246,0.05451235512348928,-0.19889511004338317,0.19889511004338317,-78.48825996992942
Raw EEG Phase-Locking Value Change,Gamma,,F4,Oz,0.28435226324520024,0.0646167649037451,-0.21973549834145514,0.21973549834145514,-77.27580425550357
Raw EEG Phase-Locking Value Change,Gamma,,F4,O2,0.2793917840020573,0.08156631586961094,-0.19782546813244634,0.19782546813244634,-70.80575716964879
Raw EEG Phase-Locking Value Change,Gamma,,F4,PO9,0.16156780981088728,0.04955216105093129,-0.11201564875995598,0.11201564875995598,-69.33042472449719
Raw EEG Phase-Locking Value Change,Gamma,,F4,PO10,0.2899738678609416,0.1178128749750231,-0.1721609928859185,0.1721609928859185,-59.37120960447344
Raw EEG Phase-Locking Value Change,Gamma,,F8,FC1,0.41638699026308823,0.248952123031697,-0.16743486723139123,0.16743486723139123,-40.21135893933666
Raw EEG Phase-Locking Value Change,Gamma,,F8,FC2,0.5183576928981488,0.37439742581907337,-0.14396026707907544,0.14396026707907544,-27.772379777792157
Raw EEG Phase-Locking Value Change,Gamma,,F8,FC5,0.3035364271366652,0.15156418751073197,-0.1519722396259332,0.1519722396259332,-50.06721633364576
Raw EEG Phase-Locking Value Change,Gamma,,F8,FC6,0.6895365680379123,0.5419160948098719,-0.1476204732280404,0.1476204732280404,-21.40865039951353
Raw EEG Phase-Locking Value Change,Gamma,,F8,C3,0.31015599756983403,0.12308840947645593,-0.1870675880933781,0.1870675880933781,-60.31403215127522
Raw EEG Phase-Locking Value Change,Gamma,,F8,Cz,0.34036018607419977,0.2348661817758501,-0.10549400429834965,0.10549400429834965,-30.994813322658004
Raw EEG Phase-Locking Value Change,Gamma,,F8,C4,0.4885298789861363,0.3512962678735146,-0.13723361111262172,0.13723361111262172,-28.09113976762846
Raw EEG Phase-Locking Value Change,Gamma,,F8,FT9,0.32884386501949914,0.2141825475162853,-0.11466131750321384,0.11466131750321384,-34.868011752755336
Raw EEG Phase-Locking Value Change,Gamma,,F8,FT10,0.6044536757636276,0.48972384495862503,-0.1147298308050026,0.1147298308050026,-18.980748303012692
Raw EEG Phase-Locking Value Change,Gamma,,F8,T7,0.32123100041499125,0.08578742278736713,-0.23544357762762413,0.23544357762762413,-73.29416442480948
Raw EEG Phase-Locking Value Change,Gamma,,F8,T8,0.5923880061359673,0.5001929301355393,-0.09219507600042798,0.09219507600042798,-15.563292140534491
Raw EEG Phase-Locking Value Change,Gamma,,F8,CP1,0.2659805678475221,0.10030321086190952,-0.1656773569856126,0.1656773569856126,-62.28927110216185
Raw EEG Phase-Locking Value Change,Gamma,,F8,CP2,0.29116156952914535,0.15658098680414656,-0.1345805827249988,0.1345805827249988,-46.221959492331706
Raw EEG Phase-Locking Value Change,Gamma,,F8,CP5,0.1893149676122573,0.06375845329130413,-0.12555651432095316,0.12555651432095316,-66.3214937014964
Raw EEG Phase-Locking Value Change,Gamma,,F8,CP6,0.3928407916806948,0.28933209984010694,-0.10350869184058786,0.10350869184058786,-26.34876368050924
Raw EEG Phase-Locking Value Change,Gamma,,F8,P3,0.21530907790847428,0.08609469636455165,-0.12921438154392262,0.12921438154392262,-60.013438726838245
Raw EEG Phase-Locking Value Change,Gamma,,F8,Pz,0.263665612952512,0.10521769692380038,-0.1584479160287116,0.1584479160287116,-60.09426646668907
Raw EEG Phase-Locking Value Change,Gamma,,F8,P4,0.28611866759076054,0.15118786389569475,-0.1349308036950658,0.1349308036950658,-47.159035385995566
Raw EEG Phase-Locking Value Change,Gamma,,F8,P7,0.12238824581475874,0.10393606180954176,-0.018452184005216976,0.018452184005216976,-15.076761565114152
Raw EEG Phase-Locking Value Change,Gamma,,F8,P8,0.26810241879781893,0.19219855029344765,-0.07590386850437128,0.07590386850437128,-28.31151947256836
Raw EEG Phase-Locking Value Change,Gamma,,F8,O1,0.16371839359456497,0.0927456183466365,-0.07097277524792847,0.07097277524792847,-43.35052017654575
Raw EEG Phase-Locking Value Change,Gamma,,F8,Oz,0.19363402895457038,0.07444180572119462,-0.11919222323337576,0.11919222323337576,-61.555411451641156
Raw EEG Phase-Locking Value Change,Gamma,,F8,O2,0.19404235711348083,0.06179208647022963,-0.1322502706432512,0.1322502706432512,-68.15536185530252
Raw EEG Phase-Locking Value Change,Gamma,,F8,PO9,0.10556535042036114,0.07173417900915575,-0.03383117141120538,0.03383117141120538,-32.047609633738425
Raw EEG Phase-Locking Value Change,Gamma,,F8,PO10,0.23342263970092578,0.11084609115180567,-0.1225765485491201,0.1225765485491201,-52.51270772456865
Raw EEG Phase-Locking Value Change,Gamma,,FC1,FC2,0.6334369716886532,0.510404589708367,-0.12303238198028621,0.12303238198028621,-19.422987207756332
Raw EEG Phase-Locking Value Change,Gamma,,FC1,FC5,0.5880127240656343,0.40781110012897487,-0.18020162393665945,0.18020162393665945,-30.645871519702904
Raw EEG Phase-Locking Value Change,Gamma,,FC1,FC6,0.5546656428747688,0.39092416515952183,-0.163741477715247,0.163741477715247,-29.52075359609324
Raw EEG Phase-Locking Value Change,Gamma,,FC1,C3,0.613138796313704,0.41667349524016867,-0.19646530107353538,0.19646530107353538,-32.04254929792709
Raw EEG Phase-Locking Value Change,Gamma,,FC1,Cz,0.5946684799734009,0.5331002008735298,-0.06156827909987106,0.06156827909987106,-10.353378592156922
Raw EEG Phase-Locking Value Change,Gamma,,FC1,C4,0.5817635270684293,0.3995997944919675,-0.1821637325764618,0.1821637325764618,-31.31233294985077
Raw EEG Phase-Locking Value Change,Gamma,,FC1,FT9,0.3991413759176452,0.15377899491318084,-0.24536238100446436,0.24536238100446436,-61.47254978022874
Raw EEG Phase-Locking Value Change,Gamma,,FC1,FT10,0.38820722124547263,0.1878212887931552,-0.20038593245231742,0.20038593245231742,-51.61829082143957
Raw EEG Phase-Locking Value Change,Gamma,,FC1,T7,0.5754857791245447,0.24332760107573614,-0.33215817804880854,0.33215817804880854,-57.717877677898976
Raw EEG Phase-Locking Value Change,Gamma,,FC1,T8,0.4773365854882171,0.3398690356247046,-0.1374675498635125,0.1374675498635125,-28.798871497124296
Raw EEG Phase-Locking Value Change,Gamma,,FC1,CP1,0.5181301614483453,0.29360916393207154,-0.2245209975162738,0.2245209975162738,-43.33293334799566
Raw EEG Phase-Locking Value Change,Gamma,,FC1,CP2,0.5336586915370647,0.3282171351140901,-0.20544155642297457,0.20544155642297457,-38.49680698186584
Raw EEG Phase-Locking Value Change,Gamma,,FC1,CP5,0.4799231554835158,0.2339548377577323,-0.24596831772578348,0.24596831772578348,-51.2516045361416
Raw EEG Phase-Locking Value Change,Gamma,,FC1,CP6,0.4681085649455081,0.2953637455926939,-0.17274481935281422,0.17274481935281422,-36.90272562582212
Raw EEG Phase-Locking Value Change,Gamma,,FC1,P3,0.4833716090530002,0.2217402026598921,-0.2616314063931081,0.2616314063931081,-54.126349477927455
Raw EEG Phase-Locking Value Change,Gamma,,FC1,Pz,0.5139127224485056,0.2835183229817521,-0.2303943994667535,0.2303943994667535,-44.831425532540536
Raw EEG Phase-Locking Value Change,Gamma,,FC1,P4,0.5158287707490695,0.28036884886932434,-0.23545992187974518,0.23545992187974518,-45.64691526178698
Raw EEG Phase-Locking Value Change,Gamma,,FC1,P7,0.3490813173715673,0.12466447562444724,-0.22441684174712004,0.22441684174712004,-64.28784084948536
Raw EEG Phase-Locking Value Change,Gamma,,FC1,P8,0.3693100709083284,0.22700670390308314,-0.14230336700524526,0.14230336700524526,-38.532219458637066
Raw EEG Phase-Locking Value Change,Gamma,,FC1,O1,0.3950313847493663,0.12016830632484717,-0.2748630784245191,0.2748630784245191,-69.58006098652395
Raw EEG Phase-Locking Value Change,Gamma,,FC1,Oz,0.41768703214843733,0.1494473330197859,-0.2682396991286514,0.2682396991286514,-64.22026026255098
Raw EEG Phase-Locking Value Change,Gamma,,FC1,O2,0.3989782190864894,0.16113901401871267,-0.23783920506777673,0.23783920506777673,-59.612077474389295
Raw EEG Phase-Locking Value Change,Gamma,,FC1,PO9,0.253419926307146,0.014368449827543381,-0.23905147647960262,0.23905147647960262,-94.33018151456301
Raw EEG Phase-Locking Value Change,Gamma,,FC1,PO10,0.35821562626110415,0.11401109242505668,-0.24420453383604745,0.24420453383604745,-68.17249609821494
Raw EEG Phase-Locking Value Change,Gamma,,FC2,FC5,0.49510303610631146,0.2980009281518676,-0.19710210795444388,0.19710210795444388,-39.810320999954634
Raw EEG Phase-Locking Value Change,Gamma,,FC2,FC6,0.6756265396205746,0.5507353886278105,-0.12489115099276415,0.12489115099276415,-18.485234618359105
Raw EEG Phase-Locking Value Change,Gamma,,FC2,C3,0.5418749219250931,0.3223606755112476,-0.21951424641384554,0.21951424641384554,-40.5101320492906
Raw EEG Phase-Locking Value Change,Gamma,,FC2,Cz,0.6126116171327431,0.617795175737623,0.005183558604879845,0.005183558604879845,0.8461410884013078
Raw EEG Phase-Locking Value Change,Gamma,,FC2,C4,0.6680605141840182,0.5640997943460145,-0.1039607198380037,0.1039607198380037,-15.561572287352336
Raw EEG Phase-Locking Value Change,Gamma,,FC2,FT9,0.3685091454301948,0.15294536820957855,-0.21556377722061626,0.21556377722061626,-58.49618113791144
Raw EEG Phase-Locking Value Change,Gamma,,FC2,FT10,0.4567572542167784,0.27627239512457863,-0.18048485909219975,0.18048485909219975,-39.51439357031888
Raw EEG Phase-Locking Value Change,Gamma,,FC2,T7,0.5032510408450085,0.17512663898597222,-0.32812440185903624,0.32812440185903624,-65.20093854313401
Raw EEG Phase-Locking Value Change,Gamma,,FC2,T8,0.5642866481709452,0.47191107112591923,-0.09237557704502597,0.09237557704502597,-16.370328333028656
Raw EEG Phase-Locking Value Change,Gamma,,FC2,CP1,0.48481112996585846,0.27131426082238097,-0.21349686914347749,0.21349686914347749,-44.03712207649038
Raw EEG Phase-Locking Value Change,Gamma,,FC2,CP2,0.5073058919227422,0.3562957090195915,-0.1510101829031507,0.1510101829031507,-29.767086349185966
Raw EEG Phase-Locking Value Change,Gamma,,FC2,CP5,0.39355858110255043,0.14925432669461144,-0.244304254407939,0.244304254407939,-62.075702611672966
Raw EEG Phase-Locking Value Change,Gamma,,FC2,CP6,0.513085096175804,0.38472044205727696,-0.12836465411852704,0.12836465411852704,-25.018199724621127
Raw EEG Phase-Locking Value Change,Gamma,,FC2,P3,0.43259188022040407,0.17990731777573074,-0.2526845624446733,0.2526845624446733,-58.41176730268987
Raw EEG Phase-Locking Value Change,Gamma,,FC2,Pz,0.4796177284606224,0.2761733549944579,-0.2034443734661645,0.2034443734661645,-42.41802614743582
Raw EEG Phase-Locking Value Change,Gamma,,FC2,P4,0.4995889172943922,0.30841222056549217,-0.19117669672890003,0.19117669672890003,-38.26680098594852
Raw EEG Phase-Locking Value Change,Gamma,,FC2,P7,0.2951571279610535,0.06859927233459205,-0.2265578556264614,0.2265578556264614,-76.75838872383801
Raw EEG Phase-Locking Value Change,Gamma,,FC2,P8,0.37614775081774543,0.27019315197137644,-0.10595459884636899,0.10595459884636899,-28.16834571415717
Raw EEG Phase-Locking Value Change,Gamma,,FC2,O1,0.3465017293912212,0.08659446306607174,-0.2599072663251495,0.2599072663251495,-75.00893769903774
Raw EEG Phase-Locking Value Change,Gamma,,FC2,Oz,0.3793821671400709,0.11905151176411469,-0.26033065537595623,0.26033065537595623,-68.6196342169768
Raw EEG Phase-Locking Value Change,Gamma,,FC2,O2,0.3701223466289654,0.1390881053758187,-0.23103424125314673,0.23103424125314673,-62.421046272234506
Raw EEG Phase-Locking Value Change,Gamma,,FC2,PO9,0.2207807994564278,0.03382012263761044,-0.18696067681881737,0.18696067681881737,-84.68158339815912
Raw EEG Phase-Locking Value Change,Gamma,,FC2,PO10,0.3519637277059746,0.133521912699304,-0.21844181500667062,0.21844181500667062,-62.063729245745954
Raw EEG Phase-Locking Value Change,Gamma,,FC5,FC6,0.41036227029459277,0.2102846766000496,-0.20007759369454317,0.20007759369454317,-48.7563326791497
Raw EEG Phase-Locking Value Change,Gamma,,FC5,C3,0.5809774545317695,0.4214370178992611,-0.15954043663250844,0.15954043663250844,-27.460693248602528
Raw EEG Phase-Locking Value Change,Gamma,,FC5,Cz,0.46941814039878776,0.3194130565871816,-0.15000508381160615,0.15000508381160615,-31.95553620577411
Raw EEG Phase-Locking Value Change,Gamma,,FC5,C4,0.4192069416823122,0.18735892346514957,-0.23184801821716264,0.23184801821716264,-55.30634041667758
Raw EEG Phase-Locking Value Change,Gamma,,FC5,FT9,0.47956479393271007,0.2543583931175907,-0.2252064008151194,0.2252064008151194,-46.960578354448415
Raw EEG Phase-Locking Value Change,Gamma,,FC5,FT10,0.2980581798926985,0.11386775171631562,-0.18419042817638287,0.18419042817638287,-61.79680364507753
Raw EEG Phase-Locking Value Change,Gamma,,FC5,T7,0.6750162705755448,0.41277295347459153,-0.2622433171009533,0.2622433171009533,-38.84992533251896
Raw EEG Phase-Locking Value Change,Gamma,,FC5,T8,0.37496113536004433,0.15816631952284838,-0.21679481583719595,0.21679481583719595,-57.8179430860283
Raw EEG Phase-Locking Value Change,Gamma,,FC5,CP1,0.40595210171309726,0.16339053850354365,-0.2425615632095536,0.2425615632095536,-59.751276612673294
Raw EEG Phase-Locking Value Change,Gamma,,FC5,CP2,0.3981816589740754,0.14537913507968783,-0.2528025238943876,0.2528025238943876,-63.48924371497657
Raw EEG Phase-Locking Value Change,Gamma,,FC5,CP5,0.5078387554927788,0.27494502746908434,-0.23289372802369446,0.23289372802369446,-45.85977842469057
Raw EEG Phase-Locking Value Change,Gamma,,FC5,CP6,0.33149262955870273,0.10738595068624797,-0.22410667887245478,0.22410667887245478,-67.6053278079803
Raw EEG Phase-Locking Value Change,Gamma,,FC5,P3,0.40560907093767057,0.12168865229572816,-0.2839204186419424,0.2839204186419424,-69.99853775103864
Raw EEG Phase-Locking Value Change,Gamma,,FC5,Pz,0.384938515632085,0.13462099382263204,-0.25031752180945294,0.25031752180945294,-65.02792306932997
Raw EEG Phase-Locking Value Change,Gamma,,FC5,P4,0.3779220835953357,0.09730653509627198,-0.2806155484990637,0.2806155484990637,-74.25222305863872
Raw EEG Phase-Locking Value Change,Gamma,,FC5,P7,0.29295322294056403,0.0963956322968423,-0.19655759064372175,0.19655759064372175,-67.09521358759737
Raw EEG Phase-Locking Value Change,Gamma,,FC5,P8,0.281231843407419,0.056282012044110874,-0.22494983136330815,0.22494983136330815,-79.98732598620583
Raw EEG Phase-Locking Value Change,Gamma,,FC5,O1,0.3058814080289176,0.042580978731100665,-0.26330042929781694,0.26330042929781694,-86.07925241174674
Raw EEG Phase-Locking Value Change,Gamma,,FC5,Oz,0.28747932067891124,0.0327601316736758,-0.25471918900523544,0.25471918900523544,-88.60435192475428
Raw EEG Phase-Locking Value Change,Gamma,,FC5,O2,0.28283461183570907,0.037915835646630404,-0.24491877618907867,0.24491877618907867,-86.59434381084354
Raw EEG Phase-Locking Value Change,Gamma,,FC5,PO9,0.20324047024889727,0.08888297089893733,-0.11435749934995994,0.11435749934995994,-56.26709051101519
Raw EEG Phase-Locking Value Change,Gamma,,FC5,PO10,0.24984568493483936,0.030452054826364927,-0.21939363010847443,0.21939363010847443,-87.8116546882501
Raw EEG Phase-Locking Value Change,Gamma,,FC6,C3,0.4406506154030681,0.21926837352734987,-0.22138224187571823,0.22138224187571823,-50.2398576416868
Raw EEG Phase-Locking Value Change,Gamma,,FC6,Cz,0.4990352187306259,0.4292636549563295,-0.06977156377429639,0.06977156377429639,-13.981290529307985
Raw EEG Phase-Locking Value Change,Gamma,,FC6,C4,0.6805972484622096,0.5673080714334432,-0.1132891770287664,0.1132891770287664,-16.64555319386614
Raw EEG Phase-Locking Value Change,Gamma,,FC6,FT9,0.3576247349654867,0.16402462276507276,-0.19360011220041393,0.19360011220041393,-54.13498935388172
Raw EEG Phase-Locking Value Change,Gamma,,FC6,FT10,0.5873618794372294,0.42147353120226616,-0.16588834823496323,0.16588834823496323,-28.24295447874593
Raw EEG Phase-Locking Value Change,Gamma,,FC6,T7,0.42577237765957526,0.1198793087212633,-0.305893068938312,0.305893068938312,-71.84427289994083
Raw EEG Phase-Locking Value Change,Gamma,,FC6,T8,0.7089930832382578,0.6530445766233335,-0.05594850661492434,0.05594850661492434,-7.891262684733808
Raw EEG Phase-Locking Value Change,Gamma,,FC6,CP1,0.40815760509204935,0.23025315819236722,-0.17790444689968213,0.17790444689968213,-43.587193936901016
Raw EEG Phase-Locking Value Change,Gamma,,FC6,CP2,0.4378392086898554,0.3368798952166658,-0.1009593134731896,0.1009593134731896,-23.058536437449213
Raw EEG Phase-Locking Value Change,Gamma,,FC6,CP5,0.29967802248834663,0.08603853843057133,-0.2136394840577753,0.2136394840577753,-71.28967359162381
Raw EEG Phase-Locking Value Change,Gamma,,FC6,CP6,0.5442250510712621,0.48206037302746213,-0.06216467804379994,0.06216467804379994,-11.422605027356587
Raw EEG Phase-Locking Value Change,Gamma,,FC6,P3,0.3462585222005845,0.14003931863307514,-0.20621920356750936,0.20621920356750936,-59.556426873458555
Raw EEG Phase-Locking Value Change,Gamma,,FC6,Pz,0.4013299915597885,0.24971359735258322,-0.15161639420720527,0.15161639420720527,-37.77848588338509
Raw EEG Phase-Locking Value Change,Gamma,,FC6,P4,0.43477778902829045,0.327448340437427,-0.10732944859086346,0.10732944859086346,-24.68604682652721
Raw EEG Phase-Locking Value Change,Gamma,,FC6,P7,0.21240908104776743,0.056169836909088985,-0.15623924413867846,0.15623924413867846,-73.55582132740489
Raw EEG Phase-Locking Value Change,Gamma,,FC6,P8,0.38490616140995854,0.35527775927123667,-0.029628402138721865,0.029628402138721865,-7.697565045513792
Raw EEG Phase-Locking Value Change,Gamma,,FC6,O1,0.2735199132222418,0.08762230042307435,-0.18589761279916744,0.18589761279916744,-67.96492826031316
Raw EEG Phase-Locking Value Change,Gamma,,FC6,Oz,0.3085686223148721,0.12683953748569998,-0.1817290848291721,0.1817290848291721,-58.894220502994195
Raw EEG Phase-Locking Value Change,Gamma,,FC6,O2,0.31268879306130726,0.1556882820215821,-0.15700051103972515,0.15700051103972515,-50.20982987674358
Raw EEG Phase-Locking Value Change,Gamma,,FC6,PO9,0.170209417285373,0.0360006247335981,-0.1342087925517749,0.1342087925517749,-78.84921686016968
Raw EEG Phase-Locking Value Change,Gamma,,FC6,PO10,0.3326655599609181,0.202184227635556,-0.13048133232536213,0.13048133232536213,-39.222975874235736
Raw EEG Phase-Locking Value Change,Gamma,,C3,Cz,0.5088733963898161,0.4042340686095525,-0.10463932778026358,0.10463932778026358,-20.56293933277383
Raw EEG Phase-Locking Value Change,Gamma,,C3,C4,0.5087427996131619,0.25437458689949644,-0.2543682127136655,0.2543682127136655,-49.999373535523674
Raw EEG Phase-Locking Value Change,Gamma,,C3,FT9,0.36472218485844043,0.12841164625981014,-0.2363105385986303,0.2363105385986303,-64.79192887330105
Raw EEG Phase-Locking Value Change,Gamma,,C3,FT10,0.308261444135165,0.1129455474548577,-0.1953158966803073,0.1953158966803073,-63.36046897732242
Raw EEG Phase-Locking Value Change,Gamma,,C3,T7,0.6042211264123115,0.3059929595709276,-0.2982281668413839,0.2982281668413839,-49.357454382996444
Raw EEG Phase-Locking Value Change,Gamma,,C3,T8,0.39260529246217873,0.18709144729471025,-0.20551384516746848,0.20551384516746848,-52.34617288998121
Raw EEG Phase-Locking Value Change,Gamma,,C3,CP1,0.5600924953615913,0.3059027904342722,-0.2541897049273191,0.2541897049273191,-45.38352272747669
Raw EEG Phase-Locking Value Change,Gamma,,C3,CP2,0.5650268859689964,0.278012292235481,-0.2870145937335154,0.2870145937335154,-50.796625941312136
Raw EEG Phase-Locking Value Change,Gamma,,C3,CP5,0.5554702811936862,0.36361081449899635,-0.1918594666946899,0.1918594666946899,-34.54000568354271
Raw EEG Phase-Locking Value Change,Gamma,,C3,CP6,0.42685051782888045,0.1832417384130365,-0.24360877941584394,0.24360877941584394,-57.071215622491984
Raw EEG Phase-Locking Value Change,Gamma,,C3,P3,0.5491675033421426,0.2865189246697625,-0.2626485786723801,0.2626485786723801,-47.82667894111438
Raw EEG Phase-Locking Value Change,Gamma,,C3,Pz,0.5576829608514596,0.2820712849045321,-0.27561167594692754,0.27561167594692754,-49.42085293876093
Raw EEG Phase-Locking Value Change,Gamma,,C3,P4,0.5460690769490568,0.2319172512444139,-0.31415182570464295,0.31415182570464295,-57.529686071923535
Raw EEG Phase-Locking Value Change,Gamma,,C3,P7,0.4320491589616146,0.2020208877428654,-0.23002827121874922,0.23002827121874922,-53.24122647793097
Raw EEG Phase-Locking Value Change,Gamma,,C3,P8,0.36186966537155923,0.15305699732778916,-0.20881266804377008,0.20881266804377008,-57.70383318241559
Raw EEG Phase-Locking Value Change,Gamma,,C3,O1,0.45450359458257433,0.14928431662455346,-0.30521927795802084,0.30521927795802084,-67.15442553063649
Raw EEG Phase-Locking Value Change,Gamma,,C3,Oz,0.47038103059995523,0.15719651314786315,-0.3131845174520921,0.3131845174520921,-66.5810262485789
Raw EEG Phase-Locking Value Change,Gamma,,C3,O2,0.4376209342898676,0.1534851330822387,-0.2841358012076289,0.2841358012076289,-64.92737868418
Raw EEG Phase-Locking Value Change,Gamma,,C3,PO9,0.3047504309031291,0.011935827187786009,-0.29281460371534307,0.29281460371534307,-96.08340924985269
Raw EEG Phase-Locking Value Change,Gamma,,C3,PO10,0.3697469174375004,0.06457110769814861,-0.30517580973935177,0.30517580973935177,-82.5364040501938
Raw EEG Phase-Locking Value Change,Gamma,,Cz,C4,0.5652574327468888,0.5166607674469106,-0.04859666529997819,0.04859666529997819,-8.59726250105566
Raw EEG Phase-Locking Value Change,Gamma,,Cz,FT9,0.2868584402192401,0.12947194579903673,-0.1573864944202034,0.1573864944202034,-54.865561668646066
Raw EEG Phase-Locking Value Change,Gamma,,Cz,FT10,0.3187591012248123,0.19079927733843832,-0.127959823886374,0.127959823886374,-40.14311227340528
Raw EEG Phase-Locking Value Change,Gamma,,Cz,T7,0.43256924778107153,0.2023214493457416,-0.23024779843532994,0.23024779843532994,-53.22796283286904
Raw EEG Phase-Locking Value Change,Gamma,,Cz,T8,0.43800916819114344,0.37954208068472733,-0.058467087506416104,0.058467087506416104,-13.348370708281973
Raw EEG Phase-Locking Value Change,Gamma,,Cz,CP1,0.4331988621224845,0.36018493549016223,-0.07301392663232226,0.07301392663232226,-16.854597972530684
Raw EEG Phase-Locking Value Change,Gamma,,Cz,CP2,0.44482593204943044,0.4344313431166774,-0.010394588932753024,0.010394588932753024,-2.336776744301397
Raw EEG Phase-Locking Value Change,Gamma,,Cz,CP5,0.38922900973902397,0.23297907805968757,-0.1562499316793364,0.1562499316793364,-40.14344454543642
Raw EEG Phase-Locking Value Change,Gamma,,Cz,CP6,0.4350336914194252,0.3656193104039712,-0.069414381015454,0.069414381015454,-15.956093145100828
Raw EEG Phase-Locking Value Change,Gamma,,Cz,P3,0.4107405198632061,0.27424530042446266,-0.13649521943874343,0.13649521943874343,-33.2314960024402
Raw EEG Phase-Locking Value Change,Gamma,,Cz,Pz,0.4113914883202151,0.3619086968167166,-0.04948279150349849,0.04948279150349849,-12.028151507350229
Raw EEG Phase-Locking Value Change,Gamma,,Cz,P4,0.4297603509124808,0.36498945231026786,-0.06477089860221297,0.06477089860221297,-15.0713993193391
Raw EEG Phase-Locking Value Change,Gamma,,Cz,P7,0.23930640454055274,0.12326062522968985,-0.11604577931086289,0.11604577931086289,-48.49255059999777
Raw EEG Phase-Locking Value Change,Gamma,,Cz,P8,0.31172312059279184,0.2727343235151811,-0.038988797077610715,0.038988797077610715,-12.507508908375877
Raw EEG Phase-Locking Value Change,Gamma,,Cz,O1,0.2970665107259165,0.13733507716809798,-0.15973143355781852,0.15973143355781852,-53.76958620057718
Raw EEG Phase-Locking Value Change,Gamma,,Cz,Oz,0.2919758068933057,0.16974903392099586,-0.12222677297230986,0.12222677297230986,-41.86195228735995
Raw EEG Phase-Locking Value Change,Gamma,,Cz,O2,0.2895712603093369,0.1832490910092068,-0.10632216930013008,0.10632216930013008,-36.71710002800366
Raw EEG Phase-Locking Value Change,Gamma,,Cz,PO9,0.18008820858424937,0.022345180709198206,-0.15774302787505118,0.15774302787505118,-87.59209118416845
Raw EEG Phase-Locking Value Change,Gamma,,Cz,PO10,0.26170140793812513,0.13427993934043056,-0.12742146859769457,0.12742146859769457,-48.68963816496594
Raw EEG Phase-Locking Value Change,Gamma,,C4,FT9,0.3139807888612503,0.11920428428702573,-0.19477650457422457,0.19477650457422457,-62.03452933558215
Raw EEG Phase-Locking Value Change,Gamma,,C4,FT10,0.45399216715811913,0.29596059123139823,-0.1580315759267209,0.1580315759267209,-34.80931772809215
Raw EEG Phase-Locking Value Change,Gamma,,C4,T7,0.4537330861936394,0.11475983247483942,-0.33897325371879994,0.33897325371879994,-74.7076340767745
Raw EEG Phase-Locking Value Change,Gamma,,C4,T8,0.619909359793186,0.5699484333283014,-0.04996092646488459,0.04996092646488459,-8.059392179778113
Raw EEG Phase-Locking Value Change,Gamma,,C4,CP1,0.5444338898672383,0.3331685868144006,-0.2112653030528377,0.2112653030528377,-38.8045834370001
Raw EEG Phase-Locking Value Change,Gamma,,C4,CP2,0.5784000016992925,0.4605093395106613,-0.1178906621886312,0.1178906621886312,-20.382202946451926
Raw EEG Phase-Locking Value Change,Gamma,,C4,CP5,0.38187084240096514,0.13232915432041556,-0.24954168808054958,0.24954168808054958,-65.34714368648505
Raw EEG Phase-Locking Value Change,Gamma,,C4,CP6,0.6360916617109361,0.5592356258965788,-0.07685603581435729,0.07685603581435729,-12.0825409985147
Raw EEG Phase-Locking Value Change,Gamma,,C4,P3,0.48421884294368445,0.24045074589452017,-0.24376809704916427,0.24376809704916427,-50.34254668142168
Raw EEG Phase-Locking Value Change,Gamma,,C4,Pz,0.5447894382046855,0.3644116727300803,-0.1803777654746052,0.1803777654746052,-33.10962967069024
Raw EEG Phase-Locking Value Change,Gamma,,C4,P4,0.5816136404844422,0.4597625953056188,-0.12185104517882339,0.12185104517882339,-20.950513656682855
Raw EEG Phase-Locking Value Change,Gamma,,C4,P7,0.31657954273633865,0.09909535246918372,-0.21748419026715493,0.21748419026715493,-68.698118768933
Raw EEG Phase-Locking Value Change,Gamma,,C4,P8,0.47193204568493335,0.43428420467088136,-0.037647841014052,0.037647841014052,-7.977386015270953
Raw EEG Phase-Locking Value Change,Gamma,,C4,O1,0.404422236645569,0.1690493797482144,-0.23537285689735457,0.23537285689735457,-58.19978121124746
Raw EEG Phase-Locking Value Change,Gamma,,C4,Oz,0.448948381835294,0.22602993825803563,-0.22291844357725837,0.22291844357725837,-49.65346854931768
Raw EEG Phase-Locking Value Change,Gamma,,C4,O2,0.4474299605216176,0.25694788378505923,-0.19048207673655837,0.19048207673655837,-42.572490343403196
Raw EEG Phase-Locking Value Change,Gamma,,C4,PO9,0.24690826946904165,0.026768055282300036,-0.22014021418674162,0.22014021418674162,-89.15870442903237
Raw EEG Phase-Locking Value Change,Gamma,,C4,PO10,0.4235187966644025,0.2525881695825567,-0.1709306270818458,0.1709306270818458,-40.35963183407223
Raw EEG Phase-Locking Value Change,Gamma,,FT9,FT10,0.3705144195117139,0.2738180034123045,-0.09669641609940938,0.09669641609940938,-26.09788202759874
Raw EEG Phase-Locking Value Change,Gamma,,FT9,T7,0.487814340767886,0.20725497193921233,-0.28055936882867366,0.28055936882867366,-57.51355492891725
Raw EEG Phase-Locking Value Change,Gamma,,FT9,T8,0.32971956649511885,0.17087831578480844,-0.1588412507103104,0.1588412507103104,-48.174651082668426
Raw EEG Phase-Locking Value Change,Gamma,,FT9,CP1,0.2288188820350218,0.16925940820669683,-0.059559473828324966,0.059559473828324966,-26.029090474801425
Raw EEG Phase-Locking Value Change,Gamma,,FT9,CP2,0.2454820062853676,0.14441877355001606,-0.10106323273535153,0.10106323273535153,-41.16930371583638
Raw EEG Phase-Locking Value Change,Gamma,,FT9,CP5,0.2782622994100223,0.10681676713153378,-0.17144553227848852,0.17144553227848852,-61.61292156429061
Raw EEG Phase-Locking Value Change,Gamma,,FT9,CP6,0.2541338075592068,0.10280906029285412,-0.15132474726635264,0.15132474726635264,-59.54530360196086
Raw EEG Phase-Locking Value Change,Gamma,,FT9,P3,0.20228648177876918,0.20498156906022785,0.0026950872814586746,0.0026950872814586746,1.3323121039823904
Raw EEG Phase-Locking Value Change,Gamma,,FT9,Pz,0.23062215034357325,0.1703536642416848,-0.06026848610188845,0.06026848610188845,-26.132999806004086
Raw EEG Phase-Locking Value Change,Gamma,,FT9,P4,0.232442910044503,0.15371488481815168,-0.0787280252263513,0.0787280252263513,-33.86983290274512
Raw EEG Phase-Locking Value Change,Gamma,,FT9,P7,0.15354719562825597,0.197387733482693,0.043840537854437034,0.043840537854437034,28.55183233732042
Raw EEG Phase-Locking Value Change,Gamma,,FT9,P8,0.18337524200433386,0.11824216900304599,-0.06513307300128787,0.06513307300128787,-35.51901133946344
Raw EEG Phase-Locking Value Change,Gamma,,FT9,O1,0.13859855457057935,0.2511849305336927,0.11258637596311333,0.11258637596311333,81.23199863948099
Raw EEG Phase-Locking Value Change,Gamma,,FT9,Oz,0.1636290677927877,0.23914600184670023,0.07551693405391252,0.07551693405391252,46.1512951656876
Raw EEG Phase-Locking Value Change,Gamma,,FT9,O2,0.15613978973212567,0.20728538486649145,0.051145595134365784,0.051145595134365784,32.75628539151453
Raw EEG Phase-Locking Value Change,Gamma,,FT9,PO9,0.09265373980162801,0.18371829795605973,0.09106455815443172,0.09106455815443172,98.28481651080817
Raw EEG Phase-Locking Value Change,Gamma,,FT9,PO10,0.16932527012831758,0.11256586988396872,-0.05675940024434886,0.05675940024434886,-33.520927030758976
Raw EEG Phase-Locking Value Change,Gamma,,FT10,T7,0.3361858132151223,0.08275934496075596,-0.2534264682543663,0.2534264682543663,-75.38285623379383
Raw EEG Phase-Locking Value Change,Gamma,,FT10,T8,0.6010681052713459,0.4638872521174446,-0.13718085315390133,0.13718085315390133,-22.822846853930546
Raw EEG Phase-Locking Value Change,Gamma,,FT10,CP1,0.2763025189241583,0.12743558767583735,-0.14886693124832096,0.14886693124832096,-53.87823890566236
Raw EEG Phase-Locking Value Change,Gamma,,FT10,CP2,0.2982992527226902,0.14845532839863337,-0.14984392432405683,0.14984392432405683,-50.232752162928534
Raw EEG Phase-Locking Value Change,Gamma,,FT10,CP5,0.2060014070050273,0.11984220435873337,-0.08615920264629394,0.08615920264629394,-41.824569986646395
Raw EEG Phase-Locking Value Change,Gamma,,FT10,CP6,0.42381109548784307,0.2866573352305681,-0.137153760257275,0.137153760257275,-32.36200319375764
Raw EEG Phase-Locking Value Change,Gamma,,FT10,P3,0.23121195383483292,0.1448053660029171,-0.08640658783191582,0.08640658783191582,-37.37115940538294
Raw EEG Phase-Locking Value Change,Gamma,,FT10,Pz,0.2752626193113141,0.12387066774166482,-0.1513919515696493,0.1513919515696493,-54.99909575387326
Raw EEG Phase-Locking Value Change,Gamma,,FT10,P4,0.30045525402320056,0.15601790785871963,-0.14443734616448092,0.14443734616448092,-48.07283088926371
Raw EEG Phase-Locking Value Change,Gamma,,FT10,P7,0.13540059546632796,0.17669604275631087,0.04129544728998291,0.04129544728998291,30.49871911401782
Raw EEG Phase-Locking Value Change,Gamma,,FT10,P8,0.3187233453885278,0.21114794731973197,-0.10757539806879585,0.10757539806879585,-33.75196690962818
Raw EEG Phase-Locking Value Change,Gamma,,FT10,O1,0.17350802670102447,0.1635229017704856,-0.00998512493053888,0.00998512493053888,-5.754848994821704
Raw EEG Phase-Locking Value Change,Gamma,,FT10,Oz,0.20709063923546164,0.13800877853118132,-0.06908186070428032,0.06908186070428032,-33.358272956864255
Raw EEG Phase-Locking Value Change,Gamma,,FT10,O2,0.2082257336327407,0.1174962215008906,-0.09072951213185008,0.09072951213185008,-43.57267017335848
Raw EEG Phase-Locking Value Change,Gamma,,FT10,PO9,0.12269828612748547,0.10873399058034554,-0.013964295547139932,0.013964295547139932,-11.381002936447546
Raw EEG Phase-Locking Value Change,Gamma,,FT10,PO10,0.26267903822420946,0.13256662324865812,-0.13011241497555134,0.13011241497555134,-49.532850377080344
Raw EEG Phase-Locking Value Change,Gamma,,T7,T8,0.38052921356932484,0.08805954070903832,-0.2924696728602865,0.2924696728602865,-76.85866483599278
Raw EEG Phase-Locking Value Change,Gamma,,T7,CP1,0.46495411935935343,0.1344714335914434,-0.33048268576791007,0.33048268576791007,-71.0785585087992
Raw EEG Phase-Locking Value Change,Gamma,,T7,CP2,0.4685942413149414,0.10463011754900169,-0.3639641237659397,0.3639641237659397,-77.67148882252695
Raw EEG Phase-Locking Value Change,Gamma,,T7,CP5,0.5380662770724517,0.27307602045289087,-0.2649902566195608,0.2649902566195608,-49.248627522493734
Raw EEG Phase-Locking Value Change,Gamma,,T7,CP6,0.36758006769682583,0.06777661931555502,-0.2998034483812708,0.2998034483812708,-81.56139974068014
Raw EEG Phase-Locking Value Change,Gamma,,T7,P3,0.45827394603433397,0.12414687130640524,-0.33412707472792874,0.33412707472792874,-72.90989977049577
Raw EEG Phase-Locking Value Change,Gamma,,T7,Pz,0.45900951411153285,0.11071860810575897,-0.3482909060057739,0.3482909060057739,-75.87879886976462
Raw EEG Phase-Locking Value Change,Gamma,,T7,P4,0.4482604530960851,0.06855915580188793,-0.37970129729419716,0.37970129729419716,-84.70550874422281
Raw EEG Phase-Locking Value Change,Gamma,,T7,P7,0.3923708999923457,0.16104280228628767,-0.23132809770605803,0.23132809770605803,-58.95648676050409
Raw EEG Phase-Locking Value Change,Gamma,,T7,P8,0.30535905667840524,0.032988082299654164,-0.2723709743787511,0.2723709743787511,-89.19695303670125
Raw EEG Phase-Locking Value Change,Gamma,,T7,O1,0.35381276730373434,0.054568730084966786,-0.2992440372187676,0.2992440372187676,-84.57694715179069
Raw EEG Phase-Locking Value Change,Gamma,,T7,Oz,0.37031331673216245,0.046829661756637705,-0.3234836549755247,0.3234836549755247,-87.35404328154141
Raw EEG Phase-Locking Value Change,Gamma,,T7,O2,0.3447131686349808,0.04821524170964981,-0.296497926925331,0.296497926925331,-86.01293884403202
Raw EEG Phase-Locking Value Change,Gamma,,T7,PO9,0.24214737421650695,0.05439182564892968,-0.18775554856757726,0.18775554856757726,-77.53771816650082
Raw EEG Phase-Locking Value Change,Gamma,,T7,PO10,0.3069631771141387,0.02917081001382936,-0.2777923671003093,0.2777923671003093,-90.49696765323003
Raw EEG Phase-Locking Value Change,Gamma,,T8,CP1,0.433934684313065,0.2415460535233558,-0.19238863078970916,0.19238863078970916,-44.33585001260446
Raw EEG Phase-Locking Value Change,Gamma,,T8,CP2,0.44573870640986973,0.36045833552616147,-0.08528037088370827,0.08528037088370827,-19.13236828153992
Raw EEG Phase-Locking Value Change,Gamma,,T8,CP5,0.3021205338991571,0.07800924857523048,-0.22411128532392663,0.22411128532392663,-74.17942846570347
Raw EEG Phase-Locking Value Change,Gamma,,T8,CP6,0.6136418445543762,0.5538510611369383,-0.05979078341743793,0.05979078341743793,-9.743596195083098
Raw EEG Phase-Locking Value Change,Gamma,,T8,P3,0.3803831720268515,0.15746951592836614,-0.22291365609848537,0.22291365609848537,-58.602396870161684
Raw EEG Phase-Locking Value Change,Gamma,,T8,Pz,0.4121540930467287,0.2751377428826976,-0.13701635016403108,0.13701635016403108,-33.24396202186851
Raw EEG Phase-Locking Value Change,Gamma,,T8,P4,0.459032740264239,0.3823670378902218,-0.07666570237401721,0.07666570237401721,-16.701576085811467
Raw EEG Phase-Locking Value Change,Gamma,,T8,P7,0.20772060776051857,0.07486351084605705,-0.13285709691446151,0.13285709691446151,-63.95951675032295
Raw EEG Phase-Locking Value Change,Gamma,,T8,P8,0.5135519749609591,0.4566834156679682,-0.05686855929299084,0.05686855929299084,-11.073574256493524
Raw EEG Phase-Locking Value Change,Gamma,,T8,O1,0.3197757910280007,0.11856221079869984,-0.20121358022930086,0.20121358022930086,-62.923331244822684
Raw EEG Phase-Locking Value Change,Gamma,,T8,Oz,0.33846470925596256,0.1714868379060441,-0.16697787134991846,0.16697787134991846,-49.33390890795711
Raw EEG Phase-Locking Value Change,Gamma,,T8,O2,0.36400087418789673,0.2059215153972165,-0.15807935879068022,0.15807935879068022,-43.42829097412549
Raw EEG Phase-Locking Value Change,Gamma,,T8,PO9,0.19976408405169035,0.04480874847857984,-0.15495533557311053,0.15495533557311053,-77.56916680428637
Raw EEG Phase-Locking Value Change,Gamma,,T8,PO10,0.4026367794063483,0.2964503020264332,-0.1061864773799151,0.1061864773799151,-26.372771393730478
Raw EEG Phase-Locking Value Change,Gamma,,CP1,CP2,0.7384467846735852,0.47091144068192015,-0.267535343991665,0.267535343991665,-36.22946833060196
Raw EEG Phase-Locking Value Change,Gamma,,CP1,CP5,0.5303774870682881,0.313809388692715,-0.21656809837557311,0.21656809837557311,-40.832822594464524
Raw EEG Phase-Locking Value Change,Gamma,,CP1,CP6,0.5611382809442023,0.3522484985523639,-0.20888978239183836,0.20888978239183836,-37.22607946838859
Raw EEG Phase-Locking Value Change,Gamma,,CP1,P3,0.7364870139767103,0.5168321284032283,-0.219654885573482,0.219654885573482,-29.824678698330462
Raw EEG Phase-Locking Value Change,Gamma,,CP1,Pz,0.7672526094284676,0.5872136586025789,-0.18003895082588872,0.18003895082588872,-23.465407430807062
Raw EEG Phase-Locking Value Change,Gamma,,CP1,P4,0.7695881471327268,0.5192755261661194,-0.25031262096660745,0.25031262096660745,-32.5255296484494
Raw EEG Phase-Locking Value Change,Gamma,,CP1,P7,0.555534417178402,0.3667780742173666,-0.18875634296103544,0.18875634296103544,-33.97743454307333
Raw EEG Phase-Locking Value Change,Gamma,,CP1,P8,0.5609588848891216,0.4029641403060428,-0.15799474458307883,0.15799474458307883,-28.165120268004642
Raw EEG Phase-Locking Value Change,Gamma,,CP1,O1,0.7136187147493561,0.4695974518785879,-0.2440212628707682,0.2440212628707682,-34.194907984787875
Raw EEG Phase-Locking Value Change,Gamma,,CP1,Oz,0.7327662135355979,0.506098047545219,-0.22666816599037887,0.22666816599037887,-30.933217416876342
Raw EEG Phase-Locking Value Change,Gamma,,CP1,O2,0.6841134122698175,0.4763213867780509,-0.20779202549176656,0.20779202549176656,-30.373914875069342
Raw EEG Phase-Locking Value Change,Gamma,,CP1,PO9,0.4669462860520109,0.2004571545452011,-0.26648913150680975,0.26648913150680975,-57.07061807043194
Raw EEG Phase-Locking Value Change,Gamma,,CP1,PO10,0.5474147687962071,0.29607567683983577,-0.25133909195637133,0.25133909195637133,-45.91383102598397
Raw EEG Phase-Locking Value Change,Gamma,,CP2,CP5,0.5093752526326975,0.25435668019220947,-0.255018572440488,0.255018572440488,-50.064970986012526
Raw EEG Phase-Locking Value Change,Gamma,,CP2,CP6,0.5832454598961415,0.48189247388158224,-0.10135298601455928,0.10135298601455928,-17.37741533943654
Raw EEG Phase-Locking Value Change,Gamma,,CP2,P3,0.7201628592729187,0.4705690234801754,-0.2495938357927433,0.2495938357927433,-34.6579711212454
Raw EEG Phase-Locking Value Change,Gamma,,CP2,Pz,0.7795194126103837,0.5567178516338226,-0.22280156097656112,0.22280156097656112,-28.581913082890843
Raw EEG Phase-Locking Value Change,Gamma,,CP2,P4,0.765681687015387,0.5707912150275928,-0.1948904719877942,0.1948904719877942,-25.45319749613885
Raw EEG Phase-Locking Value Change,Gamma,,CP2,P7,0.5398116021657025,0.28529428809030305,-0.2545173140753994,0.2545173140753994,-47.14928561266304
Raw EEG Phase-Locking Value Change,Gamma,,CP2,P8,0.5683777638745942,0.502541935412843,-0.06583582846175118,0.06583582846175118,-11.583111206348507
Raw EEG Phase-Locking Value Change,Gamma,,CP2,O1,0.685478942815343,0.4108370285694714,-0.27464191424587164,0.27464191424587164,-40.065696710957276
Raw EEG Phase-Locking Value Change,Gamma,,CP2,Oz,0.7266313428550055,0.47639129582071954,-0.250240047034286,0.250240047034286,-34.43837779568776
Raw EEG Phase-Locking Value Change,Gamma,,CP2,O2,0.6906708601828166,0.47685555235060234,-0.2138153078322143,0.2138153078322143,-30.9576268753569
Raw EEG Phase-Locking Value Change,Gamma,,CP2,PO9,0.43890782209871104,0.14922974092776387,-0.2896780811709472,0.2896780811709472,-65.99975361245627
Raw EEG Phase-Locking Value Change,Gamma,,CP2,PO10,0.564603850888139,0.3439243282515954,-0.2206795226365436,0.2206795226365436,-39.08572750423293
Raw EEG Phase-Locking Value Change,Gamma,,CP5,CP6,0.34125448544611475,0.11181234238736527,-0.2294421430587495,0.2294421430587495,-67.23490909102767
Raw EEG Phase-Locking Value Change,Gamma,,CP5,P3,0.5740909145022752,0.36943714430462515,-0.20465377019765008,0.20465377019765008,-35.64832068019759
Raw EEG Phase-Locking Value Change,Gamma,,CP5,Pz,0.5160536435512559,0.2979255466193862,-0.21812809693186974,0.21812809693186974,-42.26849275412676
Raw EEG Phase-Locking Value Change,Gamma,,CP5,P4,0.4839144466116993,0.21679743221241063,-0.2671170143992887,0.2671170143992887,-55.19922297621085
Raw EEG Phase-Locking Value Change,Gamma,,CP5,P7,0.48562139182047004,0.3297770805170849,-0.15584431130338516,0.15584431130338516,-32.09173111570823
Raw EEG Phase-Locking Value Change,Gamma,,CP5,P8,0.3248464362491148,0.12401981927669253,-0.20082661697242227,0.20082661697242227,-61.822016362960646
Raw EEG Phase-Locking Value Change,Gamma,,CP5,O1,0.4683272667980828,0.2455042336817132,-0.22282303311636958,0.22282303311636958,-47.57848814564939
Raw EEG Phase-Locking Value Change,Gamma,,CP5,Oz,0.433495133046508,0.23118689721980565,-0.20230823582670235,0.20230823582670235,-46.66909047050304
Raw EEG Phase-Locking Value Change,Gamma,,CP5,O2,0.3958456927360298,0.2057287820923231,-0.19011691064370673,0.19011691064370673,-48.02803570493476
Raw EEG Phase-Locking Value Change,Gamma,,CP5,PO9,0.33072212313205257,0.09111655272348354,-0.23960557040856903,0.23960557040856903,-72.44921148286714
Raw EEG Phase-Locking Value Change,Gamma,,CP5,PO10,0.3058594257044595,0.06784001672718729,-0.23801940897727222,0.23801940897727222,-77.81987049412086
Raw EEG Phase-Locking Value Change,Gamma,,CP6,P3,0.4874345156499901,0.27354727292888475,-0.21388724272110532,0.21388724272110532,-43.880200489267445
Raw EEG Phase-Locking Value Change,Gamma,,CP6,Pz,0.5515473302021823,0.40019141489419296,-0.1513559153079893,0.1513559153079893,-27.442053840149374
Raw EEG Phase-Locking Value Change,Gamma,,CP6,P4,0.6169902767526201,0.5404576421593221,-0.07653263459329795,0.07653263459329795,-12.404188117211355
Raw EEG Phase-Locking Value Change,Gamma,,CP6,P7,0.29588071123357657,0.1260553975584135,-0.16982531367516307,0.16982531367516307,-57.396547739503774
Raw EEG Phase-Locking Value Change,Gamma,,CP6,P8,0.6291858363916105,0.5827036998218762,-0.04648213656973432,0.04648213656973432,-7.387664165536532
Raw EEG Phase-Locking Value Change,Gamma,,CP6,O1,0.43534666268344785,0.24931053432568936,-0.18603612835775848,0.18603612835775848,-42.73287113562424
Raw EEG Phase-Locking Value Change,Gamma,,CP6,Oz,0.49619475894993054,0.3348793641677046,-0.16131539478222595,0.16131539478222595,-32.510499531193915
Raw EEG Phase-Locking Value Change,Gamma,,CP6,O2,0.525406286886447,0.37979057069289124,-0.14561571619355573,0.14561571619355573,-27.714878909514614
Raw EEG Phase-Locking Value Change,Gamma,,CP6,PO9,0.24803950640681502,0.07351225605791764,-0.17452725034889738,0.17452725034889738,-70.36268249246207
Raw EEG Phase-Locking Value Change,Gamma,,CP6,PO10,0.5187471245521345,0.38885752705159604,-0.1298895975005384,0.1298895975005384,-25.039097346839252
Raw EEG Phase-Locking Value Change,Gamma,,P3,Pz,0.7408651002763343,0.5579842307140347,-0.18288086956229965,0.18288086956229965,-24.684773178556682
Raw EEG Phase-Locking Value Change,Gamma,,P3,P4,0.7077963091099482,0.4695732905993735,-0.23822301851057465,0.23822301851057465,-33.65700208441881
Raw EEG Phase-Locking Value Change,Gamma,,P3,P7,0.5808738590682809,0.4478355119001395,-0.13303834716814145,0.13303834716814145,-22.903138967474685
Raw EEG Phase-Locking Value Change,Gamma,,P3,P8,0.5007011768880554,0.3497233344178545,-0.15097784247020085,0.15097784247020085,-30.153282923869746
Raw EEG Phase-Locking Value Change,Gamma,,P3,O1,0.6995271489210051,0.5311879670301023,-0.1683391818909028,0.1683391818909028,-24.064710304747972
Raw EEG Phase-Locking Value Change,Gamma,,P3,Oz,0.6835639646670864,0.5358825890298221,-0.14768137563726424,0.14768137563726424,-21.60461687139827
Raw EEG Phase-Locking Value Change,Gamma,,P3,O2,0.6303408065209297,0.48330197132510705,-0.14703883519582267,0.14703883519582267,-23.32687867812036
Raw EEG Phase-Locking Value Change,Gamma,,P3,PO9,0.47596659773691025,0.24717747822461966,-0.22878911951229058,0.22878911951229058,-48.06831416324584
Raw EEG Phase-Locking Value Change,Gamma,,P3,PO10,0.4849775356001353,0.26428698292890246,-0.22069055267123283,0.22069055267123283,-45.50531446742979
Raw EEG Phase-Locking Value Change,Gamma,,Pz,P4,0.7661818130896403,0.5735424945539688,-0.1926393185356715,0.1926393185356715,-25.142768367060345
Raw EEG Phase-Locking Value Change,Gamma,,Pz,P7,0.5629784968143003,0.3517230588830916,-0.21125543793120877,0.21125543793120877,-37.524601583653705
Raw EEG Phase-Locking Value Change,Gamma,,Pz,P8,0.5469837858540739,0.4596378964780105,-0.08734588937606341,0.08734588937606341,-15.968643245919877
Raw EEG Phase-Locking Value Change,Gamma,,Pz,O1,0.7038713437920081,0.48857513612110354,-0.21529620767090457,0.21529620767090457,-30.587437543774186
Raw EEG Phase-Locking Value Change,Gamma,,Pz,Oz,0.7403349733692243,0.5348502377758396,-0.20548473559338465,0.20548473559338465,-27.755643456668643
Raw EEG Phase-Locking Value Change,Gamma,,Pz,O2,0.6909798748635908,0.5158385147615335,-0.17514136010205728,0.17514136010205728,-25.346810590776276
Raw EEG Phase-Locking Value Change,Gamma,,Pz,PO9,0.4624696358420464,0.20516743155670422,-0.25730220428534223,0.25730220428534223,-55.636561699203575
Raw EEG Phase-Locking Value Change,Gamma,,Pz,PO10,0.5526806012452881,0.34124922384025286,-0.2114313774050352,0.2114313774050352,-38.25561760782676
Raw EEG Phase-Locking Value Change,Gamma,,P4,P7,0.5145130848267631,0.28075566547866865,-0.2337574193480944,0.2337574193480944,-45.432745296808285
Raw EEG Phase-Locking Value Change,Gamma,,P4,P8,0.6108466882335277,0.6262286554527221,0.015381967219194381,0.015381967219194381,2.5181387597723752
Raw EEG Phase-Locking Value Change,Gamma,,P4,O1,0.677643325089396,0.46871122482704236,-0.2089321002623536,0.2089321002623536,-30.832163842946564
Raw EEG Phase-Locking Value Change,Gamma,,P4,Oz,0.739238394433796,0.5692346348627951,-0.1700037595710009,0.1700037595710009,-22.99714961385517
Raw EEG Phase-Locking Value Change,Gamma,,P4,O2,0.7227561266053741,0.5974564686931915,-0.12529965791218267,0.12529965791218267,-17.336367455048425
Raw EEG Phase-Locking Value Change,Gamma,,P4,PO9,0.4180095921267154,0.16815413146741343,-0.24985546065930198,0.24985546065930198,-59.77266200713423
Raw EEG Phase-Locking Value Change,Gamma,,P4,PO10,0.5921603395118304,0.4517989978281946,-0.14036134168363584,0.14036134168363584,-23.703266213226637
Raw EEG Phase-Locking Value Change,Gamma,,P7,P8,0.30038416855028227,0.19920520163636937,-0.1011789669139129,0.1011789669139129,-33.68318889847759
Raw EEG Phase-Locking Value Change,Gamma,,P7,O1,0.5860287612342658,0.47452259383550066,-0.11150616739876518,0.11150616739876518,-19.02742233400221
Raw EEG Phase-Locking Value Change,Gamma,,P7,Oz,0.543075794683671,0.42454134677572547,-0.11853444790794548,0.11853444790794548,-21.82650176426829
Raw EEG Phase-Locking Value Change,Gamma,,P7,O2,0.4609972089443319,0.3517628047384175,-0.1092344042059144,0.1092344042059144,-23.695241985533386
Raw EEG Phase-Locking Value Change,Gamma,,P7,PO9,0.530089470170447,0.3718458309788656,-0.15824363919158146,0.15824363919158146,-29.852251005985686
Raw EEG Phase-Locking Value Change,Gamma,,P7,PO10,0.33537807320071655,0.17055486374029294,-0.16482320946042361,0.16482320946042361,-49.14549358800224
Raw EEG Phase-Locking Value Change,Gamma,,P8,O1,0.4943021191803011,0.39283223541008344,-0.10146988377021765,0.10146988377021765,-20.527907899420843
Raw EEG Phase-Locking Value Change,Gamma,,P8,Oz,0.5717601021858052,0.5275198433633158,-0.04424025882248939,0.04424025882248939,-7.737556127711865
Raw EEG Phase-Locking Value Change,Gamma,,P8,O2,0.6647461955942184,0.6107691936683254,-0.05397700192589305,0.05397700192589305,-8.119941457903773
Raw EEG Phase-Locking Value Change,Gamma,,P8,PO9,0.26494263374305616,0.1443394551083413,-0.12060317863471484,0.12060317863471484,-45.520487560215365
Raw EEG Phase-Locking Value Change,Gamma,,P8,PO10,0.7050076315272531,0.6053760161332585,-0.09963161539399457,0.09963161539399457,-14.131991050673209
Raw EEG Phase-Locking Value Change,Gamma,,O1,Oz,0.7693969008039498,0.7190835611509526,-0.050313339652997224,0.050313339652997224,-6.539321850715068
Raw EEG Phase-Locking Value Change,Gamma,,O1,O2,0.668128091473988,0.6090764240697719,-0.05905166740421608,0.05905166740421608,-8.838375179516774
Raw EEG Phase-Locking Value Change,Gamma,,O1,PO9,0.5605084346352135,0.442177094559173,-0.11833134007604051,0.11833134007604051,-21.111428974847126
Raw EEG Phase-Locking Value Change,Gamma,,O1,PO10,0.49853321998656763,0.3522806796873911,-0.14625254029917656,0.14625254029917656,-29.336568644937472
Raw EEG Phase-Locking Value Change,Gamma,,Oz,O2,0.7886336035560779,0.7598311809985664,-0.02880242255751153,0.02880242255751153,-3.6521931639276715
Raw EEG Phase-Locking Value Change,Gamma,,Oz,PO9,0.46506651097666246,0.3382810130262552,-0.12678549795040728,0.12678549795040728,-27.261799110013644
Raw EEG Phase-Locking Value Change,Gamma,,Oz,PO10,0.6105461181656714,0.47135900123610824,-0.13918711692956315,0.13918711692956315,-22.797150418012286
Raw EEG Phase-Locking Value Change,Gamma,,O2,PO9,0.35267838180834327,0.242341131262053,-0.11033725054629026,0.11033725054629026,-31.285515709962358
Raw EEG Phase-Locking Value Change,Gamma,,O2,PO10,0.7132292515772053,0.5472170448232647,-0.16601220675394057,0.16601220675394057,-23.27613546231147
Raw EEG Phase-Locking Value Change,Gamma,,PO9,PO10,0.2663452158982082,0.219631490095925,-0.046713725802283196,0.046713725802283196,-17.538789140532653
