Track,Matched_Index,Progress_0_to_1,Baseline_Shannon_Entropy,Modulation_Shannon_Entropy,Delta_Shannon_Entropy_ModMinusBase,Baseline_Lempel_Ziv_Complexity,Modulation_Lempel_Ziv_Complexity,Delta_Lempel_Ziv_Complexity_ModMinusBase,Baseline_RegionalFlux_L2_per_s,Modulation_RegionalFlux_L2_per_s,Delta_RegionalFlux_L2_ModMinusBase,Matched_Progress_Min,Matched_Progress_Max,Baseline_Observed_Progress_Min,Baseline_Observed_Progress_Max,Modulation_Observed_Progress_Min,Modulation_Observed_Progress_Max,Baseline_Flux_Source,Modulation_Flux_Source,Direct_Window_Positions_Identical,Interpolation_Required,Band
POW_Band_MatchingBandBaselineStandardisedFlux,0,0.0,3.36316462,2.802967559,-0.5601970610000002,0.2348092594,0.3130790125,0.07826975309999998,0.8085111373479641,1.2592401893297422,0.45072905198177815,0.0,1.0,0.0,1.0,0.0,1.0,Script18_MatchingBand_L2_BaselineStandardised,Script18_MatchingBand_L2_BaselineStandardised,True,False,Alpha
POW_Band_MatchingBandBaselineStandardisedFlux,1,0.005555555555555556,2.994682268,1.380613003,-1.6140692650000001,0.4741446071,0.6321928095,0.1580482024,4.497960711400951,1.4832134632006109,-3.0147472482003406,0.0,1.0,0.0,1.0,0.0,1.0,Script18_MatchingBand_L2_BaselineStandardised,Script18_MatchingBand_L2_BaselineStandardised,True,False,Alpha
POW_Band_MatchingBandBaselineStandardisedFlux,2,0.011111111111111112,2.932692129,3.283434456,0.3507423270000003,0.4741446071,0.6321928095,0.1580482024,1.0492203423450888,2.021898005867664,0.9726776635225751,0.0,1.0,0.0,1.0,0.0,1.0,Script18_MatchingBand_L2_BaselineStandardised,Script18_MatchingBand_L2_BaselineStandardised,True,False,Alpha
POW_Band_MatchingBandBaselineStandardisedFlux,3,0.016666666666666666,3.785079267,3.321998757,-0.46308051000000017,0.6321928095,0.5531687083,-0.07902410120000003,4.040071539947947,3.990750724364,-0.04932081558394685,0.0,1.0,0.0,1.0,0.0,1.0,Script18_MatchingBand_L2_BaselineStandardised,Script18_MatchingBand_L2_BaselineStandardised,True,False,Alpha
POW_Band_MatchingBandBaselineStandardisedFlux,4,0.022222222222222223,3.020455626,3.847661604,0.8272059779999998,0.5531687083,0.6321928095,0.07902410120000003,3.0751299117822137,3.584260416837508,0.5091305050552943,0.0,1.0,0.0,1.0,0.0,1.0,Script18_MatchingBand_L2_BaselineStandardised,Script18_MatchingBand_L2_BaselineStandardised,True,False,Alpha
POW_Band_MatchingBandBaselineStandardisedFlux,5,0.02777777777777778,3.394607618,3.6173283779999985,0.2227207599999983,0.5531687083000001,0.47414460710000017,-0.07902410119999992,2.8857733568687074,4.1435674037836225,1.2577940469149151,0.0,1.0,0.0,1.0,0.0,1.0,Script18_MatchingBand_L2_BaselineStandardised,Script18_MatchingBand_L2_BaselineStandardised,True,False,Alpha
POW_Band_MatchingBandBaselineStandardisedFlux,6,0.03333333333333333,3.722226994,1.764687071,-1.9575399230000001,0.7112169107,0.7112169107,0.0,4.349664450220669,1.351813633058283,-2.9978508171623863,0.0,1.0,0.0,1.0,0.0,1.0,Script18_MatchingBand_L2_BaselineStandardised,Script18_MatchingBand_L2_BaselineStandardised,True,False,Alpha
POW_Band_MatchingBandBaselineStandardisedFlux,7,0.03888888888888889,3.847898841,1.496387227,-2.351511614,0.4741446071,0.5531687083,0.07902410119999997,3.991467233247733,1.27631858898568,-2.7151486442620527,0.0,1.0,0.0,1.0,0.0,1.0,Script18_MatchingBand_L2_BaselineStandardised,Script18_MatchingBand_L2_BaselineStandardised,True,False,Alpha
POW_Band_MatchingBandBaselineStandardisedFlux,8,0.044444444444444446,3.065356855,1.236160254,-1.829196601,0.6321928095,0.7902410119,0.15804820239999995,3.4366001023861257,1.1859326972107695,-2.2506674051753564,0.0,1.0,0.0,1.0,0.0,1.0,Script18_MatchingBand_L2_BaselineStandardised,Script18_MatchingBand_L2_BaselineStandardised,True,False,Alpha
POW_Band_MatchingBandBaselineStandardisedFlux,9,0.05,3.510556841,1.252773616,-2.257783225,0.6321928095,0.3951205059,-0.23707230360000003,3.958924074388343,0.07073172034058164,-3.8881923540477614,0.0,1.0,0.0,1.0,0.0,1.0,Script18_MatchingBand_L2_BaselineStandardised,Script18_MatchingBand_L2_BaselineStandardised,True,False,Alpha
POW_Band_MatchingBandBaselineStandardisedFlux,10,0.05555555555555556,4.1776898959999995,2.2730511740000017,-1.9046387219999978,0.6321928094999998,0.3951205059,-0.2370723035999998,5.51179195645007,1.0721787920102737,-4.4396131644397965,0.0,1.0,0.0,1.0,0.0,1.0,Script18_MatchingBand_L2_BaselineStandardised,Script18_MatchingBand_L2_BaselineStandardised,True,False,Alpha
POW_Band_MatchingBandBaselineStandardisedFlux,11,0.061111111111111116,3.4053968089999995,3.569990871,0.16459406200000037,0.4741446071000002,0.39512050589999986,-0.07902410120000036,3.898462929462274,3.084983111946616,-0.8134798175156583,0.0,1.0,0.0,1.0,0.0,1.0,Script18_MatchingBand_L2_BaselineStandardised,Script18_MatchingBand_L2_BaselineStandardised,True,False,Alpha
POW_Band_MatchingBandBaselineStandardisedFlux,12,0.06666666666666667,3.001599777,3.471561071,0.469961294,0.6321928095,0.3160964047,-0.3160964048,4.31816162545433,2.129915767792741,-2.188245857661589,0.0,1.0,0.0,1.0,0.0,1.0,Script18_MatchingBand_L2_BaselineStandardised,Script18_MatchingBand_L2_BaselineStandardised,True,False,Alpha
POW_Band_MatchingBandBaselineStandardisedFlux,13,0.07222222222222223,3.8469987570000006,3.2233778719999995,-0.6236208850000011,0.6321928094999998,0.2370723036000012,-0.3951205058999986,4.663906345642326,3.587791286703868,-1.0761150589384583,0.0,1.0,0.0,1.0,0.0,1.0,Script18_MatchingBand_L2_BaselineStandardised,Script18_MatchingBand_L2_BaselineStandardised,True,False,Alpha
POW_Band_MatchingBandBaselineStandardisedFlux,14,0.07777777777777778,4.096762239,3.102248464,-0.9945137750000002,0.5531687083,0.7112169107,0.15804820240000006,4.832524369349834,3.572779713815728,-1.2597446555341056,0.0,1.0,0.0,1.0,0.0,1.0,Script18_MatchingBand_L2_BaselineStandardised,Script18_MatchingBand_L2_BaselineStandardised,True,False,Alpha
POW_Band_MatchingBandBaselineStandardisedFlux,15,0.08333333333333334,3.684682773999999,3.1737230070000013,-0.5109597669999979,0.6321928094999998,0.9482892141999995,0.31609640469999967,4.820985292419522,4.30387392561584,-0.5171113668036815,0.0,1.0,0.0,1.0,0.0,1.0,Script18_MatchingBand_L2_BaselineStandardised,Script18_MatchingBand_L2_BaselineStandardised,True,False,Alpha
POW_Band_MatchingBandBaselineStandardisedFlux,16,0.08888888888888889,3.293996129,3.74401337,0.45001724099999985,0.5531687083,0.7112169107,0.15804820240000006,4.120048205587066,6.051987532786482,1.9319393271994159,0.0,1.0,0.0,1.0,0.0,1.0,Script18_MatchingBand_L2_BaselineStandardised,Script18_MatchingBand_L2_BaselineStandardised,True,False,Alpha
POW_Band_MatchingBandBaselineStandardisedFlux,17,0.09444444444444444,3.450173545,3.792851428,0.3426778829999999,0.7112169107,0.6321928095,-0.07902410120000003,3.3050417932812586,5.134919476133829,1.8298776828525707,0.0,1.0,0.0,1.0,0.0,1.0,Script18_MatchingBand_L2_BaselineStandardised,Script18_MatchingBand_L2_BaselineStandardised,True,False,Alpha
POW_Band_MatchingBandBaselineStandardisedFlux,18,0.1,3.350788852,3.527418881,0.17663002900000002,0.6321928095,0.5531687083,-0.07902410120000003,3.90568775360207,3.4110647104814102,-0.49462304312065974,0.0,1.0,0.0,1.0,0.0,1.0,Script18_MatchingBand_L2_BaselineStandardised,Script18_MatchingBand_L2_BaselineStandardised,True,False,Alpha
POW_Band_MatchingBandBaselineStandardisedFlux,19,0.10555555555555556,3.302868795,3.865487692,0.5626188969999997,0.6321928095,0.3951205059,-0.23707230360000003,2.9982892320931267,5.11837546728704,2.120086235193913,0.0,1.0,0.0,1.0,0.0,1.0,Script18_MatchingBand_L2_BaselineStandardised,Script18_MatchingBand_L2_BaselineStandardised,True,False,Alpha
POW_Band_MatchingBandBaselineStandardisedFlux,20,0.11111111111111112,3.640664686000002,3.469026611,-0.17163807500000194,0.3951205059000006,0.6321928095000006,0.23707230359999998,5.027937814053891,3.789759392252314,-1.2381784218015768,0.0,1.0,0.0,1.0,0.0,1.0,Script18_MatchingBand_L2_BaselineStandardised,Script18_MatchingBand_L2_BaselineStandardised,True,False,Alpha
POW_Band_MatchingBandBaselineStandardisedFlux,21,0.11666666666666667,4.308294659,3.438824222,-0.8694704370000004,0.6321928095,0.869265113,0.23707230349999997,9.667352077475332,4.218830406446351,-5.448521671028981,0.0,1.0,0.0,1.0,0.0,1.0,Script18_MatchingBand_L2_BaselineStandardised,Script18_MatchingBand_L2_BaselineStandardised,True,False,Alpha
POW_Band_MatchingBandBaselineStandardisedFlux,22,0.12222222222222223,4.065724929999997,3.535475297000001,-0.5302496329999964,0.7902410119,0.4741446071,-0.31609640479999995,6.69602948389358,3.8535760603797353,-2.8424534235138443,0.0,1.0,0.0,1.0,0.0,1.0,Script18_MatchingBand_L2_BaselineStandardised,Script18_MatchingBand_L2_BaselineStandardised,True,False,Alpha
POW_Band_MatchingBandBaselineStandardisedFlux,23,0.1277777777777778,3.0417063460000033,3.929078011,0.8873716649999968,0.7902410118999995,0.47414460710000117,-0.31609640479999834,5.021059440018317,3.7429006951391934,-1.2781587448791236,0.0,1.0,0.0,1.0,0.0,1.0,Script18_MatchingBand_L2_BaselineStandardised,Script18_MatchingBand_L2_BaselineStandardised,True,False,Alpha
POW_Band_MatchingBandBaselineStandardisedFlux,24,0.13333333333333333,3.730003435,3.913514105,0.18351067,0.7112169107,0.7112169107,0.0,7.636858011587206,6.168981072666853,-1.4678769389203534,0.0,1.0,0.0,1.0,0.0,1.0,Script18_MatchingBand_L2_BaselineStandardised,Script18_MatchingBand_L2_BaselineStandardised,True,False,Alpha
POW_Band_MatchingBandBaselineStandardisedFlux,25,0.1388888888888889,4.323133296,3.409086589,-0.9140467069999998,0.7112169107,0.7112169107,0.0,7.991973265184187,6.167527777649879,-1.824445487534308,0.0,1.0,0.0,1.0,0.0,1.0,Script18_MatchingBand_L2_BaselineStandardised,Script18_MatchingBand_L2_BaselineStandardised,True,False,Alpha
POW_Band_MatchingBandBaselineStandardisedFlux,26,0.14444444444444446,4.0297841589999965,3.8429441479999973,-0.18684001099999925,0.7112169107000005,0.3160964047000004,-0.3951205060000001,6.792546891482056,5.459608174379556,-1.3329387171024996,0.0,1.0,0.0,1.0,0.0,1.0,Script18_MatchingBand_L2_BaselineStandardised,Script18_MatchingBand_L2_BaselineStandardised,True,False,Alpha
POW_Band_MatchingBandBaselineStandardisedFlux,27,0.15,3.310589077,3.346811842,0.03622276500000021,0.7902410119,0.3951205059,-0.395120506,4.22221626329992,3.4744678290792015,-0.7477484342207186,0.0,1.0,0.0,1.0,0.0,1.0,Script18_MatchingBand_L2_BaselineStandardised,Script18_MatchingBand_L2_BaselineStandardised,True,False,Alpha
POW_Band_MatchingBandBaselineStandardisedFlux,28,0.15555555555555556,3.355253194,3.427703136,0.07244994199999999,0.6321928095,1.027313315,0.3951205055,3.353182439895176,4.540993881265061,1.187811441369885,0.0,1.0,0.0,1.0,0.0,1.0,Script18_MatchingBand_L2_BaselineStandardised,Script18_MatchingBand_L2_BaselineStandardised,True,False,Alpha
POW_Band_MatchingBandBaselineStandardisedFlux,29,0.16111111111111112,4.161400721,3.186973374,-0.9744273469999998,0.5531687083,0.869265113,0.3160964047,4.066973290618505,4.99073028964872,0.923756999030215,0.0,1.0,0.0,1.0,0.0,1.0,Script18_MatchingBand_L2_BaselineStandardised,Script18_MatchingBand_L2_BaselineStandardised,True,False,Alpha
POW_Band_MatchingBandBaselineStandardisedFlux,30,0.16666666666666669,3.8356775160000014,3.677433662999999,-0.15824385300000232,0.6321928094999996,0.7112169106999988,0.07902410119999925,5.54531257253467,5.218776678178493,-0.32653589435617736,0.0,1.0,0.0,1.0,0.0,1.0,Script18_MatchingBand_L2_BaselineStandardised,Script18_MatchingBand_L2_BaselineStandardised,True,False,Alpha
POW_Band_MatchingBandBaselineStandardisedFlux,31,0.17222222222222222,4.139711066,3.507997063,-0.6317140030000004,0.5531687083,0.4741446071,-0.07902410119999997,5.382909748149005,4.002003579759319,-1.3809061683896857,0.0,1.0,0.0,1.0,0.0,1.0,Script18_MatchingBand_L2_BaselineStandardised,Script18_MatchingBand_L2_BaselineStandardised,True,False,Alpha
POW_Band_MatchingBandBaselineStandardisedFlux,32,0.17777777777777778,4.227890051,3.438697203,-0.7891928480000003,0.7902410119,0.6321928095,-0.15804820239999995,6.270577976437208,5.350828977297224,-0.9197489991399834,0.0,1.0,0.0,1.0,0.0,1.0,Script18_MatchingBand_L2_BaselineStandardised,Script18_MatchingBand_L2_BaselineStandardised,True,False,Alpha
POW_Band_MatchingBandBaselineStandardisedFlux,33,0.18333333333333335,3.8787551170000008,3.481228591999995,-0.39752652500000574,0.5531687083,0.6321928095000005,0.07902410120000047,4.110886753998133,3.453866538957455,-0.6570202150406779,0.0,1.0,0.0,1.0,0.0,1.0,Script18_MatchingBand_L2_BaselineStandardised,Script18_MatchingBand_L2_BaselineStandardised,True,False,Alpha
POW_Band_MatchingBandBaselineStandardisedFlux,34,0.18888888888888888,4.039188016,2.545562289,-1.493625727,0.5531687083,0.7112169107,0.15804820240000006,5.338579943051263,2.7502739690198363,-2.5883059740314267,0.0,1.0,0.0,1.0,0.0,1.0,Script18_MatchingBand_L2_BaselineStandardised,Script18_MatchingBand_L2_BaselineStandardised,True,False,Alpha
POW_Band_MatchingBandBaselineStandardisedFlux,35,0.19444444444444445,4.108260359,4.584017864,0.4757575049999998,0.6321928095,0.4741446071,-0.1580482024,5.3352088469342664,7.642147749630776,2.3069389026965093,0.0,1.0,0.0,1.0,0.0,1.0,Script18_MatchingBand_L2_BaselineStandardised,Script18_MatchingBand_L2_BaselineStandardised,True,False,Alpha
POW_Band_MatchingBandBaselineStandardisedFlux,36,0.2,4.243744616,3.47356997,-0.7701746460000001,0.5531687083,0.6321928095,0.07902410120000003,8.066224172005494,4.6306537194228525,-3.435570452582642,0.0,1.0,0.0,1.0,0.0,1.0,Script18_MatchingBand_L2_BaselineStandardised,Script18_MatchingBand_L2_BaselineStandardised,True,False,Alpha
POW_Band_MatchingBandBaselineStandardisedFlux,37,0.20555555555555557,3.68266211,3.7557980219999982,0.07313591199999836,0.6321928094999992,0.7112169106999988,0.07902410119999959,4.736829643117912,4.998057096634812,0.26122745351690035,0.0,1.0,0.0,1.0,0.0,1.0,Script18_MatchingBand_L2_BaselineStandardised,Script18_MatchingBand_L2_BaselineStandardised,True,False,Alpha
POW_Band_MatchingBandBaselineStandardisedFlux,38,0.2111111111111111,3.712651103,3.411305344,-0.3013457589999997,0.4741446071,0.4741446071,0.0,3.782345773344651,4.653415400561581,0.8710696272169303,0.0,1.0,0.0,1.0,0.0,1.0,Script18_MatchingBand_L2_BaselineStandardised,Script18_MatchingBand_L2_BaselineStandardised,True,False,Alpha
POW_Band_MatchingBandBaselineStandardisedFlux,39,0.21666666666666667,4.456521227,2.940340958,-1.5161802689999995,0.4741446071,0.5531687083,0.07902410119999997,6.546227269351892,2.4286392243877177,-4.117588044964174,0.0,1.0,0.0,1.0,0.0,1.0,Script18_MatchingBand_L2_BaselineStandardised,Script18_MatchingBand_L2_BaselineStandardised,True,False,Alpha
POW_Band_MatchingBandBaselineStandardisedFlux,40,0.22222222222222224,4.020515983999999,3.7270573470000006,-0.29345863699999875,0.6321928094999988,0.5531687083,-0.07902410119999881,10.67945842712064,3.7240349935589694,-6.95542343356167,0.0,1.0,0.0,1.0,0.0,1.0,Script18_MatchingBand_L2_BaselineStandardised,Script18_MatchingBand_L2_BaselineStandardised,True,False,Alpha
POW_Band_MatchingBandBaselineStandardisedFlux,41,0.22777777777777777,3.803415165,3.843776852,0.04036168699999987,0.3951205059,0.5531687083,0.1580482024,5.8088591785868875,5.146597167789695,-0.6622620107971926,0.0,1.0,0.0,1.0,0.0,1.0,Script18_MatchingBand_L2_BaselineStandardised,Script18_MatchingBand_L2_BaselineStandardised,True,False,Alpha
POW_Band_MatchingBandBaselineStandardisedFlux,42,0.23333333333333334,3.601389501,3.363085713,-0.23830378800000007,0.4741446071,0.3951205059,-0.07902410120000003,6.289450495930739,1.971810320683442,-4.317640175247297,0.0,1.0,0.0,1.0,0.0,1.0,Script18_MatchingBand_L2_BaselineStandardised,Script18_MatchingBand_L2_BaselineStandardised,True,False,Alpha
POW_Band_MatchingBandBaselineStandardisedFlux,43,0.2388888888888889,3.543813215,3.816402954,0.27258973899999983,0.5531687083,0.5531687083,0.0,4.634128409035372,4.709308436007628,0.07518002697225601,0.0,1.0,0.0,1.0,0.0,1.0,Script18_MatchingBand_L2_BaselineStandardised,Script18_MatchingBand_L2_BaselineStandardised,True,False,Alpha
POW_Band_MatchingBandBaselineStandardisedFlux,44,0.24444444444444446,3.132280921000002,3.3764065589999985,0.24412563799999631,0.7112169106999985,0.6321928095,-0.07902410119999848,3.8383434131653433,4.342489629157321,0.5041462159919781,0.0,1.0,0.0,1.0,0.0,1.0,Script18_MatchingBand_L2_BaselineStandardised,Script18_MatchingBand_L2_BaselineStandardised,True,False,Alpha
POW_Band_MatchingBandBaselineStandardisedFlux,45,0.25,3.591282279,3.143864573,-0.44741770599999997,0.3951205059,0.6321928095,0.23707230360000003,4.137221868896587,4.436962922937662,0.29974105404107476,0.0,1.0,0.0,1.0,0.0,1.0,Script18_MatchingBand_L2_BaselineStandardised,Script18_MatchingBand_L2_BaselineStandardised,True,False,Alpha
POW_Band_MatchingBandBaselineStandardisedFlux,46,0.2555555555555556,4.128824434999999,2.858290619000001,-1.2705338159999986,0.5531687082999984,0.6321928095000023,0.07902410120000392,5.082561841345215,4.226360205220603,-0.8562016361246121,0.0,1.0,0.0,1.0,0.0,1.0,Script18_MatchingBand_L2_BaselineStandardised,Script18_MatchingBand_L2_BaselineStandardised,True,False,Alpha
POW_Band_MatchingBandBaselineStandardisedFlux,47,0.2611111111111111,4.022373728,2.964510911,-1.0578628169999997,0.3951205059,0.869265113,0.4741446071,4.95115303503743,4.393694945040515,-0.5574580899969153,0.0,1.0,0.0,1.0,0.0,1.0,Script18_MatchingBand_L2_BaselineStandardised,Script18_MatchingBand_L2_BaselineStandardised,True,False,Alpha
POW_Band_MatchingBandBaselineStandardisedFlux,48,0.26666666666666666,3.950918528,3.739506586,-0.2114119419999998,0.5531687083,0.5531687083,0.0,5.97523436649824,4.26079061991703,-1.7144437465812103,0.0,1.0,0.0,1.0,0.0,1.0,Script18_MatchingBand_L2_BaselineStandardised,Script18_MatchingBand_L2_BaselineStandardised,True,False,Alpha
POW_Band_MatchingBandBaselineStandardisedFlux,49,0.27222222222222225,3.521236928000001,3.2489983619999996,-0.2722385660000013,0.6321928095000016,0.6321928094999992,-2.3314683517128287e-15,4.771702012269421,3.7852570192032653,-0.9864449930661561,0.0,1.0,0.0,1.0,0.0,1.0,Script18_MatchingBand_L2_BaselineStandardised,Script18_MatchingBand_L2_BaselineStandardised,True,False,Alpha
POW_Band_MatchingBandBaselineStandardisedFlux,50,0.2777777777777778,3.607822967,3.192784174,-0.41503879300000035,0.7902410119,0.5531687083,-0.23707230359999998,6.613874795030297,4.179472102760618,-2.4344026922696784,0.0,1.0,0.0,1.0,0.0,1.0,Script18_MatchingBand_L2_BaselineStandardised,Script18_MatchingBand_L2_BaselineStandardised,True,False,Alpha
POW_Band_MatchingBandBaselineStandardisedFlux,51,0.2833333333333333,4.346073333,3.575212381,-0.7708609519999996,0.6321928095,0.5531687083,-0.07902410120000003,7.283129748904379,4.698300099247202,-2.584829649657177,0.0,1.0,0.0,1.0,0.0,1.0,Script18_MatchingBand_L2_BaselineStandardised,Script18_MatchingBand_L2_BaselineStandardised,True,False,Alpha
POW_Band_MatchingBandBaselineStandardisedFlux,52,0.2888888888888889,3.2057591859999963,3.7215984469999985,0.5158392610000022,0.7112169106999993,0.7112169107,7.771561172376096e-16,3.0090456989017174,5.677622093152441,2.6685763942507235,0.0,1.0,0.0,1.0,0.0,1.0,Script18_MatchingBand_L2_BaselineStandardised,Script18_MatchingBand_L2_BaselineStandardised,True,False,Alpha
POW_Band_MatchingBandBaselineStandardisedFlux,53,0.29444444444444445,2.827998075,3.566282279,0.7382842040000002,0.6321928095,0.7112169107,0.07902410120000003,3.2853366729371447,4.657885830346045,1.3725491574089,0.0,1.0,0.0,1.0,0.0,1.0,Script18_MatchingBand_L2_BaselineStandardised,Script18_MatchingBand_L2_BaselineStandardised,True,False,Alpha
POW_Band_MatchingBandBaselineStandardisedFlux,54,0.3,3.027920152,3.423260316,0.3953401639999998,0.4741446071,0.6321928095,0.1580482024,3.30550761252067,4.913531558706792,1.6080239461861217,0.0,1.0,0.0,1.0,0.0,1.0,Script18_MatchingBand_L2_BaselineStandardised,Script18_MatchingBand_L2_BaselineStandardised,True,False,Alpha
POW_Band_MatchingBandBaselineStandardisedFlux,55,0.3055555555555556,3.243142086,3.298585486,0.0554433999999997,0.9482892142,0.6321928095,-0.3160964047,5.336854990253803,4.062994749406588,-1.273860240847215,0.0,1.0,0.0,1.0,0.0,1.0,Script18_MatchingBand_L2_BaselineStandardised,Script18_MatchingBand_L2_BaselineStandardised,True,False,Alpha
POW_Band_MatchingBandBaselineStandardisedFlux,56,0.3111111111111111,2.970543346,3.844990871,0.8744475249999999,0.5531687083,0.5531687083,0.0,2.5148892753431378,5.314792135439831,2.799902860096693,0.0,1.0,0.0,1.0,0.0,1.0,Script18_MatchingBand_L2_BaselineStandardised,Script18_MatchingBand_L2_BaselineStandardised,True,False,Alpha
POW_Band_MatchingBandBaselineStandardisedFlux,57,0.31666666666666665,3.904426965,3.336142386,-0.5682845789999997,0.6321928095,0.7112169107,0.07902410120000003,4.445851366555714,2.9331697591405934,-1.5126816074151206,0.0,1.0,0.0,1.0,0.0,1.0,Script18_MatchingBand_L2_BaselineStandardised,Script18_MatchingBand_L2_BaselineStandardised,True,False,Alpha
POW_Band_MatchingBandBaselineStandardisedFlux,58,0.32222222222222224,2.89229336,3.163133379,0.270840019,0.4741446071,0.4741446071,0.0,3.648652269051106,3.9180950538244694,0.26944278477336336,0.0,1.0,0.0,1.0,0.0,1.0,Script18_MatchingBand_L2_BaselineStandardised,Script18_MatchingBand_L2_BaselineStandardised,True,False,Alpha
POW_Band_MatchingBandBaselineStandardisedFlux,59,0.3277777777777778,3.670601641,3.275485981,-0.3951156600000001,0.3160964047,0.3951205059,0.07902410119999997,5.543333422180053,3.2500172858629295,-2.2933161363171237,0.0,1.0,0.0,1.0,0.0,1.0,Script18_MatchingBand_L2_BaselineStandardised,Script18_MatchingBand_L2_BaselineStandardised,True,False,Alpha
POW_Band_MatchingBandBaselineStandardisedFlux,60,0.33333333333333337,3.996884978000004,3.2348448119999955,-0.7620401660000087,0.39512050590000314,0.7902410118999992,0.39512050599999604,4.228045813779739,3.014012580099941,-1.2140332336797983,0.0,1.0,0.0,1.0,0.0,1.0,Script18_MatchingBand_L2_BaselineStandardised,Script18_MatchingBand_L2_BaselineStandardised,True,False,Alpha
POW_Band_MatchingBandBaselineStandardisedFlux,61,0.3388888888888889,4.385031727,2.796620539,-1.5884111880000003,0.7112169107,0.7112169107,0.0,10.327233364734763,3.6069149543552976,-6.720318410379465,0.0,1.0,0.0,1.0,0.0,1.0,Script18_MatchingBand_L2_BaselineStandardised,Script18_MatchingBand_L2_BaselineStandardised,True,False,Alpha
POW_Band_MatchingBandBaselineStandardisedFlux,62,0.34444444444444444,4.41615954,3.592235899,-0.8239236409999999,0.5531687083,0.5531687083,0.0,8.674497562341337,5.161590863506213,-3.512906698835124,0.0,1.0,0.0,1.0,0.0,1.0,Script18_MatchingBand_L2_BaselineStandardised,Script18_MatchingBand_L2_BaselineStandardised,True,False,Alpha
POW_Band_MatchingBandBaselineStandardisedFlux,63,0.35000000000000003,3.648535671000005,3.357892284999997,-0.29064338600000816,0.23707230360000317,0.5531687083000023,0.3160964046999991,3.1788382613095676,4.594546780235699,1.4157085189261318,0.0,1.0,0.0,1.0,0.0,1.0,Script18_MatchingBand_L2_BaselineStandardised,Script18_MatchingBand_L2_BaselineStandardised,True,False,Alpha
POW_Band_MatchingBandBaselineStandardisedFlux,64,0.35555555555555557,4.169065447,3.066443598,-1.1026218490000002,0.5531687083,0.7902410119,0.23707230359999998,7.5423137936285976,4.290495560810005,-3.251818232818593,0.0,1.0,0.0,1.0,0.0,1.0,Script18_MatchingBand_L2_BaselineStandardised,Script18_MatchingBand_L2_BaselineStandardised,True,False,Alpha
POW_Band_MatchingBandBaselineStandardisedFlux,65,0.3611111111111111,4.284106303,3.11906279,-1.1650435129999996,0.6321928095,0.7112169107,0.07902410120000003,8.332959173213734,4.9453595855877825,-3.3875995876259513,0.0,1.0,0.0,1.0,0.0,1.0,Script18_MatchingBand_L2_BaselineStandardised,Script18_MatchingBand_L2_BaselineStandardised,True,False,Alpha
POW_Band_MatchingBandBaselineStandardisedFlux,66,0.3666666666666667,4.255272908999993,3.2704185440000013,-0.9848543649999919,0.7902410118999976,0.4741446071000008,-0.31609640479999684,9.615991032228015,3.2503423201986044,-6.365648712029411,0.0,1.0,0.0,1.0,0.0,1.0,Script18_MatchingBand_L2_BaselineStandardised,Script18_MatchingBand_L2_BaselineStandardised,True,False,Alpha
POW_Band_MatchingBandBaselineStandardisedFlux,67,0.37222222222222223,3.568105005,3.407622811,-0.16048219400000008,0.5531687083,0.5531687083,0.0,5.315953552899035,3.3165169900717157,-1.9994365628273196,0.0,1.0,0.0,1.0,0.0,1.0,Script18_MatchingBand_L2_BaselineStandardised,Script18_MatchingBand_L2_BaselineStandardised,True,False,Alpha
POW_Band_MatchingBandBaselineStandardisedFlux,68,0.37777777777777777,4.274721567,3.56514774,-0.7095738270000003,0.5531687083,0.7112169107,0.15804820240000006,9.198958258251102,6.014687915531228,-3.1842703427198735,0.0,1.0,0.0,1.0,0.0,1.0,Script18_MatchingBand_L2_BaselineStandardised,Script18_MatchingBand_L2_BaselineStandardised,True,False,Alpha
POW_Band_MatchingBandBaselineStandardisedFlux,69,0.38333333333333336,4.199474335,4.173335515,-0.026138819999999896,0.7112169107,0.5531687083,-0.15804820240000006,7.731371763701421,5.523963813805371,-2.2074079498960506,0.0,1.0,0.0,1.0,0.0,1.0,Script18_MatchingBand_L2_BaselineStandardised,Script18_MatchingBand_L2_BaselineStandardised,True,False,Alpha
POW_Band_MatchingBandBaselineStandardisedFlux,70,0.3888888888888889,4.190285473,3.999381615,-0.19090385800000043,0.7112169107,0.5531687083,-0.15804820240000006,7.0960487437022035,6.233980336220892,-0.8620684074813116,0.0,1.0,0.0,1.0,0.0,1.0,Script18_MatchingBand_L2_BaselineStandardised,Script18_MatchingBand_L2_BaselineStandardised,True,False,Alpha
POW_Band_MatchingBandBaselineStandardisedFlux,71,0.3944444444444445,4.324547470999998,4.017965206999997,-0.3065822640000011,0.5531687082999992,0.4741446070999992,-0.07902410119999997,7.385417975241698,5.94289750923871,-1.4425204660029882,0.0,1.0,0.0,1.0,0.0,1.0,Script18_MatchingBand_L2_BaselineStandardised,Script18_MatchingBand_L2_BaselineStandardised,True,False,Alpha
POW_Band_MatchingBandBaselineStandardisedFlux,72,0.4,4.171039034,3.757639869,-0.4133991649999995,0.4741446071,0.3951205059,-0.07902410120000003,7.314226022869228,3.16982607228746,-4.144399950581768,0.0,1.0,0.0,1.0,0.0,1.0,Script18_MatchingBand_L2_BaselineStandardised,Script18_MatchingBand_L2_BaselineStandardised,True,False,Alpha
POW_Band_MatchingBandBaselineStandardisedFlux,73,0.40555555555555556,3.621575324,2.892220943,-0.7293543810000003,0.4741446071,0.7902410119,0.31609640479999995,3.5418981550718676,3.934818891318968,0.39292073624710033,0.0,1.0,0.0,1.0,0.0,1.0,Script18_MatchingBand_L2_BaselineStandardised,Script18_MatchingBand_L2_BaselineStandardised,True,False,Alpha
POW_Band_MatchingBandBaselineStandardisedFlux,74,0.41111111111111115,3.7076964099999956,3.978951454999992,0.2712550449999962,0.7112169106999993,0.7112169106999993,0.0,3.8776226696051777,4.973757086890539,1.0961344172853615,0.0,1.0,0.0,1.0,0.0,1.0,Script18_MatchingBand_L2_BaselineStandardised,Script18_MatchingBand_L2_BaselineStandardised,True,False,Alpha
POW_Band_MatchingBandBaselineStandardisedFlux,75,0.4166666666666667,3.258670974,3.162388526,-0.09628244800000019,0.6321928095,0.6321928095,0.0,4.135774722799091,3.7074711927489004,-0.42830353005019095,0.0,1.0,0.0,1.0,0.0,1.0,Script18_MatchingBand_L2_BaselineStandardised,Script18_MatchingBand_L2_BaselineStandardised,True,False,Alpha
POW_Band_MatchingBandBaselineStandardisedFlux,76,0.4222222222222222,3.667547655,3.275873588,-0.39167406699999985,0.7902410119,0.7902410119,0.0,5.866865046818672,5.489816548833431,-0.37704849798524087,0.0,1.0,0.0,1.0,0.0,1.0,Script18_MatchingBand_L2_BaselineStandardised,Script18_MatchingBand_L2_BaselineStandardised,True,False,Alpha
POW_Band_MatchingBandBaselineStandardisedFlux,77,0.4277777777777778,4.459306459,3.811944955999996,-0.6473615030000035,0.5531687083000008,0.6321928094999992,0.07902410119999848,8.376330929047873,5.480068021777507,-2.8962629072703656,0.0,1.0,0.0,1.0,0.0,1.0,Script18_MatchingBand_L2_BaselineStandardised,Script18_MatchingBand_L2_BaselineStandardised,True,False,Alpha
POW_Band_MatchingBandBaselineStandardisedFlux,78,0.43333333333333335,4.445191026,3.429584003,-1.0156070229999998,0.6321928095,0.5531687083,-0.07902410120000003,9.946238121197261,4.488427482372732,-5.4578106388245295,0.0,1.0,0.0,1.0,0.0,1.0,Script18_MatchingBand_L2_BaselineStandardised,Script18_MatchingBand_L2_BaselineStandardised,True,False,Alpha
POW_Band_MatchingBandBaselineStandardisedFlux,79,0.4388888888888889,3.556884765,3.566919108,0.010034343000000057,0.6321928095,0.5531687083,-0.07902410120000003,3.6943650892521074,5.752917902401581,2.0585528131494737,0.0,1.0,0.0,1.0,0.0,1.0,Script18_MatchingBand_L2_BaselineStandardised,Script18_MatchingBand_L2_BaselineStandardised,True,False,Alpha
POW_Band_MatchingBandBaselineStandardisedFlux,80,0.4444444444444445,4.123875623000001,3.9774897410000007,-0.14638588200000013,0.7112169106999977,0.4741446071,-0.2370723035999977,7.569656930730963,5.549198940574726,-2.0204579901562365,0.0,1.0,0.0,1.0,0.0,1.0,Script18_MatchingBand_L2_BaselineStandardised,Script18_MatchingBand_L2_BaselineStandardised,True,False,Alpha
POW_Band_MatchingBandBaselineStandardisedFlux,81,0.45,4.24108006,4.076964627,-0.1641154330000001,0.4741446071,0.4741446071,0.0,6.6558695310387215,5.191289430673672,-1.4645801003650494,0.0,1.0,0.0,1.0,0.0,1.0,Script18_MatchingBand_L2_BaselineStandardised,Script18_MatchingBand_L2_BaselineStandardised,True,False,Alpha
POW_Band_MatchingBandBaselineStandardisedFlux,82,0.45555555555555555,3.952689896,3.562160289,-0.39052960699999995,0.6321928095,0.3951205059,-0.23707230360000003,7.749736549859527,3.7989476352443132,-3.950788914615214,0.0,1.0,0.0,1.0,0.0,1.0,Script18_MatchingBand_L2_BaselineStandardised,Script18_MatchingBand_L2_BaselineStandardised,True,False,Alpha
POW_Band_MatchingBandBaselineStandardisedFlux,83,0.46111111111111114,4.194588497,3.800629933,-0.3939585639999996,0.4741446071,0.7112169107,0.23707230360000003,8.075175695263177,5.247882514714339,-2.8272931805488373,0.0,1.0,0.0,1.0,0.0,1.0,Script18_MatchingBand_L2_BaselineStandardised,Script18_MatchingBand_L2_BaselineStandardised,True,False,Alpha
POW_Band_MatchingBandBaselineStandardisedFlux,84,0.4666666666666667,4.035354622,3.4662998,-0.569054822,0.7112169107,0.5531687083,-0.15804820240000006,8.328144745873425,3.968021422075312,-4.360123323798113,0.0,1.0,0.0,1.0,0.0,1.0,Script18_MatchingBand_L2_BaselineStandardised,Script18_MatchingBand_L2_BaselineStandardised,True,False,Alpha
POW_Band_MatchingBandBaselineStandardisedFlux,85,0.47222222222222227,3.902018049,3.982046340000002,0.08002829100000186,0.4741446071000024,0.5531687082999984,0.07902410119999603,4.760358228150407,4.641853945756399,-0.11850428239400834,0.0,1.0,0.0,1.0,0.0,1.0,Script18_MatchingBand_L2_BaselineStandardised,Script18_MatchingBand_L2_BaselineStandardised,True,False,Alpha
POW_Band_MatchingBandBaselineStandardisedFlux,86,0.4777777777777778,3.919065447,4.155675283,0.23660983599999996,0.7112169107,0.3951205059,-0.31609640480000006,5.107572599621431,4.759880888726665,-0.34769171089476636,0.0,1.0,0.0,1.0,0.0,1.0,Script18_MatchingBand_L2_BaselineStandardised,Script18_MatchingBand_L2_BaselineStandardised,True,False,Alpha
POW_Band_MatchingBandBaselineStandardisedFlux,87,0.48333333333333334,4.536077827,3.90410407,-0.6319737569999999,0.4741446071,0.6321928095,0.1580482024,8.165178985276542,5.499862985684577,-2.6653159995919653,0.0,1.0,0.0,1.0,0.0,1.0,Script18_MatchingBand_L2_BaselineStandardised,Script18_MatchingBand_L2_BaselineStandardised,True,False,Alpha
POW_Band_MatchingBandBaselineStandardisedFlux,88,0.48888888888888893,4.076441578000003,3.522730921999993,-0.5537106560000105,0.5531687083000008,0.5531687083,-7.771561172376096e-16,6.0105301780481355,2.966748623698905,-3.0437815543492306,0.0,1.0,0.0,1.0,0.0,1.0,Script18_MatchingBand_L2_BaselineStandardised,Script18_MatchingBand_L2_BaselineStandardised,True,False,Alpha
POW_Band_MatchingBandBaselineStandardisedFlux,89,0.49444444444444446,4.388460684,2.797663668,-1.5907970159999998,0.6321928095,0.5531687083,-0.07902410120000003,6.513227509183535,2.706424445429385,-3.80680306375415,0.0,1.0,0.0,1.0,0.0,1.0,Script18_MatchingBand_L2_BaselineStandardised,Script18_MatchingBand_L2_BaselineStandardised,True,False,Alpha
POW_Band_MatchingBandBaselineStandardisedFlux,90,0.5,3.243813215,2.945550284,-0.298262931,0.7112169107,0.5531687083,-0.15804820240000006,3.4394340584629557,2.856799202184132,-0.5826348562788235,0.0,1.0,0.0,1.0,0.0,1.0,Script18_MatchingBand_L2_BaselineStandardised,Script18_MatchingBand_L2_BaselineStandardised,True,False,Alpha
POW_Band_MatchingBandBaselineStandardisedFlux,91,0.5055555555555555,4.404226809,3.39226802,-1.011958789,0.5531687083,0.5531687083,0.0,8.74757884143281,4.500109538005127,-4.247469303427684,0.0,1.0,0.0,1.0,0.0,1.0,Script18_MatchingBand_L2_BaselineStandardised,Script18_MatchingBand_L2_BaselineStandardised,True,False,Alpha
POW_Band_MatchingBandBaselineStandardisedFlux,92,0.5111111111111112,3.909936351000011,3.9942676659999954,0.08433131499998447,0.47414460710000156,0.47414460710000156,0.0,3.0187723549563854,4.741924929582141,1.7231525746257557,0.0,1.0,0.0,1.0,0.0,1.0,Script18_MatchingBand_L2_BaselineStandardised,Script18_MatchingBand_L2_BaselineStandardised,True,False,Alpha
POW_Band_MatchingBandBaselineStandardisedFlux,93,0.5166666666666667,4.459829509,3.765884185,-0.6939453240000004,0.5531687083,0.5531687083,0.0,7.336675719500772,5.576168995599067,-1.7605067239017052,0.0,1.0,0.0,1.0,0.0,1.0,Script18_MatchingBand_L2_BaselineStandardised,Script18_MatchingBand_L2_BaselineStandardised,True,False,Alpha
POW_Band_MatchingBandBaselineStandardisedFlux,94,0.5222222222222223,4.898499308,3.783817709,-1.1146815989999999,0.6321928095,0.6321928095,0.0,11.906244491322738,5.930865177822916,-5.975379313499822,0.0,1.0,0.0,1.0,0.0,1.0,Script18_MatchingBand_L2_BaselineStandardised,Script18_MatchingBand_L2_BaselineStandardised,True,False,Alpha
POW_Band_MatchingBandBaselineStandardisedFlux,95,0.5277777777777778,3.939422471,3.707622811,-0.23179966000000007,0.3951205059,0.7112169107,0.31609640480000006,5.464737165460799,4.640135189416238,-0.8246019760445611,0.0,1.0,0.0,1.0,0.0,1.0,Script18_MatchingBand_L2_BaselineStandardised,Script18_MatchingBand_L2_BaselineStandardised,True,False,Alpha
POW_Band_MatchingBandBaselineStandardisedFlux,96,0.5333333333333333,4.554950014,3.560031727,-0.994918287,0.5531687083,0.6321928095,0.07902410120000003,9.782910826527534,4.977829161464284,-4.80508166506325,0.0,1.0,0.0,1.0,0.0,1.0,Script18_MatchingBand_L2_BaselineStandardised,Script18_MatchingBand_L2_BaselineStandardised,True,False,Alpha
POW_Band_MatchingBandBaselineStandardisedFlux,97,0.5388888888888889,4.481198333,3.680143233,-0.8010551000000001,0.5531687083,0.6321928095,0.07902410120000003,7.665682895800469,4.454449329344994,-3.2112335664554745,0.0,1.0,0.0,1.0,0.0,1.0,Script18_MatchingBand_L2_BaselineStandardised,Script18_MatchingBand_L2_BaselineStandardised,True,False,Alpha
POW_Band_MatchingBandBaselineStandardisedFlux,98,0.5444444444444445,3.5575173140000023,4.124347314999983,0.5668300009999805,0.6321928095,0.7112169107,0.07902410120000003,4.930819766340691,6.877621456973668,1.9468016906329773,0.0,1.0,0.0,1.0,0.0,1.0,Script18_MatchingBand_L2_BaselineStandardised,Script18_MatchingBand_L2_BaselineStandardised,True,False,Alpha
POW_Band_MatchingBandBaselineStandardisedFlux,99,0.55,3.666716889,3.266207079,-0.40050980999999997,0.6321928095,0.7112169107,0.07902410120000003,4.7126794501185305,3.7242040213283736,-0.9884754287901569,0.0,1.0,0.0,1.0,0.0,1.0,Script18_MatchingBand_L2_BaselineStandardised,Script18_MatchingBand_L2_BaselineStandardised,True,False,Alpha
POW_Band_MatchingBandBaselineStandardisedFlux,100,0.5555555555555556,4.420836815,4.057063398,-0.363773417,0.7112169107,0.6321928095,-0.07902410120000003,9.421545234065132,6.283639016263882,-3.13790621780125,0.0,1.0,0.0,1.0,0.0,1.0,Script18_MatchingBand_L2_BaselineStandardised,Script18_MatchingBand_L2_BaselineStandardised,True,False,Alpha
POW_Band_MatchingBandBaselineStandardisedFlux,101,0.5611111111111111,3.37654842,3.636045591,0.2594971709999996,0.5531687083,0.4741446071,-0.07902410119999997,5.420457946120739,4.551156863472178,-0.869301082648561,0.0,1.0,0.0,1.0,0.0,1.0,Script18_MatchingBand_L2_BaselineStandardised,Script18_MatchingBand_L2_BaselineStandardised,True,False,Alpha
POW_Band_MatchingBandBaselineStandardisedFlux,102,0.5666666666666667,3.318542397,3.813824222,0.4952818250000002,0.5531687083,0.3951205059,-0.1580482024,3.2693221955040364,5.403070540450275,2.133748344946239,0.0,1.0,0.0,1.0,0.0,1.0,Script18_MatchingBand_L2_BaselineStandardised,Script18_MatchingBand_L2_BaselineStandardised,True,False,Alpha
POW_Band_MatchingBandBaselineStandardisedFlux,103,0.5722222222222223,4.732246496,3.8331458610000007,-0.8991006349999995,0.3951205059,0.47414460710000156,0.07902410120000158,4.712327824643633,3.571783484014287,-1.1405443406293458,0.0,1.0,0.0,1.0,0.0,1.0,Script18_MatchingBand_L2_BaselineStandardised,Script18_MatchingBand_L2_BaselineStandardised,True,False,Alpha
POW_Band_MatchingBandBaselineStandardisedFlux,104,0.5777777777777778,4.735231882999979,3.8616029400000085,-0.8736289429999702,0.3951205059000047,0.5531687082999984,0.15804820239999373,6.37837630553099,4.789998113582363,-1.5883781919486273,0.0,1.0,0.0,1.0,0.0,1.0,Script18_MatchingBand_L2_BaselineStandardised,Script18_MatchingBand_L2_BaselineStandardised,True,False,Alpha
POW_Band_MatchingBandBaselineStandardisedFlux,105,0.5833333333333334,3.649958086,4.288789923,0.6388318370000006,0.6321928095,0.4741446071,-0.1580482024,5.619905513202347,5.534523885072488,-0.08538162812985917,0.0,1.0,0.0,1.0,0.0,1.0,Script18_MatchingBand_L2_BaselineStandardised,Script18_MatchingBand_L2_BaselineStandardised,True,False,Alpha
POW_Band_MatchingBandBaselineStandardisedFlux,106,0.5888888888888889,4.081863243,3.197052897,-0.8848103460000001,0.7112169107,0.7112169107,0.0,6.57921942055999,3.5711422338558725,-3.008077186704117,0.0,1.0,0.0,1.0,0.0,1.0,Script18_MatchingBand_L2_BaselineStandardised,Script18_MatchingBand_L2_BaselineStandardised,True,False,Alpha
POW_Band_MatchingBandBaselineStandardisedFlux,107,0.5944444444444444,3.457334216,3.408238581,-0.049095635000000026,0.6321928095,0.5531687083,-0.07902410120000003,3.786814048381151,2.4286539324675243,-1.358160115913627,0.0,1.0,0.0,1.0,0.0,1.0,Script18_MatchingBand_L2_BaselineStandardised,Script18_MatchingBand_L2_BaselineStandardised,True,False,Alpha
POW_Band_MatchingBandBaselineStandardisedFlux,108,0.6,3.889711066,3.401692893,-0.48801817299999994,0.7902410119,0.7902410119,0.0,4.603014120811402,5.262496216529801,0.6594820957183991,0.0,1.0,0.0,1.0,0.0,1.0,Script18_MatchingBand_L2_BaselineStandardised,Script18_MatchingBand_L2_BaselineStandardised,True,False,Alpha
POW_Band_MatchingBandBaselineStandardisedFlux,109,0.6055555555555556,4.648299151999965,3.6068118850000066,-1.0414872669999586,0.4741446071000047,0.6321928095000016,0.15804820239999684,8.211155409096376,7.204495388448768,-1.0066600206476082,0.0,1.0,0.0,1.0,0.0,1.0,Script18_MatchingBand_L2_BaselineStandardised,Script18_MatchingBand_L2_BaselineStandardised,True,False,Alpha
POW_Band_MatchingBandBaselineStandardisedFlux,110,0.6111111111111112,2.906396015,3.946884978,1.040488963,0.7112169107,0.7112169107,0.0,2.9072209308021524,6.270509637218536,3.363288706416384,0.0,1.0,0.0,1.0,0.0,1.0,Script18_MatchingBand_L2_BaselineStandardised,Script18_MatchingBand_L2_BaselineStandardised,True,False,Alpha
POW_Band_MatchingBandBaselineStandardisedFlux,111,0.6166666666666667,4.592205639,3.794005089,-0.7982005500000002,0.3951205059,0.5531687083,0.1580482024,8.246577888664447,5.381476199561849,-2.865101689102598,0.0,1.0,0.0,1.0,0.0,1.0,Script18_MatchingBand_L2_BaselineStandardised,Script18_MatchingBand_L2_BaselineStandardised,True,False,Alpha
POW_Band_MatchingBandBaselineStandardisedFlux,112,0.6222222222222222,4.513374308,4.110231883,-0.4031424250000004,0.3951205059,0.6321928095,0.23707230360000003,7.074452100244846,5.268087226253189,-1.8063648739916571,0.0,1.0,0.0,1.0,0.0,1.0,Script18_MatchingBand_L2_BaselineStandardised,Script18_MatchingBand_L2_BaselineStandardised,True,False,Alpha
POW_Band_MatchingBandBaselineStandardisedFlux,113,0.6277777777777778,4.522287352,3.201914615,-1.320372737,0.7112169107,0.6321928095,-0.07902410120000003,9.416206860550794,2.756496401184037,-6.659710459366757,0.0,1.0,0.0,1.0,0.0,1.0,Script18_MatchingBand_L2_BaselineStandardised,Script18_MatchingBand_L2_BaselineStandardised,True,False,Alpha
POW_Band_MatchingBandBaselineStandardisedFlux,114,0.6333333333333333,3.811200566,3.568456021,-0.2427445450000003,0.7112169107,0.5531687083,-0.15804820240000006,7.791582134408079,4.762130980694943,-3.0294511537131363,0.0,1.0,0.0,1.0,0.0,1.0,Script18_MatchingBand_L2_BaselineStandardised,Script18_MatchingBand_L2_BaselineStandardised,True,False,Alpha
POW_Band_MatchingBandBaselineStandardisedFlux,115,0.638888888888889,4.260083084999994,3.6732260159999965,-0.5868570689999979,0.7112169106999937,0.6321928094999952,-0.07902410119999848,11.69395420419539,4.018382112433124,-7.675572091762265,0.0,1.0,0.0,1.0,0.0,1.0,Script18_MatchingBand_L2_BaselineStandardised,Script18_MatchingBand_L2_BaselineStandardised,True,False,Alpha
POW_Band_MatchingBandBaselineStandardisedFlux,116,0.6444444444444445,3.971596383,3.501155046,-0.470441337,0.3951205059,0.3951205059,0.0,7.029856612837329,6.031097368473937,-0.9987592443633924,0.0,1.0,0.0,1.0,0.0,1.0,Script18_MatchingBand_L2_BaselineStandardised,Script18_MatchingBand_L2_BaselineStandardised,True,False,Alpha
POW_Band_MatchingBandBaselineStandardisedFlux,117,0.65,4.499870365,3.804226809,-0.6956435559999994,0.5531687083,0.3160964047,-0.23707230359999998,8.784703675784517,5.107026758456938,-3.6776769173275783,0.0,1.0,0.0,1.0,0.0,1.0,Script18_MatchingBand_L2_BaselineStandardised,Script18_MatchingBand_L2_BaselineStandardised,True,False,Alpha
POW_Band_MatchingBandBaselineStandardisedFlux,118,0.6555555555555556,3.743393599,3.806032477,0.06263887800000001,0.5531687083,0.5531687083,0.0,6.392604985872845,4.08025653935269,-2.312348446520155,0.0,1.0,0.0,1.0,0.0,1.0,Script18_MatchingBand_L2_BaselineStandardised,Script18_MatchingBand_L2_BaselineStandardised,True,False,Alpha
POW_Band_MatchingBandBaselineStandardisedFlux,119,0.6611111111111111,4.515634427,3.24177031,-1.273864117,0.7902410119,0.7112169107,-0.07902410119999992,9.954314633434285,3.8970287932790297,-6.057285840155255,0.0,1.0,0.0,1.0,0.0,1.0,Script18_MatchingBand_L2_BaselineStandardised,Script18_MatchingBand_L2_BaselineStandardised,True,False,Alpha
POW_Band_MatchingBandBaselineStandardisedFlux,120,0.6666666666666667,4.264911220999995,3.853789416999996,-0.41112180399999865,0.47414460710000317,0.6321928094999969,0.15804820239999373,6.498615214796015,5.378474191148059,-1.1201410236479559,0.0,1.0,0.0,1.0,0.0,1.0,Script18_MatchingBand_L2_BaselineStandardised,Script18_MatchingBand_L2_BaselineStandardised,True,False,Alpha
POW_Band_MatchingBandBaselineStandardisedFlux,121,0.6722222222222223,4.007735246,3.663824222,-0.34391102400000007,0.6321928095,0.4741446071,-0.1580482024,7.823001079827038,5.068329934153876,-2.7546711456731616,0.0,1.0,0.0,1.0,0.0,1.0,Script18_MatchingBand_L2_BaselineStandardised,Script18_MatchingBand_L2_BaselineStandardised,True,False,Alpha
POW_Band_MatchingBandBaselineStandardisedFlux,122,0.6777777777777778,4.542005484,4.130475128,-0.4115303560000001,0.4741446071,0.5531687083,0.07902410119999997,9.81197276452075,6.600732499496443,-3.2112402650243066,0.0,1.0,0.0,1.0,0.0,1.0,Script18_MatchingBand_L2_BaselineStandardised,Script18_MatchingBand_L2_BaselineStandardised,True,False,Alpha
POW_Band_MatchingBandBaselineStandardisedFlux,123,0.6833333333333333,3.90756939,3.783906148,-0.12366324200000012,0.5531687083,0.7112169107,0.15804820240000006,5.715934145834362,5.668814435475735,-0.04711971035862739,0.0,1.0,0.0,1.0,0.0,1.0,Script18_MatchingBand_L2_BaselineStandardised,Script18_MatchingBand_L2_BaselineStandardised,True,False,Alpha
POW_Band_MatchingBandBaselineStandardisedFlux,124,0.6888888888888889,3.796806659,3.527756557,-0.269050102,0.6321928095,0.7902410119,0.15804820239999995,6.053779325852343,5.000318560762228,-1.053460765090115,0.0,1.0,0.0,1.0,0.0,1.0,Script18_MatchingBand_L2_BaselineStandardised,Script18_MatchingBand_L2_BaselineStandardised,True,False,Alpha
POW_Band_MatchingBandBaselineStandardisedFlux,125,0.6944444444444444,3.745078592,3.384954311,-0.36012428100000005,0.5531687083,0.4741446071,-0.07902410119999997,5.212774908755071,4.152456895248177,-1.060318013506894,0.0,1.0,0.0,1.0,0.0,1.0,Script18_MatchingBand_L2_BaselineStandardised,Script18_MatchingBand_L2_BaselineStandardised,True,False,Alpha
POW_Band_MatchingBandBaselineStandardisedFlux,126,0.7000000000000001,4.5794269649999855,3.3709229930000015,-1.208503971999984,0.39512050590000153,0.6321928094999985,0.23707230359999693,6.241428869175236,4.794825860050625,-1.446603009124611,0.0,1.0,0.0,1.0,0.0,1.0,Script18_MatchingBand_L2_BaselineStandardised,Script18_MatchingBand_L2_BaselineStandardised,True,False,Alpha
POW_Band_MatchingBandBaselineStandardisedFlux,127,0.7055555555555556,3.855563567,3.434019927,-0.4215436399999999,0.4741446071,0.5531687083,0.07902410119999997,4.921591812182097,4.233174863499447,-0.6884169486826499,0.0,1.0,0.0,1.0,0.0,1.0,Script18_MatchingBand_L2_BaselineStandardised,Script18_MatchingBand_L2_BaselineStandardised,True,False,Alpha
POW_Band_MatchingBandBaselineStandardisedFlux,128,0.7111111111111111,3.936803096,4.104226809,0.16742371300000025,0.5531687083,0.7112169107,0.15804820240000006,5.09386234239635,5.685765757423638,0.5919034150272884,0.0,1.0,0.0,1.0,0.0,1.0,Script18_MatchingBand_L2_BaselineStandardised,Script18_MatchingBand_L2_BaselineStandardised,True,False,Alpha
POW_Band_MatchingBandBaselineStandardisedFlux,129,0.7166666666666667,4.559306459,3.701460699,-0.85784576,0.6321928095,0.5531687083,-0.07902410120000003,9.723489548578709,5.964549751350564,-3.7589397972281446,0.0,1.0,0.0,1.0,0.0,1.0,Script18_MatchingBand_L2_BaselineStandardised,Script18_MatchingBand_L2_BaselineStandardised,True,False,Alpha
POW_Band_MatchingBandBaselineStandardisedFlux,130,0.7222222222222222,4.884506614,4.107097698,-0.7774089160000006,0.3951205059,0.5531687083,0.1580482024,8.610410321745004,4.87461190634953,-3.7357984153954735,0.0,1.0,0.0,1.0,0.0,1.0,Script18_MatchingBand_L2_BaselineStandardised,Script18_MatchingBand_L2_BaselineStandardised,True,False,Alpha
POW_Band_MatchingBandBaselineStandardisedFlux,131,0.7277777777777779,3.6486261739999835,4.099797228999999,0.45117105500001564,0.4741446071,0.6321928094999985,0.15804820239999845,4.155644722434203,6.176036557013319,2.020391834579116,0.0,1.0,0.0,1.0,0.0,1.0,Script18_MatchingBand_L2_BaselineStandardised,Script18_MatchingBand_L2_BaselineStandardised,True,False,Alpha
POW_Band_MatchingBandBaselineStandardisedFlux,132,0.7333333333333334,2.819605357000017,4.062649039999993,1.2430436829999763,0.47414460710000317,0.5531687082999952,0.07902410119999204,2.5878554462091796,6.80445456313648,4.2165991169273,0.0,1.0,0.0,1.0,0.0,1.0,Script18_MatchingBand_L2_BaselineStandardised,Script18_MatchingBand_L2_BaselineStandardised,True,False,Alpha
POW_Band_MatchingBandBaselineStandardisedFlux,133,0.7388888888888889,3.653972514,3.713408608,0.05943609400000005,0.6321928095,0.3160964047,-0.3160964048,3.9739600081254043,3.921206839940292,-0.05275316818511211,0.0,1.0,0.0,1.0,0.0,1.0,Script18_MatchingBand_L2_BaselineStandardised,Script18_MatchingBand_L2_BaselineStandardised,True,False,Alpha
POW_Band_MatchingBandBaselineStandardisedFlux,134,0.7444444444444445,4.238340009,3.878415165,-0.359924844,0.4741446071,0.6321928095,0.1580482024,7.52612556472808,3.670450790667843,-3.855674774060237,0.0,1.0,0.0,1.0,0.0,1.0,Script18_MatchingBand_L2_BaselineStandardised,Script18_MatchingBand_L2_BaselineStandardised,True,False,Alpha
POW_Band_MatchingBandBaselineStandardisedFlux,135,0.75,4.135193046,3.701891492,-0.43330155400000026,0.3160964047,0.5531687083,0.23707230359999998,6.048139389114198,3.827848362003129,-2.2202910271110685,0.0,1.0,0.0,1.0,0.0,1.0,Script18_MatchingBand_L2_BaselineStandardised,Script18_MatchingBand_L2_BaselineStandardised,True,False,Alpha
POW_Band_MatchingBandBaselineStandardisedFlux,136,0.7555555555555555,4.187448884,3.675629933,-0.511818951,0.6321928095,0.7902410119,0.15804820239999995,5.8461331688630755,5.446310033277051,-0.39982313558602467,0.0,1.0,0.0,1.0,0.0,1.0,Script18_MatchingBand_L2_BaselineStandardised,Script18_MatchingBand_L2_BaselineStandardised,True,False,Alpha
POW_Band_MatchingBandBaselineStandardisedFlux,137,0.7611111111111112,3.963697202999985,4.567642312999995,0.6039451100000099,0.5531687083000031,0.7112169107,0.15804820239999695,5.234244523720753,10.615590129362147,5.3813456056413935,0.0,1.0,0.0,1.0,0.0,1.0,Script18_MatchingBand_L2_BaselineStandardised,Script18_MatchingBand_L2_BaselineStandardised,True,False,Alpha
POW_Band_MatchingBandBaselineStandardisedFlux,138,0.7666666666666667,3.218522682,4.302655597,1.084132915,0.7112169107,0.7112169107,0.0,5.370307986968038,7.587174246187871,2.2168662592198327,0.0,1.0,0.0,1.0,0.0,1.0,Script18_MatchingBand_L2_BaselineStandardised,Script18_MatchingBand_L2_BaselineStandardised,True,False,Alpha
POW_Band_MatchingBandBaselineStandardisedFlux,139,0.7722222222222223,4.009629353,3.934306459,-0.07532289400000014,0.5531687083,0.6321928095,0.07902410120000003,4.4770989399084,6.427969833343106,1.9508708934347059,0.0,1.0,0.0,1.0,0.0,1.0,Script18_MatchingBand_L2_BaselineStandardised,Script18_MatchingBand_L2_BaselineStandardised,True,False,Alpha
POW_Band_MatchingBandBaselineStandardisedFlux,140,0.7777777777777778,3.484134499,4.184663653,0.7005291540000003,0.5531687083,0.7112169107,0.15804820240000006,3.8726390578511127,7.907038830831331,4.034399772980218,0.0,1.0,0.0,1.0,0.0,1.0,Script18_MatchingBand_L2_BaselineStandardised,Script18_MatchingBand_L2_BaselineStandardised,True,False,Alpha
POW_Band_MatchingBandBaselineStandardisedFlux,141,0.7833333333333333,3.955868501,4.438897358,0.4830288570000003,0.5531687083,0.3951205059,-0.1580482024,5.715336744482186,8.690169000447021,2.9748322559648352,0.0,1.0,0.0,1.0,0.0,1.0,Script18_MatchingBand_L2_BaselineStandardised,Script18_MatchingBand_L2_BaselineStandardised,True,False,Alpha
POW_Band_MatchingBandBaselineStandardisedFlux,142,0.788888888888889,4.02132691,4.174398673000002,0.15307176300000158,0.6321928095,0.6321928095,0.0,6.749310453340019,7.005413247387477,0.2561027940474574,0.0,1.0,0.0,1.0,0.0,1.0,Script18_MatchingBand_L2_BaselineStandardised,Script18_MatchingBand_L2_BaselineStandardised,True,False,Alpha
POW_Band_MatchingBandBaselineStandardisedFlux,143,0.7944444444444445,4.029654481999985,4.255798022000001,0.22614354000001669,0.6321928095,0.6321928094999969,-3.1086244689504383e-15,5.512584619156399,7.607778708902678,2.095194089746278,0.0,1.0,0.0,1.0,0.0,1.0,Script18_MatchingBand_L2_BaselineStandardised,Script18_MatchingBand_L2_BaselineStandardised,True,False,Alpha
POW_Band_MatchingBandBaselineStandardisedFlux,144,0.8,3.291771029,4.326118683,1.0343476539999998,0.6321928095,0.4741446071,-0.1580482024,3.8431095197722667,7.418194237260591,3.5750847174883247,0.0,1.0,0.0,1.0,0.0,1.0,Script18_MatchingBand_L2_BaselineStandardised,Script18_MatchingBand_L2_BaselineStandardised,True,False,Alpha
POW_Band_MatchingBandBaselineStandardisedFlux,145,0.8055555555555556,4.639709003,4.145750439,-0.4939585639999997,0.5531687083,0.4741446071,-0.07902410119999997,10.666694857996404,5.81217086821779,-4.854523989778614,0.0,1.0,0.0,1.0,0.0,1.0,Script18_MatchingBand_L2_BaselineStandardised,Script18_MatchingBand_L2_BaselineStandardised,True,False,Alpha
POW_Band_MatchingBandBaselineStandardisedFlux,146,0.8111111111111111,4.230595803,3.567073702,-0.6635221009999999,0.6321928095,0.4741446071,-0.1580482024,8.512427929208453,4.459578247960634,-4.052849681247819,0.0,1.0,0.0,1.0,0.0,1.0,Script18_MatchingBand_L2_BaselineStandardised,Script18_MatchingBand_L2_BaselineStandardised,True,False,Alpha
POW_Band_MatchingBandBaselineStandardisedFlux,147,0.8166666666666667,4.222373728,3.55758263,-0.6647910979999998,0.6321928095,0.4741446071,-0.1580482024,6.092151033681024,3.359007496019042,-2.7331435376619817,0.0,1.0,0.0,1.0,0.0,1.0,Script18_MatchingBand_L2_BaselineStandardised,Script18_MatchingBand_L2_BaselineStandardised,True,False,Alpha
POW_Band_MatchingBandBaselineStandardisedFlux,148,0.8222222222222223,4.166882745000001,3.5579850050000132,-0.6088977399999882,0.3951205059000047,0.7112169106999985,0.3160964047999938,7.650019191005698,6.294425382890505,-1.3555938081151933,0.0,1.0,0.0,1.0,0.0,1.0,Script18_MatchingBand_L2_BaselineStandardised,Script18_MatchingBand_L2_BaselineStandardised,True,False,Alpha
POW_Band_MatchingBandBaselineStandardisedFlux,149,0.8277777777777778,4.268742553000003,4.21357446399999,-0.0551680890000128,0.6321928095,0.6321928095000016,1.5543122344752192e-15,5.756761539689304,7.506304067282495,1.7495425275931913,0.0,1.0,0.0,1.0,0.0,1.0,Script18_MatchingBand_L2_BaselineStandardised,Script18_MatchingBand_L2_BaselineStandardised,True,False,Alpha
POW_Band_MatchingBandBaselineStandardisedFlux,150,0.8333333333333334,4.422627305,3.707892285,-0.71473502,0.6321928095,0.7112169107,0.07902410120000003,8.946281315216854,5.949484580143491,-2.9967967350733637,0.0,1.0,0.0,1.0,0.0,1.0,Script18_MatchingBand_L2_BaselineStandardised,Script18_MatchingBand_L2_BaselineStandardised,True,False,Alpha
POW_Band_MatchingBandBaselineStandardisedFlux,151,0.8388888888888889,4.447810402,4.065870945,-0.38193945699999965,0.5531687083,0.3951205059,-0.1580482024,9.781160344046208,6.118785052166762,-3.662375291879446,0.0,1.0,0.0,1.0,0.0,1.0,Script18_MatchingBand_L2_BaselineStandardised,Script18_MatchingBand_L2_BaselineStandardised,True,False,Alpha
POW_Band_MatchingBandBaselineStandardisedFlux,152,0.8444444444444444,4.397085133,3.421376725,-0.975708408,0.7112169107,0.7112169107,0.0,7.306712396096117,5.401510734403583,-1.9052016616925336,0.0,1.0,0.0,1.0,0.0,1.0,Script18_MatchingBand_L2_BaselineStandardised,Script18_MatchingBand_L2_BaselineStandardised,True,False,Alpha
POW_Band_MatchingBandBaselineStandardisedFlux,153,0.85,3.977018049,3.769641918,-0.20737613100000019,0.3160964047,0.869265113,0.5531687083,5.821999093362195,6.046610785759894,0.22461169239769863,0.0,1.0,0.0,1.0,0.0,1.0,Script18_MatchingBand_L2_BaselineStandardised,Script18_MatchingBand_L2_BaselineStandardised,True,False,Alpha
POW_Band_MatchingBandBaselineStandardisedFlux,154,0.8555555555555556,4.452689895999988,3.7611312480000043,-0.691558647999984,0.39512050590000786,0.6321928094999969,0.23707230359998904,6.227571942219278,6.5247840879698344,0.29721214575055654,0.0,1.0,0.0,1.0,0.0,1.0,Script18_MatchingBand_L2_BaselineStandardised,Script18_MatchingBand_L2_BaselineStandardised,True,False,Alpha
POW_Band_MatchingBandBaselineStandardisedFlux,155,0.8611111111111112,3.876458636,3.978755117,0.10229648099999977,0.7902410119,0.4741446071,-0.31609640479999995,8.624212846833256,5.023317864447717,-3.6008949823855385,0.0,1.0,0.0,1.0,0.0,1.0,Script18_MatchingBand_L2_BaselineStandardised,Script18_MatchingBand_L2_BaselineStandardised,True,False,Alpha
POW_Band_MatchingBandBaselineStandardisedFlux,156,0.8666666666666667,4.45805814,3.198868686,-1.2591894540000004,0.7112169107,0.7112169107,0.0,9.419396227254595,4.619483163855614,-4.79991306339898,0.0,1.0,0.0,1.0,0.0,1.0,Script18_MatchingBand_L2_BaselineStandardised,Script18_MatchingBand_L2_BaselineStandardised,True,False,Alpha
POW_Band_MatchingBandBaselineStandardisedFlux,157,0.8722222222222222,4.582535091,3.527018049,-1.0555170419999995,0.7112169107,0.5531687083,-0.15804820240000006,9.278054839168195,3.6799624408187945,-5.598092398349401,0.0,1.0,0.0,1.0,0.0,1.0,Script18_MatchingBand_L2_BaselineStandardised,Script18_MatchingBand_L2_BaselineStandardised,True,False,Alpha
POW_Band_MatchingBandBaselineStandardisedFlux,158,0.8777777777777778,4.330963878,3.795933989,-0.5350298890000005,0.7112169107,0.4696185187,-0.24159839200000005,6.3219644907926185,4.871927763955102,-1.4500367268375163,0.0,1.0,0.0,1.0,0.0,1.0,Script18_MatchingBand_L2_BaselineStandardised,Script18_MatchingBand_L2_BaselineStandardised,True,False,Alpha
POW_Band_MatchingBandBaselineStandardisedFlux,159,0.8833333333333334,4.275595634000004,3.831198333000005,-0.44439730099999863,0.4741446071000046,0.6321928095,0.1580482023999954,6.32203892028165,5.751283061633582,-0.5707558586480683,0.0,1.0,0.0,1.0,0.0,1.0,Script18_MatchingBand_L2_BaselineStandardised,Script18_MatchingBand_L2_BaselineStandardised,True,False,Alpha
POW_Band_MatchingBandBaselineStandardisedFlux,160,0.888888888888889,4.441521380999999,4.086400720999987,-0.3551206600000123,0.7044277781000001,0.6321928095000031,-0.07223496859999701,7.78712920178056,5.326481445773709,-2.4606477560068507,0.0,1.0,0.0,1.0,0.0,1.0,Script18_MatchingBand_L2_BaselineStandardised,Script18_MatchingBand_L2_BaselineStandardised,True,False,Alpha
POW_Band_MatchingBandBaselineStandardisedFlux,161,0.8944444444444445,4.388662903,3.407857985,-0.980804918,0.7112169107,0.7902410119,0.07902410119999992,11.781609818540987,4.066680374089872,-7.714929444451116,0.0,1.0,0.0,1.0,0.0,1.0,Script18_MatchingBand_L2_BaselineStandardised,Script18_MatchingBand_L2_BaselineStandardised,True,False,Alpha
POW_Band_MatchingBandBaselineStandardisedFlux,162,0.9,4.699547471,3.948299152,-0.7512483189999997,0.6321928095,0.6321928095,0.0,7.282032276568152,6.898054482159886,-0.38397779440826607,0.0,1.0,0.0,1.0,0.0,1.0,Script18_MatchingBand_L2_BaselineStandardised,Script18_MatchingBand_L2_BaselineStandardised,True,False,Alpha
POW_Band_MatchingBandBaselineStandardisedFlux,163,0.9055555555555556,4.578903915,3.609394179,-0.9695097359999996,0.6321928095,0.6321928095,0.0,13.036073776671541,5.7620533064130255,-7.274020470258516,0.0,1.0,0.0,1.0,0.0,1.0,Script18_MatchingBand_L2_BaselineStandardised,Script18_MatchingBand_L2_BaselineStandardised,True,False,Alpha
POW_Band_MatchingBandBaselineStandardisedFlux,164,0.9111111111111111,4.504950014,3.872661604,-0.6322884100000001,0.4741446071,0.6321928095,0.1580482024,10.057567715433212,4.968348531500647,-5.089219183932565,0.0,1.0,0.0,1.0,0.0,1.0,Script18_MatchingBand_L2_BaselineStandardised,Script18_MatchingBand_L2_BaselineStandardised,True,False,Alpha
POW_Band_MatchingBandBaselineStandardisedFlux,165,0.9166666666666667,3.709521199000026,3.549215758999998,-0.16030544000002767,0.47414460710000156,0.47414460710000156,0.0,4.486272969289259,6.627471670561746,2.1411987012724865,0.0,1.0,0.0,1.0,0.0,1.0,Script18_MatchingBand_L2_BaselineStandardised,Script18_MatchingBand_L2_BaselineStandardised,True,False,Alpha
POW_Band_MatchingBandBaselineStandardisedFlux,166,0.9222222222222223,5.00410407,3.466207079,-1.5378969910000002,0.5531687083,0.5531687083,0.0,12.602382221033048,5.511167470397973,-7.091214750635075,0.0,1.0,0.0,1.0,0.0,1.0,Script18_MatchingBand_L2_BaselineStandardised,Script18_MatchingBand_L2_BaselineStandardised,True,False,Alpha
POW_Band_MatchingBandBaselineStandardisedFlux,167,0.9277777777777778,4.665145676,4.033783409,-0.6313622670000001,0.7112169107,0.869265113,0.15804820229999994,11.262870280296676,5.675921967091288,-5.586948313205388,0.0,1.0,0.0,1.0,0.0,1.0,Script18_MatchingBand_L2_BaselineStandardised,Script18_MatchingBand_L2_BaselineStandardised,True,False,Alpha
POW_Band_MatchingBandBaselineStandardisedFlux,168,0.9333333333333333,5.037326145,4.32002517,-0.7173009749999997,0.4741446071,0.4741446071,0.0,12.270507454033162,8.404174510055405,-3.8663329439777563,0.0,1.0,0.0,1.0,0.0,1.0,Script18_MatchingBand_L2_BaselineStandardised,Script18_MatchingBand_L2_BaselineStandardised,True,False,Alpha
POW_Band_MatchingBandBaselineStandardisedFlux,169,0.9388888888888889,4.965111377,4.353938214,-0.6111731630000001,0.6321928095,0.6321928095,0.0,10.936128666857524,7.21152673150181,-3.7246019353557136,0.0,1.0,0.0,1.0,0.0,1.0,Script18_MatchingBand_L2_BaselineStandardised,Script18_MatchingBand_L2_BaselineStandardised,True,False,Alpha
POW_Band_MatchingBandBaselineStandardisedFlux,170,0.9444444444444445,4.377890050999994,3.5351326880000054,-0.8427573629999889,0.7902410118999984,0.7112169106999953,-0.07902410120000314,11.985821988782277,5.3538632035871085,-6.6319587851951685,0.0,1.0,0.0,1.0,0.0,1.0,Script18_MatchingBand_L2_BaselineStandardised,Script18_MatchingBand_L2_BaselineStandardised,True,False,Alpha
POW_Band_MatchingBandBaselineStandardisedFlux,171,0.9500000000000001,4.0957161400000075,3.796884977999998,-0.2988311620000097,0.7112169107,0.47414460710000156,-0.23707230359999848,10.896493549152668,5.467423002133041,-5.429070547019626,0.0,1.0,0.0,1.0,0.0,1.0,Script18_MatchingBand_L2_BaselineStandardised,Script18_MatchingBand_L2_BaselineStandardised,True,False,Alpha
POW_Band_MatchingBandBaselineStandardisedFlux,172,0.9555555555555556,4.445513921,3.692819192,-0.7526947289999999,0.7112169107,0.5531687083,-0.15804820240000006,8.510960589502048,6.391568560833148,-2.1193920286688996,0.0,1.0,0.0,1.0,0.0,1.0,Script18_MatchingBand_L2_BaselineStandardised,Script18_MatchingBand_L2_BaselineStandardised,True,False,Alpha
POW_Band_MatchingBandBaselineStandardisedFlux,173,0.9611111111111111,4.460031727,3.921413286,-0.5386184409999997,0.6321928095,0.7112169107,0.07902410120000003,10.381274404898779,6.65589330558967,-3.725381099309109,0.0,1.0,0.0,1.0,0.0,1.0,Script18_MatchingBand_L2_BaselineStandardised,Script18_MatchingBand_L2_BaselineStandardised,True,False,Alpha
POW_Band_MatchingBandBaselineStandardisedFlux,174,0.9666666666666667,4.243253802,3.722321652,-0.5209321499999997,0.7112169107,0.5531687083,-0.15804820240000006,11.770938047803174,4.856184845779952,-6.914753202023222,0.0,1.0,0.0,1.0,0.0,1.0,Script18_MatchingBand_L2_BaselineStandardised,Script18_MatchingBand_L2_BaselineStandardised,True,False,Alpha
POW_Band_MatchingBandBaselineStandardisedFlux,175,0.9722222222222222,4.472085133,4.043776852,-0.4283082810000005,0.5531687083,0.7112169107,0.15804820240000006,9.411473107381997,5.930611542191665,-3.4808615651903327,0.0,1.0,0.0,1.0,0.0,1.0,Script18_MatchingBand_L2_BaselineStandardised,Script18_MatchingBand_L2_BaselineStandardised,True,False,Alpha
POW_Band_MatchingBandBaselineStandardisedFlux,176,0.9777777777777779,4.280998177000003,4.080274972,-0.20072320500000362,0.6321928095,0.5531687082999969,-0.07902410120000314,8.83132064092425,5.70483287596579,-3.12648776495846,0.0,1.0,0.0,1.0,0.0,1.0,Script18_MatchingBand_L2_BaselineStandardised,Script18_MatchingBand_L2_BaselineStandardised,True,False,Alpha
POW_Band_MatchingBandBaselineStandardisedFlux,177,0.9833333333333334,4.463340008999993,4.08132107199999,-0.38201893700000333,0.6321928094999985,0.3951205059000063,-0.23707230359999215,9.573559032022134,7.801052780209577,-1.7725062518125565,0.0,1.0,0.0,1.0,0.0,1.0,Script18_MatchingBand_L2_BaselineStandardised,Script18_MatchingBand_L2_BaselineStandardised,True,False,Alpha
POW_Band_MatchingBandBaselineStandardisedFlux,178,0.9888888888888889,4.128755117,3.585275142,-0.5434799749999999,0.5531687083,0.7112169107,0.15804820240000006,8.102594333342232,5.480524362858091,-2.622069970484141,0.0,1.0,0.0,1.0,0.0,1.0,Script18_MatchingBand_L2_BaselineStandardised,Script18_MatchingBand_L2_BaselineStandardised,True,False,Alpha
POW_Band_MatchingBandBaselineStandardisedFlux,179,0.9944444444444445,4.244502121,3.732674169,-0.511827952,0.3951205059,0.5531687083,0.1580482024,8.660156911886027,4.7649942111694426,-3.8951627007165843,0.0,1.0,0.0,1.0,0.0,1.0,Script18_MatchingBand_L2_BaselineStandardised,Script18_MatchingBand_L2_BaselineStandardised,True,False,Alpha
POW_Band_MatchingBandBaselineStandardisedFlux,180,1.0,4.92962712,3.64278211,-1.28684501,0.7112169107,0.5531687083,-0.15804820240000006,10.578105273264889,6.319006711652867,-4.259098561612022,0.0,1.0,0.0,1.0,0.0,1.0,Script18_MatchingBand_L2_BaselineStandardised,Script18_MatchingBand_L2_BaselineStandardised,True,False,Alpha
POW_Band_MatchingBandBaselineStandardisedFlux,0,0.0,4.426666214,4.167503847,-0.25916236700000006,0.3130790125,0.3913487656,0.0782697531,1.3523039405645891,2.7313037957859185,1.3789998552213294,0.0,1.0,0.0,1.0,0.0,1.0,Script18_MatchingBand_L2_BaselineStandardised,Script18_MatchingBand_L2_BaselineStandardised,True,False,BetaH
POW_Band_MatchingBandBaselineStandardisedFlux,1,0.005555555555555556,4.268453958,2.975138922,-1.293315036,0.5531687083,0.7112169107,0.15804820240000006,7.054524213107448,3.3119705584284924,-3.7425536546789555,0.0,1.0,0.0,1.0,0.0,1.0,Script18_MatchingBand_L2_BaselineStandardised,Script18_MatchingBand_L2_BaselineStandardised,True,False,BetaH
POW_Band_MatchingBandBaselineStandardisedFlux,2,0.011111111111111112,4.045164967,3.57981652,-0.4653484469999998,0.4741446071,0.4741446071,0.0,1.5725069948186459,3.3205646344207596,1.7480576396021137,0.0,1.0,0.0,1.0,0.0,1.0,Script18_MatchingBand_L2_BaselineStandardised,Script18_MatchingBand_L2_BaselineStandardised,True,False,BetaH
POW_Band_MatchingBandBaselineStandardisedFlux,3,0.016666666666666666,4.448299152,3.150683354,-1.2976157979999998,0.3951205059,0.7902410119,0.395120506,6.50464362123766,4.636457930301027,-1.8681856909366328,0.0,1.0,0.0,1.0,0.0,1.0,Script18_MatchingBand_L2_BaselineStandardised,Script18_MatchingBand_L2_BaselineStandardised,True,False,BetaH
POW_Band_MatchingBandBaselineStandardisedFlux,4,0.022222222222222223,3.873656346,4.000446836,0.12679048999999987,0.6321928095,0.6321928095,0.0,5.494489025465803,6.518039883821001,1.0235508583551978,0.0,1.0,0.0,1.0,0.0,1.0,Script18_MatchingBand_L2_BaselineStandardised,Script18_MatchingBand_L2_BaselineStandardised,True,False,BetaH
POW_Band_MatchingBandBaselineStandardisedFlux,5,0.02777777777777778,3.695128407,3.5409875809999996,-0.15414082600000034,0.6321928095000002,0.7112169107,0.07902410119999981,5.91585424946608,4.918197894179024,-0.9976563552870559,0.0,1.0,0.0,1.0,0.0,1.0,Script18_MatchingBand_L2_BaselineStandardised,Script18_MatchingBand_L2_BaselineStandardised,True,False,BetaH
POW_Band_MatchingBandBaselineStandardisedFlux,6,0.03333333333333333,3.92458177,2.803940278,-1.1206414920000003,1.027313315,0.7112169107,-0.31609640429999997,6.704378651019841,2.6909267361183895,-4.013451914901451,0.0,1.0,0.0,1.0,0.0,1.0,Script18_MatchingBand_L2_BaselineStandardised,Script18_MatchingBand_L2_BaselineStandardised,True,False,BetaH
POW_Band_MatchingBandBaselineStandardisedFlux,7,0.03888888888888889,4.247610247,2.657717469,-1.5898927779999998,0.6321928095,0.6321928095,0.0,7.752311515561675,2.9471229525029314,-4.805188563058744,0.0,1.0,0.0,1.0,0.0,1.0,Script18_MatchingBand_L2_BaselineStandardised,Script18_MatchingBand_L2_BaselineStandardised,True,False,BetaH
POW_Band_MatchingBandBaselineStandardisedFlux,8,0.044444444444444446,4.396562084,2.323607126,-2.072954958,0.4741446071,0.6321928095,0.1580482024,6.956147892057145,3.5129803143649037,-3.4431675776922415,0.0,1.0,0.0,1.0,0.0,1.0,Script18_MatchingBand_L2_BaselineStandardised,Script18_MatchingBand_L2_BaselineStandardised,True,False,BetaH
POW_Band_MatchingBandBaselineStandardisedFlux,9,0.05,4.42689531,1.929595655,-2.497299655,0.5531687083,0.2370723036,-0.3160964047,7.272616266827357,0.4949652682622315,-6.777650998565125,0.0,1.0,0.0,1.0,0.0,1.0,Script18_MatchingBand_L2_BaselineStandardised,Script18_MatchingBand_L2_BaselineStandardised,True,False,BetaH
POW_Band_MatchingBandBaselineStandardisedFlux,10,0.05555555555555556,4.559829508999998,3.4446101439999994,-1.1152193649999989,0.5531687083000001,0.5531687083,-1.1102230246251565e-16,8.023187368203429,2.874701112770645,-5.1484862554327835,0.0,1.0,0.0,1.0,0.0,1.0,Script18_MatchingBand_L2_BaselineStandardised,Script18_MatchingBand_L2_BaselineStandardised,True,False,BetaH
POW_Band_MatchingBandBaselineStandardisedFlux,11,0.061111111111111116,3.1524575050000014,3.2535227260000004,0.10106522099999893,0.6321928094999999,0.5531687083000002,-0.0790241011999997,4.378891310861187,5.067725588110357,0.6888342772491702,0.0,1.0,0.0,1.0,0.0,1.0,Script18_MatchingBand_L2_BaselineStandardised,Script18_MatchingBand_L2_BaselineStandardised,True,False,BetaH
POW_Band_MatchingBandBaselineStandardisedFlux,12,0.06666666666666667,4.169702276,3.630509427,-0.539192849,0.5531687083,0.7112169107,0.15804820240000006,7.563925953921755,4.986109609726414,-2.577816344195341,0.0,1.0,0.0,1.0,0.0,1.0,Script18_MatchingBand_L2_BaselineStandardised,Script18_MatchingBand_L2_BaselineStandardised,True,False,BetaH
POW_Band_MatchingBandBaselineStandardisedFlux,13,0.07222222222222223,4.0881398529999995,3.7133139499999994,-0.37482590300000007,0.5531687083000004,0.6321928095000002,0.07902410119999981,7.447553796971973,5.605454630662126,-1.842099166309847,0.0,1.0,0.0,1.0,0.0,1.0,Script18_MatchingBand_L2_BaselineStandardised,Script18_MatchingBand_L2_BaselineStandardised,True,False,BetaH
POW_Band_MatchingBandBaselineStandardisedFlux,14,0.07777777777777778,3.902166846,3.589185953,-0.3129808930000002,0.7112169107,0.7112169107,0.0,7.260238787495895,5.110354882500186,-2.1498839049957095,0.0,1.0,0.0,1.0,0.0,1.0,Script18_MatchingBand_L2_BaselineStandardised,Script18_MatchingBand_L2_BaselineStandardised,True,False,BetaH
POW_Band_MatchingBandBaselineStandardisedFlux,15,0.08333333333333334,3.9628512579999993,3.4016591000000007,-0.5611921579999986,0.7112169106999998,0.7112169107,2.220446049250313e-16,6.416684773396642,4.954671415144967,-1.4620133582516752,0.0,1.0,0.0,1.0,0.0,1.0,Script18_MatchingBand_L2_BaselineStandardised,Script18_MatchingBand_L2_BaselineStandardised,True,False,BetaH
POW_Band_MatchingBandBaselineStandardisedFlux,16,0.08888888888888889,3.659211082,3.718669417,0.05945833499999997,0.6321928095,0.7112169107,0.07902410120000003,7.657938649610463,4.789866756201274,-2.868071893409189,0.0,1.0,0.0,1.0,0.0,1.0,Script18_MatchingBand_L2_BaselineStandardised,Script18_MatchingBand_L2_BaselineStandardised,True,False,BetaH
POW_Band_MatchingBandBaselineStandardisedFlux,17,0.09444444444444444,3.735066027,3.565937606,-0.16912842099999992,0.5531687083,0.6321928095,0.07902410120000003,5.492863786573703,5.081545332350081,-0.4113184542236219,0.0,1.0,0.0,1.0,0.0,1.0,Script18_MatchingBand_L2_BaselineStandardised,Script18_MatchingBand_L2_BaselineStandardised,True,False,BetaH
POW_Band_MatchingBandBaselineStandardisedFlux,18,0.1,3.726859256,2.370786802,-1.356072454,0.6321928095,0.869265113,0.23707230349999997,5.460068577566309,4.163287777540466,-1.296780800025843,0.0,1.0,0.0,1.0,0.0,1.0,Script18_MatchingBand_L2_BaselineStandardised,Script18_MatchingBand_L2_BaselineStandardised,True,False,BetaH
POW_Band_MatchingBandBaselineStandardisedFlux,19,0.10555555555555556,4.263662903,3.914911221,-0.34875168200000006,0.4741446071,0.5531687083,0.07902410119999997,6.308044696744054,4.6963508110494,-1.6116938856946543,0.0,1.0,0.0,1.0,0.0,1.0,Script18_MatchingBand_L2_BaselineStandardised,Script18_MatchingBand_L2_BaselineStandardised,True,False,BetaH
POW_Band_MatchingBandBaselineStandardisedFlux,20,0.11111111111111112,3.982569390000001,3.522713482999999,-0.4598559070000019,0.5531687082999998,0.7112169106999996,0.15804820239999984,6.987159153090732,5.280553352134243,-1.7066058009564893,0.0,1.0,0.0,1.0,0.0,1.0,Script18_MatchingBand_L2_BaselineStandardised,Script18_MatchingBand_L2_BaselineStandardised,True,False,BetaH
POW_Band_MatchingBandBaselineStandardisedFlux,21,0.11666666666666667,4.315634427,3.234873929,-1.080760498,0.4741446071,0.5531687083,0.07902410119999997,7.263510029614581,4.682793753177406,-2.580716276437175,0.0,1.0,0.0,1.0,0.0,1.0,Script18_MatchingBand_L2_BaselineStandardised,Script18_MatchingBand_L2_BaselineStandardised,True,False,BetaH
POW_Band_MatchingBandBaselineStandardisedFlux,22,0.12222222222222223,4.116771029,3.8885141050000005,-0.2282569239999992,0.5531687083,0.6321928095000002,0.07902410120000025,7.428549028426985,4.960172160244774,-2.4683768681822107,0.0,1.0,0.0,1.0,0.0,1.0,Script18_MatchingBand_L2_BaselineStandardised,Script18_MatchingBand_L2_BaselineStandardised,True,False,BetaH
POW_Band_MatchingBandBaselineStandardisedFlux,23,0.1277777777777778,4.1469713540000015,4.060481640999999,-0.08648971300000241,0.5531687082999995,0.7112169106999993,0.15804820239999973,6.284419496834931,6.224693791379297,-0.0597257054556346,0.0,1.0,0.0,1.0,0.0,1.0,Script18_MatchingBand_L2_BaselineStandardised,Script18_MatchingBand_L2_BaselineStandardised,True,False,BetaH
POW_Band_MatchingBandBaselineStandardisedFlux,24,0.13333333333333333,4.464911221,3.809229042,-0.6556821790000003,0.4741446071,0.5531687083,0.07902410119999997,7.291944107122401,5.617134468912822,-1.6748096382095783,0.0,1.0,0.0,1.0,0.0,1.0,Script18_MatchingBand_L2_BaselineStandardised,Script18_MatchingBand_L2_BaselineStandardised,True,False,BetaH
POW_Band_MatchingBandBaselineStandardisedFlux,25,0.1388888888888889,4.583494814,3.963374308,-0.6201205059999997,0.7112169107,0.5531687083,-0.15804820240000006,10.837941927507693,5.576361822390775,-5.261580105116917,0.0,1.0,0.0,1.0,0.0,1.0,Script18_MatchingBand_L2_BaselineStandardised,Script18_MatchingBand_L2_BaselineStandardised,True,False,BetaH
POW_Band_MatchingBandBaselineStandardisedFlux,26,0.14444444444444446,4.332769545999995,3.5085291139999986,-0.8242404319999967,0.395120505900002,0.5531687083000012,0.15804820239999923,8.095565192904427,5.768650811986875,-2.326914380917552,0.0,1.0,0.0,1.0,0.0,1.0,Script18_MatchingBand_L2_BaselineStandardised,Script18_MatchingBand_L2_BaselineStandardised,True,False,BetaH
POW_Band_MatchingBandBaselineStandardisedFlux,27,0.15,3.441193839,3.257515376,-0.18367846299999968,0.7902410119,0.7902410119,0.0,4.990287448733243,3.92697968902522,-1.0633077597080227,0.0,1.0,0.0,1.0,0.0,1.0,Script18_MatchingBand_L2_BaselineStandardised,Script18_MatchingBand_L2_BaselineStandardised,True,False,BetaH
POW_Band_MatchingBandBaselineStandardisedFlux,28,0.15555555555555556,3.924906728,3.311671539,-0.6132351889999996,0.4741446071,0.7112169107,0.23707230360000003,6.105126151802319,5.0439095178427715,-1.061216633959548,0.0,1.0,0.0,1.0,0.0,1.0,Script18_MatchingBand_L2_BaselineStandardised,Script18_MatchingBand_L2_BaselineStandardised,True,False,BetaH
POW_Band_MatchingBandBaselineStandardisedFlux,29,0.16111111111111112,4.13204634,3.848656346,-0.28338999399999976,0.6321928095,0.5531687083,-0.07902410120000003,7.550821054614961,5.645248441732713,-1.9055726128822474,0.0,1.0,0.0,1.0,0.0,1.0,Script18_MatchingBand_L2_BaselineStandardised,Script18_MatchingBand_L2_BaselineStandardised,True,False,BetaH
POW_Band_MatchingBandBaselineStandardisedFlux,30,0.16666666666666669,4.1353546219999995,3.5474875080000006,-0.5878671139999989,0.5531687083000004,0.7902410118999984,0.23707230359999798,6.854601857211369,6.644878608788798,-0.20972324842257084,0.0,1.0,0.0,1.0,0.0,1.0,Script18_MatchingBand_L2_BaselineStandardised,Script18_MatchingBand_L2_BaselineStandardised,True,False,BetaH
POW_Band_MatchingBandBaselineStandardisedFlux,31,0.17222222222222222,4.038139853,3.638262592,-0.3998772609999999,0.6321928095,0.4741446071,-0.1580482024,6.190702385220156,4.7603142310118685,-1.4303881542082877,0.0,1.0,0.0,1.0,0.0,1.0,Script18_MatchingBand_L2_BaselineStandardised,Script18_MatchingBand_L2_BaselineStandardised,True,False,BetaH
POW_Band_MatchingBandBaselineStandardisedFlux,32,0.17777777777777778,4.004426965,3.212946116,-0.7914808490000005,0.7112169107,0.7112169107,0.0,8.546002231928203,4.73786803934164,-3.8081341925865626,0.0,1.0,0.0,1.0,0.0,1.0,Script18_MatchingBand_L2_BaselineStandardised,Script18_MatchingBand_L2_BaselineStandardised,True,False,BetaH
POW_Band_MatchingBandBaselineStandardisedFlux,33,0.18333333333333335,3.9210733330000016,3.857771608999997,-0.06330172400000444,0.7112169107,0.4741446071000004,-0.23707230359999965,6.442499224779088,3.9351045794985433,-2.507394645280545,0.0,1.0,0.0,1.0,0.0,1.0,Script18_MatchingBand_L2_BaselineStandardised,Script18_MatchingBand_L2_BaselineStandardised,True,False,BetaH
POW_Band_MatchingBandBaselineStandardisedFlux,34,0.18888888888888888,4.241448135,3.341787368,-0.8996607669999999,0.7112169107,0.5531687083,-0.15804820240000006,7.395874571491888,4.284368376899364,-3.1115061945925238,0.0,1.0,0.0,1.0,0.0,1.0,Script18_MatchingBand_L2_BaselineStandardised,Script18_MatchingBand_L2_BaselineStandardised,True,False,BetaH
POW_Band_MatchingBandBaselineStandardisedFlux,35,0.19444444444444445,4.222610247,3.181352715,-1.0412575320000004,0.7112169107,0.7112169107,0.0,6.869757454099331,5.709966917091435,-1.159790537007896,0.0,1.0,0.0,1.0,0.0,1.0,Script18_MatchingBand_L2_BaselineStandardised,Script18_MatchingBand_L2_BaselineStandardised,True,False,BetaH
POW_Band_MatchingBandBaselineStandardisedFlux,36,0.2,4.543219503,3.373238075,-1.1699814280000003,0.5531687083,0.5531687083,0.0,7.674145919242381,5.257221084621115,-2.416924834621266,0.0,1.0,0.0,1.0,0.0,1.0,Script18_MatchingBand_L2_BaselineStandardised,Script18_MatchingBand_L2_BaselineStandardised,True,False,BetaH
POW_Band_MatchingBandBaselineStandardisedFlux,37,0.20555555555555557,4.118267042,3.511381006000001,-0.6068860359999992,0.4741446071,0.8692651129999992,0.3951205058999992,7.468576914815634,4.387584712785526,-3.0809922020301075,0.0,1.0,0.0,1.0,0.0,1.0,Script18_MatchingBand_L2_BaselineStandardised,Script18_MatchingBand_L2_BaselineStandardised,True,False,BetaH
POW_Band_MatchingBandBaselineStandardisedFlux,38,0.2111111111111111,4.187448884,3.726057606,-0.46139127800000024,0.4741446071,0.7112169107,0.23707230360000003,5.583445482739896,5.976228747841914,0.39278326510201733,0.0,1.0,0.0,1.0,0.0,1.0,Script18_MatchingBand_L2_BaselineStandardised,Script18_MatchingBand_L2_BaselineStandardised,True,False,BetaH
POW_Band_MatchingBandBaselineStandardisedFlux,39,0.21666666666666667,4.10532633,3.563376372,-0.5419499579999996,0.5531687083,0.6321928095,0.07902410120000003,7.016240620420172,5.284248533067057,-1.731992087353115,0.0,1.0,0.0,1.0,0.0,1.0,Script18_MatchingBand_L2_BaselineStandardised,Script18_MatchingBand_L2_BaselineStandardised,True,False,BetaH
POW_Band_MatchingBandBaselineStandardisedFlux,40,0.22222222222222224,3.7459658980000032,3.726678095999999,-0.019287802000004017,0.7902410118999987,0.6321928094999996,-0.15804820239999917,7.620608530996642,5.600776803851636,-2.0198317271450064,0.0,1.0,0.0,1.0,0.0,1.0,Script18_MatchingBand_L2_BaselineStandardised,Script18_MatchingBand_L2_BaselineStandardised,True,False,BetaH
POW_Band_MatchingBandBaselineStandardisedFlux,41,0.22777777777777777,4.396562084,3.573852462,-0.8227096220000001,0.5531687083,0.5531687083,0.0,7.392252773984019,6.609646903380421,-0.7826058706035983,0.0,1.0,0.0,1.0,0.0,1.0,Script18_MatchingBand_L2_BaselineStandardised,Script18_MatchingBand_L2_BaselineStandardised,True,False,BetaH
POW_Band_MatchingBandBaselineStandardisedFlux,42,0.23333333333333334,3.751058325,3.095074774,-0.6559835509999998,0.7112169107,0.6321928095,-0.07902410120000003,5.654574441103983,4.09431777875405,-1.560256662349933,0.0,1.0,0.0,1.0,0.0,1.0,Script18_MatchingBand_L2_BaselineStandardised,Script18_MatchingBand_L2_BaselineStandardised,True,False,BetaH
POW_Band_MatchingBandBaselineStandardisedFlux,43,0.2388888888888889,4.094667977,3.828865079,-0.26580289800000045,0.3951205059,0.869265113,0.4741446071,6.142561734649069,6.623855287995271,0.4812935533462017,0.0,1.0,0.0,1.0,0.0,1.0,Script18_MatchingBand_L2_BaselineStandardised,Script18_MatchingBand_L2_BaselineStandardised,True,False,BetaH
POW_Band_MatchingBandBaselineStandardisedFlux,44,0.24444444444444446,4.138374308000001,3.693542396999999,-0.4448319110000023,0.4741446071,0.7112169106999996,0.2370723035999996,6.912495237801092,5.607535293876051,-1.3049599439250414,0.0,1.0,0.0,1.0,0.0,1.0,Script18_MatchingBand_L2_BaselineStandardised,Script18_MatchingBand_L2_BaselineStandardised,True,False,BetaH
POW_Band_MatchingBandBaselineStandardisedFlux,45,0.25,4.404950014,3.525446836,-0.8795031779999998,0.4741446071,0.6321928095,0.1580482024,7.75326542321772,5.69031684087116,-2.06294858234656,0.0,1.0,0.0,1.0,0.0,1.0,Script18_MatchingBand_L2_BaselineStandardised,Script18_MatchingBand_L2_BaselineStandardised,True,False,BetaH
POW_Band_MatchingBandBaselineStandardisedFlux,46,0.2555555555555556,4.3395883269999995,3.692132504000001,-0.6474558229999987,0.7902410118999992,0.5531687082999984,-0.23707230360000076,7.782880218470482,5.165632956064158,-2.617247262406324,0.0,1.0,0.0,1.0,0.0,1.0,Script18_MatchingBand_L2_BaselineStandardised,Script18_MatchingBand_L2_BaselineStandardised,True,False,BetaH
POW_Band_MatchingBandBaselineStandardisedFlux,47,0.2611111111111111,4.282246496,3.784777432,-0.4974690640000001,0.7112169107,0.3951205059,-0.31609640480000006,6.4331503547945665,6.938343606830218,0.5051932520356512,0.0,1.0,0.0,1.0,0.0,1.0,Script18_MatchingBand_L2_BaselineStandardised,Script18_MatchingBand_L2_BaselineStandardised,True,False,BetaH
POW_Band_MatchingBandBaselineStandardisedFlux,48,0.26666666666666666,3.299310755,3.75125848,0.45194772500000013,0.869265113,0.6321928095,-0.23707230349999997,5.566442051339539,5.049860396081668,-0.5165816552578715,0.0,1.0,0.0,1.0,0.0,1.0,Script18_MatchingBand_L2_BaselineStandardised,Script18_MatchingBand_L2_BaselineStandardised,True,False,BetaH
POW_Band_MatchingBandBaselineStandardisedFlux,49,0.27222222222222225,4.396239189000001,3.2466678460000016,-1.1495713429999994,0.4741446071000024,0.7902410119,0.31609640479999757,8.074749595937257,3.9068045327775325,-4.167945063159725,0.0,1.0,0.0,1.0,0.0,1.0,Script18_MatchingBand_L2_BaselineStandardised,Script18_MatchingBand_L2_BaselineStandardised,True,False,BetaH
POW_Band_MatchingBandBaselineStandardisedFlux,50,0.2777777777777778,4.459306459,3.418901655,-1.0404048039999996,0.7112169107,0.7902410119,0.07902410119999992,7.967760082556554,5.400348784667844,-2.56741129788871,0.0,1.0,0.0,1.0,0.0,1.0,Script18_MatchingBand_L2_BaselineStandardised,Script18_MatchingBand_L2_BaselineStandardised,True,False,BetaH
POW_Band_MatchingBandBaselineStandardisedFlux,51,0.2833333333333333,4.493776852,3.549074024,-0.944702828,0.4741446071,0.869265113,0.3951205059,7.759785854288903,5.281750736734041,-2.478035117554862,0.0,1.0,0.0,1.0,0.0,1.0,Script18_MatchingBand_L2_BaselineStandardised,Script18_MatchingBand_L2_BaselineStandardised,True,False,BetaH
POW_Band_MatchingBandBaselineStandardisedFlux,52,0.2888888888888889,4.295440784999999,3.8674962980000003,-0.4279444869999991,0.7112169106999977,0.4741446071000024,-0.23707230359999532,7.952037954137265,6.455151181780104,-1.4968867723571613,0.0,1.0,0.0,1.0,0.0,1.0,Script18_MatchingBand_L2_BaselineStandardised,Script18_MatchingBand_L2_BaselineStandardised,True,False,BetaH
POW_Band_MatchingBandBaselineStandardisedFlux,53,0.29444444444444445,4.214508847,3.896039034,-0.3184698130000001,0.4741446071,0.7112169107,0.23707230360000003,7.36336837248785,5.841015255225376,-1.5223531172624742,0.0,1.0,0.0,1.0,0.0,1.0,Script18_MatchingBand_L2_BaselineStandardised,Script18_MatchingBand_L2_BaselineStandardised,True,False,BetaH
POW_Band_MatchingBandBaselineStandardisedFlux,54,0.3,3.774181459,3.586213806,-0.18796765299999985,0.5531687083,0.7112169107,0.15804820240000006,5.579659318875018,5.001938892421306,-0.5777204264537126,0.0,1.0,0.0,1.0,0.0,1.0,Script18_MatchingBand_L2_BaselineStandardised,Script18_MatchingBand_L2_BaselineStandardised,True,False,BetaH
POW_Band_MatchingBandBaselineStandardisedFlux,55,0.3055555555555556,4.035354622,3.546596383,-0.48875823900000004,0.7112169107,0.6321928095,-0.07902410120000003,7.856118572614848,4.985621817271932,-2.8704967553429164,0.0,1.0,0.0,1.0,0.0,1.0,Script18_MatchingBand_L2_BaselineStandardised,Script18_MatchingBand_L2_BaselineStandardised,True,False,BetaH
POW_Band_MatchingBandBaselineStandardisedFlux,56,0.3111111111111111,3.722085133,3.810475297,0.08839016399999977,0.7902410119,0.7112169107,-0.07902410119999992,6.09827610019614,6.542980180066181,0.444704079870041,0.0,1.0,0.0,1.0,0.0,1.0,Script18_MatchingBand_L2_BaselineStandardised,Script18_MatchingBand_L2_BaselineStandardised,True,False,BetaH
POW_Band_MatchingBandBaselineStandardisedFlux,57,0.31666666666666665,3.800952827,3.314958761,-0.48599406599999995,0.7112169107,0.6321928095,-0.07902410120000003,6.494068659379575,4.637448039341862,-1.856620620037713,0.0,1.0,0.0,1.0,0.0,1.0,Script18_MatchingBand_L2_BaselineStandardised,Script18_MatchingBand_L2_BaselineStandardised,True,False,BetaH
POW_Band_MatchingBandBaselineStandardisedFlux,58,0.32222222222222224,3.815120336,3.589543147,-0.225577189,0.6321928095,0.7112169107,0.07902410120000003,4.338017941703825,4.613789924540694,0.27577198283686943,0.0,1.0,0.0,1.0,0.0,1.0,Script18_MatchingBand_L2_BaselineStandardised,Script18_MatchingBand_L2_BaselineStandardised,True,False,BetaH
POW_Band_MatchingBandBaselineStandardisedFlux,59,0.3277777777777778,4.274870365,3.068498378,-1.2063719869999998,0.7112169107,0.6321928095,-0.07902410120000003,8.686575464430131,5.26639847627626,-3.4201769881538713,0.0,1.0,0.0,1.0,0.0,1.0,Script18_MatchingBand_L2_BaselineStandardised,Script18_MatchingBand_L2_BaselineStandardised,True,False,BetaH
POW_Band_MatchingBandBaselineStandardisedFlux,60,0.33333333333333337,3.5121280530000107,3.755126173999997,0.24299812099998608,0.7112169107,0.47414460710000156,-0.23707230359999848,5.562586617561185,4.8915682028564405,-0.6710184147047444,0.0,1.0,0.0,1.0,0.0,1.0,Script18_MatchingBand_L2_BaselineStandardised,Script18_MatchingBand_L2_BaselineStandardised,True,False,BetaH
POW_Band_MatchingBandBaselineStandardisedFlux,61,0.3388888888888889,4.592205639,3.427793133,-1.1644125060000001,0.7112169107,0.6321928095,-0.07902410120000003,11.847619836884357,4.782273925910857,-7.0653459109735,0.0,1.0,0.0,1.0,0.0,1.0,Script18_MatchingBand_L2_BaselineStandardised,Script18_MatchingBand_L2_BaselineStandardised,True,False,BetaH
POW_Band_MatchingBandBaselineStandardisedFlux,62,0.34444444444444444,4.30809244,3.630091875,-0.678000565,0.7112169107,0.7902410119,0.07902410119999992,8.752481828979576,5.950382472968737,-2.8020993560108387,0.0,1.0,0.0,1.0,0.0,1.0,Script18_MatchingBand_L2_BaselineStandardised,Script18_MatchingBand_L2_BaselineStandardised,True,False,BetaH
POW_Band_MatchingBandBaselineStandardisedFlux,63,0.35000000000000003,3.791010742000006,3.8862348649999983,0.09522412299999239,0.6321928095,0.5531687083,-0.07902410120000003,7.587509958208957,5.940440303997542,-1.647069654211415,0.0,1.0,0.0,1.0,0.0,1.0,Script18_MatchingBand_L2_BaselineStandardised,Script18_MatchingBand_L2_BaselineStandardised,True,False,BetaH
POW_Band_MatchingBandBaselineStandardisedFlux,64,0.35555555555555557,4.384506614,3.70708064,-0.6774259740000002,0.6321928095,0.5531687083,-0.07902410120000003,9.438569970736456,5.422989322779932,-4.015580647956524,0.0,1.0,0.0,1.0,0.0,1.0,Script18_MatchingBand_L2_BaselineStandardised,Script18_MatchingBand_L2_BaselineStandardised,True,False,BetaH
POW_Band_MatchingBandBaselineStandardisedFlux,65,0.3611111111111111,3.880668346,3.027235445,-0.8534329010000001,0.6321928095,0.7902410119,0.15804820239999995,6.691950381069022,5.305962319005877,-1.385988062063145,0.0,1.0,0.0,1.0,0.0,1.0,Script18_MatchingBand_L2_BaselineStandardised,Script18_MatchingBand_L2_BaselineStandardised,True,False,BetaH
POW_Band_MatchingBandBaselineStandardisedFlux,66,0.3666666666666667,3.6731332960000036,3.8067577460000006,0.133624449999997,0.7902410118999984,0.7112169107,-0.07902410119999836,7.218338165103814,5.505106335204119,-1.7132318298996951,0.0,1.0,0.0,1.0,0.0,1.0,Script18_MatchingBand_L2_BaselineStandardised,Script18_MatchingBand_L2_BaselineStandardised,True,False,BetaH
POW_Band_MatchingBandBaselineStandardisedFlux,67,0.37222222222222223,4.037052854,3.854872598,-0.18218025599999965,0.6321928095,0.7112169107,0.07902410120000003,5.430127096823584,6.480831669802032,1.0507045729784474,0.0,1.0,0.0,1.0,0.0,1.0,Script18_MatchingBand_L2_BaselineStandardised,Script18_MatchingBand_L2_BaselineStandardised,True,False,BetaH
POW_Band_MatchingBandBaselineStandardisedFlux,68,0.37777777777777777,4.696762239,3.997087197,-0.699675042,0.6321928095,0.5531687083,-0.07902410120000003,9.22516752030647,6.656226084755639,-2.5689414355508315,0.0,1.0,0.0,1.0,0.0,1.0,Script18_MatchingBand_L2_BaselineStandardised,Script18_MatchingBand_L2_BaselineStandardised,True,False,BetaH
POW_Band_MatchingBandBaselineStandardisedFlux,69,0.38333333333333336,4.45858119,3.304187973,-1.1543932170000004,0.5531687083,0.7902410119,0.23707230359999998,9.697531068882572,5.865414859922494,-3.8321162089600787,0.0,1.0,0.0,1.0,0.0,1.0,Script18_MatchingBand_L2_BaselineStandardised,Script18_MatchingBand_L2_BaselineStandardised,True,False,BetaH
POW_Band_MatchingBandBaselineStandardisedFlux,70,0.3888888888888889,4.173010557,3.796575324,-0.3764352329999996,0.5531687083,0.5531687083,0.0,6.742766633308068,5.896728924070141,-0.846037709237927,0.0,1.0,0.0,1.0,0.0,1.0,Script18_MatchingBand_L2_BaselineStandardised,Script18_MatchingBand_L2_BaselineStandardised,True,False,BetaH
POW_Band_MatchingBandBaselineStandardisedFlux,71,0.3944444444444445,4.580475127999993,3.8680536469999978,-0.7124214809999949,0.4741446071,0.39512050590000075,-0.07902410119999925,7.587407703039482,5.741908928341433,-1.8454987746980498,0.0,1.0,0.0,1.0,0.0,1.0,Script18_MatchingBand_L2_BaselineStandardised,Script18_MatchingBand_L2_BaselineStandardised,True,False,BetaH
POW_Band_MatchingBandBaselineStandardisedFlux,72,0.4,3.849470054,3.64520633,-0.20426372400000004,0.4741446071,0.4741446071,0.0,7.682896322778005,5.087839422583999,-2.595056900194006,0.0,1.0,0.0,1.0,0.0,1.0,Script18_MatchingBand_L2_BaselineStandardised,Script18_MatchingBand_L2_BaselineStandardised,True,False,BetaH
POW_Band_MatchingBandBaselineStandardisedFlux,73,0.40555555555555556,4.16163724,3.622537111,-0.5391001289999999,0.5531687083,0.7112169107,0.15804820240000006,6.528096965337337,4.65491847159205,-1.8731784937452867,0.0,1.0,0.0,1.0,0.0,1.0,Script18_MatchingBand_L2_BaselineStandardised,Script18_MatchingBand_L2_BaselineStandardised,True,False,BetaH
POW_Band_MatchingBandBaselineStandardisedFlux,74,0.41111111111111115,4.110066026999999,3.348025861000004,-0.7620401659999954,0.6321928095000008,0.7112169107000008,0.07902410120000003,6.627579297749157,6.504833940615662,-0.12274535713349444,0.0,1.0,0.0,1.0,0.0,1.0,Script18_MatchingBand_L2_BaselineStandardised,Script18_MatchingBand_L2_BaselineStandardised,True,False,BetaH
POW_Band_MatchingBandBaselineStandardisedFlux,75,0.4166666666666667,4.02071614,3.769082307,-0.2516338330000001,0.7112169107,0.7902410119,0.07902410119999992,8.151173819350332,6.323415823094673,-1.8277579962556585,0.0,1.0,0.0,1.0,0.0,1.0,Script18_MatchingBand_L2_BaselineStandardised,Script18_MatchingBand_L2_BaselineStandardised,True,False,BetaH
POW_Band_MatchingBandBaselineStandardisedFlux,76,0.4222222222222222,4.205186533,3.454112311,-0.7510742220000002,0.3951205059,0.7902410119,0.395120506,6.755124425686372,6.374953297303386,-0.38017112838298583,0.0,1.0,0.0,1.0,0.0,1.0,Script18_MatchingBand_L2_BaselineStandardised,Script18_MatchingBand_L2_BaselineStandardised,True,False,BetaH
POW_Band_MatchingBandBaselineStandardisedFlux,77,0.4277777777777778,4.280998177000003,3.503462704000002,-0.7775354730000013,0.47414460710000317,0.7112169107000016,0.23707230359999842,5.979423644284318,5.612231948286454,-0.36719169599786383,0.0,1.0,0.0,1.0,0.0,1.0,Script18_MatchingBand_L2_BaselineStandardised,Script18_MatchingBand_L2_BaselineStandardised,True,False,BetaH
POW_Band_MatchingBandBaselineStandardisedFlux,78,0.43333333333333335,4.627890051,3.727508862,-0.9003811889999995,0.7902410119,0.869265113,0.07902410110000002,10.469866260223336,6.102831027128019,-4.367035233095317,0.0,1.0,0.0,1.0,0.0,1.0,Script18_MatchingBand_L2_BaselineStandardised,Script18_MatchingBand_L2_BaselineStandardised,True,False,BetaH
POW_Band_MatchingBandBaselineStandardisedFlux,79,0.4388888888888889,4.097321652,3.750193259,-0.34712839299999976,0.7112169107,0.6321928095,-0.07902410120000003,6.0112551002157595,6.561132268582014,0.5498771683662547,0.0,1.0,0.0,1.0,0.0,1.0,Script18_MatchingBand_L2_BaselineStandardised,Script18_MatchingBand_L2_BaselineStandardised,True,False,BetaH
POW_Band_MatchingBandBaselineStandardisedFlux,80,0.4444444444444445,4.167930908000002,3.843778916000002,-0.32415199200000044,0.6321928094999992,0.5531687082999992,-0.07902410120000003,6.587624819439508,6.01968534999589,-0.5679394694436182,0.0,1.0,0.0,1.0,0.0,1.0,Script18_MatchingBand_L2_BaselineStandardised,Script18_MatchingBand_L2_BaselineStandardised,True,False,BetaH
POW_Band_MatchingBandBaselineStandardisedFlux,81,0.45,4.454950014,4.039762424,-0.4151875899999995,0.5531687083,0.4741446071,-0.07902410119999997,9.215900731361089,5.444908695651307,-3.7709920357097815,0.0,1.0,0.0,1.0,0.0,1.0,Script18_MatchingBand_L2_BaselineStandardised,Script18_MatchingBand_L2_BaselineStandardised,True,False,BetaH
POW_Band_MatchingBandBaselineStandardisedFlux,82,0.45555555555555555,4.260266182,3.162915659,-1.0973505229999998,0.6321928095,0.4741446071,-0.1580482024,8.334474161977312,5.127723610393822,-3.2067505515834895,0.0,1.0,0.0,1.0,0.0,1.0,Script18_MatchingBand_L2_BaselineStandardised,Script18_MatchingBand_L2_BaselineStandardised,True,False,BetaH
POW_Band_MatchingBandBaselineStandardisedFlux,83,0.46111111111111114,4.327978491,3.872610247,-0.45536824399999976,0.6321928095,0.6321928095,0.0,8.66217231783319,5.690667859429061,-2.97150445840413,0.0,1.0,0.0,1.0,0.0,1.0,Script18_MatchingBand_L2_BaselineStandardised,Script18_MatchingBand_L2_BaselineStandardised,True,False,BetaH
POW_Band_MatchingBandBaselineStandardisedFlux,84,0.4666666666666667,3.945959554,4.101441578,0.15548202400000033,0.7112169107,0.5531687083,-0.15804820240000006,6.908355574304853,5.988545385437213,-0.9198101888676398,0.0,1.0,0.0,1.0,0.0,1.0,Script18_MatchingBand_L2_BaselineStandardised,Script18_MatchingBand_L2_BaselineStandardised,True,False,BetaH
POW_Band_MatchingBandBaselineStandardisedFlux,85,0.47222222222222227,4.1700251699999935,3.060100452000008,-1.1099247179999856,0.6321928095000008,0.6321928095000008,0.0,8.664143005254612,6.1241074584552555,-2.5400355467993565,0.0,1.0,0.0,1.0,0.0,1.0,Script18_MatchingBand_L2_BaselineStandardised,Script18_MatchingBand_L2_BaselineStandardised,True,False,BetaH
POW_Band_MatchingBandBaselineStandardisedFlux,86,0.4777777777777778,3.592132504,3.85301279,0.26088028600000035,0.7112169107,0.7112169107,0.0,5.7701661059019145,5.658087156225379,-0.11207894967653509,0.0,1.0,0.0,1.0,0.0,1.0,Script18_MatchingBand_L2_BaselineStandardised,Script18_MatchingBand_L2_BaselineStandardised,True,False,BetaH
POW_Band_MatchingBandBaselineStandardisedFlux,87,0.48333333333333334,4.682246496,3.721230188,-0.9610163080000005,0.5531687083,0.7112169107,0.15804820240000006,11.77228415196965,5.375938977225397,-6.396345174744253,0.0,1.0,0.0,1.0,0.0,1.0,Script18_MatchingBand_L2_BaselineStandardised,Script18_MatchingBand_L2_BaselineStandardised,True,False,BetaH
POW_Band_MatchingBandBaselineStandardisedFlux,88,0.48888888888888893,4.661077826999997,3.661168329999998,-0.9999094969999991,0.47414460710000156,0.5531687083,0.07902410119999842,9.905621995558496,5.567210951817929,-4.338411043740567,0.0,1.0,0.0,1.0,0.0,1.0,Script18_MatchingBand_L2_BaselineStandardised,Script18_MatchingBand_L2_BaselineStandardised,True,False,BetaH
POW_Band_MatchingBandBaselineStandardisedFlux,89,0.49444444444444446,4.424347315,3.429654482,-0.9946928330000002,0.6321928095,0.5531687083,-0.07902410120000003,8.381532338319676,4.539288588191942,-3.842243750127734,0.0,1.0,0.0,1.0,0.0,1.0,Script18_MatchingBand_L2_BaselineStandardised,Script18_MatchingBand_L2_BaselineStandardised,True,False,BetaH
POW_Band_MatchingBandBaselineStandardisedFlux,90,0.5,4.377689896,3.431748745,-0.9459411509999995,0.5531687083,0.6321928095,0.07902410120000003,7.41537294402451,5.201841574284689,-2.2135313697398207,0.0,1.0,0.0,1.0,0.0,1.0,Script18_MatchingBand_L2_BaselineStandardised,Script18_MatchingBand_L2_BaselineStandardised,True,False,BetaH
POW_Band_MatchingBandBaselineStandardisedFlux,91,0.5055555555555555,4.352890051,4.206521227,-0.1463688240000005,0.4741446071,0.5531687083,0.07902410119999997,7.206659810486482,5.846611955790359,-1.3600478546961225,0.0,1.0,0.0,1.0,0.0,1.0,Script18_MatchingBand_L2_BaselineStandardised,Script18_MatchingBand_L2_BaselineStandardised,True,False,BetaH
POW_Band_MatchingBandBaselineStandardisedFlux,92,0.5111111111111112,4.2993473150000066,3.8708902359999975,-0.42845707900000907,0.6321928094999985,0.7112169106999969,0.07902410119999848,8.819286175015957,6.680631386543911,-2.1386547884720466,0.0,1.0,0.0,1.0,0.0,1.0,Script18_MatchingBand_L2_BaselineStandardised,Script18_MatchingBand_L2_BaselineStandardised,True,False,BetaH
POW_Band_MatchingBandBaselineStandardisedFlux,93,0.5166666666666667,4.60413837,3.738767682,-0.865370688,0.5531687083,0.5531687083,0.0,8.22012468483976,6.425347111239512,-1.794777573600248,0.0,1.0,0.0,1.0,0.0,1.0,Script18_MatchingBand_L2_BaselineStandardised,Script18_MatchingBand_L2_BaselineStandardised,True,False,BetaH
POW_Band_MatchingBandBaselineStandardisedFlux,94,0.5222222222222223,4.671762239,3.947138554,-0.7246236850000005,0.6321928095,0.6321928095,0.0,10.4839705832343,8.038036047453005,-2.4459345357812943,0.0,1.0,0.0,1.0,0.0,1.0,Script18_MatchingBand_L2_BaselineStandardised,Script18_MatchingBand_L2_BaselineStandardised,True,False,BetaH
POW_Band_MatchingBandBaselineStandardisedFlux,95,0.5277777777777778,3.973133296,3.530289769,-0.44284352699999996,0.5531687083,0.7112169107,0.15804820240000006,5.772744181085029,5.7597977021923,-0.012946478892729374,0.0,1.0,0.0,1.0,0.0,1.0,Script18_MatchingBand_L2_BaselineStandardised,Script18_MatchingBand_L2_BaselineStandardised,True,False,BetaH
POW_Band_MatchingBandBaselineStandardisedFlux,96,0.5333333333333333,4.171239189,3.657588974,-0.5136502149999997,0.7112169107,0.7902410119,0.07902410119999992,7.658780292425696,6.663263463939199,-0.9955168284864975,0.0,1.0,0.0,1.0,0.0,1.0,Script18_MatchingBand_L2_BaselineStandardised,Script18_MatchingBand_L2_BaselineStandardised,True,False,BetaH
POW_Band_MatchingBandBaselineStandardisedFlux,97,0.5388888888888889,3.462248729,3.659775494,0.19752676499999966,0.6321928095,0.7902410119,0.15804820239999995,7.155780089956396,7.128833274453879,-0.026946815502516763,0.0,1.0,0.0,1.0,0.0,1.0,Script18_MatchingBand_L2_BaselineStandardised,Script18_MatchingBand_L2_BaselineStandardised,True,False,BetaH
POW_Band_MatchingBandBaselineStandardisedFlux,98,0.5444444444444445,3.797486494999998,3.366934624000008,-0.4305518709999898,0.6321928094999952,0.6321928095000016,6.328271240363392e-15,5.546882891075723,5.342900852713407,-0.20398203836231588,0.0,1.0,0.0,1.0,0.0,1.0,Script18_MatchingBand_L2_BaselineStandardised,Script18_MatchingBand_L2_BaselineStandardised,True,False,BetaH
POW_Band_MatchingBandBaselineStandardisedFlux,99,0.55,3.713139853,3.76331395,0.050174097000000195,0.3951205059,0.7112169107,0.31609640480000006,4.406485712537119,6.071092348519632,1.664606635982513,0.0,1.0,0.0,1.0,0.0,1.0,Script18_MatchingBand_L2_BaselineStandardised,Script18_MatchingBand_L2_BaselineStandardised,True,False,BetaH
POW_Band_MatchingBandBaselineStandardisedFlux,100,0.5555555555555556,4.098421891,3.692743993,-0.405677898,0.4741446071,0.5531687083,0.07902410119999997,8.591061715895858,6.021763942016002,-2.569297773879856,0.0,1.0,0.0,1.0,0.0,1.0,Script18_MatchingBand_L2_BaselineStandardised,Script18_MatchingBand_L2_BaselineStandardised,True,False,BetaH
POW_Band_MatchingBandBaselineStandardisedFlux,101,0.5611111111111111,4.251843952,4.045313765,-0.20653018699999937,0.4741446071,0.5531687083,0.07902410119999997,7.18156961918412,7.634064422856412,0.452494803672292,0.0,1.0,0.0,1.0,0.0,1.0,Script18_MatchingBand_L2_BaselineStandardised,Script18_MatchingBand_L2_BaselineStandardised,True,False,BetaH
POW_Band_MatchingBandBaselineStandardisedFlux,102,0.5666666666666667,3.818795974,3.914543147,0.09574717299999991,0.6321928095,0.7112169107,0.07902410120000003,6.0298489552148835,7.405310601686773,1.3754616464718898,0.0,1.0,0.0,1.0,0.0,1.0,Script18_MatchingBand_L2_BaselineStandardised,Script18_MatchingBand_L2_BaselineStandardised,True,False,BetaH
POW_Band_MatchingBandBaselineStandardisedFlux,103,0.5722222222222223,4.63587767099999,3.8983334519999993,-0.7375442189999903,0.7112169106999985,0.5531687083000015,-0.15804820239999695,5.694851577827934,5.900454495307728,0.2056029174797942,0.0,1.0,0.0,1.0,0.0,1.0,Script18_MatchingBand_L2_BaselineStandardised,Script18_MatchingBand_L2_BaselineStandardised,True,False,BetaH
POW_Band_MatchingBandBaselineStandardisedFlux,104,0.5777777777777778,4.086602939999998,3.8618373949999945,-0.22476554500000345,0.6321928095000016,0.6321928095,-1.5543122344752192e-15,7.002515322922456,7.18262504555984,0.18010972263738445,0.0,1.0,0.0,1.0,0.0,1.0,Script18_MatchingBand_L2_BaselineStandardised,Script18_MatchingBand_L2_BaselineStandardised,True,False,BetaH
POW_Band_MatchingBandBaselineStandardisedFlux,105,0.5833333333333334,4.006000241,3.589292795,-0.41670744599999976,0.7112169107,0.6321928095,-0.07902410120000003,6.215260716032908,5.0291597292620125,-1.1861009867708958,0.0,1.0,0.0,1.0,0.0,1.0,Script18_MatchingBand_L2_BaselineStandardised,Script18_MatchingBand_L2_BaselineStandardised,True,False,BetaH
POW_Band_MatchingBandBaselineStandardisedFlux,106,0.5888888888888889,4.177655597,4.132280795,-0.045374802000000436,0.6321928095,0.5531687083,-0.07902410120000003,7.6742152899405855,8.670379701633273,0.9961644116926873,0.0,1.0,0.0,1.0,0.0,1.0,Script18_MatchingBand_L2_BaselineStandardised,Script18_MatchingBand_L2_BaselineStandardised,True,False,BetaH
POW_Band_MatchingBandBaselineStandardisedFlux,107,0.5944444444444444,4.182769546,3.957483014,-0.22528653200000015,0.4741446071,0.4741446071,0.0,6.979725472438615,6.2918742684859525,-0.6878512039526621,0.0,1.0,0.0,1.0,0.0,1.0,Script18_MatchingBand_L2_BaselineStandardised,Script18_MatchingBand_L2_BaselineStandardised,True,False,BetaH
POW_Band_MatchingBandBaselineStandardisedFlux,108,0.6,3.367635838,3.582911406,0.21527556800000003,0.7112169107,0.7112169107,0.0,6.790035101351237,6.708583937499061,-0.08145116385217666,0.0,1.0,0.0,1.0,0.0,1.0,Script18_MatchingBand_L2_BaselineStandardised,Script18_MatchingBand_L2_BaselineStandardised,True,False,BetaH
POW_Band_MatchingBandBaselineStandardisedFlux,109,0.6055555555555556,3.6537894170000054,3.354463328000003,-0.29932608900000224,0.7112169106999953,0.7902410119000031,0.0790241012000078,8.157245229267048,6.826155319077181,-1.331089910189867,0.0,1.0,0.0,1.0,0.0,1.0,Script18_MatchingBand_L2_BaselineStandardised,Script18_MatchingBand_L2_BaselineStandardised,True,False,BetaH
POW_Band_MatchingBandBaselineStandardisedFlux,110,0.6111111111111112,3.910877671,3.499166281,-0.41171139000000023,0.4741446071,0.9482892142,0.4741446071,5.385842677665248,6.488703015054629,1.102860337389381,0.0,1.0,0.0,1.0,0.0,1.0,Script18_MatchingBand_L2_BaselineStandardised,Script18_MatchingBand_L2_BaselineStandardised,True,False,BetaH
POW_Band_MatchingBandBaselineStandardisedFlux,111,0.6166666666666667,4.587816959,3.923824265,-0.6639926940000005,0.6321928095,0.4741446071,-0.1580482024,7.362626724626939,5.488590049668071,-1.8740366749588677,0.0,1.0,0.0,1.0,0.0,1.0,Script18_MatchingBand_L2_BaselineStandardised,Script18_MatchingBand_L2_BaselineStandardised,True,False,BetaH
POW_Band_MatchingBandBaselineStandardisedFlux,112,0.6222222222222222,4.452890051,3.280107053,-1.1727829979999997,0.4741446071,0.869265113,0.3951205059,8.029864259500343,5.821976557204339,-2.207887702296004,0.0,1.0,0.0,1.0,0.0,1.0,Script18_MatchingBand_L2_BaselineStandardised,Script18_MatchingBand_L2_BaselineStandardised,True,False,BetaH
POW_Band_MatchingBandBaselineStandardisedFlux,113,0.6277777777777778,4.670513921,3.731757746,-0.9387561750000004,0.7112169107,0.5531687083,-0.15804820240000006,8.859633750549794,5.070543921152577,-3.7890898293972164,0.0,1.0,0.0,1.0,0.0,1.0,Script18_MatchingBand_L2_BaselineStandardised,Script18_MatchingBand_L2_BaselineStandardised,True,False,BetaH
POW_Band_MatchingBandBaselineStandardisedFlux,114,0.6333333333333333,4.180709583,3.993342242,-0.1873673409999994,0.7112169107,0.6321928095,-0.07902410120000003,8.17986927917973,6.508956281385503,-1.6709129977942272,0.0,1.0,0.0,1.0,0.0,1.0,Script18_MatchingBand_L2_BaselineStandardised,Script18_MatchingBand_L2_BaselineStandardised,True,False,BetaH
POW_Band_MatchingBandBaselineStandardisedFlux,115,0.638888888888889,4.609829508999995,3.7547519230000157,-0.8550775859999797,0.6321928095000016,0.6321928094999952,-6.328271240363392e-15,9.660170860198427,6.192582740834211,-3.4675881193642164,0.0,1.0,0.0,1.0,0.0,1.0,Script18_MatchingBand_L2_BaselineStandardised,Script18_MatchingBand_L2_BaselineStandardised,True,False,BetaH
POW_Band_MatchingBandBaselineStandardisedFlux,116,0.6444444444444445,4.373622047,4.521762239,0.1481401920000005,0.7112169107,0.3951205059,-0.31609640480000006,8.771129778807158,6.720192483080451,-2.0509372957267065,0.0,1.0,0.0,1.0,0.0,1.0,Script18_MatchingBand_L2_BaselineStandardised,Script18_MatchingBand_L2_BaselineStandardised,True,False,BetaH
POW_Band_MatchingBandBaselineStandardisedFlux,117,0.65,4.266280215,3.80089675,-0.46538346499999994,0.6321928095,0.7902410119,0.15804820239999995,8.601559096452503,6.331736051257918,-2.2698230451945847,0.0,1.0,0.0,1.0,0.0,1.0,Script18_MatchingBand_L2_BaselineStandardised,Script18_MatchingBand_L2_BaselineStandardised,True,False,BetaH
POW_Band_MatchingBandBaselineStandardisedFlux,118,0.6555555555555556,4.431957901,4.273858565,-0.15809933599999937,0.5531687083,0.5531687083,0.0,7.60168516152031,8.721286941222875,1.119601779702565,0.0,1.0,0.0,1.0,0.0,1.0,Script18_MatchingBand_L2_BaselineStandardised,Script18_MatchingBand_L2_BaselineStandardised,True,False,BetaH
POW_Band_MatchingBandBaselineStandardisedFlux,119,0.6611111111111111,4.183460515,3.96959056,-0.21386995500000028,0.5531687083,0.7112169107,0.15804820240000006,9.860495031391439,5.55973737317264,-4.300757658218799,0.0,1.0,0.0,1.0,0.0,1.0,Script18_MatchingBand_L2_BaselineStandardised,Script18_MatchingBand_L2_BaselineStandardised,True,False,BetaH
POW_Band_MatchingBandBaselineStandardisedFlux,120,0.6666666666666667,3.774415914000008,4.170313764999994,0.3958978509999862,0.8692651129999952,0.7902410118999984,-0.0790241010999968,6.208859492304139,7.348013537080935,1.139154044776796,0.0,1.0,0.0,1.0,0.0,1.0,Script18_MatchingBand_L2_BaselineStandardised,Script18_MatchingBand_L2_BaselineStandardised,True,False,BetaH
POW_Band_MatchingBandBaselineStandardisedFlux,121,0.6722222222222223,4.164388172,3.868576697,-0.2958114749999998,0.6321928095,0.7112169107,0.07902410120000003,11.078006892671619,7.876872161596362,-3.201134731075257,0.0,1.0,0.0,1.0,0.0,1.0,Script18_MatchingBand_L2_BaselineStandardised,Script18_MatchingBand_L2_BaselineStandardised,True,False,BetaH
POW_Band_MatchingBandBaselineStandardisedFlux,122,0.6777777777777778,3.889185953,3.499648431,-0.38953752200000036,0.7112169107,0.6321928095,-0.07902410120000003,8.078690940561968,6.200035614773555,-1.8786553257884124,0.0,1.0,0.0,1.0,0.0,1.0,Script18_MatchingBand_L2_BaselineStandardised,Script18_MatchingBand_L2_BaselineStandardised,True,False,BetaH
POW_Band_MatchingBandBaselineStandardisedFlux,123,0.6833333333333333,4.498098997,3.453376328,-1.0447226689999995,0.4741446071,0.9482892142,0.4741446071,7.887263679148132,5.898062759862846,-1.9892009192852864,0.0,1.0,0.0,1.0,0.0,1.0,Script18_MatchingBand_L2_BaselineStandardised,Script18_MatchingBand_L2_BaselineStandardised,True,False,BetaH
POW_Band_MatchingBandBaselineStandardisedFlux,124,0.6888888888888889,3.596415349,3.340851949,-0.2555633999999998,0.7112169107,0.7112169107,0.0,7.18908474843128,6.6464035943800255,-0.5426811540512544,0.0,1.0,0.0,1.0,0.0,1.0,Script18_MatchingBand_L2_BaselineStandardised,Script18_MatchingBand_L2_BaselineStandardised,True,False,BetaH
POW_Band_MatchingBandBaselineStandardisedFlux,125,0.6944444444444444,4.283494814,3.588985797,-0.6945090170000001,0.6321928095,0.4741446071,-0.1580482024,9.716232831683492,4.16299512621532,-5.553237705468171,0.0,1.0,0.0,1.0,0.0,1.0,Script18_MatchingBand_L2_BaselineStandardised,Script18_MatchingBand_L2_BaselineStandardised,True,False,BetaH
POW_Band_MatchingBandBaselineStandardisedFlux,126,0.7000000000000001,4.215434271000005,4.138051413999999,-0.07738285700000613,0.4741446071,0.7112169106999937,0.2370723035999937,6.764234516980685,7.17835160595904,0.4141170889783554,0.0,1.0,0.0,1.0,0.0,1.0,Script18_MatchingBand_L2_BaselineStandardised,Script18_MatchingBand_L2_BaselineStandardised,True,False,BetaH
POW_Band_MatchingBandBaselineStandardisedFlux,127,0.7055555555555556,4.454461264,4.039999661,-0.41446160299999946,0.4741446071,0.3951205059,-0.07902410120000003,7.516305795451316,6.73102440717895,-0.7852813882723666,0.0,1.0,0.0,1.0,0.0,1.0,Script18_MatchingBand_L2_BaselineStandardised,Script18_MatchingBand_L2_BaselineStandardised,True,False,BetaH
POW_Band_MatchingBandBaselineStandardisedFlux,128,0.7111111111111111,4.233023122,4.175629933,-0.0573931889999999,0.5531687083,0.7112169107,0.15804820240000006,8.150359160392316,7.440330464452678,-0.7100286959396378,0.0,1.0,0.0,1.0,0.0,1.0,Script18_MatchingBand_L2_BaselineStandardised,Script18_MatchingBand_L2_BaselineStandardised,True,False,BetaH
POW_Band_MatchingBandBaselineStandardisedFlux,129,0.7166666666666667,4.228903915,3.954784159,-0.27411975600000016,0.7112169107,0.7902410119,0.07902410119999992,9.810117163265296,5.910568170175464,-3.899548993089832,0.0,1.0,0.0,1.0,0.0,1.0,Script18_MatchingBand_L2_BaselineStandardised,Script18_MatchingBand_L2_BaselineStandardised,True,False,BetaH
POW_Band_MatchingBandBaselineStandardisedFlux,130,0.7222222222222222,4.060031727,3.817904849,-0.2421268780000001,0.5531687083,0.6321928095,0.07902410120000003,7.534649950549139,6.500248504083666,-1.0344014464654725,0.0,1.0,0.0,1.0,0.0,1.0,Script18_MatchingBand_L2_BaselineStandardised,Script18_MatchingBand_L2_BaselineStandardised,True,False,BetaH
POW_Band_MatchingBandBaselineStandardisedFlux,131,0.7277777777777779,4.255072752999993,3.7151456760000148,-0.5399270769999784,0.7112169107000031,0.9482892141999937,0.23707230349999053,7.355996604104035,6.229967147459026,-1.1260294566450098,0.0,1.0,0.0,1.0,0.0,1.0,Script18_MatchingBand_L2_BaselineStandardised,Script18_MatchingBand_L2_BaselineStandardised,True,False,BetaH
POW_Band_MatchingBandBaselineStandardisedFlux,132,0.7333333333333334,3.8907592290000057,4.457535090999993,0.5667758619999876,0.8692651129999969,0.6321928094999985,-0.23707230349999842,6.445848889109588,9.668538680960294,3.222689791850706,0.0,1.0,0.0,1.0,0.0,1.0,Script18_MatchingBand_L2_BaselineStandardised,Script18_MatchingBand_L2_BaselineStandardised,True,False,BetaH
POW_Band_MatchingBandBaselineStandardisedFlux,133,0.7388888888888889,4.183494814,4.133494814,-0.05000000000000071,0.7112169107,0.5531687083,-0.15804820240000006,6.0347997976017,7.2332227306069665,1.1984229330052667,0.0,1.0,0.0,1.0,0.0,1.0,Script18_MatchingBand_L2_BaselineStandardised,Script18_MatchingBand_L2_BaselineStandardised,True,False,BetaH
POW_Band_MatchingBandBaselineStandardisedFlux,134,0.7444444444444445,4.350193259,3.924997385,-0.4251958739999999,0.5531687083,0.5531687083,0.0,8.697822983479949,6.405568420464245,-2.292254563015703,0.0,1.0,0.0,1.0,0.0,1.0,Script18_MatchingBand_L2_BaselineStandardised,Script18_MatchingBand_L2_BaselineStandardised,True,False,BetaH
POW_Band_MatchingBandBaselineStandardisedFlux,135,0.75,4.106198333,3.14353786,-0.9626604730000001,0.3951205059,0.869265113,0.4741446071,6.500620528126609,5.701584545428687,-0.7990359826979221,0.0,1.0,0.0,1.0,0.0,1.0,Script18_MatchingBand_L2_BaselineStandardised,Script18_MatchingBand_L2_BaselineStandardised,True,False,BetaH
POW_Band_MatchingBandBaselineStandardisedFlux,136,0.7555555555555555,4.469467821,3.971562084,-0.4979057370000004,0.6321928095,0.7902410119,0.15804820239999995,10.006722847941173,7.96499389914603,-2.041728948795143,0.0,1.0,0.0,1.0,0.0,1.0,Script18_MatchingBand_L2_BaselineStandardised,Script18_MatchingBand_L2_BaselineStandardised,True,False,BetaH
POW_Band_MatchingBandBaselineStandardisedFlux,137,0.7611111111111112,4.186293286000003,4.16619383899999,-0.020099447000013093,0.6321928095,0.7902410119,0.15804820239999995,6.914386111805104,8.799959896155258,1.8855737843501537,0.0,1.0,0.0,1.0,0.0,1.0,Script18_MatchingBand_L2_BaselineStandardised,Script18_MatchingBand_L2_BaselineStandardised,True,False,BetaH
POW_Band_MatchingBandBaselineStandardisedFlux,138,0.7666666666666667,4.385266182,3.664386108,-0.7208800739999996,0.6321928095,0.7902410119,0.15804820239999995,8.723529173289094,6.823954896239419,-1.899574277049675,0.0,1.0,0.0,1.0,0.0,1.0,Script18_MatchingBand_L2_BaselineStandardised,Script18_MatchingBand_L2_BaselineStandardised,True,False,BetaH
POW_Band_MatchingBandBaselineStandardisedFlux,139,0.7722222222222223,3.873221736,4.268776852,0.39555511600000015,0.5531687083,0.7112169107,0.15804820240000006,7.753611887399428,9.164232595729096,1.4106207083296685,0.0,1.0,0.0,1.0,0.0,1.0,Script18_MatchingBand_L2_BaselineStandardised,Script18_MatchingBand_L2_BaselineStandardised,True,False,BetaH
POW_Band_MatchingBandBaselineStandardisedFlux,140,0.7777777777777778,4.375395478,3.591768768,-0.7836267099999996,0.7112169107,0.7112169107,0.0,7.5942250073165525,7.558567582930944,-0.03565742438560804,0.0,1.0,0.0,1.0,0.0,1.0,Script18_MatchingBand_L2_BaselineStandardised,Script18_MatchingBand_L2_BaselineStandardised,True,False,BetaH
POW_Band_MatchingBandBaselineStandardisedFlux,141,0.7833333333333333,4.135677516,4.421562084,0.2858845679999993,0.7112169107,0.6321928095,-0.07902410120000003,7.490421555560101,10.000310876400345,2.5098893208402444,0.0,1.0,0.0,1.0,0.0,1.0,Script18_MatchingBand_L2_BaselineStandardised,Script18_MatchingBand_L2_BaselineStandardised,True,False,BetaH
POW_Band_MatchingBandBaselineStandardisedFlux,142,0.788888888888889,4.1694678209999925,3.5449648120000083,-0.6245030089999841,0.5531687083000031,0.6321928095000016,0.07902410119999848,7.752504922269836,6.9367676616952005,-0.8157372605746351,0.0,1.0,0.0,1.0,0.0,1.0,Script18_MatchingBand_L2_BaselineStandardised,Script18_MatchingBand_L2_BaselineStandardised,True,False,BetaH
POW_Band_MatchingBandBaselineStandardisedFlux,143,0.7944444444444445,3.827689896000003,3.9709315990000045,0.1432417030000015,0.7112169107,0.7112169107,0.0,7.58130940510092,8.847123793298989,1.265814388198069,0.0,1.0,0.0,1.0,0.0,1.0,Script18_MatchingBand_L2_BaselineStandardised,Script18_MatchingBand_L2_BaselineStandardised,True,False,BetaH
POW_Band_MatchingBandBaselineStandardisedFlux,144,0.8,3.993847331,4.195750439,0.20190310800000022,0.7112169107,0.7112169107,0.0,5.197429323252273,8.770081261463599,3.572651938211326,0.0,1.0,0.0,1.0,0.0,1.0,Script18_MatchingBand_L2_BaselineStandardised,Script18_MatchingBand_L2_BaselineStandardised,True,False,BetaH
POW_Band_MatchingBandBaselineStandardisedFlux,145,0.8055555555555556,4.0719041,3.760966111,-0.31093798900000014,0.6321928095,0.7902410119,0.15804820239999995,8.85662497390954,6.6469667740238,-2.20965819988574,0.0,1.0,0.0,1.0,0.0,1.0,Script18_MatchingBand_L2_BaselineStandardised,Script18_MatchingBand_L2_BaselineStandardised,True,False,BetaH
POW_Band_MatchingBandBaselineStandardisedFlux,146,0.8111111111111111,4.513897358,4.073656346,-0.44024101200000043,0.6321928095,0.5531687083,-0.07902410120000003,8.839007105446123,7.095430714851093,-1.7435763905950301,0.0,1.0,0.0,1.0,0.0,1.0,Script18_MatchingBand_L2_BaselineStandardised,Script18_MatchingBand_L2_BaselineStandardised,True,False,BetaH
POW_Band_MatchingBandBaselineStandardisedFlux,147,0.8166666666666667,4.230709583,3.771564147,-0.45914543600000046,0.6321928095,0.6321928095,0.0,8.477790058302391,6.477425055833882,-2.0003650024685093,0.0,1.0,0.0,1.0,0.0,1.0,Script18_MatchingBand_L2_BaselineStandardised,Script18_MatchingBand_L2_BaselineStandardised,True,False,BetaH
POW_Band_MatchingBandBaselineStandardisedFlux,148,0.8222222222222223,4.374581769999988,3.7774554410000043,-0.597126328999984,0.6321928095000048,0.7902410118999952,0.1580482023999904,7.628684727927151,6.4703696571795835,-1.1583150707475678,0.0,1.0,0.0,1.0,0.0,1.0,Script18_MatchingBand_L2_BaselineStandardised,Script18_MatchingBand_L2_BaselineStandardised,True,False,BetaH
POW_Band_MatchingBandBaselineStandardisedFlux,149,0.8277777777777778,3.81152980400002,3.9911938389999935,0.1796640349999734,0.8692651129999921,0.5531687083000048,-0.31609640469998734,7.083715528627308,8.518269483273288,1.4345539546459802,0.0,1.0,0.0,1.0,0.0,1.0,Script18_MatchingBand_L2_BaselineStandardised,Script18_MatchingBand_L2_BaselineStandardised,True,False,BetaH
POW_Band_MatchingBandBaselineStandardisedFlux,150,0.8333333333333334,4.815957321,3.648133296,-1.1678240249999998,0.4741446071,0.7902410119,0.31609640479999995,9.533299300108395,6.471967755638251,-3.0613315444701437,0.0,1.0,0.0,1.0,0.0,1.0,Script18_MatchingBand_L2_BaselineStandardised,Script18_MatchingBand_L2_BaselineStandardised,True,False,BetaH
POW_Band_MatchingBandBaselineStandardisedFlux,151,0.8388888888888889,4.244267666,3.81331395,-0.4309537159999999,0.7112169107,0.7902410119,0.07902410119999992,8.738756448029338,7.301291291533049,-1.4374651564962893,0.0,1.0,0.0,1.0,0.0,1.0,Script18_MatchingBand_L2_BaselineStandardised,Script18_MatchingBand_L2_BaselineStandardised,True,False,BetaH
POW_Band_MatchingBandBaselineStandardisedFlux,152,0.8444444444444444,4.202890051,4.127053067,-0.0758369839999995,0.5531687083,0.6321928095,0.07902410120000003,6.551546430805786,8.256983802022319,1.705437371216533,0.0,1.0,0.0,1.0,0.0,1.0,Script18_MatchingBand_L2_BaselineStandardised,Script18_MatchingBand_L2_BaselineStandardised,True,False,BetaH
POW_Band_MatchingBandBaselineStandardisedFlux,153,0.85,4.133703929,3.834394179,-0.2993097500000004,0.5531687083,0.6321928095,0.07902410120000003,7.110923179399105,7.559699030429998,0.44877585103089324,0.0,1.0,0.0,1.0,0.0,1.0,Script18_MatchingBand_L2_BaselineStandardised,Script18_MatchingBand_L2_BaselineStandardised,True,False,BetaH
POW_Band_MatchingBandBaselineStandardisedFlux,154,0.8555555555555556,4.4116029400000025,4.402367001999987,-0.009235938000015764,0.3951205059000047,0.6321928095000031,0.23707230359999842,7.5710317420717645,8.30441584398607,0.7333841019143046,0.0,1.0,0.0,1.0,0.0,1.0,Script18_MatchingBand_L2_BaselineStandardised,Script18_MatchingBand_L2_BaselineStandardised,True,False,BetaH
POW_Band_MatchingBandBaselineStandardisedFlux,155,0.8611111111111112,4.544990871,3.715253237,-0.8297376340000002,0.6321928095,0.7902410119,0.15804820239999995,9.362974449814416,6.416622170370374,-2.946352279444042,0.0,1.0,0.0,1.0,0.0,1.0,Script18_MatchingBand_L2_BaselineStandardised,Script18_MatchingBand_L2_BaselineStandardised,True,False,BetaH
POW_Band_MatchingBandBaselineStandardisedFlux,156,0.8666666666666667,3.403158932,3.83273731,0.429578378,0.7902410119,0.869265113,0.07902410110000002,6.311824280986141,6.567499143016229,0.25567486203008816,0.0,1.0,0.0,1.0,0.0,1.0,Script18_MatchingBand_L2_BaselineStandardised,Script18_MatchingBand_L2_BaselineStandardised,True,False,BetaH
POW_Band_MatchingBandBaselineStandardisedFlux,157,0.8722222222222222,4.642205639,3.318288102,-1.3239175370000003,0.5531687083,0.7112169107,0.15804820240000006,8.506784123669554,5.741636193220197,-2.7651479304493574,0.0,1.0,0.0,1.0,0.0,1.0,Script18_MatchingBand_L2_BaselineStandardised,Script18_MatchingBand_L2_BaselineStandardised,True,False,BetaH
POW_Band_MatchingBandBaselineStandardisedFlux,158,0.8777777777777778,4.52002517,4.247576863,-0.27244830700000033,0.5531687083,0.5478882719,-0.005280436399999977,6.676156436487721,6.974190176919398,0.2980337404316771,0.0,1.0,0.0,1.0,0.0,1.0,Script18_MatchingBand_L2_BaselineStandardised,Script18_MatchingBand_L2_BaselineStandardised,True,False,BetaH
POW_Band_MatchingBandBaselineStandardisedFlux,159,0.8833333333333334,3.815354791000012,4.144790715999999,0.3294359249999874,0.7902410118999951,0.7112169107000016,-0.07902410119999348,6.926485829214241,6.811651934895825,-0.11483389431841573,0.0,1.0,0.0,1.0,0.0,1.0,Script18_MatchingBand_L2_BaselineStandardised,Script18_MatchingBand_L2_BaselineStandardised,True,False,BetaH
POW_Band_MatchingBandBaselineStandardisedFlux,160,0.888888888888889,4.411011461000006,4.097011997999995,-0.3139994630000116,0.5478882719000017,0.7902410118999984,0.24235273999999674,6.535254053659479,7.298624508777925,0.7633704551184461,0.0,1.0,0.0,1.0,0.0,1.0,Script18_MatchingBand_L2_BaselineStandardised,Script18_MatchingBand_L2_BaselineStandardised,True,False,BetaH
POW_Band_MatchingBandBaselineStandardisedFlux,161,0.8944444444444445,4.734829509,3.817110263,-0.9177192459999999,0.6321928095,0.7112169107,0.07902410120000003,12.507122758166672,6.357059262134161,-6.1500634960325105,0.0,1.0,0.0,1.0,0.0,1.0,Script18_MatchingBand_L2_BaselineStandardised,Script18_MatchingBand_L2_BaselineStandardised,True,False,BetaH
POW_Band_MatchingBandBaselineStandardisedFlux,162,0.9,4.545513921,4.189635867,-0.3558780540000006,0.7112169107,0.5531687083,-0.15804820240000006,11.661947266821146,7.704984265039917,-3.9569630017812294,0.0,1.0,0.0,1.0,0.0,1.0,Script18_MatchingBand_L2_BaselineStandardised,Script18_MatchingBand_L2_BaselineStandardised,True,False,BetaH
POW_Band_MatchingBandBaselineStandardisedFlux,163,0.9055555555555556,4.038897358,4.396327629,0.35743027100000013,0.7112169107,0.5531687083,-0.15804820240000006,7.612838033972807,9.584565781509632,1.971727747536825,0.0,1.0,0.0,1.0,0.0,1.0,Script18_MatchingBand_L2_BaselineStandardised,Script18_MatchingBand_L2_BaselineStandardised,True,False,BetaH
POW_Band_MatchingBandBaselineStandardisedFlux,164,0.9111111111111111,4.968942708,4.246273489,-0.7226692190000001,0.4741446071,0.6321928095,0.1580482024,10.606312167903065,6.512666971810921,-4.093645196092144,0.0,1.0,0.0,1.0,0.0,1.0,Script18_MatchingBand_L2_BaselineStandardised,Script18_MatchingBand_L2_BaselineStandardised,True,False,BetaH
POW_Band_MatchingBandBaselineStandardisedFlux,165,0.9166666666666667,4.309594335000006,4.005925042000002,-0.303669293000004,0.3951205059000063,0.8692651129999905,0.47414460709998424,7.336948267584275,7.474157191645477,0.137208924061202,0.0,1.0,0.0,1.0,0.0,1.0,Script18_MatchingBand_L2_BaselineStandardised,Script18_MatchingBand_L2_BaselineStandardised,True,False,BetaH
POW_Band_MatchingBandBaselineStandardisedFlux,166,0.9222222222222223,4.626641733,4.08660294,-0.5400387929999999,0.7112169107,0.3951205059,-0.31609640480000006,10.281998880943267,6.3030246326617,-3.978974248281567,0.0,1.0,0.0,1.0,0.0,1.0,Script18_MatchingBand_L2_BaselineStandardised,Script18_MatchingBand_L2_BaselineStandardised,True,False,BetaH
POW_Band_MatchingBandBaselineStandardisedFlux,167,0.9277777777777778,4.492294079,3.994502121,-0.49779195799999965,0.7902410119,0.5531687083,-0.23707230359999998,9.78164795969567,6.091380324795663,-3.6902676349000068,0.0,1.0,0.0,1.0,0.0,1.0,Script18_MatchingBand_L2_BaselineStandardised,Script18_MatchingBand_L2_BaselineStandardised,True,False,BetaH
POW_Band_MatchingBandBaselineStandardisedFlux,168,0.9333333333333333,4.071884978,4.688662903,0.6167779250000001,0.869265113,0.7112169107,-0.15804820229999994,9.753196660903104,8.382681385422172,-1.3705152754809315,0.0,1.0,0.0,1.0,0.0,1.0,Script18_MatchingBand_L2_BaselineStandardised,Script18_MatchingBand_L2_BaselineStandardised,True,False,BetaH
POW_Band_MatchingBandBaselineStandardisedFlux,169,0.9388888888888889,4.508494814,4.154620183,-0.35387463100000005,0.3951205059,0.6321928095,0.23707230360000003,9.181438991869856,7.839248386681801,-1.3421906051880548,0.0,1.0,0.0,1.0,0.0,1.0,Script18_MatchingBand_L2_BaselineStandardised,Script18_MatchingBand_L2_BaselineStandardised,True,False,BetaH
POW_Band_MatchingBandBaselineStandardisedFlux,170,0.9444444444444445,4.255003435000001,4.476641732999985,0.22163829799998425,0.6321928095,0.7112169107,0.07902410120000003,8.068893055153193,9.369349465058482,1.3004564099052889,0.0,1.0,0.0,1.0,0.0,1.0,Script18_MatchingBand_L2_BaselineStandardised,Script18_MatchingBand_L2_BaselineStandardised,True,False,BetaH
POW_Band_MatchingBandBaselineStandardisedFlux,171,0.9500000000000001,4.316682589999997,3.7218849780000047,-0.5947976119999927,0.6321928095,0.7112169107000016,0.07902410120000158,8.64736897518393,6.472121122901759,-2.1752478522821717,0.0,1.0,0.0,1.0,0.0,1.0,Script18_MatchingBand_L2_BaselineStandardised,Script18_MatchingBand_L2_BaselineStandardised,True,False,BetaH
POW_Band_MatchingBandBaselineStandardisedFlux,172,0.9555555555555556,4.177541098,3.975918528,-0.20162257000000006,0.6321928095,0.7902410119,0.15804820239999995,7.423482871246147,7.581832715085719,0.15834984383957185,0.0,1.0,0.0,1.0,0.0,1.0,Script18_MatchingBand_L2_BaselineStandardised,Script18_MatchingBand_L2_BaselineStandardised,True,False,BetaH
POW_Band_MatchingBandBaselineStandardisedFlux,173,0.9611111111111111,4.548010557,4.228212946,-0.31979761099999937,0.5531687083,0.7112169107,0.15804820240000006,8.755900886337859,8.073427294929836,-0.6824735914080229,0.0,1.0,0.0,1.0,0.0,1.0,Script18_MatchingBand_L2_BaselineStandardised,Script18_MatchingBand_L2_BaselineStandardised,True,False,BetaH
POW_Band_MatchingBandBaselineStandardisedFlux,174,0.9666666666666667,4.182535091,3.948421891,-0.2341131999999999,0.7112169107,0.5531687083,-0.15804820240000006,9.640027093986784,7.722593249232781,-1.9174338447540036,0.0,1.0,0.0,1.0,0.0,1.0,Script18_MatchingBand_L2_BaselineStandardised,Script18_MatchingBand_L2_BaselineStandardised,True,False,BetaH
POW_Band_MatchingBandBaselineStandardisedFlux,175,0.9722222222222222,4.601118683,4.334106303,-0.2670123799999997,0.5531687083,0.7902410119,0.23707230359999998,8.08069553388544,8.079325538787606,-0.0013699950978338649,0.0,1.0,0.0,1.0,0.0,1.0,Script18_MatchingBand_L2_BaselineStandardised,Script18_MatchingBand_L2_BaselineStandardised,True,False,BetaH
POW_Band_MatchingBandBaselineStandardisedFlux,176,0.9777777777777779,4.540145675999999,3.857246495999994,-0.682899180000005,0.6321928094999985,0.4741446071,-0.15804820239999845,9.590145038445314,6.534840263451844,-3.05530477499347,0.0,1.0,0.0,1.0,0.0,1.0,Script18_MatchingBand_L2_BaselineStandardised,Script18_MatchingBand_L2_BaselineStandardised,True,False,BetaH
POW_Band_MatchingBandBaselineStandardisedFlux,177,0.9833333333333334,4.509306458999989,3.545315829000005,-0.9639906299999836,0.5531687083000048,0.47414460710000633,-0.07902410119999842,8.33457283339883,7.6048544661148005,-0.72971836728403,0.0,1.0,0.0,1.0,0.0,1.0,Script18_MatchingBand_L2_BaselineStandardised,Script18_MatchingBand_L2_BaselineStandardised,True,False,BetaH
POW_Band_MatchingBandBaselineStandardisedFlux,178,0.9888888888888889,3.923226016,3.786131248,-0.1370947680000003,0.7902410119,0.7902410119,0.0,7.17021043862078,6.762008587703046,-0.40820185091773364,0.0,1.0,0.0,1.0,0.0,1.0,Script18_MatchingBand_L2_BaselineStandardised,Script18_MatchingBand_L2_BaselineStandardised,True,False,BetaH
POW_Band_MatchingBandBaselineStandardisedFlux,179,0.9944444444444445,4.838863058,3.176168287,-1.6626947710000004,0.7902410119,0.7902410119,0.0,10.107250624293048,5.474168610104728,-4.63308201418832,0.0,1.0,0.0,1.0,0.0,1.0,Script18_MatchingBand_L2_BaselineStandardised,Script18_MatchingBand_L2_BaselineStandardised,True,False,BetaH
POW_Band_MatchingBandBaselineStandardisedFlux,180,1.0,4.565957321,3.790810587,-0.7751467339999998,0.6321928095,0.7902410119,0.15804820239999995,9.885617402952214,7.752847195348533,-2.1327702076036807,0.0,1.0,0.0,1.0,0.0,1.0,Script18_MatchingBand_L2_BaselineStandardised,Script18_MatchingBand_L2_BaselineStandardised,True,False,BetaH
POW_Band_MatchingBandBaselineStandardisedFlux,0,0.0,2.647976475,3.232335415,0.58435894,0.3130790125,0.3913487656,0.0782697531,0.41129620337887596,2.62016767733503,2.208871473956154,0.0,1.0,0.0,1.0,0.0,1.0,Script18_MatchingBand_L2_BaselineStandardised,Script18_MatchingBand_L2_BaselineStandardised,True,False,BetaL
POW_Band_MatchingBandBaselineStandardisedFlux,1,0.005555555555555556,3.42423488,1.888537601,-1.5356972790000003,0.5531687083,0.7112169107,0.15804820240000006,5.750812868942273,3.202093614903051,-2.5487192540392214,0.0,1.0,0.0,1.0,0.0,1.0,Script18_MatchingBand_L2_BaselineStandardised,Script18_MatchingBand_L2_BaselineStandardised,True,False,BetaL
POW_Band_MatchingBandBaselineStandardisedFlux,2,0.011111111111111112,2.918122246,2.374084443,-0.5440378029999997,0.2370723036,0.4741446071,0.2370723035,1.3462764392248783,3.276678659426774,1.9304022202018958,0.0,1.0,0.0,1.0,0.0,1.0,Script18_MatchingBand_L2_BaselineStandardised,Script18_MatchingBand_L2_BaselineStandardised,True,False,BetaL
POW_Band_MatchingBandBaselineStandardisedFlux,3,0.016666666666666666,3.844790716,2.915849886,-0.9289408299999997,0.3951205059,0.7112169107,0.31609640480000006,5.586301676799179,4.703292425221594,-0.8830092515775849,0.0,1.0,0.0,1.0,0.0,1.0,Script18_MatchingBand_L2_BaselineStandardised,Script18_MatchingBand_L2_BaselineStandardised,True,False,BetaL
POW_Band_MatchingBandBaselineStandardisedFlux,4,0.022222222222222223,4.095313765,3.18952617,-0.9057875950000001,0.7112169107,0.7112169107,0.0,9.499748985959123,4.4666057170712685,-5.033143268887854,0.0,1.0,0.0,1.0,0.0,1.0,Script18_MatchingBand_L2_BaselineStandardised,Script18_MatchingBand_L2_BaselineStandardised,True,False,BetaL
POW_Band_MatchingBandBaselineStandardisedFlux,5,0.02777777777777778,3.735877671,3.1889967769999994,-0.5468808940000005,0.5531687083000001,0.5531687083,-1.1102230246251565e-16,7.104605581173453,5.429382249672205,-1.6752233315012477,0.0,1.0,0.0,1.0,0.0,1.0,Script18_MatchingBand_L2_BaselineStandardised,Script18_MatchingBand_L2_BaselineStandardised,True,False,BetaL
POW_Band_MatchingBandBaselineStandardisedFlux,6,0.03333333333333333,3.41107989,2.1492453,-1.2618345899999999,0.7902410119,0.5531687083,-0.23707230359999998,5.291535545587958,3.0184360786232927,-2.273099466964665,0.0,1.0,0.0,1.0,0.0,1.0,Script18_MatchingBand_L2_BaselineStandardised,Script18_MatchingBand_L2_BaselineStandardised,True,False,BetaL
POW_Band_MatchingBandBaselineStandardisedFlux,7,0.03888888888888889,3.148475312,2.357562453,-0.7909128590000001,0.7902410119,0.5531687083,-0.23707230359999998,5.666911148171879,2.2759527446357,-3.390958403536179,0.0,1.0,0.0,1.0,0.0,1.0,Script18_MatchingBand_L2_BaselineStandardised,Script18_MatchingBand_L2_BaselineStandardised,True,False,BetaL
POW_Band_MatchingBandBaselineStandardisedFlux,8,0.044444444444444446,3.673314456,2.210552098,-1.462762358,0.4741446071,0.6321928095,0.1580482024,5.550837298442221,3.0543853052524805,-2.49645199318974,0.0,1.0,0.0,1.0,0.0,1.0,Script18_MatchingBand_L2_BaselineStandardised,Script18_MatchingBand_L2_BaselineStandardised,True,False,BetaL
POW_Band_MatchingBandBaselineStandardisedFlux,9,0.05,3.167853492,1.09225595,-2.0755975419999997,0.6321928095,0.4741446071,-0.1580482024,6.482697246336842,0.21401273352699923,-6.268684512809843,0.0,1.0,0.0,1.0,0.0,1.0,Script18_MatchingBand_L2_BaselineStandardised,Script18_MatchingBand_L2_BaselineStandardised,True,False,BetaL
POW_Band_MatchingBandBaselineStandardisedFlux,10,0.05555555555555556,4.162649039999999,2.6486378940000006,-1.5140111459999983,0.7112169107,0.39512050590000036,-0.3160964047999997,9.873512848816853,2.735354089531249,-7.138158759285604,0.0,1.0,0.0,1.0,0.0,1.0,Script18_MatchingBand_L2_BaselineStandardised,Script18_MatchingBand_L2_BaselineStandardised,True,False,BetaL
POW_Band_MatchingBandBaselineStandardisedFlux,11,0.061111111111111116,3.5070976980000004,3.0664263559999996,-0.4406713420000008,0.7112169106999997,0.7112169106999999,2.220446049250313e-16,5.155127409589479,4.2937468977167175,-0.8613805118727615,0.0,1.0,0.0,1.0,0.0,1.0,Script18_MatchingBand_L2_BaselineStandardised,Script18_MatchingBand_L2_BaselineStandardised,True,False,BetaL
POW_Band_MatchingBandBaselineStandardisedFlux,12,0.06666666666666667,3.967730753,2.796024354,-1.171706399,0.4741446071,0.6321928095,0.1580482024,6.599595576137275,3.6321336937953896,-2.967461882341885,0.0,1.0,0.0,1.0,0.0,1.0,Script18_MatchingBand_L2_BaselineStandardised,Script18_MatchingBand_L2_BaselineStandardised,True,False,BetaL
POW_Band_MatchingBandBaselineStandardisedFlux,13,0.07222222222222223,3.5189427080000013,3.44401337,-0.07492933800000134,0.4741446071000002,0.7112169107000005,0.23707230360000026,5.747714163021096,4.816056063150356,-0.9316580998707407,0.0,1.0,0.0,1.0,0.0,1.0,Script18_MatchingBand_L2_BaselineStandardised,Script18_MatchingBand_L2_BaselineStandardised,True,False,BetaL
POW_Band_MatchingBandBaselineStandardisedFlux,14,0.07777777777777778,4.115468571,3.371704407,-0.7437641639999999,0.5531687083,0.869265113,0.3160964047,8.826189520949118,7.028103148303682,-1.798086372645436,0.0,1.0,0.0,1.0,0.0,1.0,Script18_MatchingBand_L2_BaselineStandardised,Script18_MatchingBand_L2_BaselineStandardised,True,False,BetaL
POW_Band_MatchingBandBaselineStandardisedFlux,15,0.08333333333333334,3.8927821099999993,3.2422077029999974,-0.6505744070000019,0.3951205059000002,0.4741446071000006,0.07902410120000042,5.954852246628949,4.928455700690114,-1.0263965459388347,0.0,1.0,0.0,1.0,0.0,1.0,Script18_MatchingBand_L2_BaselineStandardised,Script18_MatchingBand_L2_BaselineStandardised,True,False,BetaL
POW_Band_MatchingBandBaselineStandardisedFlux,16,0.08888888888888889,3.527305925,2.227369024,-1.2999369009999997,0.4741446071,0.7112169107,0.23707230360000003,5.180912212671043,4.527781679356756,-0.6531305333142869,0.0,1.0,0.0,1.0,0.0,1.0,Script18_MatchingBand_L2_BaselineStandardised,Script18_MatchingBand_L2_BaselineStandardised,True,False,BetaL
POW_Band_MatchingBandBaselineStandardisedFlux,17,0.09444444444444444,4.020567342,2.668820111,-1.3517472309999996,0.5531687083,0.6321928095,0.07902410120000003,6.743875396139591,4.261837228760036,-2.4820381673795557,0.0,1.0,0.0,1.0,0.0,1.0,Script18_MatchingBand_L2_BaselineStandardised,Script18_MatchingBand_L2_BaselineStandardised,True,False,BetaL
POW_Band_MatchingBandBaselineStandardisedFlux,18,0.1,4.194842073,2.622012012,-1.5728300610000003,0.6321928095,0.4741446071,-0.1580482024,8.536703488126733,5.010570503706894,-3.5261329844198386,0.0,1.0,0.0,1.0,0.0,1.0,Script18_MatchingBand_L2_BaselineStandardised,Script18_MatchingBand_L2_BaselineStandardised,True,False,BetaL
POW_Band_MatchingBandBaselineStandardisedFlux,19,0.10555555555555556,3.913662903,3.076456881,-0.8372060220000002,0.6321928095,0.3160964047,-0.3160964048,7.229720827020614,5.080525136643274,-2.14919569037734,0.0,1.0,0.0,1.0,0.0,1.0,Script18_MatchingBand_L2_BaselineStandardised,Script18_MatchingBand_L2_BaselineStandardised,True,False,BetaL
POW_Band_MatchingBandBaselineStandardisedFlux,20,0.11111111111111112,3.2046544820000014,2.7378643010000006,-0.4667901810000008,0.5531687083,0.7112169107,0.15804820240000006,4.989120588905267,5.013321091759431,0.024200502854163197,0.0,1.0,0.0,1.0,0.0,1.0,Script18_MatchingBand_L2_BaselineStandardised,Script18_MatchingBand_L2_BaselineStandardised,True,False,BetaL
POW_Band_MatchingBandBaselineStandardisedFlux,21,0.11666666666666667,3.711402785,2.852288866,-0.8591139190000003,0.5531687083,0.7112169107,0.15804820240000006,8.165563944448905,4.880642762457709,-3.284921181991196,0.0,1.0,0.0,1.0,0.0,1.0,Script18_MatchingBand_L2_BaselineStandardised,Script18_MatchingBand_L2_BaselineStandardised,True,False,BetaL
POW_Band_MatchingBandBaselineStandardisedFlux,22,0.12222222222222223,3.7862932859999985,3.0926358380000005,-0.693657447999998,0.6321928094999996,0.6321928094999998,2.220446049250313e-16,9.232765776451181,4.296390784830192,-4.93637499162099,0.0,1.0,0.0,1.0,0.0,1.0,Script18_MatchingBand_L2_BaselineStandardised,Script18_MatchingBand_L2_BaselineStandardised,True,False,BetaL
POW_Band_MatchingBandBaselineStandardisedFlux,23,0.1277777777777778,3.318736078000002,3.310281485999999,-0.008454592000002759,0.4741446071000008,0.5531687083000008,0.07902410119999997,5.489872944338151,5.438442200394596,-0.051430743943554624,0.0,1.0,0.0,1.0,0.0,1.0,Script18_MatchingBand_L2_BaselineStandardised,Script18_MatchingBand_L2_BaselineStandardised,True,False,BetaL
POW_Band_MatchingBandBaselineStandardisedFlux,24,0.13333333333333333,3.645278747,3.08822551,-0.5570532369999999,0.6321928095,0.7112169107,0.07902410120000003,5.46510056578127,5.252521371287576,-0.21257919449369478,0.0,1.0,0.0,1.0,0.0,1.0,Script18_MatchingBand_L2_BaselineStandardised,Script18_MatchingBand_L2_BaselineStandardised,True,False,BetaL
POW_Band_MatchingBandBaselineStandardisedFlux,25,0.1388888888888889,3.912991056,3.594188186,-0.3188028700000003,0.6321928095,0.3951205059,-0.23707230360000003,11.457553993720676,5.84790856516364,-5.6096454285570365,0.0,1.0,0.0,1.0,0.0,1.0,Script18_MatchingBand_L2_BaselineStandardised,Script18_MatchingBand_L2_BaselineStandardised,True,False,BetaL
POW_Band_MatchingBandBaselineStandardisedFlux,26,0.14444444444444446,3.856084553,2.9571066579999976,-0.8989778950000025,0.7902410118999992,0.7902410118999995,3.3306690738754696e-16,9.928584663338304,4.811486397342435,-5.117098265995869,0.0,1.0,0.0,1.0,0.0,1.0,Script18_MatchingBand_L2_BaselineStandardised,Script18_MatchingBand_L2_BaselineStandardised,True,False,BetaL
POW_Band_MatchingBandBaselineStandardisedFlux,27,0.15,3.883761631,2.483539234,-1.4002223969999998,0.6321928095,0.7112169107,0.07902410120000003,7.551412305046833,3.8551664976234843,-3.696245807423349,0.0,1.0,0.0,1.0,0.0,1.0,Script18_MatchingBand_L2_BaselineStandardised,Script18_MatchingBand_L2_BaselineStandardised,True,False,BetaL
POW_Band_MatchingBandBaselineStandardisedFlux,28,0.15555555555555556,3.990687848,2.946038021,-1.0446498269999998,0.5531687083,0.869265113,0.3160964047,5.333100606221945,5.647211286355491,0.31411068013354626,0.0,1.0,0.0,1.0,0.0,1.0,Script18_MatchingBand_L2_BaselineStandardised,Script18_MatchingBand_L2_BaselineStandardised,True,False,BetaL
POW_Band_MatchingBandBaselineStandardisedFlux,29,0.16111111111111112,3.689147117,3.2912998,-0.3978473170000001,0.6321928095,0.7902410119,0.15804820239999995,5.6921306962031135,7.982783666805503,2.2906529706023893,0.0,1.0,0.0,1.0,0.0,1.0,Script18_MatchingBand_L2_BaselineStandardised,Script18_MatchingBand_L2_BaselineStandardised,True,False,BetaL
POW_Band_MatchingBandBaselineStandardisedFlux,30,0.16666666666666669,3.695234284999999,3.290488214,-0.40474607099999904,0.6321928094999992,0.7112169106999993,0.07902410120000003,6.635246737584088,6.042108581390371,-0.5931381561937163,0.0,1.0,0.0,1.0,0.0,1.0,Script18_MatchingBand_L2_BaselineStandardised,Script18_MatchingBand_L2_BaselineStandardised,True,False,BetaL
POW_Band_MatchingBandBaselineStandardisedFlux,31,0.17222222222222222,3.43309244,3.280690587,-0.15240185299999975,0.4741446071,0.5531687083,0.07902410119999997,4.755675859095568,5.655075528807741,0.8993996697121727,0.0,1.0,0.0,1.0,0.0,1.0,Script18_MatchingBand_L2_BaselineStandardised,Script18_MatchingBand_L2_BaselineStandardised,True,False,BetaL
POW_Band_MatchingBandBaselineStandardisedFlux,32,0.17777777777777778,4.146762239,3.30713478,-0.8396274589999999,0.5531687083,0.7902410119,0.23707230359999998,8.415026629240533,6.140551783667375,-2.274474845573158,0.0,1.0,0.0,1.0,0.0,1.0,Script18_MatchingBand_L2_BaselineStandardised,Script18_MatchingBand_L2_BaselineStandardised,True,False,BetaL
POW_Band_MatchingBandBaselineStandardisedFlux,33,0.18333333333333335,3.789588326999999,2.4642055370000007,-1.3253827899999981,0.7112169107,0.7112169106999993,-7.771561172376096e-16,8.436792317317849,4.334567527172899,-4.10222479014495,0.0,1.0,0.0,1.0,0.0,1.0,Script18_MatchingBand_L2_BaselineStandardised,Script18_MatchingBand_L2_BaselineStandardised,True,False,BetaL
POW_Band_MatchingBandBaselineStandardisedFlux,34,0.18888888888888888,3.493066887,2.614796723,-0.8782701639999999,0.7112169107,0.5531687083,-0.15804820240000006,7.72669168662432,3.9466778753038483,-3.7800138113204715,0.0,1.0,0.0,1.0,0.0,1.0,Script18_MatchingBand_L2_BaselineStandardised,Script18_MatchingBand_L2_BaselineStandardised,True,False,BetaL
POW_Band_MatchingBandBaselineStandardisedFlux,35,0.19444444444444445,2.996282448,3.170440785,0.17415833699999972,0.5531687083,0.6321928095,0.07902410120000003,5.676975285998104,5.748283680061983,0.07130839406387945,0.0,1.0,0.0,1.0,0.0,1.0,Script18_MatchingBand_L2_BaselineStandardised,Script18_MatchingBand_L2_BaselineStandardised,True,False,BetaL
POW_Band_MatchingBandBaselineStandardisedFlux,36,0.2,3.373383055,2.811923573,-0.5614594820000001,0.5531687083,0.7112169107,0.15804820240000006,4.918160373777219,5.04884109103892,0.1306807172617006,0.0,1.0,0.0,1.0,0.0,1.0,Script18_MatchingBand_L2_BaselineStandardised,Script18_MatchingBand_L2_BaselineStandardised,True,False,BetaL
POW_Band_MatchingBandBaselineStandardisedFlux,37,0.20555555555555557,3.7181400229999997,2.8833031399999998,-0.8348368829999999,0.6321928095000008,0.8692651129999992,0.23707230349999842,6.964179997487409,4.35793310272377,-2.606246894763639,0.0,1.0,0.0,1.0,0.0,1.0,Script18_MatchingBand_L2_BaselineStandardised,Script18_MatchingBand_L2_BaselineStandardised,True,False,BetaL
POW_Band_MatchingBandBaselineStandardisedFlux,38,0.2111111111111111,3.672663668,2.791587213,-0.8810764550000001,0.7902410119,0.7112169107,-0.07902410119999992,5.5596269307558845,5.413994627528472,-0.14563230322741294,0.0,1.0,0.0,1.0,0.0,1.0,Script18_MatchingBand_L2_BaselineStandardised,Script18_MatchingBand_L2_BaselineStandardised,True,False,BetaL
POW_Band_MatchingBandBaselineStandardisedFlux,39,0.21666666666666667,4.151641733,3.616716889,-0.5349248439999998,0.7112169107,0.5531687083,-0.15804820240000006,7.837974478474713,6.424482834753013,-1.4134916437217004,0.0,1.0,0.0,1.0,0.0,1.0,Script18_MatchingBand_L2_BaselineStandardised,Script18_MatchingBand_L2_BaselineStandardised,True,False,BetaL
POW_Band_MatchingBandBaselineStandardisedFlux,40,0.22222222222222224,4.194502120999998,2.542382262000004,-1.6521198589999946,0.7112169107,0.7902410118999984,0.07902410119999836,9.263325631133302,5.248924400501698,-4.014401230631604,0.0,1.0,0.0,1.0,0.0,1.0,Script18_MatchingBand_L2_BaselineStandardised,Script18_MatchingBand_L2_BaselineStandardised,True,False,BetaL
POW_Band_MatchingBandBaselineStandardisedFlux,41,0.22777777777777777,3.815870945,3.303955273,-0.5119156719999998,0.7112169107,0.4741446071,-0.23707230360000003,8.667862283894138,4.868446198882674,-3.7994160850114636,0.0,1.0,0.0,1.0,0.0,1.0,Script18_MatchingBand_L2_BaselineStandardised,Script18_MatchingBand_L2_BaselineStandardised,True,False,BetaL
POW_Band_MatchingBandBaselineStandardisedFlux,42,0.23333333333333334,3.654986377,2.921575126,-0.7334112510000002,0.5531687083,0.7902410119,0.23707230359999998,7.086445446693057,5.664768880659928,-1.4216765660331294,0.0,1.0,0.0,1.0,0.0,1.0,Script18_MatchingBand_L2_BaselineStandardised,Script18_MatchingBand_L2_BaselineStandardised,True,False,BetaL
POW_Band_MatchingBandBaselineStandardisedFlux,43,0.2388888888888889,3.88256939,3.827255286,-0.05531410399999981,0.7902410119,0.4741446071,-0.31609640479999995,9.202750454062796,7.488844273444069,-1.7139061806187268,0.0,1.0,0.0,1.0,0.0,1.0,Script18_MatchingBand_L2_BaselineStandardised,Script18_MatchingBand_L2_BaselineStandardised,True,False,BetaL
POW_Band_MatchingBandBaselineStandardisedFlux,44,0.24444444444444446,3.698785429,3.331051597999997,-0.3677338310000029,0.5531687083,0.5531687083000008,7.771561172376096e-16,7.036987430828355,6.302888034594135,-0.7340993962342202,0.0,1.0,0.0,1.0,0.0,1.0,Script18_MatchingBand_L2_BaselineStandardised,Script18_MatchingBand_L2_BaselineStandardised,True,False,BetaL
POW_Band_MatchingBandBaselineStandardisedFlux,45,0.25,3.666333636,2.684693912,-0.9816397239999999,0.5531687083,0.7112169107,0.15804820240000006,6.850149568494694,5.546033193178328,-1.304116375316366,0.0,1.0,0.0,1.0,0.0,1.0,Script18_MatchingBand_L2_BaselineStandardised,Script18_MatchingBand_L2_BaselineStandardised,True,False,BetaL
POW_Band_MatchingBandBaselineStandardisedFlux,46,0.2555555555555556,4.217730752999998,3.029706741999997,-1.1880240110000009,0.5531687083000023,0.4741446071000024,-0.07902410119999992,8.601254804255642,5.011640070502982,-3.5896147337526605,0.0,1.0,0.0,1.0,0.0,1.0,Script18_MatchingBand_L2_BaselineStandardised,Script18_MatchingBand_L2_BaselineStandardised,True,False,BetaL
POW_Band_MatchingBandBaselineStandardisedFlux,47,0.2611111111111111,4.007132716,2.702504538,-1.3046281780000002,0.7902410119,0.7112169107,-0.07902410119999992,8.905142161095972,4.603035034696916,-4.302107126399056,0.0,1.0,0.0,1.0,0.0,1.0,Script18_MatchingBand_L2_BaselineStandardised,Script18_MatchingBand_L2_BaselineStandardised,True,False,BetaL
POW_Band_MatchingBandBaselineStandardisedFlux,48,0.26666666666666666,3.59003396,3.358094503,-0.23193945700000018,0.7112169107,0.6321928095,-0.07902410120000003,6.736896193732034,6.212916097752947,-0.5239800959790868,0.0,1.0,0.0,1.0,0.0,1.0,Script18_MatchingBand_L2_BaselineStandardised,Script18_MatchingBand_L2_BaselineStandardised,True,False,BetaL
POW_Band_MatchingBandBaselineStandardisedFlux,49,0.27222222222222225,3.701928067000004,2.7281637259999973,-0.9737643410000065,0.7112169107000008,0.6321928095000008,-0.07902410120000003,7.458458140949773,3.885665363751574,-3.572792777198199,0.0,1.0,0.0,1.0,0.0,1.0,Script18_MatchingBand_L2_BaselineStandardised,Script18_MatchingBand_L2_BaselineStandardised,True,False,BetaL
POW_Band_MatchingBandBaselineStandardisedFlux,50,0.2777777777777778,4.101695154,2.480823321,-1.6208718329999998,0.7902410119,0.7112169107,-0.07902410119999992,10.212582829227319,5.332559080886866,-4.880023748340453,0.0,1.0,0.0,1.0,0.0,1.0,Script18_MatchingBand_L2_BaselineStandardised,Script18_MatchingBand_L2_BaselineStandardised,True,False,BetaL
POW_Band_MatchingBandBaselineStandardisedFlux,51,0.2833333333333333,3.730636447,3.458378774,-0.27225767300000037,0.6321928095,0.7112169107,0.07902410120000003,7.010036721449383,6.255390995776839,-0.7546457256725443,0.0,1.0,0.0,1.0,0.0,1.0,Script18_MatchingBand_L2_BaselineStandardised,Script18_MatchingBand_L2_BaselineStandardised,True,False,BetaL
POW_Band_MatchingBandBaselineStandardisedFlux,52,0.2888888888888889,3.8329114059999956,3.5644134699999936,-0.26849793600000194,0.7902410118999984,0.47414460710000317,-0.31609640479999523,8.42202567638096,6.043270790276714,-2.378754886104246,0.0,1.0,0.0,1.0,0.0,1.0,Script18_MatchingBand_L2_BaselineStandardised,Script18_MatchingBand_L2_BaselineStandardised,True,False,BetaL
POW_Band_MatchingBandBaselineStandardisedFlux,53,0.29444444444444445,3.398875623,2.959226979,-0.43964864400000003,0.6321928095,0.7902410119,0.15804820239999995,7.1540347445304535,5.560153718509511,-1.5938810260209424,0.0,1.0,0.0,1.0,0.0,1.0,Script18_MatchingBand_L2_BaselineStandardised,Script18_MatchingBand_L2_BaselineStandardised,True,False,BetaL
POW_Band_MatchingBandBaselineStandardisedFlux,54,0.3,3.286346707,3.149302135,-0.13704457199999975,0.3951205059,0.7112169107,0.31609640480000006,4.623419945180073,5.498849363974131,0.8754294187940577,0.0,1.0,0.0,1.0,0.0,1.0,Script18_MatchingBand_L2_BaselineStandardised,Script18_MatchingBand_L2_BaselineStandardised,True,False,BetaL
POW_Band_MatchingBandBaselineStandardisedFlux,55,0.3055555555555556,3.643488383,3.515155797,-0.12833258600000041,0.7112169107,0.5531687083,-0.15804820240000006,7.423744511545479,6.351900461133411,-1.0718440504120679,0.0,1.0,0.0,1.0,0.0,1.0,Script18_MatchingBand_L2_BaselineStandardised,Script18_MatchingBand_L2_BaselineStandardised,True,False,BetaL
POW_Band_MatchingBandBaselineStandardisedFlux,56,0.3111111111111111,3.869842073,3.451311901,-0.4185301720000001,0.6321928095,0.4741446071,-0.1580482024,7.465468698746053,5.2684873704233,-2.196981328322752,0.0,1.0,0.0,1.0,0.0,1.0,Script18_MatchingBand_L2_BaselineStandardised,Script18_MatchingBand_L2_BaselineStandardised,True,False,BetaL
POW_Band_MatchingBandBaselineStandardisedFlux,57,0.31666666666666665,3.443339981,3.146181357,-0.2971586239999997,0.7112169107,0.5531687083,-0.15804820240000006,7.585697034453512,4.972467177717002,-2.6132298567365098,0.0,1.0,0.0,1.0,0.0,1.0,Script18_MatchingBand_L2_BaselineStandardised,Script18_MatchingBand_L2_BaselineStandardised,True,False,BetaL
POW_Band_MatchingBandBaselineStandardisedFlux,58,0.32222222222222224,3.120584583,2.585875015,-0.5347095679999998,0.6321928095,0.7112169107,0.07902410120000003,4.475076201682081,4.306583329944669,-0.16849287173741256,0.0,1.0,0.0,1.0,0.0,1.0,Script18_MatchingBand_L2_BaselineStandardised,Script18_MatchingBand_L2_BaselineStandardised,True,False,BetaL
POW_Band_MatchingBandBaselineStandardisedFlux,59,0.3277777777777778,3.922011998,2.870883356,-1.0511286419999997,0.7902410119,0.7112169107,-0.07902410119999992,11.793887827593664,4.877718058691763,-6.916169768901901,0.0,1.0,0.0,1.0,0.0,1.0,Script18_MatchingBand_L2_BaselineStandardised,Script18_MatchingBand_L2_BaselineStandardised,True,False,BetaL
POW_Band_MatchingBandBaselineStandardisedFlux,60,0.33333333333333337,3.5249931040000084,3.646777542999993,0.1217844389999847,0.6321928095000008,0.4741446071000008,-0.1580482024,5.935919793344088,5.4397833284091055,-0.49613646493498287,0.0,1.0,0.0,1.0,0.0,1.0,Script18_MatchingBand_L2_BaselineStandardised,Script18_MatchingBand_L2_BaselineStandardised,True,False,BetaL
POW_Band_MatchingBandBaselineStandardisedFlux,61,0.3388888888888889,4.388897358,2.973186717,-1.4157106410000004,0.7112169107,0.5531687083,-0.15804820240000006,10.734516955971184,5.171683166691899,-5.562833789279285,0.0,1.0,0.0,1.0,0.0,1.0,Script18_MatchingBand_L2_BaselineStandardised,Script18_MatchingBand_L2_BaselineStandardised,True,False,BetaL
POW_Band_MatchingBandBaselineStandardisedFlux,62,0.34444444444444444,4.135066027,3.455556745,-0.6795092819999997,0.3951205059,0.7112169107,0.31609640480000006,8.96078441279747,6.17322716693209,-2.7875572458653792,0.0,1.0,0.0,1.0,0.0,1.0,Script18_MatchingBand_L2_BaselineStandardised,Script18_MatchingBand_L2_BaselineStandardised,True,False,BetaL
POW_Band_MatchingBandBaselineStandardisedFlux,63,0.35000000000000003,3.7485266700000035,3.472312650999993,-0.2762140190000104,0.7112169106999993,0.7112169106999993,0.0,6.467937627270019,7.391330448697746,0.9233928214277265,0.0,1.0,0.0,1.0,0.0,1.0,Script18_MatchingBand_L2_BaselineStandardised,Script18_MatchingBand_L2_BaselineStandardised,True,False,BetaL
POW_Band_MatchingBandBaselineStandardisedFlux,64,0.35555555555555557,4.092098204,2.753371667,-1.3387265369999999,0.6321928095,0.6321928095,0.0,7.970112770758156,6.2052118675858345,-1.7649009031723217,0.0,1.0,0.0,1.0,0.0,1.0,Script18_MatchingBand_L2_BaselineStandardised,Script18_MatchingBand_L2_BaselineStandardised,True,False,BetaL
POW_Band_MatchingBandBaselineStandardisedFlux,65,0.3611111111111111,3.812651103,2.672134737,-1.140516366,0.7112169107,0.7112169107,0.0,7.171240116617824,5.783015399414911,-1.3882247172029132,0.0,1.0,0.0,1.0,0.0,1.0,Script18_MatchingBand_L2_BaselineStandardised,Script18_MatchingBand_L2_BaselineStandardised,True,False,BetaL
POW_Band_MatchingBandBaselineStandardisedFlux,66,0.3666666666666667,3.3767618149999996,3.028300666000005,-0.3484611489999945,0.8692651129999992,0.7112169107,-0.15804820229999916,7.7269203540892715,5.538120530282298,-2.1887998238069732,0.0,1.0,0.0,1.0,0.0,1.0,Script18_MatchingBand_L2_BaselineStandardised,Script18_MatchingBand_L2_BaselineStandardised,True,False,BetaL
POW_Band_MatchingBandBaselineStandardisedFlux,67,0.37222222222222223,3.32266413,3.542743993,0.22007986300000004,0.7902410119,0.7112169107,-0.07902410119999992,6.674612172525729,6.503020816068006,-0.17159135645772228,0.0,1.0,0.0,1.0,0.0,1.0,Script18_MatchingBand_L2_BaselineStandardised,Script18_MatchingBand_L2_BaselineStandardised,True,False,BetaL
POW_Band_MatchingBandBaselineStandardisedFlux,68,0.37777777777777777,4.171039034,3.022566227,-1.1484728069999997,0.7902410119,0.7902410119,0.0,10.760044042504482,6.390629574579526,-4.3694144679249565,0.0,1.0,0.0,1.0,0.0,1.0,Script18_MatchingBand_L2_BaselineStandardised,Script18_MatchingBand_L2_BaselineStandardised,True,False,BetaL
POW_Band_MatchingBandBaselineStandardisedFlux,69,0.38333333333333336,3.309011389,3.531501512,0.22249012300000004,0.6321928095,0.7902410119,0.15804820239999995,8.557347837717291,6.267208994357222,-2.2901388433600696,0.0,1.0,0.0,1.0,0.0,1.0,Script18_MatchingBand_L2_BaselineStandardised,Script18_MatchingBand_L2_BaselineStandardised,True,False,BetaL
POW_Band_MatchingBandBaselineStandardisedFlux,70,0.3888888888888889,3.323027925,2.935399505,-0.38762842,0.4741446071,0.7112169107,0.23707230360000003,4.75079388436072,5.300030661972661,0.5492367776119416,0.0,1.0,0.0,1.0,0.0,1.0,Script18_MatchingBand_L2_BaselineStandardised,Script18_MatchingBand_L2_BaselineStandardised,True,False,BetaL
POW_Band_MatchingBandBaselineStandardisedFlux,71,0.3944444444444445,4.169990870999993,3.298130640000001,-0.8718602309999923,0.7112169107000008,0.5531687083,-0.15804820240000084,10.72099433994209,5.384901287926755,-5.336093052015335,0.0,1.0,0.0,1.0,0.0,1.0,Script18_MatchingBand_L2_BaselineStandardised,Script18_MatchingBand_L2_BaselineStandardised,True,False,BetaL
POW_Band_MatchingBandBaselineStandardisedFlux,72,0.4,3.46105657,3.382282859,-0.07877371100000019,0.7902410119,0.5531687083,-0.23707230359999998,7.295373361071773,5.2684452557495725,-2.0269281053222006,0.0,1.0,0.0,1.0,0.0,1.0,Script18_MatchingBand_L2_BaselineStandardised,Script18_MatchingBand_L2_BaselineStandardised,True,False,BetaL
POW_Band_MatchingBandBaselineStandardisedFlux,73,0.40555555555555556,3.733710273,2.638473167,-1.095237106,0.6321928095,0.5531687083,-0.07902410120000003,4.954609798622732,4.369806165507645,-0.5848036331150874,0.0,1.0,0.0,1.0,0.0,1.0,Script18_MatchingBand_L2_BaselineStandardised,Script18_MatchingBand_L2_BaselineStandardised,True,False,BetaL
POW_Band_MatchingBandBaselineStandardisedFlux,74,0.41111111111111115,4.1703158289999935,2.546613750000006,-1.6237020789999876,0.6321928095,0.7112169107,0.07902410120000003,7.78896803648244,5.626058398169241,-2.1629096383131987,0.0,1.0,0.0,1.0,0.0,1.0,Script18_MatchingBand_L2_BaselineStandardised,Script18_MatchingBand_L2_BaselineStandardised,True,False,BetaL
POW_Band_MatchingBandBaselineStandardisedFlux,75,0.4166666666666667,3.587502305,3.105882137,-0.48162016800000007,0.6321928095,0.7112169107,0.07902410120000003,7.448517150982532,5.546140648819031,-1.9023765021635013,0.0,1.0,0.0,1.0,0.0,1.0,Script18_MatchingBand_L2_BaselineStandardised,Script18_MatchingBand_L2_BaselineStandardised,True,False,BetaL
POW_Band_MatchingBandBaselineStandardisedFlux,76,0.4222222222222222,4.064188016,3.274235343,-0.7899526730000002,0.4741446071,0.6321928095,0.1580482024,9.332018387143235,5.528914930095626,-3.8031034570476088,0.0,1.0,0.0,1.0,0.0,1.0,Script18_MatchingBand_L2_BaselineStandardised,Script18_MatchingBand_L2_BaselineStandardised,True,False,BetaL
POW_Band_MatchingBandBaselineStandardisedFlux,77,0.4277777777777778,4.269065446999995,3.4174210979999966,-0.8516443489999981,0.5531687083000015,0.4741446071000008,-0.07902410120000075,10.940909468733258,7.071225142138948,-3.86968432659431,0.0,1.0,0.0,1.0,0.0,1.0,Script18_MatchingBand_L2_BaselineStandardised,Script18_MatchingBand_L2_BaselineStandardised,True,False,BetaL
POW_Band_MatchingBandBaselineStandardisedFlux,78,0.43333333333333335,3.736402785,3.063494786,-0.672907999,0.7112169107,0.5531687083,-0.15804820240000006,11.785274234454427,6.369812408021679,-5.415461826432748,0.0,1.0,0.0,1.0,0.0,1.0,Script18_MatchingBand_L2_BaselineStandardised,Script18_MatchingBand_L2_BaselineStandardised,True,False,BetaL
POW_Band_MatchingBandBaselineStandardisedFlux,79,0.4388888888888889,3.779676723,3.579820338,-0.19985638499999991,0.6321928095,0.6321928095,0.0,6.321758185291808,7.334510927038477,1.0127527417466693,0.0,1.0,0.0,1.0,0.0,1.0,Script18_MatchingBand_L2_BaselineStandardised,Script18_MatchingBand_L2_BaselineStandardised,True,False,BetaL
POW_Band_MatchingBandBaselineStandardisedFlux,80,0.4444444444444445,3.31253660500001,3.810481640999995,0.4979450359999853,0.5531687083000008,0.4741446071000024,-0.07902410119999836,6.163113043517767,6.597285394984667,0.43417235146689936,0.0,1.0,0.0,1.0,0.0,1.0,Script18_MatchingBand_L2_BaselineStandardised,Script18_MatchingBand_L2_BaselineStandardised,True,False,BetaL
POW_Band_MatchingBandBaselineStandardisedFlux,81,0.45,4.283817709,3.304579963,-0.9792377459999999,0.6321928095,0.7112169107,0.07902410120000003,8.465816197353336,5.2330107960212695,-3.232805401332066,0.0,1.0,0.0,1.0,0.0,1.0,Script18_MatchingBand_L2_BaselineStandardised,Script18_MatchingBand_L2_BaselineStandardised,True,False,BetaL
POW_Band_MatchingBandBaselineStandardisedFlux,82,0.45555555555555555,4.014473829,3.050664233,-0.9638095959999999,0.5531687083,0.5531687083,0.0,8.084621760735228,4.392430021888538,-3.69219173884669,0.0,1.0,0.0,1.0,0.0,1.0,Script18_MatchingBand_L2_BaselineStandardised,Script18_MatchingBand_L2_BaselineStandardised,True,False,BetaL
POW_Band_MatchingBandBaselineStandardisedFlux,83,0.46111111111111114,3.979950014,3.490395435,-0.489554579,0.6321928095,0.6321928095,0.0,7.7675236824369325,5.6602734928170015,-2.107250189619931,0.0,1.0,0.0,1.0,0.0,1.0,Script18_MatchingBand_L2_BaselineStandardised,Script18_MatchingBand_L2_BaselineStandardised,True,False,BetaL
POW_Band_MatchingBandBaselineStandardisedFlux,84,0.4666666666666667,3.901441578,3.047767285,-0.8536742930000001,0.7112169107,0.5531687083,-0.15804820240000006,8.8665226979815,4.997049389833937,-3.8694733081475627,0.0,1.0,0.0,1.0,0.0,1.0,Script18_MatchingBand_L2_BaselineStandardised,Script18_MatchingBand_L2_BaselineStandardised,True,False,BetaL
POW_Band_MatchingBandBaselineStandardisedFlux,85,0.47222222222222227,4.032535090999999,3.2097361950000036,-0.8227988959999952,0.7112169107,0.6321928095,-0.07902410120000003,8.271835199586176,5.295436105453421,-2.9763990941327556,0.0,1.0,0.0,1.0,0.0,1.0,Script18_MatchingBand_L2_BaselineStandardised,Script18_MatchingBand_L2_BaselineStandardised,True,False,BetaL
POW_Band_MatchingBandBaselineStandardisedFlux,86,0.4777777777777778,3.939730188,3.544483125,-0.3952470629999998,0.7112169107,0.6321928095,-0.07902410120000003,7.5999757659818625,6.273655402351978,-1.3263203636298844,0.0,1.0,0.0,1.0,0.0,1.0,Script18_MatchingBand_L2_BaselineStandardised,Script18_MatchingBand_L2_BaselineStandardised,True,False,BetaL
POW_Band_MatchingBandBaselineStandardisedFlux,87,0.48333333333333334,4.096090391,3.098630528,-0.9974598629999996,0.6321928095,0.6321928095,0.0,10.418225546763447,5.979982662959246,-4.4382428838042,0.0,1.0,0.0,1.0,0.0,1.0,Script18_MatchingBand_L2_BaselineStandardised,Script18_MatchingBand_L2_BaselineStandardised,True,False,BetaL
POW_Band_MatchingBandBaselineStandardisedFlux,88,0.48888888888888893,3.8534151649999995,3.96005992299999,0.10664475799999051,0.5531687083000008,0.31609640470000316,-0.2370723035999976,7.764965615153751,5.947224022161052,-1.8177415929926992,0.0,1.0,0.0,1.0,0.0,1.0,Script18_MatchingBand_L2_BaselineStandardised,Script18_MatchingBand_L2_BaselineStandardised,True,False,BetaL
POW_Band_MatchingBandBaselineStandardisedFlux,89,0.49444444444444446,3.791010742,2.922317453,-0.8686932890000003,0.6321928095,0.6321928095,0.0,8.045311063375033,4.2352580510628375,-3.8100530123121956,0.0,1.0,0.0,1.0,0.0,1.0,Script18_MatchingBand_L2_BaselineStandardised,Script18_MatchingBand_L2_BaselineStandardised,True,False,BetaL
POW_Band_MatchingBandBaselineStandardisedFlux,90,0.5,3.622521807,2.899486393,-0.7230354139999999,0.7112169107,0.7112169107,0.0,7.18117994227082,4.557143280747724,-2.624036661523096,0.0,1.0,0.0,1.0,0.0,1.0,Script18_MatchingBand_L2_BaselineStandardised,Script18_MatchingBand_L2_BaselineStandardised,True,False,BetaL
POW_Band_MatchingBandBaselineStandardisedFlux,91,0.5055555555555555,3.619790716,3.230511491,-0.3892792249999997,0.7112169107,0.5531687083,-0.15804820240000006,7.119819894700882,4.546527493255368,-2.5732924014455136,0.0,1.0,0.0,1.0,0.0,1.0,Script18_MatchingBand_L2_BaselineStandardised,Script18_MatchingBand_L2_BaselineStandardised,True,False,BetaL
POW_Band_MatchingBandBaselineStandardisedFlux,92,0.5111111111111112,3.9408276450000046,3.5065408109999927,-0.4342868340000119,0.7112169106999985,0.7902410118999936,0.07902410119999514,7.3245287717763645,6.517074731487863,-0.8074540402885013,0.0,1.0,0.0,1.0,0.0,1.0,Script18_MatchingBand_L2_BaselineStandardised,Script18_MatchingBand_L2_BaselineStandardised,True,False,BetaL
POW_Band_MatchingBandBaselineStandardisedFlux,93,0.5166666666666667,4.160554777,3.160841111,-0.9997136659999999,0.6321928095,0.4741446071,-0.1580482024,10.09015363516406,5.9685976130875815,-4.121556022076479,0.0,1.0,0.0,1.0,0.0,1.0,Script18_MatchingBand_L2_BaselineStandardised,Script18_MatchingBand_L2_BaselineStandardised,True,False,BetaL
POW_Band_MatchingBandBaselineStandardisedFlux,94,0.5222222222222223,3.671073333,3.399470054,-0.2716032789999998,0.5531687083,0.7112169107,0.15804820240000006,7.809108348400143,6.5408621328362475,-1.2682462155638952,0.0,1.0,0.0,1.0,0.0,1.0,Script18_MatchingBand_L2_BaselineStandardised,Script18_MatchingBand_L2_BaselineStandardised,True,False,BetaL
POW_Band_MatchingBandBaselineStandardisedFlux,95,0.5277777777777778,3.758111561,3.220164967,-0.5379465940000001,0.7112169107,0.7112169107,0.0,5.833855698973103,6.862969304820428,1.029113605847325,0.0,1.0,0.0,1.0,0.0,1.0,Script18_MatchingBand_L2_BaselineStandardised,Script18_MatchingBand_L2_BaselineStandardised,True,False,BetaL
POW_Band_MatchingBandBaselineStandardisedFlux,96,0.5333333333333333,3.070638723,3.683094503,0.6124557799999999,0.7112169107,0.5531687083,-0.15804820240000006,7.0203312286571435,7.248385234685401,0.2280540060282572,0.0,1.0,0.0,1.0,0.0,1.0,Script18_MatchingBand_L2_BaselineStandardised,Script18_MatchingBand_L2_BaselineStandardised,True,False,BetaL
POW_Band_MatchingBandBaselineStandardisedFlux,97,0.5388888888888889,3.646361928,3.446771199,-0.19959072900000008,0.4741446071,0.7112169107,0.23707230360000003,5.769445314442586,6.74819759981458,0.9787522853719937,0.0,1.0,0.0,1.0,0.0,1.0,Script18_MatchingBand_L2_BaselineStandardised,Script18_MatchingBand_L2_BaselineStandardised,True,False,BetaL
POW_Band_MatchingBandBaselineStandardisedFlux,98,0.5444444444444445,3.489652886000005,3.2007358929999965,-0.2889169930000084,0.6321928094999985,0.7902410118999984,0.15804820239999995,4.199455953691427,7.28775226749268,3.088296313801253,0.0,1.0,0.0,1.0,0.0,1.0,Script18_MatchingBand_L2_BaselineStandardised,Script18_MatchingBand_L2_BaselineStandardised,True,False,BetaL
POW_Band_MatchingBandBaselineStandardisedFlux,99,0.55,3.739388172,3.018232545,-0.7211556269999999,0.5531687083,0.7112169107,0.15804820240000006,5.992664729967836,5.899623144148897,-0.09304158581893862,0.0,1.0,0.0,1.0,0.0,1.0,Script18_MatchingBand_L2_BaselineStandardised,Script18_MatchingBand_L2_BaselineStandardised,True,False,BetaL
POW_Band_MatchingBandBaselineStandardisedFlux,100,0.5555555555555556,4.264911221,3.361529804,-0.9033814170000003,0.4741446071,0.869265113,0.3951205059,10.418046987381995,7.350511189499137,-3.067535797882858,0.0,1.0,0.0,1.0,0.0,1.0,Script18_MatchingBand_L2_BaselineStandardised,Script18_MatchingBand_L2_BaselineStandardised,True,False,BetaL
POW_Band_MatchingBandBaselineStandardisedFlux,101,0.5611111111111111,4.054549704,3.212769122,-0.8417805820000002,0.5531687083,0.4741446071,-0.07902410119999997,6.347838985000564,5.482022582110788,-0.8658164028897763,0.0,1.0,0.0,1.0,0.0,1.0,Script18_MatchingBand_L2_BaselineStandardised,Script18_MatchingBand_L2_BaselineStandardised,True,False,BetaL
POW_Band_MatchingBandBaselineStandardisedFlux,102,0.5666666666666667,4.215957321,3.452703136,-0.7632541850000005,0.6321928095,0.6321928095,0.0,8.745627604906172,6.829887949897184,-1.9157396550089878,0.0,1.0,0.0,1.0,0.0,1.0,Script18_MatchingBand_L2_BaselineStandardised,Script18_MatchingBand_L2_BaselineStandardised,True,False,BetaL
POW_Band_MatchingBandBaselineStandardisedFlux,103,0.5722222222222223,4.183583253999979,2.6901526160000113,-1.4934306379999676,0.5531687083,0.7112169107,0.15804820240000006,6.331179244180807,5.326495908808325,-1.0046833353724818,0.0,1.0,0.0,1.0,0.0,1.0,Script18_MatchingBand_L2_BaselineStandardised,Script18_MatchingBand_L2_BaselineStandardised,True,False,BetaL
POW_Band_MatchingBandBaselineStandardisedFlux,104,0.5777777777777778,3.1325305540000117,3.2500126880000004,0.11748213399998875,0.5531687082999969,0.7112169107,0.15804820240000317,4.373559597050257,6.335452596055935,1.961892999005678,0.0,1.0,0.0,1.0,0.0,1.0,Script18_MatchingBand_L2_BaselineStandardised,Script18_MatchingBand_L2_BaselineStandardised,True,False,BetaL
POW_Band_MatchingBandBaselineStandardisedFlux,105,0.5833333333333334,3.718201726,3.273329412,-0.4448723140000004,0.3951205059,0.7112169107,0.31609640480000006,6.446033531829746,6.888230387362782,0.44219685553303556,0.0,1.0,0.0,1.0,0.0,1.0,Script18_MatchingBand_L2_BaselineStandardised,Script18_MatchingBand_L2_BaselineStandardised,True,False,BetaL
POW_Band_MatchingBandBaselineStandardisedFlux,106,0.5888888888888889,3.609629353,3.239435711,-0.3701936419999998,0.7112169107,0.6321928095,-0.07902410120000003,7.510956099797603,5.2499951845238835,-2.26096091527372,0.0,1.0,0.0,1.0,0.0,1.0,Script18_MatchingBand_L2_BaselineStandardised,Script18_MatchingBand_L2_BaselineStandardised,True,False,BetaL
POW_Band_MatchingBandBaselineStandardisedFlux,107,0.5944444444444444,3.699574833,3.184306459,-0.5152683739999997,0.4741446071,0.6321928095,0.1580482024,5.973103714388252,4.22841035007559,-1.7446933643126616,0.0,1.0,0.0,1.0,0.0,1.0,Script18_MatchingBand_L2_BaselineStandardised,Script18_MatchingBand_L2_BaselineStandardised,True,False,BetaL
POW_Band_MatchingBandBaselineStandardisedFlux,108,0.6,3.377827432,3.542921907,0.16509447500000007,0.5531687083,0.6321928095,0.07902410120000003,7.055917657371182,6.076178953296669,-0.9797387040745136,0.0,1.0,0.0,1.0,0.0,1.0,Script18_MatchingBand_L2_BaselineStandardised,Script18_MatchingBand_L2_BaselineStandardised,True,False,BetaL
POW_Band_MatchingBandBaselineStandardisedFlux,109,0.6055555555555556,3.934506614000004,3.2358361779999956,-0.6986704360000084,0.6321928095000016,0.7902410118999968,0.15804820239999529,9.172319856125666,7.272199161209481,-1.9001206949161853,0.0,1.0,0.0,1.0,0.0,1.0,Script18_MatchingBand_L2_BaselineStandardised,Script18_MatchingBand_L2_BaselineStandardised,True,False,BetaL
POW_Band_MatchingBandBaselineStandardisedFlux,110,0.6111111111111112,4.128903915,3.011904056,-1.1169998590000003,0.7112169107,0.6321928095,-0.07902410120000003,7.668964150841144,7.031635157782342,-0.6373289930588015,0.0,1.0,0.0,1.0,0.0,1.0,Script18_MatchingBand_L2_BaselineStandardised,Script18_MatchingBand_L2_BaselineStandardised,True,False,BetaL
POW_Band_MatchingBandBaselineStandardisedFlux,111,0.6166666666666667,4.221562084,3.495313765,-0.7262483190000002,0.7112169107,0.3160964047,-0.39512050600000004,8.487756805499243,6.361520062832499,-2.1262367426667446,0.0,1.0,0.0,1.0,0.0,1.0,Script18_MatchingBand_L2_BaselineStandardised,Script18_MatchingBand_L2_BaselineStandardised,True,False,BetaL
POW_Band_MatchingBandBaselineStandardisedFlux,112,0.6222222222222222,4.534017864,2.930208733,-1.6038091309999998,0.4741446071,0.9482892142,0.4741446071,5.789639834149796,5.470284135729554,-0.3193556984202415,0.0,1.0,0.0,1.0,0.0,1.0,Script18_MatchingBand_L2_BaselineStandardised,Script18_MatchingBand_L2_BaselineStandardised,True,False,BetaL
POW_Band_MatchingBandBaselineStandardisedFlux,113,0.6277777777777778,3.687179411,3.093358581,-0.5938208299999999,0.6321928095,0.7112169107,0.07902410120000003,7.0661580766185645,5.672773033543424,-1.3933850430751402,0.0,1.0,0.0,1.0,0.0,1.0,Script18_MatchingBand_L2_BaselineStandardised,Script18_MatchingBand_L2_BaselineStandardised,True,False,BetaL
POW_Band_MatchingBandBaselineStandardisedFlux,114,0.6333333333333333,3.838750624,3.291137762,-0.5476128619999998,0.6321928095,0.5531687083,-0.07902410120000003,8.801653826849947,6.075045043372037,-2.72660878347791,0.0,1.0,0.0,1.0,0.0,1.0,Script18_MatchingBand_L2_BaselineStandardised,Script18_MatchingBand_L2_BaselineStandardised,True,False,BetaL
POW_Band_MatchingBandBaselineStandardisedFlux,115,0.638888888888889,4.157246495999993,3.2812136360000017,-0.8760328599999911,0.7112169107000016,0.5531687083000031,-0.1580482023999985,9.992213623502675,5.954425035348412,-4.037788588154263,0.0,1.0,0.0,1.0,0.0,1.0,Script18_MatchingBand_L2_BaselineStandardised,Script18_MatchingBand_L2_BaselineStandardised,True,False,BetaL
POW_Band_MatchingBandBaselineStandardisedFlux,116,0.6444444444444445,3.823858565,3.362903137,-0.4609554280000001,0.7902410119,0.7112169107,-0.07902410119999992,9.113766399357576,6.007443385571779,-3.106323013785797,0.0,1.0,0.0,1.0,0.0,1.0,Script18_MatchingBand_L2_BaselineStandardised,Script18_MatchingBand_L2_BaselineStandardised,True,False,BetaL
POW_Band_MatchingBandBaselineStandardisedFlux,117,0.65,3.555866621,3.679224548,0.12335792700000026,0.7112169107,0.3951205059,-0.31609640480000006,7.248954863457707,5.24248220553053,-2.0064726579271763,0.0,1.0,0.0,1.0,0.0,1.0,Script18_MatchingBand_L2_BaselineStandardised,Script18_MatchingBand_L2_BaselineStandardised,True,False,BetaL
POW_Band_MatchingBandBaselineStandardisedFlux,118,0.6555555555555556,3.176798772,4.020313765,0.8435149929999999,0.7112169107,0.3951205059,-0.31609640480000006,5.717331123507877,7.897369327674024,2.180038204166147,0.0,1.0,0.0,1.0,0.0,1.0,Script18_MatchingBand_L2_BaselineStandardised,Script18_MatchingBand_L2_BaselineStandardised,True,False,BetaL
POW_Band_MatchingBandBaselineStandardisedFlux,119,0.6611111111111111,4.546239189,3.858688032,-0.6875511569999997,0.6321928095,0.5531687083,-0.07902410120000003,14.73668214466376,7.658223268139867,-7.078458876523893,0.0,1.0,0.0,1.0,0.0,1.0,Script18_MatchingBand_L2_BaselineStandardised,Script18_MatchingBand_L2_BaselineStandardised,True,False,BetaL
POW_Band_MatchingBandBaselineStandardisedFlux,120,0.6666666666666667,2.9966053430000166,3.404365887000002,0.4077605439999856,0.47414460710000156,0.7112169107000031,0.2370723036000016,5.897324370879747,7.117049628782867,1.2197252579031206,0.0,1.0,0.0,1.0,0.0,1.0,Script18_MatchingBand_L2_BaselineStandardised,Script18_MatchingBand_L2_BaselineStandardised,True,False,BetaL
POW_Band_MatchingBandBaselineStandardisedFlux,121,0.6722222222222223,3.814635867,3.521230188,-0.2934056789999997,0.5531687083,0.869265113,0.3160964047,7.858497711216236,5.52924383861304,-2.3292538726031964,0.0,1.0,0.0,1.0,0.0,1.0,Script18_MatchingBand_L2_BaselineStandardised,Script18_MatchingBand_L2_BaselineStandardised,True,False,BetaL
POW_Band_MatchingBandBaselineStandardisedFlux,122,0.6777777777777778,3.963174153,3.38204634,-0.5811278130000002,0.7902410119,0.7112169107,-0.07902410119999992,9.50920708447531,5.948598567533127,-3.5606085169421835,0.0,1.0,0.0,1.0,0.0,1.0,Script18_MatchingBand_L2_BaselineStandardised,Script18_MatchingBand_L2_BaselineStandardised,True,False,BetaL
POW_Band_MatchingBandBaselineStandardisedFlux,123,0.6833333333333333,4.126494999,2.920378324,-1.206116675,0.4741446071,0.869265113,0.3951205059,7.407244015355127,6.779123841792256,-0.6281201735628716,0.0,1.0,0.0,1.0,0.0,1.0,Script18_MatchingBand_L2_BaselineStandardised,Script18_MatchingBand_L2_BaselineStandardised,True,False,BetaL
POW_Band_MatchingBandBaselineStandardisedFlux,124,0.6888888888888889,3.966280215,3.556191396,-0.4100888189999998,0.7902410119,0.6321928095,-0.15804820239999995,7.646526620710025,6.993113236662783,-0.6534133840472425,0.0,1.0,0.0,1.0,0.0,1.0,Script18_MatchingBand_L2_BaselineStandardised,Script18_MatchingBand_L2_BaselineStandardised,True,False,BetaL
POW_Band_MatchingBandBaselineStandardisedFlux,125,0.6944444444444444,3.844301965,3.310244925,-0.53405704,0.7112169107,0.5531687083,-0.15804820240000006,6.493267454466826,4.9632750405024435,-1.5299924139643828,0.0,1.0,0.0,1.0,0.0,1.0,Script18_MatchingBand_L2_BaselineStandardised,Script18_MatchingBand_L2_BaselineStandardised,True,False,BetaL
POW_Band_MatchingBandBaselineStandardisedFlux,126,0.7000000000000001,4.163225510000005,2.988706162000004,-1.1745193480000005,0.7112169107,0.7902410119,0.07902410119999992,9.96004625905089,4.46817604117588,-5.491870217875009,0.0,1.0,0.0,1.0,0.0,1.0,Script18_MatchingBand_L2_BaselineStandardised,Script18_MatchingBand_L2_BaselineStandardised,True,False,BetaL
POW_Band_MatchingBandBaselineStandardisedFlux,127,0.7055555555555556,4.37910407,3.193018629,-1.1860854410000004,0.7112169107,0.7902410119,0.07902410119999992,9.360280345612775,5.029767169107254,-4.330513176505521,0.0,1.0,0.0,1.0,0.0,1.0,Script18_MatchingBand_L2_BaselineStandardised,Script18_MatchingBand_L2_BaselineStandardised,True,False,BetaL
POW_Band_MatchingBandBaselineStandardisedFlux,128,0.7111111111111111,3.357113002,3.387300086,0.03018708400000003,0.5531687083,0.6321928095,0.07902410120000003,5.066062574608839,6.867688510138817,1.8016259355299775,0.0,1.0,0.0,1.0,0.0,1.0,Script18_MatchingBand_L2_BaselineStandardised,Script18_MatchingBand_L2_BaselineStandardised,True,False,BetaL
POW_Band_MatchingBandBaselineStandardisedFlux,129,0.7166666666666667,3.699723631,3.448709767,-0.2510138639999999,0.6321928095,1.027313315,0.3951205055,9.178075143037672,7.941099275965309,-1.2369758670723634,0.0,1.0,0.0,1.0,0.0,1.0,Script18_MatchingBand_L2_BaselineStandardised,Script18_MatchingBand_L2_BaselineStandardised,True,False,BetaL
POW_Band_MatchingBandBaselineStandardisedFlux,130,0.7222222222222222,4.231523291,3.837448884,-0.3940744070000002,0.6321928095,0.7112169107,0.07902410120000003,7.83576195053095,7.215726855452537,-0.6200350950784124,0.0,1.0,0.0,1.0,0.0,1.0,Script18_MatchingBand_L2_BaselineStandardised,Script18_MatchingBand_L2_BaselineStandardised,True,False,BetaL
POW_Band_MatchingBandBaselineStandardisedFlux,131,0.7277777777777779,3.597319391000001,3.213032418000003,-0.3842869729999978,0.5531687083,0.6321928095,0.07902410120000003,6.174840621392816,6.565888682573185,0.39104806118036883,0.0,1.0,0.0,1.0,0.0,1.0,Script18_MatchingBand_L2_BaselineStandardised,Script18_MatchingBand_L2_BaselineStandardised,True,False,BetaL
POW_Band_MatchingBandBaselineStandardisedFlux,132,0.7333333333333334,3.6527433170000005,3.3687741950000065,-0.283969121999994,0.5531687083000031,0.6321928094999985,0.07902410119999537,5.6215238040099065,8.854345196335807,3.2328213923259,0.0,1.0,0.0,1.0,0.0,1.0,Script18_MatchingBand_L2_BaselineStandardised,Script18_MatchingBand_L2_BaselineStandardised,True,False,BetaL
POW_Band_MatchingBandBaselineStandardisedFlux,133,0.7388888888888889,3.675190603,3.707971764,0.03278116099999995,0.7112169107,0.5531687083,-0.15804820240000006,6.023855227910322,7.992877533648048,1.9690223057377265,0.0,1.0,0.0,1.0,0.0,1.0,Script18_MatchingBand_L2_BaselineStandardised,Script18_MatchingBand_L2_BaselineStandardised,True,False,BetaL
POW_Band_MatchingBandBaselineStandardisedFlux,134,0.7444444444444445,4.28305814,3.367255242,-0.9158028979999995,0.7112169107,0.5531687083,-0.15804820240000006,7.788949809124185,6.927095008635543,-0.8618548004886417,0.0,1.0,0.0,1.0,0.0,1.0,Script18_MatchingBand_L2_BaselineStandardised,Script18_MatchingBand_L2_BaselineStandardised,True,False,BetaL
POW_Band_MatchingBandBaselineStandardisedFlux,135,0.75,4.244065447,3.23715609,-1.0069093569999996,0.4741446071,0.7112169107,0.23707230360000003,6.658553345632965,4.919515437231121,-1.7390379084018441,0.0,1.0,0.0,1.0,0.0,1.0,Script18_MatchingBand_L2_BaselineStandardised,Script18_MatchingBand_L2_BaselineStandardised,True,False,BetaL
POW_Band_MatchingBandBaselineStandardisedFlux,136,0.7555555555555555,4.328938214,3.790627489,-0.5383107250000001,0.4741446071,0.7112169107,0.23707230360000003,11.299910877603764,7.30235082303374,-3.997560054570024,0.0,1.0,0.0,1.0,0.0,1.0,Script18_MatchingBand_L2_BaselineStandardised,Script18_MatchingBand_L2_BaselineStandardised,True,False,BetaL
POW_Band_MatchingBandBaselineStandardisedFlux,137,0.7611111111111112,4.029751922999996,3.015050300000005,-1.0147016229999908,0.6321928094999985,0.7112169106999969,0.07902410119999848,7.312058743178647,5.500238623357717,-1.81182011982093,0.0,1.0,0.0,1.0,0.0,1.0,Script18_MatchingBand_L2_BaselineStandardised,Script18_MatchingBand_L2_BaselineStandardised,True,False,BetaL
POW_Band_MatchingBandBaselineStandardisedFlux,138,0.7666666666666667,3.806340656,3.268884413,-0.5374562430000003,0.5531687083,0.5531687083,0.0,7.277244215342171,7.578929065000974,0.3016848496588027,0.0,1.0,0.0,1.0,0.0,1.0,Script18_MatchingBand_L2_BaselineStandardised,Script18_MatchingBand_L2_BaselineStandardised,True,False,BetaL
POW_Band_MatchingBandBaselineStandardisedFlux,139,0.7722222222222223,4.376641733,3.37233871,-1.0043030229999994,0.7112169107,0.5531687083,-0.15804820240000006,9.093411716619883,8.21544292829984,-0.8779687883200431,0.0,1.0,0.0,1.0,0.0,1.0,Script18_MatchingBand_L2_BaselineStandardised,Script18_MatchingBand_L2_BaselineStandardised,True,False,BetaL
POW_Band_MatchingBandBaselineStandardisedFlux,140,0.7777777777777778,3.571684823,3.904261109,0.3325762860000001,0.6321928095,0.5531687083,-0.07902410120000003,6.716268140427136,10.944306677784255,4.2280385373571185,0.0,1.0,0.0,1.0,0.0,1.0,Script18_MatchingBand_L2_BaselineStandardised,Script18_MatchingBand_L2_BaselineStandardised,True,False,BetaL
POW_Band_MatchingBandBaselineStandardisedFlux,141,0.7833333333333333,4.00756939,3.979749859,-0.027819530999999564,0.6321928095,0.7902410119,0.15804820239999995,9.512265737136815,9.328731295592341,-0.18353444154447374,0.0,1.0,0.0,1.0,0.0,1.0,Script18_MatchingBand_L2_BaselineStandardised,Script18_MatchingBand_L2_BaselineStandardised,True,False,BetaL
POW_Band_MatchingBandBaselineStandardisedFlux,142,0.788888888888889,3.888174153000004,3.8349200110000017,-0.053254142000002336,0.7112169107,0.6321928094999985,-0.07902410120000158,7.549369998890275,9.70051327760263,2.151143278712355,0.0,1.0,0.0,1.0,0.0,1.0,Script18_MatchingBand_L2_BaselineStandardised,Script18_MatchingBand_L2_BaselineStandardised,True,False,BetaL
POW_Band_MatchingBandBaselineStandardisedFlux,143,0.7944444444444445,4.077166846000001,3.922052896999985,-0.15511394900001596,0.7112169106999969,0.5531687083000048,-0.15804820239999218,7.423580981588214,9.829634830494179,2.406053848905965,0.0,1.0,0.0,1.0,0.0,1.0,Script18_MatchingBand_L2_BaselineStandardised,Script18_MatchingBand_L2_BaselineStandardised,True,False,BetaL
POW_Band_MatchingBandBaselineStandardisedFlux,144,0.8,4.138783579,3.161454142,-0.9773294369999999,0.5531687083,0.7902410119,0.23707230359999998,7.334686704858388,9.324762961162111,1.9900762563037233,0.0,1.0,0.0,1.0,0.0,1.0,Script18_MatchingBand_L2_BaselineStandardised,Script18_MatchingBand_L2_BaselineStandardised,True,False,BetaL
POW_Band_MatchingBandBaselineStandardisedFlux,145,0.8055555555555556,3.924400736,3.944990871,0.020590134999999954,0.4741446071,0.5531687083,0.07902410119999997,10.055133660424861,6.743113007819702,-3.3120206526051588,0.0,1.0,0.0,1.0,0.0,1.0,Script18_MatchingBand_L2_BaselineStandardised,Script18_MatchingBand_L2_BaselineStandardised,True,False,BetaL
POW_Band_MatchingBandBaselineStandardisedFlux,146,0.8111111111111111,4.15584938,3.449381615,-0.7064677650000002,0.6321928095,0.7902410119,0.15804820239999995,9.725497680587054,7.182282558343671,-2.5432151222433834,0.0,1.0,0.0,1.0,0.0,1.0,Script18_MatchingBand_L2_BaselineStandardised,Script18_MatchingBand_L2_BaselineStandardised,True,False,BetaL
POW_Band_MatchingBandBaselineStandardisedFlux,147,0.8166666666666667,4.43712599,3.433215179,-1.0039108110000003,0.5531687083,0.7902410119,0.23707230359999998,10.754812364258317,5.079210155339284,-5.675602208919033,0.0,1.0,0.0,1.0,0.0,1.0,Script18_MatchingBand_L2_BaselineStandardised,Script18_MatchingBand_L2_BaselineStandardised,True,False,BetaL
POW_Band_MatchingBandBaselineStandardisedFlux,148,0.8222222222222223,4.4355890769999915,3.02670629200002,-1.4088827849999714,0.5531687083000015,0.5531687082999952,-6.328271240363392e-15,12.554440607174858,6.869165275842157,-5.685275331332701,0.0,1.0,0.0,1.0,0.0,1.0,Script18_MatchingBand_L2_BaselineStandardised,Script18_MatchingBand_L2_BaselineStandardised,True,False,BetaL
POW_Band_MatchingBandBaselineStandardisedFlux,149,0.8277777777777778,4.0090178640000085,4.027332701999991,0.01831483799998246,0.6321928094999952,0.3160964047000047,-0.3160964047999905,10.813402830410396,8.485085982954319,-2.328316847456078,0.0,1.0,0.0,1.0,0.0,1.0,Script18_MatchingBand_L2_BaselineStandardised,Script18_MatchingBand_L2_BaselineStandardised,True,False,BetaL
POW_Band_MatchingBandBaselineStandardisedFlux,150,0.8333333333333334,4.440234116,3.594467821,-0.8457662950000002,0.3951205059,0.5531687083,0.1580482024,8.284170368577325,7.474603442971372,-0.809566925605953,0.0,1.0,0.0,1.0,0.0,1.0,Script18_MatchingBand_L2_BaselineStandardised,Script18_MatchingBand_L2_BaselineStandardised,True,False,BetaL
POW_Band_MatchingBandBaselineStandardisedFlux,151,0.8388888888888889,3.963697203,4.012651103,0.04895389999999944,0.6321928095,0.5531687083,-0.07902410120000003,7.155605139104275,7.470846642794786,0.31524150369051096,0.0,1.0,0.0,1.0,0.0,1.0,Script18_MatchingBand_L2_BaselineStandardised,Script18_MatchingBand_L2_BaselineStandardised,True,False,BetaL
POW_Band_MatchingBandBaselineStandardisedFlux,152,0.8444444444444444,3.523602332,3.337810484,-0.18579184800000004,0.6321928095,0.6321928095,0.0,6.843035771411209,7.522950136437111,0.6799143650259021,0.0,1.0,0.0,1.0,0.0,1.0,Script18_MatchingBand_L2_BaselineStandardised,Script18_MatchingBand_L2_BaselineStandardised,True,False,BetaL
POW_Band_MatchingBandBaselineStandardisedFlux,153,0.85,3.393107068,3.713589767,0.32048269900000026,0.7112169107,0.7112169107,0.0,5.443012691179128,8.210646703495469,2.767634012316341,0.0,1.0,0.0,1.0,0.0,1.0,Script18_MatchingBand_L2_BaselineStandardised,Script18_MatchingBand_L2_BaselineStandardised,True,False,BetaL
POW_Band_MatchingBandBaselineStandardisedFlux,154,0.8555555555555556,3.598583210000017,4.161602939999988,0.5630197299999713,0.3951205059000047,0.39512050590000314,-1.5543122344752192e-15,6.601753356005153,8.688931668829255,2.0871783128241024,0.0,1.0,0.0,1.0,0.0,1.0,Script18_MatchingBand_L2_BaselineStandardised,Script18_MatchingBand_L2_BaselineStandardised,True,False,BetaL
POW_Band_MatchingBandBaselineStandardisedFlux,155,0.8611111111111112,4.435554777,3.585205824,-0.8503489530000001,0.6321928095,0.5531687083,-0.07902410120000003,9.515381808392192,6.266069375202958,-3.2493124331892336,0.0,1.0,0.0,1.0,0.0,1.0,Script18_MatchingBand_L2_BaselineStandardised,Script18_MatchingBand_L2_BaselineStandardised,True,False,BetaL
POW_Band_MatchingBandBaselineStandardisedFlux,156,0.8666666666666667,3.227825875,3.526944913,0.2991190379999997,0.7902410119,0.5531687083,-0.23707230359999998,6.555581466257001,6.817291333402996,0.26170986714599476,0.0,1.0,0.0,1.0,0.0,1.0,Script18_MatchingBand_L2_BaselineStandardised,Script18_MatchingBand_L2_BaselineStandardised,True,False,BetaL
POW_Band_MatchingBandBaselineStandardisedFlux,157,0.8722222222222222,3.863789923,2.593468249,-1.2703216740000003,0.7112169107,0.7112169107,0.0,8.563254232519704,5.133336180338782,-3.4299180521809216,0.0,1.0,0.0,1.0,0.0,1.0,Script18_MatchingBand_L2_BaselineStandardised,Script18_MatchingBand_L2_BaselineStandardised,True,False,BetaL
POW_Band_MatchingBandBaselineStandardisedFlux,158,0.8777777777777778,4.10809244,3.744914858,-0.36317758200000005,0.7902410119,0.7044277781,-0.08581323379999994,8.885061641775998,7.029270808958394,-1.855790832817604,0.0,1.0,0.0,1.0,0.0,1.0,Script18_MatchingBand_L2_BaselineStandardised,Script18_MatchingBand_L2_BaselineStandardised,True,False,BetaL
POW_Band_MatchingBandBaselineStandardisedFlux,159,0.8833333333333334,4.594588496999983,3.913085712999981,-0.6815027840000023,0.7112169106999953,0.6321928095000031,-0.07902410119999215,10.778753039273969,5.612930828469086,-5.165822210804883,0.0,1.0,0.0,1.0,0.0,1.0,Script18_MatchingBand_L2_BaselineStandardised,Script18_MatchingBand_L2_BaselineStandardised,True,False,BetaL
POW_Band_MatchingBandBaselineStandardisedFlux,160,0.888888888888889,3.732291197000003,2.9501221870000167,-0.7821690099999863,0.46961851870000165,0.7902410118999921,0.3206224931999904,6.385241320785437,4.99341278703462,-1.3918285337508172,0.0,1.0,0.0,1.0,0.0,1.0,Script18_MatchingBand_L2_BaselineStandardised,Script18_MatchingBand_L2_BaselineStandardised,True,False,BetaL
POW_Band_MatchingBandBaselineStandardisedFlux,161,0.8944444444444445,3.882446651,3.793935052,-0.08851159899999983,0.5531687083,0.3951205059,-0.1580482024,9.916233196160352,6.397620709717302,-3.5186124864430504,0.0,1.0,0.0,1.0,0.0,1.0,Script18_MatchingBand_L2_BaselineStandardised,Script18_MatchingBand_L2_BaselineStandardised,True,False,BetaL
POW_Band_MatchingBandBaselineStandardisedFlux,162,0.9,4.400716309,3.776834951,-0.6238813579999998,0.5531687083,0.7902410119,0.23707230359999998,9.278468415120047,9.04157150827723,-0.2368969068428175,0.0,1.0,0.0,1.0,0.0,1.0,Script18_MatchingBand_L2_BaselineStandardised,Script18_MatchingBand_L2_BaselineStandardised,True,False,BetaL
POW_Band_MatchingBandBaselineStandardisedFlux,163,0.9055555555555556,4.028738059,2.889517088,-1.1392209710000003,0.5531687083,0.7112169107,0.15804820240000006,9.48311174815206,7.042694286706454,-2.4404174614456062,0.0,1.0,0.0,1.0,0.0,1.0,Script18_MatchingBand_L2_BaselineStandardised,Script18_MatchingBand_L2_BaselineStandardised,True,False,BetaL
POW_Band_MatchingBandBaselineStandardisedFlux,164,0.9111111111111111,3.744589841,3.327306643,-0.4172831979999998,0.869265113,0.6321928095,-0.23707230349999997,10.074940315183529,5.541064801790082,-4.533875513393447,0.0,1.0,0.0,1.0,0.0,1.0,Script18_MatchingBand_L2_BaselineStandardised,Script18_MatchingBand_L2_BaselineStandardised,True,False,BetaL
POW_Band_MatchingBandBaselineStandardisedFlux,165,0.9166666666666667,3.978554962000001,3.5120438530000015,-0.46651110899999937,0.6321928095000016,0.5531687083000031,-0.07902410119999848,8.062988898798187,6.870374604867747,-1.1926142939304398,0.0,1.0,0.0,1.0,0.0,1.0,Script18_MatchingBand_L2_BaselineStandardised,Script18_MatchingBand_L2_BaselineStandardised,True,False,BetaL
POW_Band_MatchingBandBaselineStandardisedFlux,166,0.9222222222222223,4.019319023,3.576798772,-0.44252025100000036,0.7112169107,0.7112169107,0.0,9.638965833437936,7.754658171639067,-1.8843076617988697,0.0,1.0,0.0,1.0,0.0,1.0,Script18_MatchingBand_L2_BaselineStandardised,Script18_MatchingBand_L2_BaselineStandardised,True,False,BetaL
POW_Band_MatchingBandBaselineStandardisedFlux,167,0.9277777777777778,3.702401301,4.069790716,0.3673894149999999,0.7112169107,0.6321928095,-0.07902410120000003,9.171256525725374,7.966180010623973,-1.2050765151014007,0.0,1.0,0.0,1.0,0.0,1.0,Script18_MatchingBand_L2_BaselineStandardised,Script18_MatchingBand_L2_BaselineStandardised,True,False,BetaL
POW_Band_MatchingBandBaselineStandardisedFlux,168,0.9333333333333333,4.274347315,4.02870376,-0.245643555,0.5531687083,0.3951205059,-0.1580482024,14.311773653866604,6.8706630069191945,-7.4411106469474095,0.0,1.0,0.0,1.0,0.0,1.0,Script18_MatchingBand_L2_BaselineStandardised,Script18_MatchingBand_L2_BaselineStandardised,True,False,BetaL
POW_Band_MatchingBandBaselineStandardisedFlux,169,0.9388888888888889,4.437902616,3.542851428,-0.8950511879999996,0.4741446071,0.7112169107,0.23707230360000003,8.264485280710703,8.838791545385124,0.574306264674421,0.0,1.0,0.0,1.0,0.0,1.0,Script18_MatchingBand_L2_BaselineStandardised,Script18_MatchingBand_L2_BaselineStandardised,True,False,BetaL
POW_Band_MatchingBandBaselineStandardisedFlux,170,0.9444444444444445,3.492547655000016,3.7292268089999925,0.2366791539999764,0.6321928094999969,0.5531687083000015,-0.07902410119999537,8.450925814957415,8.253671704608308,-0.19725411034910678,0.0,1.0,0.0,1.0,0.0,1.0,Script18_MatchingBand_L2_BaselineStandardised,Script18_MatchingBand_L2_BaselineStandardised,True,False,BetaL
POW_Band_MatchingBandBaselineStandardisedFlux,171,0.9500000000000001,4.289911220999986,3.3482704370000107,-0.9416407839999756,0.4741446071,0.6321928095,0.1580482024,8.962473698824578,6.646472201856488,-2.3160014969680898,0.0,1.0,0.0,1.0,0.0,1.0,Script18_MatchingBand_L2_BaselineStandardised,Script18_MatchingBand_L2_BaselineStandardised,True,False,BetaL
POW_Band_MatchingBandBaselineStandardisedFlux,172,0.9555555555555556,3.643070705,3.876834951,0.23376424600000023,0.4741446071,0.6321928095,0.1580482024,6.4921459447619405,8.767493142946975,2.2753471981850346,0.0,1.0,0.0,1.0,0.0,1.0,Script18_MatchingBand_L2_BaselineStandardised,Script18_MatchingBand_L2_BaselineStandardised,True,False,BetaL
POW_Band_MatchingBandBaselineStandardisedFlux,173,0.9611111111111111,4.321666862,3.89914716,-0.4225197019999998,0.5531687083,0.6321928095,0.07902410120000003,8.11034548588269,7.7895636622467475,-0.3207818236359419,0.0,1.0,0.0,1.0,0.0,1.0,Script18_MatchingBand_L2_BaselineStandardised,Script18_MatchingBand_L2_BaselineStandardised,True,False,BetaL
POW_Band_MatchingBandBaselineStandardisedFlux,174,0.9666666666666667,4.427367002,3.799583834,-0.6277831680000006,0.6321928095,0.5531687083,-0.07902410120000003,8.967516240430946,9.556098375770294,0.5885821353393474,0.0,1.0,0.0,1.0,0.0,1.0,Script18_MatchingBand_L2_BaselineStandardised,Script18_MatchingBand_L2_BaselineStandardised,True,False,BetaL
POW_Band_MatchingBandBaselineStandardisedFlux,175,0.9722222222222222,3.061925834,3.86725906,0.8053332259999997,0.5531687083,0.7902410119,0.23707230359999998,6.8270582024032525,7.977897138830059,1.1508389364268066,0.0,1.0,0.0,1.0,0.0,1.0,Script18_MatchingBand_L2_BaselineStandardised,Script18_MatchingBand_L2_BaselineStandardised,True,False,BetaL
POW_Band_MatchingBandBaselineStandardisedFlux,176,0.9777777777777779,3.8490719610000053,3.777489740999996,-0.07158222000000913,0.5531687083000079,0.7112169107,0.15804820239999218,8.31016229889246,7.627907590515653,-0.6822547083768065,0.0,1.0,0.0,1.0,0.0,1.0,Script18_MatchingBand_L2_BaselineStandardised,Script18_MatchingBand_L2_BaselineStandardised,True,False,BetaL
POW_Band_MatchingBandBaselineStandardisedFlux,177,0.9833333333333334,4.112179410999991,3.588101016999993,-0.5240783939999978,0.9482892141999952,0.7112169106999969,-0.2370723034999983,11.066301435045995,8.067639216941604,-2.998662218104391,0.0,1.0,0.0,1.0,0.0,1.0,Script18_MatchingBand_L2_BaselineStandardised,Script18_MatchingBand_L2_BaselineStandardised,True,False,BetaL
POW_Band_MatchingBandBaselineStandardisedFlux,178,0.9888888888888889,3.670481685,3.23166355,-0.438818135,0.7112169107,0.5531687083,-0.15804820240000006,7.569172518344565,6.571770171354887,-0.997402346989678,0.0,1.0,0.0,1.0,0.0,1.0,Script18_MatchingBand_L2_BaselineStandardised,Script18_MatchingBand_L2_BaselineStandardised,True,False,BetaL
POW_Band_MatchingBandBaselineStandardisedFlux,179,0.9944444444444445,4.523333452,3.371254493,-1.1520789590000002,0.5531687083,0.4741446071,-0.07902410119999997,12.21319148643212,6.955019760310461,-5.258171726121659,0.0,1.0,0.0,1.0,0.0,1.0,Script18_MatchingBand_L2_BaselineStandardised,Script18_MatchingBand_L2_BaselineStandardised,True,False,BetaL
POW_Band_MatchingBandBaselineStandardisedFlux,180,1.0,4.561314345,4.002978491,-0.5583358540000001,0.6321928095,0.7902410119,0.15804820239999995,11.776824966390457,9.595791778498231,-2.1810331878922256,0.0,1.0,0.0,1.0,0.0,1.0,Script18_MatchingBand_L2_BaselineStandardised,Script18_MatchingBand_L2_BaselineStandardised,True,False,BetaL
POW_Band_MatchingBandBaselineStandardisedFlux,0,0.0,1.55355334,3.609560027,2.056006687,0.3913487656,0.3913487656,0.0,0.5043189164809316,4.596393635458804,4.092074718977872,0.0,1.0,0.0,1.0,0.0,1.0,Script18_MatchingBand_L2_BaselineStandardised,Script18_MatchingBand_L2_BaselineStandardised,True,False,Gamma
POW_Band_MatchingBandBaselineStandardisedFlux,1,0.005555555555555556,3.506770986,3.272530767,-0.2342402189999997,0.7112169107,0.5531687083,-0.15804820240000006,7.352097671679946,6.118879027269403,-1.2332186444105426,0.0,1.0,0.0,1.0,0.0,1.0,Script18_MatchingBand_L2_BaselineStandardised,Script18_MatchingBand_L2_BaselineStandardised,True,False,Gamma
POW_Band_MatchingBandBaselineStandardisedFlux,2,0.011111111111111112,2.603643864,3.055518627,0.4518747630000002,0.4741446071,0.5531687083,0.07902410119999997,1.3860069511456536,3.7378771352390894,2.3518701840934355,0.0,1.0,0.0,1.0,0.0,1.0,Script18_MatchingBand_L2_BaselineStandardised,Script18_MatchingBand_L2_BaselineStandardised,True,False,Gamma
POW_Band_MatchingBandBaselineStandardisedFlux,3,0.016666666666666666,3.384480555,3.120819164,-0.2636613910000003,0.4741446071,0.6321928095,0.1580482024,6.064698565910255,5.644550998228921,-0.420147567681334,0.0,1.0,0.0,1.0,0.0,1.0,Script18_MatchingBand_L2_BaselineStandardised,Script18_MatchingBand_L2_BaselineStandardised,True,False,Gamma
POW_Band_MatchingBandBaselineStandardisedFlux,4,0.022222222222222223,4.164422471,2.534404763,-1.630017708,0.5531687083,0.7112169107,0.15804820240000006,8.827618257659879,4.396189020733382,-4.431429236926497,0.0,1.0,0.0,1.0,0.0,1.0,Script18_MatchingBand_L2_BaselineStandardised,Script18_MatchingBand_L2_BaselineStandardised,True,False,Gamma
POW_Band_MatchingBandBaselineStandardisedFlux,5,0.02777777777777778,3.6082385809999997,3.016880272,-0.5913583089999999,0.7112169107,0.6321928095,-0.07902410120000003,8.091991295200646,6.073845149753636,-2.0181461454470107,0.0,1.0,0.0,1.0,0.0,1.0,Script18_MatchingBand_L2_BaselineStandardised,Script18_MatchingBand_L2_BaselineStandardised,True,False,Gamma
POW_Band_MatchingBandBaselineStandardisedFlux,6,0.03333333333333333,3.146337031,2.735588879,-0.41074815200000003,0.6321928095,0.6321928095,0.0,7.394937202761266,11.803964514652609,4.409027311891343,0.0,1.0,0.0,1.0,0.0,1.0,Script18_MatchingBand_L2_BaselineStandardised,Script18_MatchingBand_L2_BaselineStandardised,True,False,Gamma
POW_Band_MatchingBandBaselineStandardisedFlux,7,0.03888888888888889,3.778266367,3.579400906,-0.19886546100000002,0.7112169107,0.3951205059,-0.31609640480000006,7.350664155668139,8.90422842430073,1.5535642686325906,0.0,1.0,0.0,1.0,0.0,1.0,Script18_MatchingBand_L2_BaselineStandardised,Script18_MatchingBand_L2_BaselineStandardised,True,False,Gamma
POW_Band_MatchingBandBaselineStandardisedFlux,8,0.044444444444444446,3.917328378,3.364090576,-0.553237802,0.6321928095,0.4741446071,-0.1580482024,7.411975893796406,7.804795303190881,0.392819409394475,0.0,1.0,0.0,1.0,0.0,1.0,Script18_MatchingBand_L2_BaselineStandardised,Script18_MatchingBand_L2_BaselineStandardised,True,False,Gamma
POW_Band_MatchingBandBaselineStandardisedFlux,9,0.05,4.132246496,3.492616973,-0.6396295229999995,0.4741446071,0.3951205059,-0.07902410120000003,8.009920869813644,1.3172159947018107,-6.692704875111834,0.0,1.0,0.0,1.0,0.0,1.0,Script18_MatchingBand_L2_BaselineStandardised,Script18_MatchingBand_L2_BaselineStandardised,True,False,Gamma
POW_Band_MatchingBandBaselineStandardisedFlux,10,0.05555555555555556,3.7760583249999997,3.4832946589999993,-0.29276366600000037,0.7112169107,0.3160964047000005,-0.39512050599999954,9.028822553219534,7.179911285859544,-1.8489112673599903,0.0,1.0,0.0,1.0,0.0,1.0,Script18_MatchingBand_L2_BaselineStandardised,Script18_MatchingBand_L2_BaselineStandardised,True,False,Gamma
POW_Band_MatchingBandBaselineStandardisedFlux,11,0.061111111111111116,3.4088368300000003,2.9534023610000006,-0.4554344689999996,0.7112169106999996,0.7112169106999999,3.3306690738754696e-16,6.097340530488858,4.796758971147275,-1.300581559341583,0.0,1.0,0.0,1.0,0.0,1.0,Script18_MatchingBand_L2_BaselineStandardised,Script18_MatchingBand_L2_BaselineStandardised,True,False,Gamma
POW_Band_MatchingBandBaselineStandardisedFlux,12,0.06666666666666667,3.745550284,3.309829509,-0.43572077500000006,0.3951205059,0.6321928095,0.23707230360000003,6.686649165483882,5.570282616158073,-1.116366549325809,0.0,1.0,0.0,1.0,0.0,1.0,Script18_MatchingBand_L2_BaselineStandardised,Script18_MatchingBand_L2_BaselineStandardised,True,False,Gamma
POW_Band_MatchingBandBaselineStandardisedFlux,13,0.07222222222222223,3.7971385539999996,3.139848602,-0.6572899519999997,0.5531687083,0.7112169107000003,0.15804820240000028,8.318570743204136,5.371575542114239,-2.946995201089897,0.0,1.0,0.0,1.0,0.0,1.0,Script18_MatchingBand_L2_BaselineStandardised,Script18_MatchingBand_L2_BaselineStandardised,True,False,Gamma
POW_Band_MatchingBandBaselineStandardisedFlux,14,0.07777777777777778,3.541732193,3.15655759,-0.3851746030000003,0.5531687083,0.7902410119,0.23707230359999998,7.458766465555939,5.123997271245286,-2.3347691943106534,0.0,1.0,0.0,1.0,0.0,1.0,Script18_MatchingBand_L2_BaselineStandardised,Script18_MatchingBand_L2_BaselineStandardised,True,False,Gamma
POW_Band_MatchingBandBaselineStandardisedFlux,15,0.08333333333333334,3.981198333000001,2.7353656009999994,-1.2458327320000016,0.6321928095,0.869265113,0.23707230349999997,7.940383199400042,4.893142457300214,-3.047240742099828,0.0,1.0,0.0,1.0,0.0,1.0,Script18_MatchingBand_L2_BaselineStandardised,Script18_MatchingBand_L2_BaselineStandardised,True,False,Gamma
POW_Band_MatchingBandBaselineStandardisedFlux,16,0.08888888888888889,4.401534298,2.475708653,-1.9258256449999998,0.6321928095,0.869265113,0.23707230349999997,8.09856662848551,4.561389845063349,-3.5371767834221615,0.0,1.0,0.0,1.0,0.0,1.0,Script18_MatchingBand_L2_BaselineStandardised,Script18_MatchingBand_L2_BaselineStandardised,True,False,Gamma
POW_Band_MatchingBandBaselineStandardisedFlux,17,0.09444444444444444,4.340434271,2.608539234,-1.7318950370000001,0.3951205059,0.7112169107,0.31609640480000006,10.3985656642453,4.998489548154275,-5.400076116091025,0.0,1.0,0.0,1.0,0.0,1.0,Script18_MatchingBand_L2_BaselineStandardised,Script18_MatchingBand_L2_BaselineStandardised,True,False,Gamma
POW_Band_MatchingBandBaselineStandardisedFlux,18,0.1,3.380303168,3.122898841,-0.25740432700000015,0.9482892142,0.7112169107,-0.23707230349999997,7.704534920283656,5.1610919936613,-2.5434429266223564,0.0,1.0,0.0,1.0,0.0,1.0,Script18_MatchingBand_L2_BaselineStandardised,Script18_MatchingBand_L2_BaselineStandardised,True,False,Gamma
POW_Band_MatchingBandBaselineStandardisedFlux,19,0.10555555555555556,3.699870365,2.8944529,-0.8054174650000001,0.6321928095,0.6321928095,0.0,7.203242659583525,4.949002067681447,-2.254240591902078,0.0,1.0,0.0,1.0,0.0,1.0,Script18_MatchingBand_L2_BaselineStandardised,Script18_MatchingBand_L2_BaselineStandardised,True,False,Gamma
POW_Band_MatchingBandBaselineStandardisedFlux,20,0.11111111111111112,3.5678487710000013,2.5298083150000004,-1.038040456000001,0.7112169106999998,0.6321928095,-0.07902410119999981,6.996809130734287,4.157158905423969,-2.8396502253103186,0.0,1.0,0.0,1.0,0.0,1.0,Script18_MatchingBand_L2_BaselineStandardised,Script18_MatchingBand_L2_BaselineStandardised,True,False,Gamma
POW_Band_MatchingBandBaselineStandardisedFlux,21,0.11666666666666667,4.100795789,2.770757378,-1.3300384110000003,0.6321928095,0.6321928095,0.0,9.064065382276945,5.8863670099920755,-3.17769837228487,0.0,1.0,0.0,1.0,0.0,1.0,Script18_MatchingBand_L2_BaselineStandardised,Script18_MatchingBand_L2_BaselineStandardised,True,False,Gamma
POW_Band_MatchingBandBaselineStandardisedFlux,22,0.12222222222222223,3.876155045999999,3.0530810089999982,-0.8230740370000009,0.7112169107000006,0.6321928095000005,-0.07902410120000014,7.758892819537682,4.5522584982461245,-3.206634321291557,0.0,1.0,0.0,1.0,0.0,1.0,Script18_MatchingBand_L2_BaselineStandardised,Script18_MatchingBand_L2_BaselineStandardised,True,False,Gamma
POW_Band_MatchingBandBaselineStandardisedFlux,23,0.1277777777777778,3.567005484000003,2.413626872000003,-1.153378612,0.948289214199998,0.7902410118999992,-0.15804820229999883,7.672891456191084,5.262346273680601,-2.410545182510483,0.0,1.0,0.0,1.0,0.0,1.0,Script18_MatchingBand_L2_BaselineStandardised,Script18_MatchingBand_L2_BaselineStandardised,True,False,Gamma
POW_Band_MatchingBandBaselineStandardisedFlux,24,0.13333333333333333,4.199870365,3.050625893,-1.149244472,0.5531687083,0.6321928095,0.07902410120000003,9.20260260993804,4.880045871472168,-4.322556738465872,0.0,1.0,0.0,1.0,0.0,1.0,Script18_MatchingBand_L2_BaselineStandardised,Script18_MatchingBand_L2_BaselineStandardised,True,False,Gamma
POW_Band_MatchingBandBaselineStandardisedFlux,25,0.1388888888888889,3.844676936,2.78453604,-1.060140896,0.7112169107,0.869265113,0.15804820229999994,8.284626334413845,5.278334290999985,-3.0062920434138602,0.0,1.0,0.0,1.0,0.0,1.0,Script18_MatchingBand_L2_BaselineStandardised,Script18_MatchingBand_L2_BaselineStandardised,True,False,Gamma
POW_Band_MatchingBandBaselineStandardisedFlux,26,0.14444444444444446,4.040234116000001,3.3894395289999957,-0.6507945870000049,0.5531687083000008,0.31609640470000117,-0.2370723035999996,7.486894410848048,4.985185652766012,-2.501708758082036,0.0,1.0,0.0,1.0,0.0,1.0,Script18_MatchingBand_L2_BaselineStandardised,Script18_MatchingBand_L2_BaselineStandardised,True,False,Gamma
POW_Band_MatchingBandBaselineStandardisedFlux,27,0.15,4.187851258,2.490588668,-1.6972625900000002,0.7112169107,0.5531687083,-0.15804820240000006,8.910798289875256,4.512920781516168,-4.397877508359088,0.0,1.0,0.0,1.0,0.0,1.0,Script18_MatchingBand_L2_BaselineStandardised,Script18_MatchingBand_L2_BaselineStandardised,True,False,Gamma
POW_Band_MatchingBandBaselineStandardisedFlux,28,0.15555555555555556,3.364510911,2.478683032,-0.8858278789999998,0.7902410119,0.7112169107,-0.07902410119999992,8.300145121199204,5.227705317286738,-3.0724398039124665,0.0,1.0,0.0,1.0,0.0,1.0,Script18_MatchingBand_L2_BaselineStandardised,Script18_MatchingBand_L2_BaselineStandardised,True,False,Gamma
POW_Band_MatchingBandBaselineStandardisedFlux,29,0.16111111111111112,3.921273489,2.915036024,-1.0062374649999999,0.7902410119,0.7902410119,0.0,7.2991941746333255,5.528510278026605,-1.7706838966067204,0.0,1.0,0.0,1.0,0.0,1.0,Script18_MatchingBand_L2_BaselineStandardised,Script18_MatchingBand_L2_BaselineStandardised,True,False,Gamma
POW_Band_MatchingBandBaselineStandardisedFlux,30,0.16666666666666669,3.6048375800000008,2.930851443000001,-0.6739861369999995,0.5531687083000004,0.5531687083000004,0.0,9.340498780395906,5.1483386700058995,-4.192160110390007,0.0,1.0,0.0,1.0,0.0,1.0,Script18_MatchingBand_L2_BaselineStandardised,Script18_MatchingBand_L2_BaselineStandardised,True,False,Gamma
POW_Band_MatchingBandBaselineStandardisedFlux,31,0.17222222222222222,3.793019347,3.211619998,-0.5813993489999998,0.6321928095,0.6321928095,0.0,7.418861961014027,6.403990402330965,-1.014871558683062,0.0,1.0,0.0,1.0,0.0,1.0,Script18_MatchingBand_L2_BaselineStandardised,Script18_MatchingBand_L2_BaselineStandardised,True,False,Gamma
POW_Band_MatchingBandBaselineStandardisedFlux,32,0.17777777777777778,3.923226016,3.243918713,-0.6793073030000003,0.6321928095,0.4741446071,-0.1580482024,8.400718945420824,5.165737429872163,-3.234981515548661,0.0,1.0,0.0,1.0,0.0,1.0,Script18_MatchingBand_L2_BaselineStandardised,Script18_MatchingBand_L2_BaselineStandardised,True,False,Gamma
POW_Band_MatchingBandBaselineStandardisedFlux,33,0.18333333333333335,4.2529784909999995,2.8674231619999984,-1.3855553290000011,0.7902410118999987,0.7112169107,-0.0790241011999987,10.229780863724198,4.515485926245428,-5.71429493747877,0.0,1.0,0.0,1.0,0.0,1.0,Script18_MatchingBand_L2_BaselineStandardised,Script18_MatchingBand_L2_BaselineStandardised,True,False,Gamma
POW_Band_MatchingBandBaselineStandardisedFlux,34,0.18888888888888888,4.057892285,2.543783551,-1.5141087340000001,0.5531687083,0.7112169107,0.15804820240000006,8.13148858383109,4.361824504334974,-3.769664079496115,0.0,1.0,0.0,1.0,0.0,1.0,Script18_MatchingBand_L2_BaselineStandardised,Script18_MatchingBand_L2_BaselineStandardised,True,False,Gamma
POW_Band_MatchingBandBaselineStandardisedFlux,35,0.19444444444444445,3.831846185,2.462038601,-1.3698075839999997,0.5531687083,0.6321928095,0.07902410120000003,7.496134674444814,4.864156557874676,-2.6319781165701386,0.0,1.0,0.0,1.0,0.0,1.0,Script18_MatchingBand_L2_BaselineStandardised,Script18_MatchingBand_L2_BaselineStandardised,True,False,Gamma
POW_Band_MatchingBandBaselineStandardisedFlux,36,0.2,4.153352743,3.121616026,-1.0317367170000002,0.869265113,0.7902410119,-0.07902410110000002,11.203195558132613,5.674318609210761,-5.528876948921852,0.0,1.0,0.0,1.0,0.0,1.0,Script18_MatchingBand_L2_BaselineStandardised,Script18_MatchingBand_L2_BaselineStandardised,True,False,Gamma
POW_Band_MatchingBandBaselineStandardisedFlux,37,0.20555555555555557,3.8786063190000015,2.554098109000001,-1.3245082100000007,0.4741446071000008,0.8692651129999988,0.395120505899998,7.23735197942097,4.677486478066479,-2.5598655013544915,0.0,1.0,0.0,1.0,0.0,1.0,Script18_MatchingBand_L2_BaselineStandardised,Script18_MatchingBand_L2_BaselineStandardised,True,False,Gamma
POW_Band_MatchingBandBaselineStandardisedFlux,38,0.2111111111111111,4.133494814,2.767782631,-1.3657121829999994,0.6321928095,0.6321928095,0.0,8.45433528069595,4.73102503619404,-3.723310244501911,0.0,1.0,0.0,1.0,0.0,1.0,Script18_MatchingBand_L2_BaselineStandardised,Script18_MatchingBand_L2_BaselineStandardised,True,False,Gamma
POW_Band_MatchingBandBaselineStandardisedFlux,39,0.21666666666666667,3.880798022,3.587771779,-0.2930262429999999,0.7112169107,0.5531687083,-0.15804820240000006,7.81727850791703,6.97948086685912,-0.83779764105791,0.0,1.0,0.0,1.0,0.0,1.0,Script18_MatchingBand_L2_BaselineStandardised,Script18_MatchingBand_L2_BaselineStandardised,True,False,Gamma
POW_Band_MatchingBandBaselineStandardisedFlux,40,0.22222222222222224,3.9621259899999983,3.600769729999998,-0.36135626000000043,0.47414460710000117,0.7112169107,0.23707230359999887,9.418842336012126,5.699888274768344,-3.7189540612437826,0.0,1.0,0.0,1.0,0.0,1.0,Script18_MatchingBand_L2_BaselineStandardised,Script18_MatchingBand_L2_BaselineStandardised,True,False,Gamma
POW_Band_MatchingBandBaselineStandardisedFlux,41,0.22777777777777777,3.566099644,3.176598235,-0.38950140899999974,0.7112169107,0.7112169107,0.0,8.055764929371968,6.23280017068274,-1.8229647586892277,0.0,1.0,0.0,1.0,0.0,1.0,Script18_MatchingBand_L2_BaselineStandardised,Script18_MatchingBand_L2_BaselineStandardised,True,False,Gamma
POW_Band_MatchingBandBaselineStandardisedFlux,42,0.23333333333333334,3.269321087,2.260632461,-1.0086886259999996,0.7902410119,0.7902410119,0.0,7.591219585216756,4.290242878072624,-3.300976707144132,0.0,1.0,0.0,1.0,0.0,1.0,Script18_MatchingBand_L2_BaselineStandardised,Script18_MatchingBand_L2_BaselineStandardised,True,False,Gamma
POW_Band_MatchingBandBaselineStandardisedFlux,43,0.2388888888888889,3.878903915,3.114330339,-0.7645735760000001,0.4741446071,0.6321928095,0.1580482024,7.842621545823575,5.286710013851479,-2.5559115319720958,0.0,1.0,0.0,1.0,0.0,1.0,Script18_MatchingBand_L2_BaselineStandardised,Script18_MatchingBand_L2_BaselineStandardised,True,False,Gamma
POW_Band_MatchingBandBaselineStandardisedFlux,44,0.24444444444444446,3.111350708000004,3.068811276999997,-0.0425394310000069,0.9482892141999977,0.7902410119,-0.15804820229999772,6.678367607622067,4.666211218757306,-2.012156388864761,0.0,1.0,0.0,1.0,0.0,1.0,Script18_MatchingBand_L2_BaselineStandardised,Script18_MatchingBand_L2_BaselineStandardised,True,False,Gamma
POW_Band_MatchingBandBaselineStandardisedFlux,45,0.25,3.871039034,2.431387535,-1.439651499,0.4741446071,0.7902410119,0.31609640479999995,6.944487235225916,4.709095142011565,-2.235392093214351,0.0,1.0,0.0,1.0,0.0,1.0,Script18_MatchingBand_L2_BaselineStandardised,Script18_MatchingBand_L2_BaselineStandardised,True,False,Gamma
POW_Band_MatchingBandBaselineStandardisedFlux,46,0.2555555555555556,3.317199165000006,2.783023122000002,-0.534176043000004,0.6321928094999985,0.5531687083000015,-0.07902410119999692,7.613845137655157,5.026661049586163,-2.5871840880689936,0.0,1.0,0.0,1.0,0.0,1.0,Script18_MatchingBand_L2_BaselineStandardised,Script18_MatchingBand_L2_BaselineStandardised,True,False,Gamma
POW_Band_MatchingBandBaselineStandardisedFlux,47,0.2611111111111111,3.927018049,2.986484624,-0.9405334249999999,0.4741446071,0.7112169107,0.23707230360000003,9.278299204742837,5.2686022444532705,-4.009696960289566,0.0,1.0,0.0,1.0,0.0,1.0,Script18_MatchingBand_L2_BaselineStandardised,Script18_MatchingBand_L2_BaselineStandardised,True,False,Gamma
POW_Band_MatchingBandBaselineStandardisedFlux,48,0.26666666666666666,3.822791406,3.345980739,-0.4768106670000001,0.7112169107,0.5531687083,-0.15804820240000006,7.682180710425875,5.032519730507321,-2.649660979918554,0.0,1.0,0.0,1.0,0.0,1.0,Script18_MatchingBand_L2_BaselineStandardised,Script18_MatchingBand_L2_BaselineStandardised,True,False,Gamma
POW_Band_MatchingBandBaselineStandardisedFlux,49,0.27222222222222225,3.7744350360000025,2.884477898999993,-0.8899571370000094,0.39512050590000236,0.47414460710000556,0.0790241012000032,8.51980659056161,4.917109349918275,-3.6026972406433346,0.0,1.0,0.0,1.0,0.0,1.0,Script18_MatchingBand_L2_BaselineStandardised,Script18_MatchingBand_L2_BaselineStandardised,True,False,Gamma
POW_Band_MatchingBandBaselineStandardisedFlux,50,0.2777777777777778,4.028301385,2.184332741,-1.8439686439999998,0.6321928095,1.027313315,0.3951205055,8.666071315787327,5.30793064723856,-3.358140668548767,0.0,1.0,0.0,1.0,0.0,1.0,Script18_MatchingBand_L2_BaselineStandardised,Script18_MatchingBand_L2_BaselineStandardised,True,False,Gamma
POW_Band_MatchingBandBaselineStandardisedFlux,51,0.2833333333333333,3.879549704,2.651761815,-1.227787889,0.7112169107,0.7902410119,0.07902410119999992,8.9890605337512,5.2475118798226354,-3.7415486539285645,0.0,1.0,0.0,1.0,0.0,1.0,Script18_MatchingBand_L2_BaselineStandardised,Script18_MatchingBand_L2_BaselineStandardised,True,False,Gamma
POW_Band_MatchingBandBaselineStandardisedFlux,52,0.2888888888888889,3.261131248000007,3.455140970999994,0.19400972299998687,0.7902410119,0.7112169107000008,-0.07902410119999914,6.35946652894178,5.709050142597902,-0.6504163863438785,0.0,1.0,0.0,1.0,0.0,1.0,Script18_MatchingBand_L2_BaselineStandardised,Script18_MatchingBand_L2_BaselineStandardised,True,False,Gamma
POW_Band_MatchingBandBaselineStandardisedFlux,53,0.29444444444444445,3.986314345,2.848867525,-1.1374468199999996,0.7902410119,0.7902410119,0.0,8.136065278833657,5.115738560097007,-3.0203267187366496,0.0,1.0,0.0,1.0,0.0,1.0,Script18_MatchingBand_L2_BaselineStandardised,Script18_MatchingBand_L2_BaselineStandardised,True,False,Gamma
POW_Band_MatchingBandBaselineStandardisedFlux,54,0.3,4.072087197,2.812612479,-1.2594747179999999,0.6321928095,0.6321928095,0.0,8.5854409215844,5.666980174739275,-2.918460746845125,0.0,1.0,0.0,1.0,0.0,1.0,Script18_MatchingBand_L2_BaselineStandardised,Script18_MatchingBand_L2_BaselineStandardised,True,False,Gamma
POW_Band_MatchingBandBaselineStandardisedFlux,55,0.3055555555555556,3.552166846,2.921770099,-0.6303967469999998,0.7112169107,0.5531687083,-0.15804820240000006,7.414234941040512,4.538814407589584,-2.875420533450928,0.0,1.0,0.0,1.0,0.0,1.0,Script18_MatchingBand_L2_BaselineStandardised,Script18_MatchingBand_L2_BaselineStandardised,True,False,Gamma
POW_Band_MatchingBandBaselineStandardisedFlux,56,0.3111111111111111,3.495240629,3.328262549,-0.1669780799999998,0.5531687083,0.6321928095,0.07902410120000003,7.216550009764069,6.245923346824937,-0.9706266629391322,0.0,1.0,0.0,1.0,0.0,1.0,Script18_MatchingBand_L2_BaselineStandardised,Script18_MatchingBand_L2_BaselineStandardised,True,False,Gamma
POW_Band_MatchingBandBaselineStandardisedFlux,57,0.31666666666666665,3.729717623,3.489147117,-0.24057050600000007,0.7112169107,0.6321928095,-0.07902410120000003,8.511393710125237,5.254240383028501,-3.257153327096736,0.0,1.0,0.0,1.0,0.0,1.0,Script18_MatchingBand_L2_BaselineStandardised,Script18_MatchingBand_L2_BaselineStandardised,True,False,Gamma
POW_Band_MatchingBandBaselineStandardisedFlux,58,0.32222222222222224,3.726891492,2.71383012,-1.0130613720000001,0.6321928095,0.7112169107,0.07902410120000003,6.463953779470421,4.852776244004904,-1.611177535465517,0.0,1.0,0.0,1.0,0.0,1.0,Script18_MatchingBand_L2_BaselineStandardised,Script18_MatchingBand_L2_BaselineStandardised,True,False,Gamma
POW_Band_MatchingBandBaselineStandardisedFlux,59,0.3277777777777778,3.240265759,2.655432011,-0.5848337480000003,0.7902410119,0.7902410119,0.0,7.099354062198136,4.91719369929983,-2.1821603628983066,0.0,1.0,0.0,1.0,0.0,1.0,Script18_MatchingBand_L2_BaselineStandardised,Script18_MatchingBand_L2_BaselineStandardised,True,False,Gamma
POW_Band_MatchingBandBaselineStandardisedFlux,60,0.33333333333333337,3.76111419,2.7351156300000037,-1.0259985599999961,0.7112169107,0.6321928094999977,-0.07902410120000236,8.551954705481002,4.891073151873916,-3.6608815536070862,0.0,1.0,0.0,1.0,0.0,1.0,Script18_MatchingBand_L2_BaselineStandardised,Script18_MatchingBand_L2_BaselineStandardised,True,False,Gamma
POW_Band_MatchingBandBaselineStandardisedFlux,61,0.3388888888888889,3.767442158,3.077343006,-0.6900991520000002,0.7112169107,0.3951205059,-0.31609640480000006,10.034413237261935,4.44378547835466,-5.590627758907275,0.0,1.0,0.0,1.0,0.0,1.0,Script18_MatchingBand_L2_BaselineStandardised,Script18_MatchingBand_L2_BaselineStandardised,True,False,Gamma
POW_Band_MatchingBandBaselineStandardisedFlux,62,0.34444444444444444,4.021361928,3.074797229,-0.9465646990000001,0.4741446071,0.7902410119,0.31609640479999995,9.131399570663442,5.175078137659918,-3.9563214330035237,0.0,1.0,0.0,1.0,0.0,1.0,Script18_MatchingBand_L2_BaselineStandardised,Script18_MatchingBand_L2_BaselineStandardised,True,False,Gamma
POW_Band_MatchingBandBaselineStandardisedFlux,63,0.35000000000000003,3.448947004000001,3.3331458609999953,-0.11580114300000588,0.7112169107000008,0.6321928095000023,-0.07902410119999848,6.359270074728233,5.198974129441617,-1.1602959452866157,0.0,1.0,0.0,1.0,0.0,1.0,Script18_MatchingBand_L2_BaselineStandardised,Script18_MatchingBand_L2_BaselineStandardised,True,False,Gamma
POW_Band_MatchingBandBaselineStandardisedFlux,64,0.35555555555555557,3.574381615,2.829316593,-0.7450650219999999,0.7902410119,0.869265113,0.07902410110000002,8.88763531327449,5.654333593000649,-3.2333017202738414,0.0,1.0,0.0,1.0,0.0,1.0,Script18_MatchingBand_L2_BaselineStandardised,Script18_MatchingBand_L2_BaselineStandardised,True,False,Gamma
POW_Band_MatchingBandBaselineStandardisedFlux,65,0.3611111111111111,3.825193259,3.022205611,-0.8029876480000002,0.4741446071,0.7112169107,0.23707230360000003,8.77704944214921,5.345275165369625,-3.431774276779585,0.0,1.0,0.0,1.0,0.0,1.0,Script18_MatchingBand_L2_BaselineStandardised,Script18_MatchingBand_L2_BaselineStandardised,True,False,Gamma
POW_Band_MatchingBandBaselineStandardisedFlux,66,0.3666666666666667,3.915234115999998,3.5866029399999926,-0.32863117600000535,0.6321928095000016,0.7112169106999985,0.07902410119999692,8.74104204209173,5.454237267621625,-3.286804774470104,0.0,1.0,0.0,1.0,0.0,1.0,Script18_MatchingBand_L2_BaselineStandardised,Script18_MatchingBand_L2_BaselineStandardised,True,False,Gamma
POW_Band_MatchingBandBaselineStandardisedFlux,67,0.37222222222222223,3.678342029,2.834784371,-0.8435576579999999,0.7902410119,0.5531687083,-0.23707230359999998,7.772462495698598,6.188386497748776,-1.5840759979498218,0.0,1.0,0.0,1.0,0.0,1.0,Script18_MatchingBand_L2_BaselineStandardised,Script18_MatchingBand_L2_BaselineStandardised,True,False,Gamma
POW_Band_MatchingBandBaselineStandardisedFlux,68,0.37777777777777777,3.675320279,2.922413359,-0.75290692,0.7112169107,0.869265113,0.15804820229999994,8.109538413018797,5.36951814365082,-2.7400202693679763,0.0,1.0,0.0,1.0,0.0,1.0,Script18_MatchingBand_L2_BaselineStandardised,Script18_MatchingBand_L2_BaselineStandardised,True,False,Gamma
POW_Band_MatchingBandBaselineStandardisedFlux,69,0.38333333333333336,3.81212599,2.607726048,-1.2043999420000002,0.5531687083,0.9482892142,0.39512050590000003,9.212647698662966,5.572823878750345,-3.639823819912621,0.0,1.0,0.0,1.0,0.0,1.0,Script18_MatchingBand_L2_BaselineStandardised,Script18_MatchingBand_L2_BaselineStandardised,True,False,Gamma
POW_Band_MatchingBandBaselineStandardisedFlux,70,0.3888888888888889,3.847087197,3.011707719,-0.8353794780000001,0.7112169107,0.7112169107,0.0,9.802029641911012,5.07361061524295,-4.728419026668062,0.0,1.0,0.0,1.0,0.0,1.0,Script18_MatchingBand_L2_BaselineStandardised,Script18_MatchingBand_L2_BaselineStandardised,True,False,Gamma
POW_Band_MatchingBandBaselineStandardisedFlux,71,0.3944444444444445,4.1771668459999916,3.184190417999998,-0.9929764279999937,0.47414460710000317,0.6321928094999992,0.15804820239999606,9.350624935048726,4.755425117860638,-4.595199817188088,0.0,1.0,0.0,1.0,0.0,1.0,Script18_MatchingBand_L2_BaselineStandardised,Script18_MatchingBand_L2_BaselineStandardised,True,False,Gamma
POW_Band_MatchingBandBaselineStandardisedFlux,72,0.4,3.275696594,2.946092455,-0.32960413899999974,0.7902410119,0.5531687083,-0.23707230359999998,6.870569401819964,5.691893733021181,-1.1786756687987827,0.0,1.0,0.0,1.0,0.0,1.0,Script18_MatchingBand_L2_BaselineStandardised,Script18_MatchingBand_L2_BaselineStandardised,True,False,Gamma
POW_Band_MatchingBandBaselineStandardisedFlux,73,0.40555555555555556,3.624394855,2.864274195,-0.7601206599999997,0.6321928095,0.6321928095,0.0,6.7304814757946385,4.746521728002904,-1.9839597477917348,0.0,1.0,0.0,1.0,0.0,1.0,Script18_MatchingBand_L2_BaselineStandardised,Script18_MatchingBand_L2_BaselineStandardised,True,False,Gamma
POW_Band_MatchingBandBaselineStandardisedFlux,74,0.41111111111111115,3.8957504389999977,3.465937605999995,-0.42981283300000284,0.6321928094999977,0.7112169107000024,0.07902410120000469,7.94295117297747,7.648269529133354,-0.29468164384411644,0.0,1.0,0.0,1.0,0.0,1.0,Script18_MatchingBand_L2_BaselineStandardised,Script18_MatchingBand_L2_BaselineStandardised,True,False,Gamma
POW_Band_MatchingBandBaselineStandardisedFlux,75,0.4166666666666667,3.663497047,2.974704509,-0.688792538,0.3951205059,0.9482892142,0.5531687083000001,7.873307569451156,6.854193951291347,-1.0191136181598095,0.0,1.0,0.0,1.0,0.0,1.0,Script18_MatchingBand_L2_BaselineStandardised,Script18_MatchingBand_L2_BaselineStandardised,True,False,Gamma
POW_Band_MatchingBandBaselineStandardisedFlux,76,0.4222222222222222,4.108346016,3.280798022,-0.8275479939999997,0.7112169107,0.5531687083,-0.15804820240000006,9.26425271125893,6.938710200628636,-2.325542510630294,0.0,1.0,0.0,1.0,0.0,1.0,Script18_MatchingBand_L2_BaselineStandardised,Script18_MatchingBand_L2_BaselineStandardised,True,False,Gamma
POW_Band_MatchingBandBaselineStandardisedFlux,77,0.4277777777777778,3.4531055100000034,2.8964264870000025,-0.5566790230000009,0.5531687083000023,0.9482892141999969,0.3951205058999946,7.299505073665073,5.112371563326419,-2.187133510338654,0.0,1.0,0.0,1.0,0.0,1.0,Script18_MatchingBand_L2_BaselineStandardised,Script18_MatchingBand_L2_BaselineStandardised,True,False,Gamma
POW_Band_MatchingBandBaselineStandardisedFlux,78,0.43333333333333335,3.819030429,3.160061828,-0.6589686010000002,0.7902410119,0.6321928095,-0.15804820239999995,10.561141566447894,5.765037709814349,-4.796103856633545,0.0,1.0,0.0,1.0,0.0,1.0,Script18_MatchingBand_L2_BaselineStandardised,Script18_MatchingBand_L2_BaselineStandardised,True,False,Gamma
POW_Band_MatchingBandBaselineStandardisedFlux,79,0.4388888888888889,3.665705089,3.374562774,-0.29114231499999965,0.6321928095,0.7112169107,0.07902410120000003,7.430650081364657,6.122175351941154,-1.3084747294235033,0.0,1.0,0.0,1.0,0.0,1.0,Script18_MatchingBand_L2_BaselineStandardised,Script18_MatchingBand_L2_BaselineStandardised,True,False,Gamma
POW_Band_MatchingBandBaselineStandardisedFlux,80,0.4444444444444445,4.066971183999997,3.3761186829999956,-0.6908525010000015,0.6321928095000008,0.7112169107000016,0.07902410120000081,8.469792722910059,6.672809925143434,-1.796982797766625,0.0,1.0,0.0,1.0,0.0,1.0,Script18_MatchingBand_L2_BaselineStandardised,Script18_MatchingBand_L2_BaselineStandardised,True,False,Gamma
POW_Band_MatchingBandBaselineStandardisedFlux,81,0.45,3.837326145,2.913989924,-0.923336221,0.7112169107,0.869265113,0.15804820229999994,8.26342678975217,5.915591960448661,-2.347834829303509,0.0,1.0,0.0,1.0,0.0,1.0,Script18_MatchingBand_L2_BaselineStandardised,Script18_MatchingBand_L2_BaselineStandardised,True,False,Gamma
POW_Band_MatchingBandBaselineStandardisedFlux,82,0.45555555555555555,4.510589077,3.576964627,-0.9336244499999995,0.5531687083,0.6321928095,0.07902410120000003,9.322600396842587,6.6476750332575145,-2.6749253635850723,0.0,1.0,0.0,1.0,0.0,1.0,Script18_MatchingBand_L2_BaselineStandardised,Script18_MatchingBand_L2_BaselineStandardised,True,False,Gamma
POW_Band_MatchingBandBaselineStandardisedFlux,83,0.46111111111111114,3.775106883,2.953208906,-0.8218979769999999,0.7112169107,0.7112169107,0.0,9.086407400006255,5.246262299701256,-3.8401451003049996,0.0,1.0,0.0,1.0,0.0,1.0,Script18_MatchingBand_L2_BaselineStandardised,Script18_MatchingBand_L2_BaselineStandardised,True,False,Gamma
POW_Band_MatchingBandBaselineStandardisedFlux,84,0.4666666666666667,4.047373728,2.949166281,-1.098207447,0.6321928095,0.7112169107,0.07902410120000003,9.049393197769255,5.123200489686307,-3.926192708082948,0.0,1.0,0.0,1.0,0.0,1.0,Script18_MatchingBand_L2_BaselineStandardised,Script18_MatchingBand_L2_BaselineStandardised,True,False,Gamma
POW_Band_MatchingBandBaselineStandardisedFlux,85,0.47222222222222227,3.5046544819999985,3.1636108270000003,-0.3410436549999982,0.7902410118999976,0.7112169106999993,-0.07902410119999836,7.197201679783453,5.0626350659898955,-2.1345666137935577,0.0,1.0,0.0,1.0,0.0,1.0,Script18_MatchingBand_L2_BaselineStandardised,Script18_MatchingBand_L2_BaselineStandardised,True,False,Gamma
POW_Band_MatchingBandBaselineStandardisedFlux,86,0.4777777777777778,3.367545394,3.228440463,-0.13910493099999988,0.5531687083,0.6321928095,0.07902410120000003,7.003778179191076,5.916731301651927,-1.0870468775391489,0.0,1.0,0.0,1.0,0.0,1.0,Script18_MatchingBand_L2_BaselineStandardised,Script18_MatchingBand_L2_BaselineStandardised,True,False,Gamma
POW_Band_MatchingBandBaselineStandardisedFlux,87,0.48333333333333334,3.835677516,2.808074789,-1.027602727,0.5531687083,0.4741446071,-0.07902410119999997,8.811735744191402,5.29961197819217,-3.512123765999233,0.0,1.0,0.0,1.0,0.0,1.0,Script18_MatchingBand_L2_BaselineStandardised,Script18_MatchingBand_L2_BaselineStandardised,True,False,Gamma
POW_Band_MatchingBandBaselineStandardisedFlux,88,0.48888888888888893,4.478955272999997,2.709824635000002,-1.7691306379999947,0.6321928095000016,0.7112169107000008,0.07902410119999925,11.834147841104555,4.858660027763822,-6.975487813340733,0.0,1.0,0.0,1.0,0.0,1.0,Script18_MatchingBand_L2_BaselineStandardised,Script18_MatchingBand_L2_BaselineStandardised,True,False,Gamma
POW_Band_MatchingBandBaselineStandardisedFlux,89,0.49444444444444446,4.158634611,2.932842272,-1.2257923390000003,0.7902410119,0.7902410119,0.0,7.754641521847567,5.579717094778587,-2.17492442706898,0.0,1.0,0.0,1.0,0.0,1.0,Script18_MatchingBand_L2_BaselineStandardised,Script18_MatchingBand_L2_BaselineStandardised,True,False,Gamma
POW_Band_MatchingBandBaselineStandardisedFlux,90,0.5,3.333819772,3.499648431,0.16582865899999977,0.7902410119,0.7902410119,0.0,7.379366524273806,6.573227297981868,-0.806139226291938,0.0,1.0,0.0,1.0,0.0,1.0,Script18_MatchingBand_L2_BaselineStandardised,Script18_MatchingBand_L2_BaselineStandardised,True,False,Gamma
POW_Band_MatchingBandBaselineStandardisedFlux,91,0.5055555555555555,4.048386873,3.775139245,-0.273247628,0.5531687083,0.3951205059,-0.1580482024,7.601885021718635,7.035803688421497,-0.566081333297138,0.0,1.0,0.0,1.0,0.0,1.0,Script18_MatchingBand_L2_BaselineStandardised,Script18_MatchingBand_L2_BaselineStandardised,True,False,Gamma
POW_Band_MatchingBandBaselineStandardisedFlux,92,0.5111111111111112,3.9657571659999973,3.9387899229999785,-0.026967243000018737,0.4741446071000047,0.7902410118999952,0.31609640479999046,6.996382541238039,7.915353996883637,0.9189714556455977,0.0,1.0,0.0,1.0,0.0,1.0,Script18_MatchingBand_L2_BaselineStandardised,Script18_MatchingBand_L2_BaselineStandardised,True,False,Gamma
POW_Band_MatchingBandBaselineStandardisedFlux,93,0.5166666666666667,3.830199773,2.875046525,-0.9551532479999998,0.7112169107,0.5531687083,-0.15804820240000006,9.192501210712978,5.2711153451910295,-3.9213858655219482,0.0,1.0,0.0,1.0,0.0,1.0,Script18_MatchingBand_L2_BaselineStandardised,Script18_MatchingBand_L2_BaselineStandardised,True,False,Gamma
POW_Band_MatchingBandBaselineStandardisedFlux,94,0.5222222222222223,4.079261109,3.273185175,-0.8060759339999999,0.6321928095,0.6321928095,0.0,8.6634549465381,7.24685913692064,-1.4165958096174593,0.0,1.0,0.0,1.0,0.0,1.0,Script18_MatchingBand_L2_BaselineStandardised,Script18_MatchingBand_L2_BaselineStandardised,True,False,Gamma
POW_Band_MatchingBandBaselineStandardisedFlux,95,0.5277777777777778,3.871413286,2.55183269,-1.3195805960000002,0.7112169107,0.6321928095,-0.07902410120000003,8.076321818445376,5.636103106706519,-2.440218711738857,0.0,1.0,0.0,1.0,0.0,1.0,Script18_MatchingBand_L2_BaselineStandardised,Script18_MatchingBand_L2_BaselineStandardised,True,False,Gamma
POW_Band_MatchingBandBaselineStandardisedFlux,96,0.5333333333333333,3.757985005,3.328354806,-0.429630199,0.869265113,0.3951205059,-0.4741446071,9.955281904246931,5.196906710705211,-4.75837519354172,0.0,1.0,0.0,1.0,0.0,1.0,Script18_MatchingBand_L2_BaselineStandardised,Script18_MatchingBand_L2_BaselineStandardised,True,False,Gamma
POW_Band_MatchingBandBaselineStandardisedFlux,97,0.5388888888888889,3.910066027,3.471107633,-0.43895839400000014,0.5531687083,0.6321928095,0.07902410120000003,9.299540773567832,7.757541918091111,-1.541998855476721,0.0,1.0,0.0,1.0,0.0,1.0,Script18_MatchingBand_L2_BaselineStandardised,Script18_MatchingBand_L2_BaselineStandardised,True,False,Gamma
POW_Band_MatchingBandBaselineStandardisedFlux,98,0.5444444444444445,4.202367001999988,3.2416051730000066,-0.9607618289999817,0.7112169107,0.6321928095,-0.07902410120000003,8.750251069323461,6.711022513192476,-2.0392285561309853,0.0,1.0,0.0,1.0,0.0,1.0,Script18_MatchingBand_L2_BaselineStandardised,Script18_MatchingBand_L2_BaselineStandardised,True,False,Gamma
POW_Band_MatchingBandBaselineStandardisedFlux,99,0.55,3.604603125,3.578938214,-0.025664911000000235,0.7112169107,0.6321928095,-0.07902410120000003,8.104460585573456,6.6619851033210775,-1.4424754822523784,0.0,1.0,0.0,1.0,0.0,1.0,Script18_MatchingBand_L2_BaselineStandardised,Script18_MatchingBand_L2_BaselineStandardised,True,False,Gamma
POW_Band_MatchingBandBaselineStandardisedFlux,100,0.5555555555555556,3.83611419,3.87020633,0.034092139999999826,0.4741446071,0.7112169107,0.23707230360000003,8.523802847321381,8.2366510586292,-0.2871517886921815,0.0,1.0,0.0,1.0,0.0,1.0,Script18_MatchingBand_L2_BaselineStandardised,Script18_MatchingBand_L2_BaselineStandardised,True,False,Gamma
POW_Band_MatchingBandBaselineStandardisedFlux,101,0.5611111111111111,3.589273673,3.579965318,-0.009308354999999935,0.7112169107,0.6321928095,-0.07902410120000003,9.233595185291692,6.274145924784564,-2.959449260507128,0.0,1.0,0.0,1.0,0.0,1.0,Script18_MatchingBand_L2_BaselineStandardised,Script18_MatchingBand_L2_BaselineStandardised,True,False,Gamma
POW_Band_MatchingBandBaselineStandardisedFlux,102,0.5666666666666667,3.061034792,2.987380088,-0.07365470399999996,0.7112169107,0.7902410119,0.07902410119999992,6.547960948032377,5.490816164714152,-1.0571447833182246,0.0,1.0,0.0,1.0,0.0,1.0,Script18_MatchingBand_L2_BaselineStandardised,Script18_MatchingBand_L2_BaselineStandardised,True,False,Gamma
POW_Band_MatchingBandBaselineStandardisedFlux,103,0.5722222222222223,3.714099577000002,3.2191881860000113,-0.4949113909999907,0.6321928095000016,0.7902410118999936,0.15804820239999207,7.3151741208376,5.976748139804579,-1.338425981033021,0.0,1.0,0.0,1.0,0.0,1.0,Script18_MatchingBand_L2_BaselineStandardised,Script18_MatchingBand_L2_BaselineStandardised,True,False,Gamma
POW_Band_MatchingBandBaselineStandardisedFlux,104,0.5777777777777778,3.814131938999991,3.786742736999988,-0.027389202000002832,0.7112169106999985,0.4741446071000047,-0.23707230359999376,7.001560918896319,9.17298289620529,2.171421977308972,0.0,1.0,0.0,1.0,0.0,1.0,Script18_MatchingBand_L2_BaselineStandardised,Script18_MatchingBand_L2_BaselineStandardised,True,False,Gamma
POW_Band_MatchingBandBaselineStandardisedFlux,105,0.5833333333333334,3.339579326,3.190434074,-0.14914525199999984,0.6321928095,0.7112169107,0.07902410120000003,6.498300184757428,5.621774370149021,-0.8765258146084074,0.0,1.0,0.0,1.0,0.0,1.0,Script18_MatchingBand_L2_BaselineStandardised,Script18_MatchingBand_L2_BaselineStandardised,True,False,Gamma
POW_Band_MatchingBandBaselineStandardisedFlux,106,0.5888888888888889,3.619170226,3.171542369,-0.4476278570000001,0.6321928095,0.7112169107,0.07902410120000003,7.938112149789542,7.132956083277673,-0.8051560665118691,0.0,1.0,0.0,1.0,0.0,1.0,Script18_MatchingBand_L2_BaselineStandardised,Script18_MatchingBand_L2_BaselineStandardised,True,False,Gamma
POW_Band_MatchingBandBaselineStandardisedFlux,107,0.5944444444444444,3.288716324,3.251533285,-0.037183039000000306,0.7902410119,0.7112169107,-0.07902410119999992,7.871091074468264,6.076730563107434,-1.7943605113608303,0.0,1.0,0.0,1.0,0.0,1.0,Script18_MatchingBand_L2_BaselineStandardised,Script18_MatchingBand_L2_BaselineStandardised,True,False,Gamma
POW_Band_MatchingBandBaselineStandardisedFlux,108,0.6,3.738878362,2.731559654,-1.0073187080000001,0.6321928095,0.7902410119,0.15804820239999995,7.913982826884945,5.641759299189214,-2.272223527695731,0.0,1.0,0.0,1.0,0.0,1.0,Script18_MatchingBand_L2_BaselineStandardised,Script18_MatchingBand_L2_BaselineStandardised,True,False,Gamma
POW_Band_MatchingBandBaselineStandardisedFlux,109,0.6055555555555556,3.8307980219999895,3.389656925999989,-0.4411410960000004,0.6321928095000016,0.47414460710000633,-0.15804820239999523,8.72706703637306,6.759632797485349,-1.9674342388877104,0.0,1.0,0.0,1.0,0.0,1.0,Script18_MatchingBand_L2_BaselineStandardised,Script18_MatchingBand_L2_BaselineStandardised,True,False,Gamma
POW_Band_MatchingBandBaselineStandardisedFlux,110,0.6111111111111112,3.286576881,2.861015207,-0.4255616739999999,0.7112169107,0.7902410119,0.07902410119999992,7.239068227723463,7.289782390551837,0.05071416282837404,0.0,1.0,0.0,1.0,0.0,1.0,Script18_MatchingBand_L2_BaselineStandardised,Script18_MatchingBand_L2_BaselineStandardised,True,False,Gamma
POW_Band_MatchingBandBaselineStandardisedFlux,111,0.6166666666666667,3.955220832,3.201570661,-0.7536501710000003,0.7112169107,0.869265113,0.15804820229999994,8.839827724122657,6.667213893142058,-2.1726138309805982,0.0,1.0,0.0,1.0,0.0,1.0,Script18_MatchingBand_L2_BaselineStandardised,Script18_MatchingBand_L2_BaselineStandardised,True,False,Gamma
POW_Band_MatchingBandBaselineStandardisedFlux,112,0.6222222222222222,4.052455441,3.103899378,-0.9485560630000003,0.5531687083,0.7112169107,0.15804820240000006,8.030105143576622,5.756307270668219,-2.2737978729084025,0.0,1.0,0.0,1.0,0.0,1.0,Script18_MatchingBand_L2_BaselineStandardised,Script18_MatchingBand_L2_BaselineStandardised,True,False,Gamma
POW_Band_MatchingBandBaselineStandardisedFlux,113,0.6277777777777778,3.569356105,3.386197909,-0.18315819599999994,0.7112169107,0.5531687083,-0.15804820240000006,8.319064579678956,6.064076076521001,-2.2549885031579553,0.0,1.0,0.0,1.0,0.0,1.0,Script18_MatchingBand_L2_BaselineStandardised,Script18_MatchingBand_L2_BaselineStandardised,True,False,Gamma
POW_Band_MatchingBandBaselineStandardisedFlux,114,0.6333333333333333,3.457911869,3.67931453,0.22140266099999995,0.7112169107,0.6321928095,-0.07902410120000003,8.326961091756356,5.846746346524819,-2.480214745231537,0.0,1.0,0.0,1.0,0.0,1.0,Script18_MatchingBand_L2_BaselineStandardised,Script18_MatchingBand_L2_BaselineStandardised,True,False,Gamma
POW_Band_MatchingBandBaselineStandardisedFlux,115,0.638888888888889,3.7059378189999945,3.0392869280000085,-0.666650890999986,0.7112169106999985,0.8692651130000015,0.15804820230000305,8.89421139759311,5.7334474512509,-3.160763946342211,0.0,1.0,0.0,1.0,0.0,1.0,Script18_MatchingBand_L2_BaselineStandardised,Script18_MatchingBand_L2_BaselineStandardised,True,False,Gamma
POW_Band_MatchingBandBaselineStandardisedFlux,116,0.6444444444444445,3.43665048,3.46608006,0.029429579999999955,0.6321928095,0.9482892142,0.3160964047,8.092337053241277,6.49614647251234,-1.596190580728937,0.0,1.0,0.0,1.0,0.0,1.0,Script18_MatchingBand_L2_BaselineStandardised,Script18_MatchingBand_L2_BaselineStandardised,True,False,Gamma
POW_Band_MatchingBandBaselineStandardisedFlux,117,0.65,4.03712599,3.571073333,-0.46605265699999965,0.7112169107,0.7902410119,0.07902410119999992,10.021770591207098,7.894624467520721,-2.1271461236863765,0.0,1.0,0.0,1.0,0.0,1.0,Script18_MatchingBand_L2_BaselineStandardised,Script18_MatchingBand_L2_BaselineStandardised,True,False,Gamma
POW_Band_MatchingBandBaselineStandardisedFlux,118,0.6555555555555556,3.458294659,2.892855555,-0.5654391039999997,0.7902410119,0.7112169107,-0.07902410119999992,6.907219709104329,6.215592328886785,-0.6916273802175432,0.0,1.0,0.0,1.0,0.0,1.0,Script18_MatchingBand_L2_BaselineStandardised,Script18_MatchingBand_L2_BaselineStandardised,True,False,Gamma
POW_Band_MatchingBandBaselineStandardisedFlux,119,0.6611111111111111,3.402203209,3.471719122,0.06951591300000004,0.9482892142,0.5531687083,-0.39512050590000003,7.873405820864758,5.774277007231801,-2.099128813632958,0.0,1.0,0.0,1.0,0.0,1.0,Script18_MatchingBand_L2_BaselineStandardised,Script18_MatchingBand_L2_BaselineStandardised,True,False,Gamma
POW_Band_MatchingBandBaselineStandardisedFlux,120,0.6666666666666667,3.6774531800000028,2.8889812610000116,-0.7884719189999911,0.8692651129999936,0.6321928095000016,-0.2370723034999921,8.706689551596305,6.1335902472315755,-2.57309930436473,0.0,1.0,0.0,1.0,0.0,1.0,Script18_MatchingBand_L2_BaselineStandardised,Script18_MatchingBand_L2_BaselineStandardised,True,False,Gamma
POW_Band_MatchingBandBaselineStandardisedFlux,121,0.6722222222222223,3.801389501,3.472521807,-0.32886769399999993,0.5531687083,0.7112169107,0.15804820240000006,8.061805948375524,7.906340227719004,-0.15546572065651976,0.0,1.0,0.0,1.0,0.0,1.0,Script18_MatchingBand_L2_BaselineStandardised,Script18_MatchingBand_L2_BaselineStandardised,True,False,Gamma
POW_Band_MatchingBandBaselineStandardisedFlux,122,0.6777777777777778,4.154749859,3.22730917,-0.927440689,0.3951205059,0.4741446071,0.07902410120000003,8.883269159205334,6.758706134706788,-2.1245630244985456,0.0,1.0,0.0,1.0,0.0,1.0,Script18_MatchingBand_L2_BaselineStandardised,Script18_MatchingBand_L2_BaselineStandardised,True,False,Gamma
POW_Band_MatchingBandBaselineStandardisedFlux,123,0.6833333333333333,3.47528098,3.184428479,-0.2908525009999998,0.7902410119,0.4741446071,-0.31609640479999995,8.290304209561413,6.69322716050427,-1.5970770490571429,0.0,1.0,0.0,1.0,0.0,1.0,Script18_MatchingBand_L2_BaselineStandardised,Script18_MatchingBand_L2_BaselineStandardised,True,False,Gamma
POW_Band_MatchingBandBaselineStandardisedFlux,124,0.6888888888888889,4.413374308,3.291443598,-1.12193071,0.6321928095,0.6321928095,0.0,10.422580071842736,6.73537032037013,-3.687209751472606,0.0,1.0,0.0,1.0,0.0,1.0,Script18_MatchingBand_L2_BaselineStandardised,Script18_MatchingBand_L2_BaselineStandardised,True,False,Gamma
POW_Band_MatchingBandBaselineStandardisedFlux,125,0.6944444444444444,3.931523291,3.22371255,-0.7078107409999999,0.6321928095,0.7112169107,0.07902410120000003,8.178685932917737,7.499673836972382,-0.6790120959453558,0.0,1.0,0.0,1.0,0.0,1.0,Script18_MatchingBand_L2_BaselineStandardised,Script18_MatchingBand_L2_BaselineStandardised,True,False,Gamma
POW_Band_MatchingBandBaselineStandardisedFlux,126,0.7000000000000001,3.589998941999997,2.9089061480000122,-0.6810927939999849,0.6321928094999985,0.7112169107,0.07902410120000158,8.996982579633062,6.726671106593734,-2.270311473039328,0.0,1.0,0.0,1.0,0.0,1.0,Script18_MatchingBand_L2_BaselineStandardised,Script18_MatchingBand_L2_BaselineStandardised,True,False,Gamma
POW_Band_MatchingBandBaselineStandardisedFlux,127,0.7055555555555556,3.450631997,3.535005669,0.0843736719999999,0.5531687083,0.7112169107,0.15804820240000006,7.1127191802661525,7.810027875045029,0.6973086947788767,0.0,1.0,0.0,1.0,0.0,1.0,Script18_MatchingBand_L2_BaselineStandardised,Script18_MatchingBand_L2_BaselineStandardised,True,False,Gamma
POW_Band_MatchingBandBaselineStandardisedFlux,128,0.7111111111111111,3.856523291,3.466448135,-0.390075156,0.7112169107,0.6321928095,-0.07902410120000003,9.443325853779942,7.654425173797916,-1.7889006799820262,0.0,1.0,0.0,1.0,0.0,1.0,Script18_MatchingBand_L2_BaselineStandardised,Script18_MatchingBand_L2_BaselineStandardised,True,False,Gamma
POW_Band_MatchingBandBaselineStandardisedFlux,129,0.7166666666666667,4.256957901,2.765993684,-1.4909642169999997,0.5531687083,0.7112169107,0.15804820240000006,10.939746775660264,6.142557204969419,-4.797189570690845,0.0,1.0,0.0,1.0,0.0,1.0,Script18_MatchingBand_L2_BaselineStandardised,Script18_MatchingBand_L2_BaselineStandardised,True,False,Gamma
POW_Band_MatchingBandBaselineStandardisedFlux,130,0.7222222222222222,3.910877671,3.60269196,-0.30818571100000014,0.3951205059,0.4741446071,0.07902410120000003,8.41449131286701,7.651091331889229,-0.7633999809777814,0.0,1.0,0.0,1.0,0.0,1.0,Script18_MatchingBand_L2_BaselineStandardised,Script18_MatchingBand_L2_BaselineStandardised,True,False,Gamma
POW_Band_MatchingBandBaselineStandardisedFlux,131,0.7277777777777779,3.791159539999998,3.847300591999988,0.056141051999989866,0.47414460710000156,0.39512050590000786,-0.0790241011999937,8.957657821157056,6.299235901259373,-2.658421919897683,0.0,1.0,0.0,1.0,0.0,1.0,Script18_MatchingBand_L2_BaselineStandardised,Script18_MatchingBand_L2_BaselineStandardised,True,False,Gamma
POW_Band_MatchingBandBaselineStandardisedFlux,132,0.7333333333333334,3.680925042,3.2426533360000023,-0.4382717059999979,0.5531687083,0.7902410118999968,0.23707230359999687,9.696844024212282,7.946711833959068,-1.7501321902532148,0.0,1.0,0.0,1.0,0.0,1.0,Script18_MatchingBand_L2_BaselineStandardised,Script18_MatchingBand_L2_BaselineStandardised,True,False,Gamma
POW_Band_MatchingBandBaselineStandardisedFlux,133,0.7388888888888889,3.678630624,3.359480555,-0.319150069,0.5531687083,0.6321928095,0.07902410120000003,8.310409465911977,5.655302366254828,-2.6551070996571493,0.0,1.0,0.0,1.0,0.0,1.0,Script18_MatchingBand_L2_BaselineStandardised,Script18_MatchingBand_L2_BaselineStandardised,True,False,Gamma
POW_Band_MatchingBandBaselineStandardisedFlux,134,0.7444444444444445,4.062414585,4.025969886,-0.03644469899999958,0.7112169107,0.3160964047,-0.39512050600000004,9.015195255363654,7.0514262353576145,-1.9637690200060396,0.0,1.0,0.0,1.0,0.0,1.0,Script18_MatchingBand_L2_BaselineStandardised,Script18_MatchingBand_L2_BaselineStandardised,True,False,Gamma
POW_Band_MatchingBandBaselineStandardisedFlux,135,0.75,3.98712599,3.481736686,-0.5053893039999999,0.6321928095,0.5531687083,-0.07902410120000003,9.065277536360597,6.248783662183506,-2.816493874177091,0.0,1.0,0.0,1.0,0.0,1.0,Script18_MatchingBand_L2_BaselineStandardised,Script18_MatchingBand_L2_BaselineStandardised,True,False,Gamma
POW_Band_MatchingBandBaselineStandardisedFlux,136,0.7555555555555555,3.821413286,3.63822551,-0.18318777600000002,0.7112169107,0.7902410119,0.07902410119999992,7.49301465970748,7.422126216820771,-0.07088844288670959,0.0,1.0,0.0,1.0,0.0,1.0,Script18_MatchingBand_L2_BaselineStandardised,Script18_MatchingBand_L2_BaselineStandardised,True,False,Gamma
POW_Band_MatchingBandBaselineStandardisedFlux,137,0.7611111111111112,3.437483184000007,3.4685766970000094,0.031093513000002293,0.8692651129999952,0.7112169107000016,-0.1580482022999936,8.076502746403824,8.0384955984371,-0.038007147966723664,0.0,1.0,0.0,1.0,0.0,1.0,Script18_MatchingBand_L2_BaselineStandardised,Script18_MatchingBand_L2_BaselineStandardised,True,False,Gamma
POW_Band_MatchingBandBaselineStandardisedFlux,138,0.7666666666666667,3.788374308,3.924547471,0.13617316300000004,0.6321928095,0.7902410119,0.15804820239999995,9.09432686956529,7.770239545351494,-1.3240873242137958,0.0,1.0,0.0,1.0,0.0,1.0,Script18_MatchingBand_L2_BaselineStandardised,Script18_MatchingBand_L2_BaselineStandardised,True,False,Gamma
POW_Band_MatchingBandBaselineStandardisedFlux,139,0.7722222222222223,3.808381035,3.763408608,-0.044972426999999815,0.5531687083,0.7112169107,0.15804820240000006,8.849689841611196,8.35491593732938,-0.494773904281816,0.0,1.0,0.0,1.0,0.0,1.0,Script18_MatchingBand_L2_BaselineStandardised,Script18_MatchingBand_L2_BaselineStandardised,True,False,Gamma
POW_Band_MatchingBandBaselineStandardisedFlux,140,0.7777777777777778,3.535931093,3.252594519,-0.2833365739999998,0.6321928095,0.6321928095,0.0,8.267584153120835,6.178573426724432,-2.0890107263964026,0.0,1.0,0.0,1.0,0.0,1.0,Script18_MatchingBand_L2_BaselineStandardised,Script18_MatchingBand_L2_BaselineStandardised,True,False,Gamma
POW_Band_MatchingBandBaselineStandardisedFlux,141,0.7833333333333333,3.751133987,3.067328378,-0.6838056089999998,0.7112169107,0.7902410119,0.07902410119999992,8.403341140660203,6.700992326769915,-1.7023488138902874,0.0,1.0,0.0,1.0,0.0,1.0,Script18_MatchingBand_L2_BaselineStandardised,Script18_MatchingBand_L2_BaselineStandardised,True,False,Gamma
POW_Band_MatchingBandBaselineStandardisedFlux,142,0.788888888888889,3.7912108969999934,2.708163970000006,-1.0830469269999874,0.5531687083,0.9482892141999969,0.3951205058999969,9.485546076561858,5.92846889283121,-3.557077183730648,0.0,1.0,0.0,1.0,0.0,1.0,Script18_MatchingBand_L2_BaselineStandardised,Script18_MatchingBand_L2_BaselineStandardised,True,False,Gamma
POW_Band_MatchingBandBaselineStandardisedFlux,143,0.7944444444444445,3.4536756370000137,2.997818643000008,-0.4558569940000057,0.5531687083,0.7902410118999968,0.23707230359999687,7.60344104643376,6.279016271715241,-1.3244247747185192,0.0,1.0,0.0,1.0,0.0,1.0,Script18_MatchingBand_L2_BaselineStandardised,Script18_MatchingBand_L2_BaselineStandardised,True,False,Gamma
POW_Band_MatchingBandBaselineStandardisedFlux,144,0.8,4.135911971,3.389581852,-0.7463301189999996,0.5531687083,0.6321928095,0.07902410120000003,7.693762803840003,5.863939756678864,-1.8298230471611392,0.0,1.0,0.0,1.0,0.0,1.0,Script18_MatchingBand_L2_BaselineStandardised,Script18_MatchingBand_L2_BaselineStandardised,True,False,Gamma
POW_Band_MatchingBandBaselineStandardisedFlux,145,0.8055555555555556,3.919990871,2.832461955,-1.0875289160000001,0.7112169107,0.6321928095,-0.07902410120000003,9.03229764946409,5.497929408063811,-3.534368241400278,0.0,1.0,0.0,1.0,0.0,1.0,Script18_MatchingBand_L2_BaselineStandardised,Script18_MatchingBand_L2_BaselineStandardised,True,False,Gamma
POW_Band_MatchingBandBaselineStandardisedFlux,146,0.8111111111111111,3.623133296,3.277018049,-0.34611524699999974,0.7112169107,0.5531687083,-0.15804820240000006,9.374118652901508,7.0058731308774504,-2.3682455220240577,0.0,1.0,0.0,1.0,0.0,1.0,Script18_MatchingBand_L2_BaselineStandardised,Script18_MatchingBand_L2_BaselineStandardised,True,False,Gamma
POW_Band_MatchingBandBaselineStandardisedFlux,147,0.8166666666666667,3.384426541,3.255038256,-0.12938828499999966,0.869265113,0.6321928095,-0.23707230349999997,7.258019018893164,7.406638735924718,0.1486197170315533,0.0,1.0,0.0,1.0,0.0,1.0,Script18_MatchingBand_L2_BaselineStandardised,Script18_MatchingBand_L2_BaselineStandardised,True,False,Gamma
POW_Band_MatchingBandBaselineStandardisedFlux,148,0.8222222222222223,3.1789192190000075,3.5558171440000033,0.37689792499999575,0.7112169107000016,0.6321928095,-0.07902410120000158,6.963083124722078,7.76369325383492,0.800610129112842,0.0,1.0,0.0,1.0,0.0,1.0,Script18_MatchingBand_L2_BaselineStandardised,Script18_MatchingBand_L2_BaselineStandardised,True,False,Gamma
POW_Band_MatchingBandBaselineStandardisedFlux,149,0.8277777777777778,3.553415165000009,3.7057980220000006,0.15238285699999166,0.7902410119,0.6321928094999969,-0.15804820240000306,9.85139030710029,8.7905616012689,-1.0608287058313906,0.0,1.0,0.0,1.0,0.0,1.0,Script18_MatchingBand_L2_BaselineStandardised,Script18_MatchingBand_L2_BaselineStandardised,True,False,Gamma
POW_Band_MatchingBandBaselineStandardisedFlux,150,0.8333333333333334,3.99502517,3.736200566,-0.25882460399999996,0.7902410119,0.4741446071,-0.31609640479999995,11.266270398860321,6.798621913926291,-4.46764848493403,0.0,1.0,0.0,1.0,0.0,1.0,Script18_MatchingBand_L2_BaselineStandardised,Script18_MatchingBand_L2_BaselineStandardised,True,False,Gamma
POW_Band_MatchingBandBaselineStandardisedFlux,151,0.8388888888888889,3.643992311,3.832588512,0.18859620100000019,0.5531687083,0.5531687083,0.0,8.278387988812636,7.587017096998274,-0.691370891814362,0.0,1.0,0.0,1.0,0.0,1.0,Script18_MatchingBand_L2_BaselineStandardised,Script18_MatchingBand_L2_BaselineStandardised,True,False,Gamma
POW_Band_MatchingBandBaselineStandardisedFlux,152,0.8444444444444444,3.68260369,2.751240703,-0.931362987,0.5531687083,0.7902410119,0.23707230359999998,8.19932620345472,6.929975537312371,-1.2693506661423495,0.0,1.0,0.0,1.0,0.0,1.0,Script18_MatchingBand_L2_BaselineStandardised,Script18_MatchingBand_L2_BaselineStandardised,True,False,Gamma
POW_Band_MatchingBandBaselineStandardisedFlux,153,0.85,3.84217134,3.538301172,-0.303870168,0.6321928095,0.4741446071,-0.1580482024,9.249433292534858,6.824585080054412,-2.4248482124804465,0.0,1.0,0.0,1.0,0.0,1.0,Script18_MatchingBand_L2_BaselineStandardised,Script18_MatchingBand_L2_BaselineStandardised,True,False,Gamma
POW_Band_MatchingBandBaselineStandardisedFlux,154,0.8555555555555556,3.5684196579999963,3.209749831000003,-0.3586698269999933,0.5531687083000015,0.8692651129999936,0.3160964046999921,9.228499534009133,5.563476556514641,-3.665022977494492,0.0,1.0,0.0,1.0,0.0,1.0,Script18_MatchingBand_L2_BaselineStandardised,Script18_MatchingBand_L2_BaselineStandardised,True,False,Gamma
POW_Band_MatchingBandBaselineStandardisedFlux,155,0.8611111111111112,3.382171099,3.35887113,-0.023299968999999976,0.6321928095,0.5531687083,-0.07902410120000003,7.684125407596131,6.2290806735623425,-1.4550447340337884,0.0,1.0,0.0,1.0,0.0,1.0,Script18_MatchingBand_L2_BaselineStandardised,Script18_MatchingBand_L2_BaselineStandardised,True,False,Gamma
POW_Band_MatchingBandBaselineStandardisedFlux,156,0.8666666666666667,3.787341449,3.203228249,-0.5841132,0.6321928095,0.6321928095,0.0,8.159142537196573,7.258501223321209,-0.9006413138753633,0.0,1.0,0.0,1.0,0.0,1.0,Script18_MatchingBand_L2_BaselineStandardised,Script18_MatchingBand_L2_BaselineStandardised,True,False,Gamma
POW_Band_MatchingBandBaselineStandardisedFlux,157,0.8722222222222222,4.117442158,3.524723631,-0.5927185270000002,0.4741446071,0.6321928095,0.1580482024,8.533440132084515,7.537654951050879,-0.9957851810336358,0.0,1.0,0.0,1.0,0.0,1.0,Script18_MatchingBand_L2_BaselineStandardised,Script18_MatchingBand_L2_BaselineStandardised,True,False,Gamma
POW_Band_MatchingBandBaselineStandardisedFlux,158,0.8777777777777778,3.733668911,4.330047688,0.5963787769999995,0.7112169107,0.626158025,-0.08505888570000009,7.939484020472493,10.890013381228446,2.9505293607559526,0.0,1.0,0.0,1.0,0.0,1.0,Script18_MatchingBand_L2_BaselineStandardised,Script18_MatchingBand_L2_BaselineStandardised,True,False,Gamma
POW_Band_MatchingBandBaselineStandardisedFlux,159,0.8833333333333334,3.847085132999984,2.9767734320000128,-0.870311700999971,0.7112169107000046,0.6321928095000016,-0.07902410120000303,7.734886889628435,6.316260752604273,-1.4186261370241624,0.0,1.0,0.0,1.0,0.0,1.0,Script18_MatchingBand_L2_BaselineStandardised,Script18_MatchingBand_L2_BaselineStandardised,True,False,Gamma
POW_Band_MatchingBandBaselineStandardisedFlux,160,0.888888888888889,3.0308270639999977,3.617242002000001,0.5864149380000034,0.9392370375000002,0.7112169106999985,-0.22802012680000172,7.621889016556597,7.929777475547623,0.3078884589910258,0.0,1.0,0.0,1.0,0.0,1.0,Script18_MatchingBand_L2_BaselineStandardised,Script18_MatchingBand_L2_BaselineStandardised,True,False,Gamma
POW_Band_MatchingBandBaselineStandardisedFlux,161,0.8944444444444445,2.91824875,3.67524668,0.7569979299999998,0.9482892142,0.6321928095,-0.3160964047,8.131542139664049,6.637938824335885,-1.4936033153281638,0.0,1.0,0.0,1.0,0.0,1.0,Script18_MatchingBand_L2_BaselineStandardised,Script18_MatchingBand_L2_BaselineStandardised,True,False,Gamma
POW_Band_MatchingBandBaselineStandardisedFlux,162,0.9,3.545252688,4.061331403,0.5160787149999995,0.4741446071,0.5531687083,0.07902410119999997,8.123372885075234,10.12094859045023,1.9975757053749952,0.0,1.0,0.0,1.0,0.0,1.0,Script18_MatchingBand_L2_BaselineStandardised,Script18_MatchingBand_L2_BaselineStandardised,True,False,Gamma
POW_Band_MatchingBandBaselineStandardisedFlux,163,0.9055555555555556,3.048456191,4.246273489,1.197817298,0.7112169107,0.6321928095,-0.07902410120000003,6.434978597992213,9.87943439536462,3.4444557973724077,0.0,1.0,0.0,1.0,0.0,1.0,Script18_MatchingBand_L2_BaselineStandardised,Script18_MatchingBand_L2_BaselineStandardised,True,False,Gamma
POW_Band_MatchingBandBaselineStandardisedFlux,164,0.9111111111111111,3.953789417,4.178903915,0.22511449800000038,0.6321928095,0.5531687083,-0.07902410120000003,9.579245735127081,9.459006851840805,-0.12023888328627663,0.0,1.0,0.0,1.0,0.0,1.0,Script18_MatchingBand_L2_BaselineStandardised,Script18_MatchingBand_L2_BaselineStandardised,True,False,Gamma
POW_Band_MatchingBandBaselineStandardisedFlux,165,0.9166666666666667,3.836581162000002,3.5542781670000037,-0.28230299499999845,0.7112169107,0.6321928094999985,-0.07902410120000158,8.534861963826662,8.153820295995526,-0.3810416678311359,0.0,1.0,0.0,1.0,0.0,1.0,Script18_MatchingBand_L2_BaselineStandardised,Script18_MatchingBand_L2_BaselineStandardised,True,False,Gamma
POW_Band_MatchingBandBaselineStandardisedFlux,166,0.9222222222222223,3.954569288,3.734306459,-0.22026282900000016,0.7112169107,0.5531687083,-0.15804820240000006,8.290434256615669,6.900392419582907,-1.3900418370327614,0.0,1.0,0.0,1.0,0.0,1.0,Script18_MatchingBand_L2_BaselineStandardised,Script18_MatchingBand_L2_BaselineStandardised,True,False,Gamma
POW_Band_MatchingBandBaselineStandardisedFlux,167,0.9277777777777778,3.944790716,3.498744786,-0.4460459299999999,0.4741446071,0.5531687083,0.07902410119999997,8.416727076726787,7.686077028918637,-0.7306500478081492,0.0,1.0,0.0,1.0,0.0,1.0,Script18_MatchingBand_L2_BaselineStandardised,Script18_MatchingBand_L2_BaselineStandardised,True,False,Gamma
POW_Band_MatchingBandBaselineStandardisedFlux,168,0.9333333333333333,3.408144319,3.601441578,0.1932972590000004,0.6321928095,0.7112169107,0.07902410120000003,7.251780818508507,5.958012373322511,-1.2937684451859965,0.0,1.0,0.0,1.0,0.0,1.0,Script18_MatchingBand_L2_BaselineStandardised,Script18_MatchingBand_L2_BaselineStandardised,True,False,Gamma
POW_Band_MatchingBandBaselineStandardisedFlux,169,0.9388888888888889,3.597810402,2.744859315,-0.8529510870000001,0.7112169107,0.869265113,0.15804820229999994,7.338607607800933,6.519604223214716,-0.8190033845862166,0.0,1.0,0.0,1.0,0.0,1.0,Script18_MatchingBand_L2_BaselineStandardised,Script18_MatchingBand_L2_BaselineStandardised,True,False,Gamma
POW_Band_MatchingBandBaselineStandardisedFlux,170,0.9444444444444445,3.796161772999997,3.4065575900000007,-0.38960418299999633,0.5531687082999984,0.7112169106999985,0.15804820240000006,8.429718930566304,6.703430626835519,-1.7262883037307857,0.0,1.0,0.0,1.0,0.0,1.0,Script18_MatchingBand_L2_BaselineStandardised,Script18_MatchingBand_L2_BaselineStandardised,True,False,Gamma
POW_Band_MatchingBandBaselineStandardisedFlux,171,0.9500000000000001,3.639388172000008,3.451334142000012,-0.188054029999996,0.47414460710000317,0.6321928095,0.15804820239999684,8.153073962580777,8.810404128597401,0.6573301660166244,0.0,1.0,0.0,1.0,0.0,1.0,Script18_MatchingBand_L2_BaselineStandardised,Script18_MatchingBand_L2_BaselineStandardised,True,False,Gamma
POW_Band_MatchingBandBaselineStandardisedFlux,172,0.9555555555555556,4.049870365,4.056923601,0.007053235999999963,0.6321928095,0.6321928095,0.0,11.053962655430158,8.120193224398365,-2.933769431031793,0.0,1.0,0.0,1.0,0.0,1.0,Script18_MatchingBand_L2_BaselineStandardised,Script18_MatchingBand_L2_BaselineStandardised,True,False,Gamma
POW_Band_MatchingBandBaselineStandardisedFlux,173,0.9611111111111111,4.076318839,3.789796723,-0.286522116,0.4741446071,0.7112169107,0.23707230360000003,8.612360122942702,11.536182527465366,2.9238224045226637,0.0,1.0,0.0,1.0,0.0,1.0,Script18_MatchingBand_L2_BaselineStandardised,Script18_MatchingBand_L2_BaselineStandardised,True,False,Gamma
POW_Band_MatchingBandBaselineStandardisedFlux,174,0.9666666666666667,4.334017864,3.556264994,-0.7777528699999996,0.6321928095,0.6321928095,0.0,10.322060115065995,7.137373335724168,-3.1846867793418268,0.0,1.0,0.0,1.0,0.0,1.0,Script18_MatchingBand_L2_BaselineStandardised,Script18_MatchingBand_L2_BaselineStandardised,True,False,Gamma
POW_Band_MatchingBandBaselineStandardisedFlux,175,0.9722222222222222,4.316482434,3.931120916,-0.3853615180000003,0.6321928095,0.5531687083,-0.07902410120000003,13.926929286088264,8.390429391124636,-5.536499894963628,0.0,1.0,0.0,1.0,0.0,1.0,Script18_MatchingBand_L2_BaselineStandardised,Script18_MatchingBand_L2_BaselineStandardised,True,False,Gamma
POW_Band_MatchingBandBaselineStandardisedFlux,176,0.9777777777777779,3.865197555000005,3.692851428000003,-0.17234612700000174,0.7112169107,0.7112169107,0.0,11.22302799656916,9.968442832589531,-1.2545851639796286,0.0,1.0,0.0,1.0,0.0,1.0,Script18_MatchingBand_L2_BaselineStandardised,Script18_MatchingBand_L2_BaselineStandardised,True,False,Gamma
POW_Band_MatchingBandBaselineStandardisedFlux,177,0.9833333333333334,4.10265559699999,3.8402341159999995,-0.26242148099999074,0.7112169107000016,0.7112169106999953,-6.328271240363392e-15,9.3494632377414,8.069326652766021,-1.280136584975379,0.0,1.0,0.0,1.0,0.0,1.0,Script18_MatchingBand_L2_BaselineStandardised,Script18_MatchingBand_L2_BaselineStandardised,True,False,Gamma
POW_Band_MatchingBandBaselineStandardisedFlux,178,0.9888888888888889,3.607474013,3.81111419,0.20364017700000003,0.7902410119,0.4741446071,-0.31609640479999995,7.9677967066091675,7.363889628468599,-0.6039070781405682,0.0,1.0,0.0,1.0,0.0,1.0,Script18_MatchingBand_L2_BaselineStandardised,Script18_MatchingBand_L2_BaselineStandardised,True,False,Gamma
POW_Band_MatchingBandBaselineStandardisedFlux,179,0.9944444444444445,4.299958804,3.021486687,-1.2784721170000002,0.6321928095,0.7112169107,0.07902410120000003,10.245049786964735,6.248641092605111,-3.9964086943596238,0.0,1.0,0.0,1.0,0.0,1.0,Script18_MatchingBand_L2_BaselineStandardised,Script18_MatchingBand_L2_BaselineStandardised,True,False,Gamma
POW_Band_MatchingBandBaselineStandardisedFlux,180,1.0,4.061942893,3.038578664,-1.0233642290000002,0.6321928095,0.7902410119,0.15804820239999995,9.389197839096905,7.858791715134762,-1.530406123962143,0.0,1.0,0.0,1.0,0.0,1.0,Script18_MatchingBand_L2_BaselineStandardised,Script18_MatchingBand_L2_BaselineStandardised,True,False,Gamma
POW_Band_MatchingBandBaselineStandardisedFlux,0,0.0,1.384170271,0.9599377176,-0.4242325533999999,0.3130790125,0.4696185187,0.1565395062,0.6541319893612301,1.8168960550110695,1.1627640656498395,0.0,1.0,0.0,1.0,0.0,1.0,Script18_MatchingBand_L2_BaselineStandardised,Script18_MatchingBand_L2_BaselineStandardised,True,False,Theta
POW_Band_MatchingBandBaselineStandardisedFlux,1,0.005555555555555556,1.692406418,1.106001125,-0.5864052930000001,0.6321928095,0.4741446071,-0.1580482024,6.882923095733768,5.3081864463199375,-1.5747366494138308,0.0,1.0,0.0,1.0,0.0,1.0,Script18_MatchingBand_L2_BaselineStandardised,Script18_MatchingBand_L2_BaselineStandardised,True,False,Theta
POW_Band_MatchingBandBaselineStandardisedFlux,2,0.011111111111111112,1.707543201,1.139275202,-0.5682679989999999,0.3160964047,0.6321928095,0.3160964048,1.010201071866272,3.1434498393834023,2.1332487675171303,0.0,1.0,0.0,1.0,0.0,1.0,Script18_MatchingBand_L2_BaselineStandardised,Script18_MatchingBand_L2_BaselineStandardised,True,False,Theta
POW_Band_MatchingBandBaselineStandardisedFlux,3,0.016666666666666666,2.278921011,1.678862862,-0.6000581490000001,0.7112169107,0.5531687083,-0.15804820240000006,6.634389506237106,8.932336824338542,2.2979473181014356,0.0,1.0,0.0,1.0,0.0,1.0,Script18_MatchingBand_L2_BaselineStandardised,Script18_MatchingBand_L2_BaselineStandardised,True,False,Theta
POW_Band_MatchingBandBaselineStandardisedFlux,4,0.022222222222222223,1.739714365,1.342295423,-0.39741894200000005,0.7902410119,0.7112169107,-0.07902410119999992,8.522845483353041,4.04293369651336,-4.479911786839681,0.0,1.0,0.0,1.0,0.0,1.0,Script18_MatchingBand_L2_BaselineStandardised,Script18_MatchingBand_L2_BaselineStandardised,True,False,Theta
POW_Band_MatchingBandBaselineStandardisedFlux,5,0.02777777777777778,2.5873153409999996,1.8263641609999994,-0.7609511800000002,0.6321928095,0.6321928094999999,-1.1102230246251565e-16,8.282902911668033,4.989466051625149,-3.2934368600428847,0.0,1.0,0.0,1.0,0.0,1.0,Script18_MatchingBand_L2_BaselineStandardised,Script18_MatchingBand_L2_BaselineStandardised,True,False,Theta
POW_Band_MatchingBandBaselineStandardisedFlux,6,0.03333333333333333,2.069345667,0.7219280949,-1.3474175721,0.5531687083,0.4741446071,-0.07902410119999997,5.163315302774487,2.6621637356766956,-2.5011515670977915,0.0,1.0,0.0,1.0,0.0,1.0,Script18_MatchingBand_L2_BaselineStandardised,Script18_MatchingBand_L2_BaselineStandardised,True,False,Theta
POW_Band_MatchingBandBaselineStandardisedFlux,7,0.03888888888888889,1.500645789,0.9959386076,-0.5047071814,0.6321928095,0.4741446071,-0.1580482024,5.61377995013275,2.803810375180311,-2.809969574952439,0.0,1.0,0.0,1.0,0.0,1.0,Script18_MatchingBand_L2_BaselineStandardised,Script18_MatchingBand_L2_BaselineStandardised,True,False,Theta
POW_Band_MatchingBandBaselineStandardisedFlux,8,0.044444444444444446,2.45855327,0.5435644432,-1.9149888268,0.5531687083,0.7902410119,0.23707230359999998,6.735629739858664,3.2851968080169494,-3.450432931841715,0.0,1.0,0.0,1.0,0.0,1.0,Script18_MatchingBand_L2_BaselineStandardised,Script18_MatchingBand_L2_BaselineStandardised,True,False,Theta
POW_Band_MatchingBandBaselineStandardisedFlux,9,0.05,2.292835531,0.3843115441,-1.9085239869000001,0.3160964047,0.3951205059,0.07902410119999997,7.183937886040056,0.3641785465980927,-6.819759339441963,0.0,1.0,0.0,1.0,0.0,1.0,Script18_MatchingBand_L2_BaselineStandardised,Script18_MatchingBand_L2_BaselineStandardised,True,False,Theta
POW_Band_MatchingBandBaselineStandardisedFlux,10,0.05555555555555556,3.054743557999999,0.42806962920000013,-2.626673928799999,0.4741446071000002,0.6321928095,0.15804820239999978,8.35238808980073,2.283211815334474,-6.0691762744662565,0.0,1.0,0.0,1.0,0.0,1.0,Script18_MatchingBand_L2_BaselineStandardised,Script18_MatchingBand_L2_BaselineStandardised,True,False,Theta
POW_Band_MatchingBandBaselineStandardisedFlux,11,0.061111111111111116,2.0045146849999993,0.5074109637000007,-1.4971037212999985,0.6321928094999996,0.6321928095,4.440892098500626e-16,5.921695624988468,3.094519475172039,-2.8271761498164287,0.0,1.0,0.0,1.0,0.0,1.0,Script18_MatchingBand_L2_BaselineStandardised,Script18_MatchingBand_L2_BaselineStandardised,True,False,Theta
POW_Band_MatchingBandBaselineStandardisedFlux,12,0.06666666666666667,1.416361355,0.9995491108,-0.41681224420000007,0.3160964047,0.6321928095,0.3160964048,4.290035062127042,4.089026105078142,-0.20100895704889954,0.0,1.0,0.0,1.0,0.0,1.0,Script18_MatchingBand_L2_BaselineStandardised,Script18_MatchingBand_L2_BaselineStandardised,True,False,Theta
POW_Band_MatchingBandBaselineStandardisedFlux,13,0.07222222222222223,2.429412285,1.5085735339999982,-0.920838751000002,0.5531687083000002,0.4741446071000008,-0.07902410119999942,6.5721952744484335,4.591117841552613,-1.9810774328958205,0.0,1.0,0.0,1.0,0.0,1.0,Script18_MatchingBand_L2_BaselineStandardised,Script18_MatchingBand_L2_BaselineStandardised,True,False,Theta
POW_Band_MatchingBandBaselineStandardisedFlux,14,0.07777777777777778,2.460633497,0.8304955225,-1.6301379744999998,0.6321928095,0.7902410119,0.15804820239999995,7.676535508585387,3.641830776891803,-4.034704731693584,0.0,1.0,0.0,1.0,0.0,1.0,Script18_MatchingBand_L2_BaselineStandardised,Script18_MatchingBand_L2_BaselineStandardised,True,False,Theta
POW_Band_MatchingBandBaselineStandardisedFlux,15,0.08333333333333334,2.6144661729999994,0.9981958790000003,-1.616270293999999,0.4741446071000002,0.7902410119000002,0.31609640479999995,8.907476790649557,3.755559716975528,-5.15191707367403,0.0,1.0,0.0,1.0,0.0,1.0,Script18_MatchingBand_L2_BaselineStandardised,Script18_MatchingBand_L2_BaselineStandardised,True,False,Theta
POW_Band_MatchingBandBaselineStandardisedFlux,16,0.08888888888888889,2.400182455,1.14448832,-1.255694135,0.5531687083,0.869265113,0.3160964047,4.856805441292307,4.318614017744862,-0.5381914235474454,0.0,1.0,0.0,1.0,0.0,1.0,Script18_MatchingBand_L2_BaselineStandardised,Script18_MatchingBand_L2_BaselineStandardised,True,False,Theta
POW_Band_MatchingBandBaselineStandardisedFlux,17,0.09444444444444444,2.516575509,1.735680815,-0.7808946939999999,0.5531687083,0.6321928095,0.07902410120000003,7.666595599138791,4.120279900970436,-3.546315698168355,0.0,1.0,0.0,1.0,0.0,1.0,Script18_MatchingBand_L2_BaselineStandardised,Script18_MatchingBand_L2_BaselineStandardised,True,False,Theta
POW_Band_MatchingBandBaselineStandardisedFlux,18,0.1,2.213855924,1.491828593,-0.7220273310000003,0.5531687083,0.5531687083,0.0,8.471493750178244,5.063347280639257,-3.4081464695389867,0.0,1.0,0.0,1.0,0.0,1.0,Script18_MatchingBand_L2_BaselineStandardised,Script18_MatchingBand_L2_BaselineStandardised,True,False,Theta
POW_Band_MatchingBandBaselineStandardisedFlux,19,0.10555555555555556,2.397703321,1.438499616,-0.9592037049999997,0.7112169107,0.6321928095,-0.07902410120000003,8.298580759187857,5.248111354496725,-3.050469404691132,0.0,1.0,0.0,1.0,0.0,1.0,Script18_MatchingBand_L2_BaselineStandardised,Script18_MatchingBand_L2_BaselineStandardised,True,False,Theta
POW_Band_MatchingBandBaselineStandardisedFlux,20,0.11111111111111112,2.2054966080000007,0.9544340029000011,-1.2510626050999996,0.6321928095,0.7112169107000006,0.07902410120000058,6.2605183025904445,3.462503895359003,-2.7980144072314417,0.0,1.0,0.0,1.0,0.0,1.0,Script18_MatchingBand_L2_BaselineStandardised,Script18_MatchingBand_L2_BaselineStandardised,True,False,Theta
POW_Band_MatchingBandBaselineStandardisedFlux,21,0.11666666666666667,2.516176932,1.418049125,-1.098127807,0.6321928095,0.9482892142,0.3160964047,7.509661193421534,5.384671732176445,-2.1249894612450895,0.0,1.0,0.0,1.0,0.0,1.0,Script18_MatchingBand_L2_BaselineStandardised,Script18_MatchingBand_L2_BaselineStandardised,True,False,Theta
POW_Band_MatchingBandBaselineStandardisedFlux,22,0.12222222222222223,1.9422347709999985,1.6797198029999996,-0.26251496799999896,0.5531687083000004,0.6321928095,0.07902410119999959,6.059313808472215,5.018131917078718,-1.0411818913934967,0.0,1.0,0.0,1.0,0.0,1.0,Script18_MatchingBand_L2_BaselineStandardised,Script18_MatchingBand_L2_BaselineStandardised,True,False,Theta
POW_Band_MatchingBandBaselineStandardisedFlux,23,0.1277777777777778,1.3578496100000024,1.474232869999997,0.11638325999999455,0.7112169107,0.6321928095000005,-0.07902410119999959,4.254753372639289,6.904746801243508,2.649993428604219,0.0,1.0,0.0,1.0,0.0,1.0,Script18_MatchingBand_L2_BaselineStandardised,Script18_MatchingBand_L2_BaselineStandardised,True,False,Theta
POW_Band_MatchingBandBaselineStandardisedFlux,24,0.13333333333333333,1.831604724,0.8654698974,-0.9661348265999999,0.7112169107,0.7112169107,0.0,5.593598086514852,4.789243618061967,-0.8043544684528854,0.0,1.0,0.0,1.0,0.0,1.0,Script18_MatchingBand_L2_BaselineStandardised,Script18_MatchingBand_L2_BaselineStandardised,True,False,Theta
POW_Band_MatchingBandBaselineStandardisedFlux,25,0.1388888888888889,2.175941272,1.472827356,-0.7031139160000002,0.7112169107,0.6321928095,-0.07902410120000003,9.657316483867582,4.417016709784461,-5.240299774083121,0.0,1.0,0.0,1.0,0.0,1.0,Script18_MatchingBand_L2_BaselineStandardised,Script18_MatchingBand_L2_BaselineStandardised,True,False,Theta
POW_Band_MatchingBandBaselineStandardisedFlux,26,0.14444444444444446,2.176880095,1.516327151,-0.660552944,0.5531687083000008,0.5531687082999995,-1.2212453270876722e-15,6.7895424548037875,4.259691457103115,-2.529850997700673,0.0,1.0,0.0,1.0,0.0,1.0,Script18_MatchingBand_L2_BaselineStandardised,Script18_MatchingBand_L2_BaselineStandardised,True,False,Theta
POW_Band_MatchingBandBaselineStandardisedFlux,27,0.15,2.211912075,1.500543443,-0.7113686319999999,0.7112169107,0.4741446071,-0.23707230360000003,7.347038337462039,3.8749383499371333,-3.472099987524906,0.0,1.0,0.0,1.0,0.0,1.0,Script18_MatchingBand_L2_BaselineStandardised,Script18_MatchingBand_L2_BaselineStandardised,True,False,Theta
POW_Band_MatchingBandBaselineStandardisedFlux,28,0.15555555555555556,1.985518556,2.070260676,0.08474212000000025,0.7112169107,0.7112169107,0.0,9.090202252427257,5.269623106957975,-3.8205791454692823,0.0,1.0,0.0,1.0,0.0,1.0,Script18_MatchingBand_L2_BaselineStandardised,Script18_MatchingBand_L2_BaselineStandardised,True,False,Theta
POW_Band_MatchingBandBaselineStandardisedFlux,29,0.16111111111111112,1.942578006,1.646286575,-0.296291431,0.6321928095,0.5531687083,-0.07902410120000003,7.057242056470254,5.360462952637793,-1.696779103832461,0.0,1.0,0.0,1.0,0.0,1.0,Script18_MatchingBand_L2_BaselineStandardised,Script18_MatchingBand_L2_BaselineStandardised,True,False,Theta
POW_Band_MatchingBandBaselineStandardisedFlux,30,0.16666666666666669,1.9359565749999972,1.8246743369999958,-0.11128223800000137,0.5531687083000008,0.5531687083000008,0.0,7.269570367274232,5.933217710939714,-1.336352656334518,0.0,1.0,0.0,1.0,0.0,1.0,Script18_MatchingBand_L2_BaselineStandardised,Script18_MatchingBand_L2_BaselineStandardised,True,False,Theta
POW_Band_MatchingBandBaselineStandardisedFlux,31,0.17222222222222222,1.350376329,1.0,-0.35037632899999993,0.7112169107,0.7112169107,0.0,5.489576525964958,4.3943460014987075,-1.0952305244662508,0.0,1.0,0.0,1.0,0.0,1.0,Script18_MatchingBand_L2_BaselineStandardised,Script18_MatchingBand_L2_BaselineStandardised,True,False,Theta
POW_Band_MatchingBandBaselineStandardisedFlux,32,0.17777777777777778,2.383606291,1.416502327,-0.9671039640000001,0.5531687083,0.3951205059,-0.1580482024,6.521025727385865,5.116132214478163,-1.4048935129077025,0.0,1.0,0.0,1.0,0.0,1.0,Script18_MatchingBand_L2_BaselineStandardised,Script18_MatchingBand_L2_BaselineStandardised,True,False,Theta
POW_Band_MatchingBandBaselineStandardisedFlux,33,0.18333333333333335,2.262979881000002,1.3265018319999982,-0.9364780490000038,0.4741446071000004,0.6321928095,0.15804820239999962,6.295198020736987,3.541740446274988,-2.7534575744619993,0.0,1.0,0.0,1.0,0.0,1.0,Script18_MatchingBand_L2_BaselineStandardised,Script18_MatchingBand_L2_BaselineStandardised,True,False,Theta
POW_Band_MatchingBandBaselineStandardisedFlux,34,0.18888888888888888,2.631739969,0.9880106363,-1.6437293327,0.5531687083,0.6321928095,0.07902410120000003,8.274743759325217,4.174412912061699,-4.100330847263518,0.0,1.0,0.0,1.0,0.0,1.0,Script18_MatchingBand_L2_BaselineStandardised,Script18_MatchingBand_L2_BaselineStandardised,True,False,Theta
POW_Band_MatchingBandBaselineStandardisedFlux,35,0.19444444444444445,1.667405833,1.259960425,-0.40744540799999984,0.6321928095,0.7112169107,0.07902410120000003,6.71694303243579,4.384277523932775,-2.3326655085030144,0.0,1.0,0.0,1.0,0.0,1.0,Script18_MatchingBand_L2_BaselineStandardised,Script18_MatchingBand_L2_BaselineStandardised,True,False,Theta
POW_Band_MatchingBandBaselineStandardisedFlux,36,0.2,1.997966428,1.259960425,-0.738006003,0.5531687083,0.6321928095,0.07902410120000003,8.588399213801907,6.068263849406131,-2.5201353643957756,0.0,1.0,0.0,1.0,0.0,1.0,Script18_MatchingBand_L2_BaselineStandardised,Script18_MatchingBand_L2_BaselineStandardised,True,False,Theta
POW_Band_MatchingBandBaselineStandardisedFlux,37,0.20555555555555557,1.7245584939999994,1.3049201519999982,-0.41963834200000116,0.47414460710000156,0.6321928095000005,0.1580482023999989,7.699904498313193,4.2025036368991495,-3.497400861414043,0.0,1.0,0.0,1.0,0.0,1.0,Script18_MatchingBand_L2_BaselineStandardised,Script18_MatchingBand_L2_BaselineStandardised,True,False,Theta
POW_Band_MatchingBandBaselineStandardisedFlux,38,0.2111111111111111,1.590014811,0.9544340029,-0.6355808081000001,0.7902410119,0.7112169107,-0.07902410119999992,4.681462762682715,3.9395053484210782,-0.7419574142616367,0.0,1.0,0.0,1.0,0.0,1.0,Script18_MatchingBand_L2_BaselineStandardised,Script18_MatchingBand_L2_BaselineStandardised,True,False,Theta
POW_Band_MatchingBandBaselineStandardisedFlux,39,0.21666666666666667,1.628069304,1.12087997,-0.507189334,0.3951205059,0.4741446071,0.07902410120000003,5.709682709521934,5.971115025792512,0.2614323162705787,0.0,1.0,0.0,1.0,0.0,1.0,Script18_MatchingBand_L2_BaselineStandardised,Script18_MatchingBand_L2_BaselineStandardised,True,False,Theta
POW_Band_MatchingBandBaselineStandardisedFlux,40,0.22222222222222224,2.259833634999996,1.3607463559999993,-0.8990872789999969,0.6321928095000005,0.7902410118999995,0.15804820239999906,6.842258312335358,4.969791671691253,-1.872466640644105,0.0,1.0,0.0,1.0,0.0,1.0,Script18_MatchingBand_L2_BaselineStandardised,Script18_MatchingBand_L2_BaselineStandardised,True,False,Theta
POW_Band_MatchingBandBaselineStandardisedFlux,41,0.22777777777777777,1.459536965,1.247556249,-0.211980716,0.7112169107,0.7112169107,0.0,6.62581305810161,4.230122284515584,-2.3956907735860256,0.0,1.0,0.0,1.0,0.0,1.0,Script18_MatchingBand_L2_BaselineStandardised,Script18_MatchingBand_L2_BaselineStandardised,True,False,Theta
POW_Band_MatchingBandBaselineStandardisedFlux,42,0.23333333333333334,1.396671708,1.745777082,0.3491053740000001,0.7112169107,0.5531687083,-0.15804820240000006,5.055046725082409,4.834202110035449,-0.2208446150469605,0.0,1.0,0.0,1.0,0.0,1.0,Script18_MatchingBand_L2_BaselineStandardised,Script18_MatchingBand_L2_BaselineStandardised,True,False,Theta
POW_Band_MatchingBandBaselineStandardisedFlux,43,0.2388888888888889,1.394492291,1.312579038,-0.08191325299999996,0.869265113,0.5531687083,-0.3160964047,5.756925319426992,5.017072038176206,-0.7398532812507863,0.0,1.0,0.0,1.0,0.0,1.0,Script18_MatchingBand_L2_BaselineStandardised,Script18_MatchingBand_L2_BaselineStandardised,True,False,Theta
POW_Band_MatchingBandBaselineStandardisedFlux,44,0.24444444444444446,2.344834416999999,1.4050955790000001,-0.9397388379999989,0.6321928094999996,0.5531687083000008,-0.07902410119999881,8.062685886711987,4.263567680599371,-3.7991182061126167,0.0,1.0,0.0,1.0,0.0,1.0,Script18_MatchingBand_L2_BaselineStandardised,Script18_MatchingBand_L2_BaselineStandardised,True,False,Theta
POW_Band_MatchingBandBaselineStandardisedFlux,45,0.25,2.137386664,1.454868061,-0.6825186030000001,0.5531687083,0.7112169107,0.15804820240000006,8.907726130936855,4.84298817822286,-4.064737952713995,0.0,1.0,0.0,1.0,0.0,1.0,Script18_MatchingBand_L2_BaselineStandardised,Script18_MatchingBand_L2_BaselineStandardised,True,False,Theta
POW_Band_MatchingBandBaselineStandardisedFlux,46,0.2555555555555556,2.543253760999999,1.360559719000004,-1.182694041999995,0.7112169106999977,0.7112169106999969,-7.771561172376096e-16,13.051889023675667,3.927609788681201,-9.124279234994466,0.0,1.0,0.0,1.0,0.0,1.0,Script18_MatchingBand_L2_BaselineStandardised,Script18_MatchingBand_L2_BaselineStandardised,True,False,Theta
POW_Band_MatchingBandBaselineStandardisedFlux,47,0.2611111111111111,2.437733183,1.751589657,-0.6861435260000002,0.4741446071,0.3951205059,-0.07902410120000003,10.634957754305965,5.918426065902363,-4.716531688403602,0.0,1.0,0.0,1.0,0.0,1.0,Script18_MatchingBand_L2_BaselineStandardised,Script18_MatchingBand_L2_BaselineStandardised,True,False,Theta
POW_Band_MatchingBandBaselineStandardisedFlux,48,0.26666666666666666,2.078897903,1.425941749,-0.6529561540000002,0.7112169107,0.6321928095,-0.07902410120000003,7.113555755085222,5.285792744452938,-1.8277630106322835,0.0,1.0,0.0,1.0,0.0,1.0,Script18_MatchingBand_L2_BaselineStandardised,Script18_MatchingBand_L2_BaselineStandardised,True,False,Theta
POW_Band_MatchingBandBaselineStandardisedFlux,49,0.27222222222222225,1.6587718860000067,1.4491403769999933,-0.20963150900001337,0.5531687083,0.6321928095000016,0.07902410120000158,6.642987206437475,3.551661015604453,-3.091326190833022,0.0,1.0,0.0,1.0,0.0,1.0,Script18_MatchingBand_L2_BaselineStandardised,Script18_MatchingBand_L2_BaselineStandardised,True,False,Theta
POW_Band_MatchingBandBaselineStandardisedFlux,50,0.2777777777777778,2.327613824,0.7849618352,-1.5426519888000003,0.5531687083,0.7902410119,0.23707230359999998,7.551225638620934,5.148302124933933,-2.4029235136870017,0.0,1.0,0.0,1.0,0.0,1.0,Script18_MatchingBand_L2_BaselineStandardised,Script18_MatchingBand_L2_BaselineStandardised,True,False,Theta
POW_Band_MatchingBandBaselineStandardisedFlux,51,0.2833333333333333,2.190896369,0.8841837198,-1.3067126491999999,0.6321928095,0.6321928095,0.0,8.647666550434437,4.343309838912533,-4.304356711521904,0.0,1.0,0.0,1.0,0.0,1.0,Script18_MatchingBand_L2_BaselineStandardised,Script18_MatchingBand_L2_BaselineStandardised,True,False,Theta
POW_Band_MatchingBandBaselineStandardisedFlux,52,0.2888888888888889,2.3858386379999965,1.3528704299999958,-1.0329682080000007,0.6321928095000016,0.7902410119000007,0.15804820239999917,7.4668391019165306,5.5097553745155485,-1.957083727400982,0.0,1.0,0.0,1.0,0.0,1.0,Script18_MatchingBand_L2_BaselineStandardised,Script18_MatchingBand_L2_BaselineStandardised,True,False,Theta
POW_Band_MatchingBandBaselineStandardisedFlux,53,0.29444444444444445,2.00850912,0.9219280949,-1.0865810250999997,0.7902410119,0.869265113,0.07902410110000002,6.371212724121468,5.131233532583877,-1.239979191537591,0.0,1.0,0.0,1.0,0.0,1.0,Script18_MatchingBand_L2_BaselineStandardised,Script18_MatchingBand_L2_BaselineStandardised,True,False,Theta
POW_Band_MatchingBandBaselineStandardisedFlux,54,0.3,1.897932381,1.190280348,-0.707652033,0.6321928095,0.7902410119,0.15804820239999995,5.93016220623516,3.6291701459371515,-2.3009920602980083,0.0,1.0,0.0,1.0,0.0,1.0,Script18_MatchingBand_L2_BaselineStandardised,Script18_MatchingBand_L2_BaselineStandardised,True,False,Theta
POW_Band_MatchingBandBaselineStandardisedFlux,55,0.3055555555555556,2.908923471,1.247556249,-1.661367222,0.5531687083,0.5531687083,0.0,14.894860674106738,5.604778990004382,-9.290081684102356,0.0,1.0,0.0,1.0,0.0,1.0,Script18_MatchingBand_L2_BaselineStandardised,Script18_MatchingBand_L2_BaselineStandardised,True,False,Theta
POW_Band_MatchingBandBaselineStandardisedFlux,56,0.3111111111111111,2.334820285,2.133382901,-0.2014373840000001,0.5531687083,0.6321928095,0.07902410120000003,7.721580302531567,7.191915105994045,-0.5296651965375219,0.0,1.0,0.0,1.0,0.0,1.0,Script18_MatchingBand_L2_BaselineStandardised,Script18_MatchingBand_L2_BaselineStandardised,True,False,Theta
POW_Band_MatchingBandBaselineStandardisedFlux,57,0.31666666666666665,1.829489864,1.456431622,-0.37305824199999993,0.5531687083,0.869265113,0.3160964047,7.696962475504918,4.452580646911324,-3.2443818285935944,0.0,1.0,0.0,1.0,0.0,1.0,Script18_MatchingBand_L2_BaselineStandardised,Script18_MatchingBand_L2_BaselineStandardised,True,False,Theta
POW_Band_MatchingBandBaselineStandardisedFlux,58,0.32222222222222224,1.881112099,1.575038926,-0.30607317300000014,0.7112169107,0.4741446071,-0.23707230360000003,5.43162032038106,6.040427382899157,0.608807062518097,0.0,1.0,0.0,1.0,0.0,1.0,Script18_MatchingBand_L2_BaselineStandardised,Script18_MatchingBand_L2_BaselineStandardised,True,False,Theta
POW_Band_MatchingBandBaselineStandardisedFlux,59,0.3277777777777778,1.780283752,0.992774454,-0.7875092980000001,0.5531687083,0.7112169107,0.15804820240000006,6.5560101357727465,4.868886917868537,-1.68712321790421,0.0,1.0,0.0,1.0,0.0,1.0,Script18_MatchingBand_L2_BaselineStandardised,Script18_MatchingBand_L2_BaselineStandardised,True,False,Theta
POW_Band_MatchingBandBaselineStandardisedFlux,60,0.33333333333333337,1.900665112000009,1.4019960330000012,-0.4986690790000079,0.6321928095,0.7112169106999993,0.07902410119999925,4.862669406191221,4.7284501380795065,-0.13421926811171403,0.0,1.0,0.0,1.0,0.0,1.0,Script18_MatchingBand_L2_BaselineStandardised,Script18_MatchingBand_L2_BaselineStandardised,True,False,Theta
POW_Band_MatchingBandBaselineStandardisedFlux,61,0.3388888888888889,2.821919278,1.508573534,-1.3133457440000003,0.6321928095,0.6321928095,0.0,12.603055485091769,5.715688117604094,-6.887367367487675,0.0,1.0,0.0,1.0,0.0,1.0,Script18_MatchingBand_L2_BaselineStandardised,Script18_MatchingBand_L2_BaselineStandardised,True,False,Theta
POW_Band_MatchingBandBaselineStandardisedFlux,62,0.34444444444444444,2.375933832,1.659517637,-0.7164161949999999,0.6321928095,0.5531687083,-0.07902410120000003,7.590378526661029,6.543268822193133,-1.0471097044678954,0.0,1.0,0.0,1.0,0.0,1.0,Script18_MatchingBand_L2_BaselineStandardised,Script18_MatchingBand_L2_BaselineStandardised,True,False,Theta
POW_Band_MatchingBandBaselineStandardisedFlux,63,0.35000000000000003,2.184058466000003,1.568156621999998,-0.6159018440000048,0.5531687083000008,0.7112169106999993,0.1580482023999985,6.6789297910125764,5.688360140720582,-0.9905696502919943,0.0,1.0,0.0,1.0,0.0,1.0,Script18_MatchingBand_L2_BaselineStandardised,Script18_MatchingBand_L2_BaselineStandardised,True,False,Theta
POW_Band_MatchingBandBaselineStandardisedFlux,64,0.35555555555555557,2.450151304,1.376356784,-1.0737945199999999,0.6321928095,0.6321928095,0.0,8.273375205917585,5.609547432590244,-2.663827773327341,0.0,1.0,0.0,1.0,0.0,1.0,Script18_MatchingBand_L2_BaselineStandardised,Script18_MatchingBand_L2_BaselineStandardised,True,False,Theta
POW_Band_MatchingBandBaselineStandardisedFlux,65,0.3611111111111111,2.016189799,0.9861105511,-1.0300792479000003,0.4741446071,0.7112169107,0.23707230360000003,9.733790791196203,5.829142888126242,-3.904647903069961,0.0,1.0,0.0,1.0,0.0,1.0,Script18_MatchingBand_L2_BaselineStandardised,Script18_MatchingBand_L2_BaselineStandardised,True,False,Theta
POW_Band_MatchingBandBaselineStandardisedFlux,66,0.3666666666666667,2.1180280799999975,1.2999580580000083,-0.8180700219999892,0.7112169106999985,0.7112169106999993,7.771561172376096e-16,8.423020632915495,5.633398174446763,-2.789622458468732,0.0,1.0,0.0,1.0,0.0,1.0,Script18_MatchingBand_L2_BaselineStandardised,Script18_MatchingBand_L2_BaselineStandardised,True,False,Theta
POW_Band_MatchingBandBaselineStandardisedFlux,67,0.37222222222222223,1.862661281,2.120066443,0.25740516199999974,0.5531687083,0.6321928095,0.07902410120000003,7.022491903766785,7.293280104177754,0.2707882004109692,0.0,1.0,0.0,1.0,0.0,1.0,Script18_MatchingBand_L2_BaselineStandardised,Script18_MatchingBand_L2_BaselineStandardised,True,False,Theta
POW_Band_MatchingBandBaselineStandardisedFlux,68,0.37777777777777777,2.297076316,1.309963344,-0.987112972,0.6321928095,0.7112169107,0.07902410120000003,7.355974015484994,5.824299760612463,-1.5316742548725317,0.0,1.0,0.0,1.0,0.0,1.0,Script18_MatchingBand_L2_BaselineStandardised,Script18_MatchingBand_L2_BaselineStandardised,True,False,Theta
POW_Band_MatchingBandBaselineStandardisedFlux,69,0.38333333333333336,2.148589811,1.573330641,-0.5752591699999998,0.5531687083,0.6321928095,0.07902410120000003,8.17696328673533,5.5825008979028174,-2.594462388832512,0.0,1.0,0.0,1.0,0.0,1.0,Script18_MatchingBand_L2_BaselineStandardised,Script18_MatchingBand_L2_BaselineStandardised,True,False,Theta
POW_Band_MatchingBandBaselineStandardisedFlux,70,0.3888888888888889,1.744859273,1.727262624,-0.01759664900000013,0.3951205059,0.6321928095,0.23707230360000003,6.511895271105584,6.5808729873030085,0.06897771619742432,0.0,1.0,0.0,1.0,0.0,1.0,Script18_MatchingBand_L2_BaselineStandardised,Script18_MatchingBand_L2_BaselineStandardised,True,False,Theta
POW_Band_MatchingBandBaselineStandardisedFlux,71,0.3944444444444445,2.4357200559999925,1.8179932059999995,-0.617726849999993,0.5531687083000031,0.5531687082999992,-3.885780586188048e-15,6.133034637418065,6.980257049671822,0.8472224122537568,0.0,1.0,0.0,1.0,0.0,1.0,Script18_MatchingBand_L2_BaselineStandardised,Script18_MatchingBand_L2_BaselineStandardised,True,False,Theta
POW_Band_MatchingBandBaselineStandardisedFlux,72,0.4,1.70147389,1.774636186,0.07316229600000002,0.869265113,0.4741446071,-0.3951205059,9.126684433284723,5.235085972603987,-3.8915984606807354,0.0,1.0,0.0,1.0,0.0,1.0,Script18_MatchingBand_L2_BaselineStandardised,Script18_MatchingBand_L2_BaselineStandardised,True,False,Theta
POW_Band_MatchingBandBaselineStandardisedFlux,73,0.40555555555555556,2.098365128,1.121906486,-0.9764586420000001,0.6321928095,0.7112169107,0.07902410120000003,7.054640978396193,4.473700857280365,-2.5809401211158285,0.0,1.0,0.0,1.0,0.0,1.0,Script18_MatchingBand_L2_BaselineStandardised,Script18_MatchingBand_L2_BaselineStandardised,True,False,Theta
POW_Band_MatchingBandBaselineStandardisedFlux,74,0.41111111111111115,2.602371424999995,1.3698227540000008,-1.2325486709999942,0.5531687083000008,0.7112169107000008,0.15804820240000006,10.132327450868472,5.560749942146259,-4.571577508722212,0.0,1.0,0.0,1.0,0.0,1.0,Script18_MatchingBand_L2_BaselineStandardised,Script18_MatchingBand_L2_BaselineStandardised,True,False,Theta
POW_Band_MatchingBandBaselineStandardisedFlux,75,0.4166666666666667,2.108978691,1.438758681,-0.67022001,0.6321928095,0.7902410119,0.15804820239999995,5.791526070525077,6.308986986550588,0.5174609160255113,0.0,1.0,0.0,1.0,0.0,1.0,Script18_MatchingBand_L2_BaselineStandardised,Script18_MatchingBand_L2_BaselineStandardised,True,False,Theta
POW_Band_MatchingBandBaselineStandardisedFlux,76,0.4222222222222222,1.69062677,0.7624671354,-0.9281596346,0.6321928095,0.5531687083,-0.07902410120000003,6.597941410388692,4.9712461016458285,-1.626695308742864,0.0,1.0,0.0,1.0,0.0,1.0,Script18_MatchingBand_L2_BaselineStandardised,Script18_MatchingBand_L2_BaselineStandardised,True,False,Theta
POW_Band_MatchingBandBaselineStandardisedFlux,77,0.4277777777777778,2.718578040999993,1.7290669329999993,-0.9895111079999939,0.6321928095000008,0.6321928094999985,-2.3314683517128287e-15,14.859140022118455,5.930585093987699,-8.928554928130755,0.0,1.0,0.0,1.0,0.0,1.0,Script18_MatchingBand_L2_BaselineStandardised,Script18_MatchingBand_L2_BaselineStandardised,True,False,Theta
POW_Band_MatchingBandBaselineStandardisedFlux,78,0.43333333333333335,2.04922588,1.672112679,-0.3771132009999998,0.7112169107,0.4741446071,-0.23707230360000003,10.634789654862,6.8672257760746085,-3.767563878787392,0.0,1.0,0.0,1.0,0.0,1.0,Script18_MatchingBand_L2_BaselineStandardised,Script18_MatchingBand_L2_BaselineStandardised,True,False,Theta
POW_Band_MatchingBandBaselineStandardisedFlux,79,0.4388888888888889,2.191551033,1.684293052,-0.5072579810000002,0.7112169107,0.6321928095,-0.07902410120000003,5.412983778987211,4.936733824577104,-0.47624995441010753,0.0,1.0,0.0,1.0,0.0,1.0,Script18_MatchingBand_L2_BaselineStandardised,Script18_MatchingBand_L2_BaselineStandardised,True,False,Theta
POW_Band_MatchingBandBaselineStandardisedFlux,80,0.4444444444444445,2.0256121560000064,1.771593925000003,-0.2540182310000034,0.5531687083000015,0.5531687083000008,-7.771561172376096e-16,6.143451389192292,6.593181409323543,0.4497300201312502,0.0,1.0,0.0,1.0,0.0,1.0,Script18_MatchingBand_L2_BaselineStandardised,Script18_MatchingBand_L2_BaselineStandardised,True,False,Theta
POW_Band_MatchingBandBaselineStandardisedFlux,81,0.45,2.628365944,2.086218433,-0.542147511,0.7112169107,0.6321928095,-0.07902410120000003,11.78037885492155,6.304461574498156,-5.475917280423394,0.0,1.0,0.0,1.0,0.0,1.0,Script18_MatchingBand_L2_BaselineStandardised,Script18_MatchingBand_L2_BaselineStandardised,True,False,Theta
POW_Band_MatchingBandBaselineStandardisedFlux,82,0.45555555555555555,2.569606899,1.958267881,-0.611339018,0.6321928095,0.5531687083,-0.07902410120000003,12.530004964013838,5.314117383279852,-7.215887580733986,0.0,1.0,0.0,1.0,0.0,1.0,Script18_MatchingBand_L2_BaselineStandardised,Script18_MatchingBand_L2_BaselineStandardised,True,False,Theta
POW_Band_MatchingBandBaselineStandardisedFlux,83,0.46111111111111114,2.211391904,1.571900989,-0.6394909150000001,0.7112169107,0.7112169107,0.0,9.031545587216522,6.100593427996204,-2.9309521592203183,0.0,1.0,0.0,1.0,0.0,1.0,Script18_MatchingBand_L2_BaselineStandardised,Script18_MatchingBand_L2_BaselineStandardised,True,False,Theta
POW_Band_MatchingBandBaselineStandardisedFlux,84,0.4666666666666667,1.885126546,1.324610668,-0.5605158779999999,0.5531687083,0.869265113,0.3160964047,6.786972528762469,4.934119716154916,-1.8528528126075532,0.0,1.0,0.0,1.0,0.0,1.0,Script18_MatchingBand_L2_BaselineStandardised,Script18_MatchingBand_L2_BaselineStandardised,True,False,Theta
POW_Band_MatchingBandBaselineStandardisedFlux,85,0.47222222222222227,1.6852040840000067,1.9011715689999966,0.21596748499998997,0.6321928095,0.7902410118999968,0.15804820239999684,8.591548474873651,6.625469798020203,-1.9660786768534484,0.0,1.0,0.0,1.0,0.0,1.0,Script18_MatchingBand_L2_BaselineStandardised,Script18_MatchingBand_L2_BaselineStandardised,True,False,Theta
POW_Band_MatchingBandBaselineStandardisedFlux,86,0.4777777777777778,2.347451287,1.573596136,-0.7738551510000002,0.6321928095,0.4741446071,-0.1580482024,6.154739407826449,5.2707611523047495,-0.8839782555216997,0.0,1.0,0.0,1.0,0.0,1.0,Script18_MatchingBand_L2_BaselineStandardised,Script18_MatchingBand_L2_BaselineStandardised,True,False,Theta
POW_Band_MatchingBandBaselineStandardisedFlux,87,0.48333333333333334,2.271027511,1.569228937,-0.7017985740000001,0.7112169107,0.5531687083,-0.15804820240000006,8.44298541994192,5.586142527623721,-2.8568428923181983,0.0,1.0,0.0,1.0,0.0,1.0,Script18_MatchingBand_L2_BaselineStandardised,Script18_MatchingBand_L2_BaselineStandardised,True,False,Theta
POW_Band_MatchingBandBaselineStandardisedFlux,88,0.48888888888888893,2.0596528480000025,2.022957296999994,-0.03669555100000865,0.6321928095000016,0.7112169107,0.07902410119999848,7.85509751999511,6.754148316361099,-1.100949203634011,0.0,1.0,0.0,1.0,0.0,1.0,Script18_MatchingBand_L2_BaselineStandardised,Script18_MatchingBand_L2_BaselineStandardised,True,False,Theta
POW_Band_MatchingBandBaselineStandardisedFlux,89,0.49444444444444446,2.31906751,1.385337689,-0.933729821,0.7902410119,0.7112169107,-0.07902410119999992,8.944635377092867,7.739076495659934,-1.2055588814329328,0.0,1.0,0.0,1.0,0.0,1.0,Script18_MatchingBand_L2_BaselineStandardised,Script18_MatchingBand_L2_BaselineStandardised,True,False,Theta
POW_Band_MatchingBandBaselineStandardisedFlux,90,0.5,2.078204384,1.74014698,-0.3380574040000002,0.6321928095,0.4741446071,-0.1580482024,6.43124601541105,6.701250930505674,0.2700049150946242,0.0,1.0,0.0,1.0,0.0,1.0,Script18_MatchingBand_L2_BaselineStandardised,Script18_MatchingBand_L2_BaselineStandardised,True,False,Theta
POW_Band_MatchingBandBaselineStandardisedFlux,91,0.5055555555555555,2.665645193,1.568135303,-1.09750989,0.4741446071,0.6321928095,0.1580482024,10.067011849113964,4.716789076067942,-5.350222773046022,0.0,1.0,0.0,1.0,0.0,1.0,Script18_MatchingBand_L2_BaselineStandardised,Script18_MatchingBand_L2_BaselineStandardised,True,False,Theta
POW_Band_MatchingBandBaselineStandardisedFlux,92,0.5111111111111112,2.138902661999997,1.825959206999992,-0.312943455000005,0.7112169106999985,0.7112169107000031,4.6629367034256575e-15,7.706666122585203,6.55724688695037,-1.1494192356348325,0.0,1.0,0.0,1.0,0.0,1.0,Script18_MatchingBand_L2_BaselineStandardised,Script18_MatchingBand_L2_BaselineStandardised,True,False,Theta
POW_Band_MatchingBandBaselineStandardisedFlux,93,0.5166666666666667,1.977279866,1.424939106,-0.5523407599999999,0.6321928095,0.869265113,0.23707230349999997,8.925240338130704,7.609840740947172,-1.3153995971835322,0.0,1.0,0.0,1.0,0.0,1.0,Script18_MatchingBand_L2_BaselineStandardised,Script18_MatchingBand_L2_BaselineStandardised,True,False,Theta
POW_Band_MatchingBandBaselineStandardisedFlux,94,0.5222222222222223,2.086126417,2.071086352,-0.015040064999999991,0.4741446071,0.5531687083,0.07902410119999997,9.768464986702838,8.22774554088917,-1.540719445813668,0.0,1.0,0.0,1.0,0.0,1.0,Script18_MatchingBand_L2_BaselineStandardised,Script18_MatchingBand_L2_BaselineStandardised,True,False,Theta
POW_Band_MatchingBandBaselineStandardisedFlux,95,0.5277777777777778,1.769452977,1.860413839,0.09096086199999998,0.4741446071,0.7112169107,0.23707230360000003,6.294520040069354,5.219093706041281,-1.075426334028073,0.0,1.0,0.0,1.0,0.0,1.0,Script18_MatchingBand_L2_BaselineStandardised,Script18_MatchingBand_L2_BaselineStandardised,True,False,Theta
POW_Band_MatchingBandBaselineStandardisedFlux,96,0.5333333333333333,1.949913445,2.604853346,0.6549399010000001,0.869265113,0.6321928095,-0.23707230349999997,6.96174368977095,9.682717290189558,2.720973600418608,0.0,1.0,0.0,1.0,0.0,1.0,Script18_MatchingBand_L2_BaselineStandardised,Script18_MatchingBand_L2_BaselineStandardised,True,False,Theta
POW_Band_MatchingBandBaselineStandardisedFlux,97,0.5388888888888889,1.521382353,1.704791757,0.18340940400000005,0.6321928095,0.5531687083,-0.07902410120000003,6.413389845122827,6.6727888442247085,0.25939899910188124,0.0,1.0,0.0,1.0,0.0,1.0,Script18_MatchingBand_L2_BaselineStandardised,Script18_MatchingBand_L2_BaselineStandardised,True,False,Theta
POW_Band_MatchingBandBaselineStandardisedFlux,98,0.5444444444444445,1.8814579950000023,1.8522819869999936,-0.029176008000008746,0.7112169106999969,0.5531687083000015,-0.1580482023999954,7.252579369820627,7.329357343031716,0.07677797321108848,0.0,1.0,0.0,1.0,0.0,1.0,Script18_MatchingBand_L2_BaselineStandardised,Script18_MatchingBand_L2_BaselineStandardised,True,False,Theta
POW_Band_MatchingBandBaselineStandardisedFlux,99,0.55,1.989886694,1.534087077,-0.45579961700000005,0.5531687083,0.6321928095,0.07902410120000003,7.660878340970435,5.061979749082177,-2.5988985918882586,0.0,1.0,0.0,1.0,0.0,1.0,Script18_MatchingBand_L2_BaselineStandardised,Script18_MatchingBand_L2_BaselineStandardised,True,False,Theta
POW_Band_MatchingBandBaselineStandardisedFlux,100,0.5555555555555556,2.726361456,1.305680826,-1.4206806299999999,0.5531687083,0.5531687083,0.0,10.110469118819335,5.831283415419923,-4.279185703399412,0.0,1.0,0.0,1.0,0.0,1.0,Script18_MatchingBand_L2_BaselineStandardised,Script18_MatchingBand_L2_BaselineStandardised,True,False,Theta
POW_Band_MatchingBandBaselineStandardisedFlux,101,0.5611111111111111,2.049097732,1.751677336,-0.2974203959999999,0.5531687083,0.7112169107,0.15804820240000006,8.229304868362213,5.855737027186092,-2.373567841176121,0.0,1.0,0.0,1.0,0.0,1.0,Script18_MatchingBand_L2_BaselineStandardised,Script18_MatchingBand_L2_BaselineStandardised,True,False,Theta
POW_Band_MatchingBandBaselineStandardisedFlux,102,0.5666666666666667,2.212921921,1.905424412,-0.30749750900000006,0.7112169107,0.6321928095,-0.07902410120000003,8.646563062369257,7.753084573042715,-0.893478489326542,0.0,1.0,0.0,1.0,0.0,1.0,Script18_MatchingBand_L2_BaselineStandardised,Script18_MatchingBand_L2_BaselineStandardised,True,False,Theta
POW_Band_MatchingBandBaselineStandardisedFlux,103,0.5722222222222223,2.2767144590000106,1.8498718029999988,-0.4268426560000118,0.5531687083,0.5531687082999969,-3.1086244689504383e-15,5.895212022700307,6.699833303422433,0.8046212807221256,0.0,1.0,0.0,1.0,0.0,1.0,Script18_MatchingBand_L2_BaselineStandardised,Script18_MatchingBand_L2_BaselineStandardised,True,False,Theta
POW_Band_MatchingBandBaselineStandardisedFlux,104,0.5777777777777778,2.8177549089999796,1.7816008489999935,-1.036154059999986,0.5531687083,0.39512050590000314,-0.15804820239999684,7.97392868276267,5.994730325113896,-1.979198357648774,0.0,1.0,0.0,1.0,0.0,1.0,Script18_MatchingBand_L2_BaselineStandardised,Script18_MatchingBand_L2_BaselineStandardised,True,False,Theta
POW_Band_MatchingBandBaselineStandardisedFlux,105,0.5833333333333334,1.804653191,1.456407448,-0.3482457430000001,0.5531687083,0.5531687083,0.0,8.346017323766242,6.880797256147897,-1.4652200676183451,0.0,1.0,0.0,1.0,0.0,1.0,Script18_MatchingBand_L2_BaselineStandardised,Script18_MatchingBand_L2_BaselineStandardised,True,False,Theta
POW_Band_MatchingBandBaselineStandardisedFlux,106,0.5888888888888889,2.317723096,2.050352438,-0.26737065799999993,0.5531687083,0.6321928095,0.07902410120000003,6.361386335927135,6.475366160782364,0.11397982485522817,0.0,1.0,0.0,1.0,0.0,1.0,Script18_MatchingBand_L2_BaselineStandardised,Script18_MatchingBand_L2_BaselineStandardised,True,False,Theta
POW_Band_MatchingBandBaselineStandardisedFlux,107,0.5944444444444444,2.31618008,2.15930251,-0.15687757000000024,0.7112169107,0.5531687083,-0.15804820240000006,7.926887750381939,9.09288525313881,1.1659975027568716,0.0,1.0,0.0,1.0,0.0,1.0,Script18_MatchingBand_L2_BaselineStandardised,Script18_MatchingBand_L2_BaselineStandardised,True,False,Theta
POW_Band_MatchingBandBaselineStandardisedFlux,108,0.6,2.421957521,1.856503428,-0.565454093,0.7112169107,0.6321928095,-0.07902410120000003,10.924307351469425,5.485911464269208,-5.438395887200217,0.0,1.0,0.0,1.0,0.0,1.0,Script18_MatchingBand_L2_BaselineStandardised,Script18_MatchingBand_L2_BaselineStandardised,True,False,Theta
POW_Band_MatchingBandBaselineStandardisedFlux,109,0.6055555555555556,1.7694529769999996,1.5584349329999996,-0.21101804400000002,0.7112169107,0.7112169107,0.0,9.87757352135673,7.023039523742526,-2.8545339976142046,0.0,1.0,0.0,1.0,0.0,1.0,Script18_MatchingBand_L2_BaselineStandardised,Script18_MatchingBand_L2_BaselineStandardised,True,False,Theta
POW_Band_MatchingBandBaselineStandardisedFlux,110,0.6111111111111112,1.745560462,1.538148813,-0.20741164899999998,0.7112169107,0.7112169107,0.0,6.865697296595483,6.497638942215852,-0.36805835437963097,0.0,1.0,0.0,1.0,0.0,1.0,Script18_MatchingBand_L2_BaselineStandardised,Script18_MatchingBand_L2_BaselineStandardised,True,False,Theta
POW_Band_MatchingBandBaselineStandardisedFlux,111,0.6166666666666667,2.165752113,2.108107039,-0.05764507399999985,0.5531687083,0.4741446071,-0.07902410119999997,8.880003308508009,8.917148693852234,0.037145385344224735,0.0,1.0,0.0,1.0,0.0,1.0,Script18_MatchingBand_L2_BaselineStandardised,Script18_MatchingBand_L2_BaselineStandardised,True,False,Theta
POW_Band_MatchingBandBaselineStandardisedFlux,112,0.6222222222222222,2.517685649,1.807881422,-0.7098042270000002,0.3160964047,0.6321928095,0.3160964048,6.6092488609691555,6.390572288490917,-0.21867657247823846,0.0,1.0,0.0,1.0,0.0,1.0,Script18_MatchingBand_L2_BaselineStandardised,Script18_MatchingBand_L2_BaselineStandardised,True,False,Theta
POW_Band_MatchingBandBaselineStandardisedFlux,113,0.6277777777777778,1.803673129,1.868462068,0.06478893899999982,0.7902410119,0.7112169107,-0.07902410119999992,7.580598343935977,7.022412376217587,-0.5581859677183898,0.0,1.0,0.0,1.0,0.0,1.0,Script18_MatchingBand_L2_BaselineStandardised,Script18_MatchingBand_L2_BaselineStandardised,True,False,Theta
POW_Band_MatchingBandBaselineStandardisedFlux,114,0.6333333333333333,2.003024723,1.71495112,-0.28807360299999973,0.7112169107,0.6321928095,-0.07902410120000003,7.001093741168898,6.909219166017828,-0.09187457515106967,0.0,1.0,0.0,1.0,0.0,1.0,Script18_MatchingBand_L2_BaselineStandardised,Script18_MatchingBand_L2_BaselineStandardised,True,False,Theta
POW_Band_MatchingBandBaselineStandardisedFlux,115,0.638888888888889,2.092877710999998,2.170915281999992,0.07803757099999409,0.6321928095000016,0.7112169106999985,0.07902410119999692,11.423563571315784,7.993859449628408,-3.429704121687376,0.0,1.0,0.0,1.0,0.0,1.0,Script18_MatchingBand_L2_BaselineStandardised,Script18_MatchingBand_L2_BaselineStandardised,True,False,Theta
POW_Band_MatchingBandBaselineStandardisedFlux,116,0.6444444444444445,1.996896001,1.761395316,-0.2355006850000001,0.7112169107,0.6321928095,-0.07902410120000003,8.477381206757357,6.034794912108543,-2.442586294648814,0.0,1.0,0.0,1.0,0.0,1.0,Script18_MatchingBand_L2_BaselineStandardised,Script18_MatchingBand_L2_BaselineStandardised,True,False,Theta
POW_Band_MatchingBandBaselineStandardisedFlux,117,0.65,2.404926482,1.583139826,-0.821786656,0.6321928095,0.7112169107,0.07902410120000003,11.857001811112776,7.364439903212586,-4.49256190790019,0.0,1.0,0.0,1.0,0.0,1.0,Script18_MatchingBand_L2_BaselineStandardised,Script18_MatchingBand_L2_BaselineStandardised,True,False,Theta
POW_Band_MatchingBandBaselineStandardisedFlux,118,0.6555555555555556,2.104183841,1.204048162,-0.9001356790000001,0.4741446071,0.6321928095,0.1580482024,5.122492575748833,6.526852125509311,1.4043595497604784,0.0,1.0,0.0,1.0,0.0,1.0,Script18_MatchingBand_L2_BaselineStandardised,Script18_MatchingBand_L2_BaselineStandardised,True,False,Theta
POW_Band_MatchingBandBaselineStandardisedFlux,119,0.6611111111111111,2.724799293,1.763949039,-0.9608502539999997,0.4741446071,0.4741446071,0.0,9.42367303549566,5.8685424372460755,-3.555130598249585,0.0,1.0,0.0,1.0,0.0,1.0,Script18_MatchingBand_L2_BaselineStandardised,Script18_MatchingBand_L2_BaselineStandardised,True,False,Theta
POW_Band_MatchingBandBaselineStandardisedFlux,120,0.6666666666666667,1.5219280950000198,1.5626834809999948,0.04075538599997497,0.7112169106999937,0.6321928095000031,-0.07902410119999059,7.073121968493573,5.457327566407573,-1.6157944020860002,0.0,1.0,0.0,1.0,0.0,1.0,Script18_MatchingBand_L2_BaselineStandardised,Script18_MatchingBand_L2_BaselineStandardised,True,False,Theta
POW_Band_MatchingBandBaselineStandardisedFlux,121,0.6722222222222223,2.507710995,1.29708926,-1.2106217350000001,0.3951205059,0.7902410119,0.395120506,7.660397078318227,6.862735831731791,-0.7976612465864363,0.0,1.0,0.0,1.0,0.0,1.0,Script18_MatchingBand_L2_BaselineStandardised,Script18_MatchingBand_L2_BaselineStandardised,True,False,Theta
POW_Band_MatchingBandBaselineStandardisedFlux,122,0.6777777777777778,2.388663954,1.688178392,-0.7004855620000001,0.7112169107,0.4741446071,-0.23707230360000003,10.347967162805354,7.2669691642141085,-3.0809979985912452,0.0,1.0,0.0,1.0,0.0,1.0,Script18_MatchingBand_L2_BaselineStandardised,Script18_MatchingBand_L2_BaselineStandardised,True,False,Theta
POW_Band_MatchingBandBaselineStandardisedFlux,123,0.6833333333333333,2.110112511,1.787369404,-0.322743107,0.5531687083,0.6321928095,0.07902410120000003,6.895094459355642,7.367480897144524,0.4723864377888818,0.0,1.0,0.0,1.0,0.0,1.0,Script18_MatchingBand_L2_BaselineStandardised,Script18_MatchingBand_L2_BaselineStandardised,True,False,Theta
POW_Band_MatchingBandBaselineStandardisedFlux,124,0.6888888888888889,1.50666407,1.834798044,0.328133974,0.4741446071,0.5531687083,0.07902410119999997,5.983940473721324,7.242731364036162,1.2587908903148382,0.0,1.0,0.0,1.0,0.0,1.0,Script18_MatchingBand_L2_BaselineStandardised,Script18_MatchingBand_L2_BaselineStandardised,True,False,Theta
POW_Band_MatchingBandBaselineStandardisedFlux,125,0.6944444444444444,2.202265522,1.366120004,-0.8361455179999997,0.5531687083,0.7112169107,0.15804820240000006,6.453148937008896,3.7994736666518167,-2.653675270357079,0.0,1.0,0.0,1.0,0.0,1.0,Script18_MatchingBand_L2_BaselineStandardised,Script18_MatchingBand_L2_BaselineStandardised,True,False,Theta
POW_Band_MatchingBandBaselineStandardisedFlux,126,0.7000000000000001,3.1127850189999937,1.0140976560000023,-2.0986873629999914,0.7112169106999969,0.9482892141999937,0.23707230349999675,16.2672069090061,5.196972122968913,-11.070234786037187,0.0,1.0,0.0,1.0,0.0,1.0,Script18_MatchingBand_L2_BaselineStandardised,Script18_MatchingBand_L2_BaselineStandardised,True,False,Theta
POW_Band_MatchingBandBaselineStandardisedFlux,127,0.7055555555555556,2.805039799,1.139495197,-1.6655446019999998,0.5531687083,0.6321928095,0.07902410120000003,8.382355878171083,5.526089490880804,-2.8562663872902787,0.0,1.0,0.0,1.0,0.0,1.0,Script18_MatchingBand_L2_BaselineStandardised,Script18_MatchingBand_L2_BaselineStandardised,True,False,Theta
POW_Band_MatchingBandBaselineStandardisedFlux,128,0.7111111111111111,2.142166929,1.685010258,-0.4571566710000001,0.4741446071,0.7112169107,0.23707230360000003,6.8204186524621395,5.7749277162325505,-1.045490936229589,0.0,1.0,0.0,1.0,0.0,1.0,Script18_MatchingBand_L2_BaselineStandardised,Script18_MatchingBand_L2_BaselineStandardised,True,False,Theta
POW_Band_MatchingBandBaselineStandardisedFlux,129,0.7166666666666667,2.225112863,1.422736567,-0.802376296,0.5531687083,0.7112169107,0.15804820240000006,9.062233107800775,7.389842863394653,-1.672390244406122,0.0,1.0,0.0,1.0,0.0,1.0,Script18_MatchingBand_L2_BaselineStandardised,Script18_MatchingBand_L2_BaselineStandardised,True,False,Theta
POW_Band_MatchingBandBaselineStandardisedFlux,130,0.7222222222222222,2.606351331,2.051714459,-0.5546368720000001,0.7112169107,0.5531687083,-0.15804820240000006,9.134742687930771,7.886679520215262,-1.2480631677155092,0.0,1.0,0.0,1.0,0.0,1.0,Script18_MatchingBand_L2_BaselineStandardised,Script18_MatchingBand_L2_BaselineStandardised,True,False,Theta
POW_Band_MatchingBandBaselineStandardisedFlux,131,0.7277777777777779,2.349322600999976,2.1205269779999933,-0.22879562299998257,0.39512050590000786,0.5531687083000048,0.1580482023999969,8.469229346853112,7.5830067604282,-0.8862225864249123,0.0,1.0,0.0,1.0,0.0,1.0,Script18_MatchingBand_L2_BaselineStandardised,Script18_MatchingBand_L2_BaselineStandardised,True,False,Theta
POW_Band_MatchingBandBaselineStandardisedFlux,132,0.7333333333333334,1.1430902860000018,1.7900283680000069,0.646938082000005,0.7902410118999984,0.7902410118999952,-3.219646771412954e-15,5.586098550218953,9.874823833631172,4.288725283412219,0.0,1.0,0.0,1.0,0.0,1.0,Script18_MatchingBand_L2_BaselineStandardised,Script18_MatchingBand_L2_BaselineStandardised,True,False,Theta
POW_Band_MatchingBandBaselineStandardisedFlux,133,0.7388888888888889,1.234736123,2.129287752,0.8945516290000002,0.7112169107,0.5531687083,-0.15804820240000006,5.946087083438894,6.249129937399676,0.3030428539607817,0.0,1.0,0.0,1.0,0.0,1.0,Script18_MatchingBand_L2_BaselineStandardised,Script18_MatchingBand_L2_BaselineStandardised,True,False,Theta
POW_Band_MatchingBandBaselineStandardisedFlux,134,0.7444444444444445,2.400096803,2.086663459,-0.3134333439999999,0.5531687083,0.7902410119,0.23707230359999998,7.804189179488571,7.742887601717265,-0.06130157777130574,0.0,1.0,0.0,1.0,0.0,1.0,Script18_MatchingBand_L2_BaselineStandardised,Script18_MatchingBand_L2_BaselineStandardised,True,False,Theta
POW_Band_MatchingBandBaselineStandardisedFlux,135,0.75,2.887791377,1.462379031,-1.425412346,0.3160964047,0.7902410119,0.47414460719999996,7.017972795070479,4.35184477718863,-2.6661280178818494,0.0,1.0,0.0,1.0,0.0,1.0,Script18_MatchingBand_L2_BaselineStandardised,Script18_MatchingBand_L2_BaselineStandardised,True,False,Theta
POW_Band_MatchingBandBaselineStandardisedFlux,136,0.7555555555555555,2.838050401,1.603049658,-1.2350007429999998,0.7902410119,0.869265113,0.07902410110000002,11.172845003163726,6.607276910751165,-4.565568092412561,0.0,1.0,0.0,1.0,0.0,1.0,Script18_MatchingBand_L2_BaselineStandardised,Script18_MatchingBand_L2_BaselineStandardised,True,False,Theta
POW_Band_MatchingBandBaselineStandardisedFlux,137,0.7611111111111112,3.4315857859999817,2.0639040559999913,-1.3676817299999904,0.7112169107,0.7112169106999985,-1.5543122344752192e-15,17.610767474789697,10.76728331857698,-6.843484156212716,0.0,1.0,0.0,1.0,0.0,1.0,Script18_MatchingBand_L2_BaselineStandardised,Script18_MatchingBand_L2_BaselineStandardised,True,False,Theta
POW_Band_MatchingBandBaselineStandardisedFlux,138,0.7666666666666667,2.510582139,1.625364964,-0.8852171749999997,0.7112169107,0.6321928095,-0.07902410120000003,10.526946781481934,7.990661501709113,-2.5362852797728213,0.0,1.0,0.0,1.0,0.0,1.0,Script18_MatchingBand_L2_BaselineStandardised,Script18_MatchingBand_L2_BaselineStandardised,True,False,Theta
POW_Band_MatchingBandBaselineStandardisedFlux,139,0.7722222222222223,2.687867781,2.643516816,-0.04435096500000002,0.5531687083,0.6321928095,0.07902410120000003,8.725531061588018,12.29476678186448,3.5692357202764615,0.0,1.0,0.0,1.0,0.0,1.0,Script18_MatchingBand_L2_BaselineStandardised,Script18_MatchingBand_L2_BaselineStandardised,True,False,Theta
POW_Band_MatchingBandBaselineStandardisedFlux,140,0.7777777777777778,2.982682157,2.102690876,-0.8799912810000001,0.7112169107,0.6321928095,-0.07902410120000003,11.243270743772499,9.880971228234579,-1.36229951553792,0.0,1.0,0.0,1.0,0.0,1.0,Script18_MatchingBand_L2_BaselineStandardised,Script18_MatchingBand_L2_BaselineStandardised,True,False,Theta
POW_Band_MatchingBandBaselineStandardisedFlux,141,0.7833333333333333,3.080113397,2.584086589,-0.4960268079999999,0.6321928095,0.6321928095,0.0,14.315838091790226,12.148295245270168,-2.1675428465200586,0.0,1.0,0.0,1.0,0.0,1.0,Script18_MatchingBand_L2_BaselineStandardised,Script18_MatchingBand_L2_BaselineStandardised,True,False,Theta
POW_Band_MatchingBandBaselineStandardisedFlux,142,0.788888888888889,2.510832568000005,1.5743724880000258,-0.9364600799999792,0.5531687083000031,0.7902410118999952,0.2370723035999921,8.847006527320971,8.336479644123697,-0.510526883197274,0.0,1.0,0.0,1.0,0.0,1.0,Script18_MatchingBand_L2_BaselineStandardised,Script18_MatchingBand_L2_BaselineStandardised,True,False,Theta
POW_Band_MatchingBandBaselineStandardisedFlux,143,0.7944444444444445,2.7571543639999927,2.862089428999985,0.10493506499999228,0.7112169107000016,0.5531687082999984,-0.15804820240000317,9.602367698125276,12.83927241609358,3.2369047179683044,0.0,1.0,0.0,1.0,0.0,1.0,Script18_MatchingBand_L2_BaselineStandardised,Script18_MatchingBand_L2_BaselineStandardised,True,False,Theta
POW_Band_MatchingBandBaselineStandardisedFlux,144,0.8,2.407131704,2.116437379,-0.29069432500000003,0.7902410119,0.4741446071,-0.31609640479999995,11.867516661640781,7.673484652638294,-4.194032009002488,0.0,1.0,0.0,1.0,0.0,1.0,Script18_MatchingBand_L2_BaselineStandardised,Script18_MatchingBand_L2_BaselineStandardised,True,False,Theta
POW_Band_MatchingBandBaselineStandardisedFlux,145,0.8055555555555556,2.938800439,1.914418431,-1.024382008,0.6321928095,0.7112169107,0.07902410120000003,13.67139325189904,6.710823302013371,-6.960569949885669,0.0,1.0,0.0,1.0,0.0,1.0,Script18_MatchingBand_L2_BaselineStandardised,Script18_MatchingBand_L2_BaselineStandardised,True,False,Theta
POW_Band_MatchingBandBaselineStandardisedFlux,146,0.8111111111111111,2.408276882,1.745250533,-0.6630263489999999,0.7112169107,0.5531687083,-0.15804820240000006,10.514051680749855,7.525314680368012,-2.9887370003818425,0.0,1.0,0.0,1.0,0.0,1.0,Script18_MatchingBand_L2_BaselineStandardised,Script18_MatchingBand_L2_BaselineStandardised,True,False,Theta
POW_Band_MatchingBandBaselineStandardisedFlux,147,0.8166666666666667,2.812134949,2.113512095,-0.6986228539999999,0.5531687083,0.7112169107,0.15804820240000006,15.98027164654827,8.142339248174274,-7.8379323983739955,0.0,1.0,0.0,1.0,0.0,1.0,Script18_MatchingBand_L2_BaselineStandardised,Script18_MatchingBand_L2_BaselineStandardised,True,False,Theta
POW_Band_MatchingBandBaselineStandardisedFlux,148,0.8222222222222223,3.6684692609999696,2.4450378169999905,-1.2234314439999792,0.5531687083000048,0.7112169107000031,0.1580482023999984,25.47130094671523,9.928948145599092,-15.542352801116136,0.0,1.0,0.0,1.0,0.0,1.0,Script18_MatchingBand_L2_BaselineStandardised,Script18_MatchingBand_L2_BaselineStandardised,True,False,Theta
POW_Band_MatchingBandBaselineStandardisedFlux,149,0.8277777777777778,2.1654072000000055,1.9878504980000142,-0.1775567019999913,0.7902410118999968,0.8692651129999921,0.07902410109999525,9.257159398120368,9.129647044729447,-0.12751235339092126,0.0,1.0,0.0,1.0,0.0,1.0,Script18_MatchingBand_L2_BaselineStandardised,Script18_MatchingBand_L2_BaselineStandardised,True,False,Theta
POW_Band_MatchingBandBaselineStandardisedFlux,150,0.8333333333333334,2.426782875,2.695563524,0.2687806490000004,0.6321928095,0.4741446071,-0.1580482024,11.688834495299913,10.133213075106713,-1.5556214201931997,0.0,1.0,0.0,1.0,0.0,1.0,Script18_MatchingBand_L2_BaselineStandardised,Script18_MatchingBand_L2_BaselineStandardised,True,False,Theta
POW_Band_MatchingBandBaselineStandardisedFlux,151,0.8388888888888889,1.874145906,2.28895902,0.414813114,0.7112169107,0.6321928095,-0.07902410120000003,7.183902397096027,8.95191396253269,1.7680115654366624,0.0,1.0,0.0,1.0,0.0,1.0,Script18_MatchingBand_L2_BaselineStandardised,Script18_MatchingBand_L2_BaselineStandardised,True,False,Theta
POW_Band_MatchingBandBaselineStandardisedFlux,152,0.8444444444444444,2.56146528,1.955390745,-0.6060745350000001,0.5531687083,0.7112169107,0.15804820240000006,8.646693758238014,7.732262468220347,-0.9144312900176663,0.0,1.0,0.0,1.0,0.0,1.0,Script18_MatchingBand_L2_BaselineStandardised,Script18_MatchingBand_L2_BaselineStandardised,True,False,Theta
POW_Band_MatchingBandBaselineStandardisedFlux,153,0.85,2.293632644,1.360964047,-0.9326685970000002,0.4741446071,0.5531687083,0.07902410119999997,8.472865048301859,6.180772810280067,-2.292092238021792,0.0,1.0,0.0,1.0,0.0,1.0,Script18_MatchingBand_L2_BaselineStandardised,Script18_MatchingBand_L2_BaselineStandardised,True,False,Theta
POW_Band_MatchingBandBaselineStandardisedFlux,154,0.8555555555555556,2.330464323000004,2.3771689099999946,0.04670458699999047,0.47414460710000156,0.5531687083000015,0.07902410119999997,7.994984112233651,9.904202784162777,1.9092186719291258,0.0,1.0,0.0,1.0,0.0,1.0,Script18_MatchingBand_L2_BaselineStandardised,Script18_MatchingBand_L2_BaselineStandardised,True,False,Theta
POW_Band_MatchingBandBaselineStandardisedFlux,155,0.8611111111111112,2.525524394,2.118352106,-0.40717228799999994,0.5531687083,0.6321928095,0.07902410120000003,12.408165560834501,6.33280529476237,-6.075360266072131,0.0,1.0,0.0,1.0,0.0,1.0,Script18_MatchingBand_L2_BaselineStandardised,Script18_MatchingBand_L2_BaselineStandardised,True,False,Theta
POW_Band_MatchingBandBaselineStandardisedFlux,156,0.8666666666666667,2.106347291,2.172295299,0.06594800799999989,0.6321928095,0.6321928095,0.0,8.409431620917658,8.294987724184704,-0.11444389673295419,0.0,1.0,0.0,1.0,0.0,1.0,Script18_MatchingBand_L2_BaselineStandardised,Script18_MatchingBand_L2_BaselineStandardised,True,False,Theta
POW_Band_MatchingBandBaselineStandardisedFlux,157,0.8722222222222222,2.468125102,1.587151472,-0.8809736300000002,0.5531687083,0.5531687083,0.0,7.9778114213691484,6.446917842803725,-1.5308935785654239,0.0,1.0,0.0,1.0,0.0,1.0,Script18_MatchingBand_L2_BaselineStandardised,Script18_MatchingBand_L2_BaselineStandardised,True,False,Theta
POW_Band_MatchingBandBaselineStandardisedFlux,158,0.8777777777777778,2.818479778,2.375404066,-0.44307571199999973,0.6321928095,0.7826975312,0.15050472169999995,12.731066037086975,7.706895900501052,-5.024170136585924,0.0,1.0,0.0,1.0,0.0,1.0,Script18_MatchingBand_L2_BaselineStandardised,Script18_MatchingBand_L2_BaselineStandardised,True,False,Theta
POW_Band_MatchingBandBaselineStandardisedFlux,159,0.8833333333333334,3.1292268089999773,1.6836677080000126,-1.4455591009999647,0.6321928094999983,0.7902410118999952,0.15804820239999684,14.348937895015741,4.650125745299487,-9.698812149716254,0.0,1.0,0.0,1.0,0.0,1.0,Script18_MatchingBand_L2_BaselineStandardised,Script18_MatchingBand_L2_BaselineStandardised,True,False,Theta
POW_Band_MatchingBandBaselineStandardisedFlux,160,0.888888888888889,1.9918752390000138,2.3185013139999864,0.32662607499997254,0.5478882719000017,0.5531687083000015,0.005280436399999866,9.563330288762325,5.929124390294055,-3.63420589846827,0.0,1.0,0.0,1.0,0.0,1.0,Script18_MatchingBand_L2_BaselineStandardised,Script18_MatchingBand_L2_BaselineStandardised,True,False,Theta
POW_Band_MatchingBandBaselineStandardisedFlux,161,0.8944444444444445,2.684529936,1.620613825,-1.0639161110000002,0.6321928095,0.6321928095,0.0,10.16494633402958,6.756205382409764,-3.4087409516198157,0.0,1.0,0.0,1.0,0.0,1.0,Script18_MatchingBand_L2_BaselineStandardised,Script18_MatchingBand_L2_BaselineStandardised,True,False,Theta
POW_Band_MatchingBandBaselineStandardisedFlux,162,0.9,2.838943842,1.878596324,-0.9603475179999998,0.5531687083,0.4741446071,-0.07902410119999997,11.956348673103179,6.890213097961997,-5.066135575141182,0.0,1.0,0.0,1.0,0.0,1.0,Script18_MatchingBand_L2_BaselineStandardised,Script18_MatchingBand_L2_BaselineStandardised,True,False,Theta
POW_Band_MatchingBandBaselineStandardisedFlux,163,0.9055555555555556,2.005230047,1.740035451,-0.26519459599999995,0.6321928095,0.6321928095,0.0,8.020961251485101,8.807991589496623,0.7870303380115224,0.0,1.0,0.0,1.0,0.0,1.0,Script18_MatchingBand_L2_BaselineStandardised,Script18_MatchingBand_L2_BaselineStandardised,True,False,Theta
POW_Band_MatchingBandBaselineStandardisedFlux,164,0.9111111111111111,2.17295844,1.918613927,-0.25434451299999994,0.6321928095,0.7112169107,0.07902410120000003,9.723217051077919,8.259559383346886,-1.4636576677310327,0.0,1.0,0.0,1.0,0.0,1.0,Script18_MatchingBand_L2_BaselineStandardised,Script18_MatchingBand_L2_BaselineStandardised,True,False,Theta
POW_Band_MatchingBandBaselineStandardisedFlux,165,0.9166666666666667,2.4863963099999964,1.5478679370000044,-0.938528372999992,0.6321928095,0.7112169106999985,0.07902410119999848,9.332583175033255,9.183460516561453,-0.14912265847180173,0.0,1.0,0.0,1.0,0.0,1.0,Script18_MatchingBand_L2_BaselineStandardised,Script18_MatchingBand_L2_BaselineStandardised,True,False,Theta
POW_Band_MatchingBandBaselineStandardisedFlux,166,0.9222222222222223,2.303512564,1.77144893,-0.532063634,0.6321928095,0.6321928095,0.0,10.352920974515431,7.951909949401525,-2.401011025113906,0.0,1.0,0.0,1.0,0.0,1.0,Script18_MatchingBand_L2_BaselineStandardised,Script18_MatchingBand_L2_BaselineStandardised,True,False,Theta
POW_Band_MatchingBandBaselineStandardisedFlux,167,0.9277777777777778,2.901299878,2.339032339,-0.562267539,0.7112169107,0.869265113,0.15804820229999994,13.186185864662939,11.494392407450725,-1.6917934572122135,0.0,1.0,0.0,1.0,0.0,1.0,Script18_MatchingBand_L2_BaselineStandardised,Script18_MatchingBand_L2_BaselineStandardised,True,False,Theta
POW_Band_MatchingBandBaselineStandardisedFlux,168,0.9333333333333333,2.520157311,2.257242456,-0.262914855,0.6321928095,0.6321928095,0.0,14.010363762326117,9.521418542234517,-4.488945220091599,0.0,1.0,0.0,1.0,0.0,1.0,Script18_MatchingBand_L2_BaselineStandardised,Script18_MatchingBand_L2_BaselineStandardised,True,False,Theta
POW_Band_MatchingBandBaselineStandardisedFlux,169,0.9388888888888889,2.086202629,2.161090913,0.07488828399999958,0.5531687083,0.6321928095,0.07902410120000003,7.983300301468308,11.107510101828089,3.1242098003597807,0.0,1.0,0.0,1.0,0.0,1.0,Script18_MatchingBand_L2_BaselineStandardised,Script18_MatchingBand_L2_BaselineStandardised,True,False,Theta
POW_Band_MatchingBandBaselineStandardisedFlux,170,0.9444444444444445,1.8399641070000157,2.0744871119999924,0.2345230049999767,0.7902410118999968,0.4741446071000047,-0.3160964047999921,9.96086847640382,8.224411839066208,-1.7364566373376107,0.0,1.0,0.0,1.0,0.0,1.0,Script18_MatchingBand_L2_BaselineStandardised,Script18_MatchingBand_L2_BaselineStandardised,True,False,Theta
POW_Band_MatchingBandBaselineStandardisedFlux,171,0.9500000000000001,2.633164982999987,1.6869890280000115,-0.9461759549999755,0.6321928094999985,0.7112169107,0.07902410120000158,8.617243300759565,8.119604790954046,-0.49763850980551894,0.0,1.0,0.0,1.0,0.0,1.0,Script18_MatchingBand_L2_BaselineStandardised,Script18_MatchingBand_L2_BaselineStandardised,True,False,Theta
POW_Band_MatchingBandBaselineStandardisedFlux,172,0.9555555555555556,1.996821914,2.26098071,0.26415879600000003,0.5531687083,0.7112169107,0.15804820240000006,9.307646413451117,9.03093756012354,-0.2767088533275768,0.0,1.0,0.0,1.0,0.0,1.0,Script18_MatchingBand_L2_BaselineStandardised,Script18_MatchingBand_L2_BaselineStandardised,True,False,Theta
POW_Band_MatchingBandBaselineStandardisedFlux,173,0.9611111111111111,2.225157039,1.896348574,-0.32880846500000005,0.6321928095,0.6321928095,0.0,13.074902942741915,7.796083498500963,-5.278819444240952,0.0,1.0,0.0,1.0,0.0,1.0,Script18_MatchingBand_L2_BaselineStandardised,Script18_MatchingBand_L2_BaselineStandardised,True,False,Theta
POW_Band_MatchingBandBaselineStandardisedFlux,174,0.9666666666666667,2.422240195,1.842139246,-0.5801009490000002,0.7112169107,0.5531687083,-0.15804820240000006,11.36954694870925,8.118788684657169,-3.250758264052081,0.0,1.0,0.0,1.0,0.0,1.0,Script18_MatchingBand_L2_BaselineStandardised,Script18_MatchingBand_L2_BaselineStandardised,True,False,Theta
POW_Band_MatchingBandBaselineStandardisedFlux,175,0.9722222222222222,2.021189854,1.818995594,-0.20219426000000018,0.5531687083,0.7112169107,0.15804820240000006,8.511995045712261,8.478320286263743,-0.03367475944851783,0.0,1.0,0.0,1.0,0.0,1.0,Script18_MatchingBand_L2_BaselineStandardised,Script18_MatchingBand_L2_BaselineStandardised,True,False,Theta
POW_Band_MatchingBandBaselineStandardisedFlux,176,0.9777777777777779,2.296680527000005,2.4036639109999993,0.10698338399999452,0.5531687083000015,0.5531687083000048,3.219646771412954e-15,12.913893037912667,7.148028289338223,-5.765864748574444,0.0,1.0,0.0,1.0,0.0,1.0,Script18_MatchingBand_L2_BaselineStandardised,Script18_MatchingBand_L2_BaselineStandardised,True,False,Theta
POW_Band_MatchingBandBaselineStandardisedFlux,177,0.9833333333333334,2.531493625999988,2.367457673999996,-0.16403595199999188,0.6321928094999985,0.7902410118999984,0.15804820239999995,8.591158713975922,8.622407007401172,0.03124829342525004,0.0,1.0,0.0,1.0,0.0,1.0,Script18_MatchingBand_L2_BaselineStandardised,Script18_MatchingBand_L2_BaselineStandardised,True,False,Theta
POW_Band_MatchingBandBaselineStandardisedFlux,178,0.9888888888888889,1.920540247,2.176752834,0.25621258700000027,0.5531687083,0.7112169107,0.15804820240000006,8.597056701811386,8.088348580501956,-0.5087081213094304,0.0,1.0,0.0,1.0,0.0,1.0,Script18_MatchingBand_L2_BaselineStandardised,Script18_MatchingBand_L2_BaselineStandardised,True,False,Theta
POW_Band_MatchingBandBaselineStandardisedFlux,179,0.9944444444444445,2.656702189,2.08148673,-0.5752154590000003,0.6321928095,0.5531687083,-0.07902410120000003,17.426961727067948,6.5721576169416736,-10.854804110126274,0.0,1.0,0.0,1.0,0.0,1.0,Script18_MatchingBand_L2_BaselineStandardised,Script18_MatchingBand_L2_BaselineStandardised,True,False,Theta
POW_Band_MatchingBandBaselineStandardisedFlux,180,1.0,2.944952035,2.416419882,-0.528532153,0.3951205059,0.5531687083,0.1580482024,12.784850798389567,8.696139647037516,-4.088711151352051,0.0,1.0,0.0,1.0,0.0,1.0,Script18_MatchingBand_L2_BaselineStandardised,Script18_MatchingBand_L2_BaselineStandardised,True,False,Theta
